sample,decay,suu_mass,chi_mass,th_code,pt_cut,ak_radius,ca_radius,filename,status,error,n_events,n_valid_events,reconstruction_efficiency,reconstruction_efficiency_err,f_low_event,f_low_event_err,f_low_chi,f_peak_chi,f_peak_event_both,f_peak_event_both_all,off_peak_event_fraction,off_peak_event_fraction_err,median_mass,q16_mass,q84_mass,median_mass_response,q16_mass_response,q84_mass_response,robust_resolution,median_mass_asymmetry,balanced_score
WbHt_4000_1000,WbHt,4000,1000,85,100,0.6,0.4,/eos/uscms/store/user/aji/rootfiles_existingOptimization/WbHt_4000_1000_pt100_ak6_ca4_th85.root,ok,,1000,1000,1.0,0.0,0.015,0.003843826218756514,0.009,0.692,0.649,0.649,0.351,0.015093011627902497,1035.6475988433751,870.1950838892736,1483.3934738414887,1.035647598843375,0.8701950838892736,1.4833934738414887,0.296045870543727,0.0008506501711672526,0.6506106304280646
WbHt_4000_1000,WbHt,4000,1000,85,120,0.6,0.4,/eos/uscms/store/user/aji/rootfiles_existingOptimization/WbHt_4000_1000_pt120_ak6_ca4_th85.root,ok,,1000,1000,1.0,0.0,0.024,0.004839834707921336,0.0145,0.7045,0.643,0.643,0.357,0.015150940564862632,1005.6667493037075,831.9793067893287,1424.0069183271876,1.0056667493037077,0.8319793067893286,1.4240069183271875,0.2943458217882615,0.0034955331238117377,0.6519124967186323
WbHt_4000_1000,WbHt,4000,1000,85,140,0.6,0.4,/eos/uscms/store/user/aji/rootfiles_existingOptimization/WbHt_4000_1000_pt140_ak6_ca4_th85.root,ok,,1000,1000,1.0,0.0,0.038,0.006046155803483731,0.024,0.685,0.605,0.605,0.395,0.015458816254810716,982.3195784760844,775.6220864442361,1384.853342605639,0.9823195784760843,0.775622086444236,1.384853342605639,0.31009829667984956,0.012725267009155652,0.7068663388322411
WbHt_4000_1000,WbHt,4000,1000,85,140,0.8,0.6,/eos/uscms/store/user/aji/rootfiles_existingOptimization/WbHt_4000_1000_pt140_ak8_ca6_th85.root,ok,,1000,1000,1.0,0.0,0.046,0.006624499981130651,0.0255,0.6425,0.563,0.563,0.43700000000000006,0.01568537535413163,1059.5623263887735,883.566276663957,1561.977163447794,1.0595623263887735,0.8835662766639569,1.5619771634477941,0.32013731985734806,0.015638857019318768,0.7630935524962255
WbHt_4000_1000,WbHt,4000,1000,85,120,0.8,0.6,/eos/uscms/store/user/aji/rootfiles_existingOptimization/WbHt_4000_1000_pt120_ak8_ca6_th85.root,ok,,1000,1000,1.0,0.0,0.026,0.0050322956987840055,0.015,0.626,0.561,0.561,0.43899999999999995,0.015693278816104682,1096.969134034116,918.0479381650113,1608.0494452435835,1.096969134034116,0.9180479381650114,1.6080494452435836,0.3145036107538797,0.010907132768754189,0.7632005241572912
WbHt_4000_1000,WbHt,4000,1000,85,160,0.8,0.6,/eos/uscms/store/user/aji/rootfiles_existingOptimization/WbHt_4000_1000_pt160_ak8_ca6_th85.root,ok,,1000,1000,1.0,0.0,0.061,0.0075682891065286355,0.0355,0.6495,0.55,0.55,0.44999999999999996,0.015732132722552274,1042.7852107417934,846.6832271692607,1501.2662753332515,1.0427852107417932,0.8466832271692607,1.5012662753332515,0.3138628364792152,0.0214811421232253,0.7681413575533944
WbHt_4000_1000,WbHt,4000,1000,85,160,0.6,0.4,/eos/uscms/store/user/aji/rootfiles_existingOptimization/WbHt_4000_1000_pt160_ak6_ca4_th85.root,ok,,1000,1000,1.0,0.0,0.06,0.007509993342207435,0.0405,0.6685,0.563,0.563,0.43700000000000006,0.01568537535413163,963.3418306506853,715.1713610548798,1347.4011047772408,0.9633418306506853,0.7151713610548797,1.347401104777241,0.32814403133274317,0.023838564903545408,0.7688098482676746
WbHt_4000_1000,WbHt,4000,1000,85,180,0.8,0.6,/eos/uscms/store/user/aji/rootfiles_existingOptimization/WbHt_4000_1000_pt180_ak8_ca6_th85.root,ok,,1000,1000,1.0,0.0,0.079,0.008529888627643388,0.047,0.645,0.529,0.529,0.471,0.01578477114183161,1030.646002115631,792.2621410509347,1460.209764841045,1.0306460021156312,0.7922621410509347,1.460209764841045,0.3240431837988012,0.030279344946281785,0.7981077840103643
WbHt_4000_1000,WbHt,4000,1000,85,100,0.6,1.4,/eos/uscms/store/user/aji/rootfiles_existingOptimization/WbHt_4000_1000_pt100_ak6_ca14_th85.root,ok,,1000,1000,1.0,0.0,0.138,0.01090669519148674,0.0705,0.682,0.513,0.513,0.487,0.015806043148112688,974.7481656754794,745.4886665959017,1355.0696839309542,0.9747481656754793,0.7454886665959017,1.3550696839309544,0.312686414194289,0.11390871725409758,0.802211597626741
WbHt_4000_1000,WbHt,4000,1000,85,100,0.6,1.2,/eos/uscms/store/user/aji/rootfiles_existingOptimization/WbHt_4000_1000_pt100_ak6_ca12_th85.root,ok,,1000,1000,1.0,0.0,0.116,0.010126401137620413,0.0595,0.67,0.518,0.518,0.482,0.01580113919943749,987.8253060859217,778.1948446960162,1428.5962929590805,0.9878253060859218,0.7781948446960162,1.4285962929590805,0.32920873977209686,0.09636221689264732,0.8124262091635046
WbHt_4000_1000,WbHt,4000,1000,85,100,0.6,0.6,/eos/uscms/store/user/aji/rootfiles_existingOptimization/WbHt_4000_1000_pt100_ak6_ca6_th85.root,ok,,1000,1000,1.0,0.0,0.071,0.008121514637061242,0.037,0.643,0.542,0.542,0.45799999999999996,0.015755506973753653,1020.3848112110309,833.2944659520946,1553.9090530224535,1.0203848112110308,0.8332944659520946,1.5539090530224535,0.35310922857382926,0.05685426906976167,0.8131477096949322
WbHt_4000_1000,WbHt,4000,1000,85,100,0.8,0.6,/eos/uscms/store/user/aji/rootfiles_existingOptimization/WbHt_4000_1000_pt100_ak8_ca6_th85.root,ok,,1000,1000,1.0,0.0,0.012,0.003443254274665175,0.0065,0.5865,0.541,0.541,0.45899999999999996,0.015758140753274162,1159.1387150997562,947.3849543995192,1732.7642181136714,1.1591387150997563,0.9473849543995192,1.7327642181136713,0.3387770822780955,0.0040830295137779995,0.8136909537880711
WbHt_4000_1000,WbHt,4000,1000,85,200,0.8,0.6,/eos/uscms/store/user/aji/rootfiles_existingOptimization/WbHt_4000_1000_pt200_ak8_ca6_th85.root,ok,,1000,1000,1.0,0.0,0.094,0.009228434320078352,0.0595,0.6445,0.519,0.519,0.481,0.01579996835439869,1018.9380608441949,732.9254456455096,1409.3007199564324,1.018938060844195,0.7329254456455097,1.4093007199564322,0.3319020558278795,0.036434007357579956,0.814795861912299
WbHt_4000_1000,WbHt,4000,1000,85,100,0.6,1.6,/eos/uscms/store/user/aji/rootfiles_existingOptimization/WbHt_4000_1000_pt100_ak6_ca16_th85.root,ok,,1000,1000,1.0,0.0,0.16,0.01159310139695155,0.0815,0.677,0.499,0.499,0.501,0.015811356678033673,968.2079859520711,715.989692505045,1332.5554971289137,0.9682079859520711,0.715989692505045,1.3325554971289137,0.31840565951208255,0.1268847721251002,0.8225848609168754
WbHt_4000_1000,WbHt,4000,1000,85,200,1.0,0.8,/eos/uscms/store/user/aji/rootfiles_existingOptimization/WbHt_4000_1000_pt200_ak10_ca8_th85.root,ok,,1000,1000,1.0,0.0,0.046,0.006624499981130651,0.026,0.6155,0.497,0.497,0.503,0.01581110369329099,1106.8335547079,871.7342166551856,1555.8486783761725,1.1068335547079,0.8717342166551856,1.5558486783761725,0.30904125503383784,0.03635776036687485,0.8227246105046279
WbHt_4000_1000,WbHt,4000,1000,85,160,1.0,0.8,/eos/uscms/store/user/aji/rootfiles_existingOptimization/WbHt_4000_1000_pt160_ak10_ca8_th85.root,ok,,1000,1000,1.0,0.0,0.023,0.004740358636221525,0.013,0.6015,0.512,0.512,0.488,0.01580683396509244,1140.3290280811052,948.6181933394803,1681.2674500809064,1.1403290280811054,0.9486181933394804,1.6812674500809064,0.3212446753084482,0.02130885811757193,0.8232775781165587
WbHt_4000_1000,WbHt,4000,1000,85,140,0.8,1.4,/eos/uscms/store/user/aji/rootfiles_existingOptimization/WbHt_4000_1000_pt140_ak8_ca14_th85.root,ok,,1000,1000,1.0,0.0,0.173,0.011961229033840962,0.089,0.655,0.487,0.487,0.513,0.015806043148112688,1014.9160351858621,768.4291905144133,1414.5288875840815,1.0149160351858622,0.7684291905144134,1.4145288875840816,0.31830204404611045,0.11329321891524181,0.8327936475646966
WbHt_4000_1000,WbHt,4000,1000,85,100,0.6,0.8,/eos/uscms/store/user/aji/rootfiles_existingOptimization/WbHt_4000_1000_pt100_ak6_ca8_th85.root,ok,,1000,1000,1.0,0.0,0.083,0.008724161850859944,0.043,0.6415,0.531,0.531,0.469,0.01578096955196353,1014.7020250020437,818.9189170564017,1557.6598382271914,1.0147020250020438,0.8189189170564017,1.5576598382271916,0.36401864930214456,0.06605647729888625,0.8344888518023489
WbHt_4000_1000,WbHt,4000,1000,85,120,0.8,1.4,/eos/uscms/store/user/aji/rootfiles_existingOptimization/WbHt_4000_1000_pt120_ak8_ca14_th85.root,ok,,1000,1000,1.0,0.0,0.131,0.010669536072388528,0.0675,0.6475,0.487,0.487,0.513,0.015806043148112688,1034.6057310643941,815.8215253186484,1474.6313505221515,1.034605731064394,0.8158215253186483,1.4746313505221513,0.3183869011269273,0.10664439337848668,0.8348474742333667
WbHt_4000_1000,WbHt,4000,1000,85,100,0.4,0.4,/eos/uscms/store/user/aji/rootfiles_existingOptimization/WbHt_4000_1000_pt100_ak4_ca4_th85.root,ok,,1000,1000,1.0,0.0,0.11,0.009894442884771228,0.0575,0.6525,0.529,0.529,0.471,0.01578477114183161,947.8681243007877,738.1175549143093,1419.539496380706,0.9478681243007876,0.7381175549143092,1.4195394963807058,0.3594497609934188,0.05823014708529664,0.83566294856334
WbHt_4000_1000,WbHt,4000,1000,85,180,1.0,0.8,/eos/uscms/store/user/aji/rootfiles_existingOptimization/WbHt_4000_1000_pt180_ak10_ca8_th85.root,ok,,1000,1000,1.0,0.0,0.04,0.0061967733539318665,0.023,0.6025,0.496,0.496,0.504,0.01581088232832058,1123.6482575383498,915.462727349594,1635.1329509800967,1.1236482575383495,0.915462727349594,1.6351329509800967,0.3202382145846654,0.029054637802578363,0.8366030403385003
WbHt_4000_1000,WbHt,4000,1000,85,180,0.6,0.4,/eos/uscms/store/user/aji/rootfiles_existingOptimization/WbHt_4000_1000_pt180_ak6_ca4_th85.root,ok,,1000,1000,1.0,0.0,0.084,0.008771772910877254,0.059,0.6495,0.521,0.521,0.479,0.015797436500901024,946.5022906611326,631.1250842662624,1302.093809426221,0.9465022906611327,0.6311250842662625,1.302093809426221,0.35444643493217876,0.036089942376205726,0.8387962058660654
WbHt_4000_1000,WbHt,4000,1000,85,120,0.6,1.4,/eos/uscms/store/user/aji/rootfiles_existingOptimization/WbHt_4000_1000_pt120_ak6_ca14_th85.root,ok,,1000,1000,1.0,0.0,0.188,0.012355403676124872,0.0965,0.672,0.491,0.491,0.509,0.015808826648426505,955.4669276285933,671.0059557917835,1295.519720059989,0.9554669276285934,0.6710059557917836,1.2955197200599888,0.3268107697972381,0.12767437172637724,0.8402640770343788
WbHt_4000_1000,WbHt,4000,1000,85,120,0.6,0.6,/eos/uscms/store/user/aji/rootfiles_existingOptimization/WbHt_4000_1000_pt120_ak6_ca6_th85.root,ok,,1000,1000,1.0,0.0,0.118,0.01020176455325254,0.0615,0.6505,0.525,0.525,0.475,0.015791611697353755,990.2453076681938,788.3475373760582,1510.1710657021376,0.9902453076681939,0.7883475373760582,1.5101710657021377,0.3644670278851471,0.07001972831689948,0.8404424971183277
WbHt_4000_1000,WbHt,4000,1000,85,220,1.0,0.8,/eos/uscms/store/user/aji/rootfiles_existingOptimization/WbHt_4000_1000_pt220_ak10_ca8_th85.root,ok,,1000,1000,1.0,0.0,0.06,0.007509993342207435,0.0345,0.617,0.493,0.493,0.507,0.015809838708854686,1093.1492602793896,795.7032761075355,1508.0952089984064,1.0931492602793895,0.7957032761075356,1.5080952089984063,0.3258438526083785,0.04196429938991961,0.8421587786363174
WbHt_4000_1000,WbHt,4000,1000,85,120,0.6,1.2,/eos/uscms/store/user/aji/rootfiles_existingOptimization/WbHt_4000_1000_pt120_ak6_ca12_th85.root,ok,,1000,1000,1.0,0.0,0.164,0.011709141727727102,0.0845,0.665,0.497,0.497,0.503,0.01581110369329099,964.5875572588566,714.8557772889138,1363.3754328856176,0.9645875572588566,0.7148557772889138,1.3633754328856176,0.3361642241372325,0.10978905901088984,0.8427054684113469
WbHt_4000_1000,WbHt,4000,1000,85,140,0.8,1.2,/eos/uscms/store/user/aji/rootfiles_existingOptimization/WbHt_4000_1000_pt140_ak8_ca12_th85.root,ok,,1000,1000,1.0,0.0,0.157,0.01150439046625244,0.081,0.6355,0.484,0.484,0.516,0.015803290796539814,1031.3619721584387,803.7291680064659,1485.9779236989207,1.0313619721584386,0.8037291680064659,1.4859779236989206,0.33075136281428025,0.09509321711130599,0.8498875600301241
WbHt_4000_1000,WbHt,4000,1000,85,140,1.0,0.8,/eos/uscms/store/user/aji/rootfiles_existingOptimization/WbHt_4000_1000_pt140_ak10_ca8_th85.root,ok,,1000,1000,1.0,0.0,0.018,0.004204283529925164,0.01,0.5785,0.504,0.504,0.496,0.01581088232832058,1171.599148453482,971.5584543848162,1761.9769214067117,1.171599148453482,0.9715584543848161,1.7619769214067116,0.3373246165573151,0.01853043091796162,0.8504845314026632
WbHt_4000_1000,WbHt,4000,1000,85,160,0.8,1.4,/eos/uscms/store/user/aji/rootfiles_existingOptimization/WbHt_4000_1000_pt160_ak8_ca14_th85.root,ok,,1000,1000,1.0,0.0,0.222,0.013142145943490356,0.116,0.656,0.474,0.474,0.526,0.01578999683343857,1004.1772478384553,685.887953677942,1343.36615404285,1.0041772478384554,0.685887953677942,1.34336615404285,0.32737158792442506,0.1242937382643077,0.8537893127082705
WbHt_4000_1000,WbHt,4000,1000,85,100,0.4,0.6,/eos/uscms/store/user/aji/rootfiles_existingOptimization/WbHt_4000_1000_pt100_ak4_ca6_th85.root,ok,,1000,1000,1.0,0.0,0.126,0.010493998284733994,0.0655,0.655,0.518,0.518,0.482,0.01580113919943749,938.9612048072745,729.866092098186,1417.8936864730724,0.9389612048072745,0.729866092098186,1.4178936864730725,0.3663770083643162,0.07025152297704013,0.8544808878835888
WbHt_4000_1000,WbHt,4000,1000,85,120,0.8,1.2,/eos/uscms/store/user/aji/rootfiles_existingOptimization/WbHt_4000_1000_pt120_ak8_ca12_th85.root,ok,,1000,1000,1.0,0.0,0.11,0.009894442884771228,0.057,0.625,0.487,0.487,0.513,0.015806043148112688,1050.7107765948651,840.802027961389,1555.8490921987734,1.0507107765948651,0.8408020279613889,1.5558490921987733,0.34026826419098083,0.08636329551118818,0.8583393418504675
WbHt_4000_1000,WbHt,4000,1000,85,100,0.4,1.2,/eos/uscms/store/user/aji/rootfiles_existingOptimization/WbHt_4000_1000_pt100_ak4_ca12_th85.root,ok,,1000,1000,1.0,0.0,0.176,0.012042591083317577,0.0905,0.665,0.483,0.483,0.517,0.01580224667571039,914.4587648868426,650.294251509706,1260.351564362682,0.9144587648868425,0.6502942515097061,1.260351564362682,0.3335619583286874,0.11327102097049785,0.8591160818400032
WbHt_4000_1000,WbHt,4000,1000,85,160,1.0,1.4,/eos/uscms/store/user/aji/rootfiles_existingOptimization/WbHt_4000_1000_pt160_ak10_ca14_th85.root,ok,,1000,1000,1.0,0.0,0.107,0.009775019181566858,0.0555,0.6225,0.449,0.449,0.5509999999999999,0.015728922404284407,1098.1430662672506,877.2899284827147,1540.0798673772488,1.0981430662672507,0.8772899284827146,1.540079867377249,0.30177759130577336,0.09905799519806865,0.8625918979324985
WbHt_4000_1000,WbHt,4000,1000,85,120,0.6,0.8,/eos/uscms/store/user/aji/rootfiles_existingOptimization/WbHt_4000_1000_pt120_ak6_ca8_th85.root,ok,,1000,1000,1.0,0.0,0.131,0.010669536072388528,0.068,0.648,0.516,0.516,0.484,0.015803290796539814,986.4002953086292,778.5145279661273,1524.7122628455868,0.9864002953086293,0.7785145279661273,1.5247122628455867,0.37824285861856205,0.07872219589739203,0.8636028290876991
WbHt_4000_1000,WbHt,4000,1000,85,120,0.8,0.8,/eos/uscms/store/user/aji/rootfiles_existingOptimization/WbHt_4000_1000_pt120_ak8_ca8_th85.root,ok,,1000,1000,1.0,0.0,0.085,0.008819013550278738,0.0445,0.6045,0.504,0.504,0.496,0.01581088232832058,1073.4672870892507,885.0102758929374,1660.3796982462702,1.0734672870892505,0.8850102758929375,1.6603796982462702,0.3611518635354869,0.06301084306575694,0.864498592244412
WbHt_4000_1000,WbHt,4000,1000,85,120,0.8,1.6,/eos/uscms/store/user/aji/rootfiles_existingOptimization/WbHt_4000_1000_pt120_ak8_ca16_th85.root,ok,,1000,1000,1.0,0.0,0.15,0.011291589790636216,0.077,0.638,0.467,0.467,0.5329999999999999,0.015776913513105152,1026.9435546243576,794.3949674685542,1470.9130598971997,1.0269435546243575,0.7943949674685543,1.4709130598971998,0.32938426332307374,0.12275176848335492,0.8650786187855095
WbHt_4000_1000,WbHt,4000,1000,85,100,0.6,1.0,/eos/uscms/store/user/aji/rootfiles_existingOptimization/WbHt_4000_1000_pt100_ak6_ca10_th85.root,ok,,1000,1000,1.0,0.0,0.1,0.009486832980505138,0.0515,0.6385,0.508,0.508,0.492,0.015809364313595912,1005.771338855767,794.5546142409173,1544.5267555709854,1.0057713388557672,0.7945546142409173,1.5445267555709854,0.37283431748178797,0.07887572998872372,0.8654114513673647
WbHt_4000_1000,WbHt,4000,1000,85,140,0.8,1.6,/eos/uscms/store/user/aji/rootfiles_existingOptimization/WbHt_4000_1000_pt140_ak8_ca16_th85.root,ok,,1000,1000,1.0,0.0,0.198,0.012601428490452978,0.1015,0.649,0.469,0.469,0.531,0.01578096955196353,1010.0179978191632,728.38659824705,1403.162622023402,1.0100179978191632,0.72838659824705,1.4031626220234021,0.334041584027875,0.1325004512357877,0.8660433838097913
WbHt_4000_1000,WbHt,4000,1000,85,100,0.4,1.4,/eos/uscms/store/user/aji/rootfiles_existingOptimization/WbHt_4000_1000_pt100_ak4_ca14_th85.root,ok,,1000,1000,1.0,0.0,0.197,0.012577400367325514,0.101,0.667,0.47,0.47,0.53,0.015782902141241326,906.0349792569882,607.2786564535418,1207.8156246255428,0.9060349792569882,0.6072786564535417,1.207815624625543,0.3314093726626776,0.1358864381975755,0.8708058747369789
WbHt_4000_1000,WbHt,4000,1000,85,160,0.8,1.2,/eos/uscms/store/user/aji/rootfiles_existingOptimization/WbHt_4000_1000_pt160_ak8_ca12_th85.root,ok,,1000,1000,1.0,0.0,0.208,0.0128349522788361,0.109,0.638,0.472,0.472,0.528,0.015786576576319513,1015.691571504417,722.6721773466567,1416.0128839887182,1.015691571504417,0.7226721773466567,1.4160128839887183,0.3413145910106858,0.1027446051470681,0.8708837481611276
WbHt_4000_1000,WbHt,4000,1000,85,120,0.6,1.6,/eos/uscms/store/user/aji/rootfiles_existingOptimization/WbHt_4000_1000_pt120_ak6_ca16_th85.root,ok,,1000,1000,1.0,0.0,0.209,0.012857643641040918,0.107,0.6635,0.472,0.472,0.528,0.015786576576319513,949.9081092237175,639.3445032428955,1289.5163846661421,0.9499081092237174,0.6393445032428955,1.289516384666142,0.3422288298783864,0.14478289413362216,0.8752380189560147
WbHt_4000_1000,WbHt,4000,1000,85,220,0.8,0.6,/eos/uscms/store/user/aji/rootfiles_existingOptimization/WbHt_4000_1000_pt220_ak8_ca6_th85.root,ok,,1000,1000,1.0,0.0,0.113,0.01001154333756789,0.0735,0.635,0.495,0.495,0.505,0.01581059771166163,1009.7174953253684,621.1909463223511,1371.7850296963938,1.0097174953253685,0.6211909463223511,1.3717850296963938,0.371685192565755,0.042602673346130146,0.8776569420982918
WbHt_4000_1000,WbHt,4000,1000,85,140,0.8,0.8,/eos/uscms/store/user/aji/rootfiles_existingOptimization/WbHt_4000_1000_pt140_ak8_ca8_th85.root,ok,,1000,1000,1.0,0.0,0.132,0.010704017937204702,0.0685,0.6145,0.494,0.494,0.506,0.015810249839898167,1049.745507942326,840.2914907317405,1613.3262088143476,1.0497455079423261,0.8402914907317405,1.6133262088143476,0.3682010126425225,0.06942744236341622,0.8791755634367551
WbHt_4000_1000,WbHt,4000,1000,85,120,0.6,1.0,/eos/uscms/store/user/aji/rootfiles_existingOptimization/WbHt_4000_1000_pt120_ak6_ca10_th85.root,ok,,1000,1000,1.0,0.0,0.148,0.011229247525992114,0.0765,0.643,0.495,0.495,0.505,0.01581059771166163,977.7079598388029,745.7134531334352,1483.7787801838135,0.977707959838803,0.7457134531334352,1.4837787801838136,0.3774467209881696,0.09308949788863821,0.8846759250042893
WbHt_4000_1000,WbHt,4000,1000,85,160,1.0,1.6,/eos/uscms/store/user/aji/rootfiles_existingOptimization/WbHt_4000_1000_pt160_ak10_ca16_th85.root,ok,,1000,1000,1.0,0.0,0.124,0.010422283818818216,0.064,0.6155,0.433,0.433,0.567,0.015668790636165896,1092.152074992916,846.9722277212909,1532.5054539297346,1.0921520749929159,0.8469722277212909,1.5325054539297345,0.3138451328826575,0.1161404324922426,0.890060340381949
WbHt_4000_1000,WbHt,4000,1000,85,120,0.8,1.0,/eos/uscms/store/user/aji/rootfiles_existingOptimization/WbHt_4000_1000_pt120_ak8_ca10_th85.root,ok,,1000,1000,1.0,0.0,0.096,0.009315793041926168,0.05,0.599,0.482,0.482,0.518,0.01580113919943749,1065.5850231235909,865.3604434563242,1645.5607591675246,1.065585023123591,0.8653604434563242,1.6455607591675245,0.36609012832414284,0.07276084668201069,0.890648630636502
WbHt_4000_1000,WbHt,4000,1000,85,120,0.4,0.4,/eos/uscms/store/user/aji/rootfiles_existingOptimization/WbHt_4000_1000_pt120_ak4_ca4_th85.root,ok,,1000,1000,1.0,0.0,0.163,0.011680368144883106,0.087,0.642,0.491,0.491,0.509,0.015808826648426505,923.8554735811217,673.2044402389297,1367.5026778301326,0.9238554735811217,0.6732044402389297,1.3675026778301327,0.37576128379686335,0.07686308100474544,0.8923757364387512
WbHt_4000_1000,WbHt,4000,1000,85,100,0.4,0.8,/eos/uscms/store/user/aji/rootfiles_existingOptimization/WbHt_4000_1000_pt100_ak4_ca8_th85.root,ok,,1000,1000,1.0,0.0,0.143,0.011070275515993266,0.074,0.6465,0.497,0.497,0.503,0.01581110369329099,934.6366777982807,709.7824443002916,1426.009828946168,0.9346366777982809,0.7097824443002916,1.4260098289461678,0.3831581841690022,0.08118414308199379,0.8926945163891742
WbHt_4000_1000,WbHt,4000,1000,85,180,1.0,1.4,/eos/uscms/store/user/aji/rootfiles_existingOptimization/WbHt_4000_1000_pt180_ak10_ca14_th85.root,ok,,1000,1000,1.0,0.0,0.141,0.011005407761641547,0.074,0.617,0.428,0.428,0.5720000000000001,0.015646597074124455,1087.8256079997213,787.7130883866739,1470.813488874091,1.0878256079997213,0.7877130883866739,1.4708134888740911,0.313975142460331,0.1112813983722734,0.8947577032603031
WbHt_4000_1000,WbHt,4000,1000,85,160,0.8,0.8,/eos/uscms/store/user/aji/rootfiles_existingOptimization/WbHt_4000_1000_pt160_ak8_ca8_th85.root,ok,,1000,1000,1.0,0.0,0.182,0.012201475320632338,0.096,0.6175,0.477,0.477,0.523,0.01579465099329517,1034.113669485835,796.9501570161157,1559.302528438602,1.0341136694858348,0.7969501570161157,1.559302528438602,0.36860182488523274,0.08126496449474732,0.8950131918338162
WbHt_4000_1000,WbHt,4000,1000,85,140,0.8,1.0,/eos/uscms/store/user/aji/rootfiles_existingOptimization/WbHt_4000_1000_pt140_ak8_ca10_th85.root,ok,,1000,1000,1.0,0.0,0.144,0.011102432165971562,0.0745,0.609,0.474,0.474,0.526,0.01578999683343857,1041.8950140832765,821.5014184866808,1588.481187738923,1.0418950140832766,0.8215014184866808,1.5884811877389229,0.36806960340772826,0.08069056374304635,0.898259104816056
WbHt_4000_1000,WbHt,4000,1000,85,160,1.0,1.2,/eos/uscms/store/user/aji/rootfiles_existingOptimization/WbHt_4000_1000_pt160_ak10_ca12_th85.root,ok,,1000,1000,1.0,0.0,0.099,0.009444522221901964,0.0515,0.595,0.445,0.445,0.5549999999999999,0.01571543826942157,1119.145971355475,893.2903222248336,1635.2481068212037,1.119145971355475,0.8932903222248336,1.6352481068212037,0.33148391880360956,0.08473452635231216,0.898398515939157
WbHt_4000_1000,WbHt,4000,1000,85,100,0.8,1.4,/eos/uscms/store/user/aji/rootfiles_existingOptimization/WbHt_4000_1000_pt100_ak8_ca14_th85.root,ok,,1000,1000,1.0,0.0,0.087,0.00891240708226459,0.044,0.6145,0.464,0.464,0.536,0.015770351930125083,1063.3298761123156,857.2458940465426,1617.9794536385232,1.0633298761123156,0.8572458940465426,1.6179794536385232,0.3577128681709434,0.10422488796160059,0.900045855782175
WbHt_4000_1000,WbHt,4000,1000,85,140,1.0,1.4,/eos/uscms/store/user/aji/rootfiles_existingOptimization/WbHt_4000_1000_pt140_ak10_ca14_th85.root,ok,,1000,1000,1.0,0.0,0.087,0.00891240708226459,0.0445,0.606,0.445,0.445,0.5549999999999999,0.01571543826942157,1125.7161358686908,898.7349430482824,1656.8480311337205,1.125716135868691,0.8987349430482824,1.6568480311337204,0.3367248029630571,0.09732416035524386,0.9042964165499261
WbHt_4000_1000,WbHt,4000,1000,85,240,1.0,0.8,/eos/uscms/store/user/aji/rootfiles_existingOptimization/WbHt_4000_1000_pt240_ak10_ca8_th85.root,ok,,1000,1000,1.0,0.0,0.074,0.00827792244467173,0.044,0.6085,0.468,0.468,0.532,0.01577897335063343,1083.1293899766265,684.1956047307599,1473.230199183198,1.0831293899766266,0.6841956047307599,1.473230199183198,0.3642383826688818,0.05290598419016541,0.9045513216665444
WbHt_4000_1000,WbHt,4000,1000,85,100,0.4,1.6,/eos/uscms/store/user/aji/rootfiles_existingOptimization/WbHt_4000_1000_pt100_ak4_ca16_th85.root,ok,,1000,1000,1.0,0.0,0.217,0.013034991369387246,0.111,0.659,0.449,0.449,0.5509999999999999,0.015728922404284407,898.9967579932942,580.47040449574,1198.7395651774486,0.8989967579932943,0.58047040449574,1.1987395651774488,0.34386617926286256,0.16284234504333647,0.904966503463533
WbHt_4000_1000,WbHt,4000,1000,85,140,0.6,1.2,/eos/uscms/store/user/aji/rootfiles_existingOptimization/WbHt_4000_1000_pt140_ak6_ca12_th85.root,ok,,1000,1000,1.0,0.0,0.234,0.013388203763014663,0.122,0.649,0.463,0.463,0.5369999999999999,0.015768037290671277,947.2803138378245,609.587135296023,1299.895539791545,0.9472803138378245,0.609587135296023,1.299895539791545,0.36436332224555423,0.12582596677620173,0.9066352908617717
WbHt_4000_1000,WbHt,4000,1000,85,100,0.8,0.8,/eos/uscms/store/user/aji/rootfiles_existingOptimization/WbHt_4000_1000_pt100_ak8_ca8_th85.root,ok,,1000,1000,1.0,0.0,0.046,0.006624499981130651,0.0235,0.568,0.481,0.481,0.519,0.01579996835439869,1139.1622041185547,916.3528729358933,1768.4170444771407,1.1391622041185547,0.9163528729358933,1.7684170444771408,0.3739872023758662,0.05245816639757789,0.9069034227877217
WbHt_4000_1000,WbHt,4000,1000,85,100,0.8,1.2,/eos/uscms/store/user/aji/rootfiles_existingOptimization/WbHt_4000_1000_pt100_ak8_ca12_th85.root,ok,,1000,1000,1.0,0.0,0.068,0.007960904471226871,0.0345,0.5925,0.466,0.466,0.534,0.01577479001445027,1094.7127434336621,884.5742451836106,1682.2270791520316,1.094712743433662,0.8845742451836107,1.6822270791520315,0.3643206123035131,0.08272940587805075,0.9077918866468794
WbHt_4000_1000,WbHt,4000,1000,85,140,0.6,0.6,/eos/uscms/store/user/aji/rootfiles_existingOptimization/WbHt_4000_1000_pt140_ak6_ca6_th85.root,ok,,1000,1000,1.0,0.0,0.189,0.012380589646701001,0.0995,0.6285,0.473,0.473,0.527,0.01578831846651188,970.9845261260461,714.7824907003298,1449.5102446539706,0.9709845261260461,0.7147824907003298,1.4495102446539705,0.37834163891622286,0.08480202014363385,0.9082431863036182
WbHt_4000_1000,WbHt,4000,1000,85,100,0.4,1.0,/eos/uscms/store/user/aji/rootfiles_existingOptimization/WbHt_4000_1000_pt100_ak4_ca10_th85.root,ok,,1000,1000,1.0,0.0,0.162,0.011651437679531225,0.0835,0.644,0.478,0.478,0.522,0.015796075461962062,926.8924650904488,673.9085593895821,1385.585429586011,0.9268924650904489,0.6739085593895822,1.385585429586011,0.3839047661947394,0.09400029833058829,0.9132155196856946
WbHt_4000_1000,WbHt,4000,1000,85,140,0.6,1.4,/eos/uscms/store/user/aji/rootfiles_existingOptimization/WbHt_4000_1000_pt140_ak6_ca14_th85.root,ok,,1000,1000,1.0,0.0,0.25,0.013693063937629153,0.13,0.6575,0.46,0.46,0.54,0.015760710643876435,937.9166593424438,554.6836543788096,1249.6360409006218,0.9379166593424437,0.5546836543788095,1.2496360409006217,0.3704766194306809,0.14359882623710227,0.9166849534964365
WbHt_4000_1000,WbHt,4000,1000,85,140,1.0,1.2,/eos/uscms/store/user/aji/rootfiles_existingOptimization/WbHt_4000_1000_pt140_ak10_ca12_th85.root,ok,,1000,1000,1.0,0.0,0.078,0.008480330182251162,0.04,0.5785,0.443,0.443,0.5569999999999999,0.015708309902723462,1144.1062080809625,918.1622388280257,1710.2359581785076,1.1441062080809625,0.9181622388280257,1.7102359581785078,0.34615392948485385,0.08019682637899359,0.9175645502929501
WbHt_4000_1000,WbHt,4000,1000,85,120,0.4,0.6,/eos/uscms/store/user/aji/rootfiles_existingOptimization/WbHt_4000_1000_pt120_ak4_ca6_th85.root,ok,,1000,1000,1.0,0.0,0.186,0.012304633273690036,0.0985,0.636,0.472,0.472,0.528,0.015786576576319513,916.4456704774601,657.7355363613826,1359.3187100382113,0.9164456704774602,0.6577355363613826,1.3593187100382111,0.38277401283990453,0.08774800833922991,0.9191294457921585
WbHt_4000_1000,WbHt,4000,1000,85,160,0.8,1.0,/eos/uscms/store/user/aji/rootfiles_existingOptimization/WbHt_4000_1000_pt160_ak8_ca10_th85.root,ok,,1000,1000,1.0,0.0,0.196,0.012553246592017541,0.103,0.6115,0.459,0.459,0.5409999999999999,0.015758140753274162,1029.7160068482517,752.4315007291812,1526.0317252519972,1.0297160068482518,0.7524315007291812,1.526031725251997,0.3756376609559788,0.08914668528057462,0.9196092616408038
WbHt_4000_1000,WbHt,4000,1000,85,160,0.8,1.6,/eos/uscms/store/user/aji/rootfiles_existingOptimization/WbHt_4000_1000_pt160_ak8_ca16_th85.root,ok,,1000,1000,1.0,0.0,0.246,0.013619251080731275,0.128,0.646,0.451,0.451,0.5489999999999999,0.015735278834517044,996.4761015305476,606.8315824721594,1346.3975353488322,0.9964761015305476,0.6068315824721594,1.3463975353488322,0.3710906622550852,0.14247876478209298,0.9204430521020304
WbHt_4000_1000,WbHt,4000,1000,85,100,0.8,1.6,/eos/uscms/store/user/aji/rootfiles_existingOptimization/WbHt_4000_1000_pt100_ak8_ca16_th85.root,ok,,1000,1000,1.0,0.0,0.104,0.009653186002558949,0.0525,0.6105,0.448,0.448,0.552,0.015725647840391186,1054.9662026347119,837.7146841033172,1614.7299976100558,1.0549662026347117,0.8377146841033172,1.6147299976100558,0.3682655006227648,0.1193813366412397,0.9257621208862361
WbHt_4000_1000,WbHt,4000,1000,85,180,1.0,1.2,/eos/uscms/store/user/aji/rootfiles_existingOptimization/WbHt_4000_1000_pt180_ak10_ca12_th85.root,ok,,1000,1000,1.0,0.0,0.134,0.010772372069326236,0.0705,0.586,0.421,0.421,0.579,0.015612783224012303,1101.23098671246,820.2016609907589,1564.8120242781479,1.10123098671246,0.8202016609907589,1.564812024278148,0.3380809168430223,0.09270121842072113,0.9272040155142682
WbHt_4000_1000,WbHt,4000,1000,85,140,0.6,0.8,/eos/uscms/store/user/aji/rootfiles_existingOptimization/WbHt_4000_1000_pt140_ak6_ca8_th85.root,ok,,1000,1000,1.0,0.0,0.204,0.01274299807737567,0.107,0.6285,0.468,0.468,0.532,0.01577897335063343,966.6701865339226,701.1421809960962,1459.8555642044967,0.9666701865339227,0.7011421809960962,1.4598555642044966,0.39243652787556793,0.09436503117007898,0.9277695092221757
WbHt_4000_1000,WbHt,4000,1000,85,200,0.6,0.4,/eos/uscms/store/user/aji/rootfiles_existingOptimization/WbHt_4000_1000_pt200_ak6_ca4_th85.root,ok,,1000,1000,1.0,0.0,0.113,0.01001154333756789,0.082,0.628,0.485,0.485,0.515,0.01580427157448264,934.1602762021879,504.38696203285474,1263.4615643880068,0.9341602762021879,0.5043869620328547,1.263461564388007,0.40628713385306675,0.047594503596772156,0.927871106232848
WbHt_4000_1000,WbHt,4000,1000,85,140,1.0,1.6,/eos/uscms/store/user/aji/rootfiles_existingOptimization/WbHt_4000_1000_pt140_ak10_ca16_th85.root,ok,,1000,1000,1.0,0.0,0.103,0.009612023720320296,0.0525,0.597,0.426,0.426,0.5740000000000001,0.015637263187655313,1114.9733124247232,880.7518399876727,1656.8480311337205,1.114973312424723,0.8807518399876727,1.6568480311337204,0.3480335280215263,0.1144468459332724,0.9335308592639987
WbHt_4000_1000,WbHt,4000,1000,85,120,0.4,1.2,/eos/uscms/store/user/aji/rootfiles_existingOptimization/WbHt_4000_1000_pt120_ak4_ca12_th85.root,ok,,1000,1000,1.0,0.0,0.233,0.013368283360252356,0.122,0.644,0.445,0.445,0.5549999999999999,0.01571543826942157,894.3340836627594,544.0776853740673,1203.336860675632,0.8943340836627593,0.5440776853740673,1.203336860675632,0.3685754503515948,0.1341209541863956,0.9341420419853188
WbHt_4000_1000,WbHt,4000,1000,85,180,1.0,1.6,/eos/uscms/store/user/aji/rootfiles_existingOptimization/WbHt_4000_1000_pt180_ak10_ca16_th85.root,ok,,1000,1000,1.0,0.0,0.155,0.011444430960078356,0.081,0.61,0.413,0.413,0.587,0.015570195888298902,1082.3632443949223,729.9139330427419,1467.4992971945035,1.0823632443949223,0.7299139330427419,1.4674992971945033,0.3407291258139945,0.12396476273121643,0.9359654502534867
WbHt_4000_1000,WbHt,4000,1000,85,120,1.0,0.8,/eos/uscms/store/user/aji/rootfiles_existingOptimization/WbHt_4000_1000_pt120_ak10_ca8_th85.root,ok,,1000,1000,1.0,0.0,0.011,0.003298332912245215,0.0065,0.525,0.468,0.468,0.532,0.01577897335063343,1224.2808395882344,996.5822441201952,1932.7721516991896,1.2242808395882343,0.9965822441201952,1.9327721516991896,0.38234279150111733,0.012252591410711926,0.9367708754599409
WbHt_4000_1000,WbHt,4000,1000,85,100,0.8,1.0,/eos/uscms/store/user/aji/rootfiles_existingOptimization/WbHt_4000_1000_pt100_ak8_ca10_th85.root,ok,,1000,1000,1.0,0.0,0.055,0.00720936890441875,0.028,0.56,0.456,0.456,0.544,0.01575004761897563,1128.9932400297807,902.7590206551753,1766.7695390546128,1.1289932400297806,0.9027590206551752,1.766769539054613,0.3826464533909197,0.06392087742258645,0.9395457773938978
WbHt_4000_1000,WbHt,4000,1000,85,160,1.0,1.0,/eos/uscms/store/user/aji/rootfiles_existingOptimization/WbHt_4000_1000_pt160_ak10_ca10_th85.root,ok,,1000,1000,1.0,0.0,0.091,0.009094998625618368,0.0475,0.5645,0.43,0.43,0.5700000000000001,0.015655669899432602,1136.0461170994943,910.6888414411497,1725.3790473569456,1.1360461170994944,0.9106888414411498,1.7253790473569457,0.35856387942939716,0.06847764525719909,0.9421684911393466
WbHt_4000_1000,WbHt,4000,1000,85,180,0.8,1.2,/eos/uscms/store/user/aji/rootfiles_existingOptimization/WbHt_4000_1000_pt180_ak8_ca12_th85.root,ok,,1000,1000,1.0,0.0,0.254,0.013765318739498916,0.1345,0.6315,0.452,0.452,0.548,0.015738360778683402,1005.9358684055701,572.7939630826531,1367.2156240921493,1.0059358684055701,0.5727939630826532,1.3672156240921494,0.3948669522385515,0.11231637647359581,0.9434605390791085
WbHt_4000_1000,WbHt,4000,1000,85,260,1.0,0.8,/eos/uscms/store/user/aji/rootfiles_existingOptimization/WbHt_4000_1000_pt260_ak10_ca8_th85.root,ok,,1000,1000,1.0,0.0,0.087,0.00891240708226459,0.0545,0.602,0.45,0.45,0.55,0.015732132722552274,1073.6477456217417,571.398668022275,1415.911463615367,1.073647745621742,0.5713986680222751,1.415911463615367,0.39329137467896436,0.06138430374642693,0.9506561492411386
WbHt_4000_1000,WbHt,4000,1000,85,120,0.4,0.8,/eos/uscms/store/user/aji/rootfiles_existingOptimization/WbHt_4000_1000_pt120_ak4_ca8_th85.root,ok,,1000,1000,1.0,0.0,0.202,0.012696298673235441,0.1065,0.629,0.453,0.453,0.5469999999999999,0.015741378592740853,914.0747394323455,628.0479206312425,1350.905826451211,0.9140747394323454,0.6280479206312425,1.3509058264512108,0.39540415823594155,0.09778829940466194,0.9509966842927069
WbHt_4000_1000,WbHt,4000,1000,85,140,0.6,1.0,/eos/uscms/store/user/aji/rootfiles_existingOptimization/WbHt_4000_1000_pt140_ak6_ca10_th85.root,ok,,1000,1000,1.0,0.0,0.224,0.013184233007649706,0.117,0.628,0.453,0.453,0.5469999999999999,0.015741378592740853,959.1902965363225,640.0663890948317,1407.7641049529495,0.9591902965363226,0.6400663890948317,1.4077641049529497,0.40018008868016464,0.10828790712924304,0.9512610590265324
WbHt_4000_1000,WbHt,4000,1000,85,240,0.8,0.6,/eos/uscms/store/user/aji/rootfiles_existingOptimization/WbHt_4000_1000_pt240_ak8_ca6_th85.root,ok,,1000,1000,1.0,0.0,0.131,0.010669536072388528,0.0895,0.6175,0.459,0.459,0.5409999999999999,0.015758140753274162,999.540734185525,500.72056023992207,1322.8781215018705,0.9995407341855251,0.5007205602399221,1.3228781215018703,0.4112676618086419,0.0502095591646122,0.9523135883900893
WbHt_4000_1000,WbHt,4000,1000,85,180,0.8,0.8,/eos/uscms/store/user/aji/rootfiles_existingOptimization/WbHt_4000_1000_pt180_ak8_ca8_th85.root,ok,,1000,1000,1.0,0.0,0.232,0.013348258313353095,0.1235,0.6045,0.448,0.448,0.552,0.015725647840391186,1025.566539560848,697.6773178013401,1516.4470475799528,1.025566539560848,0.6976773178013401,1.516447047579953,0.39917923323103616,0.09061657192040613,0.9537358871871211
WbHt_4000_1000,WbHt,4000,1000,85,140,1.0,1.0,/eos/uscms/store/user/aji/rootfiles_existingOptimization/WbHt_4000_1000_pt140_ak10_ca10_th85.root,ok,,1000,1000,1.0,0.0,0.071,0.008121514637061242,0.0365,0.547,0.43,0.43,0.5700000000000001,0.015655669899432602,1164.3790894505614,936.6702913645114,1807.8447260199655,1.1643790894505615,0.9366702913645113,1.8078447260199655,0.3740939881815198,0.06458134316988784,0.9605318971265759
WbHt_4000_1000,WbHt,4000,1000,85,120,0.4,1.0,/eos/uscms/store/user/aji/rootfiles_existingOptimization/WbHt_4000_1000_pt120_ak4_ca10_th85.root,ok,,1000,1000,1.0,0.0,0.216,0.013013224043256921,0.1135,0.627,0.441,0.441,0.5589999999999999,0.015700923539715746,907.6411956291006,585.8269376572002,1297.9851056133436,0.9076411956291006,0.5858269376572002,1.2979851056133436,0.39231260733077195,0.11440792875232085,0.9605484877678618
WbHt_4000_1000,WbHt,4000,1000,85,140,0.6,1.6,/eos/uscms/store/user/aji/rootfiles_existingOptimization/WbHt_4000_1000_pt140_ak6_ca16_th85.root,ok,,1000,1000,1.0,0.0,0.272,0.014071815803228808,0.141,0.6475,0.44,0.44,0.56,0.015697133496278867,932.9485783343285,499.7830180635915,1235.3660297691108,0.9329485783343285,0.49978301806359143,1.235366029769111,0.39422484196225355,0.1630105141345624,0.9609299841288208
WbHt_4000_1000,WbHt,4000,1000,85,220,0.6,0.4,/eos/uscms/store/user/aji/rootfiles_existingOptimization/WbHt_4000_1000_pt220_ak6_ca4_th85.root,ok,,1000,1000,1.0,0.0,0.128,0.010564847372300274,0.098,0.6135,0.464,0.464,0.536,0.015770351930125083,925.718478524323,442.9322588075126,1220.6694098344935,0.9257184785243231,0.4429322588075126,1.2206694098344935,0.4200721758664483,0.0558705509146939,0.963500328014016
WbHt_4000_1000,WbHt,4000,1000,85,180,0.8,1.4,/eos/uscms/store/user/aji/rootfiles_existingOptimization/WbHt_4000_1000_pt180_ak8_ca14_th85.root,ok,,1000,1000,1.0,0.0,0.266,0.013972973913952606,0.1405,0.6485,0.455,0.455,0.5449999999999999,0.015747221977225064,993.4419873419606,461.805116610041,1292.791012559616,0.9934419873419607,0.461805116610041,1.292791012559616,0.4182357432732178,0.13603485855030362,0.9638915445390216
WbHt_4000_1000,WbHt,4000,1000,85,120,0.4,1.4,/eos/uscms/store/user/aji/rootfiles_existingOptimization/WbHt_4000_1000_pt120_ak4_ca14_th85.root,ok,,1000,1000,1.0,0.0,0.249,0.013674757767507255,0.13,0.6385,0.423,0.423,0.577,0.015622771841129857,883.2304968284215,489.90248866569317,1155.603303845127,0.8832304968284215,0.4899024886656932,1.1556033038451268,0.3768556552167799,0.16035921581719215,0.9655326055339377
WbHt_4000_1000,WbHt,4000,1000,85,180,1.0,1.0,/eos/uscms/store/user/aji/rootfiles_existingOptimization/WbHt_4000_1000_pt180_ak10_ca10_th85.root,ok,,1000,1000,1.0,0.0,0.124,0.010422283818818216,0.0655,0.5585,0.41,0.41,0.5900000000000001,0.015553134732265389,1121.3878107897083,852.458814470213,1672.9262697196236,1.1213878107897082,0.8524588144702131,1.6729262697196237,0.3658268118108122,0.07675147648271902,0.9679655928897831
WbHt_4000_1000,WbHt,4000,1000,85,280,1.0,0.8,/eos/uscms/store/user/aji/rootfiles_existingOptimization/WbHt_4000_1000_pt280_ak10_ca8_th85.root,ok,,1000,1000,1.0,0.0,0.098,0.009401914698613257,0.0625,0.5975,0.428,0.428,0.5720000000000001,0.015646597074124455,1060.0298149134642,494.503926912655,1359.9810324193393,1.060029814913464,0.49450392691265505,1.3599810324193393,0.4082324352251064,0.0718454367857537,0.9862354167164529
WbHt_4000_1000,WbHt,4000,1000,85,200,1.0,1.4,/eos/uscms/store/user/aji/rootfiles_existingOptimization/WbHt_4000_1000_pt200_ak10_ca14_th85.root,ok,,1000,1000,1.0,0.0,0.168,0.011822690049223147,0.088,0.612,0.409,0.409,0.591,0.015547314880711718,1080.4006478117303,576.5811439888929,1419.7683197814906,1.08040064781173,0.5765811439888929,1.4197683197814908,0.3902196733685831,0.11937042302924411,0.9892597381497561
WbHt_4000_1000,WbHt,4000,1000,85,180,0.8,1.0,/eos/uscms/store/user/aji/rootfiles_existingOptimization/WbHt_4000_1000_pt180_ak8_ca10_th85.root,ok,,1000,1000,1.0,0.0,0.247,0.013637851736985557,0.131,0.603,0.435,0.435,0.565,0.015677212762477903,1018.6115071799107,614.669675002632,1481.0048731720083,1.0186115071799107,0.6146696750026319,1.4810048731720082,0.42525299982516357,0.09793299924723961,0.9921141505431545
WbHt_4000_1000,WbHt,4000,1000,85,120,1.0,1.4,/eos/uscms/store/user/aji/rootfiles_existingOptimization/WbHt_4000_1000_pt120_ak10_ca14_th85.root,ok,,1000,1000,1.0,0.0,0.064,0.007739767438366608,0.033,0.5665,0.417,0.417,0.583,0.015592017188292218,1157.9040254639722,941.4177485483295,1855.1482291001962,1.157904025463972,0.9414177485483296,1.8551482291001964,0.39456226960854335,0.09156300558846689,0.9933526721549405
WbHt_4000_1000,WbHt,4000,1000,85,400,1.6,1.4,/eos/uscms/store/user/aji/rootfiles_existingOptimization/WbHt_4000_1000_pt400_ak16_ca14_th85.root,ok,,1000,1000,1.0,0.0,0.002,0.0014127986409959489,0.0015,0.5465,0.355,0.355,0.645,0.015131919904625453,1159.932320361091,726.4708143002831,1527.9158611457947,1.159932320361091,0.726470814300283,1.5279158611457946,0.3454706075420068,0.1138328398250609,1.006463839578116
WbHt_4000_1000,WbHt,4000,1000,85,380,1.6,1.4,/eos/uscms/store/user/aji/rootfiles_existingOptimization/WbHt_4000_1000_pt380_ak16_ca14_th85.root,ok,,1000,1000,1.0,0.0,0.002,0.0014127986409959489,0.0015,0.5405,0.352,0.352,0.648,0.015102847413650183,1166.2347790522635,747.4998473210292,1547.1635482316324,1.1662347790522636,0.7474998473210293,1.5471635482316324,0.3428399303785327,0.1121336355075996,1.007463408283759
WbHt_4000_1000,WbHt,4000,1000,85,120,0.4,1.6,/eos/uscms/store/user/aji/rootfiles_existingOptimization/WbHt_4000_1000_pt120_ak4_ca16_th85.root,ok,,1000,1000,1.0,0.0,0.27,0.014039230748157109,0.1405,0.629,0.402,0.402,0.598,0.015504708962118573,874.8744988336516,441.6404594421372,1137.3019253132493,0.8748744988336516,0.4416404594421372,1.1373019253132493,0.3975778621954009,0.18431751411479902,1.0080904123120358
WbHt_4000_1000,WbHt,4000,1000,85,260,0.8,0.6,/eos/uscms/store/user/aji/rootfiles_existingOptimization/WbHt_4000_1000_pt260_ak8_ca6_th85.root,ok,,1000,1000,1.0,0.0,0.157,0.01150439046625244,0.1105,0.6,0.429,0.429,0.571,0.015651166090742248,989.1205164761719,421.10449315256716,1286.0866219737375,0.9891205164761718,0.42110449315256715,1.2860866219737375,0.43724809788737606,0.05829804645304221,1.009336046239759
WbHt_4000_1000,WbHt,4000,1000,85,120,1.0,1.2,/eos/uscms/store/user/aji/rootfiles_existingOptimization/WbHt_4000_1000_pt120_ak10_ca12_th85.root,ok,,1000,1000,1.0,0.0,0.056,0.007270763371201128,0.029,0.5315,0.412,0.412,0.5880000000000001,0.01556457516284977,1193.6118629399334,957.9625445797847,1922.5795315012929,1.1936118629399335,0.9579625445797847,1.9225795315012928,0.4040748156379755,0.06909171648937126,1.0114360019319688
WbHt_4000_1000,WbHt,4000,1000,85,120,1.0,1.6,/eos/uscms/store/user/aji/rootfiles_existingOptimization/WbHt_4000_1000_pt120_ak10_ca16_th85.root,ok,,1000,1000,1.0,0.0,0.074,0.00827792244467173,0.038,0.5675,0.404,0.404,0.596,0.015517216245190372,1144.8336157651588,924.9505726500481,1848.3402128294454,1.1448336157651586,0.9249505726500481,1.8483402128294453,0.4032855200370066,0.10846532778132598,1.0137688816135224
WbHt_4000_1000,WbHt,4000,1000,85,200,1.2,1.0,/eos/uscms/store/user/aji/rootfiles_existingOptimization/WbHt_4000_1000_pt200_ak12_ca10_th85.root,ok,,1000,1000,1.0,0.0,0.021,0.004534203347888138,0.0125,0.4825,0.344,0.344,0.656,0.015022117027902558,1218.4888705793178,899.9779805427307,1723.4340726726628,1.2184888705793178,0.8999779805427308,1.7234340726726627,0.33790053894313715,0.05456226502729969,1.0157494260010689
WbHt_4000_1000,WbHt,4000,1000,85,300,1.0,0.8,/eos/uscms/store/user/aji/rootfiles_existingOptimization/WbHt_4000_1000_pt300_ak10_ca8_th85.root,ok,,1000,1000,1.0,0.0,0.115,0.010088359628799918,0.0755,0.5815,0.402,0.402,0.598,0.015504708962118573,1046.601180260392,436.0034151225855,1317.0815607084905,1.046601180260392,0.43600341512258556,1.3170815607084905,0.4209235390727797,0.08110511691210764,1.0235836570988188
WbHt_4000_1000,WbHt,4000,1000,85,240,0.6,0.4,/eos/uscms/store/user/aji/rootfiles_existingOptimization/WbHt_4000_1000_pt240_ak6_ca4_th85.root,ok,,1000,999,0.999,0.0009994998749374613,0.15615615615615616,0.011484916820119132,0.12462462462462462,0.5925925925925926,0.43243243243243246,0.432,0.5675675675675675,0.015674192295525767,905.9234107798761,354.9977015265751,1163.5050903814597,0.9059234107798761,0.3549977015265751,1.1635050903814599,0.4462338533446611,0.06703692418485228,1.024209079834241
WbHt_4000_1000,WbHt,4000,1000,85,220,1.2,1.0,/eos/uscms/store/user/aji/rootfiles_existingOptimization/WbHt_4000_1000_pt220_ak12_ca10_th85.root,ok,,1000,1000,1.0,0.0,0.026,0.0050322956987840055,0.0155,0.4925,0.349,0.349,0.651,0.01507312177354114,1194.2092894266389,839.6769638495432,1685.3664300159526,1.194209289426639,0.8396769638495432,1.6853664300159525,0.354079252964294,0.06303600014012409,1.024500181906958
WbHt_4000_1000,WbHt,4000,1000,85,180,1.2,1.0,/eos/uscms/store/user/aji/rootfiles_existingOptimization/WbHt_4000_1000_pt180_ak12_ca10_th85.root,ok,,1000,1000,1.0,0.0,0.017,0.004087909000944126,0.0105,0.469,0.349,0.349,0.651,0.01507312177354114,1247.4638259953958,957.3980194152755,1828.2857695093774,1.2474638259953958,0.9573980194152755,1.8282857695093775,0.34906332830901515,0.039944825449939624,1.0248097109085548
WbHt_4000_1000,WbHt,4000,1000,85,200,1.0,1.2,/eos/uscms/store/user/aji/rootfiles_existingOptimization/WbHt_4000_1000_pt200_ak10_ca12_th85.root,ok,,1000,1000,1.0,0.0,0.162,0.011651437679531225,0.085,0.5835,0.399,0.399,0.601,0.015485444778888335,1089.2789510792268,600.1739447376983,1504.7095308260264,1.0892789510792267,0.6001739447376984,1.5047095308260263,0.4151992403746257,0.10502681802643762,1.0251271354825484
WbHt_4000_1000,WbHt,4000,1000,85,360,1.6,1.4,/eos/uscms/store/user/aji/rootfiles_existingOptimization/WbHt_4000_1000_pt360_ak16_ca14_th85.root,ok,,1000,1000,1.0,0.0,0.002,0.0014127986409959489,0.0015,0.534,0.345,0.345,0.655,0.015032464867745409,1175.9275393653513,763.9028502705253,1595.3735413500153,1.1759275393653512,0.7639028502705253,1.5953735413500154,0.35353823396645484,0.11565618257001156,1.02613098790299
WbHt_4000_1000,WbHt,4000,1000,85,180,0.8,1.6,/eos/uscms/store/user/aji/rootfiles_existingOptimization/WbHt_4000_1000_pt180_ak8_ca16_th85.root,ok,,1000,1000,1.0,0.0,0.292,0.014378317008607092,0.1535,0.6395,0.436,0.436,0.5640000000000001,0.015681326474504636,989.199729163478,359.48254104146434,1283.8806074355432,0.989199729163478,0.3594825410414644,1.283880607435543,0.4672454101740408,0.15577180894889603,1.032325437257693
WbHt_4000_1000,WbHt,4000,1000,85,120,1.0,1.0,/eos/uscms/store/user/aji/rootfiles_existingOptimization/WbHt_4000_1000_pt120_ak10_ca10_th85.root,ok,,1000,1000,1.0,0.0,0.048,0.006759881655768835,0.025,0.5015,0.403,0.403,0.597,0.01551099609954177,1223.6527990102777,970.9879153517825,1982.9335260219752,1.2236527990102777,0.9709879153517825,1.9829335260219751,0.413493766977316,0.05365012199660242,1.0328590468783436
WbHt_4000_1000,WbHt,4000,1000,85,280,0.8,0.6,/eos/uscms/store/user/aji/rootfiles_existingOptimization/WbHt_4000_1000_pt280_ak8_ca6_th85.root,ok,,1000,999,0.999,0.0009994998749374613,0.17717717717717718,0.01208020514813906,0.12712712712712712,0.585085085085085,0.4074074074074074,0.407,0.5925925925925926,0.015545683647786586,971.3290332983652,372.52367002836235,1224.349110034643,0.9713290332983651,0.37252367002836234,1.2243491100346429,0.43848449433953224,0.06523349055190336,1.0349441836022883
WbHt_4000_1000,WbHt,4000,1000,85,200,1.0,1.6,/eos/uscms/store/user/aji/rootfiles_existingOptimization/WbHt_4000_1000_pt200_ak10_ca16_th85.root,ok,,1000,1000,1.0,0.0,0.182,0.012201475320632338,0.095,0.604,0.394,0.394,0.606,0.015451990163082553,1074.277921962786,492.7487052574497,1413.7232025755075,1.074277921962786,0.49274870525744974,1.4137232025755075,0.42864815449030574,0.14075322686018266,1.0420759466865843
WbHt_4000_1000,WbHt,4000,1000,85,160,0.6,0.6,/eos/uscms/store/user/aji/rootfiles_existingOptimization/WbHt_4000_1000_pt160_ak6_ca6_th85.root,ok,,1000,1000,1.0,0.0,0.261,0.013888088421377507,0.141,0.605,0.418,0.418,0.5820000000000001,0.015597307459943206,957.8158048522706,542.9717199914752,1419.1192614363351,0.9578158048522707,0.5429717199914751,1.419119261436335,0.45736744842083343,0.10258543481435287,1.0435858679356065
WbHt_4000_1000,WbHt,4000,1000,85,200,0.8,1.4,/eos/uscms/store/user/aji/rootfiles_existingOptimization/WbHt_4000_1000_pt200_ak8_ca14_th85.root,ok,,1000,1000,1.0,0.0,0.307,0.01458598642533305,0.166,0.644,0.445,0.445,0.5549999999999999,0.01571543826942157,985.128010380753,279.17626037111114,1239.0854332061547,0.9851280103807529,0.27917626037111115,1.2390854332061547,0.48720022307762706,0.14279633088205493,1.0436874220395518
WbHt_4000_1000,WbHt,4000,1000,85,260,0.6,0.4,/eos/uscms/store/user/aji/rootfiles_existingOptimization/WbHt_4000_1000_pt260_ak6_ca4_th85.root,ok,,1000,999,0.999,0.0009994998749374613,0.17517517517517517,0.012026365479402579,0.14214214214214213,0.5805805805805806,0.41541541541541543,0.415,0.5845845845845845,0.015591296821856754,890.5083759310778,331.39613571055634,1130.0809772076093,0.8905083759310778,0.3313961357105563,1.1300809772076092,0.4484431944067802,0.07600648234898522,1.0449769413982568
WbHt_4000_1000,WbHt,4000,1000,85,200,1.0,1.0,/eos/uscms/store/user/aji/rootfiles_existingOptimization/WbHt_4000_1000_pt200_ak10_ca10_th85.root,ok,,1000,1000,1.0,0.0,0.152,0.011353237423748346,0.08,0.5565,0.389,0.389,0.611,0.015416841440450765,1102.7746710754377,681.8993833809285,1622.3087533431442,1.1027746710754376,0.6818993833809285,1.6223087533431442,0.42638328328901426,0.0892893728695056,1.047660750396558
WbHt_4000_1000,WbHt,4000,1000,85,320,1.6,1.4,/eos/uscms/store/user/aji/rootfiles_existingOptimization/WbHt_4000_1000_pt320_ak16_ca14_th85.root,ok,,1000,1000,1.0,0.0,0.002,0.0014127986409959489,0.001,0.519,0.329,0.329,0.671,0.014857960829131297,1196.0217932996593,811.8751144487636,1669.6799862847736,1.1960217932996593,0.8118751144487636,1.6696799862847735,0.3586075423715502,0.10933606983691896,1.0492097217015162
WbHt_4000_1000,WbHt,4000,1000,85,140,0.4,0.4,/eos/uscms/store/user/aji/rootfiles_existingOptimization/WbHt_4000_1000_pt140_ak4_ca4_th85.root,ok,,1000,1000,1.0,0.0,0.253,0.013747399754135324,0.138,0.5965,0.407,0.407,0.593,0.015535475531827148,900.8775181031215,516.811669365392,1321.0973375282101,0.9008775181031214,0.516811669365392,1.3210973375282102,0.44639013184406795,0.10648944354640956,1.0493023800337558
WbHt_4000_1000,WbHt,4000,1000,85,340,1.6,1.4,/eos/uscms/store/user/aji/rootfiles_existingOptimization/WbHt_4000_1000_pt340_ak16_ca14_th85.root,ok,,1000,1000,1.0,0.0,0.001,0.0009994998749374609,0.0005,0.5215,0.332,0.332,0.6679999999999999,0.014892145580808697,1188.0858377520312,787.510443668934,1654.2921574645209,1.188085837752031,0.787510443668934,1.6542921574645209,0.36478076173166857,0.10986994025133842,1.0515893455068717
WbHt_4000_1000,WbHt,4000,1000,85,300,1.6,1.4,/eos/uscms/store/user/aji/rootfiles_existingOptimization/WbHt_4000_1000_pt300_ak16_ca14_th85.root,ok,,1000,1000,1.0,0.0,0.002,0.0014127986409959489,0.001,0.51,0.325,0.325,0.675,0.014811313243598623,1211.29315561874,846.1554789030486,1720.2796088355535,1.21129315561874,0.8461554789030487,1.7202796088355536,0.36082269840202064,0.10085328525541695,1.0569520139638948
WbHt_4000_1000,WbHt,4000,1000,85,220,1.0,1.4,/eos/uscms/store/user/aji/rootfiles_existingOptimization/WbHt_4000_1000_pt220_ak10_ca14_th85.root,ok,,1000,1000,1.0,0.0,0.197,0.012577400367325514,0.1045,0.606,0.394,0.394,0.606,0.015451990163082553,1070.0286981436516,408.0318785805782,1366.4706979720304,1.0700286981436515,0.4080318785805782,1.3664706979720302,0.4478565953671186,0.1314025924452092,1.0608594651814838
WbHt_4000_1000,WbHt,4000,1000,85,220,0.8,1.4,/eos/uscms/store/user/aji/rootfiles_existingOptimization/WbHt_4000_1000_pt220_ak8_ca14_th85.root,ok,,1000,1000,1.0,0.0,0.346,0.015042739112276061,0.19,0.636,0.426,0.426,0.5740000000000001,0.015637263187655313,977.4331300408436,236.56653618496023,1188.4397664919993,0.9774331300408436,0.23656653618496024,1.1884397664919992,0.48692498803844686,0.15678901613131835,1.0631816750343626
WbHt_4000_1000,WbHt,4000,1000,85,240,1.2,1.0,/eos/uscms/store/user/aji/rootfiles_existingOptimization/WbHt_4000_1000_pt240_ak12_ca10_th85.root,ok,,1000,1000,1.0,0.0,0.03,0.005394441583704471,0.018,0.497,0.341,0.341,0.659,0.014990630407024249,1172.2346502232467,743.2373137787168,1656.004684482299,1.1722346502232466,0.7432373137787168,1.6560046844822989,0.38932792616638223,0.07201427590948159,1.065551391188707
WbHt_4000_1000,WbHt,4000,1000,85,200,0.8,1.2,/eos/uscms/store/user/aji/rootfiles_existingOptimization/WbHt_4000_1000_pt200_ak8_ca12_th85.root,ok,,1000,1000,1.0,0.0,0.295,0.01442133835675455,0.16,0.6275,0.441,0.441,0.5589999999999999,0.015700923539715746,994.2698936662343,303.5906175476284,1312.5585407795854,0.9942698936662344,0.3035906175476284,1.3125585407795854,0.5073913681080726,0.1241670463309212,1.0669643787414491
WbHt_4000_1000,WbHt,4000,1000,85,160,0.6,0.8,/eos/uscms/store/user/aji/rootfiles_existingOptimization/WbHt_4000_1000_pt160_ak6_ca8_th85.root,ok,,1000,1000,1.0,0.0,0.276,0.014135911714495106,0.1485,0.606,0.412,0.412,0.5880000000000001,0.01556457516284977,955.7180619979908,503.0963219818152,1411.796338938194,0.9557180619979908,0.5030963219818152,1.411796338938194,0.4754017178751871,0.10959379432841959,1.067829911675388
WbHt_4000_1000,WbHt,4000,1000,85,160,1.2,1.0,/eos/uscms/store/user/aji/rootfiles_existingOptimization/WbHt_4000_1000_pt160_ak12_ca10_th85.root,ok,,1000,1000,1.0,0.0,0.011,0.003298332912245215,0.0065,0.462,0.355,0.355,0.645,0.015131919904625453,1275.2921861528305,998.6031785691482,2007.7905912539782,1.2752921861528304,0.9986031785691483,2.007790591253978,0.3956690959305734,0.02945317918260271,1.0681983145458565
WbHt_4000_1000,WbHt,4000,1000,85,400,1.6,1.6,/eos/uscms/store/user/aji/rootfiles_existingOptimization/WbHt_4000_1000_pt400_ak16_ca16_th85.root,ok,,1000,1000,1.0,0.0,0.003,0.001729450779872038,0.002,0.522,0.317,0.317,0.683,0.014714312760030622,1143.3626912987277,667.5256262664432,1521.3697114270994,1.1433626912987278,0.6675256262664431,1.5213697114270994,0.3733916156520676,0.1601724662941666,1.0707278847819404
WbHt_4000_1000,WbHt,4000,1000,85,300,0.8,0.6,/eos/uscms/store/user/aji/rootfiles_existingOptimization/WbHt_4000_1000_pt300_ak8_ca6_th85.root,ok,,1000,999,0.999,0.0009994998749374613,0.2062062062062062,0.012800353736675943,0.15215215215215216,0.5695695695695696,0.3863863863863864,0.386,0.6136136136136137,0.015405494996193217,958.4584838104506,317.4616974793461,1184.6609967949546,0.9584584838104506,0.3174616974793461,1.1846609967949546,0.45239272955671916,0.07489988692044935,1.0711604947892877
WbHt_4000_1000,WbHt,4000,1000,85,200,0.8,1.6,/eos/uscms/store/user/aji/rootfiles_existingOptimization/WbHt_4000_1000_pt200_ak8_ca16_th85.root,ok,,1000,1000,1.0,0.0,0.33,0.014869431730903503,0.1775,0.634,0.426,0.426,0.5740000000000001,0.015637263187655313,980.6686983566151,255.50119531614476,1235.3998850663477,0.9806686983566151,0.2555011953161448,1.2353998850663475,0.4996074063505327,0.1701376618834361,1.0755405365148714
WbHt_4000_1000,WbHt,4000,1000,85,380,1.6,1.6,/eos/uscms/store/user/aji/rootfiles_existingOptimization/WbHt_4000_1000_pt380_ak16_ca16_th85.root,ok,,1000,1000,1.0,0.0,0.003,0.001729450779872038,0.002,0.5175,0.315,0.315,0.685,0.014689281806814109,1150.411015123641,678.6716840009803,1542.938993746238,1.1504110151236409,0.6786716840009803,1.542938993746238,0.3756341422254073,0.1601724662941666,1.0756752437377715
WbHt_4000_1000,WbHt,4000,1000,85,280,1.6,1.4,/eos/uscms/store/user/aji/rootfiles_existingOptimization/WbHt_4000_1000_pt280_ak16_ca14_th85.root,ok,,1000,1000,1.0,0.0,0.002,0.0014127986409959489,0.001,0.5,0.317,0.317,0.683,0.014714312760030622,1227.2825872794979,868.6882115187612,1782.385316829075,1.227282587279498,0.8686882115187612,1.782385316829075,0.37224397819237987,0.09851332713262397,1.0779722369203297
WbHt_4000_1000,WbHt,4000,1000,85,180,1.2,1.4,/eos/uscms/store/user/aji/rootfiles_existingOptimization/WbHt_4000_1000_pt180_ak12_ca14_th85.root,ok,,1000,1000,1.0,0.0,0.036,0.005891010100144117,0.02,0.493,0.307,0.307,0.6930000000000001,0.014585986425333049,1194.2103736937308,873.001809396049,1748.1615980639508,1.1942103736937308,0.873001809396049,1.7481615980639509,0.36641776354739103,0.1092191384267425,1.0788388009167642
WbHt_4000_1000,WbHt,4000,1000,85,220,0.8,1.6,/eos/uscms/store/user/aji/rootfiles_existingOptimization/WbHt_4000_1000_pt220_ak8_ca16_th85.root,ok,,1000,1000,1.0,0.0,0.366,0.01523299051401267,0.2,0.63,0.412,0.412,0.5880000000000001,0.01556457516284977,972.1213544830853,228.74060480664673,1178.0731763729154,0.9721213544830853,0.22874060480664674,1.1780731763729155,0.4882788384332251,0.1794791155662095,1.0790667029849166
WbHt_4000_1000,WbHt,4000,1000,85,320,1.0,0.8,/eos/uscms/store/user/aji/rootfiles_existingOptimization/WbHt_4000_1000_pt320_ak10_ca8_th85.root,ok,,1000,1000,1.0,0.0,0.136,0.010839926199010766,0.092,0.553,0.364,0.364,0.636,0.015215255502291114,1029.458511590914,392.06084918699713,1299.6333244195257,1.029458511590914,0.39206084918699713,1.2996333244195257,0.44080089921738363,0.09701038492431838,1.079746750376475
WbHt_4000_1000,WbHt,4000,1000,85,220,1.0,1.6,/eos/uscms/store/user/aji/rootfiles_existingOptimization/WbHt_4000_1000_pt220_ak10_ca16_th85.root,ok,,1000,1000,1.0,0.0,0.208,0.0128349522788361,0.11,0.5985,0.381,0.381,0.619,0.015357050498061143,1065.0814119637357,390.8782678749238,1364.254588619681,1.0650814119637357,0.39087826787492375,1.364254588619681,0.4569492574985898,0.15356800556037573,1.0824573986949633
WbHt_4000_1000,WbHt,4000,1000,85,180,1.2,1.6,/eos/uscms/store/user/aji/rootfiles_existingOptimization/WbHt_4000_1000_pt180_ak12_ca16_th85.root,ok,,1000,1000,1.0,0.0,0.043,0.006414904519944158,0.0235,0.4945,0.298,0.298,0.702,0.01446360950800318,1183.741441634837,846.1312122058383,1711.9043099558507,1.1837414416348369,0.8461312122058383,1.7119043099558506,0.3656934983007412,0.13064287731125285,1.0860676424642248
WbHt_4000_1000,WbHt,4000,1000,85,360,1.6,1.6,/eos/uscms/store/user/aji/rootfiles_existingOptimization/WbHt_4000_1000_pt360_ak16_ca16_th85.root,ok,,1000,1000,1.0,0.0,0.004,0.001995995991979944,0.0025,0.5145,0.309,0.309,0.6910000000000001,0.014612289348353322,1163.0525772363244,704.3386857279988,1593.7565568906434,1.1630525772363245,0.7043386857279988,1.5937565568906433,0.3823635700443148,0.16089340911280275,1.0896688277679474
WbHt_4000_1000,WbHt,4000,1000,85,180,1.2,1.2,/eos/uscms/store/user/aji/rootfiles_existingOptimization/WbHt_4000_1000_pt180_ak12_ca12_th85.root,ok,,1000,1000,1.0,0.0,0.031,0.0054807846153630225,0.0175,0.4685,0.304,0.304,0.696,0.014545927265045704,1218.6276311837423,893.1969218385467,1800.7472263271236,1.2186276311837423,0.8931969218385467,1.8007472263271236,0.37236571749444364,0.08930567396861382,1.0902284806128177
WbHt_4000_1000,WbHt,4000,1000,85,220,1.0,1.2,/eos/uscms/store/user/aji/rootfiles_existingOptimization/WbHt_4000_1000_pt220_ak10_ca12_th85.root,ok,,1000,1000,1.0,0.0,0.191,0.012430567163247218,0.1015,0.5765,0.384,0.384,0.616,0.015379986996093333,1079.477453131617,423.41136636028403,1439.6439665736748,1.079477453131617,0.42341136636028404,1.4396439665736747,0.4707058018049613,0.11485160040594167,1.094653547118123
WbHt_4000_1000,WbHt,4000,1000,85,280,0.6,0.4,/eos/uscms/store/user/aji/rootfiles_existingOptimization/WbHt_4000_1000_pt280_ak6_ca4_th85.root,ok,,1000,999,0.999,0.0009994998749374613,0.2042042042042042,0.01275411755882139,0.17017017017017017,0.5515515515515516,0.3833833833833834,0.383,0.6166166166166166,0.015383016671993302,871.771590886489,261.18466908845124,1071.2736983595353,0.8717715908864889,0.2611846690884513,1.0712736983595352,0.4646222919740473,0.09214700935713196,1.095061749502015
WbHt_4000_1000,WbHt,4000,1000,85,220,0.8,1.2,/eos/uscms/store/user/aji/rootfiles_existingOptimization/WbHt_4000_1000_pt220_ak8_ca12_th85.root,ok,,1000,1000,1.0,0.0,0.335,0.014925649064613574,0.1845,0.6195,0.421,0.421,0.579,0.015612783224012303,987.9596699833619,246.7235979316297,1265.5319357159167,0.9879596699833618,0.24672359793162973,1.2655319357159167,0.5156123112806035,0.13406929785538113,1.0958163442822673
WbHt_4000_1000,WbHt,4000,1000,85,200,1.2,1.4,/eos/uscms/store/user/aji/rootfiles_existingOptimization/WbHt_4000_1000_pt200_ak12_ca14_th85.root,ok,,1000,1000,1.0,0.0,0.043,0.006414904519944158,0.0235,0.4955,0.296,0.296,0.704,0.014435511767859151,1169.7765208448368,755.7224040213148,1634.9284835225817,1.1697765208448367,0.7557224040213147,1.6349284835225817,0.37580087471164414,0.12940892792834496,1.0967785267961276
WbHt_4000_1000,WbHt,4000,1000,85,260,1.6,1.4,/eos/uscms/store/user/aji/rootfiles_existingOptimization/WbHt_4000_1000_pt260_ak16_ca14_th85.root,ok,,1000,1000,1.0,0.0,0.002,0.0014127986409959489,0.001,0.486,0.309,0.309,0.6910000000000001,0.014612289348353322,1241.601264821695,905.9479055176549,1858.930819709439,1.241601264821695,0.9059479055176549,1.858930819709439,0.3837717233352855,0.09592616503929433,1.098931849817455
WbHt_4000_1000,WbHt,4000,1000,85,240,0.8,1.4,/eos/uscms/store/user/aji/rootfiles_existingOptimization/WbHt_4000_1000_pt240_ak8_ca14_th85.root,ok,,1000,1000,1.0,0.0,0.395,0.015458816254810716,0.222,0.614,0.391,0.391,0.609,0.015431104950715617,970.4138308110464,217.39085552985924,1167.1128207630386,0.9704138308110464,0.21739085552985923,1.1671128207630386,0.4893386383618557,0.1794791155662095,1.101297255280751
WbHt_4000_1000,WbHt,4000,1000,85,200,1.2,1.2,/eos/uscms/store/user/aji/rootfiles_existingOptimization/WbHt_4000_1000_pt200_ak12_ca12_th85.root,ok,,1000,1000,1.0,0.0,0.038,0.006046155803483731,0.021,0.478,0.297,0.297,0.7030000000000001,0.014449602070645405,1184.8896692814724,780.584780179545,1689.890316428314,1.184889669281472,0.7805847801795449,1.6898903164283139,0.38370894768631925,0.10534728023955,1.1051979146144664
WbHt_4000_1000,WbHt,4000,1000,85,160,1.2,1.4,/eos/uscms/store/user/aji/rootfiles_existingOptimization/WbHt_4000_1000_pt160_ak12_ca14_th85.root,ok,,1000,1000,1.0,0.0,0.028,0.005216895628628198,0.015,0.4845,0.312,0.312,0.688,0.014651143300097778,1224.1385542752885,929.03088710304,1903.2062054399457,1.2241385542752885,0.9290308871030399,1.9032062054399457,0.3979023922310962,0.1003594759017543,1.108316247658625
WbHt_4000_1000,WbHt,4000,1000,85,320,1.6,1.6,/eos/uscms/store/user/aji/rootfiles_existingOptimization/WbHt_4000_1000_pt320_ak16_ca16_th85.root,ok,,1000,1000,1.0,0.0,0.005,0.0022304708023195463,0.0025,0.505,0.297,0.297,0.7030000000000001,0.014449602070645405,1186.1177225392626,754.047068201778,1672.7276118401403,1.1861177225392625,0.7540470682017779,1.6727276118401402,0.3872636443167016,0.15893544595929182,1.108875416570628
WbHt_4000_1000,WbHt,4000,1000,85,240,0.8,1.6,/eos/uscms/store/user/aji/rootfiles_existingOptimization/WbHt_4000_1000_pt240_ak8_ca16_th85.root,ok,,1000,1000,1.0,0.0,0.411,0.015558888135082145,0.23,0.6095,0.38,0.38,0.62,0.015349267083479915,965.7539971878278,214.22597995089504,1158.4859758015139,0.9657539971878278,0.21422597995089504,1.1584859758015136,0.4888719066140045,0.20532602614257855,1.1122965068952215
WbHt_4000_1000,WbHt,4000,1000,85,340,1.6,1.6,/eos/uscms/store/user/aji/rootfiles_existingOptimization/WbHt_4000_1000_pt340_ak16_ca16_th85.root,ok,,1000,1000,1.0,0.0,0.004,0.001995995991979944,0.002,0.507,0.3,0.3,0.7,0.014491376746189439,1176.737763002649,732.4869771943349,1662.377781219435,1.1767377630026488,0.732486977194335,1.6623777812194351,0.39511386192465,0.1571343745547681,1.1127876382249149
WbHt_4000_1000,WbHt,4000,1000,85,240,1.0,1.4,/eos/uscms/store/user/aji/rootfiles_existingOptimization/WbHt_4000_1000_pt240_ak10_ca14_th85.root,ok,,1000,1000,1.0,0.0,0.232,0.013348258313353095,0.124,0.585,0.359,0.359,0.641,0.01516967369457893,1059.852962682259,351.14076418313397,1339.5158884684945,1.059852962682259,0.35114076418313395,1.3395158884684946,0.4662793609521063,0.1578804986314687,1.1132646572203322
WbHt_4000_1000,WbHt,4000,1000,85,160,1.2,1.2,/eos/uscms/store/user/aji/rootfiles_existingOptimization/WbHt_4000_1000_pt160_ak12_ca12_th85.root,ok,,1000,1000,1.0,0.0,0.024,0.004839834707921336,0.013,0.46,0.309,0.309,0.6910000000000001,0.014612289348353322,1244.602186027706,945.0719176521728,1940.4955305870772,1.2446021860277061,0.9450719176521728,1.940495530587077,0.39989629783309133,0.0799498300979584,1.1153565164358619
WbHt_4000_1000,WbHt,4000,1000,85,340,1.0,0.8,/eos/uscms/store/user/aji/rootfiles_existingOptimization/WbHt_4000_1000_pt340_ak10_ca8_th85.root,ok,,1000,1000,1.0,0.0,0.159,0.011563693181678594,0.112,0.529,0.342,0.342,0.6579999999999999,0.01500119995200384,1005.2984628408343,355.7617902864295,1276.5854500359214,1.0052984628408344,0.3557617902864295,1.2765854500359213,0.45798521224600874,0.10422002948869127,1.116515058530092
WbHt_4000_1000,WbHt,4000,1000,85,200,0.8,0.8,/eos/uscms/store/user/aji/rootfiles_existingOptimization/WbHt_4000_1000_pt200_ak8_ca8_th85.root,ok,,1000,1000,1.0,0.0,0.277,0.014151713677148785,0.151,0.5985,0.434,0.434,0.5660000000000001,0.015673034167001616,1011.3163817627067,365.9633344405929,1478.2047757509301,1.0113163817627067,0.3659633344405929,1.4782047757509302,0.549897866467722,0.09564621042220478,1.1170295046439929
WbHt_4000_1000,WbHt,4000,1000,85,160,0.6,1.4,/eos/uscms/store/user/aji/rootfiles_existingOptimization/WbHt_4000_1000_pt160_ak6_ca14_th85.root,ok,,1000,1000,1.0,0.0,0.316,0.014701836619960105,0.1685,0.631,0.41,0.41,0.5900000000000001,0.015553134732265389,925.7930828720773,238.3458741388268,1200.9976577602783,0.9257930828720773,0.23834587413882677,1.2009976577602783,0.5199065544079395,0.16117394223201997,1.1173272461207318
WbHt_4000_1000,WbHt,4000,1000,85,160,0.6,1.2,/eos/uscms/store/user/aji/rootfiles_existingOptimization/WbHt_4000_1000_pt160_ak6_ca12_th85.root,ok,,1000,1000,1.0,0.0,0.303,0.014532412050310162,0.162,0.6275,0.413,0.413,0.587,0.015570195888298902,933.7087458491205,283.37040416942693,1264.3403633207956,0.9337087458491207,0.283370404169427,1.2643403633207957,0.5253083274159912,0.14035595149917457,1.1189374528310791
WbHt_4000_1000,WbHt,4000,1000,85,260,1.2,1.0,/eos/uscms/store/user/aji/rootfiles_existingOptimization/WbHt_4000_1000_pt260_ak12_ca10_th85.root,ok,,1000,1000,1.0,0.0,0.039,0.006122009474020765,0.025,0.489,0.323,0.323,0.677,0.014787528529135624,1155.2096600461496,643.0568582856129,1628.5419176156433,1.1552096600461497,0.6430568582856129,1.6285419176156433,0.42653948171220324,0.08359103399406242,1.1190604477168182
WbHt_4000_1000,WbHt,4000,1000,85,240,1.0,1.6,/eos/uscms/store/user/aji/rootfiles_existingOptimization/WbHt_4000_1000_pt240_ak10_ca16_th85.root,ok,,1000,1000,1.0,0.0,0.24,0.013505554412907307,0.128,0.5845,0.355,0.355,0.645,0.015131919904625453,1055.8404726484969,339.9798980300347,1329.2535139614006,1.0558404726484967,0.3399798980300347,1.3292535139614006,0.4684768398060396,0.18663362205120357,1.1190608870708894
WbHt_4000_1000,WbHt,4000,1000,85,260,1.4,1.2,/eos/uscms/store/user/aji/rootfiles_existingOptimization/WbHt_4000_1000_pt260_ak14_ca12_th85.root,ok,,1000,1000,1.0,0.0,0.008,0.0028170906978654416,0.004,0.4725,0.304,0.304,0.696,0.014545927265045704,1183.6460750341505,761.723218773954,1721.7887054127918,1.1836460750341504,0.761723218773954,1.7217887054127918,0.405554289786809,0.09857417731705856,1.119918897290224
WbHt_4000_1000,WbHt,4000,1000,85,200,0.8,1.0,/eos/uscms/store/user/aji/rootfiles_existingOptimization/WbHt_4000_1000_pt200_ak8_ca10_th85.root,ok,,1000,1000,1.0,0.0,0.29,0.01434921600645833,0.1575,0.601,0.424,0.424,0.5760000000000001,0.015627667772255716,1005.8860080752859,318.84691800350487,1412.3287151484888,1.0058860080752858,0.31884691800350484,1.412328715148489,0.5435416082769202,0.10436164258352976,1.120130209084449
WbHt_4000_1000,WbHt,4000,1000,85,160,1.2,1.6,/eos/uscms/store/user/aji/rootfiles_existingOptimization/WbHt_4000_1000_pt160_ak12_ca16_th85.root,ok,,1000,1000,1.0,0.0,0.035,0.005811626278418116,0.0185,0.4865,0.301,0.301,0.6990000000000001,0.014505137021069465,1211.4269780350396,910.7848766898212,1880.3322377274017,1.2114269780350395,0.9107848766898211,1.8803322377274014,0.4001674795992272,0.12467653068774692,1.1203101774027313
WbHt_4000_1000,WbHt,4000,1000,85,300,1.6,1.6,/eos/uscms/store/user/aji/rootfiles_existingOptimization/WbHt_4000_1000_pt300_ak16_ca16_th85.root,ok,,1000,1000,1.0,0.0,0.005,0.0022304708023195463,0.0025,0.501,0.294,0.294,0.706,0.014407081592050489,1196.1909312632724,773.7263387749767,1718.8741180193047,1.1961909312632724,0.7737263387749767,1.7188741180193046,0.3950656013777738,0.15577065927126837,1.1206846945041011
WbHt_4000_1000,WbHt,4000,1000,85,320,0.8,0.6,/eos/uscms/store/user/aji/rootfiles_existingOptimization/WbHt_4000_1000_pt320_ak8_ca6_th85.root,ok,,1000,999,0.999,0.0009994998749374613,0.23923923923923923,0.013497629853390128,0.18118118118118118,0.541041041041041,0.35435435435435436,0.354,0.6456456456456456,0.015133286565274899,939.3248911306434,270.5544543373965,1155.3138466344476,0.9393248911306434,0.27055445433739655,1.1553138466344475,0.4709549383025966,0.08392165950041197,1.1236680948351778
WbHt_4000_1000,WbHt,4000,1000,85,240,1.6,1.4,/eos/uscms/store/user/aji/rootfiles_existingOptimization/WbHt_4000_1000_pt240_ak16_ca14_th85.root,ok,,1000,1000,1.0,0.0,0.002,0.0014127986409959489,0.001,0.475,0.304,0.304,0.696,0.014545927265045704,1261.3612825008177,925.9258578161084,1948.4899148818251,1.2613612825008174,0.9259258578161084,1.948489914881825,0.4053414637233619,0.09548319619686177,1.1274775919734434
WbHt_4000_1000,WbHt,4000,1000,85,200,1.2,1.6,/eos/uscms/store/user/aji/rootfiles_existingOptimization/WbHt_4000_1000_pt200_ak12_ca16_th85.root,ok,,1000,1000,1.0,0.0,0.05,0.006892024376045111,0.027,0.497,0.289,0.289,0.7110000000000001,0.014334538709006299,1163.3960439797347,681.4527731408156,1613.4139198491548,1.1633960439797346,0.6814527731408155,1.6134139198491548,0.40053477555256894,0.14675566197751977,1.1278743799505424
WbHt_4000_1000,WbHt,4000,1000,85,220,1.4,1.2,/eos/uscms/store/user/aji/rootfiles_existingOptimization/WbHt_4000_1000_pt220_ak14_ca12_th85.root,ok,,1000,1000,1.0,0.0,0.007,0.0026364749192814255,0.0035,0.451,0.299,0.299,0.7010000000000001,0.014477534320456642,1232.9436088886137,859.2841347840435,1862.6313701153488,1.2329436088886137,0.8592841347840436,1.8626313701153487,0.40689096731509533,0.08015438176411077,1.1311853282039568
WbHt_4000_1000,WbHt,4000,1000,85,260,0.8,1.4,/eos/uscms/store/user/aji/rootfiles_existingOptimization/WbHt_4000_1000_pt260_ak8_ca14_th85.root,ok,,1000,1000,1.0,0.0,0.448,0.01572564784039119,0.2565,0.596,0.363,0.363,0.637,0.015206281596761254,960.1875151260386,204.02209217263626,1146.4627391951528,0.9601875151260386,0.20402209217263625,1.146462739195153,0.4907586446272464,0.21088065113566284,1.1317398931146425
WbHt_4000_1000,WbHt,4000,1000,85,280,1.4,1.2,/eos/uscms/store/user/aji/rootfiles_existingOptimization/WbHt_4000_1000_pt280_ak14_ca12_th85.root,ok,,1000,1000,1.0,0.0,0.012,0.003443254274665175,0.006,0.4775,0.3,0.3,0.7,0.014491376746189439,1163.6349238032508,709.2693549259891,1676.2298758894951,1.1636349238032508,0.7092693549259892,1.676229875889495,0.4154913629624788,0.11143883198449306,1.1318548553428038
WbHt_4000_1000,WbHt,4000,1000,85,140,0.4,0.6,/eos/uscms/store/user/aji/rootfiles_existingOptimization/WbHt_4000_1000_pt140_ak4_ca6_th85.root,ok,,1000,1000,1.0,0.0,0.282,0.014229406171727617,0.1525,0.594,0.394,0.394,0.606,0.015451990163082553,896.0086865765343,377.1063560287934,1301.417970597198,0.8960086865765342,0.3771063560287934,1.301417970597198,0.5157938915190712,0.11820928678793974,1.1321930228614177
WbHt_4000_1000,WbHt,4000,1000,85,240,1.4,1.2,/eos/uscms/store/user/aji/rootfiles_existingOptimization/WbHt_4000_1000_pt240_ak14_ca12_th85.root,ok,,1000,1000,1.0,0.0,0.007,0.0026364749192814255,0.0035,0.459,0.296,0.296,0.704,0.014435511767859151,1206.9649824396004,809.9025205307568,1794.268573585165,1.2069649824396005,0.8099025205307568,1.7942685735851651,0.40778567206843896,0.08737018822021382,1.1324821703123988
WbHt_4000_1000,WbHt,4000,1000,85,240,0.8,1.2,/eos/uscms/store/user/aji/rootfiles_existingOptimization/WbHt_4000_1000_pt240_ak8_ca12_th85.root,ok,,1000,1000,1.0,0.0,0.386,0.015394934231752989,0.2175,0.5965,0.384,0.384,0.616,0.015379986996093333,977.7168437688564,219.89118565672484,1229.031493149822,0.9777168437688564,0.21989118565672486,1.229031493149822,0.5160698181301199,0.15480498904437295,1.134298133753234
WbHt_4000_1000,WbHt,4000,1000,85,260,1.0,1.4,/eos/uscms/store/user/aji/rootfiles_existingOptimization/WbHt_4000_1000_pt260_ak10_ca14_th85.root,ok,,1000,1000,1.0,0.0,0.266,0.013972973913952606,0.146,0.5695,0.339,0.339,0.661,0.014969268519202933,1053.2876228447142,314.20932337095206,1313.1238604931764,1.053287622844714,0.31420932337095203,1.3131238604931765,0.4741888708538894,0.18212779905027726,1.1405176331383609
WbHt_4000_1000,WbHt,4000,1000,85,220,1.0,1.0,/eos/uscms/store/user/aji/rootfiles_existingOptimization/WbHt_4000_1000_pt220_ak10_ca10_th85.root,ok,,1000,1000,1.0,0.0,0.178,0.012096115078817662,0.095,0.5505,0.373,0.373,0.627,0.015292841462592882,1088.3430137870055,457.7049164482205,1557.0482850091676,1.0883430137870054,0.4577049164482205,1.5570482850091676,0.5050537168128938,0.09674563358132432,1.1408880181915944
WbHt_4000_1000,WbHt,4000,1000,85,160,0.6,1.0,/eos/uscms/store/user/aji/rootfiles_existingOptimization/WbHt_4000_1000_pt160_ak6_ca10_th85.root,ok,,1000,1000,1.0,0.0,0.296,0.01443551176785915,0.1585,0.607,0.402,0.402,0.598,0.015504708962118573,947.9395257072422,326.8337050174568,1346.8564848007018,0.947939525707242,0.3268337050174568,1.3468564848007019,0.5380210193378226,0.12582596677620173,1.1412270667670983
WbHt_4000_1000,WbHt,4000,1000,85,260,0.8,1.6,/eos/uscms/store/user/aji/rootfiles_existingOptimization/WbHt_4000_1000_pt260_ak8_ca16_th85.root,ok,,1000,1000,1.0,0.0,0.461,0.015763216676808068,0.263,0.592,0.352,0.352,0.648,0.015102847413650183,955.208230040848,201.513744591241,1141.360066533991,0.955208230040848,0.201513744591241,1.141360066533991,0.4919588694826043,0.24447282873282766,1.1444380464785195
WbHt_4000_1000,WbHt,4000,1000,85,260,1.0,1.6,/eos/uscms/store/user/aji/rootfiles_existingOptimization/WbHt_4000_1000_pt260_ak10_ca16_th85.root,ok,,1000,1000,1.0,0.0,0.272,0.014071815803228808,0.149,0.569,0.335,0.335,0.665,0.014925649064613572,1048.4766092590803,308.9584759303373,1305.4963873843685,1.0484766092590805,0.30895847593033726,1.3054963873843684,0.47523135120689414,0.21552437747674302,1.1450790121328023
WbHt_4000_1000,WbHt,4000,1000,85,400,1.4,1.2,/eos/uscms/store/user/aji/rootfiles_existingOptimization/WbHt_4000_1000_pt400_ak14_ca12_th85.root,ok,,1000,1000,1.0,0.0,0.021,0.004534203347888138,0.014,0.4895,0.296,0.296,0.704,0.014435511767859151,1048.4852201122976,530.7156279761758,1446.0451302553834,1.0484852201122976,0.5307156279761759,1.4460451302553834,0.4365009085112194,0.13745281546015584,1.1453494305224492
WbHt_4000_1000,WbHt,4000,1000,85,300,1.4,1.2,/eos/uscms/store/user/aji/rootfiles_existingOptimization/WbHt_4000_1000_pt300_ak14_ca12_th85.root,ok,,1000,1000,1.0,0.0,0.013,0.003582038525755969,0.0065,0.485,0.303,0.303,0.6970000000000001,0.01453241205031016,1142.5163214800928,666.6720277089169,1659.3447949267006,1.1425163214800929,0.6666720277089169,1.6593447949267006,0.43442388898733997,0.1180162134999051,1.1456755211353493
WbHt_4000_1000,WbHt,4000,1000,85,280,1.6,1.6,/eos/uscms/store/user/aji/rootfiles_existingOptimization/WbHt_4000_1000_pt280_ak16_ca16_th85.root,ok,,1000,1000,1.0,0.0,0.006,0.002442130217658346,0.003,0.49,0.286,0.286,0.714,0.014289996501049257,1211.088650439741,796.2135056806726,1791.2722999440398,1.211088650439741,0.7962135056806726,1.7912722999440398,0.41081170808679685,0.1544811202137682,1.145920573130771
WbHt_4000_1000,WbHt,4000,1000,85,180,0.6,1.4,/eos/uscms/store/user/aji/rootfiles_existingOptimization/WbHt_4000_1000_pt180_ak6_ca14_th85.root,ok,,1000,1000,1.0,0.0,0.369,0.015259062880793171,0.2015,0.617,0.388,0.388,0.612,0.015409607392792329,909.2682418774452,181.2587353527983,1137.0274975965685,0.9092682418774451,0.1812587353527983,1.1370274975965684,0.5255702983040028,0.186228001214229,1.1466434741162583
WbHt_4000_1000,WbHt,4000,1000,85,160,0.6,1.6,/eos/uscms/store/user/aji/rootfiles_existingOptimization/WbHt_4000_1000_pt160_ak6_ca16_th85.root,ok,,1000,1000,1.0,0.0,0.338,0.014958475858188226,0.1795,0.626,0.397,0.397,0.603,0.01547226550961429,918.2295930091007,198.89862440512908,1185.149610261335,0.9182295930091007,0.1988986244051291,1.1851496102613348,0.5370394253054916,0.19209785298173138,1.1482164660045817
WbHt_4000_1000,WbHt,4000,1000,85,220,1.2,1.2,/eos/uscms/store/user/aji/rootfiles_existingOptimization/WbHt_4000_1000_pt220_ak12_ca12_th85.root,ok,,1000,1000,1.0,0.0,0.049,0.006826346021115542,0.027,0.479,0.293,0.293,0.7070000000000001,0.014392741226048635,1166.9587196706007,651.7462647128203,1643.0233445260828,1.1669587196706006,0.6517462647128203,1.643023344526083,0.4247267118810647,0.127663955591933,1.1484225838481248
WbHt_4000_1000,WbHt,4000,1000,85,240,1.0,1.2,/eos/uscms/store/user/aji/rootfiles_existingOptimization/WbHt_4000_1000_pt240_ak10_ca12_th85.root,ok,,1000,1000,1.0,0.0,0.225,0.013205112646244258,0.1205,0.558,0.35,0.35,0.65,0.015083103128998356,1070.5284122884345,358.0936256751023,1410.161873194699,1.0705284122884344,0.35809362567510233,1.410161873194699,0.49137801269123904,0.13346459428415228,1.1484308539200825
WbHt_4000_1000,WbHt,4000,1000,85,360,1.0,0.8,/eos/uscms/store/user/aji/rootfiles_existingOptimization/WbHt_4000_1000_pt360_ak10_ca8_th85.root,ok,,1000,1000,1.0,0.0,0.177,0.012069424178476784,0.1275,0.506,0.314,0.314,0.6859999999999999,0.014676648118695223,978.9460866228018,331.4903271311696,1237.864751967926,0.9789460866228017,0.3314903271311696,1.237864751967926,0.4629337801244984,0.11529438649441756,1.1510391714622181
WbHt_4000_1000,WbHt,4000,1000,85,320,1.4,1.2,/eos/uscms/store/user/aji/rootfiles_existingOptimization/WbHt_4000_1000_pt320_ak14_ca12_th85.root,ok,,1000,1000,1.0,0.0,0.013,0.003582038525755969,0.0065,0.489,0.304,0.304,0.696,0.014545927265045704,1120.1830649468811,627.6248226515996,1624.641064213473,1.1201830649468811,0.6276248226515996,1.624641064213473,0.44502379689571175,0.12430240155135662,1.1530421033904
WbHt_4000_1000,WbHt,4000,1000,85,220,1.2,1.4,/eos/uscms/store/user/aji/rootfiles_existingOptimization/WbHt_4000_1000_pt220_ak12_ca14_th85.root,ok,,1000,1000,1.0,0.0,0.055,0.00720936890441875,0.03,0.494,0.292,0.292,0.708,0.014378317008607092,1153.7417224137464,608.6885336877646,1601.8896391717317,1.1537417224137463,0.6086885336877645,1.6018896391717317,0.4304261023888814,0.13863510613887803,1.153800274630256
WbHt_4000_1000,WbHt,4000,1000,85,340,1.4,1.2,/eos/uscms/store/user/aji/rootfiles_existingOptimization/WbHt_4000_1000_pt340_ak14_ca12_th85.root,ok,,1000,1000,1.0,0.0,0.013,0.003582038525755969,0.0065,0.491,0.301,0.301,0.6990000000000001,0.014505137021069465,1099.2231689507817,599.3970141894214,1580.330508268879,1.0992231689507816,0.5993970141894214,1.580330508268879,0.4461939676070363,0.13091599242058655,1.1551162845021146
WbHt_4000_1000,WbHt,4000,1000,85,260,0.8,1.2,/eos/uscms/store/user/aji/rootfiles_existingOptimization/WbHt_4000_1000_pt260_ak8_ca12_th85.root,ok,,1000,1000,1.0,0.0,0.438,0.015689359451551872,0.2515,0.576,0.353,0.353,0.647,0.015112610628213776,968.6433688325899,205.2855096434957,1189.540250563084,0.96864336883259,0.20528550964349568,1.189540250563084,0.5080583693593099,0.1880439207905258,1.158194032476051
WbHt_4000_1000,WbHt,4000,1000,85,280,1.2,1.0,/eos/uscms/store/user/aji/rootfiles_existingOptimization/WbHt_4000_1000_pt280_ak12_ca10_th85.root,ok,,1000,1000,1.0,0.0,0.048,0.006759881655768835,0.0315,0.4775,0.307,0.307,0.6930000000000001,0.014585986425333049,1133.3028098975542,574.5996409228055,1604.302146592021,1.1333028098975542,0.5745996409228056,1.604302146592021,0.45429275242081874,0.09418520470607389,1.1606230334105743
WbHt_4000_1000,WbHt,4000,1000,85,220,0.8,1.0,/eos/uscms/store/user/aji/rootfiles_existingOptimization/WbHt_4000_1000_pt220_ak8_ca10_th85.root,ok,,1000,1000,1.0,0.0,0.331,0.014880826589944525,0.1825,0.5925,0.402,0.402,0.598,0.015504708962118573,995.9147220697187,249.01661196311397,1369.2498038421577,0.9959147220697186,0.24901661196311398,1.3692498038421577,0.5624142143169474,0.11029203831455,1.1608227421099755
WbHt_4000_1000,WbHt,4000,1000,85,200,0.6,1.4,/eos/uscms/store/user/aji/rootfiles_existingOptimization/WbHt_4000_1000_pt200_ak6_ca14_th85.root,ok,,1000,1000,1.0,0.0,0.426,0.015637263187655313,0.2385,0.603,0.371,0.371,0.629,0.015276092432294327,896.4202827044742,159.8661092739285,1096.3140318987782,0.8964202827044742,0.15986610927392847,1.0963140318987783,0.5223263800990834,0.20455190861167044,1.161684351828636
WbHt_4000_1000,WbHt,4000,1000,85,280,0.8,1.4,/eos/uscms/store/user/aji/rootfiles_existingOptimization/WbHt_4000_1000_pt280_ak8_ca14_th85.root,ok,,1000,999,0.999,0.0009994998749374613,0.4944944944944945,0.015818340915483117,0.28678678678678676,0.5785785785785785,0.33933933933933935,0.339,0.6606606606606606,0.014980406025230451,944.1632342984867,195.50160527905646,1129.442859990615,0.9441632342984867,0.19550160527905647,1.129442859990615,0.49458675194309853,0.24679358801227194,1.1618310891739103
WbHt_4000_1000,WbHt,4000,1000,85,360,1.4,1.2,/eos/uscms/store/user/aji/rootfiles_existingOptimization/WbHt_4000_1000_pt360_ak14_ca12_th85.root,ok,,1000,1000,1.0,0.0,0.016,0.003967870965643918,0.0085,0.49,0.3,0.3,0.7,0.014491376746189439,1084.8049377658099,572.2789543190669,1556.1526855654497,1.08480493776581,0.5722789543190668,1.5561526855654497,0.4534795597781394,0.1327122133505616,1.1619600535547203
WbHt_4000_1000,WbHt,4000,1000,85,180,0.6,1.6,/eos/uscms/store/user/aji/rootfiles_existingOptimization/WbHt_4000_1000_pt180_ak6_ca16_th85.root,ok,,1000,1000,1.0,0.0,0.39,0.01542400726140908,0.212,0.612,0.374,0.374,0.626,0.015301111070768685,902.0670376620535,174.18746147859432,1124.6208868294557,0.9020670376620537,0.17418746147859432,1.1246208868294556,0.5268086437423554,0.22266751804999335,1.16260193997615
WbHt_4000_1000,WbHt,4000,1000,85,180,0.6,1.2,/eos/uscms/store/user/aji/rootfiles_existingOptimization/WbHt_4000_1000_pt180_ak6_ca12_th85.root,ok,,1000,1000,1.0,0.0,0.355,0.015131919904625453,0.1945,0.615,0.391,0.391,0.609,0.015431104950715617,918.2295930091007,186.55116101232306,1192.7559053910286,0.9182295930091007,0.18655116101232308,1.1927559053910286,0.5479047680663962,0.1587822367045439,1.1650818087654862
WbHt_4000_1000,WbHt,4000,1000,85,380,1.4,1.2,/eos/uscms/store/user/aji/rootfiles_existingOptimization/WbHt_4000_1000_pt380_ak14_ca12_th85.root,ok,,1000,1000,1.0,0.0,0.019,0.004317290817167636,0.0115,0.488,0.293,0.293,0.7070000000000001,0.014392741226048635,1064.5474254961891,546.9051232743225,1510.18158186074,1.064547425496189,0.5469051232743224,1.51018158186074,0.45243473212921037,0.1400906297517744,1.1658894746788293
WbHt_4000_1000,WbHt,4000,1000,85,200,1.4,1.2,/eos/uscms/store/user/aji/rootfiles_existingOptimization/WbHt_4000_1000_pt200_ak14_ca12_th85.root,ok,,1000,1000,1.0,0.0,0.005,0.0022304708023195463,0.0025,0.422,0.284,0.284,0.716,0.014259873772232349,1281.7142511492298,923.2158739381647,2004.7344132215883,1.2817142511492297,0.9232158739381647,2.004734413221588,0.42190314194981293,0.0712371193756389,1.166074567064736
WbHt_4000_1000,WbHt,4000,1000,85,280,1.0,1.6,/eos/uscms/store/user/aji/rootfiles_existingOptimization/WbHt_4000_1000_pt280_ak10_ca16_th85.root,ok,,1000,1000,1.0,0.0,0.304,0.014545927265045703,0.1675,0.556,0.31,0.31,0.69,0.014625320509308506,1036.14306707239,292.65889085742526,1273.9576501280455,1.0361430670723901,0.29265889085742525,1.2739576501280456,0.4735343942624006,0.2585613777273868,1.1671487009696397
WbHt_4000_1000,WbHt,4000,1000,85,280,1.0,1.4,/eos/uscms/store/user/aji/rootfiles_existingOptimization/WbHt_4000_1000_pt280_ak10_ca14_th85.root,ok,,1000,1000,1.0,0.0,0.298,0.014463609508003178,0.1645,0.5555,0.312,0.312,0.688,0.014651143300097778,1039.3931536349596,297.1803346683954,1286.6233327834454,1.0393931536349594,0.2971803346683954,1.2866233327834453,0.4759714813662067,0.23034183114690782,1.1679107967297027
WbHt_4000_1000,WbHt,4000,1000,85,220,1.2,1.6,/eos/uscms/store/user/aji/rootfiles_existingOptimization/WbHt_4000_1000_pt220_ak12_ca16_th85.root,ok,,1000,1000,1.0,0.0,0.061,0.0075682891065286355,0.033,0.495,0.285,0.285,0.7150000000000001,0.01427497810856465,1147.4841651096235,567.5033955302565,1576.3766106460537,1.1474841651096235,0.5675033955302565,1.5763766106460537,0.4396022384410924,0.15967973252814682,1.169350654952055
WbHt_4000_1000,WbHt,4000,1000,85,300,0.6,0.4,/eos/uscms/store/user/aji/rootfiles_existingOptimization/WbHt_4000_1000_pt300_ak6_ca4_th85.root,ok,,1000,999,0.999,0.0009994998749374613,0.24524524524524524,0.013611954313399484,0.2082082082082082,0.525025025025025,0.35935935935935936,0.359,0.6406406406406406,0.015180601465721021,847.8806244894731,187.84537497291237,1058.5202775303978,0.8478806244894732,0.18784537497291234,1.058520277530398,0.5134419147045242,0.10144679112483401,1.1702944928962173
WbHt_4000_1000,WbHt,4000,1000,85,280,0.8,1.6,/eos/uscms/store/user/aji/rootfiles_existingOptimization/WbHt_4000_1000_pt280_ak8_ca16_th85.root,ok,,1000,999,0.999,0.0009994998749374613,0.5055055055055055,0.015818340915483117,0.2922922922922923,0.5770770770770771,0.3303303303303303,0.33,0.6696696696696697,0.014880646384852245,940.9274984283466,193.42711451636143,1123.4138120818134,0.9409274984283466,0.19342711451636144,1.1234138120818136,0.494186161589937,0.2992934496192905,1.170763081416772
WbHt_4000_1000,WbHt,4000,1000,85,300,1.2,1.0,/eos/uscms/store/user/aji/rootfiles_existingOptimization/WbHt_4000_1000_pt300_ak12_ca10_th85.root,ok,,1000,1000,1.0,0.0,0.052,0.007021111023192838,0.035,0.474,0.299,0.299,0.7010000000000001,0.014477534320456642,1110.7912846125469,532.5090299836822,1554.9067162987837,1.1107912846125467,0.5325090299836822,1.5549067162987837,0.46021142787041325,0.10297562704792008,1.1722905563316681
WbHt_4000_1000,WbHt,4000,1000,85,200,0.6,1.6,/eos/uscms/store/user/aji/rootfiles_existingOptimization/WbHt_4000_1000_pt200_ak6_ca16_th85.root,ok,,1000,1000,1.0,0.0,0.439,0.015693278816104682,0.245,0.5995,0.359,0.359,0.641,0.01516967369457893,890.0934237771764,158.26899104591075,1084.6509005049957,0.8900934237771765,0.15826899104591075,1.0846509005049958,0.5203846499213058,0.24233417094414855,1.172375307543588
WbHt_4000_1000,WbHt,4000,1000,85,260,1.6,1.6,/eos/uscms/store/user/aji/rootfiles_existingOptimization/WbHt_4000_1000_pt260_ak16_ca16_th85.root,ok,,1000,1000,1.0,0.0,0.005,0.0022304708023195463,0.0025,0.48,0.28,0.28,0.72,0.014198591479439079,1229.1440503393849,842.7842592100841,1899.64602582184,1.229144050339385,0.842784259210084,1.8996460258218402,0.4299177815325799,0.1464633928061022,1.1728321865665183
WbHt_4000_1000,WbHt,4000,1000,85,260,1.0,1.2,/eos/uscms/store/user/aji/rootfiles_existingOptimization/WbHt_4000_1000_pt260_ak10_ca12_th85.root,ok,,1000,1000,1.0,0.0,0.259,0.013853483316480371,0.1425,0.546,0.33,0.33,0.6699999999999999,0.014869431730903505,1060.5007572338504,318.17418211257745,1372.0579906984524,1.0605007572338503,0.3181741821125775,1.3720579906984522,0.4968802716062011,0.15460275008704671,1.172930347329586
WbHt_4000_1000,WbHt,4000,1000,85,340,0.8,0.6,/eos/uscms/store/user/aji/rootfiles_existingOptimization/WbHt_4000_1000_pt340_ak8_ca6_th85.root,ok,,1000,999,0.999,0.0009994998749374613,0.2722722722722723,0.014083267392349346,0.21271271271271272,0.5125125125125125,0.3213213213213213,0.321,0.6786786786786787,0.014774715632040067,913.6983986841367,239.17084087783738,1130.8105448296612,0.9136983986841366,0.23917084087783738,1.1308105448296613,0.48792889712618487,0.09087329540921817,1.17623773593645
WbHt_4000_1000,WbHt,4000,1000,85,220,0.6,1.4,/eos/uscms/store/user/aji/rootfiles_existingOptimization/WbHt_4000_1000_pt220_ak6_ca14_th85.root,ok,,1000,1000,1.0,0.0,0.467,0.015776913513105152,0.2675,0.5915,0.352,0.352,0.648,0.015102847413650183,887.1679544639505,153.9101400315143,1073.3256284830768,0.8871679544639506,0.15391014003151426,1.0733256284830768,0.5181744244848748,0.23200848097883908,1.17745762903848
WbHt_4000_1000,WbHt,4000,1000,85,140,0.4,0.8,/eos/uscms/store/user/aji/rootfiles_existingOptimization/WbHt_4000_1000_pt140_ak4_ca8_th85.root,ok,,1000,1000,1.0,0.0,0.296,0.01443551176785915,0.1595,0.589,0.381,0.381,0.619,0.015357050498061143,894.5059549436103,306.32008265445404,1286.9072738840998,0.8945059549436103,0.306320082654454,1.2869072738840999,0.5481166367927993,0.12721517974682295,1.1776660412984383
WbHt_4000_1000,WbHt,4000,1000,85,220,0.8,0.8,/eos/uscms/store/user/aji/rootfiles_existingOptimization/WbHt_4000_1000_pt220_ak8_ca8_th85.root,ok,,1000,1000,1.0,0.0,0.319,0.014739029818817792,0.1765,0.587,0.406,0.406,0.594,0.015529455882290275,1003.3874370593469,260.4610038321041,1433.1815055932318,1.003387437059347,0.2604610038321041,1.4331815055932318,0.5843806980472316,0.10131918651254511,1.1787194417531661
WbHt_4000_1000,WbHt,4000,1000,85,200,0.6,1.2,/eos/uscms/store/user/aji/rootfiles_existingOptimization/WbHt_4000_1000_pt200_ak6_ca12_th85.root,ok,,1000,1000,1.0,0.0,0.412,0.015564575162849772,0.2315,0.597,0.37,0.37,0.63,0.015267612779999367,905.4769709564371,162.8599823702556,1147.1324054919126,0.9054769709564372,0.16285998237025562,1.1471324054919125,0.5435104672413643,0.1756576303740071,1.1829627701457206
WbHt_4000_1000,WbHt,4000,1000,85,280,0.8,1.2,/eos/uscms/store/user/aji/rootfiles_existingOptimization/WbHt_4000_1000_pt280_ak8_ca12_th85.root,ok,,1000,999,0.999,0.0009994998749374613,0.4864864864864865,0.01581352118931533,0.2827827827827828,0.5570570570570571,0.3253253253253253,0.325,0.6746746746746747,0.014822566123778648,952.2012641767844,196.42868162150074,1154.9790450454668,0.9522012641767843,0.19642868162150073,1.154979045045467,0.5033339061215545,0.23527610643153415,1.1837884543785506
WbHt_4000_1000,WbHt,4000,1000,85,380,1.0,0.8,/eos/uscms/store/user/aji/rootfiles_existingOptimization/WbHt_4000_1000_pt380_ak10_ca8_th85.root,ok,,1000,1000,1.0,0.0,0.198,0.012601428490452978,0.1485,0.4885,0.3,0.3,0.7,0.014491376746189439,940.0614180042503,310.74787638462544,1216.1701158450674,0.9400614180042504,0.3107478763846255,1.2161701158450673,0.4815761088156626,0.12228794572746154,1.1875699670152375
WbHt_4000_1000,WbHt,4000,1000,85,140,0.4,1.2,/eos/uscms/store/user/aji/rootfiles_existingOptimization/WbHt_4000_1000_pt140_ak4_ca12_th85.root,ok,,1000,1000,1.0,0.0,0.315,0.01468928180681411,0.169,0.603,0.381,0.381,0.619,0.015357050498061143,871.1785823812875,195.2805178930665,1163.532142507835,0.8711785823812874,0.1952805178930665,1.1635321425078349,0.5557136299013117,0.15913817599889568,1.187595771663183
WbHt_4000_1000,WbHt,4000,1000,85,140,0.4,1.4,/eos/uscms/store/user/aji/rootfiles_existingOptimization/WbHt_4000_1000_pt140_ak4_ca14_th85.root,ok,,1000,1000,1.0,0.0,0.332,0.014892145580808697,0.1775,0.6065,0.371,0.371,0.629,0.015276092432294327,856.3289389639256,164.16954263987614,1098.7356529536685,0.8563289389639255,0.16416954263987613,1.0987356529536685,0.5456817280077713,0.18761704758781106,1.1890488341113787
WbHt_4000_1000,WbHt,4000,1000,85,220,0.6,1.6,/eos/uscms/store/user/aji/rootfiles_existingOptimization/WbHt_4000_1000_pt220_ak6_ca16_th85.root,ok,,1000,1000,1.0,0.0,0.476,0.01579316307773715,0.272,0.5875,0.341,0.341,0.659,0.014990630407024249,879.3448484715111,152.97627992619883,1065.0603454544578,0.8793448484715112,0.15297627992619883,1.0650603454544576,0.5186156870729699,0.26694950861735667,1.189681202225819
WbHt_4000_1000,WbHt,4000,1000,85,220,0.6,1.2,/eos/uscms/store/user/aji/rootfiles_existingOptimization/WbHt_4000_1000_pt220_ak6_ca12_th85.root,ok,,1000,1000,1.0,0.0,0.453,0.015741378592740853,0.2605,0.5835,0.35,0.35,0.65,0.015083103128998356,895.5272465498404,154.70972508760048,1105.8612241090452,0.8955272465498403,0.1547097250876005,1.1058612241090453,0.5310567058042654,0.19570634141928825,1.1915039811492814
WbHt_4000_1000,WbHt,4000,1000,85,240,1.2,1.4,/eos/uscms/store/user/aji/rootfiles_existingOptimization/WbHt_4000_1000_pt240_ak12_ca14_th85.root,ok,,1000,1000,1.0,0.0,0.068,0.007960904471226871,0.037,0.4885,0.274,0.274,0.726,0.014104041973845655,1132.1875206270365,523.5386102095289,1548.4497855630118,1.1321875206270366,0.5235386102095289,1.5484497855630117,0.45262430325404873,0.16041241723676264,1.1918430553167523
WbHt_4000_1000,WbHt,4000,1000,85,300,0.8,1.4,/eos/uscms/store/user/aji/rootfiles_existingOptimization/WbHt_4000_1000_pt300_ak8_ca14_th85.root,ok,,1000,999,0.999,0.0009994998749374613,0.5345345345345346,0.01578152154726628,0.3173173173173173,0.5520520520520521,0.3123123123123123,0.312,0.6876876876876876,0.014662480015695152,933.2196476619464,188.50819802758718,1116.788644545893,0.9332196476619463,0.18850819802758717,1.116788644545893,0.4973536770491197,0.3010179563689129,1.1927193999706125
WbHt_4000_1000,WbHt,4000,1000,85,280,1.0,1.2,/eos/uscms/store/user/aji/rootfiles_existingOptimization/WbHt_4000_1000_pt280_ak10_ca12_th85.root,ok,,1000,1000,1.0,0.0,0.292,0.014378317008607092,0.1615,0.5335,0.303,0.303,0.6970000000000001,0.01453241205031016,1049.5856289882558,298.67465457647813,1332.2859087913146,1.0495856289882557,0.2986746545764781,1.3322859087913146,0.49239015172644,0.21248419369945132,1.1943487146252656
WbHt_4000_1000,WbHt,4000,1000,85,300,1.0,1.6,/eos/uscms/store/user/aji/rootfiles_existingOptimization/WbHt_4000_1000_pt300_ak10_ca16_th85.root,ok,,1000,1000,1.0,0.0,0.334,0.014914556647785411,0.1875,0.533,0.286,0.286,0.714,0.014289996501049257,1022.321092497901,279.0540683109657,1257.2470120277756,1.022321092497901,0.2790540683109657,1.2572470120277754,0.47841766686371007,0.3004191197488788,1.1946497761135002
WbHt_4000_1000,WbHt,4000,1000,85,240,0.8,1.0,/eos/uscms/store/user/aji/rootfiles_existingOptimization/WbHt_4000_1000_pt240_ak8_ca10_th85.root,ok,,1000,1000,1.0,0.0,0.383,0.015372410351015223,0.216,0.57,0.366,0.366,0.634,0.01523299051401267,988.8901816894263,221.09167781663024,1327.9735754775634,0.9888901816894262,0.22109167781663025,1.3279735754775632,0.5596586548012484,0.13167233348710616,1.194769636632306
WbHt_4000_1000,WbHt,4000,1000,85,240,1.0,1.0,/eos/uscms/store/user/aji/rootfiles_existingOptimization/WbHt_4000_1000_pt240_ak10_ca10_th85.root,ok,,1000,1000,1.0,0.0,0.212,0.012925014506761685,0.1145,0.5335,0.34,0.34,0.6599999999999999,0.014979986648859205,1080.4538647621107,376.78524492168754,1521.1339917758762,1.0804538647621107,0.3767852449216875,1.5211339917758762,0.5295685378968708,0.11529141194247389,1.1976139243730817
WbHt_4000_1000,WbHt,4000,1000,85,300,0.8,1.6,/eos/uscms/store/user/aji/rootfiles_existingOptimization/WbHt_4000_1000_pt300_ak8_ca16_th85.root,ok,,1000,999,0.999,0.0009994998749374613,0.5425425425425425,0.01576193422916936,0.3213213213213213,0.555055055055055,0.3073073073073073,0.307,0.6926926926926926,0.01459734937554182,929.0010605574529,188.0374998758671,1111.2328600716523,0.9290010605574529,0.1880374998758671,1.1112328600716523,0.4968752993897639,0.3335665555407017,1.1976678860267111
WbHt_4000_1000,WbHt,4000,1000,85,140,0.4,1.0,/eos/uscms/store/user/aji/rootfiles_existingOptimization/WbHt_4000_1000_pt140_ak4_ca10_th85.root,ok,,1000,1000,1.0,0.0,0.305,0.014559361249725209,0.164,0.59,0.375,0.375,0.625,0.015309310892394862,886.8709171781145,249.08713179698734,1245.229016907839,0.8868709171781146,0.24908713179698735,1.245229016907839,0.5616047757437014,0.1404900028807735,1.19791768402589
WbHt_4000_1000,WbHt,4000,1000,85,240,1.4,1.4,/eos/uscms/store/user/aji/rootfiles_existingOptimization/WbHt_4000_1000_pt240_ak14_ca14_th85.root,ok,,1000,1000,1.0,0.0,0.02,0.004427188724235731,0.01,0.468,0.263,0.263,0.737,0.013922320208930694,1171.9276111873514,709.0867117279262,1751.0146956878966,1.1719276111873513,0.7090867117279261,1.7510146956878967,0.44453598243339015,0.15645914374396536,1.1987287435521252
WbHt_4000_1000,WbHt,4000,1000,85,240,1.2,1.2,/eos/uscms/store/user/aji/rootfiles_existingOptimization/WbHt_4000_1000_pt240_ak12_ca12_th85.root,ok,,1000,1000,1.0,0.0,0.06,0.007509993342207435,0.033,0.4795,0.281,0.281,0.719,0.014214042352547005,1141.9461241268773,536.7793432217493,1600.3482705342944,1.1419461241268773,0.5367793432217492,1.6003482705342942,0.4656826205902407,0.1472586566902605,1.1988772330029285
WbHt_4000_1000,WbHt,4000,1000,85,300,1.0,1.4,/eos/uscms/store/user/aji/rootfiles_existingOptimization/WbHt_4000_1000_pt300_ak10_ca14_th85.root,ok,,1000,1000,1.0,0.0,0.33,0.014869431730903503,0.1855,0.5295,0.286,0.286,0.714,0.014289996501049257,1026.820117106482,279.7545693766275,1272.3623121661694,1.0268201171064821,0.2797545693766275,1.2723623121661696,0.4833406193806621,0.2706633866739627,1.2000226310913102
WbHt_4000_1000,WbHt,4000,1000,85,220,1.4,1.4,/eos/uscms/store/user/aji/rootfiles_existingOptimization/WbHt_4000_1000_pt220_ak14_ca14_th85.root,ok,,1000,1000,1.0,0.0,0.02,0.004427188724235731,0.01,0.4555,0.263,0.263,0.737,0.013922320208930694,1195.331411108613,765.7238598615756,1826.9379467453864,1.195331411108613,0.7657238598615757,1.8269379467453863,0.44389952318729126,0.13976231829778266,1.2004326642981527
WbHt_4000_1000,WbHt,4000,1000,85,240,1.6,1.6,/eos/uscms/store/user/aji/rootfiles_existingOptimization/WbHt_4000_1000_pt240_ak16_ca16_th85.root,ok,,1000,1000,1.0,0.0,0.006,0.002442130217658346,0.003,0.469,0.276,0.276,0.724,0.014135911714495106,1238.934844196188,864.9409716917015,1987.1103528191575,1.2389348441961878,0.8649409716917016,1.9871103528191574,0.45287667321016845,0.1419746084199627,1.2007701576297873
WbHt_4000_1000,WbHt,4000,1000,85,240,1.2,1.6,/eos/uscms/store/user/aji/rootfiles_existingOptimization/WbHt_4000_1000_pt240_ak12_ca16_th85.root,ok,,1000,1000,1.0,0.0,0.074,0.00827792244467173,0.04,0.4895,0.267,0.267,0.733,0.013989674763910703,1127.4089244590614,504.8056608797756,1532.3929403350435,1.1274089244590613,0.5048056608797755,1.5323929403350436,0.45572961911238713,0.1850249960600147,1.2014705115582933
WbHt_4000_1000,WbHt,4000,1000,85,260,1.4,1.4,/eos/uscms/store/user/aji/rootfiles_existingOptimization/WbHt_4000_1000_pt260_ak14_ca14_th85.root,ok,,1000,1000,1.0,0.0,0.021,0.004534203347888138,0.0105,0.472,0.267,0.267,0.733,0.013989674763910703,1152.0990227603793,665.5064437403074,1711.4111340868856,1.1520990227603791,0.6655064437403074,1.7114111340868856,0.4539126714302023,0.1615954611543015,1.2021225737062402
WbHt_4000_1000,WbHt,4000,1000,85,180,1.4,1.2,/eos/uscms/store/user/aji/rootfiles_existingOptimization/WbHt_4000_1000_pt180_ak14_ca12_th85.root,ok,,1000,1000,1.0,0.0,0.003,0.001729450779872038,0.0015,0.396,0.275,0.275,0.725,0.014120021246442939,1338.9614985448218,985.9560684261766,2174.2032934581734,1.3389614985448217,0.9859560684261766,2.1742032934581736,0.4437197134956381,0.05983587397708317,1.2026158633501203
WbHt_4000_1000,WbHt,4000,1000,85,280,1.4,1.4,/eos/uscms/store/user/aji/rootfiles_existingOptimization/WbHt_4000_1000_pt280_ak14_ca14_th85.root,ok,,1000,1000,1.0,0.0,0.027,0.00512552436341883,0.0135,0.474,0.262,0.262,0.738,0.013905250806799567,1136.1464665581084,633.8318483945294,1664.0791260960711,1.1361464665581082,0.6338318483945294,1.6640791260960712,0.45339545033424167,0.17706779448808152,1.2050100969900526
WbHt_4000_1000,WbHt,4000,1000,85,140,1.2,1.0,/eos/uscms/store/user/aji/rootfiles_existingOptimization/WbHt_4000_1000_pt140_ak12_ca10_th85.root,ok,,1000,1000,1.0,0.0,0.009,0.002986469487538756,0.0055,0.4155,0.329,0.329,0.671,0.014857960829131297,1351.9245520355591,1035.0789424677532,2385.4458908026627,1.3519245520355592,1.0350789424677533,2.385445890802663,0.49942393098109494,0.024321720077791383,1.205616386184651
WbHt_4000_1000,WbHt,4000,1000,85,240,0.6,1.4,/eos/uscms/store/user/aji/rootfiles_existingOptimization/WbHt_4000_1000_pt240_ak6_ca14_th85.root,ok,,1000,999,0.999,0.0009994998749374613,0.5245245245245245,0.015800259361565514,0.3088088088088088,0.566066066066066,0.3213213213213213,0.321,0.6786786786786787,0.014774715632040067,870.3097802086291,144.48366325941342,1044.3140322819734,0.8703097802086291,0.1444836632594134,1.0443140322819733,0.5169598167717098,0.2755829124523215,1.2096075174295255
WbHt_4000_1000,WbHt,4000,1000,85,300,1.4,1.4,/eos/uscms/store/user/aji/rootfiles_existingOptimization/WbHt_4000_1000_pt300_ak14_ca14_th85.root,ok,,1000,1000,1.0,0.0,0.028,0.005216895628628198,0.014,0.479,0.266,0.266,0.734,0.013972973913952606,1113.782631113111,599.3355715008566,1636.105177632668,1.113782631113111,0.5993355715008567,1.636105177632668,0.46542726433777615,0.18356690707838927,1.2108055274490872
WbHt_4000_1000,WbHt,4000,1000,85,260,1.4,1.6,/eos/uscms/store/user/aji/rootfiles_existingOptimization/WbHt_4000_1000_pt260_ak14_ca16_th85.root,ok,,1000,1000,1.0,0.0,0.023,0.004740358636221525,0.0115,0.473,0.265,0.265,0.735,0.013956181426163821,1147.2849450554663,651.8495781060233,1710.394293097725,1.1472849450554663,0.6518495781060233,1.7103942930977252,0.46132598512417755,0.18356690707838927,1.2110544796297242
WbHt_4000_1000,WbHt,4000,1000,85,320,1.4,1.4,/eos/uscms/store/user/aji/rootfiles_existingOptimization/WbHt_4000_1000_pt320_ak14_ca14_th85.root,ok,,1000,1000,1.0,0.0,0.026,0.0050322956987840055,0.013,0.479,0.267,0.267,0.733,0.013989674763910703,1093.5217315272964,559.8713049924255,1585.2271776413074,1.0935217315272965,0.5598713049924255,1.5852271776413074,0.46883195966155655,0.1927963768278087,1.211184132814286
WbHt_4000_1000,WbHt,4000,1000,85,320,1.2,1.0,/eos/uscms/store/user/aji/rootfiles_existingOptimization/WbHt_4000_1000_pt320_ak12_ca10_th85.root,ok,,1000,1000,1.0,0.0,0.062,0.007626008130076967,0.0425,0.465,0.282,0.282,0.718,0.014229406171727618,1084.2010894192533,480.68052730382806,1532.3454979776488,1.0842010894192533,0.48068052730382804,1.5323454979776487,0.4849953486198485,0.12233682142086183,1.211415457561774
WbHt_4000_1000,WbHt,4000,1000,85,240,1.4,1.6,/eos/uscms/store/user/aji/rootfiles_existingOptimization/WbHt_4000_1000_pt240_ak14_ca16_th85.root,ok,,1000,1000,1.0,0.0,0.021,0.004534203347888138,0.0105,0.467,0.26,0.26,0.74,0.013870832707519763,1166.228384333947,678.8039805280654,1740.6836903572987,1.1662283843339472,0.6788039805280653,1.7406836903572986,0.4552623328730294,0.17334464476480244,1.2118851713064243
WbHt_4000_1000,WbHt,4000,1000,85,140,0.4,1.6,/eos/uscms/store/user/aji/rootfiles_existingOptimization/WbHt_4000_1000_pt140_ak4_ca16_th85.root,ok,,1000,1000,1.0,0.0,0.352,0.015102847413650183,0.1875,0.599,0.354,0.354,0.646,0.015122301412152848,850.3786178161972,147.67559599042553,1085.751720805347,0.8503786178161972,0.14767559599042554,1.085751720805347,0.5515638006185614,0.21791785089968607,1.2125259388369418
WbHt_4000_1000,WbHt,4000,1000,85,320,1.4,1.6,/eos/uscms/store/user/aji/rootfiles_existingOptimization/WbHt_4000_1000_pt320_ak14_ca16_th85.root,ok,,1000,1000,1.0,0.0,0.029,0.005306505441436953,0.0145,0.478,0.263,0.263,0.737,0.013922320208930694,1089.70372437583,552.0458877171593,1569.7089345319378,1.08970372437583,0.5520458877171593,1.5697089345319377,0.46694483282494254,0.20955304069761355,1.2129152052625256
WbHt_4000_1000,WbHt,4000,1000,85,400,1.4,1.4,/eos/uscms/store/user/aji/rootfiles_existingOptimization/WbHt_4000_1000_pt400_ak14_ca14_th85.root,ok,,1000,1000,1.0,0.0,0.029,0.005306505441436953,0.018,0.4705,0.257,0.257,0.743,0.013818502089589886,1012.3175880553657,485.62098457148295,1437.4696843702222,1.0123175880553656,0.48562098457148295,1.4374696843702222,0.4701334398561693,0.20619201169408347,1.214365198661706
WbHt_4000_1000,WbHt,4000,1000,85,240,0.8,0.8,/eos/uscms/store/user/aji/rootfiles_existingOptimization/WbHt_4000_1000_pt240_ak8_ca8_th85.root,ok,,1000,1000,1.0,0.0,0.366,0.01523299051401267,0.2075,0.5645,0.369,0.369,0.631,0.015259062880793171,994.4013444525442,228.3454528964971,1389.5890508092516,0.9944013444525442,0.22834545289649708,1.3895890508092517,0.5838908024365471,0.11430241780982467,1.2154506679912926
WbHt_4000_1000,WbHt,4000,1000,85,260,1.0,1.0,/eos/uscms/store/user/aji/rootfiles_existingOptimization/WbHt_4000_1000_pt260_ak10_ca10_th85.root,ok,,1000,1000,1.0,0.0,0.241,0.013524755080961725,0.134,0.526,0.323,0.323,0.677,0.014787528529135624,1069.9177213567364,330.58900492619085,1468.5749960745022,1.0699177213567364,0.3305890049261909,1.4685749960745023,0.5318100487695724,0.13178763559089204,1.215801820905246
WbHt_4000_1000,WbHt,4000,1000,85,300,0.8,1.2,/eos/uscms/store/user/aji/rootfiles_existingOptimization/WbHt_4000_1000_pt300_ak8_ca12_th85.root,ok,,1000,999,0.999,0.0009994998749374613,0.5275275275275275,0.0157953071181024,0.3138138138138138,0.5325325325325325,0.2982982982982983,0.298,0.7017017017017018,0.014475011208289887,938.2080911572675,189.4686475999233,1140.7792593330985,0.9382080911572676,0.18946864759992327,1.1407792593330985,0.5069827369319241,0.25412949876160645,1.2158636295178988
WbHt_4000_1000,WbHt,4000,1000,85,180,0.6,1.0,/eos/uscms/store/user/aji/rootfiles_existingOptimization/WbHt_4000_1000_pt180_ak6_ca10_th85.root,ok,,1000,1000,1.0,0.0,0.35,0.015083103128998356,0.192,0.595,0.378,0.378,0.622,0.015333492752794452,932.9485783343285,187.78601313491197,1283.78313026219,0.9329485783343285,0.18778601313491194,1.2837831302621903,0.5873834542328442,0.13741282577201858,1.2160885963994112
WbHt_4000_1000,WbHt,4000,1000,85,300,1.0,1.2,/eos/uscms/store/user/aji/rootfiles_existingOptimization/WbHt_4000_1000_pt300_ak10_ca12_th85.root,ok,,1000,1000,1.0,0.0,0.324,0.014799459449588015,0.1825,0.513,0.281,0.281,0.719,0.014214042352547005,1033.7332963117726,281.7368305593675,1303.5245367497976,1.0337332963117727,0.2817368305593675,1.3035245367497974,0.49422211214248246,0.2433399662865791,1.2165954417736597
WbHt_4000_1000,WbHt,4000,1000,85,240,0.6,1.6,/eos/uscms/store/user/aji/rootfiles_existingOptimization/WbHt_4000_1000_pt240_ak6_ca16_th85.root,ok,,1000,999,0.999,0.0009994998749374613,0.5305305305305306,0.015789781629567706,0.31181181181181183,0.5640640640640641,0.3133133133133133,0.313,0.6866866866866868,0.014675266418651665,865.9030357991209,144.02188783326304,1038.2711597832938,0.8659030357991209,0.14402188783326303,1.0382711597832937,0.5163680198469045,0.30317648486208837,1.217464402953679
WbHt_4000_1000,WbHt,4000,1000,85,340,1.4,1.4,/eos/uscms/store/user/aji/rootfiles_existingOptimization/WbHt_4000_1000_pt340_ak14_ca14_th85.root,ok,,1000,1000,1.0,0.0,0.029,0.005306505441436953,0.0145,0.4755,0.261,0.261,0.739,0.013888088421377507,1071.71820391367,535.3321593541092,1547.7355367686514,1.0717182039136701,0.5353321593541092,1.5477355367686514,0.47232722823848483,0.2014100381232204,1.2184990486298517
WbHt_4000_1000,WbHt,4000,1000,85,260,0.8,1.0,/eos/uscms/store/user/aji/rootfiles_existingOptimization/WbHt_4000_1000_pt260_ak8_ca10_th85.root,ok,,1000,1000,1.0,0.0,0.435,0.0156772127624779,0.25,0.549,0.332,0.332,0.6679999999999999,0.014892145580808697,979.3631440329164,206.36609371168865,1281.9872162298252,0.9793631440329162,0.20636609371168865,1.2819872162298251,0.5491431493372518,0.1585512866522692,1.21920683493396
WbHt_4000_1000,WbHt,4000,1000,85,360,1.4,1.4,/eos/uscms/store/user/aji/rootfiles_existingOptimization/WbHt_4000_1000_pt360_ak14_ca14_th85.root,ok,,1000,1000,1.0,0.0,0.029,0.005306505441436953,0.015,0.4725,0.259,0.259,0.741,0.013853483316480371,1055.882793373656,518.9420971847036,1517.1196146594064,1.0558827933736563,0.5189420971847035,1.5171196146594061,0.47267439328441974,0.20453847859312946,1.2192626726217854
WbHt_4000_1000,WbHt,4000,1000,85,220,1.4,1.6,/eos/uscms/store/user/aji/rootfiles_existingOptimization/WbHt_4000_1000_pt220_ak14_ca16_th85.root,ok,,1000,1000,1.0,0.0,0.021,0.004534203347888138,0.0105,0.455,0.26,0.26,0.74,0.013870832707519763,1190.2937465411073,730.9567499278237,1827.3743493105394,1.1902937465411072,0.7309567499278237,1.8273743493105394,0.4605659748145415,0.15831765994990096,1.2195953494686522
WbHt_4000_1000,WbHt,4000,1000,85,280,1.4,1.6,/eos/uscms/store/user/aji/rootfiles_existingOptimization/WbHt_4000_1000_pt280_ak14_ca16_th85.root,ok,,1000,1000,1.0,0.0,0.029,0.005306505441436953,0.0145,0.473,0.258,0.258,0.742,0.013836039895866157,1128.618694855089,613.0310905356449,1663.657180570097,1.128618694855089,0.613031090535645,1.663657180570097,0.4654477614201443,0.1931578527317243,1.2203096309056534
WbHt_4000_1000,WbHt,4000,1000,85,200,1.4,1.4,/eos/uscms/store/user/aji/rootfiles_existingOptimization/WbHt_4000_1000_pt200_ak14_ca14_th85.root,ok,,1000,1000,1.0,0.0,0.017,0.004087909000944126,0.0085,0.4355,0.256,0.256,0.744,0.013800869537822608,1234.3823418412849,842.926639629911,1963.4880192473365,1.2343823418412847,0.842926639629911,1.9634880192473365,0.45389558066179214,0.12491892554019796,1.2213338148459205
WbHt_4000_1000,WbHt,4000,1000,85,300,1.4,1.6,/eos/uscms/store/user/aji/rootfiles_existingOptimization/WbHt_4000_1000_pt300_ak14_ca16_th85.root,ok,,1000,1000,1.0,0.0,0.032,0.005565608681896348,0.016,0.477,0.261,0.261,0.739,0.013888088421377507,1108.2800630597953,573.1593946275588,1621.158669357423,1.1082800630597953,0.5731593946275587,1.621158669357423,0.47280435228460893,0.1994466078418211,1.2226323585905885
WbHt_4000_1000,WbHt,4000,1000,85,360,0.8,0.6,/eos/uscms/store/user/aji/rootfiles_existingOptimization/WbHt_4000_1000_pt360_ak8_ca6_th85.root,ok,,1000,998,0.998,0.0014127986409959495,0.29458917835671344,0.014429928621857203,0.23547094188376755,0.48997995991983967,0.29458917835671344,0.294,0.7054108216432866,0.014429928621857203,883.2566571860027,227.3715824041541,1117.460687332293,0.8832566571860028,0.22737158240415412,1.117460687332293,0.5038677589840669,0.10230310663058106,1.2229529149087532
WbHt_4000_1000,WbHt,4000,1000,85,380,1.4,1.4,/eos/uscms/store/user/aji/rootfiles_existingOptimization/WbHt_4000_1000_pt380_ak14_ca14_th85.root,ok,,1000,1000,1.0,0.0,0.029,0.005306505441436953,0.0165,0.4695,0.255,0.255,0.745,0.013783141876945184,1033.9623413012287,501.0758082631582,1483.7048889562845,1.0339623413012287,0.5010758082631581,1.4837048889562845,0.47517643604722587,0.2089525932759811,1.2235726701773488
WbHt_4000_1000,WbHt,4000,1000,85,240,0.6,1.2,/eos/uscms/store/user/aji/rootfiles_existingOptimization/WbHt_4000_1000_pt240_ak6_ca12_th85.root,ok,,1000,999,0.999,0.0009994998749374613,0.5135135135135135,0.01581352118931533,0.3033033033033033,0.5565565565565566,0.3183183183183183,0.318,0.6816816816816818,0.01473801124700456,877.8036327464604,145.1344367489755,1074.7050629980038,0.8778036327464603,0.1451344367489755,1.0747050629980037,0.5294866594141334,0.24032691827681305,1.224387977821169
WbHt_4000_1000,WbHt,4000,1000,85,260,1.2,1.4,/eos/uscms/store/user/aji/rootfiles_existingOptimization/WbHt_4000_1000_pt260_ak12_ca14_th85.root,ok,,1000,1000,1.0,0.0,0.082,0.008676174272108648,0.0465,0.4755,0.253,0.253,0.747,0.013747399754135324,1116.6146366039925,479.1183486372228,1524.6020222481995,1.1166146366039924,0.47911834863722286,1.5246020222481995,0.4681488310016474,0.17999855993366337,1.2268102946620467
WbHt_4000_1000,WbHt,4000,1000,85,400,1.0,0.8,/eos/uscms/store/user/aji/rootfiles_existingOptimization/WbHt_4000_1000_pt400_ak10_ca8_th85.root,ok,,1000,998,0.998,0.0014127986409959495,0.21943887775551102,0.013100714259655434,0.1683366733466934,0.467935871743487,0.28557114228456915,0.285,0.7144288577154309,0.01429787128300245,903.7017148204499,291.35417473845985,1196.9992932845064,0.9037017148204498,0.29135417473845987,1.1969992932845064,0.5010752462309883,0.122827026001847,1.2271339324643742
WbHt_4000_1000,WbHt,4000,1000,85,340,1.4,1.6,/eos/uscms/store/user/aji/rootfiles_existingOptimization/WbHt_4000_1000_pt340_ak14_ca16_th85.root,ok,,1000,1000,1.0,0.0,0.033,0.005648982209212559,0.0165,0.4715,0.254,0.254,0.746,0.013765318739498916,1066.2322414774421,526.3779346635766,1538.9499477316795,1.0662322414774423,0.5263779346635766,1.5389499477316795,0.47483651951146016,0.22019150260027998,1.2274597436592043
WbHt_4000_1000,WbHt,4000,1000,85,320,0.6,0.4,/eos/uscms/store/user/aji/rootfiles_existingOptimization/WbHt_4000_1000_pt320_ak6_ca4_th85.root,ok,,1000,999,0.999,0.0009994998749374613,0.2722722722722723,0.014083267392349346,0.23773773773773774,0.501001001001001,0.3303303303303303,0.33,0.6696696696696697,0.014880646384852245,817.9687058722466,161.7031131871013,1042.8671046183558,0.8179687058722465,0.16170311318710132,1.0428671046183557,0.5386294029987487,0.11703124488056593,1.2275022020811939
WbHt_4000_1000,WbHt,4000,1000,85,260,1.2,1.2,/eos/uscms/store/user/aji/rootfiles_existingOptimization/WbHt_4000_1000_pt260_ak12_ca12_th85.root,ok,,1000,1000,1.0,0.0,0.076,0.008379976133617566,0.0435,0.4695,0.261,0.261,0.739,0.013888088421377507,1125.4444915926078,494.01148199116733,1565.4264250610563,1.1254444915926078,0.49401148199116734,1.5654264250610563,0.47599635125217854,0.1616547769377205,1.2275408004114392
WbHt_4000_1000,WbHt,4000,1000,85,400,1.4,1.6,/eos/uscms/store/user/aji/rootfiles_existingOptimization/WbHt_4000_1000_pt400_ak14_ca16_th85.root,ok,,1000,1000,1.0,0.0,0.034,0.005730968504537431,0.0205,0.4615,0.249,0.249,0.751,0.013674757767507255,1007.7200245834917,473.7694461421659,1433.985992787561,1.0077200245834916,0.47376944614216593,1.433985992787561,0.4764302203095891,0.2235698435251696,1.2282022227679383
WbHt_4000_1000,WbHt,4000,1000,85,280,1.0,1.0,/eos/uscms/store/user/aji/rootfiles_existingOptimization/WbHt_4000_1000_pt280_ak10_ca10_th85.root,ok,,1000,1000,1.0,0.0,0.271,0.014055568291606,0.1515,0.515,0.296,0.296,0.704,0.014435511767859151,1057.537248213373,306.9378932005226,1405.4267961479873,1.0575372482133731,0.3069378932005226,1.4054267961479872,0.5193618025290722,0.18123042703843348,1.2291155273504093
WbHt_4000_1000,WbHt,4000,1000,85,260,1.2,1.6,/eos/uscms/store/user/aji/rootfiles_existingOptimization/WbHt_4000_1000_pt260_ak12_ca16_th85.root,ok,,1000,1000,1.0,0.0,0.088,0.008958571314668427,0.0495,0.478,0.249,0.249,0.751,0.013674757767507255,1111.8202761889675,460.7801177519859,1499.8453374691692,1.1118202761889675,0.46078011775198596,1.4998453374691694,0.4672811073741299,0.20220029429487227,1.2294631349930267
WbHt_4000_1000,WbHt,4000,1000,85,320,1.0,1.6,/eos/uscms/store/user/aji/rootfiles_existingOptimization/WbHt_4000_1000_pt320_ak10_ca16_th85.root,ok,,1000,1000,1.0,0.0,0.37,0.015267612779999367,0.212,0.5075,0.255,0.255,0.745,0.013783141876945184,1004.9872893514209,265.3733183824169,1239.6029527408082,1.004987289351421,0.26537331838241696,1.2396029527408081,0.4846974905459354,0.32621323378766615,1.2301962194810776
WbHt_4000_1000,WbHt,4000,1000,85,380,1.4,1.6,/eos/uscms/store/user/aji/rootfiles_existingOptimization/WbHt_4000_1000_pt380_ak14_ca16_th85.root,ok,,1000,1000,1.0,0.0,0.034,0.005730968504537431,0.019,0.462,0.248,0.248,0.752,0.01365635383255721,1027.6456800239198,492.8382919585049,1471.232975076427,1.0276456800239198,0.49283829195850487,1.471232975076427,0.47603697565057096,0.22782495516074125,1.230801543652963
WbHt_4000_1000,WbHt,4000,1000,85,360,1.4,1.6,/eos/uscms/store/user/aji/rootfiles_existingOptimization/WbHt_4000_1000_pt360_ak14_ca16_th85.root,ok,,1000,1000,1.0,0.0,0.034,0.005730968504537431,0.0175,0.4665,0.252,0.252,0.748,0.013729384545565033,1052.2948247017803,509.2921948906838,1515.2614328931184,1.0522948247017805,0.5092921948906838,1.5152614328931182,0.4779883044124661,0.22142821935026544,1.2312177868826442
WbHt_4000_1000,WbHt,4000,1000,85,200,0.6,1.0,/eos/uscms/store/user/aji/rootfiles_existingOptimization/WbHt_4000_1000_pt200_ak6_ca10_th85.root,ok,,1000,1000,1.0,0.0,0.408,0.015541428505771277,0.2295,0.5765,0.355,0.355,0.645,0.015131919904625453,918.3562180753498,164.02983450869235,1229.8908270228776,0.9183562180753498,0.16402983450869235,1.2298908270228777,0.580309128165958,0.1523758901026791,1.233473506358423
WbHt_4000_1000,WbHt,4000,1000,85,340,1.2,1.0,/eos/uscms/store/user/aji/rootfiles_existingOptimization/WbHt_4000_1000_pt340_ak12_ca10_th85.root,ok,,1000,1000,1.0,0.0,0.071,0.008121514637061242,0.0485,0.4495,0.256,0.256,0.744,0.013800869537822608,1062.4329894444732,459.3897685612955,1487.0558996575617,1.0624329894444733,0.4593897685612955,1.4870558996575616,0.48363809355807647,0.1502083053048432,1.2338813925025238
WbHt_4000_1000,WbHt,4000,1000,85,220,1.6,1.4,/eos/uscms/store/user/aji/rootfiles_existingOptimization/WbHt_4000_1000_pt220_ak16_ca14_th85.root,ok,,1000,1000,1.0,0.0,0.002,0.0014127986409959489,0.001,0.447,0.29,0.29,0.71,0.014349216006458332,1286.9135739770854,954.5489540812453,2229.144284343595,1.2869135739770856,0.9545489540812452,2.2291442843435947,0.4952140361389353,0.09095190867747505,1.2339053935366437
WbHt_4000_1000,WbHt,4000,1000,85,260,0.6,1.4,/eos/uscms/store/user/aji/rootfiles_existingOptimization/WbHt_4000_1000_pt260_ak6_ca14_th85.root,ok,,1000,999,0.999,0.0009994998749374613,0.5615615615615616,0.01569893724966346,0.3353353353353353,0.551051051051051,0.3003003003003003,0.3,0.6996996996996997,0.014502770780100949,857.1667595139104,141.06772044362717,1030.9357913914241,0.8571667595139103,0.14106772044362717,1.030935791391424,0.519075233069252,0.3247758192704413,1.2340582568175607
WbHt_4000_1000,WbHt,4000,1000,85,280,0.8,1.0,/eos/uscms/store/user/aji/rootfiles_existingOptimization/WbHt_4000_1000_pt280_ak8_ca10_th85.root,ok,,1000,999,0.999,0.0009994998749374613,0.4824824824824825,0.01580958821916887,0.2807807807807808,0.53003003003003,0.3033033033033033,0.303,0.6966966966966968,0.014543793571143937,962.5114474436655,197.3798632730589,1224.9234332829935,0.9625114474436655,0.1973798632730589,1.2249234332829935,0.5337825190230141,0.20037706554219292,1.2352280709753445
WbHt_4000_1000,WbHt,4000,1000,85,320,1.0,1.4,/eos/uscms/store/user/aji/rootfiles_existingOptimization/WbHt_4000_1000_pt320_ak10_ca14_th85.root,ok,,1000,1000,1.0,0.0,0.368,0.015250442616527561,0.211,0.5035,0.254,0.254,0.746,0.013765318739498916,1008.5126891657526,265.7861216931547,1252.212610388269,1.0085126891657525,0.26578612169315474,1.2522126103882691,0.4890501127512297,0.3102044479472421,1.235901381667805
WbHt_4000_1000,WbHt,4000,1000,85,320,0.8,1.4,/eos/uscms/store/user/aji/rootfiles_existingOptimization/WbHt_4000_1000_pt320_ak8_ca14_th85.root,ok,,1000,999,0.999,0.0009994998749374613,0.5845845845845846,0.015591296821856754,0.35535535535535534,0.5235235235235235,0.2802802802802803,0.28,0.7197197197197197,0.014210037647248654,911.5163506389728,182.78647852619173,1106.734380369986,0.9115163506389727,0.18278647852619173,1.1067343803699858,0.5068191597419547,0.3665468293691247,1.2363872443977773
WbHt_4000_1000,WbHt,4000,1000,85,260,0.8,0.8,/eos/uscms/store/user/aji/rootfiles_existingOptimization/WbHt_4000_1000_pt260_ak8_ca8_th85.root,ok,,1000,1000,1.0,0.0,0.413,0.0155701958882989,0.239,0.543,0.335,0.335,0.665,0.014925649064613572,986.6403852826238,212.66558961286853,1338.4081892653876,0.9866403852826239,0.21266558961286852,1.3384081892653876,0.570492864697632,0.13691271589199644,1.2368288261693698
WbHt_4000_1000,WbHt,4000,1000,85,180,0.6,0.8,/eos/uscms/store/user/aji/rootfiles_existingOptimization/WbHt_4000_1000_pt180_ak6_ca8_th85.root,ok,,1000,1000,1.0,0.0,0.338,0.014958475858188226,0.186,0.5895,0.381,0.381,0.619,0.015357050498061143,942.0115051844758,190.52611818499653,1347.5579059879524,0.9420115051844759,0.19052611818499654,1.3475579059879526,0.614128267773318,0.1270440108652217,1.2389271172548704
WbHt_4000_1000,WbHt,4000,1000,85,140,1.2,1.2,/eos/uscms/store/user/aji/rootfiles_existingOptimization/WbHt_4000_1000_pt140_ak12_ca12_th85.root,ok,,1000,1000,1.0,0.0,0.02,0.004427188724235731,0.011,0.4205,0.295,0.295,0.7050000000000001,0.014421338356754548,1319.9340438580507,995.4693940385654,2321.5330119468326,1.319934043858051,0.9954693940385654,2.3215330119468325,0.5023219243714254,0.07043237436949859,1.2393153287572307
WbHt_4000_1000,WbHt,4000,1000,85,320,0.8,1.6,/eos/uscms/store/user/aji/rootfiles_existingOptimization/WbHt_4000_1000_pt320_ak8_ca16_th85.root,ok,,1000,999,0.999,0.0009994998749374613,0.5895895895895896,0.015563287614078441,0.35785785785785784,0.5275275275275275,0.2772772772772773,0.277,0.7227227227227226,0.014163162922417582,906.8226063380451,182.02730400702458,1100.797824351864,0.9068226063380451,0.18202730400702458,1.100797824351864,0.5065877901164388,0.3891293777294399,1.2396282522053568
WbHt_4000_1000,WbHt,4000,1000,85,360,1.2,1.0,/eos/uscms/store/user/aji/rootfiles_existingOptimization/WbHt_4000_1000_pt360_ak12_ca10_th85.root,ok,,1000,1000,1.0,0.0,0.086,0.008865889690267977,0.0605,0.446,0.25,0.25,0.75,0.013693063937629153,1031.6371549042783,437.8541646056653,1445.5452748224338,1.0316371549042784,0.43785416460566534,1.4455452748224338,0.4883941536160881,0.15285950573056378,1.2415578691065159
WbHt_4000_1000,WbHt,4000,1000,85,280,0.8,0.8,/eos/uscms/store/user/aji/rootfiles_existingOptimization/WbHt_4000_1000_pt280_ak8_ca8_th85.root,ok,,1000,999,0.999,0.0009994998749374613,0.4594594594594595,0.01576721502492825,0.26926926926926925,0.5265265265265265,0.3073073073073073,0.307,0.6926926926926926,0.01459734937554182,970.5701017462379,203.60287173282097,1261.5964858975597,0.970570101746238,0.203602871732821,1.2615964858975597,0.5450371963144184,0.17426663481767965,1.2416728788324871
WbHt_4000_1000,WbHt,4000,1000,85,200,1.4,1.6,/eos/uscms/store/user/aji/rootfiles_existingOptimization/WbHt_4000_1000_pt200_ak14_ca16_th85.root,ok,,1000,1000,1.0,0.0,0.018,0.004204283529925164,0.009,0.437,0.254,0.254,0.746,0.013765318739498916,1228.2603173773132,813.0843609982684,1976.515919647612,1.2282603173773132,0.8130843609982684,1.976515919647612,0.47360951998091194,0.14225777901364078,1.2424355517186432
WbHt_4000_1000,WbHt,4000,1000,85,160,0.4,1.4,/eos/uscms/store/user/aji/rootfiles_existingOptimization/WbHt_4000_1000_pt160_ak4_ca14_th85.root,ok,,1000,1000,1.0,0.0,0.382,0.01536476488593301,0.212,0.5745,0.328,0.328,0.6719999999999999,0.01484641370836742,836.2438405053831,133.0486525499147,1059.7305639619485,0.836243840505383,0.13304865254991471,1.0597305639619485,0.5540739832845851,0.2152713323584945,1.2424495992340467
WbHt_4000_1000,WbHt,4000,1000,85,300,1.0,1.0,/eos/uscms/store/user/aji/rootfiles_existingOptimization/WbHt_4000_1000_pt300_ak10_ca10_th85.root,ok,,1000,1000,1.0,0.0,0.299,0.014477534320456644,0.171,0.4975,0.274,0.274,0.726,0.014104041973845655,1039.5601519962786,291.09891718658946,1357.938130696769,1.0395601519962785,0.2910989171865895,1.357938130696769,0.513120482475938,0.22507020490093527,1.243076497675566
WbHt_4000_1000,WbHt,4000,1000,85,260,0.6,1.6,/eos/uscms/store/user/aji/rootfiles_existingOptimization/WbHt_4000_1000_pt260_ak6_ca16_th85.root,ok,,1000,999,0.999,0.0009994998749374613,0.5685685685685685,0.01566984030868717,0.33883883883883886,0.5480480480480481,0.2922922922922923,0.292,0.7077077077077076,0.014389738452506391,851.7792808524371,140.57271133448825,1027.381073635033,0.8517792808524371,0.14057271133448826,1.027381073635033,0.5205622995508012,0.35975182504703457,1.244092079173265
WbHt_4000_1000,WbHt,4000,1000,85,140,1.2,1.4,/eos/uscms/store/user/aji/rootfiles_existingOptimization/WbHt_4000_1000_pt140_ak12_ca14_th85.root,ok,,1000,1000,1.0,0.0,0.025,0.0049371044145328745,0.0135,0.4465,0.297,0.297,0.7030000000000001,0.014449602070645405,1280.331684627291,979.0781952790596,2294.7866577904956,1.2803316846272912,0.9790781952790596,2.2947866577904956,0.5138154738763819,0.08861648884632461,1.244848642339111
WbHt_4000_1000,WbHt,4000,1000,85,280,1.2,1.4,/eos/uscms/store/user/aji/rootfiles_existingOptimization/WbHt_4000_1000_pt280_ak12_ca14_th85.root,ok,,1000,1000,1.0,0.0,0.091,0.009094998625618368,0.0535,0.463,0.242,0.242,0.758,0.013543854695026818,1095.2765472579867,438.101967188248,1484.5404002808586,1.0952765472579868,0.438101967188248,1.4845404002808587,0.47770512192211095,0.19988640979628247,1.2452327766479097
WbHt_4000_1000,WbHt,4000,1000,85,280,1.2,1.6,/eos/uscms/store/user/aji/rootfiles_existingOptimization/WbHt_4000_1000_pt280_ak12_ca16_th85.root,ok,,1000,1000,1.0,0.0,0.097,0.00935900635751467,0.0565,0.466,0.239,0.239,0.761,0.01348625225924534,1090.5215964633787,427.15654747038684,1463.5666523527145,1.0905215964633788,0.42715654747038684,1.4635666523527144,0.4751900871305356,0.2234571507989362,1.2452422467768736
WbHt_4000_1000,WbHt,4000,1000,85,260,0.6,1.2,/eos/uscms/store/user/aji/rootfiles_existingOptimization/WbHt_4000_1000_pt260_ak6_ca12_th85.root,ok,,1000,999,0.999,0.0009994998749374613,0.5515515515515516,0.01573499372609306,0.3303303303303303,0.5405405405405406,0.2952952952952953,0.295,0.7047047047047047,0.01443275054034814,865.2493317620861,141.45720856205793,1052.0472095473608,0.865249331762086,0.14145720856205793,1.052047209547361,0.5262009270384992,0.2755829124523215,1.2453806985669953
WbHt_4000_1000,WbHt,4000,1000,85,220,0.6,1.0,/eos/uscms/store/user/aji/rootfiles_existingOptimization/WbHt_4000_1000_pt220_ak6_ca10_th85.root,ok,,1000,1000,1.0,0.0,0.45,0.015732132722552274,0.259,0.558,0.331,0.331,0.669,0.014880826589944525,907.9208962293046,155.41976692454375,1188.0227067164822,0.9079208962293046,0.15541976692454373,1.1880227067164821,0.5686634948487539,0.17160974907559923,1.2468714052258236
WbHt_4000_1000,WbHt,4000,1000,85,180,0.6,0.6,/eos/uscms/store/user/aji/rootfiles_existingOptimization/WbHt_4000_1000_pt180_ak6_ca6_th85.root,ok,,1000,1000,1.0,0.0,0.325,0.014811313243598625,0.1795,0.585,0.381,0.381,0.619,0.015357050498061143,944.4545686782515,201.88599899287735,1379.4039819264729,0.9444545686782515,0.20188599899287737,1.3794039819264727,0.6233851907675729,0.11742467947961598,1.2479397338997478
WbHt_4000_1000,WbHt,4000,1000,85,140,1.2,1.6,/eos/uscms/store/user/aji/rootfiles_existingOptimization/WbHt_4000_1000_pt140_ak12_ca16_th85.root,ok,,1000,1000,1.0,0.0,0.031,0.0054807846153630225,0.0165,0.453,0.287,0.287,0.7130000000000001,0.01430492922037715,1264.057786528609,970.9009374657207,2257.260400128255,1.2640577865286091,0.9709009374657207,2.257260400128255,0.5088214622668362,0.11086715466027022,1.248227240919697
WbHt_4000_1000,WbHt,4000,1000,85,300,0.8,1.0,/eos/uscms/store/user/aji/rootfiles_existingOptimization/WbHt_4000_1000_pt300_ak8_ca10_th85.root,ok,,1000,999,0.999,0.0009994998749374613,0.5235235235235235,0.015801782816543816,0.31181181181181183,0.5085085085085085,0.2782782782782783,0.278,0.7217217217217218,0.014178875788841326,945.6140834513258,190.11652008672385,1180.1240136581648,0.9456140834513257,0.19011652008672386,1.1801240136581648,0.5234733232599958,0.2394355018191346,1.2516336366365848
WbHt_4000_1000,WbHt,4000,1000,85,280,1.2,1.2,/eos/uscms/store/user/aji/rootfiles_existingOptimization/WbHt_4000_1000_pt280_ak12_ca12_th85.root,ok,,1000,1000,1.0,0.0,0.084,0.008771772910877254,0.05,0.4545,0.245,0.245,0.755,0.013600551459407815,1104.3501316828765,452.86116879566333,1532.3929403350435,1.1043501316828765,0.45286116879566335,1.5323929403350436,0.48876336433913553,0.1806507079670367,1.2541983775074232
WbHt_4000_1000,WbHt,4000,1000,85,300,1.2,1.6,/eos/uscms/store/user/aji/rootfiles_existingOptimization/WbHt_4000_1000_pt300_ak12_ca16_th85.root,ok,,1000,1000,1.0,0.0,0.109,0.00985489725973843,0.064,0.46,0.232,0.232,0.768,0.013348258313353095,1070.8561752448354,410.0704004781144,1436.8438712540108,1.0708561752448356,0.4100704004781144,1.4368438712540108,0.47941707509934267,0.23742305232985494,1.2545026926238263
WbHt_4000_1000,WbHt,4000,1000,85,300,1.2,1.4,/eos/uscms/store/user/aji/rootfiles_existingOptimization/WbHt_4000_1000_pt300_ak12_ca14_th85.root,ok,,1000,1000,1.0,0.0,0.104,0.009653186002558949,0.0615,0.4545,0.233,0.233,0.767,0.013368283360252356,1074.8223401302919,418.2186248308961,1450.327879521344,1.0748223401302919,0.41821862483089606,1.450327879521344,0.4801301648444215,0.21470534288073118,1.2546123988574507
WbHt_4000_1000,WbHt,4000,1000,85,160,0.4,1.2,/eos/uscms/store/user/aji/rootfiles_existingOptimization/WbHt_4000_1000_pt160_ak4_ca12_th85.root,ok,,1000,1000,1.0,0.0,0.366,0.01523299051401267,0.204,0.573,0.339,0.339,0.661,0.014969268519202933,843.3903112405858,136.40183875280212,1111.8226660183293,0.8433903112405858,0.13640183875280212,1.1118226660183292,0.5782736736865822,0.18398237534117381,1.2549346425625236
WbHt_4000_1000,WbHt,4000,1000,85,320,1.0,1.2,/eos/uscms/store/user/aji/rootfiles_existingOptimization/WbHt_4000_1000_pt320_ak10_ca12_th85.root,ok,,1000,1000,1.0,0.0,0.364,0.015215255502291114,0.209,0.4845,0.246,0.246,0.754,0.013619251080731275,1016.8235690136355,267.87270094235396,1289.3756496095045,1.0168235690136356,0.267872700942354,1.2893756496095043,0.5023009791453074,0.2869213643535486,1.2579833360466708
WbHt_4000_1000,WbHt,4000,1000,85,320,0.8,1.2,/eos/uscms/store/user/aji/rootfiles_existingOptimization/WbHt_4000_1000_pt320_ak8_ca12_th85.root,ok,,1000,999,0.999,0.0009994998749374613,0.5765765765765766,0.015632671183394724,0.35135135135135137,0.504004004004004,0.26626626626626626,0.266,0.7337337337337337,0.013984423685683612,918.6179787292672,183.1961329589306,1131.8117531011685,0.9186179787292672,0.1831961329589306,1.1318117531011684,0.516327593247449,0.3400735283671673,1.259199529108256
WbHt_4000_1000,WbHt,4000,1000,85,160,0.4,0.4,/eos/uscms/store/user/aji/rootfiles_existingOptimization/WbHt_4000_1000_pt160_ak4_ca4_th85.root,ok,,1000,1000,1.0,0.0,0.312,0.014651143300097777,0.177,0.5745,0.366,0.366,0.634,0.01523299051401267,882.0061928610412,172.69222116793262,1257.1656591195256,0.8820061928610412,0.17269222116793262,1.2571656591195255,0.6147765439343406,0.13327361742293267,1.2605759246482364
WbHt_4000_1000,WbHt,4000,1000,85,180,1.4,1.4,/eos/uscms/store/user/aji/rootfiles_existingOptimization/WbHt_4000_1000_pt180_ak14_ca14_th85.root,ok,,1000,1000,1.0,0.0,0.013,0.003582038525755969,0.0065,0.4145,0.246,0.246,0.754,0.013619251080731275,1279.1321035297167,923.3635699214027,2148.232032729448,1.2791321035297165,0.9233635699214027,2.1482320327294477,0.47878888327017477,0.11713207243894862,1.2607020936231463
WbHt_4000_1000,WbHt,4000,1000,85,240,0.6,1.0,/eos/uscms/store/user/aji/rootfiles_existingOptimization/WbHt_4000_1000_pt240_ak6_ca10_th85.root,ok,,1000,999,0.999,0.0009994998749374613,0.5105105105105106,0.0158158044005876,0.30180180180180183,0.5345345345345346,0.2992992992992993,0.299,0.7007007007007007,0.014488932255212732,891.8272991323406,145.63435026719597,1123.7422862758067,0.8918272991323406,0.14563435026719598,1.1237422862758064,0.5483729512206076,0.219955774272222,1.2608909220080742
WbHt_4000_1000,WbHt,4000,1000,85,300,0.8,0.8,/eos/uscms/store/user/aji/rootfiles_existingOptimization/WbHt_4000_1000_pt300_ak8_ca8_th85.root,ok,,1000,999,0.999,0.0009994998749374613,0.5015015015015015,0.015819228599610276,0.3008008008008008,0.5045045045045045,0.28128128128128127,0.281,0.7187187187187187,0.014225487217266429,951.3757960351404,195.0071577790576,1219.302862911725,0.9513757960351404,0.1950071577790576,1.219302862911725,0.5383233993346377,0.19335851929916661,1.2629045384498423
WbHt_4000_1000,WbHt,4000,1000,85,340,0.6,0.4,/eos/uscms/store/user/aji/rootfiles_existingOptimization/WbHt_4000_1000_pt340_ak6_ca4_th85.root,ok,,1000,998,0.998,0.0014127986409959495,0.30360721442885774,0.014555190858847654,0.27054108216432865,0.47645290581162325,0.3096192384769539,0.309,0.6903807615230462,0.014635010512716404,788.3241779377443,152.5682667062257,1019.9624665597319,0.7883241779377442,0.1525682667062257,1.0199624665597318,0.5501507020389816,0.12073987271837755,1.2636990457682533
WbHt_4000_1000,WbHt,4000,1000,85,160,0.4,1.6,/eos/uscms/store/user/aji/rootfiles_existingOptimization/WbHt_4000_1000_pt160_ak4_ca16_th85.root,ok,,1000,1000,1.0,0.0,0.404,0.015517216245190372,0.223,0.5635,0.307,0.307,0.6930000000000001,0.014585986425333049,827.6953812923139,127.67469435481338,1045.6129519938872,0.8276953812923139,0.12767469435481338,1.0456129519938873,0.5545145462850476,0.25118414971258457,1.2647450081558163
WbHt_4000_1000,WbHt,4000,1000,85,300,1.2,1.2,/eos/uscms/store/user/aji/rootfiles_existingOptimization/WbHt_4000_1000_pt300_ak12_ca12_th85.root,ok,,1000,1000,1.0,0.0,0.094,0.009228434320078352,0.0565,0.4475,0.236,0.236,0.764,0.013427732496590778,1079.301691896856,426.2122230992357,1493.7969233079743,1.0793016918968559,0.42621222309923573,1.4937969233079742,0.4945719571385434,0.1979633785696347,1.266502126328229
WbHt_4000_1000,WbHt,4000,1000,85,200,0.6,0.8,/eos/uscms/store/user/aji/rootfiles_existingOptimization/WbHt_4000_1000_pt200_ak6_ca8_th85.root,ok,,1000,1000,1.0,0.0,0.397,0.01547226550961429,0.224,0.5685,0.353,0.353,0.647,0.015112610628213776,927.6568055955796,167.1695011387443,1307.9853393739681,0.9276568055955796,0.1671695011387443,1.3079853393739682,0.6148911059315684,0.1361949611338516,1.2691254253720103
WbHt_4000_1000,WbHt,4000,1000,85,200,0.6,0.6,/eos/uscms/store/user/aji/rootfiles_existingOptimization/WbHt_4000_1000_pt200_ak6_ca6_th85.root,ok,,1000,1000,1.0,0.0,0.385,0.015387494922826133,0.218,0.567,0.354,0.354,0.646,0.015122301412152848,929.8744391864127,173.85056767215923,1326.040278011023,0.9298744391864127,0.17385056767215923,1.326040278011023,0.6195404786838555,0.13138858570715908,1.2725530347652143
WbHt_4000_1000,WbHt,4000,1000,85,280,0.6,1.4,/eos/uscms/store/user/aji/rootfiles_existingOptimization/WbHt_4000_1000_pt280_ak6_ca14_th85.root,ok,,1000,999,0.999,0.0009994998749374613,0.6076076076076076,0.015448600650124081,0.3718718718718719,0.5230230230230231,0.2752752752752753,0.275,0.7247247247247247,0.01413147184811231,831.2625225122881,135.45998706434145,1017.7080441529696,0.831262522512288,0.13545998706434145,1.0177080441529696,0.5306675287262131,0.3630747141466561,1.2732660011997088
WbHt_4000_1000,WbHt,4000,1000,85,380,1.2,1.0,/eos/uscms/store/user/aji/rootfiles_existingOptimization/WbHt_4000_1000_pt380_ak12_ca10_th85.root,ok,,1000,1000,1.0,0.0,0.098,0.009401914698613257,0.07,0.4305,0.233,0.233,0.767,0.013368283360252356,998.9016220551879,415.9908623310723,1428.023841992134,0.9989016220551878,0.4159908623310723,1.428023841992134,0.5065728983294955,0.15635165182949634,1.2736827361239769
WbHt_4000_1000,WbHt,4000,1000,85,100,1.0,0.8,/eos/uscms/store/user/aji/rootfiles_existingOptimization/WbHt_4000_1000_pt100_ak10_ca8_th85.root,ok,,1000,1000,1.0,0.0,0.005,0.0022304708023195463,0.003,0.424,0.387,0.387,0.613,0.015402305022301045,1414.3562308044975,1033.4207560329492,2787.4337154005957,1.4143562308044977,1.0334207560329491,2.787433715400596,0.6200746746701676,0.006235745183968487,1.2745102977506173
WbHt_4000_1000,WbHt,4000,1000,85,380,0.8,0.6,/eos/uscms/store/user/aji/rootfiles_existingOptimization/WbHt_4000_1000_pt380_ak8_ca6_th85.root,ok,,1000,998,0.998,0.0014127986409959495,0.32665330661322645,0.014845595552435238,0.2695390781563126,0.46593186372745493,0.2785571142284569,0.278,0.7214428857715431,0.014190341077682848,837.9086098318986,209.86428865110906,1107.0616432862967,0.8379086098318986,0.20986428865110907,1.1070616432862967,0.5353790044090748,0.09192756331960315,1.275031029197428
WbHt_4000_1000,WbHt,4000,1000,85,180,1.4,1.6,/eos/uscms/store/user/aji/rootfiles_existingOptimization/WbHt_4000_1000_pt180_ak14_ca16_th85.root,ok,,1000,1000,1.0,0.0,0.014,0.003715373467095872,0.007,0.418,0.245,0.245,0.755,0.013600551459407815,1266.502904219513,894.6472215709699,2148.029859753415,1.266502904219513,0.89464722157097,2.1480298597534153,0.494820277950664,0.13597215012257063,1.2764705683726154
WbHt_4000_1000,WbHt,4000,1000,85,320,1.0,1.0,/eos/uscms/store/user/aji/rootfiles_existingOptimization/WbHt_4000_1000_pt320_ak10_ca10_th85.root,ok,,1000,1000,1.0,0.0,0.339,0.014969268519202935,0.1975,0.47,0.24,0.24,0.76,0.013505554412907307,1021.3971631190481,275.6394158737573,1327.6556336620151,1.021397163119048,0.2756394158737573,1.3276556336620151,0.5149888093362763,0.2635846165202264,1.2771285256481812
WbHt_4000_1000,WbHt,4000,1000,85,340,1.0,1.6,/eos/uscms/store/user/aji/rootfiles_existingOptimization/WbHt_4000_1000_pt340_ak10_ca16_th85.root,ok,,1000,1000,1.0,0.0,0.4,0.015491933384829668,0.2355,0.4755,0.225,0.225,0.775,0.013205112646244256,975.0090309055827,252.86111303112767,1228.4714410292036,0.9750090309055828,0.2528611130311276,1.2284714410292037,0.5003083546272052,0.3601176054731524,1.2778074515366469
WbHt_4000_1000,WbHt,4000,1000,85,180,0.4,1.4,/eos/uscms/store/user/aji/rootfiles_existingOptimization/WbHt_4000_1000_pt180_ak4_ca14_th85.root,ok,,1000,1000,1.0,0.0,0.467,0.015776913513105152,0.265,0.547,0.289,0.289,0.7110000000000001,0.014334538709006299,806.7466970677551,119.51009320776372,1005.9877135965011,0.8067466970677551,0.1195100932077637,1.0059877135965012,0.5494150912614681,0.2602281970318484,1.2797404215546928
WbHt_4000_1000,WbHt,4000,1000,85,280,0.6,1.6,/eos/uscms/store/user/aji/rootfiles_existingOptimization/WbHt_4000_1000_pt280_ak6_ca16_th85.root,ok,,1000,999,0.999,0.0009994998749374613,0.6116116116116116,0.015420137119437072,0.3738738738738739,0.524024024024024,0.26926926926926925,0.269,0.7307307307307307,0.014034254172796277,827.6562198882967,135.38470992466182,1015.2515636094349,0.8276562198882967,0.1353847099246618,1.0152515636094348,0.5315412562256361,0.38286573895442627,1.280506364967537
WbHt_4000_1000,WbHt,4000,1000,85,340,1.0,1.4,/eos/uscms/store/user/aji/rootfiles_existingOptimization/WbHt_4000_1000_pt340_ak10_ca14_th85.root,ok,,1000,1000,1.0,0.0,0.399,0.015485444778888335,0.235,0.4715,0.224,0.224,0.776,0.013184233007649704,977.2928602726637,252.99294728001507,1235.75076560161,0.9772928602726637,0.25299294728001503,1.23575076560161,0.50279596744798,0.35096181250278735,1.2810666814207137
WbHt_4000_1000,WbHt,4000,1000,85,260,0.6,1.0,/eos/uscms/store/user/aji/rootfiles_existingOptimization/WbHt_4000_1000_pt260_ak6_ca10_th85.root,ok,,1000,999,0.999,0.0009994998749374613,0.5475475475475475,0.015747609911988352,0.3283283283283283,0.519019019019019,0.27627627627627627,0.276,0.7237237237237237,0.014147361707628649,873.9083455787147,141.54865965329756,1092.9295342346259,0.8739083455787148,0.14154865965329758,1.092929534234626,0.5443253170624605,0.2579090048118165,1.2816582062283128
WbHt_4000_1000,WbHt,4000,1000,85,220,1.6,1.6,/eos/uscms/store/user/aji/rootfiles_existingOptimization/WbHt_4000_1000_pt220_ak16_ca16_th85.root,ok,,1000,1000,1.0,0.0,0.006,0.002442130217658346,0.003,0.4445,0.262,0.262,0.738,0.013905250806799567,1269.9729182842607,899.692038581272,2215.497242643648,1.2699729182842607,0.899692038581272,2.215497242643648,0.5180445917854827,0.14172184273829083,1.2830418836139086
WbHt_4000_1000,WbHt,4000,1000,85,320,0.8,0.8,/eos/uscms/store/user/aji/rootfiles_existingOptimization/WbHt_4000_1000_pt320_ak8_ca8_th85.root,ok,,1000,999,0.999,0.0009994998749374613,0.5475475475475475,0.015747609911988352,0.33683683683683685,0.4774774774774775,0.24824824824824826,0.248,0.7517517517517518,0.013667767314132825,934.2984871237422,189.17333660685438,1168.409617867655,0.9342984871237422,0.18917333660685437,1.168409617867655,0.5240489494291061,0.24398747625604963,1.2833708524684835
WbHt_4000_1000,WbHt,4000,1000,85,320,1.2,1.6,/eos/uscms/store/user/aji/rootfiles_existingOptimization/WbHt_4000_1000_pt320_ak12_ca16_th85.root,ok,,1000,1000,1.0,0.0,0.127,0.010529529904036551,0.0755,0.4435,0.214,0.214,0.786,0.012969348480166612,1045.2440848410206,382.1526125301079,1413.1523958707098,1.0452440848410207,0.3821526125301079,1.4131523958707097,0.49318613627811847,0.2606137731410597,1.2837105447622206
WbHt_4000_1000,WbHt,4000,1000,85,280,0.6,1.2,/eos/uscms/store/user/aji/rootfiles_existingOptimization/WbHt_4000_1000_pt280_ak6_ca12_th85.root,ok,,1000,999,0.999,0.0009994998749374613,0.5985985985985987,0.015508669678266475,0.36736736736736736,0.5115115115115115,0.2682682682682683,0.268,0.7317317317317318,0.014017735245396195,840.277052940911,135.99353953344325,1036.2592680895361,0.8402770529409109,0.13599353953344326,1.0362592680895362,0.5356957716536622,0.3232083414211412,1.284399798091303
WbHt_4000_1000,WbHt,4000,1000,85,320,0.8,1.0,/eos/uscms/store/user/aji/rootfiles_existingOptimization/WbHt_4000_1000_pt320_ak8_ca10_th85.root,ok,,1000,999,0.999,0.0009994998749374613,0.5725725725725725,0.01565177944867959,0.34934934934934936,0.481981981981982,0.24724724724724725,0.247,0.7527527527527528,0.013649261823418513,931.1198960997494,183.50963240904076,1160.5597334739343,0.9311198960997494,0.18350963240904078,1.1605597334739344,0.524663958507135,0.29472724597791283,1.2853047216499127
WbHt_4000_1000,WbHt,4000,1000,85,240,0.6,0.8,/eos/uscms/store/user/aji/rootfiles_existingOptimization/WbHt_4000_1000_pt240_ak6_ca8_th85.root,ok,,1000,999,0.999,0.0009994998749374613,0.5035035035035035,0.015818911575283163,0.2982982982982983,0.525025025025025,0.2952952952952953,0.295,0.7047047047047047,0.01443275054034814,901.0015019128704,146.32940237314418,1175.6018106697245,0.9010015019128703,0.14632940237314418,1.1756018106697246,0.5711824043086413,0.19492417949108054,1.2867869588220588
WbHt_4000_1000,WbHt,4000,1000,85,220,0.6,0.8,/eos/uscms/store/user/aji/rootfiles_existingOptimization/WbHt_4000_1000_pt220_ak6_ca8_th85.root,ok,,1000,1000,1.0,0.0,0.44,0.015697133496278867,0.254,0.55,0.329,0.329,0.671,0.014857960829131297,917.0765707897507,156.00862704131166,1271.6818068967914,0.9170765707897507,0.15600862704131166,1.2716818068967912,0.6082770051004057,0.14872713044325403,1.2875693480214307
WbHt_4000_1000,WbHt,4000,1000,85,240,0.6,0.6,/eos/uscms/store/user/aji/rootfiles_existingOptimization/WbHt_4000_1000_pt240_ak6_ca6_th85.root,ok,,1000,999,0.999,0.0009994998749374613,0.48348348348348347,0.015810666711559753,0.2882882882882883,0.5275275275275275,0.3023023023023023,0.302,0.6976976976976976,0.014530201205492713,901.8164217761394,151.5694761755484,1198.3716931631043,0.9018164217761393,0.15156947617554842,1.1983716931631043,0.5803854264074417,0.17556979126035885,1.2889014819275255
WbHt_4000_1000,WbHt,4000,1000,85,320,1.2,1.4,/eos/uscms/store/user/aji/rootfiles_existingOptimization/WbHt_4000_1000_pt320_ak12_ca14_th85.root,ok,,1000,1000,1.0,0.0,0.123,0.010386096475577337,0.0735,0.435,0.213,0.213,0.787,0.012947239087929132,1049.6719781248971,389.1751641659545,1433.3184586989853,1.049671978124897,0.3891751641659545,1.4333184586989853,0.49736647080846036,0.24231373979410975,1.28933366862095
WbHt_4000_1000,WbHt,4000,1000,85,180,0.4,1.2,/eos/uscms/store/user/aji/rootfiles_existingOptimization/WbHt_4000_1000_pt180_ak4_ca12_th85.root,ok,,1000,1000,1.0,0.0,0.457,0.015752809273269323,0.26,0.543,0.295,0.295,0.7050000000000001,0.014421338356754548,816.0791000439606,121.00379652496113,1045.8507438055594,0.8160791000439604,0.12100379652496113,1.0458507438055595,0.5666405053326197,0.22565018835942602,1.2900325953282237
WbHt_4000_1000,WbHt,4000,1000,85,220,0.6,0.6,/eos/uscms/store/user/aji/rootfiles_existingOptimization/WbHt_4000_1000_pt220_ak6_ca6_th85.root,ok,,1000,1000,1.0,0.0,0.426,0.015637263187655313,0.247,0.5505,0.332,0.332,0.6679999999999999,0.014892145580808697,919.0791389851756,158.7397036841594,1288.4800939410652,0.9190791389851757,0.1587397036841594,1.2884800939410652,0.6146045222527502,0.13947069745943663,1.2906966083542324
WbHt_4000_1000,WbHt,4000,1000,85,320,1.2,1.2,/eos/uscms/store/user/aji/rootfiles_existingOptimization/WbHt_4000_1000_pt320_ak12_ca12_th85.root,ok,,1000,1000,1.0,0.0,0.112,0.00997276290703835,0.068,0.432,0.217,0.217,0.783,0.013034991369387246,1060.1239639318549,401.3096956335855,1468.3578250066198,1.060123963931855,0.4013096956335855,1.4683578250066196,0.5032657338560192,0.2234571507989362,1.2922781302492048
WbHt_4000_1000,WbHt,4000,1000,85,340,0.8,1.6,/eos/uscms/store/user/aji/rootfiles_existingOptimization/WbHt_4000_1000_pt340_ak8_ca16_th85.root,ok,,1000,999,0.999,0.0009994998749374613,0.6456456456456456,0.015133286565274899,0.4009009009009009,0.4934934934934935,0.24024024024024024,0.24,0.7597597597597597,0.013516936590231392,868.6404022293152,174.94771841513364,1087.4117123585527,0.8686404022293153,0.17494771841513362,1.0874117123585525,0.5252253933858205,0.43563177928673064,1.2991211129226485
WbHt_4000_1000,WbHt,4000,1000,85,340,0.8,1.4,/eos/uscms/store/user/aji/rootfiles_existingOptimization/WbHt_4000_1000_pt340_ak8_ca14_th85.root,ok,,1000,999,0.999,0.0009994998749374613,0.6416416416416416,0.015171282515536615,0.3988988988988989,0.487987987987988,0.23923923923923923,0.239,0.7607607607607607,0.01349762985339013,872.3312875444662,175.3555891339362,1091.5102816498384,0.8723312875444663,0.1753555891339362,1.0915102816498383,0.525118556216638,0.43036929470709273,1.299646188222952
WbHt_4000_1000,WbHt,4000,1000,85,340,1.0,1.2,/eos/uscms/store/user/aji/rootfiles_existingOptimization/WbHt_4000_1000_pt340_ak10_ca12_th85.root,ok,,1000,1000,1.0,0.0,0.395,0.015458816254810716,0.233,0.4545,0.216,0.216,0.784,0.013013224043256921,983.9610364900344,254.5739630851152,1270.4243964349384,0.9839610364900344,0.2545739630851152,1.2704243964349384,0.5162046034737026,0.33580862310653753,1.3018084998246993
WbHt_4000_1000,WbHt,4000,1000,85,260,0.6,0.6,/eos/uscms/store/user/aji/rootfiles_existingOptimization/WbHt_4000_1000_pt260_ak6_ca6_th85.root,ok,,1000,999,0.999,0.0009994998749374613,0.5215215215215215,0.01580463889882084,0.3153153153153153,0.513013013013013,0.2782782782782783,0.278,0.7217217217217218,0.014178875788841326,889.0446772269331,146.13741220765166,1157.0300518754045,0.8890446772269331,0.14613741220765164,1.1570300518754046,0.5685274686199587,0.2154486068008236,1.302344722618987
WbHt_4000_1000,WbHt,4000,1000,85,160,0.4,0.6,/eos/uscms/store/user/aji/rootfiles_existingOptimization/WbHt_4000_1000_pt160_ak4_ca6_th85.root,ok,,1000,1000,1.0,0.0,0.339,0.014969268519202935,0.1905,0.564,0.346,0.346,0.654,0.015042739112276061,880.9971651393437,145.67099742579245,1267.3835914381307,0.8809971651393436,0.14567099742579245,1.2673835914381306,0.6366153254505205,0.14332994819892625,1.3025156089365861
WbHt_4000_1000,WbHt,4000,1000,85,180,0.4,1.6,/eos/uscms/store/user/aji/rootfiles_existingOptimization/WbHt_4000_1000_pt180_ak4_ca16_th85.root,ok,,1000,1000,1.0,0.0,0.484,0.015803290796539814,0.2735,0.537,0.27,0.27,0.73,0.014039230748157109,798.8754775334828,117.60100050912834,1002.6156171792809,0.7988754775334828,0.11760100050912833,1.0026156171792808,0.5539127445760528,0.2999789010262601,1.3040251968227046
WbHt_4000_1000,WbHt,4000,1000,85,160,0.4,1.0,/eos/uscms/store/user/aji/rootfiles_existingOptimization/WbHt_4000_1000_pt160_ak4_ca10_th85.root,ok,,1000,1000,1.0,0.0,0.358,0.01516034300403523,0.2,0.556,0.328,0.328,0.6719999999999999,0.01484641370836742,865.7117982110433,138.13765698405808,1209.4887876968126,0.8657117982110434,0.13813765698405808,1.2094887876968126,0.6187689326440139,0.16594120492830497,1.3041977528229096
WbHt_4000_1000,WbHt,4000,1000,85,260,0.6,0.8,/eos/uscms/store/user/aji/rootfiles_existingOptimization/WbHt_4000_1000_pt260_ak6_ca8_th85.root,ok,,1000,999,0.999,0.0009994998749374613,0.5435435435435435,0.01575919769936907,0.3263263263263263,0.51001001001001,0.2702702702702703,0.27,0.7297297297297297,0.014050682294865847,884.3857505621404,141.82232888051462,1137.790127788398,0.8843857505621403,0.1418223288805146,1.137790127788398,0.5630844901530913,0.23234016712397035,1.305375644826607
WbHt_4000_1000,WbHt,4000,1000,85,100,1.0,1.0,/eos/uscms/store/user/aji/rootfiles_existingOptimization/WbHt_4000_1000_pt100_ak10_ca10_th85.root,ok,,1000,1000,1.0,0.0,0.029,0.005306505441436953,0.015,0.412,0.341,0.341,0.659,0.014990630407024249,1435.284744788815,1006.3878632534465,2738.9319505050435,1.435284744788815,1.0063878632534466,2.738931950505043,0.6035541357009684,0.04046472929899726,1.30608261017985
WbHt_4000_1000,WbHt,4000,1000,85,400,1.2,1.0,/eos/uscms/store/user/aji/rootfiles_existingOptimization/WbHt_4000_1000_pt400_ak12_ca10_th85.root,ok,,1000,1000,1.0,0.0,0.113,0.01001154333756789,0.083,0.4145,0.222,0.222,0.778,0.013142145943490354,960.1206988476185,388.9052145164742,1395.79201622142,0.9601206988476185,0.38890521451647425,1.39579201622142,0.5243542832236916,0.15621419124331254,1.3063422133389297
WbHt_4000_1000,WbHt,4000,1000,85,300,0.6,1.4,/eos/uscms/store/user/aji/rootfiles_existingOptimization/WbHt_4000_1000_pt300_ak6_ca14_th85.root,ok,,1000,999,0.999,0.0009994998749374613,0.6526526526526526,0.015063999858266012,0.4119119119119119,0.4974974974974975,0.25625625625625625,0.256,0.7437437437437437,0.013812304918185709,805.6873632209279,131.81122461618406,1011.6731380011998,0.8056873632209278,0.13181122461618405,1.0116731380011998,0.5460318440812808,0.3875503111912447,1.3102068515029317
WbHt_4000_1000,WbHt,4000,1000,85,360,0.6,0.4,/eos/uscms/store/user/aji/rootfiles_existingOptimization/WbHt_4000_1000_pt360_ak6_ca4_th85.root,ok,,1000,998,0.998,0.0014127986409959495,0.32965931863727455,0.014880420225418788,0.29909819639278556,0.4604208416833667,0.2935871743486974,0.293,0.7064128256513026,0.014415594477333038,754.417399649205,141.95459427437973,1014.3143766185719,0.754417399649205,0.14195459427437973,1.014314376618572,0.5781678569117237,0.12310312109645158,1.3111389425981057
WbHt_4000_1000,WbHt,4000,1000,85,160,0.4,0.8,/eos/uscms/store/user/aji/rootfiles_existingOptimization/WbHt_4000_1000_pt160_ak4_ca8_th85.root,ok,,1000,1000,1.0,0.0,0.351,0.015093011627902497,0.1965,0.557,0.335,0.335,0.665,0.014925649064613572,876.447717813935,140.673775895108,1257.0868906565488,0.8764477178139349,0.140673775895108,1.2570868906565487,0.6368965838293443,0.15075952546342708,1.3142518120479507
WbHt_4000_1000,WbHt,4000,1000,85,340,1.0,1.0,/eos/uscms/store/user/aji/rootfiles_existingOptimization/WbHt_4000_1000_pt340_ak10_ca10_th85.root,ok,,1000,1000,1.0,0.0,0.367,0.015241751867813621,0.22,0.4425,0.212,0.212,0.788,0.012925014506761683,988.0542714892905,262.93882785695524,1300.692588713202,0.9880542714892906,0.26293882785695527,1.3006925887132021,0.5251501819287945,0.30082098848548333,1.3143447547798655
WbHt_4000_1000,WbHt,4000,1000,85,200,1.6,1.4,/eos/uscms/store/user/aji/rootfiles_existingOptimization/WbHt_4000_1000_pt200_ak16_ca14_th85.root,ok,,1000,1000,1.0,0.0,0.002,0.0014127986409959489,0.001,0.408,0.272,0.272,0.728,0.014071815803228808,1349.321062317777,998.6522169105541,2488.8239353321455,1.349321062317777,0.9986522169105541,2.4888239353321455,0.5521931584844123,0.0832459006498045,1.31512526471619
WbHt_4000_1000,WbHt,4000,1000,85,280,0.6,1.0,/eos/uscms/store/user/aji/rootfiles_existingOptimization/WbHt_4000_1000_pt280_ak6_ca10_th85.root,ok,,1000,999,0.999,0.0009994998749374613,0.5975975975975976,0.015515006424992062,0.36686686686686687,0.4914914914914915,0.2502502502502503,0.25,0.7497497497497497,0.013704483769019274,848.4483798244128,136.06694191302057,1069.4532352545425,0.8484483798244128,0.13606694191302057,1.0694532352545425,0.5500548504404518,0.2947873141566759,1.3159597622077603
WbHt_4000_1000,WbHt,4000,1000,85,340,1.2,1.6,/eos/uscms/store/user/aji/rootfiles_existingOptimization/WbHt_4000_1000_pt340_ak12_ca16_th85.root,ok,,1000,1000,1.0,0.0,0.144,0.011102432165971562,0.0855,0.427,0.188,0.188,0.812,0.01235540367612487,1011.4169682301274,369.80231169155934,1390.9455867677214,1.0114169682301275,0.36980231169155936,1.3909455867677214,0.504808257697641,0.2870734675363561,1.3179499545206539
WbHt_4000_1000,WbHt,4000,1000,85,340,0.8,1.2,/eos/uscms/store/user/aji/rootfiles_existingOptimization/WbHt_4000_1000_pt340_ak8_ca12_th85.root,ok,,1000,999,0.999,0.0009994998749374613,0.6346346346346347,0.015235012989084584,0.3953953953953954,0.46996996996997,0.22722722722722724,0.227,0.7727727727727728,0.013257857489770824,879.7786852724886,175.8688959213769,1112.8671539468128,0.8797786852724886,0.17586889592137686,1.1128671539468127,0.5325192992912899,0.41484890707102534,1.3183142035368136
WbHt_4000_1000,WbHt,4000,1000,85,300,0.6,1.6,/eos/uscms/store/user/aji/rootfiles_existingOptimization/WbHt_4000_1000_pt300_ak6_ca16_th85.root,ok,,1000,999,0.999,0.0009994998749374613,0.6556556556556556,0.015033207048949487,0.4134134134134134,0.4984984984984985,0.25125125125125125,0.251,0.7487487487487487,0.013722695521226876,798.7503160688268,131.55703674093274,1008.7430224177058,0.7987503160688268,0.13155703674093275,1.0087430224177056,0.5490989912805163,0.4431974847093325,1.3189727084223821
WbHt_4000_1000,WbHt,4000,1000,85,300,0.6,1.2,/eos/uscms/store/user/aji/rootfiles_existingOptimization/WbHt_4000_1000_pt300_ak6_ca12_th85.root,ok,,1000,999,0.999,0.0009994998749374613,0.6446446446446447,0.015142893845287105,0.40790790790790793,0.4864864864864865,0.24724724724724725,0.247,0.7527527527527528,0.013649261823418513,811.0036556259754,132.15984428239852,1022.0390630674481,0.8110036556259754,0.13215984428239852,1.022039063067448,0.5486283647502141,0.3630747141466561,1.3212807519403693
WbHt_4000_1000,WbHt,4000,1000,85,280,0.6,0.6,/eos/uscms/store/user/aji/rootfiles_existingOptimization/WbHt_4000_1000_pt280_ak6_ca6_th85.root,ok,,1000,999,0.999,0.0009994998749374613,0.5755755755755756,0.015637546650343274,0.35585585585585583,0.48398398398398396,0.2502502502502503,0.25,0.7497497497497497,0.013704483769019274,860.7670734608779,139.61806043934317,1099.761536824427,0.8607670734608779,0.13961806043934316,1.099761536824427,0.5577254904306714,0.258977399795816,1.3223985328343333
WbHt_4000_1000,WbHt,4000,1000,85,200,0.4,1.2,/eos/uscms/store/user/aji/rootfiles_existingOptimization/WbHt_4000_1000_pt200_ak4_ca12_th85.root,ok,,1000,999,0.999,0.0009994998749374613,0.5125125125125125,0.01581434572030046,0.3023023023023023,0.5135135135135135,0.26226226226226224,0.262,0.7377377377377378,0.013916696536816504,791.3463078324876,113.0692322126097,1007.8927033128004,0.7913463078324876,0.11306923221260971,1.0078927033128005,0.5653804549560161,0.26732595851249874,1.3249835619105048
WbHt_4000_1000,WbHt,4000,1000,85,340,1.2,1.4,/eos/uscms/store/user/aji/rootfiles_existingOptimization/WbHt_4000_1000_pt340_ak12_ca14_th85.root,ok,,1000,1000,1.0,0.0,0.139,0.010939789760319894,0.083,0.418,0.186,0.186,0.8140000000000001,0.012304633273690035,1016.7991768316757,371.32934333387226,1408.7985378602693,1.0167991768316758,0.3713293433338723,1.4087985378602692,0.5101642576851452,0.2700269104213784,1.3258441753683128
WbHt_4000_1000,WbHt,4000,1000,85,200,0.4,1.4,/eos/uscms/store/user/aji/rootfiles_existingOptimization/WbHt_4000_1000_pt200_ak4_ca14_th85.root,ok,,1000,999,0.999,0.0009994998749374613,0.5215215215215215,0.01580463889882084,0.30680680680680683,0.5155155155155156,0.25725725725725723,0.257,0.7427427427427428,0.013829939554235384,781.770347110979,111.97495316399035,989.8908186627998,0.7817703471109789,0.11197495316399034,0.9898908186627998,0.561492175255262,0.3054671489900858,1.3270578832869067
WbHt_4000_1000,WbHt,4000,1000,85,360,1.0,1.6,/eos/uscms/store/user/aji/rootfiles_existingOptimization/WbHt_4000_1000_pt360_ak10_ca16_th85.root,ok,,1000,1000,1.0,0.0,0.433,0.015668790636165893,0.259,0.452,0.199,0.199,0.8009999999999999,0.012625331678811453,932.5307687488958,244.65692756365428,1215.346368233015,0.9325307687488957,0.2446569275636543,1.215346368233015,0.520459738809294,0.38394373603808063,1.3282066619344044
WbHt_4000_1000,WbHt,4000,1000,85,280,0.6,0.8,/eos/uscms/store/user/aji/rootfiles_existingOptimization/WbHt_4000_1000_pt280_ak6_ca8_th85.root,ok,,1000,999,0.999,0.0009994998749374613,0.5945945945945946,0.01553361374018659,0.36536536536536535,0.48098098098098097,0.24224224224224225,0.242,0.7577577577577578,0.013555245589759403,860.745811928245,136.25089671074645,1093.4227025646624,0.860745811928245,0.13625089671074644,1.0934227025646623,0.5560130485617218,0.2755829124523215,1.328696225126655
WbHt_4000_1000,WbHt,4000,1000,85,100,1.0,1.2,/eos/uscms/store/user/aji/rootfiles_existingOptimization/WbHt_4000_1000_pt100_ak10_ca12_th85.root,ok,,1000,1000,1.0,0.0,0.035,0.005811626278418116,0.018,0.439,0.346,0.346,0.654,0.015042739112276061,1360.7174587011782,996.9596099831332,2735.835556573462,1.360717458701178,0.9969596099831333,2.7358355565734622,0.6389555507908702,0.05615233306327466,1.3290272966609882
WbHt_4000_1000,WbHt,4000,1000,85,100,1.0,1.4,/eos/uscms/store/user/aji/rootfiles_existingOptimization/WbHt_4000_1000_pt100_ak10_ca14_th85.root,ok,,1000,1000,1.0,0.0,0.042,0.0063431853196954605,0.0215,0.4645,0.347,0.347,0.653,0.01505293991218991,1296.2949442406548,980.0102815625721,2656.2525583055667,1.2962949442406546,0.9800102815625721,2.6562525583055665,0.6465512668202629,0.07507181886702079,1.3291807612443285
WbHt_4000_1000,WbHt,4000,1000,85,340,1.2,1.2,/eos/uscms/store/user/aji/rootfiles_existingOptimization/WbHt_4000_1000_pt340_ak12_ca12_th85.root,ok,,1000,1000,1.0,0.0,0.128,0.010564847372300274,0.0775,0.415,0.19,0.19,0.81,0.012405643876881197,1025.9091258838666,381.6856131903532,1442.8843574931905,1.0259091258838666,0.38168561319035316,1.4428843574931904,0.5171991931490847,0.24314234703414395,1.3297901057374713
WbHt_4000_1000,WbHt,4000,1000,85,360,1.0,1.4,/eos/uscms/store/user/aji/rootfiles_existingOptimization/WbHt_4000_1000_pt360_ak10_ca14_th85.root,ok,,1000,1000,1.0,0.0,0.432,0.01566448211719749,0.2585,0.4475,0.197,0.197,0.8029999999999999,0.012577400367325516,935.0022243189014,244.97764011191686,1221.7051173732339,0.9350022243189015,0.24497764011191686,1.2217051173732338,0.5223129164065947,0.3699104985875501,1.3318126939747046
WbHt_4000_1000,WbHt,4000,1000,85,340,0.8,0.8,/eos/uscms/store/user/aji/rootfiles_existingOptimization/WbHt_4000_1000_pt340_ak8_ca8_th85.root,ok,,1000,999,0.999,0.0009994998749374613,0.5995995995995996,0.015502265640853889,0.37787787787787785,0.4469469469469469,0.2132132132132132,0.213,0.7867867867867868,0.0129584435865074,899.1775440595251,183.47957094582185,1146.2405554824709,0.8991775440595251,0.18347957094582187,1.1462405554824708,0.5353564437286006,0.3010179563689129,1.3332254761094346
WbHt_4000_1000,WbHt,4000,1000,85,180,0.4,0.4,/eos/uscms/store/user/aji/rootfiles_existingOptimization/WbHt_4000_1000_pt180_ak4_ca4_th85.root,ok,,1000,1000,1.0,0.0,0.403,0.01551099609954177,0.233,0.536,0.31,0.31,0.69,0.014625320509308506,844.8091475275162,130.5729924758707,1197.1647806030705,0.8448091475275163,0.1305729924758707,1.1971647806030707,0.6312619786662881,0.16391319539714788,1.3367810639135365
WbHt_4000_1000,WbHt,4000,1000,85,400,0.8,0.6,/eos/uscms/store/user/aji/rootfiles_existingOptimization/WbHt_4000_1000_pt400_ak8_ca6_th85.root,ok,,1000,997,0.997,0.0017294507798720387,0.35907723169508526,0.015193198254247125,0.302407221664995,0.43781344032096287,0.25275827482447344,0.252,0.7472417251755266,0.013763714937431172,784.9862870814709,197.87497530335074,1094.6996977274616,0.7849862870814709,0.19787497530335074,1.0946996977274617,0.5712359165906249,0.0935365371645971,1.3429790130580046
WbHt_4000_1000,WbHt,4000,1000,85,340,0.8,1.0,/eos/uscms/store/user/aji/rootfiles_existingOptimization/WbHt_4000_1000_pt340_ak8_ca10_th85.root,ok,,1000,999,0.999,0.0009994998749374613,0.6306306306306306,0.015269865983308168,0.3933933933933934,0.4494494494494494,0.21021021021021022,0.21,0.7897897897897898,0.01289139502921964,890.6987565981648,177.03697301063775,1141.2411679875415,0.8906987565981648,0.17703697301063775,1.1412411679875416,0.5412627938650535,0.38577131034173173,1.3429827079950267
WbHt_4000_1000,WbHt,4000,1000,85,180,0.4,1.0,/eos/uscms/store/user/aji/rootfiles_existingOptimization/WbHt_4000_1000_pt180_ak4_ca10_th85.root,ok,,1000,1000,1.0,0.0,0.453,0.015741378592740853,0.258,0.5245,0.282,0.282,0.718,0.014229406171727618,833.4970087089295,121.36974080172055,1136.7000123905066,0.8334970087089295,0.12136974080172055,1.1367000123905064,0.6090785335639732,0.2118530976777444,1.3437288326930803
WbHt_4000_1000,WbHt,4000,1000,85,200,0.4,1.6,/eos/uscms/store/user/aji/rootfiles_existingOptimization/WbHt_4000_1000_pt200_ak4_ca16_th85.root,ok,,1000,999,0.999,0.0009994998749374613,0.5335335335335335,0.015783682293923396,0.3128128128128128,0.5075075075075075,0.24124124124124124,0.241,0.7587587587587588,0.013536141691690583,773.5890988663994,111.12366719057324,980.7976049643412,0.7735890988663994,0.11112366719057325,0.9807976049643411,0.5621032787614052,0.3362190034242016,1.3445031276335238
WbHt_4000_1000,WbHt,4000,1000,85,360,1.2,1.6,/eos/uscms/store/user/aji/rootfiles_existingOptimization/WbHt_4000_1000_pt360_ak12_ca16_th85.root,ok,,1000,1000,1.0,0.0,0.161,0.011622349160131096,0.0985,0.4155,0.177,0.177,0.823,0.012069424178476786,978.7459508556749,349.31143238258426,1368.9589037250112,0.978745950855675,0.3493114323825842,1.3689589037250112,0.520894860638245,0.30000512053949613,1.3460202655526774
WbHt_4000_1000,WbHt,4000,1000,85,300,0.6,1.0,/eos/uscms/store/user/aji/rootfiles_existingOptimization/WbHt_4000_1000_pt300_ak6_ca10_th85.root,ok,,1000,999,0.999,0.0009994998749374613,0.6436436436436437,0.015152428839645427,0.4074074074074074,0.466966966966967,0.22822822822822822,0.228,0.7717717717717718,0.013278419352035864,823.5025415214538,132.2897075480484,1049.5109320299923,0.8235025415214539,0.1322897075480484,1.0495109320299922,0.5569024855632753,0.33448191285840323,1.3473240031829015
WbHt_4000_1000,WbHt,4000,1000,85,360,1.0,1.2,/eos/uscms/store/user/aji/rootfiles_existingOptimization/WbHt_4000_1000_pt360_ak10_ca12_th85.root,ok,,1000,1000,1.0,0.0,0.427,0.015641962792437524,0.256,0.432,0.19,0.19,0.81,0.012405643876881197,941.1385708697247,245.8830388995219,1248.822475171097,0.9411385708697247,0.2458830388995219,1.2488224751710972,0.5328330318800658,0.35186751677185957,1.3487191747930933
WbHt_4000_1000,WbHt,4000,1000,85,360,1.2,1.2,/eos/uscms/store/user/aji/rootfiles_existingOptimization/WbHt_4000_1000_pt360_ak12_ca12_th85.root,ok,,1000,1000,1.0,0.0,0.143,0.011070275515993266,0.0895,0.4045,0.179,0.179,0.821,0.012122664723566351,991.5766019618154,367.4727200827223,1423.756617788591,0.9915766019618153,0.3674727200827223,1.4237566177885912,0.5326284906360393,0.25655303092712595,1.3544708304398578
WbHt_4000_1000,WbHt,4000,1000,85,360,1.0,1.0,/eos/uscms/store/user/aji/rootfiles_existingOptimization/WbHt_4000_1000_pt360_ak10_ca10_th85.root,ok,,1000,1000,1.0,0.0,0.395,0.015458816254810716,0.241,0.4205,0.185,0.185,0.815,0.012279047194306243,953.5311181964701,253.99508755342796,1273.9576501280455,0.9535311181964701,0.253995087553428,1.2739576501280456,0.5348344396477576,0.3223896079305843,1.3544813278281105
WbHt_4000_1000,WbHt,4000,1000,85,300,0.6,0.6,/eos/uscms/store/user/aji/rootfiles_existingOptimization/WbHt_4000_1000_pt300_ak6_ca6_th85.root,ok,,1000,999,0.999,0.0009994998749374613,0.6196196196196196,0.015359917762661792,0.3953953953953954,0.456956956956957,0.22722722722722724,0.227,0.7727727727727728,0.013257857489770824,828.5943001263317,135.85289590037132,1074.4797492461573,0.8285943001263317,0.13585289590037133,1.074479749246157,0.5663971217293421,0.2723614522819812,1.3573104644894816
WbHt_4000_1000,WbHt,4000,1000,85,180,0.4,0.6,/eos/uscms/store/user/aji/rootfiles_existingOptimization/WbHt_4000_1000_pt180_ak4_ca6_th85.root,ok,,1000,1000,1.0,0.0,0.435,0.0156772127624779,0.249,0.526,0.293,0.293,0.7070000000000001,0.014392741226048635,843.0058435665229,123.28034227398004,1194.8103265504774,0.8430058435665229,0.12328034227398005,1.1948103265504773,0.6355412554100173,0.18334625956183914,1.3582406710533652
WbHt_4000_1000,WbHt,4000,1000,85,180,0.4,0.8,/eos/uscms/store/user/aji/rootfiles_existingOptimization/WbHt_4000_1000_pt180_ak4_ca8_th85.root,ok,,1000,1000,1.0,0.0,0.448,0.01572564784039119,0.2555,0.523,0.287,0.287,0.7130000000000001,0.01430492922037715,841.1240916957613,121.97737900694581,1181.9594933737603,0.8411240916957614,0.1219773790069458,1.1819594933737603,0.6300985341115488,0.1906784363101859,1.3589861249419728
WbHt_4000_1000,WbHt,4000,1000,85,360,1.2,1.4,/eos/uscms/store/user/aji/rootfiles_existingOptimization/WbHt_4000_1000_pt360_ak12_ca14_th85.root,ok,,1000,1000,1.0,0.0,0.157,0.01150439046625244,0.0965,0.4065,0.174,0.174,0.8260000000000001,0.011988494484296182,979.808716670283,352.9270312927489,1395.2431554927662,0.979808716670283,0.3529270312927489,1.395243155492766,0.5318977604843909,0.2913575528133654,1.3599168888173625
WbHt_4000_1000,WbHt,4000,1000,85,220,0.4,1.2,/eos/uscms/store/user/aji/rootfiles_existingOptimization/WbHt_4000_1000_pt220_ak4_ca12_th85.root,ok,,1000,999,0.999,0.0009994998749374613,0.5655655655655656,0.01568270077874928,0.34134134134134136,0.4874874874874875,0.23623623623623624,0.236,0.7637637637637638,0.013439095438733397,766.86448589418,106.55326989873018,988.6900265927098,0.76686448589418,0.10655326989873017,0.9886900265927099,0.5751581752187871,0.33076237439553735,1.3632354903931327
WbHt_4000_1000,WbHt,4000,1000,85,220,0.4,1.4,/eos/uscms/store/user/aji/rootfiles_existingOptimization/WbHt_4000_1000_pt220_ak4_ca14_th85.root,ok,,1000,999,0.999,0.0009994998749374613,0.5765765765765766,0.015632671183394724,0.34684684684684686,0.491991991991992,0.23323323323323322,0.233,0.7667667667667668,0.01337963028844448,757.4655879493492,105.629411073782,971.5957740593099,0.7574655879493493,0.10562941107378199,0.9715957740593099,0.5716209269188833,0.3726407111680948,1.3636411348907154
WbHt_4000_1000,WbHt,4000,1000,85,160,1.4,1.2,/eos/uscms/store/user/aji/rootfiles_existingOptimization/WbHt_4000_1000_pt160_ak14_ca12_th85.root,ok,,1000,1000,1.0,0.0,0.002,0.0014127986409959489,0.001,0.358,0.254,0.254,0.746,0.013765318739498916,1436.4466299382984,1037.6707700037337,2690.194215952111,1.4364466299382985,1.0376707700037338,2.690194215952111,0.5752122673779255,0.05064262552943284,1.3648569303717553
WbHt_4000_1000,WbHt,4000,1000,85,360,0.8,1.6,/eos/uscms/store/user/aji/rootfiles_existingOptimization/WbHt_4000_1000_pt360_ak8_ca16_th85.root,ok,,1000,998,0.998,0.0014127986409959495,0.6833667334669339,0.0147244783126883,0.4318637274549098,0.46593186372745493,0.2124248496993988,0.212,0.7875751503006012,0.012947424629580354,817.769826164124,171.93528345524982,1083.7144691322012,0.817769826164124,0.1719352834552498,1.0837144691322012,0.557479107509868,0.4678701716701156,1.3652772751940567
WbHt_4000_1000,WbHt,4000,1000,85,360,0.8,1.4,/eos/uscms/store/user/aji/rootfiles_existingOptimization/WbHt_4000_1000_pt360_ak8_ca14_th85.root,ok,,1000,998,0.998,0.0014127986409959495,0.6793587174348698,0.014773861528016857,0.42985971943887774,0.4604208416833667,0.21142284569138275,0.211,0.7885771543086173,0.01292506637091375,820.2872215601226,172.29757890643958,1086.0135567242655,0.8202872215601227,0.17229757890643957,1.0860135567242655,0.5569488063461533,0.4648976156923284,1.3654972384987583
WbHt_4000_1000,WbHt,4000,1000,85,300,0.6,0.8,/eos/uscms/store/user/aji/rootfiles_existingOptimization/WbHt_4000_1000_pt300_ak6_ca8_th85.root,ok,,1000,999,0.999,0.0009994998749374613,0.6426426426426426,0.015161891684726638,0.4069069069069069,0.45595595595595595,0.22022022022022023,0.22,0.7797797797797797,0.01311087983303845,828.1075140685703,132.5182684871928,1073.7163793587083,0.8281075140685703,0.1325182684871928,1.0737163793587083,0.5682825568429638,0.30118409527711837,1.3662515852158865
WbHt_4000_1000,WbHt,4000,1000,85,200,1.6,1.6,/eos/uscms/store/user/aji/rootfiles_existingOptimization/WbHt_4000_1000_pt200_ak16_ca16_th85.root,ok,,1000,1000,1.0,0.0,0.006,0.002442130217658346,0.003,0.409,0.247,0.247,0.753,0.013637851736985557,1324.9261462956415,954.0777197935781,2502.6758490328057,1.3249261462956414,0.9540777197935781,2.502675849032806,0.5844092267214103,0.12147594812220466,1.3699018413509743
WbHt_4000_1000,WbHt,4000,1000,85,360,0.8,1.2,/eos/uscms/store/user/aji/rootfiles_existingOptimization/WbHt_4000_1000_pt360_ak8_ca12_th85.root,ok,,1000,998,0.998,0.0014127986409959495,0.6723446893787575,0.014857280559179325,0.42635270541082165,0.4438877755511022,0.20040080160320642,0.2,0.7995991983967936,0.012671284197207935,834.8142709895916,172.79567689404942,1101.2073919308057,0.8348142709895916,0.17279567689404945,1.1012073919308056,0.5560588428466932,0.4648976156923284,1.3741766141445277
WbHt_4000_1000,WbHt,4000,1000,85,220,0.4,1.6,/eos/uscms/store/user/aji/rootfiles_existingOptimization/WbHt_4000_1000_pt220_ak4_ca16_th85.root,ok,,1000,999,0.999,0.0009994998749374613,0.5865865865865866,0.015580292312142778,0.35185185185185186,0.48848848848848847,0.22322322322322322,0.223,0.7767767767767768,0.013174527848127207,752.9251808138014,104.72843095936909,966.7641526025593,0.7529251808138013,0.1047284309593691,0.9667641526025593,0.5724577578289096,0.4030658200237186,1.3749420165243063
WbHt_4000_1000,WbHt,4000,1000,85,320,0.6,1.4,/eos/uscms/store/user/aji/rootfiles_existingOptimization/WbHt_4000_1000_pt320_ak6_ca14_th85.root,ok,,1000,999,0.999,0.0009994998749374613,0.6896896896896897,0.014636668120822729,0.44594594594594594,0.4724724724724725,0.22522522522522523,0.225,0.7747747747747747,0.013216410126963975,760.5722123698772,128.7101894645276,1005.3268753023262,0.7605722123698772,0.1287101894645276,1.0053268753023263,0.5762876105520192,0.43040007375177575,1.3760051640898063
WbHt_4000_1000,WbHt,4000,1000,85,320,0.6,1.6,/eos/uscms/store/user/aji/rootfiles_existingOptimization/WbHt_4000_1000_pt320_ak6_ca16_th85.root,ok,,1000,999,0.999,0.0009994998749374613,0.6906906906906907,0.014623642206895745,0.44644644644644643,0.4754754754754755,0.22322322322322322,0.223,0.7767767767767768,0.013174527848127207,757.0980115788773,128.68562710731732,1000.9155416703516,0.7570980115788772,0.12868562710731732,1.0009155416703515,0.5760350055232988,0.44387830589652794,1.378101981142188
WbHt_4000_1000,WbHt,4000,1000,85,100,1.0,1.6,/eos/uscms/store/user/aji/rootfiles_existingOptimization/WbHt_4000_1000_pt100_ak10_ca16_th85.root,ok,,1000,1000,1.0,0.0,0.051,0.00695693898205238,0.026,0.467,0.333,0.333,0.667,0.01490338887635963,1267.2632019796883,971.7452623975793,2706.4562776894686,1.2672632019796883,0.9717452623975793,2.706456277689469,0.6844320156152114,0.09337623909865628,1.3781583358131804
WbHt_4000_1000,WbHt,4000,1000,85,200,0.4,0.4,/eos/uscms/store/user/aji/rootfiles_existingOptimization/WbHt_4000_1000_pt200_ak4_ca4_th85.root,ok,,1000,999,0.999,0.0009994998749374613,0.46346346346346345,0.0157770084456277,0.2777777777777778,0.5025025025025025,0.2682682682682683,0.268,0.7317317317317318,0.014017735245396195,820.3842061084781,119.7007889232961,1159.7222521662402,0.8203842061084781,0.1197007889232961,1.1597222521662403,0.6338624363432855,0.19222105832108882,1.3845557474641694
WbHt_4000_1000,WbHt,4000,1000,85,200,0.4,1.0,/eos/uscms/store/user/aji/rootfiles_existingOptimization/WbHt_4000_1000_pt200_ak4_ca10_th85.root,ok,,1000,999,0.999,0.0009994998749374613,0.5095095095095095,0.01581643856744768,0.3008008008008008,0.49099099099099097,0.24424424424424424,0.244,0.7557557557557557,0.013593151480247957,805.958619272107,113.60213308151013,1097.735411846812,0.8059586192721069,0.11360213308151014,1.0977354118468121,0.610535860795255,0.2433938651046589,1.3866957546238
WbHt_4000_1000,WbHt,4000,1000,85,380,1.2,1.6,/eos/uscms/store/user/aji/rootfiles_existingOptimization/WbHt_4000_1000_pt380_ak12_ca16_th85.root,ok,,1000,1000,1.0,0.0,0.171,0.011906258858264422,0.1075,0.398,0.163,0.163,0.837,0.011680368144883107,930.2494056107531,337.4900603362614,1348.3612355941723,0.9302494056107531,0.33749006033626144,1.348361235594172,0.5433334163724757,0.30632196106980963,1.3873084758114005
WbHt_4000_1000,WbHt,4000,1000,85,320,0.6,1.2,/eos/uscms/store/user/aji/rootfiles_existingOptimization/WbHt_4000_1000_pt320_ak6_ca12_th85.root,ok,,1000,999,0.999,0.0009994998749374613,0.6836836836836837,0.01471314993906886,0.44294294294294295,0.45995995995996,0.21521521521521522,0.215,0.7847847847847848,0.01300256486421552,762.8152658833176,129.06297040098687,1014.2579997217226,0.7628152658833175,0.12906297040098688,1.0142579997217227,0.5802158588788244,0.38286573895442627,1.3897191170752774
WbHt_4000_1000,WbHt,4000,1000,85,380,1.2,1.2,/eos/uscms/store/user/aji/rootfiles_existingOptimization/WbHt_4000_1000_pt380_ak12_ca12_th85.root,ok,,1000,1000,1.0,0.0,0.153,0.011383804285035824,0.0985,0.39,0.166,0.166,0.834,0.011766222843376714,940.2401488809193,352.497319504465,1393.1959422088362,0.9402401488809192,0.352497319504465,1.3931959422088362,0.5534217103699616,0.2606137731410597,1.3933976954818696
WbHt_4000_1000,WbHt,4000,1000,85,380,1.2,1.4,/eos/uscms/store/user/aji/rootfiles_existingOptimization/WbHt_4000_1000_pt380_ak12_ca14_th85.root,ok,,1000,1000,1.0,0.0,0.168,0.011822690049223147,0.106,0.391,0.161,0.161,0.839,0.011622349160131098,934.2694034804841,338.7932067047529,1363.669722534579,0.9342694034804842,0.33879320670475294,1.363669722534579,0.5484908913916041,0.2963397673605252,1.3940639510435555
WbHt_4000_1000,WbHt,4000,1000,85,360,0.8,0.8,/eos/uscms/store/user/aji/rootfiles_existingOptimization/WbHt_4000_1000_pt360_ak8_ca8_th85.root,ok,,1000,998,0.998,0.0014127986409959495,0.6372745490981964,0.015219032033673193,0.4088176352705411,0.4198396793587174,0.18336673346693386,0.183,0.8166332665330661,0.01224922289157542,848.3105197760897,179.97509517164963,1134.5340177312535,0.8483105197760896,0.1799750951716496,1.1345340177312535,0.5626235324840474,0.358721411478376,1.3964257470395045
WbHt_4000_1000,WbHt,4000,1000,85,380,1.0,1.6,/eos/uscms/store/user/aji/rootfiles_existingOptimization/WbHt_4000_1000_pt380_ak10_ca16_th85.root,ok,,1000,1000,1.0,0.0,0.466,0.01577479001445027,0.2865,0.4275,0.178,0.178,0.8220000000000001,0.01209611507881766,856.7200721527661,239.50051786676522,1199.7966563217672,0.8567200721527661,0.2395005178667652,1.199796656321767,0.5604491885208023,0.40083508212508234,1.3967771813055259
WbHt_4000_1000,WbHt,4000,1000,85,220,0.4,1.0,/eos/uscms/store/user/aji/rootfiles_existingOptimization/WbHt_4000_1000_pt220_ak4_ca10_th85.root,ok,,1000,999,0.999,0.0009994998749374613,0.5625625625625625,0.015694975566200448,0.33983983983983984,0.4694694694694695,0.22022022022022023,0.22,0.7797797797797797,0.01311087983303845,782.9615593040596,106.9340014881317,1038.1029426615955,0.7829615593040595,0.10693400148813169,1.0381029426615955,0.5946453756945228,0.30149982681247983,1.3971289995438965
WbHt_4000_1000,WbHt,4000,1000,85,240,0.4,1.2,/eos/uscms/store/user/aji/rootfiles_existingOptimization/WbHt_4000_1000_pt240_ak4_ca12_th85.root,ok,,1000,998,0.998,0.0014127986409959495,0.6222444889779559,0.015346899999469138,0.38577154308617234,0.46693386773547096,0.22244488977955912,0.222,0.7775551102204409,0.013164717252991853,735.639493907336,100.52779690533109,971.2241384782138,0.7356394939073361,0.10052779690533109,0.9712241384782138,0.5917955389726254,0.43285730920250154,1.3977866998023327
WbHt_4000_1000,WbHt,4000,1000,85,380,1.0,1.4,/eos/uscms/store/user/aji/rootfiles_existingOptimization/WbHt_4000_1000_pt380_ak10_ca14_th85.root,ok,,1000,1000,1.0,0.0,0.464,0.015770351930125086,0.2855,0.4235,0.176,0.176,0.8240000000000001,0.012042591083317573,860.4815200495981,240.12188906668712,1205.57719124725,0.8604815200495981,0.2401218890666871,1.2055771912472502,0.5609971159664848,0.3910111637030409,1.3989489639615251
WbHt_4000_1000,WbHt,4000,1000,85,360,0.8,1.0,/eos/uscms/store/user/aji/rootfiles_existingOptimization/WbHt_4000_1000_pt360_ak8_ca10_th85.root,ok,,1000,998,0.998,0.0014127986409959495,0.6683366733466933,0.014903253952184243,0.4243486973947896,0.4228456913827655,0.18236472945891782,0.182,0.8176352705410822,0.012223201225730637,841.7576726816106,173.4987474288858,1129.3380549076649,0.8417576726816107,0.1734987474288858,1.1293380549076648,0.5677639411552586,0.43193629156024826,1.40322344442818
WbHt_4000_1000,WbHt,4000,1000,85,220,0.4,0.4,/eos/uscms/store/user/aji/rootfiles_existingOptimization/WbHt_4000_1000_pt220_ak4_ca4_th85.root,ok,,1000,999,0.999,0.0009994998749374613,0.5255255255255256,0.01579867227308162,0.32182182182182184,0.47397397397397395,0.23723723723723725,0.237,0.7627627627627628,0.013458709721687763,796.768676248558,112.10809623123374,1100.1029060011658,0.796768676248558,0.11210809623123376,1.1001029060011656,0.6200010361989428,0.23970899608775503,1.4040869313368498
WbHt_4000_1000,WbHt,4000,1000,85,200,0.4,0.6,/eos/uscms/store/user/aji/rootfiles_existingOptimization/WbHt_4000_1000_pt200_ak4_ca6_th85.root,ok,,1000,999,0.999,0.0009994998749374613,0.4944944944944945,0.015818340915483117,0.2932932932932933,0.4934934934934935,0.25325325325325326,0.253,0.7467467467467468,0.013758828013977608,820.5973328397829,114.50874968903436,1162.4588753921837,0.8205973328397829,0.11450874968903436,1.1624588753921836,0.6385288397639453,0.21297494793426075,1.4042158532267135
WbHt_4000_1000,WbHt,4000,1000,85,240,0.4,0.4,/eos/uscms/store/user/aji/rootfiles_existingOptimization/WbHt_4000_1000_pt240_ak4_ca4_th85.root,ok,,1000,998,0.998,0.0014127986409959495,0.5891783567134269,0.015573448085264278,0.3697394789579158,0.45541082164328656,0.21943887775551102,0.219,0.780561122244489,0.01310071425965543,770.0837730753983,103.48182180194185,1026.4538063202529,0.7700837730753983,0.10348182180194183,1.0264538063202528,0.5992672594777189,0.2824708634244817,1.404820004414668
WbHt_4000_1000,WbHt,4000,1000,85,320,0.6,1.0,/eos/uscms/store/user/aji/rootfiles_existingOptimization/WbHt_4000_1000_pt320_ak6_ca10_th85.root,ok,,1000,999,0.999,0.0009994998749374613,0.6826826826826827,0.014725619896262004,0.44244244244244246,0.4419419419419419,0.1971971971971972,0.197,0.8028028028028028,0.01258844436562013,782.1631788479508,129.06297040098687,1035.9780705789237,0.7821631788479508,0.12906297040098688,1.0359780705789237,0.5797480146749769,0.35547374363155976,1.4053344995929846
WbHt_4000_1000,WbHt,4000,1000,85,240,0.4,1.4,/eos/uscms/store/user/aji/rootfiles_existingOptimization/WbHt_4000_1000_pt240_ak4_ca14_th85.root,ok,,1000,998,0.998,0.0014127986409959495,0.6332665330661322,0.01525468590462061,0.3912825651302605,0.47044088176352705,0.2154308617234469,0.215,0.7845691382765532,0.013013805123334074,726.6185929312677,99.5650777535317,960.4255427869678,0.7266185929312677,0.0995650777535317,0.9604255427869678,0.5923743717874189,0.46994555714512365,1.4062816507708453
WbHt_4000_1000,WbHt,4000,1000,85,320,0.6,0.6,/eos/uscms/store/user/aji/rootfiles_existingOptimization/WbHt_4000_1000_pt320_ak6_ca6_th85.root,ok,,1000,999,0.999,0.0009994998749374613,0.6606606606606606,0.014980406025230451,0.4314314314314314,0.43343343343343343,0.19519519519519518,0.195,0.8048048048048049,0.012539987330542044,789.5051839573875,131.81122461618406,1048.6517272742979,0.7895051839573876,0.13181122461618405,1.048651727274298,0.5806424842345298,0.2906643335611605,1.4074967706435957
WbHt_4000_1000,WbHt,4000,1000,85,380,1.0,1.2,/eos/uscms/store/user/aji/rootfiles_existingOptimization/WbHt_4000_1000_pt380_ak10_ca12_th85.root,ok,,1000,1000,1.0,0.0,0.457,0.015752809273269323,0.282,0.409,0.169,0.169,0.831,0.011850696182081458,872.4688676946329,240.86658581806378,1228.4714410292036,0.8724688676946328,0.24086658581806378,1.2284714410292037,0.5659828629878431,0.36956581999296606,1.4097359762183799
WbHt_4000_1000,WbHt,4000,1000,85,200,0.4,0.8,/eos/uscms/store/user/aji/rootfiles_existingOptimization/WbHt_4000_1000_pt200_ak4_ca8_th85.root,ok,,1000,999,0.999,0.0009994998749374613,0.5025025025025025,0.015819101790641832,0.2972972972972973,0.4904904904904905,0.24824824824824826,0.248,0.7517517517517518,0.013667767314132825,816.2229265348401,114.0730595117927,1157.26265095213,0.8162229265348402,0.11407305951179271,1.1572626509521298,0.6390347278463814,0.21894939421195106,1.410164186944649
WbHt_4000_1000,WbHt,4000,1000,85,320,0.6,0.8,/eos/uscms/store/user/aji/rootfiles_existingOptimization/WbHt_4000_1000_pt320_ak6_ca8_th85.root,ok,,1000,999,0.999,0.0009994998749374613,0.6826826826826827,0.014725619896262004,0.44244244244244246,0.4319319319319319,0.1891891891891892,0.189,0.8108108108108107,0.012391537034331117,792.660120544954,129.18436580552287,1051.0085112507763,0.7926601205449539,0.12918436580552287,1.0510085112507763,0.5814750367480953,0.33448191285840323,1.4140198355044107
WbHt_4000_1000,WbHt,4000,1000,85,380,1.0,1.0,/eos/uscms/store/user/aji/rootfiles_existingOptimization/WbHt_4000_1000_pt380_ak10_ca10_th85.root,ok,,1000,1000,1.0,0.0,0.421,0.015612783224012302,0.265,0.3985,0.164,0.164,0.836,0.011709141727727102,888.7921388344865,245.84722862964983,1253.8552653352417,0.8887921388344866,0.24584722862964983,1.2538552653352417,0.5670662422979115,0.3293414421368013,1.4141870284144629
WbHt_4000_1000,WbHt,4000,1000,85,160,1.4,1.4,/eos/uscms/store/user/aji/rootfiles_existingOptimization/WbHt_4000_1000_pt160_ak14_ca14_th85.root,ok,,1000,1000,1.0,0.0,0.012,0.003443254274665175,0.006,0.3795,0.233,0.233,0.767,0.013368283360252356,1380.1689057784463,979.1859124049083,2667.43087767773,1.3801689057784463,0.9791859124049084,2.6674308776777305,0.6116081003580551,0.10050524310001993,1.4166249909358997
WbHt_4000_1000,WbHt,4000,1000,85,240,0.4,1.6,/eos/uscms/store/user/aji/rootfiles_existingOptimization/WbHt_4000_1000_pt240_ak4_ca16_th85.root,ok,,1000,998,0.998,0.0014127986409959495,0.6422845691382766,0.015172855118600292,0.39579158316633267,0.467935871743487,0.20741482965931865,0.207,0.7925851703406813,0.012834460051999353,720.0218628875186,99.1786663579965,955.3324694807038,0.7200218628875187,0.0991786663579965,0.9553324694807037,0.5945331990956884,0.48751272586741734,1.4171161831476178
WbHt_4000_1000,WbHt,4000,1000,85,240,0.4,1.0,/eos/uscms/store/user/aji/rootfiles_existingOptimization/WbHt_4000_1000_pt240_ak4_ca10_th85.root,ok,,1000,998,0.998,0.0014127986409959495,0.6202404809619239,0.015362755457551953,0.3847695390781563,0.4504008016032064,0.20641282565130262,0.206,0.7935871743486974,0.012811512039545777,748.7035989770768,100.5822510922503,1002.0964947943072,0.748703598977077,0.1005822510922503,1.0020964947943072,0.602050160393084,0.3798411443100257,1.4227669748440739
WbHt_4000_1000,WbHt,4000,1000,85,220,0.4,0.6,/eos/uscms/store/user/aji/rootfiles_existingOptimization/WbHt_4000_1000_pt220_ak4_ca6_th85.root,ok,,1000,999,0.999,0.0009994998749374613,0.5545545545545546,0.015724855218697664,0.33633633633633636,0.4674674674674675,0.22322322322322322,0.223,0.7767767767767768,0.013174527848127207,796.5249551521799,107.34874567544624,1105.5867875346792,0.79652495515218,0.10734874567544624,1.1055867875346792,0.6266206949338546,0.26732595851249874,1.4247449761954134
WbHt_4000_1000,WbHt,4000,1000,85,240,0.4,0.6,/eos/uscms/store/user/aji/rootfiles_existingOptimization/WbHt_4000_1000_pt240_ak4_ca6_th85.root,ok,,1000,998,0.998,0.0014127986409959495,0.6142284569138277,0.015408657081562955,0.38226452905811625,0.44939879759519036,0.20741482965931865,0.207,0.7925851703406813,0.012834460051999353,762.3948639855133,100.7433672694481,1026.4881832844744,0.7623948639855134,0.10074336726944809,1.0264881832844746,0.6071294940102173,0.3316015262878458,1.4254751779523473
WbHt_4000_1000,WbHt,4000,1000,85,220,0.4,0.8,/eos/uscms/store/user/aji/rootfiles_existingOptimization/WbHt_4000_1000_pt220_ak4_ca8_th85.root,ok,,1000,999,0.999,0.0009994998749374613,0.5565565565565566,0.01571777351646154,0.33683683683683685,0.46646646646646645,0.22122122122122123,0.221,0.7787787787787788,0.013132206492054667,794.6560912451289,107.34874567544624,1103.5308258446046,0.7946560912451288,0.10734874567544624,1.1035308258446046,0.6268007576763571,0.2828311798814751,1.4271139273306228
WbHt_4000_1000,WbHt,4000,1000,85,240,0.4,0.8,/eos/uscms/store/user/aji/rootfiles_existingOptimization/WbHt_4000_1000_pt240_ak4_ca8_th85.root,ok,,1000,998,0.998,0.0014127986409959495,0.6162324649298597,0.015393633163756032,0.38276553106212424,0.44789579158316634,0.20541082164328658,0.205,0.7945891783567134,0.012788444182320427,760.2895909615468,100.69623057818656,1026.4538063202529,0.7602895909615468,0.10069623057818657,1.0264538063202528,0.6088190518110673,0.3619705099484961,1.429379271071626
WbHt_4000_1000,WbHt,4000,1000,85,400,1.2,1.6,/eos/uscms/store/user/aji/rootfiles_existingOptimization/WbHt_4000_1000_pt400_ak12_ca16_th85.root,ok,,1000,1000,1.0,0.0,0.185,0.012279047194306243,0.121,0.379,0.155,0.155,0.845,0.011444430960078356,858.2098536729226,329.3199546845895,1331.4266568291382,0.8582098536729226,0.3293199546845895,1.3314266568291384,0.5838354674301303,0.30024648965267986,1.4430144820628379
WbHt_4000_1000,WbHt,4000,1000,85,160,1.4,1.6,/eos/uscms/store/user/aji/rootfiles_existingOptimization/WbHt_4000_1000_pt160_ak14_ca16_th85.root,ok,,1000,1000,1.0,0.0,0.013,0.003582038525755969,0.0065,0.389,0.234,0.234,0.766,0.013388203763014663,1344.738396689645,969.4775277616374,2699.173316215409,1.344738396689645,0.9694775277616374,2.6991733162154095,0.6431346768679248,0.11853442219523275,1.4436085165368893
WbHt_4000_1000,WbHt,4000,1000,85,400,1.2,1.2,/eos/uscms/store/user/aji/rootfiles_existingOptimization/WbHt_4000_1000_pt400_ak12_ca12_th85.root,ok,,1000,1000,1.0,0.0,0.167,0.01179453263168999,0.1115,0.3715,0.156,0.156,0.844,0.011474493452871897,872.8368449876787,336.9445131972014,1366.5085939562157,0.8728368449876787,0.3369445131972014,1.3665085939562156,0.5897803734290961,0.2613006190007755,1.4464966889303281
WbHt_4000_1000,WbHt,4000,1000,85,400,1.2,1.4,/eos/uscms/store/user/aji/rootfiles_existingOptimization/WbHt_4000_1000_pt400_ak12_ca14_th85.root,ok,,1000,1000,1.0,0.0,0.182,0.012201475320632338,0.1195,0.373,0.153,0.153,0.847,0.011383804285035824,862.7565625200432,329.7673873463339,1344.9221832618955,0.8627565625200432,0.32976738734633393,1.3449221832618956,0.5883205298087653,0.2920559756701381,1.449044873556761
WbHt_4000_1000,WbHt,4000,1000,85,260,0.4,0.4,/eos/uscms/store/user/aji/rootfiles_existingOptimization/WbHt_4000_1000_pt260_ak4_ca4_th85.root,ok,,1000,998,0.998,0.0014127986409959495,0.6392785571142284,0.015200776649555705,0.4148296593186373,0.4253507014028056,0.18937875751503006,0.189,0.8106212424849699,0.01240250329138756,716.297598444914,99.14543938911775,1000.9819761473037,0.716297598444914,0.09914543938911775,1.0009819761473036,0.6295124671059052,0.31419213088950815,1.4705039497463839
WbHt_4000_1000,WbHt,4000,1000,85,260,0.4,1.2,/eos/uscms/store/user/aji/rootfiles_existingOptimization/WbHt_4000_1000_pt260_ak4_ca12_th85.root,ok,,1000,998,0.998,0.0014127986409959495,0.6663326653306614,0.014925783143570591,0.4278557114228457,0.437374749498998,0.19739478957915832,0.197,0.8026052104208417,0.012599507204241666,679.0869165334384,95.77527388838304,962.2708547377806,0.6790869165334384,0.09577527388838304,0.9622708547377806,0.6379857715950643,0.45148918428059237,1.4746822903625623
WbHt_4000_1000,WbHt,4000,1000,85,260,0.4,1.4,/eos/uscms/store/user/aji/rootfiles_existingOptimization/WbHt_4000_1000_pt260_ak4_ca14_th85.root,ok,,1000,998,0.998,0.0014127986409959495,0.6743486973947895,0.014833833521738114,0.4318637274549098,0.4433867735470942,0.1963927855711423,0.196,0.8036072144288577,0.012575330501469613,668.3248876558705,94.7928521705947,954.3028796486026,0.6683248876558705,0.09479285217059469,0.9543028796486025,0.6430330841731134,0.4723771989294189,1.4818078098363843
WbHt_4000_1000,WbHt,4000,1000,85,260,0.4,0.6,/eos/uscms/store/user/aji/rootfiles_existingOptimization/WbHt_4000_1000_pt260_ak4_ca6_th85.root,ok,,1000,998,0.998,0.0014127986409959495,0.6613226452905812,0.014980782750580474,0.4258517034068136,0.4198396793587174,0.18036072144288579,0.18,0.8196392785571143,0.012170743016539162,709.6039533609431,96.75711955105496,1004.3209300475895,0.7096039533609431,0.09675711955105495,1.0043209300475895,0.6394861571711808,0.37071869813004643,1.4901650403922007
WbHt_4000_1000,WbHt,4000,1000,85,260,0.4,1.6,/eos/uscms/store/user/aji/rootfiles_existingOptimization/WbHt_4000_1000_pt260_ak4_ca16_th85.root,ok,,1000,998,0.998,0.0014127986409959495,0.6803607214428857,0.014761633439569287,0.4348697394789579,0.4433867735470942,0.19138276553106212,0.191,0.8086172344689379,0.01245253121481961,660.3974136630059,94.54662256899388,949.4962824020098,0.6603974136630058,0.09454662256899388,0.9494962824020098,0.6472993701556865,0.4822113631499102,1.4918768632583237
WbHt_4000_1000,WbHt,4000,1000,85,260,0.4,0.8,/eos/uscms/store/user/aji/rootfiles_existingOptimization/WbHt_4000_1000_pt260_ak4_ca8_th85.root,ok,,1000,998,0.998,0.0014127986409959495,0.6623246492985972,0.014969933401394001,0.4258517034068136,0.4188376753507014,0.17935871743486975,0.179,0.8206412825651302,0.012144304681098997,708.3669515510373,96.18370127053582,1003.6433545862769,0.7083669515510373,0.09618370127053583,1.0036433545862768,0.640529355109503,0.3775618577130363,1.4923339425195297
WbHt_4000_1000,WbHt,4000,1000,85,260,0.4,1.0,/eos/uscms/store/user/aji/rootfiles_existingOptimization/WbHt_4000_1000_pt260_ak4_ca10_th85.root,ok,,1000,998,0.998,0.0014127986409959495,0.6653306613226453,0.014936933969843198,0.4273547094188377,0.42084168336673344,0.18036072144288579,0.18,0.8196392785571143,0.012170743016539162,689.6981376778738,95.8156819310823,981.3007302186212,0.6896981376778737,0.0958156819310823,0.9813007302186212,0.641936667589719,0.41394612520198787,1.4946061323790458
WbHt_4000_1000,WbHt,4000,1000,85,380,0.8,0.8,/eos/uscms/store/user/aji/rootfiles_existingOptimization/WbHt_4000_1000_pt380_ak8_ca8_th85.root,ok,,1000,998,0.998,0.0014127986409959495,0.6583166332665331,0.015012881697558262,0.437875751503006,0.4028056112224449,0.17334669338677355,0.173,0.8266533066132264,0.011982686962962447,732.5541961774777,174.43567476276232,1112.9536646689833,0.7325541961774776,0.1744356747627623,1.1129536646689833,0.6405792191236346,0.28440009948616735,1.4959771061191132
WbHt_4000_1000,WbHt,4000,1000,85,120,1.2,1.0,/eos/uscms/store/user/aji/rootfiles_existingOptimization/WbHt_4000_1000_pt120_ak12_ca10_th85.root,ok,,1000,1000,1.0,0.0,0.005,0.0022304708023195463,0.003,0.3395,0.278,0.278,0.722,0.01416742743055351,1590.7663310646767,1073.2050252245558,3375.0020285444753,1.5907663310646767,1.0732050252245557,3.375002028544475,0.7234868372463478,0.01852050305712391,1.5045634703528155
WbHt_4000_1000,WbHt,4000,1000,85,340,0.6,0.6,/eos/uscms/store/user/aji/rootfiles_existingOptimization/WbHt_4000_1000_pt340_ak6_ca6_th85.root,ok,,1000,998,0.998,0.0014127986409959495,0.6943887775551102,0.014582121921039819,0.4654308617234469,0.4118236472945892,0.17835671342685372,0.178,0.8216432865731462,0.012117725642707413,691.5861079904204,129.42632496632268,1029.9523308348193,0.6915861079904204,0.1294263249663227,1.0299523308348193,0.6510584838706522,0.29092386931028746,1.5055431596447564
WbHt_4000_1000,WbHt,4000,1000,85,180,1.6,1.4,/eos/uscms/store/user/aji/rootfiles_existingOptimization/WbHt_4000_1000_pt180_ak16_ca14_th85.root,ok,,1000,1000,1.0,0.0,0.002,0.0014127986409959489,0.001,0.3635,0.247,0.247,0.753,0.013637851736985557,1452.8778339702073,1039.6999442676465,3151.133048913074,1.4528778339702073,1.0396999442676464,3.151133048913074,0.7266382125452417,0.07394613439413433,1.5249259959422625
WbHt_4000_1000,WbHt,4000,1000,85,120,1.2,1.2,/eos/uscms/store/user/aji/rootfiles_existingOptimization/WbHt_4000_1000_pt120_ak12_ca12_th85.root,ok,,1000,1000,1.0,0.0,0.015,0.003843826218756514,0.008,0.3585,0.264,0.264,0.736,0.013939296969359681,1501.859564821316,1040.2515942692535,3312.456750912796,1.501859564821316,1.0402515942692534,3.312456750912796,0.7564639230812099,0.057813688865699514,1.5426498795633417
WbHt_4000_1000,WbHt,4000,1000,85,340,0.6,1.0,/eos/uscms/store/user/aji/rootfiles_existingOptimization/WbHt_4000_1000_pt340_ak6_ca10_th85.root,ok,,1000,998,0.998,0.0014127986409959495,0.717434869739479,0.014252309780858502,0.47695390781563124,0.4168336673346693,0.17835671342685372,0.178,0.8216432865731462,0.012117725642707413,650.893725160684,126.59924669274407,1021.4641383832939,0.650893725160684,0.12659924669274408,1.0214641383832939,0.6874124431524036,0.3661155020211905,1.5459663572094813
WbHt_4000_1000,WbHt,4000,1000,85,340,0.6,0.8,/eos/uscms/store/user/aji/rootfiles_existingOptimization/WbHt_4000_1000_pt340_ak6_ca8_th85.root,ok,,1000,998,0.998,0.0014127986409959495,0.717434869739479,0.014252309780858502,0.47695390781563124,0.4093186372745491,0.17234468937875752,0.172,0.8276553106212425,0.011955243750252562,662.1216079339251,126.62834011544375,1030.6099131702365,0.6621216079339252,0.12662834011544374,1.0306099131702364,0.6826401390792576,0.3351580274860958,1.5460832889071077
WbHt_4000_1000,WbHt,4000,1000,85,340,0.6,1.4,/eos/uscms/store/user/aji/rootfiles_existingOptimization/WbHt_4000_1000_pt340_ak6_ca14_th85.root,ok,,1000,998,0.998,0.0014127986409959495,0.7264529058116233,0.014110893525274554,0.4814629258517034,0.4438877755511022,0.20140280561122245,0.201,0.7985971943887775,0.01269496118868881,611.305560466766,126.4187217989947,999.1093407161885,0.611305560466766,0.12641872179899472,0.9991093407161885,0.7137924757717283,0.4415231159593867,1.5532591141138292
WbHt_4000_1000,WbHt,4000,1000,85,340,0.6,1.2,/eos/uscms/store/user/aji/rootfiles_existingOptimization/WbHt_4000_1000_pt340_ak6_ca12_th85.root,ok,,1000,998,0.998,0.0014127986409959495,0.7194388777555111,0.014221500662433098,0.4779559118236473,0.4318637274549098,0.1933867735470942,0.193,0.8066132264529058,0.012502037083075393,618.8230193058391,126.54083616870467,1008.0960480901086,0.618823019305839,0.12654083616870468,1.0080960480901087,0.7122837906953454,0.43512441048060835,1.5590147152176674
WbHt_4000_1000,WbHt,4000,1000,85,380,0.8,1.4,/eos/uscms/store/user/aji/rootfiles_existingOptimization/WbHt_4000_1000_pt380_ak8_ca14_th85.root,ok,,1000,998,0.998,0.0014127986409959495,0.6983967935871743,0.014527932886761718,0.45791583166332667,0.43537074148296595,0.19739478957915832,0.197,0.8026052104208417,0.012599507204241666,633.5587952491786,167.50086944476402,1077.3752072849395,0.6335587952491786,0.16750086944476403,1.0773752072849396,0.7180662194755911,0.3874503440355858,1.559315550371515
WbHt_4000_1000,WbHt,4000,1000,85,180,1.6,1.6,/eos/uscms/store/user/aji/rootfiles_existingOptimization/WbHt_4000_1000_pt180_ak16_ca16_th85.root,ok,,1000,1000,1.0,0.0,0.006,0.002442130217658346,0.003,0.369,0.225,0.225,0.775,0.013205112646244256,1420.0346631539608,1011.636067835064,3120.3218698986907,1.4200346631539609,1.0116360678350638,3.1203218698986905,0.7424768763672784,0.11725001626327575,1.5594803426826744
WbHt_4000_1000,WbHt,4000,1000,85,280,0.4,0.4,/eos/uscms/store/user/aji/rootfiles_existingOptimization/WbHt_4000_1000_pt280_ak4_ca4_th85.root,ok,,1000,998,0.998,0.0014127986409959495,0.685370741482966,0.014699313856699942,0.4594188376753507,0.39579158316633267,0.16633266533066132,0.166,0.8336673346693386,0.011787450859715174,639.6635914734352,94.37738414855595,978.6762012764999,0.6396635914734352,0.09437738414855595,0.9786762012764999,0.6912217835401597,0.34631025647068003,1.5629227590621548
WbHt_4000_1000,WbHt,4000,1000,85,380,0.8,1.0,/eos/uscms/store/user/aji/rootfiles_existingOptimization/WbHt_4000_1000_pt380_ak8_ca10_th85.root,ok,,1000,998,0.998,0.0014127986409959495,0.6893787575150301,0.01464803112482121,0.4534068136272545,0.40380761523046094,0.1713426853707415,0.171,0.8286573146292585,0.011927653053111303,672.0277215109882,168.7178640792257,1109.0089528301996,0.6720277215109882,0.1687178640792257,1.1090089528301996,0.6995924860337769,0.3339968554344521,1.5630470285119367
WbHt_4000_1000,WbHt,4000,1000,85,340,0.6,1.6,/eos/uscms/store/user/aji/rootfiles_existingOptimization/WbHt_4000_1000_pt340_ak6_ca16_th85.root,ok,,1000,998,0.998,0.0014127986409959495,0.7274549098196392,0.014094736151247612,0.4819639278557114,0.4483967935871743,0.20140280561122245,0.201,0.7985971943887775,0.01269496118868881,601.3438744821649,126.37469960873597,995.7860941989826,0.6013438744821649,0.12637469960873596,0.9957860941989826,0.7228903722840136,0.4540932638529472,1.5633531792245747
WbHt_4000_1000,WbHt,4000,1000,85,120,1.2,1.4,/eos/uscms/store/user/aji/rootfiles_existingOptimization/WbHt_4000_1000_pt120_ak12_ca14_th85.root,ok,,1000,1000,1.0,0.0,0.018,0.004204283529925164,0.0095,0.3855,0.267,0.267,0.733,0.013989674763910703,1413.692360899343,1026.895879736988,3276.1376485190003,1.413692360899343,1.0268958797369883,3.276137648519,0.7955202386999958,0.07764162423491369,1.56988947478993
WbHt_4000_1000,WbHt,4000,1000,85,400,1.0,1.0,/eos/uscms/store/user/aji/rootfiles_existingOptimization/WbHt_4000_1000_pt400_ak10_ca10_th85.root,ok,,1000,998,0.998,0.0014127986409959495,0.437875751503006,0.015704580396800255,0.28306613226452904,0.3782565130260521,0.1492985971943888,0.149,0.8507014028056112,0.0112810926853087,712.2794792873185,242.0892653354657,1223.6978980429817,0.7122794792873185,0.2420892653354657,1.2236978980429818,0.6890614297141332,0.319378623429711,1.5705348845910125
WbHt_4000_1000,WbHt,4000,1000,85,380,0.8,1.2,/eos/uscms/store/user/aji/rootfiles_existingOptimization/WbHt_4000_1000_pt380_ak8_ca12_th85.root,ok,,1000,998,0.998,0.0014127986409959495,0.6933867735470942,0.014595465427286762,0.45541082164328656,0.42084168336673344,0.187374749498998,0.187,0.812625250501002,0.012351946969488652,638.768395582319,168.07884842125407,1087.7298737388521,0.638768395582319,0.16807884842125406,1.0877298737388523,0.7198626541934803,0.36237379271554093,1.5706110651362504
WbHt_4000_1000,WbHt,4000,1000,85,380,0.8,1.6,/eos/uscms/store/user/aji/rootfiles_existingOptimization/WbHt_4000_1000_pt380_ak8_ca16_th85.root,ok,,1000,998,0.998,0.0014127986409959495,0.7024048096192385,0.014472428802169578,0.45991983967935873,0.43987975951903807,0.19839679358717435,0.198,0.8016032064128257,0.012623557910118792,617.4206524892668,167.49205575068814,1072.1123276490903,0.6174206524892667,0.16749205575068812,1.0721123276490903,0.7325801852037401,0.4010310491316422,1.5744413263676391
WbHt_4000_1000,WbHt,4000,1000,85,120,1.2,1.6,/eos/uscms/store/user/aji/rootfiles_existingOptimization/WbHt_4000_1000_pt120_ak12_ca16_th85.root,ok,,1000,1000,1.0,0.0,0.023,0.004740358636221525,0.012,0.391,0.257,0.257,0.743,0.013818502089589886,1395.457378819433,1020.2904372812269,3259.3556042589885,1.3954573788194329,1.0202904372812267,3.2593556042589884,0.8022692777876265,0.09547673528507351,1.5848150156695697
WbHt_4000_1000,WbHt,4000,1000,85,400,1.0,1.4,/eos/uscms/store/user/aji/rootfiles_existingOptimization/WbHt_4000_1000_pt400_ak10_ca14_th85.root,ok,,1000,998,0.998,0.0014127986409959495,0.48096192384769537,0.015815746182556205,0.30360721442885774,0.39779559118236474,0.1593186372745491,0.159,0.8406813627254509,0.011584671697039417,669.4130598741722,235.4643690408524,1194.1368637028183,0.6694130598741721,0.2354643690408524,1.1941368637028182,0.7160545200912013,0.3684210888904551,1.591794576829235
WbHt_4000_1000,WbHt,4000,1000,85,400,1.0,1.6,/eos/uscms/store/user/aji/rootfiles_existingOptimization/WbHt_4000_1000_pt400_ak10_ca16_th85.root,ok,,1000,998,0.998,0.0014127986409959495,0.48296593186372744,0.015818035941444136,0.3046092184368738,0.40230460921843686,0.16132264529058116,0.161,0.8386773547094188,0.011643401005762555,661.8942701635394,234.89336195009764,1188.1424642719146,0.6618942701635395,0.23489336195009763,1.1881424642719147,0.7200916712017239,0.3739766169681513,1.5945795988947888
WbHt_4000_1000,WbHt,4000,1000,85,280,0.4,0.6,/eos/uscms/store/user/aji/rootfiles_existingOptimization/WbHt_4000_1000_pt280_ak4_ca6_th85.root,ok,,1000,998,0.998,0.0014127986409959495,0.7064128256513026,0.014415594477333038,0.46993987975951906,0.3897795591182365,0.15831663326653306,0.158,0.8416833667334669,0.011555064514295983,617.0462712985249,92.27354981100844,981.2795684947034,0.617046271298525,0.09227354981100844,0.9812795684947035,0.7203722476216026,0.38213590173665957,1.6023509872252168
WbHt_4000_1000,WbHt,4000,1000,85,400,1.0,1.2,/eos/uscms/store/user/aji/rootfiles_existingOptimization/WbHt_4000_1000_pt400_ak10_ca12_th85.root,ok,,1000,998,0.998,0.0014127986409959495,0.47394789579158314,0.015805724587179333,0.3001002004008016,0.38577154308617234,0.1523046092184369,0.152,0.8476953907815631,0.011373946040240772,676.7937383589368,236.43758101302123,1211.7012273032658,0.6767937383589369,0.23643758101302123,1.2117012273032657,0.7205028585629544,0.34578669614493895,1.602518875508624
WbHt_4000_1000,WbHt,4000,1000,85,280,0.4,1.2,/eos/uscms/store/user/aji/rootfiles_existingOptimization/WbHt_4000_1000_pt280_ak4_ca12_th85.root,ok,,1000,998,0.998,0.0014127986409959495,0.7094188376753507,0.014372086284009539,0.4714428857715431,0.40831663326653306,0.17535070140280562,0.175,0.8246492985971944,0.012037134964627714,580.1611369697107,92.1978252187437,952.2433314029378,0.5801611369697108,0.0921978252187437,0.9522433314029378,0.741212614375009,0.461305975713396,1.6098457992752324
WbHt_4000_1000,WbHt,4000,1000,85,280,0.4,1.4,/eos/uscms/store/user/aji/rootfiles_existingOptimization/WbHt_4000_1000_pt280_ak4_ca14_th85.root,ok,,1000,998,0.998,0.0014127986409959495,0.7154308617234469,0.01428277070091384,0.4744488977955912,0.41432865731462926,0.1743486973947896,0.174,0.8256513026052104,0.012009983702261503,573.1278576742668,91.67975720149111,945.0660169111103,0.5731278576742669,0.0916797572014911,0.9450660169111103,0.7444990225851446,0.46799945177160407,1.6148375394229282
WbHt_4000_1000,WbHt,4000,1000,85,280,0.4,0.8,/eos/uscms/store/user/aji/rootfiles_existingOptimization/WbHt_4000_1000_pt280_ak4_ca8_th85.root,ok,,1000,998,0.998,0.0014127986409959495,0.7074148296593187,0.01440117620855239,0.47044088176352705,0.38927855711422843,0.15731462925851702,0.157,0.842685370741483,0.011525293986824711,607.9438189237262,92.27354981100844,981.1239203096908,0.6079438189237263,0.09227354981100844,0.9811239203096908,0.731030025169315,0.40261256480633717,1.6149210140184254
WbHt_4000_1000,WbHt,4000,1000,85,280,0.4,1.0,/eos/uscms/store/user/aji/rootfiles_existingOptimization/WbHt_4000_1000_pt280_ak4_ca10_th85.root,ok,,1000,998,0.998,0.0014127986409959495,0.7084168336673347,0.014386673562588244,0.4709418837675351,0.39328657314629256,0.16032064128256512,0.16,0.8396793587174349,0.011614116784270318,593.9789408547897,92.27354981100844,971.0184005217372,0.5939789408547897,0.09227354981100844,0.9710184005217372,0.7397104428030183,0.4350841472864313,1.6219919074349745
WbHt_4000_1000,WbHt,4000,1000,85,280,0.4,1.6,/eos/uscms/store/user/aji/rootfiles_existingOptimization/WbHt_4000_1000_pt280_ak4_ca16_th85.root,ok,,1000,998,0.998,0.0014127986409959495,0.7194388777555111,0.014221500662433098,0.47645290581162325,0.41583166332665333,0.1713426853707415,0.171,0.8286573146292585,0.011927653053111303,566.926551044173,91.05730249896095,940.1524807462911,0.5669265510441731,0.09105730249896095,0.9401524807462911,0.748858186905742,0.4780913731784202,1.6228228464305832
WbHt_4000_1000,WbHt,4000,1000,85,140,1.4,1.2,/eos/uscms/store/user/aji/rootfiles_existingOptimization/WbHt_4000_1000_pt140_ak14_ca12_th85.root,ok,,1000,1000,1.0,0.0,0.002,0.0014127986409959489,0.001,0.298,0.22,0.22,0.78,0.01309961831505025,1613.0840664004745,1079.0247700641519,3679.6327450489803,1.6130840664004744,1.079024770064152,3.6796327450489805,0.8060980915855086,0.04329677781250482,1.647406498225556
WbHt_4000_1000,WbHt,4000,1000,85,140,1.4,1.4,/eos/uscms/store/user/aji/rootfiles_existingOptimization/WbHt_4000_1000_pt140_ak14_ca14_th85.root,ok,,1000,1000,1.0,0.0,0.011,0.003298332912245215,0.0055,0.3235,0.203,0.203,0.7969999999999999,0.012719709116170859,1561.5306520326637,1050.607191915676,3686.6372275810168,1.5615306520326637,1.050607191915676,3.686637227581017,0.8440532474447389,0.08358012535204853,1.6972063126480053
WbHt_4000_1000,WbHt,4000,1000,85,140,1.4,1.6,/eos/uscms/store/user/aji/rootfiles_existingOptimization/WbHt_4000_1000_pt140_ak14_ca16_th85.root,ok,,1000,1000,1.0,0.0,0.012,0.003443254274665175,0.006,0.334,0.203,0.203,0.7969999999999999,0.012719709116170859,1533.0621785168319,1040.5031751187503,3729.0097200968657,1.5330621785168317,1.0405031751187503,3.7290097200968657,0.8768419776617031,0.10493245470949707,1.7271481955133863
WbHt_4000_1000,WbHt,4000,1000,85,100,1.2,1.0,/eos/uscms/store/user/aji/rootfiles_existingOptimization/WbHt_4000_1000_pt100_ak12_ca10_th85.root,ok,,1000,1000,1.0,0.0,0.004,0.001995995991979944,0.002,0.258,0.217,0.217,0.783,0.013034991369387246,1998.8908612442974,1122.6845308599256,4577.516648762103,1.9988908612442973,1.1226845308599256,4.577516648762103,0.86418728127847,0.012648920410845536,1.7470763674028997
WbHt_4000_1000,WbHt,4000,1000,85,100,1.6,1.4,/eos/uscms/store/user/aji/rootfiles_existingOptimization/WbHt_4000_1000_pt100_ak16_ca14_th85.root,ok,,1000,1000,1.0,0.0,0.001,0.0009994998749374609,0.0005,0.1105,0.075,0.075,0.925,0.00832916562447884,3526.6349946185683,1503.3517807775881,5872.556600470663,3.5266349946185684,1.5033517807775882,5.872556600470663,0.6194580423491822,0.041755572079557005,1.7971215418110391
WbHt_4000_1000,WbHt,4000,1000,85,160,1.6,1.4,/eos/uscms/store/user/aji/rootfiles_existingOptimization/WbHt_4000_1000_pt160_ak16_ca14_th85.root,ok,,1000,1000,1.0,0.0,0.002,0.0014127986409959489,0.001,0.313,0.218,0.218,0.782,0.013056645817360598,1655.8985329427885,1092.4554624803507,4263.17399829589,1.6558985329427887,1.0924554624803509,4.2631739982958905,0.957401215333128,0.06737401485807165,1.804991068627407
WbHt_4000_1000,WbHt,4000,1000,85,120,1.4,1.2,/eos/uscms/store/user/aji/rootfiles_existingOptimization/WbHt_4000_1000_pt120_ak14_ca12_th85.root,ok,,1000,1000,1.0,0.0,0.002,0.0014127986409959489,0.001,0.24,0.188,0.188,0.812,0.01235540367612487,1968.5948523168495,1124.8474715699956,4674.342926568863,1.9685948523168495,1.1248474715699956,4.674342926568862,0.901530208417808,0.035305200460602565,1.810389693649493
WbHt_4000_1000,WbHt,4000,1000,85,100,1.2,1.4,/eos/uscms/store/user/aji/rootfiles_existingOptimization/WbHt_4000_1000_pt100_ak12_ca14_th85.root,ok,,1000,1000,1.0,0.0,0.012,0.003443254274665175,0.006,0.2915,0.204,0.204,0.796,0.012742998077375669,1895.6797408361433,1075.6664116170216,4605.324027495293,1.8956797408361434,1.0756664116170216,4.605324027495294,0.9309741355154791,0.06831492184881338,1.8165421095990935
WbHt_4000_1000,WbHt,4000,1000,85,100,1.2,1.2,/eos/uscms/store/user/aji/rootfiles_existingOptimization/WbHt_4000_1000_pt100_ak12_ca12_th85.root,ok,,1000,1000,1.0,0.0,0.011,0.003298332912245215,0.0055,0.2665,0.202,0.202,0.798,0.01269629867323544,1943.9297130723153,1093.9480471956633,4692.017183287276,1.9439297130723152,1.0939480471956633,4.692017183287276,0.9254627654219518,0.047943157534360445,1.8178557367291834
WbHt_4000_1000,WbHt,4000,1000,85,140,1.6,1.4,/eos/uscms/store/user/aji/rootfiles_existingOptimization/WbHt_4000_1000_pt140_ak16_ca14_th85.root,ok,,1000,1000,1.0,0.0,0.002,0.0014127986409959489,0.001,0.248,0.175,0.175,0.825,0.012015614840697917,2077.3965353591484,1135.653126921969,4813.2118148124055,2.0773965353591484,1.135653126921969,4.813211814812405,0.8851364256402414,0.05449091396783032,1.8178760791761563
WbHt_4000_1000,WbHt,4000,1000,85,100,1.6,1.6,/eos/uscms/store/user/aji/rootfiles_existingOptimization/WbHt_4000_1000_pt100_ak16_ca16_th85.root,ok,,1000,1000,1.0,0.0,0.003,0.001729450779872038,0.0015,0.122,0.073,0.073,0.927,0.008226238508577293,3477.436166638666,1427.7828352383012,5914.551510248952,3.4774361666386655,1.4277828352383013,5.914551510248951,0.6451259577465684,0.07836567649461232,1.819869574410435
WbHt_4000_1000,WbHt,4000,1000,85,120,1.6,1.4,/eos/uscms/store/user/aji/rootfiles_existingOptimization/WbHt_4000_1000_pt120_ak16_ca14_th85.root,ok,,1000,1000,1.0,0.0,0.001,0.0009994998749374609,0.0005,0.1835,0.126,0.126,0.874,0.010493998284733994,2734.5599218942584,1195.0504180578334,5494.441729860885,2.7345599218942587,1.1950504180578334,5.494441729860885,0.7861212470386857,0.050260214970672366,1.8335772392281116
WbHt_4000_1000,WbHt,4000,1000,85,160,1.6,1.6,/eos/uscms/store/user/aji/rootfiles_existingOptimization/WbHt_4000_1000_pt160_ak16_ca16_th85.root,ok,,1000,1000,1.0,0.0,0.006,0.002442130217658346,0.003,0.321,0.199,0.199,0.8009999999999999,0.012625331678811453,1606.081483473264,1062.5542238638573,4192.519252805484,1.6060814834732637,1.0625542238638572,4.192519252805484,0.974410408546912,0.10038669057507321,1.8360185568942384
WbHt_4000_1000,WbHt,4000,1000,85,120,1.4,1.6,/eos/uscms/store/user/aji/rootfiles_existingOptimization/WbHt_4000_1000_pt120_ak14_ca16_th85.root,ok,,1000,1000,1.0,0.0,0.008,0.0028170906978654416,0.004,0.27,0.176,0.176,0.8240000000000001,0.012042591083317573,1962.5045134622274,1088.0261879232894,4695.379828795336,1.9625045134622274,1.0880261879232895,4.695379828795336,0.9190688775813299,0.09363960606573249,1.839319328927553
WbHt_4000_1000,WbHt,4000,1000,85,100,1.2,1.6,/eos/uscms/store/user/aji/rootfiles_existingOptimization/WbHt_4000_1000_pt100_ak12_ca16_th85.root,ok,,1000,1000,1.0,0.0,0.015,0.003843826218756514,0.0075,0.298,0.198,0.198,0.802,0.012601428490452976,1855.7413691623733,1069.7157271392994,4625.252492471695,1.8557413691623732,1.0697157271392994,4.625252492471695,0.9579828375915497,0.08720114282839517,1.845556974507787
WbHt_4000_1000,WbHt,4000,1000,85,120,1.4,1.4,/eos/uscms/store/user/aji/rootfiles_existingOptimization/WbHt_4000_1000_pt120_ak14_ca14_th85.root,ok,,1000,1000,1.0,0.0,0.007,0.0026364749192814255,0.0035,0.26,0.175,0.175,0.825,0.012015614840697917,1963.045841041633,1097.9581214036318,4740.758539773053,1.963045841041633,1.097958121403632,4.7407585397730525,0.9278439510196244,0.0702681593541521,1.8491485351237875
WbHt_4000_1000,WbHt,4000,1000,85,120,1.6,1.6,/eos/uscms/store/user/aji/rootfiles_existingOptimization/WbHt_4000_1000_pt120_ak16_ca16_th85.root,ok,,1000,1000,1.0,0.0,0.003,0.001729450779872038,0.0015,0.196,0.12,0.12,0.88,0.010276186062932104,2731.176195720501,1176.789166591618,5567.631689052617,2.7311761957205007,1.176789166591618,5.567631689052617,0.8038372861738179,0.0792845548638853,1.8569549057458679
WbHt_4000_1000,WbHt,4000,1000,85,140,1.6,1.6,/eos/uscms/store/user/aji/rootfiles_existingOptimization/WbHt_4000_1000_pt140_ak16_ca16_th85.root,ok,,1000,1000,1.0,0.0,0.005,0.0022304708023195463,0.0025,0.2615,0.165,0.165,0.835,0.011737759581794136,2031.7557597437346,1116.2565571425737,4860.428355610701,2.0317557597437346,1.1162565571425735,4.860428355610701,0.9214128668055012,0.09370110316396724,1.8595884427798746
WbHt_4000_1000,WbHt,4000,1000,85,100,1.4,1.2,/eos/uscms/store/user/aji/rootfiles_existingOptimization/WbHt_4000_1000_pt100_ak14_ca12_th85.root,ok,,1000,1000,1.0,0.0,0.002,0.0014127986409959489,0.001,0.1635,0.127,0.127,0.873,0.010529529904036551,2794.6153669808305,1244.5227196322226,5783.123958241639,2.7946153669808305,1.2445227196322226,5.78312395824164,0.8120261006638465,0.030566863608066056,1.8644876373619295
WbHt_4000_1000,WbHt,4000,1000,85,100,1.4,1.4,/eos/uscms/store/user/aji/rootfiles_existingOptimization/WbHt_4000_1000_pt100_ak14_ca14_th85.root,ok,,1000,1000,1.0,0.0,0.006,0.002442130217658346,0.003,0.1755,0.113,0.113,0.887,0.010011543337567888,2770.058235459199,1196.4679604464704,5789.848351754093,2.7700582354591985,1.1964679604464705,5.789848351754093,0.8291126035742292,0.061725885643296056,1.8931184271201489
WbHt_4000_1000,WbHt,4000,1000,85,100,1.4,1.6,/eos/uscms/store/user/aji/rootfiles_existingOptimization/WbHt_4000_1000_pt100_ak14_ca16_th85.root,ok,,1000,1000,1.0,0.0,0.007,0.0026364749192814255,0.0035,0.186,0.113,0.113,0.887,0.010011543337567888,2710.279830075454,1184.1996073684995,5838.254172193414,2.710279830075454,1.1841996073684995,5.838254172193414,0.8585929971473362,0.08915534114432436,1.9166209801548817
WbHt_4000_1000,WbHt,4000,1000,85,360,0.6,0.6,/eos/uscms/store/user/aji/rootfiles_existingOptimization/WbHt_4000_1000_pt360_ak6_ca6_th85.root,ok,,1000,998,0.998,0.0014127986409959495,0.7134268537074149,0.014312885645723887,0.4904809619238477,0.39529058116232463,0.16332665330661322,0.163,0.8366733466933868,0.011701491675899997,363.83624453209586,126.54083616870467,1019.8017888476095,0.36383624453209584,0.12654083616870468,1.0198017888476096,1.2275590545241926,0.2757151070243309,2.12984877676437
WbHt_4000_1000,WbHt,4000,1000,85,400,0.8,0.8,/eos/uscms/store/user/aji/rootfiles_existingOptimization/WbHt_4000_1000_pt400_ak8_ca8_th85.root,ok,,1000,997,0.997,0.0017294507798720387,0.6880641925777332,0.014672344480270645,0.46940822467402205,0.376629889669007,0.15446339017051153,0.154,0.8455366098294885,0.011445411464789671,375.5852694720254,170.32776838479919,1095.2626985481434,0.3755852694720254,0.17032776838479918,1.0952626985481433,1.2313248220085422,0.2828744140617117,2.1423029048908284
WbHt_4000_1000,WbHt,4000,1000,85,300,0.4,0.4,/eos/uscms/store/user/aji/rootfiles_existingOptimization/WbHt_4000_1000_pt300_ak4_ca4_th85.root,ok,,1000,997,0.997,0.0017294507798720387,0.7211634904714143,0.014201823328010411,0.49648946840521563,0.37261785356068206,0.14844533600802406,0.148,0.851554663991976,0.01126009268555774,353.2765994291775,91.78144145332448,970.9941956376946,0.3532765994291775,0.09178144145332448,0.9709941956376945,1.244368797147897,0.3453776641389481,2.1635958011969554
WbHt_4000_1000,WbHt,4000,1000,85,400,0.8,1.2,/eos/uscms/store/user/aji/rootfiles_existingOptimization/WbHt_4000_1000_pt400_ak8_ca12_th85.root,ok,,1000,997,0.997,0.0017294507798720387,0.7261785356068204,0.014122379219352518,0.4884653961885657,0.3926780341023069,0.16649949849548645,0.166,0.8335005015045136,0.011798093087348104,335.65952764610915,164.74904498855398,1079.577506669263,0.3356595276461092,0.164749044988554,1.0795775066692628,1.3627327490093264,0.3579261947876594,2.2656672977492294
WbHt_4000_1000,WbHt,4000,1000,85,400,0.8,1.0,/eos/uscms/store/user/aji/rootfiles_existingOptimization/WbHt_4000_1000_pt400_ak8_ca10_th85.root,ok,,1000,997,0.997,0.0017294507798720387,0.7221664994984955,0.014186112358646445,0.4864593781344032,0.37612838515546637,0.15045135406218657,0.15,0.8495486459378134,0.011322559125856517,341.78397602431846,165.1919557158615,1092.0104901741158,0.3417839760243184,0.1651919557158615,1.0920104901741159,1.3558542814662409,0.33004506565043196,2.2742245298016224
WbHt_4000_1000,WbHt,4000,1000,85,400,0.8,1.4,/eos/uscms/store/user/aji/rootfiles_existingOptimization/WbHt_4000_1000_pt400_ak8_ca14_th85.root,ok,,1000,997,0.997,0.0017294507798720387,0.7301905717151455,0.01405720868599379,0.49047141424272817,0.4057171514543631,0.1765295887662989,0.176,0.8234704112337011,0.012074945381831875,324.9348851448058,164.69418619218118,1065.9533576581503,0.3249348851448058,0.16469418619218118,1.0659533576581504,1.386830427678344,0.36516037498834675,2.2808073503975645
WbHt_4000_1000,WbHt,4000,1000,85,400,0.8,1.6,/eos/uscms/store/user/aji/rootfiles_existingOptimization/WbHt_4000_1000_pt400_ak8_ca16_th85.root,ok,,1000,997,0.997,0.0017294507798720387,0.7342026078234705,0.013990580671697637,0.49247743229689067,0.4102306920762287,0.17753259779338015,0.177,0.8224674022066198,0.01210182370243794,320.1114715156729,164.69418619218118,1063.2636037248333,0.32011147151567293,0.16469418619218118,1.0632636037248333,1.403525798807022,0.38577131034173173,2.2969820538620747
WbHt_4000_1000,WbHt,4000,1000,85,360,0.6,1.2,/eos/uscms/store/user/aji/rootfiles_existingOptimization/WbHt_4000_1000_pt360_ak6_ca12_th85.root,ok,,1000,998,0.998,0.0014127986409959495,0.7364729458917836,0.013945231616252326,0.5020040080160321,0.41382765531062127,0.18036072144288579,0.18,0.8196392785571143,0.012170743016539162,286.58969694905636,123.3102988972047,1000.1602853850774,0.28658969694905634,0.1233102988972047,1.0001602853850775,1.5298002611792079,0.338399084555417,2.4227805700414162
WbHt_4000_1000,WbHt,4000,1000,85,360,0.6,1.0,/eos/uscms/store/user/aji/rootfiles_existingOptimization/WbHt_4000_1000_pt360_ak6_ca10_th85.root,ok,,1000,998,0.998,0.0014127986409959495,0.7354709418837675,0.013962210504526739,0.501503006012024,0.39879759519038077,0.16432865731462926,0.164,0.8356713426853708,0.011730300490567084,289.6113828606341,123.3102988972047,1015.8131500518529,0.2896113828606341,0.1233102988972047,1.0158131500518528,1.5408628665402555,0.3082977714851379,2.4495730709395627
WbHt_4000_1000,WbHt,4000,1000,85,360,0.6,0.8,/eos/uscms/store/user/aji/rootfiles_existingOptimization/WbHt_4000_1000_pt360_ak6_ca8_th85.root,ok,,1000,998,0.998,0.0014127986409959495,0.7354709418837675,0.013962210504526739,0.501503006012024,0.39228456913827653,0.15831663326653306,0.158,0.8416833667334669,0.011555064514295983,289.6113828606341,123.3277065722535,1020.327875795484,0.2896113828606341,0.1233277065722535,1.0203278757954841,1.548627267967023,0.2957855442983095,2.463349496414426
WbHt_4000_1000,WbHt,4000,1000,85,360,0.6,1.4,/eos/uscms/store/user/aji/rootfiles_existingOptimization/WbHt_4000_1000_pt360_ak6_ca14_th85.root,ok,,1000,998,0.998,0.0014127986409959495,0.7434869739478958,0.013823758030646966,0.5055110220440882,0.4253507014028056,0.18837675350701402,0.188,0.811623246492986,0.012377291583341235,273.0632774649847,122.76737821593541,992.430275634195,0.2730632774649847,0.12276737821593542,0.9924302756341951,1.592420089387116,0.36517905282701657,2.4787370081336038
WbHt_4000_1000,WbHt,4000,1000,85,360,0.6,1.6,/eos/uscms/store/user/aji/rootfiles_existingOptimization/WbHt_4000_1000_pt360_ak6_ca16_th85.root,ok,,1000,998,0.998,0.0014127986409959495,0.7444889779559118,0.013806025943869555,0.5060120240480962,0.42985971943887774,0.18837675350701402,0.188,0.811623246492986,0.012377291583341235,268.24193408243207,122.54474806513507,990.3989722261763,0.26824193408243213,0.12254474806513507,0.9903989722261763,1.6176706806295715,0.3759031979905402,2.5044697337143145
WbHt_4000_1000,WbHt,4000,1000,85,380,0.6,0.6,/eos/uscms/store/user/aji/rootfiles_existingOptimization/WbHt_4000_1000_pt380_ak6_ca6_th85.root,ok,,1000,997,0.997,0.0017294507798720387,0.7452357071213641,0.013799664494950743,0.5250752256770311,0.37261785356068206,0.14543630892678033,0.145,0.8545636910732197,0.011165059993861835,222.38401821330612,123.29047231089866,1010.0087829866484,0.2223840182133061,0.12329047231089867,1.0100087829866484,1.9936646477563602,0.270754778081548,2.9289899370082493
WbHt_4000_1000,WbHt,4000,1000,85,300,0.4,0.6,/eos/uscms/store/user/aji/rootfiles_existingOptimization/WbHt_4000_1000_pt300_ak4_ca6_th85.root,ok,,1000,997,0.997,0.0017294507798720387,0.7442326980942828,0.013817494659219507,0.5080240722166499,0.36609829488465395,0.13841524573721165,0.138,0.8615847542627884,0.01093687850435287,206.14467959737996,88.73255770986836,971.5285348599296,0.20614467959737998,0.08873255770986836,0.9715285348599295,2.1412048539749975,0.3942142264904986,3.085175140278048
WbHt_4000_1000,WbHt,4000,1000,85,380,0.6,1.2,/eos/uscms/store/user/aji/rootfiles_existingOptimization/WbHt_4000_1000_pt380_ak6_ca12_th85.root,ok,,1000,997,0.997,0.0017294507798720387,0.7673019057171514,0.01338233731663298,0.5361083249749248,0.39117352056168503,0.16449348044132397,0.164,0.835506519558676,0.011740908061130683,200.54378721020095,119.82780588221522,990.4254289803513,0.20054378721020094,0.11982780588221523,0.9904254289803514,2.1705923559367486,0.30921619763385866,3.0890444967744046
WbHt_4000_1000,WbHt,4000,1000,85,380,0.6,1.6,/eos/uscms/store/user/aji/rootfiles_existingOptimization/WbHt_4000_1000_pt380_ak6_ca16_th85.root,ok,,1000,997,0.997,0.0017294507798720387,0.7733199598796389,0.013259851829602836,0.5391173520561685,0.40320962888665995,0.17251755265797392,0.172,0.8274824473420261,0.011965985169894517,198.10054764357054,119.71201656597967,985.1403136311119,0.19810054764357055,0.11971201656597966,0.9851403136311119,2.1843157612624102,0.3407477320168502,3.094988153840079
WbHt_4000_1000,WbHt,4000,1000,85,380,0.6,1.4,/eos/uscms/store/user/aji/rootfiles_existingOptimization/WbHt_4000_1000_pt380_ak6_ca14_th85.root,ok,,1000,997,0.997,0.0017294507798720387,0.7723169508525577,0.013280534479702441,0.5386158475426279,0.40070210631895686,0.17251755265797392,0.172,0.8274824473420261,0.011965985169894517,198.32724455722087,119.77014920839973,986.5129561583891,0.19832724455722087,0.11977014920839973,0.9865129561583891,2.185132982826066,0.3265762331539488,3.09578270571237
WbHt_4000_1000,WbHt,4000,1000,85,300,0.4,1.2,/eos/uscms/store/user/aji/rootfiles_existingOptimization/WbHt_4000_1000_pt300_ak4_ca12_th85.root,ok,,1000,997,0.997,0.0017294507798720387,0.7462387161484454,0.013781738046426012,0.5090270812437312,0.384653961885657,0.15546639919759278,0.155,0.8445336008024072,0.011475699235207339,196.99107911616437,88.68721983874484,947.996665817084,0.19699107911616437,0.08868721983874484,0.9479966658170841,2.1810872092121745,0.4580612435792962,3.1089217021029656
WbHt_4000_1000,WbHt,4000,1000,85,300,0.4,1.0,/eos/uscms/store/user/aji/rootfiles_existingOptimization/WbHt_4000_1000_pt300_ak4_ca10_th85.root,ok,,1000,997,0.997,0.0017294507798720387,0.7462387161484454,0.013781738046426012,0.5090270812437312,0.3696088264794383,0.14042126379137412,0.14,0.8595787362086259,0.011003014653311627,200.13484406942217,88.73255770986836,962.1167437797187,0.20013484406942217,0.08873255770986836,0.9621167437797187,2.181989323575493,0.43554869740307856,3.124554575377177
WbHt_4000_1000,WbHt,4000,1000,85,380,0.6,1.0,/eos/uscms/store/user/aji/rootfiles_existingOptimization/WbHt_4000_1000_pt380_ak6_ca10_th85.root,ok,,1000,997,0.997,0.0017294507798720387,0.7662988966900702,0.0134023792264074,0.5356068204613842,0.3756268806419258,0.14744232698094284,0.147,0.8525576730190572,0.011228594354991833,201.13255486017732,119.82780588221522,1005.7861586237977,0.20113255486017734,0.11982780588221523,1.0057861586237977,2.2024240515352678,0.2952601447531134,3.1378684690683074
WbHt_4000_1000,WbHt,4000,1000,85,300,0.4,0.8,/eos/uscms/store/user/aji/rootfiles_existingOptimization/WbHt_4000_1000_pt300_ak4_ca8_th85.root,ok,,1000,997,0.997,0.0017294507798720387,0.7462387161484454,0.013781738046426012,0.5090270812437312,0.36559679037111337,0.13841524573721165,0.138,0.8615847542627884,0.01093687850435287,200.13484406942217,88.73255770986836,971.5285348599296,0.20013484406942217,0.08873255770986836,0.9715285348599295,2.205502947912058,0.4036037593349673,3.150074217767904
WbHt_4000_1000,WbHt,4000,1000,85,380,0.6,0.8,/eos/uscms/store/user/aji/rootfiles_existingOptimization/WbHt_4000_1000_pt380_ak6_ca8_th85.root,ok,,1000,997,0.997,0.0017294507798720387,0.7662988966900702,0.0134023792264074,0.5356068204613842,0.3696088264794383,0.14142427281845538,0.141,0.8585757271815446,0.011035796949889211,201.13255486017732,120.00504614099373,1010.6665651571836,0.20113255486017734,0.12000504614099372,1.0106665651571836,2.21411575971716,0.2906643335611605,3.155578231412687
WbHt_4000_1000,WbHt,4000,1000,85,300,0.4,1.4,/eos/uscms/store/user/aji/rootfiles_existingOptimization/WbHt_4000_1000_pt300_ak4_ca14_th85.root,ok,,1000,997,0.997,0.0017294507798720387,0.7502507522567703,0.013709061825059017,0.5110330992978936,0.39317953861584753,0.1584754262788365,0.158,0.8415245737211635,0.011565563207275382,190.7623699018498,88.27377327363192,939.5318501254054,0.1907623699018498,0.08827377327363192,0.9395318501254054,2.2312002028748092,0.4580612435792962,3.156648539605788
WbHt_4000_1000,WbHt,4000,1000,85,400,0.6,0.6,/eos/uscms/store/user/aji/rootfiles_existingOptimization/WbHt_4000_1000_pt400_ak6_ca6_th85.root,ok,,1000,997,0.997,0.0017294507798720387,0.7773319959879639,0.013176030789407798,0.5561685055165496,0.34954864593781343,0.12537612838515547,0.125,0.8746238716148446,0.010487464687091606,198.1353266199327,121.398562562183,995.3758449956166,0.1981353266199327,0.121398562562183,0.9953758449956166,2.2055059472304883,0.2743648608657187,3.1633162861833397
WbHt_4000_1000,WbHt,4000,1000,85,300,0.4,1.6,/eos/uscms/store/user/aji/rootfiles_existingOptimization/WbHt_4000_1000_pt300_ak4_ca16_th85.root,ok,,1000,997,0.997,0.0017294507798720387,0.7512537612838516,0.013690648231098496,0.5115346038114343,0.3956870611835506,0.15747241725175526,0.157,0.8425275827482448,0.011535773805363463,188.72309508165705,88.24267833306506,934.5190073139212,0.18872309508165708,0.08824267833306505,0.9345190073139212,2.2421111963395037,0.4645507078474958,3.168766469579583
WbHt_4000_1000,WbHt,4000,1000,85,320,0.4,0.4,/eos/uscms/store/user/aji/rootfiles_existingOptimization/WbHt_4000_1000_pt320_ak4_ca4_th85.root,ok,,1000,996,0.996,0.0019959959919799443,0.7479919678714859,0.013757071342364388,0.5256024096385542,0.3529116465863454,0.13152610441767068,0.131,0.8684738955823293,0.010709142411938473,189.1982808955081,88.57576244454289,960.6368615954622,0.1891982808955081,0.08857576244454289,0.9606368615954621,2.3046221536033613,0.33678901587056287,3.25817622109614
WbHt_4000_1000,WbHt,4000,1000,85,400,0.6,1.4,/eos/uscms/store/user/aji/rootfiles_existingOptimization/WbHt_4000_1000_pt400_ak6_ca14_th85.root,ok,,1000,997,0.997,0.0017294507798720387,0.8034102306920762,0.012586400770850837,0.5692076228686058,0.3731193580742227,0.14744232698094284,0.147,0.8525576730190572,0.011228594354991833,185.57115705523887,117.8233292238158,979.5408578423826,0.18557115705523886,0.1178233292238158,0.9795408578423827,2.3217981239456837,0.33448191285840323,3.258798681259217
WbHt_4000_1000,WbHt,4000,1000,85,400,0.6,1.6,/eos/uscms/store/user/aji/rootfiles_existingOptimization/WbHt_4000_1000_pt400_ak6_ca16_th85.root,ok,,1000,997,0.997,0.0017294507798720387,0.8044132397191575,0.01256208571361122,0.5697091273821464,0.376629889669007,0.14744232698094284,0.147,0.8525576730190572,0.011228594354991833,185.35196795907746,117.70273234319927,979.1745590700282,0.18535196795907743,0.11770273234319928,0.9791745590700283,2.3238809822537934,0.34315277215685985,3.260903458476943
WbHt_4000_1000,WbHt,4000,1000,85,400,0.6,1.2,/eos/uscms/store/user/aji/rootfiles_existingOptimization/WbHt_4000_1000_pt400_ak6_ca12_th85.root,ok,,1000,997,0.997,0.0017294507798720387,0.7993981945837513,0.012682399253788208,0.5672016048144434,0.3645937813440321,0.14142427281845538,0.141,0.8585757271815446,0.011035796949889211,186.21039885196822,117.9069544793859,981.9001432949867,0.18621039885196822,0.11790695447938591,0.9819001432949868,2.3199380758065233,0.3201129936975623,3.2628927631028715
WbHt_4000_1000,WbHt,4000,1000,85,400,0.6,1.0,/eos/uscms/store/user/aji/rootfiles_existingOptimization/WbHt_4000_1000_pt400_ak6_ca10_th85.root,ok,,1000,997,0.997,0.0017294507798720387,0.79839518555667,0.012706087012850765,0.5667001003009027,0.35255767301905716,0.1283851554663992,0.128,0.8716148445336008,0.010594296800465652,186.3702043239772,117.9069544793859,990.9627148583772,0.18637020432397716,0.11790695447938591,0.9909627148583773,2.342262175292013,0.30010836259156093,3.2982399993932163
WbHt_4000_1000,WbHt,4000,1000,85,400,0.6,0.8,/eos/uscms/store/user/aji/rootfiles_existingOptimization/WbHt_4000_1000_pt400_ak6_ca8_th85.root,ok,,1000,997,0.997,0.0017294507798720387,0.79839518555667,0.012706087012850765,0.5667001003009027,0.3465396188565697,0.12236710130391174,0.122,0.8776328986960883,0.010378658075721936,186.54394603521598,117.92143262035665,994.9849796277906,0.186543946035216,0.11792143262035666,0.9949849796277905,2.350822864125166,0.2947873141566759,3.312801368217733
WbHt_4000_1000,WbHt,4000,1000,85,320,0.4,1.2,/eos/uscms/store/user/aji/rootfiles_existingOptimization/WbHt_4000_1000_pt320_ak4_ca12_th85.root,ok,,1000,996,0.996,0.0019959959919799443,0.7761044176706827,0.013208489973203676,0.5396586345381527,0.36244979919678716,0.1395582329317269,0.139,0.8604417670682731,0.010980163409837198,159.0085309174894,87.031864700487,940.7398620010174,0.1590085309174894,0.087031864700487,0.9407398620010173,2.6844723121916183,0.4441422432969898,3.6330132261681425
WbHt_4000_1000,WbHt,4000,1000,85,340,0.4,0.4,/eos/uscms/store/user/aji/rootfiles_existingOptimization/WbHt_4000_1000_pt340_ak4_ca4_th85.root,ok,,1000,993,0.993,0.002636474919281427,0.7744209466263847,0.01326365772957255,0.552870090634441,0.3363544813695871,0.11581067472306143,0.115,0.8841893252769386,0.010154821769952796,161.81303758369424,87.46283639346804,949.8256213329249,0.16181303758369425,0.08746283639346804,0.9498256213329249,2.6646888217935425,0.3362190034242016,3.639696843312112
WbHt_4000_1000,WbHt,4000,1000,85,320,0.4,1.4,/eos/uscms/store/user/aji/rootfiles_existingOptimization/WbHt_4000_1000_pt320_ak4_ca14_th85.root,ok,,1000,996,0.996,0.0019959959919799443,0.7791164658634538,0.0131447761122073,0.5411646586345381,0.37198795180722893,0.14357429718875503,0.143,0.856425702811245,0.011111009698564593,156.2690052906092,86.87809074294861,932.2750499894969,0.15626900529060916,0.08687809074294861,0.932275049989497,2.7049412571430493,0.45012437202165156,3.6497400594252336
WbHt_4000_1000,WbHt,4000,1000,85,320,0.4,1.6,/eos/uscms/store/user/aji/rootfiles_existingOptimization/WbHt_4000_1000_pt320_ak4_ca16_th85.root,ok,,1000,996,0.996,0.0019959959919799443,0.7811244979919679,0.013101741837843777,0.5421686746987951,0.3755020080321285,0.14357429718875503,0.143,0.856425702811245,0.011111009698564593,155.20986065979346,86.78370275172341,928.6313274376176,0.15520986065979347,0.0867837027517234,0.9286313274376176,2.7119656609033074,0.4566964313203553,3.656870377648573
WbHt_4000_1000,WbHt,4000,1000,85,320,0.4,1.0,/eos/uscms/store/user/aji/rootfiles_existingOptimization/WbHt_4000_1000_pt320_ak4_ca10_th85.root,ok,,1000,996,0.996,0.0019959959919799443,0.7761044176706827,0.013208489973203676,0.5396586345381527,0.3498995983935743,0.12650602409638553,0.126,0.8734939759036144,0.010533092333218707,159.0085309174894,87.031864700487,954.9163016078621,0.1590085309174894,0.087031864700487,0.9549163016078621,2.729049919207562,0.4208838405609532,3.690643042019427
WbHt_4000_1000,WbHt,4000,1000,85,320,0.4,0.6,/eos/uscms/store/user/aji/rootfiles_existingOptimization/WbHt_4000_1000_pt320_ak4_ca6_th85.root,ok,,1000,996,0.996,0.0019959959919799443,0.7751004016064257,0.013229506734179552,0.5391566265060241,0.3473895582329317,0.12349397590361445,0.123,0.8765060240963856,0.010424870527791546,159.55760983349043,87.031864700487,962.8087709248823,0.15955760983349043,0.087031864700487,0.9628087709248824,2.744390904132777,0.37888712005163705,3.7089411672458135
WbHt_4000_1000,WbHt,4000,1000,85,320,0.4,0.8,/eos/uscms/store/user/aji/rootfiles_existingOptimization/WbHt_4000_1000_pt320_ak4_ca8_th85.root,ok,,1000,996,0.996,0.0019959959919799443,0.7761044176706827,0.013208489973203676,0.5396586345381527,0.3458835341365462,0.12349397590361445,0.123,0.8765060240963856,0.010424870527791546,159.0085309174894,87.031864700487,963.6786993141678,0.1590085309174894,0.087031864700487,0.9636786993141678,2.7566031506466118,0.3904278280826683,3.721208321651248
WbHt_4000_1000,WbHt,4000,1000,85,360,0.4,0.4,/eos/uscms/store/user/aji/rootfiles_existingOptimization/WbHt_4000_1000_pt360_ak4_ca4_th85.root,ok,,1000,992,0.992,0.0028170906978654425,0.8044354838709677,0.012593162353625394,0.5851814516129032,0.3165322580645161,0.09979838709677419,0.099,0.9002016129032258,0.009516468590031552,146.03030271044443,86.47532606584173,937.8904414557155,0.14603030271044443,0.08647532606584173,0.9378904414557155,2.915200131708618,0.33678901587056287,3.908798714340799
WbHt_4000_1000,WbHt,4000,1000,85,340,0.4,1.2,/eos/uscms/store/user/aji/rootfiles_existingOptimization/WbHt_4000_1000_pt340_ak4_ca12_th85.root,ok,,1000,993,0.993,0.002636474919281427,0.8016112789526687,0.01265510562170904,0.5664652567975831,0.34441087613293053,0.12185297079556898,0.121,0.878147029204431,0.010380709911743299,143.3127958419777,86.49063816272282,932.736419274296,0.1433127958419777,0.08649063816272282,0.9327364192742961,2.9524432069718216,0.42741487440061593,3.923258956592055
WbHt_4000_1000,WbHt,4000,1000,85,340,0.4,1.4,/eos/uscms/store/user/aji/rootfiles_existingOptimization/WbHt_4000_1000_pt340_ak4_ca14_th85.root,ok,,1000,993,0.993,0.002636474919281427,0.8046324269889225,0.012582020309646032,0.56797583081571,0.351460221550856,0.12386706948640483,0.123,0.8761329305135952,0.010454139939583251,141.98302100570288,86.3970522340779,927.8706818084379,0.14198302100570287,0.08639705223407791,0.9278706818084379,2.9632896370776667,0.44336736161209095,3.932224265490692
WbHt_4000_1000,WbHt,4000,1000,85,340,0.4,1.6,/eos/uscms/store/user/aji/rootfiles_existingOptimization/WbHt_4000_1000_pt340_ak4_ca16_th85.root,ok,,1000,993,0.993,0.002636474919281427,0.8066465256797583,0.012532652550365009,0.5689828801611279,0.3554884189325277,0.12487411883182276,0.124,0.8751258811681772,0.010490516183024679,140.45474973989383,86.19589800314694,923.797537097527,0.14045474973989383,0.08619589800314693,0.923797537097527,2.9817490709481973,0.4449171249818886,3.9498294771423854
WbHt_4000_1000,WbHt,4000,1000,85,340,0.4,1.0,/eos/uscms/store/user/aji/rootfiles_existingOptimization/WbHt_4000_1000_pt340_ak4_ca10_th85.root,ok,,1000,993,0.993,0.002636474919281427,0.8006042296072508,0.012679212679874952,0.5659617321248741,0.3323262839879154,0.10976837865055387,0.109,0.8902316213494461,0.009920087634172906,143.5683813732239,86.49063816272282,948.6750346930812,0.14356838137322392,0.08649063816272282,0.9486750346930812,3.0026959567406504,0.40162137027770706,3.985570739952774
WbHt_4000_1000,WbHt,4000,1000,85,340,0.4,0.6,/eos/uscms/store/user/aji/rootfiles_existingOptimization/WbHt_4000_1000_pt340_ak4_ca6_th85.root,ok,,1000,993,0.993,0.002636474919281427,0.7995971802618328,0.012703193593402372,0.5654582074521651,0.33081570996978854,0.10775427995971802,0.107,0.892245720040282,0.009839768412260991,143.92886896759433,86.49063816272282,952.3959523049791,0.14392886896759433,0.08649063816272282,0.9523959523049791,3.008101572510847,0.3750677188077727,3.9929544056543698
WbHt_4000_1000,WbHt,4000,1000,85,340,0.4,0.8,/eos/uscms/store/user/aji/rootfiles_existingOptimization/WbHt_4000_1000_pt340_ak4_ca8_th85.root,ok,,1000,993,0.993,0.002636474919281427,0.8006042296072508,0.012679212679874952,0.5659617321248741,0.3293051359516616,0.10775427995971802,0.107,0.892245720040282,0.009839768412260991,143.5683813732239,86.49063816272282,952.9720587791288,0.14356838137322392,0.08649063816272282,0.9529720587791288,3.0176610348621242,0.37799909796336884,4.0025499167650835
WbHt_4000_1000,WbHt,4000,1000,85,380,0.4,0.4,/eos/uscms/store/user/aji/rootfiles_existingOptimization/WbHt_4000_1000_pt380_ak4_ca4_th85.root,ok,,1000,992,0.992,0.0028170906978654425,0.8306451612903226,0.011908326635652368,0.6139112903225806,0.2973790322580645,0.0846774193548387,0.084,0.9153225806451613,0.008839242710766701,137.01298010130256,85.31689472864444,926.1579088153568,0.13701298010130258,0.08531689472864445,0.9261579088153568,3.068472101931598,0.3305461154566644,4.078093384566629
WbHt_4000_1000,WbHt,4000,1000,85,360,0.4,1.6,/eos/uscms/store/user/aji/rootfiles_existingOptimization/WbHt_4000_1000_pt360_ak4_ca16_th85.root,ok,,1000,992,0.992,0.0028170906978654425,0.8336693548387096,0.011822987179571231,0.5997983870967742,0.3326612903225806,0.10685483870967742,0.106,0.8931451612903226,0.009808492974429954,133.3920500147071,85.12453653254327,916.025950539787,0.1333920500147071,0.08512453653254327,0.9160259505397871,3.1145087503926696,0.43318590603340185,4.102314706681521
WbHt_4000_1000,WbHt,4000,1000,85,360,0.4,1.2,/eos/uscms/store/user/aji/rootfiles_existingOptimization/WbHt_4000_1000_pt360_ak4_ca12_th85.root,ok,,1000,992,0.992,0.0028170906978654425,0.8296370967741935,0.011936465899741283,0.5977822580645161,0.3251008064516129,0.10584677419354839,0.105,0.8941532258064516,0.009767624403005774,134.19714625358108,85.49873241365553,921.8334816336272,0.1341971462535811,0.08549873241365552,0.9218334816336273,3.11606756390937,0.39811556105475354,4.104801075090464
WbHt_4000_1000,WbHt,4000,1000,85,360,0.4,1.4,/eos/uscms/store/user/aji/rootfiles_existingOptimization/WbHt_4000_1000_pt360_ak4_ca14_th85.root,ok,,1000,992,0.992,0.0028170906978654425,0.8316532258064516,0.011880034493583115,0.5987903225806451,0.32913306451612906,0.10584677419354839,0.105,0.8941532258064516,0.009767624403005774,133.68617225335487,85.31689472864444,919.4454099155355,0.13368617225335488,0.08531689472864445,0.9194454099155356,3.119726225709026,0.4060352757136952,4.108510834290143
WbHt_4000_1000,WbHt,4000,1000,85,360,0.4,1.0,/eos/uscms/store/user/aji/rootfiles_existingOptimization/WbHt_4000_1000_pt360_ak4_ca10_th85.root,ok,,1000,992,0.992,0.0028170906978654425,0.8296370967741935,0.011936465899741283,0.5977822580645161,0.3119959677419355,0.09375,0.093,0.90625,0.009254518158759346,134.29843719551906,85.61075782203832,933.4270947370043,0.13429843719551904,0.08561075782203832,0.9334270947370042,3.1564638971958714,0.3884396246574901,4.157284053476319
WbHt_4000_1000,WbHt,4000,1000,85,400,0.4,0.4,/eos/uscms/store/user/aji/rootfiles_existingOptimization/WbHt_4000_1000_pt400_ak4_ca4_th85.root,ok,,1000,989,0.989,0.0032983329122452166,0.8554095045500506,0.011183011277335217,0.641051567239636,0.2805864509605662,0.0717896865520728,0.071,0.9282103134479271,0.00820835399364346,132.14728284347194,84.17952240410565,914.2643259571362,0.13214728284347194,0.08417952240410566,0.9142643259571362,3.140756229306143,0.30697346609522785,4.166751814469723
WbHt_4000_1000,WbHt,4000,1000,85,360,0.4,0.6,/eos/uscms/store/user/aji/rootfiles_existingOptimization/WbHt_4000_1000_pt360_ak4_ca6_th85.root,ok,,1000,992,0.992,0.0028170906978654425,0.8276209677419355,0.011992290092771737,0.5967741935483871,0.31048387096774194,0.09173387096774194,0.091,0.908266129032258,0.009164643660965519,134.8985639599108,85.61075782203832,940.5278688580668,0.1348985639599108,0.08561075782203832,0.9405278688580668,3.168740592709694,0.3734787423478483,4.171516865345961
WbHt_4000_1000,WbHt,4000,1000,85,360,0.4,0.8,/eos/uscms/store/user/aji/rootfiles_existingOptimization/WbHt_4000_1000_pt360_ak4_ca8_th85.root,ok,,1000,992,0.992,0.0028170906978654425,0.8296370967741935,0.011936465899741283,0.5977822580645161,0.3094758064516129,0.09173387096774194,0.091,0.908266129032258,0.009164643660965519,134.29843719551906,85.61075782203832,940.1514247364307,0.13429843719551904,0.08561075782203832,0.9401514247364308,3.1814989241844462,0.3763689746122173,4.184335209497152
WbHt_4000_1000,WbHt,4000,1000,85,380,0.4,1.2,/eos/uscms/store/user/aji/rootfiles_existingOptimization/WbHt_4000_1000_pt380_ak4_ca12_th85.root,ok,,1000,992,0.992,0.0028170906978654425,0.8568548387096774,0.011119522214724885,0.6270161290322581,0.3059475806451613,0.0907258064516129,0.09,0.9092741935483871,0.009119205766170839,129.98862827649663,84.08403358119178,911.9767793628239,0.1299886282764966,0.08408403358119176,0.9119767793628238,3.184481430254943,0.37705289199995634,4.18875676097568
WbHt_4000_1000,WbHt,4000,1000,85,380,0.4,1.4,/eos/uscms/store/user/aji/rootfiles_existingOptimization/WbHt_4000_1000_pt380_ak4_ca14_th85.root,ok,,1000,992,0.992,0.0028170906978654425,0.8578629032258065,0.011086815699452484,0.6275201612903226,0.3084677419354839,0.08971774193548387,0.089,0.9102822580645161,0.009073427434034357,129.74535280742253,83.81891989611576,910.6249052454896,0.12974535280742255,0.08381891989611577,0.9106249052454896,3.186264353439229,0.3797791409489324,4.191572076223003
WbHt_4000_1000,WbHt,4000,1000,85,380,0.4,1.6,/eos/uscms/store/user/aji/rootfiles_existingOptimization/WbHt_4000_1000_pt380_ak4_ca16_th85.root,ok,,1000,992,0.992,0.0028170906978654425,0.8588709677419355,0.011053919741210703,0.6280241935483871,0.31149193548387094,0.08971774193548387,0.089,0.9102822580645161,0.009073427434034357,129.4310210204181,83.73726077295214,909.2729615452365,0.1294310210204181,0.08373726077295214,0.9092729615452365,3.189095219460773,0.4023128634291275,4.194434375423247
WbHt_4000_1000,WbHt,4000,1000,85,380,0.4,1.0,/eos/uscms/store/user/aji/rootfiles_existingOptimization/WbHt_4000_1000_pt380_ak4_ca10_th85.root,ok,,1000,992,0.992,0.0028170906978654425,0.8568548387096774,0.011119522214724885,0.6270161290322581,0.2933467741935484,0.07862903225806452,0.078,0.9213709677419355,0.008545803272531332,130.0818333660411,84.15194934535201,920.6507088557902,0.13008183336604112,0.08415194934535201,0.9206507088557901,3.2152789435116182,0.37436771967679405,4.23164172791695
WbHt_4000_1000,WbHt,4000,1000,85,380,0.4,0.6,/eos/uscms/store/user/aji/rootfiles_existingOptimization/WbHt_4000_1000_pt380_ak4_ca6_th85.root,ok,,1000,992,0.992,0.0028170906978654425,0.8548387096774194,0.011184373554604459,0.626008064516129,0.2918346774193548,0.07661290322580645,0.076,0.9233870967741935,0.00844475442529551,130.17079237835165,84.15194934535201,927.5800115929384,0.13017079237835166,0.08415194934535201,0.9275800115929385,3.23969781099625,0.36423901819827953,4.258067828532608
WbHt_4000_1000,WbHt,4000,1000,85,380,0.4,0.8,/eos/uscms/store/user/aji/rootfiles_existingOptimization/WbHt_4000_1000_pt380_ak4_ca8_th85.root,ok,,1000,992,0.992,0.0028170906978654425,0.8568548387096774,0.011119522214724885,0.6270161290322581,0.2908266129032258,0.07661290322580645,0.076,0.9233870967741935,0.00844475442529551,130.0818333660411,84.15194934535201,927.1296529712697,0.13008183336604112,0.08415194934535201,0.9271296529712697,3.240182283001185,0.3671589138797242,4.258561196438774
WbHt_4000_1000,WbHt,4000,1000,85,400,0.4,1.2,/eos/uscms/store/user/aji/rootfiles_existingOptimization/WbHt_4000_1000_pt400_ak4_ca12_th85.root,ok,,1000,989,0.989,0.0032983329122452166,0.8827098078867543,0.010231555846138097,0.6547017189079879,0.2856420626895854,0.07381193124368049,0.073,0.9261880687563195,0.00831409015441934,126.9324732257692,83.27758011073654,906.0849186800392,0.1269324732257692,0.08327758011073653,0.9060849186800392,3.241122297781953,0.3701307428996248,4.265617119215696
WbHt_4000_1000,WbHt,4000,1000,85,400,0.4,1.4,/eos/uscms/store/user/aji/rootfiles_existingOptimization/WbHt_4000_1000_pt400_ak4_ca14_th85.root,ok,,1000,989,0.989,0.0032983329122452166,0.8837209302325582,0.010193191868428297,0.6552072800808898,0.2871587462082912,0.07280080889787664,0.072,0.9271991911021233,0.008261453802444254,126.7208206597387,83.06093629748047,904.3462472352305,0.12672082065973872,0.08306093629748047,0.9043462472352306,3.2405302722233946,0.37431677352760173,4.266057381259544
WbHt_4000_1000,WbHt,4000,1000,85,400,0.4,1.6,/eos/uscms/store/user/aji/rootfiles_existingOptimization/WbHt_4000_1000_pt400_ak4_ca16_th85.root,ok,,1000,989,0.989,0.0032983329122452166,0.8837209302325582,0.010193191868428297,0.6552072800808898,0.2896865520728008,0.07280080889787664,0.072,0.9271991911021233,0.008261453802444254,126.4395552887935,82.98946834393996,903.2180704224605,0.1264395552887935,0.08298946834393997,0.9032180704224606,3.2435601351376255,0.37799909796336884,4.26911537071087
WbHt_4000_1000,WbHt,4000,1000,85,400,0.4,1.0,/eos/uscms/store/user/aji/rootfiles_existingOptimization/WbHt_4000_1000_pt400_ak4_ca10_th85.root,ok,,1000,989,0.989,0.0032983329122452166,0.8816986855409504,0.010269675852704725,0.654196157735086,0.27553083923154703,0.06471183013144591,0.064,0.9352881698685541,0.007822875453208061,127.09650511519943,83.33881418308798,912.6412344755892,0.12709650511519943,0.08333881418308797,0.9126412344755891,3.2624910478097995,0.3678676809739309,4.296069567166834
WbHt_4000_1000,WbHt,4000,1000,85,400,0.4,0.6,/eos/uscms/store/user/aji/rootfiles_existingOptimization/WbHt_4000_1000_pt400_ak4_ca6_th85.root,ok,,1000,989,0.989,0.0032983329122452166,0.8806875631951466,0.010307554594933961,0.653690596562184,0.27451971688574317,0.06268958543983821,0.062,0.9373104145601618,0.007707992340575166,127.21786159809596,83.33881418308798,916.6136838501715,0.12721786159809598,0.08333881418308797,0.9166136838501715,3.2749916528999212,0.35341092181613,4.310580281300274
WbHt_4000_1000,WbHt,4000,1000,85,400,0.4,0.8,/eos/uscms/store/user/aji/rootfiles_existingOptimization/WbHt_4000_1000_pt400_ak4_ca8_th85.root,ok,,1000,989,0.989,0.0032983329122452166,0.8816986855409504,0.010269675852704725,0.654196157735086,0.2730030333670374,0.06268958543983821,0.062,0.9373104145601618,0.007707992340575166,127.09650511519943,83.33881418308798,916.6136838501715,0.12709650511519943,0.08333881418308797,0.9166136838501715,3.2781187370644407,0.35678637752695846,4.313719501113082
WbHt_4000_1000,WbHt,4000,1000,85,100,0.8,0.4,/eos/uscms/store/user/aji/rootfiles_existingOptimization/WbHt_4000_1000_pt100_ak8_ca4_th85.root,failed,/eos/uscms/store/user/aji/rootfiles_existingOptimization/WbHt_4000_1000_pt100_ak8_ca4_th85.root,nan,nan,nan,nan,nan,nan,nan,nan,nan,nan,nan,nan,nan,nan,nan,nan,nan,nan,nan,nan,nan
WbHt_4000_1000,WbHt,4000,1000,85,100,1.0,0.4,/eos/uscms/store/user/aji/rootfiles_existingOptimization/WbHt_4000_1000_pt100_ak10_ca4_th85.root,failed,/eos/uscms/store/user/aji/rootfiles_existingOptimization/WbHt_4000_1000_pt100_ak10_ca4_th85.root,nan,nan,nan,nan,nan,nan,nan,nan,nan,nan,nan,nan,nan,nan,nan,nan,nan,nan,nan,nan,nan
WbHt_4000_1000,WbHt,4000,1000,85,100,1.0,0.6,/eos/uscms/store/user/aji/rootfiles_existingOptimization/WbHt_4000_1000_pt100_ak10_ca6_th85.root,failed,/eos/uscms/store/user/aji/rootfiles_existingOptimization/WbHt_4000_1000_pt100_ak10_ca6_th85.root,nan,nan,nan,nan,nan,nan,nan,nan,nan,nan,nan,nan,nan,nan,nan,nan,nan,nan,nan,nan,nan
WbHt_4000_1000,WbHt,4000,1000,85,100,1.2,0.4,/eos/uscms/store/user/aji/rootfiles_existingOptimization/WbHt_4000_1000_pt100_ak12_ca4_th85.root,failed,/eos/uscms/store/user/aji/rootfiles_existingOptimization/WbHt_4000_1000_pt100_ak12_ca4_th85.root,nan,nan,nan,nan,nan,nan,nan,nan,nan,nan,nan,nan,nan,nan,nan,nan,nan,nan,nan,nan,nan
WbHt_4000_1000,WbHt,4000,1000,85,100,1.2,0.6,/eos/uscms/store/user/aji/rootfiles_existingOptimization/WbHt_4000_1000_pt100_ak12_ca6_th85.root,failed,/eos/uscms/store/user/aji/rootfiles_existingOptimization/WbHt_4000_1000_pt100_ak12_ca6_th85.root,nan,nan,nan,nan,nan,nan,nan,nan,nan,nan,nan,nan,nan,nan,nan,nan,nan,nan,nan,nan,nan
WbHt_4000_1000,WbHt,4000,1000,85,100,1.2,0.8,/eos/uscms/store/user/aji/rootfiles_existingOptimization/WbHt_4000_1000_pt100_ak12_ca8_th85.root,failed,/eos/uscms/store/user/aji/rootfiles_existingOptimization/WbHt_4000_1000_pt100_ak12_ca8_th85.root,nan,nan,nan,nan,nan,nan,nan,nan,nan,nan,nan,nan,nan,nan,nan,nan,nan,nan,nan,nan,nan
WbHt_4000_1000,WbHt,4000,1000,85,100,1.4,0.4,/eos/uscms/store/user/aji/rootfiles_existingOptimization/WbHt_4000_1000_pt100_ak14_ca4_th85.root,failed,/eos/uscms/store/user/aji/rootfiles_existingOptimization/WbHt_4000_1000_pt100_ak14_ca4_th85.root,nan,nan,nan,nan,nan,nan,nan,nan,nan,nan,nan,nan,nan,nan,nan,nan,nan,nan,nan,nan,nan
WbHt_4000_1000,WbHt,4000,1000,85,100,1.4,0.6,/eos/uscms/store/user/aji/rootfiles_existingOptimization/WbHt_4000_1000_pt100_ak14_ca6_th85.root,failed,/eos/uscms/store/user/aji/rootfiles_existingOptimization/WbHt_4000_1000_pt100_ak14_ca6_th85.root,nan,nan,nan,nan,nan,nan,nan,nan,nan,nan,nan,nan,nan,nan,nan,nan,nan,nan,nan,nan,nan
WbHt_4000_1000,WbHt,4000,1000,85,100,1.4,0.8,/eos/uscms/store/user/aji/rootfiles_existingOptimization/WbHt_4000_1000_pt100_ak14_ca8_th85.root,failed,/eos/uscms/store/user/aji/rootfiles_existingOptimization/WbHt_4000_1000_pt100_ak14_ca8_th85.root,nan,nan,nan,nan,nan,nan,nan,nan,nan,nan,nan,nan,nan,nan,nan,nan,nan,nan,nan,nan,nan
WbHt_4000_1000,WbHt,4000,1000,85,100,1.4,1.0,/eos/uscms/store/user/aji/rootfiles_existingOptimization/WbHt_4000_1000_pt100_ak14_ca10_th85.root,failed,/eos/uscms/store/user/aji/rootfiles_existingOptimization/WbHt_4000_1000_pt100_ak14_ca10_th85.root,nan,nan,nan,nan,nan,nan,nan,nan,nan,nan,nan,nan,nan,nan,nan,nan,nan,nan,nan,nan,nan
WbHt_4000_1000,WbHt,4000,1000,85,100,1.6,0.4,/eos/uscms/store/user/aji/rootfiles_existingOptimization/WbHt_4000_1000_pt100_ak16_ca4_th85.root,failed,/eos/uscms/store/user/aji/rootfiles_existingOptimization/WbHt_4000_1000_pt100_ak16_ca4_th85.root,nan,nan,nan,nan,nan,nan,nan,nan,nan,nan,nan,nan,nan,nan,nan,nan,nan,nan,nan,nan,nan
WbHt_4000_1000,WbHt,4000,1000,85,100,1.6,0.6,/eos/uscms/store/user/aji/rootfiles_existingOptimization/WbHt_4000_1000_pt100_ak16_ca6_th85.root,failed,/eos/uscms/store/user/aji/rootfiles_existingOptimization/WbHt_4000_1000_pt100_ak16_ca6_th85.root,nan,nan,nan,nan,nan,nan,nan,nan,nan,nan,nan,nan,nan,nan,nan,nan,nan,nan,nan,nan,nan
WbHt_4000_1000,WbHt,4000,1000,85,100,1.6,0.8,/eos/uscms/store/user/aji/rootfiles_existingOptimization/WbHt_4000_1000_pt100_ak16_ca8_th85.root,failed,/eos/uscms/store/user/aji/rootfiles_existingOptimization/WbHt_4000_1000_pt100_ak16_ca8_th85.root,nan,nan,nan,nan,nan,nan,nan,nan,nan,nan,nan,nan,nan,nan,nan,nan,nan,nan,nan,nan,nan
WbHt_4000_1000,WbHt,4000,1000,85,100,1.6,1.0,/eos/uscms/store/user/aji/rootfiles_existingOptimization/WbHt_4000_1000_pt100_ak16_ca10_th85.root,failed,/eos/uscms/store/user/aji/rootfiles_existingOptimization/WbHt_4000_1000_pt100_ak16_ca10_th85.root,nan,nan,nan,nan,nan,nan,nan,nan,nan,nan,nan,nan,nan,nan,nan,nan,nan,nan,nan,nan,nan
WbHt_4000_1000,WbHt,4000,1000,85,100,1.6,1.2,/eos/uscms/store/user/aji/rootfiles_existingOptimization/WbHt_4000_1000_pt100_ak16_ca12_th85.root,failed,/eos/uscms/store/user/aji/rootfiles_existingOptimization/WbHt_4000_1000_pt100_ak16_ca12_th85.root,nan,nan,nan,nan,nan,nan,nan,nan,nan,nan,nan,nan,nan,nan,nan,nan,nan,nan,nan,nan,nan
WbHt_4000_1000,WbHt,4000,1000,85,120,0.8,0.4,/eos/uscms/store/user/aji/rootfiles_existingOptimization/WbHt_4000_1000_pt120_ak8_ca4_th85.root,failed,/eos/uscms/store/user/aji/rootfiles_existingOptimization/WbHt_4000_1000_pt120_ak8_ca4_th85.root,nan,nan,nan,nan,nan,nan,nan,nan,nan,nan,nan,nan,nan,nan,nan,nan,nan,nan,nan,nan,nan
WbHt_4000_1000,WbHt,4000,1000,85,120,1.0,0.4,/eos/uscms/store/user/aji/rootfiles_existingOptimization/WbHt_4000_1000_pt120_ak10_ca4_th85.root,failed,/eos/uscms/store/user/aji/rootfiles_existingOptimization/WbHt_4000_1000_pt120_ak10_ca4_th85.root,nan,nan,nan,nan,nan,nan,nan,nan,nan,nan,nan,nan,nan,nan,nan,nan,nan,nan,nan,nan,nan
WbHt_4000_1000,WbHt,4000,1000,85,120,1.0,0.6,/eos/uscms/store/user/aji/rootfiles_existingOptimization/WbHt_4000_1000_pt120_ak10_ca6_th85.root,failed,/eos/uscms/store/user/aji/rootfiles_existingOptimization/WbHt_4000_1000_pt120_ak10_ca6_th85.root,nan,nan,nan,nan,nan,nan,nan,nan,nan,nan,nan,nan,nan,nan,nan,nan,nan,nan,nan,nan,nan
WbHt_4000_1000,WbHt,4000,1000,85,120,1.2,0.4,/eos/uscms/store/user/aji/rootfiles_existingOptimization/WbHt_4000_1000_pt120_ak12_ca4_th85.root,failed,/eos/uscms/store/user/aji/rootfiles_existingOptimization/WbHt_4000_1000_pt120_ak12_ca4_th85.root,nan,nan,nan,nan,nan,nan,nan,nan,nan,nan,nan,nan,nan,nan,nan,nan,nan,nan,nan,nan,nan
WbHt_4000_1000,WbHt,4000,1000,85,120,1.2,0.6,/eos/uscms/store/user/aji/rootfiles_existingOptimization/WbHt_4000_1000_pt120_ak12_ca6_th85.root,failed,/eos/uscms/store/user/aji/rootfiles_existingOptimization/WbHt_4000_1000_pt120_ak12_ca6_th85.root,nan,nan,nan,nan,nan,nan,nan,nan,nan,nan,nan,nan,nan,nan,nan,nan,nan,nan,nan,nan,nan
WbHt_4000_1000,WbHt,4000,1000,85,120,1.2,0.8,/eos/uscms/store/user/aji/rootfiles_existingOptimization/WbHt_4000_1000_pt120_ak12_ca8_th85.root,failed,/eos/uscms/store/user/aji/rootfiles_existingOptimization/WbHt_4000_1000_pt120_ak12_ca8_th85.root,nan,nan,nan,nan,nan,nan,nan,nan,nan,nan,nan,nan,nan,nan,nan,nan,nan,nan,nan,nan,nan
WbHt_4000_1000,WbHt,4000,1000,85,120,1.4,0.4,/eos/uscms/store/user/aji/rootfiles_existingOptimization/WbHt_4000_1000_pt120_ak14_ca4_th85.root,failed,/eos/uscms/store/user/aji/rootfiles_existingOptimization/WbHt_4000_1000_pt120_ak14_ca4_th85.root,nan,nan,nan,nan,nan,nan,nan,nan,nan,nan,nan,nan,nan,nan,nan,nan,nan,nan,nan,nan,nan
WbHt_4000_1000,WbHt,4000,1000,85,120,1.4,0.6,/eos/uscms/store/user/aji/rootfiles_existingOptimization/WbHt_4000_1000_pt120_ak14_ca6_th85.root,failed,/eos/uscms/store/user/aji/rootfiles_existingOptimization/WbHt_4000_1000_pt120_ak14_ca6_th85.root,nan,nan,nan,nan,nan,nan,nan,nan,nan,nan,nan,nan,nan,nan,nan,nan,nan,nan,nan,nan,nan
WbHt_4000_1000,WbHt,4000,1000,85,120,1.4,0.8,/eos/uscms/store/user/aji/rootfiles_existingOptimization/WbHt_4000_1000_pt120_ak14_ca8_th85.root,failed,/eos/uscms/store/user/aji/rootfiles_existingOptimization/WbHt_4000_1000_pt120_ak14_ca8_th85.root,nan,nan,nan,nan,nan,nan,nan,nan,nan,nan,nan,nan,nan,nan,nan,nan,nan,nan,nan,nan,nan
WbHt_4000_1000,WbHt,4000,1000,85,120,1.4,1.0,/eos/uscms/store/user/aji/rootfiles_existingOptimization/WbHt_4000_1000_pt120_ak14_ca10_th85.root,failed,/eos/uscms/store/user/aji/rootfiles_existingOptimization/WbHt_4000_1000_pt120_ak14_ca10_th85.root,nan,nan,nan,nan,nan,nan,nan,nan,nan,nan,nan,nan,nan,nan,nan,nan,nan,nan,nan,nan,nan
WbHt_4000_1000,WbHt,4000,1000,85,120,1.6,0.4,/eos/uscms/store/user/aji/rootfiles_existingOptimization/WbHt_4000_1000_pt120_ak16_ca4_th85.root,failed,/eos/uscms/store/user/aji/rootfiles_existingOptimization/WbHt_4000_1000_pt120_ak16_ca4_th85.root,nan,nan,nan,nan,nan,nan,nan,nan,nan,nan,nan,nan,nan,nan,nan,nan,nan,nan,nan,nan,nan
WbHt_4000_1000,WbHt,4000,1000,85,120,1.6,0.6,/eos/uscms/store/user/aji/rootfiles_existingOptimization/WbHt_4000_1000_pt120_ak16_ca6_th85.root,failed,/eos/uscms/store/user/aji/rootfiles_existingOptimization/WbHt_4000_1000_pt120_ak16_ca6_th85.root,nan,nan,nan,nan,nan,nan,nan,nan,nan,nan,nan,nan,nan,nan,nan,nan,nan,nan,nan,nan,nan
WbHt_4000_1000,WbHt,4000,1000,85,120,1.6,0.8,/eos/uscms/store/user/aji/rootfiles_existingOptimization/WbHt_4000_1000_pt120_ak16_ca8_th85.root,failed,/eos/uscms/store/user/aji/rootfiles_existingOptimization/WbHt_4000_1000_pt120_ak16_ca8_th85.root,nan,nan,nan,nan,nan,nan,nan,nan,nan,nan,nan,nan,nan,nan,nan,nan,nan,nan,nan,nan,nan
WbHt_4000_1000,WbHt,4000,1000,85,120,1.6,1.0,/eos/uscms/store/user/aji/rootfiles_existingOptimization/WbHt_4000_1000_pt120_ak16_ca10_th85.root,failed,/eos/uscms/store/user/aji/rootfiles_existingOptimization/WbHt_4000_1000_pt120_ak16_ca10_th85.root,nan,nan,nan,nan,nan,nan,nan,nan,nan,nan,nan,nan,nan,nan,nan,nan,nan,nan,nan,nan,nan
WbHt_4000_1000,WbHt,4000,1000,85,120,1.6,1.2,/eos/uscms/store/user/aji/rootfiles_existingOptimization/WbHt_4000_1000_pt120_ak16_ca12_th85.root,failed,/eos/uscms/store/user/aji/rootfiles_existingOptimization/WbHt_4000_1000_pt120_ak16_ca12_th85.root,nan,nan,nan,nan,nan,nan,nan,nan,nan,nan,nan,nan,nan,nan,nan,nan,nan,nan,nan,nan,nan
WbHt_4000_1000,WbHt,4000,1000,85,140,0.8,0.4,/eos/uscms/store/user/aji/rootfiles_existingOptimization/WbHt_4000_1000_pt140_ak8_ca4_th85.root,failed,/eos/uscms/store/user/aji/rootfiles_existingOptimization/WbHt_4000_1000_pt140_ak8_ca4_th85.root,nan,nan,nan,nan,nan,nan,nan,nan,nan,nan,nan,nan,nan,nan,nan,nan,nan,nan,nan,nan,nan
WbHt_4000_1000,WbHt,4000,1000,85,140,1.0,0.4,/eos/uscms/store/user/aji/rootfiles_existingOptimization/WbHt_4000_1000_pt140_ak10_ca4_th85.root,failed,/eos/uscms/store/user/aji/rootfiles_existingOptimization/WbHt_4000_1000_pt140_ak10_ca4_th85.root,nan,nan,nan,nan,nan,nan,nan,nan,nan,nan,nan,nan,nan,nan,nan,nan,nan,nan,nan,nan,nan
WbHt_4000_1000,WbHt,4000,1000,85,140,1.0,0.6,/eos/uscms/store/user/aji/rootfiles_existingOptimization/WbHt_4000_1000_pt140_ak10_ca6_th85.root,failed,/eos/uscms/store/user/aji/rootfiles_existingOptimization/WbHt_4000_1000_pt140_ak10_ca6_th85.root,nan,nan,nan,nan,nan,nan,nan,nan,nan,nan,nan,nan,nan,nan,nan,nan,nan,nan,nan,nan,nan
WbHt_4000_1000,WbHt,4000,1000,85,140,1.2,0.4,/eos/uscms/store/user/aji/rootfiles_existingOptimization/WbHt_4000_1000_pt140_ak12_ca4_th85.root,failed,/eos/uscms/store/user/aji/rootfiles_existingOptimization/WbHt_4000_1000_pt140_ak12_ca4_th85.root,nan,nan,nan,nan,nan,nan,nan,nan,nan,nan,nan,nan,nan,nan,nan,nan,nan,nan,nan,nan,nan
WbHt_4000_1000,WbHt,4000,1000,85,140,1.2,0.6,/eos/uscms/store/user/aji/rootfiles_existingOptimization/WbHt_4000_1000_pt140_ak12_ca6_th85.root,failed,/eos/uscms/store/user/aji/rootfiles_existingOptimization/WbHt_4000_1000_pt140_ak12_ca6_th85.root,nan,nan,nan,nan,nan,nan,nan,nan,nan,nan,nan,nan,nan,nan,nan,nan,nan,nan,nan,nan,nan
WbHt_4000_1000,WbHt,4000,1000,85,140,1.2,0.8,/eos/uscms/store/user/aji/rootfiles_existingOptimization/WbHt_4000_1000_pt140_ak12_ca8_th85.root,failed,/eos/uscms/store/user/aji/rootfiles_existingOptimization/WbHt_4000_1000_pt140_ak12_ca8_th85.root,nan,nan,nan,nan,nan,nan,nan,nan,nan,nan,nan,nan,nan,nan,nan,nan,nan,nan,nan,nan,nan
WbHt_4000_1000,WbHt,4000,1000,85,140,1.4,0.4,/eos/uscms/store/user/aji/rootfiles_existingOptimization/WbHt_4000_1000_pt140_ak14_ca4_th85.root,failed,/eos/uscms/store/user/aji/rootfiles_existingOptimization/WbHt_4000_1000_pt140_ak14_ca4_th85.root,nan,nan,nan,nan,nan,nan,nan,nan,nan,nan,nan,nan,nan,nan,nan,nan,nan,nan,nan,nan,nan
WbHt_4000_1000,WbHt,4000,1000,85,140,1.4,0.6,/eos/uscms/store/user/aji/rootfiles_existingOptimization/WbHt_4000_1000_pt140_ak14_ca6_th85.root,failed,/eos/uscms/store/user/aji/rootfiles_existingOptimization/WbHt_4000_1000_pt140_ak14_ca6_th85.root,nan,nan,nan,nan,nan,nan,nan,nan,nan,nan,nan,nan,nan,nan,nan,nan,nan,nan,nan,nan,nan
WbHt_4000_1000,WbHt,4000,1000,85,140,1.4,0.8,/eos/uscms/store/user/aji/rootfiles_existingOptimization/WbHt_4000_1000_pt140_ak14_ca8_th85.root,failed,/eos/uscms/store/user/aji/rootfiles_existingOptimization/WbHt_4000_1000_pt140_ak14_ca8_th85.root,nan,nan,nan,nan,nan,nan,nan,nan,nan,nan,nan,nan,nan,nan,nan,nan,nan,nan,nan,nan,nan
WbHt_4000_1000,WbHt,4000,1000,85,140,1.4,1.0,/eos/uscms/store/user/aji/rootfiles_existingOptimization/WbHt_4000_1000_pt140_ak14_ca10_th85.root,failed,/eos/uscms/store/user/aji/rootfiles_existingOptimization/WbHt_4000_1000_pt140_ak14_ca10_th85.root,nan,nan,nan,nan,nan,nan,nan,nan,nan,nan,nan,nan,nan,nan,nan,nan,nan,nan,nan,nan,nan
WbHt_4000_1000,WbHt,4000,1000,85,140,1.6,0.4,/eos/uscms/store/user/aji/rootfiles_existingOptimization/WbHt_4000_1000_pt140_ak16_ca4_th85.root,failed,/eos/uscms/store/user/aji/rootfiles_existingOptimization/WbHt_4000_1000_pt140_ak16_ca4_th85.root,nan,nan,nan,nan,nan,nan,nan,nan,nan,nan,nan,nan,nan,nan,nan,nan,nan,nan,nan,nan,nan
WbHt_4000_1000,WbHt,4000,1000,85,140,1.6,0.6,/eos/uscms/store/user/aji/rootfiles_existingOptimization/WbHt_4000_1000_pt140_ak16_ca6_th85.root,failed,/eos/uscms/store/user/aji/rootfiles_existingOptimization/WbHt_4000_1000_pt140_ak16_ca6_th85.root,nan,nan,nan,nan,nan,nan,nan,nan,nan,nan,nan,nan,nan,nan,nan,nan,nan,nan,nan,nan,nan
WbHt_4000_1000,WbHt,4000,1000,85,140,1.6,0.8,/eos/uscms/store/user/aji/rootfiles_existingOptimization/WbHt_4000_1000_pt140_ak16_ca8_th85.root,failed,/eos/uscms/store/user/aji/rootfiles_existingOptimization/WbHt_4000_1000_pt140_ak16_ca8_th85.root,nan,nan,nan,nan,nan,nan,nan,nan,nan,nan,nan,nan,nan,nan,nan,nan,nan,nan,nan,nan,nan
WbHt_4000_1000,WbHt,4000,1000,85,140,1.6,1.0,/eos/uscms/store/user/aji/rootfiles_existingOptimization/WbHt_4000_1000_pt140_ak16_ca10_th85.root,failed,/eos/uscms/store/user/aji/rootfiles_existingOptimization/WbHt_4000_1000_pt140_ak16_ca10_th85.root,nan,nan,nan,nan,nan,nan,nan,nan,nan,nan,nan,nan,nan,nan,nan,nan,nan,nan,nan,nan,nan
WbHt_4000_1000,WbHt,4000,1000,85,140,1.6,1.2,/eos/uscms/store/user/aji/rootfiles_existingOptimization/WbHt_4000_1000_pt140_ak16_ca12_th85.root,failed,/eos/uscms/store/user/aji/rootfiles_existingOptimization/WbHt_4000_1000_pt140_ak16_ca12_th85.root,nan,nan,nan,nan,nan,nan,nan,nan,nan,nan,nan,nan,nan,nan,nan,nan,nan,nan,nan,nan,nan
WbHt_4000_1000,WbHt,4000,1000,85,160,0.8,0.4,/eos/uscms/store/user/aji/rootfiles_existingOptimization/WbHt_4000_1000_pt160_ak8_ca4_th85.root,failed,/eos/uscms/store/user/aji/rootfiles_existingOptimization/WbHt_4000_1000_pt160_ak8_ca4_th85.root,nan,nan,nan,nan,nan,nan,nan,nan,nan,nan,nan,nan,nan,nan,nan,nan,nan,nan,nan,nan,nan
WbHt_4000_1000,WbHt,4000,1000,85,160,1.0,0.4,/eos/uscms/store/user/aji/rootfiles_existingOptimization/WbHt_4000_1000_pt160_ak10_ca4_th85.root,failed,/eos/uscms/store/user/aji/rootfiles_existingOptimization/WbHt_4000_1000_pt160_ak10_ca4_th85.root,nan,nan,nan,nan,nan,nan,nan,nan,nan,nan,nan,nan,nan,nan,nan,nan,nan,nan,nan,nan,nan
WbHt_4000_1000,WbHt,4000,1000,85,160,1.0,0.6,/eos/uscms/store/user/aji/rootfiles_existingOptimization/WbHt_4000_1000_pt160_ak10_ca6_th85.root,failed,/eos/uscms/store/user/aji/rootfiles_existingOptimization/WbHt_4000_1000_pt160_ak10_ca6_th85.root,nan,nan,nan,nan,nan,nan,nan,nan,nan,nan,nan,nan,nan,nan,nan,nan,nan,nan,nan,nan,nan
WbHt_4000_1000,WbHt,4000,1000,85,160,1.2,0.4,/eos/uscms/store/user/aji/rootfiles_existingOptimization/WbHt_4000_1000_pt160_ak12_ca4_th85.root,failed,/eos/uscms/store/user/aji/rootfiles_existingOptimization/WbHt_4000_1000_pt160_ak12_ca4_th85.root,nan,nan,nan,nan,nan,nan,nan,nan,nan,nan,nan,nan,nan,nan,nan,nan,nan,nan,nan,nan,nan
WbHt_4000_1000,WbHt,4000,1000,85,160,1.2,0.6,/eos/uscms/store/user/aji/rootfiles_existingOptimization/WbHt_4000_1000_pt160_ak12_ca6_th85.root,failed,/eos/uscms/store/user/aji/rootfiles_existingOptimization/WbHt_4000_1000_pt160_ak12_ca6_th85.root,nan,nan,nan,nan,nan,nan,nan,nan,nan,nan,nan,nan,nan,nan,nan,nan,nan,nan,nan,nan,nan
WbHt_4000_1000,WbHt,4000,1000,85,160,1.2,0.8,/eos/uscms/store/user/aji/rootfiles_existingOptimization/WbHt_4000_1000_pt160_ak12_ca8_th85.root,failed,/eos/uscms/store/user/aji/rootfiles_existingOptimization/WbHt_4000_1000_pt160_ak12_ca8_th85.root,nan,nan,nan,nan,nan,nan,nan,nan,nan,nan,nan,nan,nan,nan,nan,nan,nan,nan,nan,nan,nan
WbHt_4000_1000,WbHt,4000,1000,85,160,1.4,0.4,/eos/uscms/store/user/aji/rootfiles_existingOptimization/WbHt_4000_1000_pt160_ak14_ca4_th85.root,failed,/eos/uscms/store/user/aji/rootfiles_existingOptimization/WbHt_4000_1000_pt160_ak14_ca4_th85.root,nan,nan,nan,nan,nan,nan,nan,nan,nan,nan,nan,nan,nan,nan,nan,nan,nan,nan,nan,nan,nan
WbHt_4000_1000,WbHt,4000,1000,85,160,1.4,0.6,/eos/uscms/store/user/aji/rootfiles_existingOptimization/WbHt_4000_1000_pt160_ak14_ca6_th85.root,failed,/eos/uscms/store/user/aji/rootfiles_existingOptimization/WbHt_4000_1000_pt160_ak14_ca6_th85.root,nan,nan,nan,nan,nan,nan,nan,nan,nan,nan,nan,nan,nan,nan,nan,nan,nan,nan,nan,nan,nan
WbHt_4000_1000,WbHt,4000,1000,85,160,1.4,0.8,/eos/uscms/store/user/aji/rootfiles_existingOptimization/WbHt_4000_1000_pt160_ak14_ca8_th85.root,failed,/eos/uscms/store/user/aji/rootfiles_existingOptimization/WbHt_4000_1000_pt160_ak14_ca8_th85.root,nan,nan,nan,nan,nan,nan,nan,nan,nan,nan,nan,nan,nan,nan,nan,nan,nan,nan,nan,nan,nan
WbHt_4000_1000,WbHt,4000,1000,85,160,1.4,1.0,/eos/uscms/store/user/aji/rootfiles_existingOptimization/WbHt_4000_1000_pt160_ak14_ca10_th85.root,failed,/eos/uscms/store/user/aji/rootfiles_existingOptimization/WbHt_4000_1000_pt160_ak14_ca10_th85.root,nan,nan,nan,nan,nan,nan,nan,nan,nan,nan,nan,nan,nan,nan,nan,nan,nan,nan,nan,nan,nan
WbHt_4000_1000,WbHt,4000,1000,85,160,1.6,0.4,/eos/uscms/store/user/aji/rootfiles_existingOptimization/WbHt_4000_1000_pt160_ak16_ca4_th85.root,failed,/eos/uscms/store/user/aji/rootfiles_existingOptimization/WbHt_4000_1000_pt160_ak16_ca4_th85.root,nan,nan,nan,nan,nan,nan,nan,nan,nan,nan,nan,nan,nan,nan,nan,nan,nan,nan,nan,nan,nan
WbHt_4000_1000,WbHt,4000,1000,85,160,1.6,0.6,/eos/uscms/store/user/aji/rootfiles_existingOptimization/WbHt_4000_1000_pt160_ak16_ca6_th85.root,failed,/eos/uscms/store/user/aji/rootfiles_existingOptimization/WbHt_4000_1000_pt160_ak16_ca6_th85.root,nan,nan,nan,nan,nan,nan,nan,nan,nan,nan,nan,nan,nan,nan,nan,nan,nan,nan,nan,nan,nan
WbHt_4000_1000,WbHt,4000,1000,85,160,1.6,0.8,/eos/uscms/store/user/aji/rootfiles_existingOptimization/WbHt_4000_1000_pt160_ak16_ca8_th85.root,failed,/eos/uscms/store/user/aji/rootfiles_existingOptimization/WbHt_4000_1000_pt160_ak16_ca8_th85.root,nan,nan,nan,nan,nan,nan,nan,nan,nan,nan,nan,nan,nan,nan,nan,nan,nan,nan,nan,nan,nan
WbHt_4000_1000,WbHt,4000,1000,85,160,1.6,1.0,/eos/uscms/store/user/aji/rootfiles_existingOptimization/WbHt_4000_1000_pt160_ak16_ca10_th85.root,failed,/eos/uscms/store/user/aji/rootfiles_existingOptimization/WbHt_4000_1000_pt160_ak16_ca10_th85.root,nan,nan,nan,nan,nan,nan,nan,nan,nan,nan,nan,nan,nan,nan,nan,nan,nan,nan,nan,nan,nan
WbHt_4000_1000,WbHt,4000,1000,85,160,1.6,1.2,/eos/uscms/store/user/aji/rootfiles_existingOptimization/WbHt_4000_1000_pt160_ak16_ca12_th85.root,failed,/eos/uscms/store/user/aji/rootfiles_existingOptimization/WbHt_4000_1000_pt160_ak16_ca12_th85.root,nan,nan,nan,nan,nan,nan,nan,nan,nan,nan,nan,nan,nan,nan,nan,nan,nan,nan,nan,nan,nan
WbHt_4000_1000,WbHt,4000,1000,85,180,0.8,0.4,/eos/uscms/store/user/aji/rootfiles_existingOptimization/WbHt_4000_1000_pt180_ak8_ca4_th85.root,failed,/eos/uscms/store/user/aji/rootfiles_existingOptimization/WbHt_4000_1000_pt180_ak8_ca4_th85.root,nan,nan,nan,nan,nan,nan,nan,nan,nan,nan,nan,nan,nan,nan,nan,nan,nan,nan,nan,nan,nan
WbHt_4000_1000,WbHt,4000,1000,85,180,1.0,0.4,/eos/uscms/store/user/aji/rootfiles_existingOptimization/WbHt_4000_1000_pt180_ak10_ca4_th85.root,failed,/eos/uscms/store/user/aji/rootfiles_existingOptimization/WbHt_4000_1000_pt180_ak10_ca4_th85.root,nan,nan,nan,nan,nan,nan,nan,nan,nan,nan,nan,nan,nan,nan,nan,nan,nan,nan,nan,nan,nan
WbHt_4000_1000,WbHt,4000,1000,85,180,1.0,0.6,/eos/uscms/store/user/aji/rootfiles_existingOptimization/WbHt_4000_1000_pt180_ak10_ca6_th85.root,failed,/eos/uscms/store/user/aji/rootfiles_existingOptimization/WbHt_4000_1000_pt180_ak10_ca6_th85.root,nan,nan,nan,nan,nan,nan,nan,nan,nan,nan,nan,nan,nan,nan,nan,nan,nan,nan,nan,nan,nan
WbHt_4000_1000,WbHt,4000,1000,85,180,1.2,0.4,/eos/uscms/store/user/aji/rootfiles_existingOptimization/WbHt_4000_1000_pt180_ak12_ca4_th85.root,failed,/eos/uscms/store/user/aji/rootfiles_existingOptimization/WbHt_4000_1000_pt180_ak12_ca4_th85.root,nan,nan,nan,nan,nan,nan,nan,nan,nan,nan,nan,nan,nan,nan,nan,nan,nan,nan,nan,nan,nan
WbHt_4000_1000,WbHt,4000,1000,85,180,1.2,0.6,/eos/uscms/store/user/aji/rootfiles_existingOptimization/WbHt_4000_1000_pt180_ak12_ca6_th85.root,failed,/eos/uscms/store/user/aji/rootfiles_existingOptimization/WbHt_4000_1000_pt180_ak12_ca6_th85.root,nan,nan,nan,nan,nan,nan,nan,nan,nan,nan,nan,nan,nan,nan,nan,nan,nan,nan,nan,nan,nan
WbHt_4000_1000,WbHt,4000,1000,85,180,1.2,0.8,/eos/uscms/store/user/aji/rootfiles_existingOptimization/WbHt_4000_1000_pt180_ak12_ca8_th85.root,failed,/eos/uscms/store/user/aji/rootfiles_existingOptimization/WbHt_4000_1000_pt180_ak12_ca8_th85.root,nan,nan,nan,nan,nan,nan,nan,nan,nan,nan,nan,nan,nan,nan,nan,nan,nan,nan,nan,nan,nan
WbHt_4000_1000,WbHt,4000,1000,85,180,1.4,0.4,/eos/uscms/store/user/aji/rootfiles_existingOptimization/WbHt_4000_1000_pt180_ak14_ca4_th85.root,failed,/eos/uscms/store/user/aji/rootfiles_existingOptimization/WbHt_4000_1000_pt180_ak14_ca4_th85.root,nan,nan,nan,nan,nan,nan,nan,nan,nan,nan,nan,nan,nan,nan,nan,nan,nan,nan,nan,nan,nan
WbHt_4000_1000,WbHt,4000,1000,85,180,1.4,0.6,/eos/uscms/store/user/aji/rootfiles_existingOptimization/WbHt_4000_1000_pt180_ak14_ca6_th85.root,failed,/eos/uscms/store/user/aji/rootfiles_existingOptimization/WbHt_4000_1000_pt180_ak14_ca6_th85.root,nan,nan,nan,nan,nan,nan,nan,nan,nan,nan,nan,nan,nan,nan,nan,nan,nan,nan,nan,nan,nan
WbHt_4000_1000,WbHt,4000,1000,85,180,1.4,0.8,/eos/uscms/store/user/aji/rootfiles_existingOptimization/WbHt_4000_1000_pt180_ak14_ca8_th85.root,failed,/eos/uscms/store/user/aji/rootfiles_existingOptimization/WbHt_4000_1000_pt180_ak14_ca8_th85.root,nan,nan,nan,nan,nan,nan,nan,nan,nan,nan,nan,nan,nan,nan,nan,nan,nan,nan,nan,nan,nan
WbHt_4000_1000,WbHt,4000,1000,85,180,1.4,1.0,/eos/uscms/store/user/aji/rootfiles_existingOptimization/WbHt_4000_1000_pt180_ak14_ca10_th85.root,failed,/eos/uscms/store/user/aji/rootfiles_existingOptimization/WbHt_4000_1000_pt180_ak14_ca10_th85.root,nan,nan,nan,nan,nan,nan,nan,nan,nan,nan,nan,nan,nan,nan,nan,nan,nan,nan,nan,nan,nan
WbHt_4000_1000,WbHt,4000,1000,85,180,1.6,0.4,/eos/uscms/store/user/aji/rootfiles_existingOptimization/WbHt_4000_1000_pt180_ak16_ca4_th85.root,failed,/eos/uscms/store/user/aji/rootfiles_existingOptimization/WbHt_4000_1000_pt180_ak16_ca4_th85.root,nan,nan,nan,nan,nan,nan,nan,nan,nan,nan,nan,nan,nan,nan,nan,nan,nan,nan,nan,nan,nan
WbHt_4000_1000,WbHt,4000,1000,85,180,1.6,0.6,/eos/uscms/store/user/aji/rootfiles_existingOptimization/WbHt_4000_1000_pt180_ak16_ca6_th85.root,failed,/eos/uscms/store/user/aji/rootfiles_existingOptimization/WbHt_4000_1000_pt180_ak16_ca6_th85.root,nan,nan,nan,nan,nan,nan,nan,nan,nan,nan,nan,nan,nan,nan,nan,nan,nan,nan,nan,nan,nan
WbHt_4000_1000,WbHt,4000,1000,85,180,1.6,0.8,/eos/uscms/store/user/aji/rootfiles_existingOptimization/WbHt_4000_1000_pt180_ak16_ca8_th85.root,failed,/eos/uscms/store/user/aji/rootfiles_existingOptimization/WbHt_4000_1000_pt180_ak16_ca8_th85.root,nan,nan,nan,nan,nan,nan,nan,nan,nan,nan,nan,nan,nan,nan,nan,nan,nan,nan,nan,nan,nan
WbHt_4000_1000,WbHt,4000,1000,85,180,1.6,1.0,/eos/uscms/store/user/aji/rootfiles_existingOptimization/WbHt_4000_1000_pt180_ak16_ca10_th85.root,failed,/eos/uscms/store/user/aji/rootfiles_existingOptimization/WbHt_4000_1000_pt180_ak16_ca10_th85.root,nan,nan,nan,nan,nan,nan,nan,nan,nan,nan,nan,nan,nan,nan,nan,nan,nan,nan,nan,nan,nan
WbHt_4000_1000,WbHt,4000,1000,85,180,1.6,1.2,/eos/uscms/store/user/aji/rootfiles_existingOptimization/WbHt_4000_1000_pt180_ak16_ca12_th85.root,failed,/eos/uscms/store/user/aji/rootfiles_existingOptimization/WbHt_4000_1000_pt180_ak16_ca12_th85.root,nan,nan,nan,nan,nan,nan,nan,nan,nan,nan,nan,nan,nan,nan,nan,nan,nan,nan,nan,nan,nan
WbHt_4000_1000,WbHt,4000,1000,85,200,0.8,0.4,/eos/uscms/store/user/aji/rootfiles_existingOptimization/WbHt_4000_1000_pt200_ak8_ca4_th85.root,failed,/eos/uscms/store/user/aji/rootfiles_existingOptimization/WbHt_4000_1000_pt200_ak8_ca4_th85.root,nan,nan,nan,nan,nan,nan,nan,nan,nan,nan,nan,nan,nan,nan,nan,nan,nan,nan,nan,nan,nan
WbHt_4000_1000,WbHt,4000,1000,85,200,1.0,0.4,/eos/uscms/store/user/aji/rootfiles_existingOptimization/WbHt_4000_1000_pt200_ak10_ca4_th85.root,failed,/eos/uscms/store/user/aji/rootfiles_existingOptimization/WbHt_4000_1000_pt200_ak10_ca4_th85.root,nan,nan,nan,nan,nan,nan,nan,nan,nan,nan,nan,nan,nan,nan,nan,nan,nan,nan,nan,nan,nan
WbHt_4000_1000,WbHt,4000,1000,85,200,1.0,0.6,/eos/uscms/store/user/aji/rootfiles_existingOptimization/WbHt_4000_1000_pt200_ak10_ca6_th85.root,failed,/eos/uscms/store/user/aji/rootfiles_existingOptimization/WbHt_4000_1000_pt200_ak10_ca6_th85.root,nan,nan,nan,nan,nan,nan,nan,nan,nan,nan,nan,nan,nan,nan,nan,nan,nan,nan,nan,nan,nan
WbHt_4000_1000,WbHt,4000,1000,85,200,1.2,0.4,/eos/uscms/store/user/aji/rootfiles_existingOptimization/WbHt_4000_1000_pt200_ak12_ca4_th85.root,failed,/eos/uscms/store/user/aji/rootfiles_existingOptimization/WbHt_4000_1000_pt200_ak12_ca4_th85.root,nan,nan,nan,nan,nan,nan,nan,nan,nan,nan,nan,nan,nan,nan,nan,nan,nan,nan,nan,nan,nan
WbHt_4000_1000,WbHt,4000,1000,85,200,1.2,0.6,/eos/uscms/store/user/aji/rootfiles_existingOptimization/WbHt_4000_1000_pt200_ak12_ca6_th85.root,failed,/eos/uscms/store/user/aji/rootfiles_existingOptimization/WbHt_4000_1000_pt200_ak12_ca6_th85.root,nan,nan,nan,nan,nan,nan,nan,nan,nan,nan,nan,nan,nan,nan,nan,nan,nan,nan,nan,nan,nan
WbHt_4000_1000,WbHt,4000,1000,85,200,1.2,0.8,/eos/uscms/store/user/aji/rootfiles_existingOptimization/WbHt_4000_1000_pt200_ak12_ca8_th85.root,failed,/eos/uscms/store/user/aji/rootfiles_existingOptimization/WbHt_4000_1000_pt200_ak12_ca8_th85.root,nan,nan,nan,nan,nan,nan,nan,nan,nan,nan,nan,nan,nan,nan,nan,nan,nan,nan,nan,nan,nan
WbHt_4000_1000,WbHt,4000,1000,85,200,1.4,0.4,/eos/uscms/store/user/aji/rootfiles_existingOptimization/WbHt_4000_1000_pt200_ak14_ca4_th85.root,failed,/eos/uscms/store/user/aji/rootfiles_existingOptimization/WbHt_4000_1000_pt200_ak14_ca4_th85.root,nan,nan,nan,nan,nan,nan,nan,nan,nan,nan,nan,nan,nan,nan,nan,nan,nan,nan,nan,nan,nan
WbHt_4000_1000,WbHt,4000,1000,85,200,1.4,0.6,/eos/uscms/store/user/aji/rootfiles_existingOptimization/WbHt_4000_1000_pt200_ak14_ca6_th85.root,failed,/eos/uscms/store/user/aji/rootfiles_existingOptimization/WbHt_4000_1000_pt200_ak14_ca6_th85.root,nan,nan,nan,nan,nan,nan,nan,nan,nan,nan,nan,nan,nan,nan,nan,nan,nan,nan,nan,nan,nan
WbHt_4000_1000,WbHt,4000,1000,85,200,1.4,0.8,/eos/uscms/store/user/aji/rootfiles_existingOptimization/WbHt_4000_1000_pt200_ak14_ca8_th85.root,failed,/eos/uscms/store/user/aji/rootfiles_existingOptimization/WbHt_4000_1000_pt200_ak14_ca8_th85.root,nan,nan,nan,nan,nan,nan,nan,nan,nan,nan,nan,nan,nan,nan,nan,nan,nan,nan,nan,nan,nan
WbHt_4000_1000,WbHt,4000,1000,85,200,1.4,1.0,/eos/uscms/store/user/aji/rootfiles_existingOptimization/WbHt_4000_1000_pt200_ak14_ca10_th85.root,failed,/eos/uscms/store/user/aji/rootfiles_existingOptimization/WbHt_4000_1000_pt200_ak14_ca10_th85.root,nan,nan,nan,nan,nan,nan,nan,nan,nan,nan,nan,nan,nan,nan,nan,nan,nan,nan,nan,nan,nan
WbHt_4000_1000,WbHt,4000,1000,85,200,1.6,0.4,/eos/uscms/store/user/aji/rootfiles_existingOptimization/WbHt_4000_1000_pt200_ak16_ca4_th85.root,failed,/eos/uscms/store/user/aji/rootfiles_existingOptimization/WbHt_4000_1000_pt200_ak16_ca4_th85.root,nan,nan,nan,nan,nan,nan,nan,nan,nan,nan,nan,nan,nan,nan,nan,nan,nan,nan,nan,nan,nan
WbHt_4000_1000,WbHt,4000,1000,85,200,1.6,0.6,/eos/uscms/store/user/aji/rootfiles_existingOptimization/WbHt_4000_1000_pt200_ak16_ca6_th85.root,failed,/eos/uscms/store/user/aji/rootfiles_existingOptimization/WbHt_4000_1000_pt200_ak16_ca6_th85.root,nan,nan,nan,nan,nan,nan,nan,nan,nan,nan,nan,nan,nan,nan,nan,nan,nan,nan,nan,nan,nan
WbHt_4000_1000,WbHt,4000,1000,85,200,1.6,0.8,/eos/uscms/store/user/aji/rootfiles_existingOptimization/WbHt_4000_1000_pt200_ak16_ca8_th85.root,failed,/eos/uscms/store/user/aji/rootfiles_existingOptimization/WbHt_4000_1000_pt200_ak16_ca8_th85.root,nan,nan,nan,nan,nan,nan,nan,nan,nan,nan,nan,nan,nan,nan,nan,nan,nan,nan,nan,nan,nan
WbHt_4000_1000,WbHt,4000,1000,85,200,1.6,1.0,/eos/uscms/store/user/aji/rootfiles_existingOptimization/WbHt_4000_1000_pt200_ak16_ca10_th85.root,failed,/eos/uscms/store/user/aji/rootfiles_existingOptimization/WbHt_4000_1000_pt200_ak16_ca10_th85.root,nan,nan,nan,nan,nan,nan,nan,nan,nan,nan,nan,nan,nan,nan,nan,nan,nan,nan,nan,nan,nan
WbHt_4000_1000,WbHt,4000,1000,85,200,1.6,1.2,/eos/uscms/store/user/aji/rootfiles_existingOptimization/WbHt_4000_1000_pt200_ak16_ca12_th85.root,failed,/eos/uscms/store/user/aji/rootfiles_existingOptimization/WbHt_4000_1000_pt200_ak16_ca12_th85.root,nan,nan,nan,nan,nan,nan,nan,nan,nan,nan,nan,nan,nan,nan,nan,nan,nan,nan,nan,nan,nan
WbHt_4000_1000,WbHt,4000,1000,85,220,0.8,0.4,/eos/uscms/store/user/aji/rootfiles_existingOptimization/WbHt_4000_1000_pt220_ak8_ca4_th85.root,failed,/eos/uscms/store/user/aji/rootfiles_existingOptimization/WbHt_4000_1000_pt220_ak8_ca4_th85.root,nan,nan,nan,nan,nan,nan,nan,nan,nan,nan,nan,nan,nan,nan,nan,nan,nan,nan,nan,nan,nan
WbHt_4000_1000,WbHt,4000,1000,85,220,1.0,0.4,/eos/uscms/store/user/aji/rootfiles_existingOptimization/WbHt_4000_1000_pt220_ak10_ca4_th85.root,failed,/eos/uscms/store/user/aji/rootfiles_existingOptimization/WbHt_4000_1000_pt220_ak10_ca4_th85.root,nan,nan,nan,nan,nan,nan,nan,nan,nan,nan,nan,nan,nan,nan,nan,nan,nan,nan,nan,nan,nan
WbHt_4000_1000,WbHt,4000,1000,85,220,1.0,0.6,/eos/uscms/store/user/aji/rootfiles_existingOptimization/WbHt_4000_1000_pt220_ak10_ca6_th85.root,failed,/eos/uscms/store/user/aji/rootfiles_existingOptimization/WbHt_4000_1000_pt220_ak10_ca6_th85.root,nan,nan,nan,nan,nan,nan,nan,nan,nan,nan,nan,nan,nan,nan,nan,nan,nan,nan,nan,nan,nan
WbHt_4000_1000,WbHt,4000,1000,85,220,1.2,0.4,/eos/uscms/store/user/aji/rootfiles_existingOptimization/WbHt_4000_1000_pt220_ak12_ca4_th85.root,failed,/eos/uscms/store/user/aji/rootfiles_existingOptimization/WbHt_4000_1000_pt220_ak12_ca4_th85.root,nan,nan,nan,nan,nan,nan,nan,nan,nan,nan,nan,nan,nan,nan,nan,nan,nan,nan,nan,nan,nan
WbHt_4000_1000,WbHt,4000,1000,85,220,1.2,0.6,/eos/uscms/store/user/aji/rootfiles_existingOptimization/WbHt_4000_1000_pt220_ak12_ca6_th85.root,failed,/eos/uscms/store/user/aji/rootfiles_existingOptimization/WbHt_4000_1000_pt220_ak12_ca6_th85.root,nan,nan,nan,nan,nan,nan,nan,nan,nan,nan,nan,nan,nan,nan,nan,nan,nan,nan,nan,nan,nan
WbHt_4000_1000,WbHt,4000,1000,85,220,1.2,0.8,/eos/uscms/store/user/aji/rootfiles_existingOptimization/WbHt_4000_1000_pt220_ak12_ca8_th85.root,failed,/eos/uscms/store/user/aji/rootfiles_existingOptimization/WbHt_4000_1000_pt220_ak12_ca8_th85.root,nan,nan,nan,nan,nan,nan,nan,nan,nan,nan,nan,nan,nan,nan,nan,nan,nan,nan,nan,nan,nan
WbHt_4000_1000,WbHt,4000,1000,85,220,1.4,0.4,/eos/uscms/store/user/aji/rootfiles_existingOptimization/WbHt_4000_1000_pt220_ak14_ca4_th85.root,failed,/eos/uscms/store/user/aji/rootfiles_existingOptimization/WbHt_4000_1000_pt220_ak14_ca4_th85.root,nan,nan,nan,nan,nan,nan,nan,nan,nan,nan,nan,nan,nan,nan,nan,nan,nan,nan,nan,nan,nan
WbHt_4000_1000,WbHt,4000,1000,85,220,1.4,0.6,/eos/uscms/store/user/aji/rootfiles_existingOptimization/WbHt_4000_1000_pt220_ak14_ca6_th85.root,failed,/eos/uscms/store/user/aji/rootfiles_existingOptimization/WbHt_4000_1000_pt220_ak14_ca6_th85.root,nan,nan,nan,nan,nan,nan,nan,nan,nan,nan,nan,nan,nan,nan,nan,nan,nan,nan,nan,nan,nan
WbHt_4000_1000,WbHt,4000,1000,85,220,1.4,0.8,/eos/uscms/store/user/aji/rootfiles_existingOptimization/WbHt_4000_1000_pt220_ak14_ca8_th85.root,failed,/eos/uscms/store/user/aji/rootfiles_existingOptimization/WbHt_4000_1000_pt220_ak14_ca8_th85.root,nan,nan,nan,nan,nan,nan,nan,nan,nan,nan,nan,nan,nan,nan,nan,nan,nan,nan,nan,nan,nan
WbHt_4000_1000,WbHt,4000,1000,85,220,1.4,1.0,/eos/uscms/store/user/aji/rootfiles_existingOptimization/WbHt_4000_1000_pt220_ak14_ca10_th85.root,failed,/eos/uscms/store/user/aji/rootfiles_existingOptimization/WbHt_4000_1000_pt220_ak14_ca10_th85.root,nan,nan,nan,nan,nan,nan,nan,nan,nan,nan,nan,nan,nan,nan,nan,nan,nan,nan,nan,nan,nan
WbHt_4000_1000,WbHt,4000,1000,85,220,1.6,0.4,/eos/uscms/store/user/aji/rootfiles_existingOptimization/WbHt_4000_1000_pt220_ak16_ca4_th85.root,failed,/eos/uscms/store/user/aji/rootfiles_existingOptimization/WbHt_4000_1000_pt220_ak16_ca4_th85.root,nan,nan,nan,nan,nan,nan,nan,nan,nan,nan,nan,nan,nan,nan,nan,nan,nan,nan,nan,nan,nan
WbHt_4000_1000,WbHt,4000,1000,85,220,1.6,0.6,/eos/uscms/store/user/aji/rootfiles_existingOptimization/WbHt_4000_1000_pt220_ak16_ca6_th85.root,failed,/eos/uscms/store/user/aji/rootfiles_existingOptimization/WbHt_4000_1000_pt220_ak16_ca6_th85.root,nan,nan,nan,nan,nan,nan,nan,nan,nan,nan,nan,nan,nan,nan,nan,nan,nan,nan,nan,nan,nan
WbHt_4000_1000,WbHt,4000,1000,85,220,1.6,0.8,/eos/uscms/store/user/aji/rootfiles_existingOptimization/WbHt_4000_1000_pt220_ak16_ca8_th85.root,failed,/eos/uscms/store/user/aji/rootfiles_existingOptimization/WbHt_4000_1000_pt220_ak16_ca8_th85.root,nan,nan,nan,nan,nan,nan,nan,nan,nan,nan,nan,nan,nan,nan,nan,nan,nan,nan,nan,nan,nan
WbHt_4000_1000,WbHt,4000,1000,85,220,1.6,1.0,/eos/uscms/store/user/aji/rootfiles_existingOptimization/WbHt_4000_1000_pt220_ak16_ca10_th85.root,failed,/eos/uscms/store/user/aji/rootfiles_existingOptimization/WbHt_4000_1000_pt220_ak16_ca10_th85.root,nan,nan,nan,nan,nan,nan,nan,nan,nan,nan,nan,nan,nan,nan,nan,nan,nan,nan,nan,nan,nan
WbHt_4000_1000,WbHt,4000,1000,85,220,1.6,1.2,/eos/uscms/store/user/aji/rootfiles_existingOptimization/WbHt_4000_1000_pt220_ak16_ca12_th85.root,failed,/eos/uscms/store/user/aji/rootfiles_existingOptimization/WbHt_4000_1000_pt220_ak16_ca12_th85.root,nan,nan,nan,nan,nan,nan,nan,nan,nan,nan,nan,nan,nan,nan,nan,nan,nan,nan,nan,nan,nan
WbHt_4000_1000,WbHt,4000,1000,85,240,0.8,0.4,/eos/uscms/store/user/aji/rootfiles_existingOptimization/WbHt_4000_1000_pt240_ak8_ca4_th85.root,failed,/eos/uscms/store/user/aji/rootfiles_existingOptimization/WbHt_4000_1000_pt240_ak8_ca4_th85.root,nan,nan,nan,nan,nan,nan,nan,nan,nan,nan,nan,nan,nan,nan,nan,nan,nan,nan,nan,nan,nan
WbHt_4000_1000,WbHt,4000,1000,85,240,1.0,0.4,/eos/uscms/store/user/aji/rootfiles_existingOptimization/WbHt_4000_1000_pt240_ak10_ca4_th85.root,failed,/eos/uscms/store/user/aji/rootfiles_existingOptimization/WbHt_4000_1000_pt240_ak10_ca4_th85.root,nan,nan,nan,nan,nan,nan,nan,nan,nan,nan,nan,nan,nan,nan,nan,nan,nan,nan,nan,nan,nan
WbHt_4000_1000,WbHt,4000,1000,85,240,1.0,0.6,/eos/uscms/store/user/aji/rootfiles_existingOptimization/WbHt_4000_1000_pt240_ak10_ca6_th85.root,failed,/eos/uscms/store/user/aji/rootfiles_existingOptimization/WbHt_4000_1000_pt240_ak10_ca6_th85.root,nan,nan,nan,nan,nan,nan,nan,nan,nan,nan,nan,nan,nan,nan,nan,nan,nan,nan,nan,nan,nan
WbHt_4000_1000,WbHt,4000,1000,85,240,1.2,0.4,/eos/uscms/store/user/aji/rootfiles_existingOptimization/WbHt_4000_1000_pt240_ak12_ca4_th85.root,failed,/eos/uscms/store/user/aji/rootfiles_existingOptimization/WbHt_4000_1000_pt240_ak12_ca4_th85.root,nan,nan,nan,nan,nan,nan,nan,nan,nan,nan,nan,nan,nan,nan,nan,nan,nan,nan,nan,nan,nan
WbHt_4000_1000,WbHt,4000,1000,85,240,1.2,0.6,/eos/uscms/store/user/aji/rootfiles_existingOptimization/WbHt_4000_1000_pt240_ak12_ca6_th85.root,failed,/eos/uscms/store/user/aji/rootfiles_existingOptimization/WbHt_4000_1000_pt240_ak12_ca6_th85.root,nan,nan,nan,nan,nan,nan,nan,nan,nan,nan,nan,nan,nan,nan,nan,nan,nan,nan,nan,nan,nan
WbHt_4000_1000,WbHt,4000,1000,85,240,1.2,0.8,/eos/uscms/store/user/aji/rootfiles_existingOptimization/WbHt_4000_1000_pt240_ak12_ca8_th85.root,failed,/eos/uscms/store/user/aji/rootfiles_existingOptimization/WbHt_4000_1000_pt240_ak12_ca8_th85.root,nan,nan,nan,nan,nan,nan,nan,nan,nan,nan,nan,nan,nan,nan,nan,nan,nan,nan,nan,nan,nan
WbHt_4000_1000,WbHt,4000,1000,85,240,1.4,0.4,/eos/uscms/store/user/aji/rootfiles_existingOptimization/WbHt_4000_1000_pt240_ak14_ca4_th85.root,failed,/eos/uscms/store/user/aji/rootfiles_existingOptimization/WbHt_4000_1000_pt240_ak14_ca4_th85.root,nan,nan,nan,nan,nan,nan,nan,nan,nan,nan,nan,nan,nan,nan,nan,nan,nan,nan,nan,nan,nan
WbHt_4000_1000,WbHt,4000,1000,85,240,1.4,0.6,/eos/uscms/store/user/aji/rootfiles_existingOptimization/WbHt_4000_1000_pt240_ak14_ca6_th85.root,failed,/eos/uscms/store/user/aji/rootfiles_existingOptimization/WbHt_4000_1000_pt240_ak14_ca6_th85.root,nan,nan,nan,nan,nan,nan,nan,nan,nan,nan,nan,nan,nan,nan,nan,nan,nan,nan,nan,nan,nan
WbHt_4000_1000,WbHt,4000,1000,85,240,1.4,0.8,/eos/uscms/store/user/aji/rootfiles_existingOptimization/WbHt_4000_1000_pt240_ak14_ca8_th85.root,failed,/eos/uscms/store/user/aji/rootfiles_existingOptimization/WbHt_4000_1000_pt240_ak14_ca8_th85.root,nan,nan,nan,nan,nan,nan,nan,nan,nan,nan,nan,nan,nan,nan,nan,nan,nan,nan,nan,nan,nan
WbHt_4000_1000,WbHt,4000,1000,85,240,1.4,1.0,/eos/uscms/store/user/aji/rootfiles_existingOptimization/WbHt_4000_1000_pt240_ak14_ca10_th85.root,failed,/eos/uscms/store/user/aji/rootfiles_existingOptimization/WbHt_4000_1000_pt240_ak14_ca10_th85.root,nan,nan,nan,nan,nan,nan,nan,nan,nan,nan,nan,nan,nan,nan,nan,nan,nan,nan,nan,nan,nan
WbHt_4000_1000,WbHt,4000,1000,85,240,1.6,0.4,/eos/uscms/store/user/aji/rootfiles_existingOptimization/WbHt_4000_1000_pt240_ak16_ca4_th85.root,failed,/eos/uscms/store/user/aji/rootfiles_existingOptimization/WbHt_4000_1000_pt240_ak16_ca4_th85.root,nan,nan,nan,nan,nan,nan,nan,nan,nan,nan,nan,nan,nan,nan,nan,nan,nan,nan,nan,nan,nan
WbHt_4000_1000,WbHt,4000,1000,85,240,1.6,0.6,/eos/uscms/store/user/aji/rootfiles_existingOptimization/WbHt_4000_1000_pt240_ak16_ca6_th85.root,failed,/eos/uscms/store/user/aji/rootfiles_existingOptimization/WbHt_4000_1000_pt240_ak16_ca6_th85.root,nan,nan,nan,nan,nan,nan,nan,nan,nan,nan,nan,nan,nan,nan,nan,nan,nan,nan,nan,nan,nan
WbHt_4000_1000,WbHt,4000,1000,85,240,1.6,0.8,/eos/uscms/store/user/aji/rootfiles_existingOptimization/WbHt_4000_1000_pt240_ak16_ca8_th85.root,failed,/eos/uscms/store/user/aji/rootfiles_existingOptimization/WbHt_4000_1000_pt240_ak16_ca8_th85.root,nan,nan,nan,nan,nan,nan,nan,nan,nan,nan,nan,nan,nan,nan,nan,nan,nan,nan,nan,nan,nan
WbHt_4000_1000,WbHt,4000,1000,85,240,1.6,1.0,/eos/uscms/store/user/aji/rootfiles_existingOptimization/WbHt_4000_1000_pt240_ak16_ca10_th85.root,failed,/eos/uscms/store/user/aji/rootfiles_existingOptimization/WbHt_4000_1000_pt240_ak16_ca10_th85.root,nan,nan,nan,nan,nan,nan,nan,nan,nan,nan,nan,nan,nan,nan,nan,nan,nan,nan,nan,nan,nan
WbHt_4000_1000,WbHt,4000,1000,85,240,1.6,1.2,/eos/uscms/store/user/aji/rootfiles_existingOptimization/WbHt_4000_1000_pt240_ak16_ca12_th85.root,failed,/eos/uscms/store/user/aji/rootfiles_existingOptimization/WbHt_4000_1000_pt240_ak16_ca12_th85.root,nan,nan,nan,nan,nan,nan,nan,nan,nan,nan,nan,nan,nan,nan,nan,nan,nan,nan,nan,nan,nan
WbHt_4000_1000,WbHt,4000,1000,85,260,0.8,0.4,/eos/uscms/store/user/aji/rootfiles_existingOptimization/WbHt_4000_1000_pt260_ak8_ca4_th85.root,failed,/eos/uscms/store/user/aji/rootfiles_existingOptimization/WbHt_4000_1000_pt260_ak8_ca4_th85.root,nan,nan,nan,nan,nan,nan,nan,nan,nan,nan,nan,nan,nan,nan,nan,nan,nan,nan,nan,nan,nan
WbHt_4000_1000,WbHt,4000,1000,85,260,1.0,0.4,/eos/uscms/store/user/aji/rootfiles_existingOptimization/WbHt_4000_1000_pt260_ak10_ca4_th85.root,failed,/eos/uscms/store/user/aji/rootfiles_existingOptimization/WbHt_4000_1000_pt260_ak10_ca4_th85.root,nan,nan,nan,nan,nan,nan,nan,nan,nan,nan,nan,nan,nan,nan,nan,nan,nan,nan,nan,nan,nan
WbHt_4000_1000,WbHt,4000,1000,85,260,1.0,0.6,/eos/uscms/store/user/aji/rootfiles_existingOptimization/WbHt_4000_1000_pt260_ak10_ca6_th85.root,failed,/eos/uscms/store/user/aji/rootfiles_existingOptimization/WbHt_4000_1000_pt260_ak10_ca6_th85.root,nan,nan,nan,nan,nan,nan,nan,nan,nan,nan,nan,nan,nan,nan,nan,nan,nan,nan,nan,nan,nan
WbHt_4000_1000,WbHt,4000,1000,85,260,1.2,0.4,/eos/uscms/store/user/aji/rootfiles_existingOptimization/WbHt_4000_1000_pt260_ak12_ca4_th85.root,failed,/eos/uscms/store/user/aji/rootfiles_existingOptimization/WbHt_4000_1000_pt260_ak12_ca4_th85.root,nan,nan,nan,nan,nan,nan,nan,nan,nan,nan,nan,nan,nan,nan,nan,nan,nan,nan,nan,nan,nan
WbHt_4000_1000,WbHt,4000,1000,85,260,1.2,0.6,/eos/uscms/store/user/aji/rootfiles_existingOptimization/WbHt_4000_1000_pt260_ak12_ca6_th85.root,failed,/eos/uscms/store/user/aji/rootfiles_existingOptimization/WbHt_4000_1000_pt260_ak12_ca6_th85.root,nan,nan,nan,nan,nan,nan,nan,nan,nan,nan,nan,nan,nan,nan,nan,nan,nan,nan,nan,nan,nan
WbHt_4000_1000,WbHt,4000,1000,85,260,1.2,0.8,/eos/uscms/store/user/aji/rootfiles_existingOptimization/WbHt_4000_1000_pt260_ak12_ca8_th85.root,failed,/eos/uscms/store/user/aji/rootfiles_existingOptimization/WbHt_4000_1000_pt260_ak12_ca8_th85.root,nan,nan,nan,nan,nan,nan,nan,nan,nan,nan,nan,nan,nan,nan,nan,nan,nan,nan,nan,nan,nan
WbHt_4000_1000,WbHt,4000,1000,85,260,1.4,0.4,/eos/uscms/store/user/aji/rootfiles_existingOptimization/WbHt_4000_1000_pt260_ak14_ca4_th85.root,failed,/eos/uscms/store/user/aji/rootfiles_existingOptimization/WbHt_4000_1000_pt260_ak14_ca4_th85.root,nan,nan,nan,nan,nan,nan,nan,nan,nan,nan,nan,nan,nan,nan,nan,nan,nan,nan,nan,nan,nan
WbHt_4000_1000,WbHt,4000,1000,85,260,1.4,0.6,/eos/uscms/store/user/aji/rootfiles_existingOptimization/WbHt_4000_1000_pt260_ak14_ca6_th85.root,failed,/eos/uscms/store/user/aji/rootfiles_existingOptimization/WbHt_4000_1000_pt260_ak14_ca6_th85.root,nan,nan,nan,nan,nan,nan,nan,nan,nan,nan,nan,nan,nan,nan,nan,nan,nan,nan,nan,nan,nan
WbHt_4000_1000,WbHt,4000,1000,85,260,1.4,0.8,/eos/uscms/store/user/aji/rootfiles_existingOptimization/WbHt_4000_1000_pt260_ak14_ca8_th85.root,failed,/eos/uscms/store/user/aji/rootfiles_existingOptimization/WbHt_4000_1000_pt260_ak14_ca8_th85.root,nan,nan,nan,nan,nan,nan,nan,nan,nan,nan,nan,nan,nan,nan,nan,nan,nan,nan,nan,nan,nan
WbHt_4000_1000,WbHt,4000,1000,85,260,1.4,1.0,/eos/uscms/store/user/aji/rootfiles_existingOptimization/WbHt_4000_1000_pt260_ak14_ca10_th85.root,failed,/eos/uscms/store/user/aji/rootfiles_existingOptimization/WbHt_4000_1000_pt260_ak14_ca10_th85.root,nan,nan,nan,nan,nan,nan,nan,nan,nan,nan,nan,nan,nan,nan,nan,nan,nan,nan,nan,nan,nan
WbHt_4000_1000,WbHt,4000,1000,85,260,1.6,0.4,/eos/uscms/store/user/aji/rootfiles_existingOptimization/WbHt_4000_1000_pt260_ak16_ca4_th85.root,failed,/eos/uscms/store/user/aji/rootfiles_existingOptimization/WbHt_4000_1000_pt260_ak16_ca4_th85.root,nan,nan,nan,nan,nan,nan,nan,nan,nan,nan,nan,nan,nan,nan,nan,nan,nan,nan,nan,nan,nan
WbHt_4000_1000,WbHt,4000,1000,85,260,1.6,0.6,/eos/uscms/store/user/aji/rootfiles_existingOptimization/WbHt_4000_1000_pt260_ak16_ca6_th85.root,failed,/eos/uscms/store/user/aji/rootfiles_existingOptimization/WbHt_4000_1000_pt260_ak16_ca6_th85.root,nan,nan,nan,nan,nan,nan,nan,nan,nan,nan,nan,nan,nan,nan,nan,nan,nan,nan,nan,nan,nan
WbHt_4000_1000,WbHt,4000,1000,85,260,1.6,0.8,/eos/uscms/store/user/aji/rootfiles_existingOptimization/WbHt_4000_1000_pt260_ak16_ca8_th85.root,failed,/eos/uscms/store/user/aji/rootfiles_existingOptimization/WbHt_4000_1000_pt260_ak16_ca8_th85.root,nan,nan,nan,nan,nan,nan,nan,nan,nan,nan,nan,nan,nan,nan,nan,nan,nan,nan,nan,nan,nan
WbHt_4000_1000,WbHt,4000,1000,85,260,1.6,1.0,/eos/uscms/store/user/aji/rootfiles_existingOptimization/WbHt_4000_1000_pt260_ak16_ca10_th85.root,failed,/eos/uscms/store/user/aji/rootfiles_existingOptimization/WbHt_4000_1000_pt260_ak16_ca10_th85.root,nan,nan,nan,nan,nan,nan,nan,nan,nan,nan,nan,nan,nan,nan,nan,nan,nan,nan,nan,nan,nan
WbHt_4000_1000,WbHt,4000,1000,85,260,1.6,1.2,/eos/uscms/store/user/aji/rootfiles_existingOptimization/WbHt_4000_1000_pt260_ak16_ca12_th85.root,failed,/eos/uscms/store/user/aji/rootfiles_existingOptimization/WbHt_4000_1000_pt260_ak16_ca12_th85.root,nan,nan,nan,nan,nan,nan,nan,nan,nan,nan,nan,nan,nan,nan,nan,nan,nan,nan,nan,nan,nan
WbHt_4000_1000,WbHt,4000,1000,85,280,0.8,0.4,/eos/uscms/store/user/aji/rootfiles_existingOptimization/WbHt_4000_1000_pt280_ak8_ca4_th85.root,failed,/eos/uscms/store/user/aji/rootfiles_existingOptimization/WbHt_4000_1000_pt280_ak8_ca4_th85.root,nan,nan,nan,nan,nan,nan,nan,nan,nan,nan,nan,nan,nan,nan,nan,nan,nan,nan,nan,nan,nan
WbHt_4000_1000,WbHt,4000,1000,85,280,1.0,0.4,/eos/uscms/store/user/aji/rootfiles_existingOptimization/WbHt_4000_1000_pt280_ak10_ca4_th85.root,failed,/eos/uscms/store/user/aji/rootfiles_existingOptimization/WbHt_4000_1000_pt280_ak10_ca4_th85.root,nan,nan,nan,nan,nan,nan,nan,nan,nan,nan,nan,nan,nan,nan,nan,nan,nan,nan,nan,nan,nan
WbHt_4000_1000,WbHt,4000,1000,85,280,1.0,0.6,/eos/uscms/store/user/aji/rootfiles_existingOptimization/WbHt_4000_1000_pt280_ak10_ca6_th85.root,failed,/eos/uscms/store/user/aji/rootfiles_existingOptimization/WbHt_4000_1000_pt280_ak10_ca6_th85.root,nan,nan,nan,nan,nan,nan,nan,nan,nan,nan,nan,nan,nan,nan,nan,nan,nan,nan,nan,nan,nan
WbHt_4000_1000,WbHt,4000,1000,85,280,1.2,0.4,/eos/uscms/store/user/aji/rootfiles_existingOptimization/WbHt_4000_1000_pt280_ak12_ca4_th85.root,failed,/eos/uscms/store/user/aji/rootfiles_existingOptimization/WbHt_4000_1000_pt280_ak12_ca4_th85.root,nan,nan,nan,nan,nan,nan,nan,nan,nan,nan,nan,nan,nan,nan,nan,nan,nan,nan,nan,nan,nan
WbHt_4000_1000,WbHt,4000,1000,85,280,1.2,0.6,/eos/uscms/store/user/aji/rootfiles_existingOptimization/WbHt_4000_1000_pt280_ak12_ca6_th85.root,failed,/eos/uscms/store/user/aji/rootfiles_existingOptimization/WbHt_4000_1000_pt280_ak12_ca6_th85.root,nan,nan,nan,nan,nan,nan,nan,nan,nan,nan,nan,nan,nan,nan,nan,nan,nan,nan,nan,nan,nan
WbHt_4000_1000,WbHt,4000,1000,85,280,1.2,0.8,/eos/uscms/store/user/aji/rootfiles_existingOptimization/WbHt_4000_1000_pt280_ak12_ca8_th85.root,failed,/eos/uscms/store/user/aji/rootfiles_existingOptimization/WbHt_4000_1000_pt280_ak12_ca8_th85.root,nan,nan,nan,nan,nan,nan,nan,nan,nan,nan,nan,nan,nan,nan,nan,nan,nan,nan,nan,nan,nan
WbHt_4000_1000,WbHt,4000,1000,85,280,1.4,0.4,/eos/uscms/store/user/aji/rootfiles_existingOptimization/WbHt_4000_1000_pt280_ak14_ca4_th85.root,failed,/eos/uscms/store/user/aji/rootfiles_existingOptimization/WbHt_4000_1000_pt280_ak14_ca4_th85.root,nan,nan,nan,nan,nan,nan,nan,nan,nan,nan,nan,nan,nan,nan,nan,nan,nan,nan,nan,nan,nan
WbHt_4000_1000,WbHt,4000,1000,85,280,1.4,0.6,/eos/uscms/store/user/aji/rootfiles_existingOptimization/WbHt_4000_1000_pt280_ak14_ca6_th85.root,failed,/eos/uscms/store/user/aji/rootfiles_existingOptimization/WbHt_4000_1000_pt280_ak14_ca6_th85.root,nan,nan,nan,nan,nan,nan,nan,nan,nan,nan,nan,nan,nan,nan,nan,nan,nan,nan,nan,nan,nan
WbHt_4000_1000,WbHt,4000,1000,85,280,1.4,0.8,/eos/uscms/store/user/aji/rootfiles_existingOptimization/WbHt_4000_1000_pt280_ak14_ca8_th85.root,failed,/eos/uscms/store/user/aji/rootfiles_existingOptimization/WbHt_4000_1000_pt280_ak14_ca8_th85.root,nan,nan,nan,nan,nan,nan,nan,nan,nan,nan,nan,nan,nan,nan,nan,nan,nan,nan,nan,nan,nan
WbHt_4000_1000,WbHt,4000,1000,85,280,1.4,1.0,/eos/uscms/store/user/aji/rootfiles_existingOptimization/WbHt_4000_1000_pt280_ak14_ca10_th85.root,failed,/eos/uscms/store/user/aji/rootfiles_existingOptimization/WbHt_4000_1000_pt280_ak14_ca10_th85.root,nan,nan,nan,nan,nan,nan,nan,nan,nan,nan,nan,nan,nan,nan,nan,nan,nan,nan,nan,nan,nan
WbHt_4000_1000,WbHt,4000,1000,85,280,1.6,0.4,/eos/uscms/store/user/aji/rootfiles_existingOptimization/WbHt_4000_1000_pt280_ak16_ca4_th85.root,failed,/eos/uscms/store/user/aji/rootfiles_existingOptimization/WbHt_4000_1000_pt280_ak16_ca4_th85.root,nan,nan,nan,nan,nan,nan,nan,nan,nan,nan,nan,nan,nan,nan,nan,nan,nan,nan,nan,nan,nan
WbHt_4000_1000,WbHt,4000,1000,85,280,1.6,0.6,/eos/uscms/store/user/aji/rootfiles_existingOptimization/WbHt_4000_1000_pt280_ak16_ca6_th85.root,failed,/eos/uscms/store/user/aji/rootfiles_existingOptimization/WbHt_4000_1000_pt280_ak16_ca6_th85.root,nan,nan,nan,nan,nan,nan,nan,nan,nan,nan,nan,nan,nan,nan,nan,nan,nan,nan,nan,nan,nan
WbHt_4000_1000,WbHt,4000,1000,85,280,1.6,0.8,/eos/uscms/store/user/aji/rootfiles_existingOptimization/WbHt_4000_1000_pt280_ak16_ca8_th85.root,failed,/eos/uscms/store/user/aji/rootfiles_existingOptimization/WbHt_4000_1000_pt280_ak16_ca8_th85.root,nan,nan,nan,nan,nan,nan,nan,nan,nan,nan,nan,nan,nan,nan,nan,nan,nan,nan,nan,nan,nan
WbHt_4000_1000,WbHt,4000,1000,85,280,1.6,1.0,/eos/uscms/store/user/aji/rootfiles_existingOptimization/WbHt_4000_1000_pt280_ak16_ca10_th85.root,failed,/eos/uscms/store/user/aji/rootfiles_existingOptimization/WbHt_4000_1000_pt280_ak16_ca10_th85.root,nan,nan,nan,nan,nan,nan,nan,nan,nan,nan,nan,nan,nan,nan,nan,nan,nan,nan,nan,nan,nan
WbHt_4000_1000,WbHt,4000,1000,85,280,1.6,1.2,/eos/uscms/store/user/aji/rootfiles_existingOptimization/WbHt_4000_1000_pt280_ak16_ca12_th85.root,failed,/eos/uscms/store/user/aji/rootfiles_existingOptimization/WbHt_4000_1000_pt280_ak16_ca12_th85.root,nan,nan,nan,nan,nan,nan,nan,nan,nan,nan,nan,nan,nan,nan,nan,nan,nan,nan,nan,nan,nan
WbHt_4000_1000,WbHt,4000,1000,85,300,0.8,0.4,/eos/uscms/store/user/aji/rootfiles_existingOptimization/WbHt_4000_1000_pt300_ak8_ca4_th85.root,failed,/eos/uscms/store/user/aji/rootfiles_existingOptimization/WbHt_4000_1000_pt300_ak8_ca4_th85.root,nan,nan,nan,nan,nan,nan,nan,nan,nan,nan,nan,nan,nan,nan,nan,nan,nan,nan,nan,nan,nan
WbHt_4000_1000,WbHt,4000,1000,85,300,1.0,0.4,/eos/uscms/store/user/aji/rootfiles_existingOptimization/WbHt_4000_1000_pt300_ak10_ca4_th85.root,failed,/eos/uscms/store/user/aji/rootfiles_existingOptimization/WbHt_4000_1000_pt300_ak10_ca4_th85.root,nan,nan,nan,nan,nan,nan,nan,nan,nan,nan,nan,nan,nan,nan,nan,nan,nan,nan,nan,nan,nan
WbHt_4000_1000,WbHt,4000,1000,85,300,1.0,0.6,/eos/uscms/store/user/aji/rootfiles_existingOptimization/WbHt_4000_1000_pt300_ak10_ca6_th85.root,failed,/eos/uscms/store/user/aji/rootfiles_existingOptimization/WbHt_4000_1000_pt300_ak10_ca6_th85.root,nan,nan,nan,nan,nan,nan,nan,nan,nan,nan,nan,nan,nan,nan,nan,nan,nan,nan,nan,nan,nan
WbHt_4000_1000,WbHt,4000,1000,85,300,1.2,0.4,/eos/uscms/store/user/aji/rootfiles_existingOptimization/WbHt_4000_1000_pt300_ak12_ca4_th85.root,failed,/eos/uscms/store/user/aji/rootfiles_existingOptimization/WbHt_4000_1000_pt300_ak12_ca4_th85.root,nan,nan,nan,nan,nan,nan,nan,nan,nan,nan,nan,nan,nan,nan,nan,nan,nan,nan,nan,nan,nan
WbHt_4000_1000,WbHt,4000,1000,85,300,1.2,0.6,/eos/uscms/store/user/aji/rootfiles_existingOptimization/WbHt_4000_1000_pt300_ak12_ca6_th85.root,failed,/eos/uscms/store/user/aji/rootfiles_existingOptimization/WbHt_4000_1000_pt300_ak12_ca6_th85.root,nan,nan,nan,nan,nan,nan,nan,nan,nan,nan,nan,nan,nan,nan,nan,nan,nan,nan,nan,nan,nan
WbHt_4000_1000,WbHt,4000,1000,85,300,1.2,0.8,/eos/uscms/store/user/aji/rootfiles_existingOptimization/WbHt_4000_1000_pt300_ak12_ca8_th85.root,failed,/eos/uscms/store/user/aji/rootfiles_existingOptimization/WbHt_4000_1000_pt300_ak12_ca8_th85.root,nan,nan,nan,nan,nan,nan,nan,nan,nan,nan,nan,nan,nan,nan,nan,nan,nan,nan,nan,nan,nan
WbHt_4000_1000,WbHt,4000,1000,85,300,1.4,0.4,/eos/uscms/store/user/aji/rootfiles_existingOptimization/WbHt_4000_1000_pt300_ak14_ca4_th85.root,failed,/eos/uscms/store/user/aji/rootfiles_existingOptimization/WbHt_4000_1000_pt300_ak14_ca4_th85.root,nan,nan,nan,nan,nan,nan,nan,nan,nan,nan,nan,nan,nan,nan,nan,nan,nan,nan,nan,nan,nan
WbHt_4000_1000,WbHt,4000,1000,85,300,1.4,0.6,/eos/uscms/store/user/aji/rootfiles_existingOptimization/WbHt_4000_1000_pt300_ak14_ca6_th85.root,failed,/eos/uscms/store/user/aji/rootfiles_existingOptimization/WbHt_4000_1000_pt300_ak14_ca6_th85.root,nan,nan,nan,nan,nan,nan,nan,nan,nan,nan,nan,nan,nan,nan,nan,nan,nan,nan,nan,nan,nan
WbHt_4000_1000,WbHt,4000,1000,85,300,1.4,0.8,/eos/uscms/store/user/aji/rootfiles_existingOptimization/WbHt_4000_1000_pt300_ak14_ca8_th85.root,failed,/eos/uscms/store/user/aji/rootfiles_existingOptimization/WbHt_4000_1000_pt300_ak14_ca8_th85.root,nan,nan,nan,nan,nan,nan,nan,nan,nan,nan,nan,nan,nan,nan,nan,nan,nan,nan,nan,nan,nan
WbHt_4000_1000,WbHt,4000,1000,85,300,1.4,1.0,/eos/uscms/store/user/aji/rootfiles_existingOptimization/WbHt_4000_1000_pt300_ak14_ca10_th85.root,failed,/eos/uscms/store/user/aji/rootfiles_existingOptimization/WbHt_4000_1000_pt300_ak14_ca10_th85.root,nan,nan,nan,nan,nan,nan,nan,nan,nan,nan,nan,nan,nan,nan,nan,nan,nan,nan,nan,nan,nan
WbHt_4000_1000,WbHt,4000,1000,85,300,1.6,0.4,/eos/uscms/store/user/aji/rootfiles_existingOptimization/WbHt_4000_1000_pt300_ak16_ca4_th85.root,failed,/eos/uscms/store/user/aji/rootfiles_existingOptimization/WbHt_4000_1000_pt300_ak16_ca4_th85.root,nan,nan,nan,nan,nan,nan,nan,nan,nan,nan,nan,nan,nan,nan,nan,nan,nan,nan,nan,nan,nan
WbHt_4000_1000,WbHt,4000,1000,85,300,1.6,0.6,/eos/uscms/store/user/aji/rootfiles_existingOptimization/WbHt_4000_1000_pt300_ak16_ca6_th85.root,failed,/eos/uscms/store/user/aji/rootfiles_existingOptimization/WbHt_4000_1000_pt300_ak16_ca6_th85.root,nan,nan,nan,nan,nan,nan,nan,nan,nan,nan,nan,nan,nan,nan,nan,nan,nan,nan,nan,nan,nan
WbHt_4000_1000,WbHt,4000,1000,85,300,1.6,0.8,/eos/uscms/store/user/aji/rootfiles_existingOptimization/WbHt_4000_1000_pt300_ak16_ca8_th85.root,failed,/eos/uscms/store/user/aji/rootfiles_existingOptimization/WbHt_4000_1000_pt300_ak16_ca8_th85.root,nan,nan,nan,nan,nan,nan,nan,nan,nan,nan,nan,nan,nan,nan,nan,nan,nan,nan,nan,nan,nan
WbHt_4000_1000,WbHt,4000,1000,85,300,1.6,1.0,/eos/uscms/store/user/aji/rootfiles_existingOptimization/WbHt_4000_1000_pt300_ak16_ca10_th85.root,failed,/eos/uscms/store/user/aji/rootfiles_existingOptimization/WbHt_4000_1000_pt300_ak16_ca10_th85.root,nan,nan,nan,nan,nan,nan,nan,nan,nan,nan,nan,nan,nan,nan,nan,nan,nan,nan,nan,nan,nan
WbHt_4000_1000,WbHt,4000,1000,85,300,1.6,1.2,/eos/uscms/store/user/aji/rootfiles_existingOptimization/WbHt_4000_1000_pt300_ak16_ca12_th85.root,failed,/eos/uscms/store/user/aji/rootfiles_existingOptimization/WbHt_4000_1000_pt300_ak16_ca12_th85.root,nan,nan,nan,nan,nan,nan,nan,nan,nan,nan,nan,nan,nan,nan,nan,nan,nan,nan,nan,nan,nan
WbHt_4000_1000,WbHt,4000,1000,85,320,0.8,0.4,/eos/uscms/store/user/aji/rootfiles_existingOptimization/WbHt_4000_1000_pt320_ak8_ca4_th85.root,failed,/eos/uscms/store/user/aji/rootfiles_existingOptimization/WbHt_4000_1000_pt320_ak8_ca4_th85.root,nan,nan,nan,nan,nan,nan,nan,nan,nan,nan,nan,nan,nan,nan,nan,nan,nan,nan,nan,nan,nan
WbHt_4000_1000,WbHt,4000,1000,85,320,1.0,0.4,/eos/uscms/store/user/aji/rootfiles_existingOptimization/WbHt_4000_1000_pt320_ak10_ca4_th85.root,failed,/eos/uscms/store/user/aji/rootfiles_existingOptimization/WbHt_4000_1000_pt320_ak10_ca4_th85.root,nan,nan,nan,nan,nan,nan,nan,nan,nan,nan,nan,nan,nan,nan,nan,nan,nan,nan,nan,nan,nan
WbHt_4000_1000,WbHt,4000,1000,85,320,1.0,0.6,/eos/uscms/store/user/aji/rootfiles_existingOptimization/WbHt_4000_1000_pt320_ak10_ca6_th85.root,failed,/eos/uscms/store/user/aji/rootfiles_existingOptimization/WbHt_4000_1000_pt320_ak10_ca6_th85.root,nan,nan,nan,nan,nan,nan,nan,nan,nan,nan,nan,nan,nan,nan,nan,nan,nan,nan,nan,nan,nan
WbHt_4000_1000,WbHt,4000,1000,85,320,1.2,0.4,/eos/uscms/store/user/aji/rootfiles_existingOptimization/WbHt_4000_1000_pt320_ak12_ca4_th85.root,failed,/eos/uscms/store/user/aji/rootfiles_existingOptimization/WbHt_4000_1000_pt320_ak12_ca4_th85.root,nan,nan,nan,nan,nan,nan,nan,nan,nan,nan,nan,nan,nan,nan,nan,nan,nan,nan,nan,nan,nan
WbHt_4000_1000,WbHt,4000,1000,85,320,1.2,0.6,/eos/uscms/store/user/aji/rootfiles_existingOptimization/WbHt_4000_1000_pt320_ak12_ca6_th85.root,failed,/eos/uscms/store/user/aji/rootfiles_existingOptimization/WbHt_4000_1000_pt320_ak12_ca6_th85.root,nan,nan,nan,nan,nan,nan,nan,nan,nan,nan,nan,nan,nan,nan,nan,nan,nan,nan,nan,nan,nan
WbHt_4000_1000,WbHt,4000,1000,85,320,1.2,0.8,/eos/uscms/store/user/aji/rootfiles_existingOptimization/WbHt_4000_1000_pt320_ak12_ca8_th85.root,failed,/eos/uscms/store/user/aji/rootfiles_existingOptimization/WbHt_4000_1000_pt320_ak12_ca8_th85.root,nan,nan,nan,nan,nan,nan,nan,nan,nan,nan,nan,nan,nan,nan,nan,nan,nan,nan,nan,nan,nan
WbHt_4000_1000,WbHt,4000,1000,85,320,1.4,0.4,/eos/uscms/store/user/aji/rootfiles_existingOptimization/WbHt_4000_1000_pt320_ak14_ca4_th85.root,failed,/eos/uscms/store/user/aji/rootfiles_existingOptimization/WbHt_4000_1000_pt320_ak14_ca4_th85.root,nan,nan,nan,nan,nan,nan,nan,nan,nan,nan,nan,nan,nan,nan,nan,nan,nan,nan,nan,nan,nan
WbHt_4000_1000,WbHt,4000,1000,85,320,1.4,0.6,/eos/uscms/store/user/aji/rootfiles_existingOptimization/WbHt_4000_1000_pt320_ak14_ca6_th85.root,failed,/eos/uscms/store/user/aji/rootfiles_existingOptimization/WbHt_4000_1000_pt320_ak14_ca6_th85.root,nan,nan,nan,nan,nan,nan,nan,nan,nan,nan,nan,nan,nan,nan,nan,nan,nan,nan,nan,nan,nan
WbHt_4000_1000,WbHt,4000,1000,85,320,1.4,0.8,/eos/uscms/store/user/aji/rootfiles_existingOptimization/WbHt_4000_1000_pt320_ak14_ca8_th85.root,failed,/eos/uscms/store/user/aji/rootfiles_existingOptimization/WbHt_4000_1000_pt320_ak14_ca8_th85.root,nan,nan,nan,nan,nan,nan,nan,nan,nan,nan,nan,nan,nan,nan,nan,nan,nan,nan,nan,nan,nan
WbHt_4000_1000,WbHt,4000,1000,85,320,1.4,1.0,/eos/uscms/store/user/aji/rootfiles_existingOptimization/WbHt_4000_1000_pt320_ak14_ca10_th85.root,failed,/eos/uscms/store/user/aji/rootfiles_existingOptimization/WbHt_4000_1000_pt320_ak14_ca10_th85.root,nan,nan,nan,nan,nan,nan,nan,nan,nan,nan,nan,nan,nan,nan,nan,nan,nan,nan,nan,nan,nan
WbHt_4000_1000,WbHt,4000,1000,85,320,1.6,0.4,/eos/uscms/store/user/aji/rootfiles_existingOptimization/WbHt_4000_1000_pt320_ak16_ca4_th85.root,failed,/eos/uscms/store/user/aji/rootfiles_existingOptimization/WbHt_4000_1000_pt320_ak16_ca4_th85.root,nan,nan,nan,nan,nan,nan,nan,nan,nan,nan,nan,nan,nan,nan,nan,nan,nan,nan,nan,nan,nan
WbHt_4000_1000,WbHt,4000,1000,85,320,1.6,0.6,/eos/uscms/store/user/aji/rootfiles_existingOptimization/WbHt_4000_1000_pt320_ak16_ca6_th85.root,failed,/eos/uscms/store/user/aji/rootfiles_existingOptimization/WbHt_4000_1000_pt320_ak16_ca6_th85.root,nan,nan,nan,nan,nan,nan,nan,nan,nan,nan,nan,nan,nan,nan,nan,nan,nan,nan,nan,nan,nan
WbHt_4000_1000,WbHt,4000,1000,85,320,1.6,0.8,/eos/uscms/store/user/aji/rootfiles_existingOptimization/WbHt_4000_1000_pt320_ak16_ca8_th85.root,failed,/eos/uscms/store/user/aji/rootfiles_existingOptimization/WbHt_4000_1000_pt320_ak16_ca8_th85.root,nan,nan,nan,nan,nan,nan,nan,nan,nan,nan,nan,nan,nan,nan,nan,nan,nan,nan,nan,nan,nan
WbHt_4000_1000,WbHt,4000,1000,85,320,1.6,1.0,/eos/uscms/store/user/aji/rootfiles_existingOptimization/WbHt_4000_1000_pt320_ak16_ca10_th85.root,failed,/eos/uscms/store/user/aji/rootfiles_existingOptimization/WbHt_4000_1000_pt320_ak16_ca10_th85.root,nan,nan,nan,nan,nan,nan,nan,nan,nan,nan,nan,nan,nan,nan,nan,nan,nan,nan,nan,nan,nan
WbHt_4000_1000,WbHt,4000,1000,85,320,1.6,1.2,/eos/uscms/store/user/aji/rootfiles_existingOptimization/WbHt_4000_1000_pt320_ak16_ca12_th85.root,failed,/eos/uscms/store/user/aji/rootfiles_existingOptimization/WbHt_4000_1000_pt320_ak16_ca12_th85.root,nan,nan,nan,nan,nan,nan,nan,nan,nan,nan,nan,nan,nan,nan,nan,nan,nan,nan,nan,nan,nan
WbHt_4000_1000,WbHt,4000,1000,85,340,0.8,0.4,/eos/uscms/store/user/aji/rootfiles_existingOptimization/WbHt_4000_1000_pt340_ak8_ca4_th85.root,failed,/eos/uscms/store/user/aji/rootfiles_existingOptimization/WbHt_4000_1000_pt340_ak8_ca4_th85.root,nan,nan,nan,nan,nan,nan,nan,nan,nan,nan,nan,nan,nan,nan,nan,nan,nan,nan,nan,nan,nan
WbHt_4000_1000,WbHt,4000,1000,85,340,1.0,0.4,/eos/uscms/store/user/aji/rootfiles_existingOptimization/WbHt_4000_1000_pt340_ak10_ca4_th85.root,failed,/eos/uscms/store/user/aji/rootfiles_existingOptimization/WbHt_4000_1000_pt340_ak10_ca4_th85.root,nan,nan,nan,nan,nan,nan,nan,nan,nan,nan,nan,nan,nan,nan,nan,nan,nan,nan,nan,nan,nan
WbHt_4000_1000,WbHt,4000,1000,85,340,1.0,0.6,/eos/uscms/store/user/aji/rootfiles_existingOptimization/WbHt_4000_1000_pt340_ak10_ca6_th85.root,failed,/eos/uscms/store/user/aji/rootfiles_existingOptimization/WbHt_4000_1000_pt340_ak10_ca6_th85.root,nan,nan,nan,nan,nan,nan,nan,nan,nan,nan,nan,nan,nan,nan,nan,nan,nan,nan,nan,nan,nan
WbHt_4000_1000,WbHt,4000,1000,85,340,1.2,0.4,/eos/uscms/store/user/aji/rootfiles_existingOptimization/WbHt_4000_1000_pt340_ak12_ca4_th85.root,failed,/eos/uscms/store/user/aji/rootfiles_existingOptimization/WbHt_4000_1000_pt340_ak12_ca4_th85.root,nan,nan,nan,nan,nan,nan,nan,nan,nan,nan,nan,nan,nan,nan,nan,nan,nan,nan,nan,nan,nan
WbHt_4000_1000,WbHt,4000,1000,85,340,1.2,0.6,/eos/uscms/store/user/aji/rootfiles_existingOptimization/WbHt_4000_1000_pt340_ak12_ca6_th85.root,failed,/eos/uscms/store/user/aji/rootfiles_existingOptimization/WbHt_4000_1000_pt340_ak12_ca6_th85.root,nan,nan,nan,nan,nan,nan,nan,nan,nan,nan,nan,nan,nan,nan,nan,nan,nan,nan,nan,nan,nan
WbHt_4000_1000,WbHt,4000,1000,85,340,1.2,0.8,/eos/uscms/store/user/aji/rootfiles_existingOptimization/WbHt_4000_1000_pt340_ak12_ca8_th85.root,failed,/eos/uscms/store/user/aji/rootfiles_existingOptimization/WbHt_4000_1000_pt340_ak12_ca8_th85.root,nan,nan,nan,nan,nan,nan,nan,nan,nan,nan,nan,nan,nan,nan,nan,nan,nan,nan,nan,nan,nan
WbHt_4000_1000,WbHt,4000,1000,85,340,1.4,0.4,/eos/uscms/store/user/aji/rootfiles_existingOptimization/WbHt_4000_1000_pt340_ak14_ca4_th85.root,failed,/eos/uscms/store/user/aji/rootfiles_existingOptimization/WbHt_4000_1000_pt340_ak14_ca4_th85.root,nan,nan,nan,nan,nan,nan,nan,nan,nan,nan,nan,nan,nan,nan,nan,nan,nan,nan,nan,nan,nan
WbHt_4000_1000,WbHt,4000,1000,85,340,1.4,0.6,/eos/uscms/store/user/aji/rootfiles_existingOptimization/WbHt_4000_1000_pt340_ak14_ca6_th85.root,failed,/eos/uscms/store/user/aji/rootfiles_existingOptimization/WbHt_4000_1000_pt340_ak14_ca6_th85.root,nan,nan,nan,nan,nan,nan,nan,nan,nan,nan,nan,nan,nan,nan,nan,nan,nan,nan,nan,nan,nan
WbHt_4000_1000,WbHt,4000,1000,85,340,1.4,0.8,/eos/uscms/store/user/aji/rootfiles_existingOptimization/WbHt_4000_1000_pt340_ak14_ca8_th85.root,failed,/eos/uscms/store/user/aji/rootfiles_existingOptimization/WbHt_4000_1000_pt340_ak14_ca8_th85.root,nan,nan,nan,nan,nan,nan,nan,nan,nan,nan,nan,nan,nan,nan,nan,nan,nan,nan,nan,nan,nan
WbHt_4000_1000,WbHt,4000,1000,85,340,1.4,1.0,/eos/uscms/store/user/aji/rootfiles_existingOptimization/WbHt_4000_1000_pt340_ak14_ca10_th85.root,failed,/eos/uscms/store/user/aji/rootfiles_existingOptimization/WbHt_4000_1000_pt340_ak14_ca10_th85.root,nan,nan,nan,nan,nan,nan,nan,nan,nan,nan,nan,nan,nan,nan,nan,nan,nan,nan,nan,nan,nan
WbHt_4000_1000,WbHt,4000,1000,85,340,1.6,0.4,/eos/uscms/store/user/aji/rootfiles_existingOptimization/WbHt_4000_1000_pt340_ak16_ca4_th85.root,failed,/eos/uscms/store/user/aji/rootfiles_existingOptimization/WbHt_4000_1000_pt340_ak16_ca4_th85.root,nan,nan,nan,nan,nan,nan,nan,nan,nan,nan,nan,nan,nan,nan,nan,nan,nan,nan,nan,nan,nan
WbHt_4000_1000,WbHt,4000,1000,85,340,1.6,0.6,/eos/uscms/store/user/aji/rootfiles_existingOptimization/WbHt_4000_1000_pt340_ak16_ca6_th85.root,failed,/eos/uscms/store/user/aji/rootfiles_existingOptimization/WbHt_4000_1000_pt340_ak16_ca6_th85.root,nan,nan,nan,nan,nan,nan,nan,nan,nan,nan,nan,nan,nan,nan,nan,nan,nan,nan,nan,nan,nan
WbHt_4000_1000,WbHt,4000,1000,85,340,1.6,0.8,/eos/uscms/store/user/aji/rootfiles_existingOptimization/WbHt_4000_1000_pt340_ak16_ca8_th85.root,failed,/eos/uscms/store/user/aji/rootfiles_existingOptimization/WbHt_4000_1000_pt340_ak16_ca8_th85.root,nan,nan,nan,nan,nan,nan,nan,nan,nan,nan,nan,nan,nan,nan,nan,nan,nan,nan,nan,nan,nan
WbHt_4000_1000,WbHt,4000,1000,85,340,1.6,1.0,/eos/uscms/store/user/aji/rootfiles_existingOptimization/WbHt_4000_1000_pt340_ak16_ca10_th85.root,failed,/eos/uscms/store/user/aji/rootfiles_existingOptimization/WbHt_4000_1000_pt340_ak16_ca10_th85.root,nan,nan,nan,nan,nan,nan,nan,nan,nan,nan,nan,nan,nan,nan,nan,nan,nan,nan,nan,nan,nan
WbHt_4000_1000,WbHt,4000,1000,85,340,1.6,1.2,/eos/uscms/store/user/aji/rootfiles_existingOptimization/WbHt_4000_1000_pt340_ak16_ca12_th85.root,failed,/eos/uscms/store/user/aji/rootfiles_existingOptimization/WbHt_4000_1000_pt340_ak16_ca12_th85.root,nan,nan,nan,nan,nan,nan,nan,nan,nan,nan,nan,nan,nan,nan,nan,nan,nan,nan,nan,nan,nan
WbHt_4000_1000,WbHt,4000,1000,85,360,0.8,0.4,/eos/uscms/store/user/aji/rootfiles_existingOptimization/WbHt_4000_1000_pt360_ak8_ca4_th85.root,failed,/eos/uscms/store/user/aji/rootfiles_existingOptimization/WbHt_4000_1000_pt360_ak8_ca4_th85.root,nan,nan,nan,nan,nan,nan,nan,nan,nan,nan,nan,nan,nan,nan,nan,nan,nan,nan,nan,nan,nan
WbHt_4000_1000,WbHt,4000,1000,85,360,1.0,0.4,/eos/uscms/store/user/aji/rootfiles_existingOptimization/WbHt_4000_1000_pt360_ak10_ca4_th85.root,failed,/eos/uscms/store/user/aji/rootfiles_existingOptimization/WbHt_4000_1000_pt360_ak10_ca4_th85.root,nan,nan,nan,nan,nan,nan,nan,nan,nan,nan,nan,nan,nan,nan,nan,nan,nan,nan,nan,nan,nan
WbHt_4000_1000,WbHt,4000,1000,85,360,1.0,0.6,/eos/uscms/store/user/aji/rootfiles_existingOptimization/WbHt_4000_1000_pt360_ak10_ca6_th85.root,failed,/eos/uscms/store/user/aji/rootfiles_existingOptimization/WbHt_4000_1000_pt360_ak10_ca6_th85.root,nan,nan,nan,nan,nan,nan,nan,nan,nan,nan,nan,nan,nan,nan,nan,nan,nan,nan,nan,nan,nan
WbHt_4000_1000,WbHt,4000,1000,85,360,1.2,0.4,/eos/uscms/store/user/aji/rootfiles_existingOptimization/WbHt_4000_1000_pt360_ak12_ca4_th85.root,failed,/eos/uscms/store/user/aji/rootfiles_existingOptimization/WbHt_4000_1000_pt360_ak12_ca4_th85.root,nan,nan,nan,nan,nan,nan,nan,nan,nan,nan,nan,nan,nan,nan,nan,nan,nan,nan,nan,nan,nan
WbHt_4000_1000,WbHt,4000,1000,85,360,1.2,0.6,/eos/uscms/store/user/aji/rootfiles_existingOptimization/WbHt_4000_1000_pt360_ak12_ca6_th85.root,failed,/eos/uscms/store/user/aji/rootfiles_existingOptimization/WbHt_4000_1000_pt360_ak12_ca6_th85.root,nan,nan,nan,nan,nan,nan,nan,nan,nan,nan,nan,nan,nan,nan,nan,nan,nan,nan,nan,nan,nan
WbHt_4000_1000,WbHt,4000,1000,85,360,1.2,0.8,/eos/uscms/store/user/aji/rootfiles_existingOptimization/WbHt_4000_1000_pt360_ak12_ca8_th85.root,failed,/eos/uscms/store/user/aji/rootfiles_existingOptimization/WbHt_4000_1000_pt360_ak12_ca8_th85.root,nan,nan,nan,nan,nan,nan,nan,nan,nan,nan,nan,nan,nan,nan,nan,nan,nan,nan,nan,nan,nan
WbHt_4000_1000,WbHt,4000,1000,85,360,1.4,0.4,/eos/uscms/store/user/aji/rootfiles_existingOptimization/WbHt_4000_1000_pt360_ak14_ca4_th85.root,failed,/eos/uscms/store/user/aji/rootfiles_existingOptimization/WbHt_4000_1000_pt360_ak14_ca4_th85.root,nan,nan,nan,nan,nan,nan,nan,nan,nan,nan,nan,nan,nan,nan,nan,nan,nan,nan,nan,nan,nan
WbHt_4000_1000,WbHt,4000,1000,85,360,1.4,0.6,/eos/uscms/store/user/aji/rootfiles_existingOptimization/WbHt_4000_1000_pt360_ak14_ca6_th85.root,failed,/eos/uscms/store/user/aji/rootfiles_existingOptimization/WbHt_4000_1000_pt360_ak14_ca6_th85.root,nan,nan,nan,nan,nan,nan,nan,nan,nan,nan,nan,nan,nan,nan,nan,nan,nan,nan,nan,nan,nan
WbHt_4000_1000,WbHt,4000,1000,85,360,1.4,0.8,/eos/uscms/store/user/aji/rootfiles_existingOptimization/WbHt_4000_1000_pt360_ak14_ca8_th85.root,failed,/eos/uscms/store/user/aji/rootfiles_existingOptimization/WbHt_4000_1000_pt360_ak14_ca8_th85.root,nan,nan,nan,nan,nan,nan,nan,nan,nan,nan,nan,nan,nan,nan,nan,nan,nan,nan,nan,nan,nan
WbHt_4000_1000,WbHt,4000,1000,85,360,1.4,1.0,/eos/uscms/store/user/aji/rootfiles_existingOptimization/WbHt_4000_1000_pt360_ak14_ca10_th85.root,failed,/eos/uscms/store/user/aji/rootfiles_existingOptimization/WbHt_4000_1000_pt360_ak14_ca10_th85.root,nan,nan,nan,nan,nan,nan,nan,nan,nan,nan,nan,nan,nan,nan,nan,nan,nan,nan,nan,nan,nan
WbHt_4000_1000,WbHt,4000,1000,85,360,1.6,0.4,/eos/uscms/store/user/aji/rootfiles_existingOptimization/WbHt_4000_1000_pt360_ak16_ca4_th85.root,failed,/eos/uscms/store/user/aji/rootfiles_existingOptimization/WbHt_4000_1000_pt360_ak16_ca4_th85.root,nan,nan,nan,nan,nan,nan,nan,nan,nan,nan,nan,nan,nan,nan,nan,nan,nan,nan,nan,nan,nan
WbHt_4000_1000,WbHt,4000,1000,85,360,1.6,0.6,/eos/uscms/store/user/aji/rootfiles_existingOptimization/WbHt_4000_1000_pt360_ak16_ca6_th85.root,failed,/eos/uscms/store/user/aji/rootfiles_existingOptimization/WbHt_4000_1000_pt360_ak16_ca6_th85.root,nan,nan,nan,nan,nan,nan,nan,nan,nan,nan,nan,nan,nan,nan,nan,nan,nan,nan,nan,nan,nan
WbHt_4000_1000,WbHt,4000,1000,85,360,1.6,0.8,/eos/uscms/store/user/aji/rootfiles_existingOptimization/WbHt_4000_1000_pt360_ak16_ca8_th85.root,failed,/eos/uscms/store/user/aji/rootfiles_existingOptimization/WbHt_4000_1000_pt360_ak16_ca8_th85.root,nan,nan,nan,nan,nan,nan,nan,nan,nan,nan,nan,nan,nan,nan,nan,nan,nan,nan,nan,nan,nan
WbHt_4000_1000,WbHt,4000,1000,85,360,1.6,1.0,/eos/uscms/store/user/aji/rootfiles_existingOptimization/WbHt_4000_1000_pt360_ak16_ca10_th85.root,failed,/eos/uscms/store/user/aji/rootfiles_existingOptimization/WbHt_4000_1000_pt360_ak16_ca10_th85.root,nan,nan,nan,nan,nan,nan,nan,nan,nan,nan,nan,nan,nan,nan,nan,nan,nan,nan,nan,nan,nan
WbHt_4000_1000,WbHt,4000,1000,85,360,1.6,1.2,/eos/uscms/store/user/aji/rootfiles_existingOptimization/WbHt_4000_1000_pt360_ak16_ca12_th85.root,failed,/eos/uscms/store/user/aji/rootfiles_existingOptimization/WbHt_4000_1000_pt360_ak16_ca12_th85.root,nan,nan,nan,nan,nan,nan,nan,nan,nan,nan,nan,nan,nan,nan,nan,nan,nan,nan,nan,nan,nan
WbHt_4000_1000,WbHt,4000,1000,85,380,0.6,0.4,/eos/uscms/store/user/aji/rootfiles_existingOptimization/WbHt_4000_1000_pt380_ak6_ca4_th85.root,failed,/eos/uscms/store/user/aji/rootfiles_existingOptimization/WbHt_4000_1000_pt380_ak6_ca4_th85.root,nan,nan,nan,nan,nan,nan,nan,nan,nan,nan,nan,nan,nan,nan,nan,nan,nan,nan,nan,nan,nan
WbHt_4000_1000,WbHt,4000,1000,85,380,0.8,0.4,/eos/uscms/store/user/aji/rootfiles_existingOptimization/WbHt_4000_1000_pt380_ak8_ca4_th85.root,failed,/eos/uscms/store/user/aji/rootfiles_existingOptimization/WbHt_4000_1000_pt380_ak8_ca4_th85.root,nan,nan,nan,nan,nan,nan,nan,nan,nan,nan,nan,nan,nan,nan,nan,nan,nan,nan,nan,nan,nan
WbHt_4000_1000,WbHt,4000,1000,85,380,1.0,0.4,/eos/uscms/store/user/aji/rootfiles_existingOptimization/WbHt_4000_1000_pt380_ak10_ca4_th85.root,failed,/eos/uscms/store/user/aji/rootfiles_existingOptimization/WbHt_4000_1000_pt380_ak10_ca4_th85.root,nan,nan,nan,nan,nan,nan,nan,nan,nan,nan,nan,nan,nan,nan,nan,nan,nan,nan,nan,nan,nan
WbHt_4000_1000,WbHt,4000,1000,85,380,1.0,0.6,/eos/uscms/store/user/aji/rootfiles_existingOptimization/WbHt_4000_1000_pt380_ak10_ca6_th85.root,failed,/eos/uscms/store/user/aji/rootfiles_existingOptimization/WbHt_4000_1000_pt380_ak10_ca6_th85.root,nan,nan,nan,nan,nan,nan,nan,nan,nan,nan,nan,nan,nan,nan,nan,nan,nan,nan,nan,nan,nan
WbHt_4000_1000,WbHt,4000,1000,85,380,1.2,0.4,/eos/uscms/store/user/aji/rootfiles_existingOptimization/WbHt_4000_1000_pt380_ak12_ca4_th85.root,failed,/eos/uscms/store/user/aji/rootfiles_existingOptimization/WbHt_4000_1000_pt380_ak12_ca4_th85.root,nan,nan,nan,nan,nan,nan,nan,nan,nan,nan,nan,nan,nan,nan,nan,nan,nan,nan,nan,nan,nan
WbHt_4000_1000,WbHt,4000,1000,85,380,1.2,0.6,/eos/uscms/store/user/aji/rootfiles_existingOptimization/WbHt_4000_1000_pt380_ak12_ca6_th85.root,failed,/eos/uscms/store/user/aji/rootfiles_existingOptimization/WbHt_4000_1000_pt380_ak12_ca6_th85.root,nan,nan,nan,nan,nan,nan,nan,nan,nan,nan,nan,nan,nan,nan,nan,nan,nan,nan,nan,nan,nan
WbHt_4000_1000,WbHt,4000,1000,85,380,1.2,0.8,/eos/uscms/store/user/aji/rootfiles_existingOptimization/WbHt_4000_1000_pt380_ak12_ca8_th85.root,failed,/eos/uscms/store/user/aji/rootfiles_existingOptimization/WbHt_4000_1000_pt380_ak12_ca8_th85.root,nan,nan,nan,nan,nan,nan,nan,nan,nan,nan,nan,nan,nan,nan,nan,nan,nan,nan,nan,nan,nan
WbHt_4000_1000,WbHt,4000,1000,85,380,1.4,0.4,/eos/uscms/store/user/aji/rootfiles_existingOptimization/WbHt_4000_1000_pt380_ak14_ca4_th85.root,failed,/eos/uscms/store/user/aji/rootfiles_existingOptimization/WbHt_4000_1000_pt380_ak14_ca4_th85.root,nan,nan,nan,nan,nan,nan,nan,nan,nan,nan,nan,nan,nan,nan,nan,nan,nan,nan,nan,nan,nan
WbHt_4000_1000,WbHt,4000,1000,85,380,1.4,0.6,/eos/uscms/store/user/aji/rootfiles_existingOptimization/WbHt_4000_1000_pt380_ak14_ca6_th85.root,failed,/eos/uscms/store/user/aji/rootfiles_existingOptimization/WbHt_4000_1000_pt380_ak14_ca6_th85.root,nan,nan,nan,nan,nan,nan,nan,nan,nan,nan,nan,nan,nan,nan,nan,nan,nan,nan,nan,nan,nan
WbHt_4000_1000,WbHt,4000,1000,85,380,1.4,0.8,/eos/uscms/store/user/aji/rootfiles_existingOptimization/WbHt_4000_1000_pt380_ak14_ca8_th85.root,failed,/eos/uscms/store/user/aji/rootfiles_existingOptimization/WbHt_4000_1000_pt380_ak14_ca8_th85.root,nan,nan,nan,nan,nan,nan,nan,nan,nan,nan,nan,nan,nan,nan,nan,nan,nan,nan,nan,nan,nan
WbHt_4000_1000,WbHt,4000,1000,85,380,1.4,1.0,/eos/uscms/store/user/aji/rootfiles_existingOptimization/WbHt_4000_1000_pt380_ak14_ca10_th85.root,failed,/eos/uscms/store/user/aji/rootfiles_existingOptimization/WbHt_4000_1000_pt380_ak14_ca10_th85.root,nan,nan,nan,nan,nan,nan,nan,nan,nan,nan,nan,nan,nan,nan,nan,nan,nan,nan,nan,nan,nan
WbHt_4000_1000,WbHt,4000,1000,85,380,1.6,0.4,/eos/uscms/store/user/aji/rootfiles_existingOptimization/WbHt_4000_1000_pt380_ak16_ca4_th85.root,failed,/eos/uscms/store/user/aji/rootfiles_existingOptimization/WbHt_4000_1000_pt380_ak16_ca4_th85.root,nan,nan,nan,nan,nan,nan,nan,nan,nan,nan,nan,nan,nan,nan,nan,nan,nan,nan,nan,nan,nan
WbHt_4000_1000,WbHt,4000,1000,85,380,1.6,0.6,/eos/uscms/store/user/aji/rootfiles_existingOptimization/WbHt_4000_1000_pt380_ak16_ca6_th85.root,failed,/eos/uscms/store/user/aji/rootfiles_existingOptimization/WbHt_4000_1000_pt380_ak16_ca6_th85.root,nan,nan,nan,nan,nan,nan,nan,nan,nan,nan,nan,nan,nan,nan,nan,nan,nan,nan,nan,nan,nan
WbHt_4000_1000,WbHt,4000,1000,85,380,1.6,0.8,/eos/uscms/store/user/aji/rootfiles_existingOptimization/WbHt_4000_1000_pt380_ak16_ca8_th85.root,failed,/eos/uscms/store/user/aji/rootfiles_existingOptimization/WbHt_4000_1000_pt380_ak16_ca8_th85.root,nan,nan,nan,nan,nan,nan,nan,nan,nan,nan,nan,nan,nan,nan,nan,nan,nan,nan,nan,nan,nan
WbHt_4000_1000,WbHt,4000,1000,85,380,1.6,1.0,/eos/uscms/store/user/aji/rootfiles_existingOptimization/WbHt_4000_1000_pt380_ak16_ca10_th85.root,failed,/eos/uscms/store/user/aji/rootfiles_existingOptimization/WbHt_4000_1000_pt380_ak16_ca10_th85.root,nan,nan,nan,nan,nan,nan,nan,nan,nan,nan,nan,nan,nan,nan,nan,nan,nan,nan,nan,nan,nan
WbHt_4000_1000,WbHt,4000,1000,85,380,1.6,1.2,/eos/uscms/store/user/aji/rootfiles_existingOptimization/WbHt_4000_1000_pt380_ak16_ca12_th85.root,failed,/eos/uscms/store/user/aji/rootfiles_existingOptimization/WbHt_4000_1000_pt380_ak16_ca12_th85.root,nan,nan,nan,nan,nan,nan,nan,nan,nan,nan,nan,nan,nan,nan,nan,nan,nan,nan,nan,nan,nan
WbHt_4000_1000,WbHt,4000,1000,85,400,0.6,0.4,/eos/uscms/store/user/aji/rootfiles_existingOptimization/WbHt_4000_1000_pt400_ak6_ca4_th85.root,failed,/eos/uscms/store/user/aji/rootfiles_existingOptimization/WbHt_4000_1000_pt400_ak6_ca4_th85.root,nan,nan,nan,nan,nan,nan,nan,nan,nan,nan,nan,nan,nan,nan,nan,nan,nan,nan,nan,nan,nan
WbHt_4000_1000,WbHt,4000,1000,85,400,0.8,0.4,/eos/uscms/store/user/aji/rootfiles_existingOptimization/WbHt_4000_1000_pt400_ak8_ca4_th85.root,failed,/eos/uscms/store/user/aji/rootfiles_existingOptimization/WbHt_4000_1000_pt400_ak8_ca4_th85.root,nan,nan,nan,nan,nan,nan,nan,nan,nan,nan,nan,nan,nan,nan,nan,nan,nan,nan,nan,nan,nan
WbHt_4000_1000,WbHt,4000,1000,85,400,1.0,0.4,/eos/uscms/store/user/aji/rootfiles_existingOptimization/WbHt_4000_1000_pt400_ak10_ca4_th85.root,failed,/eos/uscms/store/user/aji/rootfiles_existingOptimization/WbHt_4000_1000_pt400_ak10_ca4_th85.root,nan,nan,nan,nan,nan,nan,nan,nan,nan,nan,nan,nan,nan,nan,nan,nan,nan,nan,nan,nan,nan
WbHt_4000_1000,WbHt,4000,1000,85,400,1.0,0.6,/eos/uscms/store/user/aji/rootfiles_existingOptimization/WbHt_4000_1000_pt400_ak10_ca6_th85.root,failed,/eos/uscms/store/user/aji/rootfiles_existingOptimization/WbHt_4000_1000_pt400_ak10_ca6_th85.root,nan,nan,nan,nan,nan,nan,nan,nan,nan,nan,nan,nan,nan,nan,nan,nan,nan,nan,nan,nan,nan
WbHt_4000_1000,WbHt,4000,1000,85,400,1.2,0.4,/eos/uscms/store/user/aji/rootfiles_existingOptimization/WbHt_4000_1000_pt400_ak12_ca4_th85.root,failed,/eos/uscms/store/user/aji/rootfiles_existingOptimization/WbHt_4000_1000_pt400_ak12_ca4_th85.root,nan,nan,nan,nan,nan,nan,nan,nan,nan,nan,nan,nan,nan,nan,nan,nan,nan,nan,nan,nan,nan
WbHt_4000_1000,WbHt,4000,1000,85,400,1.2,0.6,/eos/uscms/store/user/aji/rootfiles_existingOptimization/WbHt_4000_1000_pt400_ak12_ca6_th85.root,failed,/eos/uscms/store/user/aji/rootfiles_existingOptimization/WbHt_4000_1000_pt400_ak12_ca6_th85.root,nan,nan,nan,nan,nan,nan,nan,nan,nan,nan,nan,nan,nan,nan,nan,nan,nan,nan,nan,nan,nan
WbHt_4000_1000,WbHt,4000,1000,85,400,1.2,0.8,/eos/uscms/store/user/aji/rootfiles_existingOptimization/WbHt_4000_1000_pt400_ak12_ca8_th85.root,failed,/eos/uscms/store/user/aji/rootfiles_existingOptimization/WbHt_4000_1000_pt400_ak12_ca8_th85.root,nan,nan,nan,nan,nan,nan,nan,nan,nan,nan,nan,nan,nan,nan,nan,nan,nan,nan,nan,nan,nan
WbHt_4000_1000,WbHt,4000,1000,85,400,1.4,0.4,/eos/uscms/store/user/aji/rootfiles_existingOptimization/WbHt_4000_1000_pt400_ak14_ca4_th85.root,failed,/eos/uscms/store/user/aji/rootfiles_existingOptimization/WbHt_4000_1000_pt400_ak14_ca4_th85.root,nan,nan,nan,nan,nan,nan,nan,nan,nan,nan,nan,nan,nan,nan,nan,nan,nan,nan,nan,nan,nan
WbHt_4000_1000,WbHt,4000,1000,85,400,1.4,0.6,/eos/uscms/store/user/aji/rootfiles_existingOptimization/WbHt_4000_1000_pt400_ak14_ca6_th85.root,failed,/eos/uscms/store/user/aji/rootfiles_existingOptimization/WbHt_4000_1000_pt400_ak14_ca6_th85.root,nan,nan,nan,nan,nan,nan,nan,nan,nan,nan,nan,nan,nan,nan,nan,nan,nan,nan,nan,nan,nan
WbHt_4000_1000,WbHt,4000,1000,85,400,1.4,0.8,/eos/uscms/store/user/aji/rootfiles_existingOptimization/WbHt_4000_1000_pt400_ak14_ca8_th85.root,failed,/eos/uscms/store/user/aji/rootfiles_existingOptimization/WbHt_4000_1000_pt400_ak14_ca8_th85.root,nan,nan,nan,nan,nan,nan,nan,nan,nan,nan,nan,nan,nan,nan,nan,nan,nan,nan,nan,nan,nan
WbHt_4000_1000,WbHt,4000,1000,85,400,1.4,1.0,/eos/uscms/store/user/aji/rootfiles_existingOptimization/WbHt_4000_1000_pt400_ak14_ca10_th85.root,failed,/eos/uscms/store/user/aji/rootfiles_existingOptimization/WbHt_4000_1000_pt400_ak14_ca10_th85.root,nan,nan,nan,nan,nan,nan,nan,nan,nan,nan,nan,nan,nan,nan,nan,nan,nan,nan,nan,nan,nan
WbHt_4000_1000,WbHt,4000,1000,85,400,1.6,0.4,/eos/uscms/store/user/aji/rootfiles_existingOptimization/WbHt_4000_1000_pt400_ak16_ca4_th85.root,failed,/eos/uscms/store/user/aji/rootfiles_existingOptimization/WbHt_4000_1000_pt400_ak16_ca4_th85.root,nan,nan,nan,nan,nan,nan,nan,nan,nan,nan,nan,nan,nan,nan,nan,nan,nan,nan,nan,nan,nan
WbHt_4000_1000,WbHt,4000,1000,85,400,1.6,0.6,/eos/uscms/store/user/aji/rootfiles_existingOptimization/WbHt_4000_1000_pt400_ak16_ca6_th85.root,failed,/eos/uscms/store/user/aji/rootfiles_existingOptimization/WbHt_4000_1000_pt400_ak16_ca6_th85.root,nan,nan,nan,nan,nan,nan,nan,nan,nan,nan,nan,nan,nan,nan,nan,nan,nan,nan,nan,nan,nan
WbHt_4000_1000,WbHt,4000,1000,85,400,1.6,0.8,/eos/uscms/store/user/aji/rootfiles_existingOptimization/WbHt_4000_1000_pt400_ak16_ca8_th85.root,failed,/eos/uscms/store/user/aji/rootfiles_existingOptimization/WbHt_4000_1000_pt400_ak16_ca8_th85.root,nan,nan,nan,nan,nan,nan,nan,nan,nan,nan,nan,nan,nan,nan,nan,nan,nan,nan,nan,nan,nan
WbHt_4000_1000,WbHt,4000,1000,85,400,1.6,1.0,/eos/uscms/store/user/aji/rootfiles_existingOptimization/WbHt_4000_1000_pt400_ak16_ca10_th85.root,failed,/eos/uscms/store/user/aji/rootfiles_existingOptimization/WbHt_4000_1000_pt400_ak16_ca10_th85.root,nan,nan,nan,nan,nan,nan,nan,nan,nan,nan,nan,nan,nan,nan,nan,nan,nan,nan,nan,nan,nan
WbHt_4000_1000,WbHt,4000,1000,85,400,1.6,1.2,/eos/uscms/store/user/aji/rootfiles_existingOptimization/WbHt_4000_1000_pt400_ak16_ca12_th85.root,failed,/eos/uscms/store/user/aji/rootfiles_existingOptimization/WbHt_4000_1000_pt400_ak16_ca12_th85.root,nan,nan,nan,nan,nan,nan,nan,nan,nan,nan,nan,nan,nan,nan,nan,nan,nan,nan,nan,nan,nan
