sample,decay,suu_mass,chi_mass,th_code,pt_cut,ak_radius,ca_radius,filename,status,error,n_events,n_valid_events,reconstruction_efficiency,reconstruction_efficiency_err,f_low_event,f_low_event_err,f_low_chi,f_peak_chi,f_peak_event_both,f_peak_event_both_all,off_peak_event_fraction,off_peak_event_fraction_err,median_mass,q16_mass,q84_mass,median_mass_response,q16_mass_response,q84_mass_response,robust_resolution,median_mass_asymmetry,balanced_score
WbHt_6000_2000,WbHt,6000,2000,85,100,0.6,0.4,/eos/uscms/store/user/aji/rootfiles_existingOptimization/WbHt_6000_2000_pt100_ak6_ca4_th85.root,ok,,1000,1000,1.0,0.0,0.023,0.004740358636221525,0.0115,0.878,0.837,0.837,0.16300000000000003,0.011680368144883107,1930.4418174140374,1672.2605159451825,2273.42225278081,0.9652209087070187,0.8361302579725912,1.136711126390405,0.15570573829594256,0.0004510591390610321,0.32218364742524075
WbHt_6000_2000,WbHt,6000,2000,85,120,0.6,0.4,/eos/uscms/store/user/aji/rootfiles_existingOptimization/WbHt_6000_2000_pt120_ak6_ca4_th85.root,ok,,1000,1000,1.0,0.0,0.034,0.005730968504537431,0.017,0.862,0.811,0.811,0.18899999999999995,0.012380589646701,1912.2806621052769,1636.9653241671185,2243.4205586185462,0.9561403310526384,0.8184826620835592,1.1217102793092733,0.15856857376358305,0.0025757600066402793,0.35195454065831916
WbHt_6000_2000,WbHt,6000,2000,85,140,0.6,0.4,/eos/uscms/store/user/aji/rootfiles_existingOptimization/WbHt_6000_2000_pt140_ak6_ca4_th85.root,ok,,1000,1000,1.0,0.0,0.043,0.006414904519944158,0.022,0.853,0.795,0.795,0.20499999999999996,0.012766166221697099,1896.3737818409795,1604.9433642076826,2216.540311883971,0.9481868909204898,0.8024716821038413,1.1082701559419854,0.1612543248416344,0.005386462391743403,0.3714356357495854
WbHt_6000_2000,WbHt,6000,2000,85,160,0.6,0.4,/eos/uscms/store/user/aji/rootfiles_existingOptimization/WbHt_6000_2000_pt160_ak6_ca4_th85.root,ok,,1000,1000,1.0,0.0,0.056,0.007270763371201128,0.029,0.843,0.777,0.777,0.22299999999999998,0.013163244280951409,1886.7127823921733,1564.7379403374546,2173.434114910781,0.9433563911960866,0.7823689701687273,1.0867170574553906,0.16131129768505556,0.009344509531909202,0.3899756585654469
WbHt_6000_2000,WbHt,6000,2000,85,120,0.8,0.6,/eos/uscms/store/user/aji/rootfiles_existingOptimization/WbHt_6000_2000_pt120_ak8_ca6_th85.root,ok,,1000,1000,1.0,0.0,0.033,0.005648982209212559,0.0165,0.8215,0.761,0.761,0.239,0.01348625225924534,2000.649952614554,1746.6657355610762,2446.57926931316,1.000324976307277,0.8733328677805381,1.22328963465658,0.1749215380825117,0.009658084331188251,0.4139540357132394
WbHt_6000_2000,WbHt,6000,2000,85,100,0.4,0.4,/eos/uscms/store/user/aji/rootfiles_existingOptimization/WbHt_6000_2000_pt100_ak4_ca4_th85.root,ok,,1000,1000,1.0,0.0,0.049,0.006826346021115542,0.0245,0.8435,0.765,0.765,0.235,0.013408019988051927,1844.4331229786987,1552.736047977692,2197.3536132942113,0.9222165614893494,0.7763680239888459,1.0986768066471055,0.1747467981586351,0.03358765927154326,0.41752514200970015
WbHt_6000_2000,WbHt,6000,2000,85,140,0.8,0.6,/eos/uscms/store/user/aji/rootfiles_existingOptimization/WbHt_6000_2000_pt140_ak8_ca6_th85.root,ok,,1000,1000,1.0,0.0,0.049,0.006826346021115542,0.0245,0.815,0.743,0.743,0.257,0.013818502089589886,1982.6997963554916,1696.6883731238531,2388.3290721574344,0.9913498981777458,0.8483441865619266,1.1941645360787172,0.1744189161427574,0.012512222493285362,0.4322839263249828
WbHt_6000_2000,WbHt,6000,2000,85,180,0.6,0.4,/eos/uscms/store/user/aji/rootfiles_existingOptimization/WbHt_6000_2000_pt180_ak6_ca4_th85.root,ok,,1000,1000,1.0,0.0,0.076,0.008379976133617566,0.0405,0.821,0.747,0.747,0.253,0.013747399754135324,1875.8023103335534,1487.869085746572,2140.5004457779305,0.9379011551667766,0.743934542873286,1.0702502228889652,0.17396059180546275,0.013683756201382404,0.4331704762887851
WbHt_6000_2000,WbHt,6000,2000,85,160,0.8,0.6,/eos/uscms/store/user/aji/rootfiles_existingOptimization/WbHt_6000_2000_pt160_ak8_ca6_th85.root,ok,,1000,1000,1.0,0.0,0.053,0.00708456067798138,0.0265,0.8145,0.737,0.737,0.263,0.013922320208930694,1970.2422538114665,1669.685765644551,2336.26013798828,0.9851211269057333,0.8348428828222756,1.16813006899414,0.16916051085957315,0.015794045405326012,0.4336483981689998
WbHt_6000_2000,WbHt,6000,2000,85,180,0.8,0.6,/eos/uscms/store/user/aji/rootfiles_existingOptimization/WbHt_6000_2000_pt180_ak8_ca6_th85.root,ok,,1000,1000,1.0,0.0,0.066,0.007851369307324678,0.034,0.815,0.735,0.735,0.265,0.013956181426163821,1958.507298483088,1635.881053203699,2317.915721288567,0.979253649241544,0.8179405266018493,1.1589578606442834,0.17412104325909858,0.018558511775263298,0.4411956783349442
WbHt_6000_2000,WbHt,6000,2000,85,100,0.6,0.6,/eos/uscms/store/user/aji/rootfiles_existingOptimization/WbHt_6000_2000_pt100_ak6_ca6_th85.root,ok,,1000,1000,1.0,0.0,0.061,0.0075682891065286355,0.0305,0.8245,0.743,0.743,0.257,0.013818502089589886,1926.7156315177622,1645.4774022867484,2358.1372480072446,0.9633578157588811,0.8227387011433742,1.1790686240036223,0.1849416265853154,0.037703307408143885,0.44560584500942735
WbHt_6000_2000,WbHt,6000,2000,85,120,0.4,0.4,/eos/uscms/store/user/aji/rootfiles_existingOptimization/WbHt_6000_2000_pt120_ak4_ca4_th85.root,ok,,1000,1000,1.0,0.0,0.074,0.00827792244467173,0.037,0.8255,0.736,0.736,0.264,0.013939296969359681,1819.148701637293,1480.099987033426,2140.0780397510425,0.9095743508186465,0.740049993516713,1.0700390198755214,0.18139749986452872,0.04272035139324481,0.4544400647826641
WbHt_6000_2000,WbHt,6000,2000,85,100,0.8,0.6,/eos/uscms/store/user/aji/rootfiles_existingOptimization/WbHt_6000_2000_pt100_ak8_ca6_th85.root,ok,,1000,1000,1.0,0.0,0.02,0.004427188724235731,0.01,0.789,0.736,0.736,0.264,0.013939296969359681,2031.6606701724047,1782.306497138195,2580.113875080432,1.0158303350862024,0.8911532485690975,1.290056937540216,0.1963436585782152,0.004693476506593435,0.46192669208683546
WbHt_6000_2000,WbHt,6000,2000,85,120,0.6,0.6,/eos/uscms/store/user/aji/rootfiles_existingOptimization/WbHt_6000_2000_pt120_ak6_ca6_th85.root,ok,,1000,1000,1.0,0.0,0.089,0.00900438781928011,0.0445,0.811,0.725,0.725,0.275,0.014120021246442939,1904.5301642390677,1594.6659441907086,2315.131923055291,0.952265082119534,0.7973329720953544,1.1575659615276452,0.1891453315869206,0.042966342499739525,0.4689188233749672
WbHt_6000_2000,WbHt,6000,2000,85,200,0.8,0.6,/eos/uscms/store/user/aji/rootfiles_existingOptimization/WbHt_6000_2000_pt200_ak8_ca6_th85.root,ok,,1000,1000,1.0,0.0,0.076,0.008379976133617566,0.04,0.802,0.71,0.71,0.29000000000000004,0.014349216006458332,1946.147822399545,1570.5734429877991,2280.686758112163,0.9730739111997726,0.7852867214938997,1.1403433790560813,0.1824407444673996,0.020732963181627026,0.4751333533474224
WbHt_6000_2000,WbHt,6000,2000,85,200,0.6,0.4,/eos/uscms/store/user/aji/rootfiles_existingOptimization/WbHt_6000_2000_pt200_ak6_ca4_th85.root,ok,,1000,1000,1.0,0.0,0.098,0.009401914698613257,0.0555,0.8,0.718,0.718,0.28200000000000003,0.014229406171727618,1866.0268452360408,1386.6298021334633,2122.6347300793677,0.9330134226180204,0.6933149010667315,1.0613173650396839,0.19721177372794027,0.017256550565962363,0.4859104314661382
WbHt_6000_2000,WbHt,6000,2000,85,220,0.8,0.6,/eos/uscms/store/user/aji/rootfiles_existingOptimization/WbHt_6000_2000_pt220_ak8_ca6_th85.root,ok,,1000,1000,1.0,0.0,0.096,0.009315793041926168,0.0515,0.794,0.699,0.699,0.30100000000000005,0.014505137021069467,1941.559991564905,1531.3120775778557,2250.6979868478466,0.9707799957824526,0.7656560387889279,1.1253489934239231,0.1852597685354452,0.020948749731232695,0.4891817689572
WbHt_6000_2000,WbHt,6000,2000,85,100,0.4,0.6,/eos/uscms/store/user/aji/rootfiles_existingOptimization/WbHt_6000_2000_pt100_ak4_ca6_th85.root,ok,,1000,1000,1.0,0.0,0.088,0.008958571314668427,0.044,0.81,0.717,0.717,0.28300000000000003,0.014244683218660919,1840.0963630929873,1513.353508702637,2245.4445945053685,0.9200481815464937,0.7566767543513186,1.1227222972526842,0.19892737698045646,0.04211163345261544,0.48992255882580715
WbHt_6000_2000,WbHt,6000,2000,85,140,0.4,0.4,/eos/uscms/store/user/aji/rootfiles_existingOptimization/WbHt_6000_2000_pt140_ak4_ca4_th85.root,ok,,1000,1000,1.0,0.0,0.099,0.009444522221901964,0.051,0.807,0.706,0.706,0.29400000000000004,0.014407081592050489,1799.1655109361473,1415.4079727186195,2117.7153379687916,0.8995827554680735,0.7077039863593098,1.0588576689843958,0.1951758637493961,0.048445145610412355,0.49921758820258877
WbHt_6000_2000,WbHt,6000,2000,85,100,0.6,0.8,/eos/uscms/store/user/aji/rootfiles_existingOptimization/WbHt_6000_2000_pt100_ak6_ca8_th85.root,ok,,1000,1000,1.0,0.0,0.079,0.008529888627643388,0.0395,0.798,0.706,0.706,0.29400000000000004,0.014407081592050489,1926.691390127386,1621.0381967404514,2400.355646532966,0.9633456950636929,0.8105190983702256,1.2001778232664833,0.20224241769746779,0.04392650386652883,0.49990784819109857
WbHt_6000_2000,WbHt,6000,2000,85,140,0.6,0.6,/eos/uscms/store/user/aji/rootfiles_existingOptimization/WbHt_6000_2000_pt140_ak6_ca6_th85.root,ok,,1000,1000,1.0,0.0,0.103,0.009612023720320296,0.052,0.798,0.705,0.705,0.29500000000000004,0.01442133835675455,1888.5284697710179,1532.4396533172464,2291.548860843095,0.9442642348855089,0.7662198266586232,1.1457744304215476,0.20097902141181118,0.04576992530004935,0.5015525979232603
WbHt_6000_2000,WbHt,6000,2000,85,220,0.6,0.4,/eos/uscms/store/user/aji/rootfiles_existingOptimization/WbHt_6000_2000_pt220_ak6_ca4_th85.root,ok,,1000,1000,1.0,0.0,0.111,0.00993373041711924,0.0645,0.793,0.706,0.706,0.29400000000000004,0.014407081592050489,1859.369942817993,1330.7443374297757,2104.443343739745,0.9296849714089965,0.6653721687148878,1.0522216718698727,0.20805408017335697,0.021270330785151954,0.5090855830324574
WbHt_6000_2000,WbHt,6000,2000,85,120,0.8,0.8,/eos/uscms/store/user/aji/rootfiles_existingOptimization/WbHt_6000_2000_pt120_ak8_ca8_th85.root,ok,,1000,1000,1.0,0.0,0.076,0.008379976133617566,0.038,0.7755,0.69,0.69,0.31000000000000005,0.014625320509308506,1994.7325438453959,1679.7638377055935,2510.3313269712507,0.9973662719226979,0.8398819188527966,1.2551656634856254,0.20819018866171157,0.04530569697480918,0.5184535614694419
WbHt_6000_2000,WbHt,6000,2000,85,120,0.6,0.8,/eos/uscms/store/user/aji/rootfiles_existingOptimization/WbHt_6000_2000_pt120_ak6_ca8_th85.root,ok,,1000,1000,1.0,0.0,0.107,0.009775019181566858,0.0535,0.7865,0.692,0.692,0.30800000000000005,0.014599178059055244,1903.4748309698043,1563.489763993699,2356.3352242935143,0.9517374154849021,0.7817448819968495,1.1781676121467572,0.20826265926927634,0.04705564192976247,0.5210889177207862
WbHt_6000_2000,WbHt,6000,2000,85,180,1.0,0.8,/eos/uscms/store/user/aji/rootfiles_existingOptimization/WbHt_6000_2000_pt180_ak10_ca8_th85.root,ok,,1000,1000,1.0,0.0,0.066,0.007851369307324678,0.033,0.7705,0.681,0.681,0.31899999999999995,0.01473902981881779,2056.2498957636367,1703.9848231570786,2525.693221264997,1.0281249478818184,0.8519924115785392,1.2628466106324987,0.1998075233464652,0.024251381123970364,0.521620018134647
WbHt_6000_2000,WbHt,6000,2000,85,160,1.0,0.8,/eos/uscms/store/user/aji/rootfiles_existingOptimization/WbHt_6000_2000_pt160_ak10_ca8_th85.root,ok,,1000,1000,1.0,0.0,0.056,0.007270763371201128,0.028,0.763,0.677,0.677,0.32299999999999995,0.014787528529135624,2067.78756215884,1744.4413985374877,2557.0693608183146,1.03389378107942,0.8722206992687439,1.2785346804091575,0.19649696544078643,0.020578692215695506,0.5228863435487283
WbHt_6000_2000,WbHt,6000,2000,85,200,1.0,0.8,/eos/uscms/store/user/aji/rootfiles_existingOptimization/WbHt_6000_2000_pt200_ak10_ca8_th85.root,ok,,1000,1000,1.0,0.0,0.079,0.008529888627643388,0.0405,0.7675,0.677,0.677,0.32299999999999995,0.014787528529135624,2045.5734763634507,1660.250749085197,2469.95873281496,1.0227867381817255,0.8301253745425985,1.23497936640748,0.19791711055259512,0.025944438606645963,0.5231957843707676
WbHt_6000_2000,WbHt,6000,2000,85,160,0.6,0.6,/eos/uscms/store/user/aji/rootfiles_existingOptimization/WbHt_6000_2000_pt160_ak6_ca6_th85.root,ok,,1000,1000,1.0,0.0,0.125,0.010458250331675944,0.0635,0.788,0.686,0.686,0.31399999999999995,0.01467664811869522,1877.0541900149292,1476.9149993674732,2245.448759785826,0.9385270950074645,0.7384574996837366,1.1227243798929132,0.20471805356142667,0.0497594811964101,0.5248653440606802
WbHt_6000_2000,WbHt,6000,2000,85,240,0.8,0.6,/eos/uscms/store/user/aji/rootfiles_existingOptimization/WbHt_6000_2000_pt240_ak8_ca6_th85.root,ok,,1000,1000,1.0,0.0,0.109,0.00985489725973843,0.0595,0.782,0.683,0.683,0.31699999999999995,0.014714312760030622,1931.1402741047698,1442.7462317478883,2232.9216761363255,0.9655701370523848,0.7213731158739441,1.1164608380681627,0.20458779069136845,0.02297296407580135,0.52503077698613
WbHt_6000_2000,WbHt,6000,2000,85,120,0.4,0.6,/eos/uscms/store/user/aji/rootfiles_existingOptimization/WbHt_6000_2000_pt120_ak4_ca6_th85.root,ok,,1000,1000,1.0,0.0,0.111,0.00993373041711924,0.0555,0.789,0.686,0.686,0.31399999999999995,0.01467664811869522,1815.8230085435648,1421.0863924995367,2175.5907065220754,0.9079115042717825,0.7105431962497684,1.0877953532610378,0.20775822050732567,0.050519146428670676,0.5309670700801474
WbHt_6000_2000,WbHt,6000,2000,85,140,0.8,0.8,/eos/uscms/store/user/aji/rootfiles_existingOptimization/WbHt_6000_2000_pt140_ak8_ca8_th85.root,ok,,1000,1000,1.0,0.0,0.107,0.009775019181566858,0.0535,0.773,0.676,0.676,0.32399999999999995,0.014799459449588015,1975.6389397236785,1631.518016575037,2459.708194473206,0.9878194698618392,0.8157590082875185,1.229854097236603,0.209600590787607,0.04794423078152769,0.5348186438014231
WbHt_6000_2000,WbHt,6000,2000,85,220,1.0,0.8,/eos/uscms/store/user/aji/rootfiles_existingOptimization/WbHt_6000_2000_pt220_ak10_ca8_th85.root,ok,,1000,1000,1.0,0.0,0.096,0.009315793041926168,0.0505,0.7635,0.669,0.669,0.33099999999999996,0.014880826589944525,2035.9320174649379,1595.387475693026,2427.3336891472336,1.017966008732469,0.7976937378465131,1.213666844573617,0.204315813670958,0.027180876131474054,0.5371124145442049
WbHt_6000_2000,WbHt,6000,2000,85,100,0.4,0.8,/eos/uscms/store/user/aji/rootfiles_existingOptimization/WbHt_6000_2000_pt100_ak4_ca8_th85.root,ok,,1000,1000,1.0,0.0,0.114,0.010050074626588601,0.057,0.782,0.683,0.683,0.31699999999999995,0.014714312760030622,1839.0384081380685,1469.1251189943494,2272.498409342323,0.9195192040690342,0.7345625594971746,1.1362492046711616,0.21842210766042347,0.04874889465969978,0.5434701872535199
WbHt_6000_2000,WbHt,6000,2000,85,160,0.8,0.8,/eos/uscms/store/user/aji/rootfiles_existingOptimization/WbHt_6000_2000_pt160_ak8_ca8_th85.root,ok,,1000,1000,1.0,0.0,0.122,0.010349685985574635,0.061,0.7705,0.667,0.667,0.33299999999999996,0.01490338887635963,1963.598552892849,1591.6521319107771,2420.6222920510613,0.9817992764464246,0.7958260659553885,1.2103111460255307,0.2110844293806933,0.05161867337914636,0.5459045017360508
WbHt_6000_2000,WbHt,6000,2000,85,240,1.0,0.8,/eos/uscms/store/user/aji/rootfiles_existingOptimization/WbHt_6000_2000_pt240_ak10_ca8_th85.root,ok,,1000,1000,1.0,0.0,0.11,0.009894442884771228,0.058,0.7605,0.662,0.662,0.33799999999999997,0.014958475858188226,2030.3140950898287,1567.797094324841,2407.252772610459,1.0151570475449143,0.7838985471624206,1.2036263863052294,0.2067304956203038,0.028243885796337215,0.5462462003747952
WbHt_6000_2000,WbHt,6000,2000,85,180,0.8,0.8,/eos/uscms/store/user/aji/rootfiles_existingOptimization/WbHt_6000_2000_pt180_ak8_ca8_th85.root,ok,,1000,1000,1.0,0.0,0.145,0.01113440613593738,0.0735,0.7675,0.665,0.665,0.33499999999999996,0.014925649064613572,1952.0973589499024,1562.5652287398543,2384.454533174245,0.9760486794749512,0.7812826143699272,1.1922272665871225,0.210514424566537,0.05292922317978926,0.5479095566190418
WbHt_6000_2000,WbHt,6000,2000,85,140,0.6,0.8,/eos/uscms/store/user/aji/rootfiles_existingOptimization/WbHt_6000_2000_pt140_ak6_ca8_th85.root,ok,,1000,1000,1.0,0.0,0.125,0.010458250331675944,0.063,0.7745,0.675,0.675,0.32499999999999996,0.014811313243598623,1888.9506102475261,1485.4091171466264,2315.131923055291,0.944475305123763,0.7427045585733132,1.1575659615276452,0.2196253309661543,0.050073219283570766,0.550177800453778
WbHt_6000_2000,WbHt,6000,2000,85,160,0.4,0.4,/eos/uscms/store/user/aji/rootfiles_existingOptimization/WbHt_6000_2000_pt160_ak4_ca4_th85.root,ok,,1000,1000,1.0,0.0,0.131,0.010669536072388528,0.0695,0.7815,0.676,0.676,0.32399999999999995,0.014799459449588015,1784.7714100859616,1332.9470230338197,2108.8911822985247,0.8923857050429808,0.6664735115169098,1.0544455911492625,0.21737914303191716,0.05441404710808334,0.5521405725276191
WbHt_6000_2000,WbHt,6000,2000,85,140,1.0,0.8,/eos/uscms/store/user/aji/rootfiles_existingOptimization/WbHt_6000_2000_pt140_ak10_ca8_th85.root,ok,,1000,1000,1.0,0.0,0.046,0.006624499981130651,0.023,0.74,0.659,0.659,0.34099999999999997,0.014990630407024249,2094.60101349865,1801.6828482816463,2681.6103734866733,1.0473005067493248,0.9008414241408231,1.3408051867433366,0.21004657200448598,0.01900227046175098,0.5557766226794184
WbHt_6000_2000,WbHt,6000,2000,85,100,0.8,0.8,/eos/uscms/store/user/aji/rootfiles_existingOptimization/WbHt_6000_2000_pt100_ak8_ca8_th85.root,ok,,1000,1000,1.0,0.0,0.053,0.00708456067798138,0.0265,0.746,0.665,0.665,0.33499999999999996,0.014925649064613572,2033.6006366557367,1743.729717298371,2645.1477191500453,1.0168003183278684,0.8718648586491856,1.3225738595750227,0.2216310286305917,0.037214078923038504,0.5583110604633785
WbHt_6000_2000,WbHt,6000,2000,85,240,0.6,0.4,/eos/uscms/store/user/aji/rootfiles_existingOptimization/WbHt_6000_2000_pt240_ak6_ca4_th85.root,ok,,1000,1000,1.0,0.0,0.124,0.010422283818818216,0.0715,0.776,0.681,0.681,0.31899999999999995,0.01473902981881779,1849.0382090738347,1220.0414945856537,2097.396725539503,0.9245191045369173,0.6100207472928268,1.0486983627697517,0.2372463766969176,0.02458075263012368,0.5637944662432258
WbHt_6000_2000,WbHt,6000,2000,85,140,0.4,0.6,/eos/uscms/store/user/aji/rootfiles_existingOptimization/WbHt_6000_2000_pt140_ak4_ca6_th85.root,ok,,1000,1000,1.0,0.0,0.135,0.010806248192596726,0.069,0.77,0.657,0.657,0.34299999999999997,0.015011695440555674,1795.7396896501004,1346.1468908740394,2139.5517009838695,0.8978698448250502,0.6730734454370196,1.0697758504919348,0.22091309076774518,0.055993214467030254,0.5741261062852401
WbHt_6000_2000,WbHt,6000,2000,85,180,0.6,0.6,/eos/uscms/store/user/aji/rootfiles_existingOptimization/WbHt_6000_2000_pt180_ak6_ca6_th85.root,ok,,1000,1000,1.0,0.0,0.165,0.011737759581794134,0.085,0.768,0.659,0.659,0.34099999999999997,0.014990630407024249,1864.4731410773934,1373.4736513966552,2218.396028708555,0.9322365705386967,0.6867368256983276,1.1091980143542775,0.2265847543461146,0.05241633815789469,0.5743610972922449
WbHt_6000_2000,WbHt,6000,2000,85,200,0.8,0.8,/eos/uscms/store/user/aji/rootfiles_existingOptimization/WbHt_6000_2000_pt200_ak8_ca8_th85.root,ok,,1000,1000,1.0,0.0,0.176,0.012042591083317577,0.09,0.7535,0.645,0.645,0.355,0.015131919904625453,1938.8518725410593,1479.8467560857334,2337.255624148804,0.9694259362705296,0.7399233780428667,1.168627812074402,0.2211125254605837,0.05512789780640776,0.5791699318335307
WbHt_6000_2000,WbHt,6000,2000,85,260,1.0,0.8,/eos/uscms/store/user/aji/rootfiles_existingOptimization/WbHt_6000_2000_pt260_ak10_ca8_th85.root,ok,,1000,1000,1.0,0.0,0.122,0.010349685985574635,0.066,0.748,0.642,0.642,0.358,0.01516034300403523,2018.4186486738417,1478.3272558153071,2378.4122197196284,1.0092093243369207,0.7391636279076536,1.1892061098598143,0.22296785765819768,0.03294164081778433,0.5818887900918898
WbHt_6000_2000,WbHt,6000,2000,85,160,0.6,0.8,/eos/uscms/store/user/aji/rootfiles_existingOptimization/WbHt_6000_2000_pt160_ak6_ca8_th85.root,ok,,1000,1000,1.0,0.0,0.152,0.011353237423748346,0.077,0.763,0.656,0.656,0.344,0.015022117027902558,1876.3689315159118,1411.3460626975545,2285.4182944855443,0.9381844657579559,0.7056730313487772,1.1427091472427722,0.23291587733810695,0.05410559076636422,0.5830974307623114
WbHt_6000_2000,WbHt,6000,2000,85,260,0.8,0.6,/eos/uscms/store/user/aji/rootfiles_existingOptimization/WbHt_6000_2000_pt260_ak8_ca6_th85.root,ok,,1000,1000,1.0,0.0,0.128,0.010564847372300274,0.0715,0.7635,0.654,0.654,0.346,0.015042739112276061,1924.3625244640275,1320.7770420940572,2226.511287696833,0.9621812622320136,0.6603885210470286,1.1132556438484162,0.2353335803645002,0.02803867264467754,0.5851154541412988
WbHt_6000_2000,WbHt,6000,2000,85,100,0.6,1.0,/eos/uscms/store/user/aji/rootfiles_existingOptimization/WbHt_6000_2000_pt100_ak6_ca10_th85.root,ok,,1000,1000,1.0,0.0,0.101,0.009528850927577786,0.0505,0.754,0.649,0.649,0.351,0.015093011627902497,1918.3584431344732,1505.9759235498514,2431.2426387254686,0.9591792215672366,0.7529879617749258,1.2156213193627343,0.24116106103294005,0.052671148475122685,0.5962431388762164
WbHt_6000_2000,WbHt,6000,2000,85,120,0.4,0.8,/eos/uscms/store/user/aji/rootfiles_existingOptimization/WbHt_6000_2000_pt120_ak4_ca8_th85.root,ok,,1000,1000,1.0,0.0,0.138,0.01090669519148674,0.069,0.76,0.65,0.65,0.35,0.015083103128998356,1815.8230085435648,1352.524194641278,2214.1461335594086,0.9079115042717825,0.6762620973206391,1.1070730667797042,0.2372538333483338,0.055544452705681646,0.5964626829211556
WbHt_6000_2000,WbHt,6000,2000,85,120,0.8,1.0,/eos/uscms/store/user/aji/rootfiles_existingOptimization/WbHt_6000_2000_pt120_ak8_ca10_th85.root,ok,,1000,1000,1.0,0.0,0.09,0.009049861877399014,0.045,0.7375,0.637,0.637,0.363,0.015206281596761254,1987.974746698409,1597.5660577664771,2555.9315611887987,0.9939873733492044,0.7987830288832385,1.2779657805943994,0.24104066337209695,0.05355828867332171,0.6046419260371765
WbHt_6000_2000,WbHt,6000,2000,85,260,0.6,0.4,/eos/uscms/store/user/aji/rootfiles_existingOptimization/WbHt_6000_2000_pt260_ak6_ca4_th85.root,ok,,1000,1000,1.0,0.0,0.144,0.011102432165971562,0.085,0.759,0.66,0.66,0.33999999999999997,0.014979986648859203,1841.0256605406835,1122.3627640972225,2069.228876293735,0.9205128302703418,0.5611813820486111,1.0346144381468674,0.2571572283024103,0.026643962249696146,0.6051059452753761
WbHt_6000_2000,WbHt,6000,2000,85,220,0.8,0.8,/eos/uscms/store/user/aji/rootfiles_existingOptimization/WbHt_6000_2000_pt220_ak8_ca8_th85.root,ok,,1000,1000,1.0,0.0,0.2,0.01264911064067352,0.1035,0.744,0.633,0.633,0.367,0.015241751867813621,1932.2895447997269,1378.1774152068624,2319.9998815290164,0.9661447723998634,0.6890887076034312,1.159999940764508,0.24370635054586745,0.054986403772333,0.6140918733058811
WbHt_6000_2000,WbHt,6000,2000,85,120,1.0,0.8,/eos/uscms/store/user/aji/rootfiles_existingOptimization/WbHt_6000_2000_pt120_ak10_ca8_th85.root,ok,,1000,1000,1.0,0.0,0.035,0.005811626278418116,0.0175,0.6955,0.626,0.626,0.374,0.015301111070768685,2134.1551834991274,1833.968939969926,2849.0446038014657,1.0670775917495636,0.916984469984963,1.4245223019007327,0.23781674165025746,0.015918039586196107,0.6185245008252138
WbHt_6000_2000,WbHt,6000,2000,85,180,0.4,0.4,/eos/uscms/store/user/aji/rootfiles_existingOptimization/WbHt_6000_2000_pt180_ak4_ca4_th85.root,ok,,1000,1000,1.0,0.0,0.175,0.012015614840697915,0.0945,0.756,0.637,0.637,0.363,0.015206281596761254,1770.0314761376067,1218.6096698965073,2091.9379281844704,0.8850157380688034,0.6093048349482536,1.0459689640922352,0.24669851075011853,0.06472184573464881,0.6211969369432382
WbHt_6000_2000,WbHt,6000,2000,85,100,0.8,1.0,/eos/uscms/store/user/aji/rootfiles_existingOptimization/WbHt_6000_2000_pt100_ak8_ca10_th85.root,ok,,1000,1000,1.0,0.0,0.066,0.007851369307324678,0.033,0.7125,0.619,0.619,0.381,0.015357050498061143,2030.11170170398,1696.993581920586,2676.308342961837,1.01505585085199,0.848496790960293,1.3381541714809186,0.24119726028357472,0.04658328565222501,0.6237028453687737
WbHt_6000_2000,WbHt,6000,2000,85,200,0.6,0.6,/eos/uscms/store/user/aji/rootfiles_existingOptimization/WbHt_6000_2000_pt200_ak6_ca6_th85.root,ok,,1000,1000,1.0,0.0,0.204,0.01274299807737567,0.1085,0.749,0.636,0.636,0.364,0.015215255502291114,1853.2482887346125,1241.2847487508345,2181.695889582695,0.9266241443673062,0.6206423743754172,1.0908479447913477,0.25371968412121626,0.05632363348077421,0.6250572696844856
WbHt_6000_2000,WbHt,6000,2000,85,140,0.8,1.0,/eos/uscms/store/user/aji/rootfiles_existingOptimization/WbHt_6000_2000_pt140_ak8_ca10_th85.root,ok,,1000,1000,1.0,0.0,0.121,0.010313049985334114,0.0605,0.734,0.623,0.623,0.377,0.01532550162311172,1970.269730055185,1510.5685454340144,2501.852483530792,0.9851348650275924,0.7552842727170072,1.2509262417653964,0.2515604647869746,0.05628685701383955,0.6300469782842153
WbHt_6000_2000,WbHt,6000,2000,85,160,0.4,0.6,/eos/uscms/store/user/aji/rootfiles_existingOptimization/WbHt_6000_2000_pt160_ak4_ca6_th85.root,ok,,1000,1000,1.0,0.0,0.169,0.011850696182081457,0.0885,0.746,0.626,0.626,0.374,0.015301111070768685,1782.5008647345599,1251.8357362515146,2140.8955478310936,0.8912504323672799,0.6259178681257573,1.0704477739155467,0.249385520413751,0.06527848430792237,0.634260477177023
WbHt_6000_2000,WbHt,6000,2000,85,120,0.6,1.0,/eos/uscms/store/user/aji/rootfiles_existingOptimization/WbHt_6000_2000_pt120_ak6_ca10_th85.root,ok,,1000,1000,1.0,0.0,0.132,0.010704017937204702,0.066,0.7395,0.632,0.632,0.368,0.015250442616527561,1896.8404689374506,1406.3233952037153,2408.6890318877,0.9484202344687253,0.7031616976018576,1.20434451594385,0.26421980474865076,0.05596895818692128,0.6373777813017782
WbHt_6000_2000,WbHt,6000,2000,85,140,0.4,0.8,/eos/uscms/store/user/aji/rootfiles_existingOptimization/WbHt_6000_2000_pt140_ak4_ca8_th85.root,ok,,1000,1000,1.0,0.0,0.167,0.01179453263168999,0.085,0.7405,0.622,0.622,0.378,0.015333492752794452,1794.4846842412628,1276.5636073265312,2171.540811169783,0.8972423421206315,0.6382818036632657,1.0857704055848916,0.249368861072688,0.06473458787759934,0.6376446268606248
WbHt_6000_2000,WbHt,6000,2000,85,280,0.8,0.6,/eos/uscms/store/user/aji/rootfiles_existingOptimization/WbHt_6000_2000_pt280_ak8_ca6_th85.root,ok,,1000,1000,1.0,0.0,0.151,0.01132249972400088,0.085,0.748,0.631,0.631,0.369,0.015259062880793171,1920.5768308813836,1192.5491453883587,2213.178999981329,0.9602884154406919,0.5962745726941795,1.1065894999906645,0.2657091968886729,0.03170408647247872,0.6386803553446037
WbHt_6000_2000,WbHt,6000,2000,85,180,0.6,0.8,/eos/uscms/store/user/aji/rootfiles_existingOptimization/WbHt_6000_2000_pt180_ak6_ca8_th85.root,ok,,1000,1000,1.0,0.0,0.194,0.012504559168559283,0.0995,0.7445,0.63,0.63,0.37,0.015267612779999367,1864.1310818404359,1269.0828054152582,2250.4751197189876,0.9320655409202179,0.6345414027076292,1.125237559859494,0.2632305002218009,0.05868631842740651,0.6400239461297791
WbHt_6000_2000,WbHt,6000,2000,85,160,0.8,1.0,/eos/uscms/store/user/aji/rootfiles_existingOptimization/WbHt_6000_2000_pt160_ak8_ca10_th85.root,ok,,1000,1000,1.0,0.0,0.134,0.010772372069326236,0.067,0.7305,0.617,0.617,0.383,0.015372410351015223,1952.9153648591418,1459.0924146394195,2467.3833553954923,0.976457682429571,0.7295462073197099,1.2336916776977462,0.25815018891737734,0.05942533705018692,0.6435044206744203
WbHt_6000_2000,WbHt,6000,2000,85,220,0.6,0.6,/eos/uscms/store/user/aji/rootfiles_existingOptimization/WbHt_6000_2000_pt220_ak6_ca6_th85.root,ok,,1000,1000,1.0,0.0,0.224,0.013184233007649706,0.121,0.7455,0.629,0.629,0.371,0.015276092432294327,1845.7725065839013,1173.7034189230608,2172.0773085711207,0.9228862532919506,0.5868517094615304,1.0860386542855605,0.2704487920604635,0.05951345111179856,0.6491601667312685
WbHt_6000_2000,WbHt,6000,2000,85,280,0.6,0.4,/eos/uscms/store/user/aji/rootfiles_existingOptimization/WbHt_6000_2000_pt280_ak6_ca4_th85.root,ok,,1000,1000,1.0,0.0,0.165,0.011737759581794134,0.0995,0.7425,0.638,0.638,0.362,0.015197236590906913,1834.831813732962,1036.9108756012213,2062.6619583011266,0.9174159068664811,0.5184554378006107,1.0313309791505632,0.2795218272929921,0.028247075094410608,0.6497802366063439
WbHt_6000_2000,WbHt,6000,2000,85,100,0.4,1.0,/eos/uscms/store/user/aji/rootfiles_existingOptimization/WbHt_6000_2000_pt100_ak4_ca10_th85.root,ok,,1000,1000,1.0,0.0,0.143,0.011070275515993266,0.0715,0.7385,0.629,0.629,0.371,0.015276092432294327,1831.2792453319041,1309.0710577666916,2306.0577355735063,0.9156396226659521,0.6545355288833459,1.153028867786753,0.2722104453343812,0.06331346831423032,0.6516464830677859
WbHt_6000_2000,WbHt,6000,2000,85,160,1.0,1.0,/eos/uscms/store/user/aji/rootfiles_existingOptimization/WbHt_6000_2000_pt160_ak10_ca10_th85.root,ok,,1000,1000,1.0,0.0,0.112,0.00997276290703835,0.056,0.708,0.594,0.594,0.406,0.015529455882290275,2058.0305896529953,1614.7002410546195,2627.5055915136886,1.0290152948264977,0.8073501205273098,1.3137527957568442,0.24606178245140614,0.055421213203487335,0.6549633119340559
WbHt_6000_2000,WbHt,6000,2000,85,280,1.0,0.8,/eos/uscms/store/user/aji/rootfiles_existingOptimization/WbHt_6000_2000_pt280_ak10_ca8_th85.root,ok,,1000,1000,1.0,0.0,0.14,0.010972693379476163,0.076,0.733,0.619,0.619,0.381,0.015357050498061143,2011.2888404031823,1265.15496376876,2368.2979845916398,1.005644420201591,0.6325774818843799,1.1841489922958197,0.27423784159259396,0.03780584405102026,0.6558022836127531
WbHt_6000_2000,WbHt,6000,2000,85,240,0.8,0.8,/eos/uscms/store/user/aji/rootfiles_existingOptimization/WbHt_6000_2000_pt240_ak8_ca8_th85.root,ok,,1000,1000,1.0,0.0,0.226,0.013225883713385657,0.118,0.7325,0.616,0.616,0.384,0.015379986996093333,1923.1123931554025,1262.7614706126674,2300.954387373228,0.9615561965777013,0.6313807353063338,1.1504771936866143,0.26992517973874525,0.05722445806029769,0.6577695600809752
WbHt_6000_2000,WbHt,6000,2000,85,180,0.8,1.0,/eos/uscms/store/user/aji/rootfiles_existingOptimization/WbHt_6000_2000_pt180_ak8_ca10_th85.root,ok,,1000,1000,1.0,0.0,0.158,0.011534123287012324,0.08,0.7245,0.611,0.611,0.389,0.015416841440450765,1945.9952880462915,1412.1763548914257,2448.874048384015,0.9729976440231458,0.7060881774457128,1.2244370241920075,0.26636695881555705,0.06212540628878971,0.6580671944132425
WbHt_6000_2000,WbHt,6000,2000,85,180,1.0,1.0,/eos/uscms/store/user/aji/rootfiles_existingOptimization/WbHt_6000_2000_pt180_ak10_ca10_th85.root,ok,,1000,1000,1.0,0.0,0.131,0.010669536072388528,0.0655,0.71,0.592,0.592,0.40800000000000003,0.015541428505771277,2041.7005033734135,1548.690800562288,2570.948692880787,1.0208502516867068,0.774345400281144,1.2854743464403935,0.25034472260487434,0.06056831142689822,0.660429747773545
WbHt_6000_2000,WbHt,6000,2000,85,200,1.2,1.0,/eos/uscms/store/user/aji/rootfiles_existingOptimization/WbHt_6000_2000_pt200_ak12_ca10_th85.root,ok,,1000,1000,1.0,0.0,0.065,0.007795832219846705,0.0325,0.6895,0.579,0.579,0.42100000000000004,0.015612783224012303,2154.509912926671,1684.3065300329256,2686.0191859479105,1.0772549564633354,0.8421532650164628,1.3430095929739554,0.23246879717398605,0.036302218276551765,0.6611942928203196
WbHt_6000_2000,WbHt,6000,2000,85,140,1.0,1.0,/eos/uscms/store/user/aji/rootfiles_existingOptimization/WbHt_6000_2000_pt140_ak10_ca10_th85.root,ok,,1000,1000,1.0,0.0,0.094,0.009228434320078352,0.047,0.6905,0.584,0.584,0.41600000000000004,0.015586660963785668,2084.203733966193,1695.908603573246,2729.294799789371,1.0421018669830961,0.847954301786623,1.3646473998946855,0.24790911257260215,0.05280994355335363,0.6681192992709118
WbHt_6000_2000,WbHt,6000,2000,85,220,1.2,1.0,/eos/uscms/store/user/aji/rootfiles_existingOptimization/WbHt_6000_2000_pt220_ak12_ca10_th85.root,ok,,1000,1000,1.0,0.0,0.075,0.008329165624478841,0.039,0.6895,0.575,0.575,0.42500000000000004,0.015632498200863484,2145.6746557457086,1620.6945012579797,2644.4973734265513,1.0728373278728545,0.8103472506289899,1.3222486867132757,0.23857365081584525,0.03844103614729742,0.6708573836031307
WbHt_6000_2000,WbHt,6000,2000,85,140,0.6,1.0,/eos/uscms/store/user/aji/rootfiles_existingOptimization/WbHt_6000_2000_pt140_ak6_ca10_th85.root,ok,,1000,1000,1.0,0.0,0.149,0.01126050620531777,0.075,0.726,0.612,0.612,0.388,0.015409607392792329,1876.3689315159118,1295.8884863615353,2366.46178617173,0.9381844657579559,0.6479442431807677,1.183230893085865,0.2852779327744684,0.060830624555285095,0.6794594861986728
WbHt_6000_2000,WbHt,6000,2000,85,200,1.0,1.0,/eos/uscms/store/user/aji/rootfiles_existingOptimization/WbHt_6000_2000_pt200_ak10_ca10_th85.root,ok,,1000,1000,1.0,0.0,0.153,0.011383804285035824,0.0775,0.7025,0.584,0.584,0.41600000000000004,0.015586660963785668,2032.2012006589225,1480.780898056142,2552.4124418312012,1.0161006003294615,0.7403904490280709,1.2762062209156007,0.2636627572672412,0.061104529581773724,0.6812728173001874
WbHt_6000_2000,WbHt,6000,2000,85,300,0.8,0.6,/eos/uscms/store/user/aji/rootfiles_existingOptimization/WbHt_6000_2000_pt300_ak8_ca6_th85.root,ok,,1000,1000,1.0,0.0,0.161,0.011622349160131096,0.092,0.7335,0.61,0.61,0.39,0.01542400726140908,1916.5802428840434,1100.5736211022775,2205.313437947893,0.9582901214420216,0.5502868105511388,1.1026567189739465,0.28820599109986084,0.03498848857021139,0.6823769789556586
WbHt_6000_2000,WbHt,6000,2000,85,180,1.2,1.0,/eos/uscms/store/user/aji/rootfiles_existingOptimization/WbHt_6000_2000_pt180_ak12_ca10_th85.root,ok,,1000,1000,1.0,0.0,0.06,0.007509993342207435,0.03,0.672,0.563,0.563,0.43700000000000006,0.01568537535413163,2174.6335624688977,1749.523870026846,2784.060736422765,1.0873167812344489,0.874761935013423,1.3920303682113824,0.23786464171494523,0.03351920031231362,0.6835963198383902
WbHt_6000_2000,WbHt,6000,2000,85,200,0.6,0.8,/eos/uscms/store/user/aji/rootfiles_existingOptimization/WbHt_6000_2000_pt200_ak6_ca8_th85.root,ok,,1000,1000,1.0,0.0,0.232,0.013348258313353095,0.1225,0.7255,0.609,0.609,0.391,0.015431104950715617,1852.4573703326228,1134.4529774799676,2198.954464977069,0.9262286851663113,0.5672264887399837,1.0994772324885345,0.2873214532612867,0.06323892193705444,0.6856985847446556
WbHt_6000_2000,WbHt,6000,2000,85,240,1.2,1.0,/eos/uscms/store/user/aji/rootfiles_existingOptimization/WbHt_6000_2000_pt240_ak12_ca10_th85.root,ok,,1000,1000,1.0,0.0,0.085,0.008819013550278738,0.045,0.6895,0.573,0.573,0.42700000000000005,0.015641962792437528,2135.2394738972444,1525.034542792227,2604.101735464021,1.0676197369486222,0.7625172713961136,1.3020508677320106,0.25268060230787087,0.038925577520097836,0.6864425760027331
WbHt_6000_2000,WbHt,6000,2000,85,300,1.0,0.8,/eos/uscms/store/user/aji/rootfiles_existingOptimization/WbHt_6000_2000_pt300_ak10_ca8_th85.root,ok,,1000,1000,1.0,0.0,0.153,0.011383804285035824,0.084,0.724,0.604,0.604,0.396,0.01546557467409472,2005.164250212,1171.7775635903522,2363.3110572751107,1.002582125106,0.5858887817951761,1.1816555286375554,0.2971161822675577,0.04065658869231057,0.6933743947781577
WbHt_6000_2000,WbHt,6000,2000,85,200,0.4,0.4,/eos/uscms/store/user/aji/rootfiles_existingOptimization/WbHt_6000_2000_pt200_ak4_ca4_th85.root,ok,,1000,1000,1.0,0.0,0.21,0.01288021738946979,0.1145,0.7335,0.604,0.604,0.396,0.01546557467409472,1747.6992127897765,1064.3892373163458,2060.892519227095,0.8738496063948884,0.532194618658173,1.0304462596135475,0.2850900414150997,0.07294868838704077,0.6937050807756109
WbHt_6000_2000,WbHt,6000,2000,85,200,0.8,1.0,/eos/uscms/store/user/aji/rootfiles_existingOptimization/WbHt_6000_2000_pt200_ak8_ca10_th85.root,ok,,1000,1000,1.0,0.0,0.19,0.012405643876881199,0.097,0.713,0.594,0.594,0.406,0.015529455882290275,1934.8177566142563,1279.448978692289,2395.7396771044455,0.9674088783071282,0.6397244893461446,1.1978698385522226,0.2884743781671605,0.06639375162975988,0.6977334903364477
WbHt_6000_2000,WbHt,6000,2000,85,160,0.4,0.8,/eos/uscms/store/user/aji/rootfiles_existingOptimization/WbHt_6000_2000_pt160_ak4_ca8_th85.root,ok,,1000,1000,1.0,0.0,0.209,0.012857643641040918,0.1085,0.7185,0.595,0.595,0.405,0.015523369479594306,1782.5008647345599,1148.7913765329654,2173.889977622194,0.8912504323672799,0.5743956882664827,1.086944988811097,0.2875450501511764,0.07499531503300363,0.7034200069144484
WbHt_6000_2000,WbHt,6000,2000,85,180,0.4,0.6,/eos/uscms/store/user/aji/rootfiles_existingOptimization/WbHt_6000_2000_pt180_ak4_ca6_th85.root,ok,,1000,1000,1.0,0.0,0.216,0.013013224043256921,0.115,0.7225,0.592,0.592,0.40800000000000003,0.015541428505771277,1764.9083015659257,1117.7586053047921,2120.4442279702275,0.8824541507829629,0.558879302652396,1.0602221139851138,0.28406167668195464,0.07439416423019281,0.7038162616036584
WbHt_6000_2000,WbHt,6000,2000,85,220,1.0,1.0,/eos/uscms/store/user/aji/rootfiles_existingOptimization/WbHt_6000_2000_pt220_ak10_ca10_th85.root,ok,,1000,1000,1.0,0.0,0.175,0.012015614840697915,0.09,0.699,0.575,0.575,0.42500000000000004,0.015632498200863484,2021.7499276483788,1363.4602883009713,2510.065928603919,1.0108749638241894,0.6817301441504857,1.2550329643019595,0.2835676224399906,0.063780428943952,0.7096551188224096
WbHt_6000_2000,WbHt,6000,2000,85,120,0.4,1.0,/eos/uscms/store/user/aji/rootfiles_existingOptimization/WbHt_6000_2000_pt120_ak4_ca10_th85.root,ok,,1000,1000,1.0,0.0,0.169,0.011850696182081457,0.0845,0.7145,0.596,0.596,0.404,0.015517216245190372,1801.6541889344262,1175.8141565961366,2259.578760840205,0.9008270944672132,0.5879070782980683,1.1297893804201025,0.3007693182466531,0.06932166606569601,0.7146866087999317
WbHt_6000_2000,WbHt,6000,2000,85,160,0.6,1.0,/eos/uscms/store/user/aji/rootfiles_existingOptimization/WbHt_6000_2000_pt160_ak6_ca10_th85.root,ok,,1000,1000,1.0,0.0,0.177,0.012069424178476784,0.0895,0.7145,0.595,0.595,0.405,0.015523369479594306,1862.3492346604135,1196.7569056414923,2327.7797303680486,0.9311746173302067,0.5983784528207461,1.1638898651840244,0.30365486872090103,0.06887493136823353,0.7155374069878804
WbHt_6000_2000,WbHt,6000,2000,85,240,0.6,0.6,/eos/uscms/store/user/aji/rootfiles_existingOptimization/WbHt_6000_2000_pt240_ak6_ca6_th85.root,ok,,1000,1000,1.0,0.0,0.256,0.013800869537822608,0.1375,0.736,0.613,0.613,0.387,0.015402305022301045,1840.3840102554927,967.3607349740877,2157.892643767316,0.9201920051277465,0.48368036748704385,1.078946321883658,0.32344660194802266,0.06309056183935394,0.7184274014352481
WbHt_6000_2000,WbHt,6000,2000,85,100,0.6,1.2,/eos/uscms/store/user/aji/rootfiles_existingOptimization/WbHt_6000_2000_pt100_ak6_ca12_th85.root,ok,,1000,1000,1.0,0.0,0.123,0.010386096475577337,0.0615,0.7105,0.588,0.588,0.41200000000000003,0.01556457516284977,1902.9122507117527,1298.4411188954853,2449.254809910381,0.9514561253558764,0.6492205594477426,1.2246274049551904,0.3023822277103037,0.0704679478459265,0.719236615174716
WbHt_6000_2000,WbHt,6000,2000,85,160,1.2,1.0,/eos/uscms/store/user/aji/rootfiles_existingOptimization/WbHt_6000_2000_pt160_ak12_ca10_th85.root,ok,,1000,1000,1.0,0.0,0.053,0.00708456067798138,0.0265,0.645,0.545,0.545,0.45499999999999996,0.015747221977225064,2195.832608543015,1803.8167009874426,2926.2405635403334,1.0979163042715074,0.9019083504937213,1.4631202817701667,0.2555804705208483,0.03019342361037188,0.7203721009479991
WbHt_6000_2000,WbHt,6000,2000,85,300,0.6,0.4,/eos/uscms/store/user/aji/rootfiles_existingOptimization/WbHt_6000_2000_pt300_ak6_ca4_th85.root,ok,,1000,1000,1.0,0.0,0.189,0.012380589646701001,0.115,0.72,0.607,0.607,0.393,0.015445096309184997,1824.3823091835866,867.2656323250002,2051.5087332713665,0.9121911545917933,0.4336328161625001,1.0257543666356834,0.32456001545978513,0.03525373690087745,0.7263409000006058
WbHt_6000_2000,WbHt,6000,2000,85,120,1.0,1.0,/eos/uscms/store/user/aji/rootfiles_existingOptimization/WbHt_6000_2000_pt120_ak10_ca10_th85.root,ok,,1000,1000,1.0,0.0,0.069,0.008014923580421713,0.0345,0.6525,0.555,0.555,0.44499999999999995,0.01571543826942157,2134.7514234285154,1753.4408555728164,2928.231323619917,1.0673757117142575,0.8767204277864082,1.4641156618099584,0.275158609839531,0.045855316867975164,0.7268961810109567
WbHt_6000_2000,WbHt,6000,2000,85,220,0.8,1.0,/eos/uscms/store/user/aji/rootfiles_existingOptimization/WbHt_6000_2000_pt220_ak8_ca10_th85.root,ok,,1000,1000,1.0,0.0,0.213,0.012947239087929134,0.11,0.7055,0.585,0.585,0.41500000000000004,0.015581238718407468,1925.8258994182866,1176.8434602705772,2367.8883199624643,0.9629129497091433,0.5884217301352886,1.1839441599812321,0.30922962975304596,0.06651680902038423,0.7279383347821317
WbHt_6000_2000,WbHt,6000,2000,85,120,0.8,1.2,/eos/uscms/store/user/aji/rootfiles_existingOptimization/WbHt_6000_2000_pt120_ak8_ca12_th85.root,ok,,1000,1000,1.0,0.0,0.104,0.009653186002558949,0.052,0.6895,0.569,0.569,0.43100000000000005,0.015660108556456435,1975.7533638183754,1403.9463087930008,2576.803111657661,0.9878766819091878,0.7019731543965004,1.2884015558288304,0.2968125537182375,0.07055005925018522,0.7290248855273187
WbHt_6000_2000,WbHt,6000,2000,85,220,0.6,0.8,/eos/uscms/store/user/aji/rootfiles_existingOptimization/WbHt_6000_2000_pt220_ak6_ca8_th85.root,ok,,1000,1000,1.0,0.0,0.252,0.013729384545565033,0.135,0.719,0.6,0.6,0.4,0.015491933384829668,1846.5391920533016,991.237706035575,2190.6895446324315,0.9232695960266508,0.4956188530177875,1.0953447723162157,0.3247837478237054,0.06669658870525103,0.7324567882210403
WbHt_6000_2000,WbHt,6000,2000,85,260,1.2,1.0,/eos/uscms/store/user/aji/rootfiles_existingOptimization/WbHt_6000_2000_pt260_ak12_ca10_th85.root,ok,,1000,1000,1.0,0.0,0.095,0.00927227048785787,0.0505,0.6815,0.559,0.559,0.44099999999999995,0.015700923539715746,2123.987848018133,1360.011075643433,2584.6650701503836,1.0619939240090663,0.6800055378217165,1.2923325350751917,0.28829119612187526,0.04287022525106651,0.7354905885227818
WbHt_6000_2000,WbHt,6000,2000,85,260,0.8,0.8,/eos/uscms/store/user/aji/rootfiles_existingOptimization/WbHt_6000_2000_pt260_ak8_ca8_th85.root,ok,,1000,1000,1.0,0.0,0.258,0.013836039895866157,0.1365,0.718,0.59,0.59,0.41000000000000003,0.01555313473226539,1918.420372340648,1039.0277105460682,2283.793228713963,0.9592101861703239,0.5195138552730341,1.1418966143569813,0.3244245985172601,0.06481145968995519,0.7385035799002277
WbHt_6000_2000,WbHt,6000,2000,85,100,0.8,1.2,/eos/uscms/store/user/aji/rootfiles_existingOptimization/WbHt_6000_2000_pt100_ak8_ca12_th85.root,ok,,1000,1000,1.0,0.0,0.08,0.008579044235810887,0.04,0.667,0.552,0.552,0.44799999999999995,0.015725647840391186,2016.5210460804265,1539.5165068508118,2708.823107431442,1.0082605230402133,0.7697582534254058,1.354411553715721,0.2899316629631631,0.061106648231915944,0.7387577152671844
WbHt_6000_2000,WbHt,6000,2000,85,160,1.0,1.2,/eos/uscms/store/user/aji/rootfiles_existingOptimization/WbHt_6000_2000_pt160_ak10_ca12_th85.root,ok,,1000,1000,1.0,0.0,0.123,0.010386096475577337,0.0615,0.6755,0.55,0.55,0.44999999999999996,0.015732132722552274,2055.2542674859756,1460.0487773151442,2645.3083695981736,1.0276271337429876,0.730024388657572,1.3226541847990867,0.28834865131623366,0.0689361768313178,0.7411113646905324
WbHt_6000_2000,WbHt,6000,2000,85,140,0.4,1.0,/eos/uscms/store/user/aji/rootfiles_existingOptimization/WbHt_6000_2000_pt140_ak4_ca10_th85.root,ok,,1000,1000,1.0,0.0,0.198,0.012601428490452978,0.1005,0.6965,0.571,0.571,0.42900000000000005,0.015651166090742248,1784.1070863843706,1093.6069329542568,2198.0979836145666,0.8920535431921852,0.5468034664771283,1.0990489918072834,0.30953608645169556,0.07880170835218336,0.7493307321324771
WbHt_6000_2000,WbHt,6000,2000,85,320,0.8,0.6,/eos/uscms/store/user/aji/rootfiles_existingOptimization/WbHt_6000_2000_pt320_ak8_ca6_th85.root,ok,,1000,1000,1.0,0.0,0.183,0.012227469075814503,0.106,0.713,0.583,0.583,0.41700000000000004,0.015592017188292218,1907.4453576348833,939.1258653148519,2190.0541368687072,0.9537226788174418,0.469562932657426,1.0950270684343537,0.32790671212331096,0.03784202181889827,0.7495344442415668
WbHt_6000_2000,WbHt,6000,2000,85,240,1.0,1.0,/eos/uscms/store/user/aji/rootfiles_existingOptimization/WbHt_6000_2000_pt240_ak10_ca10_th85.root,ok,,1000,1000,1.0,0.0,0.193,0.012480024038438387,0.0995,0.692,0.569,0.569,0.43100000000000005,0.015660108556456435,2015.535581014352,1209.685856334494,2494.0132989957424,1.007767790507176,0.6048429281672469,1.2470066494978713,0.31860698832587453,0.06479488845741613,0.7503837673765922
WbHt_6000_2000,WbHt,6000,2000,85,140,1.0,1.2,/eos/uscms/store/user/aji/rootfiles_existingOptimization/WbHt_6000_2000_pt140_ak10_ca12_th85.root,ok,,1000,1000,1.0,0.0,0.104,0.009653186002558949,0.052,0.6595,0.538,0.538,0.46199999999999997,0.015765658882520576,2076.5337354158405,1560.3469250454752,2742.4534132998338,1.0382668677079203,0.7801734625227376,1.3712267066499169,0.28463454941598465,0.06536011077908421,0.7504612361867766
WbHt_6000_2000,WbHt,6000,2000,85,140,0.8,1.2,/eos/uscms/store/user/aji/rootfiles_existingOptimization/WbHt_6000_2000_pt140_ak8_ca12_th85.root,ok,,1000,1000,1.0,0.0,0.134,0.010772372069326236,0.067,0.6885,0.558,0.558,0.44199999999999995,0.01570464899321217,1959.13638863878,1301.583605947125,2536.2454281809214,0.97956819431939,0.6507918029735625,1.2681227140904607,0.31510359089691736,0.07537985242349365,0.7591467714649783
WbHt_6000_2000,WbHt,6000,2000,85,320,1.0,0.8,/eos/uscms/store/user/aji/rootfiles_existingOptimization/WbHt_6000_2000_pt320_ak10_ca8_th85.root,ok,,1000,1000,1.0,0.0,0.173,0.011961229033840962,0.096,0.708,0.579,0.579,0.42100000000000004,0.015612783224012303,1999.430604655965,997.6303795674974,2357.5533815727886,0.9997153023279826,0.49881518978374867,1.1787766907863944,0.3400775697937484,0.04633618359040505,0.7611060395609501
WbHt_6000_2000,WbHt,6000,2000,85,280,1.2,1.0,/eos/uscms/store/user/aji/rootfiles_existingOptimization/WbHt_6000_2000_pt280_ak12_ca10_th85.root,ok,,1000,1000,1.0,0.0,0.102,0.009570579919733181,0.0545,0.6805,0.554,0.554,0.44599999999999995,0.01571890581433708,2112.038583587626,1226.642256408158,2550.542053910718,1.0560192917938127,0.6133211282040789,1.275271026955359,0.31341752177029625,0.04627529570903849,0.7650194509496775
WbHt_6000_2000,WbHt,6000,2000,85,180,1.0,1.2,/eos/uscms/store/user/aji/rootfiles_existingOptimization/WbHt_6000_2000_pt180_ak10_ca12_th85.root,ok,,1000,1000,1.0,0.0,0.141,0.011005407761641547,0.0705,0.673,0.543,0.543,0.45699999999999996,0.015752809273269323,2035.7476607893068,1354.2464342893554,2605.2491085736874,1.0178738303946533,0.6771232171446777,1.3026245542868438,0.3072587772983832,0.07350984563417386,0.7660461603378486
WbHt_6000_2000,WbHt,6000,2000,85,180,0.6,1.0,/eos/uscms/store/user/aji/rootfiles_existingOptimization/WbHt_6000_2000_pt180_ak6_ca10_th85.root,ok,,1000,1000,1.0,0.0,0.216,0.013013224043256921,0.1105,0.7005,0.575,0.575,0.42500000000000004,0.015632498200863484,1851.7913871907435,1046.0250680935128,2294.9238416321655,0.9258956935953717,0.5230125340467564,1.1474619208160828,0.3372136791912863,0.07413278423586978,0.7696241098317491
WbHt_6000_2000,WbHt,6000,2000,85,120,0.6,1.2,/eos/uscms/store/user/aji/rootfiles_existingOptimization/WbHt_6000_2000_pt120_ak6_ca12_th85.root,ok,,1000,1000,1.0,0.0,0.149,0.01126050620531777,0.0745,0.694,0.568,0.568,0.43200000000000005,0.01566448211719749,1883.5301928225367,1178.5633526662318,2434.1711208317283,0.9417650964112683,0.589281676333116,1.2170855604158641,0.33331235489353206,0.07692812156137507,0.7711358452524053
WbHt_6000_2000,WbHt,6000,2000,85,320,0.6,0.4,/eos/uscms/store/user/aji/rootfiles_existingOptimization/WbHt_6000_2000_pt320_ak6_ca4_th85.root,ok,,1000,1000,1.0,0.0,0.21,0.01288021738946979,0.129,0.7025,0.582,0.582,0.41800000000000004,0.015597307459943206,1815.2346613917257,784.9952856962768,2044.4660373728063,0.9076173306958628,0.39249764284813843,1.022233018686403,0.34691678670098314,0.03949520107683139,0.7741550536313969
WbHt_6000_2000,WbHt,6000,2000,85,220,0.4,0.4,/eos/uscms/store/user/aji/rootfiles_existingOptimization/WbHt_6000_2000_pt220_ak4_ca4_th85.root,ok,,1000,1000,1.0,0.0,0.249,0.013674757767507255,0.138,0.7185,0.581,0.581,0.41900000000000004,0.015602531845825537,1735.769648882621,851.5563700045432,2039.2448005632787,0.8678848244413104,0.4257781850022716,1.0196224002816392,0.34212155723638044,0.07934405321116417,0.7743330747922494
WbHt_6000_2000,WbHt,6000,2000,85,180,0.4,0.8,/eos/uscms/store/user/aji/rootfiles_existingOptimization/WbHt_6000_2000_pt180_ak4_ca8_th85.root,ok,,1000,1000,1.0,0.0,0.255,0.013783141876945184,0.1345,0.698,0.566,0.566,0.43400000000000005,0.015673034167001616,1765.3930214016546,953.5236860344397,2135.85992785581,0.8826965107008273,0.47676184301721986,1.067929963927905,0.3348648792331354,0.08034735133502587,0.7805952281630527
WbHt_6000_2000,WbHt,6000,2000,85,200,0.4,0.6,/eos/uscms/store/user/aji/rootfiles_existingOptimization/WbHt_6000_2000_pt200_ak4_ca6_th85.root,ok,,1000,1000,1.0,0.0,0.253,0.013747399754135324,0.136,0.704,0.565,0.565,0.43500000000000005,0.015677212762477903,1746.6437699554567,933.758913921312,2099.0145176237525,0.8733218849777283,0.466879456960656,1.0495072588118763,0.3335699081135924,0.0804170185805686,0.7812377196158196
WbHt_6000_2000,WbHt,6000,2000,85,160,0.8,1.2,/eos/uscms/store/user/aji/rootfiles_existingOptimization/WbHt_6000_2000_pt160_ak8_ca12_th85.root,ok,,1000,1000,1.0,0.0,0.148,0.011229247525992114,0.074,0.685,0.553,0.553,0.44699999999999995,0.01572230899073034,1945.3119286363553,1204.3769886942089,2506.4327754237615,0.9726559643181778,0.6021884943471044,1.2532163877118807,0.3346650394629207,0.07798531420247212,0.7843994430311029
WbHt_6000_2000,WbHt,6000,2000,85,200,1.0,1.2,/eos/uscms/store/user/aji/rootfiles_existingOptimization/WbHt_6000_2000_pt200_ak10_ca12_th85.root,ok,,1000,1000,1.0,0.0,0.164,0.011709141727727102,0.083,0.6685,0.539,0.539,0.46099999999999997,0.015763216676808068,2025.5819415531655,1260.170557091616,2578.0887010983656,1.0127909707765828,0.630085278545808,1.2890443505491829,0.32531839788130296,0.07414064021463097,0.7875974949589613
WbHt_6000_2000,WbHt,6000,2000,85,240,0.8,1.0,/eos/uscms/store/user/aji/rootfiles_existingOptimization/WbHt_6000_2000_pt240_ak8_ca10_th85.root,ok,,1000,1000,1.0,0.0,0.239,0.01348625225924534,0.1245,0.6965,0.574,0.574,0.42600000000000005,0.015637263187655313,1918.6138432305981,950.041715920023,2337.255624148804,0.9593069216152991,0.47502085796001153,1.168627812074402,0.3615146198186927,0.06792612207234086,0.7915839276571628
WbHt_6000_2000,WbHt,6000,2000,85,100,0.4,1.2,/eos/uscms/store/user/aji/rootfiles_existingOptimization/WbHt_6000_2000_pt100_ak4_ca12_th85.root,ok,,1000,1000,1.0,0.0,0.167,0.01179453263168999,0.0835,0.691,0.562,0.562,0.43799999999999994,0.01568935945155187,1820.4508309867429,1094.0728188379048,2360.818433712036,0.9102254154933713,0.5470364094189525,1.180409216856018,0.34792085381056803,0.08010506949652,0.7948983122612309
WbHt_6000_2000,WbHt,6000,2000,85,120,1.0,1.2,/eos/uscms/store/user/aji/rootfiles_existingOptimization/WbHt_6000_2000_pt120_ak10_ca12_th85.root,ok,,1000,1000,1.0,0.0,0.075,0.008329165624478841,0.0375,0.626,0.512,0.512,0.488,0.01580683396509244,2129.55411895926,1673.3129917501785,2955.004732596787,1.06477705947963,0.8366564958750893,1.4775023662983937,0.30092960057596185,0.058040262572101715,0.7954073065239249
WbHt_6000_2000,WbHt,6000,2000,85,180,0.8,1.2,/eos/uscms/store/user/aji/rootfiles_existingOptimization/WbHt_6000_2000_pt180_ak8_ca12_th85.root,ok,,1000,1000,1.0,0.0,0.17,0.011878552100319299,0.086,0.6785,0.546,0.546,0.45399999999999996,0.015744332313566048,1936.0422755601592,1157.0784590038904,2481.8370218562754,0.9680211377800796,0.5785392295019453,1.2409185109281378,0.34213058763633913,0.0809987329502164,0.7993284738583311
WbHt_6000_2000,WbHt,6000,2000,85,140,1.2,1.0,/eos/uscms/store/user/aji/rootfiles_existingOptimization/WbHt_6000_2000_pt140_ak12_ca10_th85.root,ok,,1000,1000,1.0,0.0,0.042,0.0063431853196954605,0.021,0.5985,0.51,0.51,0.49,0.0158082257068907,2245.739509109285,1866.9293396419498,3230.2177869532416,1.1228697545546424,0.933464669820975,1.615108893476621,0.3035277336889365,0.02567673233864138,0.8058147091444007
WbHt_6000_2000,WbHt,6000,2000,85,300,1.2,1.0,/eos/uscms/store/user/aji/rootfiles_existingOptimization/WbHt_6000_2000_pt300_ak12_ca10_th85.root,ok,,1000,1000,1.0,0.0,0.117,0.010164201887015036,0.0625,0.671,0.538,0.538,0.46199999999999997,0.015765658882520576,2101.112587129301,1088.471137314452,2533.809038044866,1.0505562935646506,0.5442355686572261,1.2669045190224333,0.34394584792458555,0.05088758173679576,0.8110014772810505
WbHt_6000_2000,WbHt,6000,2000,85,340,0.8,0.6,/eos/uscms/store/user/aji/rootfiles_existingOptimization/WbHt_6000_2000_pt340_ak8_ca6_th85.root,ok,,1000,1000,1.0,0.0,0.206,0.0127892142057282,0.1215,0.695,0.559,0.559,0.44099999999999995,0.015700923539715746,1902.8321062992486,787.5492867313932,2181.7111228477156,0.9514160531496243,0.39377464336569656,1.0908555614238578,0.3663386358420709,0.04076325598746135,0.8121970305271085
WbHt_6000_2000,WbHt,6000,2000,85,140,0.6,1.2,/eos/uscms/store/user/aji/rootfiles_existingOptimization/WbHt_6000_2000_pt140_ak6_ca12_th85.root,ok,,1000,1000,1.0,0.0,0.167,0.01179453263168999,0.084,0.6825,0.549,0.549,0.45099999999999996,0.01573527883451704,1864.1310818404359,1078.846786277795,2403.459134276093,0.9320655409202179,0.5394233931388975,1.2017295671380468,0.3552894860511965,0.08639156915936813,0.8130829319591746
WbHt_6000_2000,WbHt,6000,2000,85,340,1.0,0.8,/eos/uscms/store/user/aji/rootfiles_existingOptimization/WbHt_6000_2000_pt340_ak10_ca8_th85.root,ok,,1000,1000,1.0,0.0,0.191,0.012430567163247218,0.1065,0.6945,0.563,0.563,0.43700000000000006,0.01568537535413163,1992.0702079195264,841.832661026274,2349.7020788260024,0.9960351039597632,0.420916330513137,1.1748510394130014,0.3784679404885318,0.048908223791667885,0.8158644300925555
WbHt_6000_2000,WbHt,6000,2000,85,260,0.6,0.6,/eos/uscms/store/user/aji/rootfiles_existingOptimization/WbHt_6000_2000_pt260_ak6_ca6_th85.root,ok,,1000,1000,1.0,0.0,0.29,0.01434921600645833,0.158,0.721,0.594,0.594,0.406,0.015529455882290275,1832.1851986208737,652.0973020449679,2139.2054955895996,0.9160925993104369,0.3260486510224839,1.0696027477947998,0.40582911450873277,0.06786152621568144,0.8202198545776891
WbHt_6000_2000,WbHt,6000,2000,85,200,1.2,1.2,/eos/uscms/store/user/aji/rootfiles_existingOptimization/WbHt_6000_2000_pt200_ak12_ca12_th85.root,ok,,1000,1000,1.0,0.0,0.105,0.009694070352540258,0.0525,0.636,0.5,0.5,0.5,0.015811388300841896,2146.4103355238185,1365.3413547174623,2721.1025158497473,1.073205167761909,0.6826706773587311,1.3605512579248737,0.3158205909405995,0.07011121889750596,0.8231411077167905
WbHt_6000_2000,WbHt,6000,2000,85,180,1.2,1.2,/eos/uscms/store/user/aji/rootfiles_existingOptimization/WbHt_6000_2000_pt180_ak12_ca12_th85.root,ok,,1000,1000,1.0,0.0,0.098,0.009401914698613257,0.049,0.622,0.486,0.486,0.514,0.015805189021330938,2166.3953032242825,1507.492173704976,2829.957986633465,1.0831976516121413,0.753746086852488,1.4149789933167327,0.3052226458763646,0.06706223293655122,0.8275424110375788
WbHt_6000_2000,WbHt,6000,2000,85,220,1.0,1.2,/eos/uscms/store/user/aji/rootfiles_existingOptimization/WbHt_6000_2000_pt220_ak10_ca12_th85.root,ok,,1000,1000,1.0,0.0,0.186,0.012304633273690036,0.0955,0.6625,0.529,0.529,0.471,0.01578477114183161,2016.7246909171577,1111.5226931779994,2552.4124418312012,1.008362345458579,0.5557613465889997,1.2762062209156007,0.3572351137323359,0.07775957871278724,0.8290713482781937
WbHt_6000_2000,WbHt,6000,2000,85,320,1.2,1.0,/eos/uscms/store/user/aji/rootfiles_existingOptimization/WbHt_6000_2000_pt320_ak12_ca10_th85.root,ok,,1000,1000,1.0,0.0,0.128,0.010564847372300274,0.069,0.6675,0.531,0.531,0.469,0.01578096955196353,2091.1290497451046,1036.5972723185116,2524.4524855259656,1.0455645248725522,0.5182986361592558,1.262226242762983,0.3557540395196591,0.053030023727404285,0.8293104920069143
WbHt_6000_2000,WbHt,6000,2000,85,340,0.6,0.4,/eos/uscms/store/user/aji/rootfiles_existingOptimization/WbHt_6000_2000_pt340_ak6_ca4_th85.root,ok,,1000,1000,1.0,0.0,0.234,0.013388203763014663,0.147,0.684,0.559,0.559,0.44099999999999995,0.015700923539715746,1801.6119184109343,658.4424262499082,2032.4324212172603,0.9008059592054671,0.3292212131249541,1.0162162106086303,0.3813224093730589,0.04722517179287081,0.8322418134525121
WbHt_6000_2000,WbHt,6000,2000,85,260,1.0,1.0,/eos/uscms/store/user/aji/rootfiles_existingOptimization/WbHt_6000_2000_pt260_ak10_ca10_th85.root,ok,,1000,1000,1.0,0.0,0.217,0.013034991369387246,0.1135,0.683,0.552,0.552,0.44799999999999995,0.015725647840391186,2003.5348301601584,920.5910271095846,2462.167323332295,1.0017674150800793,0.4602955135547923,1.2310836616661474,0.38471412451049813,0.06997024667949231,0.832890866018506
WbHt_6000_2000,WbHt,6000,2000,85,240,0.6,0.8,/eos/uscms/store/user/aji/rootfiles_existingOptimization/WbHt_6000_2000_pt240_ak6_ca8_th85.root,ok,,1000,1000,1.0,0.0,0.284,0.014259873772232347,0.1515,0.7085,0.582,0.582,0.41800000000000004,0.015597307459943206,1840.2768965814446,673.324062284197,2176.5774534581137,0.9201384482907223,0.33666203114209853,1.0882887267290569,0.4084313056275408,0.07177436562331241,0.8344174607984687
WbHt_6000_2000,WbHt,6000,2000,85,160,0.4,1.0,/eos/uscms/store/user/aji/rootfiles_existingOptimization/WbHt_6000_2000_pt160_ak4_ca10_th85.root,ok,,1000,1000,1.0,0.0,0.242,0.013543854695026818,0.125,0.674,0.543,0.543,0.45699999999999996,0.015752809273269323,1768.6042885499696,897.9488602960454,2195.334664402257,0.8843021442749848,0.4489744301480227,1.0976673322011286,0.3667823866835421,0.09190349235604436,0.8353521722560436
WbHt_6000_2000,WbHt,6000,2000,85,200,0.6,1.0,/eos/uscms/store/user/aji/rootfiles_existingOptimization/WbHt_6000_2000_pt200_ak6_ca10_th85.root,ok,,1000,1000,1.0,0.0,0.253,0.013747399754135324,0.133,0.684,0.557,0.557,0.44299999999999995,0.015708309902723462,1841.8004181166707,815.4118162305538,2254.521826651119,0.9209002090583354,0.4077059081152769,1.1272609133255596,0.39068022687608145,0.08186184611528122,0.8415902059702478
WbHt_6000_2000,WbHt,6000,2000,85,200,0.8,1.2,/eos/uscms/store/user/aji/rootfiles_existingOptimization/WbHt_6000_2000_pt200_ak8_ca12_th85.root,ok,,1000,1000,1.0,0.0,0.201,0.012672766075328622,0.1025,0.667,0.53,0.53,0.47,0.015782902141241326,1928.4363752773213,1025.530162192049,2452.8256716584037,0.9642181876386606,0.5127650810960245,1.226412835829202,0.37006549133909095,0.08428535391990372,0.8436436725752249
WbHt_6000_2000,WbHt,6000,2000,85,160,1.2,1.2,/eos/uscms/store/user/aji/rootfiles_existingOptimization/WbHt_6000_2000_pt160_ak12_ca12_th85.root,ok,,1000,1000,1.0,0.0,0.083,0.008724161850859944,0.0415,0.5965,0.468,0.468,0.532,0.01577897335063343,2191.1377615156402,1644.7472930603544,2978.1312665886694,1.09556888075782,0.8223736465301773,1.4890656332943348,0.3042674899194825,0.06300232429386526,0.8458243779952646
WbHt_6000_2000,WbHt,6000,2000,85,360,1.0,0.8,/eos/uscms/store/user/aji/rootfiles_existingOptimization/WbHt_6000_2000_pt360_ak10_ca8_th85.root,ok,,1000,1000,1.0,0.0,0.214,0.012969348480166612,0.1225,0.6795,0.543,0.543,0.45699999999999996,0.015752809273269323,1977.3074893149496,772.8049089329666,2325.8623868826044,0.9886537446574748,0.3864024544664833,1.1629311934413022,0.3927202739943357,0.051155640528362696,0.8508548995285882
WbHt_6000_2000,WbHt,6000,2000,85,100,1.0,0.8,/eos/uscms/store/user/aji/rootfiles_existingOptimization/WbHt_6000_2000_pt100_ak10_ca8_th85.root,ok,,1000,1000,1.0,0.0,0.025,0.0049371044145328745,0.0125,0.5995,0.543,0.543,0.45699999999999996,0.015752809273269323,2260.1445679625367,1880.814321889206,3610.8993224687542,1.1300722839812685,0.940407160944603,1.805449661234377,0.38273768525771246,0.009280100517168488,0.8527449136558393
WbHt_6000_2000,WbHt,6000,2000,85,120,0.4,1.2,/eos/uscms/store/user/aji/rootfiles_existingOptimization/WbHt_6000_2000_pt120_ak4_ca12_th85.root,ok,,1000,1000,1.0,0.0,0.192,0.012455360291858283,0.096,0.666,0.53,0.53,0.47,0.015782902141241326,1790.743671381254,972.1115983266143,2306.0577355735063,0.895371835690627,0.48605579916330716,1.153028867786753,0.37245591274880213,0.08512986574043852,0.8529187291797394
WbHt_6000_2000,WbHt,6000,2000,85,360,0.8,0.6,/eos/uscms/store/user/aji/rootfiles_existingOptimization/WbHt_6000_2000_pt360_ak8_ca6_th85.root,ok,,1000,1000,1.0,0.0,0.225,0.013205112646244258,0.138,0.678,0.539,0.539,0.46099999999999997,0.015763216676808068,1892.0371068846223,694.028100792598,2158.3556242646214,0.9460185534423111,0.347014050396299,1.0791778121323108,0.38697114293998863,0.04342964132576883,0.8533692875957575
WbHt_6000_2000,WbHt,6000,2000,85,160,0.6,1.2,/eos/uscms/store/user/aji/rootfiles_existingOptimization/WbHt_6000_2000_pt160_ak6_ca12_th85.root,ok,,1000,1000,1.0,0.0,0.193,0.012480024038438387,0.0975,0.67,0.534,0.534,0.46599999999999997,0.01577479001445027,1853.2482887346125,970.9005473311762,2393.187515613908,0.9266241443673062,0.4854502736655881,1.196593757806954,0.3837281213015072,0.09619648702567857,0.8570657068647765
WbHt_6000_2000,WbHt,6000,2000,85,240,1.0,1.2,/eos/uscms/store/user/aji/rootfiles_existingOptimization/WbHt_6000_2000_pt240_ak10_ca12_th85.root,ok,,1000,1000,1.0,0.0,0.204,0.01274299807737567,0.105,0.658,0.526,0.526,0.474,0.01578999683343857,2010.7686426895043,991.6454573522914,2533.4643492035784,1.0053843213447522,0.4958227286761457,1.266732174601789,0.3833904257102961,0.07906458141270514,0.8579288578447712
WbHt_6000_2000,WbHt,6000,2000,85,280,0.8,0.8,/eos/uscms/store/user/aji/rootfiles_existingOptimization/WbHt_6000_2000_pt280_ak8_ca8_th85.root,ok,,1000,1000,1.0,0.0,0.29,0.01434921600645833,0.1545,0.703,0.571,0.571,0.42900000000000005,0.015651166090742248,1912.2305785972517,653.9397629511639,2277.7762896979284,0.9561152892986258,0.32696988147558187,1.1388881448489643,0.42459223927324624,0.0695639663736157,0.8579807103433836
WbHt_6000_2000,WbHt,6000,2000,85,200,1.4,1.2,/eos/uscms/store/user/aji/rootfiles_existingOptimization/WbHt_6000_2000_pt200_ak14_ca12_th85.root,ok,,1000,1000,1.0,0.0,0.038,0.006046155803483731,0.019,0.565,0.443,0.443,0.5569999999999999,0.015708309902723462,2305.9915663491,1670.4896248749965,2997.405391288894,1.1529957831745499,0.8352448124374982,1.498702695644447,0.28771045518494714,0.047520144124272586,0.8600100335024021
WbHt_6000_2000,WbHt,6000,2000,85,220,1.2,1.2,/eos/uscms/store/user/aji/rootfiles_existingOptimization/WbHt_6000_2000_pt220_ak12_ca12_th85.root,ok,,1000,1000,1.0,0.0,0.121,0.010313049985334114,0.0615,0.6335,0.496,0.496,0.504,0.01581088232832058,2132.4610536951677,1168.6689750270875,2680.8890606558557,1.0662305268475838,0.5843344875135438,1.3404445303279278,0.3545715601718412,0.07216218921495929,0.8651946128565996
WbHt_6000_2000,WbHt,6000,2000,85,360,0.6,0.4,/eos/uscms/store/user/aji/rootfiles_existingOptimization/WbHt_6000_2000_pt360_ak6_ca4_th85.root,ok,,1000,1000,1.0,0.0,0.255,0.013783141876945184,0.163,0.669,0.543,0.543,0.45699999999999996,0.015752809273269323,1791.9054289744736,591.3878431869967,2018.6923906372463,0.8959527144872368,0.2956939215934984,1.0093461953186231,0.3982644743330877,0.049159405203956785,0.865669202884364
WbHt_6000_2000,WbHt,6000,2000,85,340,1.2,1.0,/eos/uscms/store/user/aji/rootfiles_existingOptimization/WbHt_6000_2000_pt340_ak12_ca10_th85.root,ok,,1000,1000,1.0,0.0,0.138,0.01090669519148674,0.0755,0.655,0.513,0.513,0.487,0.015806043148112688,2087.6906751607976,935.3666308856025,2513.3450512003133,1.0438453375803989,0.4676833154428013,1.2566725256001567,0.37792438292927955,0.05728018598464093,0.8693089166873194
WbHt_6000_2000,WbHt,6000,2000,85,220,0.8,1.2,/eos/uscms/store/user/aji/rootfiles_existingOptimization/WbHt_6000_2000_pt220_ak8_ca12_th85.root,ok,,1000,1000,1.0,0.0,0.224,0.013184233007649706,0.1155,0.6585,0.518,0.518,0.482,0.01580113919943749,1918.8649875282051,948.060672505853,2422.886298834916,0.9594324937641026,0.47403033625292645,1.211443149417458,0.38429635120625827,0.084971259595447,0.870353101829848
WbHt_6000_2000,WbHt,6000,2000,85,260,0.8,1.0,/eos/uscms/store/user/aji/rootfiles_existingOptimization/WbHt_6000_2000_pt260_ak8_ca10_th85.root,ok,,1000,1000,1.0,0.0,0.272,0.014071815803228808,0.1435,0.684,0.551,0.551,0.44899999999999995,0.015728922404284407,1912.6686833133147,728.7947060388846,2329.3190171365272,0.9563343416566573,0.36439735301944226,1.1646595085682636,0.4184008252608224,0.07272323133171255,0.8717673910951567
WbHt_6000_2000,WbHt,6000,2000,85,220,1.4,1.2,/eos/uscms/store/user/aji/rootfiles_existingOptimization/WbHt_6000_2000_pt220_ak14_ca12_th85.root,ok,,1000,1000,1.0,0.0,0.042,0.0063431853196954605,0.0215,0.5755,0.446,0.446,0.554,0.01571890581433708,2276.098144935914,1459.6189153589114,2863.920583493627,1.138049072467957,0.7298094576794557,1.4319602917468135,0.30848882137599015,0.05322807137732993,0.8762937286227859
WbHt_6000_2000,WbHt,6000,2000,85,160,1.0,1.4,/eos/uscms/store/user/aji/rootfiles_existingOptimization/WbHt_6000_2000_pt160_ak10_ca14_th85.root,ok,,1000,1000,1.0,0.0,0.136,0.010839926199010766,0.068,0.629,0.484,0.484,0.516,0.015803290796539814,2036.692932835344,1205.7135998050583,2666.709790671913,1.0183464664176718,0.6028567999025292,1.3333548953359566,0.35866874365615753,0.09898530237194986,0.8765033902979247
WbHt_6000_2000,WbHt,6000,2000,85,120,0.8,1.4,/eos/uscms/store/user/aji/rootfiles_existingOptimization/WbHt_6000_2000_pt120_ak8_ca14_th85.root,ok,,1000,1000,1.0,0.0,0.119,0.010239091756596383,0.0595,0.632,0.488,0.488,0.512,0.01580683396509244,1960.1112921622816,1185.5997182084309,2608.8541628308894,0.9800556460811407,0.5927998591042154,1.3044270814154446,0.36305449856686617,0.1061713296278885,0.8770489339587522
WbHt_6000_2000,WbHt,6000,2000,85,220,0.6,1.0,/eos/uscms/store/user/aji/rootfiles_existingOptimization/WbHt_6000_2000_pt220_ak6_ca10_th85.root,ok,,1000,1000,1.0,0.0,0.271,0.014055568291606,0.1445,0.68,0.551,0.551,0.44899999999999995,0.015728922404284407,1838.004912631713,696.1153164238552,2242.341685622923,0.9190024563158565,0.34805765821192763,1.1211708428114613,0.4206262884752391,0.08339660228345189,0.8777260428436534
WbHt_6000_2000,WbHt,6000,2000,85,100,0.6,1.4,/eos/uscms/store/user/aji/rootfiles_existingOptimization/WbHt_6000_2000_pt100_ak6_ca14_th85.root,ok,,1000,1000,1.0,0.0,0.139,0.010939789760319894,0.0695,0.6435,0.501,0.501,0.499,0.015811356678033673,1894.0711564581225,1074.811006012096,2490.2455970282276,0.9470355782290611,0.5374055030060481,1.2451227985141138,0.3736487370577375,0.113731141032407,0.8779451792348314
WbHt_6000_2000,WbHt,6000,2000,85,380,1.0,0.8,/eos/uscms/store/user/aji/rootfiles_existingOptimization/WbHt_6000_2000_pt380_ak10_ca8_th85.root,ok,,1000,1000,1.0,0.0,0.226,0.013225883713385657,0.1305,0.665,0.524,0.524,0.476,0.01579316307773715,1967.7052587103587,715.6438585068929,2304.3603605767526,0.9838526293551794,0.35782192925344647,1.1521801802883762,0.40369778325212946,0.05657496446242796,0.8813125203166114
WbHt_6000_2000,WbHt,6000,2000,85,140,1.0,1.4,/eos/uscms/store/user/aji/rootfiles_existingOptimization/WbHt_6000_2000_pt140_ak10_ca14_th85.root,ok,,1000,1000,1.0,0.0,0.115,0.010088359628799918,0.0575,0.618,0.476,0.476,0.524,0.01579316307773715,2060.287274168574,1319.2062528045685,2791.6785110054634,1.030143637084287,0.6596031264022842,1.3958392555027317,0.357346345983501,0.09420712512563331,0.8843607096919297
WbHt_6000_2000,WbHt,6000,2000,85,380,0.8,0.6,/eos/uscms/store/user/aji/rootfiles_existingOptimization/WbHt_6000_2000_pt380_ak8_ca6_th85.root,ok,,1000,1000,1.0,0.0,0.24,0.013505554412907307,0.1485,0.6665,0.524,0.524,0.476,0.01579316307773715,1882.4546037542314,630.9443541503197,2150.044826919128,0.9412273018771156,0.31547217707515984,1.075022413459564,0.4034892713320216,0.04727437239537599,0.88536654114431
WbHt_6000_2000,WbHt,6000,2000,85,280,1.0,1.0,/eos/uscms/store/user/aji/rootfiles_existingOptimization/WbHt_6000_2000_pt280_ak10_ca10_th85.root,ok,,1000,1000,1.0,0.0,0.243,0.013562853682024296,0.1275,0.67,0.532,0.532,0.46799999999999997,0.01577897335063343,1998.1832022921226,773.1318451042205,2445.013217973715,0.9990916011460613,0.38656592255211025,1.2225066089868575,0.41835037221603943,0.07350984563417386,0.8864412121014333
WbHt_6000_2000,WbHt,6000,2000,85,220,0.4,0.6,/eos/uscms/store/user/aji/rootfiles_existingOptimization/WbHt_6000_2000_pt220_ak4_ca6_th85.root,ok,,1000,1000,1.0,0.0,0.29,0.01434921600645833,0.1585,0.688,0.54,0.54,0.45999999999999996,0.015760710643876435,1731.431673983505,617.8869535115633,2061.0199578692577,0.8657158369917526,0.30894347675578165,1.0305099789346288,0.41674558287289437,0.09019428435499488,0.8901739991737191
WbHt_6000_2000,WbHt,6000,2000,85,100,0.8,1.4,/eos/uscms/store/user/aji/rootfiles_existingOptimization/WbHt_6000_2000_pt100_ak8_ca14_th85.root,ok,,1000,1000,1.0,0.0,0.095,0.00927227048785787,0.0475,0.615,0.476,0.476,0.524,0.01579316307773715,1997.5169724527402,1280.9986401255933,2745.135299962801,0.9987584862263701,0.6404993200627965,1.3725676499814006,0.3664891663071585,0.09281700862717843,0.8906133176845215
WbHt_6000_2000,WbHt,6000,2000,85,240,1.2,1.2,/eos/uscms/store/user/aji/rootfiles_existingOptimization/WbHt_6000_2000_pt240_ak12_ca12_th85.root,ok,,1000,1000,1.0,0.0,0.138,0.01090669519148674,0.071,0.6275,0.489,0.489,0.511,0.015807561481771943,2122.173958645637,1071.5652660023284,2657.9810963512364,1.0610869793228184,0.5357826330011641,1.3289905481756183,0.37377139227581346,0.07920673351757593,0.8908800902080953
WbHt_6000_2000,WbHt,6000,2000,85,200,0.4,0.8,/eos/uscms/store/user/aji/rootfiles_existingOptimization/WbHt_6000_2000_pt200_ak4_ca8_th85.root,ok,,1000,1000,1.0,0.0,0.288,0.014319776534569246,0.1535,0.6825,0.541,0.541,0.45899999999999996,0.015758140753274162,1747.4674102240147,644.7587834627161,2110.494202258581,0.8737337051120074,0.32237939173135804,1.0552471011292905,0.41938848479239066,0.08863084882786923,0.89101511428119
WbHt_6000_2000,WbHt,6000,2000,85,180,0.6,1.2,/eos/uscms/store/user/aji/rootfiles_existingOptimization/WbHt_6000_2000_pt180_ak6_ca12_th85.root,ok,,1000,1000,1.0,0.0,0.228,0.013267102170406317,0.1165,0.656,0.513,0.513,0.487,0.015806043148112688,1840.7402786697453,876.1529007870514,2353.746208209654,0.9203701393348727,0.4380764503935257,1.176873104104827,0.401358443813274,0.10191574206215492,0.8963214298797868
WbHt_6000_2000,WbHt,6000,2000,85,140,0.4,1.2,/eos/uscms/store/user/aji/rootfiles_existingOptimization/WbHt_6000_2000_pt140_ak4_ca12_th85.root,ok,,1000,1000,1.0,0.0,0.218,0.0130566458173606,0.1105,0.653,0.51,0.51,0.49,0.0158082257068907,1771.0900811335487,867.7803327967778,2268.9495331216867,0.8855450405667744,0.43389016639838884,1.1344747665608435,0.3955668927432874,0.1024171739468423,0.8970123886866099
WbHt_6000_2000,WbHt,6000,2000,85,360,1.2,1.0,/eos/uscms/store/user/aji/rootfiles_existingOptimization/WbHt_6000_2000_pt360_ak12_ca10_th85.root,ok,,1000,1000,1.0,0.0,0.154,0.011414201680362931,0.085,0.642,0.496,0.496,0.504,0.01581088232832058,2078.1200433525128,866.1302459391693,2497.7929667860176,1.0390600216762564,0.43306512296958466,1.2488964833930087,0.39258144063097034,0.06491255794225945,0.9004874427985959
WbHt_6000_2000,WbHt,6000,2000,85,140,0.8,1.4,/eos/uscms/store/user/aji/rootfiles_existingOptimization/WbHt_6000_2000_pt140_ak8_ca14_th85.root,ok,,1000,1000,1.0,0.0,0.148,0.011229247525992114,0.074,0.63,0.479,0.479,0.521,0.015797436500901024,1941.6957859949391,1097.8638948592804,2563.988122030394,0.9708478929974695,0.5489319474296401,1.2819940610151972,0.37753705749015193,0.1166432679019613,0.9014522681904049
WbHt_6000_2000,WbHt,6000,2000,85,240,1.4,1.2,/eos/uscms/store/user/aji/rootfiles_existingOptimization/WbHt_6000_2000_pt240_ak14_ca12_th85.root,ok,,1000,1000,1.0,0.0,0.047,0.006692607862410586,0.025,0.5735,0.437,0.437,0.563,0.01568537535413163,2264.2396814510334,1372.8182493905817,2849.1504410136968,1.1321198407255166,0.6864091246952909,1.4245752205068483,0.3260105817677858,0.05642841614919127,0.9022225658403373
WbHt_6000_2000,WbHt,6000,2000,85,180,1.0,1.4,/eos/uscms/store/user/aji/rootfiles_existingOptimization/WbHt_6000_2000_pt180_ak10_ca14_th85.root,ok,,1000,1000,1.0,0.0,0.156,0.011474493452871897,0.078,0.6215,0.472,0.472,0.528,0.015786576576319513,2024.791791478959,1124.4322054933323,2634.9517552828734,1.0123958957394796,0.5622161027466661,1.3174758776414366,0.37300614219850703,0.10709620903944839,0.902245731772455
WbHt_6000_2000,WbHt,6000,2000,85,260,0.6,0.8,/eos/uscms/store/user/aji/rootfiles_existingOptimization/WbHt_6000_2000_pt260_ak6_ca8_th85.root,ok,,1000,1000,1.0,0.0,0.313,0.014663935351739656,0.1695,0.6955,0.564,0.564,0.43600000000000005,0.015681326474504636,1831.554531017144,483.2673324071961,2165.574779754171,0.915777265508572,0.24163366620359805,1.0827873898770854,0.45925671850259203,0.07934588520456681,0.903678991951735
WbHt_6000_2000,WbHt,6000,2000,85,300,0.8,0.8,/eos/uscms/store/user/aji/rootfiles_existingOptimization/WbHt_6000_2000_pt300_ak8_ca8_th85.root,ok,,1000,1000,1.0,0.0,0.312,0.014651143300097777,0.1675,0.6925,0.555,0.555,0.44499999999999995,0.01571543826942157,1908.0988921466328,533.2428848968343,2266.16834589974,0.9540494460733164,0.2666214424484171,1.1330841729498702,0.45409739194737053,0.07344470991355431,0.9036924473400388
WbHt_6000_2000,WbHt,6000,2000,85,240,0.8,1.2,/eos/uscms/store/user/aji/rootfiles_existingOptimization/WbHt_6000_2000_pt240_ak8_ca12_th85.root,ok,,1000,1000,1.0,0.0,0.251,0.013711272734505722,0.1305,0.649,0.508,0.508,0.492,0.015809364313595912,1910.5923751172804,842.9257261879112,2408.355580403707,0.9552961875586403,0.4214628630939556,1.2041777902018533,0.40967133403316924,0.09088774300600214,0.9061417152773052
WbHt_6000_2000,WbHt,6000,2000,85,180,1.4,1.2,/eos/uscms/store/user/aji/rootfiles_existingOptimization/WbHt_6000_2000_pt180_ak14_ca12_th85.root,ok,,1000,1000,1.0,0.0,0.033,0.005648982209212559,0.0165,0.5385,0.424,0.424,0.5760000000000001,0.015627667772255716,2347.0872942924934,1766.5569443730242,3237.243614847516,1.1735436471462466,0.8832784721865121,1.618621807423758,0.313300377461635,0.04103093577653347,0.9066547421762599
WbHt_6000_2000,WbHt,6000,2000,85,260,1.0,1.2,/eos/uscms/store/user/aji/rootfiles_existingOptimization/WbHt_6000_2000_pt260_ak10_ca12_th85.root,ok,,1000,1000,1.0,0.0,0.227,0.013246546719805883,0.1185,0.6505,0.51,0.51,0.49,0.0158082257068907,2000.4854929917456,842.7137516169295,2512.7247341877,1.0002427464958727,0.42135687580846476,1.25636236709385,0.41740142290990895,0.08560534640239573,0.9074256975594962
WbHt_6000_2000,WbHt,6000,2000,85,380,0.6,0.4,/eos/uscms/store/user/aji/rootfiles_existingOptimization/WbHt_6000_2000_pt380_ak6_ca4_th85.root,ok,,1000,1000,1.0,0.0,0.279,0.014183053267896867,0.1815,0.653,0.52,0.52,0.48,0.0157987341265052,1778.6938730732431,524.6617270217345,2006.106643845586,0.8893469365366216,0.2623308635108672,1.003053321922793,0.41644178890215605,0.05766443678187229,0.9075070952484938
WbHt_6000_2000,WbHt,6000,2000,85,140,1.2,1.2,/eos/uscms/store/user/aji/rootfiles_existingOptimization/WbHt_6000_2000_pt140_ak12_ca12_th85.root,ok,,1000,1000,1.0,0.0,0.066,0.007851369307324678,0.033,0.559,0.439,0.439,0.5609999999999999,0.015693278816104682,2260.6209078773704,1793.450433356389,3314.9436325746447,1.130310453938685,0.8967252166781945,1.6574718162873223,0.3365210845207291,0.05613736465535804,0.9105521299145976
WbHt_6000_2000,WbHt,6000,2000,85,260,1.4,1.2,/eos/uscms/store/user/aji/rootfiles_existingOptimization/WbHt_6000_2000_pt260_ak14_ca12_th85.root,ok,,1000,1000,1.0,0.0,0.051,0.00695693898205238,0.027,0.576,0.438,0.438,0.562,0.01568935945155187,2247.215537548257,1292.387623264143,2805.173890211225,1.1236077687741286,0.6461938116320715,1.4025869451056125,0.3365912707682576,0.06305748243879167,0.9109520476456705
WbHt_6000_2000,WbHt,6000,2000,85,300,1.0,1.0,/eos/uscms/store/user/aji/rootfiles_existingOptimization/WbHt_6000_2000_pt300_ak10_ca10_th85.root,ok,,1000,1000,1.0,0.0,0.261,0.013888088421377507,0.138,0.6625,0.52,0.52,0.48,0.0157987341265052,1994.3437969259367,704.0978174379995,2429.028595466684,0.9971718984629683,0.35204890871899974,1.2145142977333419,0.4324557232026587,0.07791603216774814,0.9127385333563618
WbHt_6000_2000,WbHt,6000,2000,85,280,0.6,0.6,/eos/uscms/store/user/aji/rootfiles_existingOptimization/WbHt_6000_2000_pt280_ak6_ca6_th85.root,ok,,1000,1000,1.0,0.0,0.316,0.014701836619960105,0.1745,0.705,0.571,0.571,0.42900000000000005,0.015651166090742248,1825.8810680620677,391.13049885299773,2127.6337695787192,0.9129405340310338,0.19556524942649886,1.0638168847893597,0.4755247483256922,0.07208558109591573,0.9132306949225888
WbHt_6000_2000,WbHt,6000,2000,85,200,1.2,1.4,/eos/uscms/store/user/aji/rootfiles_existingOptimization/WbHt_6000_2000_pt200_ak12_ca14_th85.root,ok,,1000,1000,1.0,0.0,0.119,0.010239091756596383,0.0595,0.6055,0.456,0.456,0.544,0.01575004761897563,2139.4702161731393,1171.1471431519642,2735.143440824757,1.0697351080865696,0.5855735715759821,1.3675717204123783,0.36551018234558685,0.09446973754068785,0.9164836931542438
WbHt_6000_2000,WbHt,6000,2000,85,400,1.0,0.8,/eos/uscms/store/user/aji/rootfiles_existingOptimization/WbHt_6000_2000_pt400_ak10_ca8_th85.root,ok,,1000,1000,1.0,0.0,0.24,0.013505554412907307,0.1405,0.6495,0.506,0.506,0.494,0.015810249839898167,1959.5852754872149,646.4405346693927,2295.4716195207347,0.9797926377436074,0.32322026733469633,1.1477358097603674,0.42076022551285525,0.059475856606180065,0.9167809617384945
WbHt_6000_2000,WbHt,6000,2000,85,200,1.0,1.4,/eos/uscms/store/user/aji/rootfiles_existingOptimization/WbHt_6000_2000_pt200_ak10_ca14_th85.root,ok,,1000,1000,1.0,0.0,0.178,0.012096115078817662,0.09,0.617,0.467,0.467,0.5329999999999999,0.015776913513105152,2014.4572190908887,1053.077178937007,2608.8846432463743,1.0072286095454444,0.5265385894685035,1.304442321623187,0.38616046286937106,0.11517896169025936,0.9198833238239155
WbHt_6000_2000,WbHt,6000,2000,85,280,1.4,1.2,/eos/uscms/store/user/aji/rootfiles_existingOptimization/WbHt_6000_2000_pt280_ak14_ca12_th85.root,ok,,1000,1000,1.0,0.0,0.055,0.00720936890441875,0.0295,0.575,0.434,0.434,0.5660000000000001,0.015673034167001616,2237.236909112629,1234.1913165396368,2769.6269918401417,1.1186184545563145,0.6170956582698184,1.3848134959200706,0.34315446635231744,0.06594197810078908,0.9210163118079489
WbHt_6000_2000,WbHt,6000,2000,85,120,0.6,1.4,/eos/uscms/store/user/aji/rootfiles_existingOptimization/WbHt_6000_2000_pt120_ak6_ca14_th85.root,ok,,1000,1000,1.0,0.0,0.166,0.011766222843376714,0.083,0.631,0.485,0.485,0.515,0.01580427157448264,1865.708063721895,983.9555491045421,2474.1413015149656,0.9328540318609475,0.49197777455227104,1.237070650757483,0.3993619852394422,0.12510461606622858,0.9210765820533475
WbHt_6000_2000,WbHt,6000,2000,85,120,1.0,1.4,/eos/uscms/store/user/aji/rootfiles_existingOptimization/WbHt_6000_2000_pt120_ak10_ca14_th85.root,ok,,1000,1000,1.0,0.0,0.086,0.008865889690267977,0.043,0.5845,0.451,0.451,0.5489999999999999,0.015735278834517044,2119.9794633619254,1468.191703827681,3021.0616342905428,1.0599897316809628,0.7340958519138406,1.5105308171452714,0.36624645599167144,0.0808544657701107,0.9212454291597676
WbHt_6000_2000,WbHt,6000,2000,85,240,0.6,1.0,/eos/uscms/store/user/aji/rootfiles_existingOptimization/WbHt_6000_2000_pt240_ak6_ca10_th85.root,ok,,1000,1000,1.0,0.0,0.302,0.014518815378673288,0.1605,0.6685,0.53,0.53,0.47,0.015782902141241326,1830.6885776782547,590.7639233640707,2214.2957853960033,0.9153442888391273,0.29538196168203534,1.1071478926980016,0.4434210935239882,0.09411403196094668,0.9218866646400754
WbHt_6000_2000,WbHt,6000,2000,85,380,1.2,1.0,/eos/uscms/store/user/aji/rootfiles_existingOptimization/WbHt_6000_2000_pt380_ak12_ca10_th85.root,ok,,1000,1000,1.0,0.0,0.162,0.011651437679531225,0.0905,0.631,0.48,0.48,0.52,0.0157987341265052,2069.012756164006,838.7324559810127,2492.356144019884,1.034506378082003,0.4193662279905063,1.246178072009942,0.39961660050485265,0.06732942101297823,0.9230672383130529
WbHt_6000_2000,WbHt,6000,2000,85,260,1.2,1.2,/eos/uscms/store/user/aji/rootfiles_existingOptimization/WbHt_6000_2000_pt260_ak12_ca12_th85.root,ok,,1000,1000,1.0,0.0,0.153,0.011383804285035824,0.079,0.618,0.477,0.477,0.523,0.01579465099329517,2113.8067659205976,968.4820626669027,2643.632159704047,1.0569033829602987,0.48424103133345137,1.3218160798520235,0.396240120914645,0.0837533722208957,0.9249304592106748
WbHt_6000_2000,WbHt,6000,2000,85,280,0.8,1.0,/eos/uscms/store/user/aji/rootfiles_existingOptimization/WbHt_6000_2000_pt280_ak8_ca10_th85.root,ok,,1000,1000,1.0,0.0,0.302,0.014518815378673288,0.1605,0.6715,0.533,0.533,0.46699999999999997,0.015776913513105152,1906.7106686794984,590.1107573676792,2319.365589359237,0.9533553343397492,0.2950553786838396,1.1596827946796184,0.45346545241422537,0.07858373642056474,0.9251299189802504
WbHt_6000_2000,WbHt,6000,2000,85,400,0.8,0.6,/eos/uscms/store/user/aji/rootfiles_existingOptimization/WbHt_6000_2000_pt400_ak8_ca6_th85.root,ok,,1000,1000,1.0,0.0,0.263,0.013922320208930694,0.169,0.648,0.502,0.502,0.498,0.01581126180922952,1870.1809742691253,566.0435778410122,2142.2966877230538,0.9350904871345627,0.28302178892050606,1.0711483438615268,0.42141726698349286,0.05037600423174231,0.9259082182700367
WbHt_6000_2000,WbHt,6000,2000,85,160,0.8,1.4,/eos/uscms/store/user/aji/rootfiles_existingOptimization/WbHt_6000_2000_pt160_ak8_ca14_th85.root,ok,,1000,1000,1.0,0.0,0.165,0.011737759581794134,0.0825,0.622,0.469,0.469,0.531,0.01578096955196353,1932.4555185878191,1022.4277853070105,2539.6613371887925,0.9662277592939096,0.5112138926535053,1.269830668594396,0.3925662291545346,0.1231119826021711,0.9269434532251437
WbHt_6000_2000,WbHt,6000,2000,85,180,1.2,1.4,/eos/uscms/store/user/aji/rootfiles_existingOptimization/WbHt_6000_2000_pt180_ak12_ca14_th85.root,ok,,1000,1000,1.0,0.0,0.11,0.009894442884771228,0.055,0.596,0.445,0.445,0.5549999999999999,0.01571543826942157,2156.7085537780977,1265.6052030782773,2849.077584452145,1.0783542768890486,0.6328026015391387,1.4245387922260724,0.367103932193332,0.08770816385791401,0.9299393598822367
WbHt_6000_2000,WbHt,6000,2000,85,240,0.4,0.4,/eos/uscms/store/user/aji/rootfiles_existingOptimization/WbHt_6000_2000_pt240_ak4_ca4_th85.root,ok,,1000,1000,1.0,0.0,0.298,0.014463609508003178,0.1685,0.6925,0.548,0.548,0.45199999999999996,0.015738360778683402,1722.523905293311,423.377968961639,2026.3330099397408,0.8612619526466554,0.2116889844808195,1.0131665049698704,0.46529253848153446,0.08328006608190182,0.9311663432168689
WbHt_6000_2000,WbHt,6000,2000,85,100,0.4,1.4,/eos/uscms/store/user/aji/rootfiles_existingOptimization/WbHt_6000_2000_pt100_ak4_ca14_th85.root,ok,,1000,1000,1.0,0.0,0.186,0.012304633273690036,0.093,0.632,0.482,0.482,0.518,0.01580113919943749,1800.2636728910938,924.7471933192786,2381.852204373761,0.9001318364455468,0.4623735966596393,1.1909261021868807,0.40469211066023375,0.12194606002457145,0.932678927015679
WbHt_6000_2000,WbHt,6000,2000,85,180,0.4,1.0,/eos/uscms/store/user/aji/rootfiles_existingOptimization/WbHt_6000_2000_pt180_ak4_ca10_th85.root,ok,,1000,1000,1.0,0.0,0.284,0.014259873772232347,0.149,0.654,0.514,0.514,0.486,0.015805189021330938,1753.2120373223534,651.5324321251112,2176.136193415454,0.8766060186611766,0.3257662160625556,1.088068096707727,0.43480301550371525,0.10264028677406135,0.9331424136375976
WbHt_6000_2000,WbHt,6000,2000,85,140,0.6,1.4,/eos/uscms/store/user/aji/rootfiles_existingOptimization/WbHt_6000_2000_pt140_ak6_ca14_th85.root,ok,,1000,1000,1.0,0.0,0.181,0.0121753439376471,0.091,0.626,0.477,0.477,0.523,0.01579465099329517,1848.3868466441763,934.0191165551305,2436.1901234511542,0.9241934233220881,0.4670095582775653,1.218095061725577,0.40634648791817524,0.13202513495700763,0.9369271455859665
WbHt_6000_2000,WbHt,6000,2000,85,100,1.0,1.0,/eos/uscms/store/user/aji/rootfiles_existingOptimization/WbHt_6000_2000_pt100_ak10_ca10_th85.root,ok,,1000,1000,1.0,0.0,0.046,0.006624499981130651,0.023,0.569,0.493,0.493,0.507,0.015809838708854686,2277.036726112957,1826.370898359845,3724.047279525243,1.1385183630564784,0.9131854491799224,1.8620236397626215,0.4166986767062053,0.03597453121979981,0.9375505130118531
WbHt_6000_2000,WbHt,6000,2000,85,220,1.2,1.4,/eos/uscms/store/user/aji/rootfiles_existingOptimization/WbHt_6000_2000_pt220_ak12_ca14_th85.root,ok,,1000,1000,1.0,0.0,0.134,0.010772372069326236,0.068,0.5995,0.451,0.451,0.5489999999999999,0.015735278834517044,2122.173958645637,1062.3196991834861,2705.3450309194477,1.0610869793228184,0.5311598495917431,1.352672515459724,0.38710901268068854,0.101724491989443,0.9422177106129703
WbHt_6000_2000,WbHt,6000,2000,85,200,0.6,1.2,/eos/uscms/store/user/aji/rootfiles_existingOptimization/WbHt_6000_2000_pt200_ak6_ca12_th85.root,ok,,1000,1000,1.0,0.0,0.263,0.013922320208930694,0.138,0.6405,0.495,0.495,0.505,0.01581059771166163,1830.194767660511,726.6235312468079,2302.6074781525945,0.9150973838302554,0.36331176562340395,1.1513037390762972,0.43055088309544365,0.11183064431464787,0.9440411447124181
WbHt_6000_2000,WbHt,6000,2000,85,160,1.2,1.4,/eos/uscms/store/user/aji/rootfiles_existingOptimization/WbHt_6000_2000_pt160_ak12_ca14_th85.root,ok,,1000,1000,1.0,0.0,0.093,0.009184280047995052,0.0465,0.5695,0.427,0.427,0.573,0.015641962792437528,2185.5961006598354,1417.8491793424182,3003.5070365372026,1.0927980503299177,0.7089245896712091,1.5017535182686013,0.3627518041224706,0.08182673809519354,0.9450316091554622
WbHt_6000_2000,WbHt,6000,2000,85,400,0.6,0.4,/eos/uscms/store/user/aji/rootfiles_existingOptimization/WbHt_6000_2000_pt400_ak6_ca4_th85.root,ok,,1000,1000,1.0,0.0,0.294,0.014407081592050487,0.197,0.638,0.499,0.499,0.501,0.015811356678033673,1762.0360583847933,466.73267823587906,1996.7898495171933,0.8810180291923966,0.23336633911793953,0.9983949247585966,0.4341730590586985,0.06089361535415522,0.9470712561394589
WbHt_6000_2000,WbHt,6000,2000,85,400,1.2,1.0,/eos/uscms/store/user/aji/rootfiles_existingOptimization/WbHt_6000_2000_pt400_ak12_ca10_th85.root,ok,,1000,1000,1.0,0.0,0.179,0.01212266472356635,0.1005,0.6215,0.469,0.469,0.531,0.01578096955196353,2059.1513241342986,776.2754644967291,2478.0094667456374,1.0295756620671495,0.38813773224836456,1.2390047333728187,0.41321246823963875,0.07510879061887551,0.9471700344463537
WbHt_6000_2000,WbHt,6000,2000,85,160,0.4,1.2,/eos/uscms/store/user/aji/rootfiles_existingOptimization/WbHt_6000_2000_pt160_ak4_ca12_th85.root,ok,,1000,1000,1.0,0.0,0.256,0.013800869537822608,0.132,0.6335,0.487,0.487,0.513,0.015806043148112688,1754.4868483927494,776.4472340352635,2259.4812592064113,0.8772434241963747,0.38822361701763175,1.1297406296032055,0.4226403938364444,0.11267003449836724,0.947916051416807
WbHt_6000_2000,WbHt,6000,2000,85,180,0.8,1.4,/eos/uscms/store/user/aji/rootfiles_existingOptimization/WbHt_6000_2000_pt180_ak8_ca14_th85.root,ok,,1000,1000,1.0,0.0,0.185,0.012279047194306243,0.0935,0.6135,0.46,0.46,0.54,0.015760710643876435,1920.575351631458,982.0284258213821,2536.3320112058755,0.9602876758157289,0.49101421291069103,1.2681660056029378,0.40464530174881447,0.12895808231900446,0.9486165341672417
WbHt_6000_2000,WbHt,6000,2000,85,220,1.0,1.4,/eos/uscms/store/user/aji/rootfiles_existingOptimization/WbHt_6000_2000_pt220_ak10_ca14_th85.root,ok,,1000,1000,1.0,0.0,0.2,0.01264911064067352,0.1025,0.61,0.459,0.459,0.5409999999999999,0.015758140753274162,2002.7823818074603,959.7422097447972,2592.192708104466,1.00139119090373,0.4798711048723986,1.2960963540522328,0.4075456507876865,0.12352304437455594,0.9486847698780594
WbHt_6000_2000,WbHt,6000,2000,85,320,0.8,0.8,/eos/uscms/store/user/aji/rootfiles_existingOptimization/WbHt_6000_2000_pt320_ak8_ca8_th85.root,ok,,1000,1000,1.0,0.0,0.343,0.015011695440555674,0.186,0.6735,0.529,0.529,0.471,0.01578477114183161,1896.6275614326523,454.8682872554477,2247.8081279463654,0.9483137807163262,0.22743414362772385,1.1239040639731828,0.47266523938326294,0.08012331682213983,0.9488338613116303
WbHt_6000_2000,WbHt,6000,2000,85,280,1.0,1.2,/eos/uscms/store/user/aji/rootfiles_existingOptimization/WbHt_6000_2000_pt280_ak10_ca12_th85.root,ok,,1000,1000,1.0,0.0,0.254,0.013765318739498916,0.133,0.6375,0.49,0.49,0.51,0.0158082257068907,1995.5832320294626,735.2735772367748,2492.4132225589046,0.9977916160147313,0.3676367886183874,1.2462066112794523,0.44025716821020766,0.0948060770753854,0.9504780066087345
WbHt_6000_2000,WbHt,6000,2000,85,280,0.6,0.8,/eos/uscms/store/user/aji/rootfiles_existingOptimization/WbHt_6000_2000_pt280_ak6_ca8_th85.root,ok,,1000,1000,1.0,0.0,0.338,0.014958475858188226,0.1855,0.681,0.545,0.545,0.45499999999999996,0.015747221977225064,1825.2697692072934,377.33142179168215,2157.892643767316,0.9126348846036467,0.18866571089584108,1.078946321883658,0.48775289330215654,0.08278498721666178,0.9514894048417919
WbHt_6000_2000,WbHt,6000,2000,85,320,1.0,1.0,/eos/uscms/store/user/aji/rootfiles_existingOptimization/WbHt_6000_2000_pt320_ak10_ca10_th85.root,ok,,1000,1000,1.0,0.0,0.293,0.014392741226048637,0.156,0.648,0.499,0.499,0.501,0.015811356678033673,1989.0040181349286,620.9500011724172,2412.4947758738267,0.9945020090674643,0.3104750005862086,1.2062473879369133,0.45036228141492773,0.09244508694462386,0.9519120805081813
WbHt_6000_2000,WbHt,6000,2000,85,280,1.2,1.2,/eos/uscms/store/user/aji/rootfiles_existingOptimization/WbHt_6000_2000_pt280_ak12_ca12_th85.root,ok,,1000,1000,1.0,0.0,0.171,0.011906258858264422,0.0885,0.612,0.467,0.467,0.5329999999999999,0.015776913513105152,2098.852267663885,879.7746431321333,2626.7114779041103,1.0494261338319426,0.43988732156606664,1.3133557389520552,0.41616479198805034,0.09069893578244567,0.9541074053712445
WbHt_6000_2000,WbHt,6000,2000,85,300,0.8,1.0,/eos/uscms/store/user/aji/rootfiles_existingOptimization/WbHt_6000_2000_pt300_ak8_ca10_th85.root,ok,,1000,1000,1.0,0.0,0.324,0.014799459449588015,0.1735,0.6625,0.519,0.519,0.481,0.01579996835439869,1903.428594212082,498.366284485671,2294.3476667290224,0.951714297106041,0.2491831422428355,1.1471738333645114,0.4717753499407716,0.0868087768637967,0.9576039202301674
WbHt_6000_2000,WbHt,6000,2000,85,260,0.8,1.2,/eos/uscms/store/user/aji/rootfiles_existingOptimization/WbHt_6000_2000_pt260_ak8_ca12_th85.root,ok,,1000,1000,1.0,0.0,0.283,0.014244683218660919,0.149,0.6405,0.489,0.489,0.511,0.015807561481771943,1903.692999671699,688.1168262433024,2371.4490153424663,0.9518464998358496,0.3440584131216512,1.185724507671233,0.4421228079815029,0.09977676923208062,0.957938157997918
WbHt_6000_2000,WbHt,6000,2000,85,240,1.2,1.4,/eos/uscms/store/user/aji/rootfiles_existingOptimization/WbHt_6000_2000_pt240_ak12_ca14_th85.root,ok,,1000,1000,1.0,0.0,0.151,0.01132249972400088,0.0775,0.5945,0.445,0.445,0.5549999999999999,0.01571543826942157,2111.459779941816,1006.3075951746424,2684.9959312010064,1.055729889970908,0.5031537975873213,1.3424979656005034,0.397518425871371,0.11058343158851004,0.9580914148684617
WbHt_6000_2000,WbHt,6000,2000,85,300,1.4,1.2,/eos/uscms/store/user/aji/rootfiles_existingOptimization/WbHt_6000_2000_pt300_ak14_ca12_th85.root,ok,,1000,1000,1.0,0.0,0.068,0.007960904471226871,0.0365,0.5665,0.417,0.417,0.583,0.015592017188292218,2223.600691508108,1140.2985095823433,2759.584712530432,1.111800345754054,0.5701492547911717,1.3797923562652161,0.3641135319691423,0.07524127409841506,0.9582935665445477
WbHt_6000_2000,WbHt,6000,2000,85,300,0.6,0.6,/eos/uscms/store/user/aji/rootfiles_existingOptimization/WbHt_6000_2000_pt300_ak6_ca6_th85.root,ok,,1000,1000,1.0,0.0,0.35,0.015083103128998356,0.195,0.6875,0.544,0.544,0.45599999999999996,0.01575004761897563,1815.8544450684833,306.30427146954395,2117.483429738049,0.9079272225342416,0.15315213573477196,1.0587417148690246,0.49871264824868666,0.08189965018179965,0.9639199259952624
WbHt_6000_2000,WbHt,6000,2000,85,220,0.4,0.8,/eos/uscms/store/user/aji/rootfiles_existingOptimization/WbHt_6000_2000_pt220_ak4_ca8_th85.root,ok,,1000,1000,1.0,0.0,0.324,0.014799459449588015,0.1755,0.6695,0.52,0.52,0.48,0.0157987341265052,1733.242332201625,455.0131181313981,2087.8688791231707,0.8666211661008125,0.22750655906569903,1.0439344395615855,0.47104081485179927,0.10363703791577414,0.964378698241718
WbHt_6000_2000,WbHt,6000,2000,85,300,1.0,1.2,/eos/uscms/store/user/aji/rootfiles_existingOptimization/WbHt_6000_2000_pt300_ak10_ca12_th85.root,ok,,1000,1000,1.0,0.0,0.271,0.014055568291606,0.143,0.6315,0.48,0.48,0.52,0.0157987341265052,1992.1757806071905,686.2694663377836,2463.1837654408127,0.9960878903035952,0.34313473316889176,1.2315918827204062,0.4459732711340983,0.10033494006590771,0.9663644821037387
WbHt_6000_2000,WbHt,6000,2000,85,220,0.6,1.2,/eos/uscms/store/user/aji/rootfiles_existingOptimization/WbHt_6000_2000_pt220_ak6_ca12_th85.root,ok,,1000,1000,1.0,0.0,0.281,0.014214042352547005,0.1495,0.634,0.486,0.486,0.514,0.015805189021330938,1820.9221354913925,664.7728353646672,2294.1126621491717,0.9104610677456961,0.33238641768233357,1.1470563310745858,0.4473941513003829,0.1176365664136801,0.9703480445258132
WbHt_6000_2000,WbHt,6000,2000,85,240,1.0,1.4,/eos/uscms/store/user/aji/rootfiles_existingOptimization/WbHt_6000_2000_pt240_ak10_ca14_th85.root,ok,,1000,1000,1.0,0.0,0.218,0.0130566458173606,0.112,0.6025,0.454,0.454,0.546,0.015744332313566048,1996.1317661971982,874.6390782943195,2571.1524323198346,0.9980658830985991,0.4373195391471597,1.2855762161599174,0.4249502419515918,0.12789219302966232,0.9711436536417319
WbHt_6000_2000,WbHt,6000,2000,85,200,0.4,1.0,/eos/uscms/store/user/aji/rootfiles_existingOptimization/WbHt_6000_2000_pt200_ak4_ca10_th85.root,ok,,1000,1000,1.0,0.0,0.316,0.014701836619960105,0.1675,0.6415,0.493,0.493,0.507,0.015809838708854686,1736.6045204006668,568.0178507402806,2137.000475323985,0.8683022602003334,0.2840089253701403,1.0685002376619925,0.4517386100727502,0.10951769011851134,0.9719083840527168
WbHt_6000_2000,WbHt,6000,2000,85,120,0.4,1.4,/eos/uscms/store/user/aji/rootfiles_existingOptimization/WbHt_6000_2000_pt120_ak4_ca14_th85.root,ok,,1000,1000,1.0,0.0,0.211,0.012902674141432851,0.1055,0.6145,0.458,0.458,0.542,0.015755506973753653,1777.0512699204014,849.505689637727,2338.210294400541,0.8885256349602006,0.4247528448188635,1.1691051472002707,0.41886934551682836,0.14000946351262641,0.9720167820208083
WbHt_6000_2000,WbHt,6000,2000,85,160,0.6,1.4,/eos/uscms/store/user/aji/rootfiles_existingOptimization/WbHt_6000_2000_pt160_ak6_ca14_th85.root,ok,,1000,1000,1.0,0.0,0.209,0.012857643641040918,0.1055,0.6115,0.459,0.459,0.5409999999999999,0.015758140753274162,1835.2446340541817,868.6155217845624,2430.25517398801,0.9176223170270909,0.4343077608922812,1.2151275869940052,0.42545817141382364,0.14888137175559668,0.9746959397111146
WbHt_6000_2000,WbHt,6000,2000,85,100,0.6,1.6,/eos/uscms/store/user/aji/rootfiles_existingOptimization/WbHt_6000_2000_pt100_ak6_ca16_th85.root,ok,,1000,1000,1.0,0.0,0.165,0.011737759581794134,0.0825,0.603,0.439,0.439,0.5609999999999999,0.015693278816104682,1873.0356246080742,961.9825807577654,2489.689129201807,0.936517812304037,0.48099129037888266,1.2448445646009036,0.4078156678850433,0.18422564033570726,0.9751638866546396
WbHt_6000_2000,WbHt,6000,2000,85,160,1.0,1.6,/eos/uscms/store/user/aji/rootfiles_existingOptimization/WbHt_6000_2000_pt160_ak10_ca16_th85.root,ok,,1000,1000,1.0,0.0,0.159,0.011563693181678594,0.0795,0.591,0.426,0.426,0.5740000000000001,0.015637263187655313,2016.0369801965062,1100.216448801537,2718.375302762493,1.0080184900982532,0.5501082244007685,1.3591876513812462,0.4013217192581534,0.17137627779331577,0.9761235682679787
WbHt_6000_2000,WbHt,6000,2000,85,200,0.8,1.4,/eos/uscms/store/user/aji/rootfiles_existingOptimization/WbHt_6000_2000_pt200_ak8_ca14_th85.root,ok,,1000,1000,1.0,0.0,0.215,0.012991343271578963,0.1095,0.604,0.444,0.444,0.556,0.015711906313366306,1912.6686833133147,901.4462999722373,2497.740619897081,0.9563343416566573,0.4507231499861186,1.2488703099485405,0.4172950427461342,0.14348355394177514,0.9776616085804686
WbHt_6000_2000,WbHt,6000,2000,85,320,1.4,1.2,/eos/uscms/store/user/aji/rootfiles_existingOptimization/WbHt_6000_2000_pt320_ak14_ca12_th85.root,ok,,1000,1000,1.0,0.0,0.072,0.008174105455644672,0.039,0.5615,0.407,0.407,0.593,0.015535475531827148,2209.159911615201,1084.4062447194394,2739.782692496818,1.1045799558076004,0.5422031223597197,1.369891346248409,0.3746619787625673,0.08553972356345389,0.9781199743433273
WbHt_6000_2000,WbHt,6000,2000,85,260,0.6,1.0,/eos/uscms/store/user/aji/rootfiles_existingOptimization/WbHt_6000_2000_pt260_ak6_ca10_th85.root,ok,,1000,1000,1.0,0.0,0.33,0.014869431730903503,0.178,0.6555,0.512,0.512,0.488,0.01580683396509244,1819.8254479701325,435.9393843231743,2198.8749201002197,0.9099127239850662,0.21796969216158715,1.0994374600501098,0.48436940414902346,0.10339371922467266,0.9813781317505168
WbHt_6000_2000,WbHt,6000,2000,85,340,1.0,1.0,/eos/uscms/store/user/aji/rootfiles_existingOptimization/WbHt_6000_2000_pt340_ak10_ca10_th85.root,ok,,1000,1000,1.0,0.0,0.317,0.014714312760030624,0.1695,0.634,0.481,0.481,0.519,0.01579996835439869,1979.8108591016598,573.9515794016845,2405.4800194694717,0.98990542955083,0.28697578970084225,1.202740009734736,0.4625513673813377,0.10121107754419845,0.9825608244262547
WbHt_6000_2000,WbHt,6000,2000,85,300,1.2,1.2,/eos/uscms/store/user/aji/rootfiles_existingOptimization/WbHt_6000_2000_pt300_ak12_ca12_th85.root,ok,,1000,1000,1.0,0.0,0.192,0.012455360291858283,0.0995,0.601,0.449,0.449,0.5509999999999999,0.015728922404284407,2089.2257156182395,819.4457570403911,2608.2498975625113,1.0446128578091196,0.4097228785201955,1.3041249487812556,0.42810217372630344,0.0975110431881905,0.9835634595072154
WbHt_6000_2000,WbHt,6000,2000,85,140,1.0,1.6,/eos/uscms/store/user/aji/rootfiles_existingOptimization/WbHt_6000_2000_pt140_ak10_ca16_th85.root,ok,,1000,1000,1.0,0.0,0.138,0.01090669519148674,0.069,0.581,0.423,0.423,0.577,0.015622771841129857,2043.1261069416912,1185.1192682752448,2840.6027051628844,1.0215630534708455,0.5925596341376225,1.420301352581442,0.4051349134209084,0.1499786783341278,0.9842912187679929
WbHt_6000_2000,WbHt,6000,2000,85,100,1.0,1.2,/eos/uscms/store/user/aji/rootfiles_existingOptimization/WbHt_6000_2000_pt100_ak10_ca12_th85.root,ok,,1000,1000,1.0,0.0,0.051,0.00695693898205238,0.0255,0.5455,0.454,0.454,0.546,0.015744332313566048,2279.5642744807337,1787.0951875452236,3723.736931656694,1.139782137240367,0.8935475937726118,1.8618684658283473,0.42478331622226845,0.04549740180821611,0.9847615299463053
WbHt_6000_2000,WbHt,6000,2000,85,340,0.8,0.8,/eos/uscms/store/user/aji/rootfiles_existingOptimization/WbHt_6000_2000_pt340_ak8_ca8_th85.root,ok,,1000,1000,1.0,0.0,0.371,0.015276092432294327,0.204,0.655,0.506,0.506,0.494,0.015810249839898167,1888.0057167059815,406.5598982655262,2241.3631492056725,0.9440028583529907,0.2032799491327631,1.1206815746028362,0.48591040660124224,0.08956722962249562,0.9855101207659431
WbHt_6000_2000,WbHt,6000,2000,85,120,0.8,1.6,/eos/uscms/store/user/aji/rootfiles_existingOptimization/WbHt_6000_2000_pt120_ak8_ca16_th85.root,ok,,1000,1000,1.0,0.0,0.145,0.01113440613593738,0.0725,0.5895,0.428,0.428,0.5720000000000001,0.015646597074124455,1942.9351413498262,1043.6907835825812,2640.4818988259235,0.971467570674913,0.5218453917912905,1.3202409494129617,0.4109223929456531,0.17823341018783218,0.9857756358781617
WbHt_6000_2000,WbHt,6000,2000,85,100,0.8,1.6,/eos/uscms/store/user/aji/rootfiles_existingOptimization/WbHt_6000_2000_pt100_ak8_ca16_th85.root,ok,,1000,1000,1.0,0.0,0.122,0.010349685985574635,0.061,0.5775,0.42,0.42,0.5800000000000001,0.015607690412101336,1979.5697572185427,1148.1514496309896,2765.166724782012,0.9897848786092713,0.5740757248154948,1.382583362391006,0.4084259393372075,0.1520408355479394,0.9894474514762804
WbHt_6000_2000,WbHt,6000,2000,85,260,1.2,1.4,/eos/uscms/store/user/aji/rootfiles_existingOptimization/WbHt_6000_2000_pt260_ak12_ca14_th85.root,ok,,1000,1000,1.0,0.0,0.169,0.011850696182081457,0.087,0.5845,0.434,0.434,0.5660000000000001,0.015673034167001616,2097.386137313575,907.2009086640772,2664.1888872519726,1.0486930686567875,0.45360045433203866,1.3320944436259863,0.4188518144871319,0.12397406603878547,0.9897211213528108
WbHt_6000_2000,WbHt,6000,2000,85,320,0.8,1.0,/eos/uscms/store/user/aji/rootfiles_existingOptimization/WbHt_6000_2000_pt320_ak8_ca10_th85.root,ok,,1000,1000,1.0,0.0,0.352,0.015102847413650183,0.1905,0.646,0.497,0.497,0.503,0.01581110369329099,1889.4660676125363,442.4888466010367,2275.6497681923374,0.9447330338062682,0.22124442330051836,1.1378248840961687,0.485100249486782,0.09772520139723295,0.9936269461061552
WbHt_6000_2000,WbHt,6000,2000,85,140,1.2,1.4,/eos/uscms/store/user/aji/rootfiles_existingOptimization/WbHt_6000_2000_pt140_ak12_ca14_th85.root,ok,,1000,1000,1.0,0.0,0.074,0.00827792244467173,0.037,0.5355,0.399,0.399,0.601,0.015485444778888335,2250.9624263930145,1637.2564291522078,3352.9324149574636,1.1254812131965073,0.8186282145761038,1.676466207478732,0.38109831725500826,0.07229637580955499,0.994646438574659
WbHt_6000_2000,WbHt,6000,2000,85,220,0.8,1.4,/eos/uscms/store/user/aji/rootfiles_existingOptimization/WbHt_6000_2000_pt220_ak8_ca14_th85.root,ok,,1000,1000,1.0,0.0,0.238,0.01346684818359515,0.1225,0.596,0.432,0.432,0.5680000000000001,0.01566448211719749,1899.183667596582,858.3851018932872,2467.375246700949,0.949591833798291,0.4291925509466436,1.2336876233504745,0.4236004585180115,0.15318823233417322,0.9966412751381823
WbHt_6000_2000,WbHt,6000,2000,85,340,1.4,1.2,/eos/uscms/store/user/aji/rootfiles_existingOptimization/WbHt_6000_2000_pt340_ak14_ca12_th85.root,ok,,1000,1000,1.0,0.0,0.078,0.008480330182251162,0.0425,0.553,0.396,0.396,0.604,0.01546557467409472,2198.1654109305373,1048.5851265243064,2735.14751693806,1.0990827054652685,0.5242925632621531,1.3675737584690302,0.38362954444356195,0.08732892966689676,0.9975378149900889
WbHt_6000_2000,WbHt,6000,2000,85,300,0.6,0.8,/eos/uscms/store/user/aji/rootfiles_existingOptimization/WbHt_6000_2000_pt300_ak6_ca8_th85.root,ok,,1000,1000,1.0,0.0,0.369,0.015259062880793171,0.2045,0.666,0.521,0.521,0.479,0.015797436500901024,1814.3528912853012,283.9745789493819,2136.3933989431175,0.9071764456426505,0.14198728947469094,1.0681966994715586,0.5104902218557571,0.09119089751748274,0.998772577291492
WbHt_6000_2000,WbHt,6000,2000,85,180,1.0,1.6,/eos/uscms/store/user/aji/rootfiles_existingOptimization/WbHt_6000_2000_pt180_ak10_ca16_th85.root,ok,,1000,1000,1.0,0.0,0.183,0.012227469075814503,0.0915,0.579,0.413,0.413,0.587,0.015570195888298902,2001.7734936108336,1023.3630901696971,2677.656404701827,1.0008867468054168,0.5116815450848485,1.3388282023509133,0.4132069187178832,0.20201175261262655,1.0002955933984248
WbHt_6000_2000,WbHt,6000,2000,85,140,0.8,1.6,/eos/uscms/store/user/aji/rootfiles_existingOptimization/WbHt_6000_2000_pt140_ak8_ca16_th85.root,ok,,1000,1000,1.0,0.0,0.173,0.011961229033840962,0.0865,0.5855,0.417,0.417,0.583,0.015592017188292218,1925.0238925896283,997.7982595730343,2592.0427807709666,0.9625119462948142,0.4988991297865172,1.2960213903854831,0.4140843465203133,0.19550416919214808,1.0008331518908318
WbHt_6000_2000,WbHt,6000,2000,85,320,1.2,1.2,/eos/uscms/store/user/aji/rootfiles_existingOptimization/WbHt_6000_2000_pt320_ak12_ca12_th85.root,ok,,1000,1000,1.0,0.0,0.203,0.012719709116170857,0.106,0.5935,0.438,0.438,0.562,0.01568935945155187,2085.823186558739,790.1406227763634,2603.3960776130243,1.0429115932793696,0.39507031138818177,1.3016980388065122,0.43466183196194846,0.10354042593351251,1.0009529912898856
WbHt_6000_2000,WbHt,6000,2000,85,320,1.0,1.2,/eos/uscms/store/user/aji/rootfiles_existingOptimization/WbHt_6000_2000_pt320_ak10_ca12_th85.root,ok,,1000,1000,1.0,0.0,0.301,0.014505137021069467,0.16,0.618,0.465,0.465,0.5349999999999999,0.015772602828956293,1983.227911349205,602.0982626905568,2448.6856874549517,0.9916139556746024,0.3010491313452784,1.224342843727476,0.46555098740722844,0.10943235749362691,1.0013895918397682
WbHt_6000_2000,WbHt,6000,2000,85,260,1.0,1.4,/eos/uscms/store/user/aji/rootfiles_existingOptimization/WbHt_6000_2000_pt260_ak10_ca14_th85.root,ok,,1000,1000,1.0,0.0,0.241,0.013524755080961725,0.1255,0.596,0.441,0.441,0.5589999999999999,0.015700923539715746,1985.4656662488526,792.6462066872245,2555.2780803108226,0.9927328331244263,0.39632310334361226,1.2776390401554114,0.44388374565895794,0.14364244417918287,1.0036104623465154
WbHt_6000_2000,WbHt,6000,2000,85,320,0.6,0.6,/eos/uscms/store/user/aji/rootfiles_existingOptimization/WbHt_6000_2000_pt320_ak6_ca6_th85.root,ok,,1000,1000,1.0,0.0,0.378,0.015333492752794452,0.2125,0.6705,0.517,0.517,0.483,0.01580224667571039,1810.7599158601274,245.08698886124094,2104.945240439112,0.9053799579300637,0.12254349443062047,1.052472620219556,0.5135573841920456,0.0897109616795265,1.0060193883990391
WbHt_6000_2000,WbHt,6000,2000,85,240,0.6,1.2,/eos/uscms/store/user/aji/rootfiles_existingOptimization/WbHt_6000_2000_pt240_ak6_ca12_th85.root,ok,,1000,1000,1.0,0.0,0.311,0.014638271755914358,0.165,0.6255,0.471,0.471,0.529,0.01578477114183161,1814.3528912853012,569.3215607653332,2269.205016997354,0.9071764456426505,0.2846607803826666,1.134602508498677,0.46845447332679885,0.12830870238480147,1.0067368287625338
WbHt_6000_2000,WbHt,6000,2000,85,280,1.2,1.4,/eos/uscms/store/user/aji/rootfiles_existingOptimization/WbHt_6000_2000_pt280_ak12_ca14_th85.root,ok,,1000,1000,1.0,0.0,0.187,0.012330085157856777,0.0965,0.5795,0.425,0.425,0.575,0.015632498200863484,2085.491501238019,849.1691729036032,2639.4422980129148,1.0427457506190094,0.4245845864518016,1.3197211490064575,0.429220911244794,0.13572227820443206,1.0084954863066948
WbHt_6000_2000,WbHt,6000,2000,85,120,0.6,1.6,/eos/uscms/store/user/aji/rootfiles_existingOptimization/WbHt_6000_2000_pt120_ak6_ca16_th85.root,ok,,1000,1000,1.0,0.0,0.19,0.012405643876881199,0.095,0.5905,0.42,0.42,0.5800000000000001,0.015607690412101336,1848.5949073189272,916.8202399114102,2473.1962066522,0.9242974536594635,0.45841011995570513,1.2365981033261,0.42096187774260635,0.20824605088784315,1.00853213237666
WbHt_6000_2000,WbHt,6000,2000,85,240,0.4,0.6,/eos/uscms/store/user/aji/rootfiles_existingOptimization/WbHt_6000_2000_pt240_ak4_ca6_th85.root,ok,,1000,1000,1.0,0.0,0.336,0.014936666294725875,0.1875,0.664,0.51,0.51,0.49,0.0158082257068907,1717.1958496026223,308.9176524834512,2042.9947557245255,0.8585979248013111,0.1544588262417256,1.0214973778622627,0.5049153547751581,0.0983805568921576,1.009055562295027
WbHt_6000_2000,WbHt,6000,2000,85,180,0.4,1.2,/eos/uscms/store/user/aji/rootfiles_existingOptimization/WbHt_6000_2000_pt180_ak4_ca12_th85.root,ok,,1000,1000,1.0,0.0,0.299,0.014477534320456644,0.1565,0.617,0.463,0.463,0.5369999999999999,0.015768037290671277,1737.7715160364423,624.7935267573263,2220.315240669604,0.8688857580182211,0.3123967633786631,1.110157620334802,0.4590712010147883,0.12619234103215363,1.009182625212966
WbHt_6000_2000,WbHt,6000,2000,85,360,1.4,1.2,/eos/uscms/store/user/aji/rootfiles_existingOptimization/WbHt_6000_2000_pt360_ak14_ca12_th85.root,ok,,1000,1000,1.0,0.0,0.082,0.008676174272108648,0.045,0.551,0.391,0.391,0.609,0.015431104950715617,2192.1100426503167,1015.7586935155217,2728.532377892352,1.0960550213251583,0.5078793467577609,1.364266188946176,0.3906678157238045,0.09106182657009043,1.0092733178563202
WbHt_6000_2000,WbHt,6000,2000,85,140,0.4,1.4,/eos/uscms/store/user/aji/rootfiles_existingOptimization/WbHt_6000_2000_pt140_ak4_ca14_th85.root,ok,,1000,1000,1.0,0.0,0.236,0.013427732496590778,0.1195,0.5985,0.434,0.434,0.5660000000000001,0.015673034167001616,1747.9410595526479,791.0245657938337,2305.536342845881,0.8739705297763238,0.3955122828969168,1.1527681714229405,0.4332273587759469,0.1599365503296668,1.0118303057983147
WbHt_6000_2000,WbHt,6000,2000,85,280,0.8,1.2,/eos/uscms/store/user/aji/rootfiles_existingOptimization/WbHt_6000_2000_pt280_ak8_ca12_th85.root,ok,,1000,1000,1.0,0.0,0.311,0.014638271755914358,0.165,0.6265,0.47,0.47,0.53,0.015782902141241326,1894.033812746239,554.8064576052437,2366.172056993418,0.9470169063731195,0.27740322880262186,1.183086028496709,0.4781766796342985,0.10859212291160525,1.0134749889969865
WbHt_6000_2000,WbHt,6000,2000,85,360,1.0,1.0,/eos/uscms/store/user/aji/rootfiles_existingOptimization/WbHt_6000_2000_pt360_ak10_ca10_th85.root,ok,,1000,1000,1.0,0.0,0.341,0.01499063040702425,0.186,0.619,0.462,0.462,0.538,0.015765658882520576,1970.3601904615134,517.236358957648,2390.128448305365,0.9851800952307568,0.258618179478824,1.1950642241526825,0.4752664255029009,0.10891492683343018,1.0147484159798252
WbHt_6000_2000,WbHt,6000,2000,85,200,1.2,1.6,/eos/uscms/store/user/aji/rootfiles_existingOptimization/WbHt_6000_2000_pt200_ak12_ca16_th85.root,ok,,1000,1000,1.0,0.0,0.135,0.010806248192596726,0.0675,0.5655,0.404,0.404,0.596,0.015517216245190372,2114.9349951941776,1058.1019848729309,2805.8966595115135,1.0574674975970888,0.5290509924364654,1.4029483297557568,0.41320293025793764,0.16630561740688588,1.0149496800176465
WbHt_6000_2000,WbHt,6000,2000,85,280,0.6,1.0,/eos/uscms/store/user/aji/rootfiles_existingOptimization/WbHt_6000_2000_pt280_ak6_ca10_th85.root,ok,,1000,1000,1.0,0.0,0.354,0.015122301412152848,0.1935,0.644,0.496,0.496,0.504,0.01581088232832058,1813.5582347379273,359.4021225221574,2185.178417795427,0.9067791173689637,0.1797010612610787,1.0925892088977134,0.503368532727902,0.10425095342767357,1.0166906209910058
WbHt_6000_2000,WbHt,6000,2000,85,260,0.4,0.4,/eos/uscms/store/user/aji/rootfiles_existingOptimization/WbHt_6000_2000_pt260_ak4_ca4_th85.root,ok,,1000,1000,1.0,0.0,0.334,0.014914556647785411,0.192,0.672,0.522,0.522,0.478,0.015796075461962062,1708.3478222291544,204.28450441183472,1996.8790966988308,0.8541739111145772,0.10214225220591736,0.9984395483494154,0.5246573821096665,0.0929395971619068,1.0172399909982088
WbHt_6000_2000,WbHt,6000,2000,85,160,0.8,1.6,/eos/uscms/store/user/aji/rootfiles_existingOptimization/WbHt_6000_2000_pt160_ak8_ca16_th85.root,ok,,1000,1000,1.0,0.0,0.19,0.012405643876881199,0.095,0.5775,0.406,0.406,0.594,0.015529455882290275,1912.285829543672,964.3918482258907,2567.5023209098404,0.956142914771836,0.4821959241129453,1.28375116045492,0.41916078860096434,0.215592912886245,1.0175464971237806
WbHt_6000_2000,WbHt,6000,2000,85,180,0.6,1.4,/eos/uscms/store/user/aji/rootfiles_existingOptimization/WbHt_6000_2000_pt180_ak6_ca14_th85.root,ok,,1000,1000,1.0,0.0,0.242,0.013543854695026818,0.1235,0.5955,0.433,0.433,0.567,0.015668790636165896,1820.0692814099157,789.5403562649087,2400.388041112141,0.9100346407049578,0.39477017813245435,1.2001940205560704,0.4425237273383873,0.16999467629179704,1.0185202632678916
WbHt_6000_2000,WbHt,6000,2000,85,200,1.0,1.6,/eos/uscms/store/user/aji/rootfiles_existingOptimization/WbHt_6000_2000_pt200_ak10_ca16_th85.root,ok,,1000,1000,1.0,0.0,0.203,0.012719709116170857,0.1025,0.575,0.409,0.409,0.591,0.015547314880711718,1992.6369391957226,960.5266838153425,2663.77833421555,0.9963184695978613,0.4802633419076713,1.331889167107775,0.4273863484352754,0.20777267232898758,1.0187545014754893
WbHt_6000_2000,WbHt,6000,2000,85,240,0.8,1.4,/eos/uscms/store/user/aji/rootfiles_existingOptimization/WbHt_6000_2000_pt240_ak8_ca14_th85.root,ok,,1000,1000,1.0,0.0,0.262,0.013905250806799567,0.136,0.5885,0.426,0.426,0.5740000000000001,0.015637263187655313,1887.7218616606556,794.4676602754254,2455.412608848209,0.9438609308303278,0.3972338301377127,1.2277063044241046,0.43993370588811925,0.17479825273371463,1.0195476128050864
WbHt_6000_2000,WbHt,6000,2000,85,360,0.8,0.8,/eos/uscms/store/user/aji/rootfiles_existingOptimization/WbHt_6000_2000_pt360_ak8_ca8_th85.root,ok,,1000,1000,1.0,0.0,0.397,0.01547226550961429,0.224,0.639,0.485,0.485,0.515,0.01580427157448264,1878.7032203608096,348.71053287209793,2225.7354898172352,0.9393516101804049,0.17435526643604898,1.1128677449086177,0.49955334525499184,0.09910127316229742,1.0206181842369513
WbHt_6000_2000,WbHt,6000,2000,85,220,1.2,1.6,/eos/uscms/store/user/aji/rootfiles_existingOptimization/WbHt_6000_2000_pt220_ak12_ca16_th85.root,ok,,1000,1000,1.0,0.0,0.149,0.01126050620531777,0.0755,0.5615,0.401,0.401,0.599,0.015498354751392161,2097.386137313575,1006.3075951746424,2756.7533879052303,1.0486930686567875,0.5031537975873213,1.3783766939526152,0.41729220995344146,0.18452372659053257,1.0211615168191202
WbHt_6000_2000,WbHt,6000,2000,85,340,1.0,1.2,/eos/uscms/store/user/aji/rootfiles_existingOptimization/WbHt_6000_2000_pt340_ak10_ca12_th85.root,ok,,1000,1000,1.0,0.0,0.325,0.014811313243598625,0.1735,0.607,0.45,0.45,0.55,0.015732132722552274,1976.2017308453105,554.4467770723058,2429.028595466684,0.9881008654226553,0.2772233885361529,1.2145142977333419,0.47428908424053823,0.12140349153882685,1.0254789976982728
WbHt_6000_2000,WbHt,6000,2000,85,180,1.2,1.6,/eos/uscms/store/user/aji/rootfiles_existingOptimization/WbHt_6000_2000_pt180_ak12_ca16_th85.root,ok,,1000,1000,1.0,0.0,0.125,0.010458250331675944,0.0625,0.5595,0.398,0.398,0.602,0.015478888849009803,2141.8179398442417,1126.9375342162691,2912.6656461741613,1.0709089699221208,0.5634687671081346,1.4563328230870807,0.41687205965035357,0.15291794855217833,1.0259629566425656
WbHt_6000_2000,WbHt,6000,2000,85,340,0.8,1.0,/eos/uscms/store/user/aji/rootfiles_existingOptimization/WbHt_6000_2000_pt340_ak8_ca10_th85.root,ok,,1000,1000,1.0,0.0,0.381,0.015357050498061143,0.209,0.63,0.476,0.476,0.524,0.01579316307773715,1882.233523312163,390.53856279928124,2261.4496678960145,0.9411167616560815,0.19526928139964064,1.1307248339480072,0.4969922918502945,0.10854820667894641,1.0268806156846864
WbHt_6000_2000,WbHt,6000,2000,85,340,1.2,1.2,/eos/uscms/store/user/aji/rootfiles_existingOptimization/WbHt_6000_2000_pt340_ak12_ca12_th85.root,ok,,1000,1000,1.0,0.0,0.219,0.013078187947877183,0.1155,0.5815,0.425,0.425,0.575,0.015632498200863484,2079.9808655415927,735.8605412914457,2599.5902360775362,1.0399904327707965,0.3679302706457228,1.2997951180387681,0.4480160672778126,0.11523949055107202,1.0270151105548924
WbHt_6000_2000,WbHt,6000,2000,85,380,1.4,1.2,/eos/uscms/store/user/aji/rootfiles_existingOptimization/WbHt_6000_2000_pt380_ak14_ca12_th85.root,ok,,1000,1000,1.0,0.0,0.091,0.009094998625618368,0.0495,0.5445,0.38,0.38,0.62,0.015349267083479915,2181.1554268870022,973.3504645348393,2710.8530193056695,1.0905777134435013,0.4866752322674196,1.3554265096528346,0.39829865706788153,0.09533672552565156,1.0273564284122316
WbHt_6000_2000,WbHt,6000,2000,85,140,0.6,1.6,/eos/uscms/store/user/aji/rootfiles_existingOptimization/WbHt_6000_2000_pt140_ak6_ca16_th85.root,ok,,1000,1000,1.0,0.0,0.206,0.0127892142057282,0.1035,0.5825,0.406,0.406,0.594,0.015529455882290275,1829.085407429494,875.2959410669454,2432.733496135041,0.914542703714747,0.4376479705334727,1.2163667480675207,0.4257421629252517,0.21946745376462284,1.0282878925537768
WbHt_6000_2000,WbHt,6000,2000,85,120,1.0,1.6,/eos/uscms/store/user/aji/rootfiles_existingOptimization/WbHt_6000_2000_pt120_ak10_ca16_th85.root,ok,,1000,1000,1.0,0.0,0.107,0.009775019181566858,0.0535,0.5485,0.399,0.399,0.601,0.015485444778888335,2091.937548981415,1299.3907984376774,3075.7264793542217,1.0459687744907076,0.6496953992188387,1.5378632396771108,0.42456709135066184,0.12757468614572695,1.0301639687997326
WbHt_6000_2000,WbHt,6000,2000,85,220,0.4,1.0,/eos/uscms/store/user/aji/rootfiles_existingOptimization/WbHt_6000_2000_pt220_ak4_ca10_th85.root,ok,,1000,1000,1.0,0.0,0.35,0.015083103128998356,0.1885,0.63,0.472,0.472,0.528,0.015786576576319513,1719.671486249723,421.03097823021096,2112.5813985352474,0.8598357431248616,0.21051548911510548,1.0562906992676238,0.49182370988600466,0.1263834587567827,1.0338401355735185
WbHt_6000_2000,WbHt,6000,2000,85,340,0.6,0.6,/eos/uscms/store/user/aji/rootfiles_existingOptimization/WbHt_6000_2000_pt340_ak6_ca6_th85.root,ok,,1000,1000,1.0,0.0,0.408,0.015541428505771277,0.2335,0.651,0.494,0.494,0.506,0.015810249839898167,1798.2527074072832,223.0734912175864,2090.005311661992,0.8991263537036416,0.11153674560879319,1.045002655830996,0.5190960682984717,0.09840517119905101,1.0351834329281075
WbHt_6000_2000,WbHt,6000,2000,85,320,0.6,0.8,/eos/uscms/store/user/aji/rootfiles_existingOptimization/WbHt_6000_2000_pt320_ak6_ca8_th85.root,ok,,1000,1000,1.0,0.0,0.396,0.01546557467409472,0.2215,0.651,0.497,0.497,0.503,0.01581110369329099,1808.3692199461007,234.7770780584548,2125.7495354232915,0.9041846099730504,0.1173885390292274,1.0628747677116457,0.5228391515702744,0.10339371922467266,1.0354206905729693
WbHt_6000_2000,WbHt,6000,2000,85,100,0.4,1.6,/eos/uscms/store/user/aji/rootfiles_existingOptimization/WbHt_6000_2000_pt100_ak4_ca16_th85.root,ok,,1000,1000,1.0,0.0,0.208,0.0128349522788361,0.104,0.5855,0.407,0.407,0.593,0.015535475531827148,1785.6192674488236,853.9135142545489,2396.130772286718,0.8928096337244118,0.4269567571272745,1.198065386143359,0.4318438107569226,0.21525757647961827,1.0355628473844813
WbHt_6000_2000,WbHt,6000,2000,85,300,0.8,1.2,/eos/uscms/store/user/aji/rootfiles_existingOptimization/WbHt_6000_2000_pt300_ak8_ca12_th85.root,ok,,1000,1000,1.0,0.0,0.331,0.014880826589944525,0.177,0.6195,0.459,0.459,0.5409999999999999,0.015758140753274162,1890.5894518660848,489.97461055561126,2340.0487202512372,0.9452947259330424,0.24498730527780566,1.1700243601256186,0.48928499729794095,0.1159529369362566,1.0357555247046366
WbHt_6000_2000,WbHt,6000,2000,85,160,1.4,1.2,/eos/uscms/store/user/aji/rootfiles_existingOptimization/WbHt_6000_2000_pt160_ak14_ca12_th85.root,ok,,1000,1000,1.0,0.0,0.03,0.005394441583704471,0.015,0.493,0.394,0.394,0.606,0.015451990163082553,2417.8343628364646,1891.6571183085846,3880.7708504217326,1.2089171814182325,0.9458285591542923,1.9403854252108663,0.4113420180238554,0.03744254162416816,1.0382337361656786
WbHt_6000_2000,WbHt,6000,2000,85,240,0.4,0.8,/eos/uscms/store/user/aji/rootfiles_existingOptimization/WbHt_6000_2000_pt240_ak4_ca8_th85.root,ok,,1000,1000,1.0,0.0,0.366,0.01523299051401267,0.2025,0.648,0.492,0.492,0.508,0.015809364313595912,1715.3291683979746,284.08197487089393,2057.937447646982,0.8576645841989873,0.142040987435447,1.028968723823491,0.5170597881317363,0.1115821821331047,1.0392933297118376
WbHt_6000_2000,WbHt,6000,2000,85,240,1.2,1.6,/eos/uscms/store/user/aji/rootfiles_existingOptimization/WbHt_6000_2000_pt240_ak12_ca16_th85.root,ok,,1000,1000,1.0,0.0,0.165,0.011737759581794134,0.0845,0.557,0.397,0.397,0.603,0.01547226550961429,2085.5725620968324,930.6154159433074,2734.669570858905,1.0427862810484163,0.4653077079716537,1.3673347854294524,0.4325081245559261,0.20221765999503288,1.0397867526607676
WbHt_6000_2000,WbHt,6000,2000,85,380,1.0,1.0,/eos/uscms/store/user/aji/rootfiles_existingOptimization/WbHt_6000_2000_pt380_ak10_ca10_th85.root,ok,,1000,1000,1.0,0.0,0.364,0.015215255502291114,0.1995,0.604,0.442,0.442,0.558,0.01570464899321217,1960.7240395224492,490.25680271194665,2377.2282251462752,0.9803620197612246,0.24512840135597333,1.1886141125731378,0.4811925045030601,0.12294640852598987,1.0411563025269377
WbHt_6000_2000,WbHt,6000,2000,85,380,0.8,0.8,/eos/uscms/store/user/aji/rootfiles_existingOptimization/WbHt_6000_2000_pt380_ak8_ca8_th85.root,ok,,1000,1000,1.0,0.0,0.423,0.015622771841129857,0.24,0.6265,0.47,0.47,0.53,0.015782902141241326,1873.857355718873,326.30224677413725,2219.371897287076,0.9369286778594365,0.16315112338706864,1.1096859486435382,0.5051264026942691,0.1052445182467309,1.0414335349083255
WbHt_6000_2000,WbHt,6000,2000,85,300,1.2,1.4,/eos/uscms/store/user/aji/rootfiles_existingOptimization/WbHt_6000_2000_pt300_ak12_ca14_th85.root,ok,,1000,1000,1.0,0.0,0.21,0.01288021738946979,0.1085,0.569,0.407,0.407,0.593,0.015535475531827148,2074.914977959322,779.6485754125256,2632.508053705563,1.037457488979661,0.3898242877062628,1.3162540268527814,0.4464904581573081,0.167920572526591,1.043236207055274
WbHt_6000_2000,WbHt,6000,2000,85,200,1.4,1.4,/eos/uscms/store/user/aji/rootfiles_existingOptimization/WbHt_6000_2000_pt200_ak14_ca14_th85.root,ok,,1000,1000,1.0,0.0,0.068,0.007960904471226871,0.034,0.5035,0.364,0.364,0.636,0.015215255502291114,2288.381388876851,1279.0600793468327,3081.94687673726,1.1441906944384255,0.6395300396734163,1.54097343836863,0.39392183622750343,0.09334849956979922,1.044340905671346
WbHt_6000_2000,WbHt,6000,2000,85,160,1.2,1.6,/eos/uscms/store/user/aji/rootfiles_existingOptimization/WbHt_6000_2000_pt160_ak12_ca16_th85.root,ok,,1000,1000,1.0,0.0,0.109,0.00985489725973843,0.0545,0.539,0.384,0.384,0.616,0.015379986996093333,2168.8844987102016,1240.3134260408162,3068.572085246567,1.0844422493551007,0.6201567130204081,1.5342860426232836,0.4214744169855484,0.13230505285602445,1.0459186419210584
WbHt_6000_2000,WbHt,6000,2000,85,200,0.4,1.2,/eos/uscms/store/user/aji/rootfiles_existingOptimization/WbHt_6000_2000_pt200_ak4_ca12_th85.root,ok,,1000,1000,1.0,0.0,0.327,0.014834790190629594,0.173,0.6045,0.442,0.442,0.558,0.01570464899321217,1722.591352942108,539.6879667484149,2172.8920752630343,0.861295676471054,0.26984398337420745,1.086446037631517,0.474054425538936,0.14958825446116325,1.0459248578918308
WbHt_6000_2000,WbHt,6000,2000,85,220,1.4,1.4,/eos/uscms/store/user/aji/rootfiles_existingOptimization/WbHt_6000_2000_pt220_ak14_ca14_th85.root,ok,,1000,1000,1.0,0.0,0.079,0.008529888627643388,0.04,0.5075,0.363,0.363,0.637,0.015206281596761254,2266.8689293343145,1146.4946819201957,2944.499983081084,1.1334344646671572,0.5732473409600979,1.472249991540542,0.39658342789340006,0.10746292408232894,1.0469268743601159
WbHt_6000_2000,WbHt,6000,2000,85,180,0.8,1.6,/eos/uscms/store/user/aji/rootfiles_existingOptimization/WbHt_6000_2000_pt180_ak8_ca16_th85.root,ok,,1000,1000,1.0,0.0,0.21,0.01288021738946979,0.106,0.569,0.396,0.396,0.604,0.01546557467409472,1892.8138570233127,906.5068744315224,2563.4694240107638,0.9464069285116563,0.45325343721576117,1.281734712005382,0.4376982299213043,0.2219794468170036,1.0470575370701387
WbHt_6000_2000,WbHt,6000,2000,85,220,1.0,1.6,/eos/uscms/store/user/aji/rootfiles_existingOptimization/WbHt_6000_2000_pt220_ak10_ca16_th85.root,ok,,1000,1000,1.0,0.0,0.224,0.013184233007649706,0.1145,0.569,0.403,0.403,0.597,0.01551099609954177,1979.6817501846413,871.0991875992653,2651.6380777513223,0.9898408750923207,0.43554959379963265,1.325819038875661,0.449703314683279,0.21982238160020787,1.047719227174047
WbHt_6000_2000,WbHt,6000,2000,85,280,1.0,1.4,/eos/uscms/store/user/aji/rootfiles_existingOptimization/WbHt_6000_2000_pt280_ak10_ca14_th85.root,ok,,1000,1000,1.0,0.0,0.27,0.014039230748157109,0.141,0.5815,0.419,0.419,0.581,0.015602531845825537,1976.569608372265,695.8620716207611,2541.282748655575,0.9882848041861325,0.34793103581038054,1.2706413743277873,0.4668241050601161,0.17849291295268901,1.0489956246415029
WbHt_6000_2000,WbHt,6000,2000,85,400,1.4,1.2,/eos/uscms/store/user/aji/rootfiles_existingOptimization/WbHt_6000_2000_pt400_ak14_ca12_th85.root,ok,,1000,1000,1.0,0.0,0.096,0.009315793041926168,0.053,0.5305,0.365,0.365,0.635,0.015224158433227107,2167.2620732302344,944.6443917282411,2709.2906408500476,1.0836310366151172,0.47232219586412055,1.3546453204250237,0.4071141812793452,0.1073573703715392,1.050477284940857
WbHt_6000_2000,WbHt,6000,2000,85,360,1.2,1.2,/eos/uscms/store/user/aji/rootfiles_existingOptimization/WbHt_6000_2000_pt360_ak12_ca12_th85.root,ok,,1000,1000,1.0,0.0,0.237,0.013447341744746431,0.126,0.5705,0.409,0.409,0.591,0.015547314880711718,2065.2121274998126,686.9344149760669,2577.991658987429,1.0326060637499062,0.34346720748803344,1.2889958294937147,0.45783607863583364,0.12538732689355236,1.0520966850108242
WbHt_6000_2000,WbHt,6000,2000,85,360,0.6,0.6,/eos/uscms/store/user/aji/rootfiles_existingOptimization/WbHt_6000_2000_pt360_ak6_ca6_th85.root,ok,,1000,1000,1.0,0.0,0.437,0.01568537535413163,0.2535,0.6355,0.476,0.476,0.524,0.01579316307773715,1785.8512092792348,207.54522781778374,2068.876767503087,0.8929256046396173,0.10377261390889188,1.0344383837515436,0.521132872104315,0.10383027724270236,1.0558403116403534
WbHt_6000_2000,WbHt,6000,2000,85,360,1.0,1.2,/eos/uscms/store/user/aji/rootfiles_existingOptimization/WbHt_6000_2000_pt360_ak10_ca12_th85.root,ok,,1000,1000,1.0,0.0,0.35,0.015083103128998356,0.1905,0.5935,0.43,0.43,0.5700000000000001,0.015655669899432602,1967.1527234963364,509.5755008117758,2417.392409550808,0.9835763617481683,0.25478775040588786,1.2086962047754042,0.4849183507593038,0.1366253108865781,1.0565607145844869
WbHt_6000_2000,WbHt,6000,2000,85,200,0.6,1.4,/eos/uscms/store/user/aji/rootfiles_existingOptimization/WbHt_6000_2000_pt200_ak6_ca14_th85.root,ok,,1000,1000,1.0,0.0,0.275,0.014120021246442939,0.144,0.585,0.419,0.419,0.581,0.015602531845825537,1803.3600419579097,684.2742724388322,2364.724664820912,0.9016800209789549,0.3421371362194161,1.1823623324104562,0.4659220436529173,0.20455099297781834,1.0567540415550218
WbHt_6000_2000,WbHt,6000,2000,85,360,0.8,1.0,/eos/uscms/store/user/aji/rootfiles_existingOptimization/WbHt_6000_2000_pt360_ak8_ca10_th85.root,ok,,1000,1000,1.0,0.0,0.407,0.015535475531827147,0.229,0.616,0.458,0.458,0.542,0.015755506973753653,1873.968035730381,333.4835294695567,2240.299555688774,0.9369840178651905,0.16674176473477834,1.120149777844387,0.5087642878273625,0.11675342486051002,1.0570658860408435
WbHt_6000_2000,WbHt,6000,2000,85,280,0.4,0.4,/eos/uscms/store/user/aji/rootfiles_existingOptimization/WbHt_6000_2000_pt280_ak4_ca4_th85.root,ok,,1000,1000,1.0,0.0,0.367,0.015241751867813621,0.2135,0.6505,0.494,0.494,0.506,0.015810249839898167,1692.6844675704676,172.0549676238952,1987.7968170893835,0.8463422337852338,0.0860274838119476,0.9938984085446917,0.5363497699224613,0.1057889725501012,1.057715546543938
WbHt_6000_2000,WbHt,6000,2000,85,340,0.6,0.8,/eos/uscms/store/user/aji/rootfiles_existingOptimization/WbHt_6000_2000_pt340_ak6_ca8_th85.root,ok,,1000,1000,1.0,0.0,0.423,0.015622771841129857,0.241,0.635,0.479,0.479,0.521,0.015797436500901024,1794.5919497057846,211.40385031572566,2107.912995826281,0.8972959748528924,0.10570192515786284,1.0539564979131406,0.5283956461025805,0.11075654081513156,1.0596660486172913
WbHt_6000_2000,WbHt,6000,2000,85,400,1.0,1.0,/eos/uscms/store/user/aji/rootfiles_existingOptimization/WbHt_6000_2000_pt400_ak10_ca10_th85.root,ok,,1000,1000,1.0,0.0,0.388,0.015409607392792329,0.2145,0.593,0.429,0.429,0.571,0.015651166090742248,1951.0958528996434,463.580215146937,2363.4939934624863,0.9755479264498217,0.2317901075734685,1.181746996731243,0.4868837621411502,0.1312305701988914,1.060328969496168
WbHt_6000_2000,WbHt,6000,2000,85,260,1.4,1.4,/eos/uscms/store/user/aji/rootfiles_existingOptimization/WbHt_6000_2000_pt260_ak14_ca14_th85.root,ok,,1000,1000,1.0,0.0,0.092,0.00913980306133562,0.0475,0.5025,0.355,0.355,0.645,0.015131919904625453,2237.621690605814,1064.910765977916,2872.564576687449,1.118810845302907,0.5324553829889581,1.4362822883437245,0.4039230175276251,0.1249289118951937,1.0608041020579158
WbHt_6000_2000,WbHt,6000,2000,85,300,0.6,1.0,/eos/uscms/store/user/aji/rootfiles_existingOptimization/WbHt_6000_2000_pt300_ak6_ca10_th85.root,ok,,1000,1000,1.0,0.0,0.384,0.015379986996093333,0.212,0.629,0.473,0.473,0.527,0.01578831846651188,1800.69285667946,273.4841667477112,2163.371776040458,0.90034642833973,0.13674208337385557,1.0816858880202291,0.5247667869293838,0.12124083977395159,1.0617321440954108
WbHt_6000_2000,WbHt,6000,2000,85,240,1.4,1.4,/eos/uscms/store/user/aji/rootfiles_existingOptimization/WbHt_6000_2000_pt240_ak14_ca14_th85.root,ok,,1000,1000,1.0,0.0,0.086,0.008865889690267977,0.0445,0.5045,0.357,0.357,0.643,0.015150940564862632,2255.797413750797,1101.3223784553163,2935.545199162993,1.1278987068753983,0.5506611892276582,1.4677725995814965,0.40655752363370423,0.11311979931271476,1.062347394321244
WbHt_6000_2000,WbHt,6000,2000,85,320,1.2,1.4,/eos/uscms/store/user/aji/rootfiles_existingOptimization/WbHt_6000_2000_pt320_ak12_ca14_th85.root,ok,,1000,1000,1.0,0.0,0.224,0.013184233007649706,0.1165,0.559,0.395,0.395,0.605,0.015458816254810716,2071.4581065461443,747.1930336675018,2631.0574881698317,1.035729053273072,0.3735965168337509,1.315528744084916,0.4547194192701779,0.19525833553902638,1.063292324597485
WbHt_6000_2000,WbHt,6000,2000,85,260,1.2,1.6,/eos/uscms/store/user/aji/rootfiles_existingOptimization/WbHt_6000_2000_pt260_ak12_ca16_th85.root,ok,,1000,1000,1.0,0.0,0.181,0.0121753439376471,0.093,0.5475,0.385,0.385,0.615,0.015387494922826133,2078.1200433525128,873.6004356933759,2726.6364755999243,1.0390600216762564,0.43680021784668793,1.3633182377999622,0.4458443211290987,0.227850622531405,1.0647503232967244
WbHt_6000_2000,WbHt,6000,2000,85,240,1.0,1.6,/eos/uscms/store/user/aji/rootfiles_existingOptimization/WbHt_6000_2000_pt240_ak10_ca16_th85.root,ok,,1000,1000,1.0,0.0,0.243,0.013562853682024296,0.1245,0.5635,0.398,0.398,0.602,0.015478888849009803,1971.682076737947,807.9670639482193,2627.5157361905735,0.9858410383689735,0.4039835319741097,1.3137578680952868,0.4614204018258131,0.2305535393080046,1.0648362979889159
WbHt_6000_2000,WbHt,6000,2000,85,400,0.8,0.8,/eos/uscms/store/user/aji/rootfiles_existingOptimization/WbHt_6000_2000_pt400_ak8_ca8_th85.root,ok,,1000,1000,1.0,0.0,0.442,0.01570464899321217,0.2585,0.61,0.451,0.451,0.5489999999999999,0.015735278834517044,1864.3205448211747,298.39330476882196,2197.297305573692,0.9321602724105874,0.149196652384411,1.098648652786846,0.5092750831072916,0.11270576469436652,1.0650590558662327
WbHt_6000_2000,WbHt,6000,2000,85,260,0.6,1.2,/eos/uscms/store/user/aji/rootfiles_existingOptimization/WbHt_6000_2000_pt260_ak6_ca12_th85.root,ok,,1000,1000,1.0,0.0,0.337,0.014947608504372866,0.1815,0.613,0.453,0.453,0.5469999999999999,0.015741378592740853,1801.9304010343208,407.20673727339266,2244.4174666365107,0.9009652005171604,0.20360336863669634,1.122208733318255,0.5097895924028324,0.143938013856712,1.0666930723511163
WbHt_6000_2000,WbHt,6000,2000,85,320,0.8,1.2,/eos/uscms/store/user/aji/rootfiles_existingOptimization/WbHt_6000_2000_pt320_ak8_ca12_th85.root,ok,,1000,1000,1.0,0.0,0.358,0.01516034300403523,0.1935,0.6055,0.442,0.442,0.558,0.01570464899321217,1879.4448379145563,428.98166588530563,2319.301063946396,0.9397224189572781,0.21449083294265284,1.159650531973198,0.5028930245589438,0.1334635102600972,1.066920782663216
WbHt_6000_2000,WbHt,6000,2000,85,160,0.4,1.4,/eos/uscms/store/user/aji/rootfiles_existingOptimization/WbHt_6000_2000_pt160_ak4_ca14_th85.root,ok,,1000,1000,1.0,0.0,0.273,0.014087973594523805,0.1405,0.5775,0.408,0.408,0.5920000000000001,0.015541428505771275,1734.2110847780757,689.1363525081836,2292.0147536186896,0.8671055423890379,0.34456817625409175,1.1460073768093448,0.4621347467963001,0.19182222586534325,1.0674241925573964
WbHt_6000_2000,WbHt,6000,2000,85,300,1.0,1.4,/eos/uscms/store/user/aji/rootfiles_existingOptimization/WbHt_6000_2000_pt300_ak10_ca14_th85.root,ok,,1000,1000,1.0,0.0,0.286,0.014289996501049255,0.1505,0.5765,0.411,0.411,0.589,0.015558888135082147,1970.6122018499536,641.7355353300663,2527.8764865410176,0.9853061009249768,0.32086776766503317,1.2639382432705086,0.4785672567743914,0.21366892159950102,1.0690366466818937
WbHt_6000_2000,WbHt,6000,2000,85,200,0.8,1.6,/eos/uscms/store/user/aji/rootfiles_existingOptimization/WbHt_6000_2000_pt200_ak8_ca16_th85.root,ok,,1000,1000,1.0,0.0,0.242,0.013543854695026818,0.123,0.56,0.382,0.382,0.618,0.01536476488593301,1883.996846789897,841.4002947529062,2523.990966343244,0.9419984233949485,0.4207001473764531,1.2619954831716222,0.44654816552832066,0.25596185456885434,1.0703483231888258
WbHt_6000_2000,WbHt,6000,2000,85,380,1.2,1.2,/eos/uscms/store/user/aji/rootfiles_existingOptimization/WbHt_6000_2000_pt380_ak12_ca12_th85.root,ok,,1000,1000,1.0,0.0,0.251,0.013711272734505722,0.1345,0.561,0.395,0.395,0.605,0.015458816254810716,2057.1284571435517,657.3493127202919,2563.0038162693154,1.028564228571776,0.328674656360146,1.2815019081346577,0.46318315633899226,0.13687099779181044,1.0710395791961698
WbHt_6000_2000,WbHt,6000,2000,85,160,0.6,1.6,/eos/uscms/store/user/aji/rootfiles_existingOptimization/WbHt_6000_2000_pt160_ak6_ca16_th85.root,ok,,1000,1000,1.0,0.0,0.236,0.013427732496590778,0.119,0.5665,0.387,0.387,0.613,0.015402305022301045,1806.1422524478137,811.3468253092639,2432.1259524694215,0.9030711262239068,0.4056734126546319,1.2160629762347108,0.448685347171177,0.2558507271217761,1.0713782345487863
WbHt_6000_2000,WbHt,6000,2000,85,260,0.4,0.6,/eos/uscms/store/user/aji/rootfiles_existingOptimization/WbHt_6000_2000_pt260_ak4_ca6_th85.root,ok,,1000,1000,1.0,0.0,0.371,0.015276092432294327,0.2105,0.6435,0.486,0.486,0.514,0.015805189021330938,1702.6045148481192,178.75093025302507,2029.659680765273,0.8513022574240596,0.08937546512651254,1.0148298403826366,0.5435521679787624,0.10785110472886147,1.0724219422363563
WbHt_6000_2000,WbHt,6000,2000,85,260,0.8,1.4,/eos/uscms/store/user/aji/rootfiles_existingOptimization/WbHt_6000_2000_pt260_ak8_ca14_th85.root,ok,,1000,1000,1.0,0.0,0.294,0.014407081592050487,0.1545,0.58,0.407,0.407,0.593,0.015535475531827148,1880.1835371305688,653.9397629511639,2440.0581513660873,0.9400917685652843,0.32696988147558187,1.2200290756830436,0.4749851153203899,0.2132048619388101,1.0739759384638614
WbHt_6000_2000,WbHt,6000,2000,85,100,1.0,1.4,/eos/uscms/store/user/aji/rootfiles_existingOptimization/WbHt_6000_2000_pt100_ak10_ca14_th85.root,ok,,1000,1000,1.0,0.0,0.059,0.007451107300260815,0.0295,0.5085,0.397,0.397,0.603,0.01547226550961429,2274.2627719714956,1662.2233153368095,3746.6521419672445,1.137131385985748,0.8311116576684048,1.8733260709836221,0.45826472919474925,0.06385149137683326,1.074977867793324
WbHt_6000_2000,WbHt,6000,2000,85,220,0.6,1.4,/eos/uscms/store/user/aji/rootfiles_existingOptimization/WbHt_6000_2000_pt220_ak6_ca14_th85.root,ok,,1000,1000,1.0,0.0,0.29,0.01434921600645833,0.154,0.5745,0.407,0.407,0.593,0.015535475531827148,1798.2527074072832,645.7088120835091,2348.2679558136965,0.8991263537036416,0.3228544060417545,1.1741339779068483,0.4733926262746835,0.21298739987774093,1.0764799909043195
WbHt_6000_2000,WbHt,6000,2000,85,280,1.4,1.4,/eos/uscms/store/user/aji/rootfiles_existingOptimization/WbHt_6000_2000_pt280_ak14_ca14_th85.root,ok,,1000,1000,1.0,0.0,0.099,0.009444522221901964,0.0515,0.5005,0.348,0.348,0.652,0.015063067416698366,2220.4010233543872,1008.2894258033255,2845.128961022468,1.1102005116771938,0.5041447129016627,1.422564480511234,0.41362787980619065,0.1342452524939141,1.07664793097391
WbHt_6000_2000,WbHt,6000,2000,85,380,0.8,1.0,/eos/uscms/store/user/aji/rootfiles_existingOptimization/WbHt_6000_2000_pt380_ak8_ca10_th85.root,ok,,1000,1000,1.0,0.0,0.431,0.015660108556456432,0.244,0.6055,0.446,0.446,0.554,0.01571890581433708,1868.4225063974964,303.35535191989135,2233.182758448668,0.9342112531987482,0.1516776759599457,1.1165913792243343,0.5164322844327314,0.12930443208039588,1.0770111591128566
WbHt_6000_2000,WbHt,6000,2000,85,260,1.6,1.4,/eos/uscms/store/user/aji/rootfiles_existingOptimization/WbHt_6000_2000_pt260_ak16_ca14_th85.root,ok,,1000,1000,1.0,0.0,0.025,0.0049371044145328745,0.013,0.4605,0.314,0.314,0.6859999999999999,0.014676648118695223,2370.2295126362187,1309.2749383217877,3088.7228157776367,1.1851147563181095,0.6546374691608938,1.5443614078888184,0.375374593044517,0.09302816201418512,1.0798860686763279
WbHt_6000_2000,WbHt,6000,2000,85,360,0.6,0.8,/eos/uscms/store/user/aji/rootfiles_existingOptimization/WbHt_6000_2000_pt360_ak6_ca8_th85.root,ok,,1000,1000,1.0,0.0,0.451,0.01573527883451704,0.2605,0.6195,0.461,0.461,0.5389999999999999,0.015763216676808068,1783.271812589406,199.0266686764953,2091.259877489342,0.891635906294703,0.09951333433824765,1.0456299387446713,0.530550978110629,0.11892472120150745,1.0803873874811587
WbHt_6000_2000,WbHt,6000,2000,85,400,1.2,1.2,/eos/uscms/store/user/aji/rootfiles_existingOptimization/WbHt_6000_2000_pt400_ak12_ca12_th85.root,ok,,1000,1000,1.0,0.0,0.272,0.014071815803228808,0.147,0.5535,0.387,0.387,0.613,0.015402305022301045,2050.1331963046,632.0897112350008,2544.01904586887,1.0250665981523,0.3160448556175004,1.2720095229344348,0.4662939310675409,0.15532797565780732,1.081800590882771
WbHt_6000_2000,WbHt,6000,2000,85,180,1.4,1.4,/eos/uscms/store/user/aji/rootfiles_existingOptimization/WbHt_6000_2000_pt180_ak14_ca14_th85.root,ok,,1000,1000,1.0,0.0,0.059,0.007451107300260815,0.0295,0.485,0.354,0.354,0.646,0.015122301412152848,2341.2511081783914,1382.2228876497752,3348.543078460927,1.1706255540891957,0.6911114438248877,1.6742715392304635,0.4199293668121412,0.08249489277295366,1.0829919222210607
WbHt_6000_2000,WbHt,6000,2000,85,380,0.6,0.6,/eos/uscms/store/user/aji/rootfiles_existingOptimization/WbHt_6000_2000_pt380_ak6_ca6_th85.root,ok,,1000,1000,1.0,0.0,0.467,0.015776913513105152,0.275,0.616,0.449,0.449,0.5509999999999999,0.015728922404284407,1778.5951828188754,198.67489985870117,2055.520368740087,0.8892975914094376,0.09933744992935058,1.0277601843700435,0.5219977785890808,0.11840284599493678,1.0840680194481371
WbHt_6000_2000,WbHt,6000,2000,85,380,1.0,1.2,/eos/uscms/store/user/aji/rootfiles_existingOptimization/WbHt_6000_2000_pt380_ak10_ca12_th85.root,ok,,1000,1000,1.0,0.0,0.374,0.015301111070768685,0.2045,0.579,0.411,0.411,0.589,0.015558888135082147,1953.8215845946527,479.0492409896895,2405.940648357731,0.9769107922973264,0.23952462049484477,1.2029703241788654,0.49310833255222775,0.1670678480069443,1.0844172533224952
WbHt_6000_2000,WbHt,6000,2000,85,240,1.6,1.4,/eos/uscms/store/user/aji/rootfiles_existingOptimization/WbHt_6000_2000_pt240_ak16_ca14_th85.root,ok,,1000,1000,1.0,0.0,0.023,0.004740358636221525,0.0115,0.4565,0.314,0.314,0.6859999999999999,0.014676648118695223,2399.07471637234,1364.0433922107343,3184.5329004308373,1.19953735818617,0.6820216961053671,1.5922664502154187,0.37941492522018655,0.0907455147208312,1.0853686610388036
WbHt_6000_2000,WbHt,6000,2000,85,280,1.6,1.4,/eos/uscms/store/user/aji/rootfiles_existingOptimization/WbHt_6000_2000_pt280_ak16_ca14_th85.root,ok,,1000,1000,1.0,0.0,0.026,0.0050322956987840055,0.0135,0.462,0.308,0.308,0.692,0.014599178059055244,2351.004641580225,1272.5080361268947,3039.698194516994,1.1755023207901125,0.6362540180634474,1.519849097258497,0.37583723297166366,0.09884594932161739,1.085387465050675
WbHt_6000_2000,WbHt,6000,2000,85,220,1.6,1.4,/eos/uscms/store/user/aji/rootfiles_existingOptimization/WbHt_6000_2000_pt220_ak16_ca14_th85.root,ok,,1000,1000,1.0,0.0,0.021,0.004534203347888138,0.0105,0.455,0.318,0.318,0.6819999999999999,0.014726710426975877,2426.8853424552467,1435.663853251819,3292.249830444275,1.2134426712276234,0.7178319266259096,1.6461249152221373,0.3825038506586745,0.07936866662830597,1.0858481177814368
WbHt_6000_2000,WbHt,6000,2000,85,340,1.2,1.4,/eos/uscms/store/user/aji/rootfiles_existingOptimization/WbHt_6000_2000_pt340_ak12_ca14_th85.root,ok,,1000,1000,1.0,0.0,0.241,0.013524755080961725,0.1265,0.548,0.383,0.383,0.617,0.015372410351015223,2061.6751350133454,705.3956532653289,2626.7114779041103,1.0308375675066728,0.3526978266326644,1.3133557389520552,0.4659598866982369,0.2143981763390259,1.0860436434489043
WbHt_6000_2000,WbHt,6000,2000,85,340,0.8,1.2,/eos/uscms/store/user/aji/rootfiles_existingOptimization/WbHt_6000_2000_pt340_ak8_ca12_th85.root,ok,,1000,1000,1.0,0.0,0.388,0.015409607392792329,0.2125,0.5965,0.43,0.43,0.5700000000000001,0.015655669899432602,1876.4621427746447,372.7662132892831,2286.94435170699,0.9382310713873223,0.18638310664464153,1.143472175853495,0.5100497619385204,0.1520622390678933,1.086226654799788
WbHt_6000_2000,WbHt,6000,2000,85,120,0.4,1.6,/eos/uscms/store/user/aji/rootfiles_existingOptimization/WbHt_6000_2000_pt120_ak4_ca16_th85.root,ok,,1000,1000,1.0,0.0,0.239,0.01348625225924534,0.1195,0.564,0.377,0.377,0.623,0.01532550162311172,1740.0109752596939,783.5066193002464,2357.9025719551096,0.8700054876298469,0.3917533096501232,1.1789512859775548,0.45240977644405006,0.24937798394191674,1.0884092276810653
WbHt_6000_2000,WbHt,6000,2000,85,280,1.2,1.6,/eos/uscms/store/user/aji/rootfiles_existingOptimization/WbHt_6000_2000_pt280_ak12_ca16_th85.root,ok,,1000,1000,1.0,0.0,0.199,0.012625331678811452,0.1025,0.541,0.373,0.373,0.627,0.015292841462592882,2057.524153091822,809.2380559469915,2699.558626462558,1.0287620765459111,0.40461902797349575,1.349779313231279,0.45936777161886516,0.2634244390703883,1.0892439792734563
WbHt_6000_2000,WbHt,6000,2000,85,320,0.6,1.0,/eos/uscms/store/user/aji/rootfiles_existingOptimization/WbHt_6000_2000_pt320_ak6_ca10_th85.root,ok,,1000,1000,1.0,0.0,0.407,0.015535475531827147,0.227,0.617,0.454,0.454,0.546,0.015744332313566048,1797.9767806573448,226.8126995835843,2149.6876416178325,0.8989883903286724,0.11340634979179216,1.0748438208089162,0.534732973951766,0.13204485228252377,1.0908341349188988
WbHt_6000_2000,WbHt,6000,2000,85,300,0.4,0.4,/eos/uscms/store/user/aji/rootfiles_existingOptimization/WbHt_6000_2000_pt300_ak4_ca4_th85.root,ok,,1000,1000,1.0,0.0,0.411,0.015558888135082145,0.2385,0.6285,0.465,0.465,0.5349999999999999,0.015772602828956293,1678.6044638315498,158.99807454122907,1972.272690691743,0.8393022319157748,0.07949903727061453,0.9861363453458716,0.5401137239953386,0.11807822992590863,1.0911835008037611
WbHt_6000_2000,WbHt,6000,2000,85,140,1.2,1.6,/eos/uscms/store/user/aji/rootfiles_existingOptimization/WbHt_6000_2000_pt140_ak12_ca16_th85.root,ok,,1000,1000,1.0,0.0,0.092,0.00913980306133562,0.046,0.508,0.359,0.359,0.641,0.01516967369457893,2236.135940662988,1441.8861230610316,3405.009670853727,1.1180679703314942,0.7209430615305158,1.7025048354268635,0.438954428506402,0.11544190359268408,1.0917612255395515
WbHt_6000_2000,WbHt,6000,2000,85,220,0.8,1.6,/eos/uscms/store/user/aji/rootfiles_existingOptimization/WbHt_6000_2000_pt220_ak8_ca16_th85.root,ok,,1000,1000,1.0,0.0,0.264,0.013939296969359681,0.1355,0.551,0.368,0.368,0.632,0.015250442616527561,1874.97761621663,799.2974073483675,2500.0391472561105,0.937488808108315,0.3996487036741838,1.2500195736280553,0.45353654496941037,0.26758229659016664,1.0917876641585789
WbHt_6000_2000,WbHt,6000,2000,85,280,0.6,1.2,/eos/uscms/store/user/aji/rootfiles_existingOptimization/WbHt_6000_2000_pt280_ak6_ca12_th85.root,ok,,1000,1000,1.0,0.0,0.359,0.01516967369457893,0.196,0.603,0.44,0.44,0.56,0.015697133496278867,1798.544359634428,342.3719144574291,2219.8644267663553,0.899272179817214,0.17118595722871455,1.1099322133831777,0.52194779134904,0.1508413248275436,1.0920205733673187
WbHt_6000_2000,WbHt,6000,2000,85,260,1.0,1.6,/eos/uscms/store/user/aji/rootfiles_existingOptimization/WbHt_6000_2000_pt260_ak10_ca16_th85.root,ok,,1000,1000,1.0,0.0,0.265,0.013956181426163821,0.1375,0.557,0.386,0.386,0.614,0.015394934231752989,1961.0279965026748,723.0052124404665,2595.156817095153,0.9805139982513373,0.3615026062202332,1.2975784085475766,0.47733933630562864,0.2519932669562799,1.093287936480495
WbHt_6000_2000,WbHt,6000,2000,85,260,0.4,0.8,/eos/uscms/store/user/aji/rootfiles_existingOptimization/WbHt_6000_2000_pt260_ak4_ca8_th85.root,ok,,1000,1000,1.0,0.0,0.397,0.01547226550961429,0.2235,0.6285,0.468,0.468,0.532,0.01577897335063343,1701.8750225552003,176.09699383303047,2039.2448005632787,0.8509375112776001,0.08804849691651523,1.0196224002816392,0.5473809128278152,0.1191989268233189,1.0942871617000551
WbHt_6000_2000,WbHt,6000,2000,85,280,0.4,0.6,/eos/uscms/store/user/aji/rootfiles_existingOptimization/WbHt_6000_2000_pt280_ak4_ca6_th85.root,ok,,1000,1000,1.0,0.0,0.404,0.015517216245190372,0.232,0.626,0.464,0.464,0.536,0.015770351930125083,1690.0823636486298,160.92409878980794,2002.862632766679,0.8450411818243149,0.08046204939490398,1.0014313163833395,0.5449256715514169,0.1191989268233189,1.0964215533689856
WbHt_6000_2000,WbHt,6000,2000,85,320,1.0,1.4,/eos/uscms/store/user/aji/rootfiles_existingOptimization/WbHt_6000_2000_pt320_ak10_ca14_th85.root,ok,,1000,1000,1.0,0.0,0.316,0.014701836619960105,0.1675,0.5635,0.397,0.397,0.603,0.01547226550961429,1962.8470633703703,578.6849882222157,2513.8744775623795,0.9814235316851851,0.2893424941111079,1.2569372387811897,0.49295473026239844,0.2361173800406025,1.09781237709388
WbHt_6000_2000,WbHt,6000,2000,85,400,1.0,1.2,/eos/uscms/store/user/aji/rootfiles_existingOptimization/WbHt_6000_2000_pt400_ak10_ca12_th85.root,ok,,1000,1000,1.0,0.0,0.397,0.01547226550961429,0.219,0.571,0.401,0.401,0.599,0.015498354751392161,1944.9102671361934,451.0502591850736,2387.6779265556715,0.9724551335680968,0.22552512959253682,1.193838963277836,0.49787069873979556,0.1794278441182556,1.099625185382986
WbHt_6000_2000,WbHt,6000,2000,85,400,0.8,1.0,/eos/uscms/store/user/aji/rootfiles_existingOptimization/WbHt_6000_2000_pt400_ak8_ca10_th85.root,ok,,1000,1000,1.0,0.0,0.45,0.015732132722552274,0.2625,0.5895,0.428,0.428,0.5720000000000001,0.015646597074124455,1858.0125433328717,282.75099196546574,2224.0608310867606,0.9290062716664358,0.14137549598273288,1.1120304155433804,0.5224156979153128,0.14017670513000638,1.1015150707486692
WbHt_6000_2000,WbHt,6000,2000,85,300,1.6,1.4,/eos/uscms/store/user/aji/rootfiles_existingOptimization/WbHt_6000_2000_pt300_ak16_ca14_th85.root,ok,,1000,1000,1.0,0.0,0.028,0.005216895628628198,0.0145,0.458,0.299,0.299,0.7010000000000001,0.014477534320456642,2333.1106640940247,1222.207866908832,3020.504601651596,1.1665553320470123,0.611103933454416,1.5102523008257982,0.38538607756976345,0.11636082904753811,1.1030416107744647
WbHt_6000_2000,WbHt,6000,2000,85,300,1.4,1.4,/eos/uscms/store/user/aji/rootfiles_existingOptimization/WbHt_6000_2000_pt300_ak14_ca14_th85.root,ok,,1000,1000,1.0,0.0,0.114,0.010050074626588601,0.0595,0.489,0.33,0.33,0.6699999999999999,0.014869431730903505,2206.954635233611,963.8019516508472,2834.4651021096297,1.1034773176168056,0.48190097582542357,1.4172325510548147,0.42381096570677096,0.16512679749096779,1.1041586974684514
WbHt_6000_2000,WbHt,6000,2000,85,400,0.6,0.6,/eos/uscms/store/user/aji/rootfiles_existingOptimization/WbHt_6000_2000_pt400_ak6_ca6_th85.root,ok,,1000,1000,1.0,0.0,0.488,0.01580683396509244,0.2935,0.6015,0.43,0.43,0.5700000000000001,0.015655669899432602,1759.431709981602,192.03861405781402,2034.6345704299256,0.879715854990801,0.09601930702890701,1.0173172852149628,0.5236338375393322,0.12647600141523993,1.1056622520402524
WbHt_6000_2000,WbHt,6000,2000,85,300,1.2,1.6,/eos/uscms/store/user/aji/rootfiles_existingOptimization/WbHt_6000_2000_pt300_ak12_ca16_th85.root,ok,,1000,1000,1.0,0.0,0.223,0.01316324428095141,0.115,0.535,0.361,0.361,0.639,0.01518812035770062,2050.730954832435,750.1659395314548,2656.1070846875386,1.0253654774162175,0.3750829697657274,1.3280535423437694,0.46469799967295516,0.29036088157078815,1.106234547414577
WbHt_6000_2000,WbHt,6000,2000,85,220,0.4,1.2,/eos/uscms/store/user/aji/rootfiles_existingOptimization/WbHt_6000_2000_pt220_ak4_ca12_th85.root,ok,,1000,1000,1.0,0.0,0.364,0.015215255502291114,0.1955,0.591,0.421,0.421,0.579,0.015612783224012303,1702.6828896998304,390.5801935289024,2142.082474337637,0.8513414448499153,0.1952900967644512,1.0710412371688185,0.5143360197615865,0.18411213151790473,1.108201875276595
WbHt_6000_2000,WbHt,6000,2000,85,360,1.2,1.4,/eos/uscms/store/user/aji/rootfiles_existingOptimization/WbHt_6000_2000_pt360_ak12_ca14_th85.root,ok,,1000,1000,1.0,0.0,0.258,0.013836039895866157,0.1365,0.539,0.369,0.369,0.631,0.015259062880793171,2052.3328312449908,656.2100308887,2607.3568938453695,1.0261664156224954,0.32810501544435,1.3036784469226848,0.47534854806495014,0.24613164473987326,1.1089651896271997
WbHt_6000_2000,WbHt,6000,2000,85,380,0.6,0.8,/eos/uscms/store/user/aji/rootfiles_existingOptimization/WbHt_6000_2000_pt380_ak6_ca8_th85.root,ok,,1000,1000,1.0,0.0,0.481,0.01579996835439869,0.282,0.6,0.433,0.433,0.567,0.015668790636165896,1770.215785469329,190.34939167990575,2074.8855928760095,0.8851078927346645,0.09517469583995286,1.0374427964380046,0.5322899661908916,0.1333333445770691,1.1107791769174251
WbHt_6000_2000,WbHt,6000,2000,85,340,0.6,1.0,/eos/uscms/store/user/aji/rootfiles_existingOptimization/WbHt_6000_2000_pt340_ak6_ca10_th85.root,ok,,1000,1000,1.0,0.0,0.431,0.015660108556456432,0.245,0.604,0.44,0.44,0.56,0.015697133496278867,1778.7756772601247,207.23303036639913,2127.6337695787192,0.8893878386300623,0.10361651518319957,1.0638168847893597,0.5398097027530595,0.149173629216781,1.1108709188900532
WbHt_6000_2000,WbHt,6000,2000,85,120,1.2,1.0,/eos/uscms/store/user/aji/rootfiles_existingOptimization/WbHt_6000_2000_pt120_ak12_ca10_th85.root,ok,,1000,1000,1.0,0.0,0.036,0.005891010100144117,0.018,0.5135,0.44,0.44,0.56,0.015697133496278867,2405.8536156857144,1932.4951273800561,4493.045133209982,1.2029268078428572,0.9662475636900281,2.2465225666049915,0.5321500005519083,0.0184104278408148,1.112442681336194
WbHt_6000_2000,WbHt,6000,2000,85,320,1.6,1.4,/eos/uscms/store/user/aji/rootfiles_existingOptimization/WbHt_6000_2000_pt320_ak16_ca14_th85.root,ok,,1000,1000,1.0,0.0,0.029,0.005306505441436953,0.0155,0.457,0.291,0.291,0.7090000000000001,0.014363808687113596,2310.157503646188,1194.2179630652283,2999.254326493848,1.155078751823094,0.5971089815326142,1.4996271632469238,0.39067387409293053,0.13405878894411483,1.11518174927524
WbHt_6000_2000,WbHt,6000,2000,85,360,0.8,1.2,/eos/uscms/store/user/aji/rootfiles_existingOptimization/WbHt_6000_2000_pt360_ak8_ca12_th85.root,ok,,1000,1000,1.0,0.0,0.416,0.01558666096378567,0.2335,0.585,0.416,0.416,0.5840000000000001,0.015586660963785668,1861.3674136448176,317.4232825610797,2270.1260620630533,0.9306837068224088,0.15871164128053986,1.1350630310315264,0.5245344807230476,0.20044985142339258,1.1154661100408068
WbHt_6000_2000,WbHt,6000,2000,85,180,0.6,1.6,/eos/uscms/store/user/aji/rootfiles_existingOptimization/WbHt_6000_2000_pt180_ak6_ca16_th85.root,ok,,1000,1000,1.0,0.0,0.267,0.013989674763910703,0.136,0.5495,0.364,0.364,0.636,0.015215255502291114,1793.9380986609826,724.9143419666433,2410.213920881768,0.8969690493304913,0.36245717098332164,1.205106960440884,0.46972066097850673,0.28470194841270263,1.1160237560454576
WbHt_6000_2000,WbHt,6000,2000,85,240,0.6,1.4,/eos/uscms/store/user/aji/rootfiles_existingOptimization/WbHt_6000_2000_pt240_ak6_ca14_th85.root,ok,,1000,1000,1.0,0.0,0.321,0.0147634345597493,0.17,0.5685,0.394,0.394,0.606,0.015451990163082553,1787.9807046282622,522.3210449249698,2315.131923055291,0.893990352314131,0.26116052246248483,1.1575659615276452,0.5013507342359891,0.2727683590737888,1.117951699004576
WbHt_6000_2000,WbHt,6000,2000,85,240,0.4,1.0,/eos/uscms/store/user/aji/rootfiles_existingOptimization/WbHt_6000_2000_pt240_ak4_ca10_th85.root,ok,,1000,1000,1.0,0.0,0.389,0.015416841440450765,0.214,0.6125,0.448,0.448,0.552,0.015725647840391186,1702.341310767685,219.77565615256523,2096.1139640824344,0.8511706553838425,0.10988782807628261,1.0480569820412171,0.5511052031874027,0.14025100918508998,1.1179881376490184
WbHt_6000_2000,WbHt,6000,2000,85,280,0.4,0.8,/eos/uscms/store/user/aji/rootfiles_existingOptimization/WbHt_6000_2000_pt280_ak4_ca8_th85.root,ok,,1000,1000,1.0,0.0,0.424,0.01562766777225572,0.242,0.613,0.449,0.449,0.5509999999999999,0.015728922404284407,1686.0295961449433,160.32988984095186,2019.7641000023734,0.8430147980724717,0.08016494492047593,1.0098820500011867,0.5514239531776199,0.12778378871607848,1.1181224733703727
WbHt_6000_2000,WbHt,6000,2000,85,320,1.4,1.4,/eos/uscms/store/user/aji/rootfiles_existingOptimization/WbHt_6000_2000_pt320_ak14_ca14_th85.root,ok,,1000,1000,1.0,0.0,0.124,0.010422283818818216,0.065,0.4815,0.321,0.321,0.679,0.0147634345597493,2192.616003679881,919.9106450154202,2812.229089317063,1.0963080018399403,0.4599553225077101,1.4061145446585315,0.4315207134139661,0.20711251130928424,1.12015151359796
WbHt_6000_2000,WbHt,6000,2000,85,340,1.0,1.4,/eos/uscms/store/user/aji/rootfiles_existingOptimization/WbHt_6000_2000_pt340_ak10_ca14_th85.root,ok,,1000,1000,1.0,0.0,0.339,0.014969268519202935,0.1805,0.5565,0.386,0.386,0.614,0.015394934231752989,1946.7445973136691,534.0280739628275,2494.601038444835,0.9733722986568346,0.26701403698141374,1.2473005192224176,0.5035516644523941,0.2557256218288031,1.1202144345867107
WbHt_6000_2000,WbHt,6000,2000,85,180,0.4,1.4,/eos/uscms/store/user/aji/rootfiles_existingOptimization/WbHt_6000_2000_pt180_ak4_ca14_th85.root,ok,,1000,1000,1.0,0.0,0.314,0.01467664811869522,0.164,0.563,0.385,0.385,0.615,0.015387494922826133,1711.5531314759191,588.1494575287775,2269.0657378353108,0.8557765657379596,0.2940747287643887,1.1345328689176555,0.49104998535950595,0.2225599510052083,1.1204723287857101
WbHt_6000_2000,WbHt,6000,2000,85,200,1.4,1.6,/eos/uscms/store/user/aji/rootfiles_existingOptimization/WbHt_6000_2000_pt200_ak14_ca16_th85.root,ok,,1000,1000,1.0,0.0,0.082,0.008676174272108648,0.041,0.4765,0.313,0.313,0.687,0.014663935351739654,2274.365970274589,1204.4319744430206,3117.9010425972147,1.1371829851372945,0.6022159872215103,1.5589505212986072,0.420659887890245,0.14795138281373488,1.1213781864039745
WbHt_6000_2000,WbHt,6000,2000,85,240,0.8,1.6,/eos/uscms/store/user/aji/rootfiles_existingOptimization/WbHt_6000_2000_pt240_ak8_ca16_th85.root,ok,,1000,1000,1.0,0.0,0.286,0.014289996501049255,0.148,0.545,0.364,0.364,0.636,0.015215255502291114,1863.5855616003755,696.0682584794798,2481.6148187374943,0.9317927808001878,0.34803412923974,1.2408074093687471,0.4790621361985268,0.2976557722751927,1.121882858118508
WbHt_6000_2000,WbHt,6000,2000,85,220,1.4,1.6,/eos/uscms/store/user/aji/rootfiles_existingOptimization/WbHt_6000_2000_pt220_ak14_ca16_th85.root,ok,,1000,1000,1.0,0.0,0.093,0.009184280047995052,0.047,0.4795,0.312,0.312,0.688,0.014651143300097778,2247.282466767377,1102.5412096144173,2998.547652153308,1.1236412333836885,0.5512706048072087,1.4992738260766538,0.42184426536870046,0.18253037968523234,1.1222083887070693
WbHt_6000_2000,WbHt,6000,2000,85,320,1.2,1.6,/eos/uscms/store/user/aji/rootfiles_existingOptimization/WbHt_6000_2000_pt320_ak12_ca16_th85.root,ok,,1000,1000,1.0,0.0,0.237,0.013447341744746431,0.123,0.5265,0.35,0.35,0.65,0.015083103128998356,2049.5868235351004,723.9001334521724,2656.1070846875386,1.0247934117675501,0.3619500667260862,1.3280535423437694,0.4713649914822153,0.3013633433712244,1.1238443326589702
WbHt_6000_2000,WbHt,6000,2000,85,380,1.2,1.4,/eos/uscms/store/user/aji/rootfiles_existingOptimization/WbHt_6000_2000_pt380_ak12_ca14_th85.root,ok,,1000,1000,1.0,0.0,0.272,0.014071815803228808,0.145,0.5305,0.357,0.357,0.643,0.015150940564862632,2049.236122240897,632.4609756177282,2595.223403130816,1.0246180611204487,0.3162304878088641,1.297611701565408,0.4789009929628685,0.26893835076639305,1.1243627990749134
WbHt_6000_2000,WbHt,6000,2000,85,320,0.4,0.4,/eos/uscms/store/user/aji/rootfiles_existingOptimization/WbHt_6000_2000_pt320_ak4_ca4_th85.root,ok,,1000,1000,1.0,0.0,0.452,0.015738360778683402,0.268,0.6085,0.438,0.438,0.562,0.01568935945155187,1665.6772174069843,147.33397096198985,1966.6895302025896,0.832838608703492,0.07366698548099493,0.9833447651012948,0.5461308890544988,0.13246082954495217,1.1248470281841496
WbHt_6000_2000,WbHt,6000,2000,85,300,0.4,0.6,/eos/uscms/store/user/aji/rootfiles_existingOptimization/WbHt_6000_2000_pt300_ak4_ca6_th85.root,ok,,1000,1000,1.0,0.0,0.446,0.01571890581433708,0.256,0.606,0.439,0.439,0.5609999999999999,0.015693278816104682,1671.1480485863026,150.0559440650902,1981.7314793756484,0.8355740242931513,0.07502797203254509,0.9908657396878242,0.5480291039624087,0.14021432601142408,1.1254717015330935
WbHt_6000_2000,WbHt,6000,2000,85,280,0.8,1.4,/eos/uscms/store/user/aji/rootfiles_existingOptimization/WbHt_6000_2000_pt280_ak8_ca14_th85.root,ok,,1000,1000,1.0,0.0,0.322,0.014775520295407536,0.1705,0.568,0.392,0.392,0.608,0.015438134602341048,1876.9942758439292,505.87685557626435,2433.131069533852,0.9384971379219647,0.2529384277881322,1.2165655347669262,0.5133884100661578,0.26098258930240525,1.1275386962739613
WbHt_6000_2000,WbHt,6000,2000,85,140,0.4,1.6,/eos/uscms/store/user/aji/rootfiles_existingOptimization/WbHt_6000_2000_pt140_ak4_ca16_th85.root,ok,,1000,1000,1.0,0.0,0.262,0.013905250806799567,0.1325,0.5495,0.355,0.355,0.645,0.015131919904625453,1713.0327325964568,737.2404546222465,2341.8995088152146,0.8565163662982284,0.36862022731112326,1.1709497544076073,0.46836789036738785,0.2642540964100691,1.1277162537375651
WbHt_6000_2000,WbHt,6000,2000,85,300,0.6,1.2,/eos/uscms/store/user/aji/rootfiles_existingOptimization/WbHt_6000_2000_pt300_ak6_ca12_th85.root,ok,,1000,1000,1.0,0.0,0.387,0.015402305022301045,0.2135,0.5925,0.424,0.424,0.5760000000000001,0.015627667772255716,1785.3698983149634,261.2960979495706,2193.661626009279,0.8926849491574816,0.13064804897478532,1.0968308130046396,0.5411667156154811,0.1966540080808632,1.127898220699733
WbHt_6000_2000,WbHt,6000,2000,85,240,1.4,1.6,/eos/uscms/store/user/aji/rootfiles_existingOptimization/WbHt_6000_2000_pt240_ak14_ca16_th85.root,ok,,1000,1000,1.0,0.0,0.101,0.009528850927577786,0.052,0.4765,0.306,0.306,0.694,0.014572714228996602,2234.6950863159527,1084.8789252292377,2978.874346547748,1.1173475431579765,0.542439462614619,1.489437173273874,0.42377043582283314,0.19407078803820932,1.1295051901386306
WbHt_6000_2000,WbHt,6000,2000,85,360,0.6,1.0,/eos/uscms/store/user/aji/rootfiles_existingOptimization/WbHt_6000_2000_pt360_ak6_ca10_th85.root,ok,,1000,1000,1.0,0.0,0.457,0.015752809273269323,0.2635,0.5905,0.424,0.424,0.5760000000000001,0.015627667772255716,1764.8932871435818,196.81401207210564,2111.6793515203035,0.8824466435717909,0.09840700603605283,1.0558396757601516,0.5424875694743392,0.16183314483706895,1.1302429051171603
WbHt_6000_2000,WbHt,6000,2000,85,400,0.6,0.8,/eos/uscms/store/user/aji/rootfiles_existingOptimization/WbHt_6000_2000_pt400_ak6_ca8_th85.root,ok,,1000,1000,1.0,0.0,0.5,0.015811388300841896,0.2995,0.5865,0.415,0.415,0.585,0.015581238718407468,1752.939029988274,184.88198591179344,2054.3875995641592,0.876469514994137,0.09244099295589671,1.0271937997820797,0.5332488984699234,0.15191813419733108,1.1306019469705095
WbHt_6000_2000,WbHt,6000,2000,85,340,1.6,1.4,/eos/uscms/store/user/aji/rootfiles_existingOptimization/WbHt_6000_2000_pt340_ak16_ca14_th85.root,ok,,1000,1000,1.0,0.0,0.032,0.005565608681896348,0.017,0.4515,0.284,0.284,0.716,0.014259873772232349,2292.7899540341095,1140.5777272379025,2983.0697471529143,1.1463949770170547,0.5702888636189513,1.4915348735764573,0.40180131125251817,0.14271835324741505,1.1324408089542235
WbHt_6000_2000,WbHt,6000,2000,85,380,0.8,1.2,/eos/uscms/store/user/aji/rootfiles_existingOptimization/WbHt_6000_2000_pt380_ak8_ca12_th85.root,ok,,1000,1000,1.0,0.0,0.439,0.015693278816104682,0.248,0.575,0.404,0.404,0.596,0.015517216245190372,1854.6959173749867,299.2847185785389,2265.210568690354,0.9273479586874933,0.14964235928926944,1.1326052843451773,0.5299860294334007,0.22007075633842077,1.1332512335646512
WbHt_6000_2000,WbHt,6000,2000,85,360,1.6,1.4,/eos/uscms/store/user/aji/rootfiles_existingOptimization/WbHt_6000_2000_pt360_ak16_ca14_th85.root,ok,,1000,1000,1.0,0.0,0.031,0.0054807846153630225,0.017,0.454,0.283,0.283,0.7170000000000001,0.014244683218660917,2279.792240573179,1109.7069564563496,2946.3755819160683,1.1398961202865894,0.5548534782281749,1.4731877909580342,0.4028149128619608,0.151212526847257,1.13380452489062
WbHt_6000_2000,WbHt,6000,2000,85,160,1.4,1.4,/eos/uscms/store/user/aji/rootfiles_existingOptimization/WbHt_6000_2000_pt160_ak14_ca14_th85.root,ok,,1000,1000,1.0,0.0,0.051,0.00695693898205238,0.0255,0.4475,0.333,0.333,0.667,0.01490338887635963,2415.6448440482304,1704.5124369605746,3869.1190015397005,1.2078224220241152,0.8522562184802873,1.9345595007698502,0.44803907534511467,0.07069895693255968,1.1358213175475262
WbHt_6000_2000,WbHt,6000,2000,85,280,1.0,1.6,/eos/uscms/store/user/aji/rootfiles_existingOptimization/WbHt_6000_2000_pt280_ak10_ca16_th85.root,ok,,1000,1000,1.0,0.0,0.294,0.014407081592050487,0.153,0.5455,0.367,0.367,0.633,0.015241751867813621,1943.7311379255611,626.2852077077466,2572.664055830195,0.9718655689627805,0.31314260385387327,1.2863320279150974,0.5006810896181128,0.29059709386620897,1.1364945327218345
WbHt_6000_2000,WbHt,6000,2000,85,400,1.2,1.4,/eos/uscms/store/user/aji/rootfiles_existingOptimization/WbHt_6000_2000_pt400_ak12_ca14_th85.root,ok,,1000,1000,1.0,0.0,0.293,0.014392741226048637,0.1575,0.5225,0.348,0.348,0.652,0.015063067416698366,2030.7382102657973,610.2984344615902,2577.991658987429,1.0153691051328986,0.3051492172307951,1.2889958294937147,0.4844773232164411,0.2996387646931176,1.138014233729731
WbHt_6000_2000,WbHt,6000,2000,85,200,1.6,1.4,/eos/uscms/store/user/aji/rootfiles_existingOptimization/WbHt_6000_2000_pt200_ak16_ca14_th85.root,ok,,1000,1000,1.0,0.0,0.02,0.004427188724235731,0.01,0.4335,0.309,0.309,0.6910000000000001,0.014612289348353322,2470.383084137733,1511.955455150328,3618.0849760060287,1.2351915420688666,0.755977727575164,1.8090424880030143,0.42627589509884206,0.07229808648428529,1.1407950493057288
WbHt_6000_2000,WbHt,6000,2000,85,340,1.4,1.4,/eos/uscms/store/user/aji/rootfiles_existingOptimization/WbHt_6000_2000_pt340_ak14_ca14_th85.root,ok,,1000,1000,1.0,0.0,0.132,0.010704017937204702,0.0695,0.4705,0.307,0.307,0.6930000000000001,0.014585986425333049,2184.7760354114675,894.6627559854838,2811.3680463526134,1.092388017705734,0.4473313779927419,1.4056840231763068,0.438650291677643,0.22266140100388795,1.1408890934482163
WbHt_6000_2000,WbHt,6000,2000,85,300,0.4,0.8,/eos/uscms/store/user/aji/rootfiles_existingOptimization/WbHt_6000_2000_pt300_ak4_ca8_th85.root,ok,,1000,1000,1.0,0.0,0.464,0.015770351930125086,0.265,0.5935,0.425,0.425,0.575,0.015632498200863484,1670.4276953612975,149.7780724867551,1991.041953368462,0.8352138476806488,0.07488903624337755,0.9955209766842309,0.5511354624910775,0.15779714052977106,1.1426140777230125
WbHt_6000_2000,WbHt,6000,2000,85,260,1.4,1.6,/eos/uscms/store/user/aji/rootfiles_existingOptimization/WbHt_6000_2000_pt260_ak14_ca16_th85.root,ok,,1000,1000,1.0,0.0,0.108,0.009815090422405696,0.0555,0.4745,0.303,0.303,0.6970000000000001,0.01453241205031016,2214.3293981537945,1005.82302891485,2942.4274774105807,1.107164699076897,0.5029115144574251,1.4712137387052902,0.4372891517654017,0.21540654381060442,1.1450056216730915
WbHt_6000_2000,WbHt,6000,2000,85,360,1.0,1.4,/eos/uscms/store/user/aji/rootfiles_existingOptimization/WbHt_6000_2000_pt360_ak10_ca14_th85.root,ok,,1000,1000,1.0,0.0,0.364,0.015215255502291114,0.1975,0.5465,0.371,0.371,0.629,0.015276092432294327,1935.3587830738727,488.30432416053407,2473.2947773544306,0.9676793915369364,0.24415216208026702,1.2366473886772154,0.512822343472975,0.27727941756134655,1.1450544043192812
WbHt_6000_2000,WbHt,6000,2000,85,400,0.8,1.2,/eos/uscms/store/user/aji/rootfiles_existingOptimization/WbHt_6000_2000_pt400_ak8_ca12_th85.root,ok,,1000,1000,1.0,0.0,0.455,0.015747221977225064,0.265,0.5635,0.394,0.394,0.606,0.015451990163082553,1845.1307520702317,281.0152520955031,2246.471746476309,0.9225653760351158,0.14050762604775155,1.1232358732381544,0.5326062914987377,0.22007075633842077,1.146349753895226
WbHt_6000_2000,WbHt,6000,2000,85,340,1.2,1.6,/eos/uscms/store/user/aji/rootfiles_existingOptimization/WbHt_6000_2000_pt340_ak12_ca16_th85.root,ok,,1000,1000,1.0,0.0,0.253,0.013747399754135324,0.1325,0.516,0.339,0.339,0.661,0.014969268519202933,2035.5280610535774,679.5271903822963,2653.6168517218466,1.0177640305267888,0.3397635951911482,1.3268084258609234,0.4849084861836228,0.3212617547820637,1.1476848892363019
WbHt_6000_2000,WbHt,6000,2000,85,260,0.4,1.0,/eos/uscms/store/user/aji/rootfiles_existingOptimization/WbHt_6000_2000_pt260_ak4_ca10_th85.root,ok,,1000,1000,1.0,0.0,0.414,0.015575750383207868,0.232,0.597,0.427,0.427,0.573,0.015641962792437528,1687.9568554387956,171.43688934360156,2062.4692587846303,0.8439784277193978,0.08571844467180079,1.0312346293923154,0.5601542371618979,0.15562555138304865,1.1487563943899581
WbHt_6000_2000,WbHt,6000,2000,85,300,0.8,1.4,/eos/uscms/store/user/aji/rootfiles_existingOptimization/WbHt_6000_2000_pt300_ak8_ca14_th85.root,ok,,1000,1000,1.0,0.0,0.343,0.015011695440555674,0.183,0.56,0.38,0.38,0.62,0.015349267083479915,1871.3371022806036,459.2540829534764,2414.473167644094,0.9356685511403018,0.2296270414767382,1.207236583822047,0.5224123121130305,0.27886379666375727,1.1488454569990003
WbHt_6000_2000,WbHt,6000,2000,85,380,1.6,1.4,/eos/uscms/store/user/aji/rootfiles_existingOptimization/WbHt_6000_2000_pt380_ak16_ca14_th85.root,ok,,1000,1000,1.0,0.0,0.035,0.005811626278418116,0.0195,0.446,0.276,0.276,0.724,0.014135911714495106,2264.7866578708677,1075.0720955964105,2941.5744065019085,1.1323933289354338,0.5375360477982052,1.4707872032509541,0.4120702284294191,0.16012756190834432,1.1493095613229625
WbHt_6000_2000,WbHt,6000,2000,85,320,0.6,1.2,/eos/uscms/store/user/aji/rootfiles_existingOptimization/WbHt_6000_2000_pt320_ak6_ca12_th85.root,ok,,1000,1000,1.0,0.0,0.412,0.015564575162849772,0.2295,0.583,0.409,0.409,0.591,0.015547314880711718,1779.9810318256268,225.4138124861598,2174.1925947589953,0.8899905159128134,0.11270690624307989,1.0870962973794975,0.5474156037140694,0.22871780270375835,1.149416552122788
WbHt_6000_2000,WbHt,6000,2000,85,300,1.0,1.6,/eos/uscms/store/user/aji/rootfiles_existingOptimization/WbHt_6000_2000_pt300_ak10_ca16_th85.root,ok,,1000,1000,1.0,0.0,0.311,0.014638271755914358,0.163,0.5415,0.361,0.361,0.639,0.01518812035770062,1935.5306014348855,591.6398749264896,2558.0354387432185,0.9677653007174427,0.2958199374632448,1.2790177193716092,0.5079732561084185,0.301555659520484,1.150196726036674
WbHt_6000_2000,WbHt,6000,2000,85,340,0.4,0.4,/eos/uscms/store/user/aji/rootfiles_existingOptimization/WbHt_6000_2000_pt340_ak4_ca4_th85.root,ok,,1000,1000,1.0,0.0,0.478,0.015796075461962062,0.2905,0.594,0.419,0.419,0.581,0.015602531845825537,1648.5828658294106,140.24963947211683,1963.3499907079517,0.8242914329147053,0.07012481973605841,0.9816749953539758,0.55292954604336,0.1402634464362022,1.1515004027518894
WbHt_6000_2000,WbHt,6000,2000,85,320,0.4,0.6,/eos/uscms/store/user/aji/rootfiles_existingOptimization/WbHt_6000_2000_pt320_ak4_ca6_th85.root,ok,,1000,1000,1.0,0.0,0.485,0.01580427157448264,0.2845,0.59,0.417,0.417,0.583,0.015592017188292218,1657.9119067316783,141.80067206600845,1973.0519083840543,0.8289559533658392,0.07090033603300422,0.986525954192027,0.5522763992714425,0.16526291358516382,1.1523808039348586
WbHt_6000_2000,WbHt,6000,2000,85,280,1.4,1.6,/eos/uscms/store/user/aji/rootfiles_existingOptimization/WbHt_6000_2000_pt280_ak14_ca16_th85.root,ok,,1000,1000,1.0,0.0,0.115,0.010088359628799918,0.0595,0.471,0.296,0.296,0.704,0.014435511767859151,2197.9529049132034,974.4707582948397,2904.299952501901,1.0989764524566017,0.4872353791474199,1.4521499762509504,0.4390060382761635,0.2432810483933276,1.1529036835218236
WbHt_6000_2000,WbHt,6000,2000,85,380,0.6,1.0,/eos/uscms/store/user/aji/rootfiles_existingOptimization/WbHt_6000_2000_pt380_ak6_ca10_th85.root,ok,,1000,1000,1.0,0.0,0.487,0.015806043148112688,0.285,0.5755,0.403,0.403,0.597,0.01551099609954177,1752.6432606563376,188.68635840293933,2096.2046361716707,0.8763216303281689,0.09434317920146967,1.0481023180858353,0.5441832689484097,0.1991757754412422,1.153551105915593
WbHt_6000_2000,WbHt,6000,2000,85,360,1.4,1.4,/eos/uscms/store/user/aji/rootfiles_existingOptimization/WbHt_6000_2000_pt360_ak14_ca14_th85.root,ok,,1000,1000,1.0,0.0,0.141,0.011005407761641547,0.0745,0.4665,0.301,0.301,0.6990000000000001,0.014505137021069465,2170.8357803132067,861.7256099323155,2799.117911421594,1.0854178901566034,0.43086280496615775,1.3995589557107968,0.44623188890173726,0.2378977400097289,1.1537736779173977
WbHt_6000_2000,WbHt,6000,2000,85,200,0.6,1.6,/eos/uscms/store/user/aji/rootfiles_existingOptimization/WbHt_6000_2000_pt200_ak6_ca16_th85.root,ok,,1000,1000,1.0,0.0,0.298,0.014463609508003178,0.1555,0.537,0.348,0.348,0.652,0.015063067416698366,1772.7768573801059,641.0149148518236,2394.813470571206,0.886388428690053,0.32050745742591186,1.197406735285603,0.4946472954050261,0.3173302738161239,1.1580084525360208
WbHt_6000_2000,WbHt,6000,2000,85,200,0.4,1.4,/eos/uscms/store/user/aji/rootfiles_existingOptimization/WbHt_6000_2000_pt200_ak4_ca14_th85.root,ok,,1000,1000,1.0,0.0,0.34,0.014979986648859203,0.1795,0.5485,0.364,0.364,0.636,0.015215255502291114,1691.7748295237184,499.1957888856895,2215.1187415371332,0.8458874147618591,0.24959789444284478,1.1075593707685667,0.5071369199689902,0.26009338852118913,1.1585481784928042
WbHt_6000_2000,WbHt,6000,2000,85,100,1.0,1.6,/eos/uscms/store/user/aji/rootfiles_existingOptimization/WbHt_6000_2000_pt100_ak10_ca16_th85.root,ok,,1000,1000,1.0,0.0,0.077,0.00843036179532053,0.0385,0.4835,0.354,0.354,0.646,0.015122301412152848,2250.312099043526,1511.6656169593455,3770.6660758843673,1.125156049521763,0.7558328084796727,1.8853330379421835,0.5019304788622851,0.09898530237194986,1.1604460838144615
WbHt_6000_2000,WbHt,6000,2000,85,400,1.6,1.4,/eos/uscms/store/user/aji/rootfiles_existingOptimization/WbHt_6000_2000_pt400_ak16_ca14_th85.root,ok,,1000,1000,1.0,0.0,0.038,0.006046155803483731,0.021,0.439,0.27,0.27,0.73,0.014039230748157109,2257.077061044959,1047.3159848130977,2933.5257148068367,1.1285385305224795,0.5236579924065489,1.4667628574034184,0.41784344950997826,0.1663430547108316,1.1606973025622263
WbHt_6000_2000,WbHt,6000,2000,85,180,1.4,1.6,/eos/uscms/store/user/aji/rootfiles_existingOptimization/WbHt_6000_2000_pt180_ak14_ca16_th85.root,ok,,1000,1000,1.0,0.0,0.072,0.008174105455644672,0.036,0.46,0.304,0.304,0.696,0.014545927265045704,2317.769577976319,1280.3140886860347,3375.969823700086,1.1588847889881595,0.6401570443430173,1.687984911850043,0.4520845719365687,0.1275644022434258,1.1639730508353847
WbHt_6000_2000,WbHt,6000,2000,85,340,0.6,1.2,/eos/uscms/store/user/aji/rootfiles_existingOptimization/WbHt_6000_2000_pt340_ak6_ca12_th85.root,ok,,1000,1000,1.0,0.0,0.438,0.015689359451551872,0.2485,0.573,0.399,0.399,0.601,0.015485444778888335,1760.5914202027916,203.63402472482875,2143.8511024894956,0.880295710101396,0.10181701236241437,1.0719255512447479,0.5510128742820936,0.2750600422432068,1.163983303271954
WbHt_6000_2000,WbHt,6000,2000,85,380,1.4,1.4,/eos/uscms/store/user/aji/rootfiles_existingOptimization/WbHt_6000_2000_pt380_ak14_ca14_th85.root,ok,,1000,1000,1.0,0.0,0.153,0.011383804285035824,0.0805,0.4615,0.295,0.295,0.7050000000000001,0.014421338356754548,2154.3595963939533,827.6528138274241,2779.777119550235,1.0771797981969766,0.41382640691371203,1.3898885597751176,0.45306371067076007,0.25645612165650394,1.1657816904904579
WbHt_6000_2000,WbHt,6000,2000,85,380,1.0,1.4,/eos/uscms/store/user/aji/rootfiles_existingOptimization/WbHt_6000_2000_pt380_ak10_ca14_th85.root,ok,,1000,1000,1.0,0.0,0.388,0.015409607392792329,0.2115,0.534,0.355,0.355,0.645,0.015131919904625453,1923.6129395328308,461.2462998914025,2455.8680834628344,0.9618064697664155,0.23062314994570124,1.227934041731417,0.5184571549138794,0.3184944147508956,1.1672765079372378
WbHt_6000_2000,WbHt,6000,2000,85,400,0.6,1.0,/eos/uscms/store/user/aji/rootfiles_existingOptimization/WbHt_6000_2000_pt400_ak6_ca10_th85.root,ok,,1000,1000,1.0,0.0,0.506,0.015810249839898167,0.3025,0.563,0.387,0.387,0.613,0.015402305022301045,1743.8902080941582,183.50669438063971,2074.8855928760095,0.8719451040470791,0.09175334719031986,1.0374427964380046,0.542287263761403,0.20693253615562252,1.168092753356695
WbHt_6000_2000,WbHt,6000,2000,85,360,0.4,0.4,/eos/uscms/store/user/aji/rootfiles_existingOptimization/WbHt_6000_2000_pt360_ak4_ca4_th85.root,ok,,1000,1000,1.0,0.0,0.501,0.015811356678033673,0.3085,0.583,0.403,0.403,0.597,0.01551099609954177,1633.6524881829437,137.01275545265818,1944.857194070128,0.8168262440914718,0.06850637772632909,0.9724285970350639,0.5533136489230565,0.1546756868374137,1.168631024513909
WbHt_6000_2000,WbHt,6000,2000,85,320,0.4,0.8,/eos/uscms/store/user/aji/rootfiles_existingOptimization/WbHt_6000_2000_pt320_ak4_ca8_th85.root,ok,,1000,1000,1.0,0.0,0.498,0.01581126180922952,0.291,0.5795,0.405,0.405,0.595,0.015523369479594306,1656.0080373610458,141.6681882340423,1984.9984915187067,0.8280040186805229,0.07083409411702116,0.9924992457593533,0.556558380665268,0.19072142057766028,1.1687579787972155
WbHt_6000_2000,WbHt,6000,2000,85,320,1.0,1.6,/eos/uscms/store/user/aji/rootfiles_existingOptimization/WbHt_6000_2000_pt320_ak10_ca16_th85.root,ok,,1000,1000,1.0,0.0,0.338,0.014958475858188226,0.1785,0.5335,0.354,0.354,0.646,0.015122301412152848,1923.898425284031,536.9239224253657,2536.0574413581226,0.9619492126420155,0.2684619612126829,1.2680287206790615,0.5195527717731822,0.3283614737078415,1.1693578505089808
WbHt_6000_2000,WbHt,6000,2000,85,360,1.2,1.6,/eos/uscms/store/user/aji/rootfiles_existingOptimization/WbHt_6000_2000_pt360_ak12_ca16_th85.root,ok,,1000,1000,1.0,0.0,0.272,0.014071815803228808,0.1435,0.5085,0.327,0.327,0.673,0.014834790190629592,2019.0983017846702,639.667351721435,2641.252035074731,1.0095491508923349,0.31983367586071754,1.3206260175373654,0.4956630099644248,0.34354210260396056,1.1696179250536582
WbHt_6000_2000,WbHt,6000,2000,85,260,0.6,1.4,/eos/uscms/store/user/aji/rootfiles_existingOptimization/WbHt_6000_2000_pt260_ak6_ca14_th85.root,ok,,1000,1000,1.0,0.0,0.347,0.01505293991218991,0.1865,0.557,0.378,0.378,0.622,0.015333492752794452,1778.7333782828264,383.55129946949523,2295.6066578089535,0.8893666891414133,0.19177564973474762,1.147803328904477,0.5374766622374119,0.2986602264147238,1.1705399933232705
WbHt_6000_2000,WbHt,6000,2000,85,300,1.4,1.6,/eos/uscms/store/user/aji/rootfiles_existingOptimization/WbHt_6000_2000_pt300_ak14_ca16_th85.root,ok,,1000,1000,1.0,0.0,0.13,0.010634848376916336,0.0675,0.4605,0.282,0.282,0.718,0.014229406171727618,2187.708863584333,933.6373804379909,2888.1425356649597,1.0938544317921663,0.46681869021899547,1.4440712678324799,0.4467013842108579,0.26807609235485996,1.1740868273900746
WbHt_6000_2000,WbHt,6000,2000,85,320,0.8,1.4,/eos/uscms/store/user/aji/rootfiles_existingOptimization/WbHt_6000_2000_pt320_ak8_ca14_th85.root,ok,,1000,1000,1.0,0.0,0.369,0.015259062880793171,0.199,0.5475,0.365,0.365,0.635,0.015224158433227107,1855.2833632695833,415.5119822224506,2389.510234429811,0.9276416816347917,0.2077559911112253,1.1947551172149056,0.5319937351048534,0.312890546440927,1.1742295669413743
WbHt_6000_2000,WbHt,6000,2000,85,280,0.4,1.0,/eos/uscms/store/user/aji/rootfiles_existingOptimization/WbHt_6000_2000_pt280_ak4_ca10_th85.root,ok,,1000,1000,1.0,0.0,0.442,0.01570464899321217,0.251,0.58,0.406,0.406,0.594,0.015529455882290275,1668.7633879826772,158.82545514001262,2042.516866481835,0.8343816939913387,0.07941272757000631,1.0212584332409174,0.5643973929758147,0.18292702247695256,1.1749592235766808
WbHt_6000_2000,WbHt,6000,2000,85,340,0.4,0.6,/eos/uscms/store/user/aji/rootfiles_existingOptimization/WbHt_6000_2000_pt340_ak4_ca6_th85.root,ok,,1000,1000,1.0,0.0,0.51,0.0158082257068907,0.3065,0.5765,0.4,0.4,0.6,0.015491933384829668,1641.9087875084704,136.6187659755512,1972.5954418755382,0.8209543937542352,0.06830938298777561,0.986297720937769,0.5590982549907679,0.171424814803726,1.1770028156153445
WbHt_6000_2000,WbHt,6000,2000,85,260,0.8,1.6,/eos/uscms/store/user/aji/rootfiles_existingOptimization/WbHt_6000_2000_pt260_ak8_ca16_th85.root,ok,,1000,1000,1.0,0.0,0.319,0.014739029818817792,0.167,0.5385,0.348,0.348,0.652,0.015063067416698366,1852.1670306308743,542.9966056584576,2462.2135582153232,0.9260835153154371,0.2714983028292288,1.2311067791076615,0.5181003982948431,0.3281837385887418,1.1774920467632994
WbHt_6000_2000,WbHt,6000,2000,85,400,1.0,1.4,/eos/uscms/store/user/aji/rootfiles_existingOptimization/WbHt_6000_2000_pt400_ak10_ca14_th85.root,ok,,1000,1000,1.0,0.0,0.41,0.01555313473226539,0.2255,0.5285,0.348,0.348,0.652,0.015063067416698366,1913.6311395756072,435.5055889452515,2435.775607453397,0.9568155697878036,0.21775279447262572,1.2178878037266985,0.522637298573578,0.32204806572991534,1.1789557415947978
WbHt_6000_2000,WbHt,6000,2000,85,360,0.6,1.2,/eos/uscms/store/user/aji/rootfiles_existingOptimization/WbHt_6000_2000_pt360_ak6_ca12_th85.root,ok,,1000,1000,1.0,0.0,0.463,0.015768037290671277,0.2665,0.562,0.385,0.385,0.615,0.015387494922826133,1749.6037259142313,196.43903064048922,2127.6337695787192,0.8748018629571157,0.0982195153202446,1.0638168847893597,0.5518948977800989,0.3029548431732339,1.1794147114843874
WbHt_6000_2000,WbHt,6000,2000,85,160,0.4,1.6,/eos/uscms/store/user/aji/rootfiles_existingOptimization/WbHt_6000_2000_pt160_ak4_ca16_th85.root,ok,,1000,1000,1.0,0.0,0.3,0.014491376746189439,0.154,0.532,0.332,0.332,0.6679999999999999,0.014892145580808697,1701.3297108442216,630.0544297499786,2322.508191426615,0.8506648554221108,0.31502721487498936,1.1612540957133077,0.49739146706514037,0.29183530215145076,1.1803249815229293
WbHt_6000_2000,WbHt,6000,2000,85,240,0.4,1.2,/eos/uscms/store/user/aji/rootfiles_existingOptimization/WbHt_6000_2000_pt240_ak4_ca12_th85.root,ok,,1000,1000,1.0,0.0,0.401,0.015498354751392161,0.22,0.578,0.401,0.401,0.599,0.015498354751392161,1690.6457299168828,204.28450441183472,2128.8634352616214,0.8453228649584414,0.10214225220591736,1.064431717630811,0.5691845715495951,0.22065498004604944,1.183652285053751
WbHt_6000_2000,WbHt,6000,2000,85,120,1.2,1.2,/eos/uscms/store/user/aji/rootfiles_existingOptimization/WbHt_6000_2000_pt120_ak12_ca12_th85.root,ok,,1000,1000,1.0,0.0,0.047,0.006692607862410586,0.0235,0.4825,0.38,0.38,0.62,0.015349267083479915,2433.852507879078,1881.17498035844,4532.348770574725,1.2169262539395391,0.94058749017922,2.2661743852873624,0.5446455324703684,0.04425288368320808,1.1863381578643222
WbHt_6000_2000,WbHt,6000,2000,85,220,0.6,1.6,/eos/uscms/store/user/aji/rootfiles_existingOptimization/WbHt_6000_2000_pt220_ak6_ca16_th85.root,ok,,1000,1000,1.0,0.0,0.312,0.014651143300097777,0.165,0.5285,0.34,0.34,0.6599999999999999,0.014979986648859205,1760.0400853963793,569.3215607653332,2380.112298186015,0.8800200426981897,0.2846607803826666,1.1900561490930075,0.514417470501211,0.3311744417033561,1.186415466231392
WbHt_6000_2000,WbHt,6000,2000,85,380,1.2,1.6,/eos/uscms/store/user/aji/rootfiles_existingOptimization/WbHt_6000_2000_pt380_ak12_ca16_th85.root,ok,,1000,1000,1.0,0.0,0.286,0.014289996501049255,0.152,0.501,0.316,0.316,0.6839999999999999,0.014701836619960107,2004.421782428983,621.7925448065561,2637.250459434816,1.0022108912144916,0.31089627240327805,1.3186252297174081,0.5027529465844018,0.3489722536358766,1.186974035705851
WbHt_6000_2000,WbHt,6000,2000,85,400,1.4,1.4,/eos/uscms/store/user/aji/rootfiles_existingOptimization/WbHt_6000_2000_pt400_ak14_ca14_th85.root,ok,,1000,1000,1.0,0.0,0.161,0.011622349160131096,0.0855,0.45,0.283,0.283,0.7170000000000001,0.014244683218660917,2141.0903968468765,792.2552102047748,2778.219789709407,1.0705451984234382,0.39612760510238737,1.3891098948547036,0.46377410837704625,0.27010913293038447,1.1878286282193902
WbHt_6000_2000,WbHt,6000,2000,85,340,1.0,1.6,/eos/uscms/store/user/aji/rootfiles_existingOptimization/WbHt_6000_2000_pt340_ak10_ca16_th85.root,ok,,1000,1000,1.0,0.0,0.36,0.015178932768808221,0.191,0.5275,0.344,0.344,0.656,0.015022117027902558,1911.6613938416085,501.2125242129483,2518.9925071090875,0.9558306969208044,0.25060626210647413,1.2594962535545438,0.527755592438177,0.34183966153690504,1.1881725227460966
WbHt_6000_2000,WbHt,6000,2000,85,260,1.6,1.6,/eos/uscms/store/user/aji/rootfiles_existingOptimization/WbHt_6000_2000_pt260_ak16_ca16_th85.root,ok,,1000,1000,1.0,0.0,0.045,0.0065555320150236475,0.023,0.4215,0.256,0.256,0.744,0.013800869537822608,2337.8365395976916,1162.2639912570116,3172.7972656911006,1.1689182697988458,0.5811319956285058,1.5863986328455504,0.42999868476263814,0.19882836816563665,1.1908905117425226
WbHt_6000_2000,WbHt,6000,2000,85,340,0.4,0.8,/eos/uscms/store/user/aji/rootfiles_existingOptimization/WbHt_6000_2000_pt340_ak4_ca8_th85.root,ok,,1000,1000,1.0,0.0,0.522,0.015796075461962062,0.3125,0.567,0.389,0.389,0.611,0.015416841440450765,1638.095027998225,136.52321777024687,1979.9227345458985,0.8190475139991125,0.06826160888512343,0.9899613672729493,0.5626656223443617,0.19482581142611022,1.1917608709444503
WbHt_6000_2000,WbHt,6000,2000,85,360,0.4,0.6,/eos/uscms/store/user/aji/rootfiles_existingOptimization/WbHt_6000_2000_pt360_ak4_ca6_th85.root,ok,,1000,1000,1.0,0.0,0.531,0.01578096955196353,0.3235,0.567,0.386,0.386,0.614,0.015394934231752989,1629.9261381916417,133.38171905924068,1958.4547197653058,0.814963069095821,0.06669085952962034,0.9792273598826529,0.5598637134351785,0.19385295826437443,1.1923674065255963
WbHt_6000_2000,WbHt,6000,2000,85,320,1.4,1.6,/eos/uscms/store/user/aji/rootfiles_existingOptimization/WbHt_6000_2000_pt320_ak14_ca16_th85.root,ok,,1000,1000,1.0,0.0,0.141,0.011005407761641547,0.0735,0.4535,0.273,0.273,0.727,0.014087973594523805,2164.0301635836504,881.4846188619533,2860.520178584418,1.082015081791825,0.44074230943097664,1.4302600892922088,0.4572569257641878,0.30263666016216645,1.1924584339433704
WbHt_6000_2000,WbHt,6000,2000,85,280,0.6,1.4,/eos/uscms/store/user/aji/rootfiles_existingOptimization/WbHt_6000_2000_pt280_ak6_ca14_th85.root,ok,,1000,1000,1.0,0.0,0.37,0.015267612779999367,0.2015,0.549,0.368,0.368,0.632,0.015250442616527561,1771.4751233091192,316.0582424682014,2275.263920798461,0.8857375616545597,0.1580291212341007,1.1376319603992306,0.5529870706483474,0.31948174836107446,1.1964133144828915
WbHt_6000_2000,WbHt,6000,2000,85,380,0.4,0.4,/eos/uscms/store/user/aji/rootfiles_existingOptimization/WbHt_6000_2000_pt380_ak4_ca4_th85.root,ok,,1000,1000,1.0,0.0,0.529,0.01578477114183161,0.33,0.566,0.38,0.38,0.62,0.015349267083479915,1615.4191303155912,134.08902769195245,1939.3069303807501,0.8077095651577957,0.06704451384597622,0.9696534651903751,0.558745983878539,0.1756692653615794,1.1979750273627594
WbHt_6000_2000,WbHt,6000,2000,85,340,0.8,1.4,/eos/uscms/store/user/aji/rootfiles_existingOptimization/WbHt_6000_2000_pt340_ak8_ca14_th85.root,ok,,1000,1000,1.0,0.0,0.399,0.015485444778888335,0.218,0.5415,0.355,0.355,0.645,0.015131919904625453,1847.2187781241444,348.8256366203427,2365.5167477138634,0.9236093890620722,0.17441281831017139,1.1827583738569316,0.5458722959555109,0.33694408072528537,1.1985113570493038
WbHt_6000_2000,WbHt,6000,2000,85,280,1.6,1.6,/eos/uscms/store/user/aji/rootfiles_existingOptimization/WbHt_6000_2000_pt280_ak16_ca16_th85.root,ok,,1000,1000,1.0,0.0,0.046,0.006624499981130651,0.0235,0.421,0.251,0.251,0.749,0.013711272734505722,2316.5090440110916,1124.2931668841723,3135.2784736828485,1.1582545220055458,0.5621465834420861,1.5676392368414243,0.4340551382688768,0.22403044611227546,1.1988805904694313
WbHt_6000_2000,WbHt,6000,2000,85,380,0.6,1.2,/eos/uscms/store/user/aji/rootfiles_existingOptimization/WbHt_6000_2000_pt380_ak6_ca12_th85.root,ok,,1000,1000,1.0,0.0,0.492,0.015809364313595912,0.2875,0.548,0.366,0.366,0.634,0.01523299051401267,1740.2910472900512,188.2616164962472,2111.9688634479194,0.8701455236450255,0.0941308082481236,1.0559844317239597,0.5526969899509722,0.33896626783532857,1.1996824375864696
WbHt_6000_2000,WbHt,6000,2000,85,300,0.4,1.0,/eos/uscms/store/user/aji/rootfiles_existingOptimization/WbHt_6000_2000_pt300_ak4_ca10_th85.root,ok,,1000,1000,1.0,0.0,0.48,0.0157987341265052,0.273,0.562,0.384,0.384,0.616,0.015379986996093333,1648.199351597275,147.47370573803354,2019.9846232109185,0.8240996757986374,0.07373685286901677,1.0099923116054592,0.5680474621162267,0.229521232033151,1.2016374945363628
WbHt_6000_2000,WbHt,6000,2000,85,240,1.6,1.6,/eos/uscms/store/user/aji/rootfiles_existingOptimization/WbHt_6000_2000_pt240_ak16_ca16_th85.root,ok,,1000,1000,1.0,0.0,0.043,0.006414904519944158,0.0215,0.414,0.255,0.255,0.745,0.013783141876945184,2366.3219216540833,1200.0880664428007,3284.4608095922604,1.1831609608270417,0.6000440332214004,1.6422304047961302,0.44042459398179884,0.18935655196929363,1.203740690064503
WbHt_6000_2000,WbHt,6000,2000,85,220,1.6,1.6,/eos/uscms/store/user/aji/rootfiles_existingOptimization/WbHt_6000_2000_pt220_ak16_ca16_th85.root,ok,,1000,1000,1.0,0.0,0.038,0.006046155803483731,0.019,0.4105,0.259,0.259,0.741,0.013853483316480371,2404.206836023729,1258.7191946459634,3393.153608847938,1.2021034180118644,0.6293595973229817,1.696576804423969,0.44389575435449524,0.16835069645875822,1.2051060961556816
WbHt_6000_2000,WbHt,6000,2000,85,400,1.2,1.6,/eos/uscms/store/user/aji/rootfiles_existingOptimization/WbHt_6000_2000_pt400_ak12_ca16_th85.root,ok,,1000,1000,1.0,0.0,0.308,0.014599178059055242,0.165,0.4935,0.307,0.307,0.6930000000000001,0.014585986425333049,1985.5941652965885,587.8064867195413,2626.5012174122276,0.9927970826482942,0.2939032433597707,1.3132506087061138,0.513371454833059,0.3572351999573915,1.2070917465682296
WbHt_6000_2000,WbHt,6000,2000,85,260,0.4,1.2,/eos/uscms/store/user/aji/rootfiles_existingOptimization/WbHt_6000_2000_pt260_ak4_ca12_th85.root,ok,,1000,1000,1.0,0.0,0.424,0.01562766777225572,0.237,0.566,0.384,0.384,0.616,0.015379986996093333,1670.0418552443616,168.41106739032998,2089.148452675272,0.8350209276221807,0.084205533695165,1.044574226337636,0.575056660781684,0.24999236457274546,1.207554568019466
WbHt_6000_2000,WbHt,6000,2000,85,220,0.4,1.4,/eos/uscms/store/user/aji/rootfiles_existingOptimization/WbHt_6000_2000_pt220_ak4_ca14_th85.root,ok,,1000,1000,1.0,0.0,0.378,0.015333492752794452,0.2025,0.54,0.351,0.351,0.649,0.015093011627902497,1670.6750707985798,366.2250553267189,2181.6867672327558,0.8353375353992898,0.18311252766335945,1.090843383616378,0.5433317775664929,0.3169020054998375,1.2087980240265639
WbHt_6000_2000,WbHt,6000,2000,85,300,1.6,1.6,/eos/uscms/store/user/aji/rootfiles_existingOptimization/WbHt_6000_2000_pt300_ak16_ca16_th85.root,ok,,1000,1000,1.0,0.0,0.05,0.006892024376045111,0.0255,0.42,0.246,0.246,0.754,0.013619251080731275,2288.401041535206,1084.4552583080222,3104.9932936120204,1.144200520767603,0.542227629154011,1.5524966468060102,0.4414737623848685,0.25311937866100886,1.209893814461629
WbHt_6000_2000,WbHt,6000,2000,85,360,0.4,0.8,/eos/uscms/store/user/aji/rootfiles_existingOptimization/WbHt_6000_2000_pt360_ak4_ca8_th85.root,ok,,1000,1000,1.0,0.0,0.542,0.015755506973753653,0.329,0.556,0.373,0.373,0.627,0.015292841462592882,1623.2795421589979,133.01813467848612,1966.7007886427073,0.8116397710794989,0.06650906733924306,0.9833503943213536,0.5648080340880113,0.2204302719518484,1.2106440569800614
WbHt_6000_2000,WbHt,6000,2000,85,400,0.6,1.2,/eos/uscms/store/user/aji/rootfiles_existingOptimization/WbHt_6000_2000_pt400_ak6_ca12_th85.root,ok,,1000,1000,1.0,0.0,0.511,0.015807561481771943,0.305,0.539,0.356,0.356,0.644,0.015141466243399283,1728.5426171127822,182.73083630225702,2100.6839474770645,0.8642713085563911,0.09136541815112852,1.0503419737385322,0.5547890726519665,0.34358717919216136,1.2123619417963274
WbHt_6000_2000,WbHt,6000,2000,85,340,1.4,1.6,/eos/uscms/store/user/aji/rootfiles_existingOptimization/WbHt_6000_2000_pt340_ak14_ca16_th85.root,ok,,1000,1000,1.0,0.0,0.149,0.01126050620531777,0.078,0.445,0.262,0.262,0.738,0.013905250806799567,2147.4240364101115,850.1065956437437,2860.520178584418,1.0737120182050557,0.4250532978218719,1.4302600892922088,0.4680988823943499,0.31325298503542875,1.2134700842148554
WbHt_6000_2000,WbHt,6000,2000,85,360,1.0,1.6,/eos/uscms/store/user/aji/rootfiles_existingOptimization/WbHt_6000_2000_pt360_ak10_ca16_th85.root,ok,,1000,1000,1.0,0.0,0.384,0.015379986996093333,0.2075,0.5185,0.331,0.331,0.669,0.014880826589944525,1897.577793952478,458.06618819815384,2506.4401292009466,0.948788896976239,0.22903309409907693,1.2532200646004734,0.5397338511050502,0.35245298511471324,1.2138549614074263
WbHt_6000_2000,WbHt,6000,2000,85,380,0.4,0.6,/eos/uscms/store/user/aji/rootfiles_existingOptimization/WbHt_6000_2000_pt380_ak4_ca6_th85.root,ok,,1000,1000,1.0,0.0,0.557,0.015708309902723462,0.344,0.5515,0.365,0.365,0.635,0.015224158433227107,1611.6718856563257,131.2536555472107,1943.8393935023398,0.8058359428281627,0.06562682777360536,0.9719196967511698,0.5623308795316563,0.2204302719518484,1.21674728524884
WbHt_6000_2000,WbHt,6000,2000,85,280,0.8,1.6,/eos/uscms/store/user/aji/rootfiles_existingOptimization/WbHt_6000_2000_pt280_ak8_ca16_th85.root,ok,,1000,1000,1.0,0.0,0.347,0.01505293991218991,0.183,0.5285,0.336,0.336,0.6639999999999999,0.014936666294725877,1838.1715305740584,453.79137055492833,2457.397329172854,0.9190857652870292,0.22689568527746415,1.228698664586427,0.5449997253499521,0.34799248008427885,1.217091148821249
WbHt_6000_2000,WbHt,6000,2000,85,360,0.8,1.4,/eos/uscms/store/user/aji/rootfiles_existingOptimization/WbHt_6000_2000_pt360_ak8_ca14_th85.root,ok,,1000,1000,1.0,0.0,0.426,0.015637263187655313,0.2385,0.533,0.344,0.344,0.656,0.015022117027902558,1828.3791530037684,307.7298380081969,2329.3978150218704,0.9141895765018841,0.15386491900409846,1.1646989075109353,0.5528579708679021,0.34517450232741814,1.2174390132177138
WbHt_6000_2000,WbHt,6000,2000,85,320,1.6,1.6,/eos/uscms/store/user/aji/rootfiles_existingOptimization/WbHt_6000_2000_pt320_ak16_ca16_th85.root,ok,,1000,1000,1.0,0.0,0.052,0.007021111023192838,0.027,0.416,0.24,0.24,0.76,0.013505554412907307,2268.8561234834037,1043.1440840784242,3072.0828754501326,1.1344280617417017,0.5215720420392121,1.5360414377250664,0.4471281299795805,0.2747544993337561,1.2205709361537507
WbHt_6000_2000,WbHt,6000,2000,85,320,0.4,1.0,/eos/uscms/store/user/aji/rootfiles_existingOptimization/WbHt_6000_2000_pt320_ak4_ca10_th85.root,ok,,1000,1000,1.0,0.0,0.512,0.01580683396509244,0.298,0.5505,0.368,0.368,0.632,0.015250442616527561,1631.859292689323,140.24963947211683,2002.862632766679,0.8159296463446615,0.07012481973605841,1.0014313163833395,0.5707026952749567,0.2613198663804731,1.2211097306404906
WbHt_6000_2000,WbHt,6000,2000,85,280,0.4,1.2,/eos/uscms/store/user/aji/rootfiles_existingOptimization/WbHt_6000_2000_pt280_ak4_ca12_th85.root,ok,,1000,1000,1.0,0.0,0.447,0.015722308990730335,0.2535,0.553,0.37,0.37,0.63,0.015267612779999367,1649.2459010047999,156.81043278977106,2057.0193198989055,0.8246229505023999,0.07840521639488553,1.0285096599494528,0.5760841624500738,0.2810780274163482,1.2236218673998338
WbHt_6000_2000,WbHt,6000,2000,85,160,1.4,1.6,/eos/uscms/store/user/aji/rootfiles_existingOptimization/WbHt_6000_2000_pt160_ak14_ca16_th85.root,ok,,1000,1000,1.0,0.0,0.064,0.007739767438366608,0.032,0.424,0.287,0.287,0.7130000000000001,0.01430492922037715,2411.266143155215,1489.732931821666,3864.945207176519,1.2056330715776076,0.7448664659108329,1.9324726035882596,0.49252387217754723,0.10665517723803605,1.226087179335308
WbHt_6000_2000,WbHt,6000,2000,85,360,1.4,1.6,/eos/uscms/store/user/aji/rootfiles_existingOptimization/WbHt_6000_2000_pt360_ak14_ca16_th85.root,ok,,1000,1000,1.0,0.0,0.156,0.011474493452871897,0.082,0.4395,0.255,0.255,0.745,0.013783141876945184,2138.415214573451,815.6466363609808,2853.5571632960264,1.0692076072867256,0.4078233181804904,1.4267785816480132,0.47650019347190875,0.319410833873474,1.2284209542005813
WbHt_6000_2000,WbHt,6000,2000,85,380,0.8,1.4,/eos/uscms/store/user/aji/rootfiles_existingOptimization/WbHt_6000_2000_pt380_ak8_ca14_th85.root,ok,,1000,1000,1.0,0.0,0.448,0.01572564784039119,0.2525,0.526,0.337,0.337,0.663,0.014947608504372864,1819.4890156172119,292.464098831853,2318.2296769971686,0.9097445078086059,0.1462320494159265,1.1591148384985843,0.556685300317169,0.3599493044744555,1.2287108495363084
WbHt_6000_2000,WbHt,6000,2000,85,380,0.4,0.8,/eos/uscms/store/user/aji/rootfiles_existingOptimization/WbHt_6000_2000_pt380_ak4_ca8_th85.root,ok,,1000,1000,1.0,0.0,0.565,0.015677212762477903,0.348,0.5435,0.356,0.356,0.644,0.015141466243399283,1608.5505848489101,131.18251738224293,1949.8836694680067,0.804275292424455,0.06559125869112147,0.9749418347340033,0.5653229588227694,0.23082722515915755,1.2288954295803238
WbHt_6000_2000,WbHt,6000,2000,85,300,0.6,1.4,/eos/uscms/store/user/aji/rootfiles_existingOptimization/WbHt_6000_2000_pt300_ak6_ca14_th85.root,ok,,1000,1000,1.0,0.0,0.397,0.01547226550961429,0.2185,0.54,0.354,0.354,0.646,0.015122301412152848,1751.8002364005588,243.0748980752714,2247.2890453418677,0.8759001182002795,0.1215374490376357,1.123644522670934,0.5720441479630904,0.34816049399006666,1.2304541361430625
WbHt_6000_2000,WbHt,6000,2000,85,180,0.4,1.6,/eos/uscms/store/user/aji/rootfiles_existingOptimization/WbHt_6000_2000_pt180_ak4_ca16_th85.root,ok,,1000,1000,1.0,0.0,0.336,0.014936666294725875,0.175,0.5225,0.316,0.316,0.6839999999999999,0.014701836619960107,1669.2973025407277,520.5081430851329,2295.4151541780793,0.8346486512703639,0.26025407154256647,1.1477075770890397,0.5316329836487116,0.34355738148625414,1.2321681185216753
WbHt_6000_2000,WbHt,6000,2000,85,340,1.6,1.6,/eos/uscms/store/user/aji/rootfiles_existingOptimization/WbHt_6000_2000_pt340_ak16_ca16_th85.root,ok,,1000,1000,1.0,0.0,0.058,0.007391616873188166,0.03,0.41,0.232,0.232,0.768,0.013348258313353095,2248.9349823145903,1026.4179761478806,3060.3590198005513,1.124467491157295,0.5132089880739403,1.5301795099002757,0.45220094392398824,0.2882934374722844,1.2326476930397177
WbHt_6000_2000,WbHt,6000,2000,85,380,1.0,1.6,/eos/uscms/store/user/aji/rootfiles_existingOptimization/WbHt_6000_2000_pt380_ak10_ca16_th85.root,ok,,1000,1000,1.0,0.0,0.408,0.015541428505771277,0.2215,0.5085,0.317,0.317,0.683,0.014714312760030622,1881.7457524416122,435.3298710202368,2487.4193043929013,0.9408728762208061,0.2176649355101184,1.2437096521964506,0.5452621404113779,0.3693666065429039,1.2341748527892973
WbHt_6000_2000,WbHt,6000,2000,85,300,0.8,1.6,/eos/uscms/store/user/aji/rootfiles_existingOptimization/WbHt_6000_2000_pt300_ak8_ca16_th85.root,ok,,1000,1000,1.0,0.0,0.366,0.01523299051401267,0.1945,0.5225,0.327,0.327,0.673,0.014834790190629592,1830.4586570369288,415.5119822224506,2439.0728234498447,0.9152293285184643,0.2077559911112253,1.2195364117249223,0.5527469395301863,0.3599493044744555,1.2342240066783399
WbHt_6000_2000,WbHt,6000,2000,85,120,1.2,1.4,/eos/uscms/store/user/aji/rootfiles_existingOptimization/WbHt_6000_2000_pt120_ak12_ca14_th85.root,ok,,1000,1000,1.0,0.0,0.053,0.00708456067798138,0.0265,0.46,0.341,0.341,0.659,0.014990630407024249,2433.335012585452,1794.2508937893638,4489.005702686634,1.2166675062927261,0.8971254468946819,2.2445028513433174,0.5537163594325749,0.06201909348771632,1.2343831100618474
WbHt_6000_2000,WbHt,6000,2000,85,360,1.6,1.6,/eos/uscms/store/user/aji/rootfiles_existingOptimization/WbHt_6000_2000_pt360_ak16_ca16_th85.root,ok,,1000,1000,1.0,0.0,0.058,0.007391616873188166,0.0305,0.4095,0.231,0.231,0.769,0.01332812815064441,2226.953793154051,1014.1969837545951,3037.3539532785253,1.1134768965770254,0.5070984918772975,1.5186769766392627,0.45424314050506603,0.2929286338577094,1.2345908301627686
WbHt_6000_2000,WbHt,6000,2000,85,340,0.4,1.0,/eos/uscms/store/user/aji/rootfiles_existingOptimization/WbHt_6000_2000_pt340_ak4_ca10_th85.root,ok,,1000,1000,1.0,0.0,0.535,0.015772602828956293,0.319,0.5405,0.355,0.355,0.645,0.015131919904625453,1623.8235936894862,136.11473551144002,1995.5100679396478,0.8119117968447431,0.06805736775572001,0.9977550339698239,0.5725361238912287,0.28956643192211373,1.2363449442067544
WbHt_6000_2000,WbHt,6000,2000,85,400,0.4,0.4,/eos/uscms/store/user/aji/rootfiles_existingOptimization/WbHt_6000_2000_pt400_ak4_ca4_th85.root,ok,,1000,1000,1.0,0.0,0.565,0.015677212762477903,0.3555,0.545,0.353,0.353,0.647,0.015112610628213776,1584.104860449833,131.35670949212954,1932.6653099827597,0.7920524302249166,0.06567835474606477,0.9663326549913799,0.5685572481543673,0.21702717118349996,1.2363520051318755
WbHt_6000_2000,WbHt,6000,2000,85,400,0.8,1.4,/eos/uscms/store/user/aji/rootfiles_existingOptimization/WbHt_6000_2000_pt400_ak8_ca14_th85.root,ok,,1000,1000,1.0,0.0,0.464,0.015770351930125086,0.2695,0.516,0.329,0.329,0.671,0.014857960829131297,1803.3728844880952,273.81292008249295,2285.244692923122,0.9016864422440477,0.13690646004124646,1.142622346461561,0.5576860421220078,0.3514412061636898,1.2385173978976032
WbHt_6000_2000,WbHt,6000,2000,85,240,0.6,1.6,/eos/uscms/store/user/aji/rootfiles_existingOptimization/WbHt_6000_2000_pt240_ak6_ca16_th85.root,ok,,1000,1000,1.0,0.0,0.345,0.015032464867745409,0.182,0.5245,0.331,0.331,0.669,0.014880826589944525,1751.3581771891704,398.3952563441641,2353.7804729031927,0.8756790885945851,0.19919762817208206,1.1768902364515965,0.5582482332932348,0.35951093476960444,1.2396803244337762
WbHt_6000_2000,WbHt,6000,2000,85,380,1.4,1.6,/eos/uscms/store/user/aji/rootfiles_existingOptimization/WbHt_6000_2000_pt380_ak14_ca16_th85.root,ok,,1000,1000,1.0,0.0,0.168,0.011822690049223147,0.088,0.4345,0.249,0.249,0.751,0.013674757767507255,2117.2666814063086,788.1277966145333,2843.76285807311,1.058633340703154,0.3940638983072666,1.421881429036555,0.48544547541200733,0.3297829897689495,1.2423088094823227
WbHt_6000_2000,WbHt,6000,2000,85,400,1.0,1.6,/eos/uscms/store/user/aji/rootfiles_existingOptimization/WbHt_6000_2000_pt400_ak10_ca16_th85.root,ok,,1000,1000,1.0,0.0,0.431,0.015660108556456432,0.236,0.502,0.309,0.309,0.6910000000000001,0.014612289348353322,1868.3991239589134,416.72609285230834,2461.9587565044726,0.9341995619794567,0.20836304642615416,1.2309793782522365,0.5473222068629967,0.37689758918137506,1.2449022506650511
WbHt_6000_2000,WbHt,6000,2000,85,320,0.6,1.4,/eos/uscms/store/user/aji/rootfiles_existingOptimization/WbHt_6000_2000_pt320_ak6_ca14_th85.root,ok,,1000,1000,1.0,0.0,0.42,0.015607690412101338,0.2335,0.5315,0.341,0.341,0.659,0.014990630407024249,1746.2542417720463,217.42147758011583,2222.700921768937,0.8731271208860232,0.10871073879005792,1.1113504608844684,0.5741659479532384,0.36335478464775145,1.2458532358646361
WbHt_6000_2000,WbHt,6000,2000,85,380,1.6,1.6,/eos/uscms/store/user/aji/rootfiles_existingOptimization/WbHt_6000_2000_pt380_ak16_ca16_th85.root,ok,,1000,1000,1.0,0.0,0.061,0.0075682891065286355,0.0325,0.403,0.227,0.227,0.773,0.013246546719805883,2200.078586550004,992.2592460907358,3030.5922923845355,1.1000392932750018,0.4961296230453679,1.5152961461922678,0.46324096301718,0.29633606452701977,1.2462448923446803
WbHt_6000_2000,WbHt,6000,2000,85,300,0.4,1.2,/eos/uscms/store/user/aji/rootfiles_existingOptimization/WbHt_6000_2000_pt300_ak4_ca12_th85.root,ok,,1000,1000,1.0,0.0,0.484,0.015803290796539814,0.275,0.5345,0.347,0.347,0.653,0.01505293991218991,1627.5706804801998,146.5750170992021,2029.8610968588985,0.8137853402401,0.07328750854960106,1.0149305484294493,0.578557386891502,0.3830759382225243,1.2501788528674922
WbHt_6000_2000,WbHt,6000,2000,85,200,1.6,1.6,/eos/uscms/store/user/aji/rootfiles_existingOptimization/WbHt_6000_2000_pt200_ak16_ca16_th85.root,ok,,1000,1000,1.0,0.0,0.035,0.005811626278418116,0.0175,0.394,0.252,0.252,0.748,0.013729384545565033,2465.818206782985,1326.1998635610692,3690.5638715737973,1.2329091033914925,0.6630999317805346,1.8452819357868988,0.4794278835132339,0.12909854246100766,1.2507187938523832
WbHt_6000_2000,WbHt,6000,2000,85,340,0.6,1.4,/eos/uscms/store/user/aji/rootfiles_existingOptimization/WbHt_6000_2000_pt340_ak6_ca14_th85.root,ok,,1000,1000,1.0,0.0,0.447,0.015722308990730335,0.253,0.5245,0.333,0.333,0.667,0.01490338887635963,1729.3115120892503,201.16029593203552,2174.198632047789,0.8646557560446252,0.10058014796601776,1.0870993160238944,0.5704693232892571,0.3737140292121656,1.2510037476847948
WbHt_6000_2000,WbHt,6000,2000,85,360,0.4,1.0,/eos/uscms/store/user/aji/rootfiles_existingOptimization/WbHt_6000_2000_pt360_ak4_ca10_th85.root,ok,,1000,1000,1.0,0.0,0.555,0.01571543826942157,0.3355,0.531,0.341,0.341,0.659,0.014990630407024249,1610.1675863124467,132.53337294244224,1981.7314793756484,0.8050837931562234,0.06626668647122111,0.9908657396878242,0.5742253546005666,0.345128501400534,1.2527169752849443
WbHt_6000_2000,WbHt,6000,2000,85,400,0.4,0.6,/eos/uscms/store/user/aji/rootfiles_existingOptimization/WbHt_6000_2000_pt400_ak4_ca6_th85.root,ok,,1000,1000,1.0,0.0,0.589,0.015558888135082147,0.3675,0.533,0.34,0.34,0.6599999999999999,0.014979986648859205,1576.914706140717,128.46492120522942,1935.3749029331434,0.7884573530703585,0.0642324606026147,0.9676874514665718,0.57292571839541,0.24898591935267578,1.254079983088374
WbHt_6000_2000,WbHt,6000,2000,85,180,1.6,1.4,/eos/uscms/store/user/aji/rootfiles_existingOptimization/WbHt_6000_2000_pt180_ak16_ca14_th85.root,ok,,1000,1000,1.0,0.0,0.017,0.004087909000944126,0.0085,0.403,0.29,0.29,0.71,0.014349216006458332,2546.6016894086033,1678.9199453610386,4316.516829956157,1.2733008447043017,0.8394599726805193,2.1582584149780786,0.5178660046376642,0.06873107204577783,1.2551960891080944
WbHt_6000_2000,WbHt,6000,2000,85,320,0.8,1.6,/eos/uscms/store/user/aji/rootfiles_existingOptimization/WbHt_6000_2000_pt320_ak8_ca16_th85.root,ok,,1000,1000,1.0,0.0,0.392,0.015438134602341048,0.2105,0.5135,0.317,0.317,0.683,0.014714312760030622,1816.8997199732398,351.6715072998118,2408.671728169195,0.9084498599866199,0.17583575364990592,1.2043358640845974,0.5660742302551731,0.3818882202265931,1.258229244256511
WbHt_6000_2000,WbHt,6000,2000,85,400,1.6,1.6,/eos/uscms/store/user/aji/rootfiles_existingOptimization/WbHt_6000_2000_pt400_ak16_ca16_th85.root,ok,,1000,1000,1.0,0.0,0.066,0.007851369307324678,0.035,0.396,0.221,0.221,0.779,0.01312093746650749,2186.8125106888374,963.2294597429222,3025.6928589178733,1.0934062553444188,0.4816147298714611,1.5128464294589368,0.4715684104361748,0.2982631151947195,1.2599090359706167
WbHt_6000_2000,WbHt,6000,2000,85,360,0.6,1.4,/eos/uscms/store/user/aji/rootfiles_existingOptimization/WbHt_6000_2000_pt360_ak6_ca14_th85.root,ok,,1000,1000,1.0,0.0,0.471,0.01578477114183161,0.2705,0.5175,0.324,0.324,0.6759999999999999,0.014799459449588017,1716.4743324108367,192.99123715947528,2150.317423051545,0.8582371662054185,0.09649561857973764,1.0751587115257726,0.5701588858433291,0.38727440445816996,1.2603351692227873
WbHt_6000_2000,WbHt,6000,2000,85,400,1.4,1.6,/eos/uscms/store/user/aji/rootfiles_existingOptimization/WbHt_6000_2000_pt400_ak14_ca16_th85.root,ok,,1000,1000,1.0,0.0,0.177,0.012069424178476784,0.0935,0.4245,0.239,0.239,0.761,0.01348625225924534,2100.0928695807047,750.764380774532,2834.848911606356,1.0500464347903522,0.375382190387266,1.417424455803178,0.49618865932531914,0.33240015975249587,1.2621933028043544
WbHt_6000_2000,WbHt,6000,2000,85,400,0.4,0.8,/eos/uscms/store/user/aji/rootfiles_existingOptimization/WbHt_6000_2000_pt400_ak4_ca8_th85.root,ok,,1000,1000,1.0,0.0,0.595,0.015523369479594306,0.3705,0.5265,0.333,0.333,0.667,0.01490338887635963,1573.7730044024838,128.46492120522942,1937.3411796545274,0.7868865022012419,0.0642324606026147,0.9686705898272636,0.5746941437517147,0.26240965719012055,1.2630054935315904
WbHt_6000_2000,WbHt,6000,2000,85,260,0.6,1.6,/eos/uscms/store/user/aji/rootfiles_existingOptimization/WbHt_6000_2000_pt260_ak6_ca16_th85.root,ok,,1000,1000,1.0,0.0,0.368,0.015250442616527561,0.197,0.516,0.319,0.319,0.681,0.01473902981881779,1743.479191880941,319.04893067223736,2321.399690842577,0.8717395959404706,0.1595244653361187,1.1606998454212885,0.5742399362994738,0.3794540318655767,1.2680659767054268
WbHt_6000_2000,WbHt,6000,2000,85,320,0.4,1.2,/eos/uscms/store/user/aji/rootfiles_existingOptimization/WbHt_6000_2000_pt320_ak4_ca12_th85.root,ok,,1000,1000,1.0,0.0,0.515,0.01580427157448264,0.2995,0.5245,0.332,0.332,0.6679999999999999,0.014892145580808697,1612.1603417661527,139.24969816827735,2016.5320415809765,0.8060801708830763,0.06962484908413867,1.0082660207904883,0.582225692686405,0.4093757244220858,1.2696176755980972
WbHt_6000_2000,WbHt,6000,2000,85,380,0.4,1.0,/eos/uscms/store/user/aji/rootfiles_existingOptimization/WbHt_6000_2000_pt380_ak4_ca10_th85.root,ok,,1000,1000,1.0,0.0,0.576,0.015627667772255716,0.3535,0.5205,0.327,0.327,0.673,0.014834790190629592,1583.484664861247,130.9986030650647,1967.2217013037532,0.7917423324306235,0.06549930153253236,0.9836108506518766,0.5798045093160368,0.35701141069860587,1.2736302760729745
WbHt_6000_2000,WbHt,6000,2000,85,340,0.8,1.6,/eos/uscms/store/user/aji/rootfiles_existingOptimization/WbHt_6000_2000_pt340_ak8_ca16_th85.root,ok,,1000,1000,1.0,0.0,0.422,0.01561781034588396,0.2295,0.509,0.309,0.309,0.6910000000000001,0.014612289348353322,1804.1890949825442,314.65574610376984,2385.780802039742,0.9020945474912722,0.15732787305188492,1.192890401019871,0.5739767138865259,0.39818913929504995,1.2747672591373989
WbHt_6000_2000,WbHt,6000,2000,85,340,0.4,1.2,/eos/uscms/store/user/aji/rootfiles_existingOptimization/WbHt_6000_2000_pt340_ak4_ca12_th85.root,ok,,1000,1000,1.0,0.0,0.539,0.015763216676808068,0.321,0.5165,0.322,0.322,0.6779999999999999,0.014775520295407536,1602.3132995339217,135.4987075139598,1996.1383225824216,0.8011566497669609,0.06774935375697991,0.9980691612912107,0.5806104260663884,0.4155508845157796,1.2784947610896922
WbHt_6000_2000,WbHt,6000,2000,85,200,0.4,1.6,/eos/uscms/store/user/aji/rootfiles_existingOptimization/WbHt_6000_2000_pt200_ak4_ca16_th85.root,ok,,1000,1000,1.0,0.0,0.359,0.01516967369457893,0.189,0.5105,0.303,0.303,0.6970000000000001,0.01453241205031016,1637.707861172963,403.8955048857703,2253.585215338288,0.8188539305864815,0.20194775244288515,1.1267926076691441,0.5647190669060258,0.3618581935121784,1.2798336738473777
WbHt_6000_2000,WbHt,6000,2000,85,380,0.6,1.4,/eos/uscms/store/user/aji/rootfiles_existingOptimization/WbHt_6000_2000_pt380_ak6_ca14_th85.root,ok,,1000,1000,1.0,0.0,0.5,0.015811388300841896,0.2915,0.507,0.309,0.309,0.6910000000000001,0.014612289348353322,1694.3571722692286,186.08448120158695,2133.4108323306214,0.8471785861346143,0.09304224060079348,1.0667054161653107,0.5746504878074226,0.40033559475684777,1.2809326291939613
WbHt_6000_2000,WbHt,6000,2000,85,240,0.4,1.4,/eos/uscms/store/user/aji/rootfiles_existingOptimization/WbHt_6000_2000_pt240_ak4_ca14_th85.root,ok,,1000,1000,1.0,0.0,0.414,0.015575750383207868,0.2265,0.5285,0.334,0.334,0.6659999999999999,0.014914556647785413,1651.521996930705,187.87789728952436,2163.631273279935,0.8257609984653524,0.09393894864476218,1.0818156366399674,0.59816138678815,0.3649543439870119,1.2815852869416147
WbHt_6000_2000,WbHt,6000,2000,85,360,0.8,1.6,/eos/uscms/store/user/aji/rootfiles_existingOptimization/WbHt_6000_2000_pt360_ak8_ca16_th85.root,ok,,1000,1000,1.0,0.0,0.45,0.015732132722552274,0.2505,0.5025,0.3,0.3,0.7,0.014491376746189439,1778.8462924744872,291.65482786929465,2339.561418938122,0.8894231462372436,0.14582741393464732,1.169780709469061,0.5756277537111035,0.40451218206102857,1.2866854390873792
WbHt_6000_2000,WbHt,6000,2000,85,280,0.6,1.6,/eos/uscms/store/user/aji/rootfiles_existingOptimization/WbHt_6000_2000_pt280_ak6_ca16_th85.root,ok,,1000,1000,1.0,0.0,0.392,0.015438134602341048,0.2125,0.5085,0.312,0.312,0.688,0.014651143300097778,1732.1048872379897,260.83689516818015,2295.1024516835682,0.8660524436189948,0.13041844758409007,1.1475512258417842,0.5872235484997744,0.39143525762394304,1.288618304137875
WbHt_6000_2000,WbHt,6000,2000,85,400,0.6,1.4,/eos/uscms/store/user/aji/rootfiles_existingOptimization/WbHt_6000_2000_pt400_ak6_ca14_th85.root,ok,,1000,1000,1.0,0.0,0.517,0.01580224667571039,0.308,0.5005,0.302,0.302,0.698,0.01451881537867329,1676.3591027428051,181.5091857812276,2117.483429738049,0.8381795513714025,0.0907545928906138,1.0587417148690246,0.5774342265894111,0.39268848069127915,1.2916162714522708
WbHt_6000_2000,WbHt,6000,2000,85,260,0.4,1.4,/eos/uscms/store/user/aji/rootfiles_existingOptimization/WbHt_6000_2000_pt260_ak4_ca14_th85.root,ok,,1000,1000,1.0,0.0,0.436,0.015681326474504636,0.243,0.5215,0.325,0.325,0.675,0.014811313243598623,1634.2644230390715,164.33063486553152,2134.3516213193934,0.8171322115195359,0.08216531743276577,1.0671758106596967,0.6027240630957439,0.3991913516197846,1.2960108419437903
WbHt_6000_2000,WbHt,6000,2000,85,140,1.4,1.2,/eos/uscms/store/user/aji/rootfiles_existingOptimization/WbHt_6000_2000_pt140_ak14_ca12_th85.root,ok,,1000,1000,1.0,0.0,0.027,0.00512552436341883,0.0135,0.4195,0.333,0.333,0.667,0.01490338887635963,2599.979298383014,1989.113610991102,5118.875293977283,1.2999896491915068,0.9945568054955509,2.5594376469886413,0.6018820390094357,0.03044670089038923,1.2988810039285865
WbHt_6000_2000,WbHt,6000,2000,85,360,0.4,1.2,/eos/uscms/store/user/aji/rootfiles_existingOptimization/WbHt_6000_2000_pt360_ak4_ca12_th85.root,ok,,1000,1000,1.0,0.0,0.559,0.015700923539715746,0.3375,0.508,0.308,0.308,0.692,0.014599178059055244,1573.0991073813107,132.05743280784364,1974.3596996438844,0.7865495536906553,0.06602871640392181,0.9871798498219422,0.5855645897297801,0.43390674450557587,1.2989096343607145
WbHt_6000_2000,WbHt,6000,2000,85,380,0.8,1.6,/eos/uscms/store/user/aji/rootfiles_existingOptimization/WbHt_6000_2000_pt380_ak8_ca16_th85.root,ok,,1000,1000,1.0,0.0,0.472,0.015786576576319513,0.2645,0.4965,0.294,0.294,0.706,0.014407081592050489,1763.1484194489572,277.0952835651991,2335.985855697746,0.8815742097244785,0.13854764178259954,1.1679929278488732,0.5838676283350042,0.41495939997425646,1.3017102073625564
WbHt_6000_2000,WbHt,6000,2000,85,400,0.4,1.0,/eos/uscms/store/user/aji/rootfiles_existingOptimization/WbHt_6000_2000_pt400_ak4_ca10_th85.root,ok,,1000,1000,1.0,0.0,0.606,0.015451990163082553,0.376,0.504,0.305,0.305,0.6950000000000001,0.014559361249725207,1550.3576192894936,128.36165272082957,1948.5601058605266,0.7751788096447468,0.06418082636041478,0.9742800529302633,0.587025351600448,0.42393250015110695,1.3045074706359734
WbHt_6000_2000,WbHt,6000,2000,85,280,0.4,1.4,/eos/uscms/store/user/aji/rootfiles_existingOptimization/WbHt_6000_2000_pt280_ak4_ca14_th85.root,ok,,1000,1000,1.0,0.0,0.458,0.015755506973753653,0.259,0.5145,0.317,0.317,0.683,0.014714312760030622,1620.2128533086743,152.300271628155,2106.5236081227504,0.8101064266543372,0.0761501358140775,1.053261804061375,0.6030761120379431,0.40470429953985587,1.3050654693725094
WbHt_6000_2000,WbHt,6000,2000,85,120,1.2,1.6,/eos/uscms/store/user/aji/rootfiles_existingOptimization/WbHt_6000_2000_pt120_ak12_ca16_th85.root,ok,,1000,1000,1.0,0.0,0.068,0.007960904471226871,0.034,0.4395,0.308,0.308,0.692,0.014599178059055244,2420.4074674478325,1647.5044796624745,4536.142389008777,1.2102037337239162,0.8237522398312372,2.2680711945043885,0.5967255406777003,0.09164349684464984,1.309745914050092
WbHt_6000_2000,WbHt,6000,2000,85,300,0.6,1.6,/eos/uscms/store/user/aji/rootfiles_existingOptimization/WbHt_6000_2000_pt300_ak6_ca16_th85.root,ok,,1000,1000,1.0,0.0,0.419,0.015602531845825536,0.2295,0.5,0.3,0.3,0.7,0.014491376746189439,1712.396813762557,217.97425437117997,2274.295740485985,0.8561984068812786,0.10898712718558999,1.1371478702429927,0.6004220136326233,0.4172531069262062,1.3148021729444954
WbHt_6000_2000,WbHt,6000,2000,85,380,0.4,1.2,/eos/uscms/store/user/aji/rootfiles_existingOptimization/WbHt_6000_2000_pt380_ak4_ca12_th85.root,ok,,1000,1000,1.0,0.0,0.579,0.015612783224012303,0.355,0.501,0.3,0.3,0.7,0.014491376746189439,1548.9668581695673,130.2618034037655,1967.2217013037532,0.7744834290847837,0.06513090170188274,0.9836108506518766,0.5929629443688501,0.4299196718257587,1.3155146014603716
WbHt_6000_2000,WbHt,6000,2000,85,400,0.8,1.6,/eos/uscms/store/user/aji/rootfiles_existingOptimization/WbHt_6000_2000_pt400_ak8_ca16_th85.root,ok,,1000,1000,1.0,0.0,0.487,0.015806043148112688,0.281,0.4865,0.286,0.286,0.714,0.014289996501049257,1729.5170572208772,261.111423271637,2318.2296769971686,0.8647585286104386,0.13055571163581853,1.1591148384985843,0.5947088654422031,0.40674661342780954,1.3222330125811592
WbHt_6000_2000,WbHt,6000,2000,85,320,0.6,1.6,/eos/uscms/store/user/aji/rootfiles_existingOptimization/WbHt_6000_2000_pt320_ak6_ca16_th85.root,ok,,1000,1000,1.0,0.0,0.443,0.015708309902723462,0.245,0.4945,0.291,0.291,0.7090000000000001,0.014363808687113596,1694.3571722692286,204.9168813484622,2234.7260151414234,0.8471785861346143,0.1024584406742311,1.1173630075707117,0.5989909232285618,0.4296730911493823,1.3232730646151005
WbHt_6000_2000,WbHt,6000,2000,85,300,0.4,1.4,/eos/uscms/store/user/aji/rootfiles_existingOptimization/WbHt_6000_2000_pt300_ak4_ca14_th85.root,ok,,1000,1000,1.0,0.0,0.495,0.01581059771166163,0.2805,0.497,0.296,0.296,0.704,0.014435511767859151,1590.5683519725799,144.2215990929356,2053.0587483007157,0.7952841759862899,0.0721107995464678,1.0265293741503578,0.6000487645942697,0.4494410104917772,1.3245203469956408
WbHt_6000_2000,WbHt,6000,2000,85,220,0.4,1.6,/eos/uscms/store/user/aji/rootfiles_existingOptimization/WbHt_6000_2000_pt220_ak4_ca16_th85.root,ok,,1000,1000,1.0,0.0,0.396,0.01546557467409472,0.2115,0.5015,0.29,0.29,0.71,0.014349216006458332,1627.5706804801998,270.0618982092286,2211.0271251714366,0.8137853402401,0.1350309491046143,1.1055135625857184,0.5962767854694777,0.3967058393404912,1.3248982514454677
WbHt_6000_2000,WbHt,6000,2000,85,340,0.6,1.6,/eos/uscms/store/user/aji/rootfiles_existingOptimization/WbHt_6000_2000_pt340_ak6_ca16_th85.root,ok,,1000,1000,1.0,0.0,0.469,0.01578096955196353,0.264,0.488,0.284,0.284,0.716,0.014259873772232349,1671.1692966422606,193.7995070372767,2181.0094477525054,0.8355846483211302,0.09689975351863835,1.0905047238762526,0.5945567408125443,0.4319401984860439,1.326998275980431
WbHt_6000_2000,WbHt,6000,2000,85,360,0.6,1.6,/eos/uscms/store/user/aji/rootfiles_existingOptimization/WbHt_6000_2000_pt360_ak6_ca16_th85.root,ok,,1000,1000,1.0,0.0,0.492,0.015809364313595912,0.281,0.4835,0.279,0.279,0.721,0.014183053267896867,1647.57893166521,188.59324677597186,2165.5870967129604,0.823789465832605,0.09429662338798593,1.0827935483564801,0.5999693890048832,0.44693146457196525,1.3385904424216226
WbHt_6000_2000,WbHt,6000,2000,85,400,0.4,1.2,/eos/uscms/store/user/aji/rootfiles_existingOptimization/WbHt_6000_2000_pt400_ak4_ca12_th85.root,ok,,1000,1000,1.0,0.0,0.609,0.015431104950715617,0.3775,0.4875,0.281,0.281,0.719,0.014214042352547005,1520.414740539974,127.9519202819022,1946.1677557102369,0.760207370269987,0.0639759601409511,0.9730838778551184,0.5979341645893925,0.49566019331839195,1.340913427562394
WbHt_6000_2000,WbHt,6000,2000,85,320,0.4,1.4,/eos/uscms/store/user/aji/rootfiles_existingOptimization/WbHt_6000_2000_pt320_ak4_ca14_th85.root,ok,,1000,1000,1.0,0.0,0.525,0.015791611697353755,0.3045,0.491,0.285,0.285,0.7150000000000001,0.01427497810856465,1558.4052725056517,138.37638531947977,2032.696069660391,0.7792026362528259,0.06918819265973988,1.0163480348301956,0.6077750498415493,0.47197665131535926,1.3448547862162668
WbHt_6000_2000,WbHt,6000,2000,85,180,1.6,1.6,/eos/uscms/store/user/aji/rootfiles_existingOptimization/WbHt_6000_2000_pt180_ak16_ca16_th85.root,ok,,1000,1000,1.0,0.0,0.028,0.005216895628628198,0.014,0.373,0.243,0.243,0.757,0.013562853682024296,2543.0993796792445,1451.6695001769147,4308.740522573452,1.2715496898396221,0.7258347500884573,2.1543702612867257,0.5617301166494116,0.11658228419212137,1.3458850856333737
WbHt_6000_2000,WbHt,6000,2000,85,140,1.4,1.4,/eos/uscms/store/user/aji/rootfiles_existingOptimization/WbHt_6000_2000_pt140_ak14_ca14_th85.root,ok,,1000,1000,1.0,0.0,0.042,0.0063431853196954605,0.021,0.39,0.29,0.29,0.71,0.014349216006458332,2615.266589012378,1914.2420692026517,5101.360096610741,1.307633294506189,0.9571210346013258,2.55068004830537,0.6093294734843195,0.05808683645827188,1.3500928029349384
WbHt_6000_2000,WbHt,6000,2000,85,340,0.4,1.4,/eos/uscms/store/user/aji/rootfiles_existingOptimization/WbHt_6000_2000_pt340_ak4_ca14_th85.root,ok,,1000,1000,1.0,0.0,0.549,0.01573527883451704,0.326,0.4835,0.276,0.276,0.724,0.014135911714495106,1538.8825207769114,134.01356873941404,2010.8083795979642,0.7694412603884557,0.06700678436970703,1.005404189798982,0.6097914511079904,0.48669532340682264,1.3568473250691446
WbHt_6000_2000,WbHt,6000,2000,85,380,0.6,1.6,/eos/uscms/store/user/aji/rootfiles_existingOptimization/WbHt_6000_2000_pt380_ak6_ca16_th85.root,ok,,1000,1000,1.0,0.0,0.521,0.015797436500901024,0.302,0.473,0.264,0.264,0.736,0.013939296969359681,1617.4992068648116,183.0620912717281,2140.3716378555673,0.808749603432406,0.09153104563586405,1.0701858189277837,0.6050418875869743,0.4666328148937722,1.3601669272437338
WbHt_6000_2000,WbHt,6000,2000,85,240,0.4,1.6,/eos/uscms/store/user/aji/rootfiles_existingOptimization/WbHt_6000_2000_pt240_ak4_ca16_th85.root,ok,,1000,1000,1.0,0.0,0.431,0.015660108556456432,0.235,0.4925,0.277,0.277,0.723,0.014151713677148785,1614.0179071694538,168.59119077518935,2178.5194778684618,0.8070089535847269,0.08429559538759468,1.089259738934231,0.6226474558197861,0.43181149400227514,1.3649465604613134
WbHt_6000_2000,WbHt,6000,2000,85,260,0.4,1.6,/eos/uscms/store/user/aji/rootfiles_existingOptimization/WbHt_6000_2000_pt260_ak4_ca16_th85.root,ok,,1000,1000,1.0,0.0,0.452,0.015738360778683402,0.251,0.487,0.271,0.271,0.729,0.014055568291606,1598.6287562216864,154.9623373207989,2134.5224427144162,0.7993143781108432,0.07748116866039945,1.067261221357208,0.6191431555604726,0.44093593682629983,1.3682117177493884
WbHt_6000_2000,WbHt,6000,2000,85,360,0.4,1.4,/eos/uscms/store/user/aji/rootfiles_existingOptimization/WbHt_6000_2000_pt360_ak4_ca14_th85.root,ok,,1000,1000,1.0,0.0,0.57,0.015655669899432602,0.343,0.4745,0.262,0.262,0.738,0.013905250806799567,1519.7760930769955,131.50382779047212,1990.4317086980311,0.7598880465384977,0.06575191389523606,0.9952158543490155,0.6115795245679593,0.5161636946589738,1.3735907199141095
WbHt_6000_2000,WbHt,6000,2000,85,400,0.6,1.6,/eos/uscms/store/user/aji/rootfiles_existingOptimization/WbHt_6000_2000_pt400_ak6_ca16_th85.root,ok,,1000,1000,1.0,0.0,0.537,0.015768037290671277,0.318,0.467,0.258,0.258,0.742,0.013836039895866157,1591.1184036483319,179.23068387793242,2125.6138157972446,0.795559201824166,0.0896153419389662,1.0628069078986224,0.6116399406406152,0.467875273176348,1.3740840204581986
WbHt_6000_2000,WbHt,6000,2000,85,280,0.4,1.6,/eos/uscms/store/user/aji/rootfiles_existingOptimization/WbHt_6000_2000_pt280_ak4_ca16_th85.root,ok,,1000,1000,1.0,0.0,0.473,0.01578831846651188,0.2665,0.4805,0.264,0.264,0.736,0.013939296969359681,1565.0735758954024,147.20431883283678,2094.256838743559,0.7825367879477012,0.07360215941641839,1.0471284193717796,0.6220322641370979,0.44922285586916055,1.379778585342328
WbHt_6000_2000,WbHt,6000,2000,85,380,0.4,1.4,/eos/uscms/store/user/aji/rootfiles_existingOptimization/WbHt_6000_2000_pt380_ak4_ca14_th85.root,ok,,1000,1000,1.0,0.0,0.588,0.01556457516284977,0.3595,0.467,0.253,0.253,0.747,0.013747399754135324,1488.035662104695,129.9917073036403,1973.4175360554634,0.7440178310523475,0.06499585365182016,0.9867087680277317,0.6194158768159024,0.5161636946589738,1.3920140937106678
WbHt_6000_2000,WbHt,6000,2000,85,300,0.4,1.6,/eos/uscms/store/user/aji/rootfiles_existingOptimization/WbHt_6000_2000_pt300_ak4_ca16_th85.root,ok,,1000,1000,1.0,0.0,0.507,0.015809838708854686,0.2865,0.467,0.248,0.248,0.752,0.01365635383255721,1527.205604910808,140.80251977538413,2042.0697957657273,0.763602802455404,0.07040125988769207,1.0210348978828638,0.6224660484078637,0.5105882038594631,1.3981057681623232
WbHt_6000_2000,WbHt,6000,2000,85,100,1.2,1.0,/eos/uscms/store/user/aji/rootfiles_existingOptimization/WbHt_6000_2000_pt100_ak12_ca10_th85.root,ok,,1000,1000,1.0,0.0,0.017,0.004087909000944126,0.0085,0.3975,0.339,0.339,0.661,0.014969268519202933,2829.371176827486,1985.578718046499,5931.191251096314,1.414685588413743,0.9927893590232496,2.965595625548157,0.6972596182085141,0.016700774577093524,1.3997281770498886
WbHt_6000_2000,WbHt,6000,2000,85,140,1.4,1.6,/eos/uscms/store/user/aji/rootfiles_existingOptimization/WbHt_6000_2000_pt140_ak14_ca16_th85.root,ok,,1000,1000,1.0,0.0,0.053,0.00708456067798138,0.0265,0.3725,0.254,0.254,0.746,0.013765318739498916,2621.496397391328,1764.5133802637624,5108.358484702757,1.310748198695664,0.8822566901318812,2.5541792423513785,0.6377741178218824,0.08909344746625975,1.4148489376914488
WbHt_6000_2000,WbHt,6000,2000,85,320,0.4,1.6,/eos/uscms/store/user/aji/rootfiles_existingOptimization/WbHt_6000_2000_pt320_ak4_ca16_th85.root,ok,,1000,1000,1.0,0.0,0.537,0.015768037290671277,0.3105,0.4575,0.236,0.236,0.764,0.013427732496590778,1487.5354880381497,136.52321777024687,2020.043558702447,0.7437677440190749,0.06826160888512343,1.0100217793512234,0.6331009767761233,0.5229753677963176,1.4227242023742157
WbHt_6000_2000,WbHt,6000,2000,85,400,0.4,1.4,/eos/uscms/store/user/aji/rootfiles_existingOptimization/WbHt_6000_2000_pt400_ak4_ca14_th85.root,ok,,1000,1000,1.0,0.0,0.616,0.015379986996093333,0.381,0.455,0.237,0.237,0.763,0.013447341744746431,1419.6472694852573,127.49949173863041,1957.7817040646994,0.7098236347426287,0.06374974586931521,0.9788908520323497,0.6446256938844047,0.5498613140656798,1.436643330410142
WbHt_6000_2000,WbHt,6000,2000,85,340,0.4,1.6,/eos/uscms/store/user/aji/rootfiles_existingOptimization/WbHt_6000_2000_pt340_ak4_ca16_th85.root,ok,,1000,1000,1.0,0.0,0.561,0.015693278816104682,0.332,0.4515,0.229,0.229,0.771,0.013287550564344055,1452.6313142985289,132.33189102562338,1995.4694539880068,0.7263156571492644,0.06616594551281169,0.9977347269940033,0.6412974664056746,0.5317089268526918,1.4396659006907482
WbHt_6000_2000,WbHt,6000,2000,85,160,1.6,1.4,/eos/uscms/store/user/aji/rootfiles_existingOptimization/WbHt_6000_2000_pt160_ak16_ca14_th85.root,ok,,1000,1000,1.0,0.0,0.014,0.003715373467095872,0.007,0.3545,0.257,0.257,0.743,0.013818502089589886,2761.8597170556345,1908.631347930248,5554.4516640283555,1.3809298585278174,0.954315673965124,2.7772258320141776,0.6600299598099874,0.053909940406842854,1.441122945662769
WbHt_6000_2000,WbHt,6000,2000,85,100,1.2,1.2,/eos/uscms/store/user/aji/rootfiles_existingOptimization/WbHt_6000_2000_pt100_ak12_ca12_th85.root,ok,,1000,1000,1.0,0.0,0.023,0.004740358636221525,0.0115,0.3765,0.296,0.296,0.704,0.014435511767859151,2847.440777601767,1962.0342911770758,6001.690250773301,1.4237203888008836,0.9810171455885379,3.0008451253866504,0.7093485475400458,0.038560804495413444,1.4557205864201341
WbHt_6000_2000,WbHt,6000,2000,85,120,1.4,1.2,/eos/uscms/store/user/aji/rootfiles_existingOptimization/WbHt_6000_2000_pt120_ak14_ca12_th85.root,ok,,1000,1000,1.0,0.0,0.021,0.004534203347888138,0.0105,0.346,0.277,0.277,0.723,0.014151713677148785,2984.2796101188146,2048.1436861316924,6149.11390465775,1.4921398050594072,1.0240718430658462,3.074556952328875,0.6870955061685363,0.02870896250394879,1.459309486674477
WbHt_6000_2000,WbHt,6000,2000,85,360,0.4,1.6,/eos/uscms/store/user/aji/rootfiles_existingOptimization/WbHt_6000_2000_pt360_ak4_ca16_th85.root,ok,,1000,1000,1.0,0.0,0.582,0.015597307459943206,0.349,0.4425,0.216,0.216,0.784,0.013013224043256921,1415.406600530449,130.07333796355266,1986.4078146760544,0.7077033002652244,0.06503666898177633,0.9932039073380272,0.6557601455358507,0.5513371615250602,1.4689898155093282
WbHt_6000_2000,WbHt,6000,2000,85,100,1.2,1.4,/eos/uscms/store/user/aji/rootfiles_existingOptimization/WbHt_6000_2000_pt100_ak12_ca14_th85.root,ok,,1000,1000,1.0,0.0,0.027,0.00512552436341883,0.0135,0.3655,0.27,0.27,0.73,0.014039230748157109,2828.800183819364,1933.2195884950982,6001.690250773301,1.4144000919096822,0.9666097942475491,3.0008451253866504,0.7191159498556506,0.05489901580018751,1.4905559590466189
WbHt_6000_2000,WbHt,6000,2000,85,380,0.4,1.6,/eos/uscms/store/user/aji/rootfiles_existingOptimization/WbHt_6000_2000_pt380_ak4_ca16_th85.root,ok,,1000,1000,1.0,0.0,0.599,0.015498354751392161,0.365,0.436,0.208,0.208,0.792,0.012834952278836098,1376.3608169053682,128.44487955385796,1969.6376525164399,0.6881804084526841,0.06422243977692897,0.9848188262582199,0.6688626813361155,0.5525289482858642,1.492044640490847
WbHt_6000_2000,WbHt,6000,2000,85,120,1.4,1.4,/eos/uscms/store/user/aji/rootfiles_existingOptimization/WbHt_6000_2000_pt120_ak14_ca14_th85.root,ok,,1000,1000,1.0,0.0,0.034,0.005730968504537431,0.017,0.3285,0.243,0.243,0.757,0.013562853682024296,2972.3854705739486,2025.6678787613355,6136.561458716732,1.4861927352869744,1.0128339393806678,3.068280729358366,0.6915142098244763,0.05416649580176137,1.4971334833531738
WbHt_6000_2000,WbHt,6000,2000,85,100,1.4,1.2,/eos/uscms/store/user/aji/rootfiles_existingOptimization/WbHt_6000_2000_pt100_ak14_ca12_th85.root,ok,,1000,1000,1.0,0.0,0.013,0.003582038525755969,0.0065,0.2525,0.203,0.203,0.7969999999999999,0.012719709116170859,3893.411138644513,2157.6179397539104,6928.886039301278,1.9467055693222566,1.0788089698769552,3.4644430196506395,0.6127362266200944,0.02727710196876324,1.50440678355232
WbHt_6000_2000,WbHt,6000,2000,85,160,1.6,1.6,/eos/uscms/store/user/aji/rootfiles_existingOptimization/WbHt_6000_2000_pt160_ak16_ca16_th85.root,ok,,1000,1000,1.0,0.0,0.024,0.004839834707921336,0.012,0.3325,0.223,0.223,0.777,0.013163244280951409,2766.6049553081693,1703.958180171088,5549.2213237483975,1.3833024776540845,0.8519790900855441,2.774610661874199,0.6949425750502551,0.09163380990215733,1.5102728228156637
WbHt_6000_2000,WbHt,6000,2000,85,400,0.4,1.6,/eos/uscms/store/user/aji/rootfiles_existingOptimization/WbHt_6000_2000_pt400_ak4_ca16_th85.root,ok,,1000,1000,1.0,0.0,0.627,0.015292841462592882,0.3865,0.4255,0.194,0.194,0.806,0.012504559168559281,1317.18303197719,125.74344251390016,1951.1218148802438,0.658591515988595,0.06287172125695008,0.9755609074401219,0.692909917624096,0.5811033999265567,1.5330507660252366
WbHt_6000_2000,WbHt,6000,2000,85,120,1.4,1.6,/eos/uscms/store/user/aji/rootfiles_existingOptimization/WbHt_6000_2000_pt120_ak14_ca16_th85.root,ok,,1000,1000,1.0,0.0,0.043,0.006414904519944158,0.0215,0.3145,0.212,0.212,0.788,0.012925014506761683,2996.5904817147893,1944.7554945390598,6112.209574580535,1.4982952408573946,0.9723777472695299,3.0561047872902676,0.695365967667471,0.08010868960525869,1.5331954917532107
WbHt_6000_2000,WbHt,6000,2000,85,100,1.2,1.6,/eos/uscms/store/user/aji/rootfiles_existingOptimization/WbHt_6000_2000_pt100_ak12_ca16_th85.root,ok,,1000,1000,1.0,0.0,0.04,0.0061967733539318665,0.02,0.355,0.245,0.245,0.755,0.013600551459407815,2814.574521485374,1864.8335014170652,6036.045059260178,1.4072872607426872,0.9324167507085326,3.0180225296300893,0.7410021525459171,0.07730122069659817,1.5367308786201859
WbHt_6000_2000,WbHt,6000,2000,85,100,1.4,1.4,/eos/uscms/store/user/aji/rootfiles_existingOptimization/WbHt_6000_2000_pt100_ak14_ca14_th85.root,ok,,1000,1000,1.0,0.0,0.019,0.004317290817167636,0.0095,0.2455,0.185,0.185,0.815,0.012279047194306243,3883.0121103897663,2141.2600634041614,7052.159372231419,1.941506055194883,1.0706300317020807,3.5260796861157093,0.6323569395633838,0.04930914096671211,1.541507545082872
WbHt_6000_2000,WbHt,6000,2000,85,140,1.6,1.4,/eos/uscms/store/user/aji/rootfiles_existingOptimization/WbHt_6000_2000_pt140_ak16_ca14_th85.root,ok,,1000,1000,1.0,0.0,0.014,0.003715373467095872,0.007,0.304,0.221,0.221,0.779,0.01312093746650749,3022.943292512981,2078.0853475243393,6512.984878845548,1.5114716462564903,1.0390426737621699,3.256492439422774,0.7335399811014094,0.04971475976544029,1.5636871457270585
WbHt_6000_2000,WbHt,6000,2000,85,120,1.6,1.4,/eos/uscms/store/user/aji/rootfiles_existingOptimization/WbHt_6000_2000_pt120_ak16_ca14_th85.root,ok,,1000,1000,1.0,0.0,0.011,0.003298332912245215,0.0055,0.238,0.176,0.176,0.8240000000000001,0.012042591083317573,3853.587975546832,2193.94895075943,7188.6099284892025,1.926793987773416,1.0969744753797148,3.594304964244601,0.648053321920206,0.04073121654229194,1.5647327206975477
WbHt_6000_2000,WbHt,6000,2000,85,100,1.6,1.4,/eos/uscms/store/user/aji/rootfiles_existingOptimization/WbHt_6000_2000_pt100_ak16_ca14_th85.root,ok,,1000,1000,1.0,0.0,0.008,0.0028170906978654416,0.004,0.158,0.12,0.12,0.88,0.010276186062932104,4833.2936110720875,2409.8692106295425,7691.840748565388,2.4166468055360437,1.2049346053147714,3.845920374282694,0.5464153394111966,0.03587885901831801,1.568080019964801
WbHt_6000_2000,WbHt,6000,2000,85,120,1.6,1.6,/eos/uscms/store/user/aji/rootfiles_existingOptimization/WbHt_6000_2000_pt120_ak16_ca16_th85.root,ok,,1000,1000,1.0,0.0,0.018,0.004204283529925164,0.009,0.2295,0.158,0.158,0.842,0.011534123287012326,3860.1717512495125,2138.9726695625122,7158.883543496432,1.9300858756247563,1.0694863347812562,3.579441771748216,0.6502185909615301,0.07285647026896924,1.5852271785240057
WbHt_6000_2000,WbHt,6000,2000,85,100,1.4,1.6,/eos/uscms/store/user/aji/rootfiles_existingOptimization/WbHt_6000_2000_pt100_ak14_ca16_th85.root,ok,,1000,1000,1.0,0.0,0.025,0.0049371044145328745,0.0125,0.2395,0.164,0.164,0.836,0.011709141727727102,3872.070631796591,2111.739821602841,7201.324566043903,1.9360353158982955,1.0558699108014205,3.600662283021952,0.6572174462219922,0.07113004013711323,1.5868209778118216
WbHt_6000_2000,WbHt,6000,2000,85,100,1.6,1.6,/eos/uscms/store/user/aji/rootfiles_existingOptimization/WbHt_6000_2000_pt100_ak16_ca16_th85.root,ok,,1000,1000,1.0,0.0,0.012,0.003443254274665175,0.006,0.1555,0.11,0.11,0.89,0.009894442884771228,4748.542902663128,2366.7912451639777,7685.605819681307,2.3742714513315644,1.183395622581989,3.8428029098406538,0.5600470169001079,0.06441906924653656,1.5874741620332644
WbHt_6000_2000,WbHt,6000,2000,85,140,1.6,1.6,/eos/uscms/store/user/aji/rootfiles_existingOptimization/WbHt_6000_2000_pt140_ak16_ca16_th85.root,ok,,1000,1000,1.0,0.0,0.022,0.0046385342512479085,0.011,0.288,0.195,0.195,0.8049999999999999,0.012528966437819204,3058.4023718207973,1925.7175704956937,6539.521165210973,1.5292011859103987,0.9628587852478468,3.2697605826054867,0.7542832881025536,0.08095840491071934,1.6122034066935935
WbHt_6000_2000,WbHt,6000,2000,85,100,0.8,0.4,/eos/uscms/store/user/aji/rootfiles_existingOptimization/WbHt_6000_2000_pt100_ak8_ca4_th85.root,failed,/eos/uscms/store/user/aji/rootfiles_existingOptimization/WbHt_6000_2000_pt100_ak8_ca4_th85.root,nan,nan,nan,nan,nan,nan,nan,nan,nan,nan,nan,nan,nan,nan,nan,nan,nan,nan,nan,nan,nan
WbHt_6000_2000,WbHt,6000,2000,85,100,1.0,0.4,/eos/uscms/store/user/aji/rootfiles_existingOptimization/WbHt_6000_2000_pt100_ak10_ca4_th85.root,failed,/eos/uscms/store/user/aji/rootfiles_existingOptimization/WbHt_6000_2000_pt100_ak10_ca4_th85.root,nan,nan,nan,nan,nan,nan,nan,nan,nan,nan,nan,nan,nan,nan,nan,nan,nan,nan,nan,nan,nan
WbHt_6000_2000,WbHt,6000,2000,85,100,1.0,0.6,/eos/uscms/store/user/aji/rootfiles_existingOptimization/WbHt_6000_2000_pt100_ak10_ca6_th85.root,failed,/eos/uscms/store/user/aji/rootfiles_existingOptimization/WbHt_6000_2000_pt100_ak10_ca6_th85.root,nan,nan,nan,nan,nan,nan,nan,nan,nan,nan,nan,nan,nan,nan,nan,nan,nan,nan,nan,nan,nan
WbHt_6000_2000,WbHt,6000,2000,85,100,1.2,0.4,/eos/uscms/store/user/aji/rootfiles_existingOptimization/WbHt_6000_2000_pt100_ak12_ca4_th85.root,failed,/eos/uscms/store/user/aji/rootfiles_existingOptimization/WbHt_6000_2000_pt100_ak12_ca4_th85.root,nan,nan,nan,nan,nan,nan,nan,nan,nan,nan,nan,nan,nan,nan,nan,nan,nan,nan,nan,nan,nan
WbHt_6000_2000,WbHt,6000,2000,85,100,1.2,0.6,/eos/uscms/store/user/aji/rootfiles_existingOptimization/WbHt_6000_2000_pt100_ak12_ca6_th85.root,failed,/eos/uscms/store/user/aji/rootfiles_existingOptimization/WbHt_6000_2000_pt100_ak12_ca6_th85.root,nan,nan,nan,nan,nan,nan,nan,nan,nan,nan,nan,nan,nan,nan,nan,nan,nan,nan,nan,nan,nan
WbHt_6000_2000,WbHt,6000,2000,85,100,1.2,0.8,/eos/uscms/store/user/aji/rootfiles_existingOptimization/WbHt_6000_2000_pt100_ak12_ca8_th85.root,failed,/eos/uscms/store/user/aji/rootfiles_existingOptimization/WbHt_6000_2000_pt100_ak12_ca8_th85.root,nan,nan,nan,nan,nan,nan,nan,nan,nan,nan,nan,nan,nan,nan,nan,nan,nan,nan,nan,nan,nan
WbHt_6000_2000,WbHt,6000,2000,85,100,1.4,0.4,/eos/uscms/store/user/aji/rootfiles_existingOptimization/WbHt_6000_2000_pt100_ak14_ca4_th85.root,failed,/eos/uscms/store/user/aji/rootfiles_existingOptimization/WbHt_6000_2000_pt100_ak14_ca4_th85.root,nan,nan,nan,nan,nan,nan,nan,nan,nan,nan,nan,nan,nan,nan,nan,nan,nan,nan,nan,nan,nan
WbHt_6000_2000,WbHt,6000,2000,85,100,1.4,0.6,/eos/uscms/store/user/aji/rootfiles_existingOptimization/WbHt_6000_2000_pt100_ak14_ca6_th85.root,failed,/eos/uscms/store/user/aji/rootfiles_existingOptimization/WbHt_6000_2000_pt100_ak14_ca6_th85.root,nan,nan,nan,nan,nan,nan,nan,nan,nan,nan,nan,nan,nan,nan,nan,nan,nan,nan,nan,nan,nan
WbHt_6000_2000,WbHt,6000,2000,85,100,1.4,0.8,/eos/uscms/store/user/aji/rootfiles_existingOptimization/WbHt_6000_2000_pt100_ak14_ca8_th85.root,failed,/eos/uscms/store/user/aji/rootfiles_existingOptimization/WbHt_6000_2000_pt100_ak14_ca8_th85.root,nan,nan,nan,nan,nan,nan,nan,nan,nan,nan,nan,nan,nan,nan,nan,nan,nan,nan,nan,nan,nan
WbHt_6000_2000,WbHt,6000,2000,85,100,1.4,1.0,/eos/uscms/store/user/aji/rootfiles_existingOptimization/WbHt_6000_2000_pt100_ak14_ca10_th85.root,failed,/eos/uscms/store/user/aji/rootfiles_existingOptimization/WbHt_6000_2000_pt100_ak14_ca10_th85.root,nan,nan,nan,nan,nan,nan,nan,nan,nan,nan,nan,nan,nan,nan,nan,nan,nan,nan,nan,nan,nan
WbHt_6000_2000,WbHt,6000,2000,85,100,1.6,0.4,/eos/uscms/store/user/aji/rootfiles_existingOptimization/WbHt_6000_2000_pt100_ak16_ca4_th85.root,failed,/eos/uscms/store/user/aji/rootfiles_existingOptimization/WbHt_6000_2000_pt100_ak16_ca4_th85.root,nan,nan,nan,nan,nan,nan,nan,nan,nan,nan,nan,nan,nan,nan,nan,nan,nan,nan,nan,nan,nan
WbHt_6000_2000,WbHt,6000,2000,85,100,1.6,0.6,/eos/uscms/store/user/aji/rootfiles_existingOptimization/WbHt_6000_2000_pt100_ak16_ca6_th85.root,failed,/eos/uscms/store/user/aji/rootfiles_existingOptimization/WbHt_6000_2000_pt100_ak16_ca6_th85.root,nan,nan,nan,nan,nan,nan,nan,nan,nan,nan,nan,nan,nan,nan,nan,nan,nan,nan,nan,nan,nan
WbHt_6000_2000,WbHt,6000,2000,85,100,1.6,0.8,/eos/uscms/store/user/aji/rootfiles_existingOptimization/WbHt_6000_2000_pt100_ak16_ca8_th85.root,failed,/eos/uscms/store/user/aji/rootfiles_existingOptimization/WbHt_6000_2000_pt100_ak16_ca8_th85.root,nan,nan,nan,nan,nan,nan,nan,nan,nan,nan,nan,nan,nan,nan,nan,nan,nan,nan,nan,nan,nan
WbHt_6000_2000,WbHt,6000,2000,85,100,1.6,1.0,/eos/uscms/store/user/aji/rootfiles_existingOptimization/WbHt_6000_2000_pt100_ak16_ca10_th85.root,failed,/eos/uscms/store/user/aji/rootfiles_existingOptimization/WbHt_6000_2000_pt100_ak16_ca10_th85.root,nan,nan,nan,nan,nan,nan,nan,nan,nan,nan,nan,nan,nan,nan,nan,nan,nan,nan,nan,nan,nan
WbHt_6000_2000,WbHt,6000,2000,85,100,1.6,1.2,/eos/uscms/store/user/aji/rootfiles_existingOptimization/WbHt_6000_2000_pt100_ak16_ca12_th85.root,failed,/eos/uscms/store/user/aji/rootfiles_existingOptimization/WbHt_6000_2000_pt100_ak16_ca12_th85.root,nan,nan,nan,nan,nan,nan,nan,nan,nan,nan,nan,nan,nan,nan,nan,nan,nan,nan,nan,nan,nan
WbHt_6000_2000,WbHt,6000,2000,85,120,0.8,0.4,/eos/uscms/store/user/aji/rootfiles_existingOptimization/WbHt_6000_2000_pt120_ak8_ca4_th85.root,failed,/eos/uscms/store/user/aji/rootfiles_existingOptimization/WbHt_6000_2000_pt120_ak8_ca4_th85.root,nan,nan,nan,nan,nan,nan,nan,nan,nan,nan,nan,nan,nan,nan,nan,nan,nan,nan,nan,nan,nan
WbHt_6000_2000,WbHt,6000,2000,85,120,1.0,0.4,/eos/uscms/store/user/aji/rootfiles_existingOptimization/WbHt_6000_2000_pt120_ak10_ca4_th85.root,failed,/eos/uscms/store/user/aji/rootfiles_existingOptimization/WbHt_6000_2000_pt120_ak10_ca4_th85.root,nan,nan,nan,nan,nan,nan,nan,nan,nan,nan,nan,nan,nan,nan,nan,nan,nan,nan,nan,nan,nan
WbHt_6000_2000,WbHt,6000,2000,85,120,1.0,0.6,/eos/uscms/store/user/aji/rootfiles_existingOptimization/WbHt_6000_2000_pt120_ak10_ca6_th85.root,failed,/eos/uscms/store/user/aji/rootfiles_existingOptimization/WbHt_6000_2000_pt120_ak10_ca6_th85.root,nan,nan,nan,nan,nan,nan,nan,nan,nan,nan,nan,nan,nan,nan,nan,nan,nan,nan,nan,nan,nan
WbHt_6000_2000,WbHt,6000,2000,85,120,1.2,0.4,/eos/uscms/store/user/aji/rootfiles_existingOptimization/WbHt_6000_2000_pt120_ak12_ca4_th85.root,failed,/eos/uscms/store/user/aji/rootfiles_existingOptimization/WbHt_6000_2000_pt120_ak12_ca4_th85.root,nan,nan,nan,nan,nan,nan,nan,nan,nan,nan,nan,nan,nan,nan,nan,nan,nan,nan,nan,nan,nan
WbHt_6000_2000,WbHt,6000,2000,85,120,1.2,0.6,/eos/uscms/store/user/aji/rootfiles_existingOptimization/WbHt_6000_2000_pt120_ak12_ca6_th85.root,failed,/eos/uscms/store/user/aji/rootfiles_existingOptimization/WbHt_6000_2000_pt120_ak12_ca6_th85.root,nan,nan,nan,nan,nan,nan,nan,nan,nan,nan,nan,nan,nan,nan,nan,nan,nan,nan,nan,nan,nan
WbHt_6000_2000,WbHt,6000,2000,85,120,1.2,0.8,/eos/uscms/store/user/aji/rootfiles_existingOptimization/WbHt_6000_2000_pt120_ak12_ca8_th85.root,failed,/eos/uscms/store/user/aji/rootfiles_existingOptimization/WbHt_6000_2000_pt120_ak12_ca8_th85.root,nan,nan,nan,nan,nan,nan,nan,nan,nan,nan,nan,nan,nan,nan,nan,nan,nan,nan,nan,nan,nan
WbHt_6000_2000,WbHt,6000,2000,85,120,1.4,0.4,/eos/uscms/store/user/aji/rootfiles_existingOptimization/WbHt_6000_2000_pt120_ak14_ca4_th85.root,failed,/eos/uscms/store/user/aji/rootfiles_existingOptimization/WbHt_6000_2000_pt120_ak14_ca4_th85.root,nan,nan,nan,nan,nan,nan,nan,nan,nan,nan,nan,nan,nan,nan,nan,nan,nan,nan,nan,nan,nan
WbHt_6000_2000,WbHt,6000,2000,85,120,1.4,0.6,/eos/uscms/store/user/aji/rootfiles_existingOptimization/WbHt_6000_2000_pt120_ak14_ca6_th85.root,failed,/eos/uscms/store/user/aji/rootfiles_existingOptimization/WbHt_6000_2000_pt120_ak14_ca6_th85.root,nan,nan,nan,nan,nan,nan,nan,nan,nan,nan,nan,nan,nan,nan,nan,nan,nan,nan,nan,nan,nan
WbHt_6000_2000,WbHt,6000,2000,85,120,1.4,0.8,/eos/uscms/store/user/aji/rootfiles_existingOptimization/WbHt_6000_2000_pt120_ak14_ca8_th85.root,failed,/eos/uscms/store/user/aji/rootfiles_existingOptimization/WbHt_6000_2000_pt120_ak14_ca8_th85.root,nan,nan,nan,nan,nan,nan,nan,nan,nan,nan,nan,nan,nan,nan,nan,nan,nan,nan,nan,nan,nan
WbHt_6000_2000,WbHt,6000,2000,85,120,1.4,1.0,/eos/uscms/store/user/aji/rootfiles_existingOptimization/WbHt_6000_2000_pt120_ak14_ca10_th85.root,failed,/eos/uscms/store/user/aji/rootfiles_existingOptimization/WbHt_6000_2000_pt120_ak14_ca10_th85.root,nan,nan,nan,nan,nan,nan,nan,nan,nan,nan,nan,nan,nan,nan,nan,nan,nan,nan,nan,nan,nan
WbHt_6000_2000,WbHt,6000,2000,85,120,1.6,0.4,/eos/uscms/store/user/aji/rootfiles_existingOptimization/WbHt_6000_2000_pt120_ak16_ca4_th85.root,failed,/eos/uscms/store/user/aji/rootfiles_existingOptimization/WbHt_6000_2000_pt120_ak16_ca4_th85.root,nan,nan,nan,nan,nan,nan,nan,nan,nan,nan,nan,nan,nan,nan,nan,nan,nan,nan,nan,nan,nan
WbHt_6000_2000,WbHt,6000,2000,85,120,1.6,0.6,/eos/uscms/store/user/aji/rootfiles_existingOptimization/WbHt_6000_2000_pt120_ak16_ca6_th85.root,failed,/eos/uscms/store/user/aji/rootfiles_existingOptimization/WbHt_6000_2000_pt120_ak16_ca6_th85.root,nan,nan,nan,nan,nan,nan,nan,nan,nan,nan,nan,nan,nan,nan,nan,nan,nan,nan,nan,nan,nan
WbHt_6000_2000,WbHt,6000,2000,85,120,1.6,0.8,/eos/uscms/store/user/aji/rootfiles_existingOptimization/WbHt_6000_2000_pt120_ak16_ca8_th85.root,failed,/eos/uscms/store/user/aji/rootfiles_existingOptimization/WbHt_6000_2000_pt120_ak16_ca8_th85.root,nan,nan,nan,nan,nan,nan,nan,nan,nan,nan,nan,nan,nan,nan,nan,nan,nan,nan,nan,nan,nan
WbHt_6000_2000,WbHt,6000,2000,85,120,1.6,1.0,/eos/uscms/store/user/aji/rootfiles_existingOptimization/WbHt_6000_2000_pt120_ak16_ca10_th85.root,failed,/eos/uscms/store/user/aji/rootfiles_existingOptimization/WbHt_6000_2000_pt120_ak16_ca10_th85.root,nan,nan,nan,nan,nan,nan,nan,nan,nan,nan,nan,nan,nan,nan,nan,nan,nan,nan,nan,nan,nan
WbHt_6000_2000,WbHt,6000,2000,85,120,1.6,1.2,/eos/uscms/store/user/aji/rootfiles_existingOptimization/WbHt_6000_2000_pt120_ak16_ca12_th85.root,failed,/eos/uscms/store/user/aji/rootfiles_existingOptimization/WbHt_6000_2000_pt120_ak16_ca12_th85.root,nan,nan,nan,nan,nan,nan,nan,nan,nan,nan,nan,nan,nan,nan,nan,nan,nan,nan,nan,nan,nan
WbHt_6000_2000,WbHt,6000,2000,85,140,0.8,0.4,/eos/uscms/store/user/aji/rootfiles_existingOptimization/WbHt_6000_2000_pt140_ak8_ca4_th85.root,failed,/eos/uscms/store/user/aji/rootfiles_existingOptimization/WbHt_6000_2000_pt140_ak8_ca4_th85.root,nan,nan,nan,nan,nan,nan,nan,nan,nan,nan,nan,nan,nan,nan,nan,nan,nan,nan,nan,nan,nan
WbHt_6000_2000,WbHt,6000,2000,85,140,1.0,0.4,/eos/uscms/store/user/aji/rootfiles_existingOptimization/WbHt_6000_2000_pt140_ak10_ca4_th85.root,failed,/eos/uscms/store/user/aji/rootfiles_existingOptimization/WbHt_6000_2000_pt140_ak10_ca4_th85.root,nan,nan,nan,nan,nan,nan,nan,nan,nan,nan,nan,nan,nan,nan,nan,nan,nan,nan,nan,nan,nan
WbHt_6000_2000,WbHt,6000,2000,85,140,1.0,0.6,/eos/uscms/store/user/aji/rootfiles_existingOptimization/WbHt_6000_2000_pt140_ak10_ca6_th85.root,failed,/eos/uscms/store/user/aji/rootfiles_existingOptimization/WbHt_6000_2000_pt140_ak10_ca6_th85.root,nan,nan,nan,nan,nan,nan,nan,nan,nan,nan,nan,nan,nan,nan,nan,nan,nan,nan,nan,nan,nan
WbHt_6000_2000,WbHt,6000,2000,85,140,1.2,0.4,/eos/uscms/store/user/aji/rootfiles_existingOptimization/WbHt_6000_2000_pt140_ak12_ca4_th85.root,failed,/eos/uscms/store/user/aji/rootfiles_existingOptimization/WbHt_6000_2000_pt140_ak12_ca4_th85.root,nan,nan,nan,nan,nan,nan,nan,nan,nan,nan,nan,nan,nan,nan,nan,nan,nan,nan,nan,nan,nan
WbHt_6000_2000,WbHt,6000,2000,85,140,1.2,0.6,/eos/uscms/store/user/aji/rootfiles_existingOptimization/WbHt_6000_2000_pt140_ak12_ca6_th85.root,failed,/eos/uscms/store/user/aji/rootfiles_existingOptimization/WbHt_6000_2000_pt140_ak12_ca6_th85.root,nan,nan,nan,nan,nan,nan,nan,nan,nan,nan,nan,nan,nan,nan,nan,nan,nan,nan,nan,nan,nan
WbHt_6000_2000,WbHt,6000,2000,85,140,1.2,0.8,/eos/uscms/store/user/aji/rootfiles_existingOptimization/WbHt_6000_2000_pt140_ak12_ca8_th85.root,failed,/eos/uscms/store/user/aji/rootfiles_existingOptimization/WbHt_6000_2000_pt140_ak12_ca8_th85.root,nan,nan,nan,nan,nan,nan,nan,nan,nan,nan,nan,nan,nan,nan,nan,nan,nan,nan,nan,nan,nan
WbHt_6000_2000,WbHt,6000,2000,85,140,1.4,0.4,/eos/uscms/store/user/aji/rootfiles_existingOptimization/WbHt_6000_2000_pt140_ak14_ca4_th85.root,failed,/eos/uscms/store/user/aji/rootfiles_existingOptimization/WbHt_6000_2000_pt140_ak14_ca4_th85.root,nan,nan,nan,nan,nan,nan,nan,nan,nan,nan,nan,nan,nan,nan,nan,nan,nan,nan,nan,nan,nan
WbHt_6000_2000,WbHt,6000,2000,85,140,1.4,0.6,/eos/uscms/store/user/aji/rootfiles_existingOptimization/WbHt_6000_2000_pt140_ak14_ca6_th85.root,failed,/eos/uscms/store/user/aji/rootfiles_existingOptimization/WbHt_6000_2000_pt140_ak14_ca6_th85.root,nan,nan,nan,nan,nan,nan,nan,nan,nan,nan,nan,nan,nan,nan,nan,nan,nan,nan,nan,nan,nan
WbHt_6000_2000,WbHt,6000,2000,85,140,1.4,0.8,/eos/uscms/store/user/aji/rootfiles_existingOptimization/WbHt_6000_2000_pt140_ak14_ca8_th85.root,failed,/eos/uscms/store/user/aji/rootfiles_existingOptimization/WbHt_6000_2000_pt140_ak14_ca8_th85.root,nan,nan,nan,nan,nan,nan,nan,nan,nan,nan,nan,nan,nan,nan,nan,nan,nan,nan,nan,nan,nan
WbHt_6000_2000,WbHt,6000,2000,85,140,1.4,1.0,/eos/uscms/store/user/aji/rootfiles_existingOptimization/WbHt_6000_2000_pt140_ak14_ca10_th85.root,failed,/eos/uscms/store/user/aji/rootfiles_existingOptimization/WbHt_6000_2000_pt140_ak14_ca10_th85.root,nan,nan,nan,nan,nan,nan,nan,nan,nan,nan,nan,nan,nan,nan,nan,nan,nan,nan,nan,nan,nan
WbHt_6000_2000,WbHt,6000,2000,85,140,1.6,0.4,/eos/uscms/store/user/aji/rootfiles_existingOptimization/WbHt_6000_2000_pt140_ak16_ca4_th85.root,failed,/eos/uscms/store/user/aji/rootfiles_existingOptimization/WbHt_6000_2000_pt140_ak16_ca4_th85.root,nan,nan,nan,nan,nan,nan,nan,nan,nan,nan,nan,nan,nan,nan,nan,nan,nan,nan,nan,nan,nan
WbHt_6000_2000,WbHt,6000,2000,85,140,1.6,0.6,/eos/uscms/store/user/aji/rootfiles_existingOptimization/WbHt_6000_2000_pt140_ak16_ca6_th85.root,failed,/eos/uscms/store/user/aji/rootfiles_existingOptimization/WbHt_6000_2000_pt140_ak16_ca6_th85.root,nan,nan,nan,nan,nan,nan,nan,nan,nan,nan,nan,nan,nan,nan,nan,nan,nan,nan,nan,nan,nan
WbHt_6000_2000,WbHt,6000,2000,85,140,1.6,0.8,/eos/uscms/store/user/aji/rootfiles_existingOptimization/WbHt_6000_2000_pt140_ak16_ca8_th85.root,failed,/eos/uscms/store/user/aji/rootfiles_existingOptimization/WbHt_6000_2000_pt140_ak16_ca8_th85.root,nan,nan,nan,nan,nan,nan,nan,nan,nan,nan,nan,nan,nan,nan,nan,nan,nan,nan,nan,nan,nan
WbHt_6000_2000,WbHt,6000,2000,85,140,1.6,1.0,/eos/uscms/store/user/aji/rootfiles_existingOptimization/WbHt_6000_2000_pt140_ak16_ca10_th85.root,failed,/eos/uscms/store/user/aji/rootfiles_existingOptimization/WbHt_6000_2000_pt140_ak16_ca10_th85.root,nan,nan,nan,nan,nan,nan,nan,nan,nan,nan,nan,nan,nan,nan,nan,nan,nan,nan,nan,nan,nan
WbHt_6000_2000,WbHt,6000,2000,85,140,1.6,1.2,/eos/uscms/store/user/aji/rootfiles_existingOptimization/WbHt_6000_2000_pt140_ak16_ca12_th85.root,failed,/eos/uscms/store/user/aji/rootfiles_existingOptimization/WbHt_6000_2000_pt140_ak16_ca12_th85.root,nan,nan,nan,nan,nan,nan,nan,nan,nan,nan,nan,nan,nan,nan,nan,nan,nan,nan,nan,nan,nan
WbHt_6000_2000,WbHt,6000,2000,85,160,0.8,0.4,/eos/uscms/store/user/aji/rootfiles_existingOptimization/WbHt_6000_2000_pt160_ak8_ca4_th85.root,failed,/eos/uscms/store/user/aji/rootfiles_existingOptimization/WbHt_6000_2000_pt160_ak8_ca4_th85.root,nan,nan,nan,nan,nan,nan,nan,nan,nan,nan,nan,nan,nan,nan,nan,nan,nan,nan,nan,nan,nan
WbHt_6000_2000,WbHt,6000,2000,85,160,1.0,0.4,/eos/uscms/store/user/aji/rootfiles_existingOptimization/WbHt_6000_2000_pt160_ak10_ca4_th85.root,failed,/eos/uscms/store/user/aji/rootfiles_existingOptimization/WbHt_6000_2000_pt160_ak10_ca4_th85.root,nan,nan,nan,nan,nan,nan,nan,nan,nan,nan,nan,nan,nan,nan,nan,nan,nan,nan,nan,nan,nan
WbHt_6000_2000,WbHt,6000,2000,85,160,1.0,0.6,/eos/uscms/store/user/aji/rootfiles_existingOptimization/WbHt_6000_2000_pt160_ak10_ca6_th85.root,failed,/eos/uscms/store/user/aji/rootfiles_existingOptimization/WbHt_6000_2000_pt160_ak10_ca6_th85.root,nan,nan,nan,nan,nan,nan,nan,nan,nan,nan,nan,nan,nan,nan,nan,nan,nan,nan,nan,nan,nan
WbHt_6000_2000,WbHt,6000,2000,85,160,1.2,0.4,/eos/uscms/store/user/aji/rootfiles_existingOptimization/WbHt_6000_2000_pt160_ak12_ca4_th85.root,failed,/eos/uscms/store/user/aji/rootfiles_existingOptimization/WbHt_6000_2000_pt160_ak12_ca4_th85.root,nan,nan,nan,nan,nan,nan,nan,nan,nan,nan,nan,nan,nan,nan,nan,nan,nan,nan,nan,nan,nan
WbHt_6000_2000,WbHt,6000,2000,85,160,1.2,0.6,/eos/uscms/store/user/aji/rootfiles_existingOptimization/WbHt_6000_2000_pt160_ak12_ca6_th85.root,failed,/eos/uscms/store/user/aji/rootfiles_existingOptimization/WbHt_6000_2000_pt160_ak12_ca6_th85.root,nan,nan,nan,nan,nan,nan,nan,nan,nan,nan,nan,nan,nan,nan,nan,nan,nan,nan,nan,nan,nan
WbHt_6000_2000,WbHt,6000,2000,85,160,1.2,0.8,/eos/uscms/store/user/aji/rootfiles_existingOptimization/WbHt_6000_2000_pt160_ak12_ca8_th85.root,failed,/eos/uscms/store/user/aji/rootfiles_existingOptimization/WbHt_6000_2000_pt160_ak12_ca8_th85.root,nan,nan,nan,nan,nan,nan,nan,nan,nan,nan,nan,nan,nan,nan,nan,nan,nan,nan,nan,nan,nan
WbHt_6000_2000,WbHt,6000,2000,85,160,1.4,0.4,/eos/uscms/store/user/aji/rootfiles_existingOptimization/WbHt_6000_2000_pt160_ak14_ca4_th85.root,failed,/eos/uscms/store/user/aji/rootfiles_existingOptimization/WbHt_6000_2000_pt160_ak14_ca4_th85.root,nan,nan,nan,nan,nan,nan,nan,nan,nan,nan,nan,nan,nan,nan,nan,nan,nan,nan,nan,nan,nan
WbHt_6000_2000,WbHt,6000,2000,85,160,1.4,0.6,/eos/uscms/store/user/aji/rootfiles_existingOptimization/WbHt_6000_2000_pt160_ak14_ca6_th85.root,failed,/eos/uscms/store/user/aji/rootfiles_existingOptimization/WbHt_6000_2000_pt160_ak14_ca6_th85.root,nan,nan,nan,nan,nan,nan,nan,nan,nan,nan,nan,nan,nan,nan,nan,nan,nan,nan,nan,nan,nan
WbHt_6000_2000,WbHt,6000,2000,85,160,1.4,0.8,/eos/uscms/store/user/aji/rootfiles_existingOptimization/WbHt_6000_2000_pt160_ak14_ca8_th85.root,failed,/eos/uscms/store/user/aji/rootfiles_existingOptimization/WbHt_6000_2000_pt160_ak14_ca8_th85.root,nan,nan,nan,nan,nan,nan,nan,nan,nan,nan,nan,nan,nan,nan,nan,nan,nan,nan,nan,nan,nan
WbHt_6000_2000,WbHt,6000,2000,85,160,1.4,1.0,/eos/uscms/store/user/aji/rootfiles_existingOptimization/WbHt_6000_2000_pt160_ak14_ca10_th85.root,failed,/eos/uscms/store/user/aji/rootfiles_existingOptimization/WbHt_6000_2000_pt160_ak14_ca10_th85.root,nan,nan,nan,nan,nan,nan,nan,nan,nan,nan,nan,nan,nan,nan,nan,nan,nan,nan,nan,nan,nan
WbHt_6000_2000,WbHt,6000,2000,85,160,1.6,0.4,/eos/uscms/store/user/aji/rootfiles_existingOptimization/WbHt_6000_2000_pt160_ak16_ca4_th85.root,failed,/eos/uscms/store/user/aji/rootfiles_existingOptimization/WbHt_6000_2000_pt160_ak16_ca4_th85.root,nan,nan,nan,nan,nan,nan,nan,nan,nan,nan,nan,nan,nan,nan,nan,nan,nan,nan,nan,nan,nan
WbHt_6000_2000,WbHt,6000,2000,85,160,1.6,0.6,/eos/uscms/store/user/aji/rootfiles_existingOptimization/WbHt_6000_2000_pt160_ak16_ca6_th85.root,failed,/eos/uscms/store/user/aji/rootfiles_existingOptimization/WbHt_6000_2000_pt160_ak16_ca6_th85.root,nan,nan,nan,nan,nan,nan,nan,nan,nan,nan,nan,nan,nan,nan,nan,nan,nan,nan,nan,nan,nan
WbHt_6000_2000,WbHt,6000,2000,85,160,1.6,0.8,/eos/uscms/store/user/aji/rootfiles_existingOptimization/WbHt_6000_2000_pt160_ak16_ca8_th85.root,failed,/eos/uscms/store/user/aji/rootfiles_existingOptimization/WbHt_6000_2000_pt160_ak16_ca8_th85.root,nan,nan,nan,nan,nan,nan,nan,nan,nan,nan,nan,nan,nan,nan,nan,nan,nan,nan,nan,nan,nan
WbHt_6000_2000,WbHt,6000,2000,85,160,1.6,1.0,/eos/uscms/store/user/aji/rootfiles_existingOptimization/WbHt_6000_2000_pt160_ak16_ca10_th85.root,failed,/eos/uscms/store/user/aji/rootfiles_existingOptimization/WbHt_6000_2000_pt160_ak16_ca10_th85.root,nan,nan,nan,nan,nan,nan,nan,nan,nan,nan,nan,nan,nan,nan,nan,nan,nan,nan,nan,nan,nan
WbHt_6000_2000,WbHt,6000,2000,85,160,1.6,1.2,/eos/uscms/store/user/aji/rootfiles_existingOptimization/WbHt_6000_2000_pt160_ak16_ca12_th85.root,failed,/eos/uscms/store/user/aji/rootfiles_existingOptimization/WbHt_6000_2000_pt160_ak16_ca12_th85.root,nan,nan,nan,nan,nan,nan,nan,nan,nan,nan,nan,nan,nan,nan,nan,nan,nan,nan,nan,nan,nan
WbHt_6000_2000,WbHt,6000,2000,85,180,0.8,0.4,/eos/uscms/store/user/aji/rootfiles_existingOptimization/WbHt_6000_2000_pt180_ak8_ca4_th85.root,failed,/eos/uscms/store/user/aji/rootfiles_existingOptimization/WbHt_6000_2000_pt180_ak8_ca4_th85.root,nan,nan,nan,nan,nan,nan,nan,nan,nan,nan,nan,nan,nan,nan,nan,nan,nan,nan,nan,nan,nan
WbHt_6000_2000,WbHt,6000,2000,85,180,1.0,0.4,/eos/uscms/store/user/aji/rootfiles_existingOptimization/WbHt_6000_2000_pt180_ak10_ca4_th85.root,failed,/eos/uscms/store/user/aji/rootfiles_existingOptimization/WbHt_6000_2000_pt180_ak10_ca4_th85.root,nan,nan,nan,nan,nan,nan,nan,nan,nan,nan,nan,nan,nan,nan,nan,nan,nan,nan,nan,nan,nan
WbHt_6000_2000,WbHt,6000,2000,85,180,1.0,0.6,/eos/uscms/store/user/aji/rootfiles_existingOptimization/WbHt_6000_2000_pt180_ak10_ca6_th85.root,failed,/eos/uscms/store/user/aji/rootfiles_existingOptimization/WbHt_6000_2000_pt180_ak10_ca6_th85.root,nan,nan,nan,nan,nan,nan,nan,nan,nan,nan,nan,nan,nan,nan,nan,nan,nan,nan,nan,nan,nan
WbHt_6000_2000,WbHt,6000,2000,85,180,1.2,0.4,/eos/uscms/store/user/aji/rootfiles_existingOptimization/WbHt_6000_2000_pt180_ak12_ca4_th85.root,failed,/eos/uscms/store/user/aji/rootfiles_existingOptimization/WbHt_6000_2000_pt180_ak12_ca4_th85.root,nan,nan,nan,nan,nan,nan,nan,nan,nan,nan,nan,nan,nan,nan,nan,nan,nan,nan,nan,nan,nan
WbHt_6000_2000,WbHt,6000,2000,85,180,1.2,0.6,/eos/uscms/store/user/aji/rootfiles_existingOptimization/WbHt_6000_2000_pt180_ak12_ca6_th85.root,failed,/eos/uscms/store/user/aji/rootfiles_existingOptimization/WbHt_6000_2000_pt180_ak12_ca6_th85.root,nan,nan,nan,nan,nan,nan,nan,nan,nan,nan,nan,nan,nan,nan,nan,nan,nan,nan,nan,nan,nan
WbHt_6000_2000,WbHt,6000,2000,85,180,1.2,0.8,/eos/uscms/store/user/aji/rootfiles_existingOptimization/WbHt_6000_2000_pt180_ak12_ca8_th85.root,failed,/eos/uscms/store/user/aji/rootfiles_existingOptimization/WbHt_6000_2000_pt180_ak12_ca8_th85.root,nan,nan,nan,nan,nan,nan,nan,nan,nan,nan,nan,nan,nan,nan,nan,nan,nan,nan,nan,nan,nan
WbHt_6000_2000,WbHt,6000,2000,85,180,1.4,0.4,/eos/uscms/store/user/aji/rootfiles_existingOptimization/WbHt_6000_2000_pt180_ak14_ca4_th85.root,failed,/eos/uscms/store/user/aji/rootfiles_existingOptimization/WbHt_6000_2000_pt180_ak14_ca4_th85.root,nan,nan,nan,nan,nan,nan,nan,nan,nan,nan,nan,nan,nan,nan,nan,nan,nan,nan,nan,nan,nan
WbHt_6000_2000,WbHt,6000,2000,85,180,1.4,0.6,/eos/uscms/store/user/aji/rootfiles_existingOptimization/WbHt_6000_2000_pt180_ak14_ca6_th85.root,failed,/eos/uscms/store/user/aji/rootfiles_existingOptimization/WbHt_6000_2000_pt180_ak14_ca6_th85.root,nan,nan,nan,nan,nan,nan,nan,nan,nan,nan,nan,nan,nan,nan,nan,nan,nan,nan,nan,nan,nan
WbHt_6000_2000,WbHt,6000,2000,85,180,1.4,0.8,/eos/uscms/store/user/aji/rootfiles_existingOptimization/WbHt_6000_2000_pt180_ak14_ca8_th85.root,failed,/eos/uscms/store/user/aji/rootfiles_existingOptimization/WbHt_6000_2000_pt180_ak14_ca8_th85.root,nan,nan,nan,nan,nan,nan,nan,nan,nan,nan,nan,nan,nan,nan,nan,nan,nan,nan,nan,nan,nan
WbHt_6000_2000,WbHt,6000,2000,85,180,1.4,1.0,/eos/uscms/store/user/aji/rootfiles_existingOptimization/WbHt_6000_2000_pt180_ak14_ca10_th85.root,failed,/eos/uscms/store/user/aji/rootfiles_existingOptimization/WbHt_6000_2000_pt180_ak14_ca10_th85.root,nan,nan,nan,nan,nan,nan,nan,nan,nan,nan,nan,nan,nan,nan,nan,nan,nan,nan,nan,nan,nan
WbHt_6000_2000,WbHt,6000,2000,85,180,1.6,0.4,/eos/uscms/store/user/aji/rootfiles_existingOptimization/WbHt_6000_2000_pt180_ak16_ca4_th85.root,failed,/eos/uscms/store/user/aji/rootfiles_existingOptimization/WbHt_6000_2000_pt180_ak16_ca4_th85.root,nan,nan,nan,nan,nan,nan,nan,nan,nan,nan,nan,nan,nan,nan,nan,nan,nan,nan,nan,nan,nan
WbHt_6000_2000,WbHt,6000,2000,85,180,1.6,0.6,/eos/uscms/store/user/aji/rootfiles_existingOptimization/WbHt_6000_2000_pt180_ak16_ca6_th85.root,failed,/eos/uscms/store/user/aji/rootfiles_existingOptimization/WbHt_6000_2000_pt180_ak16_ca6_th85.root,nan,nan,nan,nan,nan,nan,nan,nan,nan,nan,nan,nan,nan,nan,nan,nan,nan,nan,nan,nan,nan
WbHt_6000_2000,WbHt,6000,2000,85,180,1.6,0.8,/eos/uscms/store/user/aji/rootfiles_existingOptimization/WbHt_6000_2000_pt180_ak16_ca8_th85.root,failed,/eos/uscms/store/user/aji/rootfiles_existingOptimization/WbHt_6000_2000_pt180_ak16_ca8_th85.root,nan,nan,nan,nan,nan,nan,nan,nan,nan,nan,nan,nan,nan,nan,nan,nan,nan,nan,nan,nan,nan
WbHt_6000_2000,WbHt,6000,2000,85,180,1.6,1.0,/eos/uscms/store/user/aji/rootfiles_existingOptimization/WbHt_6000_2000_pt180_ak16_ca10_th85.root,failed,/eos/uscms/store/user/aji/rootfiles_existingOptimization/WbHt_6000_2000_pt180_ak16_ca10_th85.root,nan,nan,nan,nan,nan,nan,nan,nan,nan,nan,nan,nan,nan,nan,nan,nan,nan,nan,nan,nan,nan
WbHt_6000_2000,WbHt,6000,2000,85,180,1.6,1.2,/eos/uscms/store/user/aji/rootfiles_existingOptimization/WbHt_6000_2000_pt180_ak16_ca12_th85.root,failed,/eos/uscms/store/user/aji/rootfiles_existingOptimization/WbHt_6000_2000_pt180_ak16_ca12_th85.root,nan,nan,nan,nan,nan,nan,nan,nan,nan,nan,nan,nan,nan,nan,nan,nan,nan,nan,nan,nan,nan
WbHt_6000_2000,WbHt,6000,2000,85,200,0.8,0.4,/eos/uscms/store/user/aji/rootfiles_existingOptimization/WbHt_6000_2000_pt200_ak8_ca4_th85.root,failed,/eos/uscms/store/user/aji/rootfiles_existingOptimization/WbHt_6000_2000_pt200_ak8_ca4_th85.root,nan,nan,nan,nan,nan,nan,nan,nan,nan,nan,nan,nan,nan,nan,nan,nan,nan,nan,nan,nan,nan
WbHt_6000_2000,WbHt,6000,2000,85,200,1.0,0.4,/eos/uscms/store/user/aji/rootfiles_existingOptimization/WbHt_6000_2000_pt200_ak10_ca4_th85.root,failed,/eos/uscms/store/user/aji/rootfiles_existingOptimization/WbHt_6000_2000_pt200_ak10_ca4_th85.root,nan,nan,nan,nan,nan,nan,nan,nan,nan,nan,nan,nan,nan,nan,nan,nan,nan,nan,nan,nan,nan
WbHt_6000_2000,WbHt,6000,2000,85,200,1.0,0.6,/eos/uscms/store/user/aji/rootfiles_existingOptimization/WbHt_6000_2000_pt200_ak10_ca6_th85.root,failed,/eos/uscms/store/user/aji/rootfiles_existingOptimization/WbHt_6000_2000_pt200_ak10_ca6_th85.root,nan,nan,nan,nan,nan,nan,nan,nan,nan,nan,nan,nan,nan,nan,nan,nan,nan,nan,nan,nan,nan
WbHt_6000_2000,WbHt,6000,2000,85,200,1.2,0.4,/eos/uscms/store/user/aji/rootfiles_existingOptimization/WbHt_6000_2000_pt200_ak12_ca4_th85.root,failed,/eos/uscms/store/user/aji/rootfiles_existingOptimization/WbHt_6000_2000_pt200_ak12_ca4_th85.root,nan,nan,nan,nan,nan,nan,nan,nan,nan,nan,nan,nan,nan,nan,nan,nan,nan,nan,nan,nan,nan
WbHt_6000_2000,WbHt,6000,2000,85,200,1.2,0.6,/eos/uscms/store/user/aji/rootfiles_existingOptimization/WbHt_6000_2000_pt200_ak12_ca6_th85.root,failed,/eos/uscms/store/user/aji/rootfiles_existingOptimization/WbHt_6000_2000_pt200_ak12_ca6_th85.root,nan,nan,nan,nan,nan,nan,nan,nan,nan,nan,nan,nan,nan,nan,nan,nan,nan,nan,nan,nan,nan
WbHt_6000_2000,WbHt,6000,2000,85,200,1.2,0.8,/eos/uscms/store/user/aji/rootfiles_existingOptimization/WbHt_6000_2000_pt200_ak12_ca8_th85.root,failed,/eos/uscms/store/user/aji/rootfiles_existingOptimization/WbHt_6000_2000_pt200_ak12_ca8_th85.root,nan,nan,nan,nan,nan,nan,nan,nan,nan,nan,nan,nan,nan,nan,nan,nan,nan,nan,nan,nan,nan
WbHt_6000_2000,WbHt,6000,2000,85,200,1.4,0.4,/eos/uscms/store/user/aji/rootfiles_existingOptimization/WbHt_6000_2000_pt200_ak14_ca4_th85.root,failed,/eos/uscms/store/user/aji/rootfiles_existingOptimization/WbHt_6000_2000_pt200_ak14_ca4_th85.root,nan,nan,nan,nan,nan,nan,nan,nan,nan,nan,nan,nan,nan,nan,nan,nan,nan,nan,nan,nan,nan
WbHt_6000_2000,WbHt,6000,2000,85,200,1.4,0.6,/eos/uscms/store/user/aji/rootfiles_existingOptimization/WbHt_6000_2000_pt200_ak14_ca6_th85.root,failed,/eos/uscms/store/user/aji/rootfiles_existingOptimization/WbHt_6000_2000_pt200_ak14_ca6_th85.root,nan,nan,nan,nan,nan,nan,nan,nan,nan,nan,nan,nan,nan,nan,nan,nan,nan,nan,nan,nan,nan
WbHt_6000_2000,WbHt,6000,2000,85,200,1.4,0.8,/eos/uscms/store/user/aji/rootfiles_existingOptimization/WbHt_6000_2000_pt200_ak14_ca8_th85.root,failed,/eos/uscms/store/user/aji/rootfiles_existingOptimization/WbHt_6000_2000_pt200_ak14_ca8_th85.root,nan,nan,nan,nan,nan,nan,nan,nan,nan,nan,nan,nan,nan,nan,nan,nan,nan,nan,nan,nan,nan
WbHt_6000_2000,WbHt,6000,2000,85,200,1.4,1.0,/eos/uscms/store/user/aji/rootfiles_existingOptimization/WbHt_6000_2000_pt200_ak14_ca10_th85.root,failed,/eos/uscms/store/user/aji/rootfiles_existingOptimization/WbHt_6000_2000_pt200_ak14_ca10_th85.root,nan,nan,nan,nan,nan,nan,nan,nan,nan,nan,nan,nan,nan,nan,nan,nan,nan,nan,nan,nan,nan
WbHt_6000_2000,WbHt,6000,2000,85,200,1.6,0.4,/eos/uscms/store/user/aji/rootfiles_existingOptimization/WbHt_6000_2000_pt200_ak16_ca4_th85.root,failed,/eos/uscms/store/user/aji/rootfiles_existingOptimization/WbHt_6000_2000_pt200_ak16_ca4_th85.root,nan,nan,nan,nan,nan,nan,nan,nan,nan,nan,nan,nan,nan,nan,nan,nan,nan,nan,nan,nan,nan
WbHt_6000_2000,WbHt,6000,2000,85,200,1.6,0.6,/eos/uscms/store/user/aji/rootfiles_existingOptimization/WbHt_6000_2000_pt200_ak16_ca6_th85.root,failed,/eos/uscms/store/user/aji/rootfiles_existingOptimization/WbHt_6000_2000_pt200_ak16_ca6_th85.root,nan,nan,nan,nan,nan,nan,nan,nan,nan,nan,nan,nan,nan,nan,nan,nan,nan,nan,nan,nan,nan
WbHt_6000_2000,WbHt,6000,2000,85,200,1.6,0.8,/eos/uscms/store/user/aji/rootfiles_existingOptimization/WbHt_6000_2000_pt200_ak16_ca8_th85.root,failed,/eos/uscms/store/user/aji/rootfiles_existingOptimization/WbHt_6000_2000_pt200_ak16_ca8_th85.root,nan,nan,nan,nan,nan,nan,nan,nan,nan,nan,nan,nan,nan,nan,nan,nan,nan,nan,nan,nan,nan
WbHt_6000_2000,WbHt,6000,2000,85,200,1.6,1.0,/eos/uscms/store/user/aji/rootfiles_existingOptimization/WbHt_6000_2000_pt200_ak16_ca10_th85.root,failed,/eos/uscms/store/user/aji/rootfiles_existingOptimization/WbHt_6000_2000_pt200_ak16_ca10_th85.root,nan,nan,nan,nan,nan,nan,nan,nan,nan,nan,nan,nan,nan,nan,nan,nan,nan,nan,nan,nan,nan
WbHt_6000_2000,WbHt,6000,2000,85,200,1.6,1.2,/eos/uscms/store/user/aji/rootfiles_existingOptimization/WbHt_6000_2000_pt200_ak16_ca12_th85.root,failed,/eos/uscms/store/user/aji/rootfiles_existingOptimization/WbHt_6000_2000_pt200_ak16_ca12_th85.root,nan,nan,nan,nan,nan,nan,nan,nan,nan,nan,nan,nan,nan,nan,nan,nan,nan,nan,nan,nan,nan
WbHt_6000_2000,WbHt,6000,2000,85,220,0.8,0.4,/eos/uscms/store/user/aji/rootfiles_existingOptimization/WbHt_6000_2000_pt220_ak8_ca4_th85.root,failed,/eos/uscms/store/user/aji/rootfiles_existingOptimization/WbHt_6000_2000_pt220_ak8_ca4_th85.root,nan,nan,nan,nan,nan,nan,nan,nan,nan,nan,nan,nan,nan,nan,nan,nan,nan,nan,nan,nan,nan
WbHt_6000_2000,WbHt,6000,2000,85,220,1.0,0.4,/eos/uscms/store/user/aji/rootfiles_existingOptimization/WbHt_6000_2000_pt220_ak10_ca4_th85.root,failed,/eos/uscms/store/user/aji/rootfiles_existingOptimization/WbHt_6000_2000_pt220_ak10_ca4_th85.root,nan,nan,nan,nan,nan,nan,nan,nan,nan,nan,nan,nan,nan,nan,nan,nan,nan,nan,nan,nan,nan
WbHt_6000_2000,WbHt,6000,2000,85,220,1.0,0.6,/eos/uscms/store/user/aji/rootfiles_existingOptimization/WbHt_6000_2000_pt220_ak10_ca6_th85.root,failed,/eos/uscms/store/user/aji/rootfiles_existingOptimization/WbHt_6000_2000_pt220_ak10_ca6_th85.root,nan,nan,nan,nan,nan,nan,nan,nan,nan,nan,nan,nan,nan,nan,nan,nan,nan,nan,nan,nan,nan
WbHt_6000_2000,WbHt,6000,2000,85,220,1.2,0.4,/eos/uscms/store/user/aji/rootfiles_existingOptimization/WbHt_6000_2000_pt220_ak12_ca4_th85.root,failed,/eos/uscms/store/user/aji/rootfiles_existingOptimization/WbHt_6000_2000_pt220_ak12_ca4_th85.root,nan,nan,nan,nan,nan,nan,nan,nan,nan,nan,nan,nan,nan,nan,nan,nan,nan,nan,nan,nan,nan
WbHt_6000_2000,WbHt,6000,2000,85,220,1.2,0.6,/eos/uscms/store/user/aji/rootfiles_existingOptimization/WbHt_6000_2000_pt220_ak12_ca6_th85.root,failed,/eos/uscms/store/user/aji/rootfiles_existingOptimization/WbHt_6000_2000_pt220_ak12_ca6_th85.root,nan,nan,nan,nan,nan,nan,nan,nan,nan,nan,nan,nan,nan,nan,nan,nan,nan,nan,nan,nan,nan
WbHt_6000_2000,WbHt,6000,2000,85,220,1.2,0.8,/eos/uscms/store/user/aji/rootfiles_existingOptimization/WbHt_6000_2000_pt220_ak12_ca8_th85.root,failed,/eos/uscms/store/user/aji/rootfiles_existingOptimization/WbHt_6000_2000_pt220_ak12_ca8_th85.root,nan,nan,nan,nan,nan,nan,nan,nan,nan,nan,nan,nan,nan,nan,nan,nan,nan,nan,nan,nan,nan
WbHt_6000_2000,WbHt,6000,2000,85,220,1.4,0.4,/eos/uscms/store/user/aji/rootfiles_existingOptimization/WbHt_6000_2000_pt220_ak14_ca4_th85.root,failed,/eos/uscms/store/user/aji/rootfiles_existingOptimization/WbHt_6000_2000_pt220_ak14_ca4_th85.root,nan,nan,nan,nan,nan,nan,nan,nan,nan,nan,nan,nan,nan,nan,nan,nan,nan,nan,nan,nan,nan
WbHt_6000_2000,WbHt,6000,2000,85,220,1.4,0.6,/eos/uscms/store/user/aji/rootfiles_existingOptimization/WbHt_6000_2000_pt220_ak14_ca6_th85.root,failed,/eos/uscms/store/user/aji/rootfiles_existingOptimization/WbHt_6000_2000_pt220_ak14_ca6_th85.root,nan,nan,nan,nan,nan,nan,nan,nan,nan,nan,nan,nan,nan,nan,nan,nan,nan,nan,nan,nan,nan
WbHt_6000_2000,WbHt,6000,2000,85,220,1.4,0.8,/eos/uscms/store/user/aji/rootfiles_existingOptimization/WbHt_6000_2000_pt220_ak14_ca8_th85.root,failed,/eos/uscms/store/user/aji/rootfiles_existingOptimization/WbHt_6000_2000_pt220_ak14_ca8_th85.root,nan,nan,nan,nan,nan,nan,nan,nan,nan,nan,nan,nan,nan,nan,nan,nan,nan,nan,nan,nan,nan
WbHt_6000_2000,WbHt,6000,2000,85,220,1.4,1.0,/eos/uscms/store/user/aji/rootfiles_existingOptimization/WbHt_6000_2000_pt220_ak14_ca10_th85.root,failed,/eos/uscms/store/user/aji/rootfiles_existingOptimization/WbHt_6000_2000_pt220_ak14_ca10_th85.root,nan,nan,nan,nan,nan,nan,nan,nan,nan,nan,nan,nan,nan,nan,nan,nan,nan,nan,nan,nan,nan
WbHt_6000_2000,WbHt,6000,2000,85,220,1.6,0.4,/eos/uscms/store/user/aji/rootfiles_existingOptimization/WbHt_6000_2000_pt220_ak16_ca4_th85.root,failed,/eos/uscms/store/user/aji/rootfiles_existingOptimization/WbHt_6000_2000_pt220_ak16_ca4_th85.root,nan,nan,nan,nan,nan,nan,nan,nan,nan,nan,nan,nan,nan,nan,nan,nan,nan,nan,nan,nan,nan
WbHt_6000_2000,WbHt,6000,2000,85,220,1.6,0.6,/eos/uscms/store/user/aji/rootfiles_existingOptimization/WbHt_6000_2000_pt220_ak16_ca6_th85.root,failed,/eos/uscms/store/user/aji/rootfiles_existingOptimization/WbHt_6000_2000_pt220_ak16_ca6_th85.root,nan,nan,nan,nan,nan,nan,nan,nan,nan,nan,nan,nan,nan,nan,nan,nan,nan,nan,nan,nan,nan
WbHt_6000_2000,WbHt,6000,2000,85,220,1.6,0.8,/eos/uscms/store/user/aji/rootfiles_existingOptimization/WbHt_6000_2000_pt220_ak16_ca8_th85.root,failed,/eos/uscms/store/user/aji/rootfiles_existingOptimization/WbHt_6000_2000_pt220_ak16_ca8_th85.root,nan,nan,nan,nan,nan,nan,nan,nan,nan,nan,nan,nan,nan,nan,nan,nan,nan,nan,nan,nan,nan
WbHt_6000_2000,WbHt,6000,2000,85,220,1.6,1.0,/eos/uscms/store/user/aji/rootfiles_existingOptimization/WbHt_6000_2000_pt220_ak16_ca10_th85.root,failed,/eos/uscms/store/user/aji/rootfiles_existingOptimization/WbHt_6000_2000_pt220_ak16_ca10_th85.root,nan,nan,nan,nan,nan,nan,nan,nan,nan,nan,nan,nan,nan,nan,nan,nan,nan,nan,nan,nan,nan
WbHt_6000_2000,WbHt,6000,2000,85,220,1.6,1.2,/eos/uscms/store/user/aji/rootfiles_existingOptimization/WbHt_6000_2000_pt220_ak16_ca12_th85.root,failed,/eos/uscms/store/user/aji/rootfiles_existingOptimization/WbHt_6000_2000_pt220_ak16_ca12_th85.root,nan,nan,nan,nan,nan,nan,nan,nan,nan,nan,nan,nan,nan,nan,nan,nan,nan,nan,nan,nan,nan
WbHt_6000_2000,WbHt,6000,2000,85,240,0.8,0.4,/eos/uscms/store/user/aji/rootfiles_existingOptimization/WbHt_6000_2000_pt240_ak8_ca4_th85.root,failed,/eos/uscms/store/user/aji/rootfiles_existingOptimization/WbHt_6000_2000_pt240_ak8_ca4_th85.root,nan,nan,nan,nan,nan,nan,nan,nan,nan,nan,nan,nan,nan,nan,nan,nan,nan,nan,nan,nan,nan
WbHt_6000_2000,WbHt,6000,2000,85,240,1.0,0.4,/eos/uscms/store/user/aji/rootfiles_existingOptimization/WbHt_6000_2000_pt240_ak10_ca4_th85.root,failed,/eos/uscms/store/user/aji/rootfiles_existingOptimization/WbHt_6000_2000_pt240_ak10_ca4_th85.root,nan,nan,nan,nan,nan,nan,nan,nan,nan,nan,nan,nan,nan,nan,nan,nan,nan,nan,nan,nan,nan
WbHt_6000_2000,WbHt,6000,2000,85,240,1.0,0.6,/eos/uscms/store/user/aji/rootfiles_existingOptimization/WbHt_6000_2000_pt240_ak10_ca6_th85.root,failed,/eos/uscms/store/user/aji/rootfiles_existingOptimization/WbHt_6000_2000_pt240_ak10_ca6_th85.root,nan,nan,nan,nan,nan,nan,nan,nan,nan,nan,nan,nan,nan,nan,nan,nan,nan,nan,nan,nan,nan
WbHt_6000_2000,WbHt,6000,2000,85,240,1.2,0.4,/eos/uscms/store/user/aji/rootfiles_existingOptimization/WbHt_6000_2000_pt240_ak12_ca4_th85.root,failed,/eos/uscms/store/user/aji/rootfiles_existingOptimization/WbHt_6000_2000_pt240_ak12_ca4_th85.root,nan,nan,nan,nan,nan,nan,nan,nan,nan,nan,nan,nan,nan,nan,nan,nan,nan,nan,nan,nan,nan
WbHt_6000_2000,WbHt,6000,2000,85,240,1.2,0.6,/eos/uscms/store/user/aji/rootfiles_existingOptimization/WbHt_6000_2000_pt240_ak12_ca6_th85.root,failed,/eos/uscms/store/user/aji/rootfiles_existingOptimization/WbHt_6000_2000_pt240_ak12_ca6_th85.root,nan,nan,nan,nan,nan,nan,nan,nan,nan,nan,nan,nan,nan,nan,nan,nan,nan,nan,nan,nan,nan
WbHt_6000_2000,WbHt,6000,2000,85,240,1.2,0.8,/eos/uscms/store/user/aji/rootfiles_existingOptimization/WbHt_6000_2000_pt240_ak12_ca8_th85.root,failed,/eos/uscms/store/user/aji/rootfiles_existingOptimization/WbHt_6000_2000_pt240_ak12_ca8_th85.root,nan,nan,nan,nan,nan,nan,nan,nan,nan,nan,nan,nan,nan,nan,nan,nan,nan,nan,nan,nan,nan
WbHt_6000_2000,WbHt,6000,2000,85,240,1.4,0.4,/eos/uscms/store/user/aji/rootfiles_existingOptimization/WbHt_6000_2000_pt240_ak14_ca4_th85.root,failed,/eos/uscms/store/user/aji/rootfiles_existingOptimization/WbHt_6000_2000_pt240_ak14_ca4_th85.root,nan,nan,nan,nan,nan,nan,nan,nan,nan,nan,nan,nan,nan,nan,nan,nan,nan,nan,nan,nan,nan
WbHt_6000_2000,WbHt,6000,2000,85,240,1.4,0.6,/eos/uscms/store/user/aji/rootfiles_existingOptimization/WbHt_6000_2000_pt240_ak14_ca6_th85.root,failed,/eos/uscms/store/user/aji/rootfiles_existingOptimization/WbHt_6000_2000_pt240_ak14_ca6_th85.root,nan,nan,nan,nan,nan,nan,nan,nan,nan,nan,nan,nan,nan,nan,nan,nan,nan,nan,nan,nan,nan
WbHt_6000_2000,WbHt,6000,2000,85,240,1.4,0.8,/eos/uscms/store/user/aji/rootfiles_existingOptimization/WbHt_6000_2000_pt240_ak14_ca8_th85.root,failed,/eos/uscms/store/user/aji/rootfiles_existingOptimization/WbHt_6000_2000_pt240_ak14_ca8_th85.root,nan,nan,nan,nan,nan,nan,nan,nan,nan,nan,nan,nan,nan,nan,nan,nan,nan,nan,nan,nan,nan
WbHt_6000_2000,WbHt,6000,2000,85,240,1.4,1.0,/eos/uscms/store/user/aji/rootfiles_existingOptimization/WbHt_6000_2000_pt240_ak14_ca10_th85.root,failed,/eos/uscms/store/user/aji/rootfiles_existingOptimization/WbHt_6000_2000_pt240_ak14_ca10_th85.root,nan,nan,nan,nan,nan,nan,nan,nan,nan,nan,nan,nan,nan,nan,nan,nan,nan,nan,nan,nan,nan
WbHt_6000_2000,WbHt,6000,2000,85,240,1.6,0.4,/eos/uscms/store/user/aji/rootfiles_existingOptimization/WbHt_6000_2000_pt240_ak16_ca4_th85.root,failed,/eos/uscms/store/user/aji/rootfiles_existingOptimization/WbHt_6000_2000_pt240_ak16_ca4_th85.root,nan,nan,nan,nan,nan,nan,nan,nan,nan,nan,nan,nan,nan,nan,nan,nan,nan,nan,nan,nan,nan
WbHt_6000_2000,WbHt,6000,2000,85,240,1.6,0.6,/eos/uscms/store/user/aji/rootfiles_existingOptimization/WbHt_6000_2000_pt240_ak16_ca6_th85.root,failed,/eos/uscms/store/user/aji/rootfiles_existingOptimization/WbHt_6000_2000_pt240_ak16_ca6_th85.root,nan,nan,nan,nan,nan,nan,nan,nan,nan,nan,nan,nan,nan,nan,nan,nan,nan,nan,nan,nan,nan
WbHt_6000_2000,WbHt,6000,2000,85,240,1.6,0.8,/eos/uscms/store/user/aji/rootfiles_existingOptimization/WbHt_6000_2000_pt240_ak16_ca8_th85.root,failed,/eos/uscms/store/user/aji/rootfiles_existingOptimization/WbHt_6000_2000_pt240_ak16_ca8_th85.root,nan,nan,nan,nan,nan,nan,nan,nan,nan,nan,nan,nan,nan,nan,nan,nan,nan,nan,nan,nan,nan
WbHt_6000_2000,WbHt,6000,2000,85,240,1.6,1.0,/eos/uscms/store/user/aji/rootfiles_existingOptimization/WbHt_6000_2000_pt240_ak16_ca10_th85.root,failed,/eos/uscms/store/user/aji/rootfiles_existingOptimization/WbHt_6000_2000_pt240_ak16_ca10_th85.root,nan,nan,nan,nan,nan,nan,nan,nan,nan,nan,nan,nan,nan,nan,nan,nan,nan,nan,nan,nan,nan
WbHt_6000_2000,WbHt,6000,2000,85,240,1.6,1.2,/eos/uscms/store/user/aji/rootfiles_existingOptimization/WbHt_6000_2000_pt240_ak16_ca12_th85.root,failed,/eos/uscms/store/user/aji/rootfiles_existingOptimization/WbHt_6000_2000_pt240_ak16_ca12_th85.root,nan,nan,nan,nan,nan,nan,nan,nan,nan,nan,nan,nan,nan,nan,nan,nan,nan,nan,nan,nan,nan
WbHt_6000_2000,WbHt,6000,2000,85,260,0.8,0.4,/eos/uscms/store/user/aji/rootfiles_existingOptimization/WbHt_6000_2000_pt260_ak8_ca4_th85.root,failed,/eos/uscms/store/user/aji/rootfiles_existingOptimization/WbHt_6000_2000_pt260_ak8_ca4_th85.root,nan,nan,nan,nan,nan,nan,nan,nan,nan,nan,nan,nan,nan,nan,nan,nan,nan,nan,nan,nan,nan
WbHt_6000_2000,WbHt,6000,2000,85,260,1.0,0.4,/eos/uscms/store/user/aji/rootfiles_existingOptimization/WbHt_6000_2000_pt260_ak10_ca4_th85.root,failed,/eos/uscms/store/user/aji/rootfiles_existingOptimization/WbHt_6000_2000_pt260_ak10_ca4_th85.root,nan,nan,nan,nan,nan,nan,nan,nan,nan,nan,nan,nan,nan,nan,nan,nan,nan,nan,nan,nan,nan
WbHt_6000_2000,WbHt,6000,2000,85,260,1.0,0.6,/eos/uscms/store/user/aji/rootfiles_existingOptimization/WbHt_6000_2000_pt260_ak10_ca6_th85.root,failed,/eos/uscms/store/user/aji/rootfiles_existingOptimization/WbHt_6000_2000_pt260_ak10_ca6_th85.root,nan,nan,nan,nan,nan,nan,nan,nan,nan,nan,nan,nan,nan,nan,nan,nan,nan,nan,nan,nan,nan
WbHt_6000_2000,WbHt,6000,2000,85,260,1.2,0.4,/eos/uscms/store/user/aji/rootfiles_existingOptimization/WbHt_6000_2000_pt260_ak12_ca4_th85.root,failed,/eos/uscms/store/user/aji/rootfiles_existingOptimization/WbHt_6000_2000_pt260_ak12_ca4_th85.root,nan,nan,nan,nan,nan,nan,nan,nan,nan,nan,nan,nan,nan,nan,nan,nan,nan,nan,nan,nan,nan
WbHt_6000_2000,WbHt,6000,2000,85,260,1.2,0.6,/eos/uscms/store/user/aji/rootfiles_existingOptimization/WbHt_6000_2000_pt260_ak12_ca6_th85.root,failed,/eos/uscms/store/user/aji/rootfiles_existingOptimization/WbHt_6000_2000_pt260_ak12_ca6_th85.root,nan,nan,nan,nan,nan,nan,nan,nan,nan,nan,nan,nan,nan,nan,nan,nan,nan,nan,nan,nan,nan
WbHt_6000_2000,WbHt,6000,2000,85,260,1.2,0.8,/eos/uscms/store/user/aji/rootfiles_existingOptimization/WbHt_6000_2000_pt260_ak12_ca8_th85.root,failed,/eos/uscms/store/user/aji/rootfiles_existingOptimization/WbHt_6000_2000_pt260_ak12_ca8_th85.root,nan,nan,nan,nan,nan,nan,nan,nan,nan,nan,nan,nan,nan,nan,nan,nan,nan,nan,nan,nan,nan
WbHt_6000_2000,WbHt,6000,2000,85,260,1.4,0.4,/eos/uscms/store/user/aji/rootfiles_existingOptimization/WbHt_6000_2000_pt260_ak14_ca4_th85.root,failed,/eos/uscms/store/user/aji/rootfiles_existingOptimization/WbHt_6000_2000_pt260_ak14_ca4_th85.root,nan,nan,nan,nan,nan,nan,nan,nan,nan,nan,nan,nan,nan,nan,nan,nan,nan,nan,nan,nan,nan
WbHt_6000_2000,WbHt,6000,2000,85,260,1.4,0.6,/eos/uscms/store/user/aji/rootfiles_existingOptimization/WbHt_6000_2000_pt260_ak14_ca6_th85.root,failed,/eos/uscms/store/user/aji/rootfiles_existingOptimization/WbHt_6000_2000_pt260_ak14_ca6_th85.root,nan,nan,nan,nan,nan,nan,nan,nan,nan,nan,nan,nan,nan,nan,nan,nan,nan,nan,nan,nan,nan
WbHt_6000_2000,WbHt,6000,2000,85,260,1.4,0.8,/eos/uscms/store/user/aji/rootfiles_existingOptimization/WbHt_6000_2000_pt260_ak14_ca8_th85.root,failed,/eos/uscms/store/user/aji/rootfiles_existingOptimization/WbHt_6000_2000_pt260_ak14_ca8_th85.root,nan,nan,nan,nan,nan,nan,nan,nan,nan,nan,nan,nan,nan,nan,nan,nan,nan,nan,nan,nan,nan
WbHt_6000_2000,WbHt,6000,2000,85,260,1.4,1.0,/eos/uscms/store/user/aji/rootfiles_existingOptimization/WbHt_6000_2000_pt260_ak14_ca10_th85.root,failed,/eos/uscms/store/user/aji/rootfiles_existingOptimization/WbHt_6000_2000_pt260_ak14_ca10_th85.root,nan,nan,nan,nan,nan,nan,nan,nan,nan,nan,nan,nan,nan,nan,nan,nan,nan,nan,nan,nan,nan
WbHt_6000_2000,WbHt,6000,2000,85,260,1.6,0.4,/eos/uscms/store/user/aji/rootfiles_existingOptimization/WbHt_6000_2000_pt260_ak16_ca4_th85.root,failed,/eos/uscms/store/user/aji/rootfiles_existingOptimization/WbHt_6000_2000_pt260_ak16_ca4_th85.root,nan,nan,nan,nan,nan,nan,nan,nan,nan,nan,nan,nan,nan,nan,nan,nan,nan,nan,nan,nan,nan
WbHt_6000_2000,WbHt,6000,2000,85,260,1.6,0.6,/eos/uscms/store/user/aji/rootfiles_existingOptimization/WbHt_6000_2000_pt260_ak16_ca6_th85.root,failed,/eos/uscms/store/user/aji/rootfiles_existingOptimization/WbHt_6000_2000_pt260_ak16_ca6_th85.root,nan,nan,nan,nan,nan,nan,nan,nan,nan,nan,nan,nan,nan,nan,nan,nan,nan,nan,nan,nan,nan
WbHt_6000_2000,WbHt,6000,2000,85,260,1.6,0.8,/eos/uscms/store/user/aji/rootfiles_existingOptimization/WbHt_6000_2000_pt260_ak16_ca8_th85.root,failed,/eos/uscms/store/user/aji/rootfiles_existingOptimization/WbHt_6000_2000_pt260_ak16_ca8_th85.root,nan,nan,nan,nan,nan,nan,nan,nan,nan,nan,nan,nan,nan,nan,nan,nan,nan,nan,nan,nan,nan
WbHt_6000_2000,WbHt,6000,2000,85,260,1.6,1.0,/eos/uscms/store/user/aji/rootfiles_existingOptimization/WbHt_6000_2000_pt260_ak16_ca10_th85.root,failed,/eos/uscms/store/user/aji/rootfiles_existingOptimization/WbHt_6000_2000_pt260_ak16_ca10_th85.root,nan,nan,nan,nan,nan,nan,nan,nan,nan,nan,nan,nan,nan,nan,nan,nan,nan,nan,nan,nan,nan
WbHt_6000_2000,WbHt,6000,2000,85,260,1.6,1.2,/eos/uscms/store/user/aji/rootfiles_existingOptimization/WbHt_6000_2000_pt260_ak16_ca12_th85.root,failed,/eos/uscms/store/user/aji/rootfiles_existingOptimization/WbHt_6000_2000_pt260_ak16_ca12_th85.root,nan,nan,nan,nan,nan,nan,nan,nan,nan,nan,nan,nan,nan,nan,nan,nan,nan,nan,nan,nan,nan
WbHt_6000_2000,WbHt,6000,2000,85,280,0.8,0.4,/eos/uscms/store/user/aji/rootfiles_existingOptimization/WbHt_6000_2000_pt280_ak8_ca4_th85.root,failed,/eos/uscms/store/user/aji/rootfiles_existingOptimization/WbHt_6000_2000_pt280_ak8_ca4_th85.root,nan,nan,nan,nan,nan,nan,nan,nan,nan,nan,nan,nan,nan,nan,nan,nan,nan,nan,nan,nan,nan
WbHt_6000_2000,WbHt,6000,2000,85,280,1.0,0.4,/eos/uscms/store/user/aji/rootfiles_existingOptimization/WbHt_6000_2000_pt280_ak10_ca4_th85.root,failed,/eos/uscms/store/user/aji/rootfiles_existingOptimization/WbHt_6000_2000_pt280_ak10_ca4_th85.root,nan,nan,nan,nan,nan,nan,nan,nan,nan,nan,nan,nan,nan,nan,nan,nan,nan,nan,nan,nan,nan
WbHt_6000_2000,WbHt,6000,2000,85,280,1.0,0.6,/eos/uscms/store/user/aji/rootfiles_existingOptimization/WbHt_6000_2000_pt280_ak10_ca6_th85.root,failed,/eos/uscms/store/user/aji/rootfiles_existingOptimization/WbHt_6000_2000_pt280_ak10_ca6_th85.root,nan,nan,nan,nan,nan,nan,nan,nan,nan,nan,nan,nan,nan,nan,nan,nan,nan,nan,nan,nan,nan
WbHt_6000_2000,WbHt,6000,2000,85,280,1.2,0.4,/eos/uscms/store/user/aji/rootfiles_existingOptimization/WbHt_6000_2000_pt280_ak12_ca4_th85.root,failed,/eos/uscms/store/user/aji/rootfiles_existingOptimization/WbHt_6000_2000_pt280_ak12_ca4_th85.root,nan,nan,nan,nan,nan,nan,nan,nan,nan,nan,nan,nan,nan,nan,nan,nan,nan,nan,nan,nan,nan
WbHt_6000_2000,WbHt,6000,2000,85,280,1.2,0.6,/eos/uscms/store/user/aji/rootfiles_existingOptimization/WbHt_6000_2000_pt280_ak12_ca6_th85.root,failed,/eos/uscms/store/user/aji/rootfiles_existingOptimization/WbHt_6000_2000_pt280_ak12_ca6_th85.root,nan,nan,nan,nan,nan,nan,nan,nan,nan,nan,nan,nan,nan,nan,nan,nan,nan,nan,nan,nan,nan
WbHt_6000_2000,WbHt,6000,2000,85,280,1.2,0.8,/eos/uscms/store/user/aji/rootfiles_existingOptimization/WbHt_6000_2000_pt280_ak12_ca8_th85.root,failed,/eos/uscms/store/user/aji/rootfiles_existingOptimization/WbHt_6000_2000_pt280_ak12_ca8_th85.root,nan,nan,nan,nan,nan,nan,nan,nan,nan,nan,nan,nan,nan,nan,nan,nan,nan,nan,nan,nan,nan
WbHt_6000_2000,WbHt,6000,2000,85,280,1.4,0.4,/eos/uscms/store/user/aji/rootfiles_existingOptimization/WbHt_6000_2000_pt280_ak14_ca4_th85.root,failed,/eos/uscms/store/user/aji/rootfiles_existingOptimization/WbHt_6000_2000_pt280_ak14_ca4_th85.root,nan,nan,nan,nan,nan,nan,nan,nan,nan,nan,nan,nan,nan,nan,nan,nan,nan,nan,nan,nan,nan
WbHt_6000_2000,WbHt,6000,2000,85,280,1.4,0.6,/eos/uscms/store/user/aji/rootfiles_existingOptimization/WbHt_6000_2000_pt280_ak14_ca6_th85.root,failed,/eos/uscms/store/user/aji/rootfiles_existingOptimization/WbHt_6000_2000_pt280_ak14_ca6_th85.root,nan,nan,nan,nan,nan,nan,nan,nan,nan,nan,nan,nan,nan,nan,nan,nan,nan,nan,nan,nan,nan
WbHt_6000_2000,WbHt,6000,2000,85,280,1.4,0.8,/eos/uscms/store/user/aji/rootfiles_existingOptimization/WbHt_6000_2000_pt280_ak14_ca8_th85.root,failed,/eos/uscms/store/user/aji/rootfiles_existingOptimization/WbHt_6000_2000_pt280_ak14_ca8_th85.root,nan,nan,nan,nan,nan,nan,nan,nan,nan,nan,nan,nan,nan,nan,nan,nan,nan,nan,nan,nan,nan
WbHt_6000_2000,WbHt,6000,2000,85,280,1.4,1.0,/eos/uscms/store/user/aji/rootfiles_existingOptimization/WbHt_6000_2000_pt280_ak14_ca10_th85.root,failed,/eos/uscms/store/user/aji/rootfiles_existingOptimization/WbHt_6000_2000_pt280_ak14_ca10_th85.root,nan,nan,nan,nan,nan,nan,nan,nan,nan,nan,nan,nan,nan,nan,nan,nan,nan,nan,nan,nan,nan
WbHt_6000_2000,WbHt,6000,2000,85,280,1.6,0.4,/eos/uscms/store/user/aji/rootfiles_existingOptimization/WbHt_6000_2000_pt280_ak16_ca4_th85.root,failed,/eos/uscms/store/user/aji/rootfiles_existingOptimization/WbHt_6000_2000_pt280_ak16_ca4_th85.root,nan,nan,nan,nan,nan,nan,nan,nan,nan,nan,nan,nan,nan,nan,nan,nan,nan,nan,nan,nan,nan
WbHt_6000_2000,WbHt,6000,2000,85,280,1.6,0.6,/eos/uscms/store/user/aji/rootfiles_existingOptimization/WbHt_6000_2000_pt280_ak16_ca6_th85.root,failed,/eos/uscms/store/user/aji/rootfiles_existingOptimization/WbHt_6000_2000_pt280_ak16_ca6_th85.root,nan,nan,nan,nan,nan,nan,nan,nan,nan,nan,nan,nan,nan,nan,nan,nan,nan,nan,nan,nan,nan
WbHt_6000_2000,WbHt,6000,2000,85,280,1.6,0.8,/eos/uscms/store/user/aji/rootfiles_existingOptimization/WbHt_6000_2000_pt280_ak16_ca8_th85.root,failed,/eos/uscms/store/user/aji/rootfiles_existingOptimization/WbHt_6000_2000_pt280_ak16_ca8_th85.root,nan,nan,nan,nan,nan,nan,nan,nan,nan,nan,nan,nan,nan,nan,nan,nan,nan,nan,nan,nan,nan
WbHt_6000_2000,WbHt,6000,2000,85,280,1.6,1.0,/eos/uscms/store/user/aji/rootfiles_existingOptimization/WbHt_6000_2000_pt280_ak16_ca10_th85.root,failed,/eos/uscms/store/user/aji/rootfiles_existingOptimization/WbHt_6000_2000_pt280_ak16_ca10_th85.root,nan,nan,nan,nan,nan,nan,nan,nan,nan,nan,nan,nan,nan,nan,nan,nan,nan,nan,nan,nan,nan
WbHt_6000_2000,WbHt,6000,2000,85,280,1.6,1.2,/eos/uscms/store/user/aji/rootfiles_existingOptimization/WbHt_6000_2000_pt280_ak16_ca12_th85.root,failed,/eos/uscms/store/user/aji/rootfiles_existingOptimization/WbHt_6000_2000_pt280_ak16_ca12_th85.root,nan,nan,nan,nan,nan,nan,nan,nan,nan,nan,nan,nan,nan,nan,nan,nan,nan,nan,nan,nan,nan
WbHt_6000_2000,WbHt,6000,2000,85,300,0.8,0.4,/eos/uscms/store/user/aji/rootfiles_existingOptimization/WbHt_6000_2000_pt300_ak8_ca4_th85.root,failed,/eos/uscms/store/user/aji/rootfiles_existingOptimization/WbHt_6000_2000_pt300_ak8_ca4_th85.root,nan,nan,nan,nan,nan,nan,nan,nan,nan,nan,nan,nan,nan,nan,nan,nan,nan,nan,nan,nan,nan
WbHt_6000_2000,WbHt,6000,2000,85,300,1.0,0.4,/eos/uscms/store/user/aji/rootfiles_existingOptimization/WbHt_6000_2000_pt300_ak10_ca4_th85.root,failed,/eos/uscms/store/user/aji/rootfiles_existingOptimization/WbHt_6000_2000_pt300_ak10_ca4_th85.root,nan,nan,nan,nan,nan,nan,nan,nan,nan,nan,nan,nan,nan,nan,nan,nan,nan,nan,nan,nan,nan
WbHt_6000_2000,WbHt,6000,2000,85,300,1.0,0.6,/eos/uscms/store/user/aji/rootfiles_existingOptimization/WbHt_6000_2000_pt300_ak10_ca6_th85.root,failed,/eos/uscms/store/user/aji/rootfiles_existingOptimization/WbHt_6000_2000_pt300_ak10_ca6_th85.root,nan,nan,nan,nan,nan,nan,nan,nan,nan,nan,nan,nan,nan,nan,nan,nan,nan,nan,nan,nan,nan
WbHt_6000_2000,WbHt,6000,2000,85,300,1.2,0.4,/eos/uscms/store/user/aji/rootfiles_existingOptimization/WbHt_6000_2000_pt300_ak12_ca4_th85.root,failed,/eos/uscms/store/user/aji/rootfiles_existingOptimization/WbHt_6000_2000_pt300_ak12_ca4_th85.root,nan,nan,nan,nan,nan,nan,nan,nan,nan,nan,nan,nan,nan,nan,nan,nan,nan,nan,nan,nan,nan
WbHt_6000_2000,WbHt,6000,2000,85,300,1.2,0.6,/eos/uscms/store/user/aji/rootfiles_existingOptimization/WbHt_6000_2000_pt300_ak12_ca6_th85.root,failed,/eos/uscms/store/user/aji/rootfiles_existingOptimization/WbHt_6000_2000_pt300_ak12_ca6_th85.root,nan,nan,nan,nan,nan,nan,nan,nan,nan,nan,nan,nan,nan,nan,nan,nan,nan,nan,nan,nan,nan
WbHt_6000_2000,WbHt,6000,2000,85,300,1.2,0.8,/eos/uscms/store/user/aji/rootfiles_existingOptimization/WbHt_6000_2000_pt300_ak12_ca8_th85.root,failed,/eos/uscms/store/user/aji/rootfiles_existingOptimization/WbHt_6000_2000_pt300_ak12_ca8_th85.root,nan,nan,nan,nan,nan,nan,nan,nan,nan,nan,nan,nan,nan,nan,nan,nan,nan,nan,nan,nan,nan
WbHt_6000_2000,WbHt,6000,2000,85,300,1.4,0.4,/eos/uscms/store/user/aji/rootfiles_existingOptimization/WbHt_6000_2000_pt300_ak14_ca4_th85.root,failed,/eos/uscms/store/user/aji/rootfiles_existingOptimization/WbHt_6000_2000_pt300_ak14_ca4_th85.root,nan,nan,nan,nan,nan,nan,nan,nan,nan,nan,nan,nan,nan,nan,nan,nan,nan,nan,nan,nan,nan
WbHt_6000_2000,WbHt,6000,2000,85,300,1.4,0.6,/eos/uscms/store/user/aji/rootfiles_existingOptimization/WbHt_6000_2000_pt300_ak14_ca6_th85.root,failed,/eos/uscms/store/user/aji/rootfiles_existingOptimization/WbHt_6000_2000_pt300_ak14_ca6_th85.root,nan,nan,nan,nan,nan,nan,nan,nan,nan,nan,nan,nan,nan,nan,nan,nan,nan,nan,nan,nan,nan
WbHt_6000_2000,WbHt,6000,2000,85,300,1.4,0.8,/eos/uscms/store/user/aji/rootfiles_existingOptimization/WbHt_6000_2000_pt300_ak14_ca8_th85.root,failed,/eos/uscms/store/user/aji/rootfiles_existingOptimization/WbHt_6000_2000_pt300_ak14_ca8_th85.root,nan,nan,nan,nan,nan,nan,nan,nan,nan,nan,nan,nan,nan,nan,nan,nan,nan,nan,nan,nan,nan
WbHt_6000_2000,WbHt,6000,2000,85,300,1.4,1.0,/eos/uscms/store/user/aji/rootfiles_existingOptimization/WbHt_6000_2000_pt300_ak14_ca10_th85.root,failed,/eos/uscms/store/user/aji/rootfiles_existingOptimization/WbHt_6000_2000_pt300_ak14_ca10_th85.root,nan,nan,nan,nan,nan,nan,nan,nan,nan,nan,nan,nan,nan,nan,nan,nan,nan,nan,nan,nan,nan
WbHt_6000_2000,WbHt,6000,2000,85,300,1.6,0.4,/eos/uscms/store/user/aji/rootfiles_existingOptimization/WbHt_6000_2000_pt300_ak16_ca4_th85.root,failed,/eos/uscms/store/user/aji/rootfiles_existingOptimization/WbHt_6000_2000_pt300_ak16_ca4_th85.root,nan,nan,nan,nan,nan,nan,nan,nan,nan,nan,nan,nan,nan,nan,nan,nan,nan,nan,nan,nan,nan
WbHt_6000_2000,WbHt,6000,2000,85,300,1.6,0.6,/eos/uscms/store/user/aji/rootfiles_existingOptimization/WbHt_6000_2000_pt300_ak16_ca6_th85.root,failed,/eos/uscms/store/user/aji/rootfiles_existingOptimization/WbHt_6000_2000_pt300_ak16_ca6_th85.root,nan,nan,nan,nan,nan,nan,nan,nan,nan,nan,nan,nan,nan,nan,nan,nan,nan,nan,nan,nan,nan
WbHt_6000_2000,WbHt,6000,2000,85,300,1.6,0.8,/eos/uscms/store/user/aji/rootfiles_existingOptimization/WbHt_6000_2000_pt300_ak16_ca8_th85.root,failed,/eos/uscms/store/user/aji/rootfiles_existingOptimization/WbHt_6000_2000_pt300_ak16_ca8_th85.root,nan,nan,nan,nan,nan,nan,nan,nan,nan,nan,nan,nan,nan,nan,nan,nan,nan,nan,nan,nan,nan
WbHt_6000_2000,WbHt,6000,2000,85,300,1.6,1.0,/eos/uscms/store/user/aji/rootfiles_existingOptimization/WbHt_6000_2000_pt300_ak16_ca10_th85.root,failed,/eos/uscms/store/user/aji/rootfiles_existingOptimization/WbHt_6000_2000_pt300_ak16_ca10_th85.root,nan,nan,nan,nan,nan,nan,nan,nan,nan,nan,nan,nan,nan,nan,nan,nan,nan,nan,nan,nan,nan
WbHt_6000_2000,WbHt,6000,2000,85,300,1.6,1.2,/eos/uscms/store/user/aji/rootfiles_existingOptimization/WbHt_6000_2000_pt300_ak16_ca12_th85.root,failed,/eos/uscms/store/user/aji/rootfiles_existingOptimization/WbHt_6000_2000_pt300_ak16_ca12_th85.root,nan,nan,nan,nan,nan,nan,nan,nan,nan,nan,nan,nan,nan,nan,nan,nan,nan,nan,nan,nan,nan
WbHt_6000_2000,WbHt,6000,2000,85,320,0.8,0.4,/eos/uscms/store/user/aji/rootfiles_existingOptimization/WbHt_6000_2000_pt320_ak8_ca4_th85.root,failed,/eos/uscms/store/user/aji/rootfiles_existingOptimization/WbHt_6000_2000_pt320_ak8_ca4_th85.root,nan,nan,nan,nan,nan,nan,nan,nan,nan,nan,nan,nan,nan,nan,nan,nan,nan,nan,nan,nan,nan
WbHt_6000_2000,WbHt,6000,2000,85,320,1.0,0.4,/eos/uscms/store/user/aji/rootfiles_existingOptimization/WbHt_6000_2000_pt320_ak10_ca4_th85.root,failed,/eos/uscms/store/user/aji/rootfiles_existingOptimization/WbHt_6000_2000_pt320_ak10_ca4_th85.root,nan,nan,nan,nan,nan,nan,nan,nan,nan,nan,nan,nan,nan,nan,nan,nan,nan,nan,nan,nan,nan
WbHt_6000_2000,WbHt,6000,2000,85,320,1.0,0.6,/eos/uscms/store/user/aji/rootfiles_existingOptimization/WbHt_6000_2000_pt320_ak10_ca6_th85.root,failed,/eos/uscms/store/user/aji/rootfiles_existingOptimization/WbHt_6000_2000_pt320_ak10_ca6_th85.root,nan,nan,nan,nan,nan,nan,nan,nan,nan,nan,nan,nan,nan,nan,nan,nan,nan,nan,nan,nan,nan
WbHt_6000_2000,WbHt,6000,2000,85,320,1.2,0.4,/eos/uscms/store/user/aji/rootfiles_existingOptimization/WbHt_6000_2000_pt320_ak12_ca4_th85.root,failed,/eos/uscms/store/user/aji/rootfiles_existingOptimization/WbHt_6000_2000_pt320_ak12_ca4_th85.root,nan,nan,nan,nan,nan,nan,nan,nan,nan,nan,nan,nan,nan,nan,nan,nan,nan,nan,nan,nan,nan
WbHt_6000_2000,WbHt,6000,2000,85,320,1.2,0.6,/eos/uscms/store/user/aji/rootfiles_existingOptimization/WbHt_6000_2000_pt320_ak12_ca6_th85.root,failed,/eos/uscms/store/user/aji/rootfiles_existingOptimization/WbHt_6000_2000_pt320_ak12_ca6_th85.root,nan,nan,nan,nan,nan,nan,nan,nan,nan,nan,nan,nan,nan,nan,nan,nan,nan,nan,nan,nan,nan
WbHt_6000_2000,WbHt,6000,2000,85,320,1.2,0.8,/eos/uscms/store/user/aji/rootfiles_existingOptimization/WbHt_6000_2000_pt320_ak12_ca8_th85.root,failed,/eos/uscms/store/user/aji/rootfiles_existingOptimization/WbHt_6000_2000_pt320_ak12_ca8_th85.root,nan,nan,nan,nan,nan,nan,nan,nan,nan,nan,nan,nan,nan,nan,nan,nan,nan,nan,nan,nan,nan
WbHt_6000_2000,WbHt,6000,2000,85,320,1.4,0.4,/eos/uscms/store/user/aji/rootfiles_existingOptimization/WbHt_6000_2000_pt320_ak14_ca4_th85.root,failed,/eos/uscms/store/user/aji/rootfiles_existingOptimization/WbHt_6000_2000_pt320_ak14_ca4_th85.root,nan,nan,nan,nan,nan,nan,nan,nan,nan,nan,nan,nan,nan,nan,nan,nan,nan,nan,nan,nan,nan
WbHt_6000_2000,WbHt,6000,2000,85,320,1.4,0.6,/eos/uscms/store/user/aji/rootfiles_existingOptimization/WbHt_6000_2000_pt320_ak14_ca6_th85.root,failed,/eos/uscms/store/user/aji/rootfiles_existingOptimization/WbHt_6000_2000_pt320_ak14_ca6_th85.root,nan,nan,nan,nan,nan,nan,nan,nan,nan,nan,nan,nan,nan,nan,nan,nan,nan,nan,nan,nan,nan
WbHt_6000_2000,WbHt,6000,2000,85,320,1.4,0.8,/eos/uscms/store/user/aji/rootfiles_existingOptimization/WbHt_6000_2000_pt320_ak14_ca8_th85.root,failed,/eos/uscms/store/user/aji/rootfiles_existingOptimization/WbHt_6000_2000_pt320_ak14_ca8_th85.root,nan,nan,nan,nan,nan,nan,nan,nan,nan,nan,nan,nan,nan,nan,nan,nan,nan,nan,nan,nan,nan
WbHt_6000_2000,WbHt,6000,2000,85,320,1.4,1.0,/eos/uscms/store/user/aji/rootfiles_existingOptimization/WbHt_6000_2000_pt320_ak14_ca10_th85.root,failed,/eos/uscms/store/user/aji/rootfiles_existingOptimization/WbHt_6000_2000_pt320_ak14_ca10_th85.root,nan,nan,nan,nan,nan,nan,nan,nan,nan,nan,nan,nan,nan,nan,nan,nan,nan,nan,nan,nan,nan
WbHt_6000_2000,WbHt,6000,2000,85,320,1.6,0.4,/eos/uscms/store/user/aji/rootfiles_existingOptimization/WbHt_6000_2000_pt320_ak16_ca4_th85.root,failed,/eos/uscms/store/user/aji/rootfiles_existingOptimization/WbHt_6000_2000_pt320_ak16_ca4_th85.root,nan,nan,nan,nan,nan,nan,nan,nan,nan,nan,nan,nan,nan,nan,nan,nan,nan,nan,nan,nan,nan
WbHt_6000_2000,WbHt,6000,2000,85,320,1.6,0.6,/eos/uscms/store/user/aji/rootfiles_existingOptimization/WbHt_6000_2000_pt320_ak16_ca6_th85.root,failed,/eos/uscms/store/user/aji/rootfiles_existingOptimization/WbHt_6000_2000_pt320_ak16_ca6_th85.root,nan,nan,nan,nan,nan,nan,nan,nan,nan,nan,nan,nan,nan,nan,nan,nan,nan,nan,nan,nan,nan
WbHt_6000_2000,WbHt,6000,2000,85,320,1.6,0.8,/eos/uscms/store/user/aji/rootfiles_existingOptimization/WbHt_6000_2000_pt320_ak16_ca8_th85.root,failed,/eos/uscms/store/user/aji/rootfiles_existingOptimization/WbHt_6000_2000_pt320_ak16_ca8_th85.root,nan,nan,nan,nan,nan,nan,nan,nan,nan,nan,nan,nan,nan,nan,nan,nan,nan,nan,nan,nan,nan
WbHt_6000_2000,WbHt,6000,2000,85,320,1.6,1.0,/eos/uscms/store/user/aji/rootfiles_existingOptimization/WbHt_6000_2000_pt320_ak16_ca10_th85.root,failed,/eos/uscms/store/user/aji/rootfiles_existingOptimization/WbHt_6000_2000_pt320_ak16_ca10_th85.root,nan,nan,nan,nan,nan,nan,nan,nan,nan,nan,nan,nan,nan,nan,nan,nan,nan,nan,nan,nan,nan
WbHt_6000_2000,WbHt,6000,2000,85,320,1.6,1.2,/eos/uscms/store/user/aji/rootfiles_existingOptimization/WbHt_6000_2000_pt320_ak16_ca12_th85.root,failed,/eos/uscms/store/user/aji/rootfiles_existingOptimization/WbHt_6000_2000_pt320_ak16_ca12_th85.root,nan,nan,nan,nan,nan,nan,nan,nan,nan,nan,nan,nan,nan,nan,nan,nan,nan,nan,nan,nan,nan
WbHt_6000_2000,WbHt,6000,2000,85,340,0.8,0.4,/eos/uscms/store/user/aji/rootfiles_existingOptimization/WbHt_6000_2000_pt340_ak8_ca4_th85.root,failed,/eos/uscms/store/user/aji/rootfiles_existingOptimization/WbHt_6000_2000_pt340_ak8_ca4_th85.root,nan,nan,nan,nan,nan,nan,nan,nan,nan,nan,nan,nan,nan,nan,nan,nan,nan,nan,nan,nan,nan
WbHt_6000_2000,WbHt,6000,2000,85,340,1.0,0.4,/eos/uscms/store/user/aji/rootfiles_existingOptimization/WbHt_6000_2000_pt340_ak10_ca4_th85.root,failed,/eos/uscms/store/user/aji/rootfiles_existingOptimization/WbHt_6000_2000_pt340_ak10_ca4_th85.root,nan,nan,nan,nan,nan,nan,nan,nan,nan,nan,nan,nan,nan,nan,nan,nan,nan,nan,nan,nan,nan
WbHt_6000_2000,WbHt,6000,2000,85,340,1.0,0.6,/eos/uscms/store/user/aji/rootfiles_existingOptimization/WbHt_6000_2000_pt340_ak10_ca6_th85.root,failed,/eos/uscms/store/user/aji/rootfiles_existingOptimization/WbHt_6000_2000_pt340_ak10_ca6_th85.root,nan,nan,nan,nan,nan,nan,nan,nan,nan,nan,nan,nan,nan,nan,nan,nan,nan,nan,nan,nan,nan
WbHt_6000_2000,WbHt,6000,2000,85,340,1.2,0.4,/eos/uscms/store/user/aji/rootfiles_existingOptimization/WbHt_6000_2000_pt340_ak12_ca4_th85.root,failed,/eos/uscms/store/user/aji/rootfiles_existingOptimization/WbHt_6000_2000_pt340_ak12_ca4_th85.root,nan,nan,nan,nan,nan,nan,nan,nan,nan,nan,nan,nan,nan,nan,nan,nan,nan,nan,nan,nan,nan
WbHt_6000_2000,WbHt,6000,2000,85,340,1.2,0.6,/eos/uscms/store/user/aji/rootfiles_existingOptimization/WbHt_6000_2000_pt340_ak12_ca6_th85.root,failed,/eos/uscms/store/user/aji/rootfiles_existingOptimization/WbHt_6000_2000_pt340_ak12_ca6_th85.root,nan,nan,nan,nan,nan,nan,nan,nan,nan,nan,nan,nan,nan,nan,nan,nan,nan,nan,nan,nan,nan
WbHt_6000_2000,WbHt,6000,2000,85,340,1.2,0.8,/eos/uscms/store/user/aji/rootfiles_existingOptimization/WbHt_6000_2000_pt340_ak12_ca8_th85.root,failed,/eos/uscms/store/user/aji/rootfiles_existingOptimization/WbHt_6000_2000_pt340_ak12_ca8_th85.root,nan,nan,nan,nan,nan,nan,nan,nan,nan,nan,nan,nan,nan,nan,nan,nan,nan,nan,nan,nan,nan
WbHt_6000_2000,WbHt,6000,2000,85,340,1.4,0.4,/eos/uscms/store/user/aji/rootfiles_existingOptimization/WbHt_6000_2000_pt340_ak14_ca4_th85.root,failed,/eos/uscms/store/user/aji/rootfiles_existingOptimization/WbHt_6000_2000_pt340_ak14_ca4_th85.root,nan,nan,nan,nan,nan,nan,nan,nan,nan,nan,nan,nan,nan,nan,nan,nan,nan,nan,nan,nan,nan
WbHt_6000_2000,WbHt,6000,2000,85,340,1.4,0.6,/eos/uscms/store/user/aji/rootfiles_existingOptimization/WbHt_6000_2000_pt340_ak14_ca6_th85.root,failed,/eos/uscms/store/user/aji/rootfiles_existingOptimization/WbHt_6000_2000_pt340_ak14_ca6_th85.root,nan,nan,nan,nan,nan,nan,nan,nan,nan,nan,nan,nan,nan,nan,nan,nan,nan,nan,nan,nan,nan
WbHt_6000_2000,WbHt,6000,2000,85,340,1.4,0.8,/eos/uscms/store/user/aji/rootfiles_existingOptimization/WbHt_6000_2000_pt340_ak14_ca8_th85.root,failed,/eos/uscms/store/user/aji/rootfiles_existingOptimization/WbHt_6000_2000_pt340_ak14_ca8_th85.root,nan,nan,nan,nan,nan,nan,nan,nan,nan,nan,nan,nan,nan,nan,nan,nan,nan,nan,nan,nan,nan
WbHt_6000_2000,WbHt,6000,2000,85,340,1.4,1.0,/eos/uscms/store/user/aji/rootfiles_existingOptimization/WbHt_6000_2000_pt340_ak14_ca10_th85.root,failed,/eos/uscms/store/user/aji/rootfiles_existingOptimization/WbHt_6000_2000_pt340_ak14_ca10_th85.root,nan,nan,nan,nan,nan,nan,nan,nan,nan,nan,nan,nan,nan,nan,nan,nan,nan,nan,nan,nan,nan
WbHt_6000_2000,WbHt,6000,2000,85,340,1.6,0.4,/eos/uscms/store/user/aji/rootfiles_existingOptimization/WbHt_6000_2000_pt340_ak16_ca4_th85.root,failed,/eos/uscms/store/user/aji/rootfiles_existingOptimization/WbHt_6000_2000_pt340_ak16_ca4_th85.root,nan,nan,nan,nan,nan,nan,nan,nan,nan,nan,nan,nan,nan,nan,nan,nan,nan,nan,nan,nan,nan
WbHt_6000_2000,WbHt,6000,2000,85,340,1.6,0.6,/eos/uscms/store/user/aji/rootfiles_existingOptimization/WbHt_6000_2000_pt340_ak16_ca6_th85.root,failed,/eos/uscms/store/user/aji/rootfiles_existingOptimization/WbHt_6000_2000_pt340_ak16_ca6_th85.root,nan,nan,nan,nan,nan,nan,nan,nan,nan,nan,nan,nan,nan,nan,nan,nan,nan,nan,nan,nan,nan
WbHt_6000_2000,WbHt,6000,2000,85,340,1.6,0.8,/eos/uscms/store/user/aji/rootfiles_existingOptimization/WbHt_6000_2000_pt340_ak16_ca8_th85.root,failed,/eos/uscms/store/user/aji/rootfiles_existingOptimization/WbHt_6000_2000_pt340_ak16_ca8_th85.root,nan,nan,nan,nan,nan,nan,nan,nan,nan,nan,nan,nan,nan,nan,nan,nan,nan,nan,nan,nan,nan
WbHt_6000_2000,WbHt,6000,2000,85,340,1.6,1.0,/eos/uscms/store/user/aji/rootfiles_existingOptimization/WbHt_6000_2000_pt340_ak16_ca10_th85.root,failed,/eos/uscms/store/user/aji/rootfiles_existingOptimization/WbHt_6000_2000_pt340_ak16_ca10_th85.root,nan,nan,nan,nan,nan,nan,nan,nan,nan,nan,nan,nan,nan,nan,nan,nan,nan,nan,nan,nan,nan
WbHt_6000_2000,WbHt,6000,2000,85,340,1.6,1.2,/eos/uscms/store/user/aji/rootfiles_existingOptimization/WbHt_6000_2000_pt340_ak16_ca12_th85.root,failed,/eos/uscms/store/user/aji/rootfiles_existingOptimization/WbHt_6000_2000_pt340_ak16_ca12_th85.root,nan,nan,nan,nan,nan,nan,nan,nan,nan,nan,nan,nan,nan,nan,nan,nan,nan,nan,nan,nan,nan
WbHt_6000_2000,WbHt,6000,2000,85,360,0.8,0.4,/eos/uscms/store/user/aji/rootfiles_existingOptimization/WbHt_6000_2000_pt360_ak8_ca4_th85.root,failed,/eos/uscms/store/user/aji/rootfiles_existingOptimization/WbHt_6000_2000_pt360_ak8_ca4_th85.root,nan,nan,nan,nan,nan,nan,nan,nan,nan,nan,nan,nan,nan,nan,nan,nan,nan,nan,nan,nan,nan
WbHt_6000_2000,WbHt,6000,2000,85,360,1.0,0.4,/eos/uscms/store/user/aji/rootfiles_existingOptimization/WbHt_6000_2000_pt360_ak10_ca4_th85.root,failed,/eos/uscms/store/user/aji/rootfiles_existingOptimization/WbHt_6000_2000_pt360_ak10_ca4_th85.root,nan,nan,nan,nan,nan,nan,nan,nan,nan,nan,nan,nan,nan,nan,nan,nan,nan,nan,nan,nan,nan
WbHt_6000_2000,WbHt,6000,2000,85,360,1.0,0.6,/eos/uscms/store/user/aji/rootfiles_existingOptimization/WbHt_6000_2000_pt360_ak10_ca6_th85.root,failed,/eos/uscms/store/user/aji/rootfiles_existingOptimization/WbHt_6000_2000_pt360_ak10_ca6_th85.root,nan,nan,nan,nan,nan,nan,nan,nan,nan,nan,nan,nan,nan,nan,nan,nan,nan,nan,nan,nan,nan
WbHt_6000_2000,WbHt,6000,2000,85,360,1.2,0.4,/eos/uscms/store/user/aji/rootfiles_existingOptimization/WbHt_6000_2000_pt360_ak12_ca4_th85.root,failed,/eos/uscms/store/user/aji/rootfiles_existingOptimization/WbHt_6000_2000_pt360_ak12_ca4_th85.root,nan,nan,nan,nan,nan,nan,nan,nan,nan,nan,nan,nan,nan,nan,nan,nan,nan,nan,nan,nan,nan
WbHt_6000_2000,WbHt,6000,2000,85,360,1.2,0.6,/eos/uscms/store/user/aji/rootfiles_existingOptimization/WbHt_6000_2000_pt360_ak12_ca6_th85.root,failed,/eos/uscms/store/user/aji/rootfiles_existingOptimization/WbHt_6000_2000_pt360_ak12_ca6_th85.root,nan,nan,nan,nan,nan,nan,nan,nan,nan,nan,nan,nan,nan,nan,nan,nan,nan,nan,nan,nan,nan
WbHt_6000_2000,WbHt,6000,2000,85,360,1.2,0.8,/eos/uscms/store/user/aji/rootfiles_existingOptimization/WbHt_6000_2000_pt360_ak12_ca8_th85.root,failed,/eos/uscms/store/user/aji/rootfiles_existingOptimization/WbHt_6000_2000_pt360_ak12_ca8_th85.root,nan,nan,nan,nan,nan,nan,nan,nan,nan,nan,nan,nan,nan,nan,nan,nan,nan,nan,nan,nan,nan
WbHt_6000_2000,WbHt,6000,2000,85,360,1.4,0.4,/eos/uscms/store/user/aji/rootfiles_existingOptimization/WbHt_6000_2000_pt360_ak14_ca4_th85.root,failed,/eos/uscms/store/user/aji/rootfiles_existingOptimization/WbHt_6000_2000_pt360_ak14_ca4_th85.root,nan,nan,nan,nan,nan,nan,nan,nan,nan,nan,nan,nan,nan,nan,nan,nan,nan,nan,nan,nan,nan
WbHt_6000_2000,WbHt,6000,2000,85,360,1.4,0.6,/eos/uscms/store/user/aji/rootfiles_existingOptimization/WbHt_6000_2000_pt360_ak14_ca6_th85.root,failed,/eos/uscms/store/user/aji/rootfiles_existingOptimization/WbHt_6000_2000_pt360_ak14_ca6_th85.root,nan,nan,nan,nan,nan,nan,nan,nan,nan,nan,nan,nan,nan,nan,nan,nan,nan,nan,nan,nan,nan
WbHt_6000_2000,WbHt,6000,2000,85,360,1.4,0.8,/eos/uscms/store/user/aji/rootfiles_existingOptimization/WbHt_6000_2000_pt360_ak14_ca8_th85.root,failed,/eos/uscms/store/user/aji/rootfiles_existingOptimization/WbHt_6000_2000_pt360_ak14_ca8_th85.root,nan,nan,nan,nan,nan,nan,nan,nan,nan,nan,nan,nan,nan,nan,nan,nan,nan,nan,nan,nan,nan
WbHt_6000_2000,WbHt,6000,2000,85,360,1.4,1.0,/eos/uscms/store/user/aji/rootfiles_existingOptimization/WbHt_6000_2000_pt360_ak14_ca10_th85.root,failed,/eos/uscms/store/user/aji/rootfiles_existingOptimization/WbHt_6000_2000_pt360_ak14_ca10_th85.root,nan,nan,nan,nan,nan,nan,nan,nan,nan,nan,nan,nan,nan,nan,nan,nan,nan,nan,nan,nan,nan
WbHt_6000_2000,WbHt,6000,2000,85,360,1.6,0.4,/eos/uscms/store/user/aji/rootfiles_existingOptimization/WbHt_6000_2000_pt360_ak16_ca4_th85.root,failed,/eos/uscms/store/user/aji/rootfiles_existingOptimization/WbHt_6000_2000_pt360_ak16_ca4_th85.root,nan,nan,nan,nan,nan,nan,nan,nan,nan,nan,nan,nan,nan,nan,nan,nan,nan,nan,nan,nan,nan
WbHt_6000_2000,WbHt,6000,2000,85,360,1.6,0.6,/eos/uscms/store/user/aji/rootfiles_existingOptimization/WbHt_6000_2000_pt360_ak16_ca6_th85.root,failed,/eos/uscms/store/user/aji/rootfiles_existingOptimization/WbHt_6000_2000_pt360_ak16_ca6_th85.root,nan,nan,nan,nan,nan,nan,nan,nan,nan,nan,nan,nan,nan,nan,nan,nan,nan,nan,nan,nan,nan
WbHt_6000_2000,WbHt,6000,2000,85,360,1.6,0.8,/eos/uscms/store/user/aji/rootfiles_existingOptimization/WbHt_6000_2000_pt360_ak16_ca8_th85.root,failed,/eos/uscms/store/user/aji/rootfiles_existingOptimization/WbHt_6000_2000_pt360_ak16_ca8_th85.root,nan,nan,nan,nan,nan,nan,nan,nan,nan,nan,nan,nan,nan,nan,nan,nan,nan,nan,nan,nan,nan
WbHt_6000_2000,WbHt,6000,2000,85,360,1.6,1.0,/eos/uscms/store/user/aji/rootfiles_existingOptimization/WbHt_6000_2000_pt360_ak16_ca10_th85.root,failed,/eos/uscms/store/user/aji/rootfiles_existingOptimization/WbHt_6000_2000_pt360_ak16_ca10_th85.root,nan,nan,nan,nan,nan,nan,nan,nan,nan,nan,nan,nan,nan,nan,nan,nan,nan,nan,nan,nan,nan
WbHt_6000_2000,WbHt,6000,2000,85,360,1.6,1.2,/eos/uscms/store/user/aji/rootfiles_existingOptimization/WbHt_6000_2000_pt360_ak16_ca12_th85.root,failed,/eos/uscms/store/user/aji/rootfiles_existingOptimization/WbHt_6000_2000_pt360_ak16_ca12_th85.root,nan,nan,nan,nan,nan,nan,nan,nan,nan,nan,nan,nan,nan,nan,nan,nan,nan,nan,nan,nan,nan
WbHt_6000_2000,WbHt,6000,2000,85,380,0.8,0.4,/eos/uscms/store/user/aji/rootfiles_existingOptimization/WbHt_6000_2000_pt380_ak8_ca4_th85.root,failed,/eos/uscms/store/user/aji/rootfiles_existingOptimization/WbHt_6000_2000_pt380_ak8_ca4_th85.root,nan,nan,nan,nan,nan,nan,nan,nan,nan,nan,nan,nan,nan,nan,nan,nan,nan,nan,nan,nan,nan
WbHt_6000_2000,WbHt,6000,2000,85,380,1.0,0.4,/eos/uscms/store/user/aji/rootfiles_existingOptimization/WbHt_6000_2000_pt380_ak10_ca4_th85.root,failed,/eos/uscms/store/user/aji/rootfiles_existingOptimization/WbHt_6000_2000_pt380_ak10_ca4_th85.root,nan,nan,nan,nan,nan,nan,nan,nan,nan,nan,nan,nan,nan,nan,nan,nan,nan,nan,nan,nan,nan
WbHt_6000_2000,WbHt,6000,2000,85,380,1.0,0.6,/eos/uscms/store/user/aji/rootfiles_existingOptimization/WbHt_6000_2000_pt380_ak10_ca6_th85.root,failed,/eos/uscms/store/user/aji/rootfiles_existingOptimization/WbHt_6000_2000_pt380_ak10_ca6_th85.root,nan,nan,nan,nan,nan,nan,nan,nan,nan,nan,nan,nan,nan,nan,nan,nan,nan,nan,nan,nan,nan
WbHt_6000_2000,WbHt,6000,2000,85,380,1.2,0.4,/eos/uscms/store/user/aji/rootfiles_existingOptimization/WbHt_6000_2000_pt380_ak12_ca4_th85.root,failed,/eos/uscms/store/user/aji/rootfiles_existingOptimization/WbHt_6000_2000_pt380_ak12_ca4_th85.root,nan,nan,nan,nan,nan,nan,nan,nan,nan,nan,nan,nan,nan,nan,nan,nan,nan,nan,nan,nan,nan
WbHt_6000_2000,WbHt,6000,2000,85,380,1.2,0.6,/eos/uscms/store/user/aji/rootfiles_existingOptimization/WbHt_6000_2000_pt380_ak12_ca6_th85.root,failed,/eos/uscms/store/user/aji/rootfiles_existingOptimization/WbHt_6000_2000_pt380_ak12_ca6_th85.root,nan,nan,nan,nan,nan,nan,nan,nan,nan,nan,nan,nan,nan,nan,nan,nan,nan,nan,nan,nan,nan
WbHt_6000_2000,WbHt,6000,2000,85,380,1.2,0.8,/eos/uscms/store/user/aji/rootfiles_existingOptimization/WbHt_6000_2000_pt380_ak12_ca8_th85.root,failed,/eos/uscms/store/user/aji/rootfiles_existingOptimization/WbHt_6000_2000_pt380_ak12_ca8_th85.root,nan,nan,nan,nan,nan,nan,nan,nan,nan,nan,nan,nan,nan,nan,nan,nan,nan,nan,nan,nan,nan
WbHt_6000_2000,WbHt,6000,2000,85,380,1.4,0.4,/eos/uscms/store/user/aji/rootfiles_existingOptimization/WbHt_6000_2000_pt380_ak14_ca4_th85.root,failed,/eos/uscms/store/user/aji/rootfiles_existingOptimization/WbHt_6000_2000_pt380_ak14_ca4_th85.root,nan,nan,nan,nan,nan,nan,nan,nan,nan,nan,nan,nan,nan,nan,nan,nan,nan,nan,nan,nan,nan
WbHt_6000_2000,WbHt,6000,2000,85,380,1.4,0.6,/eos/uscms/store/user/aji/rootfiles_existingOptimization/WbHt_6000_2000_pt380_ak14_ca6_th85.root,failed,/eos/uscms/store/user/aji/rootfiles_existingOptimization/WbHt_6000_2000_pt380_ak14_ca6_th85.root,nan,nan,nan,nan,nan,nan,nan,nan,nan,nan,nan,nan,nan,nan,nan,nan,nan,nan,nan,nan,nan
WbHt_6000_2000,WbHt,6000,2000,85,380,1.4,0.8,/eos/uscms/store/user/aji/rootfiles_existingOptimization/WbHt_6000_2000_pt380_ak14_ca8_th85.root,failed,/eos/uscms/store/user/aji/rootfiles_existingOptimization/WbHt_6000_2000_pt380_ak14_ca8_th85.root,nan,nan,nan,nan,nan,nan,nan,nan,nan,nan,nan,nan,nan,nan,nan,nan,nan,nan,nan,nan,nan
WbHt_6000_2000,WbHt,6000,2000,85,380,1.4,1.0,/eos/uscms/store/user/aji/rootfiles_existingOptimization/WbHt_6000_2000_pt380_ak14_ca10_th85.root,failed,/eos/uscms/store/user/aji/rootfiles_existingOptimization/WbHt_6000_2000_pt380_ak14_ca10_th85.root,nan,nan,nan,nan,nan,nan,nan,nan,nan,nan,nan,nan,nan,nan,nan,nan,nan,nan,nan,nan,nan
WbHt_6000_2000,WbHt,6000,2000,85,380,1.6,0.4,/eos/uscms/store/user/aji/rootfiles_existingOptimization/WbHt_6000_2000_pt380_ak16_ca4_th85.root,failed,/eos/uscms/store/user/aji/rootfiles_existingOptimization/WbHt_6000_2000_pt380_ak16_ca4_th85.root,nan,nan,nan,nan,nan,nan,nan,nan,nan,nan,nan,nan,nan,nan,nan,nan,nan,nan,nan,nan,nan
WbHt_6000_2000,WbHt,6000,2000,85,380,1.6,0.6,/eos/uscms/store/user/aji/rootfiles_existingOptimization/WbHt_6000_2000_pt380_ak16_ca6_th85.root,failed,/eos/uscms/store/user/aji/rootfiles_existingOptimization/WbHt_6000_2000_pt380_ak16_ca6_th85.root,nan,nan,nan,nan,nan,nan,nan,nan,nan,nan,nan,nan,nan,nan,nan,nan,nan,nan,nan,nan,nan
WbHt_6000_2000,WbHt,6000,2000,85,380,1.6,0.8,/eos/uscms/store/user/aji/rootfiles_existingOptimization/WbHt_6000_2000_pt380_ak16_ca8_th85.root,failed,/eos/uscms/store/user/aji/rootfiles_existingOptimization/WbHt_6000_2000_pt380_ak16_ca8_th85.root,nan,nan,nan,nan,nan,nan,nan,nan,nan,nan,nan,nan,nan,nan,nan,nan,nan,nan,nan,nan,nan
WbHt_6000_2000,WbHt,6000,2000,85,380,1.6,1.0,/eos/uscms/store/user/aji/rootfiles_existingOptimization/WbHt_6000_2000_pt380_ak16_ca10_th85.root,failed,/eos/uscms/store/user/aji/rootfiles_existingOptimization/WbHt_6000_2000_pt380_ak16_ca10_th85.root,nan,nan,nan,nan,nan,nan,nan,nan,nan,nan,nan,nan,nan,nan,nan,nan,nan,nan,nan,nan,nan
WbHt_6000_2000,WbHt,6000,2000,85,380,1.6,1.2,/eos/uscms/store/user/aji/rootfiles_existingOptimization/WbHt_6000_2000_pt380_ak16_ca12_th85.root,failed,/eos/uscms/store/user/aji/rootfiles_existingOptimization/WbHt_6000_2000_pt380_ak16_ca12_th85.root,nan,nan,nan,nan,nan,nan,nan,nan,nan,nan,nan,nan,nan,nan,nan,nan,nan,nan,nan,nan,nan
WbHt_6000_2000,WbHt,6000,2000,85,400,0.8,0.4,/eos/uscms/store/user/aji/rootfiles_existingOptimization/WbHt_6000_2000_pt400_ak8_ca4_th85.root,failed,/eos/uscms/store/user/aji/rootfiles_existingOptimization/WbHt_6000_2000_pt400_ak8_ca4_th85.root,nan,nan,nan,nan,nan,nan,nan,nan,nan,nan,nan,nan,nan,nan,nan,nan,nan,nan,nan,nan,nan
WbHt_6000_2000,WbHt,6000,2000,85,400,1.0,0.4,/eos/uscms/store/user/aji/rootfiles_existingOptimization/WbHt_6000_2000_pt400_ak10_ca4_th85.root,failed,/eos/uscms/store/user/aji/rootfiles_existingOptimization/WbHt_6000_2000_pt400_ak10_ca4_th85.root,nan,nan,nan,nan,nan,nan,nan,nan,nan,nan,nan,nan,nan,nan,nan,nan,nan,nan,nan,nan,nan
WbHt_6000_2000,WbHt,6000,2000,85,400,1.0,0.6,/eos/uscms/store/user/aji/rootfiles_existingOptimization/WbHt_6000_2000_pt400_ak10_ca6_th85.root,failed,/eos/uscms/store/user/aji/rootfiles_existingOptimization/WbHt_6000_2000_pt400_ak10_ca6_th85.root,nan,nan,nan,nan,nan,nan,nan,nan,nan,nan,nan,nan,nan,nan,nan,nan,nan,nan,nan,nan,nan
WbHt_6000_2000,WbHt,6000,2000,85,400,1.2,0.4,/eos/uscms/store/user/aji/rootfiles_existingOptimization/WbHt_6000_2000_pt400_ak12_ca4_th85.root,failed,/eos/uscms/store/user/aji/rootfiles_existingOptimization/WbHt_6000_2000_pt400_ak12_ca4_th85.root,nan,nan,nan,nan,nan,nan,nan,nan,nan,nan,nan,nan,nan,nan,nan,nan,nan,nan,nan,nan,nan
WbHt_6000_2000,WbHt,6000,2000,85,400,1.2,0.6,/eos/uscms/store/user/aji/rootfiles_existingOptimization/WbHt_6000_2000_pt400_ak12_ca6_th85.root,failed,/eos/uscms/store/user/aji/rootfiles_existingOptimization/WbHt_6000_2000_pt400_ak12_ca6_th85.root,nan,nan,nan,nan,nan,nan,nan,nan,nan,nan,nan,nan,nan,nan,nan,nan,nan,nan,nan,nan,nan
WbHt_6000_2000,WbHt,6000,2000,85,400,1.2,0.8,/eos/uscms/store/user/aji/rootfiles_existingOptimization/WbHt_6000_2000_pt400_ak12_ca8_th85.root,failed,/eos/uscms/store/user/aji/rootfiles_existingOptimization/WbHt_6000_2000_pt400_ak12_ca8_th85.root,nan,nan,nan,nan,nan,nan,nan,nan,nan,nan,nan,nan,nan,nan,nan,nan,nan,nan,nan,nan,nan
WbHt_6000_2000,WbHt,6000,2000,85,400,1.4,0.4,/eos/uscms/store/user/aji/rootfiles_existingOptimization/WbHt_6000_2000_pt400_ak14_ca4_th85.root,failed,/eos/uscms/store/user/aji/rootfiles_existingOptimization/WbHt_6000_2000_pt400_ak14_ca4_th85.root,nan,nan,nan,nan,nan,nan,nan,nan,nan,nan,nan,nan,nan,nan,nan,nan,nan,nan,nan,nan,nan
WbHt_6000_2000,WbHt,6000,2000,85,400,1.4,0.6,/eos/uscms/store/user/aji/rootfiles_existingOptimization/WbHt_6000_2000_pt400_ak14_ca6_th85.root,failed,/eos/uscms/store/user/aji/rootfiles_existingOptimization/WbHt_6000_2000_pt400_ak14_ca6_th85.root,nan,nan,nan,nan,nan,nan,nan,nan,nan,nan,nan,nan,nan,nan,nan,nan,nan,nan,nan,nan,nan
WbHt_6000_2000,WbHt,6000,2000,85,400,1.4,0.8,/eos/uscms/store/user/aji/rootfiles_existingOptimization/WbHt_6000_2000_pt400_ak14_ca8_th85.root,failed,/eos/uscms/store/user/aji/rootfiles_existingOptimization/WbHt_6000_2000_pt400_ak14_ca8_th85.root,nan,nan,nan,nan,nan,nan,nan,nan,nan,nan,nan,nan,nan,nan,nan,nan,nan,nan,nan,nan,nan
WbHt_6000_2000,WbHt,6000,2000,85,400,1.4,1.0,/eos/uscms/store/user/aji/rootfiles_existingOptimization/WbHt_6000_2000_pt400_ak14_ca10_th85.root,failed,/eos/uscms/store/user/aji/rootfiles_existingOptimization/WbHt_6000_2000_pt400_ak14_ca10_th85.root,nan,nan,nan,nan,nan,nan,nan,nan,nan,nan,nan,nan,nan,nan,nan,nan,nan,nan,nan,nan,nan
WbHt_6000_2000,WbHt,6000,2000,85,400,1.6,0.4,/eos/uscms/store/user/aji/rootfiles_existingOptimization/WbHt_6000_2000_pt400_ak16_ca4_th85.root,failed,/eos/uscms/store/user/aji/rootfiles_existingOptimization/WbHt_6000_2000_pt400_ak16_ca4_th85.root,nan,nan,nan,nan,nan,nan,nan,nan,nan,nan,nan,nan,nan,nan,nan,nan,nan,nan,nan,nan,nan
WbHt_6000_2000,WbHt,6000,2000,85,400,1.6,0.6,/eos/uscms/store/user/aji/rootfiles_existingOptimization/WbHt_6000_2000_pt400_ak16_ca6_th85.root,failed,/eos/uscms/store/user/aji/rootfiles_existingOptimization/WbHt_6000_2000_pt400_ak16_ca6_th85.root,nan,nan,nan,nan,nan,nan,nan,nan,nan,nan,nan,nan,nan,nan,nan,nan,nan,nan,nan,nan,nan
WbHt_6000_2000,WbHt,6000,2000,85,400,1.6,0.8,/eos/uscms/store/user/aji/rootfiles_existingOptimization/WbHt_6000_2000_pt400_ak16_ca8_th85.root,failed,/eos/uscms/store/user/aji/rootfiles_existingOptimization/WbHt_6000_2000_pt400_ak16_ca8_th85.root,nan,nan,nan,nan,nan,nan,nan,nan,nan,nan,nan,nan,nan,nan,nan,nan,nan,nan,nan,nan,nan
WbHt_6000_2000,WbHt,6000,2000,85,400,1.6,1.0,/eos/uscms/store/user/aji/rootfiles_existingOptimization/WbHt_6000_2000_pt400_ak16_ca10_th85.root,failed,/eos/uscms/store/user/aji/rootfiles_existingOptimization/WbHt_6000_2000_pt400_ak16_ca10_th85.root,nan,nan,nan,nan,nan,nan,nan,nan,nan,nan,nan,nan,nan,nan,nan,nan,nan,nan,nan,nan,nan
WbHt_6000_2000,WbHt,6000,2000,85,400,1.6,1.2,/eos/uscms/store/user/aji/rootfiles_existingOptimization/WbHt_6000_2000_pt400_ak16_ca12_th85.root,failed,/eos/uscms/store/user/aji/rootfiles_existingOptimization/WbHt_6000_2000_pt400_ak16_ca12_th85.root,nan,nan,nan,nan,nan,nan,nan,nan,nan,nan,nan,nan,nan,nan,nan,nan,nan,nan,nan,nan,nan
