sample,decay,suu_mass,chi_mass,th_code,pt_cut,ak_radius,ca_radius,filename,status,error,n_events,n_valid_events,reconstruction_efficiency,reconstruction_efficiency_err,f_low_event,f_low_event_err,f_low_chi,f_peak_chi,f_peak_event_both,f_peak_event_both_all,off_peak_event_fraction,off_peak_event_fraction_err,median_mass,q16_mass,q84_mass,median_mass_response,q16_mass_response,q84_mass_response,robust_resolution,median_mass_asymmetry,balanced_score
HtZt_8000_3000,HtZt,8000,3000,85,100,0.6,0.4,/eos/uscms/store/user/aji/rootfiles_existingOptimization/HtZt_8000_3000_pt100_ak6_ca4_th85.root,ok,,1000,1000,1.0,0.0,0.018,0.004204283529925164,0.009,0.9155,0.874,0.874,0.126,0.010493998284733994,2822.8428179641855,2510.001203038441,3129.0600371362034,0.9409476059880619,0.8366670676794804,1.0430200123787343,0.109651665717651,0.004576960678976592,0.2415569051188448
HtZt_8000_3000,HtZt,8000,3000,85,120,0.6,0.4,/eos/uscms/store/user/aji/rootfiles_existingOptimization/HtZt_8000_3000_pt120_ak6_ca4_th85.root,ok,,1000,1000,1.0,0.0,0.028,0.005216895628628198,0.014,0.9125,0.864,0.864,0.136,0.010839926199010766,2810.64420933442,2461.2128675316503,3094.359588241114,0.9368814031114733,0.8204042891772168,1.0314531960803714,0.11263373688614214,0.008022132193118578,0.2549455965749948
HtZt_8000_3000,HtZt,8000,3000,85,140,0.6,0.4,/eos/uscms/store/user/aji/rootfiles_existingOptimization/HtZt_8000_3000_pt140_ak6_ca4_th85.root,ok,,1000,1000,1.0,0.0,0.037,0.005969170796685248,0.019,0.902,0.847,0.847,0.15300000000000002,0.011383804285035824,2799.3437407753654,2432.0368921791915,3073.4000359730526,0.9331145802584551,0.8106789640597305,1.0244666786576841,0.11455598225607969,0.010004752319024476,0.2742445242302342
HtZt_8000_3000,HtZt,8000,3000,85,160,0.6,0.4,/eos/uscms/store/user/aji/rootfiles_existingOptimization/HtZt_8000_3000_pt160_ak6_ca4_th85.root,ok,,1000,1000,1.0,0.0,0.041,0.006270486424512854,0.0215,0.898,0.841,0.841,0.15900000000000003,0.011563693181678596,2788.6102037713017,2418.667652221951,3067.541601783919,0.929536734590434,0.8062225507406502,1.0225138672613063,0.11634360884938932,0.012269544929941381,0.28238993539034596
HtZt_8000_3000,HtZt,8000,3000,85,180,0.6,0.4,/eos/uscms/store/user/aji/rootfiles_existingOptimization/HtZt_8000_3000_pt180_ak6_ca4_th85.root,ok,,1000,1000,1.0,0.0,0.048,0.006759881655768835,0.025,0.894,0.835,0.835,0.16500000000000004,0.011737759581794136,2776.1316198360782,2396.457636644183,3048.56164838743,0.925377206612026,0.7988192122147277,1.0161872161291432,0.11744832397063204,0.013137262099594607,0.28991060330942947
HtZt_8000_3000,HtZt,8000,3000,85,100,0.4,0.4,/eos/uscms/store/user/aji/rootfiles_existingOptimization/HtZt_8000_3000_pt100_ak4_ca4_th85.root,ok,,1000,1000,1.0,0.0,0.043,0.006414904519944158,0.022,0.8985,0.842,0.842,0.15800000000000003,0.011534123287012326,2725.1028261137935,2337.2121074423744,3037.213802233315,0.9083676087045978,0.7790707024807916,1.0124046007444383,0.12843583150020002,0.029724677496325014,0.2955990706297403
HtZt_8000_3000,HtZt,8000,3000,85,200,0.6,0.4,/eos/uscms/store/user/aji/rootfiles_existingOptimization/HtZt_8000_3000_pt200_ak6_ca4_th85.root,ok,,1000,1000,1.0,0.0,0.052,0.007021111023192838,0.0275,0.889,0.828,0.828,0.17200000000000004,0.011933817494833748,2770.5913587254877,2382.05535091964,3034.109639248969,0.9235304529084959,0.7940184503065467,1.0113698797496564,0.11767420812091242,0.014478877967920613,0.2973211628300629
HtZt_8000_3000,HtZt,8000,3000,85,140,0.8,0.6,/eos/uscms/store/user/aji/rootfiles_existingOptimization/HtZt_8000_3000_pt140_ak8_ca6_th85.root,ok,,1000,1000,1.0,0.0,0.061,0.0075682891065286355,0.0305,0.8805,0.822,0.822,0.17800000000000005,0.012096115078817663,2879.2275349770443,2523.1355847869504,3207.6163568368893,0.9597425116590148,0.8410451949289836,1.069205452278963,0.11886534907971337,0.016920742545827993,0.3008910979138119
HtZt_8000_3000,HtZt,8000,3000,85,120,0.8,0.6,/eos/uscms/store/user/aji/rootfiles_existingOptimization/HtZt_8000_3000_pt120_ak8_ca6_th85.root,ok,,1000,1000,1.0,0.0,0.051,0.00695693898205238,0.0255,0.881,0.827,0.827,0.17300000000000004,0.011961229033840963,2887.4357931217173,2547.197253629874,3266.239658302292,0.9624785977072392,0.849065751209958,1.0887465527674307,0.12451227597601987,0.014681477343352825,0.301264416205296
HtZt_8000_3000,HtZt,8000,3000,85,160,0.8,0.6,/eos/uscms/store/user/aji/rootfiles_existingOptimization/HtZt_8000_3000_pt160_ak8_ca6_th85.root,ok,,1000,1000,1.0,0.0,0.068,0.007960904471226871,0.0345,0.878,0.817,0.817,0.18300000000000005,0.012227469075814505,2872.2022137853774,2509.9775339180514,3168.1933730587866,0.9574007379284591,0.8366591779726839,1.0560644576862621,0.1145838263026141,0.017919645384697612,0.30184375250976825
HtZt_8000_3000,HtZt,8000,3000,85,180,0.8,0.6,/eos/uscms/store/user/aji/rootfiles_existingOptimization/HtZt_8000_3000_pt180_ak8_ca6_th85.root,ok,,1000,1000,1.0,0.0,0.074,0.00827792244467173,0.0375,0.8745,0.812,0.812,0.18799999999999994,0.01235540367612487,2865.585409755196,2486.196068201964,3144.7118049871974,0.9551951365850653,0.8287320227339879,1.0482372683290657,0.11490073451370093,0.018539217683724293,0.30738122085519437
HtZt_8000_3000,HtZt,8000,3000,85,100,0.8,0.6,/eos/uscms/store/user/aji/rootfiles_existingOptimization/HtZt_8000_3000_pt100_ak8_ca6_th85.root,ok,,1000,1000,1.0,0.0,0.042,0.0063431853196954605,0.021,0.871,0.821,0.821,0.17900000000000005,0.012122664723566351,2908.7485383151934,2595.145667392199,3331.838593973298,0.9695828461050646,0.8650485557973996,1.110612864657766,0.1266340003058165,0.012094746627969517,0.3086757156953101
HtZt_8000_3000,HtZt,8000,3000,85,220,0.6,0.4,/eos/uscms/store/user/aji/rootfiles_existingOptimization/HtZt_8000_3000_pt220_ak6_ca4_th85.root,ok,,1000,1000,1.0,0.0,0.063,0.007683163410991596,0.0335,0.8825,0.817,0.817,0.18300000000000005,0.012227469075814505,2762.436129495289,2357.689561176813,3026.682740469752,0.9208120431650963,0.785896520392271,1.0088942468232507,0.12108753794339627,0.01510265283054609,0.3120063336268867
HtZt_8000_3000,HtZt,8000,3000,85,200,0.8,0.6,/eos/uscms/store/user/aji/rootfiles_existingOptimization/HtZt_8000_3000_pt200_ak8_ca6_th85.root,ok,,1000,1000,1.0,0.0,0.081,0.008627803892068943,0.0415,0.869,0.804,0.804,0.19599999999999995,0.01255324659201754,2861.3738145413877,2470.6913639436284,3138.3927988772402,0.953791271513796,0.8235637879812093,1.04613093295908,0.11667497471675667,0.018973557971657666,0.317295847565377
HtZt_8000_3000,HtZt,8000,3000,85,120,0.4,0.4,/eos/uscms/store/user/aji/rootfiles_existingOptimization/HtZt_8000_3000_pt120_ak4_ca4_th85.root,ok,,1000,1000,1.0,0.0,0.059,0.007451107300260815,0.03,0.8885,0.824,0.824,0.17600000000000005,0.012042591083317579,2710.1485666641493,2297.740719895038,3021.291460299454,0.9033828555547165,0.765913573298346,1.0070971534331512,0.1334891284751624,0.033211601460661794,0.31915084291969076
HtZt_8000_3000,HtZt,8000,3000,85,100,0.6,0.6,/eos/uscms/store/user/aji/rootfiles_existingOptimization/HtZt_8000_3000_pt100_ak6_ca6_th85.root,ok,,1000,1000,1.0,0.0,0.065,0.007795832219846705,0.0325,0.878,0.822,0.822,0.17800000000000005,0.012096115078817663,2819.2373405638705,2423.144784820261,3189.9363644853793,0.9397457801879568,0.8077149282734203,1.0633121214951264,0.13599273261465702,0.03272734211478834,0.32001815459586136
HtZt_8000_3000,HtZt,8000,3000,85,240,0.6,0.4,/eos/uscms/store/user/aji/rootfiles_existingOptimization/HtZt_8000_3000_pt240_ak6_ca4_th85.root,ok,,1000,1000,1.0,0.0,0.07,0.008068457101577725,0.038,0.8745,0.806,0.806,0.19399999999999995,0.012504559168559281,2760.329330372757,2340.6159026486207,3013.9181676599183,0.920109776790919,0.7802053008828735,1.0046393892199728,0.121960495366032,0.016170763727098303,0.32394951768694
HtZt_8000_3000,HtZt,8000,3000,85,220,0.8,0.6,/eos/uscms/store/user/aji/rootfiles_existingOptimization/HtZt_8000_3000_pt220_ak8_ca6_th85.root,ok,,1000,1000,1.0,0.0,0.086,0.008865889690267977,0.0445,0.8665,0.799,0.799,0.20099999999999996,0.01267276607532862,2858.9042649562925,2450.2907346155407,3128.2138936999895,0.9529680883187641,0.8167635782051802,1.0427379645666632,0.1185634593285014,0.020353531156342974,0.32426665049662495
HtZt_8000_3000,HtZt,8000,3000,85,240,0.8,0.6,/eos/uscms/store/user/aji/rootfiles_existingOptimization/HtZt_8000_3000_pt240_ak8_ca6_th85.root,ok,,1000,1000,1.0,0.0,0.094,0.009228434320078352,0.0485,0.866,0.796,0.796,0.20399999999999996,0.012742998077375669,2852.3751804007247,2439.8739801689467,3120.161369250995,0.9507917268002416,0.8132913267229823,1.0400537897503317,0.11924928280060196,0.020976962343652296,0.32817011012057773
HtZt_8000_3000,HtZt,8000,3000,85,120,0.6,0.6,/eos/uscms/store/user/aji/rootfiles_existingOptimization/HtZt_8000_3000_pt120_ak6_ca6_th85.root,ok,,1000,1000,1.0,0.0,0.081,0.008627803892068943,0.0405,0.8735,0.809,0.809,0.19099999999999995,0.012430567163247216,2806.8550215928435,2403.06202377384,3156.277347586832,0.9356183405309478,0.8010206745912799,1.0520924491956105,0.13417424804961153,0.03639057197901624,0.3316124139965167
HtZt_8000_3000,HtZt,8000,3000,85,260,0.6,0.4,/eos/uscms/store/user/aji/rootfiles_existingOptimization/HtZt_8000_3000_pt260_ak6_ca4_th85.root,ok,,1000,1000,1.0,0.0,0.076,0.008379976133617566,0.0415,0.869,0.797,0.797,0.20299999999999996,0.012719709116170855,2757.3029430460883,2320.2356252437185,3001.520036400364,0.9191009810153628,0.7734118750812395,1.0005066788001213,0.12354181336418675,0.01737715085617312,0.33463171526265045
HtZt_8000_3000,HtZt,8000,3000,85,260,0.8,0.6,/eos/uscms/store/user/aji/rootfiles_existingOptimization/HtZt_8000_3000_pt260_ak8_ca6_th85.root,ok,,1000,1000,1.0,0.0,0.1,0.009486832980505138,0.0525,0.8625,0.79,0.79,0.20999999999999996,0.01288021738946979,2845.3736066787733,2417.432751442818,3109.2458329207734,0.9484578688929244,0.805810917147606,1.0364152776402578,0.12156805697749222,0.02220990821267678,0.33672227008819977
HtZt_8000_3000,HtZt,8000,3000,85,280,0.8,0.6,/eos/uscms/store/user/aji/rootfiles_existingOptimization/HtZt_8000_3000_pt280_ak8_ca6_th85.root,ok,,1000,1000,1.0,0.0,0.109,0.00985489725973843,0.057,0.86,0.785,0.785,0.21499999999999997,0.012991343271578961,2843.394827230849,2407.147520855909,3098.9309320742336,0.9477982757436163,0.8023825069519698,1.032976977358078,0.12164744139526425,0.02362575209809127,0.3418676138209026
HtZt_8000_3000,HtZt,8000,3000,85,100,0.4,0.6,/eos/uscms/store/user/aji/rootfiles_existingOptimization/HtZt_8000_3000_pt100_ak4_ca6_th85.root,ok,,1000,1000,1.0,0.0,0.082,0.008676174272108648,0.0415,0.869,0.807,0.807,0.19299999999999995,0.012480024038438387,2724.747017160369,2300.7991073291637,3067.188055840247,0.9082490057201229,0.7669330357763879,1.0223960186134158,0.14063488163935783,0.036543079650151376,0.3428099810673455
HtZt_8000_3000,HtZt,8000,3000,85,140,0.6,0.6,/eos/uscms/store/user/aji/rootfiles_existingOptimization/HtZt_8000_3000_pt140_ak6_ca6_th85.root,ok,,1000,1000,1.0,0.0,0.095,0.00927227048785787,0.048,0.867,0.797,0.797,0.20299999999999996,0.012719709116170855,2796.567678647014,2385.649637752697,3135.2677077345993,0.9321892262156714,0.7952165459175656,1.045089235911533,0.13402466096307183,0.037815428284924915,0.34380573834150463
HtZt_8000_3000,HtZt,8000,3000,85,280,0.6,0.4,/eos/uscms/store/user/aji/rootfiles_existingOptimization/HtZt_8000_3000_pt280_ak6_ca4_th85.root,ok,,1000,1000,1.0,0.0,0.083,0.008724161850859944,0.045,0.8645,0.79,0.79,0.20999999999999996,0.01288021738946979,2754.732084344714,2292.9117882700707,2991.0905818263786,0.9182440281149047,0.7643039294233569,0.9970301939421263,0.12672353829326902,0.018118608567139448,0.34489913548177853
HtZt_8000_3000,HtZt,8000,3000,85,140,0.4,0.4,/eos/uscms/store/user/aji/rootfiles_existingOptimization/HtZt_8000_3000_pt140_ak4_ca4_th85.root,ok,,1000,1000,1.0,0.0,0.064,0.007739767438366608,0.033,0.8745,0.8,0.8,0.19999999999999996,0.012649110640673518,2691.6152710079314,2242.9430227796524,2998.706977523626,0.8972050903359771,0.7476476742598841,0.9995689925078753,0.14039226981740266,0.037279565816261045,0.3506717607838049
HtZt_8000_3000,HtZt,8000,3000,85,160,0.6,0.6,/eos/uscms/store/user/aji/rootfiles_existingOptimization/HtZt_8000_3000_pt160_ak6_ca6_th85.root,ok,,1000,1000,1.0,0.0,0.1,0.009486832980505138,0.051,0.863,0.789,0.789,0.21099999999999997,0.012902674141432851,2782.9714132712634,2367.436402448926,3120.104224536395,0.9276571377570877,0.7891454674829754,1.0400347415121316,0.135227372171017,0.03936288495484258,0.3534616583953082
HtZt_8000_3000,HtZt,8000,3000,85,300,0.8,0.6,/eos/uscms/store/user/aji/rootfiles_existingOptimization/HtZt_8000_3000_pt300_ak8_ca6_th85.root,ok,,1000,1000,1.0,0.0,0.117,0.010164201887015036,0.061,0.855,0.776,0.776,0.22399999999999998,0.013184233007649704,2839.5969220118177,2386.3933768552156,3097.211535804732,0.9465323073372724,0.7954644589517386,1.032403845268244,0.1251618061421744,0.02529730945034004,0.35450857540844716
HtZt_8000_3000,HtZt,8000,3000,85,300,0.6,0.4,/eos/uscms/store/user/aji/rootfiles_existingOptimization/HtZt_8000_3000_pt300_ak6_ca4_th85.root,ok,,1000,1000,1.0,0.0,0.09,0.009049861877399014,0.049,0.8575,0.781,0.781,0.21899999999999997,0.013078187947877183,2752.0506305835397,2256.423851237599,2987.6807939101104,0.9173502101945132,0.7521412837458664,0.9958935979700368,0.13285673863446634,0.018952016128393524,0.360121717615015
HtZt_8000_3000,HtZt,8000,3000,85,120,0.4,0.6,/eos/uscms/store/user/aji/rootfiles_existingOptimization/HtZt_8000_3000_pt120_ak4_ca6_th85.root,ok,,1000,1000,1.0,0.0,0.101,0.009528850927577786,0.051,0.8595,0.79,0.79,0.20999999999999996,0.01288021738946979,2708.0682852299988,2262.3453108649546,3040.6337152396354,0.9026894284099996,0.7541151036216516,1.0135445717465452,0.1436980759716294,0.03757323841501314,0.3634291331306294
HtZt_8000_3000,HtZt,8000,3000,85,160,0.4,0.4,/eos/uscms/store/user/aji/rootfiles_existingOptimization/HtZt_8000_3000_pt160_ak4_ca4_th85.root,ok,,1000,1000,1.0,0.0,0.082,0.008676174272108648,0.042,0.867,0.786,0.786,0.21399999999999997,0.012969348480166612,2675.61159269789,2210.8298837390903,2968.3402353318347,0.8918705308992967,0.7369432945796967,0.9894467451106115,0.14155835504302902,0.0391835878965925,0.3663713019530993
HtZt_8000_3000,HtZt,8000,3000,85,320,0.8,0.6,/eos/uscms/store/user/aji/rootfiles_existingOptimization/HtZt_8000_3000_pt320_ak8_ca6_th85.root,ok,,1000,1000,1.0,0.0,0.124,0.010422283818818216,0.0645,0.8485,0.767,0.767,0.23299999999999998,0.013368283360252356,2835.8501960966664,2358.055034948131,3096.028234557102,0.9452833986988888,0.7860183449827103,1.0320094115190341,0.1301149829114274,0.02640215148762365,0.36858664304153854
HtZt_8000_3000,HtZt,8000,3000,85,180,0.6,0.6,/eos/uscms/store/user/aji/rootfiles_existingOptimization/HtZt_8000_3000_pt180_ak6_ca6_th85.root,ok,,1000,1000,1.0,0.0,0.113,0.01001154333756789,0.0575,0.8555,0.778,0.778,0.22199999999999998,0.013142145943490354,2775.020742262162,2331.190515186443,3104.6489064032567,0.9250069140873873,0.7770635050621476,1.0348829688010857,0.13936083061244087,0.041512614627967376,0.3688601392037021
HtZt_8000_3000,HtZt,8000,3000,85,200,0.6,0.6,/eos/uscms/store/user/aji/rootfiles_existingOptimization/HtZt_8000_3000_pt200_ak6_ca6_th85.root,ok,,1000,1000,1.0,0.0,0.123,0.010386096475577337,0.063,0.851,0.772,0.772,0.22799999999999998,0.013267102170406315,2769.640920155908,2309.6676884032386,3084.757198513955,0.9232136400519693,0.7698892294677462,1.0282523995046515,0.13992599265667352,0.04314464967227341,0.3756046286514766
HtZt_8000_3000,HtZt,8000,3000,85,120,0.8,0.8,/eos/uscms/store/user/aji/rootfiles_existingOptimization/HtZt_8000_3000_pt120_ak8_ca8_th85.root,ok,,1000,1000,1.0,0.0,0.086,0.008865889690267977,0.043,0.846,0.778,0.778,0.22199999999999998,0.013142145943490354,2893.163663352861,2468.0708774651257,3340.8927495959197,0.964387887784287,0.8226902924883752,1.113630916531973,0.15084211847166787,0.03797957649606787,0.37640332969323914
HtZt_8000_3000,HtZt,8000,3000,85,100,0.6,0.8,/eos/uscms/store/user/aji/rootfiles_existingOptimization/HtZt_8000_3000_pt100_ak6_ca8_th85.root,ok,,1000,1000,1.0,0.0,0.089,0.00900438781928011,0.0445,0.847,0.777,0.777,0.22299999999999998,0.013163244280951409,2816.2865059335163,2374.4014067767466,3220.460853071458,0.9387621686445053,0.7914671355922488,1.0734869510238194,0.15020834075513706,0.03884775871757655,0.3793321238906865
HtZt_8000_3000,HtZt,8000,3000,85,180,0.4,0.4,/eos/uscms/store/user/aji/rootfiles_existingOptimization/HtZt_8000_3000_pt180_ak4_ca4_th85.root,ok,,1000,1000,1.0,0.0,0.098,0.009401914698613257,0.0505,0.856,0.771,0.771,0.22899999999999998,0.013287550564344055,2659.765806519256,2190.803716878146,2942.9261278069475,0.8865886021730853,0.7302679056260487,0.9809753759356493,0.14138884128168386,0.04178148576974827,0.3817299810643753
HtZt_8000_3000,HtZt,8000,3000,85,140,0.8,0.8,/eos/uscms/store/user/aji/rootfiles_existingOptimization/HtZt_8000_3000_pt140_ak8_ca8_th85.root,ok,,1000,1000,1.0,0.0,0.1,0.009486832980505138,0.05,0.844,0.774,0.774,0.22599999999999998,0.013225883713385657,2877.676501376681,2418.86544765061,3293.8173552421276,0.9592255004588937,0.8062884825502032,1.0979391184140423,0.15202402131944645,0.03960503209663487,0.3821014712735571
HtZt_8000_3000,HtZt,8000,3000,85,320,0.6,0.4,/eos/uscms/store/user/aji/rootfiles_existingOptimization/HtZt_8000_3000_pt320_ak6_ca4_th85.root,ok,,1000,1000,1.0,0.0,0.098,0.009401914698613257,0.053,0.8465,0.768,0.768,0.23199999999999998,0.013348258313353095,2748.3536434879143,2200.569051538908,2984.092959448758,0.916117881162638,0.733523017179636,0.994697653149586,0.14254423002774236,0.019881823675910903,0.38293244191147857
HtZt_8000_3000,HtZt,8000,3000,85,220,0.6,0.6,/eos/uscms/store/user/aji/rootfiles_existingOptimization/HtZt_8000_3000_pt220_ak6_ca6_th85.root,ok,,1000,1000,1.0,0.0,0.137,0.010873407929439602,0.0705,0.847,0.764,0.764,0.236,0.013427732496590778,2761.6809832630624,2287.412549376103,3062.5472885585905,0.9205603277543541,0.7624708497920343,1.0208490961861967,0.1403374871826483,0.04442586679480949,0.38428145440721284
HtZt_8000_3000,HtZt,8000,3000,85,160,0.8,0.8,/eos/uscms/store/user/aji/rootfiles_existingOptimization/HtZt_8000_3000_pt160_ak8_ca8_th85.root,ok,,1000,1000,1.0,0.0,0.112,0.00997276290703835,0.0565,0.84,0.766,0.766,0.23399999999999999,0.013388203763014663,2864.295696918726,2392.0227602257482,3259.8857177180475,0.954765232306242,0.7973409200752495,1.0866285725726825,0.15149674637746116,0.04120586047492417,0.39002022314683693
HtZt_8000_3000,HtZt,8000,3000,85,180,1.0,0.8,/eos/uscms/store/user/aji/rootfiles_existingOptimization/HtZt_8000_3000_pt180_ak10_ca8_th85.root,ok,,1000,1000,1.0,0.0,0.081,0.008627803892068943,0.041,0.8375,0.759,0.759,0.241,0.013524755080961725,2959.963215144405,2490.223814581476,3376.49914929446,0.986654405048135,0.830074604860492,1.1254997164314868,0.14971053190432074,0.028569446694971735,0.3920450913995073
HtZt_8000_3000,HtZt,8000,3000,85,120,0.6,0.8,/eos/uscms/store/user/aji/rootfiles_existingOptimization/HtZt_8000_3000_pt120_ak6_ca8_th85.root,ok,,1000,1000,1.0,0.0,0.108,0.009815090422405696,0.054,0.842,0.765,0.765,0.235,0.013408019988051927,2803.5616900149926,2331.190515186443,3181.008269244084,0.9345205633383309,0.7770635050621476,1.060336089748028,0.15156038069080205,0.04180503149664026,0.39310832435696896
HtZt_8000_3000,HtZt,8000,3000,85,180,0.8,0.8,/eos/uscms/store/user/aji/rootfiles_existingOptimization/HtZt_8000_3000_pt180_ak8_ca8_th85.root,ok,,1000,1000,1.0,0.0,0.12,0.010276186062932104,0.0605,0.8365,0.762,0.762,0.238,0.01346684818359515,2857.775691848054,2375.966366679315,3235.8053624248964,0.9525918972826847,0.791988788893105,1.0786017874749654,0.1504385033084147,0.041427469509821485,0.39317931358014624
HtZt_8000_3000,HtZt,8000,3000,85,200,1.0,0.8,/eos/uscms/store/user/aji/rootfiles_existingOptimization/HtZt_8000_3000_pt200_ak10_ca8_th85.root,ok,,1000,1000,1.0,0.0,0.085,0.008819013550278738,0.043,0.835,0.756,0.756,0.244,0.013581752464244074,2949.292567589027,2472.6738495560253,3343.4161514019206,0.9830975225296756,0.8242246165186752,1.114472050467307,0.14761884111037946,0.02939395305648973,0.3933090888574119
HtZt_8000_3000,HtZt,8000,3000,85,100,0.8,0.8,/eos/uscms/store/user/aji/rootfiles_existingOptimization/HtZt_8000_3000_pt100_ak8_ca8_th85.root,ok,,1000,1000,1.0,0.0,0.073,0.008226238508577295,0.0365,0.8325,0.769,0.769,0.23099999999999998,0.01332812815064441,2906.7505273956776,2502.1705791222157,3428.0777999259662,0.9689168424652259,0.8340568597074053,1.1426925999753221,0.15926843602111998,0.03519010355514626,0.3933767517745974
HtZt_8000_3000,HtZt,8000,3000,85,140,0.4,0.6,/eos/uscms/store/user/aji/rootfiles_existingOptimization/HtZt_8000_3000_pt140_ak4_ca6_th85.root,ok,,1000,1000,1.0,0.0,0.107,0.009775019181566858,0.0545,0.847,0.767,0.767,0.23299999999999998,0.013368283360252356,2688.6821560134813,2206.3292935422505,3013.7586372970345,0.8962273853378271,0.7354430978474168,1.0045862124323448,0.15015336453007194,0.041887033967144216,0.3935306259962892
HtZt_8000_3000,HtZt,8000,3000,85,220,1.0,0.8,/eos/uscms/store/user/aji/rootfiles_existingOptimization/HtZt_8000_3000_pt220_ak10_ca8_th85.root,ok,,1000,1000,1.0,0.0,0.091,0.009094998625618368,0.046,0.8345,0.754,0.754,0.246,0.013619251080731275,2943.029972255813,2463.191510917353,3325.0131938362497,0.9810099907519376,0.821063836972451,1.10833773127875,0.14641741522229829,0.029821207493353222,0.39431641614710455
HtZt_8000_3000,HtZt,8000,3000,85,340,0.8,0.6,/eos/uscms/store/user/aji/rootfiles_existingOptimization/HtZt_8000_3000_pt340_ak8_ca6_th85.root,ok,,1000,1000,1.0,0.0,0.137,0.010873407929439602,0.0715,0.8385,0.752,0.752,0.248,0.01365635383255721,2832.9601307239736,2291.147468280997,3091.0805082384595,0.9443200435746578,0.7637158227603323,1.0303601694128197,0.1411832505657318,0.028308330749276613,0.39475124620826607
HtZt_8000_3000,HtZt,8000,3000,85,240,1.0,0.8,/eos/uscms/store/user/aji/rootfiles_existingOptimization/HtZt_8000_3000_pt240_ak10_ca8_th85.root,ok,,1000,1000,1.0,0.0,0.094,0.009228434320078352,0.048,0.833,0.751,0.751,0.249,0.013674757767507255,2938.3749109606715,2459.3809188041623,3307.3088895760166,0.9794583036535572,0.8197936396013874,1.102436296525339,0.1442851910436836,0.030743969191695888,0.39533936067832787
HtZt_8000_3000,HtZt,8000,3000,85,240,0.6,0.6,/eos/uscms/store/user/aji/rootfiles_existingOptimization/HtZt_8000_3000_pt240_ak6_ca6_th85.root,ok,,1000,1000,1.0,0.0,0.149,0.01126050620531777,0.0775,0.8405,0.755,0.755,0.245,0.013600551459407815,2755.7155251152985,2263.5533497759798,3053.4790072846,0.9185718417050994,0.75451778325866,1.0178263357615334,0.14332496411718146,0.045051953978498246,0.3964677799466715
HtZt_8000_3000,HtZt,8000,3000,85,160,1.0,0.8,/eos/uscms/store/user/aji/rootfiles_existingOptimization/HtZt_8000_3000_pt160_ak10_ca8_th85.root,ok,,1000,1000,1.0,0.0,0.074,0.00827792244467173,0.037,0.8325,0.757,0.757,0.243,0.013562853682024296,2970.0408270265157,2515.7672308404403,3424.322178243157,0.9900136090088385,0.8385890769468135,1.1414407260810522,0.15295327578246196,0.027768322996145012,0.3969519148815781
HtZt_8000_3000,HtZt,8000,3000,85,260,1.0,0.8,/eos/uscms/store/user/aji/rootfiles_existingOptimization/HtZt_8000_3000_pt260_ak10_ca8_th85.root,ok,,1000,1000,1.0,0.0,0.097,0.00935900635751467,0.0495,0.832,0.749,0.749,0.251,0.013711272734505722,2937.298128849932,2443.965971367297,3293.205333436288,0.9790993762833107,0.814655323789099,1.0977351111454294,0.14456131533394978,0.03083592511169668,0.3976513777056187
HtZt_8000_3000,HtZt,8000,3000,85,200,0.8,0.8,/eos/uscms/store/user/aji/rootfiles_existingOptimization/HtZt_8000_3000_pt200_ak8_ca8_th85.root,ok,,1000,1000,1.0,0.0,0.129,0.010599952830083727,0.0655,0.833,0.758,0.758,0.242,0.013543854695026818,2853.2323032142262,2363.9849919071553,3225.902982469504,0.9510774344047421,0.787994997302385,1.0753009941565013,0.15104237912759155,0.04403377590585929,0.39793463568711734
HtZt_8000_3000,HtZt,8000,3000,85,280,1.0,0.8,/eos/uscms/store/user/aji/rootfiles_existingOptimization/HtZt_8000_3000_pt280_ak10_ca8_th85.root,ok,,1000,1000,1.0,0.0,0.106,0.009734680272099337,0.054,0.829,0.745,0.745,0.255,0.013783141876945184,2936.5733234037534,2427.2366645049747,3286.937640124833,0.9788577744679178,0.8090788881683249,1.095645880041611,0.14637825808200614,0.031765746000771776,0.40349248063521437
HtZt_8000_3000,HtZt,8000,3000,85,340,0.6,0.4,/eos/uscms/store/user/aji/rootfiles_existingOptimization/HtZt_8000_3000_pt340_ak6_ca4_th85.root,ok,,1000,1000,1.0,0.0,0.11,0.009894442884771228,0.0595,0.8375,0.755,0.755,0.245,0.013600551459407815,2745.1184807840677,2149.2717512732447,2979.2561266421835,0.9150394935946893,0.7164239170910816,0.9930853755473946,0.1511745997811863,0.020695799928158117,0.40467065042171735
HtZt_8000_3000,HtZt,8000,3000,85,220,0.8,0.8,/eos/uscms/store/user/aji/rootfiles_existingOptimization/HtZt_8000_3000_pt220_ak8_ca8_th85.root,ok,,1000,1000,1.0,0.0,0.137,0.010873407929439602,0.07,0.828,0.751,0.751,0.249,0.013674757767507255,2849.6681381252743,2351.200959531458,3214.674132930431,0.9498893793750914,0.7837336531771526,1.0715580443101436,0.1515041632123224,0.046089153990177885,0.40551522527481326
HtZt_8000_3000,HtZt,8000,3000,85,140,1.0,0.8,/eos/uscms/store/user/aji/rootfiles_existingOptimization/HtZt_8000_3000_pt140_ak10_ca8_th85.root,ok,,1000,1000,1.0,0.0,0.063,0.007683163410991596,0.0315,0.821,0.751,0.751,0.249,0.013674757767507255,2980.7831763517997,2553.925573146273,3500.582813460655,0.9935943921172666,0.851308524382091,1.1668609378202184,0.15879337481248837,0.025327747220469016,0.4084339356007617
HtZt_8000_3000,HtZt,8000,3000,85,100,0.4,0.8,/eos/uscms/store/user/aji/rootfiles_existingOptimization/HtZt_8000_3000_pt100_ak4_ca8_th85.root,ok,,1000,1000,1.0,0.0,0.116,0.010126401137620413,0.0585,0.835,0.757,0.757,0.243,0.013562853682024296,2721.309213770699,2232.277401147759,3085.631784057341,0.9071030712568996,0.7440924670492531,1.0285439280191138,0.1567911464436556,0.04296272674837617,0.4090808393179656
HtZt_8000_3000,HtZt,8000,3000,85,240,0.8,0.8,/eos/uscms/store/user/aji/rootfiles_existingOptimization/HtZt_8000_3000_pt240_ak8_ca8_th85.root,ok,,1000,1000,1.0,0.0,0.146,0.011166198995181842,0.0745,0.8255,0.746,0.746,0.254,0.013765318739498916,2845.702524584631,2338.5161364262917,3196.3377607766356,0.948567508194877,0.779505378808764,1.0654459202588786,0.15072229386934155,0.04675444524747207,0.40986554304985384
HtZt_8000_3000,HtZt,8000,3000,85,200,0.4,0.4,/eos/uscms/store/user/aji/rootfiles_existingOptimization/HtZt_8000_3000_pt200_ak4_ca4_th85.root,ok,,1000,1000,1.0,0.0,0.113,0.01001154333756789,0.059,0.8435,0.749,0.749,0.251,0.013711272734505722,2652.162190713355,2146.9108393823676,2932.569515924721,0.8840540635711184,0.7156369464607891,0.977523171974907,0.14811663466385405,0.043923285510644464,0.4107112283067422
HtZt_8000_3000,HtZt,8000,3000,85,260,0.6,0.6,/eos/uscms/store/user/aji/rootfiles_existingOptimization/HtZt_8000_3000_pt260_ak6_ca6_th85.root,ok,,1000,1000,1.0,0.0,0.161,0.011622349160131096,0.084,0.834,0.747,0.747,0.253,0.013747399754135324,2752.6914607117915,2220.0415894893335,3044.20699841325,0.9175638202372638,0.7400138631631111,1.01473566613775,0.14970174112989834,0.04627360437292276,0.4109453591061719
HtZt_8000_3000,HtZt,8000,3000,85,140,0.6,0.8,/eos/uscms/store/user/aji/rootfiles_existingOptimization/HtZt_8000_3000_pt140_ak6_ca8_th85.root,ok,,1000,1000,1.0,0.0,0.12,0.010276186062932104,0.0605,0.8365,0.754,0.754,0.246,0.013619251080731275,2793.5647406843955,2286.784821016182,3172.2712825635413,0.9311882468947985,0.7622616070053939,1.0574237608545138,0.15848683380261028,0.0440326601382509,0.41136800911313043
HtZt_8000_3000,HtZt,8000,3000,85,160,0.4,0.6,/eos/uscms/store/user/aji/rootfiles_existingOptimization/HtZt_8000_3000_pt160_ak4_ca6_th85.root,ok,,1000,1000,1.0,0.0,0.125,0.010458250331675944,0.0635,0.8375,0.749,0.749,0.251,0.013711272734505722,2671.514630873986,2172.512201660299,2992.53069288642,0.8905048769579954,0.7241707338867663,0.9975102309621401,0.15347445261002599,0.044216958520522084,0.4154239649142264
HtZt_8000_3000,HtZt,8000,3000,85,280,0.6,0.6,/eos/uscms/store/user/aji/rootfiles_existingOptimization/HtZt_8000_3000_pt280_ak6_ca6_th85.root,ok,,1000,1000,1.0,0.0,0.172,0.011933817494833746,0.0895,0.831,0.741,0.741,0.259,0.013853483316480371,2751.510226673201,2207.789584639088,3032.0933926640337,0.9171700755577337,0.7359298615463625,1.0106977975546778,0.14979115833081894,0.046920098956250454,0.4170741507750456
HtZt_8000_3000,HtZt,8000,3000,85,160,0.6,0.8,/eos/uscms/store/user/aji/rootfiles_existingOptimization/HtZt_8000_3000_pt160_ak6_ca8_th85.root,ok,,1000,1000,1.0,0.0,0.125,0.010458250331675944,0.0635,0.834,0.749,0.749,0.251,0.013711272734505722,2780.302177837057,2270.239301167545,3153.831001317012,0.9267673926123523,0.7567464337225149,1.0512770004390042,0.15890209833897626,0.04588943545862171,0.41722535907774105
HtZt_8000_3000,HtZt,8000,3000,85,260,0.8,0.8,/eos/uscms/store/user/aji/rootfiles_existingOptimization/HtZt_8000_3000_pt260_ak8_ca8_th85.root,ok,,1000,1000,1.0,0.0,0.154,0.011414201680362931,0.0795,0.822,0.74,0.74,0.26,0.013870832707519763,2837.709992482752,2315.9376392393174,3187.887476894881,0.945903330827584,0.7719792130797726,1.0626291589649604,0.15363617846175362,0.04739385308219968,0.41904584537899525
HtZt_8000_3000,HtZt,8000,3000,85,300,1.0,0.8,/eos/uscms/store/user/aji/rootfiles_existingOptimization/HtZt_8000_3000_pt300_ak10_ca8_th85.root,ok,,1000,1000,1.0,0.0,0.114,0.010050074626588601,0.058,0.8245,0.738,0.738,0.262,0.013905250806799567,2934.0237841797334,2366.4304255488937,3277.227201721509,0.9780079280599112,0.7888101418496313,1.0924090672405031,0.15521291631711284,0.03282281799128665,0.4194121235111218
HtZt_8000_3000,HtZt,8000,3000,85,360,0.8,0.6,/eos/uscms/store/user/aji/rootfiles_existingOptimization/HtZt_8000_3000_pt360_ak8_ca6_th85.root,ok,,1000,1000,1.0,0.0,0.148,0.011229247525992114,0.078,0.8295,0.739,0.739,0.261,0.013888088421377507,2830.3972737155264,2207.0116377091945,3087.0077569488003,0.9434657579051753,0.7356705459030648,1.0290025856496001,0.15545452354192232,0.02921163624573042,0.4221079477514048
HtZt_8000_3000,HtZt,8000,3000,85,180,0.6,0.8,/eos/uscms/store/user/aji/rootfiles_existingOptimization/HtZt_8000_3000_pt180_ak6_ca8_th85.root,ok,,1000,1000,1.0,0.0,0.139,0.010939789760319894,0.0705,0.8285,0.742,0.742,0.258,0.013836039895866157,2770.226751192251,2248.4501759994823,3136.463750756068,0.9234089170640837,0.7494833919998274,1.0454879169186893,0.16027813867121202,0.046920098956250454,0.4259372469648036
HtZt_8000_3000,HtZt,8000,3000,85,300,0.6,0.6,/eos/uscms/store/user/aji/rootfiles_existingOptimization/HtZt_8000_3000_pt300_ak6_ca6_th85.root,ok,,1000,1000,1.0,0.0,0.181,0.0121753439376471,0.0945,0.826,0.735,0.735,0.265,0.013956181426163821,2747.2799910331405,2175.870931677043,3023.060682706774,0.9157599970110469,0.7252903105590143,1.0076868942355914,0.15418700565557167,0.04719679745286259,0.427611005954467
HtZt_8000_3000,HtZt,8000,3000,85,360,0.6,0.4,/eos/uscms/store/user/aji/rootfiles_existingOptimization/HtZt_8000_3000_pt360_ak6_ca4_th85.root,ok,,1000,1000,1.0,0.0,0.121,0.010313049985334114,0.0665,0.8295,0.745,0.745,0.255,0.013783141876945184,2738.4614501483475,2058.985931830106,2976.4163159772743,0.9128204833827824,0.6863286439433688,0.9921387719924247,0.16750836205809452,0.021888863851321112,0.43122631371981623
HtZt_8000_3000,HtZt,8000,3000,85,280,0.8,0.8,/eos/uscms/store/user/aji/rootfiles_existingOptimization/HtZt_8000_3000_pt280_ak8_ca8_th85.root,ok,,1000,1000,1.0,0.0,0.165,0.011737759581794134,0.085,0.819,0.734,0.734,0.266,0.013972973913952606,2834.07232615779,2267.996154491762,3179.3199590565146,0.9446907753859299,0.7559987181639205,1.0597733196855048,0.16077991308716058,0.049901506022347344,0.43231083554856764
HtZt_8000_3000,HtZt,8000,3000,85,120,0.4,0.8,/eos/uscms/store/user/aji/rootfiles_existingOptimization/HtZt_8000_3000_pt120_ak4_ca8_th85.root,ok,,1000,1000,1.0,0.0,0.136,0.010839926199010766,0.0685,0.826,0.741,0.741,0.259,0.013853483316480371,2705.471204069446,2180.2448310006503,3071.7810469198225,0.9018237346898152,0.7267482770002167,1.023927015639941,0.16476542322427323,0.04623541449481519,0.4335830497552917
HtZt_8000_3000,HtZt,8000,3000,85,180,0.4,0.6,/eos/uscms/store/user/aji/rootfiles_existingOptimization/HtZt_8000_3000_pt180_ak4_ca6_th85.root,ok,,1000,1000,1.0,0.0,0.139,0.010939789760319894,0.071,0.826,0.733,0.733,0.267,0.013989674763910703,2657.3537949062093,2138.255196474756,2967.879471881985,0.8857845983020697,0.712751732158252,0.989293157293995,0.15609970283172445,0.04770866328252066,0.4345212430015175
HtZt_8000_3000,HtZt,8000,3000,85,200,0.6,0.8,/eos/uscms/store/user/aji/rootfiles_existingOptimization/HtZt_8000_3000_pt200_ak6_ca8_th85.root,ok,,1000,1000,1.0,0.0,0.147,0.011197812286335219,0.075,0.824,0.735,0.735,0.265,0.013956181426163821,2765.4419796320562,2220.0415894893335,3126.534740076071,0.9218139932106855,0.7400138631631111,1.0421782466920237,0.16389661350033952,0.048719488364117436,0.436715214179271
HtZt_8000_3000,HtZt,8000,3000,85,220,0.4,0.4,/eos/uscms/store/user/aji/rootfiles_existingOptimization/HtZt_8000_3000_pt220_ak4_ca4_th85.root,ok,,1000,1000,1.0,0.0,0.132,0.010704017937204702,0.0695,0.832,0.732,0.732,0.268,0.014006284303840188,2638.833232863205,2096.1692532966563,2923.857269096215,0.8796110776210683,0.6987230844322188,0.9746190896987384,0.15682840535199252,0.04667008631669446,0.43686729758988574
HtZt_8000_3000,HtZt,8000,3000,85,320,1.0,0.8,/eos/uscms/store/user/aji/rootfiles_existingOptimization/HtZt_8000_3000_pt320_ak10_ca8_th85.root,ok,,1000,1000,1.0,0.0,0.121,0.010313049985334114,0.062,0.818,0.727,0.727,0.273,0.014087973594523805,2932.0900607343406,2305.8912083860178,3278.110177157963,0.9773633535781135,0.7686304027953392,1.0927033923859877,0.1657894110743061,0.03394704180024463,0.44105307571649477
HtZt_8000_3000,HtZt,8000,3000,85,220,0.6,0.8,/eos/uscms/store/user/aji/rootfiles_existingOptimization/HtZt_8000_3000_pt220_ak6_ca8_th85.root,ok,,1000,1000,1.0,0.0,0.161,0.011622349160131096,0.0825,0.82,0.727,0.727,0.273,0.014087973594523805,2756.5289141512712,2191.2904651797617,3107.836910494816,0.9188429713837571,0.7304301550599206,1.0359456368316053,0.16625010545141636,0.051183757277629305,0.4473658083130406
HtZt_8000_3000,HtZt,8000,3000,85,300,0.8,0.8,/eos/uscms/store/user/aji/rootfiles_existingOptimization/HtZt_8000_3000_pt300_ak8_ca8_th85.root,ok,,1000,1000,1.0,0.0,0.177,0.012069424178476784,0.091,0.814,0.726,0.726,0.274,0.014104041973845655,2831.1144705237293,2209.3588817483,3173.165161152858,0.9437048235079097,0.7364529605827668,1.0577217203842861,0.17021676259283558,0.05166589096526144,0.44984628024204465
HtZt_8000_3000,HtZt,8000,3000,85,380,0.6,0.4,/eos/uscms/store/user/aji/rootfiles_existingOptimization/HtZt_8000_3000_pt380_ak6_ca4_th85.root,ok,,1000,1000,1.0,0.0,0.129,0.010599952830083727,0.071,0.8225,0.734,0.734,0.266,0.013972973913952606,2732.0822250923557,2002.7794408229647,2968.7107807676093,0.9106940750307853,0.6675931469409883,0.9895702602558699,0.17677567151405782,0.02305253157032077,0.4517062640109793
HtZt_8000_3000,HtZt,8000,3000,85,340,1.0,0.8,/eos/uscms/store/user/aji/rootfiles_existingOptimization/HtZt_8000_3000_pt340_ak10_ca8_th85.root,ok,,1000,1000,1.0,0.0,0.13,0.010634848376916336,0.067,0.812,0.719,0.719,0.281,0.014214042352547005,2925.7763536510347,2265.230876983248,3261.3421095669582,0.975258784550345,0.755076958994416,1.0871140365223193,0.17023024185370098,0.03436432658313198,0.4537043633986665
HtZt_8000_3000,HtZt,8000,3000,85,320,0.6,0.6,/eos/uscms/store/user/aji/rootfiles_existingOptimization/HtZt_8000_3000_pt320_ak6_ca6_th85.root,ok,,1000,1000,1.0,0.0,0.193,0.012480024038438387,0.1005,0.8165,0.722,0.722,0.278,0.01416742743055351,2744.006347095894,2096.3414631872897,3019.024554669429,0.9146687823652979,0.6987804877290965,1.006341518223143,0.16812699658268954,0.05011484764113982,0.45466011834615977
HtZt_8000_3000,HtZt,8000,3000,85,380,0.8,0.6,/eos/uscms/store/user/aji/rootfiles_existingOptimization/HtZt_8000_3000_pt380_ak8_ca6_th85.root,ok,,1000,1000,1.0,0.0,0.159,0.011563693181678594,0.084,0.8205,0.725,0.725,0.275,0.014120021246442939,2825.633246562944,2074.522913792458,3081.9593686414128,0.9418777488543145,0.6915076379308193,1.0273197895471375,0.17826737706926135,0.030969615079514828,0.4590796021838299
HtZt_8000_3000,HtZt,8000,3000,85,140,0.4,0.8,/eos/uscms/store/user/aji/rootfiles_existingOptimization/HtZt_8000_3000_pt140_ak4_ca8_th85.root,ok,,1000,1000,1.0,0.0,0.139,0.010939789760319894,0.0705,0.816,0.722,0.722,0.278,0.01416742743055351,2679.727301236443,2124.612149712257,3051.3474935781446,0.893242433745481,0.7082040499040858,1.0171158311927146,0.17291597981598447,0.05118812756058511,0.46159173644143636
HtZt_8000_3000,HtZt,8000,3000,85,120,0.8,1.0,/eos/uscms/store/user/aji/rootfiles_existingOptimization/HtZt_8000_3000_pt120_ak8_ca10_th85.root,ok,,1000,1000,1.0,0.0,0.094,0.009228434320078352,0.047,0.806,0.723,0.723,0.277,0.014151713677148785,2887.902884343436,2355.564001366697,3402.051959546779,0.9626342947811453,0.7851880004555657,1.1340173198489263,0.1811847558748501,0.047461588278336575,0.4619213263967356
HtZt_8000_3000,HtZt,8000,3000,85,240,0.6,0.8,/eos/uscms/store/user/aji/rootfiles_existingOptimization/HtZt_8000_3000_pt240_ak6_ca8_th85.root,ok,,1000,1000,1.0,0.0,0.173,0.011961229033840962,0.0895,0.8145,0.718,0.718,0.28200000000000003,0.014229406171727618,2752.8001093923117,2145.1661492458493,3096.662504486555,0.9176000364641039,0.7150553830819497,1.0322208348288515,0.17282336483391647,0.052085151226694666,0.46306336118750613
HtZt_8000_3000,HtZt,8000,3000,85,120,1.0,0.8,/eos/uscms/store/user/aji/rootfiles_existingOptimization/HtZt_8000_3000_pt120_ak10_ca8_th85.root,ok,,1000,1000,1.0,0.0,0.051,0.00695693898205238,0.0255,0.7815,0.718,0.718,0.28200000000000003,0.014229406171727618,3008.6932290805535,2620.9131009961466,3713.2011637024975,1.002897743026851,0.8736377003320488,1.237733721234166,0.18152200632301602,0.02062892892922954,0.46381178062570116
HtZt_8000_3000,HtZt,8000,3000,85,240,0.4,0.4,/eos/uscms/store/user/aji/rootfiles_existingOptimization/HtZt_8000_3000_pt240_ak4_ca4_th85.root,ok,,1000,1000,1.0,0.0,0.153,0.011383804285035824,0.08,0.819,0.713,0.713,0.28700000000000003,0.01430492922037715,2630.356106343303,2036.3417784998874,2921.333660423852,0.876785368781101,0.6787805928332957,0.9737778868079507,0.1682266290464892,0.05043533862329386,0.4675480921683791
HtZt_8000_3000,HtZt,8000,3000,85,200,0.4,0.6,/eos/uscms/store/user/aji/rootfiles_existingOptimization/HtZt_8000_3000_pt200_ak4_ca6_th85.root,ok,,1000,1000,1.0,0.0,0.157,0.01150439046625244,0.081,0.813,0.712,0.712,0.28800000000000003,0.014319776534569246,2649.045812845452,2056.0910566231473,2950.9672129214828,0.883015270948484,0.6853636855410491,0.9836557376404943,0.1689053756562087,0.05053637805430712,0.4686038485613603
HtZt_8000_3000,HtZt,8000,3000,85,400,0.6,0.4,/eos/uscms/store/user/aji/rootfiles_existingOptimization/HtZt_8000_3000_pt400_ak6_ca4_th85.root,ok,,1000,1000,1.0,0.0,0.139,0.010939789760319894,0.077,0.818,0.726,0.726,0.274,0.014104041973845655,2728.7337195976243,1948.7754486209633,2963.0601525833895,0.9095779065325413,0.6495918162069878,0.9876867175277965,0.18585263499290638,0.023903953104427944,0.4688948443396523
HtZt_8000_3000,HtZt,8000,3000,85,320,0.8,0.8,/eos/uscms/store/user/aji/rootfiles_existingOptimization/HtZt_8000_3000_pt320_ak8_ca8_th85.root,ok,,1000,1000,1.0,0.0,0.188,0.012355403676124872,0.0965,0.807,0.716,0.716,0.28400000000000003,0.014259873772232349,2828.2886035367123,2138.2608911710918,3169.1703052095218,0.9427628678455708,0.712753630390364,1.0563901017365074,0.18224968497721566,0.05249132116933204,0.4719733981926586
HtZt_8000_3000,HtZt,8000,3000,85,220,1.2,1.0,/eos/uscms/store/user/aji/rootfiles_existingOptimization/HtZt_8000_3000_pt220_ak12_ca10_th85.root,ok,,1000,1000,1.0,0.0,0.086,0.008865889690267977,0.0435,0.7915,0.705,0.705,0.29500000000000004,0.01442133835675455,3038.5953314722647,2444.260881108639,3518.939235357536,1.012865110490755,0.814753627036213,1.1729797451191786,0.17683801839585397,0.03593403341170627,0.47312452944492955
HtZt_8000_3000,HtZt,8000,3000,85,140,0.8,1.0,/eos/uscms/store/user/aji/rootfiles_existingOptimization/HtZt_8000_3000_pt140_ak8_ca10_th85.root,ok,,1000,1000,1.0,0.0,0.11,0.009894442884771228,0.055,0.8015,0.715,0.715,0.28500000000000003,0.014274978108564651,2871.4100734246804,2292.659980436856,3354.4857939538074,0.9571366911415602,0.7642199934789521,1.1181619313179358,0.18489623327303617,0.05137738116983214,0.47418256415888016
HtZt_8000_3000,HtZt,8000,3000,85,100,0.6,1.0,/eos/uscms/store/user/aji/rootfiles_existingOptimization/HtZt_8000_3000_pt100_ak6_ca10_th85.root,ok,,1000,1000,1.0,0.0,0.104,0.009653186002558949,0.052,0.807,0.717,0.717,0.28300000000000003,0.014244683218660919,2807.548628120483,2238.1679315842744,3283.0665160670546,0.9358495427068276,0.7460559771947581,1.0943555053556848,0.18608735286310762,0.04922927111813463,0.4755023985924249
HtZt_8000_3000,HtZt,8000,3000,85,260,0.6,0.8,/eos/uscms/store/user/aji/rootfiles_existingOptimization/HtZt_8000_3000_pt260_ak6_ca8_th85.root,ok,,1000,1000,1.0,0.0,0.184,0.012253326079069307,0.0955,0.809,0.711,0.711,0.28900000000000003,0.0143345387090063,2749.3683942158973,2095.6528611755466,3084.757198513955,0.9164561314052991,0.6985509537251822,1.0282523995046515,0.17987846579950492,0.05262815519723935,0.4772328526589751
HtZt_8000_3000,HtZt,8000,3000,85,100,0.8,1.0,/eos/uscms/store/user/aji/rootfiles_existingOptimization/HtZt_8000_3000_pt100_ak8_ca10_th85.root,ok,,1000,1000,1.0,0.0,0.081,0.008627803892068943,0.0405,0.793,0.714,0.714,0.28600000000000003,0.014289996501049257,2904.275729104207,2407.7011251018494,3501.141620306325,0.9680919097014025,0.8025670417006164,1.167047206768775,0.18824667441987947,0.04364355640179266,0.47743748344973924
HtZt_8000_3000,HtZt,8000,3000,85,400,0.8,0.6,/eos/uscms/store/user/aji/rootfiles_existingOptimization/HtZt_8000_3000_pt400_ak8_ca6_th85.root,ok,,1000,1000,1.0,0.0,0.169,0.011850696182081457,0.09,0.8135,0.715,0.715,0.28500000000000003,0.014274978108564651,2822.2377553036304,2014.995017972061,3073.166731544675,0.9407459184345435,0.6716650059906869,1.0243889105148916,0.1874703347696464,0.03350350229510146,0.478395742926192
HtZt_8000_3000,HtZt,8000,3000,85,200,1.2,1.0,/eos/uscms/store/user/aji/rootfiles_existingOptimization/HtZt_8000_3000_pt200_ak12_ca10_th85.root,ok,,1000,1000,1.0,0.0,0.081,0.008627803892068943,0.041,0.785,0.7,0.7,0.30000000000000004,0.014491376746189439,3042.4175445265437,2480.4239160867814,3569.194368247027,1.014139181508848,0.8268079720289271,1.1897314560823424,0.17893179292878397,0.0345497106869848,0.48034571107966884
HtZt_8000_3000,HtZt,8000,3000,85,240,1.2,1.0,/eos/uscms/store/user/aji/rootfiles_existingOptimization/HtZt_8000_3000_pt240_ak12_ca10_th85.root,ok,,1000,1000,1.0,0.0,0.092,0.00913980306133562,0.047,0.7925,0.705,0.705,0.29500000000000004,0.01442133835675455,3031.965702355742,2387.4578418458495,3507.8244548298944,1.0106552341185808,0.7958192806152832,1.1692748182766315,0.1847591171815623,0.037111028019130105,0.4808246405934204
HtZt_8000_3000,HtZt,8000,3000,85,280,0.6,0.8,/eos/uscms/store/user/aji/rootfiles_existingOptimization/HtZt_8000_3000_pt280_ak6_ca8_th85.root,ok,,1000,1000,1.0,0.0,0.194,0.012504559168559283,0.1005,0.807,0.706,0.706,0.29400000000000004,0.014407081592050489,2748.0252694986575,2084.3560914633435,3069.592879652407,0.9160084231662193,0.6947853638211144,1.0231976265508023,0.17926268712383553,0.05408371667853052,0.48166184480721363
HtZt_8000_3000,HtZt,8000,3000,85,160,0.4,0.8,/eos/uscms/store/user/aji/rootfiles_existingOptimization/HtZt_8000_3000_pt160_ak4_ca8_th85.root,ok,,1000,1000,1.0,0.0,0.158,0.011534123287012324,0.08,0.8075,0.707,0.707,0.29300000000000004,0.014392741226048637,2665.59075469213,2061.348424475363,3020.6320979038305,0.8885302515640432,0.6871161414917877,1.0068773659679435,0.17993828792733468,0.051804436394825,0.4840852627709304
HtZt_8000_3000,HtZt,8000,3000,85,160,0.8,1.0,/eos/uscms/store/user/aji/rootfiles_existingOptimization/HtZt_8000_3000_pt160_ak8_ca10_th85.root,ok,,1000,1000,1.0,0.0,0.122,0.010349685985574635,0.0615,0.798,0.708,0.708,0.29200000000000004,0.014378317008607092,2859.2200849986866,2248.5542552210936,3328.3474881310713,0.953073361666229,0.7495180850736978,1.109449162710357,0.1888265332520693,0.05239795796949771,0.48551919708544644
HtZt_8000_3000,HtZt,8000,3000,85,360,1.0,0.8,/eos/uscms/store/user/aji/rootfiles_existingOptimization/HtZt_8000_3000_pt360_ak10_ca8_th85.root,ok,,1000,1000,1.0,0.0,0.141,0.011005407761641547,0.073,0.803,0.705,0.705,0.29500000000000004,0.01442133835675455,2919.9642081766697,2153.9490545586436,3261.3421095669582,0.9733214027255567,0.7179830181862146,1.0871140365223193,0.18962442277671102,0.03559326837925823,0.48729228250415535
HtZt_8000_3000,HtZt,8000,3000,85,340,0.6,0.6,/eos/uscms/store/user/aji/rootfiles_existingOptimization/HtZt_8000_3000_pt340_ak6_ca6_th85.root,ok,,1000,1000,1.0,0.0,0.206,0.0127892142057282,0.1075,0.807,0.707,0.707,0.29300000000000004,0.014392741226048637,2741.8642940744694,1993.83097378937,3012.734910802487,0.9139547646914898,0.6646103245964566,1.0042449702674956,0.1858049538073607,0.051797743811121205,0.4874094773382117
HtZt_8000_3000,HtZt,8000,3000,85,180,1.0,1.0,/eos/uscms/store/user/aji/rootfiles_existingOptimization/HtZt_8000_3000_pt180_ak10_ca10_th85.root,ok,,1000,1000,1.0,0.0,0.117,0.010164201887015036,0.059,0.7885,0.7,0.7,0.30000000000000004,0.014491376746189439,2951.0390052681732,2320.316831233977,3424.563441655697,0.9836796684227245,0.773438943744659,1.1415211472185656,0.18709454677664825,0.05061425602677072,0.48872657993437585
HtZt_8000_3000,HtZt,8000,3000,85,260,1.2,1.0,/eos/uscms/store/user/aji/rootfiles_existingOptimization/HtZt_8000_3000_pt260_ak12_ca10_th85.root,ok,,1000,1000,1.0,0.0,0.094,0.009228434320078352,0.048,0.7905,0.7,0.7,0.30000000000000004,0.014491376746189439,3029.2373531400926,2358.9511632291938,3499.4189936517946,1.0097457843800308,0.7863170544097313,1.1664729978839317,0.18824339222550482,0.038312577231416976,0.4892179706635079
HtZt_8000_3000,HtZt,8000,3000,85,180,0.8,1.0,/eos/uscms/store/user/aji/rootfiles_existingOptimization/HtZt_8000_3000_pt180_ak8_ca10_th85.root,ok,,1000,1000,1.0,0.0,0.129,0.010599952830083727,0.065,0.7955,0.705,0.705,0.29500000000000004,0.01442133835675455,2849.6681381252743,2221.580612837584,3302.205142123701,0.9498893793750914,0.7405268709458613,1.100735047374567,0.18960532892034102,0.0530522307444058,0.48961639098283194
HtZt_8000_3000,HtZt,8000,3000,85,120,0.6,1.0,/eos/uscms/store/user/aji/rootfiles_existingOptimization/HtZt_8000_3000_pt120_ak6_ca10_th85.root,ok,,1000,1000,1.0,0.0,0.125,0.010458250331675944,0.0625,0.803,0.709,0.709,0.29100000000000004,0.014363808687113596,2794.6375888417774,2166.197789970867,3239.939695951254,0.9315458629472592,0.722065929990289,1.079979898650418,0.1921075402169399,0.05062349738162203,0.48995295392221405
HtZt_8000_3000,HtZt,8000,3000,85,200,1.0,1.0,/eos/uscms/store/user/aji/rootfiles_existingOptimization/HtZt_8000_3000_pt200_ak10_ca10_th85.root,ok,,1000,1000,1.0,0.0,0.127,0.010529529904036551,0.064,0.787,0.7,0.7,0.30000000000000004,0.014491376746189439,2942.567641662119,2302.2774809893535,3414.3029512006174,0.9808558805540396,0.7674258269964511,1.1381009837335392,0.18895495458910386,0.0512101791115529,0.49086936653369995
HtZt_8000_3000,HtZt,8000,3000,85,160,1.0,1.0,/eos/uscms/store/user/aji/rootfiles_existingOptimization/HtZt_8000_3000_pt160_ak10_ca10_th85.root,ok,,1000,1000,1.0,0.0,0.108,0.009815090422405696,0.054,0.7825,0.695,0.695,0.30500000000000005,0.014559361249725209,2956.874083774408,2365.753824574519,3476.4900366005186,0.9856246945914693,0.7885846081915064,1.158830012200173,0.18782271083524807,0.048669129978608824,0.49426024137610114
HtZt_8000_3000,HtZt,8000,3000,85,140,1.0,1.0,/eos/uscms/store/user/aji/rootfiles_existingOptimization/HtZt_8000_3000_pt140_ak10_ca10_th85.root,ok,,1000,1000,1.0,0.0,0.09,0.009049861877399014,0.045,0.7745,0.692,0.692,0.30800000000000005,0.014599178059055244,2974.3133681098298,2432.709102974313,3553.820550461459,0.9914377893699433,0.810903034324771,1.1846068501538196,0.18846558999255852,0.04633069519442874,0.4973218110555642
HtZt_8000_3000,HtZt,8000,3000,85,200,0.8,1.0,/eos/uscms/store/user/aji/rootfiles_existingOptimization/HtZt_8000_3000_pt200_ak8_ca10_th85.root,ok,,1000,1000,1.0,0.0,0.138,0.01090669519148674,0.07,0.792,0.701,0.701,0.29900000000000004,0.014477534320456644,2845.857728683214,2180.7521523836026,3281.0933500265337,0.9486192428944047,0.7269173841278674,1.0936977833421777,0.19332329697171152,0.05327526603145111,0.4974613726822711
HtZt_8000_3000,HtZt,8000,3000,85,180,1.2,1.0,/eos/uscms/store/user/aji/rootfiles_existingOptimization/HtZt_8000_3000_pt180_ak12_ca10_th85.root,ok,,1000,1000,1.0,0.0,0.077,0.00843036179532053,0.0385,0.772,0.689,0.689,0.31100000000000005,0.014638271755914358,3052.4075688416515,2508.2842495492628,3636.093543431145,1.0174691896138839,0.8360947498497542,1.212031181143715,0.18474094111715741,0.03440039083712575,0.49748786007854584
HtZt_8000_3000,HtZt,8000,3000,85,220,0.4,0.6,/eos/uscms/store/user/aji/rootfiles_existingOptimization/HtZt_8000_3000_pt220_ak4_ca6_th85.root,ok,,1000,1000,1.0,0.0,0.175,0.012015614840697915,0.091,0.801,0.693,0.693,0.30700000000000005,0.01458598642533305,2634.7156027656038,1994.8912281518465,2935.808334656962,0.8782385342552013,0.6649637427172822,0.9786027782189873,0.1785614176948463,0.05246730818509601,0.4977375642693262
HtZt_8000_3000,HtZt,8000,3000,85,300,0.6,0.8,/eos/uscms/store/user/aji/rootfiles_existingOptimization/HtZt_8000_3000_pt300_ak6_ca8_th85.root,ok,,1000,1000,1.0,0.0,0.203,0.012719709116170857,0.1055,0.802,0.701,0.701,0.29900000000000004,0.014477534320456644,2744.0661381051195,2002.954702340655,3055.1259185738186,0.9146887127017065,0.667651567446885,1.018375306191273,0.1917175394612988,0.054403790535924285,0.49924866819112823
HtZt_8000_3000,HtZt,8000,3000,85,340,0.8,0.8,/eos/uscms/store/user/aji/rootfiles_existingOptimization/HtZt_8000_3000_pt340_ak8_ca8_th85.root,ok,,1000,1000,1.0,0.0,0.204,0.01274299807737567,0.105,0.7985,0.703,0.703,0.29700000000000004,0.014449602070645405,2824.999901545142,2047.2147499735775,3167.206730320958,0.9416666338483808,0.6824049166578592,1.0557355767736527,0.19822867599655447,0.053991011538670336,0.5010620126117165
HtZt_8000_3000,HtZt,8000,3000,85,280,1.2,1.0,/eos/uscms/store/user/aji/rootfiles_existingOptimization/HtZt_8000_3000_pt280_ak12_ca10_th85.root,ok,,1000,1000,1.0,0.0,0.099,0.009444522221901964,0.0505,0.7865,0.693,0.693,0.30700000000000005,0.01458598642533305,3027.9784235818242,2314.722515813307,3487.4281187756947,1.0093261411939416,0.771574171937769,1.162476039591898,0.19364497346305104,0.038955661048126075,0.5015775875824453
HtZt_8000_3000,HtZt,8000,3000,85,220,1.0,1.0,/eos/uscms/store/user/aji/rootfiles_existingOptimization/HtZt_8000_3000_pt220_ak10_ca10_th85.root,ok,,1000,1000,1.0,0.0,0.134,0.010772372069326236,0.0675,0.7855,0.697,0.697,0.30300000000000005,0.014532412050310162,2937.4422057684596,2243.337232140657,3407.0138535549363,0.9791474019228198,0.7477790773802189,1.1356712845183121,0.1980765134934548,0.05321333888040292,0.5031617733011728
HtZt_8000_3000,HtZt,8000,3000,85,180,0.4,0.8,/eos/uscms/store/user/aji/rootfiles_existingOptimization/HtZt_8000_3000_pt180_ak4_ca8_th85.root,ok,,1000,1000,1.0,0.0,0.17,0.011878552100319299,0.0865,0.797,0.69,0.69,0.31000000000000005,0.014625320509308506,2652.471381532174,2021.6761807230105,3010.623782850394,0.8841571271773914,0.6738920602410035,1.0035412609501313,0.18642003246725466,0.05420167339830254,0.5080043197495155
HtZt_8000_3000,HtZt,8000,3000,85,260,0.4,0.4,/eos/uscms/store/user/aji/rootfiles_existingOptimization/HtZt_8000_3000_pt260_ak4_ca4_th85.root,ok,,1000,1000,1.0,0.0,0.174,0.011988494484296182,0.0925,0.8065,0.691,0.691,0.30900000000000005,0.014612289348353324,2621.9576452018737,1927.9561202993173,2909.953977647895,0.8739858817339579,0.6426520400997724,0.9699846592159651,0.18726424874665942,0.05378669640998311,0.5088656605732638
HtZt_8000_3000,HtZt,8000,3000,85,360,0.6,0.6,/eos/uscms/store/user/aji/rootfiles_existingOptimization/HtZt_8000_3000_pt360_ak6_ca6_th85.root,ok,,1000,1000,1.0,0.0,0.217,0.013034991369387246,0.1145,0.801,0.698,0.698,0.30200000000000005,0.01451881537867329,2736.8216239486487,1919.8688321335958,3010.6916414304987,0.9122738746495496,0.6399562773778653,1.003563880476833,0.19928642768524293,0.05286462772658146,0.510059040220288
HtZt_8000_3000,HtZt,8000,3000,85,240,1.0,1.0,/eos/uscms/store/user/aji/rootfiles_existingOptimization/HtZt_8000_3000_pt240_ak10_ca10_th85.root,ok,,1000,1000,1.0,0.0,0.138,0.01090669519148674,0.07,0.783,0.693,0.693,0.30700000000000005,0.01458598642533305,2934.642048177454,2211.924462660868,3400.2120906928135,0.9782140160591515,0.7373081542202894,1.1334040302309378,0.20245869999203578,0.05410340267289468,0.5116372983861207
HtZt_8000_3000,HtZt,8000,3000,85,140,0.6,1.0,/eos/uscms/store/user/aji/rootfiles_existingOptimization/HtZt_8000_3000_pt140_ak6_ca10_th85.root,ok,,1000,1000,1.0,0.0,0.139,0.010939789760319894,0.07,0.7985,0.699,0.699,0.30100000000000005,0.014505137021069467,2782.471355449691,2093.010494289332,3227.9225911591984,0.9274904518165639,0.6976701647631108,1.075974197053066,0.20393958317792743,0.05188962044275525,0.512190537996271
HtZt_8000_3000,HtZt,8000,3000,85,220,0.8,1.0,/eos/uscms/store/user/aji/rootfiles_existingOptimization/HtZt_8000_3000_pt220_ak8_ca10_th85.root,ok,,1000,1000,1.0,0.0,0.149,0.01126050620531777,0.076,0.788,0.695,0.695,0.30500000000000005,0.014559361249725209,2839.8425537916028,2095.5731521552475,3260.6889775747363,0.9466141845972009,0.6985243840517491,1.0868963258582454,0.20513739817439697,0.05585753283172917,0.5154759797146768
HtZt_8000_3000,HtZt,8000,3000,85,160,0.6,1.0,/eos/uscms/store/user/aji/rootfiles_existingOptimization/HtZt_8000_3000_pt160_ak6_ca10_th85.root,ok,,1000,1000,1.0,0.0,0.144,0.011102432165971562,0.073,0.7945,0.693,0.693,0.30700000000000005,0.01458598642533305,2774.790504671937,2073.206261927851,3202.027207785566,0.9249301682239791,0.6910687539759504,1.0673424025951888,0.20340651734916748,0.05278016655180478,0.5179135005267697
HtZt_8000_3000,HtZt,8000,3000,85,260,1.0,1.0,/eos/uscms/store/user/aji/rootfiles_existingOptimization/HtZt_8000_3000_pt260_ak10_ca10_th85.root,ok,,1000,1000,1.0,0.0,0.141,0.011005407761641547,0.0715,0.7815,0.691,0.691,0.30900000000000005,0.014612289348353324,2931.310099550462,2172.0455009248217,3385.887685372596,0.9771033665168206,0.7240151669749405,1.128629228457532,0.2070477266519715,0.05352549250720032,0.5183373900002894
HtZt_8000_3000,HtZt,8000,3000,85,300,1.2,1.0,/eos/uscms/store/user/aji/rootfiles_existingOptimization/HtZt_8000_3000_pt300_ak12_ca10_th85.root,ok,,1000,1000,1.0,0.0,0.105,0.009694070352540258,0.054,0.7835,0.686,0.686,0.31399999999999995,0.01467664811869522,3025.178628884627,2246.831155635935,3480.137632815408,1.0083928762948755,0.7489437185453116,1.1600458776051359,0.2038402733319237,0.039289934203694005,0.5186795609614112
HtZt_8000_3000,HtZt,8000,3000,85,100,0.4,1.0,/eos/uscms/store/user/aji/rootfiles_existingOptimization/HtZt_8000_3000_pt100_ak4_ca10_th85.root,ok,,1000,1000,1.0,0.0,0.133,0.010738295954200556,0.067,0.794,0.695,0.695,0.30500000000000005,0.014559361249725209,2706.411116770635,2036.1914938474806,3154.243041274832,0.902137038923545,0.6787304979491602,1.0514143470916109,0.2065561178970921,0.0540874359060277,0.5213424140047376
HtZt_8000_3000,HtZt,8000,3000,85,240,0.8,1.0,/eos/uscms/store/user/aji/rootfiles_existingOptimization/HtZt_8000_3000_pt240_ak8_ca10_th85.root,ok,,1000,1000,1.0,0.0,0.156,0.011474493452871897,0.0795,0.7855,0.691,0.691,0.30900000000000005,0.014612289348353324,2834.531325829029,2056.945461925133,3246.1504488797736,0.944843775276343,0.6856484873083777,1.0820501496265913,0.20977100801784723,0.05717999633683041,0.524286630490213
HtZt_8000_3000,HtZt,8000,3000,85,160,1.2,1.0,/eos/uscms/store/user/aji/rootfiles_existingOptimization/HtZt_8000_3000_pt160_ak12_ca10_th85.root,ok,,1000,1000,1.0,0.0,0.066,0.007851369307324678,0.033,0.753,0.673,0.673,0.32699999999999996,0.014834790190629592,3070.6080563876994,2578.7025328783675,3779.044523415966,1.0235360187959,0.8595675109594557,1.259681507805322,0.19545672526334992,0.03230945462668904,0.5248103271429398
HtZt_8000_3000,HtZt,8000,3000,85,280,1.0,1.0,/eos/uscms/store/user/aji/rootfiles_existingOptimization/HtZt_8000_3000_pt280_ak10_ca10_th85.root,ok,,1000,1000,1.0,0.0,0.151,0.01132249972400088,0.0765,0.779,0.687,0.687,0.31299999999999994,0.014663935351739654,2930.531790226467,2138.0805311677245,3369.6310117863177,0.9768439300754889,0.7126935103892414,1.123210337262106,0.21012406088306274,0.05426317125203868,0.5254396678755138
HtZt_8000_3000,HtZt,8000,3000,85,380,0.6,0.6,/eos/uscms/store/user/aji/rootfiles_existingOptimization/HtZt_8000_3000_pt380_ak6_ca6_th85.root,ok,,1000,1000,1.0,0.0,0.231,0.013328128150644412,0.122,0.7945,0.689,0.689,0.31100000000000005,0.014638271755914358,2730.9236339086965,1869.2160978226627,2992.4604214481765,0.9103078779695655,0.6230720326075543,0.9974868071493921,0.20565282560059076,0.054458062325493176,0.5256220378036343
HtZt_8000_3000,HtZt,8000,3000,85,380,1.0,0.8,/eos/uscms/store/user/aji/rootfiles_existingOptimization/HtZt_8000_3000_pt380_ak10_ca8_th85.root,ok,,1000,1000,1.0,0.0,0.157,0.01150439046625244,0.0815,0.794,0.689,0.689,0.31100000000000005,0.014638271755914358,2910.3441809505316,2023.6232590195175,3256.6249710228144,0.9701147269835105,0.6745410863398391,1.0855416570076046,0.21183090990987063,0.0379479560023816,0.5258194372115197
HtZt_8000_3000,HtZt,8000,3000,85,360,0.8,0.8,/eos/uscms/store/user/aji/rootfiles_existingOptimization/HtZt_8000_3000_pt360_ak8_ca8_th85.root,ok,,1000,1000,1.0,0.0,0.219,0.013078187947877183,0.1135,0.791,0.692,0.692,0.30800000000000005,0.014599178059055244,2822.864237475328,1936.7630514067969,3156.37871118155,0.9409547458251093,0.6455876838022657,1.0521262370605167,0.2160244980228902,0.05474896448705698,0.5299290234403793
HtZt_8000_3000,HtZt,8000,3000,85,320,1.2,1.0,/eos/uscms/store/user/aji/rootfiles_existingOptimization/HtZt_8000_3000_pt320_ak12_ca10_th85.root,ok,,1000,1000,1.0,0.0,0.107,0.009775019181566858,0.055,0.7815,0.681,0.681,0.31899999999999995,0.01473902981881779,3021.512280175769,2187.0989702378124,3468.128198353179,1.0071707600585897,0.7290329900792708,1.156042732784393,0.2119847793636711,0.03986679799848114,0.5317018553695301
HtZt_8000_3000,HtZt,8000,3000,85,400,1.0,0.8,/eos/uscms/store/user/aji/rootfiles_existingOptimization/HtZt_8000_3000_pt400_ak10_ca8_th85.root,ok,,1000,1000,1.0,0.0,0.164,0.011709141727727102,0.0855,0.7915,0.686,0.686,0.31399999999999995,0.01467664811869522,2906.2691386612105,1997.3520132783642,3252.2573110145663,0.9687563795537368,0.6657840044261214,1.0840857703381888,0.21589626388048172,0.03874340718893121,0.533020625925108
HtZt_8000_3000,HtZt,8000,3000,85,240,0.4,0.6,/eos/uscms/store/user/aji/rootfiles_existingOptimization/HtZt_8000_3000_pt240_ak4_ca6_th85.root,ok,,1000,1000,1.0,0.0,0.197,0.012577400367325514,0.102,0.789,0.676,0.676,0.32399999999999995,0.014799459449588015,2625.0652850687197,1902.3800065351634,2934.759805582248,0.8750217616895732,0.6341266688450545,0.9782532685274161,0.19663888073931443,0.05628703132521309,0.5331367045703571
HtZt_8000_3000,HtZt,8000,3000,85,320,0.6,0.8,/eos/uscms/store/user/aji/rootfiles_existingOptimization/HtZt_8000_3000_pt320_ak6_ca8_th85.root,ok,,1000,1000,1.0,0.0,0.216,0.013013224043256921,0.112,0.791,0.686,0.686,0.31399999999999995,0.01467664811869522,2742.1364630552,1883.8067254986806,3049.091036922147,0.9140454876850665,0.6279355751662269,1.016363678974049,0.21247744726116657,0.05761984629106598,0.5350728984926598
HtZt_8000_3000,HtZt,8000,3000,85,340,1.2,1.0,/eos/uscms/store/user/aji/rootfiles_existingOptimization/HtZt_8000_3000_pt340_ak12_ca10_th85.root,ok,,1000,1000,1.0,0.0,0.112,0.00997276290703835,0.058,0.78,0.678,0.678,0.32199999999999995,0.014775520295407536,3019.4671845985686,2165.272769240223,3457.916610523144,1.006489061532856,0.7217575897467411,1.1526388701743813,0.21405164591228615,0.04059848637554269,0.5367005520655717
HtZt_8000_3000,HtZt,8000,3000,85,180,0.6,1.0,/eos/uscms/store/user/aji/rootfiles_existingOptimization/HtZt_8000_3000_pt180_ak6_ca10_th85.root,ok,,1000,1000,1.0,0.0,0.156,0.011474493452871897,0.079,0.79,0.686,0.686,0.31399999999999995,0.01467664811869522,2761.226499613389,2000.7933891737994,3187.027675471474,0.920408833204463,0.6669311297245998,1.0623425584904913,0.2148020610521745,0.055867584547703325,0.5367611777317282
HtZt_8000_3000,HtZt,8000,3000,85,260,0.8,1.0,/eos/uscms/store/user/aji/rootfiles_existingOptimization/HtZt_8000_3000_pt260_ak8_ca10_th85.root,ok,,1000,1000,1.0,0.0,0.164,0.011709141727727102,0.0845,0.781,0.684,0.684,0.31599999999999995,0.014701836619960105,2830.1538279695537,2020.6797828822703,3239.872405246213,0.9433846093231846,0.6735599276274233,1.0799574684154045,0.215393348996622,0.05782979872422382,0.5370548880643035
HtZt_8000_3000,HtZt,8000,3000,85,280,0.4,0.4,/eos/uscms/store/user/aji/rootfiles_existingOptimization/HtZt_8000_3000_pt280_ak4_ca4_th85.root,ok,,1000,1000,1.0,0.0,0.198,0.012601428490452978,0.1055,0.793,0.674,0.674,0.32599999999999996,0.01482309009619789,2617.321749460607,1833.880167122665,2896.1535944822394,0.8724405831535356,0.6112933890408883,0.9653845314940799,0.2029313796781948,0.05520046580863459,0.5416873213628413
HtZt_8000_3000,HtZt,8000,3000,85,200,0.4,0.8,/eos/uscms/store/user/aji/rootfiles_existingOptimization/HtZt_8000_3000_pt200_ak4_ca8_th85.root,ok,,1000,1000,1.0,0.0,0.189,0.012380589646701001,0.097,0.7865,0.672,0.672,0.32799999999999996,0.014846413708367418,2639.516892763336,1925.8799736486308,3000.4173178569295,0.8798389642544453,0.6419599912162103,1.00013910595231,0.20354810896537875,0.05902547823708158,0.5435642125399341
HtZt_8000_3000,HtZt,8000,3000,85,200,0.6,1.0,/eos/uscms/store/user/aji/rootfiles_existingOptimization/HtZt_8000_3000_pt200_ak6_ca10_th85.root,ok,,1000,1000,1.0,0.0,0.165,0.011737759581794134,0.084,0.7865,0.681,0.681,0.31899999999999995,0.01473902981881779,2755.2029570369514,1975.729506069604,3170.0846394836026,0.9184009856789839,0.6585765020232013,1.0566948798278677,0.21674539989214686,0.0576952959143163,0.5439053013242484
HtZt_8000_3000,HtZt,8000,3000,85,300,1.0,1.0,/eos/uscms/store/user/aji/rootfiles_existingOptimization/HtZt_8000_3000_pt300_ak10_ca10_th85.root,ok,,1000,1000,1.0,0.0,0.16,0.01159310139695155,0.081,0.7745,0.68,0.68,0.31999999999999995,0.014751271131668619,2928.211605652812,2057.2216920250744,3355.175410924762,0.976070535217604,0.6857405640083581,1.1183918036415874,0.2216290852058015,0.05595462795967292,0.5440220316840411
HtZt_8000_3000,HtZt,8000,3000,85,400,0.6,0.6,/eos/uscms/store/user/aji/rootfiles_existingOptimization/HtZt_8000_3000_pt400_ak6_ca6_th85.root,ok,,1000,1000,1.0,0.0,0.243,0.013562853682024296,0.129,0.789,0.68,0.68,0.31999999999999995,0.014751271131668619,2728.647606336211,1777.0751995054895,2988.0957956950706,0.9095492021120704,0.5923583998351631,0.9960319318983568,0.2219085735690937,0.05751070098184331,0.5509536533578866
HtZt_8000_3000,HtZt,8000,3000,85,280,0.8,1.0,/eos/uscms/store/user/aji/rootfiles_existingOptimization/HtZt_8000_3000_pt280_ak8_ca10_th85.root,ok,,1000,1000,1.0,0.0,0.175,0.012015614840697915,0.09,0.779,0.68,0.68,0.31999999999999995,0.014751271131668619,2826.6335119390005,1951.5400965019992,3225.902982469504,0.9422111706463335,0.6505133655006664,1.0753009941565013,0.2254206073381836,0.058082522634482145,0.5511994902735502
HtZt_8000_3000,HtZt,8000,3000,85,360,1.2,1.0,/eos/uscms/store/user/aji/rootfiles_existingOptimization/HtZt_8000_3000_pt360_ak12_ca10_th85.root,ok,,1000,1000,1.0,0.0,0.117,0.010164201887015036,0.0605,0.775,0.669,0.669,0.33099999999999996,0.014880826589944525,3013.9245207674203,2108.6868495776916,3440.2500179612407,1.0046415069224732,0.7028956165258972,1.1467500059870803,0.22090187713866513,0.042624618840955086,0.5523660278309124
HtZt_8000_3000,HtZt,8000,3000,85,120,0.4,1.0,/eos/uscms/store/user/aji/rootfiles_existingOptimization/HtZt_8000_3000_pt120_ak4_ca10_th85.root,ok,,1000,1000,1.0,0.0,0.156,0.011474493452871897,0.0785,0.783,0.679,0.679,0.32099999999999995,0.0147634345597493,2692.9972745559535,1933.1508723887819,3133.3621061173326,0.8976657581853178,0.6443836241295939,1.0444540353724443,0.22283929602685046,0.05665340647697295,0.5540727202083187
HtZt_8000_3000,HtZt,8000,3000,85,220,0.6,1.0,/eos/uscms/store/user/aji/rootfiles_existingOptimization/HtZt_8000_3000_pt220_ak6_ca10_th85.root,ok,,1000,1000,1.0,0.0,0.177,0.012069424178476784,0.0905,0.7825,0.673,0.673,0.32699999999999996,0.014834790190629592,2749.3683942158973,1906.784491291128,3137.70509936411,0.9164561314052991,0.635594830430376,1.0459016997880368,0.22385516081849652,0.05965806782841167,0.5592095476779666
HtZt_8000_3000,HtZt,8000,3000,85,320,1.0,1.0,/eos/uscms/store/user/aji/rootfiles_existingOptimization/HtZt_8000_3000_pt320_ak10_ca10_th85.root,ok,,1000,1000,1.0,0.0,0.171,0.011906258858264422,0.087,0.7695,0.671,0.671,0.32899999999999996,0.014857960829131297,2924.545707867328,2016.511895707963,3358.339895814793,0.9748485692891093,0.6721706319026542,1.1194466319382645,0.22940793787171387,0.05684428222592587,0.560923080942803
HtZt_8000_3000,HtZt,8000,3000,85,120,1.0,1.0,/eos/uscms/store/user/aji/rootfiles_existingOptimization/HtZt_8000_3000_pt120_ak10_ca10_th85.root,ok,,1000,1000,1.0,0.0,0.073,0.008226238508577295,0.0365,0.734,0.657,0.657,0.34299999999999997,0.015011695440555674,3002.5678761140443,2516.6811189151454,3833.3706287229793,1.0008559587046815,0.8388937063050483,1.2777902095743263,0.21926057363804005,0.04109971653188141,0.5623461695085081
HtZt_8000_3000,HtZt,8000,3000,85,380,0.8,0.8,/eos/uscms/store/user/aji/rootfiles_existingOptimization/HtZt_8000_3000_pt380_ak8_ca8_th85.root,ok,,1000,1000,1.0,0.0,0.235,0.013408019988051927,0.122,0.783,0.679,0.679,0.32099999999999995,0.0147634345597493,2819.0805299727485,1819.403334055616,3146.9842477770117,0.9396935099909162,0.6064677780185387,1.048994749259004,0.23546346044506739,0.05709454181778443,0.5624941094459757
HtZt_8000_3000,HtZt,8000,3000,85,300,0.4,0.4,/eos/uscms/store/user/aji/rootfiles_existingOptimization/HtZt_8000_3000_pt300_ak4_ca4_th85.root,ok,,1000,1000,1.0,0.0,0.214,0.012969348480166612,0.114,0.7845,0.663,0.663,0.33699999999999997,0.014947608504372864,2612.4682871327827,1775.1102733988585,2891.826755702756,0.8708227623775943,0.5917034244662861,0.9639422519009188,0.21372823697115736,0.05765157060882671,0.5636459607333979
HtZt_8000_3000,HtZt,8000,3000,85,260,0.4,0.6,/eos/uscms/store/user/aji/rootfiles_existingOptimization/HtZt_8000_3000_pt260_ak4_ca6_th85.root,ok,,1000,1000,1.0,0.0,0.219,0.013078187947877183,0.115,0.779,0.658,0.658,0.34199999999999997,0.01500119995200384,2619.239411915924,1816.006058159358,2923.4533364261347,0.8730798039719747,0.605335352719786,0.9744844454753783,0.21140627184146943,0.058311586647472165,0.5660982914442719
HtZt_8000_3000,HtZt,8000,3000,85,300,0.8,1.0,/eos/uscms/store/user/aji/rootfiles_existingOptimization/HtZt_8000_3000_pt300_ak8_ca10_th85.root,ok,,1000,1000,1.0,0.0,0.187,0.012330085157856777,0.096,0.7745,0.672,0.672,0.32799999999999996,0.014846413708367418,2822.6165059456525,1907.2388360573489,3221.896776092739,0.9408721686485508,0.6357462786857829,1.073965592030913,0.23287930494031892,0.06023143086406032,0.5667920880754638
HtZt_8000_3000,HtZt,8000,3000,85,340,0.6,0.8,/eos/uscms/store/user/aji/rootfiles_existingOptimization/HtZt_8000_3000_pt340_ak6_ca8_th85.root,ok,,1000,1000,1.0,0.0,0.23,0.013307892395116516,0.1195,0.7815,0.671,0.671,0.32899999999999996,0.014857960829131297,2735.0809229359993,1777.8494421930907,3042.1793511188853,0.9116936409786665,0.5926164807310301,1.014059783706295,0.23113208430567886,0.05936335873605012,0.5689627202078121
HtZt_8000_3000,HtZt,8000,3000,85,340,1.0,1.0,/eos/uscms/store/user/aji/rootfiles_existingOptimization/HtZt_8000_3000_pt340_ak10_ca10_th85.root,ok,,1000,1000,1.0,0.0,0.181,0.0121753439376471,0.0925,0.7645,0.664,0.664,0.33599999999999997,0.014936666294725875,2920.419078897533,1951.4369280625492,3342.2965232248575,0.9734730262991778,0.6504789760208498,1.1140988410749526,0.2381267135960778,0.05696000620386492,0.5767794109661599
HtZt_8000_3000,HtZt,8000,3000,85,240,0.6,1.0,/eos/uscms/store/user/aji/rootfiles_existingOptimization/HtZt_8000_3000_pt240_ak6_ca10_th85.root,ok,,1000,1000,1.0,0.0,0.19,0.012405643876881199,0.098,0.7755,0.664,0.664,0.33599999999999997,0.014936666294725875,2745.626245180693,1842.342508946447,3127.8971592924377,0.9152087483935643,0.6141141696488157,1.0426323864308125,0.23410955016227755,0.06053622404231454,0.5785886753229211
HtZt_8000_3000,HtZt,8000,3000,85,220,0.4,0.8,/eos/uscms/store/user/aji/rootfiles_existingOptimization/HtZt_8000_3000_pt220_ak4_ca8_th85.root,ok,,1000,1000,1.0,0.0,0.207,0.012812142677944232,0.107,0.774,0.652,0.652,0.348,0.015063067416698366,2626.7584413397108,1837.2329699987833,2988.835244718293,0.8755861471132369,0.6124109899995944,0.9962784149060976,0.21920597200634945,0.06178166630619475,0.5796473572950258
HtZt_8000_3000,HtZt,8000,3000,85,140,0.4,1.0,/eos/uscms/store/user/aji/rootfiles_existingOptimization/HtZt_8000_3000_pt140_ak4_ca10_th85.root,ok,,1000,1000,1.0,0.0,0.16,0.01159310139695155,0.081,0.7725,0.661,0.661,0.33899999999999997,0.014969268519202933,2665.59075469213,1895.3889793995918,3118.905165343309,0.8885302515640432,0.6317963264665305,1.0396350551144362,0.2295018812977971,0.06300786499770344,0.5796488561413927
HtZt_8000_3000,HtZt,8000,3000,85,320,0.4,0.4,/eos/uscms/store/user/aji/rootfiles_existingOptimization/HtZt_8000_3000_pt320_ak4_ca4_th85.root,ok,,1000,1000,1.0,0.0,0.225,0.013205112646244258,0.121,0.7765,0.653,0.653,0.347,0.01505293991218991,2606.0656585973666,1706.003071202436,2882.8723117284626,0.8686885528657889,0.568667690400812,0.9609574372428209,0.22579424210659368,0.05829386257843784,0.5859253868200147
HtZt_8000_3000,HtZt,8000,3000,85,160,0.4,1.0,/eos/uscms/store/user/aji/rootfiles_existingOptimization/HtZt_8000_3000_pt160_ak4_ca10_th85.root,ok,,1000,1000,1.0,0.0,0.178,0.012096115078817662,0.09,0.7675,0.65,0.65,0.35,0.015083103128998356,2652.9402429138336,1842.0209812313283,3085.631784057341,0.8843134143046111,0.6140069937437761,1.0285439280191138,0.2343834932105565,0.06345592437585001,0.5959521517800953
HtZt_8000_3000,HtZt,8000,3000,85,380,1.2,1.0,/eos/uscms/store/user/aji/rootfiles_existingOptimization/HtZt_8000_3000_pt380_ak12_ca10_th85.root,ok,,1000,1000,1.0,0.0,0.128,0.010564847372300274,0.067,0.7685,0.658,0.658,0.34199999999999997,0.01500119995200384,3005.833794122148,1890.0959982893085,3424.116320004054,1.001944598040716,0.6300319994297695,1.141372106668018,0.2551738430638603,0.0432035661616445,0.597368302867932
HtZt_8000_3000,HtZt,8000,3000,85,320,0.8,1.0,/eos/uscms/store/user/aji/rootfiles_existingOptimization/HtZt_8000_3000_pt320_ak8_ca10_th85.root,ok,,1000,1000,1.0,0.0,0.198,0.012601428490452978,0.1015,0.7685,0.664,0.664,0.33599999999999997,0.014936666294725875,2819.1879860819063,1779.358125318702,3220.7004843375034,0.9397293286939687,0.5931193751062339,1.0735668281125013,0.25563076427229897,0.06114473496196762,0.5976578314029021
HtZt_8000_3000,HtZt,8000,3000,85,260,0.6,1.0,/eos/uscms/store/user/aji/rootfiles_existingOptimization/HtZt_8000_3000_pt260_ak6_ca10_th85.root,ok,,1000,1000,1.0,0.0,0.198,0.012601428490452978,0.1025,0.771,0.657,0.657,0.34299999999999997,0.015011695440555674,2743.670252690562,1771.9851923439828,3125.7865998888583,0.914556750896854,0.5906617307813276,1.0419288666296194,0.24671357759141777,0.06099127453144583,0.5982579025017323
HtZt_8000_3000,HtZt,8000,3000,85,400,0.8,0.8,/eos/uscms/store/user/aji/rootfiles_existingOptimization/HtZt_8000_3000_pt400_ak8_ca8_th85.root,ok,,1000,1000,1.0,0.0,0.248,0.01365635383255721,0.1295,0.7765,0.67,0.67,0.32999999999999996,0.014869431730903503,2814.5143823008057,1664.581877978088,3140.1977936648013,0.9381714607669353,0.5548606259926959,1.0467325978882671,0.2621439643311449,0.05776784928219154,0.5983268182544513
HtZt_8000_3000,HtZt,8000,3000,85,280,0.4,0.6,/eos/uscms/store/user/aji/rootfiles_existingOptimization/HtZt_8000_3000_pt280_ak4_ca6_th85.root,ok,,1000,1000,1.0,0.0,0.24,0.013505554412907307,0.1265,0.767,0.642,0.642,0.358,0.01516034300403523,2615.1971539951337,1698.379218834214,2907.404481928964,0.8717323846650447,0.5661264062780713,0.9691348273096546,0.23115375092232904,0.06095529488996998,0.6019805124558246
HtZt_8000_3000,HtZt,8000,3000,85,360,0.6,0.8,/eos/uscms/store/user/aji/rootfiles_existingOptimization/HtZt_8000_3000_pt360_ak6_ca8_th85.root,ok,,1000,1000,1.0,0.0,0.241,0.013524755080961725,0.1265,0.7755,0.662,0.662,0.33799999999999997,0.014958475858188226,2730.9236339086965,1627.927883792308,3038.189599624597,0.9103078779695655,0.5426426279307692,1.0127298665415325,0.2582023346097417,0.06049343937190032,0.6051715468127852
HtZt_8000_3000,HtZt,8000,3000,85,140,1.2,1.0,/eos/uscms/store/user/aji/rootfiles_existingOptimization/HtZt_8000_3000_pt140_ak12_ca10_th85.root,ok,,1000,1000,1.0,0.0,0.056,0.007270763371201128,0.028,0.7055,0.634,0.634,0.366,0.01523299051401267,3112.721555197591,2677.4468555599155,4155.822933564348,1.0375738517325304,0.8924822851866385,1.3852743111881158,0.23747322910008678,0.03022007393632842,0.6072306142733398
HtZt_8000_3000,HtZt,8000,3000,85,340,0.4,0.4,/eos/uscms/store/user/aji/rootfiles_existingOptimization/HtZt_8000_3000_pt340_ak4_ca4_th85.root,ok,,1000,1000,1.0,0.0,0.233,0.013368283360252356,0.127,0.77,0.644,0.644,0.356,0.015141466243399283,2605.190882685473,1618.5003490952545,2880.775906442811,0.8683969608951576,0.5395001163650848,0.9602586354809369,0.2422616257673953,0.06021595550826048,0.6114219296778796
HtZt_8000_3000,HtZt,8000,3000,85,100,0.8,1.2,/eos/uscms/store/user/aji/rootfiles_existingOptimization/HtZt_8000_3000_pt100_ak8_ca12_th85.root,ok,,1000,1000,1.0,0.0,0.087,0.00891240708226459,0.0435,0.744,0.646,0.646,0.354,0.015122301412152848,2898.1198020383026,2097.625981857795,3570.9623471583723,0.9660399340127674,0.699208660619265,1.1903207823861242,0.2541883127578701,0.056660138785680846,0.6115843193565933
HtZt_8000_3000,HtZt,8000,3000,85,240,0.4,0.8,/eos/uscms/store/user/aji/rootfiles_existingOptimization/HtZt_8000_3000_pt240_ak4_ca8_th85.root,ok,,1000,1000,1.0,0.0,0.228,0.013267102170406317,0.1175,0.7625,0.635,0.635,0.365,0.015224158433227107,2619.239411915924,1736.0485284663614,2979.1809753672105,0.8730798039719747,0.5786828428221205,0.9930603251224034,0.23730790725837483,0.06409757295991236,0.6149999268611773
HtZt_8000_3000,HtZt,8000,3000,85,140,1.0,1.2,/eos/uscms/store/user/aji/rootfiles_existingOptimization/HtZt_8000_3000_pt140_ak10_ca12_th85.root,ok,,1000,1000,1.0,0.0,0.095,0.00927227048785787,0.0475,0.737,0.635,0.635,0.365,0.015224158433227107,2962.5743251755093,2127.763473264878,3620.7831505473428,0.9875247750585032,0.7092544910882926,1.2069277168491144,0.25198012157788063,0.05635114302418251,0.6182276440720302
HtZt_8000_3000,HtZt,8000,3000,85,120,0.8,1.2,/eos/uscms/store/user/aji/rootfiles_existingOptimization/HtZt_8000_3000_pt120_ak8_ca12_th85.root,ok,,1000,1000,1.0,0.0,0.1,0.009486832980505138,0.05,0.756,0.651,0.651,0.349,0.01507312177354114,2872.653609534721,1939.3708288101886,3468.4326177319617,0.9575512031782404,0.6464569429367295,1.156144205910654,0.2661409965765822,0.06030365385061867,0.6193858762587581
HtZt_8000_3000,HtZt,8000,3000,85,360,1.0,1.0,/eos/uscms/store/user/aji/rootfiles_existingOptimization/HtZt_8000_3000_pt360_ak10_ca10_th85.root,ok,,1000,1000,1.0,0.0,0.195,0.012528966437819204,0.1,0.758,0.652,0.652,0.348,0.015063067416698366,2917.6474855900133,1757.5180752168912,3339.855980340998,0.9725491618633378,0.5858393584056305,1.1132853267803329,0.27116673843209727,0.05894757372183605,0.6219118222457635
HtZt_8000_3000,HtZt,8000,3000,85,380,0.6,0.8,/eos/uscms/store/user/aji/rootfiles_existingOptimization/HtZt_8000_3000_pt380_ak6_ca8_th85.root,ok,,1000,1000,1.0,0.0,0.253,0.013747399754135324,0.133,0.7705,0.654,0.654,0.346,0.015042739112276061,2728.4879291404386,1547.427864855807,3021.956623104596,0.9094959763801461,0.515809288285269,1.007318874368199,0.270209873846375,0.06064982017847219,0.6252602762083603
HtZt_8000_3000,HtZt,8000,3000,85,160,1.0,1.2,/eos/uscms/store/user/aji/rootfiles_existingOptimization/HtZt_8000_3000_pt160_ak10_ca12_th85.root,ok,,1000,1000,1.0,0.0,0.114,0.010050074626588601,0.057,0.7435,0.635,0.635,0.365,0.015224158433227107,2945.9836809372005,1992.3642976069204,3516.212984866256,0.9819945603124002,0.6641214325356402,1.1720709949554187,0.2586315560944581,0.059631715082896074,0.6254321000632181
HtZt_8000_3000,HtZt,8000,3000,85,180,1.0,1.2,/eos/uscms/store/user/aji/rootfiles_existingOptimization/HtZt_8000_3000_pt180_ak10_ca12_th85.root,ok,,1000,1000,1.0,0.0,0.124,0.010422283818818216,0.0625,0.746,0.635,0.635,0.365,0.015224158433227107,2938.0029111081485,1930.7487554918969,3464.490161112843,0.9793343037027162,0.643582918497299,1.154830053704281,0.26101767970040124,0.060691457563013855,0.6280842493301296
HtZt_8000_3000,HtZt,8000,3000,85,280,0.6,1.0,/eos/uscms/store/user/aji/rootfiles_existingOptimization/HtZt_8000_3000_pt280_ak6_ca10_th85.root,ok,,1000,1000,1.0,0.0,0.208,0.0128349522788361,0.1075,0.768,0.651,0.651,0.349,0.01507312177354114,2742.025019001038,1619.763445459714,3117.3470607581667,0.9140083396670127,0.5399211484865714,1.039115686919389,0.2730798597607336,0.06274891567070481,0.6306790257940323
HtZt_8000_3000,HtZt,8000,3000,85,400,1.2,1.0,/eos/uscms/store/user/aji/rootfiles_existingOptimization/HtZt_8000_3000_pt400_ak12_ca10_th85.root,ok,,1000,1000,1.0,0.0,0.134,0.010772372069326236,0.0705,0.7605,0.646,0.646,0.354,0.015122301412152848,2999.246774465531,1762.1111246381956,3422.055541707622,0.9997489248218436,0.5873703748793986,1.1406851805692073,0.2767268820961273,0.045106676393565054,0.6307519896139429
HtZt_8000_3000,HtZt,8000,3000,85,340,0.8,1.0,/eos/uscms/store/user/aji/rootfiles_existingOptimization/HtZt_8000_3000_pt340_ak8_ca10_th85.root,ok,,1000,1000,1.0,0.0,0.212,0.012925014506761685,0.109,0.7615,0.653,0.653,0.347,0.01505293991218991,2816.6406354072324,1655.3353894499216,3220.7004843375034,0.9388802118024109,0.5517784631499738,1.0735668281125013,0.2778780287427864,0.06365560741308285,0.6309900075625452
HtZt_8000_3000,HtZt,8000,3000,85,180,0.4,1.0,/eos/uscms/store/user/aji/rootfiles_existingOptimization/HtZt_8000_3000_pt180_ak4_ca10_th85.root,ok,,1000,1000,1.0,0.0,0.19,0.012405643876881199,0.0965,0.757,0.633,0.633,0.367,0.015241751867813621,2634.5764739439173,1728.8571221700956,3057.5930887213267,0.8781921579813058,0.5762857073900319,1.019197696240442,0.25217259390503377,0.06489222764842553,0.6313533781069032
HtZt_8000_3000,HtZt,8000,3000,85,300,0.4,0.6,/eos/uscms/store/user/aji/rootfiles_existingOptimization/HtZt_8000_3000_pt300_ak4_ca6_th85.root,ok,,1000,1000,1.0,0.0,0.254,0.013765318739498916,0.134,0.76,0.633,0.633,0.367,0.015241751867813621,2609.647423318731,1570.3207650751162,2902.456404160991,0.869882474439577,0.5234402550250388,0.9674854680536638,0.25523287689794055,0.063401150130912,0.6352446294539829
HtZt_8000_3000,HtZt,8000,3000,85,200,1.0,1.2,/eos/uscms/store/user/aji/rootfiles_existingOptimization/HtZt_8000_3000_pt200_ak10_ca12_th85.root,ok,,1000,1000,1.0,0.0,0.134,0.010772372069326236,0.0675,0.7445,0.636,0.636,0.364,0.015215255502291114,2931.9060387032923,1878.818376480972,3459.3875715577046,0.9773020129010974,0.6262727921603239,1.153129190519235,0.26954635895763196,0.06244739724619045,0.6358161576675222
HtZt_8000_3000,HtZt,8000,3000,85,220,1.0,1.2,/eos/uscms/store/user/aji/rootfiles_existingOptimization/HtZt_8000_3000_pt220_ak10_ca12_th85.root,ok,,1000,1000,1.0,0.0,0.141,0.011005407761641547,0.071,0.743,0.634,0.634,0.366,0.01523299051401267,2927.809331940447,1846.4060854508562,3445.02616867764,0.975936443980149,0.6154686951502855,1.14834205622588,0.2730061800450775,0.06314913625992978,0.6414125356470626
HtZt_8000_3000,HtZt,8000,3000,85,220,1.2,1.2,/eos/uscms/store/user/aji/rootfiles_existingOptimization/HtZt_8000_3000_pt220_ak12_ca12_th85.root,ok,,1000,1000,1.0,0.0,0.111,0.00993373041711924,0.056,0.7385,0.627,0.627,0.373,0.015292841462592882,3029.558656495047,1962.6406641740948,3601.9618054457906,1.009852885498349,0.6542135547246982,1.2006539351485968,0.2705544482126411,0.059728689563214026,0.644539736762476
HtZt_8000_3000,HtZt,8000,3000,85,200,1.2,1.2,/eos/uscms/store/user/aji/rootfiles_existingOptimization/HtZt_8000_3000_pt200_ak12_ca12_th85.root,ok,,1000,1000,1.0,0.0,0.103,0.009612023720320296,0.052,0.7315,0.622,0.622,0.378,0.015333492752794452,3037.781930883412,2044.8629262050883,3664.9381144887057,1.0125939769611372,0.6816209754016962,1.221646038162902,0.2666542933535203,0.05774736408099075,0.645913691049634
HtZt_8000_3000,HtZt,8000,3000,85,100,0.6,1.2,/eos/uscms/store/user/aji/rootfiles_existingOptimization/HtZt_8000_3000_pt100_ak6_ca12_th85.root,ok,,1000,1000,1.0,0.0,0.112,0.00997276290703835,0.056,0.751,0.638,0.638,0.362,0.015197236590906913,2789.7245826403096,1795.2908230866628,3343.7357418247534,0.9299081942134366,0.598430274362221,1.114578580608251,0.2775264856562612,0.06307667897762315,0.6465356662349175
HtZt_8000_3000,HtZt,8000,3000,85,140,0.8,1.2,/eos/uscms/store/user/aji/rootfiles_existingOptimization/HtZt_8000_3000_pt140_ak8_ca12_th85.root,ok,,1000,1000,1.0,0.0,0.115,0.010088359628799918,0.0575,0.747,0.64,0.64,0.36,0.015178932768808221,2858.5790012717343,1799.3294901063189,3425.9053865029396,0.9528596670905781,0.5997764967021063,1.1419684621676465,0.2845077739102162,0.06453199718042105,0.6492218072011584
HtZt_8000_3000,HtZt,8000,3000,85,120,1.0,1.2,/eos/uscms/store/user/aji/rootfiles_existingOptimization/HtZt_8000_3000_pt120_ak10_ca12_th85.root,ok,,1000,1000,1.0,0.0,0.078,0.008480330182251162,0.039,0.7015,0.605,0.605,0.395,0.015458816254810716,2997.1174467274586,2351.3803319244876,3878.2794827689445,0.9990391489091528,0.7837934439748292,1.2927598275896481,0.2547279474335703,0.049071424741319716,0.649824032542655
HtZt_8000_3000,HtZt,8000,3000,85,360,0.4,0.4,/eos/uscms/store/user/aji/rootfiles_existingOptimization/HtZt_8000_3000_pt360_ak4_ca4_th85.root,ok,,1000,1000,1.0,0.0,0.249,0.013674757767507255,0.136,0.7625,0.634,0.634,0.366,0.01523299051401267,2601.005279317802,1463.2191411886786,2878.0276415102508,0.8670017597726005,0.48773971372955954,0.9593425471700836,0.27197340035631373,0.06208732995718952,0.6512732243790537
HtZt_8000_3000,HtZt,8000,3000,85,240,1.0,1.2,/eos/uscms/store/user/aji/rootfiles_existingOptimization/HtZt_8000_3000_pt240_ak10_ca12_th85.root,ok,,1000,1000,1.0,0.0,0.145,0.01113440613593738,0.0735,0.741,0.631,0.631,0.369,0.015259062880793171,2924.256366075303,1802.2183829729606,3440.8973725995966,0.974752122025101,0.600739460990987,1.1469657908665323,0.28018729969047423,0.06404843697122146,0.651712087487964
HtZt_8000_3000,HtZt,8000,3000,85,300,0.6,1.0,/eos/uscms/store/user/aji/rootfiles_existingOptimization/HtZt_8000_3000_pt300_ak6_ca10_th85.root,ok,,1000,1000,1.0,0.0,0.217,0.013034991369387246,0.1125,0.7635,0.646,0.646,0.354,0.015122301412152848,2736.8216239486487,1514.858416369262,3113.007519706808,0.9122738746495496,0.5049528054564206,1.0376691732356027,0.2919717327122983,0.06328697316424187,0.6547443452473434
HtZt_8000_3000,HtZt,8000,3000,85,180,1.2,1.2,/eos/uscms/store/user/aji/rootfiles_existingOptimization/HtZt_8000_3000_pt180_ak12_ca12_th85.root,ok,,1000,1000,1.0,0.0,0.097,0.00935900635751467,0.0485,0.718,0.609,0.609,0.391,0.015431104950715617,3049.6102505502267,2110.415085174291,3710.5021413270915,1.016536750183409,0.703471695058097,1.2368340471090304,0.26234287739951423,0.05693046864045878,0.6549965524178551
HtZt_8000_3000,HtZt,8000,3000,85,100,1.0,0.8,/eos/uscms/store/user/aji/rootfiles_existingOptimization/HtZt_8000_3000_pt100_ak10_ca8_th85.root,ok,,1000,1000,1.0,0.0,0.035,0.005811626278418116,0.0175,0.6965,0.639,0.639,0.361,0.01518812035770062,3105.835354559309,2694.3807931065653,4502.590076886261,1.0352784515197697,0.8981269310355218,1.500863358962087,0.2910987024996798,0.015843920618342923,0.6556265476516567
HtZt_8000_3000,HtZt,8000,3000,85,260,1.0,1.2,/eos/uscms/store/user/aji/rootfiles_existingOptimization/HtZt_8000_3000_pt260_ak10_ca12_th85.root,ok,,1000,1000,1.0,0.0,0.149,0.01126050620531777,0.0755,0.739,0.628,0.628,0.372,0.015284501954594399,2921.820521131289,1788.2330343300448,3433.1717242119516,0.9739401737104296,0.5960776781100149,1.1443905747373173,0.28149208310115664,0.06373224683364151,0.6560980657301136
HtZt_8000_3000,HtZt,8000,3000,85,240,1.2,1.2,/eos/uscms/store/user/aji/rootfiles_existingOptimization/HtZt_8000_3000_pt240_ak12_ca12_th85.root,ok,,1000,1000,1.0,0.0,0.119,0.010239091756596383,0.0605,0.7365,0.625,0.625,0.375,0.015309310892394862,3020.827887326583,1883.6088325011267,3582.4178886617756,1.006942629108861,0.627869610833709,1.194139296220592,0.2811826955265707,0.06029949081343692,0.6568769584374567
HtZt_8000_3000,HtZt,8000,3000,85,260,0.4,0.8,/eos/uscms/store/user/aji/rootfiles_existingOptimization/HtZt_8000_3000_pt260_ak4_ca8_th85.root,ok,,1000,1000,1.0,0.0,0.25,0.013693063937629153,0.1305,0.752,0.617,0.617,0.383,0.015372410351015223,2615.793462580403,1574.352906048627,2949.7070584069747,0.8719311541934677,0.524784302016209,0.9832356861356584,0.2628942559940497,0.06591201089479132,0.658701140574703
HtZt_8000_3000,HtZt,8000,3000,85,160,1.2,1.2,/eos/uscms/store/user/aji/rootfiles_existingOptimization/HtZt_8000_3000_pt160_ak12_ca12_th85.root,ok,,1000,1000,1.0,0.0,0.083,0.008724161850859944,0.0415,0.702,0.601,0.601,0.399,0.015485444778888335,3068.4169617166513,2280.1282632237844,3874.964707820945,1.0228056539055503,0.7600427544079282,1.291654902606982,0.25987935546167046,0.054217553529826726,0.6611599208522255
HtZt_8000_3000,HtZt,8000,3000,85,360,0.8,1.0,/eos/uscms/store/user/aji/rootfiles_existingOptimization/HtZt_8000_3000_pt360_ak8_ca10_th85.root,ok,,1000,1000,1.0,0.0,0.226,0.013225883713385657,0.117,0.7565,0.646,0.646,0.354,0.015122301412152848,2813.239618801529,1491.156447393358,3196.4696513845606,0.9377465396005096,0.4970521491311192,1.0654898837948534,0.30308708731993556,0.06485581771239504,0.6633124333598845
HtZt_8000_3000,HtZt,8000,3000,85,320,0.4,0.6,/eos/uscms/store/user/aji/rootfiles_existingOptimization/HtZt_8000_3000_pt320_ak4_ca6_th85.root,ok,,1000,1000,1.0,0.0,0.264,0.013939296969359681,0.1405,0.754,0.624,0.624,0.376,0.015317441039547044,2603.9328661459804,1466.2236016808267,2894.499611501209,0.8679776220486601,0.48874120056027553,0.9648332038337364,0.2742536162106092,0.06438636643225246,0.6634558540057431
HtZt_8000_3000,HtZt,8000,3000,85,280,1.0,1.2,/eos/uscms/store/user/aji/rootfiles_existingOptimization/HtZt_8000_3000_pt280_ak10_ca12_th85.root,ok,,1000,1000,1.0,0.0,0.159,0.011563693181678594,0.0805,0.7375,0.625,0.625,0.375,0.015309310892394862,2920.103285395462,1738.26506460872,3416.4869268121524,0.9733677617984875,0.5794216882029066,1.1388289756040508,0.28735659293232074,0.06529659512360544,0.665019816752472
HtZt_8000_3000,HtZt,8000,3000,85,260,1.2,1.2,/eos/uscms/store/user/aji/rootfiles_existingOptimization/HtZt_8000_3000_pt260_ak12_ca12_th85.root,ok,,1000,1000,1.0,0.0,0.123,0.010386096475577337,0.0625,0.734,0.62,0.62,0.38,0.015349267083479915,3016.614954338578,1852.4936929537043,3573.7333009849544,1.0055383181128594,0.6174978976512348,1.1912444336616514,0.28529322337869406,0.06183333472760032,0.66584705518998
HtZt_8000_3000,HtZt,8000,3000,85,160,0.8,1.2,/eos/uscms/store/user/aji/rootfiles_existingOptimization/HtZt_8000_3000_pt160_ak8_ca12_th85.root,ok,,1000,1000,1.0,0.0,0.128,0.010564847372300274,0.0645,0.7415,0.629,0.629,0.371,0.015276092432294327,2846.0399115234295,1729.0537711602246,3402.051959546779,0.9486799705078099,0.5763512570534082,1.1340173198489263,0.2939168529599135,0.06501511279101149,0.6700488559091324
HtZt_8000_3000,HtZt,8000,3000,85,120,0.6,1.2,/eos/uscms/store/user/aji/rootfiles_existingOptimization/HtZt_8000_3000_pt120_ak6_ca12_th85.root,ok,,1000,1000,1.0,0.0,0.13,0.010634848376916336,0.065,0.746,0.628,0.628,0.372,0.015284501954594399,2775.577968433439,1696.3682134666722,3319.057397030391,0.9251926561444797,0.5654560711555574,1.106352465676797,0.2923155468912262,0.06369987854168373,0.6717962812767782
HtZt_8000_3000,HtZt,8000,3000,85,300,1.0,1.2,/eos/uscms/store/user/aji/rootfiles_existingOptimization/HtZt_8000_3000_pt300_ak10_ca12_th85.root,ok,,1000,1000,1.0,0.0,0.169,0.011850696182081457,0.0855,0.734,0.619,0.619,0.381,0.015357050498061143,2916.6581396799475,1706.8292017892798,3406.175639200796,0.9722193798933159,0.5689430672630933,1.1353918797335985,0.29131738380521843,0.06608150982823986,0.6750954458158869
HtZt_8000_3000,HtZt,8000,3000,85,200,0.4,1.0,/eos/uscms/store/user/aji/rootfiles_existingOptimization/HtZt_8000_3000_pt200_ak4_ca10_th85.root,ok,,1000,1000,1.0,0.0,0.207,0.012812142677944232,0.106,0.7455,0.614,0.614,0.386,0.015394934231752989,2620.7530084941536,1583.0584234494315,3032.6766650239824,0.8735843361647178,0.5276861411498105,1.010892221674661,0.27656521558425706,0.06871073977284375,0.6752067819677853
HtZt_8000_3000,HtZt,8000,3000,85,180,0.8,1.2,/eos/uscms/store/user/aji/rootfiles_existingOptimization/HtZt_8000_3000_pt180_ak8_ca12_th85.root,ok,,1000,1000,1.0,0.0,0.135,0.010806248192596726,0.068,0.74,0.627,0.627,0.373,0.015292841462592882,2833.602059688831,1691.013863806546,3382.4915308553914,0.944534019896277,0.5636712879355152,1.1274971769517972,0.2984677508377082,0.06655327327951799,0.6770143488480804
HtZt_8000_3000,HtZt,8000,3000,85,100,0.4,1.2,/eos/uscms/store/user/aji/rootfiles_existingOptimization/HtZt_8000_3000_pt100_ak4_ca12_th85.root,ok,,1000,1000,1.0,0.0,0.14,0.010972693379476163,0.0705,0.746,0.624,0.624,0.376,0.015317441039547044,2695.0977002938134,1627.9208461294297,3223.4332540396763,0.8983659000979378,0.5426402820431433,1.0744777513465589,0.29600270293286723,0.06581900236019428,0.6821661129230734
HtZt_8000_3000,HtZt,8000,3000,85,400,0.6,0.8,/eos/uscms/store/user/aji/rootfiles_existingOptimization/HtZt_8000_3000_pt400_ak6_ca8_th85.root,ok,,1000,1000,1.0,0.0,0.265,0.013956181426163821,0.14,0.7645,0.644,0.644,0.356,0.015141466243399283,2724.803055386118,1288.5144049852368,3019.024554669429,0.9082676851287059,0.4295048016617456,1.006341518223143,0.3175477483158816,0.06175631339004249,0.6827209798030109
HtZt_8000_3000,HtZt,8000,3000,85,220,1.4,1.2,/eos/uscms/store/user/aji/rootfiles_existingOptimization/HtZt_8000_3000_pt220_ak14_ca12_th85.root,ok,,1000,1000,1.0,0.0,0.065,0.007795832219846705,0.0325,0.6955,0.596,0.596,0.404,0.015517216245190372,3174.0494958879253,2086.68797926924,3826.8670339063015,1.0580164986293084,0.6955626597564132,1.2756223446354338,0.2741260110926933,0.046384276700937796,0.6839276609556242
HtZt_8000_3000,HtZt,8000,3000,85,200,0.8,1.2,/eos/uscms/store/user/aji/rootfiles_existingOptimization/HtZt_8000_3000_pt200_ak8_ca12_th85.root,ok,,1000,1000,1.0,0.0,0.144,0.011102432165971562,0.073,0.735,0.621,0.621,0.379,0.015341414537127925,2829.472035137769,1665.6525963977172,3370.963416319595,0.9431573450459232,0.5552175321325724,1.1236544721065316,0.3013478837649732,0.06770986559777498,0.6860321492603809
HtZt_8000_3000,HtZt,8000,3000,85,340,0.4,0.6,/eos/uscms/store/user/aji/rootfiles_existingOptimization/HtZt_8000_3000_pt340_ak4_ca6_th85.root,ok,,1000,1000,1.0,0.0,0.271,0.014055568291606,0.146,0.749,0.617,0.617,0.383,0.015372410351015223,2602.6777447131403,1385.0174345379785,2893.8898045389074,0.8675592482377135,0.4616724781793262,0.9646299348463024,0.289869226619762,0.06571653005436223,0.6861133017959906
HtZt_8000_3000,HtZt,8000,3000,85,280,1.2,1.2,/eos/uscms/store/user/aji/rootfiles_existingOptimization/HtZt_8000_3000_pt280_ak12_ca12_th85.root,ok,,1000,1000,1.0,0.0,0.131,0.010669536072388528,0.0665,0.7305,0.613,0.613,0.387,0.015402305022301045,3013.359708626107,1755.3671909519496,3567.0255533369345,1.0044532362087024,0.5851223969839832,1.189008517778978,0.3006043980077939,0.06257510978239118,0.6880497216286642
HtZt_8000_3000,HtZt,8000,3000,85,240,1.4,1.2,/eos/uscms/store/user/aji/rootfiles_existingOptimization/HtZt_8000_3000_pt240_ak14_ca12_th85.root,ok,,1000,1000,1.0,0.0,0.07,0.008068457101577725,0.035,0.7015,0.597,0.597,0.403,0.01551099609954177,3163.773608098837,2007.4987663629654,3783.5525275474847,1.0545912026996125,0.6691662554543217,1.2611841758491615,0.2806859752287678,0.04757392683953217,0.689145095498729
HtZt_8000_3000,HtZt,8000,3000,85,260,1.4,1.2,/eos/uscms/store/user/aji/rootfiles_existingOptimization/HtZt_8000_3000_pt260_ak14_ca12_th85.root,ok,,1000,1000,1.0,0.0,0.074,0.00827792244467173,0.0375,0.7065,0.599,0.599,0.401,0.015498354751392161,3147.5724073007814,1952.7270129169751,3743.450408189348,1.0491908024335936,0.6509090043056585,1.2478168027297827,0.2844610327500008,0.04880752708818943,0.6903801129933602
HtZt_8000_3000,HtZt,8000,3000,85,220,0.8,1.2,/eos/uscms/store/user/aji/rootfiles_existingOptimization/HtZt_8000_3000_pt220_ak8_ca12_th85.root,ok,,1000,1000,1.0,0.0,0.156,0.011474493452871897,0.0795,0.7315,0.616,0.616,0.384,0.015379986996093333,2822.6165059456525,1635.1264665433073,3342.092519526763,0.9408721686485508,0.5450421555144358,1.1140308398422543,0.3023730020333697,0.07036337176066831,0.6922857851685147
HtZt_8000_3000,HtZt,8000,3000,85,200,1.4,1.2,/eos/uscms/store/user/aji/rootfiles_existingOptimization/HtZt_8000_3000_pt200_ak14_ca12_th85.root,ok,,1000,1000,1.0,0.0,0.063,0.007683163410991596,0.0315,0.6765,0.579,0.579,0.42100000000000004,0.015612783224012303,3191.796339562295,2248.7397579429776,3940.588668735025,1.0639321131874317,0.7495799193143258,1.3135295562450084,0.26503083699633206,0.04439997594373647,0.6924240483150752
HtZt_8000_3000,HtZt,8000,3000,85,320,1.0,1.2,/eos/uscms/store/user/aji/rootfiles_existingOptimization/HtZt_8000_3000_pt320_ak10_ca12_th85.root,ok,,1000,1000,1.0,0.0,0.179,0.01212266472356635,0.091,0.7285,0.61,0.61,0.39,0.01542400726140908,2913.4983434866344,1667.5854479789941,3414.3029512006174,0.9711661144955448,0.5558618159929981,1.1381009837335392,0.29976291339354183,0.06680994216326032,0.6926463019439874
HtZt_8000_3000,HtZt,8000,3000,85,140,0.6,1.2,/eos/uscms/store/user/aji/rootfiles_existingOptimization/HtZt_8000_3000_pt140_ak6_ca12_th85.root,ok,,1000,1000,1.0,0.0,0.144,0.011102432165971562,0.0725,0.7405,0.617,0.617,0.383,0.015372410351015223,2767.1117072376946,1618.372885776069,3314.7148983530283,0.9223705690792314,0.5394576285920231,1.104904966117676,0.306518527629366,0.06625913128756958,0.6972814707214429
HtZt_8000_3000,HtZt,8000,3000,85,240,0.8,1.2,/eos/uscms/store/user/aji/rootfiles_existingOptimization/HtZt_8000_3000_pt240_ak8_ca12_th85.root,ok,,1000,1000,1.0,0.0,0.163,0.011680368144883106,0.083,0.729,0.612,0.612,0.388,0.015409607392792329,2820.609893349651,1620.698473758393,3334.6225695702756,0.940203297783217,0.540232824586131,1.1115408565234253,0.30382154225809843,0.07117741278069536,0.6978012124797768
HtZt_8000_3000,HtZt,8000,3000,85,380,0.4,0.4,/eos/uscms/store/user/aji/rootfiles_existingOptimization/HtZt_8000_3000_pt380_ak4_ca4_th85.root,ok,,1000,1000,1.0,0.0,0.268,0.014006284303840188,0.1475,0.7535,0.621,0.621,0.379,0.015341414537127925,2594.7433492945297,1283.2240524200192,2876.8107247607463,0.8649144497648433,0.427741350806673,0.9589369082535821,0.30707982598240374,0.06352204622847521,0.6995883810059194
HtZt_8000_3000,HtZt,8000,3000,85,380,0.8,1.0,/eos/uscms/store/user/aji/rootfiles_existingOptimization/HtZt_8000_3000_pt380_ak8_ca10_th85.root,ok,,1000,1000,1.0,0.0,0.242,0.013543854695026818,0.1255,0.75,0.635,0.635,0.365,0.015224158433227107,2809.092572343774,1338.4498721534696,3189.4457978162864,0.9363641907812581,0.44614995738448987,1.0631485992720955,0.32946509913669975,0.06566764506865903,0.7008286800585739
HtZt_8000_3000,HtZt,8000,3000,85,380,1.0,1.0,/eos/uscms/store/user/aji/rootfiles_existingOptimization/HtZt_8000_3000_pt380_ak10_ca10_th85.root,ok,,1000,1000,1.0,0.0,0.215,0.012991343271578963,0.1105,0.747,0.634,0.634,0.366,0.01523299051401267,2907.211019565035,1398.4332309690149,3338.8841830197634,0.9690703398550116,0.4661444103230049,1.1129613943399213,0.33373066815443475,0.06084069823860409,0.7028236341689336
HtZt_8000_3000,HtZt,8000,3000,85,160,0.6,1.2,/eos/uscms/store/user/aji/rootfiles_existingOptimization/HtZt_8000_3000_pt160_ak6_ca12_th85.root,ok,,1000,1000,1.0,0.0,0.148,0.011229247525992114,0.075,0.7375,0.612,0.612,0.388,0.015409607392792329,2755.2029570369514,1610.8003411854738,3302.3132622177136,0.9184009856789839,0.5369334470618247,1.1007710874059045,0.30696702700467404,0.06932723513362532,0.7031269284367756
HtZt_8000_3000,HtZt,8000,3000,85,300,1.2,1.2,/eos/uscms/store/user/aji/rootfiles_existingOptimization/HtZt_8000_3000_pt300_ak12_ca12_th85.root,ok,,1000,1000,1.0,0.0,0.14,0.010972693379476163,0.0715,0.727,0.607,0.607,0.393,0.015445096309184997,3008.9408511489423,1699.7403841843231,3564.3953937483875,1.002980283716314,0.5665801280614411,1.1881317979161292,0.3098523869041925,0.06382015007236441,0.7031504152758239
HtZt_8000_3000,HtZt,8000,3000,85,320,0.6,1.0,/eos/uscms/store/user/aji/rootfiles_existingOptimization/HtZt_8000_3000_pt320_ak6_ca10_th85.root,ok,,1000,1000,1.0,0.0,0.231,0.013328128150644412,0.1195,0.754,0.632,0.632,0.368,0.015250442616527561,2731.2103011861655,1317.820697971935,3109.1474381218713,0.9104034337287219,0.439273565990645,1.036382479373957,0.32793643524483673,0.06691412730978397,0.7048960918719646
HtZt_8000_3000,HtZt,8000,3000,85,260,0.8,1.2,/eos/uscms/store/user/aji/rootfiles_existingOptimization/HtZt_8000_3000_pt260_ak8_ca12_th85.root,ok,,1000,1000,1.0,0.0,0.171,0.011906258858264422,0.088,0.726,0.607,0.607,0.393,0.015445096309184997,2815.1630662294865,1588.8217970896171,3324.5419292394954,0.9383876887431621,0.5296072656965392,1.1081806430798318,0.30828056693615086,0.07257820790273406,0.7074417980618346
HtZt_8000_3000,HtZt,8000,3000,85,280,1.4,1.2,/eos/uscms/store/user/aji/rootfiles_existingOptimization/HtZt_8000_3000_pt280_ak14_ca12_th85.root,ok,,1000,1000,1.0,0.0,0.078,0.008480330182251162,0.04,0.703,0.591,0.591,0.40900000000000003,0.015547314880711718,3143.696091971418,1892.1997661963753,3739.889806281597,1.0478986973238058,0.6307332553987918,1.246629935427199,0.2938722424225384,0.049834571617221046,0.707662112154919
HtZt_8000_3000,HtZt,8000,3000,85,220,0.4,1.0,/eos/uscms/store/user/aji/rootfiles_existingOptimization/HtZt_8000_3000_pt220_ak4_ca10_th85.root,ok,,1000,1000,1.0,0.0,0.226,0.013225883713385657,0.1165,0.7335,0.596,0.596,0.404,0.015517216245190372,2615.793462580403,1483.0430009458833,3027.2093198367797,0.8719311541934677,0.4943476669819611,1.0090697732789267,0.2951621259439234,0.07413373369625177,0.7119690105245766
HtZt_8000_3000,HtZt,8000,3000,85,180,0.6,1.2,/eos/uscms/store/user/aji/rootfiles_existingOptimization/HtZt_8000_3000_pt180_ak6_ca12_th85.root,ok,,1000,1000,1.0,0.0,0.162,0.011651437679531225,0.082,0.732,0.605,0.605,0.395,0.015458816254810716,2745.626245180693,1565.205697284283,3268.4404136326234,0.9152087483935643,0.5217352324280943,1.0894801378775412,0.31017235491137446,0.07234806945946559,0.7136514800720181
HtZt_8000_3000,HtZt,8000,3000,85,120,0.4,1.2,/eos/uscms/store/user/aji/rootfiles_existingOptimization/HtZt_8000_3000_pt120_ak4_ca12_th85.root,ok,,1000,1000,1.0,0.0,0.163,0.011680368144883106,0.082,0.735,0.609,0.609,0.391,0.015431104950715617,2674.0869524618843,1543.2844867861177,3214.9246012345898,0.8913623174872948,0.5144281622620392,1.0716415337448633,0.3125627820197629,0.06846910685291446,0.7144265502710334
HtZt_8000_3000,HtZt,8000,3000,85,180,1.4,1.2,/eos/uscms/store/user/aji/rootfiles_existingOptimization/HtZt_8000_3000_pt180_ak14_ca12_th85.root,ok,,1000,1000,1.0,0.0,0.051,0.00695693898205238,0.0255,0.654,0.563,0.563,0.43700000000000006,0.01568537535413163,3208.507358230912,2421.538726054586,4176.790129989321,1.0695024527436372,0.8071795753515286,1.392263376663107,0.2735308366103507,0.04115545912583929,0.7174810818847145
HtZt_8000_3000,HtZt,8000,3000,85,400,1.0,1.0,/eos/uscms/store/user/aji/rootfiles_existingOptimization/HtZt_8000_3000_pt400_ak10_ca10_th85.root,ok,,1000,1000,1.0,0.0,0.223,0.01316324428095141,0.115,0.7445,0.631,0.631,0.369,0.015259062880793171,2906.1345010709797,1319.5033091770308,3327.9955071684562,0.9687115003569933,0.4398344363923436,1.1093318357228188,0.34556077794252954,0.06279257974151828,0.7176896279068302
HtZt_8000_3000,HtZt,8000,3000,85,280,0.4,0.8,/eos/uscms/store/user/aji/rootfiles_existingOptimization/HtZt_8000_3000_pt280_ak4_ca8_th85.root,ok,,1000,1000,1.0,0.0,0.27,0.014039230748157109,0.1415,0.741,0.602,0.602,0.398,0.015478888849009803,2609.223504361241,1319.4611827452486,2921.333660423852,0.8697411681204136,0.4398203942484162,0.9737778868079507,0.30696344621323557,0.06728610704097324,0.7179893294011943
HtZt_8000_3000,HtZt,8000,3000,85,340,1.0,1.2,/eos/uscms/store/user/aji/rootfiles_existingOptimization/HtZt_8000_3000_pt340_ak10_ca12_th85.root,ok,,1000,1000,1.0,0.0,0.189,0.012380589646701001,0.0965,0.723,0.601,0.601,0.399,0.015485444778888335,2907.1369425827784,1562.9018238007343,3400.4675772566857,0.9690456475275928,0.5209672746002448,1.1334891924188952,0.3160438929690406,0.06750670382401838,0.7181393282162813
HtZt_8000_3000,HtZt,8000,3000,85,300,1.4,1.2,/eos/uscms/store/user/aji/rootfiles_existingOptimization/HtZt_8000_3000_pt300_ak14_ca12_th85.root,ok,,1000,1000,1.0,0.0,0.082,0.008676174272108648,0.0425,0.701,0.586,0.586,0.41400000000000003,0.015575750383207868,3141.504778970642,1852.9889050700767,3734.4669232749147,1.0471682596568805,0.6176629683566922,1.244822307758305,0.29945490307694694,0.05089189346281923,0.718171729042635
HtZt_8000_3000,HtZt,8000,3000,85,200,0.6,1.2,/eos/uscms/store/user/aji/rootfiles_existingOptimization/HtZt_8000_3000_pt200_ak6_ca12_th85.root,ok,,1000,1000,1.0,0.0,0.17,0.011878552100319299,0.0865,0.727,0.598,0.598,0.402,0.015504708962118573,2742.227502101695,1546.026929762596,3245.7956153199275,0.9140758340338984,0.5153423099208653,1.081931871773309,0.3099248119010178,0.07300426955454661,0.720517228497628
HtZt_8000_3000,HtZt,8000,3000,85,280,0.8,1.2,/eos/uscms/store/user/aji/rootfiles_existingOptimization/HtZt_8000_3000_pt280_ak8_ca12_th85.root,ok,,1000,1000,1.0,0.0,0.182,0.012201475320632338,0.0935,0.723,0.601,0.601,0.399,0.015485444778888335,2812.3681024540983,1519.971189069805,3302.5404411733366,0.937456034151366,0.5066570630232683,1.1008468137244456,0.31691606275651574,0.07278945549536069,0.7221704593413791
HtZt_8000_3000,HtZt,8000,3000,85,320,1.2,1.2,/eos/uscms/store/user/aji/rootfiles_existingOptimization/HtZt_8000_3000_pt320_ak12_ca12_th85.root,ok,,1000,1000,1.0,0.0,0.143,0.011070275515993266,0.073,0.722,0.599,0.599,0.401,0.015498354751392161,3006.9613071967087,1615.3981414134983,3557.476877154284,1.0023204357322362,0.5384660471378327,1.1858256257180946,0.32293044993507447,0.0650018706584404,0.7241624935082981
HtZt_8000_3000,HtZt,8000,3000,85,140,1.2,1.2,/eos/uscms/store/user/aji/rootfiles_existingOptimization/HtZt_8000_3000_pt140_ak12_ca12_th85.root,ok,,1000,1000,1.0,0.0,0.07,0.008068457101577725,0.035,0.654,0.561,0.561,0.43899999999999995,0.015693278816104682,3113.8683604112757,2479.7422049336355,4232.445570074509,1.0379561201370922,0.8265807349778784,1.4108151900248365,0.2814350451393807,0.05046900578251137,0.7242306571530899
HtZt_8000_3000,HtZt,8000,3000,85,320,1.4,1.2,/eos/uscms/store/user/aji/rootfiles_existingOptimization/HtZt_8000_3000_pt320_ak14_ca12_th85.root,ok,,1000,1000,1.0,0.0,0.085,0.008819013550278738,0.044,0.7,0.583,0.583,0.41700000000000004,0.015592017188292218,3137.3277294429377,1812.2285532741582,3721.664944444986,1.0457759098143127,0.6040761844247194,1.2405549814816619,0.30430936067840536,0.05147188308695097,0.7258869516598367
HtZt_8000_3000,HtZt,8000,3000,85,340,1.4,1.2,/eos/uscms/store/user/aji/rootfiles_existingOptimization/HtZt_8000_3000_pt340_ak14_ca12_th85.root,ok,,1000,1000,1.0,0.0,0.086,0.008865889690267977,0.0445,0.701,0.584,0.584,0.41600000000000004,0.015586660963785668,3133.5709884427743,1789.567076049525,3711.6052499455013,1.044523662814258,0.5965223586831749,1.2372017499818337,0.3066849579895958,0.05253310071689112,0.7271373242710216
HtZt_8000_3000,HtZt,8000,3000,85,100,1.0,1.0,/eos/uscms/store/user/aji/rootfiles_existingOptimization/HtZt_8000_3000_pt100_ak10_ca10_th85.root,ok,,1000,1000,1.0,0.0,0.053,0.00708456067798138,0.0265,0.662,0.592,0.592,0.40800000000000003,0.015541428505771277,3091.920114807741,2601.7733481127307,4566.753305241248,1.0306400382692469,0.8672577827042435,1.5222511017470828,0.3177604666624291,0.03648087857079016,0.7288244704893538
HtZt_8000_3000,HtZt,8000,3000,85,340,1.2,1.2,/eos/uscms/store/user/aji/rootfiles_existingOptimization/HtZt_8000_3000_pt340_ak12_ca12_th85.root,ok,,1000,1000,1.0,0.0,0.146,0.011166198995181842,0.075,0.7205,0.596,0.596,0.404,0.015517216245190372,3005.833794122148,1593.68509659553,3555.3440658924833,1.001944598040716,0.5312283655318434,1.185114688630828,0.32630862244162356,0.0654411801501174,0.7305030822456953
HtZt_8000_3000,HtZt,8000,3000,85,400,0.8,1.0,/eos/uscms/store/user/aji/rootfiles_existingOptimization/HtZt_8000_3000_pt400_ak8_ca10_th85.root,ok,,1000,1000,1.0,0.0,0.256,0.013800869537822608,0.1335,0.743,0.625,0.625,0.375,0.015309310892394862,2805.7142375806957,1208.3921050430743,3185.0625437589047,0.9352380791935653,0.4027973683476914,1.0616875145863016,0.35225797628276445,0.06730722840400905,0.733734168363408
HtZt_8000_3000,HtZt,8000,3000,85,360,1.4,1.2,/eos/uscms/store/user/aji/rootfiles_existingOptimization/HtZt_8000_3000_pt360_ak14_ca12_th85.root,ok,,1000,1000,1.0,0.0,0.09,0.009049861877399014,0.047,0.699,0.582,0.582,0.41800000000000004,0.015597307459943206,3129.003453226402,1759.2979925029085,3709.9622059012036,1.0430011510754673,0.5864326641676362,1.2366540686337346,0.3117069448080844,0.05337357373343236,0.7340070599156312
HtZt_8000_3000,HtZt,8000,3000,85,340,0.6,1.0,/eos/uscms/store/user/aji/rootfiles_existingOptimization/HtZt_8000_3000_pt340_ak6_ca10_th85.root,ok,,1000,1000,1.0,0.0,0.243,0.013562853682024296,0.126,0.7465,0.62,0.62,0.38,0.015349267083479915,2727.4953273552737,1216.2776397308046,3101.2441932325055,0.9091651091184245,0.4054258799102682,1.0337480644108352,0.34554899775565634,0.06853537337116111,0.7346324868438139
HtZt_8000_3000,HtZt,8000,3000,85,220,0.6,1.2,/eos/uscms/store/user/aji/rootfiles_existingOptimization/HtZt_8000_3000_pt220_ak6_ca12_th85.root,ok,,1000,1000,1.0,0.0,0.183,0.012227469075814503,0.0935,0.7235,0.59,0.59,0.41000000000000003,0.01555313473226539,2732.7732988306475,1484.0323469862553,3211.9107211058545,0.9109244329435492,0.49467744899541843,1.0706369070352848,0.31614008649362857,0.07662725569063814,0.7350476431992736
HtZt_8000_3000,HtZt,8000,3000,85,140,0.4,1.2,/eos/uscms/store/user/aji/rootfiles_existingOptimization/HtZt_8000_3000_pt140_ak4_ca12_th85.root,ok,,1000,1000,1.0,0.0,0.169,0.011850696182081457,0.0855,0.723,0.589,0.589,0.41100000000000003,0.015558888135082147,2653.7083613668538,1513.5993421334895,3197.1961716861438,0.8845694537889514,0.5045331140444965,1.0657320572287146,0.3172158730896636,0.07549062085474012,0.7397589277107686
HtZt_8000_3000,HtZt,8000,3000,85,380,1.4,1.2,/eos/uscms/store/user/aji/rootfiles_existingOptimization/HtZt_8000_3000_pt380_ak14_ca12_th85.root,ok,,1000,1000,1.0,0.0,0.095,0.00927227048785787,0.05,0.695,0.577,0.577,0.42300000000000004,0.015622771841129857,3123.4384369456275,1725.5949097444966,3705.003813264998,1.0411461456485425,0.5751983032481656,1.2350012710883327,0.3168637614410837,0.05502776793196629,0.743978376005938
HtZt_8000_3000,HtZt,8000,3000,85,300,0.8,1.2,/eos/uscms/store/user/aji/rootfiles_existingOptimization/HtZt_8000_3000_pt300_ak8_ca12_th85.root,ok,,1000,1000,1.0,0.0,0.194,0.012504559168559283,0.0995,0.7185,0.593,0.593,0.40700000000000003,0.015535475531827148,2809.4502790725655,1423.9469762698361,3293.451136508127,0.9364834263575219,0.4746489920899454,1.097817045502709,0.33271707532326167,0.07512489570450018,0.7460687326875095
HtZt_8000_3000,HtZt,8000,3000,85,360,1.0,1.2,/eos/uscms/store/user/aji/rootfiles_existingOptimization/HtZt_8000_3000_pt360_ak10_ca12_th85.root,ok,,1000,1000,1.0,0.0,0.202,0.012696298673235441,0.1035,0.7175,0.59,0.59,0.41000000000000003,0.01555313473226539,2903.2945904798516,1431.4196408748412,3395.7455109654056,0.9677648634932838,0.47713988029161375,1.131915170321802,0.3382925515949631,0.07228545766670322,0.7515160652456347
HtZt_8000_3000,HtZt,8000,3000,85,360,1.2,1.2,/eos/uscms/store/user/aji/rootfiles_existingOptimization/HtZt_8000_3000_pt360_ak12_ca12_th85.root,ok,,1000,1000,1.0,0.0,0.158,0.011534123287012324,0.081,0.7145,0.586,0.586,0.41400000000000003,0.015575750383207868,3001.8751927316703,1498.4768763268755,3533.3555008033363,1.00062506424389,0.4994922921089585,1.1777851669344455,0.3389345815248145,0.06802383638072923,0.7529970879492035
HtZt_8000_3000,HtZt,8000,3000,85,360,0.6,1.0,/eos/uscms/store/user/aji/rootfiles_existingOptimization/HtZt_8000_3000_pt360_ak6_ca10_th85.root,ok,,1000,1000,1.0,0.0,0.253,0.013747399754135324,0.1325,0.7415,0.614,0.614,0.386,0.015394934231752989,2719.6102306422317,1143.390945781962,3090.636259697377,0.9065367435474107,0.38113031526065405,1.0302120865657924,0.35800080687583974,0.06988838850410604,0.7533471325210988
HtZt_8000_3000,HtZt,8000,3000,85,400,1.4,1.2,/eos/uscms/store/user/aji/rootfiles_existingOptimization/HtZt_8000_3000_pt400_ak14_ca12_th85.root,ok,,1000,1000,1.0,0.0,0.103,0.009612023720320296,0.054,0.693,0.574,0.574,0.42600000000000005,0.015637263187655313,3117.3202015028164,1658.2024622264428,3691.9314742314905,1.039106733834272,0.552734154075481,1.23064382474383,0.32619828579441645,0.05566399555195341,0.7561089591778437
HtZt_8000_3000,HtZt,8000,3000,85,160,0.4,1.2,/eos/uscms/store/user/aji/rootfiles_existingOptimization/HtZt_8000_3000_pt160_ak4_ca12_th85.root,ok,,1000,1000,1.0,0.0,0.188,0.012355403676124872,0.095,0.716,0.575,0.575,0.42500000000000004,0.015632498200863484,2639.058464476484,1458.1718931432267,3142.6803352806837,0.8796861548254947,0.4860572977144089,1.047560111760228,0.3191495119968131,0.082260339179792,0.7561808965142636
HtZt_8000_3000,HtZt,8000,3000,85,360,0.4,0.6,/eos/uscms/store/user/aji/rootfiles_existingOptimization/HtZt_8000_3000_pt360_ak4_ca6_th85.root,ok,,1000,1000,1.0,0.0,0.285,0.014274978108564651,0.154,0.742,0.607,0.607,0.393,0.015445096309184997,2597.269343119212,1060.0298920861364,2885.9871980498997,0.8657564477064039,0.3533432973620455,0.9619957326832999,0.35151481512711824,0.06654017594376063,0.7579391703564778
HtZt_8000_3000,HtZt,8000,3000,85,240,0.4,1.0,/eos/uscms/store/user/aji/rootfiles_existingOptimization/HtZt_8000_3000_pt240_ak4_ca10_th85.root,ok,,1000,1000,1.0,0.0,0.243,0.013562853682024296,0.125,0.7235,0.581,0.581,0.41900000000000004,0.015602531845825537,2611.0135583324463,1286.8675797163744,3016.062464181818,0.8703378527774822,0.42895585990545815,1.0053541547272726,0.33113479609232926,0.07948072571876731,0.763101010814581
HtZt_8000_3000,HtZt,8000,3000,85,240,0.6,1.2,/eos/uscms/store/user/aji/rootfiles_existingOptimization/HtZt_8000_3000_pt240_ak6_ca12_th85.root,ok,,1000,1000,1.0,0.0,0.196,0.012553246592017541,0.101,0.7175,0.581,0.581,0.41900000000000004,0.015602531845825537,2728.4879291404386,1359.4160303471417,3191.031678722873,0.9094959763801461,0.45313867678238057,1.0636772262409577,0.33564664677713074,0.07907954914911824,0.7636970491391162
HtZt_8000_3000,HtZt,8000,3000,85,320,0.8,1.2,/eos/uscms/store/user/aji/rootfiles_existingOptimization/HtZt_8000_3000_pt320_ak8_ca12_th85.root,ok,,1000,1000,1.0,0.0,0.206,0.0127892142057282,0.1055,0.7125,0.585,0.585,0.41500000000000004,0.015581238718407468,2803.094650384666,1361.460725664141,3288.2461765272924,0.9343648834615552,0.453820241888047,1.0960820588424307,0.3436889743624498,0.07635378559327816,0.7652524860162944
HtZt_8000_3000,HtZt,8000,3000,85,380,0.6,1.0,/eos/uscms/store/user/aji/rootfiles_existingOptimization/HtZt_8000_3000_pt380_ak6_ca10_th85.root,ok,,1000,1000,1.0,0.0,0.265,0.013956181426163821,0.139,0.736,0.605,0.605,0.395,0.015458816254810716,2716.7829355069966,1095.6862956261928,3076.8172382120815,0.9055943118356655,0.36522876520873093,1.0256057460706938,0.36460972216320564,0.07234806945946559,0.7690502909796391
HtZt_8000_3000,HtZt,8000,3000,85,140,1.0,1.4,/eos/uscms/store/user/aji/rootfiles_existingOptimization/HtZt_8000_3000_pt140_ak10_ca14_th85.root,ok,,1000,1000,1.0,0.0,0.097,0.00935900635751467,0.0485,0.678,0.554,0.554,0.44599999999999995,0.01571890581433708,2947.9481199025804,1765.9607315396602,3687.1784502564947,0.9826493733008601,0.5886535771798868,1.2290594834188315,0.32585677233361965,0.07909938500294483,0.7735918350035336
HtZt_8000_3000,HtZt,8000,3000,85,400,0.4,0.4,/eos/uscms/store/user/aji/rootfiles_existingOptimization/HtZt_8000_3000_pt400_ak4_ca4_th85.root,ok,,1000,1000,1.0,0.0,0.284,0.014259873772232347,0.1575,0.747,0.612,0.612,0.388,0.015409607392792329,2586.3604111048426,938.3203522121653,2873.5352648148482,0.8621201370349474,0.31277345073738844,0.9578450882716161,0.37411934243456757,0.06490239274081035,0.7759073287310728
HtZt_8000_3000,HtZt,8000,3000,85,120,0.8,1.4,/eos/uscms/store/user/aji/rootfiles_existingOptimization/HtZt_8000_3000_pt120_ak8_ca14_th85.root,ok,,1000,1000,1.0,0.0,0.105,0.009694070352540258,0.0525,0.698,0.561,0.561,0.43899999999999995,0.015693278816104682,2847.320869747532,1651.821511236611,3541.413109604248,0.9491069565825107,0.5506071704122038,1.1804710365347495,0.331819223194045,0.08346397454236916,0.7759085275357939
HtZt_8000_3000,HtZt,8000,3000,85,160,1.0,1.4,/eos/uscms/store/user/aji/rootfiles_existingOptimization/HtZt_8000_3000_pt160_ak10_ca14_th85.root,ok,,1000,1000,1.0,0.0,0.116,0.010126401137620413,0.058,0.6815,0.548,0.548,0.45199999999999996,0.015738360778683402,2931.5801882104915,1714.648765228945,3605.0582479328964,0.9771933960701639,0.5715495884096484,1.2016860826442988,0.3224215885866495,0.085811195022515,0.7767022489796331
HtZt_8000_3000,HtZt,8000,3000,85,100,0.8,1.4,/eos/uscms/store/user/aji/rootfiles_existingOptimization/HtZt_8000_3000_pt100_ak8_ca14_th85.root,ok,,1000,1000,1.0,0.0,0.094,0.009228434320078352,0.047,0.688,0.557,0.557,0.44299999999999995,0.015708309902723462,2872.653609534721,1733.0544593263094,3631.0175756816175,0.9575512031782404,0.5776848197754365,1.2103391918938724,0.3303501525655085,0.08234259930023177,0.7775950322476843
HtZt_8000_3000,HtZt,8000,3000,85,260,0.6,1.2,/eos/uscms/store/user/aji/rootfiles_existingOptimization/HtZt_8000_3000_pt260_ak6_ca12_th85.root,ok,,1000,1000,1.0,0.0,0.204,0.01274299807737567,0.1055,0.7135,0.574,0.574,0.42600000000000005,0.015637263187655313,2724.5568592341424,1321.6918642578692,3188.6308625122715,0.9081856197447141,0.44056395475262305,1.0628769541707572,0.3426133302975348,0.08087555253951575,0.7777947683230635
HtZt_8000_3000,HtZt,8000,3000,85,200,1.2,1.4,/eos/uscms/store/user/aji/rootfiles_existingOptimization/HtZt_8000_3000_pt200_ak12_ca14_th85.root,ok,,1000,1000,1.0,0.0,0.108,0.009815090422405696,0.0545,0.6765,0.547,0.547,0.45299999999999996,0.015741378592740853,3020.188746435213,1751.5698839381967,3710.5021413270915,1.0067295821450708,0.5838566279793989,1.2368340471090304,0.3243062639215944,0.08101626429479107,0.7779792221361015
HtZt_8000_3000,HtZt,8000,3000,85,380,1.2,1.2,/eos/uscms/store/user/aji/rootfiles_existingOptimization/HtZt_8000_3000_pt380_ak12_ca12_th85.root,ok,,1000,1000,1.0,0.0,0.172,0.011933817494833746,0.089,0.7085,0.577,0.577,0.42300000000000004,0.015622771841129857,2992.965796117975,1395.3351326239936,3519.1353334859755,0.9976552653726584,0.4651117108746645,1.173045111161992,0.3547986087272792,0.07094408707624963,0.7780330821900134
HtZt_8000_3000,HtZt,8000,3000,85,300,0.4,0.8,/eos/uscms/store/user/aji/rootfiles_existingOptimization/HtZt_8000_3000_pt300_ak4_ca8_th85.root,ok,,1000,1000,1.0,0.0,0.287,0.01430492922037715,0.1505,0.734,0.593,0.593,0.40700000000000003,0.015535475531827148,2605.7354759319396,1050.3158871316878,2919.6773458321773,0.8685784919773132,0.35010529571056254,0.9732257819440592,0.35870131023793084,0.0698524524740404,0.7788434610401995
HtZt_8000_3000,HtZt,8000,3000,85,380,1.0,1.2,/eos/uscms/store/user/aji/rootfiles_existingOptimization/HtZt_8000_3000_pt380_ak10_ca12_th85.root,ok,,1000,1000,1.0,0.0,0.223,0.01316324428095141,0.1145,0.709,0.576,0.576,0.42400000000000004,0.015627667772255716,2894.865485839895,1319.5033091770308,3373.2024007868963,0.9649551619466317,0.4398344363923436,1.1244008002622987,0.35471407940290184,0.07668558208581047,0.7822185632082388
HtZt_8000_3000,HtZt,8000,3000,85,220,1.2,1.4,/eos/uscms/store/user/aji/rootfiles_existingOptimization/HtZt_8000_3000_pt220_ak12_ca14_th85.root,ok,,1000,1000,1.0,0.0,0.116,0.010126401137620413,0.0585,0.679,0.545,0.545,0.45499999999999996,0.015747221977225064,3010.678479634304,1717.4578658908285,3689.027543179122,1.0035594932114347,0.5724859552969428,1.229675847726374,0.32742946326300726,0.0834502777025391,0.7827854125841507
HtZt_8000_3000,HtZt,8000,3000,85,240,1.2,1.4,/eos/uscms/store/user/aji/rootfiles_existingOptimization/HtZt_8000_3000_pt240_ak12_ca14_th85.root,ok,,1000,1000,1.0,0.0,0.124,0.010422283818818216,0.063,0.6795,0.547,0.547,0.45299999999999996,0.015741378592740853,3005.104989299694,1686.3624707218441,3667.7163194981113,1.0017016630998978,0.562120823573948,1.2225721064993704,0.3296646632698846,0.08460352226193416,0.7828348295798744
HtZt_8000_3000,HtZt,8000,3000,85,180,0.4,1.2,/eos/uscms/store/user/aji/rootfiles_existingOptimization/HtZt_8000_3000_pt180_ak4_ca12_th85.root,ok,,1000,1000,1.0,0.0,0.2,0.01264911064067352,0.1015,0.708,0.562,0.562,0.43799999999999994,0.01568935945155187,2621.9576452018737,1384.1274162747234,3126.426507378633,0.8739858817339579,0.46137580542490775,1.042142169126211,0.33225157055688515,0.08530599256985191,0.7828529823834893
HtZt_8000_3000,HtZt,8000,3000,85,180,1.0,1.4,/eos/uscms/store/user/aji/rootfiles_existingOptimization/HtZt_8000_3000_pt180_ak10_ca14_th85.root,ok,,1000,1000,1.0,0.0,0.126,0.010493998284733994,0.0635,0.678,0.539,0.539,0.46099999999999997,0.015763216676808068,2923.3563958985887,1662.4551018216016,3554.451204809332,0.9744521319661962,0.5541517006072005,1.1848170682697772,0.3235999732434545,0.0882464402818398,0.7871547600468349
HtZt_8000_3000,HtZt,8000,3000,85,100,1.0,1.2,/eos/uscms/store/user/aji/rootfiles_existingOptimization/HtZt_8000_3000_pt100_ak10_ca12_th85.root,ok,,1000,1000,1.0,0.0,0.057,0.007331507348424334,0.0285,0.6375,0.551,0.551,0.44899999999999995,0.015728922404284407,3083.5347548576124,2504.2945779820047,4573.01880627163,1.0278449182858709,0.8347648593273349,1.5243396020905433,0.33544688040740955,0.04508099867125942,0.7872313722359966
HtZt_8000_3000,HtZt,8000,3000,85,340,0.8,1.2,/eos/uscms/store/user/aji/rootfiles_existingOptimization/HtZt_8000_3000_pt340_ak8_ca12_th85.root,ok,,1000,1000,1.0,0.0,0.221,0.013120937466507492,0.1135,0.7055,0.574,0.574,0.42600000000000005,0.015637263187655313,2800.210739971478,1299.761248233955,3292.4722802718734,0.9334035799904925,0.43325374941131833,1.0974907600906245,0.35581447560232843,0.08216621397728202,0.7884741176032792
HtZt_8000_3000,HtZt,8000,3000,85,140,0.8,1.4,/eos/uscms/store/user/aji/rootfiles_existingOptimization/HtZt_8000_3000_pt140_ak8_ca14_th85.root,ok,,1000,1000,1.0,0.0,0.12,0.010276186062932104,0.06,0.6885,0.546,0.546,0.45399999999999996,0.015744332313566048,2834.07232615779,1595.363761732612,3470.142406528403,0.9446907753859299,0.5317879205775373,1.1567141355094677,0.33075702188191275,0.0902277778433496,0.7902879443433197
HtZt_8000_3000,HtZt,8000,3000,85,180,1.2,1.4,/eos/uscms/store/user/aji/rootfiles_existingOptimization/HtZt_8000_3000_pt180_ak12_ca14_th85.root,ok,,1000,1000,1.0,0.0,0.101,0.009528850927577786,0.0505,0.6665,0.538,0.538,0.46199999999999997,0.015765658882520576,3038.520890263013,1800.340068895853,3790.3997431838957,1.0128402967543377,0.6001133562986176,1.2634665810612986,0.3274717775785613,0.07976442145358545,0.7907558072539951
HtZt_8000_3000,HtZt,8000,3000,85,400,0.6,1.0,/eos/uscms/store/user/aji/rootfiles_existingOptimization/HtZt_8000_3000_pt400_ak6_ca10_th85.root,ok,,1000,1000,1.0,0.0,0.277,0.014151713677148785,0.146,0.73,0.595,0.595,0.405,0.015523369479594306,2712.6738842837917,1030.7143676581647,3072.2617795537835,0.9042246280945972,0.343571455886055,1.0240872598512611,0.37629798106649925,0.07300426955454661,0.7908755182570395
HtZt_8000_3000,HtZt,8000,3000,85,400,1.0,1.2,/eos/uscms/store/user/aji/rootfiles_existingOptimization/HtZt_8000_3000_pt400_ak10_ca12_th85.root,ok,,1000,1000,1.0,0.0,0.23,0.013307892395116516,0.1185,0.7065,0.573,0.573,0.42700000000000005,0.015641962792437528,2891.3827686636632,1280.468293754999,3368.457418751985,0.963794256221221,0.4268227645849996,1.122819139583995,0.36107103279895586,0.07969589694398486,0.7916916071768338
HtZt_8000_3000,HtZt,8000,3000,85,200,1.0,1.4,/eos/uscms/store/user/aji/rootfiles_existingOptimization/HtZt_8000_3000_pt200_ak10_ca14_th85.root,ok,,1000,1000,1.0,0.0,0.136,0.010839926199010766,0.0685,0.675,0.536,0.536,0.46399999999999997,0.015770351930125083,2919.750256281288,1626.4387959165015,3543.8981392428955,0.9732500854270959,0.5421462653055005,1.1812993797476319,0.32836016354504033,0.08862870037727993,0.7950351550023307
HtZt_8000_3000,HtZt,8000,3000,85,260,1.2,1.4,/eos/uscms/store/user/aji/rootfiles_existingOptimization/HtZt_8000_3000_pt260_ak12_ca14_th85.root,ok,,1000,1000,1.0,0.0,0.128,0.010564847372300274,0.065,0.676,0.541,0.541,0.45899999999999996,0.015758140753274162,3001.1620351641586,1648.1172964175594,3665.0031651623763,1.0003873450547194,0.5493724321391865,1.221667721720792,0.33601749007772197,0.08579754530361336,0.7950562245831938
HtZt_8000_3000,HtZt,8000,3000,85,280,0.6,1.2,/eos/uscms/store/user/aji/rootfiles_existingOptimization/HtZt_8000_3000_pt280_ak6_ca12_th85.root,ok,,1000,1000,1.0,0.0,0.214,0.012969348480166612,0.1105,0.7095,0.566,0.566,0.43400000000000005,0.015673034167001616,2719.0397036545805,1264.380350983743,3184.616298824078,0.9063465678848601,0.4214601169945811,1.0615387662746927,0.353109214488373,0.08200378523116256,0.7964745576998871
HtZt_8000_3000,HtZt,8000,3000,85,100,0.6,1.4,/eos/uscms/store/user/aji/rootfiles_existingOptimization/HtZt_8000_3000_pt100_ak6_ca14_th85.root,ok,,1000,1000,1.0,0.0,0.118,0.01020176455325254,0.059,0.69,0.541,0.541,0.45899999999999996,0.015758140753274162,2765.250593081503,1554.7185620410687,3396.597416432898,0.9217501976938345,0.5182395206803563,1.132199138810966,0.33304013368627483,0.08847668763768526,0.7998651139168913
HtZt_8000_3000,HtZt,8000,3000,85,400,1.2,1.2,/eos/uscms/store/user/aji/rootfiles_existingOptimization/HtZt_8000_3000_pt400_ak12_ca12_th85.root,ok,,1000,1000,1.0,0.0,0.182,0.012201475320632338,0.0945,0.701,0.565,0.565,0.43500000000000005,0.015677212762477903,2984.3894908448992,1338.8373649839482,3515.7494087754417,0.9947964969482996,0.4462791216613161,1.1719164695918138,0.36471647726771683,0.07469695601387177,0.8002368275728869
HtZt_8000_3000,HtZt,8000,3000,85,360,0.8,1.2,/eos/uscms/store/user/aji/rootfiles_existingOptimization/HtZt_8000_3000_pt360_ak8_ca12_th85.root,ok,,1000,1000,1.0,0.0,0.233,0.013368283360252356,0.1205,0.7015,0.568,0.568,0.43200000000000005,0.01566448211719749,2793.7815005491666,1256.2489688625888,3276.677489508618,0.9312605001830555,0.4187496562875296,1.092225829836206,0.3615938684268757,0.0837399830397564,0.8004678184085702
HtZt_8000_3000,HtZt,8000,3000,85,220,1.0,1.4,/eos/uscms/store/user/aji/rootfiles_existingOptimization/HtZt_8000_3000_pt220_ak10_ca14_th85.root,ok,,1000,1000,1.0,0.0,0.143,0.011070275515993266,0.072,0.6725,0.533,0.533,0.46699999999999997,0.015776913513105152,2914.1685898571377,1592.4339308083986,3526.9713638266007,0.9713895299523793,0.5308113102694662,1.1756571212755338,0.331919271889661,0.08974236663448083,0.801780318894423
HtZt_8000_3000,HtZt,8000,3000,85,280,1.2,1.4,/eos/uscms/store/user/aji/rootfiles_existingOptimization/HtZt_8000_3000_pt280_ak12_ca14_th85.root,ok,,1000,1000,1.0,0.0,0.136,0.010839926199010766,0.069,0.6745,0.537,0.537,0.46299999999999997,0.015768037290671277,2999.019600962852,1607.4951687086173,3647.508661789236,0.9996732003209507,0.5358317229028724,1.2158362205964122,0.34011339779600996,0.0887240214210033,0.8031460777639148
HtZt_8000_3000,HtZt,8000,3000,85,160,0.8,1.4,/eos/uscms/store/user/aji/rootfiles_existingOptimization/HtZt_8000_3000_pt160_ak8_ca14_th85.root,ok,,1000,1000,1.0,0.0,0.13,0.010634848376916336,0.0655,0.682,0.536,0.536,0.46399999999999997,0.015770351930125083,2820.4691024509257,1563.5153509393315,3458.1642927702983,0.9401563674836417,0.5211717836464439,1.1527214309234328,0.3358747912155036,0.09338195614914141,0.8058591544671394
HtZt_8000_3000,HtZt,8000,3000,85,160,1.2,1.4,/eos/uscms/store/user/aji/rootfiles_existingOptimization/HtZt_8000_3000_pt160_ak12_ca14_th85.root,ok,,1000,1000,1.0,0.0,0.087,0.00891240708226459,0.0435,0.6505,0.526,0.526,0.474,0.01578999683343857,3061.362622079904,1912.4026423614403,3933.0850845351947,1.020454207359968,0.6374675474538135,1.3110283615117317,0.33002990687867184,0.07231405907392115,0.8060753276146686
HtZt_8000_3000,HtZt,8000,3000,85,300,0.6,1.2,/eos/uscms/store/user/aji/rootfiles_existingOptimization/HtZt_8000_3000_pt300_ak6_ca12_th85.root,ok,,1000,1000,1.0,0.0,0.224,0.013184233007649706,0.116,0.705,0.561,0.561,0.43899999999999995,0.015693278816104682,2714.23662983792,1217.6451066155412,3175.093563955415,0.9047455432793068,0.40588170220518033,1.0583645213184718,0.3605891313641218,0.08467083951766885,0.809114577036191
HtZt_8000_3000,HtZt,8000,3000,85,320,0.4,0.8,/eos/uscms/store/user/aji/rootfiles_existingOptimization/HtZt_8000_3000_pt320_ak4_ca8_th85.root,ok,,1000,1000,1.0,0.0,0.297,0.014449602070645405,0.157,0.7285,0.585,0.585,0.41500000000000004,0.015581238718407468,2596.858736671228,931.7491570188554,2911.078924851445,0.8656195788904095,0.31058305233961847,0.9703596416171484,0.38110077762061567,0.0736994751999289,0.8095388197315747
HtZt_8000_3000,HtZt,8000,3000,85,160,1.4,1.2,/eos/uscms/store/user/aji/rootfiles_existingOptimization/HtZt_8000_3000_pt160_ak14_ca12_th85.root,ok,,1000,1000,1.0,0.0,0.05,0.006892024376045111,0.025,0.609,0.521,0.521,0.479,0.015797436500901024,3256.909534057523,2618.7962066995774,4719.215857377674,1.085636511352508,0.8729320688998591,1.573071952459225,0.3224559400121489,0.03817417405564255,0.8100195911473997
HtZt_8000_3000,HtZt,8000,3000,85,120,1.0,1.4,/eos/uscms/store/user/aji/rootfiles_existingOptimization/HtZt_8000_3000_pt120_ak10_ca14_th85.root,ok,,1000,1000,1.0,0.0,0.08,0.008579044235810887,0.04,0.652,0.532,0.532,0.46799999999999997,0.01577897335063343,2987.10366824241,1895.9314504765541,3939.5360657458273,0.9957012227474702,0.6319771501588514,1.3131786885819423,0.34207125735139193,0.06941966545841513,0.8105011350766449
HtZt_8000_3000,HtZt,8000,3000,85,240,1.0,1.4,/eos/uscms/store/user/aji/rootfiles_existingOptimization/HtZt_8000_3000_pt240_ak10_ca14_th85.root,ok,,1000,1000,1.0,0.0,0.147,0.011197812286335219,0.0745,0.669,0.529,0.529,0.471,0.01578477114183161,2910.2089580488987,1563.7525275177761,3525.1657336528538,0.9700696526829662,0.5212508425059253,1.1750552445509512,0.33698838028628614,0.09216413666791648,0.8109814150179895
HtZt_8000_3000,HtZt,8000,3000,85,200,0.4,1.2,/eos/uscms/store/user/aji/rootfiles_existingOptimization/HtZt_8000_3000_pt200_ak4_ca12_th85.root,ok,,1000,1000,1.0,0.0,0.219,0.013078187947877183,0.112,0.6995,0.547,0.547,0.45299999999999996,0.015741378592740853,2611.499475687721,1281.6289837642676,3086.217612722578,0.8704998252292403,0.42720966125475585,1.0287392042408594,0.3455081354138669,0.09068369337730149,0.8114581528909428
HtZt_8000_3000,HtZt,8000,3000,85,180,0.8,1.4,/eos/uscms/store/user/aji/rootfiles_existingOptimization/HtZt_8000_3000_pt180_ak8_ca14_th85.root,ok,,1000,1000,1.0,0.0,0.137,0.010873407929439602,0.069,0.6795,0.531,0.531,0.469,0.01578096955196353,2813.4773483656368,1535.9657048691329,3436.576380656402,0.9378257827885457,0.511988568289711,1.1455254602188008,0.337768967091799,0.09106435059405256,0.8129863888129444
HtZt_8000_3000,HtZt,8000,3000,85,260,1.0,1.4,/eos/uscms/store/user/aji/rootfiles_existingOptimization/HtZt_8000_3000_pt260_ak10_ca14_th85.root,ok,,1000,1000,1.0,0.0,0.151,0.01132249972400088,0.0765,0.668,0.527,0.527,0.473,0.01578831846651188,2905.979775099281,1551.2285217413257,3511.574271224771,0.9686599250330937,0.5170761739137752,1.1705247570749238,0.33729514676620065,0.09240996779227685,0.8134291542628913
HtZt_8000_3000,HtZt,8000,3000,85,300,1.2,1.4,/eos/uscms/store/user/aji/rootfiles_existingOptimization/HtZt_8000_3000_pt300_ak12_ca14_th85.root,ok,,1000,1000,1.0,0.0,0.146,0.011166198995181842,0.0745,0.6715,0.531,0.531,0.469,0.01578096955196353,2994.947732373458,1564.5390722047698,3636.089458779974,0.9983159107911528,0.5215130240682566,1.2120298195933248,0.34584082456315973,0.09304531531468889,0.8150092334840444
HtZt_8000_3000,HtZt,8000,3000,85,120,0.6,1.4,/eos/uscms/store/user/aji/rootfiles_existingOptimization/HtZt_8000_3000_pt120_ak6_ca14_th85.root,ok,,1000,1000,1.0,0.0,0.133,0.010738295954200556,0.0665,0.682,0.529,0.529,0.471,0.01578477114183161,2749.4938461154998,1512.5389690769116,3359.127646389408,0.9164979487051668,0.5041796563589706,1.119709215463136,0.33580520282330634,0.0926361649954775,0.8151554079527896
HtZt_8000_3000,HtZt,8000,3000,85,260,0.4,1.0,/eos/uscms/store/user/aji/rootfiles_existingOptimization/HtZt_8000_3000_pt260_ak4_ca10_th85.root,ok,,1000,1000,1.0,0.0,0.264,0.013939296969359681,0.1375,0.714,0.563,0.563,0.43700000000000006,0.01568537535413163,2606.3437811680133,1087.0060196559941,2999.616901502202,0.8687812603893379,0.36233533988533134,0.999872300500734,0.3669145443639606,0.08454777801640945,0.8170364183250269
HtZt_8000_3000,HtZt,8000,3000,85,380,0.4,0.6,/eos/uscms/store/user/aji/rootfiles_existingOptimization/HtZt_8000_3000_pt380_ak4_ca6_th85.root,ok,,1000,1000,1.0,0.0,0.302,0.014518815378673288,0.1645,0.7345,0.596,0.596,0.404,0.015517216245190372,2591.47094364889,798.6314536413183,2884.2208143390462,0.8638236478829635,0.2662104845471061,0.9614069381130154,0.4023948958040675,0.06732423824825014,0.8200125310157712
HtZt_8000_3000,HtZt,8000,3000,85,380,0.8,1.2,/eos/uscms/store/user/aji/rootfiles_existingOptimization/HtZt_8000_3000_pt380_ak8_ca12_th85.root,ok,,1000,1000,1.0,0.0,0.249,0.013674757767507255,0.129,0.695,0.557,0.557,0.44299999999999995,0.015708309902723462,2786.5326678826877,1208.9785171768838,3270.7788179320733,0.9288442226275625,0.40299283905896127,1.090259605977358,0.36995803503746894,0.08657937884049602,0.8200736127747126
HtZt_8000_3000,HtZt,8000,3000,85,280,1.0,1.4,/eos/uscms/store/user/aji/rootfiles_existingOptimization/HtZt_8000_3000_pt280_ak10_ca14_th85.root,ok,,1000,1000,1.0,0.0,0.161,0.011622349160131096,0.0815,0.6665,0.523,0.523,0.477,0.01579465099329517,2898.9972502858413,1524.25247789511,3503.579717456811,0.9663324167619471,0.5080841592983699,1.167859905818937,0.3413813585657143,0.09603766525755751,0.8217481168895195
HtZt_8000_3000,HtZt,8000,3000,85,200,0.8,1.4,/eos/uscms/store/user/aji/rootfiles_existingOptimization/HtZt_8000_3000_pt200_ak8_ca14_th85.root,ok,,1000,1000,1.0,0.0,0.146,0.011166198995181842,0.074,0.673,0.523,0.523,0.477,0.01579465099329517,2810.4031388546764,1509.4483145684267,3429.793718258726,0.9368010462848921,0.5031494381894756,1.1432645727529087,0.34164945540035546,0.09630118423692946,0.8249693507718663
HtZt_8000_3000,HtZt,8000,3000,85,320,1.2,1.4,/eos/uscms/store/user/aji/rootfiles_existingOptimization/HtZt_8000_3000_pt320_ak12_ca14_th85.root,ok,,1000,1000,1.0,0.0,0.149,0.01126050620531777,0.076,0.6675,0.525,0.525,0.475,0.015791611697353755,2991.7124426436667,1517.0909797320976,3633.1522462511516,0.9972374808812221,0.5056969932440325,1.2110507487503839,0.35365385328430304,0.09715883792943386,0.8289301051961808
HtZt_8000_3000,HtZt,8000,3000,85,340,0.4,0.8,/eos/uscms/store/user/aji/rootfiles_existingOptimization/HtZt_8000_3000_pt340_ak4_ca8_th85.root,ok,,1000,1000,1.0,0.0,0.305,0.014559361249725209,0.163,0.724,0.579,0.579,0.42100000000000004,0.015612783224012303,2595.882376946408,854.7926495762722,2908.026613991653,0.8652941256488027,0.2849308831920907,0.9693422046638843,0.395479006030821,0.07503206580673416,0.8299495934659408
HtZt_8000_3000,HtZt,8000,3000,85,320,0.6,1.2,/eos/uscms/store/user/aji/rootfiles_existingOptimization/HtZt_8000_3000_pt320_ak6_ca12_th85.root,ok,,1000,1000,1.0,0.0,0.238,0.01346684818359515,0.123,0.6955,0.547,0.547,0.45299999999999996,0.015741378592740853,2710.528409852176,1160.3492501077922,3172.3220040552196,0.9035094699507253,0.3867830833692641,1.0574406680184065,0.37114031836640193,0.08925923539089209,0.8337893713713294
HtZt_8000_3000,HtZt,8000,3000,85,300,1.0,1.4,/eos/uscms/store/user/aji/rootfiles_existingOptimization/HtZt_8000_3000_pt300_ak10_ca14_th85.root,ok,,1000,1000,1.0,0.0,0.171,0.011906258858264422,0.0865,0.6625,0.518,0.518,0.482,0.01580113919943749,2896.1672609038733,1467.8703264578098,3489.30222712263,0.9653890869679578,0.48929010881927,1.1631007423742101,0.34898397063468384,0.10227138517953756,0.834445061937888
HtZt_8000_3000,HtZt,8000,3000,85,400,0.8,1.2,/eos/uscms/store/user/aji/rootfiles_existingOptimization/HtZt_8000_3000_pt400_ak8_ca12_th85.root,ok,,1000,1000,1.0,0.0,0.26,0.013870832707519763,0.1355,0.6905,0.55,0.55,0.44999999999999996,0.015732132722552274,2780.9656696137663,1153.238926565532,3253.0541773745003,0.9269885565379221,0.384412975521844,1.0843513924581667,0.37753347223099676,0.08954372095244556,0.8348346165772045
HtZt_8000_3000,HtZt,8000,3000,85,340,1.2,1.4,/eos/uscms/store/user/aji/rootfiles_existingOptimization/HtZt_8000_3000_pt340_ak12_ca14_th85.root,ok,,1000,1000,1.0,0.0,0.152,0.011353237423748346,0.078,0.6665,0.523,0.523,0.477,0.01579465099329517,2990.330035940272,1484.4611435495747,3629.7543882900236,0.9967766786467573,0.49482038118319155,1.2099181294300079,0.35870509591859956,0.09786084369378595,0.8360274280539238
HtZt_8000_3000,HtZt,8000,3000,85,140,0.6,1.4,/eos/uscms/store/user/aji/rootfiles_existingOptimization/HtZt_8000_3000_pt140_ak6_ca14_th85.root,ok,,1000,1000,1.0,0.0,0.149,0.01126050620531777,0.075,0.6765,0.518,0.518,0.482,0.01580113919943749,2742.6334528954585,1456.3135826984444,3351.9051295222216,0.9142111509651527,0.48543786089948143,1.1173017098407405,0.345578725589918,0.09766467584359045,0.8361576104934028
HtZt_8000_3000,HtZt,8000,3000,85,220,0.8,1.4,/eos/uscms/store/user/aji/rootfiles_existingOptimization/HtZt_8000_3000_pt220_ak8_ca14_th85.root,ok,,1000,1000,1.0,0.0,0.158,0.011534123287012324,0.0805,0.6675,0.517,0.517,0.483,0.01580224667571039,2802.386623143383,1454.4389975025852,3424.651358782495,0.9341288743811276,0.4848129991675284,1.1415504529274985,0.35152400903733283,0.10058957298121984,0.8411111215992201
HtZt_8000_3000,HtZt,8000,3000,85,100,0.4,1.4,/eos/uscms/store/user/aji/rootfiles_existingOptimization/HtZt_8000_3000_pt100_ak4_ca14_th85.root,ok,,1000,1000,1.0,0.0,0.147,0.011197812286335219,0.074,0.679,0.517,0.517,0.483,0.01580224667571039,2664.5347807032776,1446.0704336004194,3302.070278223277,0.8881782602344258,0.48202347786680644,1.100690092741092,0.3482784045575461,0.10161730228793131,0.8424605785341035
HtZt_8000_3000,HtZt,8000,3000,85,220,1.4,1.4,/eos/uscms/store/user/aji/rootfiles_existingOptimization/HtZt_8000_3000_pt220_ak14_ca14_th85.root,ok,,1000,1000,1.0,0.0,0.087,0.00891240708226459,0.0435,0.63,0.507,0.507,0.493,0.015809838708854686,3152.6559635803465,1731.6342679903566,3921.2563143417146,1.0508853211934488,0.5772114226634523,1.3070854381139048,0.3472662529064368,0.08253012637456165,0.8453547850257817
HtZt_8000_3000,HtZt,8000,3000,85,240,1.4,1.4,/eos/uscms/store/user/aji/rootfiles_existingOptimization/HtZt_8000_3000_pt240_ak14_ca14_th85.root,ok,,1000,1000,1.0,0.0,0.093,0.009184280047995052,0.0465,0.6355,0.507,0.507,0.493,0.015809838708854686,3141.5602280822504,1685.0996015255525,3870.2298430868655,1.0471867426940835,0.5616998671751843,1.2900766143622884,0.34777786878452016,0.08861106486073164,0.8454965430539285
HtZt_8000_3000,HtZt,8000,3000,85,240,0.8,1.4,/eos/uscms/store/user/aji/rootfiles_existingOptimization/HtZt_8000_3000_pt240_ak8_ca14_th85.root,ok,,1000,1000,1.0,0.0,0.165,0.011737759581794134,0.084,0.665,0.513,0.513,0.487,0.015806043148112688,2798.8646288599766,1434.4614628073136,3407.4811594833927,0.932954876286659,0.4781538209357712,1.135827053161131,0.352467867922523,0.10058957298121984,0.8461723802938571
HtZt_8000_3000,HtZt,8000,3000,85,220,0.4,1.2,/eos/uscms/store/user/aji/rootfiles_existingOptimization/HtZt_8000_3000_pt220_ak4_ca12_th85.root,ok,,1000,1000,1.0,0.0,0.238,0.01346684818359515,0.1225,0.69,0.533,0.533,0.46699999999999997,0.015776913513105152,2599.581500249792,1181.0049375299584,3084.5850682259393,0.8665271667499306,0.39366831250998613,1.0281950227419796,0.36613203519740906,0.0965039646954414,0.846479318522416
HtZt_8000_3000,HtZt,8000,3000,85,120,1.2,1.0,/eos/uscms/store/user/aji/rootfiles_existingOptimization/HtZt_8000_3000_pt120_ak12_ca10_th85.root,ok,,1000,1000,1.0,0.0,0.043,0.006414904519944158,0.0215,0.6325,0.568,0.568,0.43200000000000005,0.01566448211719749,3240.8105491074875,2743.2377591245126,5390.691386573727,1.0802701830358292,0.9144125863748376,1.7968971288579088,0.40845547546404964,0.024464957641727313,0.8484824937676326
HtZt_8000_3000,HtZt,8000,3000,85,280,0.4,1.0,/eos/uscms/store/user/aji/rootfiles_existingOptimization/HtZt_8000_3000_pt280_ak4_ca10_th85.root,ok,,1000,1000,1.0,0.0,0.286,0.014289996501049255,0.1495,0.704,0.549,0.549,0.45099999999999996,0.01573527883451704,2598.021408928551,973.3086174176881,2971.7248703528367,0.8660071363095171,0.324436205805896,0.9905749567842789,0.3846034998147522,0.08683727128262748,0.8490027861838005
HtZt_8000_3000,HtZt,8000,3000,85,320,1.0,1.4,/eos/uscms/store/user/aji/rootfiles_existingOptimization/HtZt_8000_3000_pt320_ak10_ca14_th85.root,ok,,1000,1000,1.0,0.0,0.181,0.0121753439376471,0.092,0.658,0.51,0.51,0.49,0.0158082257068907,2891.151057221141,1426.3968476055086,3489.30222712263,0.9637170190737135,0.4754656158685029,1.1631007423742101,0.3567619502904674,0.10626087634361137,0.8503902483830961
HtZt_8000_3000,HtZt,8000,3000,85,360,0.4,0.8,/eos/uscms/store/user/aji/rootfiles_existingOptimization/HtZt_8000_3000_pt360_ak4_ca8_th85.root,ok,,1000,1000,1.0,0.0,0.317,0.014714312760030624,0.17,0.716,0.569,0.569,0.43100000000000005,0.015660108556456435,2589.7125767681828,799.5453561943831,2903.5026373961123,0.8632375255893943,0.26651511873146105,0.9678342124653707,0.40621443863614987,0.07872086973164866,0.8508906860772105
HtZt_8000_3000,HtZt,8000,3000,85,160,0.6,1.4,/eos/uscms/store/user/aji/rootfiles_existingOptimization/HtZt_8000_3000_pt160_ak6_ca14_th85.root,ok,,1000,1000,1.0,0.0,0.153,0.011383804285035824,0.0775,0.672,0.51,0.51,0.49,0.0158082257068907,2729.4640084080756,1415.2679716010118,3337.7072808258904,0.9098213361360252,0.47175599053367057,1.11256909360863,0.35216425336674734,0.10532312655343565,0.8511821197531448
HtZt_8000_3000,HtZt,8000,3000,85,260,1.4,1.4,/eos/uscms/store/user/aji/rootfiles_existingOptimization/HtZt_8000_3000_pt260_ak14_ca14_th85.root,ok,,1000,1000,1.0,0.0,0.098,0.009401914698613257,0.0495,0.6375,0.507,0.507,0.493,0.015809838708854686,3126.8599338128643,1632.0947151473142,3846.300759243198,1.042286644604288,0.5440315717157713,1.2821002530810661,0.35406223671104803,0.09498750451706076,0.8512909011714769
HtZt_8000_3000,HtZt,8000,3000,85,340,0.6,1.2,/eos/uscms/store/user/aji/rootfiles_existingOptimization/HtZt_8000_3000_pt340_ak6_ca12_th85.root,ok,,1000,1000,1.0,0.0,0.25,0.013693063937629153,0.1295,0.689,0.536,0.536,0.46399999999999997,0.015770351930125083,2703.65308257052,1116.5911198138524,3171.3976344050757,0.9012176941901733,0.3721970399379508,1.057132544801692,0.3800055798278675,0.09395550868088734,0.8538838104088502
HtZt_8000_3000,HtZt,8000,3000,85,360,1.2,1.4,/eos/uscms/store/user/aji/rootfiles_existingOptimization/HtZt_8000_3000_pt360_ak12_ca14_th85.root,ok,,1000,1000,1.0,0.0,0.164,0.011709141727727102,0.084,0.662,0.514,0.514,0.486,0.015805189021330938,2984.834398836997,1417.0738190842196,3613.593533197911,0.9949447996123324,0.4723579396947399,1.2045311777326368,0.3679466631330597,0.1035522311697691,0.8544521831718264
HtZt_8000_3000,HtZt,8000,3000,85,280,1.6,1.4,/eos/uscms/store/user/aji/rootfiles_existingOptimization/HtZt_8000_3000_pt280_ak16_ca14_th85.root,ok,,1000,1000,1.0,0.0,0.042,0.0063431853196954605,0.021,0.615,0.485,0.485,0.515,0.01580427157448264,3267.2026409012014,1813.0118185100314,3976.8868738600327,1.089067546967067,0.6043372728366772,1.3256289579533442,0.33115103242465765,0.08217622254835809,0.8550577871213643
HtZt_8000_3000,HtZt,8000,3000,85,140,1.2,1.4,/eos/uscms/store/user/aji/rootfiles_existingOptimization/HtZt_8000_3000_pt140_ak12_ca14_th85.root,ok,,1000,1000,1.0,0.0,0.074,0.00827792244467173,0.037,0.6175,0.501,0.501,0.499,0.015811356678033673,3107.1584203062803,2100.0652208260763,4300.286802056436,1.0357194734354267,0.7000217402753587,1.433428934018812,0.35405687184329,0.06658640485367746,0.8566288191868328
HtZt_8000_3000,HtZt,8000,3000,85,300,1.6,1.4,/eos/uscms/store/user/aji/rootfiles_existingOptimization/HtZt_8000_3000_pt300_ak16_ca14_th85.root,ok,,1000,1000,1.0,0.0,0.043,0.006414904519944158,0.0215,0.617,0.484,0.484,0.516,0.015803290796539814,3257.0673354179426,1783.4883827518672,3955.3491947540256,1.0856891118059808,0.5944961275839558,1.318449731584675,0.33340741660219125,0.08844089164510463,0.8579763277827894
HtZt_8000_3000,HtZt,8000,3000,85,260,1.6,1.4,/eos/uscms/store/user/aji/rootfiles_existingOptimization/HtZt_8000_3000_pt260_ak16_ca14_th85.root,ok,,1000,1000,1.0,0.0,0.038,0.006046155803483731,0.019,0.6055,0.481,0.481,0.519,0.01579996835439869,3277.4184136105323,1862.084002652345,4027.0490375123272,1.0924728045368441,0.6206946675507816,1.3423496791707756,0.3302851149351681,0.07845525701669384,0.8585323953888525
HtZt_8000_3000,HtZt,8000,3000,85,260,0.8,1.4,/eos/uscms/store/user/aji/rootfiles_existingOptimization/HtZt_8000_3000_pt260_ak8_ca14_th85.root,ok,,1000,1000,1.0,0.0,0.173,0.011961229033840962,0.089,0.6615,0.507,0.507,0.493,0.015809838708854686,2791.651821984331,1394.6964876051338,3402.051959546779,0.9305506073281103,0.4648988292017112,1.1340173198489263,0.35952826497446216,0.10579284626285824,0.8594732042416511
HtZt_8000_3000,HtZt,8000,3000,85,200,1.4,1.4,/eos/uscms/store/user/aji/rootfiles_existingOptimization/HtZt_8000_3000_pt200_ak14_ca14_th85.root,ok,,1000,1000,1.0,0.0,0.084,0.008771772910877254,0.042,0.616,0.497,0.497,0.503,0.01581110369329099,3174.8372927188047,1802.5152296971364,4053.8832785508775,1.0582790975729348,0.6008384098990455,1.3512944261836257,0.3545643195663987,0.076973037730141,0.8633922293236922
HtZt_8000_3000,HtZt,8000,3000,85,360,0.6,1.2,/eos/uscms/store/user/aji/rootfiles_existingOptimization/HtZt_8000_3000_pt360_ak6_ca12_th85.root,ok,,1000,1000,1.0,0.0,0.26,0.013870832707519763,0.136,0.685,0.531,0.531,0.469,0.01578096955196353,2697.7660162541115,1094.323175026547,3168.315818814229,0.8992553387513706,0.36477439167551573,1.0561052729380764,0.38439075725837996,0.0962039018311328,0.8634652233832429
HtZt_8000_3000,HtZt,8000,3000,85,240,1.6,1.4,/eos/uscms/store/user/aji/rootfiles_existingOptimization/HtZt_8000_3000_pt240_ak16_ca14_th85.root,ok,,1000,1000,1.0,0.0,0.033,0.005648982209212559,0.0165,0.598,0.479,0.479,0.521,0.015797436500901024,3302.3194169277403,1954.4156856021718,4158.119465030381,1.1007731389759134,0.651471895200724,1.3860398216767937,0.3336599978990508,0.06936932422137,0.8647373117966421
HtZt_8000_3000,HtZt,8000,3000,85,320,1.6,1.4,/eos/uscms/store/user/aji/rootfiles_existingOptimization/HtZt_8000_3000_pt320_ak16_ca14_th85.root,ok,,1000,1000,1.0,0.0,0.046,0.006624499981130651,0.023,0.6155,0.481,0.481,0.519,0.01579996835439869,3251.9931846003574,1753.1033809759733,3951.6664295100527,1.083997728200119,0.5843677936586578,1.3172221431700175,0.3380331574717406,0.09139220907940754,0.8654329302917525
HtZt_8000_3000,HtZt,8000,3000,85,280,1.4,1.4,/eos/uscms/store/user/aji/rootfiles_existingOptimization/HtZt_8000_3000_pt280_ak14_ca14_th85.root,ok,,1000,1000,1.0,0.0,0.102,0.009570579919733181,0.052,0.633,0.499,0.499,0.501,0.015811356678033673,3121.8456812744043,1580.2517143756802,3842.2232357332055,1.0406152270914681,0.5267505714585601,1.2807410785777351,0.36228112345933444,0.09901815529875407,0.8673426461684812
HtZt_8000_3000,HtZt,8000,3000,85,280,0.8,1.4,/eos/uscms/store/user/aji/rootfiles_existingOptimization/HtZt_8000_3000_pt280_ak8_ca14_th85.root,ok,,1000,1000,1.0,0.0,0.183,0.012227469075814503,0.094,0.66,0.504,0.504,0.496,0.01581088232832058,2786.8802452897903,1353.1046949336437,3384.0357153063605,0.9289600817632635,0.45103489831121457,1.1280119051021202,0.36437357217004007,0.10957823872767654,0.8674775639937137
HtZt_8000_3000,HtZt,8000,3000,85,340,1.0,1.4,/eos/uscms/store/user/aji/rootfiles_existingOptimization/HtZt_8000_3000_pt340_ak10_ca14_th85.root,ok,,1000,1000,1.0,0.0,0.191,0.012430567163247218,0.0975,0.6535,0.503,0.503,0.497,0.01581110369329099,2883.7660797477793,1358.2608950320318,3479.45667174578,0.9612553599159266,0.452753631677344,1.1598188905819267,0.36778221916308695,0.10974603019453384,0.8686566831714942
HtZt_8000_3000,HtZt,8000,3000,85,340,1.6,1.4,/eos/uscms/store/user/aji/rootfiles_existingOptimization/HtZt_8000_3000_pt340_ak16_ca14_th85.root,ok,,1000,1000,1.0,0.0,0.047,0.006692607862410586,0.0235,0.614,0.479,0.479,0.521,0.015797436500901024,3246.888969337546,1734.8312323786454,3945.956698679528,1.0822963231125153,0.5782770774595485,1.3153188995598426,0.34049908807815077,0.09908112205685322,0.8697287203894023
HtZt_8000_3000,HtZt,8000,3000,85,300,0.4,1.0,/eos/uscms/store/user/aji/rootfiles_existingOptimization/HtZt_8000_3000_pt300_ak4_ca10_th85.root,ok,,1000,1000,1.0,0.0,0.302,0.014518815378673288,0.158,0.698,0.542,0.542,0.45799999999999996,0.015755506973753653,2588.592658728765,905.6923680949656,2966.53145973524,0.8628642195762549,0.3018974560316552,0.9888438199117466,0.3980616812558555,0.08953626027540205,0.86977525929823
HtZt_8000_3000,HtZt,8000,3000,85,400,0.4,0.6,/eos/uscms/store/user/aji/rootfiles_existingOptimization/HtZt_8000_3000_pt400_ak4_ca6_th85.root,ok,,1000,1000,1.0,0.0,0.32,0.014751271131668619,0.1755,0.7285,0.588,0.588,0.41200000000000003,0.01556457516284977,2584.1995340602425,576.7375993532413,2878.0622619772785,0.8613998446867475,0.19224586645108044,0.9593540873257594,0.4452683765885992,0.07196455278693928,0.8711283921199244
HtZt_8000_3000,HtZt,8000,3000,85,380,1.2,1.4,/eos/uscms/store/user/aji/rootfiles_existingOptimization/HtZt_8000_3000_pt380_ak12_ca14_th85.root,ok,,1000,1000,1.0,0.0,0.179,0.01212266472356635,0.0925,0.6565,0.505,0.505,0.495,0.01581059771166163,2977.5154911268705,1348.1148131188897,3587.052403916022,0.9925051637089568,0.44937160437296325,1.195684134638674,0.3759741296845082,0.11220968918588134,0.8717236133136126
HtZt_8000_3000,HtZt,8000,3000,85,180,0.6,1.4,/eos/uscms/store/user/aji/rootfiles_existingOptimization/HtZt_8000_3000_pt180_ak6_ca14_th85.root,ok,,1000,1000,1.0,0.0,0.166,0.011766222843376714,0.084,0.6645,0.501,0.501,0.499,0.015811356678033673,2717.3156179270045,1360.504224288271,3335.853469504847,0.9057718726423349,0.4535014080960903,1.1119511565016156,0.36347438482754113,0.11098040915178531,0.8718971975633076
HtZt_8000_3000,HtZt,8000,3000,85,300,1.4,1.4,/eos/uscms/store/user/aji/rootfiles_existingOptimization/HtZt_8000_3000_pt300_ak14_ca14_th85.root,ok,,1000,1000,1.0,0.0,0.106,0.009734680272099337,0.0545,0.632,0.496,0.496,0.504,0.01581088232832058,3118.801572652059,1555.0780546753317,3833.527880942347,1.0396005242173527,0.5183593515584438,1.2778426269807823,0.3652764969477597,0.10321719297045327,0.8732365493694949
HtZt_8000_3000,HtZt,8000,3000,85,360,1.6,1.4,/eos/uscms/store/user/aji/rootfiles_existingOptimization/HtZt_8000_3000_pt360_ak16_ca14_th85.root,ok,,1000,1000,1.0,0.0,0.049,0.006826346021115542,0.025,0.611,0.477,0.477,0.523,0.01579465099329517,3239.3319791289105,1719.7213652717965,3944.861294702036,1.0797773263763035,0.5732404550905988,1.3149537649006788,0.34345660521472743,0.1030647064383957,0.8744343378523578
HtZt_8000_3000,HtZt,8000,3000,85,320,1.4,1.4,/eos/uscms/store/user/aji/rootfiles_existingOptimization/HtZt_8000_3000_pt320_ak14_ca14_th85.root,ok,,1000,1000,1.0,0.0,0.109,0.00985489725973843,0.056,0.632,0.494,0.494,0.506,0.015810249839898167,3115.625298250927,1529.5002127469638,3803.5493544639157,1.0385417660836422,0.5098334042489879,1.267849784821305,0.36494265581191265,0.10592173480874986,0.8747968324202768
HtZt_8000_3000,HtZt,8000,3000,85,120,0.4,1.4,/eos/uscms/store/user/aji/rootfiles_existingOptimization/HtZt_8000_3000_pt120_ak4_ca14_th85.root,ok,,1000,1000,1.0,0.0,0.173,0.011961229033840962,0.087,0.6675,0.502,0.502,0.498,0.01581126180922952,2652.5307937456896,1329.0256270642742,3270.131567201659,0.8841769312485632,0.44300854235475806,1.0900438557338863,0.3658969661566703,0.10454400517540782,0.8754792730318139
HtZt_8000_3000,HtZt,8000,3000,85,340,1.4,1.4,/eos/uscms/store/user/aji/rootfiles_existingOptimization/HtZt_8000_3000_pt340_ak14_ca14_th85.root,ok,,1000,1000,1.0,0.0,0.11,0.009894442884771228,0.0565,0.631,0.493,0.493,0.507,0.015809838708854686,3114.0984005310183,1513.9615838992827,3790.670653817352,1.038032800177006,0.5046538612997609,1.263556884605784,0.3655486720538188,0.10905528584200169,0.8763519520715194
HtZt_8000_3000,HtZt,8000,3000,85,240,0.4,1.2,/eos/uscms/store/user/aji/rootfiles_existingOptimization/HtZt_8000_3000_pt240_ak4_ca12_th85.root,ok,,1000,1000,1.0,0.0,0.253,0.013747399754135324,0.13,0.6805,0.519,0.519,0.481,0.01579996835439869,2591.7714859194184,1088.3625029104967,3074.1439902725238,0.8639238286398061,0.36278750097016554,1.0247146634241746,0.3830934745116198,0.1007780587791264,0.8777010916476391
HtZt_8000_3000,HtZt,8000,3000,85,380,0.6,1.2,/eos/uscms/store/user/aji/rootfiles_existingOptimization/HtZt_8000_3000_pt380_ak6_ca12_th85.root,ok,,1000,1000,1.0,0.0,0.271,0.014055568291606,0.142,0.681,0.524,0.524,0.476,0.01579316307773715,2693.2945415078566,1053.054046670017,3163.034228144686,0.8977648471692856,0.35101801555667234,1.0543447427148955,0.3917098833708297,0.1009919870666106,0.8779333986539011
HtZt_8000_3000,HtZt,8000,3000,85,140,1.0,1.6,/eos/uscms/store/user/aji/rootfiles_existingOptimization/HtZt_8000_3000_pt140_ak10_ca16_th85.root,ok,,1000,1000,1.0,0.0,0.1,0.009486832980505138,0.05,0.6275,0.483,0.483,0.517,0.01580224667571039,2930.287341084879,1662.4551018216016,3769.3686731964867,0.976762447028293,0.5541517006072005,1.2564562243988289,0.3595063087899843,0.14155817724090114,0.8788300640871549
HtZt_8000_3000,HtZt,8000,3000,85,180,1.4,1.4,/eos/uscms/store/user/aji/rootfiles_existingOptimization/HtZt_8000_3000_pt180_ak14_ca14_th85.root,ok,,1000,1000,1.0,0.0,0.072,0.008174105455644672,0.036,0.5995,0.488,0.488,0.512,0.01580683396509244,3203.3755327352005,1945.5425514426333,4261.387747306231,1.067791844245067,0.6485141838142111,1.4204625824354102,0.3614695142979715,0.06872700746316976,0.8802486987224781
HtZt_8000_3000,HtZt,8000,3000,85,380,1.6,1.4,/eos/uscms/store/user/aji/rootfiles_existingOptimization/HtZt_8000_3000_pt380_ak16_ca14_th85.root,ok,,1000,1000,1.0,0.0,0.051,0.00695693898205238,0.0265,0.6095,0.474,0.474,0.526,0.01578999683343857,3238.046814071774,1696.1221945288771,3941.4159820687087,1.0793489380239247,0.565374064842959,1.3138053273562362,0.3467049608088314,0.1046949460964999,0.8806398546112238
HtZt_8000_3000,HtZt,8000,3000,85,360,1.0,1.4,/eos/uscms/store/user/aji/rootfiles_existingOptimization/HtZt_8000_3000_pt360_ak10_ca14_th85.root,ok,,1000,1000,1.0,0.0,0.204,0.01274299807737567,0.1045,0.6495,0.494,0.494,0.506,0.015810249839898167,2879.7826342081194,1329.619280560378,3469.9381579448864,0.9599275447360398,0.44320642685345935,1.1566460526482956,0.37161118550411915,0.11643177880538864,0.8816184310305151
HtZt_8000_3000,HtZt,8000,3000,85,300,0.8,1.4,/eos/uscms/store/user/aji/rootfiles_existingOptimization/HtZt_8000_3000_pt300_ak8_ca14_th85.root,ok,,1000,1000,1.0,0.0,0.195,0.012528966437819204,0.1,0.6545,0.495,0.495,0.505,0.01581059771166163,2779.837782624891,1316.9113308223075,3371.471465097407,0.926612594208297,0.43897044360743587,1.1238238216991356,0.3695467676417901,0.11647716053801108,0.8818855082209605
HtZt_8000_3000,HtZt,8000,3000,85,200,0.6,1.4,/eos/uscms/store/user/aji/rootfiles_existingOptimization/HtZt_8000_3000_pt200_ak6_ca14_th85.root,ok,,1000,1000,1.0,0.0,0.173,0.011961229033840962,0.088,0.6575,0.493,0.493,0.507,0.015809838708854686,2712.928165122982,1345.3784336553226,3328.978749198461,0.9043093883743274,0.44845947788510754,1.1096595830661535,0.36558290430318446,0.11338313458461889,0.8821519654657517
HtZt_8000_3000,HtZt,8000,3000,85,400,1.6,1.4,/eos/uscms/store/user/aji/rootfiles_existingOptimization/HtZt_8000_3000_pt400_ak16_ca14_th85.root,ok,,1000,1000,1.0,0.0,0.054,0.007147307185227175,0.028,0.6075,0.473,0.473,0.527,0.01578831846651188,3232.3696564162938,1679.714100547015,3938.0521610408687,1.0774565521387645,0.5599047001823384,1.3126840536802895,0.349331651472941,0.10517669664477128,0.8840773066868175
HtZt_8000_3000,HtZt,8000,3000,85,220,1.2,1.6,/eos/uscms/store/user/aji/rootfiles_existingOptimization/HtZt_8000_3000_pt220_ak12_ca16_th85.root,ok,,1000,1000,1.0,0.0,0.118,0.01020176455325254,0.0595,0.626,0.474,0.474,0.526,0.01578999683343857,2983.0519565723453,1623.691522314059,3757.4553523070026,0.9943506521907818,0.5412305074380197,1.2524851174356677,0.3576477817109043,0.1669756545587561,0.8842127164918261
HtZt_8000_3000,HtZt,8000,3000,85,200,1.2,1.6,/eos/uscms/store/user/aji/rootfiles_existingOptimization/HtZt_8000_3000_pt200_ak12_ca16_th85.root,ok,,1000,1000,1.0,0.0,0.11,0.009894442884771228,0.0555,0.6245,0.476,0.476,0.524,0.01579316307773715,2993.0352626395143,1648.9017176464715,3808.791140313701,0.9976784208798382,0.5496339058821572,1.2695970467712336,0.36081924086027206,0.1500755637139845,0.8850513987722882
HtZt_8000_3000,HtZt,8000,3000,85,240,1.2,1.6,/eos/uscms/store/user/aji/rootfiles_existingOptimization/HtZt_8000_3000_pt240_ak12_ca16_th85.root,ok,,1000,1000,1.0,0.0,0.126,0.010493998284733994,0.064,0.6255,0.474,0.474,0.526,0.01578999683343857,2977.3313038098686,1592.229327788753,3732.38307108693,0.9924437679366227,0.5307431092629176,1.24412769036231,0.35940806126607117,0.1729670145405679,0.8861636844724089
HtZt_8000_3000,HtZt,8000,3000,85,320,0.4,1.0,/eos/uscms/store/user/aji/rootfiles_existingOptimization/HtZt_8000_3000_pt320_ak4_ca10_th85.root,ok,,1000,1000,1.0,0.0,0.311,0.014638271755914358,0.164,0.6935,0.535,0.535,0.46499999999999997,0.015772602828956293,2580.188959993969,848.4900013055692,2950.9388222219377,0.8600629866646564,0.28283000043518974,0.9836462740739793,0.40742148220828034,0.09181674674342016,0.8864151835418146
HtZt_8000_3000,HtZt,8000,3000,85,360,1.4,1.4,/eos/uscms/store/user/aji/rootfiles_existingOptimization/HtZt_8000_3000_pt360_ak14_ca14_th85.root,ok,,1000,1000,1.0,0.0,0.114,0.010050074626588601,0.059,0.627,0.488,0.488,0.512,0.01580683396509244,3111.224444554914,1483.3737383734945,3797.32531164493,1.037074814851638,0.49445791279116486,1.2657751038816434,0.3718715275140597,0.11577463888040872,0.8875790089992235
HtZt_8000_3000,HtZt,8000,3000,85,380,0.4,0.8,/eos/uscms/store/user/aji/rootfiles_existingOptimization/HtZt_8000_3000_pt380_ak4_ca8_th85.root,ok,,1000,1000,1.0,0.0,0.333,0.014903388876359632,0.18,0.709,0.559,0.559,0.44099999999999995,0.015700923539715746,2583.404783238817,666.6203948699034,2903.1256220389832,0.8611349277462723,0.2222067982899678,0.9677085406796611,0.4328600073979059,0.08279440024432114,0.8877465146232786
HtZt_8000_3000,HtZt,8000,3000,85,400,1.2,1.4,/eos/uscms/store/user/aji/rootfiles_existingOptimization/HtZt_8000_3000_pt400_ak12_ca14_th85.root,ok,,1000,1000,1.0,0.0,0.189,0.012380589646701001,0.098,0.649,0.493,0.493,0.507,0.015809838708854686,2970.388454370928,1307.008681477177,3567.0255533369345,0.9901294847903093,0.4356695604923924,1.189008517778978,0.38042446410235353,0.12276708007653535,0.8884115156233227
HtZt_8000_3000,HtZt,8000,3000,85,120,0.8,1.6,/eos/uscms/store/user/aji/rootfiles_existingOptimization/HtZt_8000_3000_pt120_ak8_ca16_th85.root,ok,,1000,1000,1.0,0.0,0.109,0.00985489725973843,0.0545,0.642,0.48,0.48,0.52,0.0157987341265052,2824.5322543465045,1562.9643118919053,3618.8991664279597,0.9415107514488348,0.5209881039639684,1.2062997221426532,0.3639425344448269,0.15271097385023824,0.8897914592999434
HtZt_8000_3000,HtZt,8000,3000,85,160,1.0,1.6,/eos/uscms/store/user/aji/rootfiles_existingOptimization/HtZt_8000_3000_pt160_ak10_ca16_th85.root,ok,,1000,1000,1.0,0.0,0.118,0.01020176455325254,0.059,0.628,0.473,0.473,0.527,0.01578831846651188,2913.4983434866344,1586.0561729477963,3689.617981842376,0.9711661144955448,0.5286853909825988,1.2298726606141253,0.36100274668033794,0.15559775748010687,0.8908861352307835
HtZt_8000_3000,HtZt,8000,3000,85,400,0.6,1.2,/eos/uscms/store/user/aji/rootfiles_existingOptimization/HtZt_8000_3000_pt400_ak6_ca12_th85.root,ok,,1000,1000,1.0,0.0,0.281,0.014214042352547005,0.148,0.677,0.517,0.517,0.483,0.01580224667571039,2688.3836051301246,1008.138176620104,3155.160826433271,0.8961278683767082,0.33604605887336797,1.051720275477757,0.39931478634896034,0.1028965258623228,0.8927019995112895
HtZt_8000_3000,HtZt,8000,3000,85,220,1.6,1.4,/eos/uscms/store/user/aji/rootfiles_existingOptimization/HtZt_8000_3000_pt220_ak16_ca14_th85.root,ok,,1000,1000,1.0,0.0,0.032,0.005565608681896348,0.016,0.5835,0.469,0.469,0.531,0.01578096955196353,3319.1097860464824,1975.8751072241976,4308.953958250977,1.1063699286821609,0.6586250357413992,1.4363179860836588,0.35146153658957413,0.06345360443327358,0.8930985294577902
HtZt_8000_3000,HtZt,8000,3000,85,100,1.0,1.4,/eos/uscms/store/user/aji/rootfiles_existingOptimization/HtZt_8000_3000_pt100_ak10_ca14_th85.root,ok,,1000,1000,1.0,0.0,0.06,0.007509993342207435,0.03,0.601,0.495,0.495,0.505,0.01581059771166163,3082.4994141174275,2207.08606112012,4585.584765644279,1.0274998047058093,0.7356953537067068,1.5285282552147597,0.38580683805339233,0.060691457563013855,0.8935568185239733
HtZt_8000_3000,HtZt,8000,3000,85,180,1.2,1.6,/eos/uscms/store/user/aji/rootfiles_existingOptimization/HtZt_8000_3000_pt180_ak12_ca16_th85.root,ok,,1000,1000,1.0,0.0,0.102,0.009570579919733181,0.051,0.6155,0.469,0.469,0.531,0.01578096955196353,3008.207132966398,1688.98448284327,3872.468481176484,1.0027357109887993,0.5629948276144233,1.290822827058828,0.3629211523376844,0.14387235356175493,0.8941947234365644
HtZt_8000_3000,HtZt,8000,3000,85,320,0.8,1.4,/eos/uscms/store/user/aji/rootfiles_existingOptimization/HtZt_8000_3000_pt320_ak8_ca14_th85.root,ok,,1000,1000,1.0,0.0,0.207,0.012812142677944232,0.106,0.6495,0.488,0.488,0.512,0.01580683396509244,2776.1431778226743,1279.9573596783493,3370.963416319595,0.9253810592742246,0.4266524532261164,1.1236544721065316,0.3766027043103049,0.12371332376309654,0.8960645983828825
HtZt_8000_3000,HtZt,8000,3000,85,100,0.8,1.6,/eos/uscms/store/user/aji/rootfiles_existingOptimization/HtZt_8000_3000_pt100_ak8_ca16_th85.root,ok,,1000,1000,1.0,0.0,0.098,0.009401914698613257,0.049,0.635,0.478,0.478,0.522,0.015796075461962062,2846.4684861818732,1624.5548180886676,3725.554029054828,0.948822828727291,0.5415182726962225,1.241851343018276,0.3690536573943153,0.13894977130738023,0.8961713745215862
HtZt_8000_3000,HtZt,8000,3000,85,340,0.4,1.0,/eos/uscms/store/user/aji/rootfiles_existingOptimization/HtZt_8000_3000_pt340_ak4_ca10_th85.root,ok,,1000,1000,1.0,0.0,0.32,0.014751271131668619,0.1705,0.69,0.531,0.531,0.469,0.01578096955196353,2576.235628486065,813.5919553698075,2944.6498030920598,0.8587452094953549,0.27119731845660244,0.9815499343640199,0.4135991724046176,0.09402930505440821,0.8967246514550821
HtZt_8000_3000,HtZt,8000,3000,85,260,1.2,1.6,/eos/uscms/store/user/aji/rootfiles_existingOptimization/HtZt_8000_3000_pt260_ak12_ca16_th85.root,ok,,1000,1000,1.0,0.0,0.13,0.010634848376916336,0.066,0.621,0.467,0.467,0.5329999999999999,0.015776913513105152,2976.8537870333766,1565.8263050744824,3728.6478539350387,0.9922845956777923,0.5219421016914941,1.2428826179783463,0.3632730566548828,0.18523554022872085,0.8970445970871035
HtZt_8000_3000,HtZt,8000,3000,85,380,1.4,1.4,/eos/uscms/store/user/aji/rootfiles_existingOptimization/HtZt_8000_3000_pt380_ak14_ca14_th85.root,ok,,1000,1000,1.0,0.0,0.119,0.010239091756596383,0.062,0.622,0.481,0.481,0.519,0.01579996835439869,3106.8631892192766,1457.739978373376,3786.8975837909893,1.035621063073092,0.48591332612445864,1.2622991945969966,0.37484070967458794,0.1198974839461367,0.8974028159818972
HtZt_8000_3000,HtZt,8000,3000,85,220,0.6,1.4,/eos/uscms/store/user/aji/rootfiles_existingOptimization/HtZt_8000_3000_pt220_ak6_ca14_th85.root,ok,,1000,1000,1.0,0.0,0.187,0.012330085157856777,0.0955,0.6545,0.486,0.486,0.514,0.015805189021330938,2700.1632319106925,1294.5161085563889,3321.7527369743643,0.9000544106368975,0.4315053695187963,1.1072509123247882,0.3753914956807001,0.12697857121201647,0.8993860546170105
HtZt_8000_3000,HtZt,8000,3000,85,380,1.0,1.4,/eos/uscms/store/user/aji/rootfiles_existingOptimization/HtZt_8000_3000_pt380_ak10_ca14_th85.root,ok,,1000,1000,1.0,0.0,0.225,0.013205112646244258,0.1155,0.6435,0.485,0.485,0.515,0.01580427157448264,2867.227205788114,1260.0272932297962,3447.7100968523223,0.9557424019293714,0.4200090977432654,1.149236698950774,0.3814979850927437,0.1255042627127005,0.9009237448998065
HtZt_8000_3000,HtZt,8000,3000,85,180,1.0,1.6,/eos/uscms/store/user/aji/rootfiles_existingOptimization/HtZt_8000_3000_pt180_ak10_ca16_th85.root,ok,,1000,1000,1.0,0.0,0.128,0.010564847372300274,0.0645,0.6245,0.467,0.467,0.5329999999999999,0.015776913513105152,2896.51817592064,1551.3951539376887,3664.3207247753558,0.9655060586402133,0.5171317179792296,1.221440241591785,0.36473542413834265,0.1809872733891573,0.9011848182743212
HtZt_8000_3000,HtZt,8000,3000,85,400,1.4,1.4,/eos/uscms/store/user/aji/rootfiles_existingOptimization/HtZt_8000_3000_pt400_ak14_ca14_th85.root,ok,,1000,1000,1.0,0.0,0.129,0.010599952830083727,0.067,0.6205,0.479,0.479,0.521,0.015797436500901024,3092.936494654335,1425.0326200766906,3763.5546891413146,1.030978831551445,0.47501087335889686,1.2545182297137714,0.3780423673596918,0.13221591674263639,0.9021402505148364
HtZt_8000_3000,HtZt,8000,3000,85,120,1.0,1.6,/eos/uscms/store/user/aji/rootfiles_existingOptimization/HtZt_8000_3000_pt120_ak10_ca16_th85.root,ok,,1000,1000,1.0,0.0,0.083,0.008724161850859944,0.0415,0.6085,0.47,0.47,0.53,0.015782902141241326,2972.0617928923566,1763.1603898462695,3970.151076964021,0.9906872642974522,0.5877201299487566,1.3233836923213402,0.37128950218931145,0.1115645270833381,0.9022207757595663
HtZt_8000_3000,HtZt,8000,3000,85,260,0.4,1.2,/eos/uscms/store/user/aji/rootfiles_existingOptimization/HtZt_8000_3000_pt260_ak4_ca12_th85.root,ok,,1000,1000,1.0,0.0,0.275,0.014120021246442939,0.143,0.671,0.5,0.5,0.5,0.015811388300841896,2582.211481674569,1031.196191720856,3051.4188902974774,0.8607371605581895,0.34373206390695205,1.017139630099159,0.3911807210435187,0.10741717931202745,0.9051070049876997
HtZt_8000_3000,HtZt,8000,3000,85,280,1.2,1.6,/eos/uscms/store/user/aji/rootfiles_existingOptimization/HtZt_8000_3000_pt280_ak12_ca16_th85.root,ok,,1000,1000,1.0,0.0,0.138,0.01090669519148674,0.07,0.6195,0.462,0.462,0.538,0.015765658882520576,2972.6011296307797,1540.3969929926245,3722.0466532004248,0.9908670432102598,0.5134656643308748,1.2406822177334749,0.3669597038198627,0.18848049956548102,0.9058729994988368
HtZt_8000_3000,HtZt,8000,3000,85,140,0.4,1.4,/eos/uscms/store/user/aji/rootfiles_existingOptimization/HtZt_8000_3000_pt140_ak4_ca14_th85.root,ok,,1000,1000,1.0,0.0,0.181,0.0121753439376471,0.0915,0.6555,0.482,0.482,0.518,0.01580113919943749,2620.0890117213976,1290.6452063595002,3261.606468920441,0.8733630039071325,0.4302150687865001,1.0872021563068135,0.3761248670834315,0.12517276087831186,0.9067885666927182
HtZt_8000_3000,HtZt,8000,3000,85,140,0.8,1.6,/eos/uscms/store/user/aji/rootfiles_existingOptimization/HtZt_8000_3000_pt140_ak8_ca16_th85.root,ok,,1000,1000,1.0,0.0,0.124,0.010422283818818216,0.062,0.635,0.467,0.467,0.5329999999999999,0.015776913513105152,2813.4773483656368,1498.801641843365,3567.642394387166,0.9378257827885457,0.49960054728112163,1.1892141314623887,0.3676661469738865,0.16762355997355594,0.9068835686950318
HtZt_8000_3000,HtZt,8000,3000,85,120,1.2,1.2,/eos/uscms/store/user/aji/rootfiles_existingOptimization/HtZt_8000_3000_pt120_ak12_ca12_th85.root,ok,,1000,1000,1.0,0.0,0.054,0.007147307185227175,0.027,0.593,0.51,0.51,0.49,0.0158082257068907,3248.8292017542226,2666.2915973154436,5324.293170537802,1.0829430672514075,0.8887638657718145,1.7747643901792676,0.409070684877364,0.03961769168055186,0.9073649916025047
HtZt_8000_3000,HtZt,8000,3000,85,240,0.6,1.4,/eos/uscms/store/user/aji/rootfiles_existingOptimization/HtZt_8000_3000_pt240_ak6_ca14_th85.root,ok,,1000,1000,1.0,0.0,0.198,0.012601428490452978,0.102,0.651,0.481,0.481,0.519,0.01579996835439869,2697.084270424655,1265.2641793390126,3306.708100987334,0.8990280901415517,0.4217547264463375,1.1022360336624446,0.37845386294268374,0.13434327229563375,0.9075510539285285
HtZt_8000_3000,HtZt,8000,3000,85,160,1.2,1.6,/eos/uscms/store/user/aji/rootfiles_existingOptimization/HtZt_8000_3000_pt160_ak12_ca16_th85.root,ok,,1000,1000,1.0,0.0,0.088,0.008958571314668427,0.044,0.605,0.462,0.462,0.538,0.015765658882520576,3046.985555974563,1761.3079936201273,4007.855578080877,1.015661851991521,0.5871026645400423,1.3359518593602924,0.36865084247867447,0.12729171533866507,0.9082170276778265
HtZt_8000_3000,HtZt,8000,3000,85,200,1.0,1.6,/eos/uscms/store/user/aji/rootfiles_existingOptimization/HtZt_8000_3000_pt200_ak10_ca16_th85.root,ok,,1000,1000,1.0,0.0,0.138,0.01090669519148674,0.0695,0.622,0.463,0.463,0.5369999999999999,0.015768037290671277,2885.0879961863025,1535.8422092418596,3655.7839803152897,0.9616959987287674,0.5119474030806198,1.2185946601050968,0.3673963799155707,0.1820926462605717,0.9082267800426939
HtZt_8000_3000,HtZt,8000,3000,85,220,1.0,1.6,/eos/uscms/store/user/aji/rootfiles_existingOptimization/HtZt_8000_3000_pt220_ak10_ca16_th85.root,ok,,1000,1000,1.0,0.0,0.145,0.01113440613593738,0.073,0.6205,0.461,0.461,0.5389999999999999,0.015763216676808068,2878.972444803997,1523.0575825691064,3635.793806537319,0.9596574816013322,0.5076858608563688,1.211931268845773,0.3669253986402864,0.18363847638488884,0.9099596504801531
HtZt_8000_3000,HtZt,8000,3000,85,400,1.0,1.4,/eos/uscms/store/user/aji/rootfiles_existingOptimization/HtZt_8000_3000_pt400_ak10_ca14_th85.root,ok,,1000,1000,1.0,0.0,0.232,0.013348258313353095,0.1195,0.6405,0.481,0.481,0.519,0.01579996835439869,2865.466067913656,1222.208323398696,3444.5827412517174,0.9551553559712187,0.40740277446623197,1.148194247083906,0.3877858549326901,0.13982288285902927,0.9112703193355682
HtZt_8000_3000,HtZt,8000,3000,85,340,0.8,1.4,/eos/uscms/store/user/aji/rootfiles_existingOptimization/HtZt_8000_3000_pt340_ak8_ca14_th85.root,ok,,1000,1000,1.0,0.0,0.222,0.013142145943490356,0.114,0.6435,0.479,0.479,0.521,0.015797436500901024,2770.4936439426547,1250.4445125877228,3371.471465097407,0.9234978813142183,0.4168148375292409,1.1238238216991356,0.38278863356121573,0.13241857282200137,0.9114388454297939
HtZt_8000_3000,HtZt,8000,3000,85,100,0.6,1.6,/eos/uscms/store/user/aji/rootfiles_existingOptimization/HtZt_8000_3000_pt100_ak6_ca16_th85.root,ok,,1000,1000,1.0,0.0,0.123,0.010386096475577337,0.0615,0.6345,0.457,0.457,0.5429999999999999,0.015752809273269323,2742.986703026205,1502.6035398508045,3500.8742052861403,0.914328901008735,0.5008678466169348,1.1669580684287133,0.3642508844885649,0.16770965971840468,0.9158179943876913
HtZt_8000_3000,HtZt,8000,3000,85,360,0.4,1.0,/eos/uscms/store/user/aji/rootfiles_existingOptimization/HtZt_8000_3000_pt360_ak4_ca10_th85.root,ok,,1000,1000,1.0,0.0,0.332,0.014892145580808697,0.1775,0.682,0.521,0.521,0.479,0.015797436500901024,2571.8333405241647,753.8257972251057,2937.0049460741807,0.8572777801747216,0.2512752657417019,0.9790016486913936,0.42444024549509146,0.09696392042370243,0.9177124674776194
HtZt_8000_3000,HtZt,8000,3000,85,400,0.4,0.8,/eos/uscms/store/user/aji/rootfiles_existingOptimization/HtZt_8000_3000_pt400_ak4_ca8_th85.root,ok,,1000,1000,1.0,0.0,0.349,0.01507312177354114,0.19,0.703,0.55,0.55,0.44999999999999996,0.015732132722552274,2574.4742467165543,558.2243155198356,2897.158123448231,0.8581580822388515,0.18607477183994522,0.9657193744827437,0.45425465236473744,0.08579029952094269,0.9184388441408522
HtZt_8000_3000,HtZt,8000,3000,85,260,0.6,1.4,/eos/uscms/store/user/aji/rootfiles_existingOptimization/HtZt_8000_3000_pt260_ak6_ca14_th85.root,ok,,1000,1000,1.0,0.0,0.206,0.0127892142057282,0.1065,0.648,0.475,0.475,0.525,0.015791611697353755,2694.289237706812,1230.6342804900403,3295.9462132631147,0.8980964125689372,0.4102114268300134,1.0986487377543717,0.38327583836747275,0.1371172602202989,0.918466197110579
HtZt_8000_3000,HtZt,8000,3000,85,300,1.2,1.6,/eos/uscms/store/user/aji/rootfiles_existingOptimization/HtZt_8000_3000_pt300_ak12_ca16_th85.root,ok,,1000,1000,1.0,0.0,0.149,0.01126050620531777,0.076,0.618,0.456,0.456,0.544,0.01575004761897563,2970.9677629520506,1474.3890637555232,3711.2615431387794,0.9903225876506836,0.49146302125184105,1.2370871810462598,0.37645519202144195,0.19990455074286326,0.9214229332563736
HtZt_8000_3000,HtZt,8000,3000,85,360,0.8,1.4,/eos/uscms/store/user/aji/rootfiles_existingOptimization/HtZt_8000_3000_pt360_ak8_ca14_th85.root,ok,,1000,1000,1.0,0.0,0.234,0.013388203763014663,0.121,0.64,0.474,0.474,0.526,0.01578999683343857,2764.2192343379643,1211.6174748837766,3355.59334825868,0.9214064114459881,0.4038724916279255,1.1185311160862268,0.38780858022073456,0.14346559615934784,0.9216679390761358
HtZt_8000_3000,HtZt,8000,3000,85,240,1.0,1.6,/eos/uscms/store/user/aji/rootfiles_existingOptimization/HtZt_8000_3000_pt240_ak10_ca16_th85.root,ok,,1000,1000,1.0,0.0,0.149,0.01126050620531777,0.0755,0.6165,0.455,0.455,0.5449999999999999,0.015747221977225064,2872.9714667347453,1493.5024530556198,3637.5302538712904,0.9576571555782485,0.49783415101853995,1.2125100846237633,0.3731376774257436,0.19925697770066358,0.9223719618679187
HtZt_8000_3000,HtZt,8000,3000,85,160,0.4,1.4,/eos/uscms/store/user/aji/rootfiles_existingOptimization/HtZt_8000_3000_pt160_ak4_ca14_th85.root,ok,,1000,1000,1.0,0.0,0.2,0.01264911064067352,0.101,0.65,0.47,0.47,0.53,0.015782902141241326,2607.1394563950894,1257.171097186667,3237.4036770133694,0.8690464854650297,0.4190570323955557,1.0791345590044563,0.37977112711967925,0.13340072827142951,0.9228664785731764
HtZt_8000_3000,HtZt,8000,3000,85,240,1.4,1.6,/eos/uscms/store/user/aji/rootfiles_existingOptimization/HtZt_8000_3000_pt240_ak14_ca16_th85.root,ok,,1000,1000,1.0,0.0,0.095,0.00927227048785787,0.0475,0.5965,0.452,0.452,0.548,0.015738360778683402,3116.9712999991016,1622.937078203374,3939.8982807048524,1.0389904333330338,0.5409790260677914,1.3132994269016174,0.37166867762018635,0.17248278049227864,0.9235677209534898
HtZt_8000_3000,HtZt,8000,3000,85,160,0.8,1.6,/eos/uscms/store/user/aji/rootfiles_existingOptimization/HtZt_8000_3000_pt160_ak8_ca16_th85.root,ok,,1000,1000,1.0,0.0,0.132,0.010704017937204702,0.0665,0.628,0.456,0.456,0.544,0.01575004761897563,2796.580152888877,1454.4389975025852,3553.080555796128,0.9321933842962922,0.4848129991675284,1.184360185265376,0.37521569981207925,0.17738624309959972,0.9259963613824501
HtZt_8000_3000,HtZt,8000,3000,85,260,1.4,1.6,/eos/uscms/store/user/aji/rootfiles_existingOptimization/HtZt_8000_3000_pt260_ak14_ca16_th85.root,ok,,1000,1000,1.0,0.0,0.1,0.009486832980505138,0.0505,0.598,0.451,0.451,0.5489999999999999,0.015735278834517044,3105.0966828436,1576.5328123341317,3907.2842106624353,1.0350322276145332,0.5255109374447106,1.302428070220812,0.3753106000219352,0.18292524333609614,0.9278138227833885
HtZt_8000_3000,HtZt,8000,3000,85,260,1.0,1.6,/eos/uscms/store/user/aji/rootfiles_existingOptimization/HtZt_8000_3000_pt260_ak10_ca16_th85.root,ok,,1000,1000,1.0,0.0,0.153,0.011383804285035824,0.0775,0.616,0.453,0.453,0.5469999999999999,0.015741378592740853,2869.2876128044313,1455.7668920040128,3620.7917536437817,0.9564292042681438,0.48525563066800426,1.2069305845479272,0.3772756784607733,0.20304051912548415,0.9286327580339588
HtZt_8000_3000,HtZt,8000,3000,85,220,1.4,1.6,/eos/uscms/store/user/aji/rootfiles_existingOptimization/HtZt_8000_3000_pt220_ak14_ca16_th85.root,ok,,1000,1000,1.0,0.0,0.089,0.00900438781928011,0.0445,0.5925,0.452,0.452,0.548,0.015738360778683402,3126.749890144065,1664.4753304883957,4020.5010533721697,1.0422499633813551,0.5548251101627986,1.3401670177907232,0.3767531471433457,0.15846284222179896,0.9289781434814812
HtZt_8000_3000,HtZt,8000,3000,85,200,1.4,1.6,/eos/uscms/store/user/aji/rootfiles_existingOptimization/HtZt_8000_3000_pt200_ak14_ca16_th85.root,ok,,1000,1000,1.0,0.0,0.086,0.008865889690267977,0.043,0.5835,0.447,0.447,0.5529999999999999,0.01572230899073034,3157.711649549992,1767.4096117514277,4111.763953680404,1.0525705498499973,0.5891365372504759,1.3705879845601345,0.37121095940838544,0.13040164789945935,0.9294680143933851
HtZt_8000_3000,HtZt,8000,3000,85,200,1.6,1.4,/eos/uscms/store/user/aji/rootfiles_existingOptimization/HtZt_8000_3000_pt200_ak16_ca14_th85.root,ok,,1000,1000,1.0,0.0,0.029,0.005306505441436953,0.0145,0.5595,0.453,0.453,0.5469999999999999,0.015741378592740853,3355.856504906668,2113.7518276688784,4602.791103616876,1.1186188349688893,0.7045839425562929,1.5342637012056255,0.37085007542913734,0.0576172715437745,0.9297119589260261
HtZt_8000_3000,HtZt,8000,3000,85,320,1.2,1.6,/eos/uscms/store/user/aji/rootfiles_existingOptimization/HtZt_8000_3000_pt320_ak12_ca16_th85.root,ok,,1000,1000,1.0,0.0,0.152,0.011353237423748346,0.0775,0.615,0.452,0.452,0.548,0.015738360778683402,2968.928391248451,1446.6601080223363,3709.0601569199866,0.989642797082817,0.48222003600744545,1.2363533856399955,0.38101290276426947,0.2058127176537073,0.9300486230559878
HtZt_8000_3000,HtZt,8000,3000,85,280,0.6,1.4,/eos/uscms/store/user/aji/rootfiles_existingOptimization/HtZt_8000_3000_pt280_ak6_ca14_th85.root,ok,,1000,1000,1.0,0.0,0.216,0.013013224043256921,0.1115,0.645,0.469,0.469,0.531,0.01578096955196353,2689.6610504382907,1189.5382244222592,3285.8438786484644,0.8965536834794303,0.39651274147408644,1.0952812928828215,0.38969699432659066,0.14704569593285532,0.9310416259786477
HtZt_8000_3000,HtZt,8000,3000,85,340,1.2,1.6,/eos/uscms/store/user/aji/rootfiles_existingOptimization/HtZt_8000_3000_pt340_ak12_ca16_th85.root,ok,,1000,1000,1.0,0.0,0.155,0.011444430960078356,0.0795,0.614,0.45,0.45,0.55,0.015732132722552274,2967.7430575582994,1429.419319628007,3705.599584712761,0.9892476858527665,0.47647310654266906,1.2351998615709203,0.3834867474944872,0.2081357497287067,0.9345619789092106
HtZt_8000_3000,HtZt,8000,3000,85,280,0.4,1.2,/eos/uscms/store/user/aji/rootfiles_existingOptimization/HtZt_8000_3000_pt280_ak4_ca12_th85.root,ok,,1000,1000,1.0,0.0,0.296,0.01443551176785915,0.1545,0.6605,0.485,0.485,0.515,0.01580427157448264,2571.434465531527,939.0302892076107,3026.3590590942226,0.8571448218438424,0.3130100964025369,1.0087863530314076,0.4058685527214383,0.11487569135643783,0.935154070537054
HtZt_8000_3000,HtZt,8000,3000,85,280,1.0,1.6,/eos/uscms/store/user/aji/rootfiles_existingOptimization/HtZt_8000_3000_pt280_ak10_ca16_th85.root,ok,,1000,1000,1.0,0.0,0.163,0.011680368144883106,0.0825,0.6155,0.45,0.45,0.55,0.015732132722552274,2867.387611337578,1432.846495961697,3618.096432769253,0.9557958704458595,0.477615498653899,1.2060321442564177,0.38105241303392906,0.20945769574261902,0.9354728259893432
HtZt_8000_3000,HtZt,8000,3000,85,380,0.8,1.4,/eos/uscms/store/user/aji/rootfiles_existingOptimization/HtZt_8000_3000_pt380_ak8_ca14_th85.root,ok,,1000,1000,1.0,0.0,0.25,0.013693063937629153,0.1295,0.6345,0.465,0.465,0.5349999999999999,0.015772602828956293,2758.2992355919105,1183.6423761216643,3350.0657012523534,0.9194330785306368,0.3945474587072214,1.1166885670841178,0.39270998903528875,0.15140310736044182,0.935766681182225
HtZt_8000_3000,HtZt,8000,3000,85,300,0.6,1.4,/eos/uscms/store/user/aji/rootfiles_existingOptimization/HtZt_8000_3000_pt300_ak6_ca14_th85.root,ok,,1000,1000,1.0,0.0,0.226,0.013225883713385657,0.117,0.641,0.464,0.464,0.536,0.015770351930125083,2687.1049289649245,1162.925518879046,3267.698785642108,0.8957016429883082,0.3876418396263486,1.0892329285473692,0.391643296857377,0.1523719588796649,0.9380731325585462
HtZt_8000_3000,HtZt,8000,3000,85,180,0.8,1.6,/eos/uscms/store/user/aji/rootfiles_existingOptimization/HtZt_8000_3000_pt180_ak8_ca16_th85.root,ok,,1000,1000,1.0,0.0,0.14,0.010972693379476163,0.0705,0.623,0.449,0.449,0.5509999999999999,0.015728922404284407,2787.126521997151,1432.6360235774346,3551.5596093361946,0.9290421739990502,0.47754534119247816,1.183853203112065,0.3801269101053258,0.181450039081215,0.9382226927054207
HtZt_8000_3000,HtZt,8000,3000,85,160,1.4,1.4,/eos/uscms/store/user/aji/rootfiles_existingOptimization/HtZt_8000_3000_pt160_ak14_ca14_th85.root,ok,,1000,1000,1.0,0.0,0.065,0.007795832219846705,0.0325,0.565,0.458,0.458,0.542,0.015755506973753653,3265.7643711476558,2205.3350041923795,4743.556955118136,1.0885881237158852,0.7351116680641264,1.5811856517060454,0.3886106991291865,0.06433798883565028,0.939469511500775
HtZt_8000_3000,HtZt,8000,3000,85,280,1.4,1.6,/eos/uscms/store/user/aji/rootfiles_existingOptimization/HtZt_8000_3000_pt280_ak14_ca16_th85.root,ok,,1000,1000,1.0,0.0,0.105,0.009694070352540258,0.0535,0.594,0.444,0.444,0.556,0.015711906313366306,3102.9270466403495,1541.5123137872756,3902.178730346422,1.0343090155467833,0.5138374379290919,1.3007262434488074,0.38039347704212456,0.19526358261885118,0.9398243785968029
HtZt_8000_3000,HtZt,8000,3000,85,180,0.4,1.4,/eos/uscms/store/user/aji/rootfiles_existingOptimization/HtZt_8000_3000_pt180_ak4_ca14_th85.root,ok,,1000,1000,1.0,0.0,0.21,0.01288021738946979,0.1065,0.642,0.458,0.458,0.542,0.015755506973753653,2596.160994505879,1212.4312807743213,3212.725520919848,0.8653869981686264,0.4041437602581071,1.0709085069732827,0.3852407929205172,0.14195241782499768,0.9407020931036547
HtZt_8000_3000,HtZt,8000,3000,85,120,0.6,1.6,/eos/uscms/store/user/aji/rootfiles_existingOptimization/HtZt_8000_3000_pt120_ak6_ca16_th85.root,ok,,1000,1000,1.0,0.0,0.139,0.010939789760319894,0.0695,0.625,0.443,0.443,0.5569999999999999,0.015708309902723462,2727.7899862810796,1415.5108733437457,3463.4786499233896,0.9092633287603599,0.47183695778124857,1.1544928833077965,0.3753895620409788,0.17572782293283626,0.9414632291649427
HtZt_8000_3000,HtZt,8000,3000,85,140,1.2,1.6,/eos/uscms/store/user/aji/rootfiles_existingOptimization/HtZt_8000_3000_pt140_ak12_ca16_th85.root,ok,,1000,1000,1.0,0.0,0.075,0.008329165624478841,0.0375,0.5775,0.445,0.445,0.5549999999999999,0.01571543826942157,3099.908605627897,1936.2039629012695,4316.361204393564,1.0333028685426324,0.6454013209670898,1.4387870681311878,0.3839076476595324,0.10513317012581519,0.9422379345137957
HtZt_8000_3000,HtZt,8000,3000,85,300,1.0,1.6,/eos/uscms/store/user/aji/rootfiles_existingOptimization/HtZt_8000_3000_pt300_ak10_ca16_th85.root,ok,,1000,1000,1.0,0.0,0.173,0.011961229033840962,0.0875,0.612,0.446,0.446,0.554,0.01571890581433708,2865.466067913656,1387.5386838871932,3599.164656597916,0.9551553559712187,0.4625128946290644,1.1997215521993052,0.3859103406380599,0.21484541281074077,0.9443948050409381
HtZt_8000_3000,HtZt,8000,3000,85,180,1.4,1.6,/eos/uscms/store/user/aji/rootfiles_existingOptimization/HtZt_8000_3000_pt180_ak14_ca16_th85.root,ok,,1000,1000,1.0,0.0,0.074,0.00827792244467173,0.037,0.5695,0.443,0.443,0.5569999999999999,0.015708309902723462,3198.9259383088383,1864.6139803447713,4307.611933733792,1.066308646102946,0.6215379934482571,1.4358706445779308,0.38184659484185335,0.10871097711178446,0.9454774594521479
HtZt_8000_3000,HtZt,8000,3000,85,300,1.4,1.6,/eos/uscms/store/user/aji/rootfiles_existingOptimization/HtZt_8000_3000_pt300_ak14_ca16_th85.root,ok,,1000,1000,1.0,0.0,0.108,0.009815090422405696,0.0555,0.5925,0.44,0.44,0.56,0.015697133496278867,3098.350544612211,1505.3711551175354,3892.014617027326,1.032783514870737,0.5017903850391785,1.2973382056757754,0.3851474240156552,0.20108844883736088,0.948425775502729
HtZt_8000_3000,HtZt,8000,3000,85,380,0.4,1.0,/eos/uscms/store/user/aji/rootfiles_existingOptimization/HtZt_8000_3000_pt380_ak4_ca10_th85.root,ok,,1000,1000,1.0,0.0,0.347,0.01505293991218991,0.187,0.6755,0.511,0.511,0.489,0.015807561481771943,2564.7791301821753,650.8259565745115,2933.6996816546325,0.8549263767273917,0.21694198552483715,0.9778998938848774,0.4450429470154745,0.10073828421062121,0.9485503093427352
HtZt_8000_3000,HtZt,8000,3000,85,360,1.2,1.6,/eos/uscms/store/user/aji/rootfiles_existingOptimization/HtZt_8000_3000_pt360_ak12_ca16_th85.root,ok,,1000,1000,1.0,0.0,0.167,0.01179453263168999,0.0855,0.61,0.442,0.442,0.558,0.01570464899321217,2964.497370753192,1374.6479134747383,3696.9945520116926,0.9881657902510641,0.4582159711582461,1.2323315173372307,0.3916931520075717,0.22028938601071624,0.9508765729824653
HtZt_8000_3000,HtZt,8000,3000,85,320,1.4,1.6,/eos/uscms/store/user/aji/rootfiles_existingOptimization/HtZt_8000_3000_pt320_ak14_ca16_th85.root,ok,,1000,1000,1.0,0.0,0.111,0.00993373041711924,0.057,0.593,0.439,0.439,0.5609999999999999,0.015693278816104682,3092.700721293778,1483.8461848462578,3878.062312358244,1.0309002404312593,0.4946153949487526,1.2926874374527482,0.3870753013745229,0.20504406965949262,0.9511653254176489
HtZt_8000_3000,HtZt,8000,3000,85,200,0.8,1.6,/eos/uscms/store/user/aji/rootfiles_existingOptimization/HtZt_8000_3000_pt200_ak8_ca16_th85.root,ok,,1000,1000,1.0,0.0,0.15,0.011291589790636216,0.076,0.617,0.441,0.441,0.5589999999999999,0.015700923539715746,2783.9195923720918,1397.0359320060516,3541.9645101716515,0.927973197457364,0.4656786440020172,1.1806548367238838,0.38523536815550996,0.18525775259020172,0.9514380484097735
HtZt_8000_3000,HtZt,8000,3000,85,400,0.8,1.4,/eos/uscms/store/user/aji/rootfiles_existingOptimization/HtZt_8000_3000_pt400_ak8_ca14_th85.root,ok,,1000,1000,1.0,0.0,0.261,0.013888088421377507,0.136,0.629,0.457,0.457,0.5429999999999999,0.015752809273269323,2752.608342591665,1121.5066827962037,3331.3880045249757,0.9175361141972216,0.3738355609320679,1.1104626681749918,0.40141586573266386,0.16662365653598882,0.9526622543129416
HtZt_8000_3000,HtZt,8000,3000,85,300,0.4,1.2,/eos/uscms/store/user/aji/rootfiles_existingOptimization/HtZt_8000_3000_pt300_ak4_ca12_th85.root,ok,,1000,1000,1.0,0.0,0.311,0.014638271755914358,0.1625,0.6555,0.48,0.48,0.52,0.0157987341265052,2563.8659741631445,872.8293184729295,3020.6320979038305,0.8546219913877149,0.2909431061576431,1.0068773659679435,0.41886019025077004,0.1207048302196306,0.9533979911119985
HtZt_8000_3000,HtZt,8000,3000,85,340,1.4,1.6,/eos/uscms/store/user/aji/rootfiles_existingOptimization/HtZt_8000_3000_pt340_ak14_ca16_th85.root,ok,,1000,1000,1.0,0.0,0.112,0.00997276290703835,0.0575,0.591,0.437,0.437,0.563,0.01568537535413163,3090.205997338898,1471.6744150668155,3870.2298430868655,1.0300686657796327,0.49055813835560513,1.2900766143622884,0.38808989272649513,0.21472355776804752,0.9540967593044583
HtZt_8000_3000,HtZt,8000,3000,85,320,0.6,1.4,/eos/uscms/store/user/aji/rootfiles_existingOptimization/HtZt_8000_3000_pt320_ak6_ca14_th85.root,ok,,1000,1000,1.0,0.0,0.24,0.013505554412907307,0.124,0.6345,0.456,0.456,0.544,0.01575004761897563,2680.3119583341268,1116.5911198138524,3267.698785642108,0.8934373194447089,0.3721970399379508,1.0892329285473692,0.4012793471930812,0.1631875306533319,0.9559356152486104
HtZt_8000_3000,HtZt,8000,3000,85,100,0.4,1.6,/eos/uscms/store/user/aji/rootfiles_existingOptimization/HtZt_8000_3000_pt100_ak4_ca16_th85.root,ok,,1000,1000,1.0,0.0,0.155,0.011444430960078356,0.078,0.627,0.433,0.433,0.567,0.015668790636165896,2641.4867690074384,1358.1157477395063,3358.897941916666,0.8804955896691461,0.4527052492465021,1.1196326473055553,0.3787227363112955,0.17973246651640948,0.9576731773443808
HtZt_8000_3000,HtZt,8000,3000,85,320,1.0,1.6,/eos/uscms/store/user/aji/rootfiles_existingOptimization/HtZt_8000_3000_pt320_ak10_ca16_th85.root,ok,,1000,1000,1.0,0.0,0.183,0.012227469075814503,0.093,0.6075,0.438,0.438,0.562,0.01568935945155187,2862.9392468771557,1356.9389742377875,3599.164656597916,0.9543130822923851,0.45231299141259584,1.1997215521993052,0.39159505127569666,0.2254784636365733,0.9581637430464582
HtZt_8000_3000,HtZt,8000,3000,85,220,0.8,1.6,/eos/uscms/store/user/aji/rootfiles_existingOptimization/HtZt_8000_3000_pt220_ak8_ca16_th85.root,ok,,1000,1000,1.0,0.0,0.162,0.011651437679531225,0.0825,0.6125,0.436,0.436,0.5640000000000001,0.015681326474504636,2774.6577921678754,1375.2864442669545,3528.2074075150576,0.9248859307226251,0.4584288147556515,1.1760691358383526,0.3879615297650812,0.19327097197257698,0.9594729366928187
HtZt_8000_3000,HtZt,8000,3000,85,140,0.6,1.6,/eos/uscms/store/user/aji/rootfiles_existingOptimization/HtZt_8000_3000_pt140_ak6_ca16_th85.root,ok,,1000,1000,1.0,0.0,0.152,0.011353237423748346,0.0765,0.6195,0.432,0.432,0.5680000000000001,0.01566448211719749,2712.928165122982,1357.3960343852782,3431.1815348062896,0.9043093883743274,0.4524653447950927,1.1437271782687632,0.3822042778502768,0.18545383688573314,0.9597733390128441
HtZt_8000_3000,HtZt,8000,3000,85,360,1.4,1.6,/eos/uscms/store/user/aji/rootfiles_existingOptimization/HtZt_8000_3000_pt360_ak14_ca16_th85.root,ok,,1000,1000,1.0,0.0,0.116,0.010126401137620413,0.06,0.588,0.433,0.433,0.567,0.015668790636165896,3086.223027198067,1451.5043455933007,3871.5726096915378,1.0287410090660223,0.48383478186443357,1.2905242032305126,0.39207604939286894,0.21960685909335542,0.9619501502994712
HtZt_8000_3000,HtZt,8000,3000,85,380,1.2,1.6,/eos/uscms/store/user/aji/rootfiles_existingOptimization/HtZt_8000_3000_pt380_ak12_ca16_th85.root,ok,,1000,1000,1.0,0.0,0.181,0.0121753439376471,0.0935,0.6065,0.436,0.436,0.5640000000000001,0.015681326474504636,2956.172920960522,1324.8856590059042,3683.5655526796486,0.9853909736535073,0.441628553001968,1.2278551842265495,0.39894146194048763,0.22607745949990854,0.964402364575137
HtZt_8000_3000,HtZt,8000,3000,85,240,0.8,1.6,/eos/uscms/store/user/aji/rootfiles_existingOptimization/HtZt_8000_3000_pt240_ak8_ca16_th85.root,ok,,1000,1000,1.0,0.0,0.169,0.011850696182081457,0.086,0.6115,0.431,0.431,0.569,0.015660108556456435,2769.890421289949,1356.745571321262,3508.946037181515,0.9232968070966496,0.452248523773754,1.169648679060505,0.38849920728235243,0.20938576473327275,0.9651695265726874
HtZt_8000_3000,HtZt,8000,3000,85,340,1.0,1.6,/eos/uscms/store/user/aji/rootfiles_existingOptimization/HtZt_8000_3000_pt340_ak10_ca16_th85.root,ok,,1000,1000,1.0,0.0,0.193,0.012480024038438387,0.0985,0.6035,0.431,0.431,0.569,0.015660108556456435,2859.022131247302,1333.0152950302513,3580.1171557647885,0.9530073770824339,0.44433843167675047,1.1933723852549296,0.39298434177461183,0.23328318205689927,0.9666836040663684
HtZt_8000_3000,HtZt,8000,3000,85,160,0.6,1.6,/eos/uscms/store/user/aji/rootfiles_existingOptimization/HtZt_8000_3000_pt160_ak6_ca16_th85.root,ok,,1000,1000,1.0,0.0,0.156,0.011474493452871897,0.079,0.6135,0.422,0.422,0.5780000000000001,0.015617810345883958,2696.43810633236,1344.9904284839556,3407.6334956986684,0.8988127021107866,0.4483301428279852,1.1358778318995562,0.3824755076652358,0.2036280757326638,0.9705942374541572
HtZt_8000_3000,HtZt,8000,3000,85,320,0.4,1.2,/eos/uscms/store/user/aji/rootfiles_existingOptimization/HtZt_8000_3000_pt320_ak4_ca12_th85.root,ok,,1000,1000,1.0,0.0,0.32,0.014751271131668619,0.1685,0.65,0.471,0.471,0.529,0.01578477114183161,2554.1037213467316,829.0852478606145,3012.75476605283,0.8513679071155773,0.27636174928687146,1.0042515886842767,0.42748254503947997,0.1292987527529343,0.9713457543279223
HtZt_8000_3000,HtZt,8000,3000,85,200,0.4,1.4,/eos/uscms/store/user/aji/rootfiles_existingOptimization/HtZt_8000_3000_pt200_ak4_ca14_th85.root,ok,,1000,1000,1.0,0.0,0.232,0.013348258313353095,0.1185,0.635,0.445,0.445,0.5549999999999999,0.01571543826942157,2575.1018258711747,1130.091301369841,3201.6448842692594,0.8583672752903915,0.3766971004566136,1.0672149614230864,0.4022275084595146,0.16541292752733416,0.9713907809304754
HtZt_8000_3000,HtZt,8000,3000,85,380,1.4,1.6,/eos/uscms/store/user/aji/rootfiles_existingOptimization/HtZt_8000_3000_pt380_ak14_ca16_th85.root,ok,,1000,1000,1.0,0.0,0.121,0.010313049985334114,0.063,0.583,0.426,0.426,0.5740000000000001,0.015637263187655313,3083.1408296667437,1429.4553600297331,3870.2298430868655,1.0277136098889146,0.476485120009911,1.2900766143622884,0.39582598037225486,0.22984354810759022,0.9725973413611464
HtZt_8000_3000,HtZt,8000,3000,85,340,0.6,1.4,/eos/uscms/store/user/aji/rootfiles_existingOptimization/HtZt_8000_3000_pt340_ak6_ca14_th85.root,ok,,1000,1000,1.0,0.0,0.252,0.013729384545565033,0.1305,0.628,0.444,0.444,0.556,0.015711906313366306,2671.411906837095,1092.4844313821452,3267.698785642108,0.8904706356123651,0.3641614771273817,1.0892329285473692,0.4071282209779805,0.1804261608202051,0.9740811574167441
HtZt_8000_3000,HtZt,8000,3000,85,400,1.4,1.6,/eos/uscms/store/user/aji/rootfiles_existingOptimization/HtZt_8000_3000_pt400_ak14_ca16_th85.root,ok,,1000,1000,1.0,0.0,0.131,0.010669536072388528,0.068,0.582,0.425,0.425,0.575,0.015632498200863484,3073.6525971515784,1405.6106507021718,3851.0414556648516,1.0245508657171927,0.46853688356739054,1.283680485221617,0.39780533545478014,0.24133051780499737,0.9752604220264993
HtZt_8000_3000,HtZt,8000,3000,85,260,0.8,1.6,/eos/uscms/store/user/aji/rootfiles_existingOptimization/HtZt_8000_3000_pt260_ak8_ca16_th85.root,ok,,1000,1000,1.0,0.0,0.178,0.012096115078817662,0.0915,0.6075,0.425,0.425,0.575,0.015632498200863484,2765.094743867351,1328.4512751126179,3506.768223365516,0.9216982479557836,0.44281709170420597,1.1689227411218388,0.3938955352405455,0.21582838635024076,0.9767257104449671
HtZt_8000_3000,HtZt,8000,3000,85,400,0.4,1.0,/eos/uscms/store/user/aji/rootfiles_existingOptimization/HtZt_8000_3000_pt400_ak4_ca10_th85.root,ok,,1000,1000,1.0,0.0,0.364,0.015215255502291114,0.1975,0.6685,0.5,0.5,0.5,0.015811388300841896,2558.0102534513326,557.0817498670413,2923.8703010617132,0.8526700844837776,0.18569391662234708,0.9746234336872378,0.4626229601701832,0.105030681273631,0.9773559517218053
HtZt_8000_3000,HtZt,8000,3000,85,360,1.0,1.6,/eos/uscms/store/user/aji/rootfiles_existingOptimization/HtZt_8000_3000_pt360_ak10_ca16_th85.root,ok,,1000,1000,1.0,0.0,0.206,0.0127892142057282,0.1055,0.6005,0.425,0.425,0.575,0.015632498200863484,2854.726465045441,1299.7538766884743,3575.185836748894,0.9515754883484804,0.43325129222949144,1.1917286122496313,0.39853765114133266,0.25604318616727867,0.9783801023064845
HtZt_8000_3000,HtZt,8000,3000,85,400,1.2,1.6,/eos/uscms/store/user/aji/rootfiles_existingOptimization/HtZt_8000_3000_pt400_ak12_ca16_th85.root,ok,,1000,1000,1.0,0.0,0.191,0.012430567163247218,0.099,0.6015,0.427,0.427,0.573,0.015641962792437528,2945.259340831207,1288.5805145263907,3666.1600925316084,0.9817531136104023,0.4295268381754636,1.2220533641772027,0.4036282212985394,0.24384514453374764,0.9784529099374992
HtZt_8000_3000,HtZt,8000,3000,85,280,0.8,1.6,/eos/uscms/store/user/aji/rootfiles_existingOptimization/HtZt_8000_3000_pt280_ak8_ca16_th85.root,ok,,1000,1000,1.0,0.0,0.188,0.012355403676124872,0.0965,0.6075,0.423,0.423,0.577,0.015622771841129857,2761.8472953268542,1300.1672360687708,3488.0100570209315,0.9206157651089515,0.4333890786895902,1.1626700190069772,0.39608323469839735,0.23298546016320226,0.9810216581875022
HtZt_8000_3000,HtZt,8000,3000,85,360,0.6,1.4,/eos/uscms/store/user/aji/rootfiles_existingOptimization/HtZt_8000_3000_pt360_ak6_ca14_th85.root,ok,,1000,1000,1.0,0.0,0.262,0.013905250806799567,0.137,0.6245,0.441,0.441,0.5589999999999999,0.015700923539715746,2661.618027153491,1063.7991230970947,3254.435310157921,0.8872060090511636,0.35459970769903154,1.0848117700526403,0.41152339755596645,0.18960161744201842,0.98180279665085
HtZt_8000_3000,HtZt,8000,3000,85,340,0.4,1.2,/eos/uscms/store/user/aji/rootfiles_existingOptimization/HtZt_8000_3000_pt340_ak4_ca12_th85.root,ok,,1000,1000,1.0,0.0,0.328,0.014846413708367418,0.1745,0.647,0.467,0.467,0.5329999999999999,0.015776913513105152,2550.1167589713496,797.9265150496283,3011.9330996670005,0.8500389196571164,0.26597550501654277,1.0039776998890002,0.434099061705403,0.13367652137836006,0.9820951697396914
HtZt_8000_3000,HtZt,8000,3000,85,100,1.0,1.6,/eos/uscms/store/user/aji/rootfiles_existingOptimization/HtZt_8000_3000_pt100_ak10_ca16_th85.root,ok,,1000,1000,1.0,0.0,0.062,0.007626008130076967,0.031,0.5655,0.439,0.439,0.5609999999999999,0.015693278816104682,3083.5347548576124,2033.962766494257,4628.533071267105,1.0278449182858709,0.6779875888314191,1.542844357089035,0.42071364700617037,0.09160206796159981,0.9844981388347573
HtZt_8000_3000,HtZt,8000,3000,85,280,1.6,1.6,/eos/uscms/store/user/aji/rootfiles_existingOptimization/HtZt_8000_3000_pt280_ak16_ca16_th85.root,ok,,1000,1000,1.0,0.0,0.061,0.0075682891065286355,0.0305,0.5515,0.401,0.401,0.599,0.015498354751392161,3258.3661106273285,1648.491711967479,4121.180244119183,1.0861220368757762,0.5494972373224929,1.3737267480397275,0.3794368785151096,0.20302700969372983,0.9870490822026872
HtZt_8000_3000,HtZt,8000,3000,85,180,0.6,1.6,/eos/uscms/store/user/aji/rootfiles_existingOptimization/HtZt_8000_3000_pt180_ak6_ca16_th85.root,ok,,1000,1000,1.0,0.0,0.169,0.011850696182081457,0.0855,0.6075,0.413,0.413,0.587,0.015570195888298902,2688.3836051301246,1305.6651239033465,3404.055301912503,0.8961278683767082,0.43522170796778215,1.1346851006375012,0.3902698584392664,0.20944929334477508,0.9876570716015955
HtZt_8000_3000,HtZt,8000,3000,85,120,1.2,1.4,/eos/uscms/store/user/aji/rootfiles_existingOptimization/HtZt_8000_3000_pt120_ak12_ca14_th85.root,ok,,1000,1000,1.0,0.0,0.056,0.007270763371201128,0.028,0.555,0.456,0.456,0.544,0.01575004761897563,3246.2734076091865,2420.344878777803,5257.68794597447,1.082091135869729,0.8067816262592675,1.7525626486581565,0.43701541905651,0.05660831117290581,0.9892245326434829
HtZt_8000_3000,HtZt,8000,3000,85,300,1.6,1.6,/eos/uscms/store/user/aji/rootfiles_existingOptimization/HtZt_8000_3000_pt300_ak16_ca16_th85.root,ok,,1000,1000,1.0,0.0,0.063,0.007683163410991596,0.0315,0.5515,0.397,0.397,0.603,0.01547226550961429,3251.255018202243,1624.751110871197,4082.4867405707823,1.0837516727340808,0.5415837036237323,1.360828913523594,0.3779672181880356,0.21498959668002104,0.9893423854614436
HtZt_8000_3000,HtZt,8000,3000,85,220,0.4,1.4,/eos/uscms/store/user/aji/rootfiles_existingOptimization/HtZt_8000_3000_pt220_ak4_ca14_th85.root,ok,,1000,1000,1.0,0.0,0.248,0.01365635383255721,0.1275,0.6275,0.437,0.437,0.563,0.01568537535413163,2564.9323324370666,1082.9472295530038,3200.5742887725773,0.8549774441456889,0.3609824098510013,1.0668580962575258,0.4128036892902187,0.18237344116480353,0.9903059448756497
HtZt_8000_3000,HtZt,8000,3000,85,120,0.4,1.6,/eos/uscms/store/user/aji/rootfiles_existingOptimization/HtZt_8000_3000_pt120_ak4_ca16_th85.root,ok,,1000,1000,1.0,0.0,0.179,0.01212266472356635,0.09,0.617,0.418,0.418,0.5820000000000001,0.015597307459943206,2607.8627754866934,1275.8228927848384,3340.1494795300614,0.8692875918288978,0.42527429759494606,1.113383159843354,0.395788959095052,0.19052092785327868,0.9908601999121622
HtZt_8000_3000,HtZt,8000,3000,85,300,0.8,1.6,/eos/uscms/store/user/aji/rootfiles_existingOptimization/HtZt_8000_3000_pt300_ak8_ca16_th85.root,ok,,1000,1000,1.0,0.0,0.199,0.012625331678811452,0.102,0.602,0.414,0.414,0.5860000000000001,0.015575750383207866,2756.415105569514,1279.448455366744,3470.142406528403,0.9188050351898379,0.4264828184555813,1.1567141355094677,0.39738099438201835,0.2418100349120152,0.9915004908630346
HtZt_8000_3000,HtZt,8000,3000,85,380,1.0,1.6,/eos/uscms/store/user/aji/rootfiles_existingOptimization/HtZt_8000_3000_pt380_ak10_ca16_th85.root,ok,,1000,1000,1.0,0.0,0.226,0.013225883713385657,0.116,0.5975,0.419,0.419,0.581,0.015602531845825537,2847.340660513708,1225.0167163323406,3537.064375019228,0.9491135535045692,0.4083389054441135,1.1790214583397427,0.40600123665388105,0.26800512835851953,0.992089881303424
HtZt_8000_3000,HtZt,8000,3000,85,260,1.6,1.6,/eos/uscms/store/user/aji/rootfiles_existingOptimization/HtZt_8000_3000_pt260_ak16_ca16_th85.root,ok,,1000,1000,1.0,0.0,0.057,0.007331507348424334,0.0285,0.5435,0.399,0.399,0.601,0.015485444778888335,3275.7786603913773,1688.3910040195062,4195.770530341306,1.0919262201304591,0.5627970013398353,1.3985901767804354,0.38271504064658446,0.1917690430528458,0.9929076626596304
HtZt_8000_3000,HtZt,8000,3000,85,380,0.6,1.4,/eos/uscms/store/user/aji/rootfiles_existingOptimization/HtZt_8000_3000_pt380_ak6_ca14_th85.root,ok,,1000,1000,1.0,0.0,0.273,0.014087973594523805,0.143,0.6215,0.435,0.435,0.565,0.015677212762477903,2658.0767561628804,1030.7143676581647,3245.356057254939,0.8860255853876268,0.343571455886055,1.081785352418313,0.4165872344472408,0.20665345801035448,0.992984675908478
HtZt_8000_3000,HtZt,8000,3000,85,320,1.6,1.6,/eos/uscms/store/user/aji/rootfiles_existingOptimization/HtZt_8000_3000_pt320_ak16_ca16_th85.root,ok,,1000,1000,1.0,0.0,0.067,0.007906389820898032,0.0335,0.549,0.393,0.393,0.607,0.015445096309184997,3238.5363037808243,1611.0630394285824,4065.4269334710066,1.0795121012602746,0.5370210131428609,1.355142311157002,0.37893104535791067,0.2188609139748113,0.9938822554839382
HtZt_8000_3000,HtZt,8000,3000,85,200,0.6,1.6,/eos/uscms/store/user/aji/rootfiles_existingOptimization/HtZt_8000_3000_pt200_ak6_ca16_th85.root,ok,,1000,1000,1.0,0.0,0.177,0.012069424178476784,0.09,0.6035,0.407,0.407,0.593,0.015535475531827148,2683.9724899094313,1283.0611272671877,3394.4931569643404,0.8946574966364771,0.42768704242239586,1.1314977189881137,0.3933408478729233,0.21547972169928659,0.9968750982092756
HtZt_8000_3000,HtZt,8000,3000,85,240,1.6,1.6,/eos/uscms/store/user/aji/rootfiles_existingOptimization/HtZt_8000_3000_pt240_ak16_ca16_th85.root,ok,,1000,1000,1.0,0.0,0.052,0.007021111023192838,0.026,0.5365,0.398,0.398,0.602,0.015478888849009803,3305.6307264057705,1749.7357544810784,4306.107204153616,1.1018769088019236,0.5832452514936928,1.4353690680512057,0.3866692412512898,0.1468420781087117,0.9988569321314822
HtZt_8000_3000,HtZt,8000,3000,85,400,1.0,1.6,/eos/uscms/store/user/aji/rootfiles_existingOptimization/HtZt_8000_3000_pt400_ak10_ca16_th85.root,ok,,1000,1000,1.0,0.0,0.233,0.013368283360252356,0.12,0.595,0.416,0.416,0.5840000000000001,0.015586660963785668,2844.3464848747144,1198.384056168767,3529.9019491733657,0.9481154949582382,0.3994613520562557,1.1766339830577888,0.40985124446034144,0.2716647035847718,0.9990396949645177
HtZt_8000_3000,HtZt,8000,3000,85,340,1.6,1.6,/eos/uscms/store/user/aji/rootfiles_existingOptimization/HtZt_8000_3000_pt340_ak16_ca16_th85.root,ok,,1000,1000,1.0,0.0,0.068,0.007960904471226871,0.034,0.547,0.39,0.39,0.61,0.01542400726140908,3234.69475887298,1590.9625407390752,4059.088113015328,1.0782315862909932,0.5303208469130251,1.3530293710051093,0.3815082652707837,0.22331986893858027,0.9993314238998829
HtZt_8000_3000,HtZt,8000,3000,85,360,0.4,1.2,/eos/uscms/store/user/aji/rootfiles_existingOptimization/HtZt_8000_3000_pt360_ak4_ca12_th85.root,ok,,1000,1000,1.0,0.0,0.339,0.014969268519202935,0.181,0.6405,0.459,0.459,0.5409999999999999,0.015758140753274162,2545.337825323588,733.3785527769977,3010.623782850394,0.8484459417745294,0.24445951759233256,1.0035412609501313,0.4473365396563599,0.14577754306072604,1.0034919454789069
HtZt_8000_3000,HtZt,8000,3000,85,320,0.8,1.6,/eos/uscms/store/user/aji/rootfiles_existingOptimization/HtZt_8000_3000_pt320_ak8_ca16_th85.root,ok,,1000,1000,1.0,0.0,0.211,0.012902674141432851,0.108,0.5975,0.408,0.408,0.5920000000000001,0.015541428505771275,2751.575897603995,1250.4445125877228,3469.5391611627274,0.9171919658679984,0.4168148375292409,1.1565130537209092,0.4032406757355554,0.25272524814919434,1.0035214791487557
HtZt_8000_3000,HtZt,8000,3000,85,360,1.6,1.6,/eos/uscms/store/user/aji/rootfiles_existingOptimization/HtZt_8000_3000_pt360_ak16_ca16_th85.root,ok,,1000,1000,1.0,0.0,0.069,0.008014923580421713,0.035,0.545,0.388,0.388,0.612,0.015409607392792329,3227.1323047002243,1568.7152093638367,4049.2295202950436,1.075710768233408,0.5229050697879456,1.3497431734316812,0.38432175639629185,0.23004661233335055,1.0038928332196326
HtZt_8000_3000,HtZt,8000,3000,85,400,0.6,1.4,/eos/uscms/store/user/aji/rootfiles_existingOptimization/HtZt_8000_3000_pt400_ak6_ca14_th85.root,ok,,1000,1000,1.0,0.0,0.283,0.014244683218660919,0.149,0.6185,0.43,0.43,0.5700000000000001,0.015655669899432602,2652.983520071055,983.024919605409,3226.946417131626,0.8843278400236851,0.327674973201803,1.075648805710542,0.42290528390958826,0.2121172853120848,1.0044724999072199
HtZt_8000_3000,HtZt,8000,3000,85,380,1.6,1.6,/eos/uscms/store/user/aji/rootfiles_existingOptimization/HtZt_8000_3000_pt380_ak16_ca16_th85.root,ok,,1000,1000,1.0,0.0,0.072,0.008174105455644672,0.037,0.5435,0.385,0.385,0.615,0.015387494922826133,3223.0517747270933,1555.7769706308882,4045.9476781987446,1.0743505915756977,0.5185923235436294,1.3486492260662484,0.3863063459132158,0.236771127182344,1.0087414050707855
HtZt_8000_3000,HtZt,8000,3000,85,240,0.4,1.4,/eos/uscms/store/user/aji/rootfiles_existingOptimization/HtZt_8000_3000_pt240_ak4_ca14_th85.root,ok,,1000,1000,1.0,0.0,0.262,0.013905250806799567,0.1345,0.6205,0.425,0.425,0.575,0.015632498200863484,2556.3818034800734,1050.3582286413282,3194.410785408989,0.8521272678266911,0.3501194095471094,1.0648035951363297,0.4193529608622825,0.19703570583954927,1.0091402340796134
HtZt_8000_3000,HtZt,8000,3000,85,220,1.6,1.6,/eos/uscms/store/user/aji/rootfiles_existingOptimization/HtZt_8000_3000_pt220_ak16_ca16_th85.root,ok,,1000,1000,1.0,0.0,0.051,0.00695693898205238,0.0255,0.5275,0.393,0.393,0.607,0.015445096309184997,3324.561624702469,1815.003319291916,4421.129034944832,1.1081872082341562,0.6050011064306386,1.473709678314944,0.3919502794426545,0.12570661372952918,1.0097690002660702
HtZt_8000_3000,HtZt,8000,3000,85,220,0.6,1.6,/eos/uscms/store/user/aji/rootfiles_existingOptimization/HtZt_8000_3000_pt220_ak6_ca16_th85.root,ok,,1000,1000,1.0,0.0,0.192,0.012455360291858283,0.098,0.5985,0.397,0.397,0.603,0.01547226550961429,2668.2841554363536,1260.2937121547702,3372.1401010937057,0.8894280518121178,0.4200979040515901,1.1240467003645684,0.39573116390851143,0.23028363233725818,1.0097883587272996
HtZt_8000_3000,HtZt,8000,3000,85,140,0.4,1.6,/eos/uscms/store/user/aji/rootfiles_existingOptimization/HtZt_8000_3000_pt140_ak4_ca16_th85.root,ok,,1000,1000,1.0,0.0,0.187,0.012330085157856777,0.0945,0.605,0.399,0.399,0.601,0.015485444778888335,2589.7125767681828,1252.9541288508522,3309.693366625786,0.8632375255893943,0.4176513762836174,1.103231122208595,0.39709797454465573,0.2019817736020379,1.0117742219857162
HtZt_8000_3000,HtZt,8000,3000,85,180,1.6,1.4,/eos/uscms/store/user/aji/rootfiles_existingOptimization/HtZt_8000_3000_pt180_ak16_ca14_th85.root,ok,,1000,1000,1.0,0.0,0.028,0.005216895628628198,0.014,0.53,0.435,0.435,0.565,0.015677212762477903,3415.738606102115,2344.791596842689,5307.783280192388,1.1385795353673718,0.7815971989475631,1.7692610933974628,0.4337263510235243,0.05350289653896922,1.0125843045602614
HtZt_8000_3000,HtZt,8000,3000,85,400,1.6,1.6,/eos/uscms/store/user/aji/rootfiles_existingOptimization/HtZt_8000_3000_pt400_ak16_ca16_th85.root,ok,,1000,1000,1.0,0.0,0.075,0.008329165624478841,0.0385,0.541,0.383,0.383,0.617,0.015372410351015223,3219.5510286228064,1531.9699418481414,4044.966731148199,1.0731836762076021,0.5106566472827138,1.3483222437160665,0.39027130909849506,0.242541480768667,1.0145896767192553
HtZt_8000_3000,HtZt,8000,3000,85,160,1.4,1.6,/eos/uscms/store/user/aji/rootfiles_existingOptimization/HtZt_8000_3000_pt160_ak14_ca16_th85.root,ok,,1000,1000,1.0,0.0,0.067,0.007906389820898032,0.0335,0.536,0.413,0.413,0.587,0.015570195888298902,3276.2796324899628,2057.0788753132697,4817.477459721051,1.0920932108299877,0.6856929584377566,1.605825819907017,0.4212702965024213,0.0885559376952555,1.01747961758542
HtZt_8000_3000,HtZt,8000,3000,85,140,1.4,1.2,/eos/uscms/store/user/aji/rootfiles_existingOptimization/HtZt_8000_3000_pt140_ak14_ca12_th85.root,ok,,1000,1000,1.0,0.0,0.041,0.006270486424512854,0.0205,0.5365,0.456,0.456,0.544,0.01575004761897563,3390.2238871414884,2757.0864248647254,5886.5187076709335,1.1300746290471628,0.9190288082882418,1.9621729025569776,0.46153770178358766,0.03451531152296091,1.018545164688304
HtZt_8000_3000,HtZt,8000,3000,85,340,0.8,1.6,/eos/uscms/store/user/aji/rootfiles_existingOptimization/HtZt_8000_3000_pt340_ak8_ca16_th85.root,ok,,1000,1000,1.0,0.0,0.226,0.013225883713385657,0.116,0.592,0.401,0.401,0.599,0.015498354751392161,2741.7604542190697,1211.6174748837766,3469.5391611627274,0.9139201514063566,0.4038724916279255,1.1565130537209092,0.4117649451841099,0.27112647575355603,1.0193729300434742
HtZt_8000_3000,HtZt,8000,3000,85,240,0.6,1.6,/eos/uscms/store/user/aji/rootfiles_existingOptimization/HtZt_8000_3000_pt240_ak6_ca16_th85.root,ok,,1000,1000,1.0,0.0,0.203,0.012719709116170857,0.1045,0.5945,0.391,0.391,0.609,0.015431104950715617,2663.3534409621107,1221.129698829735,3370.5139569199364,0.8877844803207036,0.40704323294324496,1.1235046523066454,0.40351089439217597,0.2500059610084153,1.0237324463601056
HtZt_8000_3000,HtZt,8000,3000,85,360,0.8,1.6,/eos/uscms/store/user/aji/rootfiles_existingOptimization/HtZt_8000_3000_pt360_ak8_ca16_th85.root,ok,,1000,1000,1.0,0.0,0.238,0.01346684818359515,0.123,0.5895,0.396,0.396,0.604,0.01546557467409472,2732.6203065169216,1190.8427424100075,3461.959073990884,0.9108734355056405,0.39694758080333586,1.1539863579969614,0.4155565129492338,0.272775890272989,1.0284691693986696
HtZt_8000_3000,HtZt,8000,3000,85,380,0.4,1.2,/eos/uscms/store/user/aji/rootfiles_existingOptimization/HtZt_8000_3000_pt380_ak4_ca12_th85.root,ok,,1000,1000,1.0,0.0,0.352,0.015102847413650183,0.1895,0.634,0.449,0.449,0.5509999999999999,0.015728922404284407,2537.074929150139,646.316508633866,3008.5873337565463,0.8456916430500463,0.21543883621128868,1.0028624445855154,0.4655500706701607,0.15647946934628135,1.031980906365156
HtZt_8000_3000,HtZt,8000,3000,85,260,0.6,1.6,/eos/uscms/store/user/aji/rootfiles_existingOptimization/HtZt_8000_3000_pt260_ak6_ca16_th85.root,ok,,1000,1000,1.0,0.0,0.211,0.012902674141432851,0.109,0.593,0.387,0.387,0.613,0.015402305022301045,2659.635932310942,1188.1796295036045,3359.219662057923,0.8865453107703141,0.3960598765012015,1.119739887352641,0.4081460936399506,0.2510441536096447,1.0324915625629192
HtZt_8000_3000,HtZt,8000,3000,85,260,0.4,1.4,/eos/uscms/store/user/aji/rootfiles_existingOptimization/HtZt_8000_3000_pt260_ak4_ca14_th85.root,ok,,1000,1000,1.0,0.0,0.284,0.014259873772232347,0.1475,0.6135,0.41,0.41,0.5900000000000001,0.015553134732265389,2546.24821474701,969.4204327462621,3156.2384635235935,0.8487494049156699,0.32314014424875404,1.0520794878411979,0.4294196492926377,0.22104621170613187,1.0345447088010709
HtZt_8000_3000,HtZt,8000,3000,85,160,0.4,1.6,/eos/uscms/store/user/aji/rootfiles_existingOptimization/HtZt_8000_3000_pt160_ak4_ca16_th85.root,ok,,1000,1000,1.0,0.0,0.206,0.0127892142057282,0.104,0.5975,0.384,0.384,0.616,0.015379986996093333,2571.434465531527,1201.0150496208455,3283.378094572039,0.8571448218438424,0.40033834987361516,1.0944593648573464,0.4049029973083058,0.22889166599912464,1.0351885151239215
HtZt_8000_3000,HtZt,8000,3000,85,200,1.6,1.6,/eos/uscms/store/user/aji/rootfiles_existingOptimization/HtZt_8000_3000_pt200_ak16_ca16_th85.root,ok,,1000,1000,1.0,0.0,0.047,0.006692607862410586,0.0235,0.5085,0.384,0.384,0.616,0.015379986996093333,3369.6437483062264,1927.5397933103009,4683.333983419547,1.123214582768742,0.6425132644367669,1.5611113278065154,0.40891476903077123,0.10629168123579039,1.0372362273076454
HtZt_8000_3000,HtZt,8000,3000,85,280,0.6,1.6,/eos/uscms/store/user/aji/rootfiles_existingOptimization/HtZt_8000_3000_pt280_ak6_ca16_th85.root,ok,,1000,1000,1.0,0.0,0.22,0.013099618315050252,0.1135,0.5925,0.383,0.383,0.617,0.015372410351015223,2656.2922445103395,1162.2803519901406,3351.9051295222216,0.8854307481701131,0.38742678399671354,1.1173017098407405,0.41215810911944967,0.2660118809617621,1.0406150343024383
HtZt_8000_3000,HtZt,8000,3000,85,380,0.8,1.6,/eos/uscms/store/user/aji/rootfiles_existingOptimization/HtZt_8000_3000_pt380_ak8_ca16_th85.root,ok,,1000,1000,1.0,0.0,0.253,0.013747399754135324,0.131,0.585,0.388,0.388,0.612,0.015409607392792329,2722.115310978479,1144.9313702497577,3451.8950558018446,0.9073717703261597,0.38164379008325255,1.1506316852672815,0.42374466582072096,0.2855359835145229,1.045007488788105
HtZt_8000_3000,HtZt,8000,3000,85,180,0.4,1.6,/eos/uscms/store/user/aji/rootfiles_existingOptimization/HtZt_8000_3000_pt180_ak4_ca16_th85.root,ok,,1000,1000,1.0,0.0,0.216,0.013013224043256921,0.1095,0.5935,0.377,0.377,0.623,0.01532550162311172,2557.1238441467667,1161.5782160060344,3264.944156216611,0.852374614715589,0.38719273866867815,1.0883147187388704,0.4112757278113772,0.23388363547280544,1.0490382663398183
HtZt_8000_3000,HtZt,8000,3000,85,300,0.6,1.6,/eos/uscms/store/user/aji/rootfiles_existingOptimization/HtZt_8000_3000_pt300_ak6_ca16_th85.root,ok,,1000,1000,1.0,0.0,0.23,0.013307892395116516,0.119,0.589,0.379,0.379,0.621,0.015341414537127925,2649.302436019569,1134.1139194416592,3351.9051295222216,0.8831008120065231,0.3780379731472197,1.1173017098407405,0.4185613503252334,0.27527508610989715,1.051251269124581
HtZt_8000_3000,HtZt,8000,3000,85,400,0.4,1.2,/eos/uscms/store/user/aji/rootfiles_existingOptimization/HtZt_8000_3000_pt400_ak4_ca12_th85.root,ok,,1000,1000,1.0,0.0,0.368,0.015250442616527561,0.1995,0.63,0.443,0.443,0.5569999999999999,0.015708309902723462,2529.684722235894,555.0666561015587,2991.459551184624,0.843228240745298,0.18502221870051958,0.997153183728208,0.4815605821680475,0.16483143841263453,1.0542377580935176
HtZt_8000_3000,HtZt,8000,3000,85,280,0.4,1.4,/eos/uscms/store/user/aji/rootfiles_existingOptimization/HtZt_8000_3000_pt280_ak4_ca14_th85.root,ok,,1000,1000,1.0,0.0,0.304,0.014545927265045703,0.1585,0.6055,0.399,0.399,0.601,0.015485444778888335,2533.489277318883,902.7074954993408,3126.0213475916685,0.844496425772961,0.3009024984997803,1.0420071158638895,0.438784934279492,0.23834808541075164,1.0553352917021959
HtZt_8000_3000,HtZt,8000,3000,85,400,0.8,1.6,/eos/uscms/store/user/aji/rootfiles_existingOptimization/HtZt_8000_3000_pt400_ak8_ca16_th85.root,ok,,1000,1000,1.0,0.0,0.264,0.013939296969359681,0.1375,0.5825,0.383,0.383,0.617,0.015372410351015223,2714.408585456649,1089.2908542614043,3427.496073878789,0.9048028618188829,0.3630969514204681,1.1424986912929298,0.43070251695804035,0.29342937543103564,1.057222230776152
HtZt_8000_3000,HtZt,8000,3000,85,320,0.6,1.6,/eos/uscms/store/user/aji/rootfiles_existingOptimization/HtZt_8000_3000_pt320_ak6_ca16_th85.root,ok,,1000,1000,1.0,0.0,0.244,0.013581752464244074,0.126,0.5835,0.373,0.373,0.627,0.015292841462592882,2644.4051839059375,1097.6958432182978,3350.3329613918613,0.8814683946353126,0.3658986144060992,1.116777653797287,0.4259251063118644,0.29211917968822887,1.0647782668483332
HtZt_8000_3000,HtZt,8000,3000,85,300,0.4,1.4,/eos/uscms/store/user/aji/rootfiles_existingOptimization/HtZt_8000_3000_pt300_ak4_ca14_th85.root,ok,,1000,1000,1.0,0.0,0.319,0.014739029818817792,0.1665,0.602,0.396,0.396,0.604,0.01546557467409472,2520.9559065591875,851.287351424975,3121.6520146084918,0.8403186355197292,0.28376245047499166,1.0405506715361639,0.45029836842372645,0.2635193492432416,1.0702665048717535
HtZt_8000_3000,HtZt,8000,3000,85,120,1.2,1.6,/eos/uscms/store/user/aji/rootfiles_existingOptimization/HtZt_8000_3000_pt120_ak12_ca16_th85.root,ok,,1000,1000,1.0,0.0,0.057,0.007331507348424334,0.0285,0.5265,0.411,0.411,0.589,0.015558888135082147,3244.7444351976037,2171.1268682289915,5276.811845828291,1.081581478399201,0.7237089560763305,1.7589372819427636,0.47857158547066964,0.07746174383077706,1.0757297333105897
HtZt_8000_3000,HtZt,8000,3000,85,340,0.6,1.6,/eos/uscms/store/user/aji/rootfiles_existingOptimization/HtZt_8000_3000_pt340_ak6_ca16_th85.root,ok,,1000,1000,1.0,0.0,0.256,0.013800869537822608,0.1325,0.579,0.363,0.363,0.637,0.015206281596761254,2637.000849305129,1075.8795218197113,3348.4252641932894,0.8790002831017096,0.3586265072732371,1.1161417547310966,0.4308959064181592,0.29965435789458295,1.0799958781079884
HtZt_8000_3000,HtZt,8000,3000,85,200,0.4,1.6,/eos/uscms/store/user/aji/rootfiles_existingOptimization/HtZt_8000_3000_pt200_ak4_ca16_th85.root,ok,,1000,1000,1.0,0.0,0.238,0.01346684818359515,0.1215,0.586,0.362,0.362,0.638,0.015197236590906913,2534.0718229418735,1089.1150176937779,3259.675774526954,0.8446906076472912,0.3630383392312593,1.0865585915089846,0.42827530324561053,0.2583238961848953,1.0818062424808814
HtZt_8000_3000,HtZt,8000,3000,85,320,0.4,1.4,/eos/uscms/store/user/aji/rootfiles_existingOptimization/HtZt_8000_3000_pt320_ak4_ca14_th85.root,ok,,1000,1000,1.0,0.0,0.328,0.014846413708367418,0.1725,0.598,0.388,0.388,0.612,0.015409607392792329,2511.617067361943,820.1570744100749,3105.59575052353,0.8372056891206476,0.273385691470025,1.0351985835078434,0.45497355186273436,0.3023117211870292,1.0832529829506696
HtZt_8000_3000,HtZt,8000,3000,85,140,1.4,1.4,/eos/uscms/store/user/aji/rootfiles_existingOptimization/HtZt_8000_3000_pt140_ak14_ca14_th85.root,ok,,1000,1000,1.0,0.0,0.053,0.00708456067798138,0.0265,0.5105,0.407,0.407,0.593,0.015535475531827148,3414.7018411096997,2559.0891383135863,5867.539229610232,1.1382339470365666,0.8530297127711954,1.9558464098700772,0.4844420164984998,0.055872199287616484,1.0912654112021565
HtZt_8000_3000,HtZt,8000,3000,85,360,0.6,1.6,/eos/uscms/store/user/aji/rootfiles_existingOptimization/HtZt_8000_3000_pt360_ak6_ca16_th85.root,ok,,1000,1000,1.0,0.0,0.267,0.013989674763910703,0.1395,0.5755,0.359,0.359,0.641,0.01516967369457893,2630.9863146141315,1035.3592198274016,3340.7907293092976,0.8769954382047106,0.3451197399424672,1.113596909769766,0.438130654020528,0.3083837714629053,1.091431110200057
HtZt_8000_3000,HtZt,8000,3000,85,340,0.4,1.4,/eos/uscms/store/user/aji/rootfiles_existingOptimization/HtZt_8000_3000_pt340_ak4_ca14_th85.root,ok,,1000,1000,1.0,0.0,0.336,0.014936666294725875,0.1785,0.595,0.384,0.384,0.616,0.015379986996093333,2508.3141527764346,776.7187310546,3091.617857100666,0.8361047175921448,0.25890624368486664,1.030539285700222,0.46144521480368034,0.3077175462522428,1.093834743044466
HtZt_8000_3000,HtZt,8000,3000,85,380,0.6,1.6,/eos/uscms/store/user/aji/rootfiles_existingOptimization/HtZt_8000_3000_pt380_ak6_ca16_th85.root,ok,,1000,1000,1.0,0.0,0.278,0.01416742743055351,0.1455,0.574,0.355,0.355,0.645,0.015131919904625453,2623.1811461777183,1008.4438225374836,3331.8180755245517,0.8743937153925728,0.33614794084582783,1.1106060251748504,0.4428543290600604,0.3128495751281837,1.100414957520803
HtZt_8000_3000,HtZt,8000,3000,85,220,0.4,1.6,/eos/uscms/store/user/aji/rootfiles_existingOptimization/HtZt_8000_3000_pt220_ak4_ca16_th85.root,ok,,1000,1000,1.0,0.0,0.255,0.013783141876945184,0.131,0.577,0.352,0.352,0.648,0.015102847413650183,2519.6692847148606,1056.6783268334846,3267.580629778596,0.8398897615716203,0.3522261089444948,1.0891935432595319,0.4387286689481768,0.28960711841148956,1.1027396927910147
HtZt_8000_3000,HtZt,8000,3000,85,360,0.4,1.4,/eos/uscms/store/user/aji/rootfiles_existingOptimization/HtZt_8000_3000_pt360_ak4_ca14_th85.root,ok,,1000,1000,1.0,0.0,0.347,0.01505293991218991,0.185,0.5885,0.376,0.376,0.624,0.015317441039547044,2503.1381612529194,726.5010441433411,3087.5399588254522,0.8343793870843064,0.24216701471444702,1.0291799862751507,0.4716157803891093,0.32594106507624976,1.1121778416806787
HtZt_8000_3000,HtZt,8000,3000,85,400,0.6,1.6,/eos/uscms/store/user/aji/rootfiles_existingOptimization/HtZt_8000_3000_pt400_ak6_ca16_th85.root,ok,,1000,1000,1.0,0.0,0.288,0.014319776534569246,0.1515,0.571,0.35,0.35,0.65,0.015083103128998356,2618.028516592095,970.1249896114208,3324.2441779348815,0.872676172197365,0.32337499653714025,1.1080813926449604,0.4495976979249701,0.31380810924220776,1.1123300807052336
HtZt_8000_3000,HtZt,8000,3000,85,240,0.4,1.6,/eos/uscms/store/user/aji/rootfiles_existingOptimization/HtZt_8000_3000_pt240_ak4_ca16_th85.root,ok,,1000,1000,1.0,0.0,0.27,0.014039230748157109,0.1385,0.5745,0.345,0.345,0.655,0.015032464867745409,2508.3141527764346,1024.5649694770232,3257.779274990015,0.8361047175921448,0.34152165649234106,1.0859264249966716,0.44516240181499256,0.3080487764851185,1.116551930055778
HtZt_8000_3000,HtZt,8000,3000,85,180,1.6,1.6,/eos/uscms/store/user/aji/rootfiles_existingOptimization/HtZt_8000_3000_pt180_ak16_ca16_th85.root,ok,,1000,1000,1.0,0.0,0.045,0.0065555320150236475,0.0225,0.484,0.37,0.37,0.63,0.015267612779999367,3440.5348007384073,2050.935068672582,5366.696627345119,1.146844933579469,0.6836450228908607,1.7888988757817064,0.48186717337678275,0.09597500434582379,1.1265516667347297
HtZt_8000_3000,HtZt,8000,3000,85,100,1.2,1.0,/eos/uscms/store/user/aji/rootfiles_existingOptimization/HtZt_8000_3000_pt100_ak12_ca10_th85.root,ok,,1000,1000,1.0,0.0,0.032,0.005565608681896348,0.016,0.4985,0.441,0.441,0.5589999999999999,0.015700923539715746,3634.079325518661,2825.165876878601,6857.599994399996,1.211359775172887,0.9417219589595337,2.285866664799999,0.5548082136244894,0.02054381957594989,1.134944191141778
HtZt_8000_3000,HtZt,8000,3000,85,380,0.4,1.4,/eos/uscms/store/user/aji/rootfiles_existingOptimization/HtZt_8000_3000_pt380_ak4_ca14_th85.root,ok,,1000,1000,1.0,0.0,0.36,0.015178932768808221,0.1935,0.583,0.367,0.367,0.633,0.015241751867813621,2498.1127441359986,627.1031569046849,3076.4616371627585,0.8327042480453328,0.20903438563489496,1.0254872123875862,0.49024178072179303,0.3408332583268586,1.1399713559172597
HtZt_8000_3000,HtZt,8000,3000,85,260,0.4,1.6,/eos/uscms/store/user/aji/rootfiles_existingOptimization/HtZt_8000_3000_pt260_ak4_ca16_th85.root,ok,,1000,1000,1.0,0.0,0.293,0.014392741226048637,0.152,0.5685,0.332,0.332,0.6679999999999999,0.014892145580808697,2499.0931654784663,951.8599662234911,3236.9750099616786,0.8330310551594887,0.3172866554078304,1.0789916699872262,0.45718884659922004,0.3308192215134963,1.141885741083271
HtZt_8000_3000,HtZt,8000,3000,85,140,1.4,1.6,/eos/uscms/store/user/aji/rootfiles_existingOptimization/HtZt_8000_3000_pt140_ak14_ca16_th85.root,ok,,1000,1000,1.0,0.0,0.054,0.007147307185227175,0.027,0.4925,0.372,0.372,0.628,0.015284501954594399,3432.1463574053446,2337.4055933940176,5792.810472037975,1.1440487858017816,0.7791351977980058,1.9309368240126585,0.5033883347061279,0.07903462278270272,1.145793213286306
HtZt_8000_3000,HtZt,8000,3000,85,400,0.4,1.4,/eos/uscms/store/user/aji/rootfiles_existingOptimization/HtZt_8000_3000_pt400_ak4_ca14_th85.root,ok,,1000,1000,1.0,0.0,0.374,0.015301111070768685,0.2025,0.581,0.363,0.363,0.637,0.015206281596761254,2491.118184379852,540.4440690435111,3055.760268927456,0.8303727281266173,0.18014802301450372,1.018586756309152,0.5048568581883875,0.354874366760041,1.158819585375726
HtZt_8000_3000,HtZt,8000,3000,85,280,0.4,1.6,/eos/uscms/store/user/aji/rootfiles_existingOptimization/HtZt_8000_3000_pt280_ak4_ca16_th85.root,ok,,1000,1000,1.0,0.0,0.311,0.014638271755914358,0.162,0.562,0.324,0.324,0.6759999999999999,0.014799459449588017,2482.702045474619,887.8975118894343,3208.2179777100664,0.8275673484915396,0.29596583729647813,1.0694059925700223,0.46729740889568894,0.34079348475322313,1.160540674046535
HtZt_8000_3000,HtZt,8000,3000,85,160,1.6,1.4,/eos/uscms/store/user/aji/rootfiles_existingOptimization/HtZt_8000_3000_pt160_ak16_ca14_th85.root,ok,,1000,1000,1.0,0.0,0.022,0.0046385342512479085,0.011,0.4885,0.399,0.399,0.601,0.015485444778888335,3553.525082029721,2708.7280104961374,6577.743257773426,1.1845083606765736,0.9029093368320458,2.1925810859244756,0.5443911549749587,0.05019796568743985,1.163841991042616
HtZt_8000_3000,HtZt,8000,3000,85,300,0.4,1.6,/eos/uscms/store/user/aji/rootfiles_existingOptimization/HtZt_8000_3000_pt300_ak4_ca16_th85.root,ok,,1000,1000,1.0,0.0,0.326,0.01482309009619789,0.17,0.5585,0.322,0.322,0.6779999999999999,0.014775520295407536,2474.2213914106105,830.355594649634,3207.331399058964,0.8247404638035369,0.2767851982165446,1.069110466352988,0.4803482446358936,0.34718261072557877,1.1758741982555398
HtZt_8000_3000,HtZt,8000,3000,85,100,1.2,1.2,/eos/uscms/store/user/aji/rootfiles_existingOptimization/HtZt_8000_3000_pt100_ak12_ca12_th85.root,ok,,1000,1000,1.0,0.0,0.038,0.006046155803483731,0.019,0.478,0.404,0.404,0.596,0.015517216245190372,3665.8962723849077,2766.5931217032544,6858.198547308884,1.2219654241283027,0.9221977072344181,2.286066182436295,0.5580634477341295,0.03724661919954991,1.17625999014696
HtZt_8000_3000,HtZt,8000,3000,85,320,0.4,1.6,/eos/uscms/store/user/aji/rootfiles_existingOptimization/HtZt_8000_3000_pt320_ak4_ca16_th85.root,ok,,1000,1000,1.0,0.0,0.335,0.014925649064613574,0.176,0.556,0.317,0.317,0.683,0.014714312760030622,2468.918013136543,800.3031007248663,3195.1838256365672,0.8229726710455143,0.2667677002416221,1.065061275212189,0.4850061266046692,0.35744527408240545,1.1857088595001177
HtZt_8000_3000,HtZt,8000,3000,85,340,0.4,1.6,/eos/uscms/store/user/aji/rootfiles_existingOptimization/HtZt_8000_3000_pt340_ak4_ca16_th85.root,ok,,1000,1000,1.0,0.0,0.343,0.015011695440555674,0.182,0.554,0.314,0.314,0.6859999999999999,0.014676648118695223,2461.7522466975333,756.1688865797565,3193.105160650132,0.8205840822325112,0.25205629552658554,1.0643683868833773,0.49495969331185763,0.36357550671324257,1.1989012850886065
HtZt_8000_3000,HtZt,8000,3000,85,100,1.2,1.4,/eos/uscms/store/user/aji/rootfiles_existingOptimization/HtZt_8000_3000_pt100_ak12_ca14_th85.root,ok,,1000,1000,1.0,0.0,0.04,0.0061967733539318665,0.02,0.461,0.373,0.373,0.627,0.015292841462592882,3691.025546628899,2679.168337900934,6824.709032388933,1.2303418488762998,0.8930561126336446,2.274903010796311,0.5615703064252995,0.049138881093096665,1.2116044913129294
HtZt_8000_3000,HtZt,8000,3000,85,360,0.4,1.6,/eos/uscms/store/user/aji/rootfiles_existingOptimization/HtZt_8000_3000_pt360_ak4_ca16_th85.root,ok,,1000,1000,1.0,0.0,0.354,0.015122301412152848,0.1885,0.549,0.309,0.309,0.6910000000000001,0.014612289348353322,2454.1808252235214,700.7725353354908,3172.650695421759,0.8180602750745072,0.2335908451118303,1.057550231807253,0.5036055482711089,0.3679504650378419,1.2127995207636584
HtZt_8000_3000,HtZt,8000,3000,85,380,0.4,1.6,/eos/uscms/store/user/aji/rootfiles_existingOptimization/HtZt_8000_3000_pt380_ak4_ca16_th85.root,ok,,1000,1000,1.0,0.0,0.366,0.01523299051401267,0.1965,0.545,0.303,0.303,0.6970000000000001,0.01453241205031016,2428.3291035656034,614.8383252105584,3147.659738863492,0.8094430345218678,0.20494610840351946,1.0492199129544972,0.5215152694776627,0.3726451227857419,1.237570966025476
HtZt_8000_3000,HtZt,8000,3000,85,120,1.4,1.2,/eos/uscms/store/user/aji/rootfiles_existingOptimization/HtZt_8000_3000_pt120_ak14_ca12_th85.root,ok,,1000,1000,1.0,0.0,0.03,0.005394441583704471,0.015,0.435,0.358,0.358,0.642,0.01516034300403523,3836.279921651536,2829.7528614868565,7193.729136398894,1.278759973883845,0.9432509538289522,2.397909712132965,0.5687770918751579,0.031575458065983414,1.2386530892635426
HtZt_8000_3000,HtZt,8000,3000,85,100,1.2,1.6,/eos/uscms/store/user/aji/rootfiles_existingOptimization/HtZt_8000_3000_pt100_ak12_ca16_th85.root,ok,,1000,1000,1.0,0.0,0.041,0.006270486424512854,0.0205,0.441,0.34,0.34,0.6599999999999999,0.014979986648859205,3703.9213222610247,2528.75690835468,6826.562404539828,1.2346404407536749,0.8429189694515599,2.275520801513276,0.5801696529506183,0.06527059328819809,1.2636336970259858
HtZt_8000_3000,HtZt,8000,3000,85,400,0.4,1.6,/eos/uscms/store/user/aji/rootfiles_existingOptimization/HtZt_8000_3000_pt400_ak4_ca16_th85.root,ok,,1000,1000,1.0,0.0,0.38,0.015349267083479915,0.2055,0.5415,0.295,0.295,0.7050000000000001,0.014421338356754548,2411.049422333992,519.1384082496203,3132.039316744727,0.8036831407779974,0.17304613608320676,1.0440131055815756,0.5418596741093996,0.3823741005247984,1.2664913600316
HtZt_8000_3000,HtZt,8000,3000,85,160,1.6,1.6,/eos/uscms/store/user/aji/rootfiles_existingOptimization/HtZt_8000_3000_pt160_ak16_ca16_th85.root,ok,,1000,1000,1.0,0.0,0.039,0.006122009474020765,0.0195,0.4485,0.341,0.341,0.659,0.014990630407024249,3580.6962276980585,2334.5267059876023,6577.743257773426,1.193565409232686,0.7781755686625341,2.1925810859244756,0.5925127799117554,0.07959259978612979,1.2708693208350241
HtZt_8000_3000,HtZt,8000,3000,85,120,1.4,1.4,/eos/uscms/store/user/aji/rootfiles_existingOptimization/HtZt_8000_3000_pt120_ak14_ca14_th85.root,ok,,1000,1000,1.0,0.0,0.039,0.006122009474020765,0.0195,0.4215,0.322,0.322,0.6779999999999999,0.014775520295407536,3842.24496772116,2773.685272863164,7119.974942814683,1.2807483225737202,0.9245617576210546,2.3733249809382277,0.5655924734712202,0.052791900370436025,1.271667305728592
HtZt_8000_3000,HtZt,8000,3000,85,120,1.4,1.6,/eos/uscms/store/user/aji/rootfiles_existingOptimization/HtZt_8000_3000_pt120_ak14_ca16_th85.root,ok,,1000,1000,1.0,0.0,0.04,0.0061967733539318665,0.02,0.4055,0.292,0.292,0.708,0.014378317008607092,3854.8536924651744,2669.5551381131195,7118.127225966983,1.2849512308217248,0.8898517127043731,2.3727090753223274,0.5770091996680952,0.07425237585085423,1.3135043227502676
HtZt_8000_3000,HtZt,8000,3000,85,140,1.6,1.4,/eos/uscms/store/user/aji/rootfiles_existingOptimization/HtZt_8000_3000_pt140_ak16_ca14_th85.root,ok,,1000,1000,1.0,0.0,0.02,0.004427188724235731,0.01,0.4095,0.328,0.328,0.6719999999999999,0.01484641370836742,3898.4874724257174,2858.3557222740274,7634.748505503672,1.299495824141906,0.9527852407580091,2.544916168501224,0.6125956306148749,0.047481287561835325,1.3145452130290654
HtZt_8000_3000,HtZt,8000,3000,85,100,1.4,1.2,/eos/uscms/store/user/aji/rootfiles_existingOptimization/HtZt_8000_3000_pt100_ak14_ca12_th85.root,ok,,1000,1000,1.0,0.0,0.022,0.0046385342512479085,0.011,0.352,0.289,0.289,0.7110000000000001,0.014334538709006299,4547.838224416244,2977.1251493424643,8010.101488953973,1.5159460748054148,0.9923750497808214,2.670033829651324,0.5533372221323392,0.02645324770133395,1.3159318296128806
HtZt_8000_3000,HtZt,8000,3000,85,120,1.6,1.4,/eos/uscms/store/user/aji/rootfiles_existingOptimization/HtZt_8000_3000_pt120_ak16_ca14_th85.root,ok,,1000,1000,1.0,0.0,0.016,0.003967870965643918,0.008,0.33,0.27,0.27,0.73,0.014039230748157109,4709.7744393359735,2995.9580895360973,8255.623443490857,1.569924813111991,0.9986526965120324,2.7518744811636187,0.5583776273897646,0.04413365499913878,1.3453701087009637
HtZt_8000_3000,HtZt,8000,3000,85,100,1.4,1.4,/eos/uscms/store/user/aji/rootfiles_existingOptimization/HtZt_8000_3000_pt100_ak14_ca14_th85.root,ok,,1000,1000,1.0,0.0,0.027,0.00512552436341883,0.0135,0.3365,0.259,0.259,0.741,0.013853483316480371,4542.435932295182,2942.758920081201,8131.884981676529,1.5141453107650609,0.980919640027067,2.710628327225509,0.5711831866138601,0.0503414673427197,1.3635977176903662
HtZt_8000_3000,HtZt,8000,3000,85,140,1.6,1.6,/eos/uscms/store/user/aji/rootfiles_existingOptimization/HtZt_8000_3000_pt140_ak16_ca16_th85.root,ok,,1000,1000,1.0,0.0,0.035,0.005811626278418116,0.0175,0.378,0.281,0.281,0.719,0.014214042352547005,3966.4865323313215,2668.6228054740377,7633.080356004828,1.322162177443774,0.8895409351580126,2.544360118668276,0.6258003790085864,0.07287663536465355,1.3770165967529637
HtZt_8000_3000,HtZt,8000,3000,85,100,1.4,1.6,/eos/uscms/store/user/aji/rootfiles_existingOptimization/HtZt_8000_3000_pt100_ak14_ca16_th85.root,ok,,1000,1000,1.0,0.0,0.027,0.00512552436341883,0.0135,0.331,0.242,0.242,0.758,0.013543854695026818,4548.124810007271,2899.31578468416,8149.881705770138,1.5160416033357569,0.9664385948947201,2.7166272352567127,0.5772231568418177,0.06455457139666723,1.3868273171753933
HtZt_8000_3000,HtZt,8000,3000,85,120,1.6,1.6,/eos/uscms/store/user/aji/rootfiles_existingOptimization/HtZt_8000_3000_pt120_ak16_ca16_th85.root,ok,,1000,1000,1.0,0.0,0.027,0.00512552436341883,0.0135,0.308,0.234,0.234,0.766,0.013388203763014663,4709.7744393359735,2960.7735106249493,8291.475833288934,1.569924813111991,0.9869245035416498,2.7638252777629786,0.5659190680281875,0.06682285465239854,1.3889115493393867
HtZt_8000_3000,HtZt,8000,3000,85,100,1.6,1.4,/eos/uscms/store/user/aji/rootfiles_existingOptimization/HtZt_8000_3000_pt100_ak16_ca14_th85.root,ok,,1000,1000,1.0,0.0,0.009,0.002986469487538756,0.0045,0.248,0.193,0.193,0.8069999999999999,0.012480024038438389,5659.372718614297,3199.1771343636997,8792.921307944385,1.8864575728714323,1.0663923781212332,2.9309737693147953,0.49420178275078513,0.043272136742841874,1.3898475400379284
HtZt_8000_3000,HtZt,8000,3000,85,100,1.6,1.6,/eos/uscms/store/user/aji/rootfiles_existingOptimization/HtZt_8000_3000_pt100_ak16_ca16_th85.root,ok,,1000,1000,1.0,0.0,0.016,0.003967870965643918,0.008,0.231,0.165,0.165,0.835,0.011737759581794136,5654.134731782897,3177.6744331145765,8801.487268747487,1.8847115772609657,1.059224811038192,2.933829089582496,0.49731860862993404,0.06075549161628899,1.4207897663560307
HtZt_8000_3000,HtZt,8000,3000,85,100,0.8,0.4,/eos/uscms/store/user/aji/rootfiles_existingOptimization/HtZt_8000_3000_pt100_ak8_ca4_th85.root,failed,/eos/uscms/store/user/aji/rootfiles_existingOptimization/HtZt_8000_3000_pt100_ak8_ca4_th85.root,nan,nan,nan,nan,nan,nan,nan,nan,nan,nan,nan,nan,nan,nan,nan,nan,nan,nan,nan,nan,nan
HtZt_8000_3000,HtZt,8000,3000,85,100,1.0,0.4,/eos/uscms/store/user/aji/rootfiles_existingOptimization/HtZt_8000_3000_pt100_ak10_ca4_th85.root,failed,/eos/uscms/store/user/aji/rootfiles_existingOptimization/HtZt_8000_3000_pt100_ak10_ca4_th85.root,nan,nan,nan,nan,nan,nan,nan,nan,nan,nan,nan,nan,nan,nan,nan,nan,nan,nan,nan,nan,nan
HtZt_8000_3000,HtZt,8000,3000,85,100,1.0,0.6,/eos/uscms/store/user/aji/rootfiles_existingOptimization/HtZt_8000_3000_pt100_ak10_ca6_th85.root,failed,/eos/uscms/store/user/aji/rootfiles_existingOptimization/HtZt_8000_3000_pt100_ak10_ca6_th85.root,nan,nan,nan,nan,nan,nan,nan,nan,nan,nan,nan,nan,nan,nan,nan,nan,nan,nan,nan,nan,nan
HtZt_8000_3000,HtZt,8000,3000,85,100,1.2,0.4,/eos/uscms/store/user/aji/rootfiles_existingOptimization/HtZt_8000_3000_pt100_ak12_ca4_th85.root,failed,/eos/uscms/store/user/aji/rootfiles_existingOptimization/HtZt_8000_3000_pt100_ak12_ca4_th85.root,nan,nan,nan,nan,nan,nan,nan,nan,nan,nan,nan,nan,nan,nan,nan,nan,nan,nan,nan,nan,nan
HtZt_8000_3000,HtZt,8000,3000,85,100,1.2,0.6,/eos/uscms/store/user/aji/rootfiles_existingOptimization/HtZt_8000_3000_pt100_ak12_ca6_th85.root,failed,/eos/uscms/store/user/aji/rootfiles_existingOptimization/HtZt_8000_3000_pt100_ak12_ca6_th85.root,nan,nan,nan,nan,nan,nan,nan,nan,nan,nan,nan,nan,nan,nan,nan,nan,nan,nan,nan,nan,nan
HtZt_8000_3000,HtZt,8000,3000,85,100,1.2,0.8,/eos/uscms/store/user/aji/rootfiles_existingOptimization/HtZt_8000_3000_pt100_ak12_ca8_th85.root,failed,/eos/uscms/store/user/aji/rootfiles_existingOptimization/HtZt_8000_3000_pt100_ak12_ca8_th85.root,nan,nan,nan,nan,nan,nan,nan,nan,nan,nan,nan,nan,nan,nan,nan,nan,nan,nan,nan,nan,nan
HtZt_8000_3000,HtZt,8000,3000,85,100,1.4,0.4,/eos/uscms/store/user/aji/rootfiles_existingOptimization/HtZt_8000_3000_pt100_ak14_ca4_th85.root,failed,/eos/uscms/store/user/aji/rootfiles_existingOptimization/HtZt_8000_3000_pt100_ak14_ca4_th85.root,nan,nan,nan,nan,nan,nan,nan,nan,nan,nan,nan,nan,nan,nan,nan,nan,nan,nan,nan,nan,nan
HtZt_8000_3000,HtZt,8000,3000,85,100,1.4,0.6,/eos/uscms/store/user/aji/rootfiles_existingOptimization/HtZt_8000_3000_pt100_ak14_ca6_th85.root,failed,/eos/uscms/store/user/aji/rootfiles_existingOptimization/HtZt_8000_3000_pt100_ak14_ca6_th85.root,nan,nan,nan,nan,nan,nan,nan,nan,nan,nan,nan,nan,nan,nan,nan,nan,nan,nan,nan,nan,nan
HtZt_8000_3000,HtZt,8000,3000,85,100,1.4,0.8,/eos/uscms/store/user/aji/rootfiles_existingOptimization/HtZt_8000_3000_pt100_ak14_ca8_th85.root,failed,/eos/uscms/store/user/aji/rootfiles_existingOptimization/HtZt_8000_3000_pt100_ak14_ca8_th85.root,nan,nan,nan,nan,nan,nan,nan,nan,nan,nan,nan,nan,nan,nan,nan,nan,nan,nan,nan,nan,nan
HtZt_8000_3000,HtZt,8000,3000,85,100,1.4,1.0,/eos/uscms/store/user/aji/rootfiles_existingOptimization/HtZt_8000_3000_pt100_ak14_ca10_th85.root,failed,/eos/uscms/store/user/aji/rootfiles_existingOptimization/HtZt_8000_3000_pt100_ak14_ca10_th85.root,nan,nan,nan,nan,nan,nan,nan,nan,nan,nan,nan,nan,nan,nan,nan,nan,nan,nan,nan,nan,nan
HtZt_8000_3000,HtZt,8000,3000,85,100,1.6,0.4,/eos/uscms/store/user/aji/rootfiles_existingOptimization/HtZt_8000_3000_pt100_ak16_ca4_th85.root,failed,/eos/uscms/store/user/aji/rootfiles_existingOptimization/HtZt_8000_3000_pt100_ak16_ca4_th85.root,nan,nan,nan,nan,nan,nan,nan,nan,nan,nan,nan,nan,nan,nan,nan,nan,nan,nan,nan,nan,nan
HtZt_8000_3000,HtZt,8000,3000,85,100,1.6,0.6,/eos/uscms/store/user/aji/rootfiles_existingOptimization/HtZt_8000_3000_pt100_ak16_ca6_th85.root,failed,/eos/uscms/store/user/aji/rootfiles_existingOptimization/HtZt_8000_3000_pt100_ak16_ca6_th85.root,nan,nan,nan,nan,nan,nan,nan,nan,nan,nan,nan,nan,nan,nan,nan,nan,nan,nan,nan,nan,nan
HtZt_8000_3000,HtZt,8000,3000,85,100,1.6,0.8,/eos/uscms/store/user/aji/rootfiles_existingOptimization/HtZt_8000_3000_pt100_ak16_ca8_th85.root,failed,/eos/uscms/store/user/aji/rootfiles_existingOptimization/HtZt_8000_3000_pt100_ak16_ca8_th85.root,nan,nan,nan,nan,nan,nan,nan,nan,nan,nan,nan,nan,nan,nan,nan,nan,nan,nan,nan,nan,nan
HtZt_8000_3000,HtZt,8000,3000,85,100,1.6,1.0,/eos/uscms/store/user/aji/rootfiles_existingOptimization/HtZt_8000_3000_pt100_ak16_ca10_th85.root,failed,/eos/uscms/store/user/aji/rootfiles_existingOptimization/HtZt_8000_3000_pt100_ak16_ca10_th85.root,nan,nan,nan,nan,nan,nan,nan,nan,nan,nan,nan,nan,nan,nan,nan,nan,nan,nan,nan,nan,nan
HtZt_8000_3000,HtZt,8000,3000,85,100,1.6,1.2,/eos/uscms/store/user/aji/rootfiles_existingOptimization/HtZt_8000_3000_pt100_ak16_ca12_th85.root,failed,/eos/uscms/store/user/aji/rootfiles_existingOptimization/HtZt_8000_3000_pt100_ak16_ca12_th85.root,nan,nan,nan,nan,nan,nan,nan,nan,nan,nan,nan,nan,nan,nan,nan,nan,nan,nan,nan,nan,nan
HtZt_8000_3000,HtZt,8000,3000,85,120,0.8,0.4,/eos/uscms/store/user/aji/rootfiles_existingOptimization/HtZt_8000_3000_pt120_ak8_ca4_th85.root,failed,/eos/uscms/store/user/aji/rootfiles_existingOptimization/HtZt_8000_3000_pt120_ak8_ca4_th85.root,nan,nan,nan,nan,nan,nan,nan,nan,nan,nan,nan,nan,nan,nan,nan,nan,nan,nan,nan,nan,nan
HtZt_8000_3000,HtZt,8000,3000,85,120,1.0,0.4,/eos/uscms/store/user/aji/rootfiles_existingOptimization/HtZt_8000_3000_pt120_ak10_ca4_th85.root,failed,/eos/uscms/store/user/aji/rootfiles_existingOptimization/HtZt_8000_3000_pt120_ak10_ca4_th85.root,nan,nan,nan,nan,nan,nan,nan,nan,nan,nan,nan,nan,nan,nan,nan,nan,nan,nan,nan,nan,nan
HtZt_8000_3000,HtZt,8000,3000,85,120,1.0,0.6,/eos/uscms/store/user/aji/rootfiles_existingOptimization/HtZt_8000_3000_pt120_ak10_ca6_th85.root,failed,/eos/uscms/store/user/aji/rootfiles_existingOptimization/HtZt_8000_3000_pt120_ak10_ca6_th85.root,nan,nan,nan,nan,nan,nan,nan,nan,nan,nan,nan,nan,nan,nan,nan,nan,nan,nan,nan,nan,nan
HtZt_8000_3000,HtZt,8000,3000,85,120,1.2,0.4,/eos/uscms/store/user/aji/rootfiles_existingOptimization/HtZt_8000_3000_pt120_ak12_ca4_th85.root,failed,/eos/uscms/store/user/aji/rootfiles_existingOptimization/HtZt_8000_3000_pt120_ak12_ca4_th85.root,nan,nan,nan,nan,nan,nan,nan,nan,nan,nan,nan,nan,nan,nan,nan,nan,nan,nan,nan,nan,nan
HtZt_8000_3000,HtZt,8000,3000,85,120,1.2,0.6,/eos/uscms/store/user/aji/rootfiles_existingOptimization/HtZt_8000_3000_pt120_ak12_ca6_th85.root,failed,/eos/uscms/store/user/aji/rootfiles_existingOptimization/HtZt_8000_3000_pt120_ak12_ca6_th85.root,nan,nan,nan,nan,nan,nan,nan,nan,nan,nan,nan,nan,nan,nan,nan,nan,nan,nan,nan,nan,nan
HtZt_8000_3000,HtZt,8000,3000,85,120,1.2,0.8,/eos/uscms/store/user/aji/rootfiles_existingOptimization/HtZt_8000_3000_pt120_ak12_ca8_th85.root,failed,/eos/uscms/store/user/aji/rootfiles_existingOptimization/HtZt_8000_3000_pt120_ak12_ca8_th85.root,nan,nan,nan,nan,nan,nan,nan,nan,nan,nan,nan,nan,nan,nan,nan,nan,nan,nan,nan,nan,nan
HtZt_8000_3000,HtZt,8000,3000,85,120,1.4,0.4,/eos/uscms/store/user/aji/rootfiles_existingOptimization/HtZt_8000_3000_pt120_ak14_ca4_th85.root,failed,/eos/uscms/store/user/aji/rootfiles_existingOptimization/HtZt_8000_3000_pt120_ak14_ca4_th85.root,nan,nan,nan,nan,nan,nan,nan,nan,nan,nan,nan,nan,nan,nan,nan,nan,nan,nan,nan,nan,nan
HtZt_8000_3000,HtZt,8000,3000,85,120,1.4,0.6,/eos/uscms/store/user/aji/rootfiles_existingOptimization/HtZt_8000_3000_pt120_ak14_ca6_th85.root,failed,/eos/uscms/store/user/aji/rootfiles_existingOptimization/HtZt_8000_3000_pt120_ak14_ca6_th85.root,nan,nan,nan,nan,nan,nan,nan,nan,nan,nan,nan,nan,nan,nan,nan,nan,nan,nan,nan,nan,nan
HtZt_8000_3000,HtZt,8000,3000,85,120,1.4,0.8,/eos/uscms/store/user/aji/rootfiles_existingOptimization/HtZt_8000_3000_pt120_ak14_ca8_th85.root,failed,/eos/uscms/store/user/aji/rootfiles_existingOptimization/HtZt_8000_3000_pt120_ak14_ca8_th85.root,nan,nan,nan,nan,nan,nan,nan,nan,nan,nan,nan,nan,nan,nan,nan,nan,nan,nan,nan,nan,nan
HtZt_8000_3000,HtZt,8000,3000,85,120,1.4,1.0,/eos/uscms/store/user/aji/rootfiles_existingOptimization/HtZt_8000_3000_pt120_ak14_ca10_th85.root,failed,/eos/uscms/store/user/aji/rootfiles_existingOptimization/HtZt_8000_3000_pt120_ak14_ca10_th85.root,nan,nan,nan,nan,nan,nan,nan,nan,nan,nan,nan,nan,nan,nan,nan,nan,nan,nan,nan,nan,nan
HtZt_8000_3000,HtZt,8000,3000,85,120,1.6,0.4,/eos/uscms/store/user/aji/rootfiles_existingOptimization/HtZt_8000_3000_pt120_ak16_ca4_th85.root,failed,/eos/uscms/store/user/aji/rootfiles_existingOptimization/HtZt_8000_3000_pt120_ak16_ca4_th85.root,nan,nan,nan,nan,nan,nan,nan,nan,nan,nan,nan,nan,nan,nan,nan,nan,nan,nan,nan,nan,nan
HtZt_8000_3000,HtZt,8000,3000,85,120,1.6,0.6,/eos/uscms/store/user/aji/rootfiles_existingOptimization/HtZt_8000_3000_pt120_ak16_ca6_th85.root,failed,/eos/uscms/store/user/aji/rootfiles_existingOptimization/HtZt_8000_3000_pt120_ak16_ca6_th85.root,nan,nan,nan,nan,nan,nan,nan,nan,nan,nan,nan,nan,nan,nan,nan,nan,nan,nan,nan,nan,nan
HtZt_8000_3000,HtZt,8000,3000,85,120,1.6,0.8,/eos/uscms/store/user/aji/rootfiles_existingOptimization/HtZt_8000_3000_pt120_ak16_ca8_th85.root,failed,/eos/uscms/store/user/aji/rootfiles_existingOptimization/HtZt_8000_3000_pt120_ak16_ca8_th85.root,nan,nan,nan,nan,nan,nan,nan,nan,nan,nan,nan,nan,nan,nan,nan,nan,nan,nan,nan,nan,nan
HtZt_8000_3000,HtZt,8000,3000,85,120,1.6,1.0,/eos/uscms/store/user/aji/rootfiles_existingOptimization/HtZt_8000_3000_pt120_ak16_ca10_th85.root,failed,/eos/uscms/store/user/aji/rootfiles_existingOptimization/HtZt_8000_3000_pt120_ak16_ca10_th85.root,nan,nan,nan,nan,nan,nan,nan,nan,nan,nan,nan,nan,nan,nan,nan,nan,nan,nan,nan,nan,nan
HtZt_8000_3000,HtZt,8000,3000,85,120,1.6,1.2,/eos/uscms/store/user/aji/rootfiles_existingOptimization/HtZt_8000_3000_pt120_ak16_ca12_th85.root,failed,/eos/uscms/store/user/aji/rootfiles_existingOptimization/HtZt_8000_3000_pt120_ak16_ca12_th85.root,nan,nan,nan,nan,nan,nan,nan,nan,nan,nan,nan,nan,nan,nan,nan,nan,nan,nan,nan,nan,nan
HtZt_8000_3000,HtZt,8000,3000,85,140,0.8,0.4,/eos/uscms/store/user/aji/rootfiles_existingOptimization/HtZt_8000_3000_pt140_ak8_ca4_th85.root,failed,/eos/uscms/store/user/aji/rootfiles_existingOptimization/HtZt_8000_3000_pt140_ak8_ca4_th85.root,nan,nan,nan,nan,nan,nan,nan,nan,nan,nan,nan,nan,nan,nan,nan,nan,nan,nan,nan,nan,nan
HtZt_8000_3000,HtZt,8000,3000,85,140,1.0,0.4,/eos/uscms/store/user/aji/rootfiles_existingOptimization/HtZt_8000_3000_pt140_ak10_ca4_th85.root,failed,/eos/uscms/store/user/aji/rootfiles_existingOptimization/HtZt_8000_3000_pt140_ak10_ca4_th85.root,nan,nan,nan,nan,nan,nan,nan,nan,nan,nan,nan,nan,nan,nan,nan,nan,nan,nan,nan,nan,nan
HtZt_8000_3000,HtZt,8000,3000,85,140,1.0,0.6,/eos/uscms/store/user/aji/rootfiles_existingOptimization/HtZt_8000_3000_pt140_ak10_ca6_th85.root,failed,/eos/uscms/store/user/aji/rootfiles_existingOptimization/HtZt_8000_3000_pt140_ak10_ca6_th85.root,nan,nan,nan,nan,nan,nan,nan,nan,nan,nan,nan,nan,nan,nan,nan,nan,nan,nan,nan,nan,nan
HtZt_8000_3000,HtZt,8000,3000,85,140,1.2,0.4,/eos/uscms/store/user/aji/rootfiles_existingOptimization/HtZt_8000_3000_pt140_ak12_ca4_th85.root,failed,/eos/uscms/store/user/aji/rootfiles_existingOptimization/HtZt_8000_3000_pt140_ak12_ca4_th85.root,nan,nan,nan,nan,nan,nan,nan,nan,nan,nan,nan,nan,nan,nan,nan,nan,nan,nan,nan,nan,nan
HtZt_8000_3000,HtZt,8000,3000,85,140,1.2,0.6,/eos/uscms/store/user/aji/rootfiles_existingOptimization/HtZt_8000_3000_pt140_ak12_ca6_th85.root,failed,/eos/uscms/store/user/aji/rootfiles_existingOptimization/HtZt_8000_3000_pt140_ak12_ca6_th85.root,nan,nan,nan,nan,nan,nan,nan,nan,nan,nan,nan,nan,nan,nan,nan,nan,nan,nan,nan,nan,nan
HtZt_8000_3000,HtZt,8000,3000,85,140,1.2,0.8,/eos/uscms/store/user/aji/rootfiles_existingOptimization/HtZt_8000_3000_pt140_ak12_ca8_th85.root,failed,/eos/uscms/store/user/aji/rootfiles_existingOptimization/HtZt_8000_3000_pt140_ak12_ca8_th85.root,nan,nan,nan,nan,nan,nan,nan,nan,nan,nan,nan,nan,nan,nan,nan,nan,nan,nan,nan,nan,nan
HtZt_8000_3000,HtZt,8000,3000,85,140,1.4,0.4,/eos/uscms/store/user/aji/rootfiles_existingOptimization/HtZt_8000_3000_pt140_ak14_ca4_th85.root,failed,/eos/uscms/store/user/aji/rootfiles_existingOptimization/HtZt_8000_3000_pt140_ak14_ca4_th85.root,nan,nan,nan,nan,nan,nan,nan,nan,nan,nan,nan,nan,nan,nan,nan,nan,nan,nan,nan,nan,nan
HtZt_8000_3000,HtZt,8000,3000,85,140,1.4,0.6,/eos/uscms/store/user/aji/rootfiles_existingOptimization/HtZt_8000_3000_pt140_ak14_ca6_th85.root,failed,/eos/uscms/store/user/aji/rootfiles_existingOptimization/HtZt_8000_3000_pt140_ak14_ca6_th85.root,nan,nan,nan,nan,nan,nan,nan,nan,nan,nan,nan,nan,nan,nan,nan,nan,nan,nan,nan,nan,nan
HtZt_8000_3000,HtZt,8000,3000,85,140,1.4,0.8,/eos/uscms/store/user/aji/rootfiles_existingOptimization/HtZt_8000_3000_pt140_ak14_ca8_th85.root,failed,/eos/uscms/store/user/aji/rootfiles_existingOptimization/HtZt_8000_3000_pt140_ak14_ca8_th85.root,nan,nan,nan,nan,nan,nan,nan,nan,nan,nan,nan,nan,nan,nan,nan,nan,nan,nan,nan,nan,nan
HtZt_8000_3000,HtZt,8000,3000,85,140,1.4,1.0,/eos/uscms/store/user/aji/rootfiles_existingOptimization/HtZt_8000_3000_pt140_ak14_ca10_th85.root,failed,/eos/uscms/store/user/aji/rootfiles_existingOptimization/HtZt_8000_3000_pt140_ak14_ca10_th85.root,nan,nan,nan,nan,nan,nan,nan,nan,nan,nan,nan,nan,nan,nan,nan,nan,nan,nan,nan,nan,nan
HtZt_8000_3000,HtZt,8000,3000,85,140,1.6,0.4,/eos/uscms/store/user/aji/rootfiles_existingOptimization/HtZt_8000_3000_pt140_ak16_ca4_th85.root,failed,/eos/uscms/store/user/aji/rootfiles_existingOptimization/HtZt_8000_3000_pt140_ak16_ca4_th85.root,nan,nan,nan,nan,nan,nan,nan,nan,nan,nan,nan,nan,nan,nan,nan,nan,nan,nan,nan,nan,nan
HtZt_8000_3000,HtZt,8000,3000,85,140,1.6,0.6,/eos/uscms/store/user/aji/rootfiles_existingOptimization/HtZt_8000_3000_pt140_ak16_ca6_th85.root,failed,/eos/uscms/store/user/aji/rootfiles_existingOptimization/HtZt_8000_3000_pt140_ak16_ca6_th85.root,nan,nan,nan,nan,nan,nan,nan,nan,nan,nan,nan,nan,nan,nan,nan,nan,nan,nan,nan,nan,nan
HtZt_8000_3000,HtZt,8000,3000,85,140,1.6,0.8,/eos/uscms/store/user/aji/rootfiles_existingOptimization/HtZt_8000_3000_pt140_ak16_ca8_th85.root,failed,/eos/uscms/store/user/aji/rootfiles_existingOptimization/HtZt_8000_3000_pt140_ak16_ca8_th85.root,nan,nan,nan,nan,nan,nan,nan,nan,nan,nan,nan,nan,nan,nan,nan,nan,nan,nan,nan,nan,nan
HtZt_8000_3000,HtZt,8000,3000,85,140,1.6,1.0,/eos/uscms/store/user/aji/rootfiles_existingOptimization/HtZt_8000_3000_pt140_ak16_ca10_th85.root,failed,/eos/uscms/store/user/aji/rootfiles_existingOptimization/HtZt_8000_3000_pt140_ak16_ca10_th85.root,nan,nan,nan,nan,nan,nan,nan,nan,nan,nan,nan,nan,nan,nan,nan,nan,nan,nan,nan,nan,nan
HtZt_8000_3000,HtZt,8000,3000,85,140,1.6,1.2,/eos/uscms/store/user/aji/rootfiles_existingOptimization/HtZt_8000_3000_pt140_ak16_ca12_th85.root,failed,/eos/uscms/store/user/aji/rootfiles_existingOptimization/HtZt_8000_3000_pt140_ak16_ca12_th85.root,nan,nan,nan,nan,nan,nan,nan,nan,nan,nan,nan,nan,nan,nan,nan,nan,nan,nan,nan,nan,nan
HtZt_8000_3000,HtZt,8000,3000,85,160,0.8,0.4,/eos/uscms/store/user/aji/rootfiles_existingOptimization/HtZt_8000_3000_pt160_ak8_ca4_th85.root,failed,/eos/uscms/store/user/aji/rootfiles_existingOptimization/HtZt_8000_3000_pt160_ak8_ca4_th85.root,nan,nan,nan,nan,nan,nan,nan,nan,nan,nan,nan,nan,nan,nan,nan,nan,nan,nan,nan,nan,nan
HtZt_8000_3000,HtZt,8000,3000,85,160,1.0,0.4,/eos/uscms/store/user/aji/rootfiles_existingOptimization/HtZt_8000_3000_pt160_ak10_ca4_th85.root,failed,/eos/uscms/store/user/aji/rootfiles_existingOptimization/HtZt_8000_3000_pt160_ak10_ca4_th85.root,nan,nan,nan,nan,nan,nan,nan,nan,nan,nan,nan,nan,nan,nan,nan,nan,nan,nan,nan,nan,nan
HtZt_8000_3000,HtZt,8000,3000,85,160,1.0,0.6,/eos/uscms/store/user/aji/rootfiles_existingOptimization/HtZt_8000_3000_pt160_ak10_ca6_th85.root,failed,/eos/uscms/store/user/aji/rootfiles_existingOptimization/HtZt_8000_3000_pt160_ak10_ca6_th85.root,nan,nan,nan,nan,nan,nan,nan,nan,nan,nan,nan,nan,nan,nan,nan,nan,nan,nan,nan,nan,nan
HtZt_8000_3000,HtZt,8000,3000,85,160,1.2,0.4,/eos/uscms/store/user/aji/rootfiles_existingOptimization/HtZt_8000_3000_pt160_ak12_ca4_th85.root,failed,/eos/uscms/store/user/aji/rootfiles_existingOptimization/HtZt_8000_3000_pt160_ak12_ca4_th85.root,nan,nan,nan,nan,nan,nan,nan,nan,nan,nan,nan,nan,nan,nan,nan,nan,nan,nan,nan,nan,nan
HtZt_8000_3000,HtZt,8000,3000,85,160,1.2,0.6,/eos/uscms/store/user/aji/rootfiles_existingOptimization/HtZt_8000_3000_pt160_ak12_ca6_th85.root,failed,/eos/uscms/store/user/aji/rootfiles_existingOptimization/HtZt_8000_3000_pt160_ak12_ca6_th85.root,nan,nan,nan,nan,nan,nan,nan,nan,nan,nan,nan,nan,nan,nan,nan,nan,nan,nan,nan,nan,nan
HtZt_8000_3000,HtZt,8000,3000,85,160,1.2,0.8,/eos/uscms/store/user/aji/rootfiles_existingOptimization/HtZt_8000_3000_pt160_ak12_ca8_th85.root,failed,/eos/uscms/store/user/aji/rootfiles_existingOptimization/HtZt_8000_3000_pt160_ak12_ca8_th85.root,nan,nan,nan,nan,nan,nan,nan,nan,nan,nan,nan,nan,nan,nan,nan,nan,nan,nan,nan,nan,nan
HtZt_8000_3000,HtZt,8000,3000,85,160,1.4,0.4,/eos/uscms/store/user/aji/rootfiles_existingOptimization/HtZt_8000_3000_pt160_ak14_ca4_th85.root,failed,/eos/uscms/store/user/aji/rootfiles_existingOptimization/HtZt_8000_3000_pt160_ak14_ca4_th85.root,nan,nan,nan,nan,nan,nan,nan,nan,nan,nan,nan,nan,nan,nan,nan,nan,nan,nan,nan,nan,nan
HtZt_8000_3000,HtZt,8000,3000,85,160,1.4,0.6,/eos/uscms/store/user/aji/rootfiles_existingOptimization/HtZt_8000_3000_pt160_ak14_ca6_th85.root,failed,/eos/uscms/store/user/aji/rootfiles_existingOptimization/HtZt_8000_3000_pt160_ak14_ca6_th85.root,nan,nan,nan,nan,nan,nan,nan,nan,nan,nan,nan,nan,nan,nan,nan,nan,nan,nan,nan,nan,nan
HtZt_8000_3000,HtZt,8000,3000,85,160,1.4,0.8,/eos/uscms/store/user/aji/rootfiles_existingOptimization/HtZt_8000_3000_pt160_ak14_ca8_th85.root,failed,/eos/uscms/store/user/aji/rootfiles_existingOptimization/HtZt_8000_3000_pt160_ak14_ca8_th85.root,nan,nan,nan,nan,nan,nan,nan,nan,nan,nan,nan,nan,nan,nan,nan,nan,nan,nan,nan,nan,nan
HtZt_8000_3000,HtZt,8000,3000,85,160,1.4,1.0,/eos/uscms/store/user/aji/rootfiles_existingOptimization/HtZt_8000_3000_pt160_ak14_ca10_th85.root,failed,/eos/uscms/store/user/aji/rootfiles_existingOptimization/HtZt_8000_3000_pt160_ak14_ca10_th85.root,nan,nan,nan,nan,nan,nan,nan,nan,nan,nan,nan,nan,nan,nan,nan,nan,nan,nan,nan,nan,nan
HtZt_8000_3000,HtZt,8000,3000,85,160,1.6,0.4,/eos/uscms/store/user/aji/rootfiles_existingOptimization/HtZt_8000_3000_pt160_ak16_ca4_th85.root,failed,/eos/uscms/store/user/aji/rootfiles_existingOptimization/HtZt_8000_3000_pt160_ak16_ca4_th85.root,nan,nan,nan,nan,nan,nan,nan,nan,nan,nan,nan,nan,nan,nan,nan,nan,nan,nan,nan,nan,nan
HtZt_8000_3000,HtZt,8000,3000,85,160,1.6,0.6,/eos/uscms/store/user/aji/rootfiles_existingOptimization/HtZt_8000_3000_pt160_ak16_ca6_th85.root,failed,/eos/uscms/store/user/aji/rootfiles_existingOptimization/HtZt_8000_3000_pt160_ak16_ca6_th85.root,nan,nan,nan,nan,nan,nan,nan,nan,nan,nan,nan,nan,nan,nan,nan,nan,nan,nan,nan,nan,nan
HtZt_8000_3000,HtZt,8000,3000,85,160,1.6,0.8,/eos/uscms/store/user/aji/rootfiles_existingOptimization/HtZt_8000_3000_pt160_ak16_ca8_th85.root,failed,/eos/uscms/store/user/aji/rootfiles_existingOptimization/HtZt_8000_3000_pt160_ak16_ca8_th85.root,nan,nan,nan,nan,nan,nan,nan,nan,nan,nan,nan,nan,nan,nan,nan,nan,nan,nan,nan,nan,nan
HtZt_8000_3000,HtZt,8000,3000,85,160,1.6,1.0,/eos/uscms/store/user/aji/rootfiles_existingOptimization/HtZt_8000_3000_pt160_ak16_ca10_th85.root,failed,/eos/uscms/store/user/aji/rootfiles_existingOptimization/HtZt_8000_3000_pt160_ak16_ca10_th85.root,nan,nan,nan,nan,nan,nan,nan,nan,nan,nan,nan,nan,nan,nan,nan,nan,nan,nan,nan,nan,nan
HtZt_8000_3000,HtZt,8000,3000,85,160,1.6,1.2,/eos/uscms/store/user/aji/rootfiles_existingOptimization/HtZt_8000_3000_pt160_ak16_ca12_th85.root,failed,/eos/uscms/store/user/aji/rootfiles_existingOptimization/HtZt_8000_3000_pt160_ak16_ca12_th85.root,nan,nan,nan,nan,nan,nan,nan,nan,nan,nan,nan,nan,nan,nan,nan,nan,nan,nan,nan,nan,nan
HtZt_8000_3000,HtZt,8000,3000,85,180,0.8,0.4,/eos/uscms/store/user/aji/rootfiles_existingOptimization/HtZt_8000_3000_pt180_ak8_ca4_th85.root,failed,/eos/uscms/store/user/aji/rootfiles_existingOptimization/HtZt_8000_3000_pt180_ak8_ca4_th85.root,nan,nan,nan,nan,nan,nan,nan,nan,nan,nan,nan,nan,nan,nan,nan,nan,nan,nan,nan,nan,nan
HtZt_8000_3000,HtZt,8000,3000,85,180,1.0,0.4,/eos/uscms/store/user/aji/rootfiles_existingOptimization/HtZt_8000_3000_pt180_ak10_ca4_th85.root,failed,/eos/uscms/store/user/aji/rootfiles_existingOptimization/HtZt_8000_3000_pt180_ak10_ca4_th85.root,nan,nan,nan,nan,nan,nan,nan,nan,nan,nan,nan,nan,nan,nan,nan,nan,nan,nan,nan,nan,nan
HtZt_8000_3000,HtZt,8000,3000,85,180,1.0,0.6,/eos/uscms/store/user/aji/rootfiles_existingOptimization/HtZt_8000_3000_pt180_ak10_ca6_th85.root,failed,/eos/uscms/store/user/aji/rootfiles_existingOptimization/HtZt_8000_3000_pt180_ak10_ca6_th85.root,nan,nan,nan,nan,nan,nan,nan,nan,nan,nan,nan,nan,nan,nan,nan,nan,nan,nan,nan,nan,nan
HtZt_8000_3000,HtZt,8000,3000,85,180,1.2,0.4,/eos/uscms/store/user/aji/rootfiles_existingOptimization/HtZt_8000_3000_pt180_ak12_ca4_th85.root,failed,/eos/uscms/store/user/aji/rootfiles_existingOptimization/HtZt_8000_3000_pt180_ak12_ca4_th85.root,nan,nan,nan,nan,nan,nan,nan,nan,nan,nan,nan,nan,nan,nan,nan,nan,nan,nan,nan,nan,nan
HtZt_8000_3000,HtZt,8000,3000,85,180,1.2,0.6,/eos/uscms/store/user/aji/rootfiles_existingOptimization/HtZt_8000_3000_pt180_ak12_ca6_th85.root,failed,/eos/uscms/store/user/aji/rootfiles_existingOptimization/HtZt_8000_3000_pt180_ak12_ca6_th85.root,nan,nan,nan,nan,nan,nan,nan,nan,nan,nan,nan,nan,nan,nan,nan,nan,nan,nan,nan,nan,nan
HtZt_8000_3000,HtZt,8000,3000,85,180,1.2,0.8,/eos/uscms/store/user/aji/rootfiles_existingOptimization/HtZt_8000_3000_pt180_ak12_ca8_th85.root,failed,/eos/uscms/store/user/aji/rootfiles_existingOptimization/HtZt_8000_3000_pt180_ak12_ca8_th85.root,nan,nan,nan,nan,nan,nan,nan,nan,nan,nan,nan,nan,nan,nan,nan,nan,nan,nan,nan,nan,nan
HtZt_8000_3000,HtZt,8000,3000,85,180,1.4,0.4,/eos/uscms/store/user/aji/rootfiles_existingOptimization/HtZt_8000_3000_pt180_ak14_ca4_th85.root,failed,/eos/uscms/store/user/aji/rootfiles_existingOptimization/HtZt_8000_3000_pt180_ak14_ca4_th85.root,nan,nan,nan,nan,nan,nan,nan,nan,nan,nan,nan,nan,nan,nan,nan,nan,nan,nan,nan,nan,nan
HtZt_8000_3000,HtZt,8000,3000,85,180,1.4,0.6,/eos/uscms/store/user/aji/rootfiles_existingOptimization/HtZt_8000_3000_pt180_ak14_ca6_th85.root,failed,/eos/uscms/store/user/aji/rootfiles_existingOptimization/HtZt_8000_3000_pt180_ak14_ca6_th85.root,nan,nan,nan,nan,nan,nan,nan,nan,nan,nan,nan,nan,nan,nan,nan,nan,nan,nan,nan,nan,nan
HtZt_8000_3000,HtZt,8000,3000,85,180,1.4,0.8,/eos/uscms/store/user/aji/rootfiles_existingOptimization/HtZt_8000_3000_pt180_ak14_ca8_th85.root,failed,/eos/uscms/store/user/aji/rootfiles_existingOptimization/HtZt_8000_3000_pt180_ak14_ca8_th85.root,nan,nan,nan,nan,nan,nan,nan,nan,nan,nan,nan,nan,nan,nan,nan,nan,nan,nan,nan,nan,nan
HtZt_8000_3000,HtZt,8000,3000,85,180,1.4,1.0,/eos/uscms/store/user/aji/rootfiles_existingOptimization/HtZt_8000_3000_pt180_ak14_ca10_th85.root,failed,/eos/uscms/store/user/aji/rootfiles_existingOptimization/HtZt_8000_3000_pt180_ak14_ca10_th85.root,nan,nan,nan,nan,nan,nan,nan,nan,nan,nan,nan,nan,nan,nan,nan,nan,nan,nan,nan,nan,nan
HtZt_8000_3000,HtZt,8000,3000,85,180,1.6,0.4,/eos/uscms/store/user/aji/rootfiles_existingOptimization/HtZt_8000_3000_pt180_ak16_ca4_th85.root,failed,/eos/uscms/store/user/aji/rootfiles_existingOptimization/HtZt_8000_3000_pt180_ak16_ca4_th85.root,nan,nan,nan,nan,nan,nan,nan,nan,nan,nan,nan,nan,nan,nan,nan,nan,nan,nan,nan,nan,nan
HtZt_8000_3000,HtZt,8000,3000,85,180,1.6,0.6,/eos/uscms/store/user/aji/rootfiles_existingOptimization/HtZt_8000_3000_pt180_ak16_ca6_th85.root,failed,/eos/uscms/store/user/aji/rootfiles_existingOptimization/HtZt_8000_3000_pt180_ak16_ca6_th85.root,nan,nan,nan,nan,nan,nan,nan,nan,nan,nan,nan,nan,nan,nan,nan,nan,nan,nan,nan,nan,nan
HtZt_8000_3000,HtZt,8000,3000,85,180,1.6,0.8,/eos/uscms/store/user/aji/rootfiles_existingOptimization/HtZt_8000_3000_pt180_ak16_ca8_th85.root,failed,/eos/uscms/store/user/aji/rootfiles_existingOptimization/HtZt_8000_3000_pt180_ak16_ca8_th85.root,nan,nan,nan,nan,nan,nan,nan,nan,nan,nan,nan,nan,nan,nan,nan,nan,nan,nan,nan,nan,nan
HtZt_8000_3000,HtZt,8000,3000,85,180,1.6,1.0,/eos/uscms/store/user/aji/rootfiles_existingOptimization/HtZt_8000_3000_pt180_ak16_ca10_th85.root,failed,/eos/uscms/store/user/aji/rootfiles_existingOptimization/HtZt_8000_3000_pt180_ak16_ca10_th85.root,nan,nan,nan,nan,nan,nan,nan,nan,nan,nan,nan,nan,nan,nan,nan,nan,nan,nan,nan,nan,nan
HtZt_8000_3000,HtZt,8000,3000,85,180,1.6,1.2,/eos/uscms/store/user/aji/rootfiles_existingOptimization/HtZt_8000_3000_pt180_ak16_ca12_th85.root,failed,/eos/uscms/store/user/aji/rootfiles_existingOptimization/HtZt_8000_3000_pt180_ak16_ca12_th85.root,nan,nan,nan,nan,nan,nan,nan,nan,nan,nan,nan,nan,nan,nan,nan,nan,nan,nan,nan,nan,nan
HtZt_8000_3000,HtZt,8000,3000,85,200,0.8,0.4,/eos/uscms/store/user/aji/rootfiles_existingOptimization/HtZt_8000_3000_pt200_ak8_ca4_th85.root,failed,/eos/uscms/store/user/aji/rootfiles_existingOptimization/HtZt_8000_3000_pt200_ak8_ca4_th85.root,nan,nan,nan,nan,nan,nan,nan,nan,nan,nan,nan,nan,nan,nan,nan,nan,nan,nan,nan,nan,nan
HtZt_8000_3000,HtZt,8000,3000,85,200,1.0,0.4,/eos/uscms/store/user/aji/rootfiles_existingOptimization/HtZt_8000_3000_pt200_ak10_ca4_th85.root,failed,/eos/uscms/store/user/aji/rootfiles_existingOptimization/HtZt_8000_3000_pt200_ak10_ca4_th85.root,nan,nan,nan,nan,nan,nan,nan,nan,nan,nan,nan,nan,nan,nan,nan,nan,nan,nan,nan,nan,nan
HtZt_8000_3000,HtZt,8000,3000,85,200,1.0,0.6,/eos/uscms/store/user/aji/rootfiles_existingOptimization/HtZt_8000_3000_pt200_ak10_ca6_th85.root,failed,/eos/uscms/store/user/aji/rootfiles_existingOptimization/HtZt_8000_3000_pt200_ak10_ca6_th85.root,nan,nan,nan,nan,nan,nan,nan,nan,nan,nan,nan,nan,nan,nan,nan,nan,nan,nan,nan,nan,nan
HtZt_8000_3000,HtZt,8000,3000,85,200,1.2,0.4,/eos/uscms/store/user/aji/rootfiles_existingOptimization/HtZt_8000_3000_pt200_ak12_ca4_th85.root,failed,/eos/uscms/store/user/aji/rootfiles_existingOptimization/HtZt_8000_3000_pt200_ak12_ca4_th85.root,nan,nan,nan,nan,nan,nan,nan,nan,nan,nan,nan,nan,nan,nan,nan,nan,nan,nan,nan,nan,nan
HtZt_8000_3000,HtZt,8000,3000,85,200,1.2,0.6,/eos/uscms/store/user/aji/rootfiles_existingOptimization/HtZt_8000_3000_pt200_ak12_ca6_th85.root,failed,/eos/uscms/store/user/aji/rootfiles_existingOptimization/HtZt_8000_3000_pt200_ak12_ca6_th85.root,nan,nan,nan,nan,nan,nan,nan,nan,nan,nan,nan,nan,nan,nan,nan,nan,nan,nan,nan,nan,nan
HtZt_8000_3000,HtZt,8000,3000,85,200,1.2,0.8,/eos/uscms/store/user/aji/rootfiles_existingOptimization/HtZt_8000_3000_pt200_ak12_ca8_th85.root,failed,/eos/uscms/store/user/aji/rootfiles_existingOptimization/HtZt_8000_3000_pt200_ak12_ca8_th85.root,nan,nan,nan,nan,nan,nan,nan,nan,nan,nan,nan,nan,nan,nan,nan,nan,nan,nan,nan,nan,nan
HtZt_8000_3000,HtZt,8000,3000,85,200,1.4,0.4,/eos/uscms/store/user/aji/rootfiles_existingOptimization/HtZt_8000_3000_pt200_ak14_ca4_th85.root,failed,/eos/uscms/store/user/aji/rootfiles_existingOptimization/HtZt_8000_3000_pt200_ak14_ca4_th85.root,nan,nan,nan,nan,nan,nan,nan,nan,nan,nan,nan,nan,nan,nan,nan,nan,nan,nan,nan,nan,nan
HtZt_8000_3000,HtZt,8000,3000,85,200,1.4,0.6,/eos/uscms/store/user/aji/rootfiles_existingOptimization/HtZt_8000_3000_pt200_ak14_ca6_th85.root,failed,/eos/uscms/store/user/aji/rootfiles_existingOptimization/HtZt_8000_3000_pt200_ak14_ca6_th85.root,nan,nan,nan,nan,nan,nan,nan,nan,nan,nan,nan,nan,nan,nan,nan,nan,nan,nan,nan,nan,nan
HtZt_8000_3000,HtZt,8000,3000,85,200,1.4,0.8,/eos/uscms/store/user/aji/rootfiles_existingOptimization/HtZt_8000_3000_pt200_ak14_ca8_th85.root,failed,/eos/uscms/store/user/aji/rootfiles_existingOptimization/HtZt_8000_3000_pt200_ak14_ca8_th85.root,nan,nan,nan,nan,nan,nan,nan,nan,nan,nan,nan,nan,nan,nan,nan,nan,nan,nan,nan,nan,nan
HtZt_8000_3000,HtZt,8000,3000,85,200,1.4,1.0,/eos/uscms/store/user/aji/rootfiles_existingOptimization/HtZt_8000_3000_pt200_ak14_ca10_th85.root,failed,/eos/uscms/store/user/aji/rootfiles_existingOptimization/HtZt_8000_3000_pt200_ak14_ca10_th85.root,nan,nan,nan,nan,nan,nan,nan,nan,nan,nan,nan,nan,nan,nan,nan,nan,nan,nan,nan,nan,nan
HtZt_8000_3000,HtZt,8000,3000,85,200,1.6,0.4,/eos/uscms/store/user/aji/rootfiles_existingOptimization/HtZt_8000_3000_pt200_ak16_ca4_th85.root,failed,/eos/uscms/store/user/aji/rootfiles_existingOptimization/HtZt_8000_3000_pt200_ak16_ca4_th85.root,nan,nan,nan,nan,nan,nan,nan,nan,nan,nan,nan,nan,nan,nan,nan,nan,nan,nan,nan,nan,nan
HtZt_8000_3000,HtZt,8000,3000,85,200,1.6,0.6,/eos/uscms/store/user/aji/rootfiles_existingOptimization/HtZt_8000_3000_pt200_ak16_ca6_th85.root,failed,/eos/uscms/store/user/aji/rootfiles_existingOptimization/HtZt_8000_3000_pt200_ak16_ca6_th85.root,nan,nan,nan,nan,nan,nan,nan,nan,nan,nan,nan,nan,nan,nan,nan,nan,nan,nan,nan,nan,nan
HtZt_8000_3000,HtZt,8000,3000,85,200,1.6,0.8,/eos/uscms/store/user/aji/rootfiles_existingOptimization/HtZt_8000_3000_pt200_ak16_ca8_th85.root,failed,/eos/uscms/store/user/aji/rootfiles_existingOptimization/HtZt_8000_3000_pt200_ak16_ca8_th85.root,nan,nan,nan,nan,nan,nan,nan,nan,nan,nan,nan,nan,nan,nan,nan,nan,nan,nan,nan,nan,nan
HtZt_8000_3000,HtZt,8000,3000,85,200,1.6,1.0,/eos/uscms/store/user/aji/rootfiles_existingOptimization/HtZt_8000_3000_pt200_ak16_ca10_th85.root,failed,/eos/uscms/store/user/aji/rootfiles_existingOptimization/HtZt_8000_3000_pt200_ak16_ca10_th85.root,nan,nan,nan,nan,nan,nan,nan,nan,nan,nan,nan,nan,nan,nan,nan,nan,nan,nan,nan,nan,nan
HtZt_8000_3000,HtZt,8000,3000,85,200,1.6,1.2,/eos/uscms/store/user/aji/rootfiles_existingOptimization/HtZt_8000_3000_pt200_ak16_ca12_th85.root,failed,/eos/uscms/store/user/aji/rootfiles_existingOptimization/HtZt_8000_3000_pt200_ak16_ca12_th85.root,nan,nan,nan,nan,nan,nan,nan,nan,nan,nan,nan,nan,nan,nan,nan,nan,nan,nan,nan,nan,nan
HtZt_8000_3000,HtZt,8000,3000,85,220,0.8,0.4,/eos/uscms/store/user/aji/rootfiles_existingOptimization/HtZt_8000_3000_pt220_ak8_ca4_th85.root,failed,/eos/uscms/store/user/aji/rootfiles_existingOptimization/HtZt_8000_3000_pt220_ak8_ca4_th85.root,nan,nan,nan,nan,nan,nan,nan,nan,nan,nan,nan,nan,nan,nan,nan,nan,nan,nan,nan,nan,nan
HtZt_8000_3000,HtZt,8000,3000,85,220,1.0,0.4,/eos/uscms/store/user/aji/rootfiles_existingOptimization/HtZt_8000_3000_pt220_ak10_ca4_th85.root,failed,/eos/uscms/store/user/aji/rootfiles_existingOptimization/HtZt_8000_3000_pt220_ak10_ca4_th85.root,nan,nan,nan,nan,nan,nan,nan,nan,nan,nan,nan,nan,nan,nan,nan,nan,nan,nan,nan,nan,nan
HtZt_8000_3000,HtZt,8000,3000,85,220,1.0,0.6,/eos/uscms/store/user/aji/rootfiles_existingOptimization/HtZt_8000_3000_pt220_ak10_ca6_th85.root,failed,/eos/uscms/store/user/aji/rootfiles_existingOptimization/HtZt_8000_3000_pt220_ak10_ca6_th85.root,nan,nan,nan,nan,nan,nan,nan,nan,nan,nan,nan,nan,nan,nan,nan,nan,nan,nan,nan,nan,nan
HtZt_8000_3000,HtZt,8000,3000,85,220,1.2,0.4,/eos/uscms/store/user/aji/rootfiles_existingOptimization/HtZt_8000_3000_pt220_ak12_ca4_th85.root,failed,/eos/uscms/store/user/aji/rootfiles_existingOptimization/HtZt_8000_3000_pt220_ak12_ca4_th85.root,nan,nan,nan,nan,nan,nan,nan,nan,nan,nan,nan,nan,nan,nan,nan,nan,nan,nan,nan,nan,nan
HtZt_8000_3000,HtZt,8000,3000,85,220,1.2,0.6,/eos/uscms/store/user/aji/rootfiles_existingOptimization/HtZt_8000_3000_pt220_ak12_ca6_th85.root,failed,/eos/uscms/store/user/aji/rootfiles_existingOptimization/HtZt_8000_3000_pt220_ak12_ca6_th85.root,nan,nan,nan,nan,nan,nan,nan,nan,nan,nan,nan,nan,nan,nan,nan,nan,nan,nan,nan,nan,nan
HtZt_8000_3000,HtZt,8000,3000,85,220,1.2,0.8,/eos/uscms/store/user/aji/rootfiles_existingOptimization/HtZt_8000_3000_pt220_ak12_ca8_th85.root,failed,/eos/uscms/store/user/aji/rootfiles_existingOptimization/HtZt_8000_3000_pt220_ak12_ca8_th85.root,nan,nan,nan,nan,nan,nan,nan,nan,nan,nan,nan,nan,nan,nan,nan,nan,nan,nan,nan,nan,nan
HtZt_8000_3000,HtZt,8000,3000,85,220,1.4,0.4,/eos/uscms/store/user/aji/rootfiles_existingOptimization/HtZt_8000_3000_pt220_ak14_ca4_th85.root,failed,/eos/uscms/store/user/aji/rootfiles_existingOptimization/HtZt_8000_3000_pt220_ak14_ca4_th85.root,nan,nan,nan,nan,nan,nan,nan,nan,nan,nan,nan,nan,nan,nan,nan,nan,nan,nan,nan,nan,nan
HtZt_8000_3000,HtZt,8000,3000,85,220,1.4,0.6,/eos/uscms/store/user/aji/rootfiles_existingOptimization/HtZt_8000_3000_pt220_ak14_ca6_th85.root,failed,/eos/uscms/store/user/aji/rootfiles_existingOptimization/HtZt_8000_3000_pt220_ak14_ca6_th85.root,nan,nan,nan,nan,nan,nan,nan,nan,nan,nan,nan,nan,nan,nan,nan,nan,nan,nan,nan,nan,nan
HtZt_8000_3000,HtZt,8000,3000,85,220,1.4,0.8,/eos/uscms/store/user/aji/rootfiles_existingOptimization/HtZt_8000_3000_pt220_ak14_ca8_th85.root,failed,/eos/uscms/store/user/aji/rootfiles_existingOptimization/HtZt_8000_3000_pt220_ak14_ca8_th85.root,nan,nan,nan,nan,nan,nan,nan,nan,nan,nan,nan,nan,nan,nan,nan,nan,nan,nan,nan,nan,nan
HtZt_8000_3000,HtZt,8000,3000,85,220,1.4,1.0,/eos/uscms/store/user/aji/rootfiles_existingOptimization/HtZt_8000_3000_pt220_ak14_ca10_th85.root,failed,/eos/uscms/store/user/aji/rootfiles_existingOptimization/HtZt_8000_3000_pt220_ak14_ca10_th85.root,nan,nan,nan,nan,nan,nan,nan,nan,nan,nan,nan,nan,nan,nan,nan,nan,nan,nan,nan,nan,nan
HtZt_8000_3000,HtZt,8000,3000,85,220,1.6,0.4,/eos/uscms/store/user/aji/rootfiles_existingOptimization/HtZt_8000_3000_pt220_ak16_ca4_th85.root,failed,/eos/uscms/store/user/aji/rootfiles_existingOptimization/HtZt_8000_3000_pt220_ak16_ca4_th85.root,nan,nan,nan,nan,nan,nan,nan,nan,nan,nan,nan,nan,nan,nan,nan,nan,nan,nan,nan,nan,nan
HtZt_8000_3000,HtZt,8000,3000,85,220,1.6,0.6,/eos/uscms/store/user/aji/rootfiles_existingOptimization/HtZt_8000_3000_pt220_ak16_ca6_th85.root,failed,/eos/uscms/store/user/aji/rootfiles_existingOptimization/HtZt_8000_3000_pt220_ak16_ca6_th85.root,nan,nan,nan,nan,nan,nan,nan,nan,nan,nan,nan,nan,nan,nan,nan,nan,nan,nan,nan,nan,nan
HtZt_8000_3000,HtZt,8000,3000,85,220,1.6,0.8,/eos/uscms/store/user/aji/rootfiles_existingOptimization/HtZt_8000_3000_pt220_ak16_ca8_th85.root,failed,/eos/uscms/store/user/aji/rootfiles_existingOptimization/HtZt_8000_3000_pt220_ak16_ca8_th85.root,nan,nan,nan,nan,nan,nan,nan,nan,nan,nan,nan,nan,nan,nan,nan,nan,nan,nan,nan,nan,nan
HtZt_8000_3000,HtZt,8000,3000,85,220,1.6,1.0,/eos/uscms/store/user/aji/rootfiles_existingOptimization/HtZt_8000_3000_pt220_ak16_ca10_th85.root,failed,/eos/uscms/store/user/aji/rootfiles_existingOptimization/HtZt_8000_3000_pt220_ak16_ca10_th85.root,nan,nan,nan,nan,nan,nan,nan,nan,nan,nan,nan,nan,nan,nan,nan,nan,nan,nan,nan,nan,nan
HtZt_8000_3000,HtZt,8000,3000,85,220,1.6,1.2,/eos/uscms/store/user/aji/rootfiles_existingOptimization/HtZt_8000_3000_pt220_ak16_ca12_th85.root,failed,/eos/uscms/store/user/aji/rootfiles_existingOptimization/HtZt_8000_3000_pt220_ak16_ca12_th85.root,nan,nan,nan,nan,nan,nan,nan,nan,nan,nan,nan,nan,nan,nan,nan,nan,nan,nan,nan,nan,nan
HtZt_8000_3000,HtZt,8000,3000,85,240,0.8,0.4,/eos/uscms/store/user/aji/rootfiles_existingOptimization/HtZt_8000_3000_pt240_ak8_ca4_th85.root,failed,/eos/uscms/store/user/aji/rootfiles_existingOptimization/HtZt_8000_3000_pt240_ak8_ca4_th85.root,nan,nan,nan,nan,nan,nan,nan,nan,nan,nan,nan,nan,nan,nan,nan,nan,nan,nan,nan,nan,nan
HtZt_8000_3000,HtZt,8000,3000,85,240,1.0,0.4,/eos/uscms/store/user/aji/rootfiles_existingOptimization/HtZt_8000_3000_pt240_ak10_ca4_th85.root,failed,/eos/uscms/store/user/aji/rootfiles_existingOptimization/HtZt_8000_3000_pt240_ak10_ca4_th85.root,nan,nan,nan,nan,nan,nan,nan,nan,nan,nan,nan,nan,nan,nan,nan,nan,nan,nan,nan,nan,nan
HtZt_8000_3000,HtZt,8000,3000,85,240,1.0,0.6,/eos/uscms/store/user/aji/rootfiles_existingOptimization/HtZt_8000_3000_pt240_ak10_ca6_th85.root,failed,/eos/uscms/store/user/aji/rootfiles_existingOptimization/HtZt_8000_3000_pt240_ak10_ca6_th85.root,nan,nan,nan,nan,nan,nan,nan,nan,nan,nan,nan,nan,nan,nan,nan,nan,nan,nan,nan,nan,nan
HtZt_8000_3000,HtZt,8000,3000,85,240,1.2,0.4,/eos/uscms/store/user/aji/rootfiles_existingOptimization/HtZt_8000_3000_pt240_ak12_ca4_th85.root,failed,/eos/uscms/store/user/aji/rootfiles_existingOptimization/HtZt_8000_3000_pt240_ak12_ca4_th85.root,nan,nan,nan,nan,nan,nan,nan,nan,nan,nan,nan,nan,nan,nan,nan,nan,nan,nan,nan,nan,nan
HtZt_8000_3000,HtZt,8000,3000,85,240,1.2,0.6,/eos/uscms/store/user/aji/rootfiles_existingOptimization/HtZt_8000_3000_pt240_ak12_ca6_th85.root,failed,/eos/uscms/store/user/aji/rootfiles_existingOptimization/HtZt_8000_3000_pt240_ak12_ca6_th85.root,nan,nan,nan,nan,nan,nan,nan,nan,nan,nan,nan,nan,nan,nan,nan,nan,nan,nan,nan,nan,nan
HtZt_8000_3000,HtZt,8000,3000,85,240,1.2,0.8,/eos/uscms/store/user/aji/rootfiles_existingOptimization/HtZt_8000_3000_pt240_ak12_ca8_th85.root,failed,/eos/uscms/store/user/aji/rootfiles_existingOptimization/HtZt_8000_3000_pt240_ak12_ca8_th85.root,nan,nan,nan,nan,nan,nan,nan,nan,nan,nan,nan,nan,nan,nan,nan,nan,nan,nan,nan,nan,nan
HtZt_8000_3000,HtZt,8000,3000,85,240,1.4,0.4,/eos/uscms/store/user/aji/rootfiles_existingOptimization/HtZt_8000_3000_pt240_ak14_ca4_th85.root,failed,/eos/uscms/store/user/aji/rootfiles_existingOptimization/HtZt_8000_3000_pt240_ak14_ca4_th85.root,nan,nan,nan,nan,nan,nan,nan,nan,nan,nan,nan,nan,nan,nan,nan,nan,nan,nan,nan,nan,nan
HtZt_8000_3000,HtZt,8000,3000,85,240,1.4,0.6,/eos/uscms/store/user/aji/rootfiles_existingOptimization/HtZt_8000_3000_pt240_ak14_ca6_th85.root,failed,/eos/uscms/store/user/aji/rootfiles_existingOptimization/HtZt_8000_3000_pt240_ak14_ca6_th85.root,nan,nan,nan,nan,nan,nan,nan,nan,nan,nan,nan,nan,nan,nan,nan,nan,nan,nan,nan,nan,nan
HtZt_8000_3000,HtZt,8000,3000,85,240,1.4,0.8,/eos/uscms/store/user/aji/rootfiles_existingOptimization/HtZt_8000_3000_pt240_ak14_ca8_th85.root,failed,/eos/uscms/store/user/aji/rootfiles_existingOptimization/HtZt_8000_3000_pt240_ak14_ca8_th85.root,nan,nan,nan,nan,nan,nan,nan,nan,nan,nan,nan,nan,nan,nan,nan,nan,nan,nan,nan,nan,nan
HtZt_8000_3000,HtZt,8000,3000,85,240,1.4,1.0,/eos/uscms/store/user/aji/rootfiles_existingOptimization/HtZt_8000_3000_pt240_ak14_ca10_th85.root,failed,/eos/uscms/store/user/aji/rootfiles_existingOptimization/HtZt_8000_3000_pt240_ak14_ca10_th85.root,nan,nan,nan,nan,nan,nan,nan,nan,nan,nan,nan,nan,nan,nan,nan,nan,nan,nan,nan,nan,nan
HtZt_8000_3000,HtZt,8000,3000,85,240,1.6,0.4,/eos/uscms/store/user/aji/rootfiles_existingOptimization/HtZt_8000_3000_pt240_ak16_ca4_th85.root,failed,/eos/uscms/store/user/aji/rootfiles_existingOptimization/HtZt_8000_3000_pt240_ak16_ca4_th85.root,nan,nan,nan,nan,nan,nan,nan,nan,nan,nan,nan,nan,nan,nan,nan,nan,nan,nan,nan,nan,nan
HtZt_8000_3000,HtZt,8000,3000,85,240,1.6,0.6,/eos/uscms/store/user/aji/rootfiles_existingOptimization/HtZt_8000_3000_pt240_ak16_ca6_th85.root,failed,/eos/uscms/store/user/aji/rootfiles_existingOptimization/HtZt_8000_3000_pt240_ak16_ca6_th85.root,nan,nan,nan,nan,nan,nan,nan,nan,nan,nan,nan,nan,nan,nan,nan,nan,nan,nan,nan,nan,nan
HtZt_8000_3000,HtZt,8000,3000,85,240,1.6,0.8,/eos/uscms/store/user/aji/rootfiles_existingOptimization/HtZt_8000_3000_pt240_ak16_ca8_th85.root,failed,/eos/uscms/store/user/aji/rootfiles_existingOptimization/HtZt_8000_3000_pt240_ak16_ca8_th85.root,nan,nan,nan,nan,nan,nan,nan,nan,nan,nan,nan,nan,nan,nan,nan,nan,nan,nan,nan,nan,nan
HtZt_8000_3000,HtZt,8000,3000,85,240,1.6,1.0,/eos/uscms/store/user/aji/rootfiles_existingOptimization/HtZt_8000_3000_pt240_ak16_ca10_th85.root,failed,/eos/uscms/store/user/aji/rootfiles_existingOptimization/HtZt_8000_3000_pt240_ak16_ca10_th85.root,nan,nan,nan,nan,nan,nan,nan,nan,nan,nan,nan,nan,nan,nan,nan,nan,nan,nan,nan,nan,nan
HtZt_8000_3000,HtZt,8000,3000,85,240,1.6,1.2,/eos/uscms/store/user/aji/rootfiles_existingOptimization/HtZt_8000_3000_pt240_ak16_ca12_th85.root,failed,/eos/uscms/store/user/aji/rootfiles_existingOptimization/HtZt_8000_3000_pt240_ak16_ca12_th85.root,nan,nan,nan,nan,nan,nan,nan,nan,nan,nan,nan,nan,nan,nan,nan,nan,nan,nan,nan,nan,nan
HtZt_8000_3000,HtZt,8000,3000,85,260,0.8,0.4,/eos/uscms/store/user/aji/rootfiles_existingOptimization/HtZt_8000_3000_pt260_ak8_ca4_th85.root,failed,/eos/uscms/store/user/aji/rootfiles_existingOptimization/HtZt_8000_3000_pt260_ak8_ca4_th85.root,nan,nan,nan,nan,nan,nan,nan,nan,nan,nan,nan,nan,nan,nan,nan,nan,nan,nan,nan,nan,nan
HtZt_8000_3000,HtZt,8000,3000,85,260,1.0,0.4,/eos/uscms/store/user/aji/rootfiles_existingOptimization/HtZt_8000_3000_pt260_ak10_ca4_th85.root,failed,/eos/uscms/store/user/aji/rootfiles_existingOptimization/HtZt_8000_3000_pt260_ak10_ca4_th85.root,nan,nan,nan,nan,nan,nan,nan,nan,nan,nan,nan,nan,nan,nan,nan,nan,nan,nan,nan,nan,nan
HtZt_8000_3000,HtZt,8000,3000,85,260,1.0,0.6,/eos/uscms/store/user/aji/rootfiles_existingOptimization/HtZt_8000_3000_pt260_ak10_ca6_th85.root,failed,/eos/uscms/store/user/aji/rootfiles_existingOptimization/HtZt_8000_3000_pt260_ak10_ca6_th85.root,nan,nan,nan,nan,nan,nan,nan,nan,nan,nan,nan,nan,nan,nan,nan,nan,nan,nan,nan,nan,nan
HtZt_8000_3000,HtZt,8000,3000,85,260,1.2,0.4,/eos/uscms/store/user/aji/rootfiles_existingOptimization/HtZt_8000_3000_pt260_ak12_ca4_th85.root,failed,/eos/uscms/store/user/aji/rootfiles_existingOptimization/HtZt_8000_3000_pt260_ak12_ca4_th85.root,nan,nan,nan,nan,nan,nan,nan,nan,nan,nan,nan,nan,nan,nan,nan,nan,nan,nan,nan,nan,nan
HtZt_8000_3000,HtZt,8000,3000,85,260,1.2,0.6,/eos/uscms/store/user/aji/rootfiles_existingOptimization/HtZt_8000_3000_pt260_ak12_ca6_th85.root,failed,/eos/uscms/store/user/aji/rootfiles_existingOptimization/HtZt_8000_3000_pt260_ak12_ca6_th85.root,nan,nan,nan,nan,nan,nan,nan,nan,nan,nan,nan,nan,nan,nan,nan,nan,nan,nan,nan,nan,nan
HtZt_8000_3000,HtZt,8000,3000,85,260,1.2,0.8,/eos/uscms/store/user/aji/rootfiles_existingOptimization/HtZt_8000_3000_pt260_ak12_ca8_th85.root,failed,/eos/uscms/store/user/aji/rootfiles_existingOptimization/HtZt_8000_3000_pt260_ak12_ca8_th85.root,nan,nan,nan,nan,nan,nan,nan,nan,nan,nan,nan,nan,nan,nan,nan,nan,nan,nan,nan,nan,nan
HtZt_8000_3000,HtZt,8000,3000,85,260,1.4,0.4,/eos/uscms/store/user/aji/rootfiles_existingOptimization/HtZt_8000_3000_pt260_ak14_ca4_th85.root,failed,/eos/uscms/store/user/aji/rootfiles_existingOptimization/HtZt_8000_3000_pt260_ak14_ca4_th85.root,nan,nan,nan,nan,nan,nan,nan,nan,nan,nan,nan,nan,nan,nan,nan,nan,nan,nan,nan,nan,nan
HtZt_8000_3000,HtZt,8000,3000,85,260,1.4,0.6,/eos/uscms/store/user/aji/rootfiles_existingOptimization/HtZt_8000_3000_pt260_ak14_ca6_th85.root,failed,/eos/uscms/store/user/aji/rootfiles_existingOptimization/HtZt_8000_3000_pt260_ak14_ca6_th85.root,nan,nan,nan,nan,nan,nan,nan,nan,nan,nan,nan,nan,nan,nan,nan,nan,nan,nan,nan,nan,nan
HtZt_8000_3000,HtZt,8000,3000,85,260,1.4,0.8,/eos/uscms/store/user/aji/rootfiles_existingOptimization/HtZt_8000_3000_pt260_ak14_ca8_th85.root,failed,/eos/uscms/store/user/aji/rootfiles_existingOptimization/HtZt_8000_3000_pt260_ak14_ca8_th85.root,nan,nan,nan,nan,nan,nan,nan,nan,nan,nan,nan,nan,nan,nan,nan,nan,nan,nan,nan,nan,nan
HtZt_8000_3000,HtZt,8000,3000,85,260,1.4,1.0,/eos/uscms/store/user/aji/rootfiles_existingOptimization/HtZt_8000_3000_pt260_ak14_ca10_th85.root,failed,/eos/uscms/store/user/aji/rootfiles_existingOptimization/HtZt_8000_3000_pt260_ak14_ca10_th85.root,nan,nan,nan,nan,nan,nan,nan,nan,nan,nan,nan,nan,nan,nan,nan,nan,nan,nan,nan,nan,nan
HtZt_8000_3000,HtZt,8000,3000,85,260,1.6,0.4,/eos/uscms/store/user/aji/rootfiles_existingOptimization/HtZt_8000_3000_pt260_ak16_ca4_th85.root,failed,/eos/uscms/store/user/aji/rootfiles_existingOptimization/HtZt_8000_3000_pt260_ak16_ca4_th85.root,nan,nan,nan,nan,nan,nan,nan,nan,nan,nan,nan,nan,nan,nan,nan,nan,nan,nan,nan,nan,nan
HtZt_8000_3000,HtZt,8000,3000,85,260,1.6,0.6,/eos/uscms/store/user/aji/rootfiles_existingOptimization/HtZt_8000_3000_pt260_ak16_ca6_th85.root,failed,/eos/uscms/store/user/aji/rootfiles_existingOptimization/HtZt_8000_3000_pt260_ak16_ca6_th85.root,nan,nan,nan,nan,nan,nan,nan,nan,nan,nan,nan,nan,nan,nan,nan,nan,nan,nan,nan,nan,nan
HtZt_8000_3000,HtZt,8000,3000,85,260,1.6,0.8,/eos/uscms/store/user/aji/rootfiles_existingOptimization/HtZt_8000_3000_pt260_ak16_ca8_th85.root,failed,/eos/uscms/store/user/aji/rootfiles_existingOptimization/HtZt_8000_3000_pt260_ak16_ca8_th85.root,nan,nan,nan,nan,nan,nan,nan,nan,nan,nan,nan,nan,nan,nan,nan,nan,nan,nan,nan,nan,nan
HtZt_8000_3000,HtZt,8000,3000,85,260,1.6,1.0,/eos/uscms/store/user/aji/rootfiles_existingOptimization/HtZt_8000_3000_pt260_ak16_ca10_th85.root,failed,/eos/uscms/store/user/aji/rootfiles_existingOptimization/HtZt_8000_3000_pt260_ak16_ca10_th85.root,nan,nan,nan,nan,nan,nan,nan,nan,nan,nan,nan,nan,nan,nan,nan,nan,nan,nan,nan,nan,nan
HtZt_8000_3000,HtZt,8000,3000,85,260,1.6,1.2,/eos/uscms/store/user/aji/rootfiles_existingOptimization/HtZt_8000_3000_pt260_ak16_ca12_th85.root,failed,/eos/uscms/store/user/aji/rootfiles_existingOptimization/HtZt_8000_3000_pt260_ak16_ca12_th85.root,nan,nan,nan,nan,nan,nan,nan,nan,nan,nan,nan,nan,nan,nan,nan,nan,nan,nan,nan,nan,nan
HtZt_8000_3000,HtZt,8000,3000,85,280,0.8,0.4,/eos/uscms/store/user/aji/rootfiles_existingOptimization/HtZt_8000_3000_pt280_ak8_ca4_th85.root,failed,/eos/uscms/store/user/aji/rootfiles_existingOptimization/HtZt_8000_3000_pt280_ak8_ca4_th85.root,nan,nan,nan,nan,nan,nan,nan,nan,nan,nan,nan,nan,nan,nan,nan,nan,nan,nan,nan,nan,nan
HtZt_8000_3000,HtZt,8000,3000,85,280,1.0,0.4,/eos/uscms/store/user/aji/rootfiles_existingOptimization/HtZt_8000_3000_pt280_ak10_ca4_th85.root,failed,/eos/uscms/store/user/aji/rootfiles_existingOptimization/HtZt_8000_3000_pt280_ak10_ca4_th85.root,nan,nan,nan,nan,nan,nan,nan,nan,nan,nan,nan,nan,nan,nan,nan,nan,nan,nan,nan,nan,nan
HtZt_8000_3000,HtZt,8000,3000,85,280,1.0,0.6,/eos/uscms/store/user/aji/rootfiles_existingOptimization/HtZt_8000_3000_pt280_ak10_ca6_th85.root,failed,/eos/uscms/store/user/aji/rootfiles_existingOptimization/HtZt_8000_3000_pt280_ak10_ca6_th85.root,nan,nan,nan,nan,nan,nan,nan,nan,nan,nan,nan,nan,nan,nan,nan,nan,nan,nan,nan,nan,nan
HtZt_8000_3000,HtZt,8000,3000,85,280,1.2,0.4,/eos/uscms/store/user/aji/rootfiles_existingOptimization/HtZt_8000_3000_pt280_ak12_ca4_th85.root,failed,/eos/uscms/store/user/aji/rootfiles_existingOptimization/HtZt_8000_3000_pt280_ak12_ca4_th85.root,nan,nan,nan,nan,nan,nan,nan,nan,nan,nan,nan,nan,nan,nan,nan,nan,nan,nan,nan,nan,nan
HtZt_8000_3000,HtZt,8000,3000,85,280,1.2,0.6,/eos/uscms/store/user/aji/rootfiles_existingOptimization/HtZt_8000_3000_pt280_ak12_ca6_th85.root,failed,/eos/uscms/store/user/aji/rootfiles_existingOptimization/HtZt_8000_3000_pt280_ak12_ca6_th85.root,nan,nan,nan,nan,nan,nan,nan,nan,nan,nan,nan,nan,nan,nan,nan,nan,nan,nan,nan,nan,nan
HtZt_8000_3000,HtZt,8000,3000,85,280,1.2,0.8,/eos/uscms/store/user/aji/rootfiles_existingOptimization/HtZt_8000_3000_pt280_ak12_ca8_th85.root,failed,/eos/uscms/store/user/aji/rootfiles_existingOptimization/HtZt_8000_3000_pt280_ak12_ca8_th85.root,nan,nan,nan,nan,nan,nan,nan,nan,nan,nan,nan,nan,nan,nan,nan,nan,nan,nan,nan,nan,nan
HtZt_8000_3000,HtZt,8000,3000,85,280,1.4,0.4,/eos/uscms/store/user/aji/rootfiles_existingOptimization/HtZt_8000_3000_pt280_ak14_ca4_th85.root,failed,/eos/uscms/store/user/aji/rootfiles_existingOptimization/HtZt_8000_3000_pt280_ak14_ca4_th85.root,nan,nan,nan,nan,nan,nan,nan,nan,nan,nan,nan,nan,nan,nan,nan,nan,nan,nan,nan,nan,nan
HtZt_8000_3000,HtZt,8000,3000,85,280,1.4,0.6,/eos/uscms/store/user/aji/rootfiles_existingOptimization/HtZt_8000_3000_pt280_ak14_ca6_th85.root,failed,/eos/uscms/store/user/aji/rootfiles_existingOptimization/HtZt_8000_3000_pt280_ak14_ca6_th85.root,nan,nan,nan,nan,nan,nan,nan,nan,nan,nan,nan,nan,nan,nan,nan,nan,nan,nan,nan,nan,nan
HtZt_8000_3000,HtZt,8000,3000,85,280,1.4,0.8,/eos/uscms/store/user/aji/rootfiles_existingOptimization/HtZt_8000_3000_pt280_ak14_ca8_th85.root,failed,/eos/uscms/store/user/aji/rootfiles_existingOptimization/HtZt_8000_3000_pt280_ak14_ca8_th85.root,nan,nan,nan,nan,nan,nan,nan,nan,nan,nan,nan,nan,nan,nan,nan,nan,nan,nan,nan,nan,nan
HtZt_8000_3000,HtZt,8000,3000,85,280,1.4,1.0,/eos/uscms/store/user/aji/rootfiles_existingOptimization/HtZt_8000_3000_pt280_ak14_ca10_th85.root,failed,/eos/uscms/store/user/aji/rootfiles_existingOptimization/HtZt_8000_3000_pt280_ak14_ca10_th85.root,nan,nan,nan,nan,nan,nan,nan,nan,nan,nan,nan,nan,nan,nan,nan,nan,nan,nan,nan,nan,nan
HtZt_8000_3000,HtZt,8000,3000,85,280,1.6,0.4,/eos/uscms/store/user/aji/rootfiles_existingOptimization/HtZt_8000_3000_pt280_ak16_ca4_th85.root,failed,/eos/uscms/store/user/aji/rootfiles_existingOptimization/HtZt_8000_3000_pt280_ak16_ca4_th85.root,nan,nan,nan,nan,nan,nan,nan,nan,nan,nan,nan,nan,nan,nan,nan,nan,nan,nan,nan,nan,nan
HtZt_8000_3000,HtZt,8000,3000,85,280,1.6,0.6,/eos/uscms/store/user/aji/rootfiles_existingOptimization/HtZt_8000_3000_pt280_ak16_ca6_th85.root,failed,/eos/uscms/store/user/aji/rootfiles_existingOptimization/HtZt_8000_3000_pt280_ak16_ca6_th85.root,nan,nan,nan,nan,nan,nan,nan,nan,nan,nan,nan,nan,nan,nan,nan,nan,nan,nan,nan,nan,nan
HtZt_8000_3000,HtZt,8000,3000,85,280,1.6,0.8,/eos/uscms/store/user/aji/rootfiles_existingOptimization/HtZt_8000_3000_pt280_ak16_ca8_th85.root,failed,/eos/uscms/store/user/aji/rootfiles_existingOptimization/HtZt_8000_3000_pt280_ak16_ca8_th85.root,nan,nan,nan,nan,nan,nan,nan,nan,nan,nan,nan,nan,nan,nan,nan,nan,nan,nan,nan,nan,nan
HtZt_8000_3000,HtZt,8000,3000,85,280,1.6,1.0,/eos/uscms/store/user/aji/rootfiles_existingOptimization/HtZt_8000_3000_pt280_ak16_ca10_th85.root,failed,/eos/uscms/store/user/aji/rootfiles_existingOptimization/HtZt_8000_3000_pt280_ak16_ca10_th85.root,nan,nan,nan,nan,nan,nan,nan,nan,nan,nan,nan,nan,nan,nan,nan,nan,nan,nan,nan,nan,nan
HtZt_8000_3000,HtZt,8000,3000,85,280,1.6,1.2,/eos/uscms/store/user/aji/rootfiles_existingOptimization/HtZt_8000_3000_pt280_ak16_ca12_th85.root,failed,/eos/uscms/store/user/aji/rootfiles_existingOptimization/HtZt_8000_3000_pt280_ak16_ca12_th85.root,nan,nan,nan,nan,nan,nan,nan,nan,nan,nan,nan,nan,nan,nan,nan,nan,nan,nan,nan,nan,nan
HtZt_8000_3000,HtZt,8000,3000,85,300,0.8,0.4,/eos/uscms/store/user/aji/rootfiles_existingOptimization/HtZt_8000_3000_pt300_ak8_ca4_th85.root,failed,/eos/uscms/store/user/aji/rootfiles_existingOptimization/HtZt_8000_3000_pt300_ak8_ca4_th85.root,nan,nan,nan,nan,nan,nan,nan,nan,nan,nan,nan,nan,nan,nan,nan,nan,nan,nan,nan,nan,nan
HtZt_8000_3000,HtZt,8000,3000,85,300,1.0,0.4,/eos/uscms/store/user/aji/rootfiles_existingOptimization/HtZt_8000_3000_pt300_ak10_ca4_th85.root,failed,/eos/uscms/store/user/aji/rootfiles_existingOptimization/HtZt_8000_3000_pt300_ak10_ca4_th85.root,nan,nan,nan,nan,nan,nan,nan,nan,nan,nan,nan,nan,nan,nan,nan,nan,nan,nan,nan,nan,nan
HtZt_8000_3000,HtZt,8000,3000,85,300,1.0,0.6,/eos/uscms/store/user/aji/rootfiles_existingOptimization/HtZt_8000_3000_pt300_ak10_ca6_th85.root,failed,/eos/uscms/store/user/aji/rootfiles_existingOptimization/HtZt_8000_3000_pt300_ak10_ca6_th85.root,nan,nan,nan,nan,nan,nan,nan,nan,nan,nan,nan,nan,nan,nan,nan,nan,nan,nan,nan,nan,nan
HtZt_8000_3000,HtZt,8000,3000,85,300,1.2,0.4,/eos/uscms/store/user/aji/rootfiles_existingOptimization/HtZt_8000_3000_pt300_ak12_ca4_th85.root,failed,/eos/uscms/store/user/aji/rootfiles_existingOptimization/HtZt_8000_3000_pt300_ak12_ca4_th85.root,nan,nan,nan,nan,nan,nan,nan,nan,nan,nan,nan,nan,nan,nan,nan,nan,nan,nan,nan,nan,nan
HtZt_8000_3000,HtZt,8000,3000,85,300,1.2,0.6,/eos/uscms/store/user/aji/rootfiles_existingOptimization/HtZt_8000_3000_pt300_ak12_ca6_th85.root,failed,/eos/uscms/store/user/aji/rootfiles_existingOptimization/HtZt_8000_3000_pt300_ak12_ca6_th85.root,nan,nan,nan,nan,nan,nan,nan,nan,nan,nan,nan,nan,nan,nan,nan,nan,nan,nan,nan,nan,nan
HtZt_8000_3000,HtZt,8000,3000,85,300,1.2,0.8,/eos/uscms/store/user/aji/rootfiles_existingOptimization/HtZt_8000_3000_pt300_ak12_ca8_th85.root,failed,/eos/uscms/store/user/aji/rootfiles_existingOptimization/HtZt_8000_3000_pt300_ak12_ca8_th85.root,nan,nan,nan,nan,nan,nan,nan,nan,nan,nan,nan,nan,nan,nan,nan,nan,nan,nan,nan,nan,nan
HtZt_8000_3000,HtZt,8000,3000,85,300,1.4,0.4,/eos/uscms/store/user/aji/rootfiles_existingOptimization/HtZt_8000_3000_pt300_ak14_ca4_th85.root,failed,/eos/uscms/store/user/aji/rootfiles_existingOptimization/HtZt_8000_3000_pt300_ak14_ca4_th85.root,nan,nan,nan,nan,nan,nan,nan,nan,nan,nan,nan,nan,nan,nan,nan,nan,nan,nan,nan,nan,nan
HtZt_8000_3000,HtZt,8000,3000,85,300,1.4,0.6,/eos/uscms/store/user/aji/rootfiles_existingOptimization/HtZt_8000_3000_pt300_ak14_ca6_th85.root,failed,/eos/uscms/store/user/aji/rootfiles_existingOptimization/HtZt_8000_3000_pt300_ak14_ca6_th85.root,nan,nan,nan,nan,nan,nan,nan,nan,nan,nan,nan,nan,nan,nan,nan,nan,nan,nan,nan,nan,nan
HtZt_8000_3000,HtZt,8000,3000,85,300,1.4,0.8,/eos/uscms/store/user/aji/rootfiles_existingOptimization/HtZt_8000_3000_pt300_ak14_ca8_th85.root,failed,/eos/uscms/store/user/aji/rootfiles_existingOptimization/HtZt_8000_3000_pt300_ak14_ca8_th85.root,nan,nan,nan,nan,nan,nan,nan,nan,nan,nan,nan,nan,nan,nan,nan,nan,nan,nan,nan,nan,nan
HtZt_8000_3000,HtZt,8000,3000,85,300,1.4,1.0,/eos/uscms/store/user/aji/rootfiles_existingOptimization/HtZt_8000_3000_pt300_ak14_ca10_th85.root,failed,/eos/uscms/store/user/aji/rootfiles_existingOptimization/HtZt_8000_3000_pt300_ak14_ca10_th85.root,nan,nan,nan,nan,nan,nan,nan,nan,nan,nan,nan,nan,nan,nan,nan,nan,nan,nan,nan,nan,nan
HtZt_8000_3000,HtZt,8000,3000,85,300,1.6,0.4,/eos/uscms/store/user/aji/rootfiles_existingOptimization/HtZt_8000_3000_pt300_ak16_ca4_th85.root,failed,/eos/uscms/store/user/aji/rootfiles_existingOptimization/HtZt_8000_3000_pt300_ak16_ca4_th85.root,nan,nan,nan,nan,nan,nan,nan,nan,nan,nan,nan,nan,nan,nan,nan,nan,nan,nan,nan,nan,nan
HtZt_8000_3000,HtZt,8000,3000,85,300,1.6,0.6,/eos/uscms/store/user/aji/rootfiles_existingOptimization/HtZt_8000_3000_pt300_ak16_ca6_th85.root,failed,/eos/uscms/store/user/aji/rootfiles_existingOptimization/HtZt_8000_3000_pt300_ak16_ca6_th85.root,nan,nan,nan,nan,nan,nan,nan,nan,nan,nan,nan,nan,nan,nan,nan,nan,nan,nan,nan,nan,nan
HtZt_8000_3000,HtZt,8000,3000,85,300,1.6,0.8,/eos/uscms/store/user/aji/rootfiles_existingOptimization/HtZt_8000_3000_pt300_ak16_ca8_th85.root,failed,/eos/uscms/store/user/aji/rootfiles_existingOptimization/HtZt_8000_3000_pt300_ak16_ca8_th85.root,nan,nan,nan,nan,nan,nan,nan,nan,nan,nan,nan,nan,nan,nan,nan,nan,nan,nan,nan,nan,nan
HtZt_8000_3000,HtZt,8000,3000,85,300,1.6,1.0,/eos/uscms/store/user/aji/rootfiles_existingOptimization/HtZt_8000_3000_pt300_ak16_ca10_th85.root,failed,/eos/uscms/store/user/aji/rootfiles_existingOptimization/HtZt_8000_3000_pt300_ak16_ca10_th85.root,nan,nan,nan,nan,nan,nan,nan,nan,nan,nan,nan,nan,nan,nan,nan,nan,nan,nan,nan,nan,nan
HtZt_8000_3000,HtZt,8000,3000,85,300,1.6,1.2,/eos/uscms/store/user/aji/rootfiles_existingOptimization/HtZt_8000_3000_pt300_ak16_ca12_th85.root,failed,/eos/uscms/store/user/aji/rootfiles_existingOptimization/HtZt_8000_3000_pt300_ak16_ca12_th85.root,nan,nan,nan,nan,nan,nan,nan,nan,nan,nan,nan,nan,nan,nan,nan,nan,nan,nan,nan,nan,nan
HtZt_8000_3000,HtZt,8000,3000,85,320,0.8,0.4,/eos/uscms/store/user/aji/rootfiles_existingOptimization/HtZt_8000_3000_pt320_ak8_ca4_th85.root,failed,/eos/uscms/store/user/aji/rootfiles_existingOptimization/HtZt_8000_3000_pt320_ak8_ca4_th85.root,nan,nan,nan,nan,nan,nan,nan,nan,nan,nan,nan,nan,nan,nan,nan,nan,nan,nan,nan,nan,nan
HtZt_8000_3000,HtZt,8000,3000,85,320,1.0,0.4,/eos/uscms/store/user/aji/rootfiles_existingOptimization/HtZt_8000_3000_pt320_ak10_ca4_th85.root,failed,/eos/uscms/store/user/aji/rootfiles_existingOptimization/HtZt_8000_3000_pt320_ak10_ca4_th85.root,nan,nan,nan,nan,nan,nan,nan,nan,nan,nan,nan,nan,nan,nan,nan,nan,nan,nan,nan,nan,nan
HtZt_8000_3000,HtZt,8000,3000,85,320,1.0,0.6,/eos/uscms/store/user/aji/rootfiles_existingOptimization/HtZt_8000_3000_pt320_ak10_ca6_th85.root,failed,/eos/uscms/store/user/aji/rootfiles_existingOptimization/HtZt_8000_3000_pt320_ak10_ca6_th85.root,nan,nan,nan,nan,nan,nan,nan,nan,nan,nan,nan,nan,nan,nan,nan,nan,nan,nan,nan,nan,nan
HtZt_8000_3000,HtZt,8000,3000,85,320,1.2,0.4,/eos/uscms/store/user/aji/rootfiles_existingOptimization/HtZt_8000_3000_pt320_ak12_ca4_th85.root,failed,/eos/uscms/store/user/aji/rootfiles_existingOptimization/HtZt_8000_3000_pt320_ak12_ca4_th85.root,nan,nan,nan,nan,nan,nan,nan,nan,nan,nan,nan,nan,nan,nan,nan,nan,nan,nan,nan,nan,nan
HtZt_8000_3000,HtZt,8000,3000,85,320,1.2,0.6,/eos/uscms/store/user/aji/rootfiles_existingOptimization/HtZt_8000_3000_pt320_ak12_ca6_th85.root,failed,/eos/uscms/store/user/aji/rootfiles_existingOptimization/HtZt_8000_3000_pt320_ak12_ca6_th85.root,nan,nan,nan,nan,nan,nan,nan,nan,nan,nan,nan,nan,nan,nan,nan,nan,nan,nan,nan,nan,nan
HtZt_8000_3000,HtZt,8000,3000,85,320,1.2,0.8,/eos/uscms/store/user/aji/rootfiles_existingOptimization/HtZt_8000_3000_pt320_ak12_ca8_th85.root,failed,/eos/uscms/store/user/aji/rootfiles_existingOptimization/HtZt_8000_3000_pt320_ak12_ca8_th85.root,nan,nan,nan,nan,nan,nan,nan,nan,nan,nan,nan,nan,nan,nan,nan,nan,nan,nan,nan,nan,nan
HtZt_8000_3000,HtZt,8000,3000,85,320,1.4,0.4,/eos/uscms/store/user/aji/rootfiles_existingOptimization/HtZt_8000_3000_pt320_ak14_ca4_th85.root,failed,/eos/uscms/store/user/aji/rootfiles_existingOptimization/HtZt_8000_3000_pt320_ak14_ca4_th85.root,nan,nan,nan,nan,nan,nan,nan,nan,nan,nan,nan,nan,nan,nan,nan,nan,nan,nan,nan,nan,nan
HtZt_8000_3000,HtZt,8000,3000,85,320,1.4,0.6,/eos/uscms/store/user/aji/rootfiles_existingOptimization/HtZt_8000_3000_pt320_ak14_ca6_th85.root,failed,/eos/uscms/store/user/aji/rootfiles_existingOptimization/HtZt_8000_3000_pt320_ak14_ca6_th85.root,nan,nan,nan,nan,nan,nan,nan,nan,nan,nan,nan,nan,nan,nan,nan,nan,nan,nan,nan,nan,nan
HtZt_8000_3000,HtZt,8000,3000,85,320,1.4,0.8,/eos/uscms/store/user/aji/rootfiles_existingOptimization/HtZt_8000_3000_pt320_ak14_ca8_th85.root,failed,/eos/uscms/store/user/aji/rootfiles_existingOptimization/HtZt_8000_3000_pt320_ak14_ca8_th85.root,nan,nan,nan,nan,nan,nan,nan,nan,nan,nan,nan,nan,nan,nan,nan,nan,nan,nan,nan,nan,nan
HtZt_8000_3000,HtZt,8000,3000,85,320,1.4,1.0,/eos/uscms/store/user/aji/rootfiles_existingOptimization/HtZt_8000_3000_pt320_ak14_ca10_th85.root,failed,/eos/uscms/store/user/aji/rootfiles_existingOptimization/HtZt_8000_3000_pt320_ak14_ca10_th85.root,nan,nan,nan,nan,nan,nan,nan,nan,nan,nan,nan,nan,nan,nan,nan,nan,nan,nan,nan,nan,nan
HtZt_8000_3000,HtZt,8000,3000,85,320,1.6,0.4,/eos/uscms/store/user/aji/rootfiles_existingOptimization/HtZt_8000_3000_pt320_ak16_ca4_th85.root,failed,/eos/uscms/store/user/aji/rootfiles_existingOptimization/HtZt_8000_3000_pt320_ak16_ca4_th85.root,nan,nan,nan,nan,nan,nan,nan,nan,nan,nan,nan,nan,nan,nan,nan,nan,nan,nan,nan,nan,nan
HtZt_8000_3000,HtZt,8000,3000,85,320,1.6,0.6,/eos/uscms/store/user/aji/rootfiles_existingOptimization/HtZt_8000_3000_pt320_ak16_ca6_th85.root,failed,/eos/uscms/store/user/aji/rootfiles_existingOptimization/HtZt_8000_3000_pt320_ak16_ca6_th85.root,nan,nan,nan,nan,nan,nan,nan,nan,nan,nan,nan,nan,nan,nan,nan,nan,nan,nan,nan,nan,nan
HtZt_8000_3000,HtZt,8000,3000,85,320,1.6,0.8,/eos/uscms/store/user/aji/rootfiles_existingOptimization/HtZt_8000_3000_pt320_ak16_ca8_th85.root,failed,/eos/uscms/store/user/aji/rootfiles_existingOptimization/HtZt_8000_3000_pt320_ak16_ca8_th85.root,nan,nan,nan,nan,nan,nan,nan,nan,nan,nan,nan,nan,nan,nan,nan,nan,nan,nan,nan,nan,nan
HtZt_8000_3000,HtZt,8000,3000,85,320,1.6,1.0,/eos/uscms/store/user/aji/rootfiles_existingOptimization/HtZt_8000_3000_pt320_ak16_ca10_th85.root,failed,/eos/uscms/store/user/aji/rootfiles_existingOptimization/HtZt_8000_3000_pt320_ak16_ca10_th85.root,nan,nan,nan,nan,nan,nan,nan,nan,nan,nan,nan,nan,nan,nan,nan,nan,nan,nan,nan,nan,nan
HtZt_8000_3000,HtZt,8000,3000,85,320,1.6,1.2,/eos/uscms/store/user/aji/rootfiles_existingOptimization/HtZt_8000_3000_pt320_ak16_ca12_th85.root,failed,/eos/uscms/store/user/aji/rootfiles_existingOptimization/HtZt_8000_3000_pt320_ak16_ca12_th85.root,nan,nan,nan,nan,nan,nan,nan,nan,nan,nan,nan,nan,nan,nan,nan,nan,nan,nan,nan,nan,nan
HtZt_8000_3000,HtZt,8000,3000,85,340,0.8,0.4,/eos/uscms/store/user/aji/rootfiles_existingOptimization/HtZt_8000_3000_pt340_ak8_ca4_th85.root,failed,/eos/uscms/store/user/aji/rootfiles_existingOptimization/HtZt_8000_3000_pt340_ak8_ca4_th85.root,nan,nan,nan,nan,nan,nan,nan,nan,nan,nan,nan,nan,nan,nan,nan,nan,nan,nan,nan,nan,nan
HtZt_8000_3000,HtZt,8000,3000,85,340,1.0,0.4,/eos/uscms/store/user/aji/rootfiles_existingOptimization/HtZt_8000_3000_pt340_ak10_ca4_th85.root,failed,/eos/uscms/store/user/aji/rootfiles_existingOptimization/HtZt_8000_3000_pt340_ak10_ca4_th85.root,nan,nan,nan,nan,nan,nan,nan,nan,nan,nan,nan,nan,nan,nan,nan,nan,nan,nan,nan,nan,nan
HtZt_8000_3000,HtZt,8000,3000,85,340,1.0,0.6,/eos/uscms/store/user/aji/rootfiles_existingOptimization/HtZt_8000_3000_pt340_ak10_ca6_th85.root,failed,/eos/uscms/store/user/aji/rootfiles_existingOptimization/HtZt_8000_3000_pt340_ak10_ca6_th85.root,nan,nan,nan,nan,nan,nan,nan,nan,nan,nan,nan,nan,nan,nan,nan,nan,nan,nan,nan,nan,nan
HtZt_8000_3000,HtZt,8000,3000,85,340,1.2,0.4,/eos/uscms/store/user/aji/rootfiles_existingOptimization/HtZt_8000_3000_pt340_ak12_ca4_th85.root,failed,/eos/uscms/store/user/aji/rootfiles_existingOptimization/HtZt_8000_3000_pt340_ak12_ca4_th85.root,nan,nan,nan,nan,nan,nan,nan,nan,nan,nan,nan,nan,nan,nan,nan,nan,nan,nan,nan,nan,nan
HtZt_8000_3000,HtZt,8000,3000,85,340,1.2,0.6,/eos/uscms/store/user/aji/rootfiles_existingOptimization/HtZt_8000_3000_pt340_ak12_ca6_th85.root,failed,/eos/uscms/store/user/aji/rootfiles_existingOptimization/HtZt_8000_3000_pt340_ak12_ca6_th85.root,nan,nan,nan,nan,nan,nan,nan,nan,nan,nan,nan,nan,nan,nan,nan,nan,nan,nan,nan,nan,nan
HtZt_8000_3000,HtZt,8000,3000,85,340,1.2,0.8,/eos/uscms/store/user/aji/rootfiles_existingOptimization/HtZt_8000_3000_pt340_ak12_ca8_th85.root,failed,/eos/uscms/store/user/aji/rootfiles_existingOptimization/HtZt_8000_3000_pt340_ak12_ca8_th85.root,nan,nan,nan,nan,nan,nan,nan,nan,nan,nan,nan,nan,nan,nan,nan,nan,nan,nan,nan,nan,nan
HtZt_8000_3000,HtZt,8000,3000,85,340,1.4,0.4,/eos/uscms/store/user/aji/rootfiles_existingOptimization/HtZt_8000_3000_pt340_ak14_ca4_th85.root,failed,/eos/uscms/store/user/aji/rootfiles_existingOptimization/HtZt_8000_3000_pt340_ak14_ca4_th85.root,nan,nan,nan,nan,nan,nan,nan,nan,nan,nan,nan,nan,nan,nan,nan,nan,nan,nan,nan,nan,nan
HtZt_8000_3000,HtZt,8000,3000,85,340,1.4,0.6,/eos/uscms/store/user/aji/rootfiles_existingOptimization/HtZt_8000_3000_pt340_ak14_ca6_th85.root,failed,/eos/uscms/store/user/aji/rootfiles_existingOptimization/HtZt_8000_3000_pt340_ak14_ca6_th85.root,nan,nan,nan,nan,nan,nan,nan,nan,nan,nan,nan,nan,nan,nan,nan,nan,nan,nan,nan,nan,nan
HtZt_8000_3000,HtZt,8000,3000,85,340,1.4,0.8,/eos/uscms/store/user/aji/rootfiles_existingOptimization/HtZt_8000_3000_pt340_ak14_ca8_th85.root,failed,/eos/uscms/store/user/aji/rootfiles_existingOptimization/HtZt_8000_3000_pt340_ak14_ca8_th85.root,nan,nan,nan,nan,nan,nan,nan,nan,nan,nan,nan,nan,nan,nan,nan,nan,nan,nan,nan,nan,nan
HtZt_8000_3000,HtZt,8000,3000,85,340,1.4,1.0,/eos/uscms/store/user/aji/rootfiles_existingOptimization/HtZt_8000_3000_pt340_ak14_ca10_th85.root,failed,/eos/uscms/store/user/aji/rootfiles_existingOptimization/HtZt_8000_3000_pt340_ak14_ca10_th85.root,nan,nan,nan,nan,nan,nan,nan,nan,nan,nan,nan,nan,nan,nan,nan,nan,nan,nan,nan,nan,nan
HtZt_8000_3000,HtZt,8000,3000,85,340,1.6,0.4,/eos/uscms/store/user/aji/rootfiles_existingOptimization/HtZt_8000_3000_pt340_ak16_ca4_th85.root,failed,/eos/uscms/store/user/aji/rootfiles_existingOptimization/HtZt_8000_3000_pt340_ak16_ca4_th85.root,nan,nan,nan,nan,nan,nan,nan,nan,nan,nan,nan,nan,nan,nan,nan,nan,nan,nan,nan,nan,nan
HtZt_8000_3000,HtZt,8000,3000,85,340,1.6,0.6,/eos/uscms/store/user/aji/rootfiles_existingOptimization/HtZt_8000_3000_pt340_ak16_ca6_th85.root,failed,/eos/uscms/store/user/aji/rootfiles_existingOptimization/HtZt_8000_3000_pt340_ak16_ca6_th85.root,nan,nan,nan,nan,nan,nan,nan,nan,nan,nan,nan,nan,nan,nan,nan,nan,nan,nan,nan,nan,nan
HtZt_8000_3000,HtZt,8000,3000,85,340,1.6,0.8,/eos/uscms/store/user/aji/rootfiles_existingOptimization/HtZt_8000_3000_pt340_ak16_ca8_th85.root,failed,/eos/uscms/store/user/aji/rootfiles_existingOptimization/HtZt_8000_3000_pt340_ak16_ca8_th85.root,nan,nan,nan,nan,nan,nan,nan,nan,nan,nan,nan,nan,nan,nan,nan,nan,nan,nan,nan,nan,nan
HtZt_8000_3000,HtZt,8000,3000,85,340,1.6,1.0,/eos/uscms/store/user/aji/rootfiles_existingOptimization/HtZt_8000_3000_pt340_ak16_ca10_th85.root,failed,/eos/uscms/store/user/aji/rootfiles_existingOptimization/HtZt_8000_3000_pt340_ak16_ca10_th85.root,nan,nan,nan,nan,nan,nan,nan,nan,nan,nan,nan,nan,nan,nan,nan,nan,nan,nan,nan,nan,nan
HtZt_8000_3000,HtZt,8000,3000,85,340,1.6,1.2,/eos/uscms/store/user/aji/rootfiles_existingOptimization/HtZt_8000_3000_pt340_ak16_ca12_th85.root,failed,/eos/uscms/store/user/aji/rootfiles_existingOptimization/HtZt_8000_3000_pt340_ak16_ca12_th85.root,nan,nan,nan,nan,nan,nan,nan,nan,nan,nan,nan,nan,nan,nan,nan,nan,nan,nan,nan,nan,nan
HtZt_8000_3000,HtZt,8000,3000,85,360,0.8,0.4,/eos/uscms/store/user/aji/rootfiles_existingOptimization/HtZt_8000_3000_pt360_ak8_ca4_th85.root,failed,/eos/uscms/store/user/aji/rootfiles_existingOptimization/HtZt_8000_3000_pt360_ak8_ca4_th85.root,nan,nan,nan,nan,nan,nan,nan,nan,nan,nan,nan,nan,nan,nan,nan,nan,nan,nan,nan,nan,nan
HtZt_8000_3000,HtZt,8000,3000,85,360,1.0,0.4,/eos/uscms/store/user/aji/rootfiles_existingOptimization/HtZt_8000_3000_pt360_ak10_ca4_th85.root,failed,/eos/uscms/store/user/aji/rootfiles_existingOptimization/HtZt_8000_3000_pt360_ak10_ca4_th85.root,nan,nan,nan,nan,nan,nan,nan,nan,nan,nan,nan,nan,nan,nan,nan,nan,nan,nan,nan,nan,nan
HtZt_8000_3000,HtZt,8000,3000,85,360,1.0,0.6,/eos/uscms/store/user/aji/rootfiles_existingOptimization/HtZt_8000_3000_pt360_ak10_ca6_th85.root,failed,/eos/uscms/store/user/aji/rootfiles_existingOptimization/HtZt_8000_3000_pt360_ak10_ca6_th85.root,nan,nan,nan,nan,nan,nan,nan,nan,nan,nan,nan,nan,nan,nan,nan,nan,nan,nan,nan,nan,nan
HtZt_8000_3000,HtZt,8000,3000,85,360,1.2,0.4,/eos/uscms/store/user/aji/rootfiles_existingOptimization/HtZt_8000_3000_pt360_ak12_ca4_th85.root,failed,/eos/uscms/store/user/aji/rootfiles_existingOptimization/HtZt_8000_3000_pt360_ak12_ca4_th85.root,nan,nan,nan,nan,nan,nan,nan,nan,nan,nan,nan,nan,nan,nan,nan,nan,nan,nan,nan,nan,nan
HtZt_8000_3000,HtZt,8000,3000,85,360,1.2,0.6,/eos/uscms/store/user/aji/rootfiles_existingOptimization/HtZt_8000_3000_pt360_ak12_ca6_th85.root,failed,/eos/uscms/store/user/aji/rootfiles_existingOptimization/HtZt_8000_3000_pt360_ak12_ca6_th85.root,nan,nan,nan,nan,nan,nan,nan,nan,nan,nan,nan,nan,nan,nan,nan,nan,nan,nan,nan,nan,nan
HtZt_8000_3000,HtZt,8000,3000,85,360,1.2,0.8,/eos/uscms/store/user/aji/rootfiles_existingOptimization/HtZt_8000_3000_pt360_ak12_ca8_th85.root,failed,/eos/uscms/store/user/aji/rootfiles_existingOptimization/HtZt_8000_3000_pt360_ak12_ca8_th85.root,nan,nan,nan,nan,nan,nan,nan,nan,nan,nan,nan,nan,nan,nan,nan,nan,nan,nan,nan,nan,nan
HtZt_8000_3000,HtZt,8000,3000,85,360,1.4,0.4,/eos/uscms/store/user/aji/rootfiles_existingOptimization/HtZt_8000_3000_pt360_ak14_ca4_th85.root,failed,/eos/uscms/store/user/aji/rootfiles_existingOptimization/HtZt_8000_3000_pt360_ak14_ca4_th85.root,nan,nan,nan,nan,nan,nan,nan,nan,nan,nan,nan,nan,nan,nan,nan,nan,nan,nan,nan,nan,nan
HtZt_8000_3000,HtZt,8000,3000,85,360,1.4,0.6,/eos/uscms/store/user/aji/rootfiles_existingOptimization/HtZt_8000_3000_pt360_ak14_ca6_th85.root,failed,/eos/uscms/store/user/aji/rootfiles_existingOptimization/HtZt_8000_3000_pt360_ak14_ca6_th85.root,nan,nan,nan,nan,nan,nan,nan,nan,nan,nan,nan,nan,nan,nan,nan,nan,nan,nan,nan,nan,nan
HtZt_8000_3000,HtZt,8000,3000,85,360,1.4,0.8,/eos/uscms/store/user/aji/rootfiles_existingOptimization/HtZt_8000_3000_pt360_ak14_ca8_th85.root,failed,/eos/uscms/store/user/aji/rootfiles_existingOptimization/HtZt_8000_3000_pt360_ak14_ca8_th85.root,nan,nan,nan,nan,nan,nan,nan,nan,nan,nan,nan,nan,nan,nan,nan,nan,nan,nan,nan,nan,nan
HtZt_8000_3000,HtZt,8000,3000,85,360,1.4,1.0,/eos/uscms/store/user/aji/rootfiles_existingOptimization/HtZt_8000_3000_pt360_ak14_ca10_th85.root,failed,/eos/uscms/store/user/aji/rootfiles_existingOptimization/HtZt_8000_3000_pt360_ak14_ca10_th85.root,nan,nan,nan,nan,nan,nan,nan,nan,nan,nan,nan,nan,nan,nan,nan,nan,nan,nan,nan,nan,nan
HtZt_8000_3000,HtZt,8000,3000,85,360,1.6,0.4,/eos/uscms/store/user/aji/rootfiles_existingOptimization/HtZt_8000_3000_pt360_ak16_ca4_th85.root,failed,/eos/uscms/store/user/aji/rootfiles_existingOptimization/HtZt_8000_3000_pt360_ak16_ca4_th85.root,nan,nan,nan,nan,nan,nan,nan,nan,nan,nan,nan,nan,nan,nan,nan,nan,nan,nan,nan,nan,nan
HtZt_8000_3000,HtZt,8000,3000,85,360,1.6,0.6,/eos/uscms/store/user/aji/rootfiles_existingOptimization/HtZt_8000_3000_pt360_ak16_ca6_th85.root,failed,/eos/uscms/store/user/aji/rootfiles_existingOptimization/HtZt_8000_3000_pt360_ak16_ca6_th85.root,nan,nan,nan,nan,nan,nan,nan,nan,nan,nan,nan,nan,nan,nan,nan,nan,nan,nan,nan,nan,nan
HtZt_8000_3000,HtZt,8000,3000,85,360,1.6,0.8,/eos/uscms/store/user/aji/rootfiles_existingOptimization/HtZt_8000_3000_pt360_ak16_ca8_th85.root,failed,/eos/uscms/store/user/aji/rootfiles_existingOptimization/HtZt_8000_3000_pt360_ak16_ca8_th85.root,nan,nan,nan,nan,nan,nan,nan,nan,nan,nan,nan,nan,nan,nan,nan,nan,nan,nan,nan,nan,nan
HtZt_8000_3000,HtZt,8000,3000,85,360,1.6,1.0,/eos/uscms/store/user/aji/rootfiles_existingOptimization/HtZt_8000_3000_pt360_ak16_ca10_th85.root,failed,/eos/uscms/store/user/aji/rootfiles_existingOptimization/HtZt_8000_3000_pt360_ak16_ca10_th85.root,nan,nan,nan,nan,nan,nan,nan,nan,nan,nan,nan,nan,nan,nan,nan,nan,nan,nan,nan,nan,nan
HtZt_8000_3000,HtZt,8000,3000,85,360,1.6,1.2,/eos/uscms/store/user/aji/rootfiles_existingOptimization/HtZt_8000_3000_pt360_ak16_ca12_th85.root,failed,/eos/uscms/store/user/aji/rootfiles_existingOptimization/HtZt_8000_3000_pt360_ak16_ca12_th85.root,nan,nan,nan,nan,nan,nan,nan,nan,nan,nan,nan,nan,nan,nan,nan,nan,nan,nan,nan,nan,nan
HtZt_8000_3000,HtZt,8000,3000,85,380,0.8,0.4,/eos/uscms/store/user/aji/rootfiles_existingOptimization/HtZt_8000_3000_pt380_ak8_ca4_th85.root,failed,/eos/uscms/store/user/aji/rootfiles_existingOptimization/HtZt_8000_3000_pt380_ak8_ca4_th85.root,nan,nan,nan,nan,nan,nan,nan,nan,nan,nan,nan,nan,nan,nan,nan,nan,nan,nan,nan,nan,nan
HtZt_8000_3000,HtZt,8000,3000,85,380,1.0,0.4,/eos/uscms/store/user/aji/rootfiles_existingOptimization/HtZt_8000_3000_pt380_ak10_ca4_th85.root,failed,/eos/uscms/store/user/aji/rootfiles_existingOptimization/HtZt_8000_3000_pt380_ak10_ca4_th85.root,nan,nan,nan,nan,nan,nan,nan,nan,nan,nan,nan,nan,nan,nan,nan,nan,nan,nan,nan,nan,nan
HtZt_8000_3000,HtZt,8000,3000,85,380,1.0,0.6,/eos/uscms/store/user/aji/rootfiles_existingOptimization/HtZt_8000_3000_pt380_ak10_ca6_th85.root,failed,/eos/uscms/store/user/aji/rootfiles_existingOptimization/HtZt_8000_3000_pt380_ak10_ca6_th85.root,nan,nan,nan,nan,nan,nan,nan,nan,nan,nan,nan,nan,nan,nan,nan,nan,nan,nan,nan,nan,nan
HtZt_8000_3000,HtZt,8000,3000,85,380,1.2,0.4,/eos/uscms/store/user/aji/rootfiles_existingOptimization/HtZt_8000_3000_pt380_ak12_ca4_th85.root,failed,/eos/uscms/store/user/aji/rootfiles_existingOptimization/HtZt_8000_3000_pt380_ak12_ca4_th85.root,nan,nan,nan,nan,nan,nan,nan,nan,nan,nan,nan,nan,nan,nan,nan,nan,nan,nan,nan,nan,nan
HtZt_8000_3000,HtZt,8000,3000,85,380,1.2,0.6,/eos/uscms/store/user/aji/rootfiles_existingOptimization/HtZt_8000_3000_pt380_ak12_ca6_th85.root,failed,/eos/uscms/store/user/aji/rootfiles_existingOptimization/HtZt_8000_3000_pt380_ak12_ca6_th85.root,nan,nan,nan,nan,nan,nan,nan,nan,nan,nan,nan,nan,nan,nan,nan,nan,nan,nan,nan,nan,nan
HtZt_8000_3000,HtZt,8000,3000,85,380,1.2,0.8,/eos/uscms/store/user/aji/rootfiles_existingOptimization/HtZt_8000_3000_pt380_ak12_ca8_th85.root,failed,/eos/uscms/store/user/aji/rootfiles_existingOptimization/HtZt_8000_3000_pt380_ak12_ca8_th85.root,nan,nan,nan,nan,nan,nan,nan,nan,nan,nan,nan,nan,nan,nan,nan,nan,nan,nan,nan,nan,nan
HtZt_8000_3000,HtZt,8000,3000,85,380,1.4,0.4,/eos/uscms/store/user/aji/rootfiles_existingOptimization/HtZt_8000_3000_pt380_ak14_ca4_th85.root,failed,/eos/uscms/store/user/aji/rootfiles_existingOptimization/HtZt_8000_3000_pt380_ak14_ca4_th85.root,nan,nan,nan,nan,nan,nan,nan,nan,nan,nan,nan,nan,nan,nan,nan,nan,nan,nan,nan,nan,nan
HtZt_8000_3000,HtZt,8000,3000,85,380,1.4,0.6,/eos/uscms/store/user/aji/rootfiles_existingOptimization/HtZt_8000_3000_pt380_ak14_ca6_th85.root,failed,/eos/uscms/store/user/aji/rootfiles_existingOptimization/HtZt_8000_3000_pt380_ak14_ca6_th85.root,nan,nan,nan,nan,nan,nan,nan,nan,nan,nan,nan,nan,nan,nan,nan,nan,nan,nan,nan,nan,nan
HtZt_8000_3000,HtZt,8000,3000,85,380,1.4,0.8,/eos/uscms/store/user/aji/rootfiles_existingOptimization/HtZt_8000_3000_pt380_ak14_ca8_th85.root,failed,/eos/uscms/store/user/aji/rootfiles_existingOptimization/HtZt_8000_3000_pt380_ak14_ca8_th85.root,nan,nan,nan,nan,nan,nan,nan,nan,nan,nan,nan,nan,nan,nan,nan,nan,nan,nan,nan,nan,nan
HtZt_8000_3000,HtZt,8000,3000,85,380,1.4,1.0,/eos/uscms/store/user/aji/rootfiles_existingOptimization/HtZt_8000_3000_pt380_ak14_ca10_th85.root,failed,/eos/uscms/store/user/aji/rootfiles_existingOptimization/HtZt_8000_3000_pt380_ak14_ca10_th85.root,nan,nan,nan,nan,nan,nan,nan,nan,nan,nan,nan,nan,nan,nan,nan,nan,nan,nan,nan,nan,nan
HtZt_8000_3000,HtZt,8000,3000,85,380,1.6,0.4,/eos/uscms/store/user/aji/rootfiles_existingOptimization/HtZt_8000_3000_pt380_ak16_ca4_th85.root,failed,/eos/uscms/store/user/aji/rootfiles_existingOptimization/HtZt_8000_3000_pt380_ak16_ca4_th85.root,nan,nan,nan,nan,nan,nan,nan,nan,nan,nan,nan,nan,nan,nan,nan,nan,nan,nan,nan,nan,nan
HtZt_8000_3000,HtZt,8000,3000,85,380,1.6,0.6,/eos/uscms/store/user/aji/rootfiles_existingOptimization/HtZt_8000_3000_pt380_ak16_ca6_th85.root,failed,/eos/uscms/store/user/aji/rootfiles_existingOptimization/HtZt_8000_3000_pt380_ak16_ca6_th85.root,nan,nan,nan,nan,nan,nan,nan,nan,nan,nan,nan,nan,nan,nan,nan,nan,nan,nan,nan,nan,nan
HtZt_8000_3000,HtZt,8000,3000,85,380,1.6,0.8,/eos/uscms/store/user/aji/rootfiles_existingOptimization/HtZt_8000_3000_pt380_ak16_ca8_th85.root,failed,/eos/uscms/store/user/aji/rootfiles_existingOptimization/HtZt_8000_3000_pt380_ak16_ca8_th85.root,nan,nan,nan,nan,nan,nan,nan,nan,nan,nan,nan,nan,nan,nan,nan,nan,nan,nan,nan,nan,nan
HtZt_8000_3000,HtZt,8000,3000,85,380,1.6,1.0,/eos/uscms/store/user/aji/rootfiles_existingOptimization/HtZt_8000_3000_pt380_ak16_ca10_th85.root,failed,/eos/uscms/store/user/aji/rootfiles_existingOptimization/HtZt_8000_3000_pt380_ak16_ca10_th85.root,nan,nan,nan,nan,nan,nan,nan,nan,nan,nan,nan,nan,nan,nan,nan,nan,nan,nan,nan,nan,nan
HtZt_8000_3000,HtZt,8000,3000,85,380,1.6,1.2,/eos/uscms/store/user/aji/rootfiles_existingOptimization/HtZt_8000_3000_pt380_ak16_ca12_th85.root,failed,/eos/uscms/store/user/aji/rootfiles_existingOptimization/HtZt_8000_3000_pt380_ak16_ca12_th85.root,nan,nan,nan,nan,nan,nan,nan,nan,nan,nan,nan,nan,nan,nan,nan,nan,nan,nan,nan,nan,nan
HtZt_8000_3000,HtZt,8000,3000,85,400,0.8,0.4,/eos/uscms/store/user/aji/rootfiles_existingOptimization/HtZt_8000_3000_pt400_ak8_ca4_th85.root,failed,/eos/uscms/store/user/aji/rootfiles_existingOptimization/HtZt_8000_3000_pt400_ak8_ca4_th85.root,nan,nan,nan,nan,nan,nan,nan,nan,nan,nan,nan,nan,nan,nan,nan,nan,nan,nan,nan,nan,nan
HtZt_8000_3000,HtZt,8000,3000,85,400,1.0,0.4,/eos/uscms/store/user/aji/rootfiles_existingOptimization/HtZt_8000_3000_pt400_ak10_ca4_th85.root,failed,/eos/uscms/store/user/aji/rootfiles_existingOptimization/HtZt_8000_3000_pt400_ak10_ca4_th85.root,nan,nan,nan,nan,nan,nan,nan,nan,nan,nan,nan,nan,nan,nan,nan,nan,nan,nan,nan,nan,nan
HtZt_8000_3000,HtZt,8000,3000,85,400,1.0,0.6,/eos/uscms/store/user/aji/rootfiles_existingOptimization/HtZt_8000_3000_pt400_ak10_ca6_th85.root,failed,/eos/uscms/store/user/aji/rootfiles_existingOptimization/HtZt_8000_3000_pt400_ak10_ca6_th85.root,nan,nan,nan,nan,nan,nan,nan,nan,nan,nan,nan,nan,nan,nan,nan,nan,nan,nan,nan,nan,nan
HtZt_8000_3000,HtZt,8000,3000,85,400,1.2,0.4,/eos/uscms/store/user/aji/rootfiles_existingOptimization/HtZt_8000_3000_pt400_ak12_ca4_th85.root,failed,/eos/uscms/store/user/aji/rootfiles_existingOptimization/HtZt_8000_3000_pt400_ak12_ca4_th85.root,nan,nan,nan,nan,nan,nan,nan,nan,nan,nan,nan,nan,nan,nan,nan,nan,nan,nan,nan,nan,nan
HtZt_8000_3000,HtZt,8000,3000,85,400,1.2,0.6,/eos/uscms/store/user/aji/rootfiles_existingOptimization/HtZt_8000_3000_pt400_ak12_ca6_th85.root,failed,/eos/uscms/store/user/aji/rootfiles_existingOptimization/HtZt_8000_3000_pt400_ak12_ca6_th85.root,nan,nan,nan,nan,nan,nan,nan,nan,nan,nan,nan,nan,nan,nan,nan,nan,nan,nan,nan,nan,nan
HtZt_8000_3000,HtZt,8000,3000,85,400,1.2,0.8,/eos/uscms/store/user/aji/rootfiles_existingOptimization/HtZt_8000_3000_pt400_ak12_ca8_th85.root,failed,/eos/uscms/store/user/aji/rootfiles_existingOptimization/HtZt_8000_3000_pt400_ak12_ca8_th85.root,nan,nan,nan,nan,nan,nan,nan,nan,nan,nan,nan,nan,nan,nan,nan,nan,nan,nan,nan,nan,nan
HtZt_8000_3000,HtZt,8000,3000,85,400,1.4,0.4,/eos/uscms/store/user/aji/rootfiles_existingOptimization/HtZt_8000_3000_pt400_ak14_ca4_th85.root,failed,/eos/uscms/store/user/aji/rootfiles_existingOptimization/HtZt_8000_3000_pt400_ak14_ca4_th85.root,nan,nan,nan,nan,nan,nan,nan,nan,nan,nan,nan,nan,nan,nan,nan,nan,nan,nan,nan,nan,nan
HtZt_8000_3000,HtZt,8000,3000,85,400,1.4,0.6,/eos/uscms/store/user/aji/rootfiles_existingOptimization/HtZt_8000_3000_pt400_ak14_ca6_th85.root,failed,/eos/uscms/store/user/aji/rootfiles_existingOptimization/HtZt_8000_3000_pt400_ak14_ca6_th85.root,nan,nan,nan,nan,nan,nan,nan,nan,nan,nan,nan,nan,nan,nan,nan,nan,nan,nan,nan,nan,nan
HtZt_8000_3000,HtZt,8000,3000,85,400,1.4,0.8,/eos/uscms/store/user/aji/rootfiles_existingOptimization/HtZt_8000_3000_pt400_ak14_ca8_th85.root,failed,/eos/uscms/store/user/aji/rootfiles_existingOptimization/HtZt_8000_3000_pt400_ak14_ca8_th85.root,nan,nan,nan,nan,nan,nan,nan,nan,nan,nan,nan,nan,nan,nan,nan,nan,nan,nan,nan,nan,nan
HtZt_8000_3000,HtZt,8000,3000,85,400,1.4,1.0,/eos/uscms/store/user/aji/rootfiles_existingOptimization/HtZt_8000_3000_pt400_ak14_ca10_th85.root,failed,/eos/uscms/store/user/aji/rootfiles_existingOptimization/HtZt_8000_3000_pt400_ak14_ca10_th85.root,nan,nan,nan,nan,nan,nan,nan,nan,nan,nan,nan,nan,nan,nan,nan,nan,nan,nan,nan,nan,nan
HtZt_8000_3000,HtZt,8000,3000,85,400,1.6,0.4,/eos/uscms/store/user/aji/rootfiles_existingOptimization/HtZt_8000_3000_pt400_ak16_ca4_th85.root,failed,/eos/uscms/store/user/aji/rootfiles_existingOptimization/HtZt_8000_3000_pt400_ak16_ca4_th85.root,nan,nan,nan,nan,nan,nan,nan,nan,nan,nan,nan,nan,nan,nan,nan,nan,nan,nan,nan,nan,nan
HtZt_8000_3000,HtZt,8000,3000,85,400,1.6,0.6,/eos/uscms/store/user/aji/rootfiles_existingOptimization/HtZt_8000_3000_pt400_ak16_ca6_th85.root,failed,/eos/uscms/store/user/aji/rootfiles_existingOptimization/HtZt_8000_3000_pt400_ak16_ca6_th85.root,nan,nan,nan,nan,nan,nan,nan,nan,nan,nan,nan,nan,nan,nan,nan,nan,nan,nan,nan,nan,nan
HtZt_8000_3000,HtZt,8000,3000,85,400,1.6,0.8,/eos/uscms/store/user/aji/rootfiles_existingOptimization/HtZt_8000_3000_pt400_ak16_ca8_th85.root,failed,/eos/uscms/store/user/aji/rootfiles_existingOptimization/HtZt_8000_3000_pt400_ak16_ca8_th85.root,nan,nan,nan,nan,nan,nan,nan,nan,nan,nan,nan,nan,nan,nan,nan,nan,nan,nan,nan,nan,nan
HtZt_8000_3000,HtZt,8000,3000,85,400,1.6,1.0,/eos/uscms/store/user/aji/rootfiles_existingOptimization/HtZt_8000_3000_pt400_ak16_ca10_th85.root,failed,/eos/uscms/store/user/aji/rootfiles_existingOptimization/HtZt_8000_3000_pt400_ak16_ca10_th85.root,nan,nan,nan,nan,nan,nan,nan,nan,nan,nan,nan,nan,nan,nan,nan,nan,nan,nan,nan,nan,nan
HtZt_8000_3000,HtZt,8000,3000,85,400,1.6,1.2,/eos/uscms/store/user/aji/rootfiles_existingOptimization/HtZt_8000_3000_pt400_ak16_ca12_th85.root,failed,/eos/uscms/store/user/aji/rootfiles_existingOptimization/HtZt_8000_3000_pt400_ak16_ca12_th85.root,nan,nan,nan,nan,nan,nan,nan,nan,nan,nan,nan,nan,nan,nan,nan,nan,nan,nan,nan,nan,nan
