pt_cut,ak_radius,ca_radius,filename,status,error,n_events,n_valid_events,reconstruction_efficiency,reconstruction_efficiency_err,f_low_event,f_low_event_err,f_low_event_all,f_low_chi,f_peak_chi,f_peak_event_both,median_mass,q16_mass,q84_mass,robust_resolution,median_mass_asymmetry,balanced_score
100,0.6,0.4,/eos/uscms/store/user/aji/rootfiles_particleTransformer/WbWb_4000_1000_jetPtCut100_ak6_ca4.root,ok,,1000,1000,1.0,0.0,0.01,0.003146426544510455,0.01,0.0055,0.486,0.436,1073.005224784107,929.7439657175287,1586.9031431612964,0.3062236614812341,0.00043100306827348073,0.3235241839596448
120,0.6,0.4,/eos/uscms/store/user/aji/rootfiles_particleTransformer/WbWb_4000_1000_jetPtCut120_ak6_ca4.root,ok,,1000,1000,1.0,0.0,0.02,0.004427188724235731,0.02,0.0125,0.504,0.44,1043.8215774744879,916.2707972502652,1565.3809044037441,0.3109296268448445,0.0007267723037952243,0.33531178459229327
140,0.6,0.4,/eos/uscms/store/user/aji/rootfiles_particleTransformer/WbWb_4000_1000_jetPtCut140_ak6_ca4.root,ok,,1000,1000,1.0,0.0,0.032,0.005565608681896348,0.032,0.0195,0.529,0.453,1025.8002763527961,903.557977248717,1528.5899208863718,0.30465576879153233,0.0011519086378883807,0.33923579642681195
160,0.6,0.4,/eos/uscms/store/user/aji/rootfiles_particleTransformer/WbWb_4000_1000_jetPtCut160_ak6_ca4.root,ok,,1000,1000,1.0,0.0,0.043,0.006414904519944158,0.043,0.0265,0.5415,0.448,1016.4257117689754,880.8371316927058,1483.1148479775482,0.2962723735297119,0.003722719120682342,0.34091494470660944
140,0.8,0.6,/eos/uscms/store/user/aji/rootfiles_particleTransformer/WbWb_4000_1000_jetPtCut140_ak8_ca6.root,ok,,1000,1000,1.0,0.0,0.023,0.004740358636221525,0.023,0.014,0.418,0.348,1115.1315866866648,969.7926081004383,1686.1215652016585,0.3211858428428222,0.005629014768041736,0.3556990015114887
180,1.0,0.8,/eos/uscms/store/user/aji/rootfiles_particleTransformer/WbWb_4000_1000_jetPtCut180_ak10_ca8.root,ok,,1000,1000,1.0,0.0,0.028,0.005216895628628198,0.028,0.0165,0.266,0.189,1188.311723102015,1006.3712036398872,1741.2038689288534,0.30919187743546384,0.018137885416061178,0.35602304974566534
120,0.8,0.6,/eos/uscms/store/user/aji/rootfiles_particleTransformer/WbWb_4000_1000_jetPtCut120_ak8_ca6.root,ok,,1000,1000,1.0,0.0,0.013,0.003582038525755969,0.013,0.0065,0.3935,0.331,1151.4393872153303,983.5899521447617,1749.287526214502,0.33249582330231137,0.0035853151401622914,0.3606397620238444
200,1.0,0.8,/eos/uscms/store/user/aji/rootfiles_particleTransformer/WbWb_4000_1000_jetPtCut200_ak10_ca8.root,ok,,1000,1000,1.0,0.0,0.04,0.0061967733539318665,0.04,0.0235,0.2665,0.177,1168.2922923130034,979.4876429167625,1694.9291609817012,0.30619114872721465,0.021170256396060162,0.363020377958515
160,0.8,0.6,/eos/uscms/store/user/aji/rootfiles_particleTransformer/WbWb_4000_1000_jetPtCut160_ak8_ca6.root,ok,,1000,1000,1.0,0.0,0.033,0.005648982209212559,0.033,0.0195,0.434,0.35,1094.6711846858475,951.3518788230127,1661.3090002947893,0.3242787109973679,0.009357191258124294,0.36674582946595263
180,0.6,0.4,/eos/uscms/store/user/aji/rootfiles_particleTransformer/WbWb_4000_1000_jetPtCut180_ak6_ca4.root,ok,,1000,1000,1.0,0.0,0.059,0.007451107300260815,0.059,0.0365,0.5465,0.437,1006.464625736028,833.1496945066913,1460.9381839374516,0.3118780697193696,0.010342513763208293,0.3715245322929724
100,0.8,0.6,/eos/uscms/store/user/aji/rootfiles_particleTransformer/WbWb_4000_1000_jetPtCut100_ak8_ca6.root,ok,,1000,1000,1.0,0.0,0.009,0.002986469487538756,0.009,0.0045,0.36,0.31,1209.2442067626284,998.8014917145405,1836.7377637490827,0.3464710714959112,0.0018658631369586078,0.37639549217217405
160,1.0,0.8,/eos/uscms/store/user/aji/rootfiles_particleTransformer/WbWb_4000_1000_jetPtCut160_ak10_ca8.root,ok,,1000,1000,1.0,0.0,0.021,0.004534203347888138,0.021,0.012,0.2585,0.187,1207.779433558822,1021.2337616945073,1833.0301793954354,0.33606981338840275,0.014034125223417723,0.37784775674428495
220,1.0,0.8,/eos/uscms/store/user/aji/rootfiles_particleTransformer/WbWb_4000_1000_jetPtCut220_ak10_ca8.root,ok,,1000,1000,1.0,0.0,0.048,0.006759881655768835,0.048,0.028,0.274,0.178,1155.571527169599,953.2822884360129,1680.4338014402706,0.31462851753768434,0.023266967115791355,0.3781856702546442
180,0.8,0.6,/eos/uscms/store/user/aji/rootfiles_particleTransformer/WbWb_4000_1000_jetPtCut180_ak8_ca6.root,ok,,1000,1000,1.0,0.0,0.049,0.006826346021115542,0.049,0.0295,0.4485,0.353,1080.3570744999683,931.6750388349316,1628.1690949496915,0.3223443769445971,0.012258721748562323,0.3793800843945939
220,1.2,1.0,/eos/uscms/store/user/aji/rootfiles_particleTransformer/WbWb_4000_1000_jetPtCut220_ak12_ca10.root,ok,,1000,1000,1.0,0.0,0.03,0.005394441583704471,0.03,0.0165,0.1675,0.083,1272.1397252785232,984.0249533452651,1812.5665491704228,0.32564881803520296,0.03593118084888376,0.3828627905630553
200,1.2,1.0,/eos/uscms/store/user/aji/rootfiles_particleTransformer/WbWb_4000_1000_jetPtCut200_ak12_ca10.root,ok,,1000,1000,1.0,0.0,0.022,0.0046385342512479085,0.022,0.012,0.16,0.084,1293.2251962989167,1022.4207795460642,1882.0779058559428,0.3323694623218496,0.031639729111511666,0.38369198195174126
240,1.4,1.2,/eos/uscms/store/user/aji/rootfiles_particleTransformer/WbWb_4000_1000_jetPtCut240_ak14_ca12.root,ok,,1000,1000,1.0,0.0,0.004,0.001995995991979944,0.004,0.0025,0.156,0.06,1300.6496283831775,975.1588087113596,1895.2954314867602,0.35372194121148975,0.058560962100185215,0.38778690404980753
140,1.0,0.8,/eos/uscms/store/user/aji/rootfiles_particleTransformer/WbWb_4000_1000_jetPtCut140_ak10_ca8.root,ok,,1000,1000,1.0,0.0,0.013,0.003582038525755969,0.013,0.0065,0.246,0.185,1233.3699841469002,1035.2873208032945,1906.955750457565,0.3533685920924969,0.010778121970969128,0.3897055905071869
260,1.4,1.2,/eos/uscms/store/user/aji/rootfiles_particleTransformer/WbWb_4000_1000_jetPtCut260_ak14_ca12.root,ok,,1000,1000,1.0,0.0,0.008,0.0028170906978654416,0.008,0.0055,0.161,0.063,1273.719793173665,909.8363965904921,1816.0120612508497,0.3557201786126304,0.06299790691849139,0.3910921579299969
200,1.2,1.6,/eos/uscms/store/user/aji/rootfiles_particleTransformer/WbWb_4000_1000_jetPtCut200_ak12_ca16.root,ok,,1000,1000,1.0,0.0,0.058,0.007391616873188166,0.058,0.03,0.208,0.071,1222.999448097569,940.2699785392842,1702.340355115609,0.3115579396874462,0.10076224851055701,0.39185788449720316
200,0.8,0.6,/eos/uscms/store/user/aji/rootfiles_particleTransformer/WbWb_4000_1000_jetPtCut200_ak8_ca6.root,ok,,1000,1000,1.0,0.0,0.067,0.007906389820898032,0.067,0.04,0.452,0.342,1071.9956177472325,904.6861525210082,1588.6625195390718,0.3190201320297465,0.015931239322954455,0.39321969380446975
300,1.6,1.4,/eos/uscms/store/user/aji/rootfiles_particleTransformer/WbWb_4000_1000_jetPtCut300_ak16_ca14.root,ok,,1000,1000,1.0,0.0,0.004,0.001995995991979944,0.004,0.002,0.1455,0.043,1279.6103443249015,908.5412523548227,1834.4655720455762,0.3617993257858719,0.08262969636434277,0.393760360218362
180,1.0,1.4,/eos/uscms/store/user/aji/rootfiles_particleTransformer/WbWb_4000_1000_jetPtCut180_ak10_ca14.root,ok,,1000,1000,1.0,0.0,0.101,0.009528850927577786,0.101,0.053,0.3115,0.156,1140.4910997793945,939.3497377217764,1578.3972627201333,0.2801633108412543,0.08027224158919072,0.3952124208191937
240,1.2,1.0,/eos/uscms/store/user/aji/rootfiles_particleTransformer/WbWb_4000_1000_jetPtCut240_ak12_ca10.root,ok,,1000,1000,1.0,0.0,0.035,0.005811626278418116,0.035,0.02,0.1725,0.078,1254.7167763805505,940.1779917404125,1781.2581319192086,0.33516732860025933,0.042462886134643774,0.3956390062383144
200,1.2,1.4,/eos/uscms/store/user/aji/rootfiles_particleTransformer/WbWb_4000_1000_jetPtCut200_ak12_ca14.root,ok,,1000,1000,1.0,0.0,0.051,0.00695693898205238,0.051,0.0265,0.2025,0.073,1243.0103208362268,959.8961515739717,1759.319567009799,0.3215674890366238,0.08721917731602666,0.3968685211202465
240,1.0,0.8,/eos/uscms/store/user/aji/rootfiles_particleTransformer/WbWb_4000_1000_jetPtCut240_ak10_ca8.root,ok,,1000,1000,1.0,0.0,0.06,0.007509993342207435,0.06,0.037,0.273,0.167,1144.581444317785,905.7922862985401,1644.5093745434312,0.32270184525191004,0.02808876442327004,0.39715998968368854
200,0.6,0.4,/eos/uscms/store/user/aji/rootfiles_particleTransformer/WbWb_4000_1000_jetPtCut200_ak6_ca4.root,ok,,1000,1000,1.0,0.0,0.08,0.008579044235810887,0.08,0.051,0.541,0.42,996.5035931760353,772.8533184783048,1408.2120609143935,0.3187940047516972,0.016512786017907215,0.3991436454340937
180,1.2,1.0,/eos/uscms/store/user/aji/rootfiles_particleTransformer/WbWb_4000_1000_jetPtCut180_ak12_ca10.root,ok,,1000,1000,1.0,0.0,0.018,0.004204283529925164,0.018,0.0095,0.158,0.087,1313.2502290155767,1041.1269491185806,1966.8062457527876,0.352438277253568,0.028319219715878124,0.4017633001551257
220,1.4,1.2,/eos/uscms/store/user/aji/rootfiles_particleTransformer/WbWb_4000_1000_jetPtCut220_ak14_ca12.root,ok,,1000,1000,1.0,0.0,0.002,0.0014127986409959489,0.002,0.001,0.147,0.058,1326.592916193049,1006.8088521651138,1985.3626102960127,0.3688221707602189,0.052777693650018595,0.4034814623795238
280,1.6,1.4,/eos/uscms/store/user/aji/rootfiles_particleTransformer/WbWb_4000_1000_jetPtCut280_ak16_ca14.root,ok,,1000,1000,1.0,0.0,0.004,0.001995995991979944,0.004,0.002,0.1405,0.043,1301.7788750031511,969.2086891174621,1932.08647417149,0.36983154495101833,0.07897282733373912,0.4040094324513335
360,1.6,1.4,/eos/uscms/store/user/aji/rootfiles_particleTransformer/WbWb_4000_1000_jetPtCut360_ak16_ca14.root,ok,,1000,1000,1.0,0.0,0.006,0.002442130217658346,0.006,0.004,0.1575,0.044,1236.1263847819334,778.6496445155236,1708.2550001336758,0.376015497712293,0.09266983070428789,0.4056281361904863
380,1.6,1.4,/eos/uscms/store/user/aji/rootfiles_particleTransformer/WbWb_4000_1000_jetPtCut380_ak16_ca14.root,ok,,1000,1000,1.0,0.0,0.008,0.0028170906978654416,0.008,0.0055,0.162,0.045,1222.0862608567147,741.9522803500241,1662.4607625675849,0.3766135467279781,0.09310726112233916,0.4068221728136496
320,1.6,1.4,/eos/uscms/store/user/aji/rootfiles_particleTransformer/WbWb_4000_1000_jetPtCut320_ak16_ca14.root,ok,,1000,1000,1.0,0.0,0.005,0.0022304708023195463,0.005,0.0025,0.15,0.042,1260.5415317346838,849.5227122003081,1797.4081854694186,0.3759834362477077,0.08801203276126186,0.40703758942117607
200,1.2,1.2,/eos/uscms/store/user/aji/rootfiles_particleTransformer/WbWb_4000_1000_jetPtCut200_ak12_ca12.root,ok,,1000,1000,1.0,0.0,0.043,0.006414904519944158,0.043,0.0225,0.187,0.073,1263.4040454571193,986.3771872283152,1841.1611288300473,0.3382860553103809,0.07135169234800728,0.40762645985609286
340,1.6,1.4,/eos/uscms/store/user/aji/rootfiles_particleTransformer/WbWb_4000_1000_jetPtCut340_ak16_ca14.root,ok,,1000,1000,1.0,0.0,0.006,0.002442130217658346,0.006,0.0035,0.1525,0.042,1250.625732381829,812.4742730699294,1754.6092430342862,0.37666543457811774,0.09026480133295668,0.40772800781630064
100,0.6,1.4,/eos/uscms/store/user/aji/rootfiles_particleTransformer/WbWb_4000_1000_jetPtCut100_ak6_ca14.root,ok,,1000,1000,1.0,0.0,0.1,0.009486832980505138,0.1,0.0505,0.5115,0.353,1011.6006422703759,843.5129082271131,1465.171209342108,0.3072646828889819,0.0833377829603607,0.4084247471160195
220,1.2,1.6,/eos/uscms/store/user/aji/rootfiles_particleTransformer/WbWb_4000_1000_jetPtCut220_ak12_ca16.root,ok,,1000,1000,1.0,0.0,0.068,0.007960904471226871,0.068,0.0355,0.207,0.067,1208.3257071940695,868.6015116002053,1642.918891168125,0.320409213740065,0.10810508446444927,0.40924178445947196
220,1.2,1.4,/eos/uscms/store/user/aji/rootfiles_particleTransformer/WbWb_4000_1000_jetPtCut220_ak12_ca14.root,ok,,1000,1000,1.0,0.0,0.062,0.007626008130076967,0.062,0.0325,0.206,0.071,1218.334014956034,894.3350765632415,1689.3523724901243,0.32627230552845254,0.0921685180093049,0.41010570702405597
220,1.2,1.2,/eos/uscms/store/user/aji/rootfiles_particleTransformer/WbWb_4000_1000_jetPtCut220_ak12_ca12.root,ok,,1000,1000,1.0,0.0,0.054,0.007147307185227175,0.054,0.0285,0.1915,0.071,1241.0637430815386,933.6649620988916,1760.469381630582,0.33310312388900754,0.07630586900091985,0.4112094981971614
100,0.6,1.2,/eos/uscms/store/user/aji/rootfiles_particleTransformer/WbWb_4000_1000_jetPtCut100_ak6_ca12.root,ok,,1000,1000,1.0,0.0,0.086,0.008865889690267977,0.086,0.0435,0.4885,0.35,1027.4749408917498,869.3925012445793,1536.8496505481041,0.32480458780057253,0.070160359554853,0.4135520818897475
260,1.6,1.4,/eos/uscms/store/user/aji/rootfiles_particleTransformer/WbWb_4000_1000_jetPtCut260_ak16_ca14.root,ok,,1000,1000,1.0,0.0,0.004,0.001995995991979944,0.004,0.002,0.136,0.042,1326.1525905487676,1009.8563923166028,2011.8611974878213,0.3777863921212055,0.07591259689001818,0.4144016511760823
280,1.4,1.2,/eos/uscms/store/user/aji/rootfiles_particleTransformer/WbWb_4000_1000_jetPtCut280_ak14_ca12.root,ok,,1000,1000,1.0,0.0,0.012,0.003443254274665175,0.012,0.0075,0.164,0.059,1248.105455884574,824.5045539741818,1769.9947728481304,0.3787701649793078,0.07126312165849069,0.41558071056776524
160,1.0,1.4,/eos/uscms/store/user/aji/rootfiles_particleTransformer/WbWb_4000_1000_jetPtCut160_ak10_ca14.root,ok,,1000,1000,1.0,0.0,0.087,0.00891240708226459,0.087,0.045,0.302,0.154,1155.556309956195,953.8779967446128,1678.2772837471875,0.3134417945543629,0.08002998208654394,0.41599742554998237
180,1.2,1.4,/eos/uscms/store/user/aji/rootfiles_particleTransformer/WbWb_4000_1000_jetPtCut180_ak12_ca14.root,ok,,1000,1000,1.0,0.0,0.043,0.006414904519944158,0.043,0.022,0.199,0.074,1258.5501684594037,997.0239060820821,1874.6009699179435,0.34864603963706386,0.08218229788999959,0.41750105648300423
180,1.0,1.6,/eos/uscms/store/user/aji/rootfiles_particleTransformer/WbWb_4000_1000_jetPtCut180_ak10_ca16.root,ok,,1000,1000,1.0,0.0,0.126,0.010493998284733994,0.126,0.0655,0.317,0.153,1130.4594657159196,910.8683794131545,1542.8631634906435,0.27953005094138733,0.09404517694837783,0.4185759975129793
180,1.2,1.6,/eos/uscms/store/user/aji/rootfiles_particleTransformer/WbWb_4000_1000_jetPtCut180_ak12_ca16.root,ok,,1000,1000,1.0,0.0,0.05,0.006892024376045111,0.05,0.0255,0.2035,0.07,1243.690978334991,980.1878447652028,1838.5881507091133,0.34510192680383756,0.0987218661466333,0.41947102463733665
220,1.4,1.4,/eos/uscms/store/user/aji/rootfiles_particleTransformer/WbWb_4000_1000_jetPtCut220_ak14_ca14.root,ok,,1000,1000,1.0,0.0,0.011,0.003298332912245215,0.011,0.0055,0.1675,0.053,1288.4013184067023,965.3508042823845,1944.6847889502785,0.38005781687610524,0.0996576899800907,0.4198979487167755
180,1.2,1.2,/eos/uscms/store/user/aji/rootfiles_particleTransformer/WbWb_4000_1000_jetPtCut180_ak12_ca12.root,ok,,1000,1000,1.0,0.0,0.034,0.005730968504537431,0.034,0.0175,0.1835,0.074,1285.383157395679,1010.4795173048377,1929.709705679448,0.3575704968147657,0.06849176392188387,0.42010881255433363
180,1.0,1.2,/eos/uscms/store/user/aji/rootfiles_particleTransformer/WbWb_4000_1000_jetPtCut180_ak10_ca12.root,ok,,1000,1000,1.0,0.0,0.09,0.009049861877399014,0.09,0.0475,0.286,0.152,1162.6419934878415,958.2193118056987,1689.4897985907792,0.3144865276160042,0.0673123518791097,0.4207507269647884
100,0.6,0.6,/eos/uscms/store/user/aji/rootfiles_particleTransformer/WbWb_4000_1000_jetPtCut100_ak6_ca6.root,ok,,1000,1000,1.0,0.0,0.049,0.006826346021115542,0.049,0.025,0.471,0.366,1060.6438493956548,908.9831324705564,1685.2491390417902,0.3659409362593971,0.043013803066367165,0.4210053211989626
220,0.8,0.6,/eos/uscms/store/user/aji/rootfiles_particleTransformer/WbWb_4000_1000_jetPtCut220_ak8_ca6.root,ok,,1000,1000,1.0,0.0,0.082,0.008676174272108648,0.082,0.0495,0.458,0.33,1060.3461929681357,851.6487760655175,1558.7822695226562,0.3334446325863258,0.020519661158347503,0.4214792518831394
100,0.8,0.8,/eos/uscms/store/user/aji/rootfiles_particleTransformer/WbWb_4000_1000_jetPtCut100_ak8_ca8.root,ok,,1000,1000,1.0,0.0,0.036,0.005891010100144117,0.036,0.018,0.3595,0.257,1232.7484667590043,979.4199375274353,1873.4402644492677,0.3626126298385446,0.03853328146996949,0.421887476514445
240,1.4,1.4,/eos/uscms/store/user/aji/rootfiles_particleTransformer/WbWb_4000_1000_jetPtCut240_ak14_ca14.root,ok,,1000,1000,1.0,0.0,0.013,0.003582038525755969,0.013,0.007,0.1745,0.056,1259.5877053707309,900.535238783242,1865.5340139798245,0.38306136646219374,0.10582255687129757,0.4220201369992668
380,1.6,1.6,/eos/uscms/store/user/aji/rootfiles_particleTransformer/WbWb_4000_1000_jetPtCut380_ak16_ca16.root,ok,,1000,1000,1.0,0.0,0.009,0.002986469487538756,0.009,0.006,0.1585,0.038,1205.0656636161198,692.568526254342,1639.2254693613893,0.3927823070928565,0.1443143567419739,0.42228887345446847
200,1.0,1.4,/eos/uscms/store/user/aji/rootfiles_particleTransformer/WbWb_4000_1000_jetPtCut200_ak10_ca14.root,ok,,1000,1000,1.0,0.0,0.134,0.010772372069326236,0.134,0.0705,0.3125,0.15,1126.9013571130754,879.4501051703141,1501.0802574310578,0.27581391589289217,0.08514854916923206,0.4225040516041997
360,1.6,1.6,/eos/uscms/store/user/aji/rootfiles_particleTransformer/WbWb_4000_1000_jetPtCut360_ak16_ca16.root,ok,,1000,1000,1.0,0.0,0.007,0.0026364749192814255,0.007,0.0045,0.156,0.037,1217.58715044734,719.0204803741162,1678.9458837095226,0.3941916613454449,0.142593710022926,0.4229503763901789
100,0.4,0.4,/eos/uscms/store/user/aji/rootfiles_particleTransformer/WbWb_4000_1000_jetPtCut100_ak4_ca4.root,ok,,1000,1000,1.0,0.0,0.065,0.007795832219846705,0.065,0.0345,0.4935,0.378,984.9960194360935,843.1685128463066,1545.577993776328,0.35655447690648945,0.042952959230493484,0.4230548749628801
320,1.6,1.6,/eos/uscms/store/user/aji/rootfiles_particleTransformer/WbWb_4000_1000_jetPtCut320_ak16_ca16.root,ok,,1000,1000,1.0,0.0,0.006,0.002442130217658346,0.006,0.003,0.15,0.035,1245.1667893596714,786.9006053470889,1769.2633114604293,0.3944703289984636,0.14031555496211714,0.4249870079344308
300,1.6,1.6,/eos/uscms/store/user/aji/rootfiles_particleTransformer/WbWb_4000_1000_jetPtCut300_ak16_ca16.root,ok,,1000,1000,1.0,0.0,0.004,0.001995995991979944,0.004,0.002,0.1455,0.035,1261.3961920985016,816.8404405371826,1813.1905727811359,0.3949394086034108,0.13001202420746993,0.42507902781326096
220,1.4,1.6,/eos/uscms/store/user/aji/rootfiles_particleTransformer/WbWb_4000_1000_jetPtCut220_ak14_ca16.root,ok,,1000,1000,1.0,0.0,0.012,0.003443254274665175,0.012,0.006,0.1705,0.052,1272.4258143252368,947.1256071182528,1929.9155223969003,0.3861875105857616,0.1156167360065806,0.4254300920182853
120,0.8,1.4,/eos/uscms/store/user/aji/rootfiles_particleTransformer/WbWb_4000_1000_jetPtCut120_ak8_ca14.root,ok,,1000,1000,1.0,0.0,0.096,0.009315793041926168,0.096,0.048,0.4385,0.274,1084.542721741585,908.0908569240532,1606.3213834393198,0.3219008862066914,0.08039759565238692,0.42635515838084986
340,1.6,1.6,/eos/uscms/store/user/aji/rootfiles_particleTransformer/WbWb_4000_1000_jetPtCut340_ak16_ca16.root,ok,,1000,1000,1.0,0.0,0.007,0.0026364749192814255,0.007,0.004,0.152,0.035,1232.1699683156162,741.425631247998,1720.2233838778204,0.3971845515630627,0.14153343525919948,0.4274015483946243
140,1.0,1.4,/eos/uscms/store/user/aji/rootfiles_particleTransformer/WbWb_4000_1000_jetPtCut140_ak10_ca14.root,ok,,1000,1000,1.0,0.0,0.064,0.007739767438366608,0.064,0.032,0.2925,0.152,1173.9286396806579,972.0371067971001,1786.2429199095336,0.3467867575553488,0.07784998352487257,0.4281796215234146
260,1.2,1.0,/eos/uscms/store/user/aji/rootfiles_particleTransformer/WbWb_4000_1000_jetPtCut260_ak12_ca10.root,ok,,1000,1000,1.0,0.0,0.043,0.006414904519944158,0.043,0.026,0.1735,0.072,1235.0008974492985,854.6760493246206,1749.3585667107473,0.36221937944901644,0.05012535252734876,0.4287194691939463
100,0.4,0.6,/eos/uscms/store/user/aji/rootfiles_particleTransformer/WbWb_4000_1000_jetPtCut100_ak4_ca6.root,ok,,1000,1000,1.0,0.0,0.07,0.008068457101577725,0.07,0.037,0.5035,0.38,977.9773039752711,834.9639991180264,1532.433068072248,0.3565875537802141,0.045977769446387276,0.428789823382687
120,0.6,1.4,/eos/uscms/store/user/aji/rootfiles_particleTransformer/WbWb_4000_1000_jetPtCut120_ak6_ca14.root,ok,,1000,1000,1.0,0.0,0.131,0.010669536072388528,0.131,0.068,0.5265,0.365,998.5224820756005,824.7493817640307,1419.796144250022,0.29796362784395425,0.08497480357065562,0.42911137963639423
260,1.4,1.4,/eos/uscms/store/user/aji/rootfiles_particleTransformer/WbWb_4000_1000_jetPtCut260_ak14_ca14.root,ok,,1000,1000,1.0,0.0,0.017,0.004087909000944126,0.017,0.01,0.1775,0.057,1236.171584691347,820.2225298401639,1780.977715306951,0.3886010637053564,0.11293122158566465,0.4292182221744911
240,1.4,1.6,/eos/uscms/store/user/aji/rootfiles_particleTransformer/WbWb_4000_1000_jetPtCut240_ak14_ca16.root,ok,,1000,1000,1.0,0.0,0.015,0.003843826218756514,0.015,0.008,0.1755,0.053,1245.8996712265468,877.2232948284759,1849.3376672236689,0.3901254630873201,0.12825725220899686,0.42971543020997477
280,1.6,1.6,/eos/uscms/store/user/aji/rootfiles_particleTransformer/WbWb_4000_1000_jetPtCut280_ak16_ca16.root,ok,,1000,1000,1.0,0.0,0.004,0.001995995991979944,0.004,0.002,0.1405,0.036,1279.9728679311456,881.380687044314,1901.1253713079357,0.3983462110067467,0.1295105101886267,0.43034349779986125
160,1.0,1.2,/eos/uscms/store/user/aji/rootfiles_particleTransformer/WbWb_4000_1000_jetPtCut160_ak10_ca12.root,ok,,1000,1000,1.0,0.0,0.074,0.00827792244467173,0.074,0.0385,0.278,0.152,1179.417804620021,971.8129824752579,1770.6721854212767,0.3386667556724699,0.06585592567814408,0.430608536134472
100,0.8,1.0,/eos/uscms/store/user/aji/rootfiles_particleTransformer/WbWb_4000_1000_jetPtCut100_ak8_ca10.root,ok,,1000,1000,1.0,0.0,0.047,0.006692607862410586,0.047,0.0235,0.351,0.241,1235.7255959645631,971.2896997556034,1862.0223938582392,0.36040877400753435,0.044640483183771104,0.43098133360399066
100,0.4,1.2,/eos/uscms/store/user/aji/rootfiles_particleTransformer/WbWb_4000_1000_jetPtCut100_ak4_ca12.root,ok,,1000,1000,1.0,0.0,0.113,0.01001154333756789,0.113,0.0585,0.514,0.355,958.2647827193803,786.0587054689923,1388.0001934168374,0.3140788948956494,0.07584198367767442,0.4312524166237114
100,0.6,0.8,/eos/uscms/store/user/aji/rootfiles_particleTransformer/WbWb_4000_1000_jetPtCut100_ak6_ca8.root,ok,,1000,1000,1.0,0.0,0.057,0.007331507348424334,0.057,0.029,0.4705,0.359,1059.4741576792585,903.7803223583838,1684.9460314181645,0.3686572737040123,0.046116298746029516,0.43160468947193814
120,0.8,1.2,/eos/uscms/store/user/aji/rootfiles_particleTransformer/WbWb_4000_1000_jetPtCut120_ak8_ca12.root,ok,,1000,1000,1.0,0.0,0.084,0.008771772910877254,0.084,0.042,0.4115,0.27,1104.3806103027252,929.2943193718697,1675.968492681086,0.3380511059065692,0.0639799390191598,0.43248916693684175
100,0.8,1.4,/eos/uscms/store/user/aji/rootfiles_particleTransformer/WbWb_4000_1000_jetPtCut100_ak8_ca14.root,ok,,1000,1000,1.0,0.0,0.074,0.00827792244467173,0.074,0.037,0.4075,0.251,1106.8477055951487,932.2538575785223,1705.9447034108027,0.34950194228223525,0.07874502151240201,0.43418671284175014
140,0.8,1.4,/eos/uscms/store/user/aji/rootfiles_particleTransformer/WbWb_4000_1000_jetPtCut140_ak8_ca14.root,ok,,1000,1000,1.0,0.0,0.126,0.010493998284733994,0.126,0.0655,0.4525,0.288,1066.5637692877826,883.9770469173269,1527.7879719887394,0.30181548614825393,0.08391336864180352,0.4344718630770322
140,1.0,1.2,/eos/uscms/store/user/aji/rootfiles_particleTransformer/WbWb_4000_1000_jetPtCut140_ak10_ca12.root,ok,,1000,1000,1.0,0.0,0.053,0.00708456067798138,0.053,0.0265,0.268,0.151,1200.634911664838,991.5421416233522,1859.5524127953117,0.3614796899285351,0.06117577635784334,0.4345431810950189
240,1.2,1.4,/eos/uscms/store/user/aji/rootfiles_particleTransformer/WbWb_4000_1000_jetPtCut240_ak12_ca14.root,ok,,1000,1000,1.0,0.0,0.072,0.008174105455644672,0.072,0.038,0.2025,0.068,1203.1420255694072,810.1260811147862,1634.4050274392073,0.3425526366824055,0.10068638488872544,0.4348668392393462
200,1.4,1.2,/eos/uscms/store/user/aji/rootfiles_particleTransformer/WbWb_4000_1000_jetPtCut200_ak14_ca12.root,ok,,1000,1000,1.0,0.0,0.002,0.0014127986409959489,0.002,0.001,0.139,0.057,1374.552897274576,1039.6008555070975,2130.0944952434493,0.3966721258594526,0.04642608844220075,0.4361274155869102
160,1.0,1.6,/eos/uscms/store/user/aji/rootfiles_particleTransformer/WbWb_4000_1000_jetPtCut160_ak10_ca16.root,ok,,1000,1000,1.0,0.0,0.11,0.009894442884771228,0.11,0.0565,0.311,0.151,1141.6985600482376,932.4946406190055,1645.000097967261,0.3120374686809413,0.09557819726924899,0.43620732468576506
240,1.2,1.2,/eos/uscms/store/user/aji/rootfiles_particleTransformer/WbWb_4000_1000_jetPtCut240_ak12_ca12.root,ok,,1000,1000,1.0,0.0,0.062,0.007626008130076967,0.062,0.0335,0.191,0.068,1222.4320042780255,856.1147437998337,1718.291706396446,0.3526482289318899,0.08390878410995184,0.43689142935969244
100,0.4,1.4,/eos/uscms/store/user/aji/rootfiles_particleTransformer/WbWb_4000_1000_jetPtCut100_ak4_ca14.root,ok,,1000,1000,1.0,0.0,0.13,0.010634848376916336,0.13,0.067,0.529,0.357,945.3507619725233,756.5437585463078,1327.2040084995938,0.30182460992709936,0.09081773539595786,0.437289533729847
120,0.8,0.8,/eos/uscms/store/user/aji/rootfiles_particleTransformer/WbWb_4000_1000_jetPtCut120_ak8_ca8.root,ok,,1000,1000,1.0,0.0,0.055,0.00720936890441875,0.055,0.0275,0.391,0.274,1146.1765789641054,960.6819426800604,1806.2016735422485,0.36884357366050624,0.0420812718526496,0.4384612315569168
100,0.4,0.8,/eos/uscms/store/user/aji/rootfiles_particleTransformer/WbWb_4000_1000_jetPtCut100_ak4_ca8.root,ok,,1000,1000,1.0,0.0,0.081,0.008627803892068943,0.081,0.0425,0.501,0.371,976.503890072614,830.3903003784017,1524.6675581089087,0.35549129132444096,0.050511182369952806,0.43884090231717954
100,0.8,1.2,/eos/uscms/store/user/aji/rootfiles_particleTransformer/WbWb_4000_1000_jetPtCut100_ak8_ca12.root,ok,,1000,1000,1.0,0.0,0.062,0.007626008130076967,0.062,0.031,0.381,0.25,1146.8909925845908,951.934891246916,1782.7734290585738,0.362213385222998,0.05900576780693785,0.4389024844814571
200,1.0,1.2,/eos/uscms/store/user/aji/rootfiles_particleTransformer/WbWb_4000_1000_jetPtCut200_ak10_ca12.root,ok,,1000,1000,1.0,0.0,0.121,0.010313049985334114,0.121,0.064,0.287,0.145,1146.5573023386005,925.6800804259872,1628.1964051300454,0.3063590120053989,0.07026312070867055,0.44201474223925896
100,0.6,1.6,/eos/uscms/store/user/aji/rootfiles_particleTransformer/WbWb_4000_1000_jetPtCut100_ak6_ca16.root,ok,,1000,1000,1.0,0.0,0.133,0.010738295954200556,0.133,0.067,0.51,0.34,1001.7339145160163,824.7493817640307,1443.6214262989088,0.3089004153532546,0.098339217107208,0.4420738068048562
180,1.0,1.0,/eos/uscms/store/user/aji/rootfiles_particleTransformer/WbWb_4000_1000_jetPtCut180_ak10_ca10.root,ok,,1000,1000,1.0,0.0,0.085,0.008819013550278738,0.085,0.045,0.264,0.146,1188.2022832703683,973.3699688044729,1781.58596073077,0.34010033615732094,0.05433677148243228,0.4439205644843578
100,0.6,1.0,/eos/uscms/store/user/aji/rootfiles_particleTransformer/WbWb_4000_1000_jetPtCut100_ak6_ca10.root,ok,,1000,1000,1.0,0.0,0.071,0.008121514637061242,0.071,0.036,0.465,0.349,1051.9851365789114,890.0347658516381,1664.7500351113797,0.36821588172773045,0.05392554558655553,0.44441439538562155
260,1.6,1.6,/eos/uscms/store/user/aji/rootfiles_particleTransformer/WbWb_4000_1000_jetPtCut260_ak16_ca16.root,ok,,1000,1000,1.0,0.0,0.004,0.001995995991979944,0.004,0.002,0.1375,0.034,1299.4461274776058,931.0986929354904,2001.775676756093,0.411974363992652,0.12579892066898754,0.4459189767404126
120,0.6,1.2,/eos/uscms/store/user/aji/rootfiles_particleTransformer/WbWb_4000_1000_jetPtCut120_ak6_ca12.root,ok,,1000,1000,1.0,0.0,0.116,0.010126401137620413,0.116,0.0605,0.5055,0.358,1012.3913507506202,837.2912661122898,1504.5724563717497,0.3295569395000835,0.07284834839018717,0.44679607457514553
160,0.8,1.4,/eos/uscms/store/user/aji/rootfiles_particleTransformer/WbWb_4000_1000_jetPtCut160_ak8_ca14.root,ok,,1000,1000,1.0,0.0,0.148,0.011229247525992114,0.148,0.077,0.471,0.297,1053.9991711221637,861.094297690972,1481.021949736684,0.2940835576681205,0.08825490807593356,0.4474834747803369
260,1.0,0.8,/eos/uscms/store/user/aji/rootfiles_particleTransformer/WbWb_4000_1000_jetPtCut260_ak10_ca8.root,ok,,1000,1000,1.0,0.0,0.076,0.008379976133617566,0.076,0.0505,0.275,0.161,1130.16419431827,781.678097380715,1593.3414936977201,0.35909091811504934,0.03121519205393242,0.4481073375468763
140,0.8,1.2,/eos/uscms/store/user/aji/rootfiles_particleTransformer/WbWb_4000_1000_jetPtCut140_ak8_ca12.root,ok,,1000,1000,1.0,0.0,0.112,0.00997276290703835,0.112,0.0585,0.4265,0.28,1088.4218633948321,909.0338902574633,1621.6754774318438,0.32737379280108464,0.06995370114881752,0.4482159791405679
120,0.8,1.0,/eos/uscms/store/user/aji/rootfiles_particleTransformer/WbWb_4000_1000_jetPtCut120_ak8_ca10.root,ok,,1000,1000,1.0,0.0,0.067,0.007906389820898032,0.067,0.0335,0.3815,0.26,1144.6355409450796,951.3835314158016,1792.9984900714514,0.36763446902966257,0.047657116048747394,0.4490980231241705
200,1.4,1.6,/eos/uscms/store/user/aji/rootfiles_particleTransformer/WbWb_4000_1000_jetPtCut200_ak14_ca16.root,ok,,1000,1000,1.0,0.0,0.011,0.003298332912245215,0.011,0.0055,0.1655,0.052,1307.3682048801973,994.0231763086439,2059.487412759414,0.40748437680890576,0.1154073733742883,0.4492211972969255
200,1.4,1.4,/eos/uscms/store/user/aji/rootfiles_particleTransformer/WbWb_4000_1000_jetPtCut200_ak14_ca14.root,ok,,1000,1000,1.0,0.0,0.01,0.003146426544510455,0.01,0.005,0.1625,0.053,1326.1944767412613,1002.5349232953811,2084.1949253253883,0.4078059519173513,0.09534166122340026,0.4504253995914774
120,0.6,0.6,/eos/uscms/store/user/aji/rootfiles_particleTransformer/WbWb_4000_1000_jetPtCut120_ak6_ca6.root,ok,,1000,1000,1.0,0.0,0.076,0.008379976133617566,0.076,0.0405,0.4895,0.375,1033.6484327951914,887.2612220409926,1656.0899544122544,0.3719004972958725,0.04507251213260301,0.45126534057539164
140,1.0,1.6,/eos/uscms/store/user/aji/rootfiles_particleTransformer/WbWb_4000_1000_jetPtCut140_ak10_ca16.root,ok,,1000,1000,1.0,0.0,0.088,0.008958571314668427,0.088,0.044,0.3005,0.148,1160.1031478744046,953.037784297278,1760.2823617856347,0.34791931172992163,0.09509953617129277,0.45192962651736207
160,1.2,1.0,/eos/uscms/store/user/aji/rootfiles_particleTransformer/WbWb_4000_1000_jetPtCut160_ak12_ca10.root,ok,,1000,1000,1.0,0.0,0.014,0.003715373467095872,0.014,0.007,0.1455,0.082,1354.0418185351596,1069.4243718721004,2159.787639649281,0.4026327890510672,0.025504309239609353,0.45203697090458317
300,1.4,1.2,/eos/uscms/store/user/aji/rootfiles_particleTransformer/WbWb_4000_1000_jetPtCut300_ak14_ca12.root,ok,,1000,1000,1.0,0.0,0.013,0.003582038525755969,0.013,0.008,0.168,0.058,1226.2955582574943,715.7608576435163,1737.5099397516685,0.41659984627197355,0.08038598968784291,0.452229402097723
260,1.4,1.6,/eos/uscms/store/user/aji/rootfiles_particleTransformer/WbWb_4000_1000_jetPtCut260_ak14_ca16.root,ok,,1000,1000,1.0,0.0,0.018,0.004204283529925164,0.018,0.0105,0.1785,0.055,1220.490807648106,759.0233724547545,1765.7322141279685,0.4124196738577444,0.1339266717472284,0.45246875462255504
240,1.6,1.4,/eos/uscms/store/user/aji/rootfiles_particleTransformer/WbWb_4000_1000_jetPtCut240_ak16_ca14.root,ok,,1000,1000,1.0,0.0,0.004,0.001995995991979944,0.004,0.002,0.129,0.041,1349.3546432348548,1036.331672831912,2154.123969084267,0.4141951494577559,0.07299751833874638,0.45313061378124136
120,1.0,0.8,/eos/uscms/store/user/aji/rootfiles_particleTransformer/WbWb_4000_1000_jetPtCut120_ak10_ca8.root,ok,,1000,1000,1.0,0.0,0.011,0.003298332912245215,0.011,0.0055,0.2245,0.178,1342.7497877056473,1048.9442936943294,2149.085117055093,0.40965965268948995,0.009649906572380157,0.4549346314600547
160,1.0,1.0,/eos/uscms/store/user/aji/rootfiles_particleTransformer/WbWb_4000_1000_jetPtCut160_ak10_ca10.root,ok,,1000,1000,1.0,0.0,0.07,0.008068457101577725,0.07,0.0365,0.26,0.148,1205.462167671692,987.4939327751206,1866.4679887367415,0.36457969380297045,0.050924429634565324,0.4551259105701396
100,0.4,1.0,/eos/uscms/store/user/aji/rootfiles_particleTransformer/WbWb_4000_1000_jetPtCut100_ak4_ca10.root,ok,,1000,1000,1.0,0.0,0.094,0.009228434320078352,0.094,0.049,0.494,0.358,970.8604496489301,813.6721927994311,1509.3139659782237,0.35826043456108525,0.05965853303178676,0.4551743895961923
140,0.8,0.8,/eos/uscms/store/user/aji/rootfiles_particleTransformer/WbWb_4000_1000_jetPtCut140_ak8_ca8.root,ok,,1000,1000,1.0,0.0,0.081,0.008627803892068943,0.081,0.043,0.4095,0.287,1111.8394973419345,941.8705194098557,1749.6289613616725,0.36325316913228856,0.044920493383181395,0.45543711886648197
140,1.0,1.0,/eos/uscms/store/user/aji/rootfiles_particleTransformer/WbWb_4000_1000_jetPtCut140_ak10_ca10.root,ok,,1000,1000,1.0,0.0,0.049,0.006826346021115542,0.049,0.0245,0.2515,0.147,1236.865930942226,1010.3648616447088,1957.1877967684268,0.38275083476607785,0.04630474068745441,0.45543742786030045
220,1.0,1.4,/eos/uscms/store/user/aji/rootfiles_particleTransformer/WbWb_4000_1000_jetPtCut220_ak10_ca14.root,ok,,1000,1000,1.0,0.0,0.157,0.01150439046625244,0.157,0.0825,0.314,0.147,1115.586329256485,823.015044926517,1467.3591594320249,0.288791686312143,0.09196460096291581,0.4573503192377915
200,1.0,1.6,/eos/uscms/store/user/aji/rootfiles_particleTransformer/WbWb_4000_1000_jetPtCut200_ak10_ca16.root,ok,,1000,1000,1.0,0.0,0.158,0.011534123287012324,0.158,0.0825,0.3155,0.148,1117.0704178388742,832.255195427702,1475.2028537719787,0.28778295802879955,0.09919104557798623,0.457489999812687
240,1.2,1.6,/eos/uscms/store/user/aji/rootfiles_particleTransformer/WbWb_4000_1000_jetPtCut240_ak12_ca16.root,ok,,1000,1000,1.0,0.0,0.078,0.008480330182251162,0.078,0.041,0.2055,0.065,1189.9467265411017,738.7699716062202,1597.1901670920715,0.3606969019449632,0.11827256697407687,0.45769157459907334
120,0.6,0.8,/eos/uscms/store/user/aji/rootfiles_particleTransformer/WbWb_4000_1000_jetPtCut120_ak6_ca8.root,ok,,1000,1000,1.0,0.0,0.085,0.008819013550278738,0.085,0.045,0.489,0.37,1033.1978391116959,883.5710580977369,1647.95673603897,0.36991254191860423,0.0486748745612087,0.4582323258297738
120,0.8,1.6,/eos/uscms/store/user/aji/rootfiles_particleTransformer/WbWb_4000_1000_jetPtCut120_ak8_ca16.root,ok,,1000,1000,1.0,0.0,0.129,0.010599952830083727,0.129,0.0645,0.4335,0.265,1072.3712016850086,881.6885778753133,1574.273404624327,0.3229221493736313,0.09649366987695687,0.45915926954213215
120,0.4,0.4,/eos/uscms/store/user/aji/rootfiles_particleTransformer/WbWb_4000_1000_jetPtCut120_ak4_ca4.root,ok,,1000,1000,1.0,0.0,0.098,0.009401914698613257,0.098,0.052,0.4955,0.368,970.8037758280814,822.3370975678778,1525.226053930459,0.362013917675087,0.04728600916536531,0.4629335400922789
160,0.8,1.2,/eos/uscms/store/user/aji/rootfiles_particleTransformer/WbWb_4000_1000_jetPtCut160_ak8_ca12.root,ok,,1000,1000,1.0,0.0,0.133,0.010738295954200556,0.133,0.0695,0.4475,0.29,1067.6883886946484,884.2405668715078,1575.943304570875,0.3239253817047876,0.07159208981711801,0.4636942205742524
200,1.0,1.0,/eos/uscms/store/user/aji/rootfiles_particleTransformer/WbWb_4000_1000_jetPtCut200_ak10_ca10.root,ok,,1000,1000,1.0,0.0,0.113,0.01001154333756789,0.113,0.06,0.267,0.138,1168.031509266967,945.2487230277292,1726.488156886636,0.3344256673132033,0.057550040966865876,0.4642288182399
120,0.4,0.6,/eos/uscms/store/user/aji/rootfiles_particleTransformer/WbWb_4000_1000_jetPtCut120_ak4_ca6.root,ok,,1000,1000,1.0,0.0,0.106,0.009734680272099337,0.106,0.056,0.504,0.371,964.3918709437421,817.4764823802617,1503.2437202847275,0.3555438709958133,0.051953016041341275,0.4651046839014391
160,1.2,1.6,/eos/uscms/store/user/aji/rootfiles_particleTransformer/WbWb_4000_1000_jetPtCut160_ak12_ca16.root,ok,,1000,1000,1.0,0.0,0.038,0.006046155803483731,0.038,0.019,0.1955,0.065,1268.982211778253,1007.0493698409575,2022.9028936484383,0.40026310628260997,0.0987218661466333,0.46516132746043526
320,1.4,1.2,/eos/uscms/store/user/aji/rootfiles_particleTransformer/WbWb_4000_1000_jetPtCut320_ak14_ca12.root,ok,,1000,1000,1.0,0.0,0.016,0.003967870965643918,0.016,0.0105,0.1735,0.058,1192.3477628234104,647.2673584777135,1675.4563874614391,0.4311615541379612,0.09137747841606167,0.46639633042030226
140,0.6,1.4,/eos/uscms/store/user/aji/rootfiles_particleTransformer/WbWb_4000_1000_jetPtCut140_ak6_ca14.root,ok,,1000,1000,1.0,0.0,0.168,0.011822690049223147,0.168,0.0875,0.543,0.375,986.5366146914122,785.2955400611673,1371.7053326447474,0.2972062992142509,0.08722125249493135,0.4665526377451097
160,1.2,1.4,/eos/uscms/store/user/aji/rootfiles_particleTransformer/WbWb_4000_1000_jetPtCut160_ak12_ca14.root,ok,,1000,1000,1.0,0.0,0.033,0.005648982209212559,0.033,0.0165,0.189,0.07,1287.6355235786305,1022.1169182296707,2067.411774667628,0.4058970249332848,0.08231241497440464,0.46766057729114785
280,1.2,1.0,/eos/uscms/store/user/aji/rootfiles_particleTransformer/WbWb_4000_1000_jetPtCut280_ak12_ca10.root,ok,,1000,1000,1.0,0.0,0.049,0.006826346021115542,0.049,0.0305,0.175,0.07,1217.3808289579085,730.858241291702,1699.2457616032152,0.39773401111485535,0.05760632956355888,0.4684720940106462
100,0.8,1.6,/eos/uscms/store/user/aji/rootfiles_particleTransformer/WbWb_4000_1000_jetPtCut100_ak8_ca16.root,ok,,1000,1000,1.0,0.0,0.104,0.009653186002558949,0.104,0.052,0.4075,0.244,1096.879466872023,910.9312703738964,1691.3246201350405,0.3557334116147675,0.09506983426621998,0.4694213583019698
120,0.6,1.0,/eos/uscms/store/user/aji/rootfiles_particleTransformer/WbWb_4000_1000_jetPtCut120_ak6_ca10.root,ok,,1000,1000,1.0,0.0,0.098,0.009401914698613257,0.098,0.0515,0.4825,0.358,1027.5004026315664,870.1123985824212,1628.4011737792653,0.36899682630525726,0.055410247973655166,0.4697468665684139
120,0.4,1.4,/eos/uscms/store/user/aji/rootfiles_particleTransformer/WbWb_4000_1000_jetPtCut120_ak4_ca14.root,ok,,1000,1000,1.0,0.0,0.165,0.011737759581794134,0.165,0.0855,0.534,0.356,936.451538950475,725.0817568017123,1286.5073604417983,0.29976223023206405,0.09784270831091939,0.4711170763370166
140,0.8,1.0,/eos/uscms/store/user/aji/rootfiles_particleTransformer/WbWb_4000_1000_jetPtCut140_ak8_ca10.root,ok,,1000,1000,1.0,0.0,0.095,0.00927227048785787,0.095,0.05,0.398,0.271,1110.7974433463814,930.3422306513213,1744.1165619571448,0.3663018564637005,0.05363275718963173,0.4723816007983387
280,1.4,1.4,/eos/uscms/store/user/aji/rootfiles_particleTransformer/WbWb_4000_1000_jetPtCut280_ak14_ca14.root,ok,,1000,1000,1.0,0.0,0.023,0.004740358636221525,0.023,0.013,0.178,0.054,1209.2664649824374,710.1842467065816,1746.561167774984,0.428514703367489,0.12850389328821957,0.4724413498657327
100,0.4,1.6,/eos/uscms/store/user/aji/rootfiles_particleTransformer/WbWb_4000_1000_jetPtCut100_ak4_ca16.root,ok,,1000,1000,1.0,0.0,0.165,0.011737759581794134,0.165,0.0845,0.5295,0.345,940.4753072561518,720.0333700800398,1289.9650321242143,0.3030019276672755,0.10979410437818735,0.4739543969416603
280,1.4,1.6,/eos/uscms/store/user/aji/rootfiles_particleTransformer/WbWb_4000_1000_jetPtCut280_ak14_ca16.root,ok,,1000,1000,1.0,0.0,0.024,0.004839834707921336,0.024,0.0135,0.181,0.054,1199.4202028346513,679.7539165983358,1714.334291575584,0.43128353705072314,0.14610142861253994,0.47522555733418825
160,1.2,1.2,/eos/uscms/store/user/aji/rootfiles_particleTransformer/WbWb_4000_1000_jetPtCut160_ak12_ca12.root,ok,,1000,1000,1.0,0.0,0.026,0.0050322956987840055,0.026,0.013,0.1725,0.069,1319.6456611744168,1034.1752515510989,2136.2205972353763,0.41755350625845794,0.06630392110527591,0.4755180723758996
120,0.6,1.6,/eos/uscms/store/user/aji/rootfiles_particleTransformer/WbWb_4000_1000_jetPtCut120_ak6_ca16.root,ok,,1000,1000,1.0,0.0,0.168,0.011822690049223147,0.168,0.0865,0.5215,0.351,990.7540012194044,781.3137333973502,1389.3161917107166,0.30683825529094333,0.10598961959202596,0.4757628551690029
140,0.8,1.6,/eos/uscms/store/user/aji/rootfiles_particleTransformer/WbWb_4000_1000_jetPtCut140_ak8_ca16.root,ok,,1000,1000,1.0,0.0,0.158,0.011534123287012324,0.158,0.0815,0.451,0.28,1057.6141782026975,848.2567580610195,1508.6607425945724,0.31221403709613604,0.10353834649942054,0.4759754549164058
140,0.6,1.2,/eos/uscms/store/user/aji/rootfiles_particleTransformer/WbWb_4000_1000_jetPtCut140_ak6_ca12.root,ok,,1000,1000,1.0,0.0,0.154,0.011414201680362931,0.154,0.0805,0.5225,0.367,996.5372565844858,812.729847154399,1455.6353911456386,0.3225697482674771,0.0766474098242941,0.4769160226090285
160,0.8,0.8,/eos/uscms/store/user/aji/rootfiles_particleTransformer/WbWb_4000_1000_jetPtCut160_ak8_ca8.root,ok,,1000,1000,1.0,0.0,0.109,0.00985489725973843,0.109,0.0575,0.421,0.287,1094.2592445243204,920.602676865264,1708.3060135949456,0.35992537448111755,0.048658604555405535,0.4783512989335496
120,0.4,0.8,/eos/uscms/store/user/aji/rootfiles_particleTransformer/WbWb_4000_1000_jetPtCut120_ak4_ca8.root,ok,,1000,1000,1.0,0.0,0.117,0.010164201887015036,0.117,0.0615,0.502,0.365,963.7983643285304,808.8413260305933,1499.406457418474,0.3582518693466507,0.05755258502368836,0.47887203291379765
140,0.6,0.6,/eos/uscms/store/user/aji/rootfiles_particleTransformer/WbWb_4000_1000_jetPtCut140_ak6_ca6.root,ok,,1000,1000,1.0,0.0,0.11,0.009894442884771228,0.11,0.0585,0.5085,0.384,1016.3615978407348,870.1123985824212,1616.8233654139522,0.367345130127861,0.048162422618838394,0.4789812899119345
340,1.4,1.2,/eos/uscms/store/user/aji/rootfiles_particleTransformer/WbWb_4000_1000_jetPtCut340_ak14_ca12.root,ok,,1000,1000,1.0,0.0,0.016,0.003967870965643918,0.016,0.0105,0.175,0.059,1174.357175541637,616.7015365161419,1665.925314956454,0.44672259866611247,0.09573405704082827,0.48015831622027616
120,0.4,1.2,/eos/uscms/store/user/aji/rootfiles_particleTransformer/WbWb_4000_1000_jetPtCut120_ak4_ca12.root,ok,,1000,1000,1.0,0.0,0.15,0.011291589790636216,0.15,0.078,0.5145,0.35,945.1443814891072,757.1897960717193,1375.3985207036096,0.32704459590495655,0.08226788527636791,0.4825301577560458
220,1.6,1.4,/eos/uscms/store/user/aji/rootfiles_particleTransformer/WbWb_4000_1000_jetPtCut220_ak16_ca14.root,ok,,1000,1000,1.0,0.0,0.003,0.001729450779872038,0.003,0.0015,0.1205,0.037,1393.422394438081,1063.3725212595714,2290.7695438676806,0.4404253252665269,0.06892874322596826,0.482767564710335
160,0.8,1.0,/eos/uscms/store/user/aji/rootfiles_particleTransformer/WbWb_4000_1000_jetPtCut160_ak8_ca10.root,ok,,1000,1000,1.0,0.0,0.12,0.010276186062932104,0.12,0.063,0.4125,0.275,1092.8876286793068,909.0338902574633,1694.298749097689,0.3592614822574093,0.05620505866358862,0.48855024512533995
220,1.0,1.2,/eos/uscms/store/user/aji/rootfiles_particleTransformer/WbWb_4000_1000_jetPtCut220_ak10_ca12.root,ok,,1000,1000,1.0,0.0,0.147,0.011197812286335219,0.147,0.0775,0.2865,0.143,1134.6752571477643,854.2292104116146,1603.1056195490844,0.32999591928175204,0.07781892633679588,0.4904634449965285
240,1.6,1.6,/eos/uscms/store/user/aji/rootfiles_particleTransformer/WbWb_4000_1000_jetPtCut240_ak16_ca16.root,ok,,1000,1000,1.0,0.0,0.004,0.001995995991979944,0.004,0.002,0.1335,0.034,1317.3541098861638,981.8563829786613,2180.606542091879,0.4549840282567627,0.11927019061856425,0.4907194392453791
240,0.8,0.6,/eos/uscms/store/user/aji/rootfiles_particleTransformer/WbWb_4000_1000_jetPtCut240_ak8_ca6.root,ok,,1000,1000,1.0,0.0,0.106,0.009734680272099337,0.106,0.069,0.4505,0.312,1051.761814891419,730.705345907799,1529.695187434017,0.37983402240587316,0.027563500287750113,0.49101020389501504
120,0.4,1.0,/eos/uscms/store/user/aji/rootfiles_particleTransformer/WbWb_4000_1000_jetPtCut120_ak4_ca10.root,ok,,1000,1000,1.0,0.0,0.128,0.010564847372300274,0.128,0.067,0.494,0.352,960.0415246721959,790.9375605061081,1482.8954705454696,0.36037915665972314,0.06416281844152011,0.4923750041925036
360,1.4,1.2,/eos/uscms/store/user/aji/rootfiles_particleTransformer/WbWb_4000_1000_jetPtCut360_ak14_ca12.root,ok,,1000,1000,1.0,0.0,0.016,0.003967870965643918,0.016,0.011,0.181,0.061,1149.95100442478,574.381780744874,1635.664485609052,0.46144692286044175,0.10440728326543602,0.49244202330291975
220,0.6,0.4,/eos/uscms/store/user/aji/rootfiles_particleTransformer/WbWb_4000_1000_jetPtCut220_ak6_ca4.root,ok,,1000,1000,1.0,0.0,0.105,0.009694070352540258,0.105,0.069,0.5325,0.393,983.7393674550514,612.8399531395631,1372.9797043610565,0.38635220687974825,0.023095405840093196,0.4929782701342431
140,0.6,0.8,/eos/uscms/store/user/aji/rootfiles_particleTransformer/WbWb_4000_1000_jetPtCut140_ak6_ca8.root,ok,,1000,1000,1.0,0.0,0.121,0.010313049985334114,0.121,0.064,0.5065,0.378,1016.3573567564883,862.5821829915643,1615.7904293819179,0.37054301884234636,0.05073604015109134,0.4931787545179952
180,0.8,1.4,/eos/uscms/store/user/aji/rootfiles_particleTransformer/WbWb_4000_1000_jetPtCut180_ak8_ca14.root,ok,,1000,1000,1.0,0.0,0.184,0.012253326079069307,0.184,0.097,0.476,0.295,1042.8278993580657,810.4447592976795,1446.6369728608613,0.3050322176625707,0.09131808607492867,0.4933150075983773
160,0.8,1.6,/eos/uscms/store/user/aji/rootfiles_particleTransformer/WbWb_4000_1000_jetPtCut160_ak8_ca16.root,ok,,1000,1000,1.0,0.0,0.182,0.012201475320632338,0.182,0.094,0.4665,0.286,1046.1674145218478,808.7810717150708,1455.7604972758406,0.3092140973710564,0.10858791974769658,0.49583083882324114
120,1.0,1.4,/eos/uscms/store/user/aji/rootfiles_particleTransformer/WbWb_4000_1000_jetPtCut120_ak10_ca14.root,ok,,1000,1000,1.0,0.0,0.049,0.006826346021115542,0.049,0.0245,0.2675,0.143,1217.5682072552386,999.6759964465317,2039.3826253295401,0.4269603225049777,0.07391662514063901,0.49771714323050154
160,0.6,1.2,/eos/uscms/store/user/aji/rootfiles_particleTransformer/WbWb_4000_1000_jetPtCut160_ak6_ca12.root,ok,,1000,1000,1.0,0.0,0.183,0.012227469075814503,0.183,0.0965,0.5415,0.37,986.4642837133174,779.0326069020903,1398.1009349031801,0.31378142028150774,0.0793010658248495,0.49813499191017596
160,0.6,1.4,/eos/uscms/store/user/aji/rootfiles_particleTransformer/WbWb_4000_1000_jetPtCut160_ak6_ca14.root,ok,,1000,1000,1.0,0.0,0.2,0.01264911064067352,0.2,0.105,0.557,0.376,978.690906518608,739.6457131246067,1319.2191916629233,0.29609628263532717,0.09291977846682202,0.4982271919834664
180,0.8,1.2,/eos/uscms/store/user/aji/rootfiles_particleTransformer/WbWb_4000_1000_jetPtCut180_ak8_ca12.root,ok,,1000,1000,1.0,0.0,0.168,0.011822690049223147,0.168,0.089,0.456,0.288,1057.4493880013965,848.6194606332651,1535.6542309307617,0.3248546824524661,0.07576919166945312,0.4985996212526058
120,1.0,1.2,/eos/uscms/store/user/aji/rootfiles_particleTransformer/WbWb_4000_1000_jetPtCut120_ak10_ca12.root,ok,,1000,1000,1.0,0.0,0.037,0.005969170796685248,0.037,0.0185,0.2475,0.145,1269.6398752427685,1017.5166718795152,2122.2119484241693,0.43504276215861,0.05940865183748826,0.49900674968288683
220,1.0,1.0,/eos/uscms/store/user/aji/rootfiles_particleTransformer/WbWb_4000_1000_jetPtCut220_ak10_ca10.root,ok,,1000,1000,1.0,0.0,0.135,0.010806248192596726,0.135,0.0715,0.268,0.135,1154.4277189299614,888.6853147202407,1696.0474452146964,0.34968067608546305,0.0625435955570762,0.5001234479784592
380,1.4,1.2,/eos/uscms/store/user/aji/rootfiles_particleTransformer/WbWb_4000_1000_jetPtCut380_ak14_ca12.root,ok,,1000,1000,1.0,0.0,0.021,0.004534203347888138,0.021,0.014,0.186,0.061,1129.0835648131838,549.4830075449889,1603.797031676647,0.4668892794954921,0.11575432608728842,0.5007976359768105
120,1.0,1.0,/eos/uscms/store/user/aji/rootfiles_particleTransformer/WbWb_4000_1000_jetPtCut120_ak10_ca10.root,ok,,1000,1000,1.0,0.0,0.033,0.005648982209212559,0.033,0.0165,0.23,0.14,1356.7602175953434,1033.7995162046564,2206.5519754851257,0.4321885488944389,0.04344963132805323,0.5008645706539733
300,1.4,1.4,/eos/uscms/store/user/aji/rootfiles_particleTransformer/WbWb_4000_1000_jetPtCut300_ak14_ca14.root,ok,,1000,1000,1.0,0.0,0.027,0.00512552436341883,0.027,0.0155,0.179,0.054,1191.6215007376923,619.4873356231883,1705.6459481376771,0.45574815989896333,0.1374218026258403,0.5019103099727326
300,1.4,1.6,/eos/uscms/store/user/aji/rootfiles_particleTransformer/WbWb_4000_1000_jetPtCut300_ak14_ca16.root,ok,,1000,1000,1.0,0.0,0.028,0.005216895628628198,0.028,0.016,0.1815,0.054,1183.0979004427993,599.6022818036948,1680.164845655325,0.45666658838934926,0.1558418242982429,0.5029763784336292
260,1.2,1.2,/eos/uscms/store/user/aji/rootfiles_particleTransformer/WbWb_4000_1000_jetPtCut260_ak12_ca12.root,ok,,1000,1000,1.0,0.0,0.073,0.008226238508577295,0.073,0.041,0.1905,0.064,1208.6491529659265,679.6273061732667,1673.3029190607422,0.4110686754915918,0.09171779989602316,0.5049335907881844
260,1.2,1.4,/eos/uscms/store/user/aji/rootfiles_particleTransformer/WbWb_4000_1000_jetPtCut260_ak12_ca14.root,ok,,1000,1000,1.0,0.0,0.083,0.008724161850859944,0.083,0.0455,0.199,0.064,1185.473628693713,641.6419336565176,1599.5157378286922,0.4040046868135172,0.11277900061447921,0.5055520496828885
140,0.6,1.0,/eos/uscms/store/user/aji/rootfiles_particleTransformer/WbWb_4000_1000_jetPtCut140_ak6_ca10.root,ok,,1000,1000,1.0,0.0,0.135,0.010806248192596726,0.135,0.071,0.5,0.365,1011.5152720434838,838.8437799212875,1586.563518224139,0.3696037810641716,0.060112744194357665,0.50575530826852
220,1.0,1.6,/eos/uscms/store/user/aji/rootfiles_particleTransformer/WbWb_4000_1000_jetPtCut220_ak10_ca16.root,ok,,1000,1000,1.0,0.0,0.18,0.012149074038789953,0.18,0.094,0.312,0.143,1109.7837043198488,744.2326228429721,1444.5256299336104,0.31550878083933737,0.10701059057037358,0.5064871512713223
180,0.8,0.8,/eos/uscms/store/user/aji/rootfiles_particleTransformer/WbWb_4000_1000_jetPtCut180_ak8_ca8.root,ok,,1000,1000,1.0,0.0,0.142,0.011037934589405754,0.142,0.076,0.4305,0.286,1079.228766105748,900.3865951759301,1670.8306329748323,0.3569419487301779,0.053937769743869754,0.5068648253407527
140,0.4,0.4,/eos/uscms/store/user/aji/rootfiles_particleTransformer/WbWb_4000_1000_jetPtCut140_ak4_ca4.root,ok,,1000,1000,1.0,0.0,0.143,0.011070275515993266,0.143,0.0785,0.4985,0.354,957.4506107415644,784.8302007229262,1479.803162000101,0.3629288829524609,0.05266901308140763,0.5101838218783045
160,0.6,0.6,/eos/uscms/store/user/aji/rootfiles_particleTransformer/WbWb_4000_1000_jetPtCut160_ak6_ca6.root,ok,,1000,1000,1.0,0.0,0.148,0.011229247525992114,0.148,0.079,0.514,0.375,1003.1186607809809,841.819944547492,1570.9493464672303,0.3634312820738837,0.05361623056238639,0.5117431481519819
220,1.6,1.6,/eos/uscms/store/user/aji/rootfiles_particleTransformer/WbWb_4000_1000_jetPtCut220_ak16_ca16.root,ok,,1000,1000,1.0,0.0,0.003,0.001729450779872038,0.003,0.0015,0.1265,0.032,1358.5944710239112,1029.2826870338208,2314.275891636422,0.47291271678522284,0.11890048099283987,0.5117721638876139
140,0.4,0.6,/eos/uscms/store/user/aji/rootfiles_particleTransformer/WbWb_4000_1000_jetPtCut140_ak4_ca6.root,ok,,1000,1000,1.0,0.0,0.152,0.011353237423748346,0.152,0.083,0.5025,0.353,954.1930243168558,780.896871922713,1459.4259504648298,0.35555126753724825,0.05804297310126042,0.5121319651055627
120,1.0,1.6,/eos/uscms/store/user/aji/rootfiles_particleTransformer/WbWb_4000_1000_jetPtCut120_ak10_ca16.root,ok,,1000,1000,1.0,0.0,0.072,0.008174105455644672,0.072,0.036,0.275,0.139,1200.3882207971,978.1274280603473,1995.723350186296,0.42386117444997473,0.09317218736427216,0.5158999965296848
320,1.4,1.6,/eos/uscms/store/user/aji/rootfiles_particleTransformer/WbWb_4000_1000_jetPtCut320_ak14_ca16.root,ok,,1000,1000,1.0,0.0,0.032,0.005565608681896348,0.032,0.019,0.181,0.055,1158.959195255196,544.8778852176174,1637.5650190110136,0.47140880294443543,0.16795425806152556,0.5193047224699551
180,0.8,1.0,/eos/uscms/store/user/aji/rootfiles_particleTransformer/WbWb_4000_1000_jetPtCut180_ak8_ca10.root,ok,,1000,1000,1.0,0.0,0.153,0.011383804285035824,0.153,0.0815,0.4225,0.273,1077.0620379561303,884.0419106319723,1657.5570816280285,0.359085708964316,0.05928320778325888,0.5197919127599291
320,1.4,1.4,/eos/uscms/store/user/aji/rootfiles_particleTransformer/WbWb_4000_1000_jetPtCut320_ak14_ca14.root,ok,,1000,1000,1.0,0.0,0.031,0.0054807846153630225,0.031,0.0185,0.1805,0.055,1163.9826274857949,558.7106190561835,1661.4831095581112,0.4737065934067757,0.14556376839008606,0.5211048561553552
260,1.2,1.6,/eos/uscms/store/user/aji/rootfiles_particleTransformer/WbWb_4000_1000_jetPtCut260_ak12_ca16.root,ok,,1000,1000,1.0,0.0,0.088,0.008958571314668427,0.088,0.048,0.2035,0.062,1173.4387653136573,582.8523239538085,1559.2765644882381,0.41605249008176143,0.12737351418450657,0.5213963666131272
160,0.6,0.8,/eos/uscms/store/user/aji/rootfiles_particleTransformer/WbWb_4000_1000_jetPtCut160_ak6_ca8.root,ok,,1000,1000,1.0,0.0,0.156,0.011474493452871897,0.156,0.083,0.5165,0.373,1002.2403435242608,835.9631778840584,1568.582058239743,0.3654906156439064,0.05699523704567622,0.5217146499963324
160,0.6,1.0,/eos/uscms/store/user/aji/rootfiles_particleTransformer/WbWb_4000_1000_jetPtCut160_ak6_ca10.root,ok,,1000,1000,1.0,0.0,0.167,0.01179453263168999,0.167,0.0885,0.514,0.367,998.5224820756005,817.9366567829254,1528.5279102693262,0.355821359179272,0.06306869079610689,0.522969110971712
340,1.4,1.4,/eos/uscms/store/user/aji/rootfiles_particleTransformer/WbWb_4000_1000_jetPtCut340_ak14_ca14.root,ok,,1000,1000,1.0,0.0,0.032,0.005565608681896348,0.032,0.019,0.1825,0.055,1148.2102812842422,535.2255629107757,1636.7646521672661,0.4796765484561107,0.15275985600990272,0.5264975765845349
180,1.4,1.2,/eos/uscms/store/user/aji/rootfiles_particleTransformer/WbWb_4000_1000_jetPtCut180_ak14_ca12.root,ok,,1000,1000,1.0,0.0,0.002,0.0014127986409959489,0.002,0.001,0.129,0.053,1433.9678087651848,1063.9806637833458,2444.228451524154,0.4812687493066403,0.044151857660009564,0.5266655301831588
140,0.6,1.6,/eos/uscms/store/user/aji/rootfiles_particleTransformer/WbWb_4000_1000_jetPtCut140_ak6_ca16.root,ok,,1000,1000,1.0,0.0,0.202,0.012696298673235441,0.202,0.1045,0.532,0.357,981.1439397062804,723.629024617866,1357.269975634111,0.3229092722143983,0.11384673276331422,0.5267948782437702
140,0.4,1.2,/eos/uscms/store/user/aji/rootfiles_particleTransformer/WbWb_4000_1000_jetPtCut140_ak4_ca12.root,ok,,1000,1000,1.0,0.0,0.192,0.012455360291858283,0.192,0.103,0.519,0.337,936.6186949964774,704.5135623462883,1320.1444272872436,0.3286454072664387,0.08644465522201349,0.526983537766791
120,0.4,1.6,/eos/uscms/store/user/aji/rootfiles_particleTransformer/WbWb_4000_1000_jetPtCut120_ak4_ca16.root,ok,,1000,1000,1.0,0.0,0.198,0.012601428490452978,0.198,0.102,0.5295,0.34,930.3040947919482,661.33979701899,1263.599566298128,0.3236897336315747,0.11837472217998055,0.5286593241523799
340,1.4,1.6,/eos/uscms/store/user/aji/rootfiles_particleTransformer/WbWb_4000_1000_jetPtCut340_ak14_ca16.root,ok,,1000,1000,1.0,0.0,0.033,0.005648982209212559,0.033,0.0195,0.1815,0.055,1143.0088987207348,519.1447402106456,1621.4160050390458,0.4821796514716864,0.17396043549826368,0.5294805413437599
200,0.8,1.4,/eos/uscms/store/user/aji/rootfiles_particleTransformer/WbWb_4000_1000_jetPtCut200_ak8_ca14.root,ok,,1000,1000,1.0,0.0,0.216,0.013013224043256921,0.216,0.1145,0.484,0.291,1033.9871679990326,757.8838929443934,1399.9354275725216,0.3104736473038749,0.0989713327550733,0.5298723641037781
140,0.4,0.8,/eos/uscms/store/user/aji/rootfiles_particleTransformer/WbWb_4000_1000_jetPtCut140_ak4_ca8.root,ok,,1000,1000,1.0,0.0,0.163,0.011680368144883106,0.163,0.0885,0.4995,0.346,952.7869525994367,770.3695296864272,1461.3286327579283,0.3625989530956501,0.06158557390552653,0.5303202578357065
380,1.4,1.6,/eos/uscms/store/user/aji/rootfiles_particleTransformer/WbWb_4000_1000_jetPtCut380_ak14_ca16.root,ok,,1000,1000,1.0,0.0,0.039,0.006122009474020765,0.039,0.024,0.1845,0.055,1100.6742847367807,487.9526042934224,1551.0109386790432,0.4829123152631137,0.2084709346464423,0.5319797437367918
360,1.4,1.6,/eos/uscms/store/user/aji/rootfiles_particleTransformer/WbWb_4000_1000_jetPtCut360_ak14_ca16.root,ok,,1000,1000,1.0,0.0,0.035,0.005811626278418116,0.035,0.021,0.1835,0.055,1123.0768548987326,498.4009314771849,1589.4914496510924,0.4857595067580173,0.1896191376741291,0.5330671922478906
200,0.8,1.2,/eos/uscms/store/user/aji/rootfiles_particleTransformer/WbWb_4000_1000_jetPtCut200_ak8_ca12.root,ok,,1000,1000,1.0,0.0,0.202,0.012696298673235441,0.202,0.1075,0.4615,0.284,1046.2441711726897,796.2339355779848,1482.8059475377634,0.3281127058467766,0.08386886075223049,0.5347371229640456
380,1.4,1.4,/eos/uscms/store/user/aji/rootfiles_particleTransformer/WbWb_4000_1000_jetPtCut380_ak14_ca14.root,ok,,1000,1000,1.0,0.0,0.036,0.005891010100144117,0.036,0.0225,0.189,0.055,1106.055482065262,493.8455436789051,1573.8460529479057,0.48822167006142836,0.18719976763900154,0.5348272182679545
300,1.2,1.0,/eos/uscms/store/user/aji/rootfiles_particleTransformer/WbWb_4000_1000_jetPtCut300_ak12_ca10.root,ok,,1000,1000,1.0,0.0,0.059,0.007451107300260815,0.059,0.038,0.168,0.065,1192.4917814279675,568.4029176626202,1657.5115545717197,0.45665247084761024,0.06430933421129692,0.534901648990407
180,0.8,1.6,/eos/uscms/store/user/aji/rootfiles_particleTransformer/WbWb_4000_1000_jetPtCut180_ak8_ca16.root,ok,,1000,1000,1.0,0.0,0.215,0.012991343271578963,0.215,0.1125,0.4735,0.288,1035.7622634409072,764.2125394025335,1420.4256418227028,0.31677785800004093,0.10948398997542899,0.5353540843441317
140,0.4,1.4,/eos/uscms/store/user/aji/rootfiles_particleTransformer/WbWb_4000_1000_jetPtCut140_ak4_ca14.root,ok,,1000,1000,1.0,0.0,0.209,0.012857643641040918,0.209,0.1115,0.5335,0.34,927.8119727734709,647.617790096914,1242.614963728455,0.320645341454767,0.10270057641486524,0.5368641441774199
280,1.0,0.8,/eos/uscms/store/user/aji/rootfiles_particleTransformer/WbWb_4000_1000_jetPtCut280_ak10_ca8.root,ok,,1000,1000,1.0,0.0,0.099,0.009444522221901964,0.099,0.0665,0.2705,0.151,1115.4656674677967,584.8469158026671,1539.7899209956438,0.4280467938384781,0.036650885724579266,0.5385933605852578
360,1.4,1.4,/eos/uscms/store/user/aji/rootfiles_particleTransformer/WbWb_4000_1000_jetPtCut360_ak14_ca14.root,ok,,1000,1000,1.0,0.0,0.033,0.005648982209212559,0.033,0.02,0.186,0.055,1127.5567382397678,506.6111960245106,1619.4503083553075,0.49347366504503065,0.16448817946715513,0.5392293388690075
180,1.4,1.4,/eos/uscms/store/user/aji/rootfiles_particleTransformer/WbWb_4000_1000_jetPtCut180_ak14_ca14.root,ok,,1000,1000,1.0,0.0,0.01,0.003146426544510455,0.01,0.005,0.1505,0.049,1389.6206887100248,1035.6529988948487,2403.6390028395144,0.49221561504476363,0.09014945214991812,0.5411776839157662
180,1.4,1.6,/eos/uscms/store/user/aji/rootfiles_particleTransformer/WbWb_4000_1000_jetPtCut180_ak14_ca16.root,ok,,1000,1000,1.0,0.0,0.011,0.003298332912245215,0.011,0.0055,0.154,0.048,1366.261591087531,1018.4293706068541,2372.960831441253,0.4957072165646568,0.11182010727641235,0.5433333756734099
200,0.8,0.8,/eos/uscms/store/user/aji/rootfiles_particleTransformer/WbWb_4000_1000_jetPtCut200_ak8_ca8.root,ok,,1000,1000,1.0,0.0,0.177,0.012069424178476784,0.177,0.095,0.435,0.28,1064.9295588067184,864.7749152306415,1631.9904662878905,0.36021891998046063,0.05796573326113991,0.5437118758611325
240,1.0,1.2,/eos/uscms/store/user/aji/rootfiles_particleTransformer/WbWb_4000_1000_jetPtCut240_ak10_ca12.root,ok,,1000,1000,1.0,0.0,0.172,0.011933817494833746,0.172,0.093,0.2835,0.136,1124.2419735499752,730.2556127379518,1543.8587230497283,0.36184519411897315,0.08280101681360857,0.5462693914739707
240,1.0,1.4,/eos/uscms/store/user/aji/rootfiles_particleTransformer/WbWb_4000_1000_jetPtCut240_ak10_ca14.root,ok,,1000,1000,1.0,0.0,0.182,0.012201475320632338,0.182,0.098,0.3095,0.14,1107.5732898934968,642.19865114426,1425.7986702133,0.35374635079200506,0.09547794909343135,0.5465036797813547
160,0.6,1.6,/eos/uscms/store/user/aji/rootfiles_particleTransformer/WbWb_4000_1000_jetPtCut160_ak6_ca16.root,ok,,1000,1000,1.0,0.0,0.228,0.013267102170406317,0.228,0.119,0.5475,0.36,973.8207404635194,676.8260333593674,1295.803759439745,0.3178088637677589,0.11845199303031886,0.548426789721407
140,0.4,1.0,/eos/uscms/store/user/aji/rootfiles_particleTransformer/WbWb_4000_1000_jetPtCut140_ak4_ca10.root,ok,,1000,1000,1.0,0.0,0.175,0.012015614840697915,0.175,0.0945,0.494,0.336,946.0639464180431,739.3951969432227,1443.2042409328687,0.37196695141717706,0.06887132021240451,0.5523605567753728
200,0.8,1.0,/eos/uscms/store/user/aji/rootfiles_particleTransformer/WbWb_4000_1000_jetPtCut200_ak8_ca10.root,ok,,1000,1000,1.0,0.0,0.187,0.012330085157856777,0.187,0.1,0.429,0.269,1063.1134240324814,843.1861502364458,1611.4125373047357,0.3613097011579163,0.06506091290236743,0.5546210435611644
280,1.2,1.4,/eos/uscms/store/user/aji/rootfiles_particleTransformer/WbWb_4000_1000_jetPtCut280_ak12_ca14.root,ok,,1000,1000,1.0,0.0,0.094,0.009228434320078352,0.094,0.0525,0.1955,0.061,1166.9891037987918,525.1994972018155,1564.4014577044497,0.4452492131759484,0.1213990835862662,0.5559481235558276
320,1.2,1.0,/eos/uscms/store/user/aji/rootfiles_particleTransformer/WbWb_4000_1000_jetPtCut320_ak12_ca10.root,ok,,1000,1000,1.0,0.0,0.067,0.007906389820898032,0.067,0.045,0.1695,0.063,1170.9294651290834,515.7684826715704,1621.3403087817499,0.4720915559112269,0.07736072698273455,0.5561845024241353
280,1.2,1.2,/eos/uscms/store/user/aji/rootfiles_particleTransformer/WbWb_4000_1000_jetPtCut280_ak12_ca12.root,ok,,1000,1000,1.0,0.0,0.084,0.008771772910877254,0.084,0.048,0.189,0.061,1186.838001296611,543.6431683667361,1621.7999332720435,0.45421395494896094,0.10076558169622882,0.556897755078622
240,0.6,0.4,/eos/uscms/store/user/aji/rootfiles_particleTransformer/WbWb_4000_1000_jetPtCut240_ak6_ca4.root,ok,,1000,1000,1.0,0.0,0.13,0.010634848376916336,0.13,0.09,0.5265,0.374,971.1920818688571,480.9048632294654,1307.274147930094,0.4254407033006554,0.031780867085889467,0.5583214951137697
280,1.2,1.6,/eos/uscms/store/user/aji/rootfiles_particleTransformer/WbWb_4000_1000_jetPtCut280_ak12_ca16.root,ok,,1000,1000,1.0,0.0,0.099,0.009444522221901964,0.099,0.055,0.1995,0.06,1157.6180163316653,490.96957844022734,1521.4908912421124,0.4451042132479362,0.1414111189856244,0.5598660148811028
180,0.6,0.6,/eos/uscms/store/user/aji/rootfiles_particleTransformer/WbWb_4000_1000_jetPtCut180_ak6_ca6.root,ok,,1000,1000,1.0,0.0,0.195,0.012528966437819204,0.195,0.1045,0.514,0.366,994.9647454241058,804.0719393732666,1531.4806316203978,0.36554495804626314,0.06025222587365563,0.5610484835038525
240,1.0,1.0,/eos/uscms/store/user/aji/rootfiles_particleTransformer/WbWb_4000_1000_jetPtCut240_ak10_ca10.root,ok,,1000,1000,1.0,0.0,0.16,0.01159310139695155,0.16,0.087,0.2655,0.128,1144.6822144473572,790.4284393648643,1677.9870200058751,0.3876877658440411,0.06794700270868055,0.5621559872887768
340,1.2,1.0,/eos/uscms/store/user/aji/rootfiles_particleTransformer/WbWb_4000_1000_jetPtCut340_ak12_ca10.root,ok,,1000,1000,1.0,0.0,0.074,0.00827792244467173,0.074,0.052,0.1715,0.063,1156.893443949844,483.2042190283481,1599.5065635596236,0.4824568547644358,0.08178576209540955,0.5721461991594201
180,0.6,0.8,/eos/uscms/store/user/aji/rootfiles_particleTransformer/WbWb_4000_1000_jetPtCut180_ak6_ca8.root,ok,,1000,1000,1.0,0.0,0.203,0.012719709116170857,0.203,0.1085,0.5135,0.361,993.1587787359351,793.0399235884486,1527.2378775522068,0.36962768173797195,0.06314327830810683,0.5733118038643784
140,1.2,1.0,/eos/uscms/store/user/aji/rootfiles_particleTransformer/WbWb_4000_1000_jetPtCut140_ak12_ca10.root,ok,,1000,1000,1.0,0.0,0.012,0.003443254274665175,0.012,0.006,0.132,0.078,1476.2736199711944,1090.1296696721338,2613.831717177816,0.5160635626393612,0.023791882526018306,0.5756909246364806
180,0.6,1.4,/eos/uscms/store/user/aji/rootfiles_particleTransformer/WbWb_4000_1000_jetPtCut180_ak6_ca14.root,ok,,1000,1000,1.0,0.0,0.244,0.013581752464244074,0.244,0.129,0.5545,0.367,969.9481189416437,650.0185074617727,1287.6789279064417,0.3287085195548657,0.10169073388715819,0.5757137076607013
180,0.6,1.2,/eos/uscms/store/user/aji/rootfiles_particleTransformer/WbWb_4000_1000_jetPtCut180_ak6_ca12.root,ok,,1000,1000,1.0,0.0,0.23,0.013307892395116516,0.23,0.122,0.5375,0.358,978.3830362819822,683.4291421391536,1367.1886509240085,0.34943344448369346,0.08541990465148624,0.5815951408554952
140,0.4,1.6,/eos/uscms/store/user/aji/rootfiles_particleTransformer/WbWb_4000_1000_jetPtCut140_ak4_ca16.root,ok,,1000,1000,1.0,0.0,0.236,0.013427732496590778,0.236,0.125,0.525,0.324,921.4607546018212,604.1600119002004,1230.4589433310396,0.33984026357230673,0.12464464465225084,0.5836941881121246
300,1.0,0.8,/eos/uscms/store/user/aji/rootfiles_particleTransformer/WbWb_4000_1000_jetPtCut300_ak10_ca8.root,ok,,1000,1000,1.0,0.0,0.117,0.010164201887015036,0.117,0.081,0.269,0.142,1101.9070203345423,469.19667822568096,1486.0941625361963,0.461426175505163,0.04502376899733884,0.5886168775386172
360,1.2,1.0,/eos/uscms/store/user/aji/rootfiles_particleTransformer/WbWb_4000_1000_jetPtCut360_ak12_ca10.root,ok,,1000,1000,1.0,0.0,0.084,0.008771772910877254,0.084,0.0585,0.1745,0.062,1126.9113913397632,448.4612268219486,1560.4113109396883,0.4933618085073058,0.09890311828797042,0.5900529476412821
300,1.2,1.6,/eos/uscms/store/user/aji/rootfiles_particleTransformer/WbWb_4000_1000_jetPtCut300_ak12_ca16.root,ok,,1000,1000,1.0,0.0,0.114,0.010050074626588601,0.114,0.065,0.1925,0.056,1140.0697649033182,433.2471369643162,1490.5200146028217,0.4636877979691733,0.16628720127880897,0.5916947744595051
160,0.4,0.4,/eos/uscms/store/user/aji/rootfiles_particleTransformer/WbWb_4000_1000_jetPtCut160_ak4_ca4.root,ok,,1000,1000,1.0,0.0,0.201,0.012672766075328622,0.201,0.109,0.488,0.332,941.971270553795,724.2032052332078,1449.384125161226,0.38492730224228416,0.06266606961301907,0.5917301751869046
260,0.8,0.6,/eos/uscms/store/user/aji/rootfiles_particleTransformer/WbWb_4000_1000_jetPtCut260_ak8_ca6.root,ok,,1000,1000,1.0,0.0,0.129,0.010599952830083727,0.129,0.0885,0.4495,0.3,1035.473545013284,516.3433416892335,1469.6601334824247,0.4603288980120498,0.0330977338267997,0.5928762525133782
300,1.2,1.4,/eos/uscms/store/user/aji/rootfiles_particleTransformer/WbWb_4000_1000_jetPtCut300_ak12_ca14.root,ok,,1000,1000,1.0,0.0,0.109,0.00985489725973843,0.109,0.0625,0.19,0.058,1145.0281097252073,445.5327159162609,1526.5896342821825,0.472065667726429,0.14122398836315297,0.5955684786989497
180,0.6,1.0,/eos/uscms/store/user/aji/rootfiles_particleTransformer/WbWb_4000_1000_jetPtCut180_ak6_ca10.root,ok,,1000,1000,1.0,0.0,0.215,0.012991343271578963,0.215,0.1145,0.512,0.355,988.8672056125865,741.1281540631302,1495.0197158912563,0.3811894850740363,0.07056127009581278,0.5973027645127776
300,1.2,1.2,/eos/uscms/store/user/aji/rootfiles_particleTransformer/WbWb_4000_1000_jetPtCut300_ak12_ca12.root,ok,,1000,1000,1.0,0.0,0.098,0.009401914698613257,0.098,0.0575,0.1825,0.058,1159.7586675257185,458.56262431280305,1590.6953855874633,0.48808980392877915,0.11722931000202147,0.602065670681351
140,1.2,1.6,/eos/uscms/store/user/aji/rootfiles_particleTransformer/WbWb_4000_1000_jetPtCut140_ak12_ca16.root,ok,,1000,1000,1.0,0.0,0.031,0.0054807846153630225,0.031,0.0155,0.18,0.063,1326.023680669573,1033.3779121367406,2462.0695583411884,0.5387127194753539,0.09521482308608967,0.6023150875423112
160,0.4,0.6,/eos/uscms/store/user/aji/rootfiles_particleTransformer/WbWb_4000_1000_jetPtCut160_ak4_ca6.root,ok,,1000,1000,1.0,0.0,0.213,0.012947239087929134,0.213,0.115,0.489,0.328,940.6850424533421,715.9979335869731,1439.1972701948093,0.3844003592965107,0.06838607618798781,0.6033318550511765
200,0.8,1.6,/eos/uscms/store/user/aji/rootfiles_particleTransformer/WbWb_4000_1000_jetPtCut200_ak8_ca16.root,ok,,1000,1000,1.0,0.0,0.248,0.01365635383255721,0.248,0.1305,0.4795,0.282,1027.4624571060192,647.3503428079413,1375.2509081942499,0.35422246348374353,0.12008671170892521,0.6049687091943454
260,0.6,0.4,/eos/uscms/store/user/aji/rootfiles_particleTransformer/WbWb_4000_1000_jetPtCut260_ak6_ca4.root,ok,,1000,1000,1.0,0.0,0.156,0.011474493452871897,0.156,0.112,0.5155,0.348,963.5117371461262,408.06907849403797,1274.393719707254,0.4495662106718214,0.04083834006726188,0.6092150369572088
220,0.8,0.8,/eos/uscms/store/user/aji/rootfiles_particleTransformer/WbWb_4000_1000_jetPtCut220_ak8_ca8.root,ok,,1000,1000,1.0,0.0,0.22,0.013099618315050252,0.22,0.1185,0.435,0.268,1051.3193525277486,787.2706776426438,1602.2186994376766,0.3875834777680091,0.06714382612434762,0.6127154130207839
380,1.2,1.0,/eos/uscms/store/user/aji/rootfiles_particleTransformer/WbWb_4000_1000_jetPtCut380_ak12_ca10.root,ok,,1000,999,0.999,0.0009994998749374613,0.09009009009009009,0.009058472370070401,0.09,0.06456456456456457,0.17017017017017017,0.057057057057057055,1098.8169085278016,413.21581884337945,1544.3618772311395,0.514710890235241,0.11283050204100498,0.6156826711781113
320,1.2,1.6,/eos/uscms/store/user/aji/rootfiles_particleTransformer/WbWb_4000_1000_jetPtCut320_ak12_ca16.root,ok,,1000,1000,1.0,0.0,0.129,0.010599952830083727,0.129,0.076,0.1885,0.054,1124.7156326324437,397.661477176029,1467.3360960242146,0.4755311421895007,0.19073590417083489,0.617002705452745
140,1.2,1.2,/eos/uscms/store/user/aji/rootfiles_particleTransformer/WbWb_4000_1000_jetPtCut140_ak12_ca12.root,ok,,1000,1000,1.0,0.0,0.02,0.004427188724235731,0.02,0.01,0.159,0.067,1416.3576368243778,1057.3233050057843,2634.1916926654417,0.5566632136764418,0.06257569714698827,0.6182989773588796
320,1.2,1.4,/eos/uscms/store/user/aji/rootfiles_particleTransformer/WbWb_4000_1000_jetPtCut320_ak12_ca14.root,ok,,1000,1000,1.0,0.0,0.123,0.010386096475577337,0.123,0.073,0.186,0.055,1129.5871247200635,404.34872658725124,1494.5048128924384,0.48254626068589085,0.1684343898949955,0.6185049731578972
320,1.2,1.2,/eos/uscms/store/user/aji/rootfiles_particleTransformer/WbWb_4000_1000_jetPtCut320_ak12_ca12.root,ok,,1000,1000,1.0,0.0,0.11,0.009894442884771228,0.11,0.067,0.178,0.055,1138.9631110206562,412.3988983346551,1548.7675422462617,0.49886103988621516,0.14581194717212181,0.6227573509882808
240,1.0,1.6,/eos/uscms/store/user/aji/rootfiles_particleTransformer/WbWb_4000_1000_jetPtCut240_ak10_ca16.root,ok,,1000,1000,1.0,0.0,0.202,0.012696298673235441,0.202,0.108,0.311,0.139,1099.3683082844072,501.93316106668124,1405.7290785161001,0.41105237918847043,0.11194352485791478,0.6229892100169112
140,1.2,1.4,/eos/uscms/store/user/aji/rootfiles_particleTransformer/WbWb_4000_1000_jetPtCut140_ak12_ca14.root,ok,,1000,1000,1.0,0.0,0.026,0.0050322956987840055,0.026,0.013,0.175,0.068,1357.7842931619716,1046.0459910658008,2571.493711498791,0.5617415550155499,0.07820257135246012,0.623519984331747
160,0.4,1.4,/eos/uscms/store/user/aji/rootfiles_particleTransformer/WbWb_4000_1000_jetPtCut160_ak4_ca14.root,ok,,1000,1000,1.0,0.0,0.257,0.013818502089589886,0.257,0.137,0.5265,0.323,916.3962865807798,541.5795969821396,1201.6254624780743,0.3601312418880868,0.11710794410805596,0.6254916132300088
160,0.4,0.8,/eos/uscms/store/user/aji/rootfiles_particleTransformer/WbWb_4000_1000_jetPtCut160_ak4_ca8.root,ok,,1000,1000,1.0,0.0,0.222,0.013142145943490356,0.222,0.1195,0.485,0.32,939.8401306043044,694.8289059784141,1442.1365765197563,0.3975716966144197,0.07219324215810743,0.6255876835539893
220,0.8,1.2,/eos/uscms/store/user/aji/rootfiles_particleTransformer/WbWb_4000_1000_jetPtCut220_ak8_ca12.root,ok,,1000,1000,1.0,0.0,0.242,0.013543854695026818,0.242,0.1295,0.4645,0.275,1034.6013818496112,647.3503428079413,1436.137396421572,0.38120336365851104,0.09331027422887467,0.6266635018434722
320,1.0,0.8,/eos/uscms/store/user/aji/rootfiles_particleTransformer/WbWb_4000_1000_jetPtCut320_ak10_ca8.root,ok,,1000,1000,1.0,0.0,0.136,0.010839926199010766,0.136,0.0965,0.262,0.131,1092.2022485850453,421.54985825149447,1477.4704319410698,0.4833905877128192,0.052931437048663516,0.6286108125713237
340,1.2,1.6,/eos/uscms/store/user/aji/rootfiles_particleTransformer/WbWb_4000_1000_jetPtCut340_ak12_ca16.root,ok,,1000,1000,1.0,0.0,0.134,0.010772372069326236,0.134,0.082,0.187,0.053,1108.4503094206252,381.01609904023945,1454.8682319154516,0.4843934472067146,0.2056386383837524,0.6292384781487772
280,0.6,0.4,/eos/uscms/store/user/aji/rootfiles_particleTransformer/WbWb_4000_1000_jetPtCut280_ak6_ca4.root,ok,,1000,1000,1.0,0.0,0.174,0.011988494484296182,0.174,0.127,0.502,0.326,952.1045553488575,370.7963530495678,1231.272081730322,0.45188090102429457,0.053380907169291926,0.6306704454894088
220,0.8,1.0,/eos/uscms/store/user/aji/rootfiles_particleTransformer/WbWb_4000_1000_jetPtCut220_ak8_ca10.root,ok,,1000,1000,1.0,0.0,0.229,0.013287550564344055,0.229,0.123,0.43,0.258,1049.5566750745065,742.9100304404154,1576.2077474424727,0.3969760455970149,0.07397263872214585,0.6309317131044656
160,0.4,1.2,/eos/uscms/store/user/aji/rootfiles_particleTransformer/WbWb_4000_1000_jetPtCut160_ak4_ca12.root,ok,,1000,1000,1.0,0.0,0.245,0.013600551459407815,0.245,0.131,0.5105,0.319,925.9636261488962,590.3565921234335,1291.9031736248776,0.3788197298954346,0.09904757286671032,0.631223367280545
340,1.2,1.4,/eos/uscms/store/user/aji/rootfiles_particleTransformer/WbWb_4000_1000_jetPtCut340_ak12_ca14.root,ok,,1000,1000,1.0,0.0,0.128,0.010564847372300274,0.128,0.079,0.1845,0.054,1114.126605559144,387.73791657402893,1484.4065992339245,0.49216519791730173,0.18575266525948536,0.6315778584732161
340,1.2,1.2,/eos/uscms/store/user/aji/rootfiles_particleTransformer/WbWb_4000_1000_jetPtCut340_ak12_ca12.root,ok,,1000,1000,1.0,0.0,0.115,0.010088359628799918,0.115,0.073,0.177,0.054,1125.365248761716,397.82514336360236,1535.4450718547403,0.5054447565992046,0.1571555647699331,0.6329812814753762
200,1.6,1.6,/eos/uscms/store/user/aji/rootfiles_particleTransformer/WbWb_4000_1000_jetPtCut200_ak16_ca16.root,ok,,1000,1000,1.0,0.0,0.002,0.0014127986409959489,0.002,0.001,0.1185,0.031,1418.8598744753044,1057.454512911575,2738.7428843630223,0.5924786519434095,0.11205397725890572,0.63636463939094
200,1.6,1.4,/eos/uscms/store/user/aji/rootfiles_particleTransformer/WbWb_4000_1000_jetPtCut200_ak16_ca14.root,ok,,1000,1000,1.0,0.0,0.002,0.0014127986409959489,0.002,0.001,0.11,0.036,1470.9304687389467,1093.8210649259368,2829.79294156465,0.5900931123301126,0.062052771456571065,0.6391861592040073
280,0.8,0.6,/eos/uscms/store/user/aji/rootfiles_particleTransformer/WbWb_4000_1000_jetPtCut280_ak8_ca6.root,ok,,1000,1000,1.0,0.0,0.154,0.011414201680362931,0.154,0.1075,0.4375,0.279,1026.6646267705382,434.71766950006753,1430.7182687541278,0.4850661906931895,0.0411278212812223,0.6417326533702433
180,0.6,1.6,/eos/uscms/store/user/aji/rootfiles_particleTransformer/WbWb_4000_1000_jetPtCut180_ak6_ca16.root,ok,,1000,1000,1.0,0.0,0.272,0.014071815803228808,0.272,0.143,0.548,0.353,965.5341054358051,550.9017676308347,1261.6136163817332,0.36804077906192156,0.12378304861288678,0.6434873685183411
340,1.0,0.8,/eos/uscms/store/user/aji/rootfiles_particleTransformer/WbWb_4000_1000_jetPtCut340_ak10_ca8.root,ok,,1000,1000,1.0,0.0,0.152,0.011353237423748346,0.152,0.11,0.2635,0.124,1076.626607382679,381.4007670742682,1424.1551753824576,0.4842692913020076,0.06416099422954838,0.6439319520402754
300,0.6,0.4,/eos/uscms/store/user/aji/rootfiles_particleTransformer/WbWb_4000_1000_jetPtCut300_ak6_ca4.root,ok,,1000,999,0.999,0.0009994998749374613,0.1971971971971972,0.01258844436562013,0.197,0.14864864864864866,0.487987987987988,0.3003003003003003,938.4151397647947,325.24816858181197,1158.5363488178905,0.44398696532375564,0.06963512029519581,0.6483426485444733
220,0.8,1.4,/eos/uscms/store/user/aji/rootfiles_particleTransformer/WbWb_4000_1000_jetPtCut220_ak8_ca14.root,ok,,1000,1000,1.0,0.0,0.257,0.013818502089589886,0.257,0.137,0.485,0.283,1024.6577404994587,542.7550765053704,1347.1356585224812,0.3925118360131764,0.11109241776600365,0.6519776100631223
360,1.2,1.2,/eos/uscms/store/user/aji/rootfiles_particleTransformer/WbWb_4000_1000_jetPtCut360_ak12_ca12.root,ok,,1000,1000,1.0,0.0,0.134,0.010772372069326236,0.134,0.0835,0.1745,0.05,1100.1000002822918,376.3549279406645,1495.2919624543586,0.508561509965716,0.18948058241799853,0.6525715099939452
360,1.2,1.6,/eos/uscms/store/user/aji/rootfiles_particleTransformer/WbWb_4000_1000_jetPtCut360_ak12_ca16.root,ok,,1000,1000,1.0,0.0,0.154,0.011414201680362931,0.154,0.093,0.1845,0.049,1083.5719090138668,365.6488479569601,1431.2746336371542,0.49171899751904563,0.2520666011063676,0.6540761884204322
160,0.4,1.0,/eos/uscms/store/user/aji/rootfiles_particleTransformer/WbWb_4000_1000_jetPtCut160_ak4_ca10.root,ok,,1000,1000,1.0,0.0,0.233,0.013368283360252356,0.233,0.125,0.4835,0.316,936.451538950475,636.2149893155926,1420.500609603684,0.41875398120818785,0.07960961936218347,0.6581088273131404
360,1.0,0.8,/eos/uscms/store/user/aji/rootfiles_particleTransformer/WbWb_4000_1000_jetPtCut360_ak10_ca8.root,ok,,1000,999,0.999,0.0009994998749374613,0.16816816816816818,0.011833328485518227,0.168,0.12362362362362363,0.25925925925925924,0.11611611611611612,1057.5969113390693,352.47502606669013,1378.7256809189166,0.48518043304081043,0.08197305718848782,0.6601082923428855
360,1.2,1.4,/eos/uscms/store/user/aji/rootfiles_particleTransformer/WbWb_4000_1000_jetPtCut360_ak12_ca14.root,ok,,1000,1000,1.0,0.0,0.149,0.01126050620531777,0.149,0.0905,0.1815,0.05,1089.5263155951618,369.3401026638703,1465.0920684732116,0.5028570444444835,0.22712367977961673,0.6608096760039996
200,0.6,0.6,/eos/uscms/store/user/aji/rootfiles_particleTransformer/WbWb_4000_1000_jetPtCut200_ak6_ca6.root,ok,,1000,1000,1.0,0.0,0.242,0.013543854695026818,0.242,0.132,0.502,0.348,987.940206716514,687.5368019921758,1516.2560007655272,0.4194176900278488,0.06727711385921488,0.6626236693561973
300,0.8,0.6,/eos/uscms/store/user/aji/rootfiles_particleTransformer/WbWb_4000_1000_jetPtCut300_ak8_ca6.root,ok,,1000,1000,1.0,0.0,0.171,0.011906258858264422,0.171,0.1225,0.429,0.266,1017.728884133564,380.3746291435274,1385.9501092176256,0.4940291544000874,0.0477299002242815,0.6668020428134438
380,1.2,1.6,/eos/uscms/store/user/aji/rootfiles_particleTransformer/WbWb_4000_1000_jetPtCut380_ak12_ca16.root,ok,,1000,999,0.999,0.0009994998749374613,0.17017017017017017,0.011889223565541063,0.17,0.1046046046046046,0.17617617617617617,0.04604604604604605,1061.9684132255575,350.24183199813575,1405.0248999017977,0.49661696843690895,0.26118693377599295,0.6739839799296349
380,1.2,1.2,/eos/uscms/store/user/aji/rootfiles_particleTransformer/WbWb_4000_1000_jetPtCut380_ak12_ca12.root,ok,,1000,999,0.999,0.0009994998749374613,0.14814814814814814,0.011239510707738654,0.148,0.0940940940940941,0.16816816816816818,0.04704704704704705,1074.8261624573074,362.6285430046142,1483.7532460904754,0.5215376877888348,0.2067014387242588,0.6781684521827137
200,0.6,0.8,/eos/uscms/store/user/aji/rootfiles_particleTransformer/WbWb_4000_1000_jetPtCut200_ak6_ca8.root,ok,,1000,1000,1.0,0.0,0.249,0.013674757767507255,0.249,0.1355,0.501,0.344,986.9044556434344,657.3206586437623,1509.8168049928934,0.4319040923740319,0.07056127009581278,0.6822136468096884
260,1.0,1.4,/eos/uscms/store/user/aji/rootfiles_particleTransformer/WbWb_4000_1000_jetPtCut260_ak10_ca14.root,ok,,1000,1000,1.0,0.0,0.216,0.013013224043256921,0.216,0.1205,0.3,0.134,1095.356802755006,387.4996162255613,1388.2794595714195,0.45682824118530563,0.10347889262055157,0.6823639214608062
380,1.2,1.4,/eos/uscms/store/user/aji/rootfiles_particleTransformer/WbWb_4000_1000_jetPtCut380_ak12_ca14.root,ok,,1000,999,0.999,0.0009994998749374613,0.16516516516516516,0.011748346991733221,0.165,0.1021021021021021,0.17417417417417416,0.04704704704704705,1064.8819443451052,353.5745628950074,1442.5178770678692,0.5112976701105371,0.24623092430441454,0.6839510297102127
320,0.8,0.6,/eos/uscms/store/user/aji/rootfiles_particleTransformer/WbWb_4000_1000_jetPtCut320_ak8_ca6.root,ok,,1000,999,0.999,0.0009994998749374613,0.1941941941941942,0.01251556824854732,0.194,0.14164164164164164,0.4174174174174174,0.24624624624624625,1002.0986778049006,334.5448454467949,1321.5979026396237,0.49249294458454473,0.06383861040280947,0.687897006559229
380,1.0,0.8,/eos/uscms/store/user/aji/rootfiles_particleTransformer/WbWb_4000_1000_jetPtCut380_ak10_ca8.root,ok,,1000,999,0.999,0.0009994998749374613,0.1931931931931932,0.012491021131433437,0.193,0.14564564564564564,0.25725725725725723,0.11211211211211211,1034.4786281624226,318.0011623684899,1336.484123009074,0.4922687298285455,0.09386353865960763,0.689909785837981
400,1.2,1.6,/eos/uscms/store/user/aji/rootfiles_particleTransformer/WbWb_4000_1000_jetPtCut400_ak12_ca16.root,ok,,1000,999,0.999,0.0009994998749374613,0.18518518518518517,0.0122899420278601,0.185,0.11611611611611612,0.17167167167167166,0.044044044044044044,1031.5355227412567,337.14578137254546,1376.6805923820946,0.5038773692674368,0.26940696868276476,0.6932161067267476
260,1.0,1.2,/eos/uscms/store/user/aji/rootfiles_particleTransformer/WbWb_4000_1000_jetPtCut260_ak10_ca12.root,ok,,1000,1000,1.0,0.0,0.205,0.0127661662216971,0.205,0.115,0.2765,0.13,1113.2784889110571,414.8859143374208,1495.4768031793942,0.4853192168919671,0.08865209269463284,0.7016470657830728
260,1.0,1.6,/eos/uscms/store/user/aji/rootfiles_particleTransformer/WbWb_4000_1000_jetPtCut260_ak10_ca16.root,ok,,1000,1000,1.0,0.0,0.235,0.013408019988051927,0.235,0.13,0.3025,0.134,1090.3157192031945,359.51877462210274,1361.5207261999626,0.4595008280308595,0.12436598076372646,0.7035323999511789
320,0.6,0.4,/eos/uscms/store/user/aji/rootfiles_particleTransformer/WbWb_4000_1000_jetPtCut320_ak6_ca4.root,ok,,1000,999,0.999,0.0009994998749374613,0.22922922922922923,0.01329887400293531,0.229,0.1806806806806807,0.464964964964965,0.2772772772772773,923.1848820773357,255.7629698819147,1117.5991768413514,0.46677335368628803,0.07740535892264148,0.7046840947077837
340,0.8,0.6,/eos/uscms/store/user/aji/rootfiles_particleTransformer/WbWb_4000_1000_jetPtCut340_ak8_ca6.root,ok,,1000,999,0.999,0.0009994998749374613,0.2222222222222222,0.013153422318603286,0.222,0.16566566566566568,0.4134134134134134,0.23623623623623624,983.7820805607503,293.90052268743256,1251.5540628506742,0.4867203616970663,0.0715401546692766,0.7115643758632134
100,1.0,0.8,/eos/uscms/store/user/aji/rootfiles_particleTransformer/WbWb_4000_1000_jetPtCut100_ak10_ca8.root,ok,,1000,1000,1.0,0.0,0.007,0.0026364749192814255,0.007,0.0035,0.1855,0.148,1574.5581988005117,1067.5136308516592,3107.641123746999,0.6478412466587439,0.0061144740906220185,0.7122970665387951
200,0.6,1.0,/eos/uscms/store/user/aji/rootfiles_particleTransformer/WbWb_4000_1000_jetPtCut200_ak6_ca10.root,ok,,1000,1000,1.0,0.0,0.259,0.013853483316480371,0.259,0.1405,0.5015,0.341,981.7930716354931,578.2369984778344,1470.7281139968127,0.4545209888435281,0.07691812193511087,0.7153416816799788
160,0.4,1.6,/eos/uscms/store/user/aji/rootfiles_particleTransformer/WbWb_4000_1000_jetPtCut160_ak4_ca16.root,ok,,1000,1000,1.0,0.0,0.283,0.014244683218660919,0.283,0.15,0.5245,0.314,911.1442528449193,402.36171755076475,1175.2869414916706,0.42415085291245375,0.1357431066581409,0.7160364276279618
160,1.4,1.2,/eos/uscms/store/user/aji/rootfiles_particleTransformer/WbWb_4000_1000_jetPtCut160_ak14_ca12.root,ok,,1000,1000,1.0,0.0,0.002,0.0014127986409959489,0.002,0.001,0.1165,0.051,1549.8565323443104,1093.532449619591,3154.004924326855,0.6647300674955369,0.039735345960735274,0.7217157207299679
200,0.6,1.2,/eos/uscms/store/user/aji/rootfiles_particleTransformer/WbWb_4000_1000_jetPtCut200_ak6_ca12.root,ok,,1000,1000,1.0,0.0,0.271,0.014055568291606,0.271,0.1465,0.529,0.346,969.9481189416437,470.49890046834486,1345.7086328991536,0.4511631680804699,0.09395088136973861,0.7251683561863056
280,1.0,1.4,/eos/uscms/store/user/aji/rootfiles_particleTransformer/WbWb_4000_1000_jetPtCut280_ak10_ca14.root,ok,,1000,1000,1.0,0.0,0.251,0.013711272734505722,0.251,0.1425,0.2945,0.129,1084.3039804169634,326.000022439847,1352.2730906737593,0.47324047811724546,0.11218588541820954,0.7326708761589418
260,1.0,1.0,/eos/uscms/store/user/aji/rootfiles_particleTransformer/WbWb_4000_1000_jetPtCut260_ak10_ca10.root,ok,,1000,1000,1.0,0.0,0.192,0.012455360291858283,0.192,0.108,0.2585,0.122,1128.2823766057854,438.87833514881515,1640.315748279599,0.5324187623780275,0.07352880014367982,0.7372470000386061
100,1.0,1.4,/eos/uscms/store/user/aji/rootfiles_particleTransformer/WbWb_4000_1000_jetPtCut100_ak10_ca14.root,ok,,1000,1000,1.0,0.0,0.038,0.006046155803483731,0.038,0.019,0.2185,0.118,1425.7215331630832,1028.0292788789068,2912.7759721071475,0.6609799492355185,0.07188523647760955,0.7415521025518268
100,1.0,1.2,/eos/uscms/store/user/aji/rootfiles_particleTransformer/WbWb_4000_1000_jetPtCut100_ak10_ca12.root,ok,,1000,1000,1.0,0.0,0.029,0.005306505441436953,0.029,0.0145,0.1995,0.121,1507.7539423240196,1044.6875952839116,3065.0372772226046,0.6699865360075163,0.05137194636168647,0.7497619302399183
280,1.0,1.6,/eos/uscms/store/user/aji/rootfiles_particleTransformer/WbWb_4000_1000_jetPtCut280_ak10_ca16.root,ok,,1000,1000,1.0,0.0,0.269,0.014022802858202064,0.269,0.1515,0.297,0.129,1078.4260240844183,307.2936868078067,1329.600714862142,0.47398106370915527,0.1353029518059975,0.7508236661175971
220,0.8,1.6,/eos/uscms/store/user/aji/rootfiles_particleTransformer/WbWb_4000_1000_jetPtCut220_ak8_ca16.root,ok,,1000,1000,1.0,0.0,0.281,0.014214042352547005,0.281,0.149,0.484,0.278,1019.8861797931522,362.4704925617267,1323.4108149396022,0.47110174714435693,0.1335562233700442,0.7540903651236721
100,1.0,1.0,/eos/uscms/store/user/aji/rootfiles_particleTransformer/WbWb_4000_1000_jetPtCut100_ak10_ca10.root,ok,,1000,1000,1.0,0.0,0.026,0.0050322956987840055,0.026,0.013,0.1845,0.116,1593.5876529399966,1056.4221016410056,3188.220124884969,0.6688675139114648,0.037204767339744066,0.7542262792054645
180,0.4,0.4,/eos/uscms/store/user/aji/rootfiles_particleTransformer/WbWb_4000_1000_jetPtCut180_ak4_ca4.root,ok,,1000,1000,1.0,0.0,0.26,0.013870832707519763,0.26,0.146,0.481,0.314,933.2751391262066,516.0139025394311,1426.387555101979,0.48773058147402243,0.07054344343999214,0.7544030675614017
160,1.4,1.4,/eos/uscms/store/user/aji/rootfiles_particleTransformer/WbWb_4000_1000_jetPtCut160_ak14_ca14.root,ok,,1000,1000,1.0,0.0,0.008,0.0028170906978654416,0.008,0.004,0.138,0.049,1483.4586269915203,1065.060640654913,3142.1096898804894,0.7000697597606305,0.08102879839113158,0.7564156224597824
200,0.6,1.4,/eos/uscms/store/user/aji/rootfiles_particleTransformer/WbWb_4000_1000_jetPtCut200_ak6_ca14.root,ok,,1000,1000,1.0,0.0,0.288,0.014319776534569246,0.288,0.155,0.5475,0.355,962.4586820423169,358.60600674248735,1254.2421222989478,0.46528548823308424,0.11651439926082102,0.7570396200288525
280,1.0,1.2,/eos/uscms/store/user/aji/rootfiles_particleTransformer/WbWb_4000_1000_jetPtCut280_ak10_ca12.root,ok,,1000,1000,1.0,0.0,0.239,0.01348625225924534,0.239,0.1365,0.272,0.124,1098.0767710162536,337.9045717310506,1457.1500984324202,0.509639014431352,0.09564429033747893,0.7584466915329773
360,0.8,0.6,/eos/uscms/store/user/aji/rootfiles_particleTransformer/WbWb_4000_1000_jetPtCut360_ak8_ca6.root,ok,,1000,999,0.999,0.0009994998749374613,0.25925925925925924,0.013864924517626444,0.259,0.2017017017017017,0.3843843843843844,0.21021021021021022,967.8481747099864,248.6022682534627,1223.5568063826784,0.503671218071656,0.08482626074716003,0.7671456598599167
100,1.0,1.6,/eos/uscms/store/user/aji/rootfiles_particleTransformer/WbWb_4000_1000_jetPtCut100_ak10_ca16.root,ok,,1000,1000,1.0,0.0,0.051,0.00695693898205238,0.051,0.0255,0.2325,0.117,1372.4427818963914,1010.1090065722335,2881.266108382035,0.6816885652691126,0.09242570793384092,0.7699328434587517
160,1.4,1.6,/eos/uscms/store/user/aji/rootfiles_particleTransformer/WbWb_4000_1000_jetPtCut160_ak14_ca16.root,ok,,1000,1000,1.0,0.0,0.009,0.002986469487538756,0.009,0.0045,0.1435,0.048,1435.5327736431364,1055.2103849348014,3115.364643586593,0.7175573753789936,0.1100043810140194,0.7701106527433071
300,1.0,1.4,/eos/uscms/store/user/aji/rootfiles_particleTransformer/WbWb_4000_1000_jetPtCut300_ak10_ca14.root,ok,,1000,1000,1.0,0.0,0.285,0.014274978108564651,0.285,0.165,0.2875,0.12,1074.7445462435824,294.47005242022874,1329.600714862142,0.48157055835262136,0.13056910070986624,0.7740450129769796
340,0.6,0.4,/eos/uscms/store/user/aji/rootfiles_particleTransformer/WbWb_4000_1000_jetPtCut340_ak6_ca4.root,ok,,1000,999,0.999,0.0009994998749374613,0.26626626626626626,0.013984423685683612,0.266,0.2157157157157157,0.44344344344344344,0.2552552552552553,909.5936671180518,170.72665363757642,1079.565106949252,0.4995848619918556,0.09028535950738042,0.7758917615463167
300,1.0,1.6,/eos/uscms/store/user/aji/rootfiles_particleTransformer/WbWb_4000_1000_jetPtCut300_ak10_ca16.root,ok,,1000,1000,1.0,0.0,0.304,0.014545927265045703,0.304,0.1745,0.291,0.12,1068.4718887603076,287.25044427313253,1306.405446304931,0.4769217668488551,0.1657629362264405,0.7877689557248859
240,0.8,1.4,/eos/uscms/store/user/aji/rootfiles_particleTransformer/WbWb_4000_1000_jetPtCut240_ak8_ca14.root,ok,,1000,1000,1.0,0.0,0.295,0.01442133835675455,0.295,0.1635,0.478,0.275,1019.1727609393577,291.50177973878283,1295.1777409242416,0.4923973636522547,0.11561097481405032,0.7893146397461905
280,1.0,1.0,/eos/uscms/store/user/aji/rootfiles_particleTransformer/WbWb_4000_1000_jetPtCut280_ak10_ca10.root,ok,,1000,1000,1.0,0.0,0.228,0.013267102170406317,0.228,0.1305,0.2505,0.114,1114.126293113481,347.5131781467883,1580.3400921919103,0.5532707205930515,0.08158033304665432,0.7926833499043996
300,1.0,1.2,/eos/uscms/store/user/aji/rootfiles_particleTransformer/WbWb_4000_1000_jetPtCut300_ak10_ca12.root,ok,,1000,1000,1.0,0.0,0.274,0.014104041973845655,0.274,0.1595,0.267,0.115,1084.3039804169634,301.08488375395973,1419.2256831762686,0.5156030133691539,0.11282985829995745,0.7980334114108503
380,0.8,0.6,/eos/uscms/store/user/aji/rootfiles_particleTransformer/WbWb_4000_1000_jetPtCut380_ak8_ca6.root,ok,,1000,999,0.999,0.0009994998749374613,0.2872872872872873,0.01431636336890446,0.287,0.23173173173173173,0.37037037037037035,0.19519519519519518,950.2347092691211,214.18423654198835,1177.0055080767834,0.5066228701934887,0.08032808454185672,0.799886686553864
240,0.8,1.2,/eos/uscms/store/user/aji/rootfiles_particleTransformer/WbWb_4000_1000_jetPtCut240_ak8_ca12.root,ok,,1000,1000,1.0,0.0,0.278,0.01416742743055351,0.278,0.155,0.4575,0.266,1027.9002542166077,326.2448036451622,1396.4387242267644,0.5205728455613758,0.10030190572038296,0.8013628709830367
320,1.0,1.4,/eos/uscms/store/user/aji/rootfiles_particleTransformer/WbWb_4000_1000_jetPtCut320_ak10_ca14.root,ok,,1000,1000,1.0,0.0,0.313,0.014663935351739656,0.313,0.1855,0.279,0.114,1064.6232356915148,280.0865426032113,1320.6087620433552,0.4886809645687865,0.15405070324760534,0.808143288137938
180,0.4,0.6,/eos/uscms/store/user/aji/rootfiles_particleTransformer/WbWb_4000_1000_jetPtCut180_ak4_ca6.root,ok,,1000,1000,1.0,0.0,0.272,0.014071815803228808,0.272,0.152,0.4805,0.31,931.4602523550997,432.6839492499334,1420.500609603684,0.5302516440482349,0.07505886214978552,0.8091056188127249
320,1.0,1.6,/eos/uscms/store/user/aji/rootfiles_particleTransformer/WbWb_4000_1000_jetPtCut320_ak10_ca16.root,ok,,1000,1000,1.0,0.0,0.328,0.014846413708367418,0.328,0.193,0.283,0.114,1060.0591258052068,274.66781915596584,1298.1914339427967,0.4827672296153179,0.18966914216440722,0.8167731421958386
240,0.8,1.6,/eos/uscms/store/user/aji/rootfiles_particleTransformer/WbWb_4000_1000_jetPtCut240_ak8_ca16.root,ok,,1000,1000,1.0,0.0,0.317,0.014714312760030624,0.317,0.1745,0.477,0.27,1013.2319973068533,259.4843825521869,1274.1611213864521,0.5007129371808491,0.13675178190136772,0.8190361369115344
240,0.8,0.8,/eos/uscms/store/user/aji/rootfiles_particleTransformer/WbWb_4000_1000_jetPtCut240_ak8_ca8.root,ok,,1000,1000,1.0,0.0,0.259,0.013853483316480371,0.259,0.1455,0.4245,0.254,1043.0306115379535,403.8443339448346,1570.040488744835,0.5590421517353353,0.07434969138061531,0.8223452128891307
200,0.6,1.6,/eos/uscms/store/user/aji/rootfiles_particleTransformer/WbWb_4000_1000_jetPtCut200_ak6_ca16.root,ok,,1000,1000,1.0,0.0,0.312,0.014651143300097777,0.312,0.167,0.5425,0.345,958.5738650288606,240.45488974168063,1217.2163651886929,0.5094868069544145,0.14057772555003523,0.8256294204515284
360,0.6,0.4,/eos/uscms/store/user/aji/rootfiles_particleTransformer/WbWb_4000_1000_jetPtCut360_ak6_ca4.root,ok,,1000,999,0.999,0.0009994998749374613,0.2982982982982983,0.014475011208289888,0.298,0.25075075075075076,0.4174174174174174,0.23023023023023023,882.5607817523808,143.18479776801416,1061.0100584489094,0.5199784987377836,0.09669799241980369,0.8310207188608437
260,0.8,1.4,/eos/uscms/store/user/aji/rootfiles_particleTransformer/WbWb_4000_1000_jetPtCut260_ak8_ca14.root,ok,,1000,1000,1.0,0.0,0.341,0.01499063040702425,0.341,0.1945,0.4715,0.261,1009.785853767337,229.83372774930461,1220.3179189393788,0.49044269509953436,0.12330003839226532,0.8324212804762681
320,1.0,1.2,/eos/uscms/store/user/aji/rootfiles_particleTransformer/WbWb_4000_1000_jetPtCut320_ak10_ca12.root,ok,,1000,1000,1.0,0.0,0.302,0.014518815378673288,0.302,0.18,0.2595,0.109,1075.2374422514924,283.76606490057196,1408.685387190638,0.5231027483262405,0.13096664482076514,0.8326264925513898
240,0.8,1.0,/eos/uscms/store/user/aji/rootfiles_particleTransformer/WbWb_4000_1000_jetPtCut240_ak8_ca10.root,ok,,1000,1000,1.0,0.0,0.266,0.013972973913952606,0.266,0.149,0.423,0.248,1041.5627653869833,367.7602456981825,1544.885035482079,0.5650762627572168,0.08165582765740881,0.8352325392959151
340,1.0,1.4,/eos/uscms/store/user/aji/rootfiles_particleTransformer/WbWb_4000_1000_jetPtCut340_ak10_ca14.root,ok,,1000,1000,1.0,0.0,0.344,0.015022117027902558,0.344,0.206,0.27,0.106,1052.3401981586067,268.3999375535929,1297.7211267071093,0.48906294321676147,0.18890238548380503,0.8382969630326221
300,1.0,1.0,/eos/uscms/store/user/aji/rootfiles_particleTransformer/WbWb_4000_1000_jetPtCut300_ak10_ca10.root,ok,,1000,1000,1.0,0.0,0.263,0.013922320208930694,0.263,0.1535,0.2465,0.105,1097.0530132325803,305.01458233291766,1548.7676905994826,0.5668609872378536,0.09440714120615337,0.8395662885611117
340,1.0,1.6,/eos/uscms/store/user/aji/rootfiles_particleTransformer/WbWb_4000_1000_jetPtCut340_ak10_ca16.root,ok,,1000,1000,1.0,0.0,0.359,0.01516967369457893,0.359,0.2135,0.274,0.106,1048.6791923045546,265.86333388400567,1276.7299898014503,0.481971351837346,0.23021057520075108,0.8458392710678015
260,0.8,1.6,/eos/uscms/store/user/aji/rootfiles_particleTransformer/WbWb_4000_1000_jetPtCut260_ak8_ca16.root,ok,,1000,1000,1.0,0.0,0.359,0.01516967369457893,0.359,0.2035,0.4715,0.256,1004.3889627028765,217.9663678356171,1199.689334757733,0.48871652486116285,0.1548273360002968,0.8481554211314505
120,1.2,1.0,/eos/uscms/store/user/aji/rootfiles_particleTransformer/WbWb_4000_1000_jetPtCut120_ak12_ca10.root,ok,,1000,1000,1.0,0.0,0.008,0.0028170906978654416,0.008,0.004,0.1085,0.062,1706.6185798350095,1122.9231076748933,3755.62294384045,0.7713205127592357,0.016278126400684677,0.8499823707427367
180,1.6,1.4,/eos/uscms/store/user/aji/rootfiles_particleTransformer/WbWb_4000_1000_jetPtCut180_ak16_ca14.root,ok,,1000,1000,1.0,0.0,0.002,0.0014127986409959489,0.002,0.001,0.1005,0.034,1601.5097825771245,1110.7622862839623,3649.6030142984046,0.7926397814220589,0.0578381637710608,0.8547907596797714
340,1.0,1.2,/eos/uscms/store/user/aji/rootfiles_particleTransformer/WbWb_4000_1000_jetPtCut340_ak10_ca12.root,ok,,1000,1000,1.0,0.0,0.334,0.014914556647785411,0.334,0.201,0.2515,0.101,1061.3458651620222,272.01223568642047,1367.369397823573,0.5160227208168086,0.16133107939675947,0.8561573073330108
260,0.8,1.2,/eos/uscms/store/user/aji/rootfiles_particleTransformer/WbWb_4000_1000_jetPtCut260_ak8_ca12.root,ok,,1000,1000,1.0,0.0,0.325,0.014811313243598625,0.325,0.1865,0.45,0.25,1018.9901361299817,239.58312704799957,1332.0658868016644,0.5360614990360949,0.10728197734206799,0.8629605126490931
180,0.4,1.4,/eos/uscms/store/user/aji/rootfiles_particleTransformer/WbWb_4000_1000_jetPtCut180_ak4_ca14.root,ok,,1000,1000,1.0,0.0,0.311,0.014638271755914358,0.311,0.1715,0.5155,0.307,905.6753832993693,174.7147956686814,1158.005133548113,0.5428492128699091,0.1357431066581409,0.8632816745399721
220,0.6,1.4,/eos/uscms/store/user/aji/rootfiles_particleTransformer/WbWb_4000_1000_jetPtCut220_ak6_ca14.root,ok,,1000,1000,1.0,0.0,0.332,0.014892145580808697,0.332,0.1825,0.5455,0.344,954.5916614253122,177.11603403682346,1182.867290991777,0.5267965862247604,0.1279149244627849,0.8633374200822292
180,0.4,1.2,/eos/uscms/store/user/aji/rootfiles_particleTransformer/WbWb_4000_1000_jetPtCut180_ak4_ca12.root,ok,,1000,1000,1.0,0.0,0.3,0.014491376746189439,0.3,0.166,0.4995,0.302,916.3061221265715,234.39562953670193,1259.1265879157943,0.5591640902719757,0.10937805479776916,0.8675334780593185
180,0.4,0.8,/eos/uscms/store/user/aji/rootfiles_particleTransformer/WbWb_4000_1000_jetPtCut180_ak4_ca8.root,ok,,1000,1000,1.0,0.0,0.281,0.014214042352547005,0.281,0.1565,0.4765,0.303,930.8150372044595,340.34705537591896,1420.500609603684,0.580219222431031,0.07960961936218347,0.868137718710585
320,1.0,1.0,/eos/uscms/store/user/aji/rootfiles_particleTransformer/WbWb_4000_1000_jetPtCut320_ak10_ca10.root,ok,,1000,1000,1.0,0.0,0.29,0.01434921600645833,0.29,0.1735,0.2395,0.099,1085.5762605819964,288.6884277568051,1541.5059332568228,0.5770287869174481,0.10681487699841624,0.8755864129756477
220,0.6,1.6,/eos/uscms/store/user/aji/rootfiles_particleTransformer/WbWb_4000_1000_jetPtCut220_ak6_ca16.root,ok,,1000,1000,1.0,0.0,0.353,0.015112610628213776,0.353,0.193,0.5405,0.336,948.6551146707629,163.44479873967103,1145.9801025694312,0.5178569580425209,0.15103850155636514,0.8759914465754446
180,1.6,1.6,/eos/uscms/store/user/aji/rootfiles_particleTransformer/WbWb_4000_1000_jetPtCut180_ak16_ca16.root,ok,,1000,1000,1.0,0.0,0.002,0.0014127986409959489,0.002,0.001,0.107,0.029,1529.0825854976472,1079.6545019670166,3597.900840038853,0.8234500745596619,0.10525722085245921,0.8783583331094267
280,0.8,1.4,/eos/uscms/store/user/aji/rootfiles_particleTransformer/WbWb_4000_1000_jetPtCut280_ak8_ca14.root,ok,,1000,1000,1.0,0.0,0.385,0.015387494922826133,0.385,0.223,0.459,0.246,1002.6825592799776,207.48966502933413,1196.4701437078206,0.4931672888519521,0.13713821343736946,0.8784355447799499
220,0.6,1.2,/eos/uscms/store/user/aji/rootfiles_particleTransformer/WbWb_4000_1000_jetPtCut220_ak6_ca12.root,ok,,1000,1000,1.0,0.0,0.318,0.014726710426975875,0.318,0.1755,0.526,0.331,962.937025085188,189.77049850907028,1264.1126894197907,0.5578465480729007,0.10935831555692305,0.879552845564382
360,1.0,1.4,/eos/uscms/store/user/aji/rootfiles_particleTransformer/WbWb_4000_1000_jetPtCut360_ak10_ca14.root,ok,,1000,999,0.999,0.0009994998749374613,0.3833833833833834,0.015383016671993302,0.383,0.23173173173173173,0.2602602602602603,0.09509509509509509,1035.2972334554454,255.56228522699092,1278.4362914292378,0.4940001639858853,0.26211899229729746,0.8819132707148133
180,0.4,1.0,/eos/uscms/store/user/aji/rootfiles_particleTransformer/WbWb_4000_1000_jetPtCut180_ak4_ca10.root,ok,,1000,1000,1.0,0.0,0.29,0.01434921600645833,0.29,0.161,0.476,0.299,926.7625485681343,295.28620175712393,1388.9459800009945,0.5900431453200151,0.08626596253753277,0.8873668904632017
360,1.0,1.6,/eos/uscms/store/user/aji/rootfiles_particleTransformer/WbWb_4000_1000_jetPtCut360_ak10_ca16.root,ok,,1000,999,0.999,0.0009994998749374613,0.3963963963963964,0.015475974900453505,0.396,0.23823823823823823,0.26376376376376376,0.0960960960960961,1031.8234092761456,253.52051680847828,1259.7930658435919,0.48761858860182444,0.29168216625901394,0.8881973259258354
280,0.8,1.6,/eos/uscms/store/user/aji/rootfiles_particleTransformer/WbWb_4000_1000_jetPtCut280_ak8_ca16.root,ok,,1000,1000,1.0,0.0,0.4,0.015491933384829668,0.4,0.2305,0.4615,0.243,996.6291957325792,203.69988290202193,1179.136563214347,0.4893679035738681,0.17221541692782535,0.8897049840006102
340,1.0,1.0,/eos/uscms/store/user/aji/rootfiles_particleTransformer/WbWb_4000_1000_jetPtCut340_ak10_ca10.root,ok,,1000,1000,1.0,0.0,0.317,0.014714312760030624,0.317,0.1925,0.233,0.092,1072.6102270949511,277.2761687874153,1493.4519154084112,0.5669234340207983,0.130629649772242,0.8911844567302933
100,1.6,1.6,/eos/uscms/store/user/aji/rootfiles_particleTransformer/WbWb_4000_1000_jetPtCut100_ak16_ca16.root,ok,,1000,1000,1.0,0.0,0.002,0.0014127986409959489,0.002,0.001,0.0415,0.015,3779.0378234376212,1569.5248628204174,6215.449580806799,0.6146967740270184,0.07578429189906194,0.8946005563707806
120,1.2,1.2,/eos/uscms/store/user/aji/rootfiles_particleTransformer/WbWb_4000_1000_jetPtCut120_ak12_ca12.root,ok,,1000,1000,1.0,0.0,0.014,0.003715373467095872,0.014,0.007,0.1345,0.054,1658.1059202357642,1089.929945452689,3793.7571893707513,0.8153361045636964,0.05417550054001091,0.8951466965872729
100,1.6,1.4,/eos/uscms/store/user/aji/rootfiles_particleTransformer/WbWb_4000_1000_jetPtCut100_ak16_ca14.root,ok,,1000,1000,1.0,0.0,0.002,0.0014127986409959489,0.002,0.001,0.0365,0.016,3821.8599548995135,1627.8233702489083,6302.938192462228,0.6116282225647696,0.04632004848326093,0.895814218054721
180,0.4,1.6,/eos/uscms/store/user/aji/rootfiles_particleTransformer/WbWb_4000_1000_jetPtCut180_ak4_ca16.root,ok,,1000,1000,1.0,0.0,0.334,0.014914556647785411,0.334,0.183,0.511,0.297,899.6511395069776,132.09170123140322,1131.5672205780322,0.5554794939149171,0.1565666023615197,0.8995143799642193
360,1.0,1.2,/eos/uscms/store/user/aji/rootfiles_particleTransformer/WbWb_4000_1000_jetPtCut360_ak10_ca12.root,ok,,1000,999,0.999,0.0009994998749374613,0.3733733733733734,0.015303590994485163,0.373,0.22672672672672672,0.24124124124124124,0.09009009009009009,1043.1456726888714,258.23937290561616,1348.2817217935233,0.5224784885883446,0.21067667225693443,0.9011664292306051
240,0.6,1.4,/eos/uscms/store/user/aji/rootfiles_particleTransformer/WbWb_4000_1000_jetPtCut240_ak6_ca14.root,ok,,1000,1000,1.0,0.0,0.384,0.015379986996093333,0.384,0.217,0.538,0.333,946.8625782337308,151.13081215197136,1122.345615533916,0.5128594295032973,0.14205064157286737,0.9021731716799243
280,0.8,1.2,/eos/uscms/store/user/aji/rootfiles_particleTransformer/WbWb_4000_1000_jetPtCut280_ak8_ca12.root,ok,,1000,1000,1.0,0.0,0.371,0.015276092432294327,0.371,0.216,0.439,0.236,1010.7737762712322,210.10242241926667,1295.1777409242416,0.5367547833046493,0.12045958427484166,0.9088321609317725
200,0.4,1.4,/eos/uscms/store/user/aji/rootfiles_particleTransformer/WbWb_4000_1000_jetPtCut200_ak4_ca14.root,ok,,1000,1000,1.0,0.0,0.356,0.015141466243399283,0.356,0.2015,0.51,0.293,895.8822975366193,117.19792535304137,1091.0804964861345,0.5435326570303649,0.14664370703020824,0.909944427276703
380,0.6,0.4,/eos/uscms/store/user/aji/rootfiles_particleTransformer/WbWb_4000_1000_jetPtCut380_ak6_ca4.root,ok,,1000,999,0.999,0.0009994998749374613,0.33733733733733734,0.01495876407990617,0.337,0.2902902902902903,0.38788788788788786,0.1991991991991992,821.1378136513024,130.76486710065507,1040.55430832862,0.5539809676907101,0.1059431686326764,0.9102045236629173
220,0.6,0.6,/eos/uscms/store/user/aji/rootfiles_particleTransformer/WbWb_4000_1000_jetPtCut220_ak6_ca6.root,ok,,1000,1000,1.0,0.0,0.295,0.01442133835675455,0.295,0.164,0.492,0.324,979.6432402153501,263.7042405018847,1468.3760033431702,0.614852281620638,0.07665085582206221,0.911887957599103
240,0.6,1.6,/eos/uscms/store/user/aji/rootfiles_particleTransformer/WbWb_4000_1000_jetPtCut240_ak6_ca16.root,ok,,1000,1000,1.0,0.0,0.403,0.01551099609954177,0.403,0.2265,0.5335,0.325,941.4409016416898,147.57524992726778,1100.1156638442662,0.5058949596602151,0.17078991857728362,0.9147508694960462
260,0.8,1.0,/eos/uscms/store/user/aji/rootfiles_particleTransformer/WbWb_4000_1000_jetPtCut260_ak8_ca10.root,ok,,1000,1000,1.0,0.0,0.317,0.014714312760030624,0.317,0.1825,0.4155,0.23,1028.5753418071208,242.22668939924077,1470.909511067222,0.5972740992941209,0.0897736797708035,0.917131633474833
300,0.8,1.4,/eos/uscms/store/user/aji/rootfiles_particleTransformer/WbWb_4000_1000_jetPtCut300_ak8_ca14.root,ok,,1000,1000,1.0,0.0,0.426,0.015637263187655313,0.426,0.25,0.4485,0.235,994.416580585683,196.22991534025837,1176.1635247221266,0.4927178551290422,0.1601511589230386,0.9192761970704739
300,0.8,1.6,/eos/uscms/store/user/aji/rootfiles_particleTransformer/WbWb_4000_1000_jetPtCut300_ak8_ca16.root,ok,,1000,1000,1.0,0.0,0.434,0.015673034167001616,0.434,0.254,0.4565,0.236,987.748419200423,194.00126230057958,1155.5050080650462,0.4867148998035344,0.1825831246152424,0.9219400578834921
200,0.4,1.6,/eos/uscms/store/user/aji/rootfiles_particleTransformer/WbWb_4000_1000_jetPtCut200_ak4_ca16.root,ok,,1000,1000,1.0,0.0,0.378,0.015333492752794452,0.378,0.2125,0.5035,0.282,890.7261564057196,109.87453116258096,1064.4286566963779,0.5358291763798863,0.17827557595720894,0.9247565607393142
260,0.8,0.8,/eos/uscms/store/user/aji/rootfiles_particleTransformer/WbWb_4000_1000_jetPtCut260_ak8_ca8.root,ok,,1000,1000,1.0,0.0,0.309,0.014612289348353324,0.309,0.1785,0.4175,0.236,1029.662256632225,252.43617357129924,1515.4154832575691,0.6132978564336078,0.08386886075223049,0.9252640820968303
220,0.6,0.8,/eos/uscms/store/user/aji/rootfiles_particleTransformer/WbWb_4000_1000_jetPtCut220_ak6_ca8.root,ok,,1000,1000,1.0,0.0,0.302,0.014518815378673288,0.302,0.1675,0.493,0.322,979.1319804992966,244.75751591806946,1465.362139143746,0.6233095474030191,0.07982920021511317,0.9273963493530895
380,1.0,1.4,/eos/uscms/store/user/aji/rootfiles_particleTransformer/WbWb_4000_1000_jetPtCut380_ak10_ca14.root,ok,,1000,999,0.999,0.0009994998749374613,0.4194194194194194,0.015612511667052499,0.419,0.2602602602602603,0.24274274274274274,0.08608608608608609,1006.5908596934328,238.9047617749746,1259.7930658435919,0.5071019144657934,0.301796897463516,0.9281804198545561
240,0.6,1.2,/eos/uscms/store/user/aji/rootfiles_particleTransformer/WbWb_4000_1000_jetPtCut240_ak6_ca12.root,ok,,1000,1000,1.0,0.0,0.367,0.015241751867813621,0.367,0.2085,0.5185,0.321,954.7589170132303,155.17409974748793,1220.527421772983,0.5579174506996158,0.1227025452389654,0.9294415589982927
380,1.0,1.6,/eos/uscms/store/user/aji/rootfiles_particleTransformer/WbWb_4000_1000_jetPtCut380_ak10_ca16.root,ok,,1000,999,0.999,0.0009994998749374613,0.43043043043043044,0.01566542308622321,0.43,0.26576576576576577,0.24624624624624625,0.08708708708708708,1003.6733678193364,237.61346849518642,1242.2533941643176,0.5004815101609674,0.3186076043830802,0.9322792773733315
220,0.6,1.0,/eos/uscms/store/user/aji/rootfiles_particleTransformer/WbWb_4000_1000_jetPtCut220_ak6_ca10.root,ok,,1000,1000,1.0,0.0,0.309,0.014612289348353324,0.309,0.171,0.497,0.323,972.8133195244175,213.20003451407067,1420.6971538679566,0.6206211896565104,0.08453753969195411,0.9323398577040687
360,1.0,1.0,/eos/uscms/store/user/aji/rootfiles_particleTransformer/WbWb_4000_1000_jetPtCut360_ak10_ca10.root,ok,,1000,999,0.999,0.0009994998749374613,0.35235235235235235,0.015113854595862068,0.352,0.21621621621621623,0.22422422422422422,0.08108108108108109,1055.5868176979907,264.45306817783984,1475.9160837009047,0.5738339069850298,0.16885109361695497,0.9327449411071812
380,1.0,1.2,/eos/uscms/store/user/aji/rootfiles_particleTransformer/WbWb_4000_1000_jetPtCut380_ak10_ca12.root,ok,,1000,999,0.999,0.0009994998749374613,0.4094094094094094,0.015557486309707129,0.409,0.2552552552552553,0.22622622622622623,0.08208208208208208,1018.2773672446501,244.12646457093385,1309.7296160827427,0.5232381597536716,0.27037864703329095,0.935475305887546
300,0.8,1.2,/eos/uscms/store/user/aji/rootfiles_particleTransformer/WbWb_4000_1000_jetPtCut300_ak8_ca12.root,ok,,1000,1000,1.0,0.0,0.412,0.015564575162849772,0.412,0.243,0.4315,0.226,1001.7162134705696,198.09501455152667,1255.8283109141394,0.5279605551646034,0.13385702449653664,0.9401321765116604
260,0.6,1.4,/eos/uscms/store/user/aji/rootfiles_particleTransformer/WbWb_4000_1000_jetPtCut260_ak6_ca14.root,ok,,1000,1000,1.0,0.0,0.429,0.015651166090742248,0.429,0.2485,0.523,0.312,937.9525942004667,140.66185381018838,1092.4989914811413,0.5074015166418521,0.15774951220813022,0.9426062572218055
120,1.6,1.4,/eos/uscms/store/user/aji/rootfiles_particleTransformer/WbWb_4000_1000_jetPtCut120_ak16_ca14.root,ok,,1000,1000,1.0,0.0,0.002,0.0014127986409959489,0.002,0.001,0.0535,0.022,3077.975695472648,1302.3197744264703,5818.922950783323,0.7336970176535609,0.04763772756754529,0.9434945872008257
120,1.2,1.4,/eos/uscms/store/user/aji/rootfiles_particleTransformer/WbWb_4000_1000_jetPtCut120_ak12_ca14.root,ok,,1000,1000,1.0,0.0,0.02,0.004427188724235731,0.02,0.01,0.1495,0.055,1594.5381996015244,1074.5255950006829,3831.4334367607557,0.8644847274430382,0.07444093854900105,0.9439385474031906
260,0.6,1.6,/eos/uscms/store/user/aji/rootfiles_particleTransformer/WbWb_4000_1000_jetPtCut260_ak6_ca16.root,ok,,1000,1000,1.0,0.0,0.442,0.01570464899321217,0.442,0.255,0.5245,0.308,933.3770069144837,139.29528857870164,1075.5402162352254,0.5015363142228674,0.1924192291328493,0.950198613531419
200,0.4,1.2,/eos/uscms/store/user/aji/rootfiles_particleTransformer/WbWb_4000_1000_jetPtCut200_ak4_ca12.root,ok,,1000,1000,1.0,0.0,0.346,0.015042739112276061,0.346,0.1965,0.4915,0.285,905.0977692532977,118.56313693599577,1197.0899632761175,0.5958068083793325,0.12331887002828568,0.9512970314540028
220,0.4,1.4,/eos/uscms/store/user/aji/rootfiles_particleTransformer/WbWb_4000_1000_jetPtCut220_ak4_ca14.root,ok,,1000,1000,1.0,0.0,0.422,0.01561781034588396,0.422,0.243,0.4955,0.274,884.5621328057373,103.72723225658561,1031.3283216826408,0.5243278312648332,0.17744629581194016,0.9578716179842595
140,1.4,1.2,/eos/uscms/store/user/aji/rootfiles_particleTransformer/WbWb_4000_1000_jetPtCut140_ak14_ca12.root,ok,,1000,1000,1.0,0.0,0.001,0.0009994998749374609,0.001,0.0005,0.099,0.045,1782.9609336059068,1130.5273097275197,4266.462649084236,0.8794178493340621,0.03623447451531943,0.9587139426946527
380,1.0,1.0,/eos/uscms/store/user/aji/rootfiles_particleTransformer/WbWb_4000_1000_jetPtCut380_ak10_ca10.root,ok,,1000,999,0.999,0.0009994998749374613,0.3863863863863864,0.015405494996193219,0.386,0.24324324324324326,0.21171171171171171,0.07407407407407407,1030.8578081207168,252.3519577901688,1424.6278716101508,0.5685924404826862,0.2036232571298018,0.9590646076811443
260,0.6,1.2,/eos/uscms/store/user/aji/rootfiles_particleTransformer/WbWb_4000_1000_jetPtCut260_ak6_ca12.root,ok,,1000,1000,1.0,0.0,0.41,0.01555313473226539,0.41,0.239,0.5055,0.3,946.1028128838138,142.873140239382,1182.4241575112856,0.5493858611958095,0.14181627730764074,0.964775579907428
120,1.6,1.6,/eos/uscms/store/user/aji/rootfiles_particleTransformer/WbWb_4000_1000_jetPtCut120_ak16_ca16.root,ok,,1000,1000,1.0,0.0,0.002,0.0014127986409959489,0.002,0.001,0.0605,0.021,2953.5880592034428,1248.9011067789525,5799.21487223518,0.7703027088150215,0.08402665953087954,0.9676615147353658
280,0.8,1.0,/eos/uscms/store/user/aji/rootfiles_particleTransformer/WbWb_4000_1000_jetPtCut280_ak8_ca10.root,ok,,1000,1000,1.0,0.0,0.365,0.015224158433227107,0.365,0.213,0.4035,0.215,1021.6079539971736,210.7139654256283,1441.5191584403578,0.6023862618722988,0.10330846844253251,0.9695470572720162
320,0.8,1.4,/eos/uscms/store/user/aji/rootfiles_particleTransformer/WbWb_4000_1000_jetPtCut320_ak8_ca14.root,ok,,1000,999,0.999,0.0009994998749374613,0.47147147147147145,0.015793529010915058,0.471,0.28128128128128127,0.43293293293293295,0.2172172172172172,979.9066843397121,183.82573766074142,1155.3344132716368,0.4957148936408799,0.1998142259846145,0.9701956966783801
280,0.8,0.8,/eos/uscms/store/user/aji/rootfiles_particleTransformer/WbWb_4000_1000_jetPtCut280_ak8_ca8.root,ok,,1000,1000,1.0,0.0,0.356,0.015141466243399283,0.356,0.2085,0.4055,0.219,1022.3904755437886,217.23102136506503,1471.6409403226821,0.6134690947166844,0.09454309610862816,0.9717081422710633
320,0.8,1.6,/eos/uscms/store/user/aji/rootfiles_particleTransformer/WbWb_4000_1000_jetPtCut320_ak8_ca16.root,ok,,1000,999,0.999,0.0009994998749374613,0.47847847847847846,0.01580463889882084,0.478,0.2847847847847848,0.44094094094094094,0.2172172172172172,974.3095835226718,182.09450430778386,1137.9273128290088,0.49051801639133885,0.23770350559261857,0.9725655365175502
400,1.0,1.4,/eos/uscms/store/user/aji/rootfiles_particleTransformer/WbWb_4000_1000_jetPtCut400_ak10_ca14.root,ok,,1000,999,0.999,0.0009994998749374613,0.45045045045045046,0.015741430518673036,0.45,0.2887887887887888,0.22722722722722724,0.07607607607607608,974.2363140626827,230.5498102043409,1244.195787801015,0.5202259261768063,0.2701649681528981,0.9742527452209885
220,0.4,1.6,/eos/uscms/store/user/aji/rootfiles_particleTransformer/WbWb_4000_1000_jetPtCut220_ak4_ca16.root,ok,,1000,1000,1.0,0.0,0.442,0.01570464899321217,0.442,0.253,0.489,0.263,878.2064564220329,102.6259808286871,1020.229371363901,0.5224303373227811,0.2132560447946033,0.9766096916805778
280,0.6,1.4,/eos/uscms/store/user/aji/rootfiles_particleTransformer/WbWb_4000_1000_jetPtCut280_ak6_ca14.root,ok,,1000,1000,1.0,0.0,0.467,0.015776913513105152,0.467,0.2735,0.512,0.295,930.5294745891199,133.8766016094783,1073.1878246368517,0.504718683651655,0.1785167799104026,0.978665736192743
320,0.8,1.2,/eos/uscms/store/user/aji/rootfiles_particleTransformer/WbWb_4000_1000_jetPtCut320_ak8_ca12.root,ok,,1000,999,0.999,0.0009994998749374613,0.4594594594594595,0.01576721502492825,0.459,0.2752752752752753,0.4149149149149149,0.2082082082082082,988.0327337634299,185.0713607459809,1208.2718057685952,0.5177968350933223,0.16823973318575372,0.9794530211764388
100,1.4,1.2,/eos/uscms/store/user/aji/rootfiles_particleTransformer/WbWb_4000_1000_jetPtCut100_ak14_ca12.root,ok,,1000,1000,1.0,0.0,0.0,0.0,0.0,0.0,0.053,0.023,3060.4615825230767,1345.7632497567583,6084.179076885933,0.7741341786788212,0.02502492828338667,0.9801803369311288
280,0.6,1.2,/eos/uscms/store/user/aji/rootfiles_particleTransformer/WbWb_4000_1000_jetPtCut280_ak6_ca12.root,ok,,1000,1000,1.0,0.0,0.451,0.01573527883451704,0.451,0.2655,0.496,0.285,937.1363021502847,135.69770813771356,1117.3681636510205,0.5237607663158697,0.14952672820427465,0.9810471361008413
400,1.0,1.6,/eos/uscms/store/user/aji/rootfiles_particleTransformer/WbWb_4000_1000_jetPtCut400_ak10_ca16.root,ok,,1000,999,0.999,0.0009994998749374613,0.46146146146146144,0.015772239682172774,0.461,0.29429429429429427,0.23123123123123124,0.07807807807807808,969.6541542337707,229.6434273557069,1229.5292767029534,0.5155889060968162,0.2969490588770451,0.9810849521349005
200,0.4,0.4,/eos/uscms/store/user/aji/rootfiles_particleTransformer/WbWb_4000_1000_jetPtCut200_ak4_ca4.root,ok,,1000,1000,1.0,0.0,0.314,0.01467664811869522,0.314,0.1805,0.467,0.287,921.8837107664042,167.69792739344933,1384.2834512803038,0.6598367612306822,0.08287528393105192,0.9816483901540418
280,0.6,1.6,/eos/uscms/store/user/aji/rootfiles_particleTransformer/WbWb_4000_1000_jetPtCut280_ak6_ca16.root,ok,,1000,1000,1.0,0.0,0.476,0.01579316307773715,0.476,0.278,0.5155,0.292,925.2051682721346,133.39139311209013,1061.399743909834,0.5015148977879383,0.2110634085081573,0.9849943809607249
220,0.4,1.2,/eos/uscms/store/user/aji/rootfiles_particleTransformer/WbWb_4000_1000_jetPtCut220_ak4_ca12.root,ok,,1000,1000,1.0,0.0,0.41,0.01555313473226539,0.41,0.237,0.4805,0.267,893.3301852619475,104.83845435875097,1127.9567077442498,0.5726428314327553,0.14605024088987467,0.9933098129065605
240,0.6,1.0,/eos/uscms/store/user/aji/rootfiles_particleTransformer/WbWb_4000_1000_jetPtCut240_ak6_ca10.root,ok,,1000,1000,1.0,0.0,0.36,0.015178932768808221,0.36,0.205,0.488,0.31,965.760056228455,156.74846165814458,1376.9053719586666,0.6317081051506485,0.09357775546979186,0.995132099527803
120,1.2,1.6,/eos/uscms/store/user/aji/rootfiles_particleTransformer/WbWb_4000_1000_jetPtCut120_ak12_ca16.root,ok,,1000,1000,1.0,0.0,0.024,0.004839834707921336,0.024,0.012,0.1565,0.051,1502.080436591561,1061.8102072363574,3831.7702955816285,0.9220411972845853,0.09504129985440368,0.9962492409437415
240,0.6,0.6,/eos/uscms/store/user/aji/rootfiles_particleTransformer/WbWb_4000_1000_jetPtCut240_ak6_ca6.root,ok,,1000,1000,1.0,0.0,0.347,0.01505293991218991,0.347,0.1985,0.4845,0.312,969.9481189416437,167.53466530670391,1430.595668895453,0.6510971973258398,0.08431516731855615,1.0011023854316754
300,0.8,1.0,/eos/uscms/store/user/aji/rootfiles_particleTransformer/WbWb_4000_1000_jetPtCut300_ak8_ca10.root,ok,,1000,1000,1.0,0.0,0.408,0.015541428505771277,0.408,0.241,0.398,0.205,1011.1002748428265,198.3715802080367,1406.2375346781853,0.5973027525177506,0.11112961767098607,1.0064127800020333
100,1.4,1.6,/eos/uscms/store/user/aji/rootfiles_particleTransformer/WbWb_4000_1000_jetPtCut100_ak14_ca16.root,ok,,1000,1000,1.0,0.0,0.005,0.0022304708023195463,0.005,0.0025,0.0725,0.021,2937.1225757065067,1273.819693218061,6022.5966088408295,0.8084063217008367,0.0855089325717253,1.0071185792714874
100,1.4,1.4,/eos/uscms/store/user/aji/rootfiles_particleTransformer/WbWb_4000_1000_jetPtCut100_ak14_ca14.root,ok,,1000,1000,1.0,0.0,0.004,0.001995995991979944,0.004,0.002,0.068,0.022,2956.4903267943664,1290.6717229923202,6070.422635755473,0.8083488164065284,0.06294668333739156,1.0079978490859651
300,0.8,0.8,/eos/uscms/store/user/aji/rootfiles_particleTransformer/WbWb_4000_1000_jetPtCut300_ak8_ca8.root,ok,,1000,1000,1.0,0.0,0.398,0.015478888849009803,0.398,0.236,0.3995,0.207,1012.4174741915583,202.40300151021927,1436.137396421572,0.6093012153393154,0.10499739871770991,1.0085429627584712
240,0.6,0.8,/eos/uscms/store/user/aji/rootfiles_particleTransformer/WbWb_4000_1000_jetPtCut240_ak6_ca8.root,ok,,1000,1000,1.0,0.0,0.356,0.015141466243399283,0.356,0.203,0.4835,0.309,969.8925048844671,157.46600619515263,1424.9384089725065,0.6534087006520038,0.08630271899156292,1.012419450163557
240,0.4,1.4,/eos/uscms/store/user/aji/rootfiles_particleTransformer/WbWb_4000_1000_jetPtCut240_ak4_ca14.root,ok,,1000,1000,1.0,0.0,0.477,0.01579465099329517,0.477,0.2795,0.482,0.25,870.9780741838201,98.72798796260818,1011.8416659158313,0.5241886707704368,0.22430477334816487,1.014090863352055
200,0.4,0.6,/eos/uscms/store/user/aji/rootfiles_particleTransformer/WbWb_4000_1000_jetPtCut200_ak4_ca6.root,ok,,1000,1000,1.0,0.0,0.326,0.01482309009619789,0.326,0.1865,0.466,0.285,921.5812011572827,125.80635446580153,1380.0319243610963,0.6804748015260572,0.08692504729108874,1.014316681410329
140,1.4,1.6,/eos/uscms/store/user/aji/rootfiles_particleTransformer/WbWb_4000_1000_jetPtCut140_ak14_ca16.root,ok,,1000,1000,1.0,0.0,0.007,0.0026364749192814255,0.007,0.0035,0.1255,0.042,1674.277903332287,1088.4317174791224,4240.609274550045,0.9413543446990481,0.1004223721185366,1.0157821350322769
140,1.4,1.4,/eos/uscms/store/user/aji/rootfiles_particleTransformer/WbWb_4000_1000_jetPtCut140_ak14_ca14.root,ok,,1000,1000,1.0,0.0,0.006,0.002442130217658346,0.006,0.003,0.119,0.043,1718.0967791450105,1099.1466658938346,4322.759339906832,0.9381347759749565,0.07288896664065302,1.0159444538894575
200,0.4,1.0,/eos/uscms/store/user/aji/rootfiles_particleTransformer/WbWb_4000_1000_jetPtCut200_ak4_ca10.root,ok,,1000,1000,1.0,0.0,0.338,0.014958475858188226,0.338,0.1925,0.4645,0.279,916.4605629160266,122.59666628823987,1351.0848581954697,0.6702351642924943,0.10007927800639321,1.0165891080008915
240,0.4,1.2,/eos/uscms/store/user/aji/rootfiles_particleTransformer/WbWb_4000_1000_jetPtCut240_ak4_ca12.root,ok,,1000,1000,1.0,0.0,0.467,0.015776913513105152,0.467,0.2745,0.467,0.241,880.4621139453906,99.32199768170864,1052.101788401377,0.5410680230465676,0.1816848161130771,1.0200218116520285
340,0.8,1.4,/eos/uscms/store/user/aji/rootfiles_particleTransformer/WbWb_4000_1000_jetPtCut340_ak8_ca14.root,ok,,1000,999,0.999,0.0009994998749374613,0.5185185185185185,0.015808446205852193,0.518,0.3153153153153153,0.4199199199199199,0.2022022022022022,964.3713115581808,176.26534940741186,1134.8670287739774,0.4970086044024407,0.23770350559261857,1.0200899917651411
120,1.4,1.2,/eos/uscms/store/user/aji/rootfiles_particleTransformer/WbWb_4000_1000_jetPtCut120_ak14_ca12.root,ok,,1000,1000,1.0,0.0,0.001,0.0009994998749374609,0.001,0.0005,0.075,0.033,2222.7537181357075,1197.3013304963124,5187.046971501215,0.8974781165479786,0.030538617110981943,1.0207534883615494
200,0.4,0.8,/eos/uscms/store/user/aji/rootfiles_particleTransformer/WbWb_4000_1000_jetPtCut200_ak4_ca8.root,ok,,1000,1000,1.0,0.0,0.333,0.014903388876359632,0.333,0.19,0.462,0.281,920.6629666518178,123.74282752795654,1379.3708996470652,0.6819151620084498,0.09043094005395942,1.0228488653432681
240,0.4,1.6,/eos/uscms/store/user/aji/rootfiles_particleTransformer/WbWb_4000_1000_jetPtCut240_ak4_ca16.root,ok,,1000,1000,1.0,0.0,0.489,0.015807561481771943,0.489,0.2855,0.4805,0.243,865.6463940826026,97.52746128513589,998.7928125133185,0.5205736183902946,0.2692216847308795,1.0230089789820345
340,0.8,1.6,/eos/uscms/store/user/aji/rootfiles_particleTransformer/WbWb_4000_1000_jetPtCut340_ak8_ca16.root,ok,,1000,999,0.999,0.0009994998749374613,0.5245245245245245,0.015800259361565514,0.524,0.3183183183183183,0.42842842842842843,0.2012012012012012,958.1279928865505,174.84754550347267,1121.4944772941992,0.4940085973997926,0.2743400255595883,1.0237203226356621
340,0.8,1.2,/eos/uscms/store/user/aji/rootfiles_particleTransformer/WbWb_4000_1000_jetPtCut340_ak8_ca12.root,ok,,1000,999,0.999,0.0009994998749374613,0.5075075075075075,0.015817516592758388,0.507,0.3098098098098098,0.4039039039039039,0.1931931931931932,971.4231487429038,176.7228587989838,1172.9353134061325,0.5127592727722848,0.19987620214294277,1.0241244654055017
300,0.6,1.2,/eos/uscms/store/user/aji/rootfiles_particleTransformer/WbWb_4000_1000_jetPtCut300_ak6_ca12.root,ok,,1000,999,0.999,0.0009994998749374613,0.4994994994994995,0.015819292003713306,0.499,0.2997997997997998,0.4804804804804805,0.2602602602602603,926.0860273614857,129.21611510418379,1085.4911889742712,0.5162992668157479,0.18617080109231882,1.0241901635790986
300,0.6,1.4,/eos/uscms/store/user/aji/rootfiles_particleTransformer/WbWb_4000_1000_jetPtCut300_ak6_ca14.root,ok,,1000,999,0.999,0.0009994998749374613,0.5125125125125125,0.01581434572030046,0.512,0.3063063063063063,0.495995995995996,0.26926926926926925,921.4769391224654,128.22585650381984,1062.5711468033783,0.5069824596963586,0.21169045608563586,1.0283472782966245
260,0.6,1.0,/eos/uscms/store/user/aji/rootfiles_particleTransformer/WbWb_4000_1000_jetPtCut260_ak6_ca10.root,ok,,1000,1000,1.0,0.0,0.407,0.015535475531827147,0.407,0.2375,0.475,0.287,957.6988950289235,143.80598892446045,1325.9902073091962,0.6172003666919927,0.110408338737076,1.0284304771891004
300,0.6,1.6,/eos/uscms/store/user/aji/rootfiles_particleTransformer/WbWb_4000_1000_jetPtCut300_ak6_ca16.root,ok,,1000,999,0.999,0.0009994998749374613,0.5195195195195195,0.01580724065784228,0.519,0.3098098098098098,0.4994994994994995,0.2672672672672673,915.6522913133786,128.04426858891787,1053.6954349723615,0.5054599738158919,0.2537900243143702,1.0344142642040737
260,0.6,0.6,/eos/uscms/store/user/aji/rootfiles_particleTransformer/WbWb_4000_1000_jetPtCut260_ak6_ca6.root,ok,,1000,1000,1.0,0.0,0.392,0.015438134602341048,0.392,0.23,0.472,0.289,963.3277085719221,148.43426523375223,1389.9843719439702,0.6444069321699178,0.09405837394201587,1.0400741613127256
160,1.6,1.4,/eos/uscms/store/user/aji/rootfiles_particleTransformer/WbWb_4000_1000_jetPtCut160_ak16_ca14.root,ok,,1000,1000,1.0,0.0,0.002,0.0014127986409959489,0.002,0.001,0.0875,0.032,1871.8518280643111,1143.9668611551479,4711.794396565575,0.953020821925828,0.05405739489302755,1.0422060047322592
120,1.4,1.4,/eos/uscms/store/user/aji/rootfiles_particleTransformer/WbWb_4000_1000_jetPtCut120_ak14_ca14.root,ok,,1000,1000,1.0,0.0,0.005,0.0022304708023195463,0.005,0.0025,0.094,0.03,2188.849078786943,1157.2029117844522,5187.967268432448,0.9207497208719934,0.07045587940827988,1.0446346287506878
320,0.8,0.8,/eos/uscms/store/user/aji/rootfiles_particleTransformer/WbWb_4000_1000_jetPtCut320_ak8_ca8.root,ok,,1000,999,0.999,0.0009994998749374613,0.44544544544544545,0.015724855218697664,0.445,0.2682682682682683,0.38288288288288286,0.1891891891891892,1001.8581373891658,192.99210956542186,1392.5770654532957,0.598680048162299,0.12053556085654879,1.045311307346661
280,0.6,1.0,/eos/uscms/store/user/aji/rootfiles_particleTransformer/WbWb_4000_1000_jetPtCut280_ak6_ca10.root,ok,,1000,1000,1.0,0.0,0.447,0.015722308990730335,0.447,0.2635,0.4665,0.271,948.0496137289838,136.17621244132195,1268.936974618761,0.5974163934954454,0.12669292265173132,1.0496114321225471
220,0.4,0.4,/eos/uscms/store/user/aji/rootfiles_particleTransformer/WbWb_4000_1000_jetPtCut220_ak4_ca4.root,ok,,1000,1000,1.0,0.0,0.381,0.015357050498061143,0.381,0.2225,0.453,0.264,913.401446554398,111.90014374874626,1320.700711105193,0.6617027879233034,0.10136072606761262,1.0513626432678636
260,0.6,0.8,/eos/uscms/store/user/aji/rootfiles_particleTransformer/WbWb_4000_1000_jetPtCut260_ak6_ca8.root,ok,,1000,1000,1.0,0.0,0.404,0.015517216245190372,0.404,0.236,0.4705,0.286,962.937025085188,144.95400071413047,1384.906000232433,0.6438385726255608,0.0970942982760791,1.051544870117042
140,1.6,1.4,/eos/uscms/store/user/aji/rootfiles_particleTransformer/WbWb_4000_1000_jetPtCut140_ak16_ca14.root,ok,,1000,1000,1.0,0.0,0.002,0.0014127986409959489,0.002,0.001,0.07,0.028,2303.2593839949122,1198.2339756449153,5436.389606341815,0.9200343782700641,0.04925022362158353,1.0523603166695552
120,1.4,1.6,/eos/uscms/store/user/aji/rootfiles_particleTransformer/WbWb_4000_1000_jetPtCut120_ak14_ca16.root,ok,,1000,1000,1.0,0.0,0.006,0.002442130217658346,0.006,0.003,0.1,0.029,2134.3746537965408,1138.2166282466292,5121.629593224914,0.9331569220738141,0.09640184267123023,1.0525943874534682
320,0.8,1.0,/eos/uscms/store/user/aji/rootfiles_particleTransformer/WbWb_4000_1000_jetPtCut320_ak8_ca10.root,ok,,1000,999,0.999,0.0009994998749374613,0.4574574574574575,0.01576193422916936,0.457,0.27427427427427425,0.37987987987987987,0.1871871871871872,1000.1784286242633,185.41171240958747,1374.7802589670064,0.5945781835114086,0.13335001786112252,1.0530534838312922
140,1.6,1.6,/eos/uscms/store/user/aji/rootfiles_particleTransformer/WbWb_4000_1000_jetPtCut140_ak16_ca16.root,ok,,1000,1000,1.0,0.0,0.003,0.001729450779872038,0.003,0.0015,0.0795,0.025,2294.5297457141596,1167.3866798132829,5408.666312055615,0.9242154389509248,0.08800319052160915,1.0566684135223408
340,0.8,0.8,/eos/uscms/store/user/aji/rootfiles_particleTransformer/WbWb_4000_1000_jetPtCut340_ak8_ca8.root,ok,,1000,999,0.999,0.0009994998749374613,0.4864864864864865,0.01581352118931533,0.486,0.2992992992992993,0.3743743743743744,0.17717717717717718,984.9438254817542,183.88063442142578,1314.8943825527738,0.5741513977094828,0.1466111860505959,1.0631435016477937
220,0.4,1.0,/eos/uscms/store/user/aji/rootfiles_particleTransformer/WbWb_4000_1000_jetPtCut220_ak4_ca10.root,ok,,1000,1000,1.0,0.0,0.404,0.015517216245190372,0.404,0.234,0.4545,0.261,902.9900680733915,105.76152693697064,1281.2829816304252,0.6509049746258742,0.11629265491566498,1.064605967818535
100,1.2,1.0,/eos/uscms/store/user/aji/rootfiles_particleTransformer/WbWb_4000_1000_jetPtCut100_ak12_ca10.root,ok,,1000,1000,1.0,0.0,0.005,0.0022304708023195463,0.005,0.0025,0.088,0.054,2124.949668141837,1166.2756369750261,5202.208250909878,0.949653696377683,0.014842845141696502,1.0671486631918667
260,0.4,1.4,/eos/uscms/store/user/aji/rootfiles_particleTransformer/WbWb_4000_1000_jetPtCut260_ak4_ca14.root,ok,,1000,1000,1.0,0.0,0.528,0.015786576576319513,0.528,0.315,0.466,0.238,860.7360269864554,94.59892061489029,999.4506596273371,0.5256267372590677,0.27285828620515373,1.0675531345604221
260,0.4,1.2,/eos/uscms/store/user/aji/rootfiles_particleTransformer/WbWb_4000_1000_jetPtCut260_ak4_ca12.root,ok,,1000,1000,1.0,0.0,0.519,0.01579996835439869,0.519,0.3105,0.452,0.229,867.8262359491397,94.84763167526661,1025.4400451095817,0.5361628716009768,0.22347258178398333,1.0683802480060627
220,0.4,0.6,/eos/uscms/store/user/aji/rootfiles_particleTransformer/WbWb_4000_1000_jetPtCut220_ak4_ca6.root,ok,,1000,1000,1.0,0.0,0.396,0.01546557467409472,0.396,0.23,0.4525,0.263,913.2279853121898,106.15692641667839,1320.700711105193,0.6649729334966225,0.10506411872095647,1.0696501349654035
280,0.6,0.6,/eos/uscms/store/user/aji/rootfiles_particleTransformer/WbWb_4000_1000_jetPtCut280_ak6_ca6.root,ok,,1000,1000,1.0,0.0,0.437,0.01568537535413163,0.437,0.2585,0.461,0.271,951.6174335615584,141.18612829495277,1336.30313583035,0.6279398450396754,0.10891945937851152,1.0697781016835195
160,1.6,1.6,/eos/uscms/store/user/aji/rootfiles_particleTransformer/WbWb_4000_1000_jetPtCut160_ak16_ca16.root,ok,,1000,1000,1.0,0.0,0.002,0.0014127986409959489,0.002,0.001,0.096,0.028,1787.773418654538,1116.1537284707956,4657.921281320569,0.9905526941762214,0.09875326006186717,1.071330036041675
220,0.4,0.8,/eos/uscms/store/user/aji/rootfiles_particleTransformer/WbWb_4000_1000_jetPtCut220_ak4_ca8.root,ok,,1000,1000,1.0,0.0,0.401,0.015498354751392161,0.401,0.2325,0.451,0.261,911.6521462122364,105.97599753903037,1318.1422787617835,0.6648184212910061,0.1079402875290065,1.0746532066697825
360,0.8,1.4,/eos/uscms/store/user/aji/rootfiles_particleTransformer/WbWb_4000_1000_jetPtCut360_ak8_ca14.root,ok,,1000,999,0.999,0.0009994998749374613,0.5625625625625625,0.015694975566200448,0.562,0.3563563563563564,0.3923923923923924,0.17917917917917917,939.9616760325111,165.87321846441378,1122.7486498882947,0.5089970452108011,0.25353787192411914,1.0785634401701123
320,0.6,1.2,/eos/uscms/store/user/aji/rootfiles_particleTransformer/WbWb_4000_1000_jetPtCut320_ak6_ca12.root,ok,,1000,999,0.999,0.0009994998749374613,0.5505505505505506,0.01573824431673398,0.55,0.34134134134134136,0.45545545545545546,0.23423423423423423,909.6878923708282,123.76264299006976,1066.5153857345324,0.5181737333490616,0.2104251628033611,1.0787554946625293
360,0.8,1.2,/eos/uscms/store/user/aji/rootfiles_particleTransformer/WbWb_4000_1000_jetPtCut360_ak8_ca12.root,ok,,1000,999,0.999,0.0009994998749374613,0.5535535535535535,0.01572829921822715,0.553,0.35185185185185186,0.37787787787787785,0.17117117117117117,946.3499228011385,166.61576152749245,1149.5670206274906,0.5193381620355195,0.21885400812121428,1.079256723308959
260,0.4,1.6,/eos/uscms/store/user/aji/rootfiles_particleTransformer/WbWb_4000_1000_jetPtCut260_ak4_ca16.root,ok,,1000,1000,1.0,0.0,0.537,0.015768037290671277,0.537,0.3195,0.4655,0.231,852.2032101218763,94.03566698888041,993.6420296185228,0.5278121180164217,0.32104320495344063,1.0795917970042341
340,0.8,1.0,/eos/uscms/store/user/aji/rootfiles_particleTransformer/WbWb_4000_1000_jetPtCut340_ak8_ca10.root,ok,,1000,999,0.999,0.0009994998749374613,0.5035035035035035,0.015818911575283163,0.503,0.3078078078078078,0.3718718718718719,0.17417417417417416,982.0357786835498,177.27475252720456,1303.4594198834623,0.5733928904636978,0.1683704588753846,1.0796928160988464
280,0.6,0.8,/eos/uscms/store/user/aji/rootfiles_particleTransformer/WbWb_4000_1000_jetPtCut280_ak6_ca8.root,ok,,1000,1000,1.0,0.0,0.446,0.01571890581433708,0.446,0.263,0.4605,0.269,952.2490565843246,136.51986645726475,1334.9720642880568,0.6292745524629803,0.11828859542181665,1.0800496468045477
360,0.8,1.6,/eos/uscms/store/user/aji/rootfiles_particleTransformer/WbWb_4000_1000_jetPtCut360_ak8_ca16.root,ok,,1000,999,0.999,0.0009994998749374613,0.5695695695695696,0.01566542308622321,0.569,0.35985985985985985,0.4009009009009009,0.17917917917917917,933.839971174116,165.02972684011183,1111.809402881536,0.5069282239284741,0.2900190068905529,1.084113796380632
320,0.6,1.4,/eos/uscms/store/user/aji/rootfiles_particleTransformer/WbWb_4000_1000_jetPtCut320_ak6_ca14.root,ok,,1000,999,0.999,0.0009994998749374613,0.5625625625625625,0.015694975566200448,0.562,0.34734734734734735,0.47097097097097096,0.24324324324324326,902.2941296768477,123.6399218298102,1049.8239746168983,0.5132384343001304,0.248307251042833,1.086571583895008
100,1.2,1.2,/eos/uscms/store/user/aji/rootfiles_particleTransformer/WbWb_4000_1000_jetPtCut100_ak12_ca12.root,ok,,1000,1000,1.0,0.0,0.009,0.002986469487538756,0.009,0.0045,0.1045,0.046,2124.9329430936405,1151.3037142690098,5265.071227654929,0.9679758428980777,0.04811355063600552,1.0894691372074417
320,0.6,1.6,/eos/uscms/store/user/aji/rootfiles_particleTransformer/WbWb_4000_1000_jetPtCut320_ak6_ca16.root,ok,,1000,999,0.999,0.0009994998749374613,0.5675675675675675,0.015674192295525767,0.567,0.34984984984984985,0.47597597597597596,0.24224224224224225,895.2981317860617,123.17932627295154,1039.4399736397775,0.5117070028611281,0.27941737013285484,1.0907447572500892
300,0.6,1.0,/eos/uscms/store/user/aji/rootfiles_particleTransformer/WbWb_4000_1000_jetPtCut300_ak6_ca10.root,ok,,1000,999,0.999,0.0009994998749374613,0.4984984984984985,0.015819228599610276,0.498,0.2992992992992993,0.45095095095095095,0.24624624624624625,936.251860390794,129.30120597628925,1234.2668010182965,0.5901006138352514,0.15097441960929137,1.0959739262946702
240,0.4,0.4,/eos/uscms/store/user/aji/rootfiles_particleTransformer/WbWb_4000_1000_jetPtCut240_ak4_ca4.root,ok,,1000,1000,1.0,0.0,0.439,0.015693278816104682,0.439,0.2605,0.436,0.234,898.5673940744348,103.50625533269172,1276.7614042968619,0.6528476087053415,0.12521709662495237,1.1019908692978981
360,0.8,0.8,/eos/uscms/store/user/aji/rootfiles_particleTransformer/WbWb_4000_1000_jetPtCut360_ak8_ca8.root,ok,,1000,999,0.999,0.0009994998749374613,0.5255255255255256,0.01579867227308162,0.525,0.33783783783783783,0.3483483483483483,0.15415415415415415,959.9730199848161,174.47831382782007,1284.448430939186,0.5781256837452172,0.15915804903475964,1.1086539072722612
240,0.4,1.0,/eos/uscms/store/user/aji/rootfiles_particleTransformer/WbWb_4000_1000_jetPtCut240_ak4_ca10.root,ok,,1000,1000,1.0,0.0,0.464,0.015770351930125086,0.464,0.273,0.438,0.232,891.7745750221488,99.52534954951003,1230.280775869668,0.6339917384906795,0.14298307059628612,1.1088142809884647
100,1.2,1.4,/eos/uscms/store/user/aji/rootfiles_particleTransformer/WbWb_4000_1000_jetPtCut100_ak12_ca14.root,ok,,1000,1000,1.0,0.0,0.015,0.003843826218756514,0.015,0.0075,0.116,0.045,2042.014095673105,1123.9951307806944,5169.153411998386,0.9904824579294333,0.06970937596178078,1.1096838674967437
300,0.6,0.6,/eos/uscms/store/user/aji/rootfiles_particleTransformer/WbWb_4000_1000_jetPtCut300_ak6_ca6.root,ok,,1000,999,0.999,0.0009994998749374613,0.4874874874874875,0.01581434572030046,0.487,0.2937937937937938,0.44544544544544545,0.24624624624624625,940.3891258463498,133.44198171910674,1305.5182163223094,0.623186828935487,0.1360421319443802,1.1176354038383396
240,0.4,0.6,/eos/uscms/store/user/aji/rootfiles_particleTransformer/WbWb_4000_1000_jetPtCut240_ak4_ca6.root,ok,,1000,1000,1.0,0.0,0.456,0.015750047618975634,0.456,0.269,0.4345,0.233,898.049923638797,100.13299246180735,1273.334326010916,0.6531938273517295,0.1298939928721831,1.1193888349878498
380,0.8,0.8,/eos/uscms/store/user/aji/rootfiles_particleTransformer/WbWb_4000_1000_jetPtCut380_ak8_ca8.root,ok,,1000,999,0.999,0.0009994998749374613,0.5555555555555556,0.01572134666585218,0.555,0.36986986986986986,0.3333333333333333,0.14114114114114115,937.9416493372596,169.33145742937148,1213.84477613228,0.5568114602016828,0.15307411010034655,1.1195728508235123
380,0.8,1.2,/eos/uscms/store/user/aji/rootfiles_particleTransformer/WbWb_4000_1000_jetPtCut380_ak8_ca12.root,ok,,1000,999,0.999,0.0009994998749374613,0.5855855855855856,0.015585827715124338,0.585,0.38488488488488487,0.36186186186186187,0.15715715715715717,915.0196440406648,162.37735224170333,1128.0900222413775,0.5277005123819815,0.21885400812121428,1.1227841335635005
280,0.4,1.2,/eos/uscms/store/user/aji/rootfiles_particleTransformer/WbWb_4000_1000_jetPtCut280_ak4_ca12.root,ok,,1000,1000,1.0,0.0,0.567,0.015668790636165896,0.567,0.348,0.435,0.206,844.0985603260935,92.40092090530001,1004.7998278322177,0.5404575661013082,0.2855087001958141,1.1230477100686989
240,0.4,0.8,/eos/uscms/store/user/aji/rootfiles_particleTransformer/WbWb_4000_1000_jetPtCut240_ak4_ca8.root,ok,,1000,1000,1.0,0.0,0.462,0.01576565888252058,0.462,0.272,0.4335,0.231,897.4562418075068,99.98877842672107,1269.868290482306,0.6517752384781507,0.1346865020355317,1.1240296142974
380,0.8,1.4,/eos/uscms/store/user/aji/rootfiles_particleTransformer/WbWb_4000_1000_jetPtCut380_ak8_ca14.root,ok,,1000,999,0.999,0.0009994998749374613,0.5925925925925926,0.015545683647786586,0.592,0.3883883883883884,0.3738738738738739,0.16416416416416416,908.8263715298498,162.01718241701434,1111.485545306215,0.5223596016975923,0.24348824946275738,1.1250695571371998
300,0.6,0.8,/eos/uscms/store/user/aji/rootfiles_particleTransformer/WbWb_4000_1000_jetPtCut300_ak6_ca8.root,ok,,1000,999,0.999,0.0009994998749374613,0.4974974974974975,0.015819101790641832,0.497,0.2987987987987988,0.44544544544544545,0.24424424424424424,941.4409016416898,129.4057150803649,1303.7673197037163,0.6237043677279653,0.14503959802059746,1.128057775061294
280,0.4,1.4,/eos/uscms/store/user/aji/rootfiles_particleTransformer/WbWb_4000_1000_jetPtCut280_ak4_ca14.root,ok,,1000,1000,1.0,0.0,0.575,0.015632498200863484,0.575,0.352,0.4485,0.214,835.3363763894838,92.0258841428094,989.0244757714976,0.5369086136926795,0.3339727603687397,1.1283749760537312
100,1.2,1.6,/eos/uscms/store/user/aji/rootfiles_particleTransformer/WbWb_4000_1000_jetPtCut100_ak12_ca16.root,ok,,1000,1000,1.0,0.0,0.018,0.004204283529925164,0.018,0.009,0.1185,0.04,1984.4528608015667,1114.236394738629,5133.688496470102,1.0127355960745579,0.08874994773374828,1.1291808821547145
260,0.4,0.4,/eos/uscms/store/user/aji/rootfiles_particleTransformer/WbWb_4000_1000_jetPtCut260_ak4_ca4.root,ok,,1000,1000,1.0,0.0,0.493,0.015809838708854686,0.493,0.2975,0.4235,0.221,887.9390312637383,99.10000966804472,1218.4437218063792,0.6303043749215838,0.14997224047988628,1.13451047179521
380,0.8,1.6,/eos/uscms/store/user/aji/rootfiles_particleTransformer/WbWb_4000_1000_jetPtCut380_ak8_ca16.root,ok,,1000,999,0.999,0.0009994998749374613,0.6006006006006006,0.015495794229325453,0.6,0.3923923923923924,0.3813813813813814,0.16516516516516516,899.9993934134917,161.3059147416333,1103.6347093467227,0.5235163498449994,0.2808524295225428,1.1351170111042506
360,0.8,1.0,/eos/uscms/store/user/aji/rootfiles_particleTransformer/WbWb_4000_1000_jetPtCut360_ak8_ca10.root,ok,,1000,999,0.999,0.0009994998749374613,0.5505505505505506,0.01573824431673398,0.55,0.35035035035035034,0.3458458458458458,0.15215215215215216,956.8038629296993,167.18899091651065,1277.6604960291663,0.5803025824500915,0.18245843462827496,1.1361727467076719
280,0.4,1.6,/eos/uscms/store/user/aji/rootfiles_particleTransformer/WbWb_4000_1000_jetPtCut280_ak4_ca16.root,ok,,1000,1000,1.0,0.0,0.582,0.015597307459943206,0.582,0.3555,0.449,0.208,830.8838236047529,91.63866298732908,985.0731346226069,0.5376410313051658,0.3844801125267785,1.1365526489446904
340,0.6,1.2,/eos/uscms/store/user/aji/rootfiles_particleTransformer/WbWb_4000_1000_jetPtCut340_ak6_ca12.root,ok,,1000,999,0.999,0.0009994998749374613,0.5965965965965966,0.015521275963447332,0.596,0.3808808808808809,0.43593593593593594,0.21521521521521522,879.6812893153016,120.20127079021485,1048.610023640253,0.527696089553447,0.24611479399718317,1.1373245572185136
320,0.6,1.0,/eos/uscms/store/user/aji/rootfiles_particleTransformer/WbWb_4000_1000_jetPtCut320_ak6_ca10.root,ok,,1000,999,0.999,0.0009994998749374613,0.5485485485485485,0.015744552371000975,0.548,0.34034034034034033,0.4244244244244244,0.22022022022022023,919.8694291271586,123.89763684691216,1191.8857506607312,0.5805107116274136,0.17961560053730485,1.138072317263246
260,0.4,1.0,/eos/uscms/store/user/aji/rootfiles_particleTransformer/WbWb_4000_1000_jetPtCut260_ak4_ca10.root,ok,,1000,1000,1.0,0.0,0.516,0.015803290796539814,0.516,0.309,0.4235,0.218,879.6794913584264,95.05047756716996,1173.728539902721,0.6131085656378241,0.18660880957606868,1.1411406165019815
340,0.6,1.4,/eos/uscms/store/user/aji/rootfiles_particleTransformer/WbWb_4000_1000_jetPtCut340_ak6_ca14.root,ok,,1000,999,0.999,0.0009994998749374613,0.6076076076076076,0.015448600650124081,0.607,0.3863863863863864,0.44744744744744747,0.22122122122122123,873.2667699799201,120.04434831419111,1034.0003881928808,0.5232971591829294,0.27999284405147706,1.144578089792545
260,0.4,0.6,/eos/uscms/store/user/aji/rootfiles_particleTransformer/WbWb_4000_1000_jetPtCut260_ak4_ca6.root,ok,,1000,1000,1.0,0.0,0.509,0.015808826648426505,0.509,0.3055,0.4205,0.219,886.6543166069632,95.27308946397754,1208.8792651068027,0.627982154253959,0.16139776344123427,1.1483167225932627
320,0.6,0.6,/eos/uscms/store/user/aji/rootfiles_particleTransformer/WbWb_4000_1000_jetPtCut320_ak6_ca6.root,ok,,1000,999,0.999,0.0009994998749374613,0.5355355355355356,0.015779296940172233,0.535,0.33383383383383386,0.4199199199199199,0.22122122122122123,924.9937840270361,128.04426858891787,1248.5013779913327,0.6056565615632643,0.15046405115199563,1.1496927186960963
380,0.8,1.0,/eos/uscms/store/user/aji/rootfiles_particleTransformer/WbWb_4000_1000_jetPtCut380_ak8_ca10.root,ok,,1000,999,0.999,0.0009994998749374613,0.5835835835835835,0.015596699702081945,0.583,0.3838838838838839,0.32982982982982983,0.13813813813813813,932.5733187713165,162.44758561044125,1205.3947499029753,0.5591770337514252,0.18165696664965356,1.150503285457877
340,0.6,1.6,/eos/uscms/store/user/aji/rootfiles_particleTransformer/WbWb_4000_1000_jetPtCut340_ak6_ca16.root,ok,,1000,999,0.999,0.0009994998749374613,0.6136136136136137,0.015405494996193217,0.613,0.3893893893893894,0.4519519519519519,0.22022022022022023,865.8638562175657,119.68932579956645,1029.0696428084188,0.5251289278786758,0.3178430269156805,1.153156155870533
260,0.4,0.8,/eos/uscms/store/user/aji/rootfiles_particleTransformer/WbWb_4000_1000_jetPtCut260_ak4_ca8.root,ok,,1000,1000,1.0,0.0,0.513,0.015806043148112688,0.513,0.3075,0.419,0.218,886.0593269988392,95.16821957752947,1210.5872731540103,0.6294268451270092,0.1641325056237367,1.1538209124271253
340,0.6,1.0,/eos/uscms/store/user/aji/rootfiles_particleTransformer/WbWb_4000_1000_jetPtCut340_ak6_ca10.root,ok,,1000,999,0.999,0.0009994998749374613,0.5965965965965966,0.015521275963447332,0.596,0.3808808808808809,0.4064064064064064,0.2022022022022022,892.6758168264842,120.34515093223254,1108.002047056355,0.5532002085792476,0.19567675474746635,1.1615292234931958
280,0.4,1.0,/eos/uscms/store/user/aji/rootfiles_particleTransformer/WbWb_4000_1000_jetPtCut280_ak4_ca10.root,ok,,1000,1000,1.0,0.0,0.563,0.01568537535413163,0.563,0.346,0.407,0.195,856.804047450134,92.50777471096231,1094.6553603596226,0.5848172570093895,0.2321539206628176,1.162136852264376
320,0.6,0.8,/eos/uscms/store/user/aji/rootfiles_particleTransformer/WbWb_4000_1000_jetPtCut320_ak6_ca8.root,ok,,1000,999,0.999,0.0009994998749374613,0.5485485485485485,0.015744552371000975,0.548,0.34034034034034033,0.4209209209209209,0.21921921921921922,925.2513773741853,123.89763684691216,1243.7025094296557,0.6051354799171934,0.17280176667131114,1.1621588907283233
340,0.6,0.6,/eos/uscms/store/user/aji/rootfiles_particleTransformer/WbWb_4000_1000_jetPtCut340_ak6_ca6.root,ok,,1000,999,0.999,0.0009994998749374613,0.5805805805805806,0.015612511667052499,0.58,0.37287287287287285,0.4014014014014014,0.2032032032032032,902.6170325940252,122.87762658251154,1153.8758602415223,0.5711160970982521,0.1774134195552577,1.1624349744194302
300,0.4,1.2,/eos/uscms/store/user/aji/rootfiles_particleTransformer/WbWb_4000_1000_jetPtCut300_ak4_ca12.root,ok,,1000,999,0.999,0.0009994998749374613,0.6026026026026026,0.015482648945110457,0.602,0.38238238238238237,0.4209209209209209,0.1921921921921922,825.4348307143714,89.59798749242253,994.8764116011295,0.5483645652105782,0.28960059507158975,1.1694236847417434
280,0.4,0.4,/eos/uscms/store/user/aji/rootfiles_particleTransformer/WbWb_4000_1000_jetPtCut280_ak4_ca4.root,ok,,1000,1000,1.0,0.0,0.543,0.015752809273269323,0.543,0.336,0.4055,0.196,867.0235281675277,94.98288737453514,1160.287329652029,0.6143457516827929,0.19547033966005128,1.1706433988660403
300,0.4,1.4,/eos/uscms/store/user/aji/rootfiles_particleTransformer/WbWb_4000_1000_jetPtCut300_ak4_ca14.root,ok,,1000,999,0.999,0.0009994998749374613,0.6076076076076076,0.015448600650124081,0.607,0.38488488488488487,0.4369369369369369,0.2022022022022022,819.4950638542083,89.48521953292267,983.9864944755698,0.5457636747289687,0.3155668757231896,1.1724217759511553
340,0.6,0.8,/eos/uscms/store/user/aji/rootfiles_particleTransformer/WbWb_4000_1000_jetPtCut340_ak6_ca8.root,ok,,1000,999,0.999,0.0009994998749374613,0.5965965965965966,0.015521275963447332,0.596,0.3808808808808809,0.4024024024024024,0.2012012012012012,901.0257063961212,120.34515093223254,1141.0902777978317,0.5664350748372796,0.1902128046856348,1.1739291007942638
280,0.4,0.6,/eos/uscms/store/user/aji/rootfiles_particleTransformer/WbWb_4000_1000_jetPtCut280_ak4_ca6.root,ok,,1000,1000,1.0,0.0,0.556,0.015711906313366306,0.556,0.3425,0.404,0.195,864.6539174112847,92.56254123913331,1143.9508273198949,0.6079821445952313,0.2157625698326944,1.1775167528541028
300,0.4,1.6,/eos/uscms/store/user/aji/rootfiles_particleTransformer/WbWb_4000_1000_jetPtCut300_ak4_ca16.root,ok,,1000,999,0.999,0.0009994998749374613,0.6156156156156156,0.015390578264806925,0.615,0.3888888888888889,0.4389389389389389,0.1971971971971972,814.2791621152063,89.33494068847376,978.8459495442347,0.5461953653247917,0.3742243053030263,1.1813830647288865
300,0.4,1.0,/eos/uscms/store/user/aji/rootfiles_particleTransformer/WbWb_4000_1000_jetPtCut300_ak4_ca10.root,ok,,1000,999,0.999,0.0009994998749374613,0.5995995995995996,0.015502265640853889,0.599,0.3808808808808809,0.39039039039039036,0.18018018018018017,842.7919026166726,89.73394438598669,1051.7253174589462,0.570717024028233,0.24997554304109,1.1870374333661653
280,0.4,0.8,/eos/uscms/store/user/aji/rootfiles_particleTransformer/WbWb_4000_1000_jetPtCut280_ak4_ca8.root,ok,,1000,1000,1.0,0.0,0.562,0.01568935945155187,0.562,0.3455,0.402,0.194,864.4457520640775,92.50777471096231,1151.0938006316014,0.6122917623188059,0.22129689783686882,1.1878471871123981
300,0.4,0.4,/eos/uscms/store/user/aji/rootfiles_particleTransformer/WbWb_4000_1000_jetPtCut300_ak4_ca4.root,ok,,1000,999,0.999,0.0009994998749374613,0.5795795795795796,0.015617650319924981,0.579,0.3708708708708709,0.3883883883883884,0.18118118118118118,851.7091511528492,92.54206110020708,1117.7051580852608,0.6018269826016441,0.21083555690485623,1.1972356470659387
360,0.6,0.6,/eos/uscms/store/user/aji/rootfiles_particleTransformer/WbWb_4000_1000_jetPtCut360_ak6_ca6.root,ok,,1000,999,0.999,0.0009994998749374613,0.6176176176176176,0.015375386126028848,0.617,0.41041041041041043,0.37787787787787785,0.18118118118118118,873.2667699799201,119.95401956038677,1110.2033886297056,0.5669798755150666,0.17770538478739742,1.1982708161346922
360,0.6,1.2,/eos/uscms/store/user/aji/rootfiles_particleTransformer/WbWb_4000_1000_jetPtCut360_ak6_ca12.root,ok,,1000,999,0.999,0.0009994998749374613,0.6336336336336337,0.015243832404886247,0.633,0.4184184184184184,0.4099099099099099,0.19519519519519518,840.5292329079833,116.17967370429268,1038.416456511683,0.5486048234257855,0.23178219385026222,1.1991855337686208
400,0.8,1.2,/eos/uscms/store/user/aji/rootfiles_particleTransformer/WbWb_4000_1000_jetPtCut400_ak8_ca12.root,ok,,1000,999,0.999,0.0009994998749374613,0.6326326326326326,0.015252580961493829,0.632,0.4244244244244244,0.3408408408408408,0.14114114114114115,857.0700083427398,156.6946426539776,1112.7762606850174,0.5577616814988966,0.24145320549089294,1.205687313297255
360,0.6,1.0,/eos/uscms/store/user/aji/rootfiles_particleTransformer/WbWb_4000_1000_jetPtCut360_ak6_ca10.root,ok,,1000,999,0.999,0.0009994998749374613,0.6326326326326326,0.015252580961493829,0.632,0.41791791791791794,0.3813813813813814,0.18018018018018017,861.3482713552494,116.26024009667967,1079.4824081708286,0.5591362983515429,0.19762509961923358,1.2066341038486503
360,0.6,1.4,/eos/uscms/store/user/aji/rootfiles_particleTransformer/WbWb_4000_1000_jetPtCut360_ak6_ca14.root,ok,,1000,999,0.999,0.0009994998749374613,0.6436436436436437,0.015152428839645427,0.643,0.42342342342342343,0.4194194194194194,0.2012012012012012,834.3412708993433,115.9988196552179,1029.7861575397076,0.547610054635983,0.278703867346062,1.2088195711896925
320,0.4,0.4,/eos/uscms/store/user/aji/rootfiles_particleTransformer/WbWb_4000_1000_jetPtCut320_ak4_ca4.root,ok,,1000,999,0.999,0.0009994998749374613,0.6106106106106106,0.015427355447919917,0.61,0.4019019019019019,0.3713713713713714,0.17117117117117117,826.5814839925728,90.60665634539367,1052.5026028385448,0.5818518592062935,0.2101293550006092,1.2108043214176467
300,0.4,0.6,/eos/uscms/store/user/aji/rootfiles_particleTransformer/WbWb_4000_1000_jetPtCut300_ak4_ca6.root,ok,,1000,999,0.999,0.0009994998749374613,0.5955955955955956,0.015527478375042444,0.595,0.3788788788788789,0.3868868868868869,0.18018018018018017,849.8548398731318,89.90154118143853,1113.1767107372075,0.6020293828699768,0.22763285959579196,1.213639494478259
400,0.8,1.4,/eos/uscms/store/user/aji/rootfiles_particleTransformer/WbWb_4000_1000_jetPtCut400_ak8_ca14.root,ok,,1000,999,0.999,0.0009994998749374613,0.6396396396396397,0.015189848667575837,0.639,0.42792792792792794,0.35135135135135137,0.14714714714714713,847.8152662980314,156.12718263056766,1102.7126549070317,0.5582498392661122,0.2763751241299551,1.2141079522759486
360,0.6,0.8,/eos/uscms/store/user/aji/rootfiles_particleTransformer/WbWb_4000_1000_jetPtCut360_ak6_ca8.root,ok,,1000,999,0.999,0.0009994998749374613,0.6326326326326326,0.015252580961493829,0.632,0.41791791791791794,0.37787787787787785,0.17917917917917917,871.406222744879,116.26024009667967,1106.1132903386128,0.5679630374476519,0.1919821082909827,1.2144550478057967
320,0.4,1.2,/eos/uscms/store/user/aji/rootfiles_particleTransformer/WbWb_4000_1000_jetPtCut320_ak4_ca12.root,ok,,1000,999,0.999,0.0009994998749374613,0.6326326326326326,0.015252580961493829,0.632,0.41291291291291293,0.4034034034034034,0.1831831831831832,796.6557675771735,87.96078462206836,986.0273376054347,0.5636478072044894,0.2802309972034894,1.2176148630794046
360,0.6,1.6,/eos/uscms/store/user/aji/rootfiles_particleTransformer/WbWb_4000_1000_jetPtCut360_ak6_ca16.root,ok,,1000,999,0.999,0.0009994998749374613,0.6496496496496497,0.015094131812559211,0.649,0.4264264264264264,0.42542542542542544,0.2022022022022022,826.3539008910855,115.81193107867189,1024.386240494474,0.5497489080865083,0.31534279468341303,1.2177631676470493
400,0.8,1.6,/eos/uscms/store/user/aji/rootfiles_particleTransformer/WbWb_4000_1000_jetPtCut400_ak8_ca16.root,ok,,1000,999,0.999,0.0009994998749374613,0.6456456456456456,0.015133286565274899,0.645,0.43093093093093093,0.35785785785785784,0.14814814814814814,844.1747735122248,155.72879738840535,1098.1270046139323,0.5581771907875424,0.2864029914797226,1.2204053590819655
300,0.4,0.8,/eos/uscms/store/user/aji/rootfiles_particleTransformer/WbWb_4000_1000_jetPtCut300_ak4_ca8.root,ok,,1000,999,0.999,0.0009994998749374613,0.5995995995995996,0.015502265640853889,0.599,0.3808808808808809,0.3858858858858859,0.18018018018018017,849.163825571217,89.73394438598669,1117.7051580852608,0.6052843884439947,0.23311230183603487,1.2209676054864724
320,0.4,1.4,/eos/uscms/store/user/aji/rootfiles_particleTransformer/WbWb_4000_1000_jetPtCut320_ak4_ca14.root,ok,,1000,999,0.999,0.0009994998749374613,0.6386386386386387,0.015199024252057748,0.638,0.4159159159159159,0.4169169169169169,0.19119119119119118,793.280165530097,87.92871914091457,977.884129168761,0.5609338596239499,0.3102534271785797,1.2212444817095789
320,0.4,1.0,/eos/uscms/store/user/aji/rootfiles_particleTransformer/WbWb_4000_1000_jetPtCut320_ak4_ca10.root,ok,,1000,999,0.999,0.0009994998749374613,0.6296296296296297,0.01527840268846177,0.629,0.4114114114114114,0.3718718718718719,0.16916916916916916,812.8491664537153,88.25212533829448,1026.1214411314395,0.5769024282111683,0.24346406747391383,1.2262471411954263
320,0.4,0.6,/eos/uscms/store/user/aji/rootfiles_particleTransformer/WbWb_4000_1000_jetPtCut320_ak4_ca6.root,ok,,1000,999,0.999,0.0009994998749374613,0.6286286286286287,0.015286869014333173,0.628,0.4109109109109109,0.36986986986986986,0.17017017017017017,824.5464232334583,88.31709673713337,1051.4787952406307,0.5840554705982831,0.22763285959579196,1.231229456903566
320,0.4,1.6,/eos/uscms/store/user/aji/rootfiles_particleTransformer/WbWb_4000_1000_jetPtCut320_ak4_ca16.root,ok,,1000,999,0.999,0.0009994998749374613,0.6456456456456456,0.015133286565274899,0.645,0.4194194194194194,0.4189189189189189,0.1871871871871872,783.7258895614866,87.88679097148601,974.1733742514542,0.565431482540322,0.3530878513969579,1.233704539229819
320,0.4,0.8,/eos/uscms/store/user/aji/rootfiles_particleTransformer/WbWb_4000_1000_jetPtCut320_ak4_ca8.root,ok,,1000,999,0.999,0.0009994998749374613,0.6296296296296297,0.01527840268846177,0.629,0.4114114114114114,0.3688688688688689,0.17017017017017017,821.8912689019517,88.25212533829448,1051.195982742517,0.5858097620934197,0.23119553948960034,1.2342502648328542
340,0.4,0.4,/eos/uscms/store/user/aji/rootfiles_particleTransformer/WbWb_4000_1000_jetPtCut340_ak4_ca4.root,ok,,1000,999,0.999,0.0009994998749374613,0.6496496496496497,0.015094131812559211,0.649,0.4419419419419419,0.35135135135135137,0.15515515515515516,777.8816132892093,87.8914875410494,1017.2113786872586,0.5973401834352758,0.21187649263689748,1.2702016717560047
380,0.6,0.6,/eos/uscms/store/user/aji/rootfiles_particleTransformer/WbWb_4000_1000_jetPtCut380_ak6_ca6.root,ok,,1000,999,0.999,0.0009994998749374613,0.6626626626626627,0.01495876407990617,0.662,0.45295295295295296,0.35585585585585583,0.15815815815815815,795.9392313020999,116.48077059384828,1061.530117480311,0.5936692838600437,0.18791158825673615,1.2777380233924962
340,0.4,0.6,/eos/uscms/store/user/aji/rootfiles_particleTransformer/WbWb_4000_1000_jetPtCut340_ak4_ca6.root,ok,,1000,999,0.999,0.0009994998749374613,0.6676676676676677,0.014903344016755646,0.667,0.45095095095095095,0.3508508508508508,0.15415415415415415,777.2306356129507,85.91048636098412,1017.3715563511585,0.5992179330756773,0.22763285959579196,1.29016253718205
340,0.4,0.8,/eos/uscms/store/user/aji/rootfiles_particleTransformer/WbWb_4000_1000_jetPtCut340_ak4_ca8.root,ok,,1000,999,0.999,0.0009994998749374613,0.6676676676676677,0.014903344016755646,0.667,0.45095095095095095,0.35035035035035034,0.15415415415415415,773.4115475395574,85.89522868283552,1016.8931268742227,0.6018774229277781,0.2360514720393441,1.2932039358414902
340,0.4,1.0,/eos/uscms/store/user/aji/rootfiles_particleTransformer/WbWb_4000_1000_jetPtCut340_ak4_ca10.root,ok,,1000,999,0.999,0.0009994998749374613,0.6676676676676677,0.014903344016755646,0.667,0.45095095095095095,0.3538538538538539,0.15315315315315314,756.3988593204604,85.89522868283552,1005.0451953091479,0.6075828614099614,0.24698266738307767,1.3006106431455833
380,0.6,0.8,/eos/uscms/store/user/aji/rootfiles_particleTransformer/WbWb_4000_1000_jetPtCut380_ak6_ca8.root,ok,,1000,999,0.999,0.0009994998749374613,0.6796796796796797,0.014762558919647494,0.679,0.46146146146146144,0.35535535535535534,0.15715715715715717,790.161388876957,114.04068588067469,1061.530117480311,0.5995543726492932,0.21041383508960512,1.3012179134412771
380,0.6,1.2,/eos/uscms/store/user/aji/rootfiles_particleTransformer/WbWb_4000_1000_jetPtCut380_ak6_ca12.root,ok,,1000,999,0.999,0.0009994998749374613,0.6806806806806807,0.01475032418940202,0.68,0.461961961961962,0.38738738738738737,0.17317317317317318,759.9047491547606,113.837571485719,1026.566871720225,0.6005550703885794,0.2641610546046695,1.306245276153784
380,0.6,1.0,/eos/uscms/store/user/aji/rootfiles_particleTransformer/WbWb_4000_1000_jetPtCut380_ak6_ca10.root,ok,,1000,999,0.999,0.0009994998749374613,0.6796796796796797,0.014762558919647494,0.679,0.46146146146146144,0.35935935935935936,0.15815815815815815,777.7760199788198,114.04068588067469,1053.6954349723615,0.6040651324768763,0.21439888090455791,1.3069672101586738
340,0.4,1.2,/eos/uscms/store/user/aji/rootfiles_particleTransformer/WbWb_4000_1000_jetPtCut340_ak4_ca12.root,ok,,1000,999,0.999,0.0009994998749374613,0.6696696696696697,0.014880646384852245,0.669,0.4519519519519519,0.3833833833833834,0.16716716716716717,731.8304723976746,85.70171683430901,978.7256953849045,0.6101303595795946,0.2802309972034894,1.3076169820094967
340,0.4,1.4,/eos/uscms/store/user/aji/rootfiles_particleTransformer/WbWb_4000_1000_jetPtCut340_ak4_ca14.root,ok,,1000,999,0.999,0.0009994998749374613,0.6746746746746747,0.014822566123778648,0.674,0.4544544544544545,0.3948948948948949,0.17417417417417416,727.8832696468528,85.70171683430901,973.0343033275293,0.6095294558176393,0.3102534271785797,1.3124158035276285
380,0.6,1.4,/eos/uscms/store/user/aji/rootfiles_particleTransformer/WbWb_4000_1000_jetPtCut380_ak6_ca14.root,ok,,1000,999,0.999,0.0009994998749374613,0.6876876876876877,0.01466248001569515,0.687,0.46546546546546547,0.3958958958958959,0.17917917917917917,753.2030382417433,113.77888896736604,1019.8086256336798,0.6014511962015746,0.2855466013183548,1.3148185800650878
340,0.4,1.6,/eos/uscms/store/user/aji/rootfiles_particleTransformer/WbWb_4000_1000_jetPtCut340_ak4_ca16.root,ok,,1000,999,0.999,0.0009994998749374613,0.6796796796796797,0.014762558919647494,0.679,0.456956956956957,0.3983983983983984,0.17317317317317318,718.5898334391719,85.6347298916714,968.1195097657634,0.6140392883451458,0.33304106858580435,1.3228599846809082
380,0.6,1.6,/eos/uscms/store/user/aji/rootfiles_particleTransformer/WbWb_4000_1000_jetPtCut380_ak6_ca16.root,ok,,1000,999,0.999,0.0009994998749374613,0.6926926926926927,0.014597349375541819,0.692,0.46796796796796797,0.3983983983983984,0.1781781781781782,740.2654892700228,113.4087047833615,1017.4959618725845,0.6106506855943975,0.31383538671004835,1.330316829360088
360,0.4,0.4,/eos/uscms/store/user/aji/rootfiles_particleTransformer/WbWb_4000_1000_jetPtCut360_ak4_ca4.root,ok,,1000,999,0.999,0.0009994998749374613,0.6846846846846847,0.01470060117538859,0.684,0.47647647647647645,0.33933933933933935,0.14414414414414414,665.1733832725008,86.09591845110552,1002.8205381092358,0.6890869679331237,0.21545688754542539,1.4082543142905584
360,0.4,0.6,/eos/uscms/store/user/aji/rootfiles_particleTransformer/WbWb_4000_1000_jetPtCut360_ak4_ca6.root,ok,,1000,999,0.999,0.0009994998749374613,0.7017017017017017,0.014475011208289888,0.701,0.484984984984985,0.33733733733733734,0.14214214214214213,646.2281087074197,84.58517549521501,1005.0451953091479,0.7121788787979446,0.23119553948960034,1.4502577696289043
360,0.4,0.8,/eos/uscms/store/user/aji/rootfiles_particleTransformer/WbWb_4000_1000_jetPtCut360_ak4_ca8.root,ok,,1000,999,0.999,0.0009994998749374613,0.7017017017017017,0.014475011208289888,0.701,0.484984984984985,0.33683683683683685,0.14214214214214213,642.6673395129279,84.4918955117923,1004.5632999006564,0.7158224386244509,0.23907232631467315,1.4542574063748597
360,0.4,1.2,/eos/uscms/store/user/aji/rootfiles_particleTransformer/WbWb_4000_1000_jetPtCut360_ak4_ca12.root,ok,,1000,999,0.999,0.0009994998749374613,0.7027027027027027,0.0144610074010102,0.702,0.4854854854854855,0.3688688688688689,0.15615615615615616,623.612483701462,84.40398660413068,974.5736852908467,0.7137202364865272,0.2778175498764599,1.4550616908190839
360,0.4,1.0,/eos/uscms/store/user/aji/rootfiles_particleTransformer/WbWb_4000_1000_jetPtCut360_ak4_ca10.root,ok,,1000,999,0.999,0.0009994998749374613,0.7017017017017017,0.014475011208289888,0.701,0.484984984984985,0.34134134134134136,0.14214214214214213,635.3835550081017,84.43849424235269,994.7657978618553,0.7163604538111591,0.24346406747391383,1.4555238000120507
360,0.4,1.4,/eos/uscms/store/user/aji/rootfiles_particleTransformer/WbWb_4000_1000_jetPtCut360_ak4_ca14.root,ok,,1000,999,0.999,0.0009994998749374613,0.7077077077077077,0.01438973845250639,0.707,0.487987987987988,0.3783783783783784,0.16316316316316315,620.6612925678287,84.40398660413068,968.1195097657634,0.7119144803645511,0.3013934845888355,1.4585560588154758
360,0.4,1.6,/eos/uscms/store/user/aji/rootfiles_particleTransformer/WbWb_4000_1000_jetPtCut360_ak4_ca16.root,ok,,1000,999,0.999,0.0009994998749374613,0.7117117117117117,0.014331208415857884,0.711,0.48998998998999,0.3813813813813814,0.16216216216216217,608.9015498751253,84.1117800203287,965.2027607201281,0.723508571197179,0.3155668757231896,1.475330127921378
400,0.6,1.0,/eos/uscms/store/user/aji/rootfiles_particleTransformer/WbWb_4000_1000_jetPtCut400_ak6_ca10.root,ok,,1000,999,0.999,0.0009994998749374613,0.7117117117117117,0.014331208415857884,0.711,0.494994994994995,0.34034034034034033,0.14314314314314314,358.00296792326253,111.18795165819405,1039.4399736397775,1.2964306236988419,0.21169045608563586,2.073342038618227
400,0.6,1.2,/eos/uscms/store/user/aji/rootfiles_particleTransformer/WbWb_4000_1000_jetPtCut400_ak6_ca12.root,ok,,1000,999,0.999,0.0009994998749374613,0.7127127127127127,0.01431636336890446,0.712,0.4954954954954955,0.36786786786786785,0.15815815815815815,348.44418970045433,111.18795165819405,1019.4626072730085,1.3033287431132479,0.2641610546046695,2.082197036855915
400,0.6,1.4,/eos/uscms/store/user/aji/rootfiles_particleTransformer/WbWb_4000_1000_jetPtCut400_ak6_ca14.root,ok,,1000,999,0.999,0.0009994998749374613,0.7187187187187187,0.014225487217266429,0.718,0.4984984984984985,0.3738738738738739,0.16116116116116116,310.9848541985773,111.17970082257523,1014.6742478966535,1.452634324270271,0.278703867346062,2.241254557569132
400,0.6,1.6,/eos/uscms/store/user/aji/rootfiles_particleTransformer/WbWb_4000_1000_jetPtCut400_ak6_ca16.root,ok,,1000,999,0.999,0.0009994998749374613,0.7207207207207207,0.014194500600296492,0.72,0.4994994994994995,0.37737737737737737,0.16116116116116116,306.1349448166677,111.04418048139206,1012.5716226078499,1.4724347177457109,0.3006261745887012,2.2635419439847646
380,0.4,0.4,/eos/uscms/store/user/aji/rootfiles_particleTransformer/WbWb_4000_1000_jetPtCut380_ak4_ca4.root,ok,,1000,998,0.998,0.0014127986409959495,0.7194388777555111,0.014221500662433098,0.718,0.5105210420841684,0.3191382765531062,0.12424849699398798,218.68370080313366,84.91228990651102,987.7697047298446,2.064299743207922,0.22496097728051279,2.86387025088312
380,0.4,1.2,/eos/uscms/store/user/aji/rootfiles_particleTransformer/WbWb_4000_1000_jetPtCut380_ak4_ca12.root,ok,,1000,998,0.998,0.0014127986409959495,0.7404809619238477,0.013876383353819006,0.739,0.5210420841683366,0.3496993987975952,0.1372745490981964,139.21322981400215,83.0793109823112,966.6372882596288,3.1733980256682788,0.3037821245340555,4.001957664610726
380,0.4,1.4,/eos/uscms/store/user/aji/rootfiles_particleTransformer/WbWb_4000_1000_jetPtCut380_ak4_ca14.root,ok,,1000,998,0.998,0.0014127986409959495,0.7434869739478958,0.013823758030646966,0.742,0.5225450901803608,0.35821643286573146,0.1432865731462926,137.70836553288927,83.0793109823112,962.4689388618053,3.192941926499981,0.3154572592614748,4.024658063894588
380,0.4,0.6,/eos/uscms/store/user/aji/rootfiles_particleTransformer/WbWb_4000_1000_jetPtCut380_ak4_ca6.root,ok,,1000,998,0.998,0.0014127986409959495,0.7394789579158316,0.013893736017233827,0.738,0.5205410821643287,0.3186372745490982,0.12324649298597194,141.5945521500113,83.20850741534615,992.2184235683245,3.2099042736825583,0.2491762248552405,4.037223776383389
380,0.4,1.0,/eos/uscms/store/user/aji/rootfiles_particleTransformer/WbWb_4000_1000_jetPtCut380_ak4_ca10.root,ok,,1000,998,0.998,0.0014127986409959495,0.7394789579158316,0.013893736017233827,0.738,0.5205410821643287,0.3221442885771543,0.12324649298597194,140.20092058650326,83.0793109823112,984.3390685264345,3.2141720388635058,0.2745964832736102,4.041630904720686
380,0.4,0.8,/eos/uscms/store/user/aji/rootfiles_particleTransformer/WbWb_4000_1000_jetPtCut380_ak4_ca8.root,ok,,1000,998,0.998,0.0014127986409959495,0.7394789579158316,0.013893736017233827,0.738,0.5205410821643287,0.3181362725450902,0.12324649298597194,140.20092058650326,83.13545916452837,988.8625479581915,3.230103928721474,0.2606954173986183,4.057562794578655
380,0.4,1.6,/eos/uscms/store/user/aji/rootfiles_particleTransformer/WbWb_4000_1000_jetPtCut380_ak4_ca16.root,ok,,1000,998,0.998,0.0014127986409959495,0.7464929859719439,0.01377027409909343,0.745,0.5240480961923848,0.3592184368737475,0.1432865731462926,135.26319597396002,82.90353451734984,961.9312303162609,3.249323252602044,0.32832339908650354,4.084289918976592
400,0.4,0.4,/eos/uscms/store/user/aji/rootfiles_particleTransformer/WbWb_4000_1000_jetPtCut400_ak4_ca4.root,ok,,1000,997,0.997,0.0017294507798720387,0.7522567703109327,0.013672136034414225,0.75,0.549147442326981,0.2938816449348044,0.10631895687061184,134.15705714340564,83.11371764238915,980.6861907998732,3.3452301812122873,0.2155505416845974,4.1870712458088795
400,0.4,1.4,/eos/uscms/store/user/aji/rootfiles_particleTransformer/WbWb_4000_1000_jetPtCut400_ak4_ca14.root,ok,,1000,997,0.997,0.0017294507798720387,0.7713139418254764,0.013301109107197291,0.769,0.5586760280842528,0.33099297893681046,0.12537612838515547,117.99826973630334,81.34613282904547,958.6077670766185,3.717264821797954,0.2766502827049972,4.5797789366498005
400,0.4,1.2,/eos/uscms/store/user/aji/rootfiles_particleTransformer/WbWb_4000_1000_jetPtCut400_ak4_ca12.root,ok,,1000,997,0.997,0.0017294507798720387,0.7703109327983951,0.013321576212596827,0.768,0.5581745235707122,0.32196589769307926,0.11835506519558676,118.10518564212435,81.34613282904547,962.2844897728496,3.729465188824027,0.2647711284738902,4.59096560305821
400,0.4,1.6,/eos/uscms/store/user/aji/rootfiles_particleTransformer/WbWb_4000_1000_jetPtCut400_ak4_ca16.root,ok,,1000,997,0.997,0.0017294507798720387,0.7733199598796389,0.013259851829602836,0.771,0.559679037111334,0.3340020060180542,0.12637913741223672,117.49139566628023,81.24987386589395,957.2864332106685,3.7280881479740358,0.2941499750371725,4.592658968287047
400,0.4,1.0,/eos/uscms/store/user/aji/rootfiles_particleTransformer/WbWb_4000_1000_jetPtCut400_ak4_ca10.root,ok,,1000,997,0.997,0.0017294507798720387,0.769307923771314,0.01334193629073164,0.767,0.5576730190571715,0.29638916750250754,0.10531594784353059,118.16849547858502,81.34613282904547,977.6172225392424,3.792343661820688,0.23409791687826265,4.652834736044143
400,0.4,0.6,/eos/uscms/store/user/aji/rootfiles_particleTransformer/WbWb_4000_1000_jetPtCut400_ak4_ca6.root,ok,,1000,997,0.997,0.0017294507798720387,0.769307923771314,0.01334193629073164,0.767,0.5576730190571715,0.29237713139418253,0.10531594784353059,118.3063213995976,81.36056313294687,984.6596566572084,3.8176281826616494,0.22639846347148274,4.6781054742930035
400,0.4,0.8,/eos/uscms/store/user/aji/rootfiles_particleTransformer/WbWb_4000_1000_jetPtCut400_ak4_ca8.root,ok,,1000,997,0.997,0.0017294507798720387,0.769307923771314,0.01334193629073164,0.767,0.5576730190571715,0.29187562688064195,0.10531594784353059,118.16849547858502,81.36056313294687,983.885571711434,3.81880553240202,0.2306269646658652,4.679296606625476
100,0.8,0.4,/eos/uscms/store/user/aji/rootfiles_particleTransformer/WbWb_4000_1000_jetPtCut100_ak8_ca4.root,failed,/eos/uscms/store/user/aji/rootfiles_particleTransformer/WbWb_4000_1000_jetPtCut100_ak8_ca4.root,nan,nan,nan,nan,nan,nan,nan,nan,nan,nan,nan,nan,nan,nan,nan,nan
100,1.0,0.4,/eos/uscms/store/user/aji/rootfiles_particleTransformer/WbWb_4000_1000_jetPtCut100_ak10_ca4.root,failed,/eos/uscms/store/user/aji/rootfiles_particleTransformer/WbWb_4000_1000_jetPtCut100_ak10_ca4.root,nan,nan,nan,nan,nan,nan,nan,nan,nan,nan,nan,nan,nan,nan,nan,nan
100,1.0,0.6,/eos/uscms/store/user/aji/rootfiles_particleTransformer/WbWb_4000_1000_jetPtCut100_ak10_ca6.root,failed,/eos/uscms/store/user/aji/rootfiles_particleTransformer/WbWb_4000_1000_jetPtCut100_ak10_ca6.root,nan,nan,nan,nan,nan,nan,nan,nan,nan,nan,nan,nan,nan,nan,nan,nan
100,1.2,0.4,/eos/uscms/store/user/aji/rootfiles_particleTransformer/WbWb_4000_1000_jetPtCut100_ak12_ca4.root,failed,/eos/uscms/store/user/aji/rootfiles_particleTransformer/WbWb_4000_1000_jetPtCut100_ak12_ca4.root,nan,nan,nan,nan,nan,nan,nan,nan,nan,nan,nan,nan,nan,nan,nan,nan
100,1.2,0.6,/eos/uscms/store/user/aji/rootfiles_particleTransformer/WbWb_4000_1000_jetPtCut100_ak12_ca6.root,failed,/eos/uscms/store/user/aji/rootfiles_particleTransformer/WbWb_4000_1000_jetPtCut100_ak12_ca6.root,nan,nan,nan,nan,nan,nan,nan,nan,nan,nan,nan,nan,nan,nan,nan,nan
100,1.2,0.8,/eos/uscms/store/user/aji/rootfiles_particleTransformer/WbWb_4000_1000_jetPtCut100_ak12_ca8.root,failed,/eos/uscms/store/user/aji/rootfiles_particleTransformer/WbWb_4000_1000_jetPtCut100_ak12_ca8.root,nan,nan,nan,nan,nan,nan,nan,nan,nan,nan,nan,nan,nan,nan,nan,nan
100,1.4,0.4,/eos/uscms/store/user/aji/rootfiles_particleTransformer/WbWb_4000_1000_jetPtCut100_ak14_ca4.root,failed,/eos/uscms/store/user/aji/rootfiles_particleTransformer/WbWb_4000_1000_jetPtCut100_ak14_ca4.root,nan,nan,nan,nan,nan,nan,nan,nan,nan,nan,nan,nan,nan,nan,nan,nan
100,1.4,0.6,/eos/uscms/store/user/aji/rootfiles_particleTransformer/WbWb_4000_1000_jetPtCut100_ak14_ca6.root,failed,/eos/uscms/store/user/aji/rootfiles_particleTransformer/WbWb_4000_1000_jetPtCut100_ak14_ca6.root,nan,nan,nan,nan,nan,nan,nan,nan,nan,nan,nan,nan,nan,nan,nan,nan
100,1.4,0.8,/eos/uscms/store/user/aji/rootfiles_particleTransformer/WbWb_4000_1000_jetPtCut100_ak14_ca8.root,failed,/eos/uscms/store/user/aji/rootfiles_particleTransformer/WbWb_4000_1000_jetPtCut100_ak14_ca8.root,nan,nan,nan,nan,nan,nan,nan,nan,nan,nan,nan,nan,nan,nan,nan,nan
100,1.4,1.0,/eos/uscms/store/user/aji/rootfiles_particleTransformer/WbWb_4000_1000_jetPtCut100_ak14_ca10.root,failed,/eos/uscms/store/user/aji/rootfiles_particleTransformer/WbWb_4000_1000_jetPtCut100_ak14_ca10.root,nan,nan,nan,nan,nan,nan,nan,nan,nan,nan,nan,nan,nan,nan,nan,nan
100,1.6,0.4,/eos/uscms/store/user/aji/rootfiles_particleTransformer/WbWb_4000_1000_jetPtCut100_ak16_ca4.root,failed,/eos/uscms/store/user/aji/rootfiles_particleTransformer/WbWb_4000_1000_jetPtCut100_ak16_ca4.root,nan,nan,nan,nan,nan,nan,nan,nan,nan,nan,nan,nan,nan,nan,nan,nan
100,1.6,0.6,/eos/uscms/store/user/aji/rootfiles_particleTransformer/WbWb_4000_1000_jetPtCut100_ak16_ca6.root,failed,/eos/uscms/store/user/aji/rootfiles_particleTransformer/WbWb_4000_1000_jetPtCut100_ak16_ca6.root,nan,nan,nan,nan,nan,nan,nan,nan,nan,nan,nan,nan,nan,nan,nan,nan
100,1.6,0.8,/eos/uscms/store/user/aji/rootfiles_particleTransformer/WbWb_4000_1000_jetPtCut100_ak16_ca8.root,failed,/eos/uscms/store/user/aji/rootfiles_particleTransformer/WbWb_4000_1000_jetPtCut100_ak16_ca8.root,nan,nan,nan,nan,nan,nan,nan,nan,nan,nan,nan,nan,nan,nan,nan,nan
100,1.6,1.0,/eos/uscms/store/user/aji/rootfiles_particleTransformer/WbWb_4000_1000_jetPtCut100_ak16_ca10.root,failed,/eos/uscms/store/user/aji/rootfiles_particleTransformer/WbWb_4000_1000_jetPtCut100_ak16_ca10.root,nan,nan,nan,nan,nan,nan,nan,nan,nan,nan,nan,nan,nan,nan,nan,nan
100,1.6,1.2,/eos/uscms/store/user/aji/rootfiles_particleTransformer/WbWb_4000_1000_jetPtCut100_ak16_ca12.root,failed,/eos/uscms/store/user/aji/rootfiles_particleTransformer/WbWb_4000_1000_jetPtCut100_ak16_ca12.root,nan,nan,nan,nan,nan,nan,nan,nan,nan,nan,nan,nan,nan,nan,nan,nan
120,0.8,0.4,/eos/uscms/store/user/aji/rootfiles_particleTransformer/WbWb_4000_1000_jetPtCut120_ak8_ca4.root,failed,/eos/uscms/store/user/aji/rootfiles_particleTransformer/WbWb_4000_1000_jetPtCut120_ak8_ca4.root,nan,nan,nan,nan,nan,nan,nan,nan,nan,nan,nan,nan,nan,nan,nan,nan
120,1.0,0.4,/eos/uscms/store/user/aji/rootfiles_particleTransformer/WbWb_4000_1000_jetPtCut120_ak10_ca4.root,failed,/eos/uscms/store/user/aji/rootfiles_particleTransformer/WbWb_4000_1000_jetPtCut120_ak10_ca4.root,nan,nan,nan,nan,nan,nan,nan,nan,nan,nan,nan,nan,nan,nan,nan,nan
120,1.0,0.6,/eos/uscms/store/user/aji/rootfiles_particleTransformer/WbWb_4000_1000_jetPtCut120_ak10_ca6.root,failed,/eos/uscms/store/user/aji/rootfiles_particleTransformer/WbWb_4000_1000_jetPtCut120_ak10_ca6.root,nan,nan,nan,nan,nan,nan,nan,nan,nan,nan,nan,nan,nan,nan,nan,nan
120,1.2,0.4,/eos/uscms/store/user/aji/rootfiles_particleTransformer/WbWb_4000_1000_jetPtCut120_ak12_ca4.root,failed,/eos/uscms/store/user/aji/rootfiles_particleTransformer/WbWb_4000_1000_jetPtCut120_ak12_ca4.root,nan,nan,nan,nan,nan,nan,nan,nan,nan,nan,nan,nan,nan,nan,nan,nan
120,1.2,0.6,/eos/uscms/store/user/aji/rootfiles_particleTransformer/WbWb_4000_1000_jetPtCut120_ak12_ca6.root,failed,/eos/uscms/store/user/aji/rootfiles_particleTransformer/WbWb_4000_1000_jetPtCut120_ak12_ca6.root,nan,nan,nan,nan,nan,nan,nan,nan,nan,nan,nan,nan,nan,nan,nan,nan
120,1.2,0.8,/eos/uscms/store/user/aji/rootfiles_particleTransformer/WbWb_4000_1000_jetPtCut120_ak12_ca8.root,failed,/eos/uscms/store/user/aji/rootfiles_particleTransformer/WbWb_4000_1000_jetPtCut120_ak12_ca8.root,nan,nan,nan,nan,nan,nan,nan,nan,nan,nan,nan,nan,nan,nan,nan,nan
120,1.4,0.4,/eos/uscms/store/user/aji/rootfiles_particleTransformer/WbWb_4000_1000_jetPtCut120_ak14_ca4.root,failed,/eos/uscms/store/user/aji/rootfiles_particleTransformer/WbWb_4000_1000_jetPtCut120_ak14_ca4.root,nan,nan,nan,nan,nan,nan,nan,nan,nan,nan,nan,nan,nan,nan,nan,nan
120,1.4,0.6,/eos/uscms/store/user/aji/rootfiles_particleTransformer/WbWb_4000_1000_jetPtCut120_ak14_ca6.root,failed,/eos/uscms/store/user/aji/rootfiles_particleTransformer/WbWb_4000_1000_jetPtCut120_ak14_ca6.root,nan,nan,nan,nan,nan,nan,nan,nan,nan,nan,nan,nan,nan,nan,nan,nan
120,1.4,0.8,/eos/uscms/store/user/aji/rootfiles_particleTransformer/WbWb_4000_1000_jetPtCut120_ak14_ca8.root,failed,/eos/uscms/store/user/aji/rootfiles_particleTransformer/WbWb_4000_1000_jetPtCut120_ak14_ca8.root,nan,nan,nan,nan,nan,nan,nan,nan,nan,nan,nan,nan,nan,nan,nan,nan
120,1.4,1.0,/eos/uscms/store/user/aji/rootfiles_particleTransformer/WbWb_4000_1000_jetPtCut120_ak14_ca10.root,failed,/eos/uscms/store/user/aji/rootfiles_particleTransformer/WbWb_4000_1000_jetPtCut120_ak14_ca10.root,nan,nan,nan,nan,nan,nan,nan,nan,nan,nan,nan,nan,nan,nan,nan,nan
120,1.6,0.4,/eos/uscms/store/user/aji/rootfiles_particleTransformer/WbWb_4000_1000_jetPtCut120_ak16_ca4.root,failed,/eos/uscms/store/user/aji/rootfiles_particleTransformer/WbWb_4000_1000_jetPtCut120_ak16_ca4.root,nan,nan,nan,nan,nan,nan,nan,nan,nan,nan,nan,nan,nan,nan,nan,nan
120,1.6,0.6,/eos/uscms/store/user/aji/rootfiles_particleTransformer/WbWb_4000_1000_jetPtCut120_ak16_ca6.root,failed,/eos/uscms/store/user/aji/rootfiles_particleTransformer/WbWb_4000_1000_jetPtCut120_ak16_ca6.root,nan,nan,nan,nan,nan,nan,nan,nan,nan,nan,nan,nan,nan,nan,nan,nan
120,1.6,0.8,/eos/uscms/store/user/aji/rootfiles_particleTransformer/WbWb_4000_1000_jetPtCut120_ak16_ca8.root,failed,/eos/uscms/store/user/aji/rootfiles_particleTransformer/WbWb_4000_1000_jetPtCut120_ak16_ca8.root,nan,nan,nan,nan,nan,nan,nan,nan,nan,nan,nan,nan,nan,nan,nan,nan
120,1.6,1.0,/eos/uscms/store/user/aji/rootfiles_particleTransformer/WbWb_4000_1000_jetPtCut120_ak16_ca10.root,failed,/eos/uscms/store/user/aji/rootfiles_particleTransformer/WbWb_4000_1000_jetPtCut120_ak16_ca10.root,nan,nan,nan,nan,nan,nan,nan,nan,nan,nan,nan,nan,nan,nan,nan,nan
120,1.6,1.2,/eos/uscms/store/user/aji/rootfiles_particleTransformer/WbWb_4000_1000_jetPtCut120_ak16_ca12.root,failed,/eos/uscms/store/user/aji/rootfiles_particleTransformer/WbWb_4000_1000_jetPtCut120_ak16_ca12.root,nan,nan,nan,nan,nan,nan,nan,nan,nan,nan,nan,nan,nan,nan,nan,nan
140,0.8,0.4,/eos/uscms/store/user/aji/rootfiles_particleTransformer/WbWb_4000_1000_jetPtCut140_ak8_ca4.root,failed,/eos/uscms/store/user/aji/rootfiles_particleTransformer/WbWb_4000_1000_jetPtCut140_ak8_ca4.root,nan,nan,nan,nan,nan,nan,nan,nan,nan,nan,nan,nan,nan,nan,nan,nan
140,1.0,0.4,/eos/uscms/store/user/aji/rootfiles_particleTransformer/WbWb_4000_1000_jetPtCut140_ak10_ca4.root,failed,/eos/uscms/store/user/aji/rootfiles_particleTransformer/WbWb_4000_1000_jetPtCut140_ak10_ca4.root,nan,nan,nan,nan,nan,nan,nan,nan,nan,nan,nan,nan,nan,nan,nan,nan
140,1.0,0.6,/eos/uscms/store/user/aji/rootfiles_particleTransformer/WbWb_4000_1000_jetPtCut140_ak10_ca6.root,failed,/eos/uscms/store/user/aji/rootfiles_particleTransformer/WbWb_4000_1000_jetPtCut140_ak10_ca6.root,nan,nan,nan,nan,nan,nan,nan,nan,nan,nan,nan,nan,nan,nan,nan,nan
140,1.2,0.4,/eos/uscms/store/user/aji/rootfiles_particleTransformer/WbWb_4000_1000_jetPtCut140_ak12_ca4.root,failed,/eos/uscms/store/user/aji/rootfiles_particleTransformer/WbWb_4000_1000_jetPtCut140_ak12_ca4.root,nan,nan,nan,nan,nan,nan,nan,nan,nan,nan,nan,nan,nan,nan,nan,nan
140,1.2,0.6,/eos/uscms/store/user/aji/rootfiles_particleTransformer/WbWb_4000_1000_jetPtCut140_ak12_ca6.root,failed,/eos/uscms/store/user/aji/rootfiles_particleTransformer/WbWb_4000_1000_jetPtCut140_ak12_ca6.root,nan,nan,nan,nan,nan,nan,nan,nan,nan,nan,nan,nan,nan,nan,nan,nan
140,1.2,0.8,/eos/uscms/store/user/aji/rootfiles_particleTransformer/WbWb_4000_1000_jetPtCut140_ak12_ca8.root,failed,/eos/uscms/store/user/aji/rootfiles_particleTransformer/WbWb_4000_1000_jetPtCut140_ak12_ca8.root,nan,nan,nan,nan,nan,nan,nan,nan,nan,nan,nan,nan,nan,nan,nan,nan
140,1.4,0.4,/eos/uscms/store/user/aji/rootfiles_particleTransformer/WbWb_4000_1000_jetPtCut140_ak14_ca4.root,failed,/eos/uscms/store/user/aji/rootfiles_particleTransformer/WbWb_4000_1000_jetPtCut140_ak14_ca4.root,nan,nan,nan,nan,nan,nan,nan,nan,nan,nan,nan,nan,nan,nan,nan,nan
140,1.4,0.6,/eos/uscms/store/user/aji/rootfiles_particleTransformer/WbWb_4000_1000_jetPtCut140_ak14_ca6.root,failed,/eos/uscms/store/user/aji/rootfiles_particleTransformer/WbWb_4000_1000_jetPtCut140_ak14_ca6.root,nan,nan,nan,nan,nan,nan,nan,nan,nan,nan,nan,nan,nan,nan,nan,nan
140,1.4,0.8,/eos/uscms/store/user/aji/rootfiles_particleTransformer/WbWb_4000_1000_jetPtCut140_ak14_ca8.root,failed,/eos/uscms/store/user/aji/rootfiles_particleTransformer/WbWb_4000_1000_jetPtCut140_ak14_ca8.root,nan,nan,nan,nan,nan,nan,nan,nan,nan,nan,nan,nan,nan,nan,nan,nan
140,1.4,1.0,/eos/uscms/store/user/aji/rootfiles_particleTransformer/WbWb_4000_1000_jetPtCut140_ak14_ca10.root,failed,/eos/uscms/store/user/aji/rootfiles_particleTransformer/WbWb_4000_1000_jetPtCut140_ak14_ca10.root,nan,nan,nan,nan,nan,nan,nan,nan,nan,nan,nan,nan,nan,nan,nan,nan
140,1.6,0.4,/eos/uscms/store/user/aji/rootfiles_particleTransformer/WbWb_4000_1000_jetPtCut140_ak16_ca4.root,failed,/eos/uscms/store/user/aji/rootfiles_particleTransformer/WbWb_4000_1000_jetPtCut140_ak16_ca4.root,nan,nan,nan,nan,nan,nan,nan,nan,nan,nan,nan,nan,nan,nan,nan,nan
140,1.6,0.6,/eos/uscms/store/user/aji/rootfiles_particleTransformer/WbWb_4000_1000_jetPtCut140_ak16_ca6.root,failed,/eos/uscms/store/user/aji/rootfiles_particleTransformer/WbWb_4000_1000_jetPtCut140_ak16_ca6.root,nan,nan,nan,nan,nan,nan,nan,nan,nan,nan,nan,nan,nan,nan,nan,nan
140,1.6,0.8,/eos/uscms/store/user/aji/rootfiles_particleTransformer/WbWb_4000_1000_jetPtCut140_ak16_ca8.root,failed,/eos/uscms/store/user/aji/rootfiles_particleTransformer/WbWb_4000_1000_jetPtCut140_ak16_ca8.root,nan,nan,nan,nan,nan,nan,nan,nan,nan,nan,nan,nan,nan,nan,nan,nan
140,1.6,1.0,/eos/uscms/store/user/aji/rootfiles_particleTransformer/WbWb_4000_1000_jetPtCut140_ak16_ca10.root,failed,/eos/uscms/store/user/aji/rootfiles_particleTransformer/WbWb_4000_1000_jetPtCut140_ak16_ca10.root,nan,nan,nan,nan,nan,nan,nan,nan,nan,nan,nan,nan,nan,nan,nan,nan
140,1.6,1.2,/eos/uscms/store/user/aji/rootfiles_particleTransformer/WbWb_4000_1000_jetPtCut140_ak16_ca12.root,failed,/eos/uscms/store/user/aji/rootfiles_particleTransformer/WbWb_4000_1000_jetPtCut140_ak16_ca12.root,nan,nan,nan,nan,nan,nan,nan,nan,nan,nan,nan,nan,nan,nan,nan,nan
160,0.8,0.4,/eos/uscms/store/user/aji/rootfiles_particleTransformer/WbWb_4000_1000_jetPtCut160_ak8_ca4.root,failed,/eos/uscms/store/user/aji/rootfiles_particleTransformer/WbWb_4000_1000_jetPtCut160_ak8_ca4.root,nan,nan,nan,nan,nan,nan,nan,nan,nan,nan,nan,nan,nan,nan,nan,nan
160,1.0,0.4,/eos/uscms/store/user/aji/rootfiles_particleTransformer/WbWb_4000_1000_jetPtCut160_ak10_ca4.root,failed,/eos/uscms/store/user/aji/rootfiles_particleTransformer/WbWb_4000_1000_jetPtCut160_ak10_ca4.root,nan,nan,nan,nan,nan,nan,nan,nan,nan,nan,nan,nan,nan,nan,nan,nan
160,1.0,0.6,/eos/uscms/store/user/aji/rootfiles_particleTransformer/WbWb_4000_1000_jetPtCut160_ak10_ca6.root,failed,/eos/uscms/store/user/aji/rootfiles_particleTransformer/WbWb_4000_1000_jetPtCut160_ak10_ca6.root,nan,nan,nan,nan,nan,nan,nan,nan,nan,nan,nan,nan,nan,nan,nan,nan
160,1.2,0.4,/eos/uscms/store/user/aji/rootfiles_particleTransformer/WbWb_4000_1000_jetPtCut160_ak12_ca4.root,failed,/eos/uscms/store/user/aji/rootfiles_particleTransformer/WbWb_4000_1000_jetPtCut160_ak12_ca4.root,nan,nan,nan,nan,nan,nan,nan,nan,nan,nan,nan,nan,nan,nan,nan,nan
160,1.2,0.6,/eos/uscms/store/user/aji/rootfiles_particleTransformer/WbWb_4000_1000_jetPtCut160_ak12_ca6.root,failed,/eos/uscms/store/user/aji/rootfiles_particleTransformer/WbWb_4000_1000_jetPtCut160_ak12_ca6.root,nan,nan,nan,nan,nan,nan,nan,nan,nan,nan,nan,nan,nan,nan,nan,nan
160,1.2,0.8,/eos/uscms/store/user/aji/rootfiles_particleTransformer/WbWb_4000_1000_jetPtCut160_ak12_ca8.root,failed,/eos/uscms/store/user/aji/rootfiles_particleTransformer/WbWb_4000_1000_jetPtCut160_ak12_ca8.root,nan,nan,nan,nan,nan,nan,nan,nan,nan,nan,nan,nan,nan,nan,nan,nan
160,1.4,0.4,/eos/uscms/store/user/aji/rootfiles_particleTransformer/WbWb_4000_1000_jetPtCut160_ak14_ca4.root,failed,/eos/uscms/store/user/aji/rootfiles_particleTransformer/WbWb_4000_1000_jetPtCut160_ak14_ca4.root,nan,nan,nan,nan,nan,nan,nan,nan,nan,nan,nan,nan,nan,nan,nan,nan
160,1.4,0.6,/eos/uscms/store/user/aji/rootfiles_particleTransformer/WbWb_4000_1000_jetPtCut160_ak14_ca6.root,failed,/eos/uscms/store/user/aji/rootfiles_particleTransformer/WbWb_4000_1000_jetPtCut160_ak14_ca6.root,nan,nan,nan,nan,nan,nan,nan,nan,nan,nan,nan,nan,nan,nan,nan,nan
160,1.4,0.8,/eos/uscms/store/user/aji/rootfiles_particleTransformer/WbWb_4000_1000_jetPtCut160_ak14_ca8.root,failed,/eos/uscms/store/user/aji/rootfiles_particleTransformer/WbWb_4000_1000_jetPtCut160_ak14_ca8.root,nan,nan,nan,nan,nan,nan,nan,nan,nan,nan,nan,nan,nan,nan,nan,nan
160,1.4,1.0,/eos/uscms/store/user/aji/rootfiles_particleTransformer/WbWb_4000_1000_jetPtCut160_ak14_ca10.root,failed,/eos/uscms/store/user/aji/rootfiles_particleTransformer/WbWb_4000_1000_jetPtCut160_ak14_ca10.root,nan,nan,nan,nan,nan,nan,nan,nan,nan,nan,nan,nan,nan,nan,nan,nan
160,1.6,0.4,/eos/uscms/store/user/aji/rootfiles_particleTransformer/WbWb_4000_1000_jetPtCut160_ak16_ca4.root,failed,/eos/uscms/store/user/aji/rootfiles_particleTransformer/WbWb_4000_1000_jetPtCut160_ak16_ca4.root,nan,nan,nan,nan,nan,nan,nan,nan,nan,nan,nan,nan,nan,nan,nan,nan
160,1.6,0.6,/eos/uscms/store/user/aji/rootfiles_particleTransformer/WbWb_4000_1000_jetPtCut160_ak16_ca6.root,failed,/eos/uscms/store/user/aji/rootfiles_particleTransformer/WbWb_4000_1000_jetPtCut160_ak16_ca6.root,nan,nan,nan,nan,nan,nan,nan,nan,nan,nan,nan,nan,nan,nan,nan,nan
160,1.6,0.8,/eos/uscms/store/user/aji/rootfiles_particleTransformer/WbWb_4000_1000_jetPtCut160_ak16_ca8.root,failed,/eos/uscms/store/user/aji/rootfiles_particleTransformer/WbWb_4000_1000_jetPtCut160_ak16_ca8.root,nan,nan,nan,nan,nan,nan,nan,nan,nan,nan,nan,nan,nan,nan,nan,nan
160,1.6,1.0,/eos/uscms/store/user/aji/rootfiles_particleTransformer/WbWb_4000_1000_jetPtCut160_ak16_ca10.root,failed,/eos/uscms/store/user/aji/rootfiles_particleTransformer/WbWb_4000_1000_jetPtCut160_ak16_ca10.root,nan,nan,nan,nan,nan,nan,nan,nan,nan,nan,nan,nan,nan,nan,nan,nan
160,1.6,1.2,/eos/uscms/store/user/aji/rootfiles_particleTransformer/WbWb_4000_1000_jetPtCut160_ak16_ca12.root,failed,/eos/uscms/store/user/aji/rootfiles_particleTransformer/WbWb_4000_1000_jetPtCut160_ak16_ca12.root,nan,nan,nan,nan,nan,nan,nan,nan,nan,nan,nan,nan,nan,nan,nan,nan
180,0.8,0.4,/eos/uscms/store/user/aji/rootfiles_particleTransformer/WbWb_4000_1000_jetPtCut180_ak8_ca4.root,failed,/eos/uscms/store/user/aji/rootfiles_particleTransformer/WbWb_4000_1000_jetPtCut180_ak8_ca4.root,nan,nan,nan,nan,nan,nan,nan,nan,nan,nan,nan,nan,nan,nan,nan,nan
180,1.0,0.4,/eos/uscms/store/user/aji/rootfiles_particleTransformer/WbWb_4000_1000_jetPtCut180_ak10_ca4.root,failed,/eos/uscms/store/user/aji/rootfiles_particleTransformer/WbWb_4000_1000_jetPtCut180_ak10_ca4.root,nan,nan,nan,nan,nan,nan,nan,nan,nan,nan,nan,nan,nan,nan,nan,nan
180,1.0,0.6,/eos/uscms/store/user/aji/rootfiles_particleTransformer/WbWb_4000_1000_jetPtCut180_ak10_ca6.root,failed,/eos/uscms/store/user/aji/rootfiles_particleTransformer/WbWb_4000_1000_jetPtCut180_ak10_ca6.root,nan,nan,nan,nan,nan,nan,nan,nan,nan,nan,nan,nan,nan,nan,nan,nan
180,1.2,0.4,/eos/uscms/store/user/aji/rootfiles_particleTransformer/WbWb_4000_1000_jetPtCut180_ak12_ca4.root,failed,/eos/uscms/store/user/aji/rootfiles_particleTransformer/WbWb_4000_1000_jetPtCut180_ak12_ca4.root,nan,nan,nan,nan,nan,nan,nan,nan,nan,nan,nan,nan,nan,nan,nan,nan
180,1.2,0.6,/eos/uscms/store/user/aji/rootfiles_particleTransformer/WbWb_4000_1000_jetPtCut180_ak12_ca6.root,failed,/eos/uscms/store/user/aji/rootfiles_particleTransformer/WbWb_4000_1000_jetPtCut180_ak12_ca6.root,nan,nan,nan,nan,nan,nan,nan,nan,nan,nan,nan,nan,nan,nan,nan,nan
180,1.2,0.8,/eos/uscms/store/user/aji/rootfiles_particleTransformer/WbWb_4000_1000_jetPtCut180_ak12_ca8.root,failed,/eos/uscms/store/user/aji/rootfiles_particleTransformer/WbWb_4000_1000_jetPtCut180_ak12_ca8.root,nan,nan,nan,nan,nan,nan,nan,nan,nan,nan,nan,nan,nan,nan,nan,nan
180,1.4,0.4,/eos/uscms/store/user/aji/rootfiles_particleTransformer/WbWb_4000_1000_jetPtCut180_ak14_ca4.root,failed,/eos/uscms/store/user/aji/rootfiles_particleTransformer/WbWb_4000_1000_jetPtCut180_ak14_ca4.root,nan,nan,nan,nan,nan,nan,nan,nan,nan,nan,nan,nan,nan,nan,nan,nan
180,1.4,0.6,/eos/uscms/store/user/aji/rootfiles_particleTransformer/WbWb_4000_1000_jetPtCut180_ak14_ca6.root,failed,/eos/uscms/store/user/aji/rootfiles_particleTransformer/WbWb_4000_1000_jetPtCut180_ak14_ca6.root,nan,nan,nan,nan,nan,nan,nan,nan,nan,nan,nan,nan,nan,nan,nan,nan
180,1.4,0.8,/eos/uscms/store/user/aji/rootfiles_particleTransformer/WbWb_4000_1000_jetPtCut180_ak14_ca8.root,failed,/eos/uscms/store/user/aji/rootfiles_particleTransformer/WbWb_4000_1000_jetPtCut180_ak14_ca8.root,nan,nan,nan,nan,nan,nan,nan,nan,nan,nan,nan,nan,nan,nan,nan,nan
180,1.4,1.0,/eos/uscms/store/user/aji/rootfiles_particleTransformer/WbWb_4000_1000_jetPtCut180_ak14_ca10.root,failed,/eos/uscms/store/user/aji/rootfiles_particleTransformer/WbWb_4000_1000_jetPtCut180_ak14_ca10.root,nan,nan,nan,nan,nan,nan,nan,nan,nan,nan,nan,nan,nan,nan,nan,nan
180,1.6,0.4,/eos/uscms/store/user/aji/rootfiles_particleTransformer/WbWb_4000_1000_jetPtCut180_ak16_ca4.root,failed,/eos/uscms/store/user/aji/rootfiles_particleTransformer/WbWb_4000_1000_jetPtCut180_ak16_ca4.root,nan,nan,nan,nan,nan,nan,nan,nan,nan,nan,nan,nan,nan,nan,nan,nan
180,1.6,0.6,/eos/uscms/store/user/aji/rootfiles_particleTransformer/WbWb_4000_1000_jetPtCut180_ak16_ca6.root,failed,/eos/uscms/store/user/aji/rootfiles_particleTransformer/WbWb_4000_1000_jetPtCut180_ak16_ca6.root,nan,nan,nan,nan,nan,nan,nan,nan,nan,nan,nan,nan,nan,nan,nan,nan
180,1.6,0.8,/eos/uscms/store/user/aji/rootfiles_particleTransformer/WbWb_4000_1000_jetPtCut180_ak16_ca8.root,failed,/eos/uscms/store/user/aji/rootfiles_particleTransformer/WbWb_4000_1000_jetPtCut180_ak16_ca8.root,nan,nan,nan,nan,nan,nan,nan,nan,nan,nan,nan,nan,nan,nan,nan,nan
180,1.6,1.0,/eos/uscms/store/user/aji/rootfiles_particleTransformer/WbWb_4000_1000_jetPtCut180_ak16_ca10.root,failed,/eos/uscms/store/user/aji/rootfiles_particleTransformer/WbWb_4000_1000_jetPtCut180_ak16_ca10.root,nan,nan,nan,nan,nan,nan,nan,nan,nan,nan,nan,nan,nan,nan,nan,nan
180,1.6,1.2,/eos/uscms/store/user/aji/rootfiles_particleTransformer/WbWb_4000_1000_jetPtCut180_ak16_ca12.root,failed,/eos/uscms/store/user/aji/rootfiles_particleTransformer/WbWb_4000_1000_jetPtCut180_ak16_ca12.root,nan,nan,nan,nan,nan,nan,nan,nan,nan,nan,nan,nan,nan,nan,nan,nan
200,0.8,0.4,/eos/uscms/store/user/aji/rootfiles_particleTransformer/WbWb_4000_1000_jetPtCut200_ak8_ca4.root,failed,/eos/uscms/store/user/aji/rootfiles_particleTransformer/WbWb_4000_1000_jetPtCut200_ak8_ca4.root,nan,nan,nan,nan,nan,nan,nan,nan,nan,nan,nan,nan,nan,nan,nan,nan
200,1.0,0.4,/eos/uscms/store/user/aji/rootfiles_particleTransformer/WbWb_4000_1000_jetPtCut200_ak10_ca4.root,failed,/eos/uscms/store/user/aji/rootfiles_particleTransformer/WbWb_4000_1000_jetPtCut200_ak10_ca4.root,nan,nan,nan,nan,nan,nan,nan,nan,nan,nan,nan,nan,nan,nan,nan,nan
200,1.0,0.6,/eos/uscms/store/user/aji/rootfiles_particleTransformer/WbWb_4000_1000_jetPtCut200_ak10_ca6.root,failed,/eos/uscms/store/user/aji/rootfiles_particleTransformer/WbWb_4000_1000_jetPtCut200_ak10_ca6.root,nan,nan,nan,nan,nan,nan,nan,nan,nan,nan,nan,nan,nan,nan,nan,nan
200,1.2,0.4,/eos/uscms/store/user/aji/rootfiles_particleTransformer/WbWb_4000_1000_jetPtCut200_ak12_ca4.root,failed,/eos/uscms/store/user/aji/rootfiles_particleTransformer/WbWb_4000_1000_jetPtCut200_ak12_ca4.root,nan,nan,nan,nan,nan,nan,nan,nan,nan,nan,nan,nan,nan,nan,nan,nan
200,1.2,0.6,/eos/uscms/store/user/aji/rootfiles_particleTransformer/WbWb_4000_1000_jetPtCut200_ak12_ca6.root,failed,/eos/uscms/store/user/aji/rootfiles_particleTransformer/WbWb_4000_1000_jetPtCut200_ak12_ca6.root,nan,nan,nan,nan,nan,nan,nan,nan,nan,nan,nan,nan,nan,nan,nan,nan
200,1.2,0.8,/eos/uscms/store/user/aji/rootfiles_particleTransformer/WbWb_4000_1000_jetPtCut200_ak12_ca8.root,failed,/eos/uscms/store/user/aji/rootfiles_particleTransformer/WbWb_4000_1000_jetPtCut200_ak12_ca8.root,nan,nan,nan,nan,nan,nan,nan,nan,nan,nan,nan,nan,nan,nan,nan,nan
200,1.4,0.4,/eos/uscms/store/user/aji/rootfiles_particleTransformer/WbWb_4000_1000_jetPtCut200_ak14_ca4.root,failed,/eos/uscms/store/user/aji/rootfiles_particleTransformer/WbWb_4000_1000_jetPtCut200_ak14_ca4.root,nan,nan,nan,nan,nan,nan,nan,nan,nan,nan,nan,nan,nan,nan,nan,nan
200,1.4,0.6,/eos/uscms/store/user/aji/rootfiles_particleTransformer/WbWb_4000_1000_jetPtCut200_ak14_ca6.root,failed,/eos/uscms/store/user/aji/rootfiles_particleTransformer/WbWb_4000_1000_jetPtCut200_ak14_ca6.root,nan,nan,nan,nan,nan,nan,nan,nan,nan,nan,nan,nan,nan,nan,nan,nan
200,1.4,0.8,/eos/uscms/store/user/aji/rootfiles_particleTransformer/WbWb_4000_1000_jetPtCut200_ak14_ca8.root,failed,/eos/uscms/store/user/aji/rootfiles_particleTransformer/WbWb_4000_1000_jetPtCut200_ak14_ca8.root,nan,nan,nan,nan,nan,nan,nan,nan,nan,nan,nan,nan,nan,nan,nan,nan
200,1.4,1.0,/eos/uscms/store/user/aji/rootfiles_particleTransformer/WbWb_4000_1000_jetPtCut200_ak14_ca10.root,failed,/eos/uscms/store/user/aji/rootfiles_particleTransformer/WbWb_4000_1000_jetPtCut200_ak14_ca10.root,nan,nan,nan,nan,nan,nan,nan,nan,nan,nan,nan,nan,nan,nan,nan,nan
200,1.6,0.4,/eos/uscms/store/user/aji/rootfiles_particleTransformer/WbWb_4000_1000_jetPtCut200_ak16_ca4.root,failed,/eos/uscms/store/user/aji/rootfiles_particleTransformer/WbWb_4000_1000_jetPtCut200_ak16_ca4.root,nan,nan,nan,nan,nan,nan,nan,nan,nan,nan,nan,nan,nan,nan,nan,nan
200,1.6,0.6,/eos/uscms/store/user/aji/rootfiles_particleTransformer/WbWb_4000_1000_jetPtCut200_ak16_ca6.root,failed,/eos/uscms/store/user/aji/rootfiles_particleTransformer/WbWb_4000_1000_jetPtCut200_ak16_ca6.root,nan,nan,nan,nan,nan,nan,nan,nan,nan,nan,nan,nan,nan,nan,nan,nan
200,1.6,0.8,/eos/uscms/store/user/aji/rootfiles_particleTransformer/WbWb_4000_1000_jetPtCut200_ak16_ca8.root,failed,/eos/uscms/store/user/aji/rootfiles_particleTransformer/WbWb_4000_1000_jetPtCut200_ak16_ca8.root,nan,nan,nan,nan,nan,nan,nan,nan,nan,nan,nan,nan,nan,nan,nan,nan
200,1.6,1.0,/eos/uscms/store/user/aji/rootfiles_particleTransformer/WbWb_4000_1000_jetPtCut200_ak16_ca10.root,failed,/eos/uscms/store/user/aji/rootfiles_particleTransformer/WbWb_4000_1000_jetPtCut200_ak16_ca10.root,nan,nan,nan,nan,nan,nan,nan,nan,nan,nan,nan,nan,nan,nan,nan,nan
200,1.6,1.2,/eos/uscms/store/user/aji/rootfiles_particleTransformer/WbWb_4000_1000_jetPtCut200_ak16_ca12.root,failed,/eos/uscms/store/user/aji/rootfiles_particleTransformer/WbWb_4000_1000_jetPtCut200_ak16_ca12.root,nan,nan,nan,nan,nan,nan,nan,nan,nan,nan,nan,nan,nan,nan,nan,nan
220,0.8,0.4,/eos/uscms/store/user/aji/rootfiles_particleTransformer/WbWb_4000_1000_jetPtCut220_ak8_ca4.root,failed,/eos/uscms/store/user/aji/rootfiles_particleTransformer/WbWb_4000_1000_jetPtCut220_ak8_ca4.root,nan,nan,nan,nan,nan,nan,nan,nan,nan,nan,nan,nan,nan,nan,nan,nan
220,1.0,0.4,/eos/uscms/store/user/aji/rootfiles_particleTransformer/WbWb_4000_1000_jetPtCut220_ak10_ca4.root,failed,/eos/uscms/store/user/aji/rootfiles_particleTransformer/WbWb_4000_1000_jetPtCut220_ak10_ca4.root,nan,nan,nan,nan,nan,nan,nan,nan,nan,nan,nan,nan,nan,nan,nan,nan
220,1.0,0.6,/eos/uscms/store/user/aji/rootfiles_particleTransformer/WbWb_4000_1000_jetPtCut220_ak10_ca6.root,failed,/eos/uscms/store/user/aji/rootfiles_particleTransformer/WbWb_4000_1000_jetPtCut220_ak10_ca6.root,nan,nan,nan,nan,nan,nan,nan,nan,nan,nan,nan,nan,nan,nan,nan,nan
220,1.2,0.4,/eos/uscms/store/user/aji/rootfiles_particleTransformer/WbWb_4000_1000_jetPtCut220_ak12_ca4.root,failed,/eos/uscms/store/user/aji/rootfiles_particleTransformer/WbWb_4000_1000_jetPtCut220_ak12_ca4.root,nan,nan,nan,nan,nan,nan,nan,nan,nan,nan,nan,nan,nan,nan,nan,nan
220,1.2,0.6,/eos/uscms/store/user/aji/rootfiles_particleTransformer/WbWb_4000_1000_jetPtCut220_ak12_ca6.root,failed,/eos/uscms/store/user/aji/rootfiles_particleTransformer/WbWb_4000_1000_jetPtCut220_ak12_ca6.root,nan,nan,nan,nan,nan,nan,nan,nan,nan,nan,nan,nan,nan,nan,nan,nan
220,1.2,0.8,/eos/uscms/store/user/aji/rootfiles_particleTransformer/WbWb_4000_1000_jetPtCut220_ak12_ca8.root,failed,/eos/uscms/store/user/aji/rootfiles_particleTransformer/WbWb_4000_1000_jetPtCut220_ak12_ca8.root,nan,nan,nan,nan,nan,nan,nan,nan,nan,nan,nan,nan,nan,nan,nan,nan
220,1.4,0.4,/eos/uscms/store/user/aji/rootfiles_particleTransformer/WbWb_4000_1000_jetPtCut220_ak14_ca4.root,failed,/eos/uscms/store/user/aji/rootfiles_particleTransformer/WbWb_4000_1000_jetPtCut220_ak14_ca4.root,nan,nan,nan,nan,nan,nan,nan,nan,nan,nan,nan,nan,nan,nan,nan,nan
220,1.4,0.6,/eos/uscms/store/user/aji/rootfiles_particleTransformer/WbWb_4000_1000_jetPtCut220_ak14_ca6.root,failed,/eos/uscms/store/user/aji/rootfiles_particleTransformer/WbWb_4000_1000_jetPtCut220_ak14_ca6.root,nan,nan,nan,nan,nan,nan,nan,nan,nan,nan,nan,nan,nan,nan,nan,nan
220,1.4,0.8,/eos/uscms/store/user/aji/rootfiles_particleTransformer/WbWb_4000_1000_jetPtCut220_ak14_ca8.root,failed,/eos/uscms/store/user/aji/rootfiles_particleTransformer/WbWb_4000_1000_jetPtCut220_ak14_ca8.root,nan,nan,nan,nan,nan,nan,nan,nan,nan,nan,nan,nan,nan,nan,nan,nan
220,1.4,1.0,/eos/uscms/store/user/aji/rootfiles_particleTransformer/WbWb_4000_1000_jetPtCut220_ak14_ca10.root,failed,/eos/uscms/store/user/aji/rootfiles_particleTransformer/WbWb_4000_1000_jetPtCut220_ak14_ca10.root,nan,nan,nan,nan,nan,nan,nan,nan,nan,nan,nan,nan,nan,nan,nan,nan
220,1.6,0.4,/eos/uscms/store/user/aji/rootfiles_particleTransformer/WbWb_4000_1000_jetPtCut220_ak16_ca4.root,failed,/eos/uscms/store/user/aji/rootfiles_particleTransformer/WbWb_4000_1000_jetPtCut220_ak16_ca4.root,nan,nan,nan,nan,nan,nan,nan,nan,nan,nan,nan,nan,nan,nan,nan,nan
220,1.6,0.6,/eos/uscms/store/user/aji/rootfiles_particleTransformer/WbWb_4000_1000_jetPtCut220_ak16_ca6.root,failed,/eos/uscms/store/user/aji/rootfiles_particleTransformer/WbWb_4000_1000_jetPtCut220_ak16_ca6.root,nan,nan,nan,nan,nan,nan,nan,nan,nan,nan,nan,nan,nan,nan,nan,nan
220,1.6,0.8,/eos/uscms/store/user/aji/rootfiles_particleTransformer/WbWb_4000_1000_jetPtCut220_ak16_ca8.root,failed,/eos/uscms/store/user/aji/rootfiles_particleTransformer/WbWb_4000_1000_jetPtCut220_ak16_ca8.root,nan,nan,nan,nan,nan,nan,nan,nan,nan,nan,nan,nan,nan,nan,nan,nan
220,1.6,1.0,/eos/uscms/store/user/aji/rootfiles_particleTransformer/WbWb_4000_1000_jetPtCut220_ak16_ca10.root,failed,/eos/uscms/store/user/aji/rootfiles_particleTransformer/WbWb_4000_1000_jetPtCut220_ak16_ca10.root,nan,nan,nan,nan,nan,nan,nan,nan,nan,nan,nan,nan,nan,nan,nan,nan
220,1.6,1.2,/eos/uscms/store/user/aji/rootfiles_particleTransformer/WbWb_4000_1000_jetPtCut220_ak16_ca12.root,failed,/eos/uscms/store/user/aji/rootfiles_particleTransformer/WbWb_4000_1000_jetPtCut220_ak16_ca12.root,nan,nan,nan,nan,nan,nan,nan,nan,nan,nan,nan,nan,nan,nan,nan,nan
240,0.8,0.4,/eos/uscms/store/user/aji/rootfiles_particleTransformer/WbWb_4000_1000_jetPtCut240_ak8_ca4.root,failed,/eos/uscms/store/user/aji/rootfiles_particleTransformer/WbWb_4000_1000_jetPtCut240_ak8_ca4.root,nan,nan,nan,nan,nan,nan,nan,nan,nan,nan,nan,nan,nan,nan,nan,nan
240,1.0,0.4,/eos/uscms/store/user/aji/rootfiles_particleTransformer/WbWb_4000_1000_jetPtCut240_ak10_ca4.root,failed,/eos/uscms/store/user/aji/rootfiles_particleTransformer/WbWb_4000_1000_jetPtCut240_ak10_ca4.root,nan,nan,nan,nan,nan,nan,nan,nan,nan,nan,nan,nan,nan,nan,nan,nan
240,1.0,0.6,/eos/uscms/store/user/aji/rootfiles_particleTransformer/WbWb_4000_1000_jetPtCut240_ak10_ca6.root,failed,/eos/uscms/store/user/aji/rootfiles_particleTransformer/WbWb_4000_1000_jetPtCut240_ak10_ca6.root,nan,nan,nan,nan,nan,nan,nan,nan,nan,nan,nan,nan,nan,nan,nan,nan
240,1.2,0.4,/eos/uscms/store/user/aji/rootfiles_particleTransformer/WbWb_4000_1000_jetPtCut240_ak12_ca4.root,failed,/eos/uscms/store/user/aji/rootfiles_particleTransformer/WbWb_4000_1000_jetPtCut240_ak12_ca4.root,nan,nan,nan,nan,nan,nan,nan,nan,nan,nan,nan,nan,nan,nan,nan,nan
240,1.2,0.6,/eos/uscms/store/user/aji/rootfiles_particleTransformer/WbWb_4000_1000_jetPtCut240_ak12_ca6.root,failed,/eos/uscms/store/user/aji/rootfiles_particleTransformer/WbWb_4000_1000_jetPtCut240_ak12_ca6.root,nan,nan,nan,nan,nan,nan,nan,nan,nan,nan,nan,nan,nan,nan,nan,nan
240,1.2,0.8,/eos/uscms/store/user/aji/rootfiles_particleTransformer/WbWb_4000_1000_jetPtCut240_ak12_ca8.root,failed,/eos/uscms/store/user/aji/rootfiles_particleTransformer/WbWb_4000_1000_jetPtCut240_ak12_ca8.root,nan,nan,nan,nan,nan,nan,nan,nan,nan,nan,nan,nan,nan,nan,nan,nan
240,1.4,0.4,/eos/uscms/store/user/aji/rootfiles_particleTransformer/WbWb_4000_1000_jetPtCut240_ak14_ca4.root,failed,/eos/uscms/store/user/aji/rootfiles_particleTransformer/WbWb_4000_1000_jetPtCut240_ak14_ca4.root,nan,nan,nan,nan,nan,nan,nan,nan,nan,nan,nan,nan,nan,nan,nan,nan
240,1.4,0.6,/eos/uscms/store/user/aji/rootfiles_particleTransformer/WbWb_4000_1000_jetPtCut240_ak14_ca6.root,failed,/eos/uscms/store/user/aji/rootfiles_particleTransformer/WbWb_4000_1000_jetPtCut240_ak14_ca6.root,nan,nan,nan,nan,nan,nan,nan,nan,nan,nan,nan,nan,nan,nan,nan,nan
240,1.4,0.8,/eos/uscms/store/user/aji/rootfiles_particleTransformer/WbWb_4000_1000_jetPtCut240_ak14_ca8.root,failed,/eos/uscms/store/user/aji/rootfiles_particleTransformer/WbWb_4000_1000_jetPtCut240_ak14_ca8.root,nan,nan,nan,nan,nan,nan,nan,nan,nan,nan,nan,nan,nan,nan,nan,nan
240,1.4,1.0,/eos/uscms/store/user/aji/rootfiles_particleTransformer/WbWb_4000_1000_jetPtCut240_ak14_ca10.root,failed,/eos/uscms/store/user/aji/rootfiles_particleTransformer/WbWb_4000_1000_jetPtCut240_ak14_ca10.root,nan,nan,nan,nan,nan,nan,nan,nan,nan,nan,nan,nan,nan,nan,nan,nan
240,1.6,0.4,/eos/uscms/store/user/aji/rootfiles_particleTransformer/WbWb_4000_1000_jetPtCut240_ak16_ca4.root,failed,/eos/uscms/store/user/aji/rootfiles_particleTransformer/WbWb_4000_1000_jetPtCut240_ak16_ca4.root,nan,nan,nan,nan,nan,nan,nan,nan,nan,nan,nan,nan,nan,nan,nan,nan
240,1.6,0.6,/eos/uscms/store/user/aji/rootfiles_particleTransformer/WbWb_4000_1000_jetPtCut240_ak16_ca6.root,failed,/eos/uscms/store/user/aji/rootfiles_particleTransformer/WbWb_4000_1000_jetPtCut240_ak16_ca6.root,nan,nan,nan,nan,nan,nan,nan,nan,nan,nan,nan,nan,nan,nan,nan,nan
240,1.6,0.8,/eos/uscms/store/user/aji/rootfiles_particleTransformer/WbWb_4000_1000_jetPtCut240_ak16_ca8.root,failed,/eos/uscms/store/user/aji/rootfiles_particleTransformer/WbWb_4000_1000_jetPtCut240_ak16_ca8.root,nan,nan,nan,nan,nan,nan,nan,nan,nan,nan,nan,nan,nan,nan,nan,nan
240,1.6,1.0,/eos/uscms/store/user/aji/rootfiles_particleTransformer/WbWb_4000_1000_jetPtCut240_ak16_ca10.root,failed,/eos/uscms/store/user/aji/rootfiles_particleTransformer/WbWb_4000_1000_jetPtCut240_ak16_ca10.root,nan,nan,nan,nan,nan,nan,nan,nan,nan,nan,nan,nan,nan,nan,nan,nan
240,1.6,1.2,/eos/uscms/store/user/aji/rootfiles_particleTransformer/WbWb_4000_1000_jetPtCut240_ak16_ca12.root,failed,/eos/uscms/store/user/aji/rootfiles_particleTransformer/WbWb_4000_1000_jetPtCut240_ak16_ca12.root,nan,nan,nan,nan,nan,nan,nan,nan,nan,nan,nan,nan,nan,nan,nan,nan
260,0.8,0.4,/eos/uscms/store/user/aji/rootfiles_particleTransformer/WbWb_4000_1000_jetPtCut260_ak8_ca4.root,failed,/eos/uscms/store/user/aji/rootfiles_particleTransformer/WbWb_4000_1000_jetPtCut260_ak8_ca4.root,nan,nan,nan,nan,nan,nan,nan,nan,nan,nan,nan,nan,nan,nan,nan,nan
260,1.0,0.4,/eos/uscms/store/user/aji/rootfiles_particleTransformer/WbWb_4000_1000_jetPtCut260_ak10_ca4.root,failed,/eos/uscms/store/user/aji/rootfiles_particleTransformer/WbWb_4000_1000_jetPtCut260_ak10_ca4.root,nan,nan,nan,nan,nan,nan,nan,nan,nan,nan,nan,nan,nan,nan,nan,nan
260,1.0,0.6,/eos/uscms/store/user/aji/rootfiles_particleTransformer/WbWb_4000_1000_jetPtCut260_ak10_ca6.root,failed,/eos/uscms/store/user/aji/rootfiles_particleTransformer/WbWb_4000_1000_jetPtCut260_ak10_ca6.root,nan,nan,nan,nan,nan,nan,nan,nan,nan,nan,nan,nan,nan,nan,nan,nan
260,1.2,0.4,/eos/uscms/store/user/aji/rootfiles_particleTransformer/WbWb_4000_1000_jetPtCut260_ak12_ca4.root,failed,/eos/uscms/store/user/aji/rootfiles_particleTransformer/WbWb_4000_1000_jetPtCut260_ak12_ca4.root,nan,nan,nan,nan,nan,nan,nan,nan,nan,nan,nan,nan,nan,nan,nan,nan
260,1.2,0.6,/eos/uscms/store/user/aji/rootfiles_particleTransformer/WbWb_4000_1000_jetPtCut260_ak12_ca6.root,failed,/eos/uscms/store/user/aji/rootfiles_particleTransformer/WbWb_4000_1000_jetPtCut260_ak12_ca6.root,nan,nan,nan,nan,nan,nan,nan,nan,nan,nan,nan,nan,nan,nan,nan,nan
260,1.2,0.8,/eos/uscms/store/user/aji/rootfiles_particleTransformer/WbWb_4000_1000_jetPtCut260_ak12_ca8.root,failed,/eos/uscms/store/user/aji/rootfiles_particleTransformer/WbWb_4000_1000_jetPtCut260_ak12_ca8.root,nan,nan,nan,nan,nan,nan,nan,nan,nan,nan,nan,nan,nan,nan,nan,nan
260,1.4,0.4,/eos/uscms/store/user/aji/rootfiles_particleTransformer/WbWb_4000_1000_jetPtCut260_ak14_ca4.root,failed,/eos/uscms/store/user/aji/rootfiles_particleTransformer/WbWb_4000_1000_jetPtCut260_ak14_ca4.root,nan,nan,nan,nan,nan,nan,nan,nan,nan,nan,nan,nan,nan,nan,nan,nan
260,1.4,0.6,/eos/uscms/store/user/aji/rootfiles_particleTransformer/WbWb_4000_1000_jetPtCut260_ak14_ca6.root,failed,/eos/uscms/store/user/aji/rootfiles_particleTransformer/WbWb_4000_1000_jetPtCut260_ak14_ca6.root,nan,nan,nan,nan,nan,nan,nan,nan,nan,nan,nan,nan,nan,nan,nan,nan
260,1.4,0.8,/eos/uscms/store/user/aji/rootfiles_particleTransformer/WbWb_4000_1000_jetPtCut260_ak14_ca8.root,failed,/eos/uscms/store/user/aji/rootfiles_particleTransformer/WbWb_4000_1000_jetPtCut260_ak14_ca8.root,nan,nan,nan,nan,nan,nan,nan,nan,nan,nan,nan,nan,nan,nan,nan,nan
260,1.4,1.0,/eos/uscms/store/user/aji/rootfiles_particleTransformer/WbWb_4000_1000_jetPtCut260_ak14_ca10.root,failed,/eos/uscms/store/user/aji/rootfiles_particleTransformer/WbWb_4000_1000_jetPtCut260_ak14_ca10.root,nan,nan,nan,nan,nan,nan,nan,nan,nan,nan,nan,nan,nan,nan,nan,nan
260,1.6,0.4,/eos/uscms/store/user/aji/rootfiles_particleTransformer/WbWb_4000_1000_jetPtCut260_ak16_ca4.root,failed,/eos/uscms/store/user/aji/rootfiles_particleTransformer/WbWb_4000_1000_jetPtCut260_ak16_ca4.root,nan,nan,nan,nan,nan,nan,nan,nan,nan,nan,nan,nan,nan,nan,nan,nan
260,1.6,0.6,/eos/uscms/store/user/aji/rootfiles_particleTransformer/WbWb_4000_1000_jetPtCut260_ak16_ca6.root,failed,/eos/uscms/store/user/aji/rootfiles_particleTransformer/WbWb_4000_1000_jetPtCut260_ak16_ca6.root,nan,nan,nan,nan,nan,nan,nan,nan,nan,nan,nan,nan,nan,nan,nan,nan
260,1.6,0.8,/eos/uscms/store/user/aji/rootfiles_particleTransformer/WbWb_4000_1000_jetPtCut260_ak16_ca8.root,failed,/eos/uscms/store/user/aji/rootfiles_particleTransformer/WbWb_4000_1000_jetPtCut260_ak16_ca8.root,nan,nan,nan,nan,nan,nan,nan,nan,nan,nan,nan,nan,nan,nan,nan,nan
260,1.6,1.0,/eos/uscms/store/user/aji/rootfiles_particleTransformer/WbWb_4000_1000_jetPtCut260_ak16_ca10.root,failed,/eos/uscms/store/user/aji/rootfiles_particleTransformer/WbWb_4000_1000_jetPtCut260_ak16_ca10.root,nan,nan,nan,nan,nan,nan,nan,nan,nan,nan,nan,nan,nan,nan,nan,nan
260,1.6,1.2,/eos/uscms/store/user/aji/rootfiles_particleTransformer/WbWb_4000_1000_jetPtCut260_ak16_ca12.root,failed,/eos/uscms/store/user/aji/rootfiles_particleTransformer/WbWb_4000_1000_jetPtCut260_ak16_ca12.root,nan,nan,nan,nan,nan,nan,nan,nan,nan,nan,nan,nan,nan,nan,nan,nan
280,0.8,0.4,/eos/uscms/store/user/aji/rootfiles_particleTransformer/WbWb_4000_1000_jetPtCut280_ak8_ca4.root,failed,/eos/uscms/store/user/aji/rootfiles_particleTransformer/WbWb_4000_1000_jetPtCut280_ak8_ca4.root,nan,nan,nan,nan,nan,nan,nan,nan,nan,nan,nan,nan,nan,nan,nan,nan
280,1.0,0.4,/eos/uscms/store/user/aji/rootfiles_particleTransformer/WbWb_4000_1000_jetPtCut280_ak10_ca4.root,failed,/eos/uscms/store/user/aji/rootfiles_particleTransformer/WbWb_4000_1000_jetPtCut280_ak10_ca4.root,nan,nan,nan,nan,nan,nan,nan,nan,nan,nan,nan,nan,nan,nan,nan,nan
280,1.0,0.6,/eos/uscms/store/user/aji/rootfiles_particleTransformer/WbWb_4000_1000_jetPtCut280_ak10_ca6.root,failed,/eos/uscms/store/user/aji/rootfiles_particleTransformer/WbWb_4000_1000_jetPtCut280_ak10_ca6.root,nan,nan,nan,nan,nan,nan,nan,nan,nan,nan,nan,nan,nan,nan,nan,nan
280,1.2,0.4,/eos/uscms/store/user/aji/rootfiles_particleTransformer/WbWb_4000_1000_jetPtCut280_ak12_ca4.root,failed,/eos/uscms/store/user/aji/rootfiles_particleTransformer/WbWb_4000_1000_jetPtCut280_ak12_ca4.root,nan,nan,nan,nan,nan,nan,nan,nan,nan,nan,nan,nan,nan,nan,nan,nan
280,1.2,0.6,/eos/uscms/store/user/aji/rootfiles_particleTransformer/WbWb_4000_1000_jetPtCut280_ak12_ca6.root,failed,/eos/uscms/store/user/aji/rootfiles_particleTransformer/WbWb_4000_1000_jetPtCut280_ak12_ca6.root,nan,nan,nan,nan,nan,nan,nan,nan,nan,nan,nan,nan,nan,nan,nan,nan
280,1.2,0.8,/eos/uscms/store/user/aji/rootfiles_particleTransformer/WbWb_4000_1000_jetPtCut280_ak12_ca8.root,failed,/eos/uscms/store/user/aji/rootfiles_particleTransformer/WbWb_4000_1000_jetPtCut280_ak12_ca8.root,nan,nan,nan,nan,nan,nan,nan,nan,nan,nan,nan,nan,nan,nan,nan,nan
280,1.4,0.4,/eos/uscms/store/user/aji/rootfiles_particleTransformer/WbWb_4000_1000_jetPtCut280_ak14_ca4.root,failed,/eos/uscms/store/user/aji/rootfiles_particleTransformer/WbWb_4000_1000_jetPtCut280_ak14_ca4.root,nan,nan,nan,nan,nan,nan,nan,nan,nan,nan,nan,nan,nan,nan,nan,nan
280,1.4,0.6,/eos/uscms/store/user/aji/rootfiles_particleTransformer/WbWb_4000_1000_jetPtCut280_ak14_ca6.root,failed,/eos/uscms/store/user/aji/rootfiles_particleTransformer/WbWb_4000_1000_jetPtCut280_ak14_ca6.root,nan,nan,nan,nan,nan,nan,nan,nan,nan,nan,nan,nan,nan,nan,nan,nan
280,1.4,0.8,/eos/uscms/store/user/aji/rootfiles_particleTransformer/WbWb_4000_1000_jetPtCut280_ak14_ca8.root,failed,/eos/uscms/store/user/aji/rootfiles_particleTransformer/WbWb_4000_1000_jetPtCut280_ak14_ca8.root,nan,nan,nan,nan,nan,nan,nan,nan,nan,nan,nan,nan,nan,nan,nan,nan
280,1.4,1.0,/eos/uscms/store/user/aji/rootfiles_particleTransformer/WbWb_4000_1000_jetPtCut280_ak14_ca10.root,failed,/eos/uscms/store/user/aji/rootfiles_particleTransformer/WbWb_4000_1000_jetPtCut280_ak14_ca10.root,nan,nan,nan,nan,nan,nan,nan,nan,nan,nan,nan,nan,nan,nan,nan,nan
280,1.6,0.4,/eos/uscms/store/user/aji/rootfiles_particleTransformer/WbWb_4000_1000_jetPtCut280_ak16_ca4.root,failed,/eos/uscms/store/user/aji/rootfiles_particleTransformer/WbWb_4000_1000_jetPtCut280_ak16_ca4.root,nan,nan,nan,nan,nan,nan,nan,nan,nan,nan,nan,nan,nan,nan,nan,nan
280,1.6,0.6,/eos/uscms/store/user/aji/rootfiles_particleTransformer/WbWb_4000_1000_jetPtCut280_ak16_ca6.root,failed,/eos/uscms/store/user/aji/rootfiles_particleTransformer/WbWb_4000_1000_jetPtCut280_ak16_ca6.root,nan,nan,nan,nan,nan,nan,nan,nan,nan,nan,nan,nan,nan,nan,nan,nan
280,1.6,0.8,/eos/uscms/store/user/aji/rootfiles_particleTransformer/WbWb_4000_1000_jetPtCut280_ak16_ca8.root,failed,/eos/uscms/store/user/aji/rootfiles_particleTransformer/WbWb_4000_1000_jetPtCut280_ak16_ca8.root,nan,nan,nan,nan,nan,nan,nan,nan,nan,nan,nan,nan,nan,nan,nan,nan
280,1.6,1.0,/eos/uscms/store/user/aji/rootfiles_particleTransformer/WbWb_4000_1000_jetPtCut280_ak16_ca10.root,failed,/eos/uscms/store/user/aji/rootfiles_particleTransformer/WbWb_4000_1000_jetPtCut280_ak16_ca10.root,nan,nan,nan,nan,nan,nan,nan,nan,nan,nan,nan,nan,nan,nan,nan,nan
280,1.6,1.2,/eos/uscms/store/user/aji/rootfiles_particleTransformer/WbWb_4000_1000_jetPtCut280_ak16_ca12.root,failed,/eos/uscms/store/user/aji/rootfiles_particleTransformer/WbWb_4000_1000_jetPtCut280_ak16_ca12.root,nan,nan,nan,nan,nan,nan,nan,nan,nan,nan,nan,nan,nan,nan,nan,nan
300,0.8,0.4,/eos/uscms/store/user/aji/rootfiles_particleTransformer/WbWb_4000_1000_jetPtCut300_ak8_ca4.root,failed,/eos/uscms/store/user/aji/rootfiles_particleTransformer/WbWb_4000_1000_jetPtCut300_ak8_ca4.root,nan,nan,nan,nan,nan,nan,nan,nan,nan,nan,nan,nan,nan,nan,nan,nan
300,1.0,0.4,/eos/uscms/store/user/aji/rootfiles_particleTransformer/WbWb_4000_1000_jetPtCut300_ak10_ca4.root,failed,/eos/uscms/store/user/aji/rootfiles_particleTransformer/WbWb_4000_1000_jetPtCut300_ak10_ca4.root,nan,nan,nan,nan,nan,nan,nan,nan,nan,nan,nan,nan,nan,nan,nan,nan
300,1.0,0.6,/eos/uscms/store/user/aji/rootfiles_particleTransformer/WbWb_4000_1000_jetPtCut300_ak10_ca6.root,failed,/eos/uscms/store/user/aji/rootfiles_particleTransformer/WbWb_4000_1000_jetPtCut300_ak10_ca6.root,nan,nan,nan,nan,nan,nan,nan,nan,nan,nan,nan,nan,nan,nan,nan,nan
300,1.2,0.4,/eos/uscms/store/user/aji/rootfiles_particleTransformer/WbWb_4000_1000_jetPtCut300_ak12_ca4.root,failed,/eos/uscms/store/user/aji/rootfiles_particleTransformer/WbWb_4000_1000_jetPtCut300_ak12_ca4.root,nan,nan,nan,nan,nan,nan,nan,nan,nan,nan,nan,nan,nan,nan,nan,nan
300,1.2,0.6,/eos/uscms/store/user/aji/rootfiles_particleTransformer/WbWb_4000_1000_jetPtCut300_ak12_ca6.root,failed,/eos/uscms/store/user/aji/rootfiles_particleTransformer/WbWb_4000_1000_jetPtCut300_ak12_ca6.root,nan,nan,nan,nan,nan,nan,nan,nan,nan,nan,nan,nan,nan,nan,nan,nan
300,1.2,0.8,/eos/uscms/store/user/aji/rootfiles_particleTransformer/WbWb_4000_1000_jetPtCut300_ak12_ca8.root,failed,/eos/uscms/store/user/aji/rootfiles_particleTransformer/WbWb_4000_1000_jetPtCut300_ak12_ca8.root,nan,nan,nan,nan,nan,nan,nan,nan,nan,nan,nan,nan,nan,nan,nan,nan
300,1.4,0.4,/eos/uscms/store/user/aji/rootfiles_particleTransformer/WbWb_4000_1000_jetPtCut300_ak14_ca4.root,failed,/eos/uscms/store/user/aji/rootfiles_particleTransformer/WbWb_4000_1000_jetPtCut300_ak14_ca4.root,nan,nan,nan,nan,nan,nan,nan,nan,nan,nan,nan,nan,nan,nan,nan,nan
300,1.4,0.6,/eos/uscms/store/user/aji/rootfiles_particleTransformer/WbWb_4000_1000_jetPtCut300_ak14_ca6.root,failed,/eos/uscms/store/user/aji/rootfiles_particleTransformer/WbWb_4000_1000_jetPtCut300_ak14_ca6.root,nan,nan,nan,nan,nan,nan,nan,nan,nan,nan,nan,nan,nan,nan,nan,nan
300,1.4,0.8,/eos/uscms/store/user/aji/rootfiles_particleTransformer/WbWb_4000_1000_jetPtCut300_ak14_ca8.root,failed,/eos/uscms/store/user/aji/rootfiles_particleTransformer/WbWb_4000_1000_jetPtCut300_ak14_ca8.root,nan,nan,nan,nan,nan,nan,nan,nan,nan,nan,nan,nan,nan,nan,nan,nan
300,1.4,1.0,/eos/uscms/store/user/aji/rootfiles_particleTransformer/WbWb_4000_1000_jetPtCut300_ak14_ca10.root,failed,/eos/uscms/store/user/aji/rootfiles_particleTransformer/WbWb_4000_1000_jetPtCut300_ak14_ca10.root,nan,nan,nan,nan,nan,nan,nan,nan,nan,nan,nan,nan,nan,nan,nan,nan
300,1.6,0.4,/eos/uscms/store/user/aji/rootfiles_particleTransformer/WbWb_4000_1000_jetPtCut300_ak16_ca4.root,failed,/eos/uscms/store/user/aji/rootfiles_particleTransformer/WbWb_4000_1000_jetPtCut300_ak16_ca4.root,nan,nan,nan,nan,nan,nan,nan,nan,nan,nan,nan,nan,nan,nan,nan,nan
300,1.6,0.6,/eos/uscms/store/user/aji/rootfiles_particleTransformer/WbWb_4000_1000_jetPtCut300_ak16_ca6.root,failed,/eos/uscms/store/user/aji/rootfiles_particleTransformer/WbWb_4000_1000_jetPtCut300_ak16_ca6.root,nan,nan,nan,nan,nan,nan,nan,nan,nan,nan,nan,nan,nan,nan,nan,nan
300,1.6,0.8,/eos/uscms/store/user/aji/rootfiles_particleTransformer/WbWb_4000_1000_jetPtCut300_ak16_ca8.root,failed,/eos/uscms/store/user/aji/rootfiles_particleTransformer/WbWb_4000_1000_jetPtCut300_ak16_ca8.root,nan,nan,nan,nan,nan,nan,nan,nan,nan,nan,nan,nan,nan,nan,nan,nan
300,1.6,1.0,/eos/uscms/store/user/aji/rootfiles_particleTransformer/WbWb_4000_1000_jetPtCut300_ak16_ca10.root,failed,/eos/uscms/store/user/aji/rootfiles_particleTransformer/WbWb_4000_1000_jetPtCut300_ak16_ca10.root,nan,nan,nan,nan,nan,nan,nan,nan,nan,nan,nan,nan,nan,nan,nan,nan
300,1.6,1.2,/eos/uscms/store/user/aji/rootfiles_particleTransformer/WbWb_4000_1000_jetPtCut300_ak16_ca12.root,failed,/eos/uscms/store/user/aji/rootfiles_particleTransformer/WbWb_4000_1000_jetPtCut300_ak16_ca12.root,nan,nan,nan,nan,nan,nan,nan,nan,nan,nan,nan,nan,nan,nan,nan,nan
320,0.8,0.4,/eos/uscms/store/user/aji/rootfiles_particleTransformer/WbWb_4000_1000_jetPtCut320_ak8_ca4.root,failed,/eos/uscms/store/user/aji/rootfiles_particleTransformer/WbWb_4000_1000_jetPtCut320_ak8_ca4.root,nan,nan,nan,nan,nan,nan,nan,nan,nan,nan,nan,nan,nan,nan,nan,nan
320,1.0,0.4,/eos/uscms/store/user/aji/rootfiles_particleTransformer/WbWb_4000_1000_jetPtCut320_ak10_ca4.root,failed,/eos/uscms/store/user/aji/rootfiles_particleTransformer/WbWb_4000_1000_jetPtCut320_ak10_ca4.root,nan,nan,nan,nan,nan,nan,nan,nan,nan,nan,nan,nan,nan,nan,nan,nan
320,1.0,0.6,/eos/uscms/store/user/aji/rootfiles_particleTransformer/WbWb_4000_1000_jetPtCut320_ak10_ca6.root,failed,/eos/uscms/store/user/aji/rootfiles_particleTransformer/WbWb_4000_1000_jetPtCut320_ak10_ca6.root,nan,nan,nan,nan,nan,nan,nan,nan,nan,nan,nan,nan,nan,nan,nan,nan
320,1.2,0.4,/eos/uscms/store/user/aji/rootfiles_particleTransformer/WbWb_4000_1000_jetPtCut320_ak12_ca4.root,failed,/eos/uscms/store/user/aji/rootfiles_particleTransformer/WbWb_4000_1000_jetPtCut320_ak12_ca4.root,nan,nan,nan,nan,nan,nan,nan,nan,nan,nan,nan,nan,nan,nan,nan,nan
320,1.2,0.6,/eos/uscms/store/user/aji/rootfiles_particleTransformer/WbWb_4000_1000_jetPtCut320_ak12_ca6.root,failed,/eos/uscms/store/user/aji/rootfiles_particleTransformer/WbWb_4000_1000_jetPtCut320_ak12_ca6.root,nan,nan,nan,nan,nan,nan,nan,nan,nan,nan,nan,nan,nan,nan,nan,nan
320,1.2,0.8,/eos/uscms/store/user/aji/rootfiles_particleTransformer/WbWb_4000_1000_jetPtCut320_ak12_ca8.root,failed,/eos/uscms/store/user/aji/rootfiles_particleTransformer/WbWb_4000_1000_jetPtCut320_ak12_ca8.root,nan,nan,nan,nan,nan,nan,nan,nan,nan,nan,nan,nan,nan,nan,nan,nan
320,1.4,0.4,/eos/uscms/store/user/aji/rootfiles_particleTransformer/WbWb_4000_1000_jetPtCut320_ak14_ca4.root,failed,/eos/uscms/store/user/aji/rootfiles_particleTransformer/WbWb_4000_1000_jetPtCut320_ak14_ca4.root,nan,nan,nan,nan,nan,nan,nan,nan,nan,nan,nan,nan,nan,nan,nan,nan
320,1.4,0.6,/eos/uscms/store/user/aji/rootfiles_particleTransformer/WbWb_4000_1000_jetPtCut320_ak14_ca6.root,failed,/eos/uscms/store/user/aji/rootfiles_particleTransformer/WbWb_4000_1000_jetPtCut320_ak14_ca6.root,nan,nan,nan,nan,nan,nan,nan,nan,nan,nan,nan,nan,nan,nan,nan,nan
320,1.4,0.8,/eos/uscms/store/user/aji/rootfiles_particleTransformer/WbWb_4000_1000_jetPtCut320_ak14_ca8.root,failed,/eos/uscms/store/user/aji/rootfiles_particleTransformer/WbWb_4000_1000_jetPtCut320_ak14_ca8.root,nan,nan,nan,nan,nan,nan,nan,nan,nan,nan,nan,nan,nan,nan,nan,nan
320,1.4,1.0,/eos/uscms/store/user/aji/rootfiles_particleTransformer/WbWb_4000_1000_jetPtCut320_ak14_ca10.root,failed,/eos/uscms/store/user/aji/rootfiles_particleTransformer/WbWb_4000_1000_jetPtCut320_ak14_ca10.root,nan,nan,nan,nan,nan,nan,nan,nan,nan,nan,nan,nan,nan,nan,nan,nan
320,1.6,0.4,/eos/uscms/store/user/aji/rootfiles_particleTransformer/WbWb_4000_1000_jetPtCut320_ak16_ca4.root,failed,/eos/uscms/store/user/aji/rootfiles_particleTransformer/WbWb_4000_1000_jetPtCut320_ak16_ca4.root,nan,nan,nan,nan,nan,nan,nan,nan,nan,nan,nan,nan,nan,nan,nan,nan
320,1.6,0.6,/eos/uscms/store/user/aji/rootfiles_particleTransformer/WbWb_4000_1000_jetPtCut320_ak16_ca6.root,failed,/eos/uscms/store/user/aji/rootfiles_particleTransformer/WbWb_4000_1000_jetPtCut320_ak16_ca6.root,nan,nan,nan,nan,nan,nan,nan,nan,nan,nan,nan,nan,nan,nan,nan,nan
320,1.6,0.8,/eos/uscms/store/user/aji/rootfiles_particleTransformer/WbWb_4000_1000_jetPtCut320_ak16_ca8.root,failed,/eos/uscms/store/user/aji/rootfiles_particleTransformer/WbWb_4000_1000_jetPtCut320_ak16_ca8.root,nan,nan,nan,nan,nan,nan,nan,nan,nan,nan,nan,nan,nan,nan,nan,nan
320,1.6,1.0,/eos/uscms/store/user/aji/rootfiles_particleTransformer/WbWb_4000_1000_jetPtCut320_ak16_ca10.root,failed,/eos/uscms/store/user/aji/rootfiles_particleTransformer/WbWb_4000_1000_jetPtCut320_ak16_ca10.root,nan,nan,nan,nan,nan,nan,nan,nan,nan,nan,nan,nan,nan,nan,nan,nan
320,1.6,1.2,/eos/uscms/store/user/aji/rootfiles_particleTransformer/WbWb_4000_1000_jetPtCut320_ak16_ca12.root,failed,/eos/uscms/store/user/aji/rootfiles_particleTransformer/WbWb_4000_1000_jetPtCut320_ak16_ca12.root,nan,nan,nan,nan,nan,nan,nan,nan,nan,nan,nan,nan,nan,nan,nan,nan
340,0.8,0.4,/eos/uscms/store/user/aji/rootfiles_particleTransformer/WbWb_4000_1000_jetPtCut340_ak8_ca4.root,failed,/eos/uscms/store/user/aji/rootfiles_particleTransformer/WbWb_4000_1000_jetPtCut340_ak8_ca4.root,nan,nan,nan,nan,nan,nan,nan,nan,nan,nan,nan,nan,nan,nan,nan,nan
340,1.0,0.4,/eos/uscms/store/user/aji/rootfiles_particleTransformer/WbWb_4000_1000_jetPtCut340_ak10_ca4.root,failed,/eos/uscms/store/user/aji/rootfiles_particleTransformer/WbWb_4000_1000_jetPtCut340_ak10_ca4.root,nan,nan,nan,nan,nan,nan,nan,nan,nan,nan,nan,nan,nan,nan,nan,nan
340,1.0,0.6,/eos/uscms/store/user/aji/rootfiles_particleTransformer/WbWb_4000_1000_jetPtCut340_ak10_ca6.root,failed,/eos/uscms/store/user/aji/rootfiles_particleTransformer/WbWb_4000_1000_jetPtCut340_ak10_ca6.root,nan,nan,nan,nan,nan,nan,nan,nan,nan,nan,nan,nan,nan,nan,nan,nan
340,1.2,0.4,/eos/uscms/store/user/aji/rootfiles_particleTransformer/WbWb_4000_1000_jetPtCut340_ak12_ca4.root,failed,/eos/uscms/store/user/aji/rootfiles_particleTransformer/WbWb_4000_1000_jetPtCut340_ak12_ca4.root,nan,nan,nan,nan,nan,nan,nan,nan,nan,nan,nan,nan,nan,nan,nan,nan
340,1.2,0.6,/eos/uscms/store/user/aji/rootfiles_particleTransformer/WbWb_4000_1000_jetPtCut340_ak12_ca6.root,failed,/eos/uscms/store/user/aji/rootfiles_particleTransformer/WbWb_4000_1000_jetPtCut340_ak12_ca6.root,nan,nan,nan,nan,nan,nan,nan,nan,nan,nan,nan,nan,nan,nan,nan,nan
340,1.2,0.8,/eos/uscms/store/user/aji/rootfiles_particleTransformer/WbWb_4000_1000_jetPtCut340_ak12_ca8.root,failed,/eos/uscms/store/user/aji/rootfiles_particleTransformer/WbWb_4000_1000_jetPtCut340_ak12_ca8.root,nan,nan,nan,nan,nan,nan,nan,nan,nan,nan,nan,nan,nan,nan,nan,nan
340,1.4,0.4,/eos/uscms/store/user/aji/rootfiles_particleTransformer/WbWb_4000_1000_jetPtCut340_ak14_ca4.root,failed,/eos/uscms/store/user/aji/rootfiles_particleTransformer/WbWb_4000_1000_jetPtCut340_ak14_ca4.root,nan,nan,nan,nan,nan,nan,nan,nan,nan,nan,nan,nan,nan,nan,nan,nan
340,1.4,0.6,/eos/uscms/store/user/aji/rootfiles_particleTransformer/WbWb_4000_1000_jetPtCut340_ak14_ca6.root,failed,/eos/uscms/store/user/aji/rootfiles_particleTransformer/WbWb_4000_1000_jetPtCut340_ak14_ca6.root,nan,nan,nan,nan,nan,nan,nan,nan,nan,nan,nan,nan,nan,nan,nan,nan
340,1.4,0.8,/eos/uscms/store/user/aji/rootfiles_particleTransformer/WbWb_4000_1000_jetPtCut340_ak14_ca8.root,failed,/eos/uscms/store/user/aji/rootfiles_particleTransformer/WbWb_4000_1000_jetPtCut340_ak14_ca8.root,nan,nan,nan,nan,nan,nan,nan,nan,nan,nan,nan,nan,nan,nan,nan,nan
340,1.4,1.0,/eos/uscms/store/user/aji/rootfiles_particleTransformer/WbWb_4000_1000_jetPtCut340_ak14_ca10.root,failed,/eos/uscms/store/user/aji/rootfiles_particleTransformer/WbWb_4000_1000_jetPtCut340_ak14_ca10.root,nan,nan,nan,nan,nan,nan,nan,nan,nan,nan,nan,nan,nan,nan,nan,nan
340,1.6,0.4,/eos/uscms/store/user/aji/rootfiles_particleTransformer/WbWb_4000_1000_jetPtCut340_ak16_ca4.root,failed,/eos/uscms/store/user/aji/rootfiles_particleTransformer/WbWb_4000_1000_jetPtCut340_ak16_ca4.root,nan,nan,nan,nan,nan,nan,nan,nan,nan,nan,nan,nan,nan,nan,nan,nan
340,1.6,0.6,/eos/uscms/store/user/aji/rootfiles_particleTransformer/WbWb_4000_1000_jetPtCut340_ak16_ca6.root,failed,/eos/uscms/store/user/aji/rootfiles_particleTransformer/WbWb_4000_1000_jetPtCut340_ak16_ca6.root,nan,nan,nan,nan,nan,nan,nan,nan,nan,nan,nan,nan,nan,nan,nan,nan
340,1.6,0.8,/eos/uscms/store/user/aji/rootfiles_particleTransformer/WbWb_4000_1000_jetPtCut340_ak16_ca8.root,failed,/eos/uscms/store/user/aji/rootfiles_particleTransformer/WbWb_4000_1000_jetPtCut340_ak16_ca8.root,nan,nan,nan,nan,nan,nan,nan,nan,nan,nan,nan,nan,nan,nan,nan,nan
340,1.6,1.0,/eos/uscms/store/user/aji/rootfiles_particleTransformer/WbWb_4000_1000_jetPtCut340_ak16_ca10.root,failed,/eos/uscms/store/user/aji/rootfiles_particleTransformer/WbWb_4000_1000_jetPtCut340_ak16_ca10.root,nan,nan,nan,nan,nan,nan,nan,nan,nan,nan,nan,nan,nan,nan,nan,nan
340,1.6,1.2,/eos/uscms/store/user/aji/rootfiles_particleTransformer/WbWb_4000_1000_jetPtCut340_ak16_ca12.root,failed,/eos/uscms/store/user/aji/rootfiles_particleTransformer/WbWb_4000_1000_jetPtCut340_ak16_ca12.root,nan,nan,nan,nan,nan,nan,nan,nan,nan,nan,nan,nan,nan,nan,nan,nan
360,0.8,0.4,/eos/uscms/store/user/aji/rootfiles_particleTransformer/WbWb_4000_1000_jetPtCut360_ak8_ca4.root,failed,/eos/uscms/store/user/aji/rootfiles_particleTransformer/WbWb_4000_1000_jetPtCut360_ak8_ca4.root,nan,nan,nan,nan,nan,nan,nan,nan,nan,nan,nan,nan,nan,nan,nan,nan
360,1.0,0.4,/eos/uscms/store/user/aji/rootfiles_particleTransformer/WbWb_4000_1000_jetPtCut360_ak10_ca4.root,failed,/eos/uscms/store/user/aji/rootfiles_particleTransformer/WbWb_4000_1000_jetPtCut360_ak10_ca4.root,nan,nan,nan,nan,nan,nan,nan,nan,nan,nan,nan,nan,nan,nan,nan,nan
360,1.0,0.6,/eos/uscms/store/user/aji/rootfiles_particleTransformer/WbWb_4000_1000_jetPtCut360_ak10_ca6.root,failed,/eos/uscms/store/user/aji/rootfiles_particleTransformer/WbWb_4000_1000_jetPtCut360_ak10_ca6.root,nan,nan,nan,nan,nan,nan,nan,nan,nan,nan,nan,nan,nan,nan,nan,nan
360,1.2,0.4,/eos/uscms/store/user/aji/rootfiles_particleTransformer/WbWb_4000_1000_jetPtCut360_ak12_ca4.root,failed,/eos/uscms/store/user/aji/rootfiles_particleTransformer/WbWb_4000_1000_jetPtCut360_ak12_ca4.root,nan,nan,nan,nan,nan,nan,nan,nan,nan,nan,nan,nan,nan,nan,nan,nan
360,1.2,0.6,/eos/uscms/store/user/aji/rootfiles_particleTransformer/WbWb_4000_1000_jetPtCut360_ak12_ca6.root,failed,/eos/uscms/store/user/aji/rootfiles_particleTransformer/WbWb_4000_1000_jetPtCut360_ak12_ca6.root,nan,nan,nan,nan,nan,nan,nan,nan,nan,nan,nan,nan,nan,nan,nan,nan
360,1.2,0.8,/eos/uscms/store/user/aji/rootfiles_particleTransformer/WbWb_4000_1000_jetPtCut360_ak12_ca8.root,failed,/eos/uscms/store/user/aji/rootfiles_particleTransformer/WbWb_4000_1000_jetPtCut360_ak12_ca8.root,nan,nan,nan,nan,nan,nan,nan,nan,nan,nan,nan,nan,nan,nan,nan,nan
360,1.4,0.4,/eos/uscms/store/user/aji/rootfiles_particleTransformer/WbWb_4000_1000_jetPtCut360_ak14_ca4.root,failed,/eos/uscms/store/user/aji/rootfiles_particleTransformer/WbWb_4000_1000_jetPtCut360_ak14_ca4.root,nan,nan,nan,nan,nan,nan,nan,nan,nan,nan,nan,nan,nan,nan,nan,nan
360,1.4,0.6,/eos/uscms/store/user/aji/rootfiles_particleTransformer/WbWb_4000_1000_jetPtCut360_ak14_ca6.root,failed,/eos/uscms/store/user/aji/rootfiles_particleTransformer/WbWb_4000_1000_jetPtCut360_ak14_ca6.root,nan,nan,nan,nan,nan,nan,nan,nan,nan,nan,nan,nan,nan,nan,nan,nan
360,1.4,0.8,/eos/uscms/store/user/aji/rootfiles_particleTransformer/WbWb_4000_1000_jetPtCut360_ak14_ca8.root,failed,/eos/uscms/store/user/aji/rootfiles_particleTransformer/WbWb_4000_1000_jetPtCut360_ak14_ca8.root,nan,nan,nan,nan,nan,nan,nan,nan,nan,nan,nan,nan,nan,nan,nan,nan
360,1.4,1.0,/eos/uscms/store/user/aji/rootfiles_particleTransformer/WbWb_4000_1000_jetPtCut360_ak14_ca10.root,failed,/eos/uscms/store/user/aji/rootfiles_particleTransformer/WbWb_4000_1000_jetPtCut360_ak14_ca10.root,nan,nan,nan,nan,nan,nan,nan,nan,nan,nan,nan,nan,nan,nan,nan,nan
360,1.6,0.4,/eos/uscms/store/user/aji/rootfiles_particleTransformer/WbWb_4000_1000_jetPtCut360_ak16_ca4.root,failed,/eos/uscms/store/user/aji/rootfiles_particleTransformer/WbWb_4000_1000_jetPtCut360_ak16_ca4.root,nan,nan,nan,nan,nan,nan,nan,nan,nan,nan,nan,nan,nan,nan,nan,nan
360,1.6,0.6,/eos/uscms/store/user/aji/rootfiles_particleTransformer/WbWb_4000_1000_jetPtCut360_ak16_ca6.root,failed,/eos/uscms/store/user/aji/rootfiles_particleTransformer/WbWb_4000_1000_jetPtCut360_ak16_ca6.root,nan,nan,nan,nan,nan,nan,nan,nan,nan,nan,nan,nan,nan,nan,nan,nan
360,1.6,0.8,/eos/uscms/store/user/aji/rootfiles_particleTransformer/WbWb_4000_1000_jetPtCut360_ak16_ca8.root,failed,/eos/uscms/store/user/aji/rootfiles_particleTransformer/WbWb_4000_1000_jetPtCut360_ak16_ca8.root,nan,nan,nan,nan,nan,nan,nan,nan,nan,nan,nan,nan,nan,nan,nan,nan
360,1.6,1.0,/eos/uscms/store/user/aji/rootfiles_particleTransformer/WbWb_4000_1000_jetPtCut360_ak16_ca10.root,failed,/eos/uscms/store/user/aji/rootfiles_particleTransformer/WbWb_4000_1000_jetPtCut360_ak16_ca10.root,nan,nan,nan,nan,nan,nan,nan,nan,nan,nan,nan,nan,nan,nan,nan,nan
360,1.6,1.2,/eos/uscms/store/user/aji/rootfiles_particleTransformer/WbWb_4000_1000_jetPtCut360_ak16_ca12.root,failed,/eos/uscms/store/user/aji/rootfiles_particleTransformer/WbWb_4000_1000_jetPtCut360_ak16_ca12.root,nan,nan,nan,nan,nan,nan,nan,nan,nan,nan,nan,nan,nan,nan,nan,nan
380,0.8,0.4,/eos/uscms/store/user/aji/rootfiles_particleTransformer/WbWb_4000_1000_jetPtCut380_ak8_ca4.root,failed,/eos/uscms/store/user/aji/rootfiles_particleTransformer/WbWb_4000_1000_jetPtCut380_ak8_ca4.root,nan,nan,nan,nan,nan,nan,nan,nan,nan,nan,nan,nan,nan,nan,nan,nan
380,1.0,0.4,/eos/uscms/store/user/aji/rootfiles_particleTransformer/WbWb_4000_1000_jetPtCut380_ak10_ca4.root,failed,/eos/uscms/store/user/aji/rootfiles_particleTransformer/WbWb_4000_1000_jetPtCut380_ak10_ca4.root,nan,nan,nan,nan,nan,nan,nan,nan,nan,nan,nan,nan,nan,nan,nan,nan
380,1.0,0.6,/eos/uscms/store/user/aji/rootfiles_particleTransformer/WbWb_4000_1000_jetPtCut380_ak10_ca6.root,failed,/eos/uscms/store/user/aji/rootfiles_particleTransformer/WbWb_4000_1000_jetPtCut380_ak10_ca6.root,nan,nan,nan,nan,nan,nan,nan,nan,nan,nan,nan,nan,nan,nan,nan,nan
380,1.2,0.4,/eos/uscms/store/user/aji/rootfiles_particleTransformer/WbWb_4000_1000_jetPtCut380_ak12_ca4.root,failed,/eos/uscms/store/user/aji/rootfiles_particleTransformer/WbWb_4000_1000_jetPtCut380_ak12_ca4.root,nan,nan,nan,nan,nan,nan,nan,nan,nan,nan,nan,nan,nan,nan,nan,nan
380,1.2,0.6,/eos/uscms/store/user/aji/rootfiles_particleTransformer/WbWb_4000_1000_jetPtCut380_ak12_ca6.root,failed,/eos/uscms/store/user/aji/rootfiles_particleTransformer/WbWb_4000_1000_jetPtCut380_ak12_ca6.root,nan,nan,nan,nan,nan,nan,nan,nan,nan,nan,nan,nan,nan,nan,nan,nan
380,1.2,0.8,/eos/uscms/store/user/aji/rootfiles_particleTransformer/WbWb_4000_1000_jetPtCut380_ak12_ca8.root,failed,/eos/uscms/store/user/aji/rootfiles_particleTransformer/WbWb_4000_1000_jetPtCut380_ak12_ca8.root,nan,nan,nan,nan,nan,nan,nan,nan,nan,nan,nan,nan,nan,nan,nan,nan
380,1.4,0.4,/eos/uscms/store/user/aji/rootfiles_particleTransformer/WbWb_4000_1000_jetPtCut380_ak14_ca4.root,failed,/eos/uscms/store/user/aji/rootfiles_particleTransformer/WbWb_4000_1000_jetPtCut380_ak14_ca4.root,nan,nan,nan,nan,nan,nan,nan,nan,nan,nan,nan,nan,nan,nan,nan,nan
380,1.4,0.6,/eos/uscms/store/user/aji/rootfiles_particleTransformer/WbWb_4000_1000_jetPtCut380_ak14_ca6.root,failed,/eos/uscms/store/user/aji/rootfiles_particleTransformer/WbWb_4000_1000_jetPtCut380_ak14_ca6.root,nan,nan,nan,nan,nan,nan,nan,nan,nan,nan,nan,nan,nan,nan,nan,nan
380,1.4,0.8,/eos/uscms/store/user/aji/rootfiles_particleTransformer/WbWb_4000_1000_jetPtCut380_ak14_ca8.root,failed,/eos/uscms/store/user/aji/rootfiles_particleTransformer/WbWb_4000_1000_jetPtCut380_ak14_ca8.root,nan,nan,nan,nan,nan,nan,nan,nan,nan,nan,nan,nan,nan,nan,nan,nan
380,1.4,1.0,/eos/uscms/store/user/aji/rootfiles_particleTransformer/WbWb_4000_1000_jetPtCut380_ak14_ca10.root,failed,/eos/uscms/store/user/aji/rootfiles_particleTransformer/WbWb_4000_1000_jetPtCut380_ak14_ca10.root,nan,nan,nan,nan,nan,nan,nan,nan,nan,nan,nan,nan,nan,nan,nan,nan
380,1.6,0.4,/eos/uscms/store/user/aji/rootfiles_particleTransformer/WbWb_4000_1000_jetPtCut380_ak16_ca4.root,failed,/eos/uscms/store/user/aji/rootfiles_particleTransformer/WbWb_4000_1000_jetPtCut380_ak16_ca4.root,nan,nan,nan,nan,nan,nan,nan,nan,nan,nan,nan,nan,nan,nan,nan,nan
380,1.6,0.6,/eos/uscms/store/user/aji/rootfiles_particleTransformer/WbWb_4000_1000_jetPtCut380_ak16_ca6.root,failed,/eos/uscms/store/user/aji/rootfiles_particleTransformer/WbWb_4000_1000_jetPtCut380_ak16_ca6.root,nan,nan,nan,nan,nan,nan,nan,nan,nan,nan,nan,nan,nan,nan,nan,nan
380,1.6,0.8,/eos/uscms/store/user/aji/rootfiles_particleTransformer/WbWb_4000_1000_jetPtCut380_ak16_ca8.root,failed,/eos/uscms/store/user/aji/rootfiles_particleTransformer/WbWb_4000_1000_jetPtCut380_ak16_ca8.root,nan,nan,nan,nan,nan,nan,nan,nan,nan,nan,nan,nan,nan,nan,nan,nan
380,1.6,1.0,/eos/uscms/store/user/aji/rootfiles_particleTransformer/WbWb_4000_1000_jetPtCut380_ak16_ca10.root,failed,/eos/uscms/store/user/aji/rootfiles_particleTransformer/WbWb_4000_1000_jetPtCut380_ak16_ca10.root,nan,nan,nan,nan,nan,nan,nan,nan,nan,nan,nan,nan,nan,nan,nan,nan
380,1.6,1.2,/eos/uscms/store/user/aji/rootfiles_particleTransformer/WbWb_4000_1000_jetPtCut380_ak16_ca12.root,failed,/eos/uscms/store/user/aji/rootfiles_particleTransformer/WbWb_4000_1000_jetPtCut380_ak16_ca12.root,nan,nan,nan,nan,nan,nan,nan,nan,nan,nan,nan,nan,nan,nan,nan,nan
400,0.6,0.4,/eos/uscms/store/user/aji/rootfiles_particleTransformer/WbWb_4000_1000_jetPtCut400_ak6_ca4.root,failed,"not found: 'particleTransformerNtuplizer' (with any cycle number)

    Available keys: (none!)

in file /eos/uscms/store/user/aji/rootfiles_particleTransformer/WbWb_4000_1000_jetPtCut400_ak6_ca4.root",nan,nan,nan,nan,nan,nan,nan,nan,nan,nan,nan,nan,nan,nan,nan,nan
400,0.6,0.6,/eos/uscms/store/user/aji/rootfiles_particleTransformer/WbWb_4000_1000_jetPtCut400_ak6_ca6.root,failed,/eos/uscms/store/user/aji/rootfiles_particleTransformer/WbWb_4000_1000_jetPtCut400_ak6_ca6.root,nan,nan,nan,nan,nan,nan,nan,nan,nan,nan,nan,nan,nan,nan,nan,nan
400,0.6,0.8,/eos/uscms/store/user/aji/rootfiles_particleTransformer/WbWb_4000_1000_jetPtCut400_ak6_ca8.root,failed,/eos/uscms/store/user/aji/rootfiles_particleTransformer/WbWb_4000_1000_jetPtCut400_ak6_ca8.root,nan,nan,nan,nan,nan,nan,nan,nan,nan,nan,nan,nan,nan,nan,nan,nan
400,0.8,0.4,/eos/uscms/store/user/aji/rootfiles_particleTransformer/WbWb_4000_1000_jetPtCut400_ak8_ca4.root,failed,/eos/uscms/store/user/aji/rootfiles_particleTransformer/WbWb_4000_1000_jetPtCut400_ak8_ca4.root,nan,nan,nan,nan,nan,nan,nan,nan,nan,nan,nan,nan,nan,nan,nan,nan
400,0.8,0.6,/eos/uscms/store/user/aji/rootfiles_particleTransformer/WbWb_4000_1000_jetPtCut400_ak8_ca6.root,failed,/eos/uscms/store/user/aji/rootfiles_particleTransformer/WbWb_4000_1000_jetPtCut400_ak8_ca6.root,nan,nan,nan,nan,nan,nan,nan,nan,nan,nan,nan,nan,nan,nan,nan,nan
400,0.8,0.8,/eos/uscms/store/user/aji/rootfiles_particleTransformer/WbWb_4000_1000_jetPtCut400_ak8_ca8.root,failed,/eos/uscms/store/user/aji/rootfiles_particleTransformer/WbWb_4000_1000_jetPtCut400_ak8_ca8.root,nan,nan,nan,nan,nan,nan,nan,nan,nan,nan,nan,nan,nan,nan,nan,nan
400,0.8,1.0,/eos/uscms/store/user/aji/rootfiles_particleTransformer/WbWb_4000_1000_jetPtCut400_ak8_ca10.root,failed,/eos/uscms/store/user/aji/rootfiles_particleTransformer/WbWb_4000_1000_jetPtCut400_ak8_ca10.root,nan,nan,nan,nan,nan,nan,nan,nan,nan,nan,nan,nan,nan,nan,nan,nan
400,1.0,0.4,/eos/uscms/store/user/aji/rootfiles_particleTransformer/WbWb_4000_1000_jetPtCut400_ak10_ca4.root,failed,/eos/uscms/store/user/aji/rootfiles_particleTransformer/WbWb_4000_1000_jetPtCut400_ak10_ca4.root,nan,nan,nan,nan,nan,nan,nan,nan,nan,nan,nan,nan,nan,nan,nan,nan
400,1.0,0.6,/eos/uscms/store/user/aji/rootfiles_particleTransformer/WbWb_4000_1000_jetPtCut400_ak10_ca6.root,failed,/eos/uscms/store/user/aji/rootfiles_particleTransformer/WbWb_4000_1000_jetPtCut400_ak10_ca6.root,nan,nan,nan,nan,nan,nan,nan,nan,nan,nan,nan,nan,nan,nan,nan,nan
400,1.0,0.8,/eos/uscms/store/user/aji/rootfiles_particleTransformer/WbWb_4000_1000_jetPtCut400_ak10_ca8.root,failed,/eos/uscms/store/user/aji/rootfiles_particleTransformer/WbWb_4000_1000_jetPtCut400_ak10_ca8.root,nan,nan,nan,nan,nan,nan,nan,nan,nan,nan,nan,nan,nan,nan,nan,nan
400,1.0,1.0,/eos/uscms/store/user/aji/rootfiles_particleTransformer/WbWb_4000_1000_jetPtCut400_ak10_ca10.root,failed,/eos/uscms/store/user/aji/rootfiles_particleTransformer/WbWb_4000_1000_jetPtCut400_ak10_ca10.root,nan,nan,nan,nan,nan,nan,nan,nan,nan,nan,nan,nan,nan,nan,nan,nan
400,1.0,1.2,/eos/uscms/store/user/aji/rootfiles_particleTransformer/WbWb_4000_1000_jetPtCut400_ak10_ca12.root,failed,/eos/uscms/store/user/aji/rootfiles_particleTransformer/WbWb_4000_1000_jetPtCut400_ak10_ca12.root,nan,nan,nan,nan,nan,nan,nan,nan,nan,nan,nan,nan,nan,nan,nan,nan
400,1.2,0.4,/eos/uscms/store/user/aji/rootfiles_particleTransformer/WbWb_4000_1000_jetPtCut400_ak12_ca4.root,failed,/eos/uscms/store/user/aji/rootfiles_particleTransformer/WbWb_4000_1000_jetPtCut400_ak12_ca4.root,nan,nan,nan,nan,nan,nan,nan,nan,nan,nan,nan,nan,nan,nan,nan,nan
400,1.2,0.6,/eos/uscms/store/user/aji/rootfiles_particleTransformer/WbWb_4000_1000_jetPtCut400_ak12_ca6.root,failed,/eos/uscms/store/user/aji/rootfiles_particleTransformer/WbWb_4000_1000_jetPtCut400_ak12_ca6.root,nan,nan,nan,nan,nan,nan,nan,nan,nan,nan,nan,nan,nan,nan,nan,nan
400,1.2,0.8,/eos/uscms/store/user/aji/rootfiles_particleTransformer/WbWb_4000_1000_jetPtCut400_ak12_ca8.root,failed,/eos/uscms/store/user/aji/rootfiles_particleTransformer/WbWb_4000_1000_jetPtCut400_ak12_ca8.root,nan,nan,nan,nan,nan,nan,nan,nan,nan,nan,nan,nan,nan,nan,nan,nan
400,1.2,1.0,/eos/uscms/store/user/aji/rootfiles_particleTransformer/WbWb_4000_1000_jetPtCut400_ak12_ca10.root,failed,/eos/uscms/store/user/aji/rootfiles_particleTransformer/WbWb_4000_1000_jetPtCut400_ak12_ca10.root,nan,nan,nan,nan,nan,nan,nan,nan,nan,nan,nan,nan,nan,nan,nan,nan
400,1.2,1.2,/eos/uscms/store/user/aji/rootfiles_particleTransformer/WbWb_4000_1000_jetPtCut400_ak12_ca12.root,failed,/eos/uscms/store/user/aji/rootfiles_particleTransformer/WbWb_4000_1000_jetPtCut400_ak12_ca12.root,nan,nan,nan,nan,nan,nan,nan,nan,nan,nan,nan,nan,nan,nan,nan,nan
400,1.2,1.4,/eos/uscms/store/user/aji/rootfiles_particleTransformer/WbWb_4000_1000_jetPtCut400_ak12_ca14.root,failed,/eos/uscms/store/user/aji/rootfiles_particleTransformer/WbWb_4000_1000_jetPtCut400_ak12_ca14.root,nan,nan,nan,nan,nan,nan,nan,nan,nan,nan,nan,nan,nan,nan,nan,nan
400,1.4,0.4,/eos/uscms/store/user/aji/rootfiles_particleTransformer/WbWb_4000_1000_jetPtCut400_ak14_ca4.root,failed,/eos/uscms/store/user/aji/rootfiles_particleTransformer/WbWb_4000_1000_jetPtCut400_ak14_ca4.root,nan,nan,nan,nan,nan,nan,nan,nan,nan,nan,nan,nan,nan,nan,nan,nan
400,1.4,0.6,/eos/uscms/store/user/aji/rootfiles_particleTransformer/WbWb_4000_1000_jetPtCut400_ak14_ca6.root,failed,/eos/uscms/store/user/aji/rootfiles_particleTransformer/WbWb_4000_1000_jetPtCut400_ak14_ca6.root,nan,nan,nan,nan,nan,nan,nan,nan,nan,nan,nan,nan,nan,nan,nan,nan
400,1.4,0.8,/eos/uscms/store/user/aji/rootfiles_particleTransformer/WbWb_4000_1000_jetPtCut400_ak14_ca8.root,failed,/eos/uscms/store/user/aji/rootfiles_particleTransformer/WbWb_4000_1000_jetPtCut400_ak14_ca8.root,nan,nan,nan,nan,nan,nan,nan,nan,nan,nan,nan,nan,nan,nan,nan,nan
400,1.4,1.0,/eos/uscms/store/user/aji/rootfiles_particleTransformer/WbWb_4000_1000_jetPtCut400_ak14_ca10.root,failed,/eos/uscms/store/user/aji/rootfiles_particleTransformer/WbWb_4000_1000_jetPtCut400_ak14_ca10.root,nan,nan,nan,nan,nan,nan,nan,nan,nan,nan,nan,nan,nan,nan,nan,nan
400,1.4,1.2,/eos/uscms/store/user/aji/rootfiles_particleTransformer/WbWb_4000_1000_jetPtCut400_ak14_ca12.root,failed,/eos/uscms/store/user/aji/rootfiles_particleTransformer/WbWb_4000_1000_jetPtCut400_ak14_ca12.root,nan,nan,nan,nan,nan,nan,nan,nan,nan,nan,nan,nan,nan,nan,nan,nan
400,1.4,1.4,/eos/uscms/store/user/aji/rootfiles_particleTransformer/WbWb_4000_1000_jetPtCut400_ak14_ca14.root,failed,/eos/uscms/store/user/aji/rootfiles_particleTransformer/WbWb_4000_1000_jetPtCut400_ak14_ca14.root,nan,nan,nan,nan,nan,nan,nan,nan,nan,nan,nan,nan,nan,nan,nan,nan
400,1.4,1.6,/eos/uscms/store/user/aji/rootfiles_particleTransformer/WbWb_4000_1000_jetPtCut400_ak14_ca16.root,failed,/eos/uscms/store/user/aji/rootfiles_particleTransformer/WbWb_4000_1000_jetPtCut400_ak14_ca16.root,nan,nan,nan,nan,nan,nan,nan,nan,nan,nan,nan,nan,nan,nan,nan,nan
400,1.6,0.4,/eos/uscms/store/user/aji/rootfiles_particleTransformer/WbWb_4000_1000_jetPtCut400_ak16_ca4.root,failed,/eos/uscms/store/user/aji/rootfiles_particleTransformer/WbWb_4000_1000_jetPtCut400_ak16_ca4.root,nan,nan,nan,nan,nan,nan,nan,nan,nan,nan,nan,nan,nan,nan,nan,nan
400,1.6,0.6,/eos/uscms/store/user/aji/rootfiles_particleTransformer/WbWb_4000_1000_jetPtCut400_ak16_ca6.root,failed,/eos/uscms/store/user/aji/rootfiles_particleTransformer/WbWb_4000_1000_jetPtCut400_ak16_ca6.root,nan,nan,nan,nan,nan,nan,nan,nan,nan,nan,nan,nan,nan,nan,nan,nan
400,1.6,0.8,/eos/uscms/store/user/aji/rootfiles_particleTransformer/WbWb_4000_1000_jetPtCut400_ak16_ca8.root,failed,/eos/uscms/store/user/aji/rootfiles_particleTransformer/WbWb_4000_1000_jetPtCut400_ak16_ca8.root,nan,nan,nan,nan,nan,nan,nan,nan,nan,nan,nan,nan,nan,nan,nan,nan
400,1.6,1.0,/eos/uscms/store/user/aji/rootfiles_particleTransformer/WbWb_4000_1000_jetPtCut400_ak16_ca10.root,failed,/eos/uscms/store/user/aji/rootfiles_particleTransformer/WbWb_4000_1000_jetPtCut400_ak16_ca10.root,nan,nan,nan,nan,nan,nan,nan,nan,nan,nan,nan,nan,nan,nan,nan,nan
400,1.6,1.2,/eos/uscms/store/user/aji/rootfiles_particleTransformer/WbWb_4000_1000_jetPtCut400_ak16_ca12.root,failed,/eos/uscms/store/user/aji/rootfiles_particleTransformer/WbWb_4000_1000_jetPtCut400_ak16_ca12.root,nan,nan,nan,nan,nan,nan,nan,nan,nan,nan,nan,nan,nan,nan,nan,nan
400,1.6,1.4,/eos/uscms/store/user/aji/rootfiles_particleTransformer/WbWb_4000_1000_jetPtCut400_ak16_ca14.root,failed,/eos/uscms/store/user/aji/rootfiles_particleTransformer/WbWb_4000_1000_jetPtCut400_ak16_ca14.root,nan,nan,nan,nan,nan,nan,nan,nan,nan,nan,nan,nan,nan,nan,nan,nan
400,1.6,1.6,/eos/uscms/store/user/aji/rootfiles_particleTransformer/WbWb_4000_1000_jetPtCut400_ak16_ca16.root,failed,/eos/uscms/store/user/aji/rootfiles_particleTransformer/WbWb_4000_1000_jetPtCut400_ak16_ca16.root,nan,nan,nan,nan,nan,nan,nan,nan,nan,nan,nan,nan,nan,nan,nan,nan
