sample,decay,suu_mass,chi_mass,th_code,pt_cut,ak_radius,ca_radius,filename,status,error,n_events,n_valid_events,reconstruction_efficiency,reconstruction_efficiency_err,f_low_event,f_low_event_err,f_low_chi,f_peak_chi,f_peak_event_both,f_peak_event_both_all,off_peak_event_fraction,off_peak_event_fraction_err,median_mass,q16_mass,q84_mass,median_mass_response,q16_mass_response,q84_mass_response,robust_resolution,median_mass_asymmetry,balanced_score
HtZt_6000_2000,HtZt,6000,2000,85,120,0.6,0.4,/eos/uscms/store/user/aji/rootfiles_existingOptimization/HtZt_6000_2000_pt120_ak6_ca4_th85.root,ok,,1000,1000,1.0,0.0,0.013,0.003582038525755969,0.007,0.877,0.848,0.848,0.15200000000000002,0.011353237423748348,1897.0511598536634,1722.6994639520087,2350.335602522654,0.9485255799268317,0.8613497319760044,1.175167801261327,0.1654241466579795,0.0005114654186193595,0.32257158866529634
HtZt_6000_2000,HtZt,6000,2000,85,100,0.6,0.4,/eos/uscms/store/user/aji/rootfiles_existingOptimization/HtZt_6000_2000_pt100_ak6_ca4_th85.root,ok,,1000,1000,1.0,0.0,0.01,0.003146426544510455,0.005,0.872,0.85,0.85,0.15000000000000002,0.011291589790636216,1926.574271581215,1741.155708302388,2392.9927090709903,0.9632871357906074,0.870577854151194,1.196496354535495,0.16916996411293653,0.00019314762806436453,0.3228412505338758
HtZt_6000_2000,HtZt,6000,2000,85,140,0.6,0.4,/eos/uscms/store/user/aji/rootfiles_existingOptimization/HtZt_6000_2000_pt140_ak6_ca4_th85.root,ok,,1000,1000,1.0,0.0,0.022,0.0046385342512479085,0.0115,0.8765,0.84,0.84,0.16000000000000003,0.011593101396951551,1876.639928637508,1695.3138453765353,2298.0155212195614,0.938319964318754,0.8476569226882676,1.1490077606097806,0.16057999903066217,0.0013538821341602674,0.3267480025987868
HtZt_6000_2000,HtZt,6000,2000,85,160,0.6,0.4,/eos/uscms/store/user/aji/rootfiles_existingOptimization/HtZt_6000_2000_pt160_ak6_ca4_th85.root,ok,,1000,1000,1.0,0.0,0.032,0.005565608681896348,0.0165,0.8705,0.827,0.827,0.17300000000000004,0.011961229033840963,1868.577640182997,1678.7733742718067,2258.2874576255863,0.9342888200914985,0.8393866871359033,1.1291437288127932,0.1550682377043284,0.002626470708213956,0.33463935569517855
HtZt_6000_2000,HtZt,6000,2000,85,180,0.6,0.4,/eos/uscms/store/user/aji/rootfiles_existingOptimization/HtZt_6000_2000_pt180_ak6_ca4_th85.root,ok,,1000,1000,1.0,0.0,0.043,0.006414904519944158,0.022,0.8665,0.815,0.815,0.18500000000000005,0.012279047194306243,1856.2846260713036,1652.481752491421,2220.8360221789903,0.9281423130356519,0.8262408762457105,1.1104180110894952,0.15308920348342575,0.004479309806743681,0.3452749721798606
HtZt_6000_2000,HtZt,6000,2000,85,200,0.6,0.4,/eos/uscms/store/user/aji/rootfiles_existingOptimization/HtZt_6000_2000_pt200_ak6_ca4_th85.root,ok,,1000,1000,1.0,0.0,0.054,0.007147307185227175,0.028,0.8565,0.798,0.798,0.20199999999999996,0.01269629867323544,1846.3523584857062,1623.2729130941964,2198.196657210093,0.9231761792428531,0.8116364565470982,1.0990983286050464,0.1556917728822419,0.005349874606313771,0.36537415495795655
HtZt_6000_2000,HtZt,6000,2000,85,160,0.8,0.6,/eos/uscms/store/user/aji/rootfiles_existingOptimization/HtZt_6000_2000_pt160_ak8_ca6_th85.root,ok,,1000,1000,1.0,0.0,0.036,0.005891010100144117,0.018,0.848,0.797,0.797,0.20299999999999996,0.012719709116170855,1937.752611682581,1755.3229448440763,2381.036682742978,0.9688763058412905,0.8776614724220382,1.1905183413714893,0.16145346266765837,0.013357709523403313,0.3675658320835293
HtZt_6000_2000,HtZt,6000,2000,85,180,0.8,0.6,/eos/uscms/store/user/aji/rootfiles_existingOptimization/HtZt_6000_2000_pt180_ak8_ca6_th85.root,ok,,1000,1000,1.0,0.0,0.044,0.006485676526007136,0.022,0.848,0.79,0.79,0.20999999999999996,0.01288021738946979,1928.5704077624289,1745.5389292459058,2365.191873986457,0.9642852038812144,0.8727694646229528,1.1825959369932284,0.1606508484850928,0.014480069581451304,0.3742223280969713
HtZt_6000_2000,HtZt,6000,2000,85,140,0.8,0.6,/eos/uscms/store/user/aji/rootfiles_existingOptimization/HtZt_6000_2000_pt140_ak8_ca6_th85.root,ok,,1000,1000,1.0,0.0,0.024,0.004839834707921336,0.012,0.845,0.8,0.8,0.19999999999999996,0.012649110640673518,1949.4111057066957,1765.5372503623169,2436.6163572799896,0.9747055528533477,0.8827686251811585,1.2183081786399947,0.1721235466837034,0.011503865619707843,0.3746529913983686
HtZt_6000_2000,HtZt,6000,2000,85,200,0.8,0.6,/eos/uscms/store/user/aji/rootfiles_existingOptimization/HtZt_6000_2000_pt200_ak8_ca6_th85.root,ok,,1000,1000,1.0,0.0,0.056,0.007270763371201128,0.028,0.8415,0.775,0.775,0.22499999999999998,0.013205112646244256,1921.470823254569,1735.7614708413169,2325.904061145099,0.9607354116272845,0.8678807354206585,1.1629520305725496,0.1535653269260171,0.015408849391150108,0.3824917857632886
HtZt_6000_2000,HtZt,6000,2000,85,100,0.4,0.4,/eos/uscms/store/user/aji/rootfiles_existingOptimization/HtZt_6000_2000_pt100_ak4_ca4_th85.root,ok,,1000,1000,1.0,0.0,0.023,0.004740358636221525,0.012,0.871,0.811,0.811,0.18899999999999995,0.012380589646701,1828.8261786223175,1609.885070805712,2310.252080194975,0.9144130893111587,0.804942535402856,1.1551260400974872,0.19147992782913342,0.0282588886032636,0.3890386188980175
HtZt_6000_2000,HtZt,6000,2000,85,220,0.8,0.6,/eos/uscms/store/user/aji/rootfiles_existingOptimization/HtZt_6000_2000_pt220_ak8_ca6_th85.root,ok,,1000,1000,1.0,0.0,0.066,0.007851369307324678,0.033,0.841,0.766,0.766,0.23399999999999999,0.013388203763014663,1913.1063913696635,1717.289179403334,2299.6799350343977,0.9565531956848317,0.8586445897016669,1.1498399675171989,0.15221076001270084,0.016628734490983753,0.39055544044421764
HtZt_6000_2000,HtZt,6000,2000,85,220,0.6,0.4,/eos/uscms/store/user/aji/rootfiles_existingOptimization/HtZt_6000_2000_pt220_ak6_ca4_th85.root,ok,,1000,1000,1.0,0.0,0.062,0.007626008130076967,0.0325,0.847,0.78,0.78,0.21999999999999997,0.01309961831505025,1838.420256126943,1583.6575598113475,2182.0884593980095,0.9192101280634715,0.7918287799056737,1.0910442296990048,0.16275682820406778,0.006590197160448274,0.3908358153977206
HtZt_6000_2000,HtZt,6000,2000,85,120,0.8,0.6,/eos/uscms/store/user/aji/rootfiles_existingOptimization/HtZt_6000_2000_pt120_ak8_ca6_th85.root,ok,,1000,1000,1.0,0.0,0.018,0.004204283529925164,0.009,0.8355,0.796,0.796,0.20399999999999996,0.012742998077375669,1971.290237793506,1784.6430234872428,2520.242775418305,0.985645118896753,0.8923215117436214,1.2601213877091524,0.1865782465281291,0.00855698745641338,0.3920137346384538
HtZt_6000_2000,HtZt,6000,2000,85,240,0.8,0.6,/eos/uscms/store/user/aji/rootfiles_existingOptimization/HtZt_6000_2000_pt240_ak8_ca6_th85.root,ok,,1000,1000,1.0,0.0,0.078,0.008480330182251162,0.0395,0.833,0.751,0.751,0.249,0.013674757767507255,1909.8358180429245,1693.4745585210148,2275.2560937574467,0.9549179090214622,0.8467372792605073,1.1376280468787234,0.15231192381568276,0.018233154124377184,0.4058201329135365
HtZt_6000_2000,HtZt,6000,2000,85,240,0.6,0.4,/eos/uscms/store/user/aji/rootfiles_existingOptimization/HtZt_6000_2000_pt240_ak6_ca4_th85.root,ok,,1000,1000,1.0,0.0,0.07,0.008068457101577725,0.037,0.8375,0.765,0.765,0.235,0.013408019988051927,1831.664949252553,1548.832086297942,2168.162965622142,0.9158324746262765,0.774416043148971,1.0840814828110712,0.16906227298200216,0.009293618412802775,0.4124790255193745
HtZt_6000_2000,HtZt,6000,2000,85,200,1.0,0.8,/eos/uscms/store/user/aji/rootfiles_existingOptimization/HtZt_6000_2000_pt200_ak10_ca8_th85.root,ok,,1000,1000,1.0,0.0,0.042,0.0063431853196954605,0.021,0.8115,0.753,0.753,0.247,0.013637851736985557,2012.3095826513338,1814.859918151386,2499.5601693846784,1.006154791325667,0.9074299590756929,1.2497800846923393,0.17012796071148273,0.01882753977366791,0.41774343984404944
HtZt_6000_2000,HtZt,6000,2000,85,260,0.8,0.6,/eos/uscms/store/user/aji/rootfiles_existingOptimization/HtZt_6000_2000_pt260_ak8_ca6_th85.root,ok,,1000,1000,1.0,0.0,0.087,0.00891240708226459,0.044,0.8255,0.739,0.739,0.261,0.013888088421377507,1905.3408684101005,1672.2361412086125,2255.56265516521,0.9526704342050502,0.8361180706043062,1.127781327582605,0.15307668135081537,0.0194536712413994,0.41880963793031034
HtZt_6000_2000,HtZt,6000,2000,85,100,0.6,0.6,/eos/uscms/store/user/aji/rootfiles_existingOptimization/HtZt_6000_2000_pt100_ak6_ca6_th85.root,ok,,1000,1000,1.0,0.0,0.028,0.005216895628628198,0.014,0.845,0.789,0.789,0.21099999999999997,0.012902674141432851,1896.189773727076,1693.047026765349,2466.1215836907995,0.948094886863538,0.8465235133826746,1.2330607918454,0.20384946898166362,0.034404737337422185,0.42003998029530976
HtZt_6000_2000,HtZt,6000,2000,85,120,0.4,0.4,/eos/uscms/store/user/aji/rootfiles_existingOptimization/HtZt_6000_2000_pt120_ak4_ca4_th85.root,ok,,1000,1000,1.0,0.0,0.035,0.005811626278418116,0.018,0.8565,0.786,0.786,0.21399999999999997,0.012969348480166612,1799.9555585470773,1566.4086861236872,2272.7982913566325,0.8999777792735386,0.7832043430618436,1.1363991456783162,0.19622417950228238,0.03531729659184096,0.4202264015749285
HtZt_6000_2000,HtZt,6000,2000,85,180,1.0,0.8,/eos/uscms/store/user/aji/rootfiles_existingOptimization/HtZt_6000_2000_pt180_ak10_ca8_th85.root,ok,,1000,1000,1.0,0.0,0.039,0.006122009474020765,0.0195,0.809,0.754,0.754,0.246,0.013619251080731275,2022.3120686224681,1826.4292370262187,2530.7340640299144,1.011156034311234,0.9132146185131094,1.2653670320149573,0.1741335667060141,0.01623279752918623,0.4212491701371375
HtZt_6000_2000,HtZt,6000,2000,85,280,0.8,0.6,/eos/uscms/store/user/aji/rootfiles_existingOptimization/HtZt_6000_2000_pt280_ak8_ca6_th85.root,ok,,1000,1000,1.0,0.0,0.095,0.00927227048785787,0.0485,0.824,0.733,0.733,0.267,0.013989674763910703,1900.205552758789,1655.811176404368,2225.2799731003884,0.9501027763793944,0.8279055882021841,1.1126399865501941,0.14984399868457499,0.02054903331375621,0.4218337210466356
HtZt_6000_2000,HtZt,6000,2000,85,120,0.6,0.6,/eos/uscms/store/user/aji/rootfiles_existingOptimization/HtZt_6000_2000_pt120_ak6_ca6_th85.root,ok,,1000,1000,1.0,0.0,0.037,0.005969170796685248,0.019,0.847,0.78,0.78,0.21999999999999997,0.01309961831505025,1875.721229080387,1676.357452265108,2415.150934856863,0.9378606145401935,0.838178726132554,1.2075754674284316,0.19693584290080374,0.037628811403099725,0.4231497814467844
HtZt_6000_2000,HtZt,6000,2000,85,100,0.4,0.6,/eos/uscms/store/user/aji/rootfiles_existingOptimization/HtZt_6000_2000_pt100_ak4_ca6_th85.root,ok,,1000,1000,1.0,0.0,0.04,0.0061967733539318665,0.0205,0.8545,0.781,0.781,0.21899999999999997,0.013078187947877183,1814.625983030995,1591.8510013423413,2303.9005021840526,0.9073129915154974,0.7959255006711706,1.1519502510920263,0.19619731765671217,0.03704517792101828,0.4244660185051624
HtZt_6000_2000,HtZt,6000,2000,85,220,1.0,0.8,/eos/uscms/store/user/aji/rootfiles_existingOptimization/HtZt_6000_2000_pt220_ak10_ca8_th85.root,ok,,1000,1000,1.0,0.0,0.05,0.006892024376045111,0.025,0.805,0.741,0.741,0.259,0.013853483316480371,2009.2216415448115,1802.6615751491477,2470.3093510551403,1.0046108207724056,0.9013307875745739,1.23515467552757,0.16614587512422577,0.019631190692362223,0.42560695720146635
HtZt_6000_2000,HtZt,6000,2000,85,240,1.0,0.8,/eos/uscms/store/user/aji/rootfiles_existingOptimization/HtZt_6000_2000_pt240_ak10_ca8_th85.root,ok,,1000,1000,1.0,0.0,0.06,0.007509993342207435,0.03,0.8045,0.736,0.736,0.264,0.013939296969359681,2000.1080689492846,1786.7885931173587,2451.686865785424,1.0000540344746423,0.8933942965586794,1.225843432892712,0.16621558679510642,0.02075459270612339,0.43022099024257066
HtZt_6000_2000,HtZt,6000,2000,85,160,1.0,0.8,/eos/uscms/store/user/aji/rootfiles_existingOptimization/HtZt_6000_2000_pt160_ak10_ca8_th85.root,ok,,1000,1000,1.0,0.0,0.032,0.005565608681896348,0.016,0.7995,0.75,0.75,0.25,0.013693063937629153,2039.984996128474,1840.1736351589261,2585.351944791009,1.019992498064237,0.9200868175794631,1.2926759723955044,0.18264308586737096,0.01519068919885638,0.4346423356737946
HtZt_6000_2000,HtZt,6000,2000,85,260,0.6,0.4,/eos/uscms/store/user/aji/rootfiles_existingOptimization/HtZt_6000_2000_pt260_ak6_ca4_th85.root,ok,,1000,1000,1.0,0.0,0.087,0.00891240708226459,0.0465,0.83,0.748,0.748,0.252,0.013729384545565033,1828.5205524362218,1513.4325860968104,2155.3700887535324,0.9142602762181109,0.7567162930484053,1.077685044376766,0.17553466976388063,0.011014598577141531,0.43610864214206957
HtZt_6000_2000,HtZt,6000,2000,85,140,0.6,0.6,/eos/uscms/store/user/aji/rootfiles_existingOptimization/HtZt_6000_2000_pt140_ak6_ca6_th85.root,ok,,1000,1000,1.0,0.0,0.053,0.00708456067798138,0.027,0.842,0.766,0.766,0.23399999999999999,0.013388203763014663,1855.5821142535365,1638.793235902542,2367.910183586383,0.9277910571267682,0.819396617951271,1.1839550917931914,0.19646582656816294,0.041407990658598445,0.4376867208554861
HtZt_6000_2000,HtZt,6000,2000,85,300,0.8,0.6,/eos/uscms/store/user/aji/rootfiles_existingOptimization/HtZt_6000_2000_pt300_ak8_ca6_th85.root,ok,,1000,1000,1.0,0.0,0.102,0.009570579919733181,0.053,0.819,0.722,0.722,0.278,0.01416742743055351,1893.2558222606733,1628.6551725633672,2214.4624496902215,0.9466279111303366,0.8143275862816837,1.1072312248451108,0.1547089596236819,0.02169541008929255,0.43804616851064826
HtZt_6000_2000,HtZt,6000,2000,85,100,0.8,0.6,/eos/uscms/store/user/aji/rootfiles_existingOptimization/HtZt_6000_2000_pt100_ak8_ca6_th85.root,ok,,1000,1000,1.0,0.0,0.01,0.003146426544510455,0.005,0.801,0.769,0.769,0.23099999999999998,0.01332812815064441,2010.9548993473038,1808.9102324539792,2648.6539882199704,1.0054774496736518,0.9044551162269896,1.3243269941099853,0.20879228968251537,0.0039583172556212805,0.44034003464988053
HtZt_6000_2000,HtZt,6000,2000,85,260,1.0,0.8,/eos/uscms/store/user/aji/rootfiles_existingOptimization/HtZt_6000_2000_pt260_ak10_ca8_th85.root,ok,,1000,1000,1.0,0.0,0.067,0.007906389820898032,0.034,0.7985,0.725,0.725,0.275,0.014120021246442939,1995.8616632627154,1775.6701033284733,2437.232168222553,0.9979308316313578,0.8878350516642366,1.2186160841112765,0.16573344662891057,0.02166110790609681,0.4409403634657748
HtZt_6000_2000,HtZt,6000,2000,85,100,0.6,0.8,/eos/uscms/store/user/aji/rootfiles_existingOptimization/HtZt_6000_2000_pt100_ak6_ca8_th85.root,ok,,1000,1000,1.0,0.0,0.042,0.0063431853196954605,0.021,0.829,0.763,0.763,0.237,0.013447341744746431,1891.8699089425918,1684.3148141921672,2464.783613737066,0.9459349544712958,0.8421574070960836,1.232391806868533,0.20626915092198916,0.03836817326387264,0.44867565547485955
HtZt_6000_2000,HtZt,6000,2000,85,320,0.8,0.6,/eos/uscms/store/user/aji/rootfiles_existingOptimization/HtZt_6000_2000_pt320_ak8_ca6_th85.root,ok,,1000,1000,1.0,0.0,0.114,0.010050074626588601,0.06,0.8155,0.713,0.713,0.28700000000000003,0.01430492922037715,1888.582031979693,1603.7647863446336,2196.0495506494917,0.9442910159898465,0.8018823931723168,1.0980247753247458,0.15680673496718586,0.023596026877324983,0.44937763336820125
HtZt_6000_2000,HtZt,6000,2000,85,120,0.6,0.8,/eos/uscms/store/user/aji/rootfiles_existingOptimization/HtZt_6000_2000_pt120_ak6_ca8_th85.root,ok,,1000,1000,1.0,0.0,0.052,0.007021111023192838,0.026,0.828,0.755,0.755,0.245,0.013600551459407815,1874.0890377396136,1668.1281726937707,2423.2359241791733,0.9370445188698067,0.8340640863468853,1.2116179620895866,0.20145994568010422,0.04169440185984647,0.4527554937931236
HtZt_6000_2000,HtZt,6000,2000,85,280,1.0,0.8,/eos/uscms/store/user/aji/rootfiles_existingOptimization/HtZt_6000_2000_pt280_ak10_ca8_th85.root,ok,,1000,1000,1.0,0.0,0.076,0.008379976133617566,0.0385,0.7925,0.714,0.714,0.28600000000000003,0.014289996501049257,1993.0072296544577,1755.6683558379839,2424.020748637453,0.9965036148272288,0.877834177918992,1.2120103743187265,0.16767435231917,0.02355896850970325,0.4540239908364471
HtZt_6000_2000,HtZt,6000,2000,85,280,0.6,0.4,/eos/uscms/store/user/aji/rootfiles_existingOptimization/HtZt_6000_2000_pt280_ak6_ca4_th85.root,ok,,1000,1000,1.0,0.0,0.097,0.00935900635751467,0.0535,0.819,0.73,0.73,0.27,0.014039230748157109,1823.7764809781113,1485.6651454663113,2136.6784992792964,0.9118882404890556,0.7428325727331556,1.0683392496396482,0.17847947942168868,0.011697352368493619,0.45729065537278313
HtZt_6000_2000,HtZt,6000,2000,85,140,0.4,0.4,/eos/uscms/store/user/aji/rootfiles_existingOptimization/HtZt_6000_2000_pt140_ak4_ca4_th85.root,ok,,1000,1000,1.0,0.0,0.062,0.007626008130076967,0.0315,0.8375,0.751,0.751,0.249,0.013674757767507255,1776.87401590492,1499.7317397420593,2205.850585410668,0.88843700795246,0.7498658698710297,1.102925292705334,0.19869693612155134,0.041775185210705036,0.4588532353263054
HtZt_6000_2000,HtZt,6000,2000,85,120,0.4,0.6,/eos/uscms/store/user/aji/rootfiles_existingOptimization/HtZt_6000_2000_pt120_ak4_ca6_th85.root,ok,,1000,1000,1.0,0.0,0.057,0.007331507348424334,0.029,0.837,0.75,0.75,0.25,0.013693063937629153,1793.5400492252984,1544.484271780574,2261.660383695086,0.8967700246126491,0.772242135890287,1.1308301918475427,0.19993311892429963,0.04365364251337965,0.46025611646303477
HtZt_6000_2000,HtZt,6000,2000,85,100,0.4,0.8,/eos/uscms/store/user/aji/rootfiles_existingOptimization/HtZt_6000_2000_pt100_ak4_ca8_th85.root,ok,,1000,1000,1.0,0.0,0.061,0.0075682891065286355,0.031,0.8355,0.757,0.757,0.243,0.013562853682024296,1810.5329635053263,1577.8771341599381,2334.273428115003,0.9052664817526631,0.7889385670799691,1.1671367140575013,0.20888774443814184,0.042399183538277874,0.4613610962628755
HtZt_6000_2000,HtZt,6000,2000,85,160,0.6,0.6,/eos/uscms/store/user/aji/rootfiles_existingOptimization/HtZt_6000_2000_pt160_ak6_ca6_th85.root,ok,,1000,1000,1.0,0.0,0.074,0.00827792244467173,0.0375,0.827,0.741,0.741,0.259,0.013853483316480371,1846.6424972713928,1614.1345820356412,2339.823597181195,0.9233212486356964,0.8070672910178206,1.1699117985905974,0.19648876710512045,0.0440545771498984,0.46315664224155084
HtZt_6000_2000,HtZt,6000,2000,85,300,1.0,0.8,/eos/uscms/store/user/aji/rootfiles_existingOptimization/HtZt_6000_2000_pt300_ak10_ca8_th85.root,ok,,1000,1000,1.0,0.0,0.086,0.008865889690267977,0.044,0.7885,0.704,0.704,0.29600000000000004,0.014435511767859151,1989.6965049087535,1741.1418198762856,2404.4421096454676,0.9948482524543767,0.8705709099381428,1.202221054822734,0.16668378522371705,0.023773943719917846,0.4631989599782794
HtZt_6000_2000,HtZt,6000,2000,85,140,0.8,0.8,/eos/uscms/store/user/aji/rootfiles_existingOptimization/HtZt_6000_2000_pt140_ak8_ca8_th85.root,ok,,1000,1000,1.0,0.0,0.056,0.007270763371201128,0.028,0.8095,0.735,0.735,0.265,0.013956181426163821,1946.2583871667205,1737.6803615693318,2504.783472517916,0.9731291935833603,0.868840180784666,1.252391736258958,0.19707124090170267,0.03990156426252436,0.4647583215433666
HtZt_6000_2000,HtZt,6000,2000,85,160,0.8,0.8,/eos/uscms/store/user/aji/rootfiles_existingOptimization/HtZt_6000_2000_pt160_ak8_ca8_th85.root,ok,,1000,1000,1.0,0.0,0.074,0.00827792244467173,0.037,0.8085,0.731,0.731,0.269,0.014022802858202064,1934.2058854099466,1719.851939443056,2468.707637917868,0.9671029427049733,0.859925969721528,1.234353818958934,0.19358220966122625,0.040949093231358695,0.4658719153907289
HtZt_6000_2000,HtZt,6000,2000,85,140,0.6,0.8,/eos/uscms/store/user/aji/rootfiles_existingOptimization/HtZt_6000_2000_pt140_ak6_ca8_th85.root,ok,,1000,1000,1.0,0.0,0.069,0.008014923580421713,0.0345,0.823,0.741,0.741,0.259,0.013853483316480371,1852.7599520920025,1627.6201348768573,2374.860844531341,0.9263799760460014,0.8138100674384285,1.1874304222656704,0.20165610466988815,0.04549973135051401,0.468018107065288
HtZt_6000_2000,HtZt,6000,2000,85,180,0.8,0.8,/eos/uscms/store/user/aji/rootfiles_existingOptimization/HtZt_6000_2000_pt180_ak8_ca8_th85.root,ok,,1000,1000,1.0,0.0,0.09,0.009049861877399014,0.045,0.8055,0.723,0.723,0.277,0.014151713677148785,1927.1747192257335,1706.9835849285955,2440.953723150586,0.9635873596128668,0.8534917924642977,1.2204768615752928,0.19042646494368495,0.04279748871738905,0.47106772898239835
HtZt_6000_2000,HtZt,6000,2000,85,320,1.0,0.8,/eos/uscms/store/user/aji/rootfiles_existingOptimization/HtZt_6000_2000_pt320_ak10_ca8_th85.root,ok,,1000,1000,1.0,0.0,0.092,0.00913980306133562,0.047,0.7865,0.697,0.697,0.30300000000000005,0.014532412050310162,1984.0800702078066,1711.8968541095537,2376.293877025741,0.9920400351039034,0.8559484270547768,1.1881469385128707,0.16743200864030672,0.026560934891010517,0.4712280051299164
HtZt_6000_2000,HtZt,6000,2000,85,180,0.6,0.6,/eos/uscms/store/user/aji/rootfiles_existingOptimization/HtZt_6000_2000_pt180_ak6_ca6_th85.root,ok,,1000,1000,1.0,0.0,0.095,0.00927227048785787,0.048,0.821,0.726,0.726,0.274,0.014104041973845655,1834.1899322898282,1587.9563935967465,2295.3598201026825,0.9170949661449141,0.7939781967983732,1.1476799100513413,0.19283810636306453,0.04590232075735566,0.4751286097485731
HtZt_6000_2000,HtZt,6000,2000,85,200,0.8,0.8,/eos/uscms/store/user/aji/rootfiles_existingOptimization/HtZt_6000_2000_pt200_ak8_ca8_th85.root,ok,,1000,1000,1.0,0.0,0.107,0.009775019181566858,0.0535,0.799,0.71,0.71,0.29000000000000004,0.014349216006458332,1917.8800302887892,1696.1911216110752,2410.239776035065,0.9589400151443945,0.8480955608055376,1.2051198880175324,0.18615571442090417,0.04417470253694774,0.48026171290646474
HtZt_6000_2000,HtZt,6000,2000,85,200,0.6,0.6,/eos/uscms/store/user/aji/rootfiles_existingOptimization/HtZt_6000_2000_pt200_ak6_ca6_th85.root,ok,,1000,1000,1.0,0.0,0.123,0.010386096475577337,0.0625,0.816,0.717,0.717,0.28300000000000003,0.014244683218660919,1826.892687618303,1556.3043178284847,2250.4606972053316,0.9134463438091515,0.7781521589142424,1.1252303486026658,0.1899828008731618,0.04822392321615022,0.48163816649224667
HtZt_6000_2000,HtZt,6000,2000,85,340,0.8,0.6,/eos/uscms/store/user/aji/rootfiles_existingOptimization/HtZt_6000_2000_pt340_ak8_ca6_th85.root,ok,,1000,1000,1.0,0.0,0.13,0.010634848376916336,0.068,0.803,0.69,0.69,0.31000000000000005,0.014625320509308506,1886.3607025719411,1558.003332451421,2186.330056288101,0.9431803512859706,0.7790016662257105,1.0931650281440504,0.16654469184498844,0.025269852869947186,0.4822266567163914
HtZt_6000_2000,HtZt,6000,2000,85,300,0.6,0.4,/eos/uscms/store/user/aji/rootfiles_existingOptimization/HtZt_6000_2000_pt300_ak6_ca4_th85.root,ok,,1000,1000,1.0,0.0,0.11,0.009894442884771228,0.0605,0.8095,0.71,0.71,0.29000000000000004,0.014349216006458332,1821.2074768258053,1444.0701262029706,2123.4906199483808,0.9106037384129027,0.7220350631014854,1.0617453099741905,0.18653022854089552,0.013880236470534327,0.4854698546996053
HtZt_6000_2000,HtZt,6000,2000,85,160,0.4,0.4,/eos/uscms/store/user/aji/rootfiles_existingOptimization/HtZt_6000_2000_pt160_ak4_ca4_th85.root,ok,,1000,1000,1.0,0.0,0.079,0.008529888627643388,0.0405,0.8265,0.728,0.728,0.272,0.014071815803228808,1756.7528423339895,1468.097442032991,2180.240335729645,0.8783764211669948,0.7340487210164954,1.0901201678648222,0.2026872752203758,0.04531741404213316,0.48684963310367635
HtZt_6000_2000,HtZt,6000,2000,85,120,0.8,0.8,/eos/uscms/store/user/aji/rootfiles_existingOptimization/HtZt_6000_2000_pt120_ak8_ca8_th85.root,ok,,1000,1000,1.0,0.0,0.045,0.0065555320150236475,0.0225,0.7975,0.725,0.725,0.275,0.014120021246442939,1971.9739783330106,1753.5106400797827,2588.455504565817,0.9859869891665052,0.8767553200398912,1.2942277522829084,0.21170280988997817,0.03739165943468188,0.4881041109733276
HtZt_6000_2000,HtZt,6000,2000,85,160,0.6,0.8,/eos/uscms/store/user/aji/rootfiles_existingOptimization/HtZt_6000_2000_pt160_ak6_ca8_th85.root,ok,,1000,1000,1.0,0.0,0.089,0.00900438781928011,0.0445,0.8105,0.72,0.72,0.28,0.014198591479439079,1845.1573787703678,1607.0336454452504,2347.260247951779,0.922578689385184,0.8035168227226251,1.1736301239758895,0.2005863052721886,0.04769058573320436,0.4883284363336702
HtZt_6000_2000,HtZt,6000,2000,85,340,1.0,0.8,/eos/uscms/store/user/aji/rootfiles_existingOptimization/HtZt_6000_2000_pt340_ak10_ca8_th85.root,ok,,1000,1000,1.0,0.0,0.104,0.009653186002558949,0.0535,0.782,0.684,0.684,0.31599999999999995,0.014701836619960105,1979.8403590176326,1688.8618067044579,2368.1261341532963,0.9899201795088164,0.8444309033522289,1.1840630670766483,0.171545226956046,0.02958786026905744,0.4885532090051643
HtZt_6000_2000,HtZt,6000,2000,85,220,0.8,0.8,/eos/uscms/store/user/aji/rootfiles_existingOptimization/HtZt_6000_2000_pt220_ak8_ca8_th85.root,ok,,1000,1000,1.0,0.0,0.125,0.010458250331675944,0.0625,0.798,0.702,0.702,0.29800000000000004,0.01446360950800318,1910.3655903314293,1674.0444827489102,2388.5871839236083,0.9551827951657146,0.8370222413744551,1.1942935919618043,0.1870172664308543,0.046272369975390776,0.4894989869142829
HtZt_6000_2000,HtZt,6000,2000,85,200,1.0,1.0,/eos/uscms/store/user/aji/rootfiles_existingOptimization/HtZt_6000_2000_pt200_ak10_ca10_th85.root,ok,,1000,1000,1.0,0.0,0.084,0.008771772910877254,0.042,0.78,0.696,0.696,0.30400000000000005,0.014545927265045704,2007.9863328411666,1777.882262112782,2534.87134689517,1.0039931664205834,0.888941131056391,1.267435673447585,0.1884945809644278,0.04512644303693388,0.49289389760648616
HtZt_6000_2000,HtZt,6000,2000,85,120,0.4,0.8,/eos/uscms/store/user/aji/rootfiles_existingOptimization/HtZt_6000_2000_pt120_ak4_ca8_th85.root,ok,,1000,1000,1.0,0.0,0.083,0.008724161850859944,0.042,0.8195,0.728,0.728,0.272,0.014071815803228808,1790.6041518037941,1528.2912054148817,2287.455723988297,0.8953020759018971,0.7641456027074408,1.1437278619941484,0.21198557978564345,0.048758410661122686,0.49445537219545377
HtZt_6000_2000,HtZt,6000,2000,85,180,1.0,1.0,/eos/uscms/store/user/aji/rootfiles_existingOptimization/HtZt_6000_2000_pt180_ak10_ca10_th85.root,ok,,1000,1000,1.0,0.0,0.073,0.008226238508577295,0.0365,0.7795,0.699,0.699,0.30100000000000005,0.014505137021069467,2015.906238799521,1790.4388611466766,2579.9928496277926,1.0079531193997604,0.8952194305733383,1.2899964248138962,0.19583102956001017,0.04330983049607858,0.4976263414999863
HtZt_6000_2000,HtZt,6000,2000,85,140,1.0,0.8,/eos/uscms/store/user/aji/rootfiles_existingOptimization/HtZt_6000_2000_pt140_ak10_ca8_th85.root,ok,,1000,1000,1.0,0.0,0.028,0.005216895628628198,0.014,0.765,0.718,0.718,0.28200000000000003,0.014229406171727618,2063.351896642531,1852.6438151569844,2730.2389563814027,1.0316759483212654,0.9263219075784922,1.3651194781907012,0.2126624989785876,0.014604158872400748,0.4978300938107142
HtZt_6000_2000,HtZt,6000,2000,85,100,0.6,1.0,/eos/uscms/store/user/aji/rootfiles_existingOptimization/HtZt_6000_2000_pt100_ak6_ca10_th85.root,ok,,1000,1000,1.0,0.0,0.057,0.007331507348424334,0.0285,0.8035,0.726,0.726,0.274,0.014104041973845655,1885.5779694673774,1659.9985292262704,2485.937125700842,0.9427889847336888,0.8299992646131352,1.242968562850421,0.21901470261340503,0.04527482593146773,0.49873580414003615
HtZt_6000_2000,HtZt,6000,2000,85,140,0.4,0.6,/eos/uscms/store/user/aji/rootfiles_existingOptimization/HtZt_6000_2000_pt140_ak4_ca6_th85.root,ok,,1000,1000,1.0,0.0,0.087,0.00891240708226459,0.044,0.819,0.714,0.714,0.28600000000000003,0.014289996501049257,1766.4658859152269,1479.8300531519146,2204.930461561777,0.8832329429576133,0.7399150265759573,1.1024652307808884,0.20524042218742855,0.04903570066667902,0.5029171278916673
HtZt_6000_2000,HtZt,6000,2000,85,220,1.0,1.0,/eos/uscms/store/user/aji/rootfiles_existingOptimization/HtZt_6000_2000_pt220_ak10_ca10_th85.root,ok,,1000,1000,1.0,0.0,0.104,0.009653186002558949,0.052,0.7725,0.684,0.684,0.31599999999999995,0.014701836619960105,2003.6616246905837,1765.480822814415,2519.8349133201677,1.001830812345292,0.8827404114072075,1.259917456660084,0.18824388340078238,0.04612832784157812,0.5044269646353116
HtZt_6000_2000,HtZt,6000,2000,85,160,0.8,1.0,/eos/uscms/store/user/aji/rootfiles_existingOptimization/HtZt_6000_2000_pt160_ak8_ca10_th85.root,ok,,1000,1000,1.0,0.0,0.084,0.008771772910877254,0.042,0.788,0.703,0.703,0.29700000000000004,0.014449602070645405,1930.2683549689323,1696.1911216110752,2484.062771345476,0.9651341774844662,0.8480955608055376,1.242031385672738,0.20408344977169812,0.046272369975390776,0.5045700320232516
HtZt_6000_2000,HtZt,6000,2000,85,180,0.8,1.0,/eos/uscms/store/user/aji/rootfiles_existingOptimization/HtZt_6000_2000_pt180_ak8_ca10_th85.root,ok,,1000,1000,1.0,0.0,0.097,0.00935900635751467,0.0485,0.789,0.699,0.699,0.30100000000000005,0.014505137021069467,1920.5204937270191,1684.8921252879563,2451.7436330484543,0.9602602468635095,0.8424460626439783,1.225871816524227,0.1996467911342937,0.04661396794237225,0.5046207664479428
HtZt_6000_2000,HtZt,6000,2000,85,220,0.6,0.6,/eos/uscms/store/user/aji/rootfiles_existingOptimization/HtZt_6000_2000_pt220_ak6_ca6_th85.root,ok,,1000,1000,1.0,0.0,0.146,0.011166198995181842,0.0745,0.805,0.699,0.699,0.30100000000000005,0.014505137021069467,1825.0987666543426,1531.8948989333849,2243.3401947302978,0.9125493833271713,0.7659474494666925,1.121670097365149,0.19490597133575688,0.050962838180281265,0.5046510330030398
HtZt_6000_2000,HtZt,6000,2000,85,180,0.6,0.8,/eos/uscms/store/user/aji/rootfiles_existingOptimization/HtZt_6000_2000_pt180_ak6_ca8_th85.root,ok,,1000,1000,1.0,0.0,0.11,0.009894442884771228,0.055,0.8045,0.707,0.707,0.29300000000000004,0.014392741226048637,1834.7370065776945,1577.7183182835427,2325.216595815189,0.9173685032888473,0.7888591591417714,1.1626082979075945,0.20370720022864275,0.050332489694677754,0.504970349899758
HtZt_6000_2000,HtZt,6000,2000,85,140,0.8,1.0,/eos/uscms/store/user/aji/rootfiles_existingOptimization/HtZt_6000_2000_pt140_ak8_ca10_th85.root,ok,,1000,1000,1.0,0.0,0.063,0.007683163410991596,0.0315,0.788,0.706,0.706,0.29400000000000004,0.014407081592050489,1940.3208674301522,1720.8340752882616,2528.9348011611787,0.9701604337150761,0.8604170376441307,1.2644674005805894,0.20823894115595482,0.0452792730521705,0.5052228977844473
HtZt_6000_2000,HtZt,6000,2000,85,220,1.2,1.0,/eos/uscms/store/user/aji/rootfiles_existingOptimization/HtZt_6000_2000_pt220_ak12_ca10_th85.root,ok,,1000,1000,1.0,0.0,0.034,0.005730968504537431,0.017,0.752,0.687,0.687,0.31299999999999994,0.014663935351739654,2119.9012562848225,1880.973367753397,2675.366307315432,1.0599506281424111,0.9404866838766986,1.337683153657716,0.18736555233573177,0.02368502119049156,0.5063606151499729
HtZt_6000_2000,HtZt,6000,2000,85,120,0.6,1.0,/eos/uscms/store/user/aji/rootfiles_existingOptimization/HtZt_6000_2000_pt120_ak6_ca10_th85.root,ok,,1000,1000,1.0,0.0,0.065,0.007795832219846705,0.0325,0.8,0.717,0.717,0.28300000000000003,0.014244683218660919,1867.6375637396818,1637.4360363779053,2449.1138369886526,0.9338187818698409,0.8187180181889526,1.2245569184943264,0.21730067342013532,0.04812583003837175,0.5069187952331513
HtZt_6000_2000,HtZt,6000,2000,85,200,0.8,1.0,/eos/uscms/store/user/aji/rootfiles_existingOptimization/HtZt_6000_2000_pt200_ak8_ca10_th85.root,ok,,1000,1000,1.0,0.0,0.114,0.010050074626588601,0.057,0.785,0.69,0.69,0.31000000000000005,0.014625320509308506,1912.7610410284067,1671.4744083439612,2413.810526472292,0.9563805205142033,0.8357372041719806,1.206905263236146,0.19404831607434087,0.04796774238810905,0.5084102640229207
HtZt_6000_2000,HtZt,6000,2000,85,240,0.8,0.8,/eos/uscms/store/user/aji/rootfiles_existingOptimization/HtZt_6000_2000_pt240_ak8_ca8_th85.root,ok,,1000,1000,1.0,0.0,0.146,0.011166198995181842,0.0735,0.788,0.685,0.685,0.31499999999999995,0.014689281806814109,1906.1563021490003,1655.407840575183,2374.9947128486756,0.9530781510745001,0.8277039202875915,1.1874973564243378,0.18875337543469822,0.04767523038021743,0.5084455603272482
HtZt_6000_2000,HtZt,6000,2000,85,240,1.2,1.0,/eos/uscms/store/user/aji/rootfiles_existingOptimization/HtZt_6000_2000_pt240_ak12_ca10_th85.root,ok,,1000,1000,1.0,0.0,0.037,0.005969170796685248,0.0185,0.751,0.681,0.681,0.31899999999999995,0.01473902981881779,2113.3332557969875,1870.7446830419633,2648.5315974837017,1.0566666278984937,0.9353723415209816,1.324265798741851,0.18401899281815282,0.024599449147066455,0.5086856556080022
HtZt_6000_2000,HtZt,6000,2000,85,100,0.4,1.0,/eos/uscms/store/user/aji/rootfiles_existingOptimization/HtZt_6000_2000_pt100_ak4_ca10_th85.root,ok,,1000,1000,1.0,0.0,0.072,0.008174105455644672,0.0365,0.81,0.72,0.72,0.28,0.014198591479439079,1804.460610563217,1556.724764003023,2348.0207152903035,0.9022303052816084,0.7783623820015115,1.1740103576451517,0.2192610763169547,0.047187970882774335,0.5090380457887939
HtZt_6000_2000,HtZt,6000,2000,85,320,0.6,0.4,/eos/uscms/store/user/aji/rootfiles_existingOptimization/HtZt_6000_2000_pt320_ak6_ca4_th85.root,ok,,1000,1000,1.0,0.0,0.121,0.010313049985334114,0.0665,0.8,0.695,0.695,0.30500000000000005,0.014559361249725209,1816.584311190673,1401.1978852371212,2110.2812710878407,0.9082921555953365,0.7005989426185606,1.0551406355439206,0.1951694125845318,0.01551606979366446,0.5093401970249982
HtZt_6000_2000,HtZt,6000,2000,85,260,1.2,1.0,/eos/uscms/store/user/aji/rootfiles_existingOptimization/HtZt_6000_2000_pt260_ak12_ca10_th85.root,ok,,1000,1000,1.0,0.0,0.039,0.006122009474020765,0.0195,0.752,0.678,0.678,0.32199999999999995,0.014775520295407536,2107.2148325576354,1852.262059561909,2623.1182301754648,1.0536074162788176,0.9261310297809545,1.3115591150877324,0.18290877576965606,0.02529770703635352,0.5102695173975378
HtZt_6000_2000,HtZt,6000,2000,85,240,1.0,1.0,/eos/uscms/store/user/aji/rootfiles_existingOptimization/HtZt_6000_2000_pt240_ak10_ca10_th85.root,ok,,1000,1000,1.0,0.0,0.121,0.010313049985334114,0.0605,0.771,0.679,0.679,0.32099999999999995,0.0147634345597493,1993.6312561817683,1730.3857953859058,2488.3655998920935,0.9968156280908842,0.8651928976929529,1.2441827999460469,0.1901003011855567,0.04827915288348082,0.5114187383764682
HtZt_6000_2000,HtZt,6000,2000,85,200,0.6,0.8,/eos/uscms/store/user/aji/rootfiles_existingOptimization/HtZt_6000_2000_pt200_ak6_ca8_th85.root,ok,,1000,1000,1.0,0.0,0.14,0.010972693379476163,0.0705,0.7995,0.697,0.697,0.30300000000000005,0.014532412050310162,1827.1435226652102,1545.7146424243522,2287.3872277049163,0.9135717613326051,0.7728573212121761,1.143693613852458,0.20295958584542498,0.05157861687200947,0.5146024097121645
HtZt_6000_2000,HtZt,6000,2000,85,160,1.0,1.0,/eos/uscms/store/user/aji/rootfiles_existingOptimization/HtZt_6000_2000_pt160_ak10_ca10_th85.root,ok,,1000,1000,1.0,0.0,0.058,0.007391616873188166,0.029,0.769,0.693,0.693,0.30700000000000005,0.01458598642533305,2035.0282679797144,1801.7954191267156,2656.4054718061107,1.0175141339898572,0.9008977095633578,1.3282027359030555,0.20997498317991775,0.04259037933522693,0.5187263965789035
HtZt_6000_2000,HtZt,6000,2000,85,280,1.2,1.0,/eos/uscms/store/user/aji/rootfiles_existingOptimization/HtZt_6000_2000_pt280_ak12_ca10_th85.root,ok,,1000,1000,1.0,0.0,0.048,0.006759881655768835,0.024,0.748,0.669,0.669,0.33099999999999996,0.014880826589944525,2101.215777222808,1843.22240835583,2611.7049295028205,1.0506078886114039,0.9216112041779151,1.3058524647514103,0.18286616002919492,0.026316103734656232,0.5189269488903352
HtZt_6000_2000,HtZt,6000,2000,85,220,0.8,1.0,/eos/uscms/store/user/aji/rootfiles_existingOptimization/HtZt_6000_2000_pt220_ak8_ca10_th85.root,ok,,1000,1000,1.0,0.0,0.134,0.010772372069326236,0.067,0.784,0.681,0.681,0.31899999999999995,0.01473902981881779,1906.1563021490003,1649.5108157392126,2394.7654199081167,0.9530781510745001,0.8247554078696063,1.1973827099540584,0.19548622621573694,0.05012928937974141,0.5191784111082869
HtZt_6000_2000,HtZt,6000,2000,85,260,1.0,1.0,/eos/uscms/store/user/aji/rootfiles_existingOptimization/HtZt_6000_2000_pt260_ak10_ca10_th85.root,ok,,1000,1000,1.0,0.0,0.137,0.010873407929439602,0.069,0.7655,0.67,0.67,0.32999999999999996,0.014869431730903503,1989.3807982548155,1717.7878040799988,2475.101893361822,0.9946903991274079,0.8588939020399993,1.2375509466809111,0.1903391472226377,0.04927035297410949,0.5208701073098969
HtZt_6000_2000,HtZt,6000,2000,85,140,0.6,1.0,/eos/uscms/store/user/aji/rootfiles_existingOptimization/HtZt_6000_2000_pt140_ak6_ca10_th85.root,ok,,1000,1000,1.0,0.0,0.082,0.008676174272108648,0.041,0.7945,0.705,0.705,0.29500000000000004,0.01442133835675455,1850.5681896141414,1588.8275495900323,2399.956812435352,0.9252840948070707,0.7944137747950162,1.199978406217676,0.21915681556550654,0.05113228459649037,0.5216284060847995
HtZt_6000_2000,HtZt,6000,2000,85,260,0.8,0.8,/eos/uscms/store/user/aji/rootfiles_existingOptimization/HtZt_6000_2000_pt260_ak8_ca8_th85.root,ok,,1000,1000,1.0,0.0,0.162,0.011651437679531225,0.0815,0.781,0.675,0.675,0.32499999999999996,0.014811313243598623,1903.1861952223444,1632.9380108150854,2367.44033778739,0.9515930976111723,0.8164690054075427,1.183720168893695,0.1929664918798169,0.048850937384165,0.5228071821186997
HtZt_6000_2000,HtZt,6000,2000,85,360,0.8,0.6,/eos/uscms/store/user/aji/rootfiles_existingOptimization/HtZt_6000_2000_pt360_ak8_ca6_th85.root,ok,,1000,1000,1.0,0.0,0.148,0.011229247525992114,0.079,0.79,0.67,0.67,0.32999999999999996,0.014869431730903503,1881.87385137876,1469.284466473107,2174.5603595339007,0.94093692568938,0.7346422332365534,1.0872801797669502,0.18738660206795246,0.026301162308361103,0.5232929094990144
HtZt_6000_2000,HtZt,6000,2000,85,240,0.6,0.6,/eos/uscms/store/user/aji/rootfiles_existingOptimization/HtZt_6000_2000_pt240_ak6_ca6_th85.root,ok,,1000,1000,1.0,0.0,0.166,0.011766222843376714,0.085,0.794,0.683,0.683,0.31699999999999995,0.014714312760030622,1821.6690117303215,1501.5120085093104,2228.3403067742324,0.9108345058651608,0.7507560042546552,1.1141701533871162,0.1994951589955797,0.052237940586305015,0.5254117084090636
HtZt_6000_2000,HtZt,6000,2000,85,360,1.0,0.8,/eos/uscms/store/user/aji/rootfiles_existingOptimization/HtZt_6000_2000_pt360_ak10_ca8_th85.root,ok,,1000,1000,1.0,0.0,0.117,0.010164201887015036,0.06,0.771,0.662,0.662,0.33799999999999997,0.014958475858188226,1971.9390207057854,1617.5739832354236,2356.014363151195,0.9859695103528927,0.8087869916177118,1.1780071815755975,0.1872371235017888,0.031306472618067814,0.5266401724664995
HtZt_6000_2000,HtZt,6000,2000,85,200,1.2,1.0,/eos/uscms/store/user/aji/rootfiles_existingOptimization/HtZt_6000_2000_pt200_ak12_ca10_th85.root,ok,,1000,1000,1.0,0.0,0.031,0.0054807846153630225,0.0155,0.742,0.68,0.68,0.31999999999999995,0.014751271131668619,2134.9233006817244,1892.9068395655709,2747.6322281360444,1.0674616503408623,0.9464534197827854,1.373816114068022,0.2001770715363737,0.02316914550063126,0.5269232365704599
HtZt_6000_2000,HtZt,6000,2000,85,280,0.8,0.8,/eos/uscms/store/user/aji/rootfiles_existingOptimization/HtZt_6000_2000_pt280_ak8_ca8_th85.root,ok,,1000,1000,1.0,0.0,0.173,0.011961229033840962,0.088,0.7785,0.669,0.669,0.33099999999999996,0.014880826589944525,1895.5848785688568,1617.4383800942028,2346.7219365964397,0.9477924392844284,0.8087191900471014,1.1733609682982198,0.1923637302521734,0.0494710334094262,0.5285844863237306
HtZt_6000_2000,HtZt,6000,2000,85,300,1.2,1.0,/eos/uscms/store/user/aji/rootfiles_existingOptimization/HtZt_6000_2000_pt300_ak12_ca10_th85.root,ok,,1000,1000,1.0,0.0,0.055,0.00720936890441875,0.0275,0.745,0.661,0.661,0.33899999999999997,0.014969268519202933,2096.3956939980108,1820.5219629708572,2598.050855825016,1.0481978469990054,0.9102609814854287,1.2990254279125077,0.18544421148169365,0.027925084714920632,0.5292639961815941
HtZt_6000_2000,HtZt,6000,2000,85,140,0.4,0.8,/eos/uscms/store/user/aji/rootfiles_existingOptimization/HtZt_6000_2000_pt140_ak4_ca8_th85.root,ok,,1000,1000,1.0,0.0,0.111,0.00993373041711924,0.056,0.803,0.695,0.695,0.30500000000000005,0.014559361249725209,1763.6453690675498,1468.9001553451276,2219.8162143749655,0.8818226845337749,0.7344500776725638,1.1099081071874828,0.21288748639610355,0.053167135222282114,0.5297052179427262
HtZt_6000_2000,HtZt,6000,2000,85,120,0.8,1.0,/eos/uscms/store/user/aji/rootfiles_existingOptimization/HtZt_6000_2000_pt120_ak8_ca10_th85.root,ok,,1000,1000,1.0,0.0,0.053,0.00708456067798138,0.0265,0.7755,0.694,0.694,0.30600000000000005,0.014572714228996602,1967.8352650758284,1738.5032397151147,2619.140189788755,0.9839176325379142,0.8692516198575573,1.3095700948943774,0.22375779256087927,0.043507965020661454,0.5313660293070879
HtZt_6000_2000,HtZt,6000,2000,85,200,1.0,1.2,/eos/uscms/store/user/aji/rootfiles_existingOptimization/HtZt_6000_2000_pt200_ak10_ca12_th85.root,ok,,1000,1000,1.0,0.0,0.091,0.009094998625618368,0.0455,0.758,0.672,0.672,0.32799999999999996,0.014846413708367418,2007.5936443404107,1754.470866713898,2569.5765870364157,1.0037968221702052,0.877235433356949,1.2847882935182078,0.20300565371393137,0.049638496903400026,0.5313853359309518
HtZt_6000_2000,HtZt,6000,2000,85,160,0.4,0.6,/eos/uscms/store/user/aji/rootfiles_existingOptimization/HtZt_6000_2000_pt160_ak4_ca6_th85.root,ok,,1000,1000,1.0,0.0,0.106,0.009734680272099337,0.054,0.808,0.693,0.693,0.30700000000000005,0.01458598642533305,1750.3206643987348,1447.0628873738526,2190.9046808991234,0.8751603321993674,0.7235314436869262,1.0954523404495615,0.21248729123037377,0.05248095571012837,0.5319712580104371
HtZt_6000_2000,HtZt,6000,2000,85,340,0.6,0.4,/eos/uscms/store/user/aji/rootfiles_existingOptimization/HtZt_6000_2000_pt340_ak6_ca4_th85.root,ok,,1000,1000,1.0,0.0,0.131,0.010669536072388528,0.072,0.792,0.682,0.682,0.31799999999999995,0.014726710426975875,1812.0163450547668,1339.1668296958699,2088.9921546157275,0.9060081725273834,0.6695834148479349,1.0444960773078638,0.20690357649538607,0.016625144308346867,0.5343027592426477
HtZt_6000_2000,HtZt,6000,2000,85,180,1.0,1.2,/eos/uscms/store/user/aji/rootfiles_existingOptimization/HtZt_6000_2000_pt180_ak10_ca12_th85.root,ok,,1000,1000,1.0,0.0,0.079,0.008529888627643388,0.0395,0.7555,0.673,0.673,0.32699999999999996,0.014834790190629592,2015.906238799521,1771.4732642737474,2604.2295391539747,1.0079531193997604,0.8857366321368737,1.3021147695769872,0.20654638069281842,0.04760628753086188,0.5343416926327944
HtZt_6000_2000,HtZt,6000,2000,85,100,0.8,0.8,/eos/uscms/store/user/aji/rootfiles_existingOptimization/HtZt_6000_2000_pt100_ak8_ca8_th85.root,ok,,1000,1000,1.0,0.0,0.029,0.005306505441436953,0.0145,0.7635,0.697,0.697,0.30300000000000005,0.014532412050310162,2014.39003685759,1776.4951379826095,2709.699685952538,1.0071950184287952,0.8882475689913047,1.3548498429762688,0.23163452233553267,0.033238526227784324,0.5353540241784123
HtZt_6000_2000,HtZt,6000,2000,85,180,0.4,0.4,/eos/uscms/store/user/aji/rootfiles_existingOptimization/HtZt_6000_2000_pt180_ak4_ca4_th85.root,ok,,1000,1000,1.0,0.0,0.11,0.009894442884771228,0.0565,0.8035,0.69,0.69,0.31000000000000005,0.014625320509308506,1741.3274375161511,1409.8483755907057,2151.2803448617674,0.8706637187580756,0.7049241877953528,1.0756401724308837,0.21289274874363912,0.05103662086258508,0.5358263768678316
HtZt_6000_2000,HtZt,6000,2000,85,280,1.0,1.0,/eos/uscms/store/user/aji/rootfiles_existingOptimization/HtZt_6000_2000_pt280_ak10_ca10_th85.root,ok,,1000,1000,1.0,0.0,0.152,0.011353237423748346,0.0765,0.759,0.66,0.66,0.33999999999999997,0.014979986648859203,1985.719488290126,1692.3756941224538,2471.100114077833,0.9928597441450631,0.8461878470612268,1.2355500570389164,0.19608117474485967,0.05049697318399453,0.5367952003303533
HtZt_6000_2000,HtZt,6000,2000,85,220,1.0,1.2,/eos/uscms/store/user/aji/rootfiles_existingOptimization/HtZt_6000_2000_pt220_ak10_ca12_th85.root,ok,,1000,1000,1.0,0.0,0.111,0.00993373041711924,0.0555,0.7545,0.664,0.664,0.33599999999999997,0.014936666294725875,2002.3606334601009,1730.3857953859058,2534.87134689517,1.0011803167300504,0.8651928976929529,1.267435673447585,0.20088428079988374,0.05050871474386093,0.5370023124728888
HtZt_6000_2000,HtZt,6000,2000,85,240,0.8,1.0,/eos/uscms/store/user/aji/rootfiles_existingOptimization/HtZt_6000_2000_pt240_ak8_ca10_th85.root,ok,,1000,1000,1.0,0.0,0.156,0.011474493452871897,0.0785,0.773,0.663,0.663,0.33699999999999997,0.014947608504372864,1903.1861952223444,1624.4297859430465,2373.754482897282,0.9515930976111723,0.8122148929715232,1.186877241448641,0.19686058537921824,0.053661980758607994,0.538701275618101
HtZt_6000_2000,HtZt,6000,2000,85,220,0.6,0.8,/eos/uscms/store/user/aji/rootfiles_existingOptimization/HtZt_6000_2000_pt220_ak6_ca8_th85.root,ok,,1000,1000,1.0,0.0,0.163,0.011680368144883106,0.0825,0.7895,0.681,0.681,0.31899999999999995,0.01473902981881779,1825.4223797757247,1513.8741917795592,2285.536506271999,0.9127111898878624,0.7569370958897795,1.1427682531359995,0.2113654141205522,0.05337241667176469,0.5390942951317659
HtZt_6000_2000,HtZt,6000,2000,85,380,1.0,0.8,/eos/uscms/store/user/aji/rootfiles_existingOptimization/HtZt_6000_2000_pt380_ak10_ca8_th85.root,ok,,1000,1000,1.0,0.0,0.128,0.010564847372300274,0.0675,0.7645,0.653,0.653,0.347,0.01505293991218991,1969.2423050497337,1584.7496256146446,2344.213985777993,0.9846211525248668,0.7923748128073224,1.1721069928889964,0.19283161808372987,0.03175409697962108,0.5413695028312432
HtZt_6000_2000,HtZt,6000,2000,85,120,0.4,1.0,/eos/uscms/store/user/aji/rootfiles_existingOptimization/HtZt_6000_2000_pt120_ak4_ca10_th85.root,ok,,1000,1000,1.0,0.0,0.098,0.009401914698613257,0.0495,0.795,0.693,0.693,0.30700000000000005,0.01458598642533305,1785.604691252031,1499.5807780354767,2299.5035859024024,0.8928023456260155,0.7497903890177383,1.1497517929512013,0.22399213324927925,0.05479659674697113,0.5417118986866778
HtZt_6000_2000,HtZt,6000,2000,85,300,0.8,0.8,/eos/uscms/store/user/aji/rootfiles_existingOptimization/HtZt_6000_2000_pt300_ak8_ca8_th85.root,ok,,1000,1000,1.0,0.0,0.19,0.012405643876881199,0.0975,0.7725,0.659,0.659,0.34099999999999997,0.014990630407024249,1891.6131134872708,1591.132155514874,2339.0403819494068,0.9458065567436353,0.795566077757437,1.1695201909747035,0.1976905904018956,0.051300437936108875,0.544109934727532
HtZt_6000_2000,HtZt,6000,2000,85,160,0.6,1.0,/eos/uscms/store/user/aji/rootfiles_existingOptimization/HtZt_6000_2000_pt160_ak6_ca10_th85.root,ok,,1000,1000,1.0,0.0,0.102,0.009570579919733181,0.051,0.7815,0.683,0.683,0.31699999999999995,0.014714312760030622,1842.0400324262757,1559.290545615933,2370.1868039135957,0.9210200162131379,0.7796452728079665,1.185093401956798,0.2201082072113212,0.053496915459907354,0.5450062055900073
HtZt_6000_2000,HtZt,6000,2000,85,320,1.2,1.0,/eos/uscms/store/user/aji/rootfiles_existingOptimization/HtZt_6000_2000_pt320_ak12_ca10_th85.root,ok,,1000,1000,1.0,0.0,0.066,0.007851369307324678,0.0335,0.74,0.648,0.648,0.352,0.015102847413650183,2086.1789056933567,1780.4824502535344,2575.51575489222,1.0430894528466785,0.8902412251267672,1.2877578774461098,0.19054772878514223,0.031038644340573456,0.5468566740698101
HtZt_6000_2000,HtZt,6000,2000,85,260,0.6,0.6,/eos/uscms/store/user/aji/rootfiles_existingOptimization/HtZt_6000_2000_pt260_ak6_ca6_th85.root,ok,,1000,1000,1.0,0.0,0.189,0.012380589646701001,0.0975,0.786,0.669,0.669,0.33099999999999996,0.014880826589944525,1819.0020097242227,1466.4744696559194,2225.3639348583806,0.9095010048621113,0.7332372348279597,1.1126819674291903,0.20860050212850398,0.053831876507835184,0.5486504016422928
HtZt_6000_2000,HtZt,6000,2000,85,240,1.0,1.2,/eos/uscms/store/user/aji/rootfiles_existingOptimization/HtZt_6000_2000_pt240_ak10_ca12_th85.root,ok,,1000,1000,1.0,0.0,0.128,0.010564847372300274,0.064,0.751,0.656,0.656,0.344,0.015022117027902558,1993.1348457240879,1693.9109675230593,2508.8248770001096,0.996567422862044,0.8469554837615296,1.2544124385000548,0.20443019979940177,0.05151446445317557,0.5487734575131974
HtZt_6000_2000,HtZt,6000,2000,85,300,1.0,1.0,/eos/uscms/store/user/aji/rootfiles_existingOptimization/HtZt_6000_2000_pt300_ak10_ca10_th85.root,ok,,1000,1000,1.0,0.0,0.168,0.011822690049223147,0.085,0.7545,0.649,0.649,0.351,0.015093011627902497,1979.774220998826,1670.6644096913583,2455.00936576892,0.9898871104994129,0.8353322048456792,1.22750468288446,0.1980894962057461,0.051544454776505155,0.5501007851558047
HtZt_6000_2000,HtZt,6000,2000,85,240,0.6,0.8,/eos/uscms/store/user/aji/rootfiles_existingOptimization/HtZt_6000_2000_pt240_ak6_ca8_th85.root,ok,,1000,1000,1.0,0.0,0.184,0.012253326079069307,0.0935,0.7805,0.667,0.667,0.33299999999999996,0.01490338887635963,1822.6740643876954,1476.3674699003998,2248.388260496736,0.9113370321938477,0.7381837349501998,1.124194130248368,0.21178245899265788,0.05446306836606773,0.5536487557732731
HtZt_6000_2000,HtZt,6000,2000,85,260,0.8,1.0,/eos/uscms/store/user/aji/rootfiles_existingOptimization/HtZt_6000_2000_pt260_ak8_ca10_th85.root,ok,,1000,1000,1.0,0.0,0.171,0.011906258858264422,0.086,0.7665,0.653,0.653,0.347,0.01505293991218991,1897.2052995474742,1600.126309154339,2367.240145543584,0.948602649773737,0.8000631545771695,1.1836200727717918,0.2021694322096345,0.05453324949270073,0.5543091672322608
HtZt_6000_2000,HtZt,6000,2000,85,100,0.6,1.2,/eos/uscms/store/user/aji/rootfiles_existingOptimization/HtZt_6000_2000_pt100_ak6_ca12_th85.root,ok,,1000,1000,1.0,0.0,0.067,0.007906389820898032,0.0335,0.767,0.686,0.686,0.31399999999999995,0.01467664811869522,1878.7433485733068,1621.532497370306,2506.377660407986,0.9393716742866535,0.8107662486851529,1.2531888302039929,0.23548856838525062,0.05186691266709487,0.5555514009565852
HtZt_6000_2000,HtZt,6000,2000,85,180,0.6,1.0,/eos/uscms/store/user/aji/rootfiles_existingOptimization/HtZt_6000_2000_pt180_ak6_ca10_th85.root,ok,,1000,1000,1.0,0.0,0.126,0.010493998284733994,0.063,0.7755,0.672,0.672,0.32799999999999996,0.014846413708367418,1833.5581772814407,1533.6696871240806,2337.7063833636075,0.9167790886407203,0.7668348435620403,1.1688531916818037,0.21925584532901124,0.05512855609803076,0.5555779364649391
HtZt_6000_2000,HtZt,6000,2000,85,320,0.8,0.8,/eos/uscms/store/user/aji/rootfiles_existingOptimization/HtZt_6000_2000_pt320_ak8_ca8_th85.root,ok,,1000,1000,1.0,0.0,0.207,0.012812142677944232,0.107,0.7675,0.649,0.649,0.351,0.015093011627902497,1886.4606340424175,1547.9630632016151,2307.0445164242146,0.9432303170212089,0.7739815316008075,1.1535222582121072,0.2011919675196178,0.05366715569723099,0.5578689358174969
HtZt_6000_2000,HtZt,6000,2000,85,160,1.0,1.2,/eos/uscms/store/user/aji/rootfiles_existingOptimization/HtZt_6000_2000_pt160_ak10_ca12_th85.root,ok,,1000,1000,1.0,0.0,0.065,0.007795832219846705,0.0325,0.7445,0.666,0.666,0.33399999999999996,0.014914556647785411,2034.9085229676061,1783.4467114715194,2691.0487499734804,1.0174542614838031,0.8917233557357597,1.3455243749867403,0.22300806848515256,0.04694680968070881,0.5587534946335329
HtZt_6000_2000,HtZt,6000,2000,85,140,0.8,1.2,/eos/uscms/store/user/aji/rootfiles_existingOptimization/HtZt_6000_2000_pt140_ak8_ca12_th85.root,ok,,1000,1000,1.0,0.0,0.075,0.008329165624478841,0.0375,0.7545,0.667,0.667,0.33299999999999996,0.01490338887635963,1934.65421790915,1677.6239398179307,2550.4168427991153,0.967327108954575,0.8388119699089654,1.2752084213995576,0.22556819066211295,0.05023507470059437,0.5618354797666554
HtZt_6000_2000,HtZt,6000,2000,85,260,1.0,1.2,/eos/uscms/store/user/aji/rootfiles_existingOptimization/HtZt_6000_2000_pt260_ak10_ca12_th85.root,ok,,1000,1000,1.0,0.0,0.144,0.011102432165971562,0.0725,0.7435,0.644,0.644,0.356,0.015141466243399283,1989.126041480936,1678.3335028573524,2496.4452269334256,0.9945630207404681,0.8391667514286762,1.2482226134667127,0.20564602418732994,0.05206573565984725,0.5621897221132831
HtZt_6000_2000,HtZt,6000,2000,85,320,1.0,1.0,/eos/uscms/store/user/aji/rootfiles_existingOptimization/HtZt_6000_2000_pt320_ak10_ca10_th85.root,ok,,1000,1000,1.0,0.0,0.182,0.012201475320632338,0.092,0.749,0.642,0.642,0.358,0.01516034300403523,1977.5798267337293,1625.4735146163557,2431.931832794337,0.9887899133668647,0.8127367573081778,1.2159659163971686,0.20390031979390907,0.052249711304973606,0.5630213284572226
HtZt_6000_2000,HtZt,6000,2000,85,340,1.2,1.0,/eos/uscms/store/user/aji/rootfiles_existingOptimization/HtZt_6000_2000_pt340_ak12_ca10_th85.root,ok,,1000,1000,1.0,0.0,0.072,0.008174105455644672,0.0365,0.734,0.638,0.638,0.362,0.015197236590906913,2081.1971571603344,1745.9152041670825,2565.827406582241,1.040598578580167,0.8729576020835412,1.2829137032911206,0.19698090582006147,0.03329547557468823,0.5630407636780782
HtZt_6000_2000,HtZt,6000,2000,85,160,0.8,1.2,/eos/uscms/store/user/aji/rootfiles_existingOptimization/HtZt_6000_2000_pt160_ak8_ca12_th85.root,ok,,1000,1000,1.0,0.0,0.095,0.00927227048785787,0.0475,0.751,0.661,0.661,0.33899999999999997,0.014969268519202933,1922.918136740415,1653.036152567825,2501.0359154449175,0.9614590683702076,0.8265180762839125,1.2505179577224588,0.22049814463619272,0.05215096477760847,0.563352237799172
HtZt_6000_2000,HtZt,6000,2000,85,180,1.2,1.0,/eos/uscms/store/user/aji/rootfiles_existingOptimization/HtZt_6000_2000_pt180_ak12_ca10_th85.root,ok,,1000,1000,1.0,0.0,0.029,0.005306505441436953,0.0145,0.7205,0.663,0.663,0.33699999999999997,0.014947608504372864,2152.8120125536852,1901.3844276316966,2843.8083417935545,1.0764060062768426,0.9506922138158482,1.4219041708967772,0.21888207346166427,0.020130649994562495,0.5635226740893484
HtZt_6000_2000,HtZt,6000,2000,85,160,0.4,0.8,/eos/uscms/store/user/aji/rootfiles_existingOptimization/HtZt_6000_2000_pt160_ak4_ca8_th85.root,ok,,1000,1000,1.0,0.0,0.129,0.010599952830083727,0.0655,0.7905,0.669,0.669,0.33099999999999996,0.014880826589944525,1750.1230681369266,1428.9288336313275,2204.746360619106,0.8750615340684633,0.7144644168156637,1.1023731803095527,0.2216465633510178,0.05544300762183838,0.5651404099441715
HtZt_6000_2000,HtZt,6000,2000,85,120,0.6,1.2,/eos/uscms/store/user/aji/rootfiles_existingOptimization/HtZt_6000_2000_pt120_ak6_ca12_th85.root,ok,,1000,1000,1.0,0.0,0.079,0.008529888627643388,0.0395,0.766,0.679,0.679,0.32099999999999995,0.0147634345597493,1859.0806630659456,1583.3699446247988,2466.5124867973805,0.9295403315329728,0.7916849723123993,1.2332562433986902,0.23752130817070816,0.05386297043001197,0.5655672750174108
HtZt_6000_2000,HtZt,6000,2000,85,280,0.8,1.0,/eos/uscms/store/user/aji/rootfiles_existingOptimization/HtZt_6000_2000_pt280_ak8_ca10_th85.root,ok,,1000,1000,1.0,0.0,0.182,0.012201475320632338,0.0925,0.7625,0.646,0.646,0.354,0.015122301412152848,1892.783603411099,1571.5891781373693,2355.03306153803,0.9463918017055495,0.7857945890686847,1.1775165307690147,0.20695548133150796,0.05453324949270073,0.566316301160953
HtZt_6000_2000,HtZt,6000,2000,85,200,0.6,1.0,/eos/uscms/store/user/aji/rootfiles_existingOptimization/HtZt_6000_2000_pt200_ak6_ca10_th85.root,ok,,1000,1000,1.0,0.0,0.154,0.011414201680362931,0.0775,0.772,0.662,0.662,0.33799999999999997,0.014958475858188226,1825.5445824623812,1497.3094294170614,2301.938395189944,0.9127722912311906,0.7486547147085307,1.1509691975949718,0.22038053014502676,0.05620115074193743,0.5671033010219076
HtZt_6000_2000,HtZt,6000,2000,85,180,0.8,1.2,/eos/uscms/store/user/aji/rootfiles_existingOptimization/HtZt_6000_2000_pt180_ak8_ca12_th85.root,ok,,1000,1000,1.0,0.0,0.108,0.009815090422405696,0.054,0.75,0.655,0.655,0.345,0.015032464867745409,1916.8176373022766,1632.9380108150854,2475.859533929335,0.9584088186511384,0.8164690054075427,1.2379297669646676,0.21987525226984422,0.053661980758607994,0.5690343704047304
HtZt_6000_2000,HtZt,6000,2000,85,280,0.6,0.6,/eos/uscms/store/user/aji/rootfiles_existingOptimization/HtZt_6000_2000_pt280_ak6_ca6_th85.root,ok,,1000,1000,1.0,0.0,0.208,0.0128349522788361,0.109,0.7795,0.657,0.657,0.34299999999999997,0.015011695440555674,1813.5109932919213,1422.244173873107,2213.9846352809363,0.9067554966459607,0.7111220869365535,1.1069923176404681,0.2182894022524358,0.05521389892115755,0.5706138525878397
HtZt_6000_2000,HtZt,6000,2000,85,200,0.8,1.2,/eos/uscms/store/user/aji/rootfiles_existingOptimization/HtZt_6000_2000_pt200_ak8_ca12_th85.root,ok,,1000,1000,1.0,0.0,0.124,0.010422283818818216,0.062,0.7495,0.651,0.651,0.349,0.01507312177354114,1906.538378455351,1609.4927547033747,2439.815561933955,0.9532691892276755,0.8047463773516874,1.2199077809669774,0.21775664644718434,0.05489591156494464,0.5714297275244168
HtZt_6000_2000,HtZt,6000,2000,85,100,0.8,1.0,/eos/uscms/store/user/aji/rootfiles_existingOptimization/HtZt_6000_2000_pt100_ak8_ca10_th85.root,ok,,1000,1000,1.0,0.0,0.036,0.005891010100144117,0.018,0.7435,0.669,0.669,0.33099999999999996,0.014880826589944525,2007.769617196412,1767.024341008083,2733.1162700000614,1.003884808598206,0.8835121705040414,1.3665581350000306,0.24058834258608808,0.04034139971746316,0.5719768234459086
HtZt_6000_2000,HtZt,6000,2000,85,280,1.0,1.2,/eos/uscms/store/user/aji/rootfiles_existingOptimization/HtZt_6000_2000_pt280_ak10_ca12_th85.root,ok,,1000,1000,1.0,0.0,0.159,0.011563693181678594,0.08,0.7385,0.636,0.636,0.364,0.015215255502291114,1984.9882329299176,1659.1983908317852,2490.473217971103,0.9924941164649588,0.8295991954158927,1.2452366089855516,0.2093903664890559,0.05370302869496123,0.57414095484256
HtZt_6000_2000,HtZt,6000,2000,85,260,0.6,0.8,/eos/uscms/store/user/aji/rootfiles_existingOptimization/HtZt_6000_2000_pt260_ak6_ca8_th85.root,ok,,1000,1000,1.0,0.0,0.203,0.012719709116170857,0.1045,0.773,0.654,0.654,0.346,0.015042739112276061,1819.0571693425773,1439.783173761915,2239.4125347318136,0.9095285846712886,0.7198915868809574,1.1197062673659068,0.21979225679281197,0.055544022455870895,0.5748393983256831
HtZt_6000_2000,HtZt,6000,2000,85,200,0.4,0.4,/eos/uscms/store/user/aji/rootfiles_existingOptimization/HtZt_6000_2000_pt200_ak4_ca4_th85.root,ok,,1000,1000,1.0,0.0,0.136,0.010839926199010766,0.072,0.7875,0.66,0.66,0.33999999999999997,0.014979986648859203,1728.723295658414,1367.9470918552445,2133.211281829981,0.8643616478292069,0.6839735459276223,1.0666056409149904,0.22133796423541352,0.05350220526997307,0.5749017994524928
HtZt_6000_2000,HtZt,6000,2000,85,300,0.8,1.0,/eos/uscms/store/user/aji/rootfiles_existingOptimization/HtZt_6000_2000_pt300_ak8_ca10_th85.root,ok,,1000,1000,1.0,0.0,0.2,0.01264911064067352,0.1025,0.758,0.638,0.638,0.362,0.015197236590906913,1890.023718302421,1552.5958982577536,2340.440290655989,0.9450118591512104,0.7762979491288767,1.1702201453279946,0.2084218268715328,0.0563567276262012,0.5759206409564117
HtZt_6000_2000,HtZt,6000,2000,85,100,0.4,1.2,/eos/uscms/store/user/aji/rootfiles_existingOptimization/HtZt_6000_2000_pt100_ak4_ca12_th85.root,ok,,1000,1000,1.0,0.0,0.087,0.00891240708226459,0.044,0.7755,0.675,0.675,0.32499999999999996,0.014811313243598623,1797.856621820304,1491.0209519978669,2362.373639420371,0.8989283109101521,0.7455104759989335,1.1811868197101854,0.2423309725722932,0.05700314244225251,0.5774381414812779
HtZt_6000_2000,HtZt,6000,2000,85,140,1.0,1.0,/eos/uscms/store/user/aji/rootfiles_existingOptimization/HtZt_6000_2000_pt140_ak10_ca10_th85.root,ok,,1000,1000,1.0,0.0,0.048,0.006759881655768835,0.024,0.736,0.662,0.662,0.33799999999999997,0.014958475858188226,2055.465011806521,1820.76865869636,2794.9971034776254,1.0277325059032605,0.91038432934818,1.3974985517388125,0.236984925353954,0.041430089825427535,0.57775817594428
HtZt_6000_2000,HtZt,6000,2000,85,180,0.4,0.6,/eos/uscms/store/user/aji/rootfiles_existingOptimization/HtZt_6000_2000_pt180_ak4_ca6_th85.root,ok,,1000,1000,1.0,0.0,0.142,0.011037934589405754,0.0725,0.7875,0.659,0.659,0.34099999999999997,0.014990630407024249,1735.8020968645756,1393.3790762677295,2175.9045984124537,0.8679010484322878,0.6966895381338648,1.087952299206227,0.2254074711507206,0.057805409328811924,0.5796173663074918
HtZt_6000_2000,HtZt,6000,2000,85,360,0.6,0.4,/eos/uscms/store/user/aji/rootfiles_existingOptimization/HtZt_6000_2000_pt360_ak6_ca4_th85.root,ok,,1000,1000,1.0,0.0,0.143,0.011070275515993266,0.08,0.779,0.663,0.663,0.33699999999999997,0.014947608504372864,1806.9510160054815,1224.190183686522,2068.5893471988184,0.9034755080027408,0.6120950918432609,1.0342946735994092,0.23365303099885884,0.018641973244201603,0.5803054801985847
HtZt_6000_2000,HtZt,6000,2000,85,380,0.8,0.6,/eos/uscms/store/user/aji/rootfiles_existingOptimization/HtZt_6000_2000_pt380_ak8_ca6_th85.root,ok,,1000,1000,1.0,0.0,0.168,0.011822690049223147,0.0895,0.775,0.647,0.647,0.353,0.015112610628213776,1874.6746441733994,1325.075547422373,2154.600807379248,0.9373373220866996,0.6625377737111865,1.077300403689624,0.22124512713048347,0.027879890476100067,0.5805113949218135
HtZt_6000_2000,HtZt,6000,2000,85,140,0.4,1.0,/eos/uscms/store/user/aji/rootfiles_existingOptimization/HtZt_6000_2000_pt140_ak4_ca10_th85.root,ok,,1000,1000,1.0,0.0,0.127,0.010529529904036551,0.064,0.778,0.658,0.658,0.34199999999999997,0.01500119995200384,1757.969733514703,1431.0404378327214,2235.8422972473713,0.8789848667573514,0.7155202189163608,1.1179211486236857,0.22890094296606928,0.06077535534005325,0.5830024562903341
HtZt_6000_2000,HtZt,6000,2000,85,220,0.8,1.2,/eos/uscms/store/user/aji/rootfiles_existingOptimization/HtZt_6000_2000_pt220_ak8_ca12_th85.root,ok,,1000,1000,1.0,0.0,0.144,0.011102432165971562,0.072,0.7475,0.642,0.642,0.358,0.01516034300403523,1901.5820116491327,1567.660984308031,2406.1691366998098,0.9507910058245663,0.7838304921540155,1.203084568349905,0.22047646308575172,0.05759037854212117,0.5833973625032951
HtZt_6000_2000,HtZt,6000,2000,85,140,0.6,1.2,/eos/uscms/store/user/aji/rootfiles_existingOptimization/HtZt_6000_2000_pt140_ak6_ca12_th85.root,ok,,1000,1000,1.0,0.0,0.094,0.009228434320078352,0.047,0.758,0.664,0.664,0.33599999999999997,0.014936666294725875,1846.5148944745345,1530.4292177074099,2418.5132835820714,0.9232574472372672,0.7652146088537048,1.2092566417910358,0.2404757385202098,0.05646742413595024,0.584149993796483
HtZt_6000_2000,HtZt,6000,2000,85,120,0.8,1.2,/eos/uscms/store/user/aji/rootfiles_existingOptimization/HtZt_6000_2000_pt120_ak8_ca12_th85.root,ok,,1000,1000,1.0,0.0,0.063,0.007683163410991596,0.0315,0.7435,0.656,0.656,0.344,0.015022117027902558,1957.0231928533879,1708.9770435357536,2648.2678686920026,0.9785115964266939,0.8544885217678769,1.3241339343460015,0.23997948225302837,0.0499677891981872,0.586128322610359
HtZt_6000_2000,HtZt,6000,2000,85,340,1.0,1.0,/eos/uscms/store/user/aji/rootfiles_existingOptimization/HtZt_6000_2000_pt340_ak10_ca10_th85.root,ok,,1000,1000,1.0,0.0,0.199,0.012625331678811452,0.101,0.7435,0.629,0.629,0.371,0.015276092432294327,1972.8277872078766,1562.4526763395422,2415.1782576504543,0.9864138936039383,0.781226338169771,1.2075891288252272,0.21611759192569116,0.054675969996243086,0.5884762025652973
HtZt_6000_2000,HtZt,6000,2000,85,360,1.2,1.0,/eos/uscms/store/user/aji/rootfiles_existingOptimization/HtZt_6000_2000_pt360_ak12_ca10_th85.root,ok,,1000,1000,1.0,0.0,0.08,0.008579044235810887,0.0405,0.7245,0.619,0.619,0.381,0.015357050498061143,2070.9491199865306,1697.087265395842,2558.4755900590167,1.0354745599932653,0.848543632697921,1.2792377950295084,0.2079694562145441,0.035625857972687,0.5925169122138707
HtZt_6000_2000,HtZt,6000,2000,85,220,0.6,1.0,/eos/uscms/store/user/aji/rootfiles_existingOptimization/HtZt_6000_2000_pt220_ak6_ca10_th85.root,ok,,1000,1000,1.0,0.0,0.176,0.012042591083317577,0.089,0.763,0.647,0.647,0.353,0.015112610628213776,1823.5329818887717,1450.7860745968867,2294.744194258966,0.9117664909443858,0.7253930372984433,1.1473720971294832,0.23140741846849633,0.059176166028999236,0.5932307693740577
HtZt_6000_2000,HtZt,6000,2000,85,220,1.2,1.2,/eos/uscms/store/user/aji/rootfiles_existingOptimization/HtZt_6000_2000_pt220_ak12_ca12_th85.root,ok,,1000,1000,1.0,0.0,0.071,0.008121514637061242,0.0355,0.7035,0.622,0.622,0.378,0.015333492752794452,2122.240174423434,1837.5430348327282,2739.749763743602,1.0611200872117168,0.9187715174163641,1.3698748818718012,0.21255999669217082,0.04661896616132613,0.5966720054133425
HtZt_6000_2000,HtZt,6000,2000,85,340,0.8,0.8,/eos/uscms/store/user/aji/rootfiles_existingOptimization/HtZt_6000_2000_pt340_ak8_ca8_th85.root,ok,,1000,1000,1.0,0.0,0.233,0.013368283360252356,0.12,0.7585,0.633,0.633,0.367,0.015241751867813621,1884.7881125415283,1450.157247854988,2301.276639488388,0.9423940562707642,0.7250786239274941,1.1506383197441938,0.2257864918528465,0.05497345240182036,0.59854708622577
HtZt_6000_2000,HtZt,6000,2000,85,320,0.8,1.0,/eos/uscms/store/user/aji/rootfiles_existingOptimization/HtZt_6000_2000_pt320_ak8_ca10_th85.root,ok,,1000,1000,1.0,0.0,0.216,0.013013224043256921,0.1115,0.7545,0.629,0.629,0.371,0.015276092432294327,1885.5824871254947,1472.8994555522388,2310.22117279738,0.9427912435627473,0.7364497277761194,1.1551105863986901,0.22203264056657884,0.058096245127099266,0.5987535162103041
HtZt_6000_2000,HtZt,6000,2000,85,240,1.2,1.2,/eos/uscms/store/user/aji/rootfiles_existingOptimization/HtZt_6000_2000_pt240_ak12_ca12_th85.root,ok,,1000,1000,1.0,0.0,0.08,0.008579044235810887,0.04,0.7015,0.616,0.616,0.384,0.015379986996093333,2113.6978525661507,1820.7120020602397,2706.234931271527,1.0568489262830751,0.9103560010301197,1.3531174656357634,0.20947244851864988,0.048632434127140425,0.5991573411469574
HtZt_6000_2000,HtZt,6000,2000,85,280,0.6,0.8,/eos/uscms/store/user/aji/rootfiles_existingOptimization/HtZt_6000_2000_pt280_ak6_ca8_th85.root,ok,,1000,1000,1.0,0.0,0.223,0.01316324428095141,0.1165,0.767,0.642,0.642,0.358,0.01516034300403523,1812.6829559369012,1383.207118802196,2225.271756742275,0.9063414779684507,0.691603559401098,1.1126358783711374,0.2322702475858086,0.05793181092921357,0.5996360997889636
HtZt_6000_2000,HtZt,6000,2000,85,120,1.0,0.8,/eos/uscms/store/user/aji/rootfiles_existingOptimization/HtZt_6000_2000_pt120_ak10_ca8_th85.root,ok,,1000,1000,1.0,0.0,0.023,0.004740358636221525,0.0115,0.704,0.662,0.662,0.33799999999999997,0.014958475858188226,2110.951219356756,1871.03165541974,2952.2411219112764,1.055475609678378,0.9355158277098701,1.4761205609556383,0.25609532247291816,0.012159308359867262,0.5996428834407559
HtZt_6000_2000,HtZt,6000,2000,85,300,1.0,1.2,/eos/uscms/store/user/aji/rootfiles_existingOptimization/HtZt_6000_2000_pt300_ak10_ca12_th85.root,ok,,1000,1000,1.0,0.0,0.175,0.012015614840697915,0.0885,0.735,0.626,0.626,0.374,0.015301111070768685,1978.9650589354235,1581.8130693573648,2471.100114077833,0.9894825294677116,0.7909065346786824,1.2355500570389164,0.2246848777610193,0.0547993987065735,0.5997366248142482
HtZt_6000_2000,HtZt,6000,2000,85,220,0.4,0.4,/eos/uscms/store/user/aji/rootfiles_existingOptimization/HtZt_6000_2000_pt220_ak4_ca4_th85.root,ok,,1000,1000,1.0,0.0,0.162,0.011651437679531225,0.0855,0.773,0.642,0.642,0.358,0.01516034300403523,1714.6405046836749,1339.390996034089,2119.961187421712,0.8573202523418375,0.6696954980170445,1.0599805937108562,0.22761919750975046,0.0572543715489133,0.5998871722755668
HtZt_6000_2000,HtZt,6000,2000,85,260,1.2,1.2,/eos/uscms/store/user/aji/rootfiles_existingOptimization/HtZt_6000_2000_pt260_ak12_ca12_th85.root,ok,,1000,1000,1.0,0.0,0.091,0.009094998625618368,0.0455,0.6985,0.61,0.61,0.39,0.01542400726140908,2106.3278719989685,1792.9975366904268,2681.5915304370214,1.0531639359994842,0.8964987683452135,1.3407957652185107,0.21093439572237443,0.05018381389478352,0.6062507893223228
HtZt_6000_2000,HtZt,6000,2000,85,240,0.8,1.2,/eos/uscms/store/user/aji/rootfiles_existingOptimization/HtZt_6000_2000_pt240_ak8_ca12_th85.root,ok,,1000,1000,1.0,0.0,0.165,0.011737759581794134,0.083,0.738,0.627,0.627,0.373,0.015292841462592882,1896.0790511856953,1520.6565722916603,2395.271251236956,0.9480395255928477,0.7603282861458301,1.197635625618478,0.23063771481425405,0.05876610301255533,0.6088337622549693
HtZt_6000_2000,HtZt,6000,2000,85,240,0.6,1.0,/eos/uscms/store/user/aji/rootfiles_existingOptimization/HtZt_6000_2000_pt240_ak6_ca10_th85.root,ok,,1000,1000,1.0,0.0,0.195,0.012528966437819204,0.099,0.756,0.634,0.634,0.366,0.01523299051401267,1820.5594266913226,1405.4482346541693,2260.623999001033,0.9102797133456613,0.7027241173270846,1.1303119995005166,0.23486620425817603,0.06068701081259184,0.60983823292361
HtZt_6000_2000,HtZt,6000,2000,85,180,0.4,0.8,/eos/uscms/store/user/aji/rootfiles_existingOptimization/HtZt_6000_2000_pt180_ak4_ca8_th85.root,ok,,1000,1000,1.0,0.0,0.164,0.011709141727727102,0.0835,0.7715,0.639,0.639,0.361,0.01518812035770062,1735.8020968645756,1366.1036834756374,2186.569190606473,0.8679010484322878,0.6830518417378186,1.0932845953032364,0.23633613204318157,0.06268774121463479,0.6105460271999528
HtZt_6000_2000,HtZt,6000,2000,85,120,0.4,1.2,/eos/uscms/store/user/aji/rootfiles_existingOptimization/HtZt_6000_2000_pt120_ak4_ca12_th85.root,ok,,1000,1000,1.0,0.0,0.114,0.010050074626588601,0.0575,0.7605,0.648,0.648,0.352,0.015102847413650183,1777.7899377774675,1439.1392721459542,2322.621593997578,0.8888949688887338,0.7195696360729771,1.161310796998789,0.2484777034333211,0.06293766074113205,0.6115882065444477
HtZt_6000_2000,HtZt,6000,2000,85,200,1.2,1.2,/eos/uscms/store/user/aji/rootfiles_existingOptimization/HtZt_6000_2000_pt200_ak12_ca12_th85.root,ok,,1000,1000,1.0,0.0,0.063,0.007683163410991596,0.0315,0.6965,0.619,0.619,0.381,0.015357050498061143,2132.615178601073,1852.6684292596165,2814.3496243316245,1.0663075893005365,0.9263342146298083,1.407174812165812,0.22546993117221448,0.04610594493827317,0.6131006901022682
HtZt_6000_2000,HtZt,6000,2000,85,400,1.0,0.8,/eos/uscms/store/user/aji/rootfiles_existingOptimization/HtZt_6000_2000_pt400_ak10_ca8_th85.root,ok,,1000,1000,1.0,0.0,0.146,0.011166198995181842,0.0775,0.749,0.624,0.624,0.376,0.015317441039547044,1956.7657393173977,1402.0149580086377,2328.9001480365887,0.9783828696586989,0.7010074790043188,1.1644500740182944,0.23684112293157986,0.03559023094384396,0.6150028359657099
HtZt_6000_2000,HtZt,6000,2000,85,320,1.0,1.2,/eos/uscms/store/user/aji/rootfiles_existingOptimization/HtZt_6000_2000_pt320_ak10_ca12_th85.root,ok,,1000,1000,1.0,0.0,0.189,0.012380589646701001,0.0955,0.729,0.619,0.619,0.381,0.015357050498061143,1975.7039660890246,1524.7936152148318,2448.6696521787644,0.9878519830445123,0.7623968076074159,1.224334826089382,0.23380932893321496,0.056745975163798104,0.6160241306287637
HtZt_6000_2000,HtZt,6000,2000,85,300,0.6,0.6,/eos/uscms/store/user/aji/rootfiles_existingOptimization/HtZt_6000_2000_pt300_ak6_ca6_th85.root,ok,,1000,1000,1.0,0.0,0.228,0.013267102170406317,0.1195,0.768,0.635,0.635,0.365,0.015224158433227107,1809.1881926889596,1329.435522405014,2211.7239556527,0.9045940963444798,0.6647177612025069,1.10586197782635,0.24383544973736507,0.05805805272317869,0.618376040102917
HtZt_6000_2000,HtZt,6000,2000,85,140,1.0,1.2,/eos/uscms/store/user/aji/rootfiles_existingOptimization/HtZt_6000_2000_pt140_ak10_ca12_th85.root,ok,,1000,1000,1.0,0.0,0.055,0.00720936890441875,0.0275,0.712,0.633,0.633,0.367,0.015241751867813621,2054.1397742627523,1800.1248228801683,2829.359147336231,1.0270698871313764,0.9000624114400841,1.4146795736681157,0.2505268476254162,0.046442648634964945,0.6202338363385538
HtZt_6000_2000,HtZt,6000,2000,85,160,0.4,1.0,/eos/uscms/store/user/aji/rootfiles_existingOptimization/HtZt_6000_2000_pt160_ak4_ca10_th85.root,ok,,1000,1000,1.0,0.0,0.146,0.011166198995181842,0.074,0.764,0.633,0.633,0.367,0.015241751867813621,1745.7226570702344,1378.7337913228912,2219.2367324350726,0.8728613285351172,0.6893668956614457,1.1096183662175363,0.2407320938718749,0.06392838402739338,0.6204459610183631
HtZt_6000_2000,HtZt,6000,2000,85,200,0.4,0.6,/eos/uscms/store/user/aji/rootfiles_existingOptimization/HtZt_6000_2000_pt200_ak4_ca6_th85.root,ok,,1000,1000,1.0,0.0,0.166,0.011766222843376714,0.087,0.769,0.628,0.628,0.372,0.015284501954594399,1724.8413969228054,1344.2870318196806,2156.5722663074034,0.8624206984614027,0.6721435159098403,1.0782861331537017,0.23546664520485075,0.061434956403196926,0.6212245753587105
HtZt_6000_2000,HtZt,6000,2000,85,160,0.6,1.2,/eos/uscms/store/user/aji/rootfiles_existingOptimization/HtZt_6000_2000_pt160_ak6_ca12_th85.root,ok,,1000,1000,1.0,0.0,0.115,0.010088359628799918,0.0575,0.7425,0.638,0.638,0.362,0.015197236590906913,1838.246466107816,1479.3784355292908,2411.5229522355544,0.9191232330539081,0.7396892177646454,1.2057614761177773,0.25354176762812614,0.06141942283259727,0.6236294443227353
HtZt_6000_2000,HtZt,6000,2000,85,100,0.8,1.2,/eos/uscms/store/user/aji/rootfiles_existingOptimization/HtZt_6000_2000_pt100_ak8_ca12_th85.root,ok,,1000,1000,1.0,0.0,0.046,0.006624499981130651,0.023,0.715,0.632,0.632,0.368,0.015250442616527561,2000.093076925009,1742.507130272729,2765.4919292828113,1.0000465384625046,0.8712535651363645,1.3827459646414055,0.25573429827146926,0.047151646211007946,0.6237389521177197
HtZt_6000_2000,HtZt,6000,2000,85,280,1.2,1.2,/eos/uscms/store/user/aji/rootfiles_existingOptimization/HtZt_6000_2000_pt280_ak12_ca12_th85.root,ok,,1000,1000,1.0,0.0,0.104,0.009653186002558949,0.052,0.689,0.596,0.596,0.404,0.015517216245190372,2102.7761869113465,1766.348836589632,2683.4791442085643,1.0513880934556732,0.8831744182948159,1.3417395721042822,0.21807606375979924,0.05110113652690683,0.6272148731053666
HtZt_6000_2000,HtZt,6000,2000,85,260,0.8,1.2,/eos/uscms/store/user/aji/rootfiles_existingOptimization/HtZt_6000_2000_pt260_ak8_ca12_th85.root,ok,,1000,1000,1.0,0.0,0.179,0.01212266472356635,0.09,0.733,0.619,0.619,0.381,0.015357050498061143,1892.2997024808496,1473.9964867931096,2387.155662489059,0.9461498512404249,0.7369982433965548,1.1935778312445295,0.24128291477792232,0.05981994741227631,0.6276679296538799
HtZt_6000_2000,HtZt,6000,2000,85,180,0.6,1.2,/eos/uscms/store/user/aji/rootfiles_existingOptimization/HtZt_6000_2000_pt180_ak6_ca12_th85.root,ok,,1000,1000,1.0,0.0,0.138,0.01090669519148674,0.069,0.7395,0.632,0.632,0.368,0.015250442616527561,1829.0436172000286,1445.3426758847145,2364.2368956703394,0.9145218086000143,0.7226713379423572,1.1821184478351698,0.25119527253054375,0.06359443266021758,0.6277430916705423
HtZt_6000_2000,HtZt,6000,2000,85,260,0.6,1.0,/eos/uscms/store/user/aji/rootfiles_existingOptimization/HtZt_6000_2000_pt260_ak6_ca10_th85.root,ok,,1000,1000,1.0,0.0,0.211,0.012902674141432851,0.1085,0.7525,0.625,0.625,0.375,0.015309310892394862,1815.03269388215,1350.7601960646969,2237.0935555995943,0.907516346941075,0.6753800980323484,1.118546777799797,0.24416457139378858,0.06212609172774121,0.6284129366996811
HtZt_6000_2000,HtZt,6000,2000,85,380,1.2,1.0,/eos/uscms/store/user/aji/rootfiles_existingOptimization/HtZt_6000_2000_pt380_ak12_ca10_th85.root,ok,,1000,1000,1.0,0.0,0.092,0.00913980306133562,0.048,0.714,0.6,0.6,0.4,0.015491933384829668,2066.458597706921,1585.873751025967,2535.2086892911843,1.0332292988534606,0.7929368755129835,1.2676043446455922,0.22970093359689425,0.037619858608655216,0.6330238634822403
HtZt_6000_2000,HtZt,6000,2000,85,180,1.2,1.2,/eos/uscms/store/user/aji/rootfiles_existingOptimization/HtZt_6000_2000_pt180_ak12_ca12_th85.root,ok,,1000,1000,1.0,0.0,0.057,0.007331507348424334,0.0285,0.6815,0.612,0.612,0.388,0.015409607392792329,2150.361261103478,1865.8058085275377,2894.9937220160755,1.075180630551739,0.9329029042637689,1.4474968610080376,0.2393058162144346,0.0451216982795095,0.6348238792696085
HtZt_6000_2000,HtZt,6000,2000,85,200,1.0,1.4,/eos/uscms/store/user/aji/rootfiles_existingOptimization/HtZt_6000_2000_pt200_ak10_ca14_th85.root,ok,,1000,1000,1.0,0.0,0.108,0.009815090422405696,0.054,0.711,0.611,0.611,0.389,0.015416841440450765,1992.911092709904,1617.0768051791326,2600.275375427507,0.996455546354952,0.8085384025895663,1.3001376877137534,0.2466739670035778,0.060275511771548745,0.6360284123680826
HtZt_6000_2000,HtZt,6000,2000,85,180,1.0,1.4,/eos/uscms/store/user/aji/rootfiles_existingOptimization/HtZt_6000_2000_pt180_ak10_ca14_th85.root,ok,,1000,1000,1.0,0.0,0.095,0.00927227048785787,0.0475,0.7085,0.613,0.613,0.387,0.015402305022301045,2001.1703561161667,1655.416088512497,2653.6255649924437,1.0005851780580834,0.8277080442562486,1.326812782496222,0.24940642195431392,0.05929363714440637,0.6364649397601223
HtZt_6000_2000,HtZt,6000,2000,85,340,0.8,1.0,/eos/uscms/store/user/aji/rootfiles_existingOptimization/HtZt_6000_2000_pt340_ak8_ca10_th85.root,ok,,1000,1000,1.0,0.0,0.242,0.013543854695026818,0.1245,0.746,0.614,0.614,0.386,0.015394934231752989,1883.5385665754884,1375.3933702250154,2301.329982189522,0.9417692832877442,0.6876966851125077,1.150664991094761,0.24579709393685967,0.059038215602664576,0.6376201656080853
HtZt_6000_2000,HtZt,6000,2000,85,320,0.6,0.6,/eos/uscms/store/user/aji/rootfiles_existingOptimization/HtZt_6000_2000_pt320_ak6_ca6_th85.root,ok,,1000,1000,1.0,0.0,0.243,0.013562853682024296,0.1275,0.7615,0.624,0.624,0.376,0.015317441039547044,1803.6109969172498,1288.1289510930887,2196.9064315461655,0.9018054984586249,0.6440644755465442,1.0984532157730829,0.2519327842883995,0.06088016469733955,0.637752234442537
HtZt_6000_2000,HtZt,6000,2000,85,280,0.8,1.2,/eos/uscms/store/user/aji/rootfiles_existingOptimization/HtZt_6000_2000_pt280_ak8_ca12_th85.root,ok,,1000,1000,1.0,0.0,0.19,0.012405643876881199,0.0965,0.731,0.614,0.614,0.386,0.015394934231752989,1888.5567420411871,1432.4203140155712,2367.519618283009,0.9442783710205935,0.7162101570077856,1.1837598091415045,0.24756981970707567,0.060034067778446915,0.6391419826050163
HtZt_6000_2000,HtZt,6000,2000,85,300,0.6,0.8,/eos/uscms/store/user/aji/rootfiles_existingOptimization/HtZt_6000_2000_pt300_ak6_ca8_th85.root,ok,,1000,1000,1.0,0.0,0.241,0.013524755080961725,0.126,0.757,0.621,0.621,0.379,0.015341414537127925,1809.1881926889596,1302.270380244271,2213.160527267018,0.9045940963444798,0.6511351901221356,1.1065802636335091,0.2517400209396982,0.060783790649855465,0.6402806113052502
HtZt_6000_2000,HtZt,6000,2000,85,400,0.8,0.6,/eos/uscms/store/user/aji/rootfiles_existingOptimization/HtZt_6000_2000_pt400_ak8_ca6_th85.root,ok,,1000,1000,1.0,0.0,0.187,0.012330085157856777,0.1025,0.759,0.622,0.622,0.378,0.015333492752794452,1871.4384048852394,1187.2775021625032,2145.019460125023,0.9357192024426197,0.5936387510812516,1.0725097300625117,0.25588391139735395,0.03086006614331358,0.6403119911530919
HtZt_6000_2000,HtZt,6000,2000,85,360,1.0,1.0,/eos/uscms/store/user/aji/rootfiles_existingOptimization/HtZt_6000_2000_pt360_ak10_ca10_th85.root,ok,,1000,1000,1.0,0.0,0.221,0.013120937466507492,0.112,0.732,0.609,0.609,0.391,0.015431104950715617,1967.5050834290073,1431.4760168349492,2407.3393181394367,0.9837525417145037,0.7157380084174746,1.2036696590697185,0.24799511562220047,0.057190708671599005,0.6406198614507501
HtZt_6000_2000,HtZt,6000,2000,85,380,0.6,0.4,/eos/uscms/store/user/aji/rootfiles_existingOptimization/HtZt_6000_2000_pt380_ak6_ca4_th85.root,ok,,1000,1000,1.0,0.0,0.159,0.011563693181678594,0.0905,0.7625,0.634,0.634,0.366,0.01523299051401267,1798.7332251769224,1095.9155996684324,2053.1467005031072,0.8993666125884612,0.5479577998342162,1.0265733502515535,0.266084788849253,0.022268728652332093,0.6421481275904068
HtZt_6000_2000,HtZt,6000,2000,85,160,1.0,1.4,/eos/uscms/store/user/aji/rootfiles_existingOptimization/HtZt_6000_2000_pt160_ak10_ca14_th85.root,ok,,1000,1000,1.0,0.0,0.081,0.008627803892068943,0.0405,0.706,0.61,0.61,0.39,0.01542400726140908,2018.8601539678616,1698.325932111216,2713.5005109273893,1.0094300769839308,0.8491629660556079,1.3567502554636948,0.2514227092007717,0.05877121894112443,0.6423657168991648
HtZt_6000_2000,HtZt,6000,2000,85,220,1.0,1.4,/eos/uscms/store/user/aji/rootfiles_existingOptimization/HtZt_6000_2000_pt220_ak10_ca14_th85.root,ok,,1000,1000,1.0,0.0,0.126,0.010493998284733994,0.063,0.7105,0.607,0.607,0.393,0.015445096309184997,1989.7533805515181,1562.5269840433502,2569.5765870364157,0.9948766902757591,0.7812634920216751,1.2847882935182078,0.25305889987078,0.06072007793950423,0.6465712308432041
HtZt_6000_2000,HtZt,6000,2000,85,300,1.2,1.2,/eos/uscms/store/user/aji/rootfiles_existingOptimization/HtZt_6000_2000_pt300_ak12_ca12_th85.root,ok,,1000,1000,1.0,0.0,0.116,0.010126401137620413,0.058,0.6845,0.586,0.586,0.41400000000000003,0.015575750383207868,2094.764620001567,1720.184320660166,2678.695480096508,1.0473823100007835,0.8600921603300828,1.339347740048254,0.22878731822280476,0.05234781055094556,0.6475255492228832
HtZt_6000_2000,HtZt,6000,2000,85,360,0.8,0.8,/eos/uscms/store/user/aji/rootfiles_existingOptimization/HtZt_6000_2000_pt360_ak8_ca8_th85.root,ok,,1000,1000,1.0,0.0,0.254,0.013765318739498916,0.1325,0.747,0.615,0.615,0.385,0.015387494922826133,1876.2877311759057,1321.24151318218,2283.78604482956,0.9381438655879528,0.66062075659109,1.14189302241478,0.25650237851423113,0.05783186218397793,0.6476879919554359
HtZt_6000_2000,HtZt,6000,2000,85,200,0.6,1.2,/eos/uscms/store/user/aji/rootfiles_existingOptimization/HtZt_6000_2000_pt200_ak6_ca12_th85.root,ok,,1000,1000,1.0,0.0,0.165,0.011737759581794134,0.083,0.733,0.619,0.619,0.381,0.015357050498061143,1821.3723136942456,1376.614753587273,2322.411434421852,0.9106861568471227,0.6883073767936366,1.161205717210926,0.25963848075527246,0.06430082152041408,0.6495698650705601
HtZt_6000_2000,HtZt,6000,2000,85,200,0.4,0.8,/eos/uscms/store/user/aji/rootfiles_existingOptimization/HtZt_6000_2000_pt200_ak4_ca8_th85.root,ok,,1000,1000,1.0,0.0,0.187,0.012330085157856777,0.0975,0.7545,0.61,0.61,0.39,0.01542400726140908,1724.8413969228054,1331.0855162746425,2179.36379880847,0.8624206984614027,0.6655427581373212,1.0896818994042352,0.24590037207107696,0.06488433837749183,0.6496583022249367
HtZt_6000_2000,HtZt,6000,2000,85,340,1.0,1.2,/eos/uscms/store/user/aji/rootfiles_existingOptimization/HtZt_6000_2000_pt340_ak10_ca12_th85.root,ok,,1000,1000,1.0,0.0,0.207,0.012812142677944232,0.105,0.7225,0.605,0.605,0.395,0.015458816254810716,1971.5545827839205,1431.4760168349492,2432.089611854988,0.9857772913919602,0.7157380084174746,1.216044805927494,0.2537625901300508,0.05958610575040459,0.6501848609908548
HtZt_6000_2000,HtZt,6000,2000,85,160,1.2,1.0,/eos/uscms/store/user/aji/rootfiles_existingOptimization/HtZt_6000_2000_pt160_ak12_ca10_th85.root,ok,,1000,1000,1.0,0.0,0.023,0.004740358636221525,0.0115,0.675,0.619,0.619,0.381,0.015357050498061143,2179.592799543277,1917.7326136147992,3054.1220420401614,1.0897963997716387,0.9588663068073997,1.5270610210200808,0.26068847095280523,0.018329613502245642,0.6506681109299691
HtZt_6000_2000,HtZt,6000,2000,85,100,0.6,1.4,/eos/uscms/store/user/aji/rootfiles_existingOptimization/HtZt_6000_2000_pt100_ak6_ca14_th85.root,ok,,1000,1000,1.0,0.0,0.083,0.008724161850859944,0.0415,0.7245,0.627,0.627,0.373,0.015292841462592882,1867.0764755348312,1510.112574646363,2522.201140369356,0.9335382377674155,0.7550562873231815,1.261100570184678,0.27103564824067433,0.0650120927269727,0.6506818244639327
HtZt_6000_2000,HtZt,6000,2000,85,280,0.6,1.0,/eos/uscms/store/user/aji/rootfiles_existingOptimization/HtZt_6000_2000_pt280_ak6_ca10_th85.root,ok,,1000,1000,1.0,0.0,0.23,0.013307892395116516,0.12,0.7475,0.616,0.616,0.384,0.015379986996093333,1809.7108962809734,1288.1289510930887,2222.634480975278,0.9048554481404867,0.6440644755465442,1.1113172404876392,0.25819193877945795,0.06320911715024012,0.6517063939654093
HtZt_6000_2000,HtZt,6000,2000,85,220,0.4,0.6,/eos/uscms/store/user/aji/rootfiles_existingOptimization/HtZt_6000_2000_pt220_ak4_ca6_th85.root,ok,,1000,1000,1.0,0.0,0.192,0.012455360291858283,0.1005,0.756,0.614,0.614,0.386,0.015394934231752989,1711.2289956971013,1283.6901682701566,2144.7797020541934,0.8556144978485507,0.6418450841350783,1.0723898510270966,0.2515997379512774,0.06530659838200009,0.6520382881664224
HtZt_6000_2000,HtZt,6000,2000,85,140,0.4,1.2,/eos/uscms/store/user/aji/rootfiles_existingOptimization/HtZt_6000_2000_pt140_ak4_ca12_th85.root,ok,,1000,1000,1.0,0.0,0.138,0.01090669519148674,0.0695,0.7445,0.615,0.615,0.385,0.015387494922826133,1752.1424528508983,1359.8432758274143,2269.4176793505917,0.8760712264254491,0.6799216379137072,1.1347088396752958,0.25956063162650256,0.07007868969523308,0.6569535089839577
HtZt_6000_2000,HtZt,6000,2000,85,240,1.0,1.4,/eos/uscms/store/user/aji/rootfiles_existingOptimization/HtZt_6000_2000_pt240_ak10_ca14_th85.root,ok,,1000,1000,1.0,0.0,0.144,0.011102432165971562,0.072,0.709,0.602,0.602,0.398,0.015478888849009803,1979.6934290681115,1500.0609774942625,2530.9101195387775,0.9898467145340558,0.7500304887471313,1.2654550597693888,0.26035575178166853,0.06258923978037009,0.659371080328263
HtZt_6000_2000,HtZt,6000,2000,85,220,1.2,1.4,/eos/uscms/store/user/aji/rootfiles_existingOptimization/HtZt_6000_2000_pt220_ak12_ca14_th85.root,ok,,1000,1000,1.0,0.0,0.09,0.009049861877399014,0.045,0.678,0.582,0.582,0.41800000000000004,0.015597307459943206,2113.3477483293846,1755.7051616877122,2756.058442507034,1.0566738741646922,0.8778525808438561,1.3780292212535172,0.23667502937226217,0.05823828916436564,0.6603424167887314
HtZt_6000_2000,HtZt,6000,2000,85,120,0.6,1.4,/eos/uscms/store/user/aji/rootfiles_existingOptimization/HtZt_6000_2000_pt120_ak6_ca14_th85.root,ok,,1000,1000,1.0,0.0,0.094,0.009228434320078352,0.047,0.723,0.622,0.622,0.378,0.015333492752794452,1849.8746490812075,1465.7998036045901,2488.290771468936,0.9249373245406037,0.732899901802295,1.244145385734468,0.27636763614556126,0.06547072053285119,0.6618739036915009
HtZt_6000_2000,HtZt,6000,2000,85,240,1.2,1.4,/eos/uscms/store/user/aji/rootfiles_existingOptimization/HtZt_6000_2000_pt240_ak12_ca14_th85.root,ok,,1000,1000,1.0,0.0,0.1,0.009486832980505138,0.05,0.678,0.579,0.579,0.42100000000000004,0.015612783224012303,2107.908932889386,1720.9971345133256,2717.176330803979,1.0539544664446931,0.8604985672566627,1.3585881654019893,0.23629559625357124,0.06123422931000793,0.6626910428980406
HtZt_6000_2000,HtZt,6000,2000,85,120,1.0,1.0,/eos/uscms/store/user/aji/rootfiles_existingOptimization/HtZt_6000_2000_pt120_ak10_ca10_th85.root,ok,,1000,1000,1.0,0.0,0.037,0.005969170796685248,0.0185,0.681,0.613,0.613,0.387,0.015402305022301045,2114.7801257515207,1840.5807910456067,2985.5867574915237,1.0573900628757604,0.9202903955228033,1.492793378745762,0.2707151331013717,0.0386344613016103,0.6634541393889477
HtZt_6000_2000,HtZt,6000,2000,85,320,0.6,0.8,/eos/uscms/store/user/aji/rootfiles_existingOptimization/HtZt_6000_2000_pt320_ak6_ca8_th85.root,ok,,1000,1000,1.0,0.0,0.256,0.013800869537822608,0.134,0.7525,0.612,0.612,0.388,0.015409607392792329,1803.333533312381,1237.4194477421697,2197.682211476285,0.9016667666561904,0.6187097238710848,1.0988411057381426,0.2662465777948175,0.06320911715024012,0.6640799011291985
HtZt_6000_2000,HtZt,6000,2000,85,240,0.4,0.4,/eos/uscms/store/user/aji/rootfiles_existingOptimization/HtZt_6000_2000_pt240_ak4_ca4_th85.root,ok,,1000,1000,1.0,0.0,0.2,0.01264911064067352,0.108,0.749,0.603,0.603,0.397,0.01547226550961429,1702.5787734685077,1242.0362837695689,2107.7119424210473,0.8512893867342539,0.6210181418847844,1.0538559712105238,0.2542248476667887,0.06625904341922478,0.6660959089933634
HtZt_6000_2000,HtZt,6000,2000,85,180,0.4,1.0,/eos/uscms/store/user/aji/rootfiles_existingOptimization/HtZt_6000_2000_pt180_ak4_ca10_th85.root,ok,,1000,1000,1.0,0.0,0.184,0.012253326079069307,0.0935,0.7445,0.604,0.604,0.396,0.01546557467409472,1731.3653291994033,1305.5930965283574,2194.833583543256,0.8656826645997018,0.6527965482641788,1.097416791771628,0.2568032500183222,0.0692605867187388,0.6662349835583521
HtZt_6000_2000,HtZt,6000,2000,85,140,0.8,1.4,/eos/uscms/store/user/aji/rootfiles_existingOptimization/HtZt_6000_2000_pt140_ak8_ca14_th85.root,ok,,1000,1000,1.0,0.0,0.089,0.00900438781928011,0.0445,0.71,0.609,0.609,0.391,0.015431104950715617,1920.5204937270191,1562.748022909089,2607.6565397831237,0.9602602468635095,0.7813740114545447,1.303828269891562,0.2720378460649108,0.06350518038785714,0.6670118213785599
HtZt_6000_2000,HtZt,6000,2000,85,120,0.8,1.4,/eos/uscms/store/user/aji/rootfiles_existingOptimization/HtZt_6000_2000_pt120_ak8_ca14_th85.root,ok,,1000,1000,1.0,0.0,0.077,0.00843036179532053,0.0385,0.7055,0.601,0.601,0.399,0.015485444778888335,1943.392061969293,1622.173821592322,2657.663139033563,0.9716960309846465,0.8110869107961609,1.3288315695167816,0.26641287100657174,0.06306950765910779,0.6682432679081072
HtZt_6000_2000,HtZt,6000,2000,85,400,0.6,0.4,/eos/uscms/store/user/aji/rootfiles_existingOptimization/HtZt_6000_2000_pt400_ak6_ca4_th85.root,ok,,1000,1000,1.0,0.0,0.173,0.011961229033840962,0.099,0.7525,0.619,0.619,0.381,0.015357050498061143,1793.6936346755301,1047.2257336643152,2044.290087543886,0.8968468173377651,0.5236128668321577,1.022145043771943,0.2779360796638871,0.02349222285168119,0.6692513979301107
HtZt_6000_2000,HtZt,6000,2000,85,300,0.8,1.2,/eos/uscms/store/user/aji/rootfiles_existingOptimization/HtZt_6000_2000_pt300_ak8_ca12_th85.root,ok,,1000,1000,1.0,0.0,0.208,0.0128349522788361,0.1065,0.725,0.604,0.604,0.396,0.01546557467409472,1885.0395097221467,1344.2256005494116,2355.711770972034,0.9425197548610734,0.6721128002747058,1.177855885486017,0.26829309550432573,0.062346880843245106,0.6700411200182184
HtZt_6000_2000,HtZt,6000,2000,85,200,1.2,1.4,/eos/uscms/store/user/aji/rootfiles_existingOptimization/HtZt_6000_2000_pt200_ak12_ca14_th85.root,ok,,1000,1000,1.0,0.0,0.081,0.008627803892068943,0.0405,0.6715,0.579,0.579,0.42100000000000004,0.015612783224012303,2125.4125326650465,1792.3256681293046,2830.582193966769,1.062706266332523,0.8961628340646524,1.4152910969833845,0.24424823649072933,0.05790331467253264,0.6715188631239817
HtZt_6000_2000,HtZt,6000,2000,85,240,1.4,1.2,/eos/uscms/store/user/aji/rootfiles_existingOptimization/HtZt_6000_2000_pt240_ak14_ca12_th85.root,ok,,1000,1000,1.0,0.0,0.029,0.005306505441436953,0.0145,0.651,0.561,0.561,0.43899999999999995,0.015693278816104682,2250.022906181909,1909.40569151967,2900.535332946008,1.1250114530909543,0.954702845759835,1.450267666473004,0.22024878917970622,0.03125686779205672,0.6717499344888016
HtZt_6000_2000,HtZt,6000,2000,85,260,1.2,1.4,/eos/uscms/store/user/aji/rootfiles_existingOptimization/HtZt_6000_2000_pt260_ak12_ca14_th85.root,ok,,1000,1000,1.0,0.0,0.113,0.01001154333756789,0.0565,0.6755,0.573,0.573,0.42700000000000005,0.015641962792437528,2097.295734146949,1681.7164744795805,2688.9602993658937,1.0486478670734745,0.8408582372397903,1.3444801496829468,0.24012918361653895,0.06266047713845604,0.6719939703238864
HtZt_6000_2000,HtZt,6000,2000,85,160,0.8,1.4,/eos/uscms/store/user/aji/rootfiles_existingOptimization/HtZt_6000_2000_pt160_ak8_ca14_th85.root,ok,,1000,1000,1.0,0.0,0.111,0.00993373041711924,0.0555,0.705,0.603,0.603,0.397,0.01547226550961429,1911.636135096346,1507.942677625709,2550.339990011631,0.955818067548173,0.7539713388128546,1.2751699950058155,0.27264532544876413,0.06437944929550796,0.6740635186939469
HtZt_6000_2000,HtZt,6000,2000,85,340,0.6,0.6,/eos/uscms/store/user/aji/rootfiles_existingOptimization/HtZt_6000_2000_pt340_ak6_ca6_th85.root,ok,,1000,1000,1.0,0.0,0.261,0.013888088421377507,0.137,0.755,0.613,0.613,0.387,0.015402305022301045,1801.0360970257202,1151.8322055505332,2156.905686205039,0.9005180485128601,0.5759161027752666,1.0784528431025193,0.27902646768554806,0.0628444534059847,0.675974662834262
HtZt_6000_2000,HtZt,6000,2000,85,260,1.4,1.2,/eos/uscms/store/user/aji/rootfiles_existingOptimization/HtZt_6000_2000_pt260_ak14_ca12_th85.root,ok,,1000,1000,1.0,0.0,0.032,0.005565608681896348,0.016,0.6545,0.557,0.557,0.44299999999999995,0.015708309902723462,2237.7054834016226,1874.9253613950873,2870.905426463511,1.1188527417008114,0.9374626806975437,1.4354527132317554,0.22254493999683897,0.03454291094505012,0.6774302141669201
HtZt_6000_2000,HtZt,6000,2000,85,100,0.4,1.4,/eos/uscms/store/user/aji/rootfiles_existingOptimization/HtZt_6000_2000_pt100_ak4_ca14_th85.root,ok,,1000,1000,1.0,0.0,0.108,0.009815090422405696,0.0545,0.7295,0.612,0.612,0.388,0.015409607392792329,1786.4853211515294,1380.859841224869,2377.5966838434892,0.8932426605757647,0.6904299206124345,1.1887983419217447,0.27896586409569424,0.07168414785425423,0.6776415980381179
HtZt_6000_2000,HtZt,6000,2000,85,280,1.4,1.2,/eos/uscms/store/user/aji/rootfiles_existingOptimization/HtZt_6000_2000_pt280_ak14_ca12_th85.root,ok,,1000,1000,1.0,0.0,0.033,0.005648982209212559,0.0165,0.6565,0.554,0.554,0.44599999999999995,0.01571890581433708,2226.210434466593,1857.0529433911538,2841.5977483510874,1.1131052172332965,0.928526471695577,1.4207988741755435,0.22112572776522654,0.038035250078601784,0.6784362494885561
HtZt_6000_2000,HtZt,6000,2000,85,260,1.0,1.4,/eos/uscms/store/user/aji/rootfiles_existingOptimization/HtZt_6000_2000_pt260_ak10_ca14_th85.root,ok,,1000,1000,1.0,0.0,0.159,0.011563693181678594,0.08,0.7025,0.59,0.59,0.41000000000000003,0.01555313473226539,1973.7936414401602,1458.091980305981,2513.555074180986,0.9868968207200801,0.7290459901529905,1.256777537090493,0.26736915949959594,0.06359302189530229,0.6786794774275879
HtZt_6000_2000,HtZt,6000,2000,85,320,1.2,1.2,/eos/uscms/store/user/aji/rootfiles_existingOptimization/HtZt_6000_2000_pt320_ak12_ca12_th85.root,ok,,1000,1000,1.0,0.0,0.133,0.010738295954200556,0.067,0.679,0.572,0.572,0.42800000000000005,0.015646597074124458,2084.422878651537,1621.3787831396633,2651.35669204683,1.0422114393257682,0.8106893915698317,1.3256783460234152,0.24706548739608075,0.05571000368551546,0.6792866313286576
HtZt_6000_2000,HtZt,6000,2000,85,300,1.4,1.2,/eos/uscms/store/user/aji/rootfiles_existingOptimization/HtZt_6000_2000_pt300_ak14_ca12_th85.root,ok,,1000,1000,1.0,0.0,0.034,0.005730968504537431,0.017,0.659,0.555,0.555,0.44499999999999995,0.01571543826942157,2215.8482734430354,1841.3271859936874,2833.1518641498315,1.1079241367215178,0.9206635929968437,1.4165759320749156,0.22380248008024123,0.03947749036835481,0.679594893752393
HtZt_6000_2000,HtZt,6000,2000,85,380,1.0,1.0,/eos/uscms/store/user/aji/rootfiles_existingOptimization/HtZt_6000_2000_pt380_ak10_ca10_th85.root,ok,,1000,1000,1.0,0.0,0.233,0.013368283360252356,0.12,0.7235,0.599,0.599,0.401,0.015498354751392161,1966.9124593700203,1303.9262859983896,2394.6178305383337,0.9834562296850102,0.6519631429991948,1.197308915269167,0.2772598087281628,0.05800879613561484,0.6799141857596618
HtZt_6000_2000,HtZt,6000,2000,85,220,1.4,1.2,/eos/uscms/store/user/aji/rootfiles_existingOptimization/HtZt_6000_2000_pt220_ak14_ca12_th85.root,ok,,1000,1000,1.0,0.0,0.026,0.0050322956987840055,0.013,0.643,0.56,0.56,0.43999999999999995,0.015697133496278867,2266.9279058380425,1926.967581446597,2957.47745993285,1.1334639529190211,0.9634837907232985,1.478738729966425,0.22729215954163573,0.030053692636549632,0.6806385548335379
HtZt_6000_2000,HtZt,6000,2000,85,220,0.6,1.2,/eos/uscms/store/user/aji/rootfiles_existingOptimization/HtZt_6000_2000_pt220_ak6_ca12_th85.root,ok,,1000,1000,1.0,0.0,0.187,0.012330085157856777,0.0945,0.725,0.605,0.605,0.395,0.015458816254810716,1817.1645614284841,1300.1471986407994,2316.5206844084237,0.9085822807142421,0.6500735993203997,1.1582603422042117,0.27965917543776186,0.06680141840354667,0.6838009473663377
HtZt_6000_2000,HtZt,6000,2000,85,220,0.4,0.8,/eos/uscms/store/user/aji/rootfiles_existingOptimization/HtZt_6000_2000_pt220_ak4_ca8_th85.root,ok,,1000,1000,1.0,0.0,0.215,0.012991343271578963,0.112,0.741,0.597,0.597,0.403,0.01551099609954177,1710.3096822365492,1241.6229461456487,2153.9522424276784,0.8551548411182746,0.6208114730728244,1.0769761212138391,0.26671464991328026,0.06831724698050326,0.6841991658014528
HtZt_6000_2000,HtZt,6000,2000,85,360,0.8,1.0,/eos/uscms/store/user/aji/rootfiles_existingOptimization/HtZt_6000_2000_pt360_ak8_ca10_th85.root,ok,,1000,1000,1.0,0.0,0.263,0.013922320208930694,0.137,0.7365,0.599,0.599,0.401,0.015498354751392161,1875.5112532587632,1240.8839458676273,2283.78604482956,0.9377556266293816,0.6204419729338136,1.14189302241478,0.2780314160071969,0.06019026036653567,0.6852558533442588
HtZt_6000_2000,HtZt,6000,2000,85,400,1.2,1.0,/eos/uscms/store/user/aji/rootfiles_existingOptimization/HtZt_6000_2000_pt400_ak12_ca10_th85.root,ok,,1000,1000,1.0,0.0,0.104,0.009653186002558949,0.055,0.703,0.581,0.581,0.41900000000000004,0.015602531845825537,2059.5238709161003,1420.9131951973416,2512.6708174349537,1.0297619354580503,0.7104565975986709,1.2563354087174767,0.26505097553251106,0.03968750431173343,0.6870271690783161
HtZt_6000_2000,HtZt,6000,2000,85,140,1.0,1.4,/eos/uscms/store/user/aji/rootfiles_existingOptimization/HtZt_6000_2000_pt140_ak10_ca14_th85.root,ok,,1000,1000,1.0,0.0,0.068,0.007960904471226871,0.034,0.68,0.581,0.581,0.41900000000000004,0.015602531845825537,2041.9205010330388,1744.7821159965404,2833.8105772454437,1.0209602505165194,0.8723910579982701,1.4169052886227218,0.2666676936486869,0.05815935625867147,0.6877637187003389
HtZt_6000_2000,HtZt,6000,2000,85,180,1.2,1.4,/eos/uscms/store/user/aji/rootfiles_existingOptimization/HtZt_6000_2000_pt180_ak12_ca14_th85.root,ok,,1000,1000,1.0,0.0,0.073,0.008226238508577295,0.0365,0.6585,0.571,0.571,0.42900000000000005,0.015651166090742248,2136.56302306554,1816.0678966099554,2899.5294237304006,1.0682815115327702,0.9080339483049777,1.4497647118652002,0.2535524380567755,0.056916180914541106,0.6893805892100526
HtZt_6000_2000,HtZt,6000,2000,85,160,0.4,1.2,/eos/uscms/store/user/aji/rootfiles_existingOptimization/HtZt_6000_2000_pt160_ak4_ca12_th85.root,ok,,1000,1000,1.0,0.0,0.157,0.01150439046625244,0.0795,0.733,0.593,0.593,0.40700000000000003,0.015535475531827148,1737.0552356855787,1291.9724499302586,2238.513059598322,0.8685276178427894,0.6459862249651293,1.119256529799161,0.27245552997469424,0.07226283634051137,0.6926027681904153
HtZt_6000_2000,HtZt,6000,2000,85,180,0.8,1.4,/eos/uscms/store/user/aji/rootfiles_existingOptimization/HtZt_6000_2000_pt180_ak8_ca14_th85.root,ok,,1000,1000,1.0,0.0,0.126,0.010493998284733994,0.063,0.702,0.596,0.596,0.404,0.015517216245190372,1904.17013143104,1435.8649221832957,2518.539102053561,0.95208506571552,0.7179324610916479,1.2592695510267806,0.2842902958089685,0.06556440147315568,0.6930817892374165
HtZt_6000_2000,HtZt,6000,2000,85,300,0.6,1.0,/eos/uscms/store/user/aji/rootfiles_existingOptimization/HtZt_6000_2000_pt300_ak6_ca10_th85.root,ok,,1000,1000,1.0,0.0,0.248,0.01365635383255721,0.1295,0.7395,0.598,0.598,0.402,0.015504708962118573,1804.2592590514496,1195.0210674491375,2210.5909722735205,0.9021296295257247,0.5975105337245687,1.10529548613676,0.2814368000966493,0.0651205856038376,0.6932238371440769
HtZt_6000_2000,HtZt,6000,2000,85,140,0.6,1.4,/eos/uscms/store/user/aji/rootfiles_existingOptimization/HtZt_6000_2000_pt140_ak6_ca14_th85.root,ok,,1000,1000,1.0,0.0,0.111,0.00993373041711924,0.0555,0.7125,0.606,0.606,0.394,0.015451990163082553,1833.1389807936764,1375.0125567123291,2452.369933681973,0.9165694903968382,0.6875062783561645,1.2261849668409868,0.2938558909764691,0.07097579402289628,0.6961989419367853
HtZt_6000_2000,HtZt,6000,2000,85,320,0.8,1.2,/eos/uscms/store/user/aji/rootfiles_existingOptimization/HtZt_6000_2000_pt320_ak8_ca12_th85.root,ok,,1000,1000,1.0,0.0,0.224,0.013184233007649706,0.1155,0.72,0.592,0.592,0.40800000000000003,0.015541428505771277,1878.1091279450745,1272.6531300384704,2340.222522937415,0.9390545639725372,0.6363265650192351,1.1701112614687077,0.2842138875250082,0.06436157345938089,0.6983084311277545
HtZt_6000_2000,HtZt,6000,2000,85,280,1.0,1.4,/eos/uscms/store/user/aji/rootfiles_existingOptimization/HtZt_6000_2000_pt280_ak10_ca14_th85.root,ok,,1000,1000,1.0,0.0,0.174,0.011988494484296182,0.0875,0.699,0.583,0.583,0.41700000000000004,0.015592017188292218,1971.0689791396912,1391.4272014783926,2496.626319357431,0.9855344895698457,0.6957136007391963,1.2483131596787154,0.2803552614280963,0.06984187011134173,0.6988018124711117
HtZt_6000_2000,HtZt,6000,2000,85,200,0.8,1.4,/eos/uscms/store/user/aji/rootfiles_existingOptimization/HtZt_6000_2000_pt200_ak8_ca14_th85.root,ok,,1000,1000,1.0,0.0,0.14,0.010972693379476163,0.07,0.702,0.594,0.594,0.406,0.015529455882290275,1894.5101244455304,1402.1969224672944,2493.676489328904,0.9472550622227651,0.7010984612336472,1.2468382446644521,0.28806379886226663,0.06686212476142953,0.6993382926399901
HtZt_6000_2000,HtZt,6000,2000,85,100,0.8,1.4,/eos/uscms/store/user/aji/rootfiles_existingOptimization/HtZt_6000_2000_pt100_ak8_ca14_th85.root,ok,,1000,1000,1.0,0.0,0.058,0.007391616873188166,0.029,0.684,0.582,0.582,0.41800000000000004,0.015597307459943206,1983.6645624183284,1671.2451055351985,2786.4364976541437,0.9918322812091642,0.8356225527675993,1.3932182488270721,0.2810937426737592,0.062403080255253665,0.6999105145528428
HtZt_6000_2000,HtZt,6000,2000,85,320,1.4,1.2,/eos/uscms/store/user/aji/rootfiles_existingOptimization/HtZt_6000_2000_pt320_ak14_ca12_th85.root,ok,,1000,1000,1.0,0.0,0.04,0.0061967733539318665,0.0205,0.653,0.542,0.542,0.45799999999999996,0.015755506973753653,2201.561580593142,1785.8760048555987,2821.279913355848,1.1007807902965712,0.8929380024277994,1.410639956677924,0.23515215691157085,0.04202307140019884,0.7032302359412279
HtZt_6000_2000,HtZt,6000,2000,85,240,0.6,1.2,/eos/uscms/store/user/aji/rootfiles_existingOptimization/HtZt_6000_2000_pt240_ak6_ca12_th85.root,ok,,1000,1000,1.0,0.0,0.205,0.0127661662216971,0.104,0.7205,0.595,0.595,0.405,0.015523369479594306,1812.0725486939093,1237.7122610288077,2288.554640884399,0.9060362743469547,0.6188561305144039,1.1442773204421992,0.28995593488047927,0.06763879023387287,0.7043523074457838
HtZt_6000_2000,HtZt,6000,2000,85,240,0.4,0.6,/eos/uscms/store/user/aji/rootfiles_existingOptimization/HtZt_6000_2000_pt240_ak4_ca6_th85.root,ok,,1000,1000,1.0,0.0,0.228,0.013267102170406317,0.122,0.7345,0.581,0.581,0.41900000000000004,0.015602531845825537,1700.879454025454,1192.32930818777,2115.3733466400276,0.850439727012727,0.596164654093885,1.0576866733200136,0.2713431678734488,0.07293911471423602,0.7052991951721761
HtZt_6000_2000,HtZt,6000,2000,85,120,1.0,1.2,/eos/uscms/store/user/aji/rootfiles_existingOptimization/HtZt_6000_2000_pt120_ak10_ca12_th85.root,ok,,1000,1000,1.0,0.0,0.041,0.006270486424512854,0.0205,0.659,0.586,0.586,0.41400000000000003,0.015575750383207868,2111.0796431163326,1826.5213831070432,3033.104220014116,1.0555398215581662,0.9132606915535216,1.516552110007058,0.2857738789821165,0.044053198948105436,0.7053278611379331
HtZt_6000_2000,HtZt,6000,2000,85,280,1.2,1.4,/eos/uscms/store/user/aji/rootfiles_existingOptimization/HtZt_6000_2000_pt280_ak12_ca14_th85.root,ok,,1000,1000,1.0,0.0,0.126,0.010493998284733994,0.063,0.6675,0.56,0.56,0.43999999999999995,0.015697133496278867,2090.239045517387,1605.2025682766457,2698.085859560207,1.0451195227586934,0.8026012841383228,1.3490429297801034,0.2614254320880905,0.06456474733766539,0.7059373843639598
HtZt_6000_2000,HtZt,6000,2000,85,340,1.2,1.2,/eos/uscms/store/user/aji/rootfiles_existingOptimization/HtZt_6000_2000_pt340_ak12_ca12_th85.root,ok,,1000,1000,1.0,0.0,0.143,0.011070275515993266,0.072,0.675,0.565,0.565,0.43500000000000005,0.015677212762477903,2078.452552507697,1518.5903396213348,2637.493433793656,1.0392262762538484,0.7592951698106674,1.3187467168968283,0.26916734106399054,0.0582598522149113,0.7080899686893755
HtZt_6000_2000,HtZt,6000,2000,85,200,0.4,1.0,/eos/uscms/store/user/aji/rootfiles_existingOptimization/HtZt_6000_2000_pt200_ak4_ca10_th85.root,ok,,1000,1000,1.0,0.0,0.206,0.0127892142057282,0.107,0.7295,0.578,0.578,0.42200000000000004,0.015617810345883958,1719.6217384984088,1238.05421043633,2187.388000849586,0.8598108692492044,0.6190271052181651,1.093694000424793,0.27602982945604765,0.07252471644423614,0.7120487425311273
HtZt_6000_2000,HtZt,6000,2000,85,160,1.2,1.2,/eos/uscms/store/user/aji/rootfiles_existingOptimization/HtZt_6000_2000_pt160_ak12_ca12_th85.root,ok,,1000,1000,1.0,0.0,0.05,0.006892024376045111,0.025,0.638,0.573,0.573,0.42700000000000005,0.015641962792437528,2190.533099926497,1889.7670214067348,3104.7571810770683,1.0952665499632483,0.9448835107033674,1.5523785905385339,0.27732750527967415,0.04122813012993805,0.713854160275999
HtZt_6000_2000,HtZt,6000,2000,85,260,0.4,0.4,/eos/uscms/store/user/aji/rootfiles_existingOptimization/HtZt_6000_2000_pt260_ak4_ca4_th85.root,ok,,1000,1000,1.0,0.0,0.235,0.013408019988051927,0.1265,0.735,0.582,0.582,0.41800000000000004,0.015597307459943206,1693.26864592739,1133.4594870328558,2086.353516410119,0.8466343229636951,0.5667297435164279,1.0431767582050597,0.28137709620654167,0.06863006812505851,0.7147136639101722
HtZt_6000_2000,HtZt,6000,2000,85,220,0.8,1.4,/eos/uscms/store/user/aji/rootfiles_existingOptimization/HtZt_6000_2000_pt220_ak8_ca14_th85.root,ok,,1000,1000,1.0,0.0,0.161,0.011622349160131096,0.0805,0.698,0.584,0.584,0.41600000000000004,0.015586660963785668,1889.1587467383392,1341.6548446507888,2459.7980269898553,0.9445793733691696,0.6708274223253945,1.2298990134949275,0.29593679839493553,0.07053255882187072,0.7174788610580186
HtZt_6000_2000,HtZt,6000,2000,85,300,1.0,1.4,/eos/uscms/store/user/aji/rootfiles_existingOptimization/HtZt_6000_2000_pt300_ak10_ca14_th85.root,ok,,1000,1000,1.0,0.0,0.189,0.012380589646701001,0.0955,0.696,0.574,0.574,0.42600000000000005,0.015637263187655313,1965.95197506452,1323.8317069648297,2475.1172299005557,0.9829759875322599,0.6619158534824148,1.2375586149502777,0.29280611569820836,0.0731343574505019,0.7205085169449824
HtZt_6000_2000,HtZt,6000,2000,85,360,1.0,1.2,/eos/uscms/store/user/aji/rootfiles_existingOptimization/HtZt_6000_2000_pt360_ak10_ca12_th85.root,ok,,1000,1000,1.0,0.0,0.232,0.013348258313353095,0.1175,0.71,0.583,0.583,0.41700000000000004,0.015592017188292218,1965.95197506452,1227.7452081342808,2423.3654881083507,0.9829759875322599,0.6138726040671404,1.2116827440541753,0.30408176169583984,0.062115004017042355,0.7227841629426139
HtZt_6000_2000,HtZt,6000,2000,85,340,0.6,0.8,/eos/uscms/store/user/aji/rootfiles_existingOptimization/HtZt_6000_2000_pt340_ak6_ca8_th85.root,ok,,1000,1000,1.0,0.0,0.276,0.014135911714495106,0.1445,0.7445,0.6,0.6,0.4,0.015491933384829668,1800.612156143034,1029.9170582414645,2166.139928601185,0.9003060780715171,0.5149585291207323,1.0830699643005925,0.31551016316404984,0.06440725424854693,0.7254795553568982
HtZt_6000_2000,HtZt,6000,2000,85,260,0.6,1.2,/eos/uscms/store/user/aji/rootfiles_existingOptimization/HtZt_6000_2000_pt260_ak6_ca12_th85.root,ok,,1000,1000,1.0,0.0,0.222,0.013142145943490356,0.114,0.717,0.586,0.586,0.41400000000000003,0.015575750383207868,1804.6032470304503,1162.9936456187272,2260.81422500018,0.9023016235152252,0.5814968228093637,1.13040711250009,0.3041722830732911,0.0692071552930887,0.7279421207217687
HtZt_6000_2000,HtZt,6000,2000,85,120,0.4,1.4,/eos/uscms/store/user/aji/rootfiles_existingOptimization/HtZt_6000_2000_pt120_ak4_ca14_th85.root,ok,,1000,1000,1.0,0.0,0.134,0.010772372069326236,0.0675,0.715,0.589,0.589,0.41100000000000003,0.015558888135082147,1765.7477735510802,1266.430321878688,2345.232782244585,0.8828738867755401,0.6332151609393439,1.1726163911222927,0.30548033997979424,0.07999754143586991,0.7281929513022403
HtZt_6000_2000,HtZt,6000,2000,85,300,1.2,1.4,/eos/uscms/store/user/aji/rootfiles_existingOptimization/HtZt_6000_2000_pt300_ak12_ca14_th85.root,ok,,1000,1000,1.0,0.0,0.138,0.01090669519148674,0.069,0.6645,0.552,0.552,0.44799999999999995,0.015725647840391186,2084.422878651537,1520.920553230669,2678.695480096508,1.0422114393257682,0.7604602766153344,1.339347740048254,0.2777207395686503,0.06722110625264788,0.729941883501227
HtZt_6000_2000,HtZt,6000,2000,85,160,0.6,1.4,/eos/uscms/store/user/aji/rootfiles_existingOptimization/HtZt_6000_2000_pt160_ak6_ca14_th85.root,ok,,1000,1000,1.0,0.0,0.134,0.010772372069326236,0.067,0.7015,0.585,0.585,0.41500000000000004,0.015581238718407468,1825.4765989160974,1293.6899011567434,2438.111195436424,0.9127382994580487,0.6468449505783717,1.2190555977182123,0.3134582209816323,0.07662750725620966,0.7371843910358274
HtZt_6000_2000,HtZt,6000,2000,85,160,1.0,1.6,/eos/uscms/store/user/aji/rootfiles_existingOptimization/HtZt_6000_2000_pt160_ak10_ca16_th85.root,ok,,1000,1000,1.0,0.0,0.109,0.00985489725973843,0.0545,0.6755,0.564,0.564,0.43600000000000005,0.015681326474504636,1995.1453624746741,1527.4439962098388,2728.6021705312605,0.9975726812373371,0.7637219981049195,1.36430108526563,0.3010202155976162,0.08834491339008027,0.7372629474738825
HtZt_6000_2000,HtZt,6000,2000,85,320,1.0,1.4,/eos/uscms/store/user/aji/rootfiles_existingOptimization/HtZt_6000_2000_pt320_ak10_ca14_th85.root,ok,,1000,1000,1.0,0.0,0.203,0.012719709116170857,0.1025,0.689,0.568,0.568,0.43200000000000005,0.01566448211719749,1960.0976155737178,1263.0622857711464,2456.314549905107,0.9800488077868589,0.6315311428855732,1.2281572749525533,0.3043859281938612,0.07509205662845819,0.7383810474151753
HtZt_6000_2000,HtZt,6000,2000,85,340,1.4,1.2,/eos/uscms/store/user/aji/rootfiles_existingOptimization/HtZt_6000_2000_pt340_ak14_ca12_th85.root,ok,,1000,1000,1.0,0.0,0.046,0.006624499981130651,0.0235,0.6455,0.529,0.529,0.471,0.01578477114183161,2190.4868025781525,1669.4348988560914,2802.368863772666,1.0952434012890762,0.8347174494280456,1.401184431886333,0.2586032391482883,0.044124759504474094,0.7391275792771959
HtZt_6000_2000,HtZt,6000,2000,85,200,1.4,1.2,/eos/uscms/store/user/aji/rootfiles_existingOptimization/HtZt_6000_2000_pt200_ak14_ca12_th85.root,ok,,1000,1000,1.0,0.0,0.024,0.004839834707921336,0.012,0.6105,0.536,0.536,0.46399999999999997,0.015770351930125083,2289.4567979837484,1946.2842963600272,3162.91914318205,1.1447283989918744,0.9731421481800135,1.581459571591025,0.2657038228223992,0.027820749969158846,0.7441766627215867
HtZt_6000_2000,HtZt,6000,2000,85,380,0.8,0.8,/eos/uscms/store/user/aji/rootfiles_existingOptimization/HtZt_6000_2000_pt380_ak8_ca8_th85.root,ok,,1000,1000,1.0,0.0,0.281,0.014214042352547005,0.1465,0.734,0.594,0.594,0.406,0.015529455882290275,1871.8622227092455,1024.9401648511837,2269.8652690317194,0.9359311113546228,0.5124700824255919,1.1349326345158597,0.3325365214055897,0.06005207250863305,0.7449434102701274
HtZt_6000_2000,HtZt,6000,2000,85,180,1.0,1.6,/eos/uscms/store/user/aji/rootfiles_existingOptimization/HtZt_6000_2000_pt180_ak10_ca16_th85.root,ok,,1000,1000,1.0,0.0,0.129,0.010599952830083727,0.0645,0.6725,0.561,0.561,0.43899999999999995,0.015693278816104682,1983.7980492672868,1462.0684592642524,2674.9550056181156,0.9918990246336434,0.7310342296321263,1.3374775028090575,0.3056980892792592,0.09242028572595408,0.7455081868158948
HtZt_6000_2000,HtZt,6000,2000,85,240,0.8,1.4,/eos/uscms/store/user/aji/rootfiles_existingOptimization/HtZt_6000_2000_pt240_ak8_ca14_th85.root,ok,,1000,1000,1.0,0.0,0.183,0.012227469075814503,0.092,0.689,0.568,0.568,0.43200000000000005,0.01566448211719749,1886.1298128061542,1278.9579789384152,2440.3747051952346,0.943064906403077,0.6394789894692076,1.2201873525976172,0.3078835609222681,0.07381250988575996,0.7455770702819604
HtZt_6000_2000,HtZt,6000,2000,85,180,0.6,1.4,/eos/uscms/store/user/aji/rootfiles_existingOptimization/HtZt_6000_2000_pt180_ak6_ca14_th85.root,ok,,1000,1000,1.0,0.0,0.157,0.01150439046625244,0.0785,0.6985,0.575,0.575,0.42500000000000004,0.015632498200863484,1819.606075286666,1240.0759273273873,2374.860844531341,0.909803037643333,0.6200379636636937,1.1874304222656704,0.3118215894682524,0.08080281258268422,0.7458412857039192
HtZt_6000_2000,HtZt,6000,2000,85,340,0.8,1.2,/eos/uscms/store/user/aji/rootfiles_existingOptimization/HtZt_6000_2000_pt340_ak8_ca12_th85.root,ok,,1000,1000,1.0,0.0,0.25,0.013693063937629153,0.1285,0.713,0.579,0.579,0.42100000000000004,0.015612783224012303,1875.9466495841425,1134.3064827837572,2332.9203416621103,0.9379733247920713,0.5671532413918786,1.1664601708310551,0.3194690688949124,0.06607974284313667,0.7466717364157053
HtZt_6000_2000,HtZt,6000,2000,85,180,0.4,1.2,/eos/uscms/store/user/aji/rootfiles_existingOptimization/HtZt_6000_2000_pt180_ak4_ca12_th85.root,ok,,1000,1000,1.0,0.0,0.197,0.012577400367325514,0.1,0.714,0.564,0.564,0.43600000000000005,0.015681326474504636,1721.7441080933363,1192.32930818777,2219.462614757642,0.8608720540466682,0.596164654093885,1.1097313073788209,0.2982827999066951,0.0781789267604675,0.7481955945020283
HtZt_6000_2000,HtZt,6000,2000,85,120,0.8,1.6,/eos/uscms/store/user/aji/rootfiles_existingOptimization/HtZt_6000_2000_pt120_ak8_ca16_th85.root,ok,,1000,1000,1.0,0.0,0.102,0.009570579919733181,0.051,0.6745,0.56,0.56,0.43999999999999995,0.015697133496278867,1927.5103276611003,1485.3789075236323,2664.116641403926,0.9637551638305502,0.742689453761816,1.3320583207019632,0.3057669048421158,0.08930184280564302,0.7493913884590608
HtZt_6000_2000,HtZt,6000,2000,85,240,0.4,0.8,/eos/uscms/store/user/aji/rootfiles_existingOptimization/HtZt_6000_2000_pt240_ak4_ca8_th85.root,ok,,1000,1000,1.0,0.0,0.247,0.013637851736985557,0.131,0.7215,0.567,0.567,0.43300000000000005,0.015668790636165896,1698.895363919913,1103.6800837134458,2130.1180735027624,0.8494476819599566,0.5518400418567229,1.065059036751381,0.3020898201231725,0.07642004114983564,0.7501450519271768
HtZt_6000_2000,HtZt,6000,2000,85,200,1.0,1.6,/eos/uscms/store/user/aji/rootfiles_existingOptimization/HtZt_6000_2000_pt200_ak10_ca16_th85.root,ok,,1000,1000,1.0,0.0,0.142,0.011037934589405754,0.071,0.6745,0.556,0.556,0.44399999999999995,0.015711906313366306,1976.5049215518352,1422.9059157460404,2642.7628979103156,0.9882524607759176,0.7114529578730201,1.3213814489551579,0.30858941175985427,0.09448096717533065,0.7537641656822625
HtZt_6000_2000,HtZt,6000,2000,85,220,1.2,1.6,/eos/uscms/store/user/aji/rootfiles_existingOptimization/HtZt_6000_2000_pt220_ak12_ca16_th85.root,ok,,1000,1000,1.0,0.0,0.115,0.010088359628799918,0.0575,0.6555,0.542,0.542,0.45799999999999996,0.015755506973753653,2086.9882085975432,1560.5452063439645,2779.8397370843554,1.0434941042987718,0.7802726031719822,1.3899198685421776,0.2921182126754221,0.08996449261759555,0.7544676231052992
HtZt_6000_2000,HtZt,6000,2000,85,140,0.8,1.6,/eos/uscms/store/user/aji/rootfiles_existingOptimization/HtZt_6000_2000_pt140_ak8_ca16_th85.root,ok,,1000,1000,1.0,0.0,0.117,0.010164201887015036,0.0585,0.68,0.565,0.565,0.43500000000000005,0.015677212762477903,1906.7814029931656,1410.8984397107267,2611.9964869084934,0.9533907014965828,0.7054492198553635,1.3059982434542465,0.31495431131023865,0.08850928486326815,0.7546152411605804
HtZt_6000_2000,HtZt,6000,2000,85,220,0.4,1.0,/eos/uscms/store/user/aji/rootfiles_existingOptimization/HtZt_6000_2000_pt220_ak4_ca10_th85.root,ok,,1000,1000,1.0,0.0,0.232,0.013348258313353095,0.1205,0.7175,0.567,0.567,0.43300000000000005,0.015668790636165896,1705.201243911907,1103.6800837134458,2161.6979935138747,0.8526006219559537,0.5518400418567229,1.0808489967569375,0.3102325645075261,0.07577308787789636,0.7579725023119308
HtZt_6000_2000,HtZt,6000,2000,85,200,1.2,1.6,/eos/uscms/store/user/aji/rootfiles_existingOptimization/HtZt_6000_2000_pt200_ak12_ca16_th85.root,ok,,1000,1000,1.0,0.0,0.108,0.009815090422405696,0.054,0.6495,0.539,0.539,0.46099999999999997,0.015763216676808068,2100.7704393745967,1611.1859187897153,2839.481125249943,1.0503852196872985,0.8055929593948576,1.4197405626249715,0.2923439856726786,0.08693643499035975,0.7583825076414084
HtZt_6000_2000,HtZt,6000,2000,85,240,1.2,1.6,/eos/uscms/store/user/aji/rootfiles_existingOptimization/HtZt_6000_2000_pt240_ak12_ca16_th85.root,ok,,1000,1000,1.0,0.0,0.126,0.010493998284733994,0.063,0.655,0.54,0.54,0.45999999999999996,0.015760710643876435,2081.707818813934,1515.1540194360223,2740.55230358297,1.0408539094069669,0.7575770097180111,1.370276151791485,0.29432523456753074,0.09125684953351051,0.7584106255082275
HtZt_6000_2000,HtZt,6000,2000,85,320,0.6,1.0,/eos/uscms/store/user/aji/rootfiles_existingOptimization/HtZt_6000_2000_pt320_ak6_ca10_th85.root,ok,,1000,1000,1.0,0.0,0.262,0.013905250806799567,0.137,0.734,0.588,0.588,0.41200000000000003,0.01556457516284977,1801.1140947435842,981.8075983345386,2195.828592427249,0.9005570473717921,0.4909037991672693,1.0979142962136246,0.3370194585772604,0.06680141840354667,0.7589637538400813
HtZt_6000_2000,HtZt,6000,2000,85,220,1.0,1.6,/eos/uscms/store/user/aji/rootfiles_existingOptimization/HtZt_6000_2000_pt220_ak10_ca16_th85.root,ok,,1000,1000,1.0,0.0,0.157,0.01150439046625244,0.0785,0.6725,0.551,0.551,0.44899999999999995,0.015728922404284407,1972.075126719107,1382.8538488957952,2606.1003566060176,0.9860375633595535,0.6914269244478977,1.3030501783030088,0.3101419644558135,0.09582525199796109,0.7605382081198582
HtZt_6000_2000,HtZt,6000,2000,85,360,1.4,1.2,/eos/uscms/store/user/aji/rootfiles_existingOptimization/HtZt_6000_2000_pt360_ak14_ca12_th85.root,ok,,1000,1000,1.0,0.0,0.052,0.007021111023192838,0.0265,0.644,0.522,0.522,0.478,0.015796075461962062,2178.463315760564,1584.831792672442,2782.444556601521,1.089231657880282,0.7924158963362209,1.3912222783007606,0.27487558667265377,0.04788703034410931,0.761798752460682
HtZt_6000_2000,HtZt,6000,2000,85,340,1.0,1.4,/eos/uscms/store/user/aji/rootfiles_existingOptimization/HtZt_6000_2000_pt340_ak10_ca14_th85.root,ok,,1000,1000,1.0,0.0,0.222,0.013142145943490356,0.1125,0.6845,0.558,0.558,0.44199999999999995,0.01570464899321217,1955.8711009163048,1189.0063682250134,2439.0679491119713,0.9779355504581524,0.5945031841125067,1.2195339745559857,0.319566453101464,0.07807364306057485,0.7637728980556486
HtZt_6000_2000,HtZt,6000,2000,85,260,0.8,1.4,/eos/uscms/store/user/aji/rootfiles_existingOptimization/HtZt_6000_2000_pt260_ak8_ca14_th85.root,ok,,1000,1000,1.0,0.0,0.196,0.012553246592017541,0.0985,0.685,0.559,0.559,0.44099999999999995,0.015700923539715746,1881.125934493616,1231.340372127857,2424.522660856843,0.9405629672468079,0.6156701860639285,1.2122613304284213,0.3171457760615535,0.07436900455579806,0.7640894793368727
HtZt_6000_2000,HtZt,6000,2000,85,100,0.6,1.6,/eos/uscms/store/user/aji/rootfiles_existingOptimization/HtZt_6000_2000_pt100_ak6_ca16_th85.root,ok,,1000,1000,1.0,0.0,0.112,0.00997276290703835,0.056,0.6835,0.57,0.57,0.43000000000000005,0.015655669899432602,1849.8642232986767,1338.0234677693322,2551.611223914406,0.9249321116493383,0.6690117338846661,1.2758056119572032,0.32802076521621826,0.09548357068138168,0.7655275540512845
HtZt_6000_2000,HtZt,6000,2000,85,120,1.0,1.4,/eos/uscms/store/user/aji/rootfiles_existingOptimization/HtZt_6000_2000_pt120_ak10_ca14_th85.root,ok,,1000,1000,1.0,0.0,0.052,0.007021111023192838,0.026,0.632,0.535,0.535,0.46499999999999997,0.015772602828956293,2098.330068764818,1778.8240340300201,3033.104220014116,1.0491650343824088,0.8894120170150099,1.516552110007058,0.29887580716088874,0.05508190847366505,0.7687923105991297
HtZt_6000_2000,HtZt,6000,2000,85,120,0.6,1.6,/eos/uscms/store/user/aji/rootfiles_existingOptimization/HtZt_6000_2000_pt120_ak6_ca16_th85.root,ok,,1000,1000,1.0,0.0,0.127,0.010529529904036551,0.0635,0.682,0.566,0.566,0.43400000000000005,0.015673034167001616,1831.1763594535068,1294.852443558868,2491.781087541362,0.9155881797267533,0.6474262217794339,1.245890543770681,0.32681959817887335,0.09646919876067049,0.7692607802061981
HtZt_6000_2000,HtZt,6000,2000,85,180,1.2,1.6,/eos/uscms/store/user/aji/rootfiles_existingOptimization/HtZt_6000_2000_pt180_ak12_ca16_th85.root,ok,,1000,1000,1.0,0.0,0.099,0.009444522221901964,0.0495,0.64,0.531,0.531,0.469,0.01578096955196353,2111.8806265645035,1687.819458370749,2933.1821050403364,1.0559403132822518,0.8439097291853745,1.466591052520168,0.29484683722286836,0.08552532129384172,0.7694408685510935
HtZt_6000_2000,HtZt,6000,2000,85,240,1.0,1.6,/eos/uscms/store/user/aji/rootfiles_existingOptimization/HtZt_6000_2000_pt240_ak10_ca16_th85.root,ok,,1000,1000,1.0,0.0,0.176,0.012042591083317577,0.088,0.6735,0.549,0.549,0.45099999999999996,0.01573527883451704,1963.6665429801951,1329.778042075092,2574.160871265641,0.9818332714900976,0.664889021037546,1.2870804356328207,0.31685186918293895,0.09922587202641375,0.7696685420339291
HtZt_6000_2000,HtZt,6000,2000,85,260,1.2,1.6,/eos/uscms/store/user/aji/rootfiles_existingOptimization/HtZt_6000_2000_pt260_ak12_ca16_th85.root,ok,,1000,1000,1.0,0.0,0.138,0.01090669519148674,0.069,0.657,0.537,0.537,0.46299999999999997,0.015768037290671277,2069.7976572158886,1459.9558664270264,2714.999875202261,1.0348988286079444,0.7299779332135132,1.3574999376011305,0.303180362679367,0.09227090216818665,0.7696702455401614
HtZt_6000_2000,HtZt,6000,2000,85,160,1.2,1.4,/eos/uscms/store/user/aji/rootfiles_existingOptimization/HtZt_6000_2000_pt160_ak12_ca14_th85.root,ok,,1000,1000,1.0,0.0,0.063,0.007683163410991596,0.0315,0.616,0.535,0.535,0.46499999999999997,0.015772602828956293,2179.8645362636184,1844.4512090424585,3138.759204380378,1.0899322681318093,0.9222256045212291,1.569379602190189,0.29687807976279545,0.05163115440150977,0.7708713065759764
HtZt_6000_2000,HtZt,6000,2000,85,140,1.0,1.6,/eos/uscms/store/user/aji/rootfiles_existingOptimization/HtZt_6000_2000_pt140_ak10_ca16_th85.root,ok,,1000,1000,1.0,0.0,0.094,0.009228434320078352,0.047,0.6555,0.541,0.541,0.45899999999999996,0.015758140753274162,2015.604557362804,1607.7476130997914,2867.1639395310476,1.0078022786814018,0.8038738065498957,1.4335819697655237,0.3124165208474879,0.08336854296298049,0.772196748715628
HtZt_6000_2000,HtZt,6000,2000,85,100,0.8,1.6,/eos/uscms/store/user/aji/rootfiles_existingOptimization/HtZt_6000_2000_pt100_ak8_ca16_th85.root,ok,,1000,1000,1.0,0.0,0.08,0.008579044235810887,0.04,0.6585,0.545,0.545,0.45499999999999996,0.015747221977225064,1956.3843874153104,1552.953219151605,2788.4884873440797,0.9781921937076552,0.7764766095758026,1.3942442436720397,0.3157700695579588,0.0895379817448694,0.7729508501871932
HtZt_6000_2000,HtZt,6000,2000,85,200,0.6,1.4,/eos/uscms/store/user/aji/rootfiles_existingOptimization/HtZt_6000_2000_pt200_ak6_ca14_th85.root,ok,,1000,1000,1.0,0.0,0.183,0.012227469075814503,0.092,0.692,0.564,0.564,0.43600000000000005,0.015681326474504636,1809.3496174140469,1156.0067687752874,2342.7025714580645,0.9046748087070235,0.5780033843876436,1.1713512857290322,0.3279343558761249,0.08691772172387476,0.7734668750054225
HtZt_6000_2000,HtZt,6000,2000,85,160,0.8,1.6,/eos/uscms/store/user/aji/rootfiles_existingOptimization/HtZt_6000_2000_pt160_ak8_ca16_th85.root,ok,,1000,1000,1.0,0.0,0.142,0.011037934589405754,0.071,0.671,0.552,0.552,0.44799999999999995,0.015725647840391186,1895.5848785688568,1338.725964236813,2560.276699837102,0.9477924392844284,0.6693629821184065,1.280138349918551,0.3222094535071795,0.0936056436299338,0.7754302095787367
HtZt_6000_2000,HtZt,6000,2000,85,360,1.2,1.2,/eos/uscms/store/user/aji/rootfiles_existingOptimization/HtZt_6000_2000_pt360_ak12_ca12_th85.root,ok,,1000,1000,1.0,0.0,0.156,0.011474493452871897,0.0785,0.666,0.547,0.547,0.45299999999999996,0.015741378592740853,2068.660998931534,1313.479546922795,2633.538287035742,1.034330499465767,0.6567397734613974,1.3167691435178712,0.31906115617657016,0.0629851194320924,0.7754942061231468
HtZt_6000_2000,HtZt,6000,2000,85,280,0.8,1.4,/eos/uscms/store/user/aji/rootfiles_existingOptimization/HtZt_6000_2000_pt280_ak8_ca14_th85.root,ok,,1000,1000,1.0,0.0,0.208,0.0128349522788361,0.1055,0.6825,0.554,0.554,0.44599999999999995,0.01571890581433708,1875.8145525142945,1191.192913381645,2407.80755961909,0.9379072762571473,0.5955964566908225,1.2039037798095449,0.3242896918052814,0.0770511767293357,0.7764989641795665
HtZt_6000_2000,HtZt,6000,2000,85,140,0.4,1.4,/eos/uscms/store/user/aji/rootfiles_existingOptimization/HtZt_6000_2000_pt140_ak4_ca14_th85.root,ok,,1000,1000,1.0,0.0,0.16,0.01159310139695155,0.0805,0.6955,0.554,0.554,0.44599999999999995,0.01571890581433708,1740.4567185127366,1177.801093296441,2287.6500085577836,0.8702283592563682,0.5889005466482204,1.1438250042788918,0.3188384127729807,0.0878046500428512,0.7778155768473438
HtZt_6000_2000,HtZt,6000,2000,85,260,0.4,0.6,/eos/uscms/store/user/aji/rootfiles_existingOptimization/HtZt_6000_2000_pt260_ak4_ca6_th85.root,ok,,1000,1000,1.0,0.0,0.263,0.013922320208930694,0.1405,0.722,0.562,0.562,0.43799999999999994,0.01568935945155187,1690.162090433768,1008.4024049290932,2107.452163849251,0.845081045216884,0.5042012024645466,1.0537260819246255,0.32513146672166054,0.07572479144444827,0.7786233621999721
HtZt_6000_2000,HtZt,6000,2000,85,380,1.0,1.2,/eos/uscms/store/user/aji/rootfiles_existingOptimization/HtZt_6000_2000_pt380_ak10_ca12_th85.root,ok,,1000,1000,1.0,0.0,0.244,0.013581752464244074,0.1255,0.7045,0.577,0.577,0.42300000000000004,0.015622771841129857,1962.1536082109494,1020.4338863973127,2414.4397428225147,0.9810768041054747,0.5102169431986564,1.2072198714112574,0.35522342659406453,0.06397881776544428,0.7801157461835171
HtZt_6000_2000,HtZt,6000,2000,85,260,1.0,1.6,/eos/uscms/store/user/aji/rootfiles_existingOptimization/HtZt_6000_2000_pt260_ak10_ca16_th85.root,ok,,1000,1000,1.0,0.0,0.192,0.012455360291858283,0.0965,0.671,0.541,0.541,0.45899999999999996,0.015758140753274162,1957.0384705569872,1283.286964725845,2541.7185007457533,0.9785192352784937,0.6416434823629226,1.2708592503728768,0.32151425609475875,0.10193457207787993,0.7826623325669093
HtZt_6000_2000,HtZt,6000,2000,85,100,0.4,1.6,/eos/uscms/store/user/aji/rootfiles_existingOptimization/HtZt_6000_2000_pt100_ak4_ca16_th85.root,ok,,1000,1000,1.0,0.0,0.138,0.01090669519148674,0.0695,0.686,0.553,0.553,0.44699999999999995,0.01572230899073034,1768.9817609646498,1232.5288682911284,2385.451809096764,0.8844908804823249,0.6162644341455642,1.192725904548382,0.3258719129407335,0.10488749015853793,0.7844228248925009
HtZt_6000_2000,HtZt,6000,2000,85,280,0.6,1.2,/eos/uscms/store/user/aji/rootfiles_existingOptimization/HtZt_6000_2000_pt280_ak6_ca12_th85.root,ok,,1000,1000,1.0,0.0,0.242,0.013543854695026818,0.126,0.712,0.576,0.576,0.42400000000000004,0.015627667772255716,1800.8892236244014,972.108303526366,2236.874283232758,0.9004446118122007,0.48605415176318295,1.118437141616379,0.3511504103403351,0.07138248326705571,0.785105949159115
HtZt_6000_2000,HtZt,6000,2000,85,360,0.6,0.6,/eos/uscms/store/user/aji/rootfiles_existingOptimization/HtZt_6000_2000_pt360_ak6_ca6_th85.root,ok,,1000,1000,1.0,0.0,0.286,0.014289996501049255,0.1515,0.741,0.593,0.593,0.40700000000000003,0.015535475531827148,1797.5399481902818,810.9282563410083,2144.6402378825246,0.8987699740951409,0.40546412817050415,1.0723201189412623,0.3709825706194358,0.06427947912090358,0.7881055732099218
HtZt_6000_2000,HtZt,6000,2000,85,320,1.2,1.4,/eos/uscms/store/user/aji/rootfiles_existingOptimization/HtZt_6000_2000_pt320_ak12_ca14_th85.root,ok,,1000,1000,1.0,0.0,0.157,0.01150439046625244,0.079,0.6555,0.536,0.536,0.46399999999999997,0.015770351930125083,2071.3967105582915,1334.5249620084207,2665.5576135822685,1.0356983552791457,0.6672624810042103,1.3327788067911341,0.32128868525988497,0.07157475505808569,0.7888585207877995
HtZt_6000_2000,HtZt,6000,2000,85,220,1.4,1.4,/eos/uscms/store/user/aji/rootfiles_existingOptimization/HtZt_6000_2000_pt220_ak14_ca14_th85.root,ok,,1000,1000,1.0,0.0,0.05,0.006892024376045111,0.025,0.5895,0.49,0.49,0.51,0.0158082257068907,2258.6740295246564,1821.503115137467,3023.3039312143114,1.129337014762328,0.9107515575687335,1.5116519656071556,0.2660412260395464,0.06088274913485052,0.7889749275157792
HtZt_6000_2000,HtZt,6000,2000,85,380,1.4,1.2,/eos/uscms/store/user/aji/rootfiles_existingOptimization/HtZt_6000_2000_pt380_ak14_ca12_th85.root,ok,,1000,1000,1.0,0.0,0.055,0.00720936890441875,0.028,0.6385,0.512,0.512,0.488,0.01580683396509244,2173.0289153496997,1491.3085820404792,2772.765911724618,1.0865144576748498,0.7456542910202397,1.386382955862309,0.29485510308497603,0.05243897122469052,0.7915065488524611
HtZt_6000_2000,HtZt,6000,2000,85,180,0.8,1.6,/eos/uscms/store/user/aji/rootfiles_existingOptimization/HtZt_6000_2000_pt180_ak8_ca16_th85.root,ok,,1000,1000,1.0,0.0,0.159,0.011563693181678594,0.0795,0.667,0.545,0.545,0.45499999999999996,0.015747221977225064,1889.5038828313582,1288.2670064260647,2548.342606503389,0.9447519414156791,0.6441335032130323,1.2741713032516946,0.33344086019795405,0.09525565876460171,0.7939656660563861
HtZt_6000_2000,HtZt,6000,2000,85,140,1.2,1.0,/eos/uscms/store/user/aji/rootfiles_existingOptimization/HtZt_6000_2000_pt140_ak12_ca10_th85.root,ok,,1000,1000,1.0,0.0,0.021,0.004534203347888138,0.0105,0.6125,0.563,0.563,0.43700000000000006,0.01568537535413163,2229.3166724148514,1927.9467918373944,3473.3894078115186,1.1146583362074258,0.9639733959186972,1.7366947039057594,0.3466180097016146,0.01817767767527758,0.7950838433223573
HtZt_6000_2000,HtZt,6000,2000,85,280,1.0,1.6,/eos/uscms/store/user/aji/rootfiles_existingOptimization/HtZt_6000_2000_pt280_ak10_ca16_th85.root,ok,,1000,1000,1.0,0.0,0.205,0.0127661662216971,0.103,0.669,0.535,0.535,0.46499999999999997,0.015772602828956293,1953.3516839554522,1236.7914536248468,2523.052461444454,0.9766758419777262,0.6183957268124235,1.261526230722227,0.32924460515348275,0.10631120122940255,0.7965770209557101
HtZt_6000_2000,HtZt,6000,2000,85,220,0.6,1.4,/eos/uscms/store/user/aji/rootfiles_existingOptimization/HtZt_6000_2000_pt220_ak6_ca14_th85.root,ok,,1000,1000,1.0,0.0,0.205,0.0127661662216971,0.1035,0.686,0.553,0.553,0.44699999999999995,0.01572230899073034,1802.8038543482203,1102.4599222757513,2327.5951264941286,0.9014019271741102,0.5512299611378757,1.1637975632470643,0.339786050840597,0.08983885386327789,0.7966458581231859
HtZt_6000_2000,HtZt,6000,2000,85,240,1.4,1.4,/eos/uscms/store/user/aji/rootfiles_existingOptimization/HtZt_6000_2000_pt240_ak14_ca14_th85.root,ok,,1000,1000,1.0,0.0,0.055,0.00720936890441875,0.0275,0.592,0.487,0.487,0.513,0.015806043148112688,2246.643508820449,1755.6787866192385,2976.9315502824948,1.1233217544102245,0.8778393933096192,1.4884657751412473,0.2717949596517091,0.06288543346028616,0.7971271350927316
HtZt_6000_2000,HtZt,6000,2000,85,200,0.8,1.6,/eos/uscms/store/user/aji/rootfiles_existingOptimization/HtZt_6000_2000_pt200_ak8_ca16_th85.root,ok,,1000,1000,1.0,0.0,0.174,0.011988494484296182,0.087,0.6655,0.542,0.542,0.45799999999999996,0.015755506973753653,1878.5018194785775,1243.6496344103869,2501.668045128721,0.9392509097392888,0.6218248172051933,1.2508340225643606,0.3348462050112699,0.10052675447416656,0.7989211140373409
HtZt_6000_2000,HtZt,6000,2000,85,280,1.2,1.6,/eos/uscms/store/user/aji/rootfiles_existingOptimization/HtZt_6000_2000_pt280_ak12_ca16_th85.root,ok,,1000,1000,1.0,0.0,0.151,0.01132249972400088,0.0755,0.651,0.526,0.526,0.474,0.01578999683343857,2064.961627707965,1378.153736043556,2706.8158501630614,1.0324808138539823,0.689076868021778,1.3534079250815307,0.3217159331900695,0.09699573428828219,0.7989640145754677
HtZt_6000_2000,HtZt,6000,2000,85,340,1.2,1.4,/eos/uscms/store/user/aji/rootfiles_existingOptimization/HtZt_6000_2000_pt340_ak12_ca14_th85.root,ok,,1000,1000,1.0,0.0,0.166,0.011766222843376714,0.0835,0.6525,0.532,0.532,0.46799999999999997,0.01577897335063343,2065.745029191726,1272.7203966655804,2645.4820500563765,1.032872514595863,0.6363601983327903,1.3227410250281881,0.33226793093819584,0.07405392625659007,0.8035551823977821
HtZt_6000_2000,HtZt,6000,2000,85,300,0.8,1.4,/eos/uscms/store/user/aji/rootfiles_existingOptimization/HtZt_6000_2000_pt300_ak8_ca14_th85.root,ok,,1000,1000,1.0,0.0,0.226,0.013225883713385657,0.1155,0.6755,0.544,0.544,0.45599999999999996,0.01575004761897563,1871.3238657369652,1110.5130080766417,2393.4297896738067,0.9356619328684825,0.5552565040383208,1.1967148948369033,0.3427832042028509,0.07882814200594151,0.8052170109160026
HtZt_6000_2000,HtZt,6000,2000,85,140,0.6,1.6,/eos/uscms/store/user/aji/rootfiles_existingOptimization/HtZt_6000_2000_pt140_ak6_ca16_th85.root,ok,,1000,1000,1.0,0.0,0.149,0.01126050620531777,0.0745,0.6685,0.545,0.545,0.45499999999999996,0.015747221977225064,1819.7760065551033,1217.600753401849,2460.612559142162,0.9098880032775516,0.6088003767009245,1.2303062795710809,0.3415287929016538,0.10901037007557618,0.8055399925738986
HtZt_6000_2000,HtZt,6000,2000,85,360,0.8,1.2,/eos/uscms/store/user/aji/rootfiles_existingOptimization/HtZt_6000_2000_pt360_ak8_ca12_th85.root,ok,,1000,1000,1.0,0.0,0.271,0.014055568291606,0.141,0.7035,0.565,0.565,0.43500000000000005,0.015677212762477903,1868.559489381751,939.7497568623652,2307.0445164242146,0.9342797446908756,0.46987487843118264,1.1535222582121072,0.365868672453732,0.06715567995501126,0.8074406979846445
HtZt_6000_2000,HtZt,6000,2000,85,180,1.4,1.2,/eos/uscms/store/user/aji/rootfiles_existingOptimization/HtZt_6000_2000_pt180_ak14_ca12_th85.root,ok,,1000,1000,1.0,0.0,0.021,0.004534203347888138,0.0105,0.5815,0.516,0.516,0.484,0.015803290796539814,2316.973250018787,1969.7255647724148,3400.620323263379,1.1584866250093935,0.9848627823862074,1.7003101616316894,0.3087853427913684,0.025354652793706276,0.8086340052923078
HtZt_6000_2000,HtZt,6000,2000,85,340,0.6,1.0,/eos/uscms/store/user/aji/rootfiles_existingOptimization/HtZt_6000_2000_pt340_ak6_ca10_th85.root,ok,,1000,1000,1.0,0.0,0.282,0.014229406171727617,0.1475,0.7265,0.576,0.576,0.42400000000000004,0.015627667772255716,1796.8786350594933,806.6616442836644,2163.5783014063636,0.8984393175297466,0.4033308221418322,1.0817891507031818,0.3775760451060661,0.06875065076829193,0.8117321133530915
HtZt_6000_2000,HtZt,6000,2000,85,300,1.0,1.6,/eos/uscms/store/user/aji/rootfiles_existingOptimization/HtZt_6000_2000_pt300_ak10_ca16_th85.root,ok,,1000,1000,1.0,0.0,0.219,0.013078187947877183,0.1105,0.6645,0.526,0.526,0.474,0.01578999683343857,1947.6085163152823,1193.9663385877154,2503.277690874359,0.9738042581576412,0.5969831692938578,1.2516388454371794,0.3361330938220979,0.11073258014423545,0.8127526680063337
HtZt_6000_2000,HtZt,6000,2000,85,220,0.8,1.6,/eos/uscms/store/user/aji/rootfiles_existingOptimization/HtZt_6000_2000_pt220_ak8_ca16_th85.root,ok,,1000,1000,1.0,0.0,0.194,0.012504559168559283,0.097,0.663,0.533,0.533,0.46699999999999997,0.015776913513105152,1873.3191688080015,1192.853276602007,2476.226390966685,0.9366595844040007,0.5964266383010036,1.2381131954833426,0.34253989809469904,0.10592917939184404,0.8158739396542989
HtZt_6000_2000,HtZt,6000,2000,85,300,1.2,1.6,/eos/uscms/store/user/aji/rootfiles_existingOptimization/HtZt_6000_2000_pt300_ak12_ca16_th85.root,ok,,1000,1000,1.0,0.0,0.162,0.011651437679531225,0.081,0.648,0.519,0.519,0.481,0.01579996835439869,2060.147251953991,1321.0007271585512,2694.66511237662,1.0300736259769956,0.6605003635792757,1.34733255618831,0.3333898545152991,0.09917909886676571,0.8173972171129986
HtZt_6000_2000,HtZt,6000,2000,85,200,0.4,1.2,/eos/uscms/store/user/aji/rootfiles_existingOptimization/HtZt_6000_2000_pt200_ak4_ca12_th85.root,ok,,1000,1000,1.0,0.0,0.22,0.013099618315050252,0.114,0.696,0.537,0.537,0.46299999999999997,0.015768037290671277,1710.1513417943888,1050.0992682651602,2214.798235936957,0.8550756708971944,0.5250496341325801,1.1073991179684786,0.3405251158794309,0.08352316675089051,0.8180175487897114
HtZt_6000_2000,HtZt,6000,2000,85,240,0.6,1.4,/eos/uscms/store/user/aji/rootfiles_existingOptimization/HtZt_6000_2000_pt240_ak6_ca14_th85.root,ok,,1000,1000,1.0,0.0,0.222,0.013142145943490356,0.1125,0.6825,0.546,0.546,0.45399999999999996,0.015744332313566048,1800.78645461615,1026.915589478284,2303.1111039573343,0.900393227308075,0.513457794739142,1.151555551978667,0.354343934342587,0.09091081742007029,0.8183046116117794
HtZt_6000_2000,HtZt,6000,2000,85,300,0.6,1.2,/eos/uscms/store/user/aji/rootfiles_existingOptimization/HtZt_6000_2000_pt300_ak6_ca12_th85.root,ok,,1000,1000,1.0,0.0,0.26,0.013870832707519763,0.1355,0.705,0.56,0.56,0.43999999999999995,0.015697133496278867,1797.710904385558,880.5703688964059,2224.2768248078864,0.898855452192779,0.4402851844482029,1.1121384124039433,0.37372706941741224,0.07637252398059319,0.8238415241981343
HtZt_6000_2000,HtZt,6000,2000,85,320,0.8,1.4,/eos/uscms/store/user/aji/rootfiles_existingOptimization/HtZt_6000_2000_pt320_ak8_ca14_th85.root,ok,,1000,1000,1.0,0.0,0.243,0.013562853682024296,0.125,0.672,0.534,0.534,0.46599999999999997,0.01577479001445027,1867.0732759858106,1051.4189607598591,2366.0406794662754,0.9335366379929053,0.5257094803799296,1.1830203397331378,0.35205413081934317,0.08050382282335297,0.8247004670200526
HtZt_6000_2000,HtZt,6000,2000,85,260,1.4,1.4,/eos/uscms/store/user/aji/rootfiles_existingOptimization/HtZt_6000_2000_pt260_ak14_ca14_th85.root,ok,,1000,1000,1.0,0.0,0.063,0.007683163410991596,0.0315,0.591,0.478,0.478,0.522,0.015796075461962062,2231.0761805255443,1648.0956683629918,2954.9061711621075,1.115538090262772,0.8240478341814959,1.4774530855810537,0.29286550459502647,0.06750116203736056,0.8264193136213037
HtZt_6000_2000,HtZt,6000,2000,85,160,0.4,1.4,/eos/uscms/store/user/aji/rootfiles_existingOptimization/HtZt_6000_2000_pt160_ak4_ca14_th85.root,ok,,1000,1000,1.0,0.0,0.18,0.012149074038789953,0.091,0.685,0.534,0.534,0.46599999999999997,0.01577479001445027,1728.548481425199,1079.3555635312118,2280.5829209974704,0.8642742407125995,0.539677781765606,1.140291460498735,0.3474670714690741,0.0910321999367967,0.8270396473978141
HtZt_6000_2000,HtZt,6000,2000,85,400,1.0,1.0,/eos/uscms/store/user/aji/rootfiles_existingOptimization/HtZt_6000_2000_pt400_ak10_ca10_th85.root,ok,,1000,1000,1.0,0.0,0.264,0.013939296969359681,0.1365,0.706,0.57,0.57,0.43000000000000005,0.015655669899432602,1956.5239318686743,828.6436280295566,2376.3453084579683,0.9782619659343371,0.4143218140147783,1.1881726542289839,0.39552331950016134,0.06270590331059414,0.8276971229067277
HtZt_6000_2000,HtZt,6000,2000,85,320,1.0,1.6,/eos/uscms/store/user/aji/rootfiles_existingOptimization/HtZt_6000_2000_pt320_ak10_ca16_th85.root,ok,,1000,1000,1.0,0.0,0.234,0.013388203763014663,0.118,0.661,0.523,0.523,0.477,0.01579465099329517,1943.3817032927304,1119.5899330001182,2472.0333971595583,0.9716908516463653,0.559794966500059,1.236016698579779,0.3479613556791118,0.11463199938402865,0.8277922705144752
HtZt_6000_2000,HtZt,6000,2000,85,380,0.8,1.0,/eos/uscms/store/user/aji/rootfiles_existingOptimization/HtZt_6000_2000_pt380_ak8_ca10_th85.root,ok,,1000,1000,1.0,0.0,0.291,0.014363808687113596,0.1515,0.7245,0.579,0.579,0.42100000000000004,0.015612783224012303,1871.098392138794,769.3636362435254,2270.3656799939135,0.935549196069397,0.3846818181217628,1.1351828399969568,0.40110184746475025,0.06380928549261435,0.8285469278578106
HtZt_6000_2000,HtZt,6000,2000,85,240,0.8,1.6,/eos/uscms/store/user/aji/rootfiles_existingOptimization/HtZt_6000_2000_pt240_ak8_ca16_th85.root,ok,,1000,1000,1.0,0.0,0.217,0.013034991369387246,0.109,0.6605,0.524,0.524,0.476,0.01579316307773715,1867.8932408887617,1144.1257520335917,2439.151740972953,0.9339466204443809,0.5720628760167958,1.2195758704864765,0.34665417717427344,0.11562819606631168,0.8292595151298353
HtZt_6000_2000,HtZt,6000,2000,85,120,1.0,1.6,/eos/uscms/store/user/aji/rootfiles_existingOptimization/HtZt_6000_2000_pt120_ak10_ca16_th85.root,ok,,1000,1000,1.0,0.0,0.075,0.008329165624478841,0.0375,0.618,0.505,0.505,0.495,0.01581059771166163,2059.572787003038,1691.7515556307358,3057.38192418389,1.0297863935015188,0.8458757778153678,1.528690962091945,0.331532436525425,0.08080096961627115,0.8295110758755768
HtZt_6000_2000,HtZt,6000,2000,85,120,0.4,1.6,/eos/uscms/store/user/aji/rootfiles_existingOptimization/HtZt_6000_2000_pt120_ak4_ca16_th85.root,ok,,1000,1000,1.0,0.0,0.169,0.011850696182081457,0.085,0.671,0.527,0.527,0.473,0.01578831846651188,1748.1775983831424,1129.2516094099435,2340.5363511261703,0.8740887991915711,0.5646258047049717,1.170268175563085,0.3464421300320179,0.11447915032987915,0.8320332501128608
HtZt_6000_2000,HtZt,6000,2000,85,260,0.6,1.4,/eos/uscms/store/user/aji/rootfiles_existingOptimization/HtZt_6000_2000_pt260_ak6_ca14_th85.root,ok,,1000,1000,1.0,0.0,0.239,0.01348625225924534,0.1225,0.681,0.541,0.541,0.45899999999999996,0.015758140753274162,1796.8786350594933,966.6231964867,2274.343646673068,0.8984393175297466,0.48331159824335,1.1371718233365342,0.3638866934780687,0.09240581371021764,0.833042761725094
HtZt_6000_2000,HtZt,6000,2000,85,260,0.4,0.8,/eos/uscms/store/user/aji/rootfiles_existingOptimization/HtZt_6000_2000_pt260_ak4_ca8_th85.root,ok,,1000,1000,1.0,0.0,0.28,0.014198591479439079,0.1485,0.7095,0.548,0.548,0.45199999999999996,0.015738360778683402,1687.9210781846452,868.9427858308217,2112.7157349745694,0.8439605390923226,0.4344713929154108,1.0563578674872849,0.3684333838882511,0.08026256797615884,0.8360373299790188
HtZt_6000_2000,HtZt,6000,2000,85,360,1.0,1.4,/eos/uscms/store/user/aji/rootfiles_existingOptimization/HtZt_6000_2000_pt360_ak10_ca14_th85.root,ok,,1000,1000,1.0,0.0,0.247,0.013637851736985557,0.125,0.6705,0.536,0.536,0.46399999999999997,0.015770351930125083,1950.49685410471,981.612465835723,2432.089611854988,0.9752484270523551,0.4908062329178615,1.216044805927494,0.37182247768480575,0.08385228465835359,0.8382976349795702
HtZt_6000_2000,HtZt,6000,2000,85,200,1.4,1.4,/eos/uscms/store/user/aji/rootfiles_existingOptimization/HtZt_6000_2000_pt200_ak14_ca14_th85.root,ok,,1000,1000,1.0,0.0,0.047,0.006692607862410586,0.0235,0.558,0.466,0.466,0.534,0.01577479001445027,2293.763818627678,1857.1558191304468,3197.0437609200617,1.1468819093138392,0.9285779095652235,1.5985218804600307,0.2920719062068142,0.0583388574250055,0.8407600971381982
HtZt_6000_2000,HtZt,6000,2000,85,260,0.8,1.6,/eos/uscms/store/user/aji/rootfiles_existingOptimization/HtZt_6000_2000_pt260_ak8_ca16_th85.root,ok,,1000,1000,1.0,0.0,0.23,0.013307892395116516,0.1155,0.6575,0.516,0.516,0.484,0.015803290796539814,1863.703441675621,1103.6984479894963,2410.1087408985836,0.9318517208378105,0.5518492239947481,1.2050543704492918,0.35048770735072476,0.11618497764778801,0.8413025352669437
HtZt_6000_2000,HtZt,6000,2000,85,140,1.2,1.2,/eos/uscms/store/user/aji/rootfiles_existingOptimization/HtZt_6000_2000_pt140_ak12_ca12_th85.root,ok,,1000,1000,1.0,0.0,0.041,0.006270486424512854,0.0205,0.5805,0.52,0.52,0.48,0.0157987341265052,2259.984908375596,1905.8744969499885,3491.0569432865186,1.1299924541877981,0.9529372484749942,1.7455284716432593,0.35070642296366217,0.0396741764127998,0.843705668382442
HtZt_6000_2000,HtZt,6000,2000,85,160,1.2,1.6,/eos/uscms/store/user/aji/rootfiles_existingOptimization/HtZt_6000_2000_pt160_ak12_ca16_th85.root,ok,,1000,1000,1.0,0.0,0.087,0.00891240708226459,0.0435,0.602,0.496,0.496,0.504,0.01581088232832058,2144.081963027197,1741.9570662249516,3172.2745441234233,1.0720409815135987,0.8709785331124759,1.5861372720617115,0.3335500933646742,0.07907610664961226,0.8447541915160341
HtZt_6000_2000,HtZt,6000,2000,85,160,0.6,1.6,/eos/uscms/store/user/aji/rootfiles_existingOptimization/HtZt_6000_2000_pt160_ak6_ca16_th85.root,ok,,1000,1000,1.0,0.0,0.174,0.011988494484296182,0.087,0.659,0.526,0.526,0.474,0.01578999683343857,1811.6245421607186,1141.0144129584726,2453.2778410296028,0.9058122710803593,0.5705072064792363,1.2266389205148014,0.36217864064316496,0.11986376105406688,0.845597413535129
HtZt_6000_2000,HtZt,6000,2000,85,220,1.4,1.6,/eos/uscms/store/user/aji/rootfiles_existingOptimization/HtZt_6000_2000_pt220_ak14_ca16_th85.root,ok,,1000,1000,1.0,0.0,0.068,0.007960904471226871,0.034,0.5905,0.468,0.468,0.532,0.01577897335063343,2232.798770850579,1691.510855397194,3042.3403982046625,1.1163993854252894,0.845755427698597,1.5211701991023312,0.30249692906559456,0.084562901965538,0.8461368676081236
HtZt_6000_2000,HtZt,6000,2000,85,320,0.6,1.2,/eos/uscms/store/user/aji/rootfiles_existingOptimization/HtZt_6000_2000_pt320_ak6_ca12_th85.root,ok,,1000,1000,1.0,0.0,0.274,0.014104041973845655,0.143,0.703,0.554,0.554,0.44599999999999995,0.01571890581433708,1793.3253297010688,810.787210767403,2212.91306746206,0.8966626648505344,0.40539360538370156,1.10645653373103,0.39092902817816627,0.0791278595162171,0.8472627616931128
HtZt_6000_2000,HtZt,6000,2000,85,320,1.2,1.6,/eos/uscms/store/user/aji/rootfiles_existingOptimization/HtZt_6000_2000_pt320_ak12_ca16_th85.root,ok,,1000,1000,1.0,0.0,0.178,0.012096115078817662,0.0895,0.6415,0.507,0.507,0.493,0.015809838708854686,2051.086561527703,1227.9185449730448,2670.7371017012233,1.0255432807638516,0.6139592724865224,1.3353685508506115,0.35172054261169966,0.1046658530155658,0.8472748706880848
HtZt_6000_2000,HtZt,6000,2000,85,360,1.2,1.4,/eos/uscms/store/user/aji/rootfiles_existingOptimization/HtZt_6000_2000_pt360_ak12_ca14_th85.root,ok,,1000,1000,1.0,0.0,0.183,0.012227469075814503,0.092,0.6455,0.518,0.518,0.482,0.01580113919943749,2060.8975995046894,1141.1387469220736,2636.109985945012,1.0304487997523448,0.5705693734610369,1.3180549929725058,0.36269905874562497,0.07827567720384684,0.8477439387208594
HtZt_6000_2000,HtZt,6000,2000,85,380,1.2,1.2,/eos/uscms/store/user/aji/rootfiles_existingOptimization/HtZt_6000_2000_pt380_ak12_ca12_th85.root,ok,,1000,1000,1.0,0.0,0.179,0.01212266472356635,0.0915,0.655,0.529,0.529,0.471,0.01578477114183161,2062.7567849204333,1084.3837454399954,2627.512616122813,1.0313783924602165,0.5421918727199977,1.3137563080614065,0.37404527813547855,0.06579464848192348,0.8481831173815002
HtZt_6000_2000,HtZt,6000,2000,85,240,0.4,1.0,/eos/uscms/store/user/aji/rootfiles_existingOptimization/HtZt_6000_2000_pt240_ak4_ca10_th85.root,ok,,1000,1000,1.0,0.0,0.261,0.013888088421377507,0.1385,0.6985,0.536,0.536,0.46399999999999997,0.015770351930125083,1690.9176013365284,899.5891900485129,2148.9615822695505,0.8454588006682642,0.44979459502425645,1.0744807911347753,0.36943621357821155,0.08516167524552828,0.8488903335113851
HtZt_6000_2000,HtZt,6000,2000,85,280,1.4,1.4,/eos/uscms/store/user/aji/rootfiles_existingOptimization/HtZt_6000_2000_pt280_ak14_ca14_th85.root,ok,,1000,1000,1.0,0.0,0.065,0.007795832219846705,0.0325,0.5905,0.472,0.472,0.528,0.015786576576319513,2224.230781999515,1555.8449105167801,2943.371153247407,1.1121153909997572,0.77792245525839,1.4716855766237036,0.3119114828280733,0.06974304355001026,0.851123021928049
HtZt_6000_2000,HtZt,6000,2000,85,280,0.8,1.6,/eos/uscms/store/user/aji/rootfiles_existingOptimization/HtZt_6000_2000_pt280_ak8_ca16_th85.root,ok,,1000,1000,1.0,0.0,0.24,0.013505554412907307,0.1215,0.6545,0.512,0.512,0.488,0.01580683396509244,1858.8822422615992,1066.921565833378,2393.568075256395,0.9294411211307996,0.533460782916689,1.1967840376281973,0.3568398468880308,0.1208873240884189,0.8518957347749507
HtZt_6000_2000,HtZt,6000,2000,85,400,1.4,1.2,/eos/uscms/store/user/aji/rootfiles_existingOptimization/HtZt_6000_2000_pt400_ak14_ca12_th85.root,ok,,1000,1000,1.0,0.0,0.066,0.007851369307324678,0.0345,0.6265,0.492,0.492,0.508,0.015809364313595912,2160.8387430368402,1280.0957016156751,2745.662065348985,1.08041937151842,0.6400478508078375,1.3728310326744924,0.3391197905109764,0.05575612657256754,0.8551617276628184
HtZt_6000_2000,HtZt,6000,2000,85,340,0.8,1.4,/eos/uscms/store/user/aji/rootfiles_existingOptimization/HtZt_6000_2000_pt340_ak8_ca14_th85.root,ok,,1000,1000,1.0,0.0,0.268,0.014006284303840188,0.1375,0.665,0.521,0.521,0.479,0.015797436500901024,1864.6349487508405,970.2449071347241,2360.069819447789,0.9323174743754203,0.4851224535673621,1.1800349097238945,0.3726801627428839,0.0846141735183944,0.8584484153053418
HtZt_6000_2000,HtZt,6000,2000,85,360,0.6,0.8,/eos/uscms/store/user/aji/rootfiles_existingOptimization/HtZt_6000_2000_pt360_ak6_ca8_th85.root,ok,,1000,1000,1.0,0.0,0.302,0.014518815378673288,0.1595,0.7305,0.58,0.58,0.42000000000000004,0.015607690412101338,1797.0750857825678,612.08452385137,2154.555006030042,0.8985375428912838,0.306042261925685,1.077277503015021,0.42916138963302586,0.06680141840354667,0.8593076353438975
HtZt_6000_2000,HtZt,6000,2000,85,240,1.4,1.6,/eos/uscms/store/user/aji/rootfiles_existingOptimization/HtZt_6000_2000_pt240_ak14_ca16_th85.root,ok,,1000,1000,1.0,0.0,0.074,0.00827792244467173,0.037,0.5925,0.464,0.464,0.536,0.015770351930125083,2213.6883946752923,1595.4330658448646,2981.219473459312,1.1068441973376464,0.7977165329224323,1.490609736729656,0.31300394647859114,0.08792795724796315,0.8596883662123558
HtZt_6000_2000,HtZt,6000,2000,85,180,0.6,1.6,/eos/uscms/store/user/aji/rootfiles_existingOptimization/HtZt_6000_2000_pt180_ak6_ca16_th85.root,ok,,1000,1000,1.0,0.0,0.197,0.012577400367325514,0.0985,0.6535,0.512,0.512,0.488,0.01580683396509244,1801.9371366298026,1086.9281015857093,2393.449645066098,0.9009685683149014,0.5434640507928546,1.196724822533049,0.3625324981991327,0.12349370868077293,0.8604356413676426
HtZt_6000_2000,HtZt,6000,2000,85,380,1.0,1.4,/eos/uscms/store/user/aji/rootfiles_existingOptimization/HtZt_6000_2000_pt380_ak10_ca14_th85.root,ok,,1000,1000,1.0,0.0,0.258,0.013836039895866157,0.1325,0.6675,0.533,0.533,0.46699999999999997,0.015776913513105152,1947.7624422629178,890.6061271228523,2421.4191567683956,0.9738812211314589,0.4453030635614261,1.210709578384198,0.39296707761420824,0.08440598519212594,0.8625789555010623
HtZt_6000_2000,HtZt,6000,2000,85,300,1.4,1.4,/eos/uscms/store/user/aji/rootfiles_existingOptimization/HtZt_6000_2000_pt300_ak14_ca14_th85.root,ok,,1000,1000,1.0,0.0,0.068,0.007960904471226871,0.034,0.591,0.471,0.471,0.529,0.01578477114183161,2211.1340884725905,1498.2759590826506,2929.909377906912,1.1055670442362953,0.7491379795413252,1.464954688953456,0.3237328360789749,0.0730825618882318,0.8632895405026044
HtZt_6000_2000,HtZt,6000,2000,85,340,1.0,1.6,/eos/uscms/store/user/aji/rootfiles_existingOptimization/HtZt_6000_2000_pt340_ak10_ca16_th85.root,ok,,1000,1000,1.0,0.0,0.252,0.013729384545565033,0.1275,0.6585,0.514,0.514,0.486,0.015805189021330938,1938.0761280281995,989.0025655903995,2448.968706588934,0.9690380640140996,0.4945012827951998,1.224484353294467,0.3766534554253824,0.12478152787225633,0.8657496490239724
HtZt_6000_2000,HtZt,6000,2000,85,400,1.0,1.2,/eos/uscms/store/user/aji/rootfiles_existingOptimization/HtZt_6000_2000_pt400_ak10_ca12_th85.root,ok,,1000,1000,1.0,0.0,0.276,0.014135911714495106,0.1425,0.689,0.551,0.551,0.44899999999999995,0.015728922404284407,1952.9876621619737,777.7534606107782,2400.440391638964,0.976493831080987,0.3888767303053891,1.2002201958194818,0.41543706662024105,0.07080837850859342,0.8667876835121423
HtZt_6000_2000,HtZt,6000,2000,85,280,0.6,1.4,/eos/uscms/store/user/aji/rootfiles_existingOptimization/HtZt_6000_2000_pt280_ak6_ca14_th85.root,ok,,1000,1000,1.0,0.0,0.259,0.013853483316480371,0.1345,0.6765,0.533,0.533,0.46699999999999997,0.015776913513105152,1790.4529903092282,856.6630227259253,2253.3784208018888,0.895226495154614,0.4283315113629627,1.1266892104009443,0.3900452582769954,0.09450997938593764,0.867522608761534
HtZt_6000_2000,HtZt,6000,2000,85,340,1.2,1.6,/eos/uscms/store/user/aji/rootfiles_existingOptimization/HtZt_6000_2000_pt340_ak12_ca16_th85.root,ok,,1000,1000,1.0,0.0,0.187,0.012330085157856777,0.094,0.6375,0.503,0.503,0.497,0.01581110369329099,2044.7306618019188,1142.4200679543255,2660.167329227017,1.0223653309009593,0.5712100339771629,1.3300836646135086,0.3711362307090306,0.10694428487682225,0.8703727637991265
HtZt_6000_2000,HtZt,6000,2000,85,300,0.8,1.6,/eos/uscms/store/user/aji/rootfiles_existingOptimization/HtZt_6000_2000_pt300_ak8_ca16_th85.root,ok,,1000,1000,1.0,0.0,0.257,0.013818502089589886,0.131,0.6505,0.506,0.506,0.494,0.015810249839898167,1856.5299446547779,1005.9490289651383,2379.055832854449,0.928264972327389,0.5029745144825691,1.1895279164272243,0.3698046476014799,0.1277101208549935,0.870978150368741
HtZt_6000_2000,HtZt,6000,2000,85,180,0.4,1.4,/eos/uscms/store/user/aji/rootfiles_existingOptimization/HtZt_6000_2000_pt180_ak4_ca14_th85.root,ok,,1000,1000,1.0,0.0,0.218,0.0130566458173606,0.1105,0.67,0.511,0.511,0.489,0.015807561481771943,1709.4283744134168,989.5053053370465,2258.4314970348264,0.8547141872067083,0.49475265266852325,1.1292157485174132,0.3711551214110409,0.0997275703202837,0.8746837026903701
HtZt_6000_2000,HtZt,6000,2000,85,220,0.4,1.2,/eos/uscms/store/user/aji/rootfiles_existingOptimization/HtZt_6000_2000_pt220_ak4_ca12_th85.root,ok,,1000,1000,1.0,0.0,0.245,0.013600551459407815,0.127,0.684,0.525,0.525,0.475,0.015791611697353755,1695.1003006198512,894.7293199385479,2199.79408467872,0.8475501503099255,0.4473646599692739,1.09989704233936,0.38495207754459904,0.08751253789156888,0.8751970625136065
HtZt_6000_2000,HtZt,6000,2000,85,100,1.0,0.8,/eos/uscms/store/user/aji/rootfiles_existingOptimization/HtZt_6000_2000_pt100_ak10_ca8_th85.root,ok,,1000,1000,1.0,0.0,0.014,0.003715373467095872,0.007,0.597,0.559,0.559,0.44099999999999995,0.015700923539715746,2323.421606208036,1889.6585663901578,3834.0270084534177,1.1617108031040182,0.9448292831950789,1.917013504226709,0.418427812857561,0.008113127696015528,0.8755988931679628
HtZt_6000_2000,HtZt,6000,2000,85,200,0.6,1.6,/eos/uscms/store/user/aji/rootfiles_existingOptimization/HtZt_6000_2000_pt200_ak6_ca16_th85.root,ok,,1000,1000,1.0,0.0,0.222,0.013142145943490356,0.1115,0.6485,0.503,0.503,0.497,0.01581110369329099,1795.2854916932815,1019.9090033893191,2361.845376159617,0.8976427458466407,0.5099545016946595,1.1809226880798085,0.37373898997663246,0.13743526306168122,0.8809747153919684
HtZt_6000_2000,HtZt,6000,2000,85,340,0.6,1.2,/eos/uscms/store/user/aji/rootfiles_existingOptimization/HtZt_6000_2000_pt340_ak6_ca12_th85.root,ok,,1000,1000,1.0,0.0,0.293,0.014392741226048637,0.153,0.694,0.542,0.542,0.45799999999999996,0.015755506973753653,1788.132324491306,708.8743052235519,2193.0754751444074,0.894066162245653,0.35443715261177594,1.0965377375722036,0.415014355926675,0.08190988519134379,0.8836077397021096
HtZt_6000_2000,HtZt,6000,2000,85,260,1.6,1.4,/eos/uscms/store/user/aji/rootfiles_existingOptimization/HtZt_6000_2000_pt260_ak16_ca14_th85.root,ok,,1000,1000,1.0,0.0,0.014,0.003715373467095872,0.007,0.5405,0.42,0.42,0.5800000000000001,0.015607690412101336,2354.0734675717626,1790.5398085092336,3144.3558144114654,1.1770367337858811,0.8952699042546167,1.5721779072057327,0.2875475265643896,0.05704695862753521,0.8852511999429777
HtZt_6000_2000,HtZt,6000,2000,85,140,0.4,1.6,/eos/uscms/store/user/aji/rootfiles_existingOptimization/HtZt_6000_2000_pt140_ak4_ca16_th85.root,ok,,1000,1000,1.0,0.0,0.199,0.012625331678811452,0.1,0.6515,0.488,0.488,0.512,0.01580683396509244,1725.3055105192375,1026.6491560179907,2274.4940089201887,0.8626527552596188,0.5133245780089953,1.1372470044600944,0.3616301128391615,0.1318796019887681,0.8873648373131997
HtZt_6000_2000,HtZt,6000,2000,85,320,0.8,1.6,/eos/uscms/store/user/aji/rootfiles_existingOptimization/HtZt_6000_2000_pt320_ak8_ca16_th85.root,ok,,1000,1000,1.0,0.0,0.272,0.014071815803228808,0.1395,0.6475,0.496,0.496,0.504,0.01581088232832058,1852.5302641768258,945.3046883302641,2350.430940728147,0.926265132088413,0.472652344165132,1.1752154703640736,0.37924515447045953,0.1359411159579803,0.8906186412616182
HtZt_6000_2000,HtZt,6000,2000,85,280,0.4,0.4,/eos/uscms/store/user/aji/rootfiles_existingOptimization/HtZt_6000_2000_pt280_ak4_ca4_th85.root,ok,,1000,1000,1.0,0.0,0.285,0.014274978108564651,0.1555,0.7095,0.545,0.545,0.45499999999999996,0.015747221977225064,1680.6065273719016,664.988956984945,2076.109350895467,0.8403032636859509,0.33249447849247254,1.0380546754477336,0.4198247391426009,0.07512744962733853,0.8907944127740057
HtZt_6000_2000,HtZt,6000,2000,85,400,0.8,0.8,/eos/uscms/store/user/aji/rootfiles_existingOptimization/HtZt_6000_2000_pt400_ak8_ca8_th85.root,ok,,1000,1000,1.0,0.0,0.305,0.014559361249725209,0.162,0.7185,0.569,0.569,0.43100000000000005,0.015660108556456435,1867.8785609675278,566.8805227947413,2266.081450832795,0.9339392804837638,0.28344026139737066,1.1330407254163974,0.45484780529787167,0.064011359642231,0.8924538772494953
HtZt_6000_2000,HtZt,6000,2000,85,200,1.4,1.6,/eos/uscms/store/user/aji/rootfiles_existingOptimization/HtZt_6000_2000_pt200_ak14_ca16_th85.root,ok,,1000,1000,1.0,0.0,0.064,0.007739767438366608,0.032,0.562,0.446,0.446,0.554,0.01571890581433708,2255.76637143934,1756.7588475160685,3226.1284869628457,1.12788318571967,0.8783794237580342,1.613064243481423,0.3256918930193145,0.0837862810385771,0.8924802115912815
HtZt_6000_2000,HtZt,6000,2000,85,140,1.2,1.4,/eos/uscms/store/user/aji/rootfiles_existingOptimization/HtZt_6000_2000_pt140_ak12_ca14_th85.root,ok,,1000,1000,1.0,0.0,0.052,0.007021111023192838,0.026,0.559,0.481,0.481,0.519,0.01579996835439869,2251.669591418182,1864.6470935154246,3491.0569432865186,1.1258347957090908,0.9323235467577123,1.7455284716432593,0.361156418323952,0.05119729381458803,0.8927398978948611
HtZt_6000_2000,HtZt,6000,2000,85,260,1.4,1.6,/eos/uscms/store/user/aji/rootfiles_existingOptimization/HtZt_6000_2000_pt260_ak14_ca16_th85.root,ok,,1000,1000,1.0,0.0,0.083,0.008724161850859944,0.0415,0.5915,0.456,0.456,0.544,0.01575004761897563,2199.1208286802166,1454.2350920913175,2947.7077850819956,1.0995604143401083,0.7271175460456587,1.4738538925409979,0.33956130866328366,0.09406713093978503,0.8935173500972946
HtZt_6000_2000,HtZt,6000,2000,85,320,1.4,1.4,/eos/uscms/store/user/aji/rootfiles_existingOptimization/HtZt_6000_2000_pt320_ak14_ca14_th85.root,ok,,1000,1000,1.0,0.0,0.077,0.00843036179532053,0.039,0.587,0.461,0.461,0.5389999999999999,0.015763216676808068,2199.650220307868,1389.3472438349015,2905.797261794514,1.099825110153934,0.6946736219174507,1.452898630897257,0.3447025358757645,0.07769996797977582,0.8936850468911578
HtZt_6000_2000,HtZt,6000,2000,85,240,1.6,1.4,/eos/uscms/store/user/aji/rootfiles_existingOptimization/HtZt_6000_2000_pt240_ak16_ca14_th85.root,ok,,1000,1000,1.0,0.0,0.014,0.003715373467095872,0.007,0.524,0.409,0.409,0.591,0.015547314880711718,2390.9182224237984,1873.4158572179765,3246.4437790753586,1.1954591112118993,0.9367079286089882,1.623221889537679,0.2871340200974067,0.055078761086447436,0.8976799312185966
HtZt_6000_2000,HtZt,6000,2000,85,380,0.8,1.2,/eos/uscms/store/user/aji/rootfiles_existingOptimization/HtZt_6000_2000_pt380_ak8_ca12_th85.root,ok,,1000,1000,1.0,0.0,0.299,0.014477534320456644,0.1555,0.692,0.545,0.545,0.45499999999999996,0.015747221977225064,1864.4863929812173,670.0473982950048,2299.004791681792,0.9322431964906087,0.3350236991475024,1.1495023958408959,0.43683810177401405,0.07025955856761555,0.8986137821249531
HtZt_6000_2000,HtZt,6000,2000,85,280,1.6,1.4,/eos/uscms/store/user/aji/rootfiles_existingOptimization/HtZt_6000_2000_pt280_ak16_ca14_th85.root,ok,,1000,1000,1.0,0.0,0.014,0.003715373467095872,0.007,0.547,0.417,0.417,0.583,0.015592017188292218,2327.872003850015,1701.4912554382345,3094.5988047726405,1.1639360019250073,0.8507456277191172,1.5472994023863202,0.2992233995319281,0.061515929794311794,0.8986169997244288
HtZt_6000_2000,HtZt,6000,2000,85,380,1.2,1.4,/eos/uscms/store/user/aji/rootfiles_existingOptimization/HtZt_6000_2000_pt380_ak12_ca14_th85.root,ok,,1000,1000,1.0,0.0,0.206,0.0127892142057282,0.105,0.6345,0.501,0.501,0.499,0.015811356678033673,2052.275064103514,999.794987165754,2632.4675885230736,1.026137532051757,0.499897493582877,1.3162337942615367,0.3977713879378329,0.08394301177175154,0.8993851411430085
HtZt_6000_2000,HtZt,6000,2000,85,300,0.6,1.4,/eos/uscms/store/user/aji/rootfiles_existingOptimization/HtZt_6000_2000_pt300_ak6_ca14_th85.root,ok,,1000,1000,1.0,0.0,0.276,0.014135911714495106,0.1435,0.6695,0.517,0.517,0.483,0.01580224667571039,1786.2430484361628,783.3724020976084,2234.0019163750826,0.8931215242180814,0.39168620104880425,1.1170009581875413,0.40605602791498197,0.09793831636171556,0.8997438754931738
HtZt_6000_2000,HtZt,6000,2000,85,180,1.4,1.4,/eos/uscms/store/user/aji/rootfiles_existingOptimization/HtZt_6000_2000_pt180_ak14_ca14_th85.root,ok,,1000,1000,1.0,0.0,0.041,0.006270486424512854,0.0205,0.5375,0.452,0.452,0.548,0.015738360778683402,2323.6895855945013,1904.9530304417965,3465.51083093354,1.1618447927972508,0.9524765152208983,1.73275541546677,0.33579308746019193,0.05599950125330895,0.899977566739917
HtZt_6000_2000,HtZt,6000,2000,85,400,1.2,1.2,/eos/uscms/store/user/aji/rootfiles_existingOptimization/HtZt_6000_2000_pt400_ak12_ca12_th85.root,ok,,1000,1000,1.0,0.0,0.204,0.01274299807737567,0.105,0.6415,0.508,0.508,0.492,0.015809364313595912,2054.6280589202674,949.691814505629,2615.9474035629623,1.0273140294601337,0.4748459072528145,1.3079737017814812,0.4054883758214057,0.0728234687589415,0.9002197787674191
HtZt_6000_2000,HtZt,6000,2000,85,220,0.6,1.6,/eos/uscms/store/user/aji/rootfiles_existingOptimization/HtZt_6000_2000_pt220_ak6_ca16_th85.root,ok,,1000,1000,1.0,0.0,0.24,0.013505554412907307,0.121,0.6475,0.498,0.498,0.502,0.01581126180922952,1788.7845869766275,941.9546081900223,2336.991175089786,0.8943922934883137,0.4709773040950112,1.168495587544893,0.3899397884620725,0.14147705856446677,0.9025005591132411
HtZt_6000_2000,HtZt,6000,2000,85,280,1.4,1.6,/eos/uscms/store/user/aji/rootfiles_existingOptimization/HtZt_6000_2000_pt280_ak14_ca16_th85.root,ok,,1000,1000,1.0,0.0,0.087,0.00891240708226459,0.0435,0.5935,0.453,0.453,0.5469999999999999,0.015741378592740853,2191.9900534575113,1409.857026003239,2933.264219225056,1.0959950267287555,0.7049285130016195,1.4666321096125279,0.34749409351080024,0.09756358337863245,0.9040935961836758
HtZt_6000_2000,HtZt,6000,2000,85,300,1.4,1.6,/eos/uscms/store/user/aji/rootfiles_existingOptimization/HtZt_6000_2000_pt300_ak14_ca16_th85.root,ok,,1000,1000,1.0,0.0,0.092,0.00913980306133562,0.046,0.5925,0.451,0.451,0.5489999999999999,0.015735278834517044,2180.9830025360316,1375.9835392949958,2902.6133077634627,1.0904915012680159,0.687991769647498,1.4513066538817312,0.3499866268314132,0.10034482081390195,0.9080357769582148
HtZt_6000_2000,HtZt,6000,2000,85,360,0.8,1.4,/eos/uscms/store/user/aji/rootfiles_existingOptimization/HtZt_6000_2000_pt360_ak8_ca14_th85.root,ok,,1000,1000,1.0,0.0,0.288,0.014319776534569246,0.1495,0.659,0.513,0.513,0.487,0.015806043148112688,1860.1394299683407,800.1127077253223,2341.7915878978088,0.9300697149841703,0.40005635386266114,1.1708957939489044,0.41439874219502076,0.08790707272385528,0.9083917706966037
HtZt_6000_2000,HtZt,6000,2000,85,360,0.6,1.0,/eos/uscms/store/user/aji/rootfiles_existingOptimization/HtZt_6000_2000_pt360_ak6_ca10_th85.root,ok,,1000,1000,1.0,0.0,0.308,0.014599178059055242,0.1625,0.7125,0.556,0.556,0.44399999999999995,0.015711906313366306,1793.3253297010688,520.4166330891763,2149.42614602838,0.8966626648505344,0.26020831654458815,1.07471307301419,0.45418683547249766,0.07192264091301653,0.9085205689874442
HtZt_6000_2000,HtZt,6000,2000,85,300,1.6,1.4,/eos/uscms/store/user/aji/rootfiles_existingOptimization/HtZt_6000_2000_pt300_ak16_ca14_th85.root,ok,,1000,1000,1.0,0.0,0.015,0.003843826218756514,0.0075,0.55,0.414,0.414,0.5860000000000001,0.015575750383207866,2308.7784058139105,1638.9933879769123,3064.093569706959,1.1543892029069553,0.8194966939884561,1.5320467848534796,0.3086264533099828,0.06578487662751716,0.9100653736006783
HtZt_6000_2000,HtZt,6000,2000,85,360,1.2,1.6,/eos/uscms/store/user/aji/rootfiles_existingOptimization/HtZt_6000_2000_pt360_ak12_ca16_th85.root,ok,,1000,1000,1.0,0.0,0.204,0.01274299807737567,0.1025,0.63,0.488,0.488,0.512,0.01580683396509244,2038.424707486909,1026.6088161293653,2644.3235103046677,1.0192123537434545,0.5133044080646827,1.322161755152334,0.3968051133391424,0.11872487791932357,0.9107263487134878
HtZt_6000_2000,HtZt,6000,2000,85,400,0.8,1.0,/eos/uscms/store/user/aji/rootfiles_existingOptimization/HtZt_6000_2000_pt400_ak8_ca10_th85.root,ok,,1000,1000,1.0,0.0,0.313,0.014663935351739656,0.166,0.7105,0.557,0.557,0.44299999999999995,0.015708309902723462,1866.3937525274455,527.5637052288856,2263.1820189339032,0.9331968762637227,0.2637818526144428,1.1315910094669517,0.46496574245243444,0.06722000311384041,0.9146460548260621
HtZt_6000_2000,HtZt,6000,2000,85,320,1.6,1.4,/eos/uscms/store/user/aji/rootfiles_existingOptimization/HtZt_6000_2000_pt320_ak16_ca14_th85.root,ok,,1000,1000,1.0,0.0,0.017,0.004087909000944126,0.0085,0.55,0.413,0.413,0.587,0.015570195888298902,2293.5130266282795,1596.809625805527,3040.8664043743315,1.1467565133141395,0.7984048129027635,1.5204332021871656,0.3148132933632667,0.0684138078641632,0.9164889446946806
HtZt_6000_2000,HtZt,6000,2000,85,160,0.4,1.6,/eos/uscms/store/user/aji/rootfiles_existingOptimization/HtZt_6000_2000_pt160_ak4_ca16_th85.root,ok,,1000,1000,1.0,0.0,0.216,0.013013224043256921,0.109,0.6445,0.472,0.472,0.528,0.015786576576319513,1710.162434387637,971.9054762087769,2253.7043845435337,0.8550812171938186,0.48595273810438844,1.126852192271767,0.3747594037152776,0.1426478923771799,0.9172512819958958
HtZt_6000_2000,HtZt,6000,2000,85,240,0.6,1.6,/eos/uscms/store/user/aji/rootfiles_existingOptimization/HtZt_6000_2000_pt240_ak6_ca16_th85.root,ok,,1000,1000,1.0,0.0,0.258,0.013836039895866157,0.1305,0.644,0.491,0.491,0.509,0.015808826648426505,1784.4845091319626,860.9176507751471,2301.8730283368996,0.8922422545659812,0.4304588253875735,1.1509365141684498,0.4037455551414916,0.1483809410412366,0.9235213296848934
HtZt_6000_2000,HtZt,6000,2000,85,200,0.4,1.4,/eos/uscms/store/user/aji/rootfiles_existingOptimization/HtZt_6000_2000_pt200_ak4_ca14_th85.root,ok,,1000,1000,1.0,0.0,0.24,0.013505554412907307,0.124,0.6545,0.489,0.489,0.511,0.015807561481771943,1700.9146299808604,887.2713212753148,2242.018780782374,0.8504573149904302,0.44363566063765736,1.121009390391187,0.39824087453533863,0.10623565246996372,0.9241951430362956
HtZt_6000_2000,HtZt,6000,2000,85,360,1.0,1.6,/eos/uscms/store/user/aji/rootfiles_existingOptimization/HtZt_6000_2000_pt360_ak10_ca16_th85.root,ok,,1000,1000,1.0,0.0,0.278,0.01416742743055351,0.1405,0.6455,0.492,0.492,0.508,0.015809364313595912,1933.4471358753558,831.1618439645442,2438.1704289306776,0.9667235679376778,0.41558092198227214,1.2190852144653388,0.4155812060096928,0.15032663672713006,0.926908849215925
HtZt_6000_2000,HtZt,6000,2000,85,320,0.6,1.4,/eos/uscms/store/user/aji/rootfiles_existingOptimization/HtZt_6000_2000_pt320_ak6_ca14_th85.root,ok,,1000,1000,1.0,0.0,0.291,0.014363808687113596,0.1515,0.666,0.509,0.509,0.491,0.015808826648426505,1781.7077496446987,708.8743052235519,2225.2313017914066,0.8908538748223493,0.35443715261177594,1.1126156508957032,0.42553471434084533,0.10388018122990433,0.9274493268586104
HtZt_6000_2000,HtZt,6000,2000,85,400,1.0,1.4,/eos/uscms/store/user/aji/rootfiles_existingOptimization/HtZt_6000_2000_pt400_ak10_ca14_th85.root,ok,,1000,1000,1.0,0.0,0.29,0.01434921600645833,0.1495,0.6555,0.51,0.51,0.49,0.0158082257068907,1941.148411281029,721.8151701894394,2413.415902596896,0.9705742056405144,0.3609075850947197,1.2067079512984482,0.4357216384323528,0.09707555609150034,0.9286642178683013
HtZt_6000_2000,HtZt,6000,2000,85,220,1.6,1.4,/eos/uscms/store/user/aji/rootfiles_existingOptimization/HtZt_6000_2000_pt220_ak16_ca14_th85.root,ok,,1000,1000,1.0,0.0,0.011,0.003298332912245215,0.0055,0.5065,0.401,0.401,0.599,0.015498354751392161,2423.5120586050916,1911.7761312490582,3409.309763147869,1.2117560293025456,0.9558880656245291,1.7046548815739344,0.30895939357544416,0.05056245932676355,0.9291349965056988
HtZt_6000_2000,HtZt,6000,2000,85,320,1.4,1.6,/eos/uscms/store/user/aji/rootfiles_existingOptimization/HtZt_6000_2000_pt320_ak14_ca16_th85.root,ok,,1000,1000,1.0,0.0,0.098,0.009401914698613257,0.0495,0.5885,0.441,0.441,0.5589999999999999,0.015700923539715746,2169.978560606001,1302.9708872768997,2880.567922546358,1.0849892803030006,0.6514854436384498,1.440283961273179,0.3635052124268198,0.10966922861179033,0.9310041404571199
HtZt_6000_2000,HtZt,6000,2000,85,260,0.6,1.6,/eos/uscms/store/user/aji/rootfiles_existingOptimization/HtZt_6000_2000_pt260_ak6_ca16_th85.root,ok,,1000,1000,1.0,0.0,0.273,0.014087973594523805,0.1395,0.6425,0.485,0.485,0.515,0.01580427157448264,1777.406451793136,815.4470818621671,2265.772385029243,0.888703225896568,0.40772354093108354,1.1328861925146216,0.4079892085752012,0.14897275493478368,0.9341188859855445
HtZt_6000_2000,HtZt,6000,2000,85,340,1.4,1.4,/eos/uscms/store/user/aji/rootfiles_existingOptimization/HtZt_6000_2000_pt340_ak14_ca14_th85.root,ok,,1000,1000,1.0,0.0,0.087,0.00891240708226459,0.044,0.574,0.442,0.442,0.558,0.01570464899321217,2190.8860382726934,1269.344577898387,2893.066949740601,1.095443019136347,0.6346722889491935,1.4465334748703007,0.3705629465607362,0.0846448947725513,0.9381072484743709
HtZt_6000_2000,HtZt,6000,2000,85,100,1.0,1.0,/eos/uscms/store/user/aji/rootfiles_existingOptimization/HtZt_6000_2000_pt100_ak10_ca10_th85.root,ok,,1000,1000,1.0,0.0,0.024,0.004839834707921336,0.012,0.57,0.508,0.508,0.492,0.015809364313595912,2318.2601431989387,1867.1182676448132,3862.2033439531792,1.1591300715994692,0.9335591338224065,1.9311016719765897,0.43029792885007573,0.03194464311587571,0.9382109360100226
HtZt_6000_2000,HtZt,6000,2000,85,380,0.6,0.6,/eos/uscms/store/user/aji/rootfiles_existingOptimization/HtZt_6000_2000_pt380_ak6_ca6_th85.root,ok,,1000,1000,1.0,0.0,0.32,0.014751271131668619,0.1715,0.7205,0.562,0.562,0.43799999999999994,0.01568935945155187,1790.7450845008389,382.03047994456887,2136.391808423026,0.8953725422504194,0.19101523997228445,1.0681959042115128,0.48984116825524504,0.06854471562368371,0.938303914030203
HtZt_6000_2000,HtZt,6000,2000,85,260,0.4,1.0,/eos/uscms/store/user/aji/rootfiles_existingOptimization/HtZt_6000_2000_pt260_ak4_ca10_th85.root,ok,,1000,1000,1.0,0.0,0.292,0.014378317008607092,0.155,0.686,0.517,0.517,0.483,0.01580224667571039,1681.4877255138254,644.0074132745264,2122.7858371312104,0.8407438627569127,0.3220037066372632,1.0613929185656052,0.4397232288462891,0.08865562723629478,0.9386488425705979
HtZt_6000_2000,HtZt,6000,2000,85,340,1.6,1.4,/eos/uscms/store/user/aji/rootfiles_existingOptimization/HtZt_6000_2000_pt340_ak16_ca14_th85.root,ok,,1000,1000,1.0,0.0,0.022,0.0046385342512479085,0.011,0.5495,0.408,0.408,0.5920000000000001,0.015541428505771275,2274.989990757708,1486.3434657516716,3026.945977124089,1.1374949953788538,0.7431717328758358,1.5134729885620446,0.33859544825058874,0.07184050045094446,0.9443449477884742
HtZt_6000_2000,HtZt,6000,2000,85,100,1.0,1.2,/eos/uscms/store/user/aji/rootfiles_existingOptimization/HtZt_6000_2000_pt100_ak10_ca12_th85.root,ok,,1000,1000,1.0,0.0,0.027,0.00512552436341883,0.0135,0.5565,0.488,0.488,0.512,0.01580683396509244,2321.357858840415,1855.4979613495316,3791.9019684680748,1.1606789294202073,0.9277489806747659,1.8959509842340374,0.41708433702803427,0.03994582110819583,0.945152229970055
HtZt_6000_2000,HtZt,6000,2000,85,400,1.2,1.4,/eos/uscms/store/user/aji/rootfiles_existingOptimization/HtZt_6000_2000_pt400_ak12_ca14_th85.root,ok,,1000,1000,1.0,0.0,0.23,0.013307892395116516,0.118,0.622,0.482,0.482,0.518,0.01580113919943749,2045.252365679227,873.4053849096306,2615.3087485314427,1.0226261828396135,0.4367026924548153,1.3076543742657212,0.42584069155772053,0.09098404664143502,0.9461033098416819
HtZt_6000_2000,HtZt,6000,2000,85,240,0.4,1.2,/eos/uscms/store/user/aji/rootfiles_existingOptimization/HtZt_6000_2000_pt240_ak4_ca12_th85.root,ok,,1000,1000,1.0,0.0,0.275,0.014120021246442939,0.1455,0.6675,0.496,0.496,0.504,0.01581088232832058,1682.9345747555749,720.6355549396362,2159.0508246175623,0.8414672873777874,0.3603177774698181,1.0795254123087812,0.42735329443416953,0.09521682639688564,0.9472065656963908
HtZt_6000_2000,HtZt,6000,2000,85,340,0.8,1.6,/eos/uscms/store/user/aji/rootfiles_existingOptimization/HtZt_6000_2000_pt340_ak8_ca16_th85.root,ok,,1000,1000,1.0,0.0,0.297,0.014449602070645405,0.152,0.64,0.482,0.482,0.518,0.01580113919943749,1849.740662502616,769.3746471987724,2334.388693411778,0.924870331251308,0.38468732359938623,1.167194346705889,0.4230360714716656,0.15594757417716065,0.9485490383465349
HtZt_6000_2000,HtZt,6000,2000,85,380,1.0,1.6,/eos/uscms/store/user/aji/rootfiles_existingOptimization/HtZt_6000_2000_pt380_ak10_ca16_th85.root,ok,,1000,1000,1.0,0.0,0.289,0.0143345387090063,0.148,0.6425,0.488,0.488,0.512,0.01580683396509244,1931.2084643912922,745.9471555667046,2427.3912195486155,0.9656042321956461,0.3729735777833523,1.213695609774308,0.4353346867998258,0.15032663672713006,0.9507742635802612
HtZt_6000_2000,HtZt,6000,2000,85,380,1.2,1.6,/eos/uscms/store/user/aji/rootfiles_existingOptimization/HtZt_6000_2000_pt380_ak12_ca16_th85.root,ok,,1000,1000,1.0,0.0,0.228,0.013267102170406317,0.116,0.62,0.472,0.472,0.528,0.015786576576319513,2034.4701045395316,914.5073363462873,2632.4675885230736,1.0172350522697657,0.4572536681731436,1.3162337942615367,0.422213196532966,0.1275483806368601,0.9519367017599427
HtZt_6000_2000,HtZt,6000,2000,85,180,1.4,1.6,/eos/uscms/store/user/aji/rootfiles_existingOptimization/HtZt_6000_2000_pt180_ak14_ca16_th85.root,ok,,1000,1000,1.0,0.0,0.057,0.007331507348424334,0.0285,0.5395,0.43,0.43,0.5700000000000001,0.015655669899432602,2293.6013383908794,1827.5423030324955,3517.1208733573458,1.1468006691954398,0.9137711515162478,1.758560436678673,0.36832437748536695,0.07656718368166449,0.9530044444049109
HtZt_6000_2000,HtZt,6000,2000,85,400,0.8,1.2,/eos/uscms/store/user/aji/rootfiles_existingOptimization/HtZt_6000_2000_pt400_ak8_ca12_th85.root,ok,,1000,1000,1.0,0.0,0.32,0.014751271131668619,0.1695,0.682,0.527,0.527,0.473,0.01578831846651188,1860.719497207319,509.00219799725346,2283.78604482956,0.9303597486036594,0.2545010989986267,1.14189302241478,0.47690795133173225,0.07486675922148156,0.9568719764713662
HtZt_6000_2000,HtZt,6000,2000,85,220,0.4,1.4,/eos/uscms/store/user/aji/rootfiles_existingOptimization/HtZt_6000_2000_pt220_ak4_ca14_th85.root,ok,,1000,1000,1.0,0.0,0.262,0.013905250806799567,0.1355,0.646,0.479,0.479,0.521,0.015797436500901024,1684.4282786730141,793.1491960124725,2220.2039063899174,0.8422141393365071,0.39657459800623623,1.1101019531949587,0.4236020994321209,0.11492671622175143,0.9603806854984702
HtZt_6000_2000,HtZt,6000,2000,85,380,0.6,0.8,/eos/uscms/store/user/aji/rootfiles_existingOptimization/HtZt_6000_2000_pt380_ak6_ca8_th85.root,ok,,1000,1000,1.0,0.0,0.335,0.014925649064613574,0.179,0.7135,0.553,0.553,0.44699999999999995,0.01572230899073034,1788.4712968426104,337.3024804848514,2137.62400027651,0.8942356484213052,0.1686512402424257,1.0688120001382548,0.5033129474792154,0.07138248326705571,0.9608893826370848
HtZt_6000_2000,HtZt,6000,2000,85,160,1.4,1.2,/eos/uscms/store/user/aji/rootfiles_existingOptimization/HtZt_6000_2000_pt160_ak14_ca12_th85.root,ok,,1000,1000,1.0,0.0,0.02,0.004427188724235731,0.01,0.5375,0.479,0.479,0.521,0.015797436500901024,2375.3348391434392,1989.9465542269945,3992.8715967977564,1.1876674195717194,0.9949732771134971,1.9964357983988783,0.42160898951261755,0.024735736023021256,0.9613757314697895
HtZt_6000_2000,HtZt,6000,2000,85,280,0.6,1.6,/eos/uscms/store/user/aji/rootfiles_existingOptimization/HtZt_6000_2000_pt280_ak6_ca16_th85.root,ok,,1000,1000,1.0,0.0,0.293,0.014392741226048637,0.1515,0.638,0.476,0.476,0.524,0.01579316307773715,1771.0878556730017,718.807762355708,2232.7960941942456,0.8855439278365008,0.359403881177854,1.1163980470971229,0.4274176255539939,0.15706952063548235,0.9628632327703438
HtZt_6000_2000,HtZt,6000,2000,85,400,0.6,0.6,/eos/uscms/store/user/aji/rootfiles_existingOptimization/HtZt_6000_2000_pt400_ak6_ca6_th85.root,ok,,1000,1000,1.0,0.0,0.339,0.014969268519202935,0.182,0.709,0.544,0.544,0.45599999999999996,0.01575004761897563,1785.99700252935,330.82309421745555,2107.7355117553484,0.8929985012646751,0.1654115471087278,1.0538677558776741,0.49745671885826465,0.07196517015510091,0.9641568687317972
HtZt_6000_2000,HtZt,6000,2000,85,140,1.2,1.6,/eos/uscms/store/user/aji/rootfiles_existingOptimization/HtZt_6000_2000_pt140_ak12_ca16_th85.root,ok,,1000,1000,1.0,0.0,0.074,0.00827792244467173,0.037,0.5455,0.443,0.443,0.5569999999999999,0.015708309902723462,2204.8316229361517,1793.1302268353404,3544.6862430251563,1.102415811468076,0.8965651134176702,1.7723431215125782,0.39720856639775665,0.07786251516831659,0.9644501475445642
HtZt_6000_2000,HtZt,6000,2000,85,360,1.6,1.4,/eos/uscms/store/user/aji/rootfiles_existingOptimization/HtZt_6000_2000_pt360_ak16_ca14_th85.root,ok,,1000,1000,1.0,0.0,0.024,0.004839834707921336,0.012,0.5475,0.399,0.399,0.601,0.015485444778888335,2250.1906743593418,1427.9421539851085,3008.386775184517,1.1250953371796708,0.7139710769925542,1.5041933875922584,0.35118015535491925,0.07741165168050107,0.9646896890728862
HtZt_6000_2000,HtZt,6000,2000,85,360,1.4,1.4,/eos/uscms/store/user/aji/rootfiles_existingOptimization/HtZt_6000_2000_pt360_ak14_ca14_th85.root,ok,,1000,1000,1.0,0.0,0.096,0.009315793041926168,0.0485,0.5715,0.432,0.432,0.5680000000000001,0.01566448211719749,2173.756538375914,1174.707596313359,2878.3551861021915,1.086878269187957,0.5873537981566795,1.4391775930510957,0.39186715708781356,0.08965999679009173,0.9685549840066092
HtZt_6000_2000,HtZt,6000,2000,85,180,0.4,1.6,/eos/uscms/store/user/aji/rootfiles_existingOptimization/HtZt_6000_2000_pt180_ak4_ca16_th85.root,ok,,1000,1000,1.0,0.0,0.252,0.013729384545565033,0.1275,0.627,0.445,0.445,0.5549999999999999,0.01571543826942157,1693.1709683273466,860.0658997041622,2223.564279875089,0.8465854841636733,0.4300329498520811,1.1117821399375447,0.4026463971083507,0.16705093976024077,0.9729878486919833
HtZt_6000_2000,HtZt,6000,2000,85,340,1.4,1.6,/eos/uscms/store/user/aji/rootfiles_existingOptimization/HtZt_6000_2000_pt340_ak14_ca16_th85.root,ok,,1000,1000,1.0,0.0,0.108,0.009815090422405696,0.0545,0.579,0.426,0.426,0.5740000000000001,0.015637263187655313,2162.444203957635,1163.9159317636852,2857.405910850936,1.0812221019788177,0.5819579658818426,1.428702955425468,0.39156847977577414,0.11929521515838365,0.9736906899736559
HtZt_6000_2000,HtZt,6000,2000,85,360,0.6,1.2,/eos/uscms/store/user/aji/rootfiles_existingOptimization/HtZt_6000_2000_pt360_ak6_ca12_th85.root,ok,,1000,1000,1.0,0.0,0.319,0.014739029818817792,0.168,0.6815,0.524,0.524,0.476,0.01579316307773715,1784.6475650175935,430.8376322654587,2173.2069559276856,0.8923237825087968,0.21541881613272934,1.0866034779638427,0.4881550166587233,0.08689830593015829,0.9749226384078435
HtZt_6000_2000,HtZt,6000,2000,85,340,0.6,1.4,/eos/uscms/store/user/aji/rootfiles_existingOptimization/HtZt_6000_2000_pt340_ak6_ca14_th85.root,ok,,1000,1000,1.0,0.0,0.309,0.014612289348353324,0.161,0.659,0.501,0.501,0.499,0.015811356678033673,1777.0838472612336,556.8326391685284,2211.7239556527,0.8885419236306167,0.2784163195842642,1.10586197782635,0.4656199309432193,0.10749501673361979,0.9757657385801576
HtZt_6000_2000,HtZt,6000,2000,85,380,1.6,1.4,/eos/uscms/store/user/aji/rootfiles_existingOptimization/HtZt_6000_2000_pt380_ak16_ca14_th85.root,ok,,1000,1000,1.0,0.0,0.025,0.0049371044145328745,0.0125,0.549,0.396,0.396,0.604,0.01546557467409472,2239.5242082694995,1380.0301132142215,2991.840861024281,1.1197621041347499,0.6900150566071108,1.4959204305121405,0.35985562063995724,0.0806974602013089,0.9758318310534322
HtZt_6000_2000,HtZt,6000,2000,85,380,0.6,1.0,/eos/uscms/store/user/aji/rootfiles_existingOptimization/HtZt_6000_2000_pt380_ak6_ca10_th85.root,ok,,1000,1000,1.0,0.0,0.339,0.014969268519202935,0.181,0.6965,0.531,0.531,0.469,0.01578096955196353,1784.6475650175935,328.80922405881455,2131.9288430355437,0.8923237825087968,0.1644046120294073,1.065964421517772,0.5051752666244087,0.08049762193995437,0.984942888373529
HtZt_6000_2000,HtZt,6000,2000,85,400,0.6,0.8,/eos/uscms/store/user/aji/rootfiles_existingOptimization/HtZt_6000_2000_pt400_ak6_ca8_th85.root,ok,,1000,1000,1.0,0.0,0.353,0.015112610628213776,0.189,0.703,0.536,0.536,0.46399999999999997,0.015770351930125083,1785.3117290260443,290.6542397937212,2112.991442652418,0.892655864513022,0.14532711989686062,1.056495721326209,0.5103694702809272,0.07637252398059319,0.9851038838296249
HtZt_6000_2000,HtZt,6000,2000,85,380,0.8,1.4,/eos/uscms/store/user/aji/rootfiles_existingOptimization/HtZt_6000_2000_pt380_ak8_ca14_th85.root,ok,,1000,1000,1.0,0.0,0.314,0.01467664811869522,0.163,0.65,0.497,0.497,0.503,0.01581110369329099,1856.1628986114238,548.5134851443256,2317.760064900913,0.9280814493057119,0.2742567425721628,1.1588800324504565,0.4765870983306859,0.09389416670220653,0.9867789534001147
HtZt_6000_2000,HtZt,6000,2000,85,400,1.2,1.6,/eos/uscms/store/user/aji/rootfiles_existingOptimization/HtZt_6000_2000_pt400_ak12_ca16_th85.root,ok,,1000,1000,1.0,0.0,0.251,0.013711272734505722,0.1285,0.6095,0.456,0.456,0.544,0.01575004761897563,2029.0863676818028,812.518863044981,2606.4010492901716,1.0145431838409014,0.4062594315224905,1.303200524645086,0.44204185066175156,0.1493845911451538,0.9874961690458417
HtZt_6000_2000,HtZt,6000,2000,85,100,1.0,1.4,/eos/uscms/store/user/aji/rootfiles_existingOptimization/HtZt_6000_2000_pt100_ak10_ca14_th85.root,ok,,1000,1000,1.0,0.0,0.036,0.005891010100144117,0.018,0.538,0.45,0.45,0.55,0.015732132722552274,2302.9691063057653,1832.2489685586763,3779.2952883015237,1.1514845531528826,0.9161244842793381,1.889647644150762,0.42272523639410436,0.05137834392811726,0.9878736917093927
HtZt_6000_2000,HtZt,6000,2000,85,380,1.4,1.4,/eos/uscms/store/user/aji/rootfiles_existingOptimization/HtZt_6000_2000_pt380_ak14_ca14_th85.root,ok,,1000,1000,1.0,0.0,0.102,0.009570579919733181,0.0515,0.566,0.422,0.422,0.5780000000000001,0.015617810345883958,2167.2849490810704,1109.7165362553246,2870.0438776900146,1.083642474540535,0.5548582681276624,1.4350219388450074,0.4061134974847377,0.09347893707781098,0.9924777449387913
HtZt_6000_2000,HtZt,6000,2000,85,360,1.4,1.6,/eos/uscms/store/user/aji/rootfiles_existingOptimization/HtZt_6000_2000_pt360_ak14_ca16_th85.root,ok,,1000,1000,1.0,0.0,0.117,0.010164201887015036,0.059,0.5775,0.418,0.418,0.5820000000000001,0.015597307459943206,2150.2361845544856,1109.0811166027138,2844.720614484484,1.075118092277243,0.5545405583013568,1.422360307242242,0.4035927565420872,0.12949038924572115,0.9931045657698117
HtZt_6000_2000,HtZt,6000,2000,85,260,1.6,1.6,/eos/uscms/store/user/aji/rootfiles_existingOptimization/HtZt_6000_2000_pt260_ak16_ca16_th85.root,ok,,1000,1000,1.0,0.0,0.031,0.0054807846153630225,0.0155,0.528,0.376,0.376,0.624,0.015317441039547044,2307.2352007066033,1561.4190265753107,3194.278390960011,1.1536176003533016,0.7807095132876554,1.5971391954800054,0.3538562873617367,0.10099016519375548,0.9932180473970669
HtZt_6000_2000,HtZt,6000,2000,85,300,0.6,1.6,/eos/uscms/store/user/aji/rootfiles_existingOptimization/HtZt_6000_2000_pt300_ak6_ca16_th85.root,ok,,1000,1000,1.0,0.0,0.307,0.01458598642533305,0.159,0.633,0.46,0.46,0.54,0.015760710643876435,1767.8024018451515,627.1206936379012,2212.3260284782286,0.8839012009225757,0.3135603468189507,1.1061630142391143,0.4483547859154853,0.17992538566577634,0.9999646658232277
HtZt_6000_2000,HtZt,6000,2000,85,260,0.4,1.2,/eos/uscms/store/user/aji/rootfiles_existingOptimization/HtZt_6000_2000_pt260_ak4_ca12_th85.root,ok,,1000,1000,1.0,0.0,0.303,0.014532412050310162,0.1605,0.6565,0.48,0.48,0.52,0.0157987341265052,1671.6420821070883,587.9418912319178,2146.7691719112718,0.835821041053544,0.2939709456159589,1.0733845859556357,0.46625629294832877,0.10137411896982454,1.0026741888429744
HtZt_6000_2000,HtZt,6000,2000,85,280,0.4,0.6,/eos/uscms/store/user/aji/rootfiles_existingOptimization/HtZt_6000_2000_pt280_ak4_ca6_th85.root,ok,,1000,1000,1.0,0.0,0.311,0.014638271755914358,0.1685,0.7,0.528,0.528,0.472,0.015786576576319513,1678.2300988890488,345.02404607186173,2080.0092276106975,0.8391150494445244,0.17251202303593088,1.0400046138053487,0.5169092077085726,0.0839381190627726,1.0049977027641201
HtZt_6000_2000,HtZt,6000,2000,85,400,1.6,1.4,/eos/uscms/store/user/aji/rootfiles_existingOptimization/HtZt_6000_2000_pt400_ak16_ca14_th85.root,ok,,1000,1000,1.0,0.0,0.028,0.005216895628628198,0.0145,0.544,0.384,0.384,0.616,0.015379986996093333,2218.4339114062736,1295.0375117355682,2973.701880337809,1.1092169557031368,0.6475187558677841,1.4868509401689047,0.3783444618230997,0.09296613665162551,1.0052661573934134
HtZt_6000_2000,HtZt,6000,2000,85,240,1.6,1.6,/eos/uscms/store/user/aji/rootfiles_existingOptimization/HtZt_6000_2000_pt240_ak16_ca16_th85.root,ok,,1000,1000,1.0,0.0,0.029,0.005306505441436953,0.0145,0.515,0.369,0.369,0.631,0.015259062880793171,2340.576144429646,1637.3678622765428,3313.334253170915,1.170288072214823,0.8186839311382713,1.6566671265854576,0.35802432552408453,0.09855698270327612,1.0060531327455668
HtZt_6000_2000,HtZt,6000,2000,85,400,0.6,1.0,/eos/uscms/store/user/aji/rootfiles_existingOptimization/HtZt_6000_2000_pt400_ak6_ca10_th85.root,ok,,1000,1000,1.0,0.0,0.356,0.015141466243399283,0.1905,0.6855,0.513,0.513,0.487,0.015806043148112688,1780.458761313114,286.1153691156763,2104.271276875856,0.8902293806565571,0.14305768455783813,1.0521356384379281,0.510586357647302,0.08425132170911664,1.0085634195816462
HtZt_6000_2000,HtZt,6000,2000,85,280,1.6,1.6,/eos/uscms/store/user/aji/rootfiles_existingOptimization/HtZt_6000_2000_pt280_ak16_ca16_th85.root,ok,,1000,1000,1.0,0.0,0.032,0.005565608681896348,0.016,0.5295,0.371,0.371,0.629,0.015276092432294327,2280.3211155138642,1463.2114139295722,3144.072852101484,1.140160557756932,0.731605706964786,1.5720364260507418,0.3685580567439367,0.10603471810563929,1.01157411251963
HtZt_6000_2000,HtZt,6000,2000,85,400,1.0,1.6,/eos/uscms/store/user/aji/rootfiles_existingOptimization/HtZt_6000_2000_pt400_ak10_ca16_th85.root,ok,,1000,1000,1.0,0.0,0.319,0.014739029818817792,0.164,0.633,0.468,0.468,0.532,0.01577897335063343,1923.949714476108,564.9454725227922,2408.9504472561307,0.961974857238054,0.28247273626139613,1.2044752236280651,0.47922379697835843,0.18278999138395768,1.015026311254553
HtZt_6000_2000,HtZt,6000,2000,85,200,1.6,1.4,/eos/uscms/store/user/aji/rootfiles_existingOptimization/HtZt_6000_2000_pt200_ak16_ca14_th85.root,ok,,1000,1000,1.0,0.0,0.01,0.003146426544510455,0.005,0.479,0.383,0.383,0.617,0.015372410351015223,2486.6941559339803,1955.9958103981062,3816.8638696038606,1.2433470779669902,0.977997905199053,1.9084319348019303,0.37416504453617233,0.0476826477643324,1.0154997523328713
HtZt_6000_2000,HtZt,6000,2000,85,380,1.4,1.6,/eos/uscms/store/user/aji/rootfiles_existingOptimization/HtZt_6000_2000_pt380_ak14_ca16_th85.root,ok,,1000,1000,1.0,0.0,0.124,0.010422283818818216,0.0625,0.572,0.408,0.408,0.5920000000000001,0.015541428505771275,2144.0687181774742,1049.6815163087329,2835.4745541391717,1.0720343590887371,0.5248407581543665,1.4177372770695857,0.4164495808111082,0.13604204347741383,1.015653016719982
HtZt_6000_2000,HtZt,6000,2000,85,220,1.6,1.6,/eos/uscms/store/user/aji/rootfiles_existingOptimization/HtZt_6000_2000_pt220_ak16_ca16_th85.root,ok,,1000,1000,1.0,0.0,0.026,0.0050322956987840055,0.013,0.497,0.362,0.362,0.638,0.015197236590906913,2383.3525135374193,1738.175886578252,3448.267127860407,1.1916762567687096,0.869087943289126,1.7241335639302038,0.35875751311836035,0.09088475473445476,1.0159251387952313
HtZt_6000_2000,HtZt,6000,2000,85,360,0.8,1.6,/eos/uscms/store/user/aji/rootfiles_existingOptimization/HtZt_6000_2000_pt360_ak8_ca16_th85.root,ok,,1000,1000,1.0,0.0,0.316,0.014701836619960105,0.1635,0.632,0.471,0.471,0.529,0.01578477114183161,1843.8884531141134,534.6081166733852,2305.5924393377677,0.9219442265570567,0.26730405833669263,1.1527962196688837,0.4802308728799173,0.1684627897852647,1.0170364502242117
HtZt_6000_2000,HtZt,6000,2000,85,200,0.4,1.6,/eos/uscms/store/user/aji/rootfiles_existingOptimization/HtZt_6000_2000_pt200_ak4_ca16_th85.root,ok,,1000,1000,1.0,0.0,0.272,0.014071815803228808,0.14,0.612,0.425,0.425,0.575,0.015632498200863484,1683.2483075291307,780.7213458585289,2225.2709948950924,0.8416241537645652,0.39036067292926446,1.112635497447546,0.4290958269719109,0.1767551429487452,1.0199334115954544
HtZt_6000_2000,HtZt,6000,2000,85,300,1.6,1.6,/eos/uscms/store/user/aji/rootfiles_existingOptimization/HtZt_6000_2000_pt300_ak16_ca16_th85.root,ok,,1000,1000,1.0,0.0,0.033,0.005648982209212559,0.0165,0.533,0.369,0.369,0.631,0.015259062880793171,2262.5756939115417,1411.0718825501435,3115.120702822114,1.1312878469557708,0.7055359412750718,1.557560351411057,0.37657277607495426,0.113006621802483,1.0207015607705314
HtZt_6000_2000,HtZt,6000,2000,85,240,0.4,1.4,/eos/uscms/store/user/aji/rootfiles_existingOptimization/HtZt_6000_2000_pt240_ak4_ca14_th85.root,ok,,1000,1000,1.0,0.0,0.291,0.014363808687113596,0.1535,0.6315,0.454,0.454,0.546,0.015744332313566048,1670.474453964417,650.7805152391036,2187.9162095421243,0.8352372269822086,0.32539025761955176,1.093958104771062,0.460089554394276,0.12859704699155852,1.0225658316960553
HtZt_6000_2000,HtZt,6000,2000,85,280,0.4,0.8,/eos/uscms/store/user/aji/rootfiles_existingOptimization/HtZt_6000_2000_pt280_ak4_ca8_th85.root,ok,,1000,1000,1.0,0.0,0.324,0.014799459449588015,0.1745,0.6885,0.515,0.515,0.485,0.01580427157448264,1672.7392473511404,340.11158242321204,2085.850970641319,0.8363696236755702,0.17005579121160602,1.0429254853206593,0.5218205380732727,0.08785314631663597,1.0231835757057155
HtZt_6000_2000,HtZt,6000,2000,85,380,0.6,1.2,/eos/uscms/store/user/aji/rootfiles_existingOptimization/HtZt_6000_2000_pt380_ak6_ca12_th85.root,ok,,1000,1000,1.0,0.0,0.351,0.015093011627902497,0.187,0.6685,0.503,0.503,0.497,0.01581110369329099,1776.9944483477843,303.2239640270726,2135.385051178215,0.8884972241738922,0.15161198201353632,1.0676925255891074,0.5155224567118515,0.0922606721483003,1.0236727342944623
HtZt_6000_2000,HtZt,6000,2000,85,400,0.8,1.4,/eos/uscms/store/user/aji/rootfiles_existingOptimization/HtZt_6000_2000_pt400_ak8_ca14_th85.root,ok,,1000,1000,1.0,0.0,0.335,0.014925649064613574,0.177,0.639,0.478,0.478,0.522,0.015796075461962062,1850.7214177723577,455.8118910396075,2310.5579889300325,0.9253607088861788,0.22790594551980375,1.1552789944650164,0.5010873273739145,0.10989015152643408,1.0305512564852966
HtZt_6000_2000,HtZt,6000,2000,85,160,1.4,1.4,/eos/uscms/store/user/aji/rootfiles_existingOptimization/HtZt_6000_2000_pt160_ak14_ca14_th85.root,ok,,1000,1000,1.0,0.0,0.037,0.005969170796685248,0.0185,0.495,0.415,0.415,0.585,0.015581238718407468,2414.784503178138,1936.9895460360012,3997.2834917693026,1.2073922515890692,0.9684947730180006,1.9986417458846513,0.4265999601665726,0.053615677013631034,1.0323391853254795
HtZt_6000_2000,HtZt,6000,2000,85,320,1.6,1.6,/eos/uscms/store/user/aji/rootfiles_existingOptimization/HtZt_6000_2000_pt320_ak16_ca16_th85.root,ok,,1000,1000,1.0,0.0,0.036,0.005891010100144117,0.018,0.53,0.365,0.365,0.635,0.015224158433227107,2252.4098157327116,1356.6708175696645,3091.0294794918095,1.1262049078663559,0.6783354087848322,1.5455147397459048,0.3850006889971655,0.11764197253050973,1.0326211797838012
HtZt_6000_2000,HtZt,6000,2000,85,400,1.4,1.4,/eos/uscms/store/user/aji/rootfiles_existingOptimization/HtZt_6000_2000_pt400_ak14_ca14_th85.root,ok,,1000,1000,1.0,0.0,0.115,0.010088359628799918,0.059,0.5535,0.403,0.403,0.597,0.01551099609954177,2150.9287686014095,1003.6313375215651,2854.9452059080068,1.0754643843007046,0.5018156687607825,1.4274726029540035,0.4303522030602192,0.10960884022767932,1.0348986414902897
HtZt_6000_2000,HtZt,6000,2000,85,100,1.0,1.6,/eos/uscms/store/user/aji/rootfiles_existingOptimization/HtZt_6000_2000_pt100_ak10_ca16_th85.root,ok,,1000,1000,1.0,0.0,0.054,0.007147307185227175,0.027,0.531,0.426,0.426,0.5740000000000001,0.015637263187655313,2246.379016200911,1772.2455818175717,3811.684293759858,1.1231895081004555,0.8861227909087859,1.905842146879929,0.4539391387726272,0.0751258066829918,1.0402580895826727
HtZt_6000_2000,HtZt,6000,2000,85,400,0.6,1.2,/eos/uscms/store/user/aji/rootfiles_existingOptimization/HtZt_6000_2000_pt400_ak6_ca12_th85.root,ok,,1000,1000,1.0,0.0,0.367,0.015241751867813621,0.196,0.6605,0.49,0.49,0.51,0.0158082257068907,1772.0246714164011,263.83153160510625,2102.836379791901,0.8860123357082006,0.1319157658025531,1.0514181898959505,0.5188993352775544,0.09515979887035036,1.0402981017067343
HtZt_6000_2000,HtZt,6000,2000,85,360,0.6,1.4,/eos/uscms/store/user/aji/rootfiles_existingOptimization/HtZt_6000_2000_pt360_ak6_ca14_th85.root,ok,,1000,1000,1.0,0.0,0.334,0.014914556647785411,0.1755,0.6485,0.484,0.484,0.516,0.015803290796539814,1771.0878556730017,350.3706565940332,2183.1332877173145,0.8855439278365008,0.1751853282970166,1.0915666438586573,0.5174115516778934,0.11686549774243535,1.0448571588942435
HtZt_6000_2000,HtZt,6000,2000,85,300,0.4,0.4,/eos/uscms/store/user/aji/rootfiles_existingOptimization/HtZt_6000_2000_pt300_ak4_ca4_th85.root,ok,,1000,1000,1.0,0.0,0.323,0.014787528529135625,0.1775,0.6925,0.519,0.519,0.481,0.01579996835439869,1671.4256927114102,234.4169907498828,2064.62470992149,0.8357128463557051,0.11720849537494141,1.032312354960745,0.5474989786122704,0.08114257564156428,1.0449276939766998
HtZt_6000_2000,HtZt,6000,2000,85,340,1.6,1.6,/eos/uscms/store/user/aji/rootfiles_existingOptimization/HtZt_6000_2000_pt340_ak16_ca16_th85.root,ok,,1000,1000,1.0,0.0,0.041,0.006270486424512854,0.0205,0.525,0.356,0.356,0.644,0.015141466243399283,2237.6392977673504,1312.9806057540054,3080.405631359072,1.118819648883675,0.6564903028770027,1.540202815679536,0.3949307261828461,0.12859501816279373,1.0508126910712137
HtZt_6000_2000,HtZt,6000,2000,85,400,1.4,1.6,/eos/uscms/store/user/aji/rootfiles_existingOptimization/HtZt_6000_2000_pt400_ak14_ca16_th85.root,ok,,1000,1000,1.0,0.0,0.138,0.01090669519148674,0.0705,0.5585,0.391,0.391,0.609,0.015431104950715617,2132.5225213322265,954.8176225054659,2825.8211714640724,1.066261260666113,0.477408811252733,1.4129105857320363,0.4386831862834809,0.16619710459117504,1.0543093123500922
HtZt_6000_2000,HtZt,6000,2000,85,320,0.6,1.6,/eos/uscms/store/user/aji/rootfiles_existingOptimization/HtZt_6000_2000_pt320_ak6_ca16_th85.root,ok,,1000,1000,1.0,0.0,0.321,0.0147634345597493,0.1665,0.6275,0.449,0.449,0.5509999999999999,0.015728922404284407,1764.5767733480675,448.2347200531023,2197.082860938948,0.8822883866740336,0.22411736002655117,1.0985414304694743,0.49554322807038376,0.19012244856824706,1.0583143894029803
HtZt_6000_2000,HtZt,6000,2000,85,380,0.8,1.6,/eos/uscms/store/user/aji/rootfiles_existingOptimization/HtZt_6000_2000_pt380_ak8_ca16_th85.root,ok,,1000,1000,1.0,0.0,0.343,0.015011695440555674,0.1775,0.624,0.456,0.456,0.544,0.01575004761897563,1837.4123454130759,431.41431042786314,2293.1860007968507,0.918706172706538,0.21570715521393155,1.1465930003984253,0.5066287093957766,0.19987038882856112,1.0587580921251227
HtZt_6000_2000,HtZt,6000,2000,85,120,1.2,1.0,/eos/uscms/store/user/aji/rootfiles_existingOptimization/HtZt_6000_2000_pt120_ak12_ca10_th85.root,ok,,1000,1000,1.0,0.0,0.017,0.004087909000944126,0.0085,0.517,0.475,0.475,0.525,0.015791611697353755,2439.1578738363014,1951.2221983194274,4484.14294214323,1.219578936918151,0.9756110991597137,2.242071471071615,0.5192203364516196,0.016649104967953174,1.0661782301434348
HtZt_6000_2000,HtZt,6000,2000,85,360,1.6,1.6,/eos/uscms/store/user/aji/rootfiles_existingOptimization/HtZt_6000_2000_pt360_ak16_ca16_th85.root,ok,,1000,1000,1.0,0.0,0.043,0.006414904519944158,0.0215,0.5225,0.349,0.349,0.651,0.01507312177354114,2218.3606455799363,1254.679889695271,3053.6179360044944,1.109180322789968,0.6273399448476356,1.5268089680022472,0.40546564191300266,0.14082910315661096,1.0673836741919995
HtZt_6000_2000,HtZt,6000,2000,85,220,0.4,1.6,/eos/uscms/store/user/aji/rootfiles_existingOptimization/HtZt_6000_2000_pt220_ak4_ca16_th85.root,ok,,1000,1000,1.0,0.0,0.297,0.014449602070645405,0.153,0.6005,0.41,0.41,0.5900000000000001,0.015553134732265389,1667.9289998644717,653.6029242101588,2202.521612457592,0.8339644999322358,0.3268014621050794,1.1012608062287956,0.46432392756924623,0.18637900836891141,1.0709274775760227
HtZt_6000_2000,HtZt,6000,2000,85,300,0.4,0.6,/eos/uscms/store/user/aji/rootfiles_existingOptimization/HtZt_6000_2000_pt300_ak4_ca6_th85.root,ok,,1000,1000,1.0,0.0,0.348,0.015063067416698366,0.19,0.6845,0.505,0.505,0.495,0.01581059771166163,1671.2393141059274,193.35428877877874,2070.1954520310624,0.8356196570529637,0.09667714438938937,1.0350977260155312,0.5615117917018211,0.08798298949058908,1.0729498259965247
HtZt_6000_2000,HtZt,6000,2000,85,380,1.6,1.6,/eos/uscms/store/user/aji/rootfiles_existingOptimization/HtZt_6000_2000_pt380_ak16_ca16_th85.root,ok,,1000,1000,1.0,0.0,0.046,0.006624499981130651,0.023,0.524,0.345,0.345,0.655,0.015032464867745409,2204.311038885734,1208.6269765095612,3020.865941700906,1.102155519442867,0.6043134882547806,1.5104329708504531,0.41106698039025863,0.15039636763638287,1.0762825323345453
HtZt_6000_2000,HtZt,6000,2000,85,280,0.4,1.0,/eos/uscms/store/user/aji/rootfiles_existingOptimization/HtZt_6000_2000_pt280_ak4_ca10_th85.root,ok,,1000,1000,1.0,0.0,0.336,0.014936666294725875,0.181,0.665,0.484,0.484,0.516,0.015803290796539814,1670.541204340017,289.1051594869281,2107.2997794621206,0.8352706021700085,0.14455257974346403,1.0536498897310602,0.5441932875560256,0.0956674458859425,1.0766662273390248
HtZt_6000_2000,HtZt,6000,2000,85,380,0.6,1.4,/eos/uscms/store/user/aji/rootfiles_existingOptimization/HtZt_6000_2000_pt380_ak6_ca14_th85.root,ok,,1000,1000,1.0,0.0,0.366,0.01523299051401267,0.1945,0.637,0.466,0.466,0.534,0.01577479001445027,1765.0857309426335,267.2100163464626,2148.6354895305053,0.8825428654713168,0.13360500817323132,1.0743177447652525,0.5329558333065438,0.14489294526869867,1.078701546759412
HtZt_6000_2000,HtZt,6000,2000,85,160,1.4,1.6,/eos/uscms/store/user/aji/rootfiles_existingOptimization/HtZt_6000_2000_pt160_ak14_ca16_th85.root,ok,,1000,1000,1.0,0.0,0.052,0.007021111023192838,0.026,0.4995,0.398,0.398,0.602,0.015478888849009803,2352.4623822423414,1875.7989372609425,4036.8986539246816,1.1762311911211707,0.9378994686304712,2.0184493269623407,0.45932715714752526,0.07403923994165817,1.0789502762596423
HtZt_6000_2000,HtZt,6000,2000,85,320,0.4,0.4,/eos/uscms/store/user/aji/rootfiles_existingOptimization/HtZt_6000_2000_pt320_ak4_ca4_th85.root,ok,,1000,1000,1.0,0.0,0.362,0.015197236590906913,0.2,0.6685,0.485,0.485,0.515,0.01580427157448264,1663.504838622367,188.54257313444072,2033.904112123917,0.8317524193111836,0.09427128656722035,1.0169520560619585,0.5546607067634722,0.09060611289291959,1.0864854648323539
HtZt_6000_2000,HtZt,6000,2000,85,400,0.6,1.4,/eos/uscms/store/user/aji/rootfiles_existingOptimization/HtZt_6000_2000_pt400_ak6_ca14_th85.root,ok,,1000,1000,1.0,0.0,0.381,0.015357050498061143,0.203,0.631,0.454,0.454,0.546,0.015744332313566048,1762.809338374406,242.85567529848893,2107.7355117553484,0.8814046691872031,0.12142783764924447,1.0538677558776741,0.5289510884304081,0.1589654381392293,1.0868106215116877
HtZt_6000_2000,HtZt,6000,2000,85,300,0.4,0.8,/eos/uscms/store/user/aji/rootfiles_existingOptimization/HtZt_6000_2000_pt300_ak4_ca8_th85.root,ok,,1000,1000,1.0,0.0,0.361,0.01518812035770062,0.1965,0.674,0.493,0.493,0.507,0.015809838708854686,1667.9863792335382,190.92290869966087,2070.1954520310624,0.8339931896167689,0.09546145434983044,1.0350977260155312,0.5633356982791887,0.09232090278032681,1.0869363793175117
HtZt_6000_2000,HtZt,6000,2000,85,400,0.8,1.6,/eos/uscms/store/user/aji/rootfiles_existingOptimization/HtZt_6000_2000_pt400_ak8_ca16_th85.root,ok,,1000,1000,1.0,0.0,0.363,0.015206281596761254,0.191,0.616,0.44,0.44,0.56,0.015697133496278867,1830.9459361071386,362.10027551551735,2271.969399638942,0.9154729680535694,0.18105013775775866,1.1359846998194711,0.5215525719410614,0.2273222507871902,1.0900052751357046
HtZt_6000_2000,HtZt,6000,2000,85,340,0.6,1.6,/eos/uscms/store/user/aji/rootfiles_existingOptimization/HtZt_6000_2000_pt340_ak6_ca16_th85.root,ok,,1000,1000,1.0,0.0,0.338,0.014958475858188226,0.1755,0.621,0.442,0.442,0.558,0.01570464899321217,1761.7974804794567,340.3970757090193,2173.2069559276856,0.8808987402397284,0.17019853785450964,1.0866034779638427,0.520153394622827,0.20752622275700333,1.090063520598854
HtZt_6000_2000,HtZt,6000,2000,85,260,0.4,1.4,/eos/uscms/store/user/aji/rootfiles_existingOptimization/HtZt_6000_2000_pt260_ak4_ca14_th85.root,ok,,1000,1000,1.0,0.0,0.321,0.0147634345597493,0.1695,0.6205,0.436,0.436,0.5640000000000001,0.015681326474504636,1660.843366438163,464.2479074798667,2161.5807838948454,0.8304216832190815,0.23212395373993333,1.0807903919474224,0.5109852351865879,0.13407106068296265,1.0919430668646797
HtZt_6000_2000,HtZt,6000,2000,85,200,1.6,1.6,/eos/uscms/store/user/aji/rootfiles_existingOptimization/HtZt_6000_2000_pt200_ak16_ca16_th85.root,ok,,1000,1000,1.0,0.0,0.025,0.0049371044145328745,0.0125,0.4685,0.346,0.346,0.654,0.015042739112276061,2441.001519287245,1853.1008403840797,3897.2297113156524,1.2205007596436226,0.9265504201920399,1.9486148556578262,0.4187070050510341,0.0848272248561081,1.0947570810153964
HtZt_6000_2000,HtZt,6000,2000,85,340,0.4,0.4,/eos/uscms/store/user/aji/rootfiles_existingOptimization/HtZt_6000_2000_pt340_ak4_ca4_th85.root,ok,,1000,1000,1.0,0.0,0.393,0.015445096309184997,0.2225,0.6585,0.471,0.471,0.529,0.01578477114183161,1656.894086019147,168.14484163878572,1994.4913375518938,0.8284470430095734,0.08407242081939285,0.9972456687759469,0.5511355587915362,0.09461267688338112,1.0972908544905788
HtZt_6000_2000,HtZt,6000,2000,85,400,1.6,1.6,/eos/uscms/store/user/aji/rootfiles_existingOptimization/HtZt_6000_2000_pt400_ak16_ca16_th85.root,ok,,1000,1000,1.0,0.0,0.052,0.007021111023192838,0.0265,0.5145,0.329,0.329,0.671,0.014857960829131297,2194.7469868966537,1149.818077725388,2994.0963656552485,1.0973734934483268,0.5749090388626941,1.497048182827624,0.42015738008544845,0.18336942697412195,1.1008947294302813
HtZt_6000_2000,HtZt,6000,2000,85,320,0.4,0.6,/eos/uscms/store/user/aji/rootfiles_existingOptimization/HtZt_6000_2000_pt320_ak4_ca6_th85.root,ok,,1000,1000,1.0,0.0,0.391,0.015431104950715617,0.2145,0.66,0.471,0.471,0.529,0.01578477114183161,1663.716690584079,168.8668982049893,2039.7211201080245,0.8318583452920394,0.08443344910249465,1.0198605600540123,0.5622514435574476,0.09758837718669836,1.1080656090282437
HtZt_6000_2000,HtZt,6000,2000,85,120,1.2,1.2,/eos/uscms/store/user/aji/rootfiles_existingOptimization/HtZt_6000_2000_pt120_ak12_ca12_th85.root,ok,,1000,1000,1.0,0.0,0.029,0.005306505441436953,0.0145,0.497,0.44,0.44,0.56,0.015697133496278867,2453.822385765755,1938.8305333341941,4531.858530629989,1.2269111928828773,0.9694152666670971,2.2659292653149943,0.5283650545242292,0.03729322418801348,1.1110561738125169
HtZt_6000_2000,HtZt,6000,2000,85,360,0.6,1.6,/eos/uscms/store/user/aji/rootfiles_existingOptimization/HtZt_6000_2000_pt360_ak6_ca16_th85.root,ok,,1000,1000,1.0,0.0,0.362,0.015197236590906913,0.1895,0.6125,0.429,0.429,0.571,0.015651166090742248,1755.5252476563298,267.2100163464626,2135.59216627525,0.877762623828165,0.13360500817323132,1.0677960831376248,0.5321433435443677,0.24922872141995123,1.1153670811615513
HtZt_6000_2000,HtZt,6000,2000,85,340,0.4,0.6,/eos/uscms/store/user/aji/rootfiles_existingOptimization/HtZt_6000_2000_pt340_ak4_ca6_th85.root,ok,,1000,1000,1.0,0.0,0.421,0.015612783224012302,0.2365,0.651,0.458,0.458,0.542,0.015755506973753653,1657.2948563247373,157.31111865174196,2006.1932985204778,0.8286474281623686,0.07865555932587098,1.003096649260239,0.5578012182964437,0.10446337626383867,1.116936475480207
HtZt_6000_2000,HtZt,6000,2000,85,300,0.4,1.0,/eos/uscms/store/user/aji/rootfiles_existingOptimization/HtZt_6000_2000_pt300_ak4_ca10_th85.root,ok,,1000,1000,1.0,0.0,0.371,0.015276092432294327,0.2015,0.651,0.464,0.464,0.536,0.015770351930125083,1663.3774349210394,188.33056746788588,2076.322990224499,0.8316887174605196,0.09416528373394294,1.0381614951122495,0.5675177452573283,0.10405200174296958,1.1203488735112765
HtZt_6000_2000,HtZt,6000,2000,85,320,0.4,0.8,/eos/uscms/store/user/aji/rootfiles_existingOptimization/HtZt_6000_2000_pt320_ak4_ca8_th85.root,ok,,1000,1000,1.0,0.0,0.403,0.01551099609954177,0.2205,0.65,0.46,0.46,0.54,0.015760710643876435,1657.2948563247373,168.53693948513117,2036.3509333854156,0.8286474281623686,0.08426846974256559,1.0181754666927079,0.5635128796701875,0.10470302318422392,1.1206481368539507
HtZt_6000_2000,HtZt,6000,2000,85,360,0.4,0.4,/eos/uscms/store/user/aji/rootfiles_existingOptimization/HtZt_6000_2000_pt360_ak4_ca4_th85.root,ok,,1000,1000,1.0,0.0,0.428,0.015646597074124458,0.2435,0.6455,0.449,0.449,0.5509999999999999,0.015728922404284407,1647.4473085292846,158.60820709034448,1986.5427100603042,0.8237236542646422,0.07930410354517224,0.9932713550301521,0.5547778352321934,0.10684283531226055,1.123405469805729
HtZt_6000_2000,HtZt,6000,2000,85,340,0.4,0.8,/eos/uscms/store/user/aji/rootfiles_existingOptimization/HtZt_6000_2000_pt340_ak4_ca8_th85.root,ok,,1000,1000,1.0,0.0,0.431,0.015660108556456432,0.2415,0.642,0.447,0.447,0.5529999999999999,0.01572230899073034,1649.0219464465888,156.11541792141645,1993.1723250121786,0.8245109732232944,0.07805770896070822,0.9965861625060892,0.5570140867589307,0.11325041493277865,1.1275629894366013
HtZt_6000_2000,HtZt,6000,2000,85,120,1.2,1.4,/eos/uscms/store/user/aji/rootfiles_existingOptimization/HtZt_6000_2000_pt120_ak12_ca14_th85.root,ok,,1000,1000,1.0,0.0,0.035,0.005811626278418116,0.0175,0.487,0.413,0.413,0.587,0.015570195888298902,2452.5026867211154,1915.129107109673,4456.848458785306,1.2262513433605577,0.9575645535548365,2.2284242293926533,0.5181889025927626,0.050207777869480434,1.1278140369288183
HtZt_6000_2000,HtZt,6000,2000,85,380,0.6,1.6,/eos/uscms/store/user/aji/rootfiles_existingOptimization/HtZt_6000_2000_pt380_ak6_ca16_th85.root,ok,,1000,1000,1.0,0.0,0.388,0.015409607392792329,0.2055,0.605,0.415,0.415,0.585,0.015581238718407468,1746.6968732756266,231.49516684433897,2103.7882893131864,0.8733484366378133,0.11574758342216948,1.0518941446565933,0.5359525030114948,0.28145063815381965,1.1336176593477134
HtZt_6000_2000,HtZt,6000,2000,85,280,0.4,1.2,/eos/uscms/store/user/aji/rootfiles_existingOptimization/HtZt_6000_2000_pt280_ak4_ca12_th85.root,ok,,1000,1000,1.0,0.0,0.348,0.015063067416698366,0.187,0.6385,0.45,0.45,0.55,0.015732132722552274,1663.3774349210394,225.5363393736309,2112.049032276344,0.8316887174605196,0.11276816968681547,1.056024516138172,0.5670729484773449,0.1138575390868548,1.1339040767312931
HtZt_6000_2000,HtZt,6000,2000,85,400,0.6,1.6,/eos/uscms/store/user/aji/rootfiles_existingOptimization/HtZt_6000_2000_pt400_ak6_ca16_th85.root,ok,,1000,1000,1.0,0.0,0.401,0.015498354751392161,0.213,0.6005,0.407,0.407,0.593,0.015535475531827148,1739.4290007463433,223.7258361561391,2061.04398957461,0.8697145003731717,0.11186291807806957,1.030521994787305,0.5281383007383819,0.2897452742388029,1.1341668507010647
HtZt_6000_2000,HtZt,6000,2000,85,380,0.4,0.4,/eos/uscms/store/user/aji/rootfiles_existingOptimization/HtZt_6000_2000_pt380_ak4_ca4_th85.root,ok,,1000,1000,1.0,0.0,0.451,0.01573527883451704,0.2585,0.6345,0.433,0.433,0.567,0.015668790636165896,1638.8512881984698,152.84639327488054,1959.2457535143994,0.8194256440992349,0.07642319663744027,0.9796228767571996,0.5511175337407302,0.11237442510064062,1.1361749693308067
HtZt_6000_2000,HtZt,6000,2000,85,240,0.4,1.6,/eos/uscms/store/user/aji/rootfiles_existingOptimization/HtZt_6000_2000_pt240_ak4_ca16_th85.root,ok,,1000,1000,1.0,0.0,0.321,0.0147634345597493,0.1685,0.587,0.386,0.386,0.614,0.015394934231752989,1643.5422684448363,464.08842402689635,2130.5709231297237,0.8217711342224182,0.23204421201344816,1.065285461564862,0.5069788988997824,0.21650649526150811,1.1388017854775407
HtZt_6000_2000,HtZt,6000,2000,85,360,0.4,0.6,/eos/uscms/store/user/aji/rootfiles_existingOptimization/HtZt_6000_2000_pt360_ak4_ca6_th85.root,ok,,1000,1000,1.0,0.0,0.455,0.015747221977225064,0.257,0.637,0.436,0.436,0.5640000000000001,0.015681326474504636,1648.3818266884605,150.42743064993036,1991.4404762287845,0.8241909133442302,0.0752137153249652,0.9957202381143923,0.5584303999751632,0.11892090383688679,1.1400113086407402
HtZt_6000_2000,HtZt,6000,2000,85,360,0.4,0.8,/eos/uscms/store/user/aji/rootfiles_existingOptimization/HtZt_6000_2000_pt360_ak4_ca8_th85.root,ok,,1000,1000,1.0,0.0,0.465,0.01577260282895629,0.262,0.628,0.425,0.425,0.575,0.015632498200863484,1642.3275928045578,149.71985573241437,1985.0601836819626,0.8211637964022789,0.0748599278662072,0.9925300918409813,0.5587619473698874,0.12973818688343267,1.1516455677296595
HtZt_6000_2000,HtZt,6000,2000,85,380,0.4,0.6,/eos/uscms/store/user/aji/rootfiles_existingOptimization/HtZt_6000_2000_pt380_ak4_ca6_th85.root,ok,,1000,1000,1.0,0.0,0.478,0.015796075461962062,0.272,0.626,0.419,0.419,0.581,0.015602531845825537,1638.8512881984698,146.40836483882774,1959.8225965695985,0.8194256440992349,0.07320418241941387,0.9799112982847993,0.5532577131278921,0.12799585850017614,1.1523151487179686
HtZt_6000_2000,HtZt,6000,2000,85,320,0.4,1.0,/eos/uscms/store/user/aji/rootfiles_existingOptimization/HtZt_6000_2000_pt320_ak4_ca10_th85.root,ok,,1000,1000,1.0,0.0,0.413,0.0155701958882989,0.2255,0.6285,0.433,0.433,0.567,0.015668790636165896,1648.6677029244647,168.3772406490358,2040.8715318019497,0.8243338514622324,0.0841886203245179,1.020435765900975,0.5678810495988422,0.12386353567889039,1.152447664452619
HtZt_6000_2000,HtZt,6000,2000,85,180,1.6,1.4,/eos/uscms/store/user/aji/rootfiles_existingOptimization/HtZt_6000_2000_pt180_ak16_ca14_th85.root,ok,,1000,1000,1.0,0.0,0.01,0.003146426544510455,0.005,0.4445,0.361,0.361,0.639,0.01518812035770062,2551.659995969951,1983.850144566421,4495.949460845401,1.2758299979849754,0.9919250722832105,2.2479747304227002,0.4922480503371427,0.044752291889091786,1.1588310501356403
HtZt_6000_2000,HtZt,6000,2000,85,300,0.4,1.2,/eos/uscms/store/user/aji/rootfiles_existingOptimization/HtZt_6000_2000_pt300_ak4_ca12_th85.root,ok,,1000,1000,1.0,0.0,0.383,0.015372410351015223,0.2075,0.6265,0.432,0.432,0.5680000000000001,0.01566448211719749,1650.869356565111,183.8763275020477,2086.0335899158626,0.8254346782825557,0.09193816375102386,1.0430167949579312,0.5761077503950848,0.1262349981032941,1.1615642825668293
HtZt_6000_2000,HtZt,6000,2000,85,340,0.4,1.0,/eos/uscms/store/user/aji/rootfiles_existingOptimization/HtZt_6000_2000_pt340_ak4_ca10_th85.root,ok,,1000,1000,1.0,0.0,0.439,0.015693278816104682,0.2455,0.622,0.422,0.422,0.5780000000000001,0.015617810345883958,1642.566361165508,155.8291963661834,2014.9261017928545,0.821283180582754,0.0779145981830917,1.0074630508964273,0.5659122667371322,0.12973818688343267,1.161783948678857
HtZt_6000_2000,HtZt,6000,2000,85,400,0.4,0.4,/eos/uscms/store/user/aji/rootfiles_existingOptimization/HtZt_6000_2000_pt400_ak4_ca4_th85.root,ok,,1000,1000,1.0,0.0,0.482,0.01580113919943749,0.282,0.616,0.407,0.407,0.593,0.015535475531827148,1625.6976269310233,147.605158978753,1937.1760288499809,0.8128488134655116,0.0738025794893765,0.9685880144249904,0.5504008987358747,0.12768891884311157,1.1621160173893235
HtZt_6000_2000,HtZt,6000,2000,85,380,0.4,0.8,/eos/uscms/store/user/aji/rootfiles_existingOptimization/HtZt_6000_2000_pt380_ak4_ca8_th85.root,ok,,1000,1000,1.0,0.0,0.488,0.01580683396509244,0.277,0.6175,0.409,0.409,0.591,0.015547314880711718,1630.9609652436413,146.1068756343833,1959.9738752015317,0.8154804826218207,0.07305343781719165,0.9799869376007658,0.5560730876524024,0.13783171322649812,1.1655250393902201
HtZt_6000_2000,HtZt,6000,2000,85,120,1.2,1.6,/eos/uscms/store/user/aji/rootfiles_existingOptimization/HtZt_6000_2000_pt120_ak12_ca16_th85.root,ok,,1000,1000,1.0,0.0,0.055,0.00720936890441875,0.0275,0.4805,0.383,0.383,0.617,0.015372410351015223,2392.9079273388197,1865.5738893641048,4436.926299178824,1.19645396366941,0.9327869446820525,2.2184631495894123,0.5372861154491535,0.07188119001983014,1.1739315118160945
HtZt_6000_2000,HtZt,6000,2000,85,400,0.4,0.6,/eos/uscms/store/user/aji/rootfiles_existingOptimization/HtZt_6000_2000_pt400_ak4_ca6_th85.root,ok,,1000,1000,1.0,0.0,0.509,0.015808826648426505,0.2955,0.609,0.395,0.395,0.605,0.015458816254810716,1627.1156798565876,140.5292145146767,1937.1760288499809,0.8135578399282939,0.07026460725733835,0.9685880144249904,0.5520955997712648,0.14756817214275253,1.1757398157784353
HtZt_6000_2000,HtZt,6000,2000,85,360,0.4,1.0,/eos/uscms/store/user/aji/rootfiles_existingOptimization/HtZt_6000_2000_pt360_ak4_ca10_th85.root,ok,,1000,1000,1.0,0.0,0.471,0.01578477114183161,0.265,0.61,0.402,0.402,0.598,0.015504708962118573,1632.7195175371003,149.61773885608645,1989.7790714269356,0.8163597587685502,0.07480886942804324,0.9948895357134678,0.5635264700414274,0.15161051956319022,1.1798904941645723
HtZt_6000_2000,HtZt,6000,2000,85,400,0.4,0.8,/eos/uscms/store/user/aji/rootfiles_existingOptimization/HtZt_6000_2000_pt400_ak4_ca8_th85.root,ok,,1000,1000,1.0,0.0,0.515,0.01580427157448264,0.2985,0.604,0.389,0.389,0.611,0.015416841440450765,1623.065900747244,140.5292145146767,1934.9648065766744,0.811532950373622,0.07026460725733835,0.9674824032883372,0.5527919695792564,0.15532431261216734,1.1826386745418942
HtZt_6000_2000,HtZt,6000,2000,85,320,0.4,1.2,/eos/uscms/store/user/aji/rootfiles_existingOptimization/HtZt_6000_2000_pt320_ak4_ca12_th85.root,ok,,1000,1000,1.0,0.0,0.425,0.01563249820086348,0.2315,0.608,0.405,0.405,0.595,0.015523369479594306,1639.9539952637358,165.41043986259135,2042.0454149680902,0.8199769976318678,0.08270521993129568,1.0210227074840452,0.5721608595501183,0.15241503955385427,1.1851631597869314
HtZt_6000_2000,HtZt,6000,2000,85,140,1.4,1.2,/eos/uscms/store/user/aji/rootfiles_existingOptimization/HtZt_6000_2000_pt140_ak14_ca12_th85.root,ok,,1000,1000,1.0,0.0,0.016,0.003967870965643918,0.008,0.47,0.418,0.418,0.5820000000000001,0.015597307459943206,2574.965860567552,2013.5613949682104,4981.811078881653,1.287482930283776,1.0067806974841051,2.4909055394408264,0.5763668034144744,0.024668608029489506,1.187115096442852
HtZt_6000_2000,HtZt,6000,2000,85,380,0.4,1.0,/eos/uscms/store/user/aji/rootfiles_existingOptimization/HtZt_6000_2000_pt380_ak4_ca10_th85.root,ok,,1000,1000,1.0,0.0,0.494,0.015810249839898167,0.28,0.601,0.389,0.389,0.611,0.015416841440450765,1627.231512884049,146.06427765344415,1962.2484887969376,0.8136157564420246,0.07303213882672208,0.9811242443984688,0.5580595621346317,0.16558516202202284,1.1876979864904293
HtZt_6000_2000,HtZt,6000,2000,85,280,0.4,1.4,/eos/uscms/store/user/aji/rootfiles_existingOptimization/HtZt_6000_2000_pt280_ak4_ca14_th85.root,ok,,1000,1000,1.0,0.0,0.363,0.015206281596761254,0.1945,0.605,0.41,0.41,0.5900000000000001,0.015553134732265389,1646.9020144928709,197.47427289827272,2124.371899094273,0.8234510072464355,0.09873713644913637,1.0621859495471366,0.5850067609484795,0.15450935295394214,1.192661660223836
HtZt_6000_2000,HtZt,6000,2000,85,340,0.4,1.2,/eos/uscms/store/user/aji/rootfiles_existingOptimization/HtZt_6000_2000_pt340_ak4_ca12_th85.root,ok,,1000,1000,1.0,0.0,0.451,0.01573527883451704,0.2515,0.602,0.396,0.396,0.604,0.01546557467409472,1631.3461046447612,154.07865129547653,2027.9120212884516,0.8156730523223805,0.07703932564773827,1.013956010644226,0.5743212199599478,0.16084043483931854,1.1967539147277098
HtZt_6000_2000,HtZt,6000,2000,85,400,0.4,1.0,/eos/uscms/store/user/aji/rootfiles_existingOptimization/HtZt_6000_2000_pt400_ak4_ca10_th85.root,ok,,1000,1000,1.0,0.0,0.521,0.015797436500901024,0.3015,0.588,0.369,0.369,0.631,0.015259062880793171,1619.6684521124675,140.38850755393258,1939.904878638292,0.8098342260562338,0.0701942537769663,0.969952439319146,0.5555199796406862,0.19585846063798898,1.205536557035063
HtZt_6000_2000,HtZt,6000,2000,85,360,0.4,1.2,/eos/uscms/store/user/aji/rootfiles_existingOptimization/HtZt_6000_2000_pt360_ak4_ca12_th85.root,ok,,1000,1000,1.0,0.0,0.483,0.01580224667571039,0.271,0.591,0.379,0.379,0.621,0.015341414537127925,1624.7538816347983,148.5427476434197,1989.7790714269356,0.8123769408173991,0.07427137382170984,0.9948895357134678,0.5666200723062428,0.2135583877403702,1.206382378224503
HtZt_6000_2000,HtZt,6000,2000,85,380,0.4,1.2,/eos/uscms/store/user/aji/rootfiles_existingOptimization/HtZt_6000_2000_pt380_ak4_ca12_th85.root,ok,,1000,1000,1.0,0.0,0.502,0.01581126180922952,0.284,0.5855,0.372,0.372,0.628,0.015284501954594399,1619.6684521124675,145.87185288015186,1959.181808067819,0.8098342260562338,0.07293592644007593,0.9795909040339095,0.5597781301545512,0.22903908083315055,1.2067947075489278
HtZt_6000_2000,HtZt,6000,2000,85,300,0.4,1.4,/eos/uscms/store/user/aji/rootfiles_existingOptimization/HtZt_6000_2000_pt300_ak4_ca14_th85.root,ok,,1000,1000,1.0,0.0,0.399,0.015485444778888335,0.2155,0.5935,0.393,0.393,0.607,0.015445096309184997,1631.8953383387511,176.9985182411598,2086.0335899158626,0.8159476691693756,0.0884992591205799,1.0430167949579312,0.5849134521145444,0.19411185161954805,1.2103186851976067
HtZt_6000_2000,HtZt,6000,2000,85,260,0.4,1.6,/eos/uscms/store/user/aji/rootfiles_existingOptimization/HtZt_6000_2000_pt260_ak4_ca16_th85.root,ok,,1000,1000,1.0,0.0,0.347,0.01505293991218991,0.1825,0.577,0.37,0.37,0.63,0.015267612779999367,1632.477811450308,225.5363393736309,2099.747101813323,0.816238905725154,0.11276816968681547,1.0498735509066612,0.5740386635866817,0.2518986183734108,1.2224147730141661
HtZt_6000_2000,HtZt,6000,2000,85,180,1.6,1.6,/eos/uscms/store/user/aji/rootfiles_existingOptimization/HtZt_6000_2000_pt180_ak16_ca16_th85.root,ok,,1000,1000,1.0,0.0,0.024,0.004839834707921336,0.012,0.439,0.33,0.33,0.6699999999999999,0.014869431730903505,2516.7084214142096,1895.5167444259494,4558.136589056792,1.2583542107071048,0.9477583722129748,2.279068294528396,0.5289885435227815,0.0805305598275401,1.224823964593492
HtZt_6000_2000,HtZt,6000,2000,85,400,0.4,1.2,/eos/uscms/store/user/aji/rootfiles_existingOptimization/HtZt_6000_2000_pt400_ak4_ca12_th85.root,ok,,1000,1000,1.0,0.0,0.529,0.01578477114183161,0.3055,0.572,0.351,0.351,0.649,0.015093011627902497,1609.7663960051966,139.9555170801033,1937.497316062672,0.8048831980025983,0.06997775854005166,0.968748658031336,0.5583238050699022,0.2728433187149606,1.2268354852696424
HtZt_6000_2000,HtZt,6000,2000,85,320,0.4,1.4,/eos/uscms/store/user/aji/rootfiles_existingOptimization/HtZt_6000_2000_pt320_ak4_ca14_th85.root,ok,,1000,1000,1.0,0.0,0.438,0.015689359451551872,0.238,0.579,0.37,0.37,0.63,0.015267612779999367,1621.9889325218312,160.6232077100308,2039.7211201080245,0.8109944662609156,0.0803116038550154,1.0198605600540123,0.5792573163481503,0.2608172968044207,1.2281578697220588
HtZt_6000_2000,HtZt,6000,2000,85,340,0.4,1.4,/eos/uscms/store/user/aji/rootfiles_existingOptimization/HtZt_6000_2000_pt340_ak4_ca14_th85.root,ok,,1000,1000,1.0,0.0,0.463,0.015768037290671277,0.2575,0.573,0.363,0.363,0.637,0.015206281596761254,1618.8727002247015,152.33202658294073,2014.9261017928545,0.8094363501123507,0.07616601329147037,1.0074630508964273,0.5752750277867382,0.28828115678363886,1.2313313927755032
HtZt_6000_2000,HtZt,6000,2000,85,280,0.4,1.6,/eos/uscms/store/user/aji/rootfiles_existingOptimization/HtZt_6000_2000_pt280_ak4_ca16_th85.root,ok,,1000,1000,1.0,0.0,0.385,0.015387494922826133,0.2055,0.566,0.351,0.351,0.649,0.015093011627902497,1620.2309560210288,178.7385284002666,2027.4052446638277,0.8101154780105144,0.0893692642001333,1.0137026223319139,0.5704948141478317,0.28792248772539963,1.2384832663467802
HtZt_6000_2000,HtZt,6000,2000,85,380,0.4,1.4,/eos/uscms/store/user/aji/rootfiles_existingOptimization/HtZt_6000_2000_pt380_ak4_ca14_th85.root,ok,,1000,1000,1.0,0.0,0.515,0.01580427157448264,0.2905,0.559,0.343,0.343,0.657,0.015011695440555674,1602.2298158242259,143.9409236365157,1951.0774545687611,0.8011149079121129,0.07197046181825785,0.9755387272843805,0.5639442335563486,0.40959212892789615,1.2408327427651373
HtZt_6000_2000,HtZt,6000,2000,85,360,0.4,1.4,/eos/uscms/store/user/aji/rootfiles_existingOptimization/HtZt_6000_2000_pt360_ak4_ca14_th85.root,ok,,1000,1000,1.0,0.0,0.495,0.01581059771166163,0.277,0.5635,0.349,0.349,0.651,0.01507312177354114,1608.376052099978,147.38990061610787,1984.894288600477,0.804188026049989,0.07369495030805394,0.9924471443002386,0.5712297150859806,0.36962961218074614,1.2418109124809817
HtZt_6000_2000,HtZt,6000,2000,85,300,0.4,1.6,/eos/uscms/store/user/aji/rootfiles_existingOptimization/HtZt_6000_2000_pt300_ak4_ca16_th85.root,ok,,1000,1000,1.0,0.0,0.419,0.015602531845825536,0.2255,0.5535,0.333,0.333,0.667,0.01490338887635963,1607.5308378295924,165.6885686603915,1972.921237293059,0.8037654189147962,0.08284428433019574,0.9864606186465296,0.5621144634067183,0.3351994886538413,1.2487379215152388
HtZt_6000_2000,HtZt,6000,2000,85,400,0.4,1.4,/eos/uscms/store/user/aji/rootfiles_existingOptimization/HtZt_6000_2000_pt400_ak4_ca14_th85.root,ok,,1000,1000,1.0,0.0,0.542,0.015755506973753653,0.312,0.549,0.326,0.326,0.6739999999999999,0.014823090096197892,1590.6397652599908,138.28825992260917,1929.9464851696753,0.7953198826299954,0.06914412996130459,0.9649732425848376,0.5631879273916613,0.42715792213243814,1.2576559391286617
HtZt_6000_2000,HtZt,6000,2000,85,320,0.4,1.6,/eos/uscms/store/user/aji/rootfiles_existingOptimization/HtZt_6000_2000_pt320_ak4_ca16_th85.root,ok,,1000,1000,1.0,0.0,0.453,0.015741378592740853,0.2455,0.545,0.318,0.318,0.6819999999999999,0.014726710426975877,1593.3855379214604,154.99350813535492,1934.9648065766744,0.7966927689607302,0.07749675406767745,0.9674824032883372,0.558550098541517,0.3773608894681013,1.260880821645444
HtZt_6000_2000,HtZt,6000,2000,85,140,1.4,1.4,/eos/uscms/store/user/aji/rootfiles_existingOptimization/HtZt_6000_2000_pt140_ak14_ca14_th85.root,ok,,1000,1000,1.0,0.0,0.028,0.005216895628628198,0.014,0.437,0.36,0.36,0.64,0.015178932768808221,2617.619377062592,1974.0526668012424,5105.972460057411,1.3088096885312959,0.9870263334006212,2.552986230028705,0.5982381970236459,0.04981075319813647,1.2691191658767755
HtZt_6000_2000,HtZt,6000,2000,85,340,0.4,1.6,/eos/uscms/store/user/aji/rootfiles_existingOptimization/HtZt_6000_2000_pt340_ak4_ca16_th85.root,ok,,1000,1000,1.0,0.0,0.478,0.015796075461962062,0.265,0.537,0.31,0.31,0.69,0.014625320509308506,1583.8395070657639,148.5427476434197,1925.8665317623538,0.7919197535328819,0.07427137382170984,0.9629332658811769,0.5610807711860973,0.402828443985374,1.2718887958328091
HtZt_6000_2000,HtZt,6000,2000,85,140,1.4,1.6,/eos/uscms/store/user/aji/rootfiles_existingOptimization/HtZt_6000_2000_pt140_ak14_ca16_th85.root,ok,,1000,1000,1.0,0.0,0.04,0.0061967733539318665,0.02,0.442,0.344,0.344,0.656,0.015022117027902558,2563.9415748735323,1923.341602949795,4957.040704232762,1.2819707874367663,0.9616708014748976,2.478520352116381,0.5916084693608132,0.07262451679806006,1.2758055481044899
HtZt_6000_2000,HtZt,6000,2000,85,360,0.4,1.6,/eos/uscms/store/user/aji/rootfiles_existingOptimization/HtZt_6000_2000_pt360_ak4_ca16_th85.root,ok,,1000,1000,1.0,0.0,0.509,0.015808826648426505,0.284,0.527,0.297,0.297,0.7030000000000001,0.014449602070645405,1567.785426469209,144.57024622773127,1913.719499148066,0.7838927132346045,0.07228512311386565,0.956859749574033,0.564219191941532,0.44929175036745916,1.2888299206180718
HtZt_6000_2000,HtZt,6000,2000,85,380,0.4,1.6,/eos/uscms/store/user/aji/rootfiles_existingOptimization/HtZt_6000_2000_pt380_ak4_ca16_th85.root,ok,,1000,1000,1.0,0.0,0.527,0.01578831846651188,0.2965,0.5235,0.292,0.292,0.708,0.014378317008607092,1559.884848811343,140.77863899650808,1903.2369381447454,0.7799424244056716,0.07038931949825404,0.9516184690723727,0.5649321808886272,0.4771757074492327,1.29493793844806
HtZt_6000_2000,HtZt,6000,2000,85,400,0.4,1.6,/eos/uscms/store/user/aji/rootfiles_existingOptimization/HtZt_6000_2000_pt400_ak4_ca16_th85.root,ok,,1000,1000,1.0,0.0,0.554,0.01571890581433708,0.318,0.513,0.275,0.275,0.725,0.014120021246442939,1544.5580950838116,136.82354998486568,1890.0851164129017,0.7722790475419059,0.06841177499243284,0.9450425582064508,0.567560900431168,0.4953890222557976,1.3153329956769775
HtZt_6000_2000,HtZt,6000,2000,85,160,1.6,1.4,/eos/uscms/store/user/aji/rootfiles_existingOptimization/HtZt_6000_2000_pt160_ak16_ca14_th85.root,ok,,1000,1000,1.0,0.0,0.01,0.003146426544510455,0.005,0.3865,0.319,0.319,0.681,0.01473902981881779,2793.179869624837,2031.5133200816517,5645.909264621048,1.3965899348124187,1.0157566600408259,2.822954632310524,0.6470037937486747,0.041677864653397415,1.3676627872299165
HtZt_6000_2000,HtZt,6000,2000,85,100,1.2,1.0,/eos/uscms/store/user/aji/rootfiles_existingOptimization/HtZt_6000_2000_pt100_ak12_ca10_th85.root,ok,,1000,1000,1.0,0.0,0.008,0.0028170906978654416,0.004,0.4005,0.371,0.371,0.629,0.015276092432294327,2943.1761793461255,1980.3798256009109,6056.134353338564,1.4715880896730629,0.9901899128004554,3.0280671766692824,0.6924075011783952,0.013501871092656721,1.3685663101457015
HtZt_6000_2000,HtZt,6000,2000,85,160,1.6,1.6,/eos/uscms/store/user/aji/rootfiles_existingOptimization/HtZt_6000_2000_pt160_ak16_ca16_th85.root,ok,,1000,1000,1.0,0.0,0.023,0.004740358636221525,0.0115,0.383,0.293,0.293,0.7070000000000001,0.014392741226048635,2766.57437074959,1977.2975412938063,5602.165055200909,1.3832871853747948,0.988648770646903,2.8010825276004545,0.6551183933878783,0.07218775027237836,1.4004471119253576
HtZt_6000_2000,HtZt,6000,2000,85,100,1.2,1.2,/eos/uscms/store/user/aji/rootfiles_existingOptimization/HtZt_6000_2000_pt100_ak12_ca12_th85.root,ok,,1000,1000,1.0,0.0,0.015,0.003843826218756514,0.0075,0.379,0.333,0.333,0.667,0.01490338887635963,2945.987262909034,1966.7799473912546,6060.053374671566,1.4729936314545171,0.9833899736956273,3.0300266873357837,0.6947201501540748,0.03291809533385896,1.4090195132995267
HtZt_6000_2000,HtZt,6000,2000,85,120,1.4,1.2,/eos/uscms/store/user/aji/rootfiles_existingOptimization/HtZt_6000_2000_pt120_ak14_ca12_th85.root,ok,,1000,1000,1.0,0.0,0.011,0.003298332912245215,0.0055,0.377,0.333,0.333,0.667,0.01490338887635963,3041.317830514109,2037.0630211539349,6302.036166236175,1.5206589152570547,1.0185315105769674,3.1510180831180876,0.7011718904040494,0.022960352333487595,1.420237781929755
HtZt_6000_2000,HtZt,6000,2000,85,100,1.2,1.4,/eos/uscms/store/user/aji/rootfiles_existingOptimization/HtZt_6000_2000_pt100_ak12_ca14_th85.root,ok,,1000,1000,1.0,0.0,0.02,0.004427188724235731,0.01,0.371,0.309,0.309,0.6910000000000001,0.014612289348353322,2942.4829112563384,1955.4269285247035,6172.222196252403,1.4712414556281694,0.9777134642623517,3.086111098126201,0.7165369171043499,0.04663701501928304,1.4546610626671668
HtZt_6000_2000,HtZt,6000,2000,85,100,1.2,1.6,/eos/uscms/store/user/aji/rootfiles_existingOptimization/HtZt_6000_2000_pt100_ak12_ca16_th85.root,ok,,1000,1000,1.0,0.0,0.032,0.005565608681896348,0.016,0.375,0.295,0.295,0.7050000000000001,0.014421338356754548,2903.9485687870947,1925.5104103735646,6107.796558981783,1.4519742843935473,0.9627552051867823,3.0538982794908915,0.720103343695762,0.06708428497086576,1.4703007721351167
HtZt_6000_2000,HtZt,6000,2000,85,120,1.4,1.4,/eos/uscms/store/user/aji/rootfiles_existingOptimization/HtZt_6000_2000_pt120_ak14_ca14_th85.root,ok,,1000,1000,1.0,0.0,0.018,0.004204283529925164,0.009,0.352,0.291,0.291,0.7090000000000001,0.014363808687113596,3063.755005831975,2024.6363734338295,6370.042127912936,1.5318775029159875,1.0123181867169149,3.1850210639564676,0.7091633871193126,0.04515637159566524,1.4713511374109114
HtZt_6000_2000,HtZt,6000,2000,85,100,1.4,1.2,/eos/uscms/store/user/aji/rootfiles_existingOptimization/HtZt_6000_2000_pt100_ak14_ca12_th85.root,ok,,1000,1000,1.0,0.0,0.003,0.001729450779872038,0.0015,0.274,0.245,0.245,0.755,0.013600551459407815,3974.0941217395,2098.5651928978027,7078.400579721723,1.9870470608697501,1.0492825964489012,3.5392002898608617,0.6265371722806854,0.019852653893001365,1.4802418783676603
HtZt_6000_2000,HtZt,6000,2000,85,140,1.6,1.4,/eos/uscms/store/user/aji/rootfiles_existingOptimization/HtZt_6000_2000_pt140_ak16_ca14_th85.root,ok,,1000,1000,1.0,0.0,0.007,0.0026364749192814255,0.0035,0.336,0.28,0.28,0.72,0.014198591479439079,3134.158207618978,2080.2740449381395,6557.984908082047,1.5670791038094891,1.0401370224690698,3.2789924540410236,0.7143402736113993,0.03978586307810788,1.4910481839923482
HtZt_6000_2000,HtZt,6000,2000,85,120,1.4,1.6,/eos/uscms/store/user/aji/rootfiles_existingOptimization/HtZt_6000_2000_pt120_ak14_ca16_th85.root,ok,,1000,1000,1.0,0.0,0.029,0.005306505441436953,0.0145,0.3635,0.282,0.282,0.718,0.014229406171727618,3020.772884627262,1988.1105539962045,6404.662936784984,1.510386442313631,0.9940552769981023,3.202331468392492,0.7310301951637362,0.06950902485231353,1.5000688393950994
HtZt_6000_2000,HtZt,6000,2000,85,120,1.6,1.4,/eos/uscms/store/user/aji/rootfiles_existingOptimization/HtZt_6000_2000_pt120_ak16_ca14_th85.root,ok,,1000,1000,1.0,0.0,0.006,0.002442130217658346,0.003,0.2645,0.223,0.223,0.777,0.013163244280951409,3834.279841271483,2137.6787693515744,7157.762453967952,1.9171399206357413,1.068839384675787,3.578881226983976,0.6546318855735463,0.03379852089664888,1.5233458776371205
HtZt_6000_2000,HtZt,6000,2000,85,140,1.6,1.6,/eos/uscms/store/user/aji/rootfiles_existingOptimization/HtZt_6000_2000_pt140_ak16_ca16_th85.root,ok,,1000,1000,1.0,0.0,0.018,0.004204283529925164,0.009,0.3355,0.256,0.256,0.744,0.013800869537822608,3126.137819472704,2039.154513167866,6576.279506214298,1.563068909736352,1.0195772565839332,3.288139753107149,0.7256757787172229,0.06690062752967996,1.525982669690858
HtZt_6000_2000,HtZt,6000,2000,85,100,1.4,1.4,/eos/uscms/store/user/aji/rootfiles_existingOptimization/HtZt_6000_2000_pt100_ak14_ca14_th85.root,ok,,1000,1000,1.0,0.0,0.008,0.0028170906978654416,0.004,0.2505,0.207,0.207,0.793,0.012812142677944232,3970.4424903651034,2098.9521358961456,7190.8092147625,1.9852212451825517,1.049476067948073,3.5954046073812505,0.6412203540565741,0.03884494381273915,1.5327424785748294
HtZt_6000_2000,HtZt,6000,2000,85,120,1.6,1.6,/eos/uscms/store/user/aji/rootfiles_existingOptimization/HtZt_6000_2000_pt120_ak16_ca16_th85.root,ok,,1000,1000,1.0,0.0,0.015,0.003843826218756514,0.0075,0.2625,0.203,0.203,0.7969999999999999,0.012719709116170859,3827.0311245478624,2094.735082157329,7094.301310133287,1.9135155622739313,1.0473675410786645,3.547150655066644,0.6531912160195226,0.061374390445014554,1.5415427722469155
HtZt_6000_2000,HtZt,6000,2000,85,100,1.4,1.6,/eos/uscms/store/user/aji/rootfiles_existingOptimization/HtZt_6000_2000_pt100_ak14_ca16_th85.root,ok,,1000,1000,1.0,0.0,0.016,0.003967870965643918,0.008,0.259,0.2,0.2,0.8,0.012649110640673518,3918.01658631855,2057.47604322176,7199.647697657822,1.959008293159275,1.0287380216108801,3.599823848828911,0.6562212718026997,0.06204199505330864,1.5521221011186273
HtZt_6000_2000,HtZt,6000,2000,85,100,1.6,1.4,/eos/uscms/store/user/aji/rootfiles_existingOptimization/HtZt_6000_2000_pt100_ak16_ca14_th85.root,ok,,1000,1000,1.0,0.0,0.002,0.0014127986409959489,0.001,0.164,0.135,0.135,0.865,0.010806248192596726,4874.51947171163,2400.370224310506,7715.296669737365,2.4372597358558155,1.200185112155253,3.8576483348686827,0.5451743988582924,0.03338799260559207,1.553900372443874
HtZt_6000_2000,HtZt,6000,2000,85,100,1.6,1.6,/eos/uscms/store/user/aji/rootfiles_existingOptimization/HtZt_6000_2000_pt100_ak16_ca16_th85.root,ok,,1000,1000,1.0,0.0,0.009,0.002986469487538756,0.0045,0.1685,0.128,0.128,0.872,0.010564847372300274,4801.323674056827,2331.9448095692555,7749.46194336338,2.4006618370284136,1.1659724047846278,3.87473097168169,0.5641691230969075,0.05371281958354632,1.5762353067997488
HtZt_6000_2000,HtZt,6000,2000,85,100,0.8,0.4,/eos/uscms/store/user/aji/rootfiles_existingOptimization/HtZt_6000_2000_pt100_ak8_ca4_th85.root,failed,/eos/uscms/store/user/aji/rootfiles_existingOptimization/HtZt_6000_2000_pt100_ak8_ca4_th85.root,nan,nan,nan,nan,nan,nan,nan,nan,nan,nan,nan,nan,nan,nan,nan,nan,nan,nan,nan,nan,nan
HtZt_6000_2000,HtZt,6000,2000,85,100,1.0,0.4,/eos/uscms/store/user/aji/rootfiles_existingOptimization/HtZt_6000_2000_pt100_ak10_ca4_th85.root,failed,/eos/uscms/store/user/aji/rootfiles_existingOptimization/HtZt_6000_2000_pt100_ak10_ca4_th85.root,nan,nan,nan,nan,nan,nan,nan,nan,nan,nan,nan,nan,nan,nan,nan,nan,nan,nan,nan,nan,nan
HtZt_6000_2000,HtZt,6000,2000,85,100,1.0,0.6,/eos/uscms/store/user/aji/rootfiles_existingOptimization/HtZt_6000_2000_pt100_ak10_ca6_th85.root,failed,/eos/uscms/store/user/aji/rootfiles_existingOptimization/HtZt_6000_2000_pt100_ak10_ca6_th85.root,nan,nan,nan,nan,nan,nan,nan,nan,nan,nan,nan,nan,nan,nan,nan,nan,nan,nan,nan,nan,nan
HtZt_6000_2000,HtZt,6000,2000,85,100,1.2,0.4,/eos/uscms/store/user/aji/rootfiles_existingOptimization/HtZt_6000_2000_pt100_ak12_ca4_th85.root,failed,/eos/uscms/store/user/aji/rootfiles_existingOptimization/HtZt_6000_2000_pt100_ak12_ca4_th85.root,nan,nan,nan,nan,nan,nan,nan,nan,nan,nan,nan,nan,nan,nan,nan,nan,nan,nan,nan,nan,nan
HtZt_6000_2000,HtZt,6000,2000,85,100,1.2,0.6,/eos/uscms/store/user/aji/rootfiles_existingOptimization/HtZt_6000_2000_pt100_ak12_ca6_th85.root,failed,/eos/uscms/store/user/aji/rootfiles_existingOptimization/HtZt_6000_2000_pt100_ak12_ca6_th85.root,nan,nan,nan,nan,nan,nan,nan,nan,nan,nan,nan,nan,nan,nan,nan,nan,nan,nan,nan,nan,nan
HtZt_6000_2000,HtZt,6000,2000,85,100,1.2,0.8,/eos/uscms/store/user/aji/rootfiles_existingOptimization/HtZt_6000_2000_pt100_ak12_ca8_th85.root,failed,/eos/uscms/store/user/aji/rootfiles_existingOptimization/HtZt_6000_2000_pt100_ak12_ca8_th85.root,nan,nan,nan,nan,nan,nan,nan,nan,nan,nan,nan,nan,nan,nan,nan,nan,nan,nan,nan,nan,nan
HtZt_6000_2000,HtZt,6000,2000,85,100,1.4,0.4,/eos/uscms/store/user/aji/rootfiles_existingOptimization/HtZt_6000_2000_pt100_ak14_ca4_th85.root,failed,/eos/uscms/store/user/aji/rootfiles_existingOptimization/HtZt_6000_2000_pt100_ak14_ca4_th85.root,nan,nan,nan,nan,nan,nan,nan,nan,nan,nan,nan,nan,nan,nan,nan,nan,nan,nan,nan,nan,nan
HtZt_6000_2000,HtZt,6000,2000,85,100,1.4,0.6,/eos/uscms/store/user/aji/rootfiles_existingOptimization/HtZt_6000_2000_pt100_ak14_ca6_th85.root,failed,/eos/uscms/store/user/aji/rootfiles_existingOptimization/HtZt_6000_2000_pt100_ak14_ca6_th85.root,nan,nan,nan,nan,nan,nan,nan,nan,nan,nan,nan,nan,nan,nan,nan,nan,nan,nan,nan,nan,nan
HtZt_6000_2000,HtZt,6000,2000,85,100,1.4,0.8,/eos/uscms/store/user/aji/rootfiles_existingOptimization/HtZt_6000_2000_pt100_ak14_ca8_th85.root,failed,/eos/uscms/store/user/aji/rootfiles_existingOptimization/HtZt_6000_2000_pt100_ak14_ca8_th85.root,nan,nan,nan,nan,nan,nan,nan,nan,nan,nan,nan,nan,nan,nan,nan,nan,nan,nan,nan,nan,nan
HtZt_6000_2000,HtZt,6000,2000,85,100,1.4,1.0,/eos/uscms/store/user/aji/rootfiles_existingOptimization/HtZt_6000_2000_pt100_ak14_ca10_th85.root,failed,/eos/uscms/store/user/aji/rootfiles_existingOptimization/HtZt_6000_2000_pt100_ak14_ca10_th85.root,nan,nan,nan,nan,nan,nan,nan,nan,nan,nan,nan,nan,nan,nan,nan,nan,nan,nan,nan,nan,nan
HtZt_6000_2000,HtZt,6000,2000,85,100,1.6,0.4,/eos/uscms/store/user/aji/rootfiles_existingOptimization/HtZt_6000_2000_pt100_ak16_ca4_th85.root,failed,/eos/uscms/store/user/aji/rootfiles_existingOptimization/HtZt_6000_2000_pt100_ak16_ca4_th85.root,nan,nan,nan,nan,nan,nan,nan,nan,nan,nan,nan,nan,nan,nan,nan,nan,nan,nan,nan,nan,nan
HtZt_6000_2000,HtZt,6000,2000,85,100,1.6,0.6,/eos/uscms/store/user/aji/rootfiles_existingOptimization/HtZt_6000_2000_pt100_ak16_ca6_th85.root,failed,/eos/uscms/store/user/aji/rootfiles_existingOptimization/HtZt_6000_2000_pt100_ak16_ca6_th85.root,nan,nan,nan,nan,nan,nan,nan,nan,nan,nan,nan,nan,nan,nan,nan,nan,nan,nan,nan,nan,nan
HtZt_6000_2000,HtZt,6000,2000,85,100,1.6,0.8,/eos/uscms/store/user/aji/rootfiles_existingOptimization/HtZt_6000_2000_pt100_ak16_ca8_th85.root,failed,/eos/uscms/store/user/aji/rootfiles_existingOptimization/HtZt_6000_2000_pt100_ak16_ca8_th85.root,nan,nan,nan,nan,nan,nan,nan,nan,nan,nan,nan,nan,nan,nan,nan,nan,nan,nan,nan,nan,nan
HtZt_6000_2000,HtZt,6000,2000,85,100,1.6,1.0,/eos/uscms/store/user/aji/rootfiles_existingOptimization/HtZt_6000_2000_pt100_ak16_ca10_th85.root,failed,/eos/uscms/store/user/aji/rootfiles_existingOptimization/HtZt_6000_2000_pt100_ak16_ca10_th85.root,nan,nan,nan,nan,nan,nan,nan,nan,nan,nan,nan,nan,nan,nan,nan,nan,nan,nan,nan,nan,nan
HtZt_6000_2000,HtZt,6000,2000,85,100,1.6,1.2,/eos/uscms/store/user/aji/rootfiles_existingOptimization/HtZt_6000_2000_pt100_ak16_ca12_th85.root,failed,/eos/uscms/store/user/aji/rootfiles_existingOptimization/HtZt_6000_2000_pt100_ak16_ca12_th85.root,nan,nan,nan,nan,nan,nan,nan,nan,nan,nan,nan,nan,nan,nan,nan,nan,nan,nan,nan,nan,nan
HtZt_6000_2000,HtZt,6000,2000,85,120,0.8,0.4,/eos/uscms/store/user/aji/rootfiles_existingOptimization/HtZt_6000_2000_pt120_ak8_ca4_th85.root,failed,/eos/uscms/store/user/aji/rootfiles_existingOptimization/HtZt_6000_2000_pt120_ak8_ca4_th85.root,nan,nan,nan,nan,nan,nan,nan,nan,nan,nan,nan,nan,nan,nan,nan,nan,nan,nan,nan,nan,nan
HtZt_6000_2000,HtZt,6000,2000,85,120,1.0,0.4,/eos/uscms/store/user/aji/rootfiles_existingOptimization/HtZt_6000_2000_pt120_ak10_ca4_th85.root,failed,/eos/uscms/store/user/aji/rootfiles_existingOptimization/HtZt_6000_2000_pt120_ak10_ca4_th85.root,nan,nan,nan,nan,nan,nan,nan,nan,nan,nan,nan,nan,nan,nan,nan,nan,nan,nan,nan,nan,nan
HtZt_6000_2000,HtZt,6000,2000,85,120,1.0,0.6,/eos/uscms/store/user/aji/rootfiles_existingOptimization/HtZt_6000_2000_pt120_ak10_ca6_th85.root,failed,/eos/uscms/store/user/aji/rootfiles_existingOptimization/HtZt_6000_2000_pt120_ak10_ca6_th85.root,nan,nan,nan,nan,nan,nan,nan,nan,nan,nan,nan,nan,nan,nan,nan,nan,nan,nan,nan,nan,nan
HtZt_6000_2000,HtZt,6000,2000,85,120,1.2,0.4,/eos/uscms/store/user/aji/rootfiles_existingOptimization/HtZt_6000_2000_pt120_ak12_ca4_th85.root,failed,/eos/uscms/store/user/aji/rootfiles_existingOptimization/HtZt_6000_2000_pt120_ak12_ca4_th85.root,nan,nan,nan,nan,nan,nan,nan,nan,nan,nan,nan,nan,nan,nan,nan,nan,nan,nan,nan,nan,nan
HtZt_6000_2000,HtZt,6000,2000,85,120,1.2,0.6,/eos/uscms/store/user/aji/rootfiles_existingOptimization/HtZt_6000_2000_pt120_ak12_ca6_th85.root,failed,/eos/uscms/store/user/aji/rootfiles_existingOptimization/HtZt_6000_2000_pt120_ak12_ca6_th85.root,nan,nan,nan,nan,nan,nan,nan,nan,nan,nan,nan,nan,nan,nan,nan,nan,nan,nan,nan,nan,nan
HtZt_6000_2000,HtZt,6000,2000,85,120,1.2,0.8,/eos/uscms/store/user/aji/rootfiles_existingOptimization/HtZt_6000_2000_pt120_ak12_ca8_th85.root,failed,/eos/uscms/store/user/aji/rootfiles_existingOptimization/HtZt_6000_2000_pt120_ak12_ca8_th85.root,nan,nan,nan,nan,nan,nan,nan,nan,nan,nan,nan,nan,nan,nan,nan,nan,nan,nan,nan,nan,nan
HtZt_6000_2000,HtZt,6000,2000,85,120,1.4,0.4,/eos/uscms/store/user/aji/rootfiles_existingOptimization/HtZt_6000_2000_pt120_ak14_ca4_th85.root,failed,/eos/uscms/store/user/aji/rootfiles_existingOptimization/HtZt_6000_2000_pt120_ak14_ca4_th85.root,nan,nan,nan,nan,nan,nan,nan,nan,nan,nan,nan,nan,nan,nan,nan,nan,nan,nan,nan,nan,nan
HtZt_6000_2000,HtZt,6000,2000,85,120,1.4,0.6,/eos/uscms/store/user/aji/rootfiles_existingOptimization/HtZt_6000_2000_pt120_ak14_ca6_th85.root,failed,/eos/uscms/store/user/aji/rootfiles_existingOptimization/HtZt_6000_2000_pt120_ak14_ca6_th85.root,nan,nan,nan,nan,nan,nan,nan,nan,nan,nan,nan,nan,nan,nan,nan,nan,nan,nan,nan,nan,nan
HtZt_6000_2000,HtZt,6000,2000,85,120,1.4,0.8,/eos/uscms/store/user/aji/rootfiles_existingOptimization/HtZt_6000_2000_pt120_ak14_ca8_th85.root,failed,/eos/uscms/store/user/aji/rootfiles_existingOptimization/HtZt_6000_2000_pt120_ak14_ca8_th85.root,nan,nan,nan,nan,nan,nan,nan,nan,nan,nan,nan,nan,nan,nan,nan,nan,nan,nan,nan,nan,nan
HtZt_6000_2000,HtZt,6000,2000,85,120,1.4,1.0,/eos/uscms/store/user/aji/rootfiles_existingOptimization/HtZt_6000_2000_pt120_ak14_ca10_th85.root,failed,/eos/uscms/store/user/aji/rootfiles_existingOptimization/HtZt_6000_2000_pt120_ak14_ca10_th85.root,nan,nan,nan,nan,nan,nan,nan,nan,nan,nan,nan,nan,nan,nan,nan,nan,nan,nan,nan,nan,nan
HtZt_6000_2000,HtZt,6000,2000,85,120,1.6,0.4,/eos/uscms/store/user/aji/rootfiles_existingOptimization/HtZt_6000_2000_pt120_ak16_ca4_th85.root,failed,/eos/uscms/store/user/aji/rootfiles_existingOptimization/HtZt_6000_2000_pt120_ak16_ca4_th85.root,nan,nan,nan,nan,nan,nan,nan,nan,nan,nan,nan,nan,nan,nan,nan,nan,nan,nan,nan,nan,nan
HtZt_6000_2000,HtZt,6000,2000,85,120,1.6,0.6,/eos/uscms/store/user/aji/rootfiles_existingOptimization/HtZt_6000_2000_pt120_ak16_ca6_th85.root,failed,/eos/uscms/store/user/aji/rootfiles_existingOptimization/HtZt_6000_2000_pt120_ak16_ca6_th85.root,nan,nan,nan,nan,nan,nan,nan,nan,nan,nan,nan,nan,nan,nan,nan,nan,nan,nan,nan,nan,nan
HtZt_6000_2000,HtZt,6000,2000,85,120,1.6,0.8,/eos/uscms/store/user/aji/rootfiles_existingOptimization/HtZt_6000_2000_pt120_ak16_ca8_th85.root,failed,/eos/uscms/store/user/aji/rootfiles_existingOptimization/HtZt_6000_2000_pt120_ak16_ca8_th85.root,nan,nan,nan,nan,nan,nan,nan,nan,nan,nan,nan,nan,nan,nan,nan,nan,nan,nan,nan,nan,nan
HtZt_6000_2000,HtZt,6000,2000,85,120,1.6,1.0,/eos/uscms/store/user/aji/rootfiles_existingOptimization/HtZt_6000_2000_pt120_ak16_ca10_th85.root,failed,/eos/uscms/store/user/aji/rootfiles_existingOptimization/HtZt_6000_2000_pt120_ak16_ca10_th85.root,nan,nan,nan,nan,nan,nan,nan,nan,nan,nan,nan,nan,nan,nan,nan,nan,nan,nan,nan,nan,nan
HtZt_6000_2000,HtZt,6000,2000,85,120,1.6,1.2,/eos/uscms/store/user/aji/rootfiles_existingOptimization/HtZt_6000_2000_pt120_ak16_ca12_th85.root,failed,/eos/uscms/store/user/aji/rootfiles_existingOptimization/HtZt_6000_2000_pt120_ak16_ca12_th85.root,nan,nan,nan,nan,nan,nan,nan,nan,nan,nan,nan,nan,nan,nan,nan,nan,nan,nan,nan,nan,nan
HtZt_6000_2000,HtZt,6000,2000,85,140,0.8,0.4,/eos/uscms/store/user/aji/rootfiles_existingOptimization/HtZt_6000_2000_pt140_ak8_ca4_th85.root,failed,/eos/uscms/store/user/aji/rootfiles_existingOptimization/HtZt_6000_2000_pt140_ak8_ca4_th85.root,nan,nan,nan,nan,nan,nan,nan,nan,nan,nan,nan,nan,nan,nan,nan,nan,nan,nan,nan,nan,nan
HtZt_6000_2000,HtZt,6000,2000,85,140,1.0,0.4,/eos/uscms/store/user/aji/rootfiles_existingOptimization/HtZt_6000_2000_pt140_ak10_ca4_th85.root,failed,/eos/uscms/store/user/aji/rootfiles_existingOptimization/HtZt_6000_2000_pt140_ak10_ca4_th85.root,nan,nan,nan,nan,nan,nan,nan,nan,nan,nan,nan,nan,nan,nan,nan,nan,nan,nan,nan,nan,nan
HtZt_6000_2000,HtZt,6000,2000,85,140,1.0,0.6,/eos/uscms/store/user/aji/rootfiles_existingOptimization/HtZt_6000_2000_pt140_ak10_ca6_th85.root,failed,/eos/uscms/store/user/aji/rootfiles_existingOptimization/HtZt_6000_2000_pt140_ak10_ca6_th85.root,nan,nan,nan,nan,nan,nan,nan,nan,nan,nan,nan,nan,nan,nan,nan,nan,nan,nan,nan,nan,nan
HtZt_6000_2000,HtZt,6000,2000,85,140,1.2,0.4,/eos/uscms/store/user/aji/rootfiles_existingOptimization/HtZt_6000_2000_pt140_ak12_ca4_th85.root,failed,/eos/uscms/store/user/aji/rootfiles_existingOptimization/HtZt_6000_2000_pt140_ak12_ca4_th85.root,nan,nan,nan,nan,nan,nan,nan,nan,nan,nan,nan,nan,nan,nan,nan,nan,nan,nan,nan,nan,nan
HtZt_6000_2000,HtZt,6000,2000,85,140,1.2,0.6,/eos/uscms/store/user/aji/rootfiles_existingOptimization/HtZt_6000_2000_pt140_ak12_ca6_th85.root,failed,/eos/uscms/store/user/aji/rootfiles_existingOptimization/HtZt_6000_2000_pt140_ak12_ca6_th85.root,nan,nan,nan,nan,nan,nan,nan,nan,nan,nan,nan,nan,nan,nan,nan,nan,nan,nan,nan,nan,nan
HtZt_6000_2000,HtZt,6000,2000,85,140,1.2,0.8,/eos/uscms/store/user/aji/rootfiles_existingOptimization/HtZt_6000_2000_pt140_ak12_ca8_th85.root,failed,/eos/uscms/store/user/aji/rootfiles_existingOptimization/HtZt_6000_2000_pt140_ak12_ca8_th85.root,nan,nan,nan,nan,nan,nan,nan,nan,nan,nan,nan,nan,nan,nan,nan,nan,nan,nan,nan,nan,nan
HtZt_6000_2000,HtZt,6000,2000,85,140,1.4,0.4,/eos/uscms/store/user/aji/rootfiles_existingOptimization/HtZt_6000_2000_pt140_ak14_ca4_th85.root,failed,/eos/uscms/store/user/aji/rootfiles_existingOptimization/HtZt_6000_2000_pt140_ak14_ca4_th85.root,nan,nan,nan,nan,nan,nan,nan,nan,nan,nan,nan,nan,nan,nan,nan,nan,nan,nan,nan,nan,nan
HtZt_6000_2000,HtZt,6000,2000,85,140,1.4,0.6,/eos/uscms/store/user/aji/rootfiles_existingOptimization/HtZt_6000_2000_pt140_ak14_ca6_th85.root,failed,/eos/uscms/store/user/aji/rootfiles_existingOptimization/HtZt_6000_2000_pt140_ak14_ca6_th85.root,nan,nan,nan,nan,nan,nan,nan,nan,nan,nan,nan,nan,nan,nan,nan,nan,nan,nan,nan,nan,nan
HtZt_6000_2000,HtZt,6000,2000,85,140,1.4,0.8,/eos/uscms/store/user/aji/rootfiles_existingOptimization/HtZt_6000_2000_pt140_ak14_ca8_th85.root,failed,/eos/uscms/store/user/aji/rootfiles_existingOptimization/HtZt_6000_2000_pt140_ak14_ca8_th85.root,nan,nan,nan,nan,nan,nan,nan,nan,nan,nan,nan,nan,nan,nan,nan,nan,nan,nan,nan,nan,nan
HtZt_6000_2000,HtZt,6000,2000,85,140,1.4,1.0,/eos/uscms/store/user/aji/rootfiles_existingOptimization/HtZt_6000_2000_pt140_ak14_ca10_th85.root,failed,/eos/uscms/store/user/aji/rootfiles_existingOptimization/HtZt_6000_2000_pt140_ak14_ca10_th85.root,nan,nan,nan,nan,nan,nan,nan,nan,nan,nan,nan,nan,nan,nan,nan,nan,nan,nan,nan,nan,nan
HtZt_6000_2000,HtZt,6000,2000,85,140,1.6,0.4,/eos/uscms/store/user/aji/rootfiles_existingOptimization/HtZt_6000_2000_pt140_ak16_ca4_th85.root,failed,/eos/uscms/store/user/aji/rootfiles_existingOptimization/HtZt_6000_2000_pt140_ak16_ca4_th85.root,nan,nan,nan,nan,nan,nan,nan,nan,nan,nan,nan,nan,nan,nan,nan,nan,nan,nan,nan,nan,nan
HtZt_6000_2000,HtZt,6000,2000,85,140,1.6,0.6,/eos/uscms/store/user/aji/rootfiles_existingOptimization/HtZt_6000_2000_pt140_ak16_ca6_th85.root,failed,/eos/uscms/store/user/aji/rootfiles_existingOptimization/HtZt_6000_2000_pt140_ak16_ca6_th85.root,nan,nan,nan,nan,nan,nan,nan,nan,nan,nan,nan,nan,nan,nan,nan,nan,nan,nan,nan,nan,nan
HtZt_6000_2000,HtZt,6000,2000,85,140,1.6,0.8,/eos/uscms/store/user/aji/rootfiles_existingOptimization/HtZt_6000_2000_pt140_ak16_ca8_th85.root,failed,/eos/uscms/store/user/aji/rootfiles_existingOptimization/HtZt_6000_2000_pt140_ak16_ca8_th85.root,nan,nan,nan,nan,nan,nan,nan,nan,nan,nan,nan,nan,nan,nan,nan,nan,nan,nan,nan,nan,nan
HtZt_6000_2000,HtZt,6000,2000,85,140,1.6,1.0,/eos/uscms/store/user/aji/rootfiles_existingOptimization/HtZt_6000_2000_pt140_ak16_ca10_th85.root,failed,/eos/uscms/store/user/aji/rootfiles_existingOptimization/HtZt_6000_2000_pt140_ak16_ca10_th85.root,nan,nan,nan,nan,nan,nan,nan,nan,nan,nan,nan,nan,nan,nan,nan,nan,nan,nan,nan,nan,nan
HtZt_6000_2000,HtZt,6000,2000,85,140,1.6,1.2,/eos/uscms/store/user/aji/rootfiles_existingOptimization/HtZt_6000_2000_pt140_ak16_ca12_th85.root,failed,/eos/uscms/store/user/aji/rootfiles_existingOptimization/HtZt_6000_2000_pt140_ak16_ca12_th85.root,nan,nan,nan,nan,nan,nan,nan,nan,nan,nan,nan,nan,nan,nan,nan,nan,nan,nan,nan,nan,nan
HtZt_6000_2000,HtZt,6000,2000,85,160,0.8,0.4,/eos/uscms/store/user/aji/rootfiles_existingOptimization/HtZt_6000_2000_pt160_ak8_ca4_th85.root,failed,/eos/uscms/store/user/aji/rootfiles_existingOptimization/HtZt_6000_2000_pt160_ak8_ca4_th85.root,nan,nan,nan,nan,nan,nan,nan,nan,nan,nan,nan,nan,nan,nan,nan,nan,nan,nan,nan,nan,nan
HtZt_6000_2000,HtZt,6000,2000,85,160,1.0,0.4,/eos/uscms/store/user/aji/rootfiles_existingOptimization/HtZt_6000_2000_pt160_ak10_ca4_th85.root,failed,/eos/uscms/store/user/aji/rootfiles_existingOptimization/HtZt_6000_2000_pt160_ak10_ca4_th85.root,nan,nan,nan,nan,nan,nan,nan,nan,nan,nan,nan,nan,nan,nan,nan,nan,nan,nan,nan,nan,nan
HtZt_6000_2000,HtZt,6000,2000,85,160,1.0,0.6,/eos/uscms/store/user/aji/rootfiles_existingOptimization/HtZt_6000_2000_pt160_ak10_ca6_th85.root,failed,/eos/uscms/store/user/aji/rootfiles_existingOptimization/HtZt_6000_2000_pt160_ak10_ca6_th85.root,nan,nan,nan,nan,nan,nan,nan,nan,nan,nan,nan,nan,nan,nan,nan,nan,nan,nan,nan,nan,nan
HtZt_6000_2000,HtZt,6000,2000,85,160,1.2,0.4,/eos/uscms/store/user/aji/rootfiles_existingOptimization/HtZt_6000_2000_pt160_ak12_ca4_th85.root,failed,/eos/uscms/store/user/aji/rootfiles_existingOptimization/HtZt_6000_2000_pt160_ak12_ca4_th85.root,nan,nan,nan,nan,nan,nan,nan,nan,nan,nan,nan,nan,nan,nan,nan,nan,nan,nan,nan,nan,nan
HtZt_6000_2000,HtZt,6000,2000,85,160,1.2,0.6,/eos/uscms/store/user/aji/rootfiles_existingOptimization/HtZt_6000_2000_pt160_ak12_ca6_th85.root,failed,/eos/uscms/store/user/aji/rootfiles_existingOptimization/HtZt_6000_2000_pt160_ak12_ca6_th85.root,nan,nan,nan,nan,nan,nan,nan,nan,nan,nan,nan,nan,nan,nan,nan,nan,nan,nan,nan,nan,nan
HtZt_6000_2000,HtZt,6000,2000,85,160,1.2,0.8,/eos/uscms/store/user/aji/rootfiles_existingOptimization/HtZt_6000_2000_pt160_ak12_ca8_th85.root,failed,/eos/uscms/store/user/aji/rootfiles_existingOptimization/HtZt_6000_2000_pt160_ak12_ca8_th85.root,nan,nan,nan,nan,nan,nan,nan,nan,nan,nan,nan,nan,nan,nan,nan,nan,nan,nan,nan,nan,nan
HtZt_6000_2000,HtZt,6000,2000,85,160,1.4,0.4,/eos/uscms/store/user/aji/rootfiles_existingOptimization/HtZt_6000_2000_pt160_ak14_ca4_th85.root,failed,/eos/uscms/store/user/aji/rootfiles_existingOptimization/HtZt_6000_2000_pt160_ak14_ca4_th85.root,nan,nan,nan,nan,nan,nan,nan,nan,nan,nan,nan,nan,nan,nan,nan,nan,nan,nan,nan,nan,nan
HtZt_6000_2000,HtZt,6000,2000,85,160,1.4,0.6,/eos/uscms/store/user/aji/rootfiles_existingOptimization/HtZt_6000_2000_pt160_ak14_ca6_th85.root,failed,/eos/uscms/store/user/aji/rootfiles_existingOptimization/HtZt_6000_2000_pt160_ak14_ca6_th85.root,nan,nan,nan,nan,nan,nan,nan,nan,nan,nan,nan,nan,nan,nan,nan,nan,nan,nan,nan,nan,nan
HtZt_6000_2000,HtZt,6000,2000,85,160,1.4,0.8,/eos/uscms/store/user/aji/rootfiles_existingOptimization/HtZt_6000_2000_pt160_ak14_ca8_th85.root,failed,/eos/uscms/store/user/aji/rootfiles_existingOptimization/HtZt_6000_2000_pt160_ak14_ca8_th85.root,nan,nan,nan,nan,nan,nan,nan,nan,nan,nan,nan,nan,nan,nan,nan,nan,nan,nan,nan,nan,nan
HtZt_6000_2000,HtZt,6000,2000,85,160,1.4,1.0,/eos/uscms/store/user/aji/rootfiles_existingOptimization/HtZt_6000_2000_pt160_ak14_ca10_th85.root,failed,/eos/uscms/store/user/aji/rootfiles_existingOptimization/HtZt_6000_2000_pt160_ak14_ca10_th85.root,nan,nan,nan,nan,nan,nan,nan,nan,nan,nan,nan,nan,nan,nan,nan,nan,nan,nan,nan,nan,nan
HtZt_6000_2000,HtZt,6000,2000,85,160,1.6,0.4,/eos/uscms/store/user/aji/rootfiles_existingOptimization/HtZt_6000_2000_pt160_ak16_ca4_th85.root,failed,/eos/uscms/store/user/aji/rootfiles_existingOptimization/HtZt_6000_2000_pt160_ak16_ca4_th85.root,nan,nan,nan,nan,nan,nan,nan,nan,nan,nan,nan,nan,nan,nan,nan,nan,nan,nan,nan,nan,nan
HtZt_6000_2000,HtZt,6000,2000,85,160,1.6,0.6,/eos/uscms/store/user/aji/rootfiles_existingOptimization/HtZt_6000_2000_pt160_ak16_ca6_th85.root,failed,/eos/uscms/store/user/aji/rootfiles_existingOptimization/HtZt_6000_2000_pt160_ak16_ca6_th85.root,nan,nan,nan,nan,nan,nan,nan,nan,nan,nan,nan,nan,nan,nan,nan,nan,nan,nan,nan,nan,nan
HtZt_6000_2000,HtZt,6000,2000,85,160,1.6,0.8,/eos/uscms/store/user/aji/rootfiles_existingOptimization/HtZt_6000_2000_pt160_ak16_ca8_th85.root,failed,/eos/uscms/store/user/aji/rootfiles_existingOptimization/HtZt_6000_2000_pt160_ak16_ca8_th85.root,nan,nan,nan,nan,nan,nan,nan,nan,nan,nan,nan,nan,nan,nan,nan,nan,nan,nan,nan,nan,nan
HtZt_6000_2000,HtZt,6000,2000,85,160,1.6,1.0,/eos/uscms/store/user/aji/rootfiles_existingOptimization/HtZt_6000_2000_pt160_ak16_ca10_th85.root,failed,/eos/uscms/store/user/aji/rootfiles_existingOptimization/HtZt_6000_2000_pt160_ak16_ca10_th85.root,nan,nan,nan,nan,nan,nan,nan,nan,nan,nan,nan,nan,nan,nan,nan,nan,nan,nan,nan,nan,nan
HtZt_6000_2000,HtZt,6000,2000,85,160,1.6,1.2,/eos/uscms/store/user/aji/rootfiles_existingOptimization/HtZt_6000_2000_pt160_ak16_ca12_th85.root,failed,/eos/uscms/store/user/aji/rootfiles_existingOptimization/HtZt_6000_2000_pt160_ak16_ca12_th85.root,nan,nan,nan,nan,nan,nan,nan,nan,nan,nan,nan,nan,nan,nan,nan,nan,nan,nan,nan,nan,nan
HtZt_6000_2000,HtZt,6000,2000,85,180,0.8,0.4,/eos/uscms/store/user/aji/rootfiles_existingOptimization/HtZt_6000_2000_pt180_ak8_ca4_th85.root,failed,/eos/uscms/store/user/aji/rootfiles_existingOptimization/HtZt_6000_2000_pt180_ak8_ca4_th85.root,nan,nan,nan,nan,nan,nan,nan,nan,nan,nan,nan,nan,nan,nan,nan,nan,nan,nan,nan,nan,nan
HtZt_6000_2000,HtZt,6000,2000,85,180,1.0,0.4,/eos/uscms/store/user/aji/rootfiles_existingOptimization/HtZt_6000_2000_pt180_ak10_ca4_th85.root,failed,/eos/uscms/store/user/aji/rootfiles_existingOptimization/HtZt_6000_2000_pt180_ak10_ca4_th85.root,nan,nan,nan,nan,nan,nan,nan,nan,nan,nan,nan,nan,nan,nan,nan,nan,nan,nan,nan,nan,nan
HtZt_6000_2000,HtZt,6000,2000,85,180,1.0,0.6,/eos/uscms/store/user/aji/rootfiles_existingOptimization/HtZt_6000_2000_pt180_ak10_ca6_th85.root,failed,/eos/uscms/store/user/aji/rootfiles_existingOptimization/HtZt_6000_2000_pt180_ak10_ca6_th85.root,nan,nan,nan,nan,nan,nan,nan,nan,nan,nan,nan,nan,nan,nan,nan,nan,nan,nan,nan,nan,nan
HtZt_6000_2000,HtZt,6000,2000,85,180,1.2,0.4,/eos/uscms/store/user/aji/rootfiles_existingOptimization/HtZt_6000_2000_pt180_ak12_ca4_th85.root,failed,/eos/uscms/store/user/aji/rootfiles_existingOptimization/HtZt_6000_2000_pt180_ak12_ca4_th85.root,nan,nan,nan,nan,nan,nan,nan,nan,nan,nan,nan,nan,nan,nan,nan,nan,nan,nan,nan,nan,nan
HtZt_6000_2000,HtZt,6000,2000,85,180,1.2,0.6,/eos/uscms/store/user/aji/rootfiles_existingOptimization/HtZt_6000_2000_pt180_ak12_ca6_th85.root,failed,/eos/uscms/store/user/aji/rootfiles_existingOptimization/HtZt_6000_2000_pt180_ak12_ca6_th85.root,nan,nan,nan,nan,nan,nan,nan,nan,nan,nan,nan,nan,nan,nan,nan,nan,nan,nan,nan,nan,nan
HtZt_6000_2000,HtZt,6000,2000,85,180,1.2,0.8,/eos/uscms/store/user/aji/rootfiles_existingOptimization/HtZt_6000_2000_pt180_ak12_ca8_th85.root,failed,/eos/uscms/store/user/aji/rootfiles_existingOptimization/HtZt_6000_2000_pt180_ak12_ca8_th85.root,nan,nan,nan,nan,nan,nan,nan,nan,nan,nan,nan,nan,nan,nan,nan,nan,nan,nan,nan,nan,nan
HtZt_6000_2000,HtZt,6000,2000,85,180,1.4,0.4,/eos/uscms/store/user/aji/rootfiles_existingOptimization/HtZt_6000_2000_pt180_ak14_ca4_th85.root,failed,/eos/uscms/store/user/aji/rootfiles_existingOptimization/HtZt_6000_2000_pt180_ak14_ca4_th85.root,nan,nan,nan,nan,nan,nan,nan,nan,nan,nan,nan,nan,nan,nan,nan,nan,nan,nan,nan,nan,nan
HtZt_6000_2000,HtZt,6000,2000,85,180,1.4,0.6,/eos/uscms/store/user/aji/rootfiles_existingOptimization/HtZt_6000_2000_pt180_ak14_ca6_th85.root,failed,/eos/uscms/store/user/aji/rootfiles_existingOptimization/HtZt_6000_2000_pt180_ak14_ca6_th85.root,nan,nan,nan,nan,nan,nan,nan,nan,nan,nan,nan,nan,nan,nan,nan,nan,nan,nan,nan,nan,nan
HtZt_6000_2000,HtZt,6000,2000,85,180,1.4,0.8,/eos/uscms/store/user/aji/rootfiles_existingOptimization/HtZt_6000_2000_pt180_ak14_ca8_th85.root,failed,/eos/uscms/store/user/aji/rootfiles_existingOptimization/HtZt_6000_2000_pt180_ak14_ca8_th85.root,nan,nan,nan,nan,nan,nan,nan,nan,nan,nan,nan,nan,nan,nan,nan,nan,nan,nan,nan,nan,nan
HtZt_6000_2000,HtZt,6000,2000,85,180,1.4,1.0,/eos/uscms/store/user/aji/rootfiles_existingOptimization/HtZt_6000_2000_pt180_ak14_ca10_th85.root,failed,/eos/uscms/store/user/aji/rootfiles_existingOptimization/HtZt_6000_2000_pt180_ak14_ca10_th85.root,nan,nan,nan,nan,nan,nan,nan,nan,nan,nan,nan,nan,nan,nan,nan,nan,nan,nan,nan,nan,nan
HtZt_6000_2000,HtZt,6000,2000,85,180,1.6,0.4,/eos/uscms/store/user/aji/rootfiles_existingOptimization/HtZt_6000_2000_pt180_ak16_ca4_th85.root,failed,/eos/uscms/store/user/aji/rootfiles_existingOptimization/HtZt_6000_2000_pt180_ak16_ca4_th85.root,nan,nan,nan,nan,nan,nan,nan,nan,nan,nan,nan,nan,nan,nan,nan,nan,nan,nan,nan,nan,nan
HtZt_6000_2000,HtZt,6000,2000,85,180,1.6,0.6,/eos/uscms/store/user/aji/rootfiles_existingOptimization/HtZt_6000_2000_pt180_ak16_ca6_th85.root,failed,/eos/uscms/store/user/aji/rootfiles_existingOptimization/HtZt_6000_2000_pt180_ak16_ca6_th85.root,nan,nan,nan,nan,nan,nan,nan,nan,nan,nan,nan,nan,nan,nan,nan,nan,nan,nan,nan,nan,nan
HtZt_6000_2000,HtZt,6000,2000,85,180,1.6,0.8,/eos/uscms/store/user/aji/rootfiles_existingOptimization/HtZt_6000_2000_pt180_ak16_ca8_th85.root,failed,/eos/uscms/store/user/aji/rootfiles_existingOptimization/HtZt_6000_2000_pt180_ak16_ca8_th85.root,nan,nan,nan,nan,nan,nan,nan,nan,nan,nan,nan,nan,nan,nan,nan,nan,nan,nan,nan,nan,nan
HtZt_6000_2000,HtZt,6000,2000,85,180,1.6,1.0,/eos/uscms/store/user/aji/rootfiles_existingOptimization/HtZt_6000_2000_pt180_ak16_ca10_th85.root,failed,/eos/uscms/store/user/aji/rootfiles_existingOptimization/HtZt_6000_2000_pt180_ak16_ca10_th85.root,nan,nan,nan,nan,nan,nan,nan,nan,nan,nan,nan,nan,nan,nan,nan,nan,nan,nan,nan,nan,nan
HtZt_6000_2000,HtZt,6000,2000,85,180,1.6,1.2,/eos/uscms/store/user/aji/rootfiles_existingOptimization/HtZt_6000_2000_pt180_ak16_ca12_th85.root,failed,/eos/uscms/store/user/aji/rootfiles_existingOptimization/HtZt_6000_2000_pt180_ak16_ca12_th85.root,nan,nan,nan,nan,nan,nan,nan,nan,nan,nan,nan,nan,nan,nan,nan,nan,nan,nan,nan,nan,nan
HtZt_6000_2000,HtZt,6000,2000,85,200,0.8,0.4,/eos/uscms/store/user/aji/rootfiles_existingOptimization/HtZt_6000_2000_pt200_ak8_ca4_th85.root,failed,/eos/uscms/store/user/aji/rootfiles_existingOptimization/HtZt_6000_2000_pt200_ak8_ca4_th85.root,nan,nan,nan,nan,nan,nan,nan,nan,nan,nan,nan,nan,nan,nan,nan,nan,nan,nan,nan,nan,nan
HtZt_6000_2000,HtZt,6000,2000,85,200,1.0,0.4,/eos/uscms/store/user/aji/rootfiles_existingOptimization/HtZt_6000_2000_pt200_ak10_ca4_th85.root,failed,/eos/uscms/store/user/aji/rootfiles_existingOptimization/HtZt_6000_2000_pt200_ak10_ca4_th85.root,nan,nan,nan,nan,nan,nan,nan,nan,nan,nan,nan,nan,nan,nan,nan,nan,nan,nan,nan,nan,nan
HtZt_6000_2000,HtZt,6000,2000,85,200,1.0,0.6,/eos/uscms/store/user/aji/rootfiles_existingOptimization/HtZt_6000_2000_pt200_ak10_ca6_th85.root,failed,/eos/uscms/store/user/aji/rootfiles_existingOptimization/HtZt_6000_2000_pt200_ak10_ca6_th85.root,nan,nan,nan,nan,nan,nan,nan,nan,nan,nan,nan,nan,nan,nan,nan,nan,nan,nan,nan,nan,nan
HtZt_6000_2000,HtZt,6000,2000,85,200,1.2,0.4,/eos/uscms/store/user/aji/rootfiles_existingOptimization/HtZt_6000_2000_pt200_ak12_ca4_th85.root,failed,/eos/uscms/store/user/aji/rootfiles_existingOptimization/HtZt_6000_2000_pt200_ak12_ca4_th85.root,nan,nan,nan,nan,nan,nan,nan,nan,nan,nan,nan,nan,nan,nan,nan,nan,nan,nan,nan,nan,nan
HtZt_6000_2000,HtZt,6000,2000,85,200,1.2,0.6,/eos/uscms/store/user/aji/rootfiles_existingOptimization/HtZt_6000_2000_pt200_ak12_ca6_th85.root,failed,/eos/uscms/store/user/aji/rootfiles_existingOptimization/HtZt_6000_2000_pt200_ak12_ca6_th85.root,nan,nan,nan,nan,nan,nan,nan,nan,nan,nan,nan,nan,nan,nan,nan,nan,nan,nan,nan,nan,nan
HtZt_6000_2000,HtZt,6000,2000,85,200,1.2,0.8,/eos/uscms/store/user/aji/rootfiles_existingOptimization/HtZt_6000_2000_pt200_ak12_ca8_th85.root,failed,/eos/uscms/store/user/aji/rootfiles_existingOptimization/HtZt_6000_2000_pt200_ak12_ca8_th85.root,nan,nan,nan,nan,nan,nan,nan,nan,nan,nan,nan,nan,nan,nan,nan,nan,nan,nan,nan,nan,nan
HtZt_6000_2000,HtZt,6000,2000,85,200,1.4,0.4,/eos/uscms/store/user/aji/rootfiles_existingOptimization/HtZt_6000_2000_pt200_ak14_ca4_th85.root,failed,/eos/uscms/store/user/aji/rootfiles_existingOptimization/HtZt_6000_2000_pt200_ak14_ca4_th85.root,nan,nan,nan,nan,nan,nan,nan,nan,nan,nan,nan,nan,nan,nan,nan,nan,nan,nan,nan,nan,nan
HtZt_6000_2000,HtZt,6000,2000,85,200,1.4,0.6,/eos/uscms/store/user/aji/rootfiles_existingOptimization/HtZt_6000_2000_pt200_ak14_ca6_th85.root,failed,/eos/uscms/store/user/aji/rootfiles_existingOptimization/HtZt_6000_2000_pt200_ak14_ca6_th85.root,nan,nan,nan,nan,nan,nan,nan,nan,nan,nan,nan,nan,nan,nan,nan,nan,nan,nan,nan,nan,nan
HtZt_6000_2000,HtZt,6000,2000,85,200,1.4,0.8,/eos/uscms/store/user/aji/rootfiles_existingOptimization/HtZt_6000_2000_pt200_ak14_ca8_th85.root,failed,/eos/uscms/store/user/aji/rootfiles_existingOptimization/HtZt_6000_2000_pt200_ak14_ca8_th85.root,nan,nan,nan,nan,nan,nan,nan,nan,nan,nan,nan,nan,nan,nan,nan,nan,nan,nan,nan,nan,nan
HtZt_6000_2000,HtZt,6000,2000,85,200,1.4,1.0,/eos/uscms/store/user/aji/rootfiles_existingOptimization/HtZt_6000_2000_pt200_ak14_ca10_th85.root,failed,/eos/uscms/store/user/aji/rootfiles_existingOptimization/HtZt_6000_2000_pt200_ak14_ca10_th85.root,nan,nan,nan,nan,nan,nan,nan,nan,nan,nan,nan,nan,nan,nan,nan,nan,nan,nan,nan,nan,nan
HtZt_6000_2000,HtZt,6000,2000,85,200,1.6,0.4,/eos/uscms/store/user/aji/rootfiles_existingOptimization/HtZt_6000_2000_pt200_ak16_ca4_th85.root,failed,/eos/uscms/store/user/aji/rootfiles_existingOptimization/HtZt_6000_2000_pt200_ak16_ca4_th85.root,nan,nan,nan,nan,nan,nan,nan,nan,nan,nan,nan,nan,nan,nan,nan,nan,nan,nan,nan,nan,nan
HtZt_6000_2000,HtZt,6000,2000,85,200,1.6,0.6,/eos/uscms/store/user/aji/rootfiles_existingOptimization/HtZt_6000_2000_pt200_ak16_ca6_th85.root,failed,/eos/uscms/store/user/aji/rootfiles_existingOptimization/HtZt_6000_2000_pt200_ak16_ca6_th85.root,nan,nan,nan,nan,nan,nan,nan,nan,nan,nan,nan,nan,nan,nan,nan,nan,nan,nan,nan,nan,nan
HtZt_6000_2000,HtZt,6000,2000,85,200,1.6,0.8,/eos/uscms/store/user/aji/rootfiles_existingOptimization/HtZt_6000_2000_pt200_ak16_ca8_th85.root,failed,/eos/uscms/store/user/aji/rootfiles_existingOptimization/HtZt_6000_2000_pt200_ak16_ca8_th85.root,nan,nan,nan,nan,nan,nan,nan,nan,nan,nan,nan,nan,nan,nan,nan,nan,nan,nan,nan,nan,nan
HtZt_6000_2000,HtZt,6000,2000,85,200,1.6,1.0,/eos/uscms/store/user/aji/rootfiles_existingOptimization/HtZt_6000_2000_pt200_ak16_ca10_th85.root,failed,/eos/uscms/store/user/aji/rootfiles_existingOptimization/HtZt_6000_2000_pt200_ak16_ca10_th85.root,nan,nan,nan,nan,nan,nan,nan,nan,nan,nan,nan,nan,nan,nan,nan,nan,nan,nan,nan,nan,nan
HtZt_6000_2000,HtZt,6000,2000,85,200,1.6,1.2,/eos/uscms/store/user/aji/rootfiles_existingOptimization/HtZt_6000_2000_pt200_ak16_ca12_th85.root,failed,/eos/uscms/store/user/aji/rootfiles_existingOptimization/HtZt_6000_2000_pt200_ak16_ca12_th85.root,nan,nan,nan,nan,nan,nan,nan,nan,nan,nan,nan,nan,nan,nan,nan,nan,nan,nan,nan,nan,nan
HtZt_6000_2000,HtZt,6000,2000,85,220,0.8,0.4,/eos/uscms/store/user/aji/rootfiles_existingOptimization/HtZt_6000_2000_pt220_ak8_ca4_th85.root,failed,/eos/uscms/store/user/aji/rootfiles_existingOptimization/HtZt_6000_2000_pt220_ak8_ca4_th85.root,nan,nan,nan,nan,nan,nan,nan,nan,nan,nan,nan,nan,nan,nan,nan,nan,nan,nan,nan,nan,nan
HtZt_6000_2000,HtZt,6000,2000,85,220,1.0,0.4,/eos/uscms/store/user/aji/rootfiles_existingOptimization/HtZt_6000_2000_pt220_ak10_ca4_th85.root,failed,/eos/uscms/store/user/aji/rootfiles_existingOptimization/HtZt_6000_2000_pt220_ak10_ca4_th85.root,nan,nan,nan,nan,nan,nan,nan,nan,nan,nan,nan,nan,nan,nan,nan,nan,nan,nan,nan,nan,nan
HtZt_6000_2000,HtZt,6000,2000,85,220,1.0,0.6,/eos/uscms/store/user/aji/rootfiles_existingOptimization/HtZt_6000_2000_pt220_ak10_ca6_th85.root,failed,/eos/uscms/store/user/aji/rootfiles_existingOptimization/HtZt_6000_2000_pt220_ak10_ca6_th85.root,nan,nan,nan,nan,nan,nan,nan,nan,nan,nan,nan,nan,nan,nan,nan,nan,nan,nan,nan,nan,nan
HtZt_6000_2000,HtZt,6000,2000,85,220,1.2,0.4,/eos/uscms/store/user/aji/rootfiles_existingOptimization/HtZt_6000_2000_pt220_ak12_ca4_th85.root,failed,/eos/uscms/store/user/aji/rootfiles_existingOptimization/HtZt_6000_2000_pt220_ak12_ca4_th85.root,nan,nan,nan,nan,nan,nan,nan,nan,nan,nan,nan,nan,nan,nan,nan,nan,nan,nan,nan,nan,nan
HtZt_6000_2000,HtZt,6000,2000,85,220,1.2,0.6,/eos/uscms/store/user/aji/rootfiles_existingOptimization/HtZt_6000_2000_pt220_ak12_ca6_th85.root,failed,/eos/uscms/store/user/aji/rootfiles_existingOptimization/HtZt_6000_2000_pt220_ak12_ca6_th85.root,nan,nan,nan,nan,nan,nan,nan,nan,nan,nan,nan,nan,nan,nan,nan,nan,nan,nan,nan,nan,nan
HtZt_6000_2000,HtZt,6000,2000,85,220,1.2,0.8,/eos/uscms/store/user/aji/rootfiles_existingOptimization/HtZt_6000_2000_pt220_ak12_ca8_th85.root,failed,/eos/uscms/store/user/aji/rootfiles_existingOptimization/HtZt_6000_2000_pt220_ak12_ca8_th85.root,nan,nan,nan,nan,nan,nan,nan,nan,nan,nan,nan,nan,nan,nan,nan,nan,nan,nan,nan,nan,nan
HtZt_6000_2000,HtZt,6000,2000,85,220,1.4,0.4,/eos/uscms/store/user/aji/rootfiles_existingOptimization/HtZt_6000_2000_pt220_ak14_ca4_th85.root,failed,/eos/uscms/store/user/aji/rootfiles_existingOptimization/HtZt_6000_2000_pt220_ak14_ca4_th85.root,nan,nan,nan,nan,nan,nan,nan,nan,nan,nan,nan,nan,nan,nan,nan,nan,nan,nan,nan,nan,nan
HtZt_6000_2000,HtZt,6000,2000,85,220,1.4,0.6,/eos/uscms/store/user/aji/rootfiles_existingOptimization/HtZt_6000_2000_pt220_ak14_ca6_th85.root,failed,/eos/uscms/store/user/aji/rootfiles_existingOptimization/HtZt_6000_2000_pt220_ak14_ca6_th85.root,nan,nan,nan,nan,nan,nan,nan,nan,nan,nan,nan,nan,nan,nan,nan,nan,nan,nan,nan,nan,nan
HtZt_6000_2000,HtZt,6000,2000,85,220,1.4,0.8,/eos/uscms/store/user/aji/rootfiles_existingOptimization/HtZt_6000_2000_pt220_ak14_ca8_th85.root,failed,/eos/uscms/store/user/aji/rootfiles_existingOptimization/HtZt_6000_2000_pt220_ak14_ca8_th85.root,nan,nan,nan,nan,nan,nan,nan,nan,nan,nan,nan,nan,nan,nan,nan,nan,nan,nan,nan,nan,nan
HtZt_6000_2000,HtZt,6000,2000,85,220,1.4,1.0,/eos/uscms/store/user/aji/rootfiles_existingOptimization/HtZt_6000_2000_pt220_ak14_ca10_th85.root,failed,/eos/uscms/store/user/aji/rootfiles_existingOptimization/HtZt_6000_2000_pt220_ak14_ca10_th85.root,nan,nan,nan,nan,nan,nan,nan,nan,nan,nan,nan,nan,nan,nan,nan,nan,nan,nan,nan,nan,nan
HtZt_6000_2000,HtZt,6000,2000,85,220,1.6,0.4,/eos/uscms/store/user/aji/rootfiles_existingOptimization/HtZt_6000_2000_pt220_ak16_ca4_th85.root,failed,/eos/uscms/store/user/aji/rootfiles_existingOptimization/HtZt_6000_2000_pt220_ak16_ca4_th85.root,nan,nan,nan,nan,nan,nan,nan,nan,nan,nan,nan,nan,nan,nan,nan,nan,nan,nan,nan,nan,nan
HtZt_6000_2000,HtZt,6000,2000,85,220,1.6,0.6,/eos/uscms/store/user/aji/rootfiles_existingOptimization/HtZt_6000_2000_pt220_ak16_ca6_th85.root,failed,/eos/uscms/store/user/aji/rootfiles_existingOptimization/HtZt_6000_2000_pt220_ak16_ca6_th85.root,nan,nan,nan,nan,nan,nan,nan,nan,nan,nan,nan,nan,nan,nan,nan,nan,nan,nan,nan,nan,nan
HtZt_6000_2000,HtZt,6000,2000,85,220,1.6,0.8,/eos/uscms/store/user/aji/rootfiles_existingOptimization/HtZt_6000_2000_pt220_ak16_ca8_th85.root,failed,/eos/uscms/store/user/aji/rootfiles_existingOptimization/HtZt_6000_2000_pt220_ak16_ca8_th85.root,nan,nan,nan,nan,nan,nan,nan,nan,nan,nan,nan,nan,nan,nan,nan,nan,nan,nan,nan,nan,nan
HtZt_6000_2000,HtZt,6000,2000,85,220,1.6,1.0,/eos/uscms/store/user/aji/rootfiles_existingOptimization/HtZt_6000_2000_pt220_ak16_ca10_th85.root,failed,/eos/uscms/store/user/aji/rootfiles_existingOptimization/HtZt_6000_2000_pt220_ak16_ca10_th85.root,nan,nan,nan,nan,nan,nan,nan,nan,nan,nan,nan,nan,nan,nan,nan,nan,nan,nan,nan,nan,nan
HtZt_6000_2000,HtZt,6000,2000,85,220,1.6,1.2,/eos/uscms/store/user/aji/rootfiles_existingOptimization/HtZt_6000_2000_pt220_ak16_ca12_th85.root,failed,/eos/uscms/store/user/aji/rootfiles_existingOptimization/HtZt_6000_2000_pt220_ak16_ca12_th85.root,nan,nan,nan,nan,nan,nan,nan,nan,nan,nan,nan,nan,nan,nan,nan,nan,nan,nan,nan,nan,nan
HtZt_6000_2000,HtZt,6000,2000,85,240,0.8,0.4,/eos/uscms/store/user/aji/rootfiles_existingOptimization/HtZt_6000_2000_pt240_ak8_ca4_th85.root,failed,/eos/uscms/store/user/aji/rootfiles_existingOptimization/HtZt_6000_2000_pt240_ak8_ca4_th85.root,nan,nan,nan,nan,nan,nan,nan,nan,nan,nan,nan,nan,nan,nan,nan,nan,nan,nan,nan,nan,nan
HtZt_6000_2000,HtZt,6000,2000,85,240,1.0,0.4,/eos/uscms/store/user/aji/rootfiles_existingOptimization/HtZt_6000_2000_pt240_ak10_ca4_th85.root,failed,/eos/uscms/store/user/aji/rootfiles_existingOptimization/HtZt_6000_2000_pt240_ak10_ca4_th85.root,nan,nan,nan,nan,nan,nan,nan,nan,nan,nan,nan,nan,nan,nan,nan,nan,nan,nan,nan,nan,nan
HtZt_6000_2000,HtZt,6000,2000,85,240,1.0,0.6,/eos/uscms/store/user/aji/rootfiles_existingOptimization/HtZt_6000_2000_pt240_ak10_ca6_th85.root,failed,/eos/uscms/store/user/aji/rootfiles_existingOptimization/HtZt_6000_2000_pt240_ak10_ca6_th85.root,nan,nan,nan,nan,nan,nan,nan,nan,nan,nan,nan,nan,nan,nan,nan,nan,nan,nan,nan,nan,nan
HtZt_6000_2000,HtZt,6000,2000,85,240,1.2,0.4,/eos/uscms/store/user/aji/rootfiles_existingOptimization/HtZt_6000_2000_pt240_ak12_ca4_th85.root,failed,/eos/uscms/store/user/aji/rootfiles_existingOptimization/HtZt_6000_2000_pt240_ak12_ca4_th85.root,nan,nan,nan,nan,nan,nan,nan,nan,nan,nan,nan,nan,nan,nan,nan,nan,nan,nan,nan,nan,nan
HtZt_6000_2000,HtZt,6000,2000,85,240,1.2,0.6,/eos/uscms/store/user/aji/rootfiles_existingOptimization/HtZt_6000_2000_pt240_ak12_ca6_th85.root,failed,/eos/uscms/store/user/aji/rootfiles_existingOptimization/HtZt_6000_2000_pt240_ak12_ca6_th85.root,nan,nan,nan,nan,nan,nan,nan,nan,nan,nan,nan,nan,nan,nan,nan,nan,nan,nan,nan,nan,nan
HtZt_6000_2000,HtZt,6000,2000,85,240,1.2,0.8,/eos/uscms/store/user/aji/rootfiles_existingOptimization/HtZt_6000_2000_pt240_ak12_ca8_th85.root,failed,/eos/uscms/store/user/aji/rootfiles_existingOptimization/HtZt_6000_2000_pt240_ak12_ca8_th85.root,nan,nan,nan,nan,nan,nan,nan,nan,nan,nan,nan,nan,nan,nan,nan,nan,nan,nan,nan,nan,nan
HtZt_6000_2000,HtZt,6000,2000,85,240,1.4,0.4,/eos/uscms/store/user/aji/rootfiles_existingOptimization/HtZt_6000_2000_pt240_ak14_ca4_th85.root,failed,/eos/uscms/store/user/aji/rootfiles_existingOptimization/HtZt_6000_2000_pt240_ak14_ca4_th85.root,nan,nan,nan,nan,nan,nan,nan,nan,nan,nan,nan,nan,nan,nan,nan,nan,nan,nan,nan,nan,nan
HtZt_6000_2000,HtZt,6000,2000,85,240,1.4,0.6,/eos/uscms/store/user/aji/rootfiles_existingOptimization/HtZt_6000_2000_pt240_ak14_ca6_th85.root,failed,/eos/uscms/store/user/aji/rootfiles_existingOptimization/HtZt_6000_2000_pt240_ak14_ca6_th85.root,nan,nan,nan,nan,nan,nan,nan,nan,nan,nan,nan,nan,nan,nan,nan,nan,nan,nan,nan,nan,nan
HtZt_6000_2000,HtZt,6000,2000,85,240,1.4,0.8,/eos/uscms/store/user/aji/rootfiles_existingOptimization/HtZt_6000_2000_pt240_ak14_ca8_th85.root,failed,/eos/uscms/store/user/aji/rootfiles_existingOptimization/HtZt_6000_2000_pt240_ak14_ca8_th85.root,nan,nan,nan,nan,nan,nan,nan,nan,nan,nan,nan,nan,nan,nan,nan,nan,nan,nan,nan,nan,nan
HtZt_6000_2000,HtZt,6000,2000,85,240,1.4,1.0,/eos/uscms/store/user/aji/rootfiles_existingOptimization/HtZt_6000_2000_pt240_ak14_ca10_th85.root,failed,/eos/uscms/store/user/aji/rootfiles_existingOptimization/HtZt_6000_2000_pt240_ak14_ca10_th85.root,nan,nan,nan,nan,nan,nan,nan,nan,nan,nan,nan,nan,nan,nan,nan,nan,nan,nan,nan,nan,nan
HtZt_6000_2000,HtZt,6000,2000,85,240,1.6,0.4,/eos/uscms/store/user/aji/rootfiles_existingOptimization/HtZt_6000_2000_pt240_ak16_ca4_th85.root,failed,/eos/uscms/store/user/aji/rootfiles_existingOptimization/HtZt_6000_2000_pt240_ak16_ca4_th85.root,nan,nan,nan,nan,nan,nan,nan,nan,nan,nan,nan,nan,nan,nan,nan,nan,nan,nan,nan,nan,nan
HtZt_6000_2000,HtZt,6000,2000,85,240,1.6,0.6,/eos/uscms/store/user/aji/rootfiles_existingOptimization/HtZt_6000_2000_pt240_ak16_ca6_th85.root,failed,/eos/uscms/store/user/aji/rootfiles_existingOptimization/HtZt_6000_2000_pt240_ak16_ca6_th85.root,nan,nan,nan,nan,nan,nan,nan,nan,nan,nan,nan,nan,nan,nan,nan,nan,nan,nan,nan,nan,nan
HtZt_6000_2000,HtZt,6000,2000,85,240,1.6,0.8,/eos/uscms/store/user/aji/rootfiles_existingOptimization/HtZt_6000_2000_pt240_ak16_ca8_th85.root,failed,/eos/uscms/store/user/aji/rootfiles_existingOptimization/HtZt_6000_2000_pt240_ak16_ca8_th85.root,nan,nan,nan,nan,nan,nan,nan,nan,nan,nan,nan,nan,nan,nan,nan,nan,nan,nan,nan,nan,nan
HtZt_6000_2000,HtZt,6000,2000,85,240,1.6,1.0,/eos/uscms/store/user/aji/rootfiles_existingOptimization/HtZt_6000_2000_pt240_ak16_ca10_th85.root,failed,/eos/uscms/store/user/aji/rootfiles_existingOptimization/HtZt_6000_2000_pt240_ak16_ca10_th85.root,nan,nan,nan,nan,nan,nan,nan,nan,nan,nan,nan,nan,nan,nan,nan,nan,nan,nan,nan,nan,nan
HtZt_6000_2000,HtZt,6000,2000,85,240,1.6,1.2,/eos/uscms/store/user/aji/rootfiles_existingOptimization/HtZt_6000_2000_pt240_ak16_ca12_th85.root,failed,/eos/uscms/store/user/aji/rootfiles_existingOptimization/HtZt_6000_2000_pt240_ak16_ca12_th85.root,nan,nan,nan,nan,nan,nan,nan,nan,nan,nan,nan,nan,nan,nan,nan,nan,nan,nan,nan,nan,nan
HtZt_6000_2000,HtZt,6000,2000,85,260,0.8,0.4,/eos/uscms/store/user/aji/rootfiles_existingOptimization/HtZt_6000_2000_pt260_ak8_ca4_th85.root,failed,/eos/uscms/store/user/aji/rootfiles_existingOptimization/HtZt_6000_2000_pt260_ak8_ca4_th85.root,nan,nan,nan,nan,nan,nan,nan,nan,nan,nan,nan,nan,nan,nan,nan,nan,nan,nan,nan,nan,nan
HtZt_6000_2000,HtZt,6000,2000,85,260,1.0,0.4,/eos/uscms/store/user/aji/rootfiles_existingOptimization/HtZt_6000_2000_pt260_ak10_ca4_th85.root,failed,/eos/uscms/store/user/aji/rootfiles_existingOptimization/HtZt_6000_2000_pt260_ak10_ca4_th85.root,nan,nan,nan,nan,nan,nan,nan,nan,nan,nan,nan,nan,nan,nan,nan,nan,nan,nan,nan,nan,nan
HtZt_6000_2000,HtZt,6000,2000,85,260,1.0,0.6,/eos/uscms/store/user/aji/rootfiles_existingOptimization/HtZt_6000_2000_pt260_ak10_ca6_th85.root,failed,/eos/uscms/store/user/aji/rootfiles_existingOptimization/HtZt_6000_2000_pt260_ak10_ca6_th85.root,nan,nan,nan,nan,nan,nan,nan,nan,nan,nan,nan,nan,nan,nan,nan,nan,nan,nan,nan,nan,nan
HtZt_6000_2000,HtZt,6000,2000,85,260,1.2,0.4,/eos/uscms/store/user/aji/rootfiles_existingOptimization/HtZt_6000_2000_pt260_ak12_ca4_th85.root,failed,/eos/uscms/store/user/aji/rootfiles_existingOptimization/HtZt_6000_2000_pt260_ak12_ca4_th85.root,nan,nan,nan,nan,nan,nan,nan,nan,nan,nan,nan,nan,nan,nan,nan,nan,nan,nan,nan,nan,nan
HtZt_6000_2000,HtZt,6000,2000,85,260,1.2,0.6,/eos/uscms/store/user/aji/rootfiles_existingOptimization/HtZt_6000_2000_pt260_ak12_ca6_th85.root,failed,/eos/uscms/store/user/aji/rootfiles_existingOptimization/HtZt_6000_2000_pt260_ak12_ca6_th85.root,nan,nan,nan,nan,nan,nan,nan,nan,nan,nan,nan,nan,nan,nan,nan,nan,nan,nan,nan,nan,nan
HtZt_6000_2000,HtZt,6000,2000,85,260,1.2,0.8,/eos/uscms/store/user/aji/rootfiles_existingOptimization/HtZt_6000_2000_pt260_ak12_ca8_th85.root,failed,/eos/uscms/store/user/aji/rootfiles_existingOptimization/HtZt_6000_2000_pt260_ak12_ca8_th85.root,nan,nan,nan,nan,nan,nan,nan,nan,nan,nan,nan,nan,nan,nan,nan,nan,nan,nan,nan,nan,nan
HtZt_6000_2000,HtZt,6000,2000,85,260,1.4,0.4,/eos/uscms/store/user/aji/rootfiles_existingOptimization/HtZt_6000_2000_pt260_ak14_ca4_th85.root,failed,/eos/uscms/store/user/aji/rootfiles_existingOptimization/HtZt_6000_2000_pt260_ak14_ca4_th85.root,nan,nan,nan,nan,nan,nan,nan,nan,nan,nan,nan,nan,nan,nan,nan,nan,nan,nan,nan,nan,nan
HtZt_6000_2000,HtZt,6000,2000,85,260,1.4,0.6,/eos/uscms/store/user/aji/rootfiles_existingOptimization/HtZt_6000_2000_pt260_ak14_ca6_th85.root,failed,/eos/uscms/store/user/aji/rootfiles_existingOptimization/HtZt_6000_2000_pt260_ak14_ca6_th85.root,nan,nan,nan,nan,nan,nan,nan,nan,nan,nan,nan,nan,nan,nan,nan,nan,nan,nan,nan,nan,nan
HtZt_6000_2000,HtZt,6000,2000,85,260,1.4,0.8,/eos/uscms/store/user/aji/rootfiles_existingOptimization/HtZt_6000_2000_pt260_ak14_ca8_th85.root,failed,/eos/uscms/store/user/aji/rootfiles_existingOptimization/HtZt_6000_2000_pt260_ak14_ca8_th85.root,nan,nan,nan,nan,nan,nan,nan,nan,nan,nan,nan,nan,nan,nan,nan,nan,nan,nan,nan,nan,nan
HtZt_6000_2000,HtZt,6000,2000,85,260,1.4,1.0,/eos/uscms/store/user/aji/rootfiles_existingOptimization/HtZt_6000_2000_pt260_ak14_ca10_th85.root,failed,/eos/uscms/store/user/aji/rootfiles_existingOptimization/HtZt_6000_2000_pt260_ak14_ca10_th85.root,nan,nan,nan,nan,nan,nan,nan,nan,nan,nan,nan,nan,nan,nan,nan,nan,nan,nan,nan,nan,nan
HtZt_6000_2000,HtZt,6000,2000,85,260,1.6,0.4,/eos/uscms/store/user/aji/rootfiles_existingOptimization/HtZt_6000_2000_pt260_ak16_ca4_th85.root,failed,/eos/uscms/store/user/aji/rootfiles_existingOptimization/HtZt_6000_2000_pt260_ak16_ca4_th85.root,nan,nan,nan,nan,nan,nan,nan,nan,nan,nan,nan,nan,nan,nan,nan,nan,nan,nan,nan,nan,nan
HtZt_6000_2000,HtZt,6000,2000,85,260,1.6,0.6,/eos/uscms/store/user/aji/rootfiles_existingOptimization/HtZt_6000_2000_pt260_ak16_ca6_th85.root,failed,/eos/uscms/store/user/aji/rootfiles_existingOptimization/HtZt_6000_2000_pt260_ak16_ca6_th85.root,nan,nan,nan,nan,nan,nan,nan,nan,nan,nan,nan,nan,nan,nan,nan,nan,nan,nan,nan,nan,nan
HtZt_6000_2000,HtZt,6000,2000,85,260,1.6,0.8,/eos/uscms/store/user/aji/rootfiles_existingOptimization/HtZt_6000_2000_pt260_ak16_ca8_th85.root,failed,/eos/uscms/store/user/aji/rootfiles_existingOptimization/HtZt_6000_2000_pt260_ak16_ca8_th85.root,nan,nan,nan,nan,nan,nan,nan,nan,nan,nan,nan,nan,nan,nan,nan,nan,nan,nan,nan,nan,nan
HtZt_6000_2000,HtZt,6000,2000,85,260,1.6,1.0,/eos/uscms/store/user/aji/rootfiles_existingOptimization/HtZt_6000_2000_pt260_ak16_ca10_th85.root,failed,/eos/uscms/store/user/aji/rootfiles_existingOptimization/HtZt_6000_2000_pt260_ak16_ca10_th85.root,nan,nan,nan,nan,nan,nan,nan,nan,nan,nan,nan,nan,nan,nan,nan,nan,nan,nan,nan,nan,nan
HtZt_6000_2000,HtZt,6000,2000,85,260,1.6,1.2,/eos/uscms/store/user/aji/rootfiles_existingOptimization/HtZt_6000_2000_pt260_ak16_ca12_th85.root,failed,/eos/uscms/store/user/aji/rootfiles_existingOptimization/HtZt_6000_2000_pt260_ak16_ca12_th85.root,nan,nan,nan,nan,nan,nan,nan,nan,nan,nan,nan,nan,nan,nan,nan,nan,nan,nan,nan,nan,nan
HtZt_6000_2000,HtZt,6000,2000,85,280,0.8,0.4,/eos/uscms/store/user/aji/rootfiles_existingOptimization/HtZt_6000_2000_pt280_ak8_ca4_th85.root,failed,/eos/uscms/store/user/aji/rootfiles_existingOptimization/HtZt_6000_2000_pt280_ak8_ca4_th85.root,nan,nan,nan,nan,nan,nan,nan,nan,nan,nan,nan,nan,nan,nan,nan,nan,nan,nan,nan,nan,nan
HtZt_6000_2000,HtZt,6000,2000,85,280,1.0,0.4,/eos/uscms/store/user/aji/rootfiles_existingOptimization/HtZt_6000_2000_pt280_ak10_ca4_th85.root,failed,/eos/uscms/store/user/aji/rootfiles_existingOptimization/HtZt_6000_2000_pt280_ak10_ca4_th85.root,nan,nan,nan,nan,nan,nan,nan,nan,nan,nan,nan,nan,nan,nan,nan,nan,nan,nan,nan,nan,nan
HtZt_6000_2000,HtZt,6000,2000,85,280,1.0,0.6,/eos/uscms/store/user/aji/rootfiles_existingOptimization/HtZt_6000_2000_pt280_ak10_ca6_th85.root,failed,/eos/uscms/store/user/aji/rootfiles_existingOptimization/HtZt_6000_2000_pt280_ak10_ca6_th85.root,nan,nan,nan,nan,nan,nan,nan,nan,nan,nan,nan,nan,nan,nan,nan,nan,nan,nan,nan,nan,nan
HtZt_6000_2000,HtZt,6000,2000,85,280,1.2,0.4,/eos/uscms/store/user/aji/rootfiles_existingOptimization/HtZt_6000_2000_pt280_ak12_ca4_th85.root,failed,/eos/uscms/store/user/aji/rootfiles_existingOptimization/HtZt_6000_2000_pt280_ak12_ca4_th85.root,nan,nan,nan,nan,nan,nan,nan,nan,nan,nan,nan,nan,nan,nan,nan,nan,nan,nan,nan,nan,nan
HtZt_6000_2000,HtZt,6000,2000,85,280,1.2,0.6,/eos/uscms/store/user/aji/rootfiles_existingOptimization/HtZt_6000_2000_pt280_ak12_ca6_th85.root,failed,/eos/uscms/store/user/aji/rootfiles_existingOptimization/HtZt_6000_2000_pt280_ak12_ca6_th85.root,nan,nan,nan,nan,nan,nan,nan,nan,nan,nan,nan,nan,nan,nan,nan,nan,nan,nan,nan,nan,nan
HtZt_6000_2000,HtZt,6000,2000,85,280,1.2,0.8,/eos/uscms/store/user/aji/rootfiles_existingOptimization/HtZt_6000_2000_pt280_ak12_ca8_th85.root,failed,/eos/uscms/store/user/aji/rootfiles_existingOptimization/HtZt_6000_2000_pt280_ak12_ca8_th85.root,nan,nan,nan,nan,nan,nan,nan,nan,nan,nan,nan,nan,nan,nan,nan,nan,nan,nan,nan,nan,nan
HtZt_6000_2000,HtZt,6000,2000,85,280,1.4,0.4,/eos/uscms/store/user/aji/rootfiles_existingOptimization/HtZt_6000_2000_pt280_ak14_ca4_th85.root,failed,/eos/uscms/store/user/aji/rootfiles_existingOptimization/HtZt_6000_2000_pt280_ak14_ca4_th85.root,nan,nan,nan,nan,nan,nan,nan,nan,nan,nan,nan,nan,nan,nan,nan,nan,nan,nan,nan,nan,nan
HtZt_6000_2000,HtZt,6000,2000,85,280,1.4,0.6,/eos/uscms/store/user/aji/rootfiles_existingOptimization/HtZt_6000_2000_pt280_ak14_ca6_th85.root,failed,/eos/uscms/store/user/aji/rootfiles_existingOptimization/HtZt_6000_2000_pt280_ak14_ca6_th85.root,nan,nan,nan,nan,nan,nan,nan,nan,nan,nan,nan,nan,nan,nan,nan,nan,nan,nan,nan,nan,nan
HtZt_6000_2000,HtZt,6000,2000,85,280,1.4,0.8,/eos/uscms/store/user/aji/rootfiles_existingOptimization/HtZt_6000_2000_pt280_ak14_ca8_th85.root,failed,/eos/uscms/store/user/aji/rootfiles_existingOptimization/HtZt_6000_2000_pt280_ak14_ca8_th85.root,nan,nan,nan,nan,nan,nan,nan,nan,nan,nan,nan,nan,nan,nan,nan,nan,nan,nan,nan,nan,nan
HtZt_6000_2000,HtZt,6000,2000,85,280,1.4,1.0,/eos/uscms/store/user/aji/rootfiles_existingOptimization/HtZt_6000_2000_pt280_ak14_ca10_th85.root,failed,/eos/uscms/store/user/aji/rootfiles_existingOptimization/HtZt_6000_2000_pt280_ak14_ca10_th85.root,nan,nan,nan,nan,nan,nan,nan,nan,nan,nan,nan,nan,nan,nan,nan,nan,nan,nan,nan,nan,nan
HtZt_6000_2000,HtZt,6000,2000,85,280,1.6,0.4,/eos/uscms/store/user/aji/rootfiles_existingOptimization/HtZt_6000_2000_pt280_ak16_ca4_th85.root,failed,/eos/uscms/store/user/aji/rootfiles_existingOptimization/HtZt_6000_2000_pt280_ak16_ca4_th85.root,nan,nan,nan,nan,nan,nan,nan,nan,nan,nan,nan,nan,nan,nan,nan,nan,nan,nan,nan,nan,nan
HtZt_6000_2000,HtZt,6000,2000,85,280,1.6,0.6,/eos/uscms/store/user/aji/rootfiles_existingOptimization/HtZt_6000_2000_pt280_ak16_ca6_th85.root,failed,/eos/uscms/store/user/aji/rootfiles_existingOptimization/HtZt_6000_2000_pt280_ak16_ca6_th85.root,nan,nan,nan,nan,nan,nan,nan,nan,nan,nan,nan,nan,nan,nan,nan,nan,nan,nan,nan,nan,nan
HtZt_6000_2000,HtZt,6000,2000,85,280,1.6,0.8,/eos/uscms/store/user/aji/rootfiles_existingOptimization/HtZt_6000_2000_pt280_ak16_ca8_th85.root,failed,/eos/uscms/store/user/aji/rootfiles_existingOptimization/HtZt_6000_2000_pt280_ak16_ca8_th85.root,nan,nan,nan,nan,nan,nan,nan,nan,nan,nan,nan,nan,nan,nan,nan,nan,nan,nan,nan,nan,nan
HtZt_6000_2000,HtZt,6000,2000,85,280,1.6,1.0,/eos/uscms/store/user/aji/rootfiles_existingOptimization/HtZt_6000_2000_pt280_ak16_ca10_th85.root,failed,/eos/uscms/store/user/aji/rootfiles_existingOptimization/HtZt_6000_2000_pt280_ak16_ca10_th85.root,nan,nan,nan,nan,nan,nan,nan,nan,nan,nan,nan,nan,nan,nan,nan,nan,nan,nan,nan,nan,nan
HtZt_6000_2000,HtZt,6000,2000,85,280,1.6,1.2,/eos/uscms/store/user/aji/rootfiles_existingOptimization/HtZt_6000_2000_pt280_ak16_ca12_th85.root,failed,/eos/uscms/store/user/aji/rootfiles_existingOptimization/HtZt_6000_2000_pt280_ak16_ca12_th85.root,nan,nan,nan,nan,nan,nan,nan,nan,nan,nan,nan,nan,nan,nan,nan,nan,nan,nan,nan,nan,nan
HtZt_6000_2000,HtZt,6000,2000,85,300,0.8,0.4,/eos/uscms/store/user/aji/rootfiles_existingOptimization/HtZt_6000_2000_pt300_ak8_ca4_th85.root,failed,/eos/uscms/store/user/aji/rootfiles_existingOptimization/HtZt_6000_2000_pt300_ak8_ca4_th85.root,nan,nan,nan,nan,nan,nan,nan,nan,nan,nan,nan,nan,nan,nan,nan,nan,nan,nan,nan,nan,nan
HtZt_6000_2000,HtZt,6000,2000,85,300,1.0,0.4,/eos/uscms/store/user/aji/rootfiles_existingOptimization/HtZt_6000_2000_pt300_ak10_ca4_th85.root,failed,/eos/uscms/store/user/aji/rootfiles_existingOptimization/HtZt_6000_2000_pt300_ak10_ca4_th85.root,nan,nan,nan,nan,nan,nan,nan,nan,nan,nan,nan,nan,nan,nan,nan,nan,nan,nan,nan,nan,nan
HtZt_6000_2000,HtZt,6000,2000,85,300,1.0,0.6,/eos/uscms/store/user/aji/rootfiles_existingOptimization/HtZt_6000_2000_pt300_ak10_ca6_th85.root,failed,/eos/uscms/store/user/aji/rootfiles_existingOptimization/HtZt_6000_2000_pt300_ak10_ca6_th85.root,nan,nan,nan,nan,nan,nan,nan,nan,nan,nan,nan,nan,nan,nan,nan,nan,nan,nan,nan,nan,nan
HtZt_6000_2000,HtZt,6000,2000,85,300,1.2,0.4,/eos/uscms/store/user/aji/rootfiles_existingOptimization/HtZt_6000_2000_pt300_ak12_ca4_th85.root,failed,/eos/uscms/store/user/aji/rootfiles_existingOptimization/HtZt_6000_2000_pt300_ak12_ca4_th85.root,nan,nan,nan,nan,nan,nan,nan,nan,nan,nan,nan,nan,nan,nan,nan,nan,nan,nan,nan,nan,nan
HtZt_6000_2000,HtZt,6000,2000,85,300,1.2,0.6,/eos/uscms/store/user/aji/rootfiles_existingOptimization/HtZt_6000_2000_pt300_ak12_ca6_th85.root,failed,/eos/uscms/store/user/aji/rootfiles_existingOptimization/HtZt_6000_2000_pt300_ak12_ca6_th85.root,nan,nan,nan,nan,nan,nan,nan,nan,nan,nan,nan,nan,nan,nan,nan,nan,nan,nan,nan,nan,nan
HtZt_6000_2000,HtZt,6000,2000,85,300,1.2,0.8,/eos/uscms/store/user/aji/rootfiles_existingOptimization/HtZt_6000_2000_pt300_ak12_ca8_th85.root,failed,/eos/uscms/store/user/aji/rootfiles_existingOptimization/HtZt_6000_2000_pt300_ak12_ca8_th85.root,nan,nan,nan,nan,nan,nan,nan,nan,nan,nan,nan,nan,nan,nan,nan,nan,nan,nan,nan,nan,nan
HtZt_6000_2000,HtZt,6000,2000,85,300,1.4,0.4,/eos/uscms/store/user/aji/rootfiles_existingOptimization/HtZt_6000_2000_pt300_ak14_ca4_th85.root,failed,/eos/uscms/store/user/aji/rootfiles_existingOptimization/HtZt_6000_2000_pt300_ak14_ca4_th85.root,nan,nan,nan,nan,nan,nan,nan,nan,nan,nan,nan,nan,nan,nan,nan,nan,nan,nan,nan,nan,nan
HtZt_6000_2000,HtZt,6000,2000,85,300,1.4,0.6,/eos/uscms/store/user/aji/rootfiles_existingOptimization/HtZt_6000_2000_pt300_ak14_ca6_th85.root,failed,/eos/uscms/store/user/aji/rootfiles_existingOptimization/HtZt_6000_2000_pt300_ak14_ca6_th85.root,nan,nan,nan,nan,nan,nan,nan,nan,nan,nan,nan,nan,nan,nan,nan,nan,nan,nan,nan,nan,nan
HtZt_6000_2000,HtZt,6000,2000,85,300,1.4,0.8,/eos/uscms/store/user/aji/rootfiles_existingOptimization/HtZt_6000_2000_pt300_ak14_ca8_th85.root,failed,/eos/uscms/store/user/aji/rootfiles_existingOptimization/HtZt_6000_2000_pt300_ak14_ca8_th85.root,nan,nan,nan,nan,nan,nan,nan,nan,nan,nan,nan,nan,nan,nan,nan,nan,nan,nan,nan,nan,nan
HtZt_6000_2000,HtZt,6000,2000,85,300,1.4,1.0,/eos/uscms/store/user/aji/rootfiles_existingOptimization/HtZt_6000_2000_pt300_ak14_ca10_th85.root,failed,/eos/uscms/store/user/aji/rootfiles_existingOptimization/HtZt_6000_2000_pt300_ak14_ca10_th85.root,nan,nan,nan,nan,nan,nan,nan,nan,nan,nan,nan,nan,nan,nan,nan,nan,nan,nan,nan,nan,nan
HtZt_6000_2000,HtZt,6000,2000,85,300,1.6,0.4,/eos/uscms/store/user/aji/rootfiles_existingOptimization/HtZt_6000_2000_pt300_ak16_ca4_th85.root,failed,/eos/uscms/store/user/aji/rootfiles_existingOptimization/HtZt_6000_2000_pt300_ak16_ca4_th85.root,nan,nan,nan,nan,nan,nan,nan,nan,nan,nan,nan,nan,nan,nan,nan,nan,nan,nan,nan,nan,nan
HtZt_6000_2000,HtZt,6000,2000,85,300,1.6,0.6,/eos/uscms/store/user/aji/rootfiles_existingOptimization/HtZt_6000_2000_pt300_ak16_ca6_th85.root,failed,/eos/uscms/store/user/aji/rootfiles_existingOptimization/HtZt_6000_2000_pt300_ak16_ca6_th85.root,nan,nan,nan,nan,nan,nan,nan,nan,nan,nan,nan,nan,nan,nan,nan,nan,nan,nan,nan,nan,nan
HtZt_6000_2000,HtZt,6000,2000,85,300,1.6,0.8,/eos/uscms/store/user/aji/rootfiles_existingOptimization/HtZt_6000_2000_pt300_ak16_ca8_th85.root,failed,/eos/uscms/store/user/aji/rootfiles_existingOptimization/HtZt_6000_2000_pt300_ak16_ca8_th85.root,nan,nan,nan,nan,nan,nan,nan,nan,nan,nan,nan,nan,nan,nan,nan,nan,nan,nan,nan,nan,nan
HtZt_6000_2000,HtZt,6000,2000,85,300,1.6,1.0,/eos/uscms/store/user/aji/rootfiles_existingOptimization/HtZt_6000_2000_pt300_ak16_ca10_th85.root,failed,/eos/uscms/store/user/aji/rootfiles_existingOptimization/HtZt_6000_2000_pt300_ak16_ca10_th85.root,nan,nan,nan,nan,nan,nan,nan,nan,nan,nan,nan,nan,nan,nan,nan,nan,nan,nan,nan,nan,nan
HtZt_6000_2000,HtZt,6000,2000,85,300,1.6,1.2,/eos/uscms/store/user/aji/rootfiles_existingOptimization/HtZt_6000_2000_pt300_ak16_ca12_th85.root,failed,/eos/uscms/store/user/aji/rootfiles_existingOptimization/HtZt_6000_2000_pt300_ak16_ca12_th85.root,nan,nan,nan,nan,nan,nan,nan,nan,nan,nan,nan,nan,nan,nan,nan,nan,nan,nan,nan,nan,nan
HtZt_6000_2000,HtZt,6000,2000,85,320,0.8,0.4,/eos/uscms/store/user/aji/rootfiles_existingOptimization/HtZt_6000_2000_pt320_ak8_ca4_th85.root,failed,/eos/uscms/store/user/aji/rootfiles_existingOptimization/HtZt_6000_2000_pt320_ak8_ca4_th85.root,nan,nan,nan,nan,nan,nan,nan,nan,nan,nan,nan,nan,nan,nan,nan,nan,nan,nan,nan,nan,nan
HtZt_6000_2000,HtZt,6000,2000,85,320,1.0,0.4,/eos/uscms/store/user/aji/rootfiles_existingOptimization/HtZt_6000_2000_pt320_ak10_ca4_th85.root,failed,/eos/uscms/store/user/aji/rootfiles_existingOptimization/HtZt_6000_2000_pt320_ak10_ca4_th85.root,nan,nan,nan,nan,nan,nan,nan,nan,nan,nan,nan,nan,nan,nan,nan,nan,nan,nan,nan,nan,nan
HtZt_6000_2000,HtZt,6000,2000,85,320,1.0,0.6,/eos/uscms/store/user/aji/rootfiles_existingOptimization/HtZt_6000_2000_pt320_ak10_ca6_th85.root,failed,/eos/uscms/store/user/aji/rootfiles_existingOptimization/HtZt_6000_2000_pt320_ak10_ca6_th85.root,nan,nan,nan,nan,nan,nan,nan,nan,nan,nan,nan,nan,nan,nan,nan,nan,nan,nan,nan,nan,nan
HtZt_6000_2000,HtZt,6000,2000,85,320,1.2,0.4,/eos/uscms/store/user/aji/rootfiles_existingOptimization/HtZt_6000_2000_pt320_ak12_ca4_th85.root,failed,/eos/uscms/store/user/aji/rootfiles_existingOptimization/HtZt_6000_2000_pt320_ak12_ca4_th85.root,nan,nan,nan,nan,nan,nan,nan,nan,nan,nan,nan,nan,nan,nan,nan,nan,nan,nan,nan,nan,nan
HtZt_6000_2000,HtZt,6000,2000,85,320,1.2,0.6,/eos/uscms/store/user/aji/rootfiles_existingOptimization/HtZt_6000_2000_pt320_ak12_ca6_th85.root,failed,/eos/uscms/store/user/aji/rootfiles_existingOptimization/HtZt_6000_2000_pt320_ak12_ca6_th85.root,nan,nan,nan,nan,nan,nan,nan,nan,nan,nan,nan,nan,nan,nan,nan,nan,nan,nan,nan,nan,nan
HtZt_6000_2000,HtZt,6000,2000,85,320,1.2,0.8,/eos/uscms/store/user/aji/rootfiles_existingOptimization/HtZt_6000_2000_pt320_ak12_ca8_th85.root,failed,/eos/uscms/store/user/aji/rootfiles_existingOptimization/HtZt_6000_2000_pt320_ak12_ca8_th85.root,nan,nan,nan,nan,nan,nan,nan,nan,nan,nan,nan,nan,nan,nan,nan,nan,nan,nan,nan,nan,nan
HtZt_6000_2000,HtZt,6000,2000,85,320,1.4,0.4,/eos/uscms/store/user/aji/rootfiles_existingOptimization/HtZt_6000_2000_pt320_ak14_ca4_th85.root,failed,/eos/uscms/store/user/aji/rootfiles_existingOptimization/HtZt_6000_2000_pt320_ak14_ca4_th85.root,nan,nan,nan,nan,nan,nan,nan,nan,nan,nan,nan,nan,nan,nan,nan,nan,nan,nan,nan,nan,nan
HtZt_6000_2000,HtZt,6000,2000,85,320,1.4,0.6,/eos/uscms/store/user/aji/rootfiles_existingOptimization/HtZt_6000_2000_pt320_ak14_ca6_th85.root,failed,/eos/uscms/store/user/aji/rootfiles_existingOptimization/HtZt_6000_2000_pt320_ak14_ca6_th85.root,nan,nan,nan,nan,nan,nan,nan,nan,nan,nan,nan,nan,nan,nan,nan,nan,nan,nan,nan,nan,nan
HtZt_6000_2000,HtZt,6000,2000,85,320,1.4,0.8,/eos/uscms/store/user/aji/rootfiles_existingOptimization/HtZt_6000_2000_pt320_ak14_ca8_th85.root,failed,/eos/uscms/store/user/aji/rootfiles_existingOptimization/HtZt_6000_2000_pt320_ak14_ca8_th85.root,nan,nan,nan,nan,nan,nan,nan,nan,nan,nan,nan,nan,nan,nan,nan,nan,nan,nan,nan,nan,nan
HtZt_6000_2000,HtZt,6000,2000,85,320,1.4,1.0,/eos/uscms/store/user/aji/rootfiles_existingOptimization/HtZt_6000_2000_pt320_ak14_ca10_th85.root,failed,/eos/uscms/store/user/aji/rootfiles_existingOptimization/HtZt_6000_2000_pt320_ak14_ca10_th85.root,nan,nan,nan,nan,nan,nan,nan,nan,nan,nan,nan,nan,nan,nan,nan,nan,nan,nan,nan,nan,nan
HtZt_6000_2000,HtZt,6000,2000,85,320,1.6,0.4,/eos/uscms/store/user/aji/rootfiles_existingOptimization/HtZt_6000_2000_pt320_ak16_ca4_th85.root,failed,/eos/uscms/store/user/aji/rootfiles_existingOptimization/HtZt_6000_2000_pt320_ak16_ca4_th85.root,nan,nan,nan,nan,nan,nan,nan,nan,nan,nan,nan,nan,nan,nan,nan,nan,nan,nan,nan,nan,nan
HtZt_6000_2000,HtZt,6000,2000,85,320,1.6,0.6,/eos/uscms/store/user/aji/rootfiles_existingOptimization/HtZt_6000_2000_pt320_ak16_ca6_th85.root,failed,/eos/uscms/store/user/aji/rootfiles_existingOptimization/HtZt_6000_2000_pt320_ak16_ca6_th85.root,nan,nan,nan,nan,nan,nan,nan,nan,nan,nan,nan,nan,nan,nan,nan,nan,nan,nan,nan,nan,nan
HtZt_6000_2000,HtZt,6000,2000,85,320,1.6,0.8,/eos/uscms/store/user/aji/rootfiles_existingOptimization/HtZt_6000_2000_pt320_ak16_ca8_th85.root,failed,/eos/uscms/store/user/aji/rootfiles_existingOptimization/HtZt_6000_2000_pt320_ak16_ca8_th85.root,nan,nan,nan,nan,nan,nan,nan,nan,nan,nan,nan,nan,nan,nan,nan,nan,nan,nan,nan,nan,nan
HtZt_6000_2000,HtZt,6000,2000,85,320,1.6,1.0,/eos/uscms/store/user/aji/rootfiles_existingOptimization/HtZt_6000_2000_pt320_ak16_ca10_th85.root,failed,/eos/uscms/store/user/aji/rootfiles_existingOptimization/HtZt_6000_2000_pt320_ak16_ca10_th85.root,nan,nan,nan,nan,nan,nan,nan,nan,nan,nan,nan,nan,nan,nan,nan,nan,nan,nan,nan,nan,nan
HtZt_6000_2000,HtZt,6000,2000,85,320,1.6,1.2,/eos/uscms/store/user/aji/rootfiles_existingOptimization/HtZt_6000_2000_pt320_ak16_ca12_th85.root,failed,/eos/uscms/store/user/aji/rootfiles_existingOptimization/HtZt_6000_2000_pt320_ak16_ca12_th85.root,nan,nan,nan,nan,nan,nan,nan,nan,nan,nan,nan,nan,nan,nan,nan,nan,nan,nan,nan,nan,nan
HtZt_6000_2000,HtZt,6000,2000,85,340,0.8,0.4,/eos/uscms/store/user/aji/rootfiles_existingOptimization/HtZt_6000_2000_pt340_ak8_ca4_th85.root,failed,/eos/uscms/store/user/aji/rootfiles_existingOptimization/HtZt_6000_2000_pt340_ak8_ca4_th85.root,nan,nan,nan,nan,nan,nan,nan,nan,nan,nan,nan,nan,nan,nan,nan,nan,nan,nan,nan,nan,nan
HtZt_6000_2000,HtZt,6000,2000,85,340,1.0,0.4,/eos/uscms/store/user/aji/rootfiles_existingOptimization/HtZt_6000_2000_pt340_ak10_ca4_th85.root,failed,/eos/uscms/store/user/aji/rootfiles_existingOptimization/HtZt_6000_2000_pt340_ak10_ca4_th85.root,nan,nan,nan,nan,nan,nan,nan,nan,nan,nan,nan,nan,nan,nan,nan,nan,nan,nan,nan,nan,nan
HtZt_6000_2000,HtZt,6000,2000,85,340,1.0,0.6,/eos/uscms/store/user/aji/rootfiles_existingOptimization/HtZt_6000_2000_pt340_ak10_ca6_th85.root,failed,/eos/uscms/store/user/aji/rootfiles_existingOptimization/HtZt_6000_2000_pt340_ak10_ca6_th85.root,nan,nan,nan,nan,nan,nan,nan,nan,nan,nan,nan,nan,nan,nan,nan,nan,nan,nan,nan,nan,nan
HtZt_6000_2000,HtZt,6000,2000,85,340,1.2,0.4,/eos/uscms/store/user/aji/rootfiles_existingOptimization/HtZt_6000_2000_pt340_ak12_ca4_th85.root,failed,/eos/uscms/store/user/aji/rootfiles_existingOptimization/HtZt_6000_2000_pt340_ak12_ca4_th85.root,nan,nan,nan,nan,nan,nan,nan,nan,nan,nan,nan,nan,nan,nan,nan,nan,nan,nan,nan,nan,nan
HtZt_6000_2000,HtZt,6000,2000,85,340,1.2,0.6,/eos/uscms/store/user/aji/rootfiles_existingOptimization/HtZt_6000_2000_pt340_ak12_ca6_th85.root,failed,/eos/uscms/store/user/aji/rootfiles_existingOptimization/HtZt_6000_2000_pt340_ak12_ca6_th85.root,nan,nan,nan,nan,nan,nan,nan,nan,nan,nan,nan,nan,nan,nan,nan,nan,nan,nan,nan,nan,nan
HtZt_6000_2000,HtZt,6000,2000,85,340,1.2,0.8,/eos/uscms/store/user/aji/rootfiles_existingOptimization/HtZt_6000_2000_pt340_ak12_ca8_th85.root,failed,/eos/uscms/store/user/aji/rootfiles_existingOptimization/HtZt_6000_2000_pt340_ak12_ca8_th85.root,nan,nan,nan,nan,nan,nan,nan,nan,nan,nan,nan,nan,nan,nan,nan,nan,nan,nan,nan,nan,nan
HtZt_6000_2000,HtZt,6000,2000,85,340,1.4,0.4,/eos/uscms/store/user/aji/rootfiles_existingOptimization/HtZt_6000_2000_pt340_ak14_ca4_th85.root,failed,/eos/uscms/store/user/aji/rootfiles_existingOptimization/HtZt_6000_2000_pt340_ak14_ca4_th85.root,nan,nan,nan,nan,nan,nan,nan,nan,nan,nan,nan,nan,nan,nan,nan,nan,nan,nan,nan,nan,nan
HtZt_6000_2000,HtZt,6000,2000,85,340,1.4,0.6,/eos/uscms/store/user/aji/rootfiles_existingOptimization/HtZt_6000_2000_pt340_ak14_ca6_th85.root,failed,/eos/uscms/store/user/aji/rootfiles_existingOptimization/HtZt_6000_2000_pt340_ak14_ca6_th85.root,nan,nan,nan,nan,nan,nan,nan,nan,nan,nan,nan,nan,nan,nan,nan,nan,nan,nan,nan,nan,nan
HtZt_6000_2000,HtZt,6000,2000,85,340,1.4,0.8,/eos/uscms/store/user/aji/rootfiles_existingOptimization/HtZt_6000_2000_pt340_ak14_ca8_th85.root,failed,/eos/uscms/store/user/aji/rootfiles_existingOptimization/HtZt_6000_2000_pt340_ak14_ca8_th85.root,nan,nan,nan,nan,nan,nan,nan,nan,nan,nan,nan,nan,nan,nan,nan,nan,nan,nan,nan,nan,nan
HtZt_6000_2000,HtZt,6000,2000,85,340,1.4,1.0,/eos/uscms/store/user/aji/rootfiles_existingOptimization/HtZt_6000_2000_pt340_ak14_ca10_th85.root,failed,/eos/uscms/store/user/aji/rootfiles_existingOptimization/HtZt_6000_2000_pt340_ak14_ca10_th85.root,nan,nan,nan,nan,nan,nan,nan,nan,nan,nan,nan,nan,nan,nan,nan,nan,nan,nan,nan,nan,nan
HtZt_6000_2000,HtZt,6000,2000,85,340,1.6,0.4,/eos/uscms/store/user/aji/rootfiles_existingOptimization/HtZt_6000_2000_pt340_ak16_ca4_th85.root,failed,/eos/uscms/store/user/aji/rootfiles_existingOptimization/HtZt_6000_2000_pt340_ak16_ca4_th85.root,nan,nan,nan,nan,nan,nan,nan,nan,nan,nan,nan,nan,nan,nan,nan,nan,nan,nan,nan,nan,nan
HtZt_6000_2000,HtZt,6000,2000,85,340,1.6,0.6,/eos/uscms/store/user/aji/rootfiles_existingOptimization/HtZt_6000_2000_pt340_ak16_ca6_th85.root,failed,/eos/uscms/store/user/aji/rootfiles_existingOptimization/HtZt_6000_2000_pt340_ak16_ca6_th85.root,nan,nan,nan,nan,nan,nan,nan,nan,nan,nan,nan,nan,nan,nan,nan,nan,nan,nan,nan,nan,nan
HtZt_6000_2000,HtZt,6000,2000,85,340,1.6,0.8,/eos/uscms/store/user/aji/rootfiles_existingOptimization/HtZt_6000_2000_pt340_ak16_ca8_th85.root,failed,/eos/uscms/store/user/aji/rootfiles_existingOptimization/HtZt_6000_2000_pt340_ak16_ca8_th85.root,nan,nan,nan,nan,nan,nan,nan,nan,nan,nan,nan,nan,nan,nan,nan,nan,nan,nan,nan,nan,nan
HtZt_6000_2000,HtZt,6000,2000,85,340,1.6,1.0,/eos/uscms/store/user/aji/rootfiles_existingOptimization/HtZt_6000_2000_pt340_ak16_ca10_th85.root,failed,/eos/uscms/store/user/aji/rootfiles_existingOptimization/HtZt_6000_2000_pt340_ak16_ca10_th85.root,nan,nan,nan,nan,nan,nan,nan,nan,nan,nan,nan,nan,nan,nan,nan,nan,nan,nan,nan,nan,nan
HtZt_6000_2000,HtZt,6000,2000,85,340,1.6,1.2,/eos/uscms/store/user/aji/rootfiles_existingOptimization/HtZt_6000_2000_pt340_ak16_ca12_th85.root,failed,/eos/uscms/store/user/aji/rootfiles_existingOptimization/HtZt_6000_2000_pt340_ak16_ca12_th85.root,nan,nan,nan,nan,nan,nan,nan,nan,nan,nan,nan,nan,nan,nan,nan,nan,nan,nan,nan,nan,nan
HtZt_6000_2000,HtZt,6000,2000,85,360,0.8,0.4,/eos/uscms/store/user/aji/rootfiles_existingOptimization/HtZt_6000_2000_pt360_ak8_ca4_th85.root,failed,/eos/uscms/store/user/aji/rootfiles_existingOptimization/HtZt_6000_2000_pt360_ak8_ca4_th85.root,nan,nan,nan,nan,nan,nan,nan,nan,nan,nan,nan,nan,nan,nan,nan,nan,nan,nan,nan,nan,nan
HtZt_6000_2000,HtZt,6000,2000,85,360,1.0,0.4,/eos/uscms/store/user/aji/rootfiles_existingOptimization/HtZt_6000_2000_pt360_ak10_ca4_th85.root,failed,/eos/uscms/store/user/aji/rootfiles_existingOptimization/HtZt_6000_2000_pt360_ak10_ca4_th85.root,nan,nan,nan,nan,nan,nan,nan,nan,nan,nan,nan,nan,nan,nan,nan,nan,nan,nan,nan,nan,nan
HtZt_6000_2000,HtZt,6000,2000,85,360,1.0,0.6,/eos/uscms/store/user/aji/rootfiles_existingOptimization/HtZt_6000_2000_pt360_ak10_ca6_th85.root,failed,/eos/uscms/store/user/aji/rootfiles_existingOptimization/HtZt_6000_2000_pt360_ak10_ca6_th85.root,nan,nan,nan,nan,nan,nan,nan,nan,nan,nan,nan,nan,nan,nan,nan,nan,nan,nan,nan,nan,nan
HtZt_6000_2000,HtZt,6000,2000,85,360,1.2,0.4,/eos/uscms/store/user/aji/rootfiles_existingOptimization/HtZt_6000_2000_pt360_ak12_ca4_th85.root,failed,/eos/uscms/store/user/aji/rootfiles_existingOptimization/HtZt_6000_2000_pt360_ak12_ca4_th85.root,nan,nan,nan,nan,nan,nan,nan,nan,nan,nan,nan,nan,nan,nan,nan,nan,nan,nan,nan,nan,nan
HtZt_6000_2000,HtZt,6000,2000,85,360,1.2,0.6,/eos/uscms/store/user/aji/rootfiles_existingOptimization/HtZt_6000_2000_pt360_ak12_ca6_th85.root,failed,/eos/uscms/store/user/aji/rootfiles_existingOptimization/HtZt_6000_2000_pt360_ak12_ca6_th85.root,nan,nan,nan,nan,nan,nan,nan,nan,nan,nan,nan,nan,nan,nan,nan,nan,nan,nan,nan,nan,nan
HtZt_6000_2000,HtZt,6000,2000,85,360,1.2,0.8,/eos/uscms/store/user/aji/rootfiles_existingOptimization/HtZt_6000_2000_pt360_ak12_ca8_th85.root,failed,/eos/uscms/store/user/aji/rootfiles_existingOptimization/HtZt_6000_2000_pt360_ak12_ca8_th85.root,nan,nan,nan,nan,nan,nan,nan,nan,nan,nan,nan,nan,nan,nan,nan,nan,nan,nan,nan,nan,nan
HtZt_6000_2000,HtZt,6000,2000,85,360,1.4,0.4,/eos/uscms/store/user/aji/rootfiles_existingOptimization/HtZt_6000_2000_pt360_ak14_ca4_th85.root,failed,/eos/uscms/store/user/aji/rootfiles_existingOptimization/HtZt_6000_2000_pt360_ak14_ca4_th85.root,nan,nan,nan,nan,nan,nan,nan,nan,nan,nan,nan,nan,nan,nan,nan,nan,nan,nan,nan,nan,nan
HtZt_6000_2000,HtZt,6000,2000,85,360,1.4,0.6,/eos/uscms/store/user/aji/rootfiles_existingOptimization/HtZt_6000_2000_pt360_ak14_ca6_th85.root,failed,/eos/uscms/store/user/aji/rootfiles_existingOptimization/HtZt_6000_2000_pt360_ak14_ca6_th85.root,nan,nan,nan,nan,nan,nan,nan,nan,nan,nan,nan,nan,nan,nan,nan,nan,nan,nan,nan,nan,nan
HtZt_6000_2000,HtZt,6000,2000,85,360,1.4,0.8,/eos/uscms/store/user/aji/rootfiles_existingOptimization/HtZt_6000_2000_pt360_ak14_ca8_th85.root,failed,/eos/uscms/store/user/aji/rootfiles_existingOptimization/HtZt_6000_2000_pt360_ak14_ca8_th85.root,nan,nan,nan,nan,nan,nan,nan,nan,nan,nan,nan,nan,nan,nan,nan,nan,nan,nan,nan,nan,nan
HtZt_6000_2000,HtZt,6000,2000,85,360,1.4,1.0,/eos/uscms/store/user/aji/rootfiles_existingOptimization/HtZt_6000_2000_pt360_ak14_ca10_th85.root,failed,/eos/uscms/store/user/aji/rootfiles_existingOptimization/HtZt_6000_2000_pt360_ak14_ca10_th85.root,nan,nan,nan,nan,nan,nan,nan,nan,nan,nan,nan,nan,nan,nan,nan,nan,nan,nan,nan,nan,nan
HtZt_6000_2000,HtZt,6000,2000,85,360,1.6,0.4,/eos/uscms/store/user/aji/rootfiles_existingOptimization/HtZt_6000_2000_pt360_ak16_ca4_th85.root,failed,/eos/uscms/store/user/aji/rootfiles_existingOptimization/HtZt_6000_2000_pt360_ak16_ca4_th85.root,nan,nan,nan,nan,nan,nan,nan,nan,nan,nan,nan,nan,nan,nan,nan,nan,nan,nan,nan,nan,nan
HtZt_6000_2000,HtZt,6000,2000,85,360,1.6,0.6,/eos/uscms/store/user/aji/rootfiles_existingOptimization/HtZt_6000_2000_pt360_ak16_ca6_th85.root,failed,/eos/uscms/store/user/aji/rootfiles_existingOptimization/HtZt_6000_2000_pt360_ak16_ca6_th85.root,nan,nan,nan,nan,nan,nan,nan,nan,nan,nan,nan,nan,nan,nan,nan,nan,nan,nan,nan,nan,nan
HtZt_6000_2000,HtZt,6000,2000,85,360,1.6,0.8,/eos/uscms/store/user/aji/rootfiles_existingOptimization/HtZt_6000_2000_pt360_ak16_ca8_th85.root,failed,/eos/uscms/store/user/aji/rootfiles_existingOptimization/HtZt_6000_2000_pt360_ak16_ca8_th85.root,nan,nan,nan,nan,nan,nan,nan,nan,nan,nan,nan,nan,nan,nan,nan,nan,nan,nan,nan,nan,nan
HtZt_6000_2000,HtZt,6000,2000,85,360,1.6,1.0,/eos/uscms/store/user/aji/rootfiles_existingOptimization/HtZt_6000_2000_pt360_ak16_ca10_th85.root,failed,/eos/uscms/store/user/aji/rootfiles_existingOptimization/HtZt_6000_2000_pt360_ak16_ca10_th85.root,nan,nan,nan,nan,nan,nan,nan,nan,nan,nan,nan,nan,nan,nan,nan,nan,nan,nan,nan,nan,nan
HtZt_6000_2000,HtZt,6000,2000,85,360,1.6,1.2,/eos/uscms/store/user/aji/rootfiles_existingOptimization/HtZt_6000_2000_pt360_ak16_ca12_th85.root,failed,/eos/uscms/store/user/aji/rootfiles_existingOptimization/HtZt_6000_2000_pt360_ak16_ca12_th85.root,nan,nan,nan,nan,nan,nan,nan,nan,nan,nan,nan,nan,nan,nan,nan,nan,nan,nan,nan,nan,nan
HtZt_6000_2000,HtZt,6000,2000,85,380,0.8,0.4,/eos/uscms/store/user/aji/rootfiles_existingOptimization/HtZt_6000_2000_pt380_ak8_ca4_th85.root,failed,/eos/uscms/store/user/aji/rootfiles_existingOptimization/HtZt_6000_2000_pt380_ak8_ca4_th85.root,nan,nan,nan,nan,nan,nan,nan,nan,nan,nan,nan,nan,nan,nan,nan,nan,nan,nan,nan,nan,nan
HtZt_6000_2000,HtZt,6000,2000,85,380,1.0,0.4,/eos/uscms/store/user/aji/rootfiles_existingOptimization/HtZt_6000_2000_pt380_ak10_ca4_th85.root,failed,/eos/uscms/store/user/aji/rootfiles_existingOptimization/HtZt_6000_2000_pt380_ak10_ca4_th85.root,nan,nan,nan,nan,nan,nan,nan,nan,nan,nan,nan,nan,nan,nan,nan,nan,nan,nan,nan,nan,nan
HtZt_6000_2000,HtZt,6000,2000,85,380,1.0,0.6,/eos/uscms/store/user/aji/rootfiles_existingOptimization/HtZt_6000_2000_pt380_ak10_ca6_th85.root,failed,/eos/uscms/store/user/aji/rootfiles_existingOptimization/HtZt_6000_2000_pt380_ak10_ca6_th85.root,nan,nan,nan,nan,nan,nan,nan,nan,nan,nan,nan,nan,nan,nan,nan,nan,nan,nan,nan,nan,nan
HtZt_6000_2000,HtZt,6000,2000,85,380,1.2,0.4,/eos/uscms/store/user/aji/rootfiles_existingOptimization/HtZt_6000_2000_pt380_ak12_ca4_th85.root,failed,/eos/uscms/store/user/aji/rootfiles_existingOptimization/HtZt_6000_2000_pt380_ak12_ca4_th85.root,nan,nan,nan,nan,nan,nan,nan,nan,nan,nan,nan,nan,nan,nan,nan,nan,nan,nan,nan,nan,nan
HtZt_6000_2000,HtZt,6000,2000,85,380,1.2,0.6,/eos/uscms/store/user/aji/rootfiles_existingOptimization/HtZt_6000_2000_pt380_ak12_ca6_th85.root,failed,/eos/uscms/store/user/aji/rootfiles_existingOptimization/HtZt_6000_2000_pt380_ak12_ca6_th85.root,nan,nan,nan,nan,nan,nan,nan,nan,nan,nan,nan,nan,nan,nan,nan,nan,nan,nan,nan,nan,nan
HtZt_6000_2000,HtZt,6000,2000,85,380,1.2,0.8,/eos/uscms/store/user/aji/rootfiles_existingOptimization/HtZt_6000_2000_pt380_ak12_ca8_th85.root,failed,/eos/uscms/store/user/aji/rootfiles_existingOptimization/HtZt_6000_2000_pt380_ak12_ca8_th85.root,nan,nan,nan,nan,nan,nan,nan,nan,nan,nan,nan,nan,nan,nan,nan,nan,nan,nan,nan,nan,nan
HtZt_6000_2000,HtZt,6000,2000,85,380,1.4,0.4,/eos/uscms/store/user/aji/rootfiles_existingOptimization/HtZt_6000_2000_pt380_ak14_ca4_th85.root,failed,/eos/uscms/store/user/aji/rootfiles_existingOptimization/HtZt_6000_2000_pt380_ak14_ca4_th85.root,nan,nan,nan,nan,nan,nan,nan,nan,nan,nan,nan,nan,nan,nan,nan,nan,nan,nan,nan,nan,nan
HtZt_6000_2000,HtZt,6000,2000,85,380,1.4,0.6,/eos/uscms/store/user/aji/rootfiles_existingOptimization/HtZt_6000_2000_pt380_ak14_ca6_th85.root,failed,/eos/uscms/store/user/aji/rootfiles_existingOptimization/HtZt_6000_2000_pt380_ak14_ca6_th85.root,nan,nan,nan,nan,nan,nan,nan,nan,nan,nan,nan,nan,nan,nan,nan,nan,nan,nan,nan,nan,nan
HtZt_6000_2000,HtZt,6000,2000,85,380,1.4,0.8,/eos/uscms/store/user/aji/rootfiles_existingOptimization/HtZt_6000_2000_pt380_ak14_ca8_th85.root,failed,/eos/uscms/store/user/aji/rootfiles_existingOptimization/HtZt_6000_2000_pt380_ak14_ca8_th85.root,nan,nan,nan,nan,nan,nan,nan,nan,nan,nan,nan,nan,nan,nan,nan,nan,nan,nan,nan,nan,nan
HtZt_6000_2000,HtZt,6000,2000,85,380,1.4,1.0,/eos/uscms/store/user/aji/rootfiles_existingOptimization/HtZt_6000_2000_pt380_ak14_ca10_th85.root,failed,/eos/uscms/store/user/aji/rootfiles_existingOptimization/HtZt_6000_2000_pt380_ak14_ca10_th85.root,nan,nan,nan,nan,nan,nan,nan,nan,nan,nan,nan,nan,nan,nan,nan,nan,nan,nan,nan,nan,nan
HtZt_6000_2000,HtZt,6000,2000,85,380,1.6,0.4,/eos/uscms/store/user/aji/rootfiles_existingOptimization/HtZt_6000_2000_pt380_ak16_ca4_th85.root,failed,/eos/uscms/store/user/aji/rootfiles_existingOptimization/HtZt_6000_2000_pt380_ak16_ca4_th85.root,nan,nan,nan,nan,nan,nan,nan,nan,nan,nan,nan,nan,nan,nan,nan,nan,nan,nan,nan,nan,nan
HtZt_6000_2000,HtZt,6000,2000,85,380,1.6,0.6,/eos/uscms/store/user/aji/rootfiles_existingOptimization/HtZt_6000_2000_pt380_ak16_ca6_th85.root,failed,/eos/uscms/store/user/aji/rootfiles_existingOptimization/HtZt_6000_2000_pt380_ak16_ca6_th85.root,nan,nan,nan,nan,nan,nan,nan,nan,nan,nan,nan,nan,nan,nan,nan,nan,nan,nan,nan,nan,nan
HtZt_6000_2000,HtZt,6000,2000,85,380,1.6,0.8,/eos/uscms/store/user/aji/rootfiles_existingOptimization/HtZt_6000_2000_pt380_ak16_ca8_th85.root,failed,/eos/uscms/store/user/aji/rootfiles_existingOptimization/HtZt_6000_2000_pt380_ak16_ca8_th85.root,nan,nan,nan,nan,nan,nan,nan,nan,nan,nan,nan,nan,nan,nan,nan,nan,nan,nan,nan,nan,nan
HtZt_6000_2000,HtZt,6000,2000,85,380,1.6,1.0,/eos/uscms/store/user/aji/rootfiles_existingOptimization/HtZt_6000_2000_pt380_ak16_ca10_th85.root,failed,/eos/uscms/store/user/aji/rootfiles_existingOptimization/HtZt_6000_2000_pt380_ak16_ca10_th85.root,nan,nan,nan,nan,nan,nan,nan,nan,nan,nan,nan,nan,nan,nan,nan,nan,nan,nan,nan,nan,nan
HtZt_6000_2000,HtZt,6000,2000,85,380,1.6,1.2,/eos/uscms/store/user/aji/rootfiles_existingOptimization/HtZt_6000_2000_pt380_ak16_ca12_th85.root,failed,/eos/uscms/store/user/aji/rootfiles_existingOptimization/HtZt_6000_2000_pt380_ak16_ca12_th85.root,nan,nan,nan,nan,nan,nan,nan,nan,nan,nan,nan,nan,nan,nan,nan,nan,nan,nan,nan,nan,nan
HtZt_6000_2000,HtZt,6000,2000,85,400,0.8,0.4,/eos/uscms/store/user/aji/rootfiles_existingOptimization/HtZt_6000_2000_pt400_ak8_ca4_th85.root,failed,/eos/uscms/store/user/aji/rootfiles_existingOptimization/HtZt_6000_2000_pt400_ak8_ca4_th85.root,nan,nan,nan,nan,nan,nan,nan,nan,nan,nan,nan,nan,nan,nan,nan,nan,nan,nan,nan,nan,nan
HtZt_6000_2000,HtZt,6000,2000,85,400,1.0,0.4,/eos/uscms/store/user/aji/rootfiles_existingOptimization/HtZt_6000_2000_pt400_ak10_ca4_th85.root,failed,/eos/uscms/store/user/aji/rootfiles_existingOptimization/HtZt_6000_2000_pt400_ak10_ca4_th85.root,nan,nan,nan,nan,nan,nan,nan,nan,nan,nan,nan,nan,nan,nan,nan,nan,nan,nan,nan,nan,nan
HtZt_6000_2000,HtZt,6000,2000,85,400,1.0,0.6,/eos/uscms/store/user/aji/rootfiles_existingOptimization/HtZt_6000_2000_pt400_ak10_ca6_th85.root,failed,/eos/uscms/store/user/aji/rootfiles_existingOptimization/HtZt_6000_2000_pt400_ak10_ca6_th85.root,nan,nan,nan,nan,nan,nan,nan,nan,nan,nan,nan,nan,nan,nan,nan,nan,nan,nan,nan,nan,nan
HtZt_6000_2000,HtZt,6000,2000,85,400,1.2,0.4,/eos/uscms/store/user/aji/rootfiles_existingOptimization/HtZt_6000_2000_pt400_ak12_ca4_th85.root,failed,/eos/uscms/store/user/aji/rootfiles_existingOptimization/HtZt_6000_2000_pt400_ak12_ca4_th85.root,nan,nan,nan,nan,nan,nan,nan,nan,nan,nan,nan,nan,nan,nan,nan,nan,nan,nan,nan,nan,nan
HtZt_6000_2000,HtZt,6000,2000,85,400,1.2,0.6,/eos/uscms/store/user/aji/rootfiles_existingOptimization/HtZt_6000_2000_pt400_ak12_ca6_th85.root,failed,/eos/uscms/store/user/aji/rootfiles_existingOptimization/HtZt_6000_2000_pt400_ak12_ca6_th85.root,nan,nan,nan,nan,nan,nan,nan,nan,nan,nan,nan,nan,nan,nan,nan,nan,nan,nan,nan,nan,nan
HtZt_6000_2000,HtZt,6000,2000,85,400,1.2,0.8,/eos/uscms/store/user/aji/rootfiles_existingOptimization/HtZt_6000_2000_pt400_ak12_ca8_th85.root,failed,/eos/uscms/store/user/aji/rootfiles_existingOptimization/HtZt_6000_2000_pt400_ak12_ca8_th85.root,nan,nan,nan,nan,nan,nan,nan,nan,nan,nan,nan,nan,nan,nan,nan,nan,nan,nan,nan,nan,nan
HtZt_6000_2000,HtZt,6000,2000,85,400,1.4,0.4,/eos/uscms/store/user/aji/rootfiles_existingOptimization/HtZt_6000_2000_pt400_ak14_ca4_th85.root,failed,/eos/uscms/store/user/aji/rootfiles_existingOptimization/HtZt_6000_2000_pt400_ak14_ca4_th85.root,nan,nan,nan,nan,nan,nan,nan,nan,nan,nan,nan,nan,nan,nan,nan,nan,nan,nan,nan,nan,nan
HtZt_6000_2000,HtZt,6000,2000,85,400,1.4,0.6,/eos/uscms/store/user/aji/rootfiles_existingOptimization/HtZt_6000_2000_pt400_ak14_ca6_th85.root,failed,/eos/uscms/store/user/aji/rootfiles_existingOptimization/HtZt_6000_2000_pt400_ak14_ca6_th85.root,nan,nan,nan,nan,nan,nan,nan,nan,nan,nan,nan,nan,nan,nan,nan,nan,nan,nan,nan,nan,nan
HtZt_6000_2000,HtZt,6000,2000,85,400,1.4,0.8,/eos/uscms/store/user/aji/rootfiles_existingOptimization/HtZt_6000_2000_pt400_ak14_ca8_th85.root,failed,/eos/uscms/store/user/aji/rootfiles_existingOptimization/HtZt_6000_2000_pt400_ak14_ca8_th85.root,nan,nan,nan,nan,nan,nan,nan,nan,nan,nan,nan,nan,nan,nan,nan,nan,nan,nan,nan,nan,nan
HtZt_6000_2000,HtZt,6000,2000,85,400,1.4,1.0,/eos/uscms/store/user/aji/rootfiles_existingOptimization/HtZt_6000_2000_pt400_ak14_ca10_th85.root,failed,/eos/uscms/store/user/aji/rootfiles_existingOptimization/HtZt_6000_2000_pt400_ak14_ca10_th85.root,nan,nan,nan,nan,nan,nan,nan,nan,nan,nan,nan,nan,nan,nan,nan,nan,nan,nan,nan,nan,nan
HtZt_6000_2000,HtZt,6000,2000,85,400,1.6,0.4,/eos/uscms/store/user/aji/rootfiles_existingOptimization/HtZt_6000_2000_pt400_ak16_ca4_th85.root,failed,/eos/uscms/store/user/aji/rootfiles_existingOptimization/HtZt_6000_2000_pt400_ak16_ca4_th85.root,nan,nan,nan,nan,nan,nan,nan,nan,nan,nan,nan,nan,nan,nan,nan,nan,nan,nan,nan,nan,nan
HtZt_6000_2000,HtZt,6000,2000,85,400,1.6,0.6,/eos/uscms/store/user/aji/rootfiles_existingOptimization/HtZt_6000_2000_pt400_ak16_ca6_th85.root,failed,/eos/uscms/store/user/aji/rootfiles_existingOptimization/HtZt_6000_2000_pt400_ak16_ca6_th85.root,nan,nan,nan,nan,nan,nan,nan,nan,nan,nan,nan,nan,nan,nan,nan,nan,nan,nan,nan,nan,nan
HtZt_6000_2000,HtZt,6000,2000,85,400,1.6,0.8,/eos/uscms/store/user/aji/rootfiles_existingOptimization/HtZt_6000_2000_pt400_ak16_ca8_th85.root,failed,/eos/uscms/store/user/aji/rootfiles_existingOptimization/HtZt_6000_2000_pt400_ak16_ca8_th85.root,nan,nan,nan,nan,nan,nan,nan,nan,nan,nan,nan,nan,nan,nan,nan,nan,nan,nan,nan,nan,nan
HtZt_6000_2000,HtZt,6000,2000,85,400,1.6,1.0,/eos/uscms/store/user/aji/rootfiles_existingOptimization/HtZt_6000_2000_pt400_ak16_ca10_th85.root,failed,/eos/uscms/store/user/aji/rootfiles_existingOptimization/HtZt_6000_2000_pt400_ak16_ca10_th85.root,nan,nan,nan,nan,nan,nan,nan,nan,nan,nan,nan,nan,nan,nan,nan,nan,nan,nan,nan,nan,nan
HtZt_6000_2000,HtZt,6000,2000,85,400,1.6,1.2,/eos/uscms/store/user/aji/rootfiles_existingOptimization/HtZt_6000_2000_pt400_ak16_ca12_th85.root,failed,/eos/uscms/store/user/aji/rootfiles_existingOptimization/HtZt_6000_2000_pt400_ak16_ca12_th85.root,nan,nan,nan,nan,nan,nan,nan,nan,nan,nan,nan,nan,nan,nan,nan,nan,nan,nan,nan,nan,nan
