sample,decay,suu_mass,chi_mass,th_code,pt_cut,ak_radius,ca_radius,filename,status,error,n_events,n_valid_events,reconstruction_efficiency,reconstruction_efficiency_err,f_low_event,f_low_event_err,f_low_chi,f_peak_chi,f_peak_event_both,f_peak_event_both_all,off_peak_event_fraction,off_peak_event_fraction_err,median_mass,q16_mass,q84_mass,median_mass_response,q16_mass_response,q84_mass_response,robust_resolution,median_mass_asymmetry,balanced_score
HtHt_6000_2000,HtHt,6000,2000,85,100,0.6,0.4,/eos/uscms/store/user/aji/rootfiles_existingOptimization/HtHt_6000_2000_pt100_ak6_ca4_th85.root,ok,,1000,1000,1.0,0.0,0.006,0.002442130217658346,0.003,0.917,0.897,0.897,0.10299999999999998,0.009612023720320294,1920.114463053878,1729.9940006929178,2306.733479973661,0.960057231526939,0.864997000346459,1.1533667399868304,0.15018361935659238,0.0001985812498974122,0.25717789620389847
HtHt_6000_2000,HtHt,6000,2000,85,120,0.6,0.4,/eos/uscms/store/user/aji/rootfiles_existingOptimization/HtHt_6000_2000_pt120_ak6_ca4_th85.root,ok,,1000,1000,1.0,0.0,0.01,0.003146426544510455,0.0055,0.918,0.892,0.892,0.10799999999999998,0.009815090422405694,1902.4242754785764,1701.9496055656336,2279.793648041328,0.9512121377392884,0.8509748027828168,1.1398968240206642,0.15187044496957217,0.00033453479538272896,0.2647492311956433
HtHt_6000_2000,HtHt,6000,2000,85,140,0.6,0.4,/eos/uscms/store/user/aji/rootfiles_existingOptimization/HtHt_6000_2000_pt140_ak6_ca4_th85.root,ok,,1000,1000,1.0,0.0,0.022,0.0046385342512479085,0.0115,0.9155,0.883,0.883,0.11699999999999999,0.010164201887015036,1886.0154956912038,1684.1083834272354,2243.1520919973923,0.9430077478456019,0.8420541917136177,1.1215760459986963,0.14820761278137692,0.0009059492322518253,0.2709068379968167
HtHt_6000_2000,HtHt,6000,2000,85,160,0.6,0.4,/eos/uscms/store/user/aji/rootfiles_existingOptimization/HtHt_6000_2000_pt160_ak6_ca4_th85.root,ok,,1000,1000,1.0,0.0,0.027,0.00512552436341883,0.014,0.9085,0.867,0.867,0.133,0.010738295954200556,1870.1147110791799,1658.8519415871033,2219.975487527419,0.9350573555395899,0.8294259707935516,1.1099877437637093,0.15002383078856965,0.0026940517557810352,0.2895180952346107
HtHt_6000_2000,HtHt,6000,2000,85,180,0.6,0.4,/eos/uscms/store/user/aji/rootfiles_existingOptimization/HtHt_6000_2000_pt180_ak6_ca4_th85.root,ok,,1000,1000,1.0,0.0,0.039,0.006122009474020765,0.0205,0.8985,0.851,0.851,0.14900000000000002,0.011260506205317771,1863.0860899371978,1631.2853960853638,2202.730285158373,0.9315430449685989,0.815642698042682,1.1013651425791866,0.1533597647901155,0.003889679913750106,0.3092054602932557
HtHt_6000_2000,HtHt,6000,2000,85,100,0.4,0.4,/eos/uscms/store/user/aji/rootfiles_existingOptimization/HtHt_6000_2000_pt100_ak4_ca4_th85.root,ok,,1000,1000,1.0,0.0,0.018,0.004204283529925164,0.009,0.909,0.856,0.856,0.14400000000000002,0.011102432165971564,1822.3992175362632,1605.147484981287,2236.4718473234443,0.9111996087681317,0.8025737424906436,1.1182359236617223,0.17321242136935752,0.029217170318146562,0.32609246049254437
HtHt_6000_2000,HtHt,6000,2000,85,200,0.6,0.4,/eos/uscms/store/user/aji/rootfiles_existingOptimization/HtHt_6000_2000_pt200_ak6_ca4_th85.root,ok,,1000,1000,1.0,0.0,0.045,0.0065555320150236475,0.024,0.887,0.832,0.832,0.16800000000000004,0.011822690049223148,1857.3756182723828,1612.565909871029,2183.7267369521337,0.9286878091361914,0.8062829549355145,1.0918633684760668,0.1537547982923248,0.0055973962390926685,0.3288860173787057
HtHt_6000_2000,HtHt,6000,2000,85,140,0.8,0.6,/eos/uscms/store/user/aji/rootfiles_existingOptimization/HtHt_6000_2000_pt140_ak8_ca6_th85.root,ok,,1000,1000,1.0,0.0,0.014,0.003715373467095872,0.007,0.87,0.832,0.832,0.16800000000000004,0.011822690049223148,1970.515456575731,1779.1638225226654,2408.2129904343915,0.9852577282878654,0.8895819112613328,1.2041064952171958,0.15961538535832095,0.008319839075469019,0.32908961252953445
HtHt_6000_2000,HtHt,6000,2000,85,160,0.8,0.6,/eos/uscms/store/user/aji/rootfiles_existingOptimization/HtHt_6000_2000_pt160_ak8_ca6_th85.root,ok,,1000,1000,1.0,0.0,0.03,0.005394441583704471,0.0155,0.8725,0.829,0.829,0.17100000000000004,0.011906258858264422,1960.1954413823141,1758.9963811688488,2382.7679452537577,0.9800977206911572,0.8794981905844245,1.1913839726268791,0.15910953339556552,0.009771086909536226,0.3320997613264498
HtHt_6000_2000,HtHt,6000,2000,85,180,0.8,0.6,/eos/uscms/store/user/aji/rootfiles_existingOptimization/HtHt_6000_2000_pt180_ak8_ca6_th85.root,ok,,1000,1000,1.0,0.0,0.039,0.006122009474020765,0.02,0.869,0.821,0.821,0.17900000000000005,0.012122664723566351,1953.7145109256671,1739.8457426019897,2342.9793563608373,0.9768572554628336,0.8699228713009949,1.1714896781804187,0.15435561602935624,0.011807068259972443,0.33566989048307294
HtHt_6000_2000,HtHt,6000,2000,85,200,0.8,0.6,/eos/uscms/store/user/aji/rootfiles_existingOptimization/HtHt_6000_2000_pt200_ak8_ca6_th85.root,ok,,1000,1000,1.0,0.0,0.052,0.007021111023192838,0.0265,0.8655,0.81,0.81,0.18999999999999995,0.012405643876881197,1944.5644847826384,1728.2350638093417,2314.8858434662325,0.9722822423913193,0.8641175319046709,1.1574429217331161,0.15084374528275563,0.012447125861672004,0.34361552104362364
HtHt_6000_2000,HtHt,6000,2000,85,120,0.8,0.6,/eos/uscms/store/user/aji/rootfiles_existingOptimization/HtHt_6000_2000_pt120_ak8_ca6_th85.root,ok,,1000,1000,1.0,0.0,0.009,0.002986469487538756,0.0045,0.857,0.823,0.823,0.17700000000000005,0.012069424178476786,1987.9651050443213,1799.9383550907123,2480.0990815161113,0.9939825525221606,0.8999691775453562,1.2400495407580556,0.17106958384217583,0.006135782746760746,0.3486713285899598
HtHt_6000_2000,HtHt,6000,2000,85,120,0.4,0.4,/eos/uscms/store/user/aji/rootfiles_existingOptimization/HtHt_6000_2000_pt120_ak4_ca4_th85.root,ok,,1000,1000,1.0,0.0,0.027,0.00512552436341883,0.014,0.8945,0.831,0.831,0.16900000000000004,0.011850696182081458,1797.9188319639645,1557.75177205398,2168.488426062606,0.8989594159819823,0.77887588602699,1.084244213031303,0.1698454466216045,0.033878832656247596,0.3489495050234063
HtHt_6000_2000,HtHt,6000,2000,85,100,0.6,0.6,/eos/uscms/store/user/aji/rootfiles_existingOptimization/HtHt_6000_2000_pt100_ak6_ca6_th85.root,ok,,1000,1000,1.0,0.0,0.015,0.003843826218756514,0.0075,0.888,0.833,0.833,0.16700000000000004,0.01179453263168999,1899.3831038454978,1692.3578374076722,2372.836845818255,0.9496915519227489,0.8461789187038361,1.1864184229091275,0.1791315841003541,0.03349547915818192,0.35116242890807925
HtHt_6000_2000,HtHt,6000,2000,85,220,0.6,0.4,/eos/uscms/store/user/aji/rootfiles_existingOptimization/HtHt_6000_2000_pt220_ak6_ca4_th85.root,ok,,1000,1000,1.0,0.0,0.054,0.007147307185227175,0.031,0.872,0.812,0.812,0.18799999999999994,0.01235540367612487,1849.7579655500674,1595.5800014394365,2172.1919236571707,0.9248789827750337,0.7977900007197183,1.0860959618285855,0.1558614513240563,0.006659486412693403,0.3513735530465529
HtHt_6000_2000,HtHt,6000,2000,85,220,0.8,0.6,/eos/uscms/store/user/aji/rootfiles_existingOptimization/HtHt_6000_2000_pt220_ak8_ca6_th85.root,ok,,1000,1000,1.0,0.0,0.061,0.0075682891065286355,0.031,0.86,0.798,0.798,0.20199999999999996,0.01269629867323544,1937.6130905925434,1708.0186658057476,2281.251980349625,0.9688065452962715,0.8540093329028737,1.1406259901748124,0.147922543805837,0.013185348631273179,0.35304188927620983
HtHt_6000_2000,HtHt,6000,2000,85,140,0.6,0.6,/eos/uscms/store/user/aji/rootfiles_existingOptimization/HtHt_6000_2000_pt140_ak6_ca6_th85.root,ok,,1000,1000,1.0,0.0,0.044,0.006485676526007136,0.0225,0.882,0.817,0.817,0.18300000000000005,0.012227469075814505,1873.3576469828147,1646.659745100966,2278.6564738054412,0.9366788234914074,0.823329872550483,1.1393282369027204,0.16868021163026553,0.04039661667920581,0.3580123292811248
HtHt_6000_2000,HtHt,6000,2000,85,240,0.8,0.6,/eos/uscms/store/user/aji/rootfiles_existingOptimization/HtHt_6000_2000_pt240_ak8_ca6_th85.root,ok,,1000,1000,1.0,0.0,0.073,0.008226238508577295,0.037,0.8515,0.785,0.785,0.21499999999999997,0.012991343271578961,1933.3877345256437,1702.4867355861074,2259.8180932663154,0.9666938672628218,0.8512433677930538,1.1299090466331576,0.1441333643861532,0.014878005544040819,0.362463977659871
HtHt_6000_2000,HtHt,6000,2000,85,120,0.6,0.6,/eos/uscms/store/user/aji/rootfiles_existingOptimization/HtHt_6000_2000_pt120_ak6_ca6_th85.root,ok,,1000,1000,1.0,0.0,0.025,0.0049371044145328745,0.013,0.881,0.818,0.818,0.18200000000000005,0.01220147532063234,1885.5577931949701,1664.5045634362348,2335.324338180056,0.942778896597485,0.8322522817181174,1.167662169090028,0.1778836419559316,0.037875440486503445,0.36560575229618314
HtHt_6000_2000,HtHt,6000,2000,85,100,0.4,0.6,/eos/uscms/store/user/aji/rootfiles_existingOptimization/HtHt_6000_2000_pt100_ak4_ca6_th85.root,ok,,1000,1000,1.0,0.0,0.023,0.004740358636221525,0.012,0.889,0.82,0.82,0.18000000000000005,0.012149074038789953,1813.9580977303594,1591.252803128524,2238.3599997080014,0.9069790488651798,0.795626401564262,1.1191799998540009,0.17836883811956405,0.03736593278322733,0.3676709332330461
HtHt_6000_2000,HtHt,6000,2000,85,260,0.8,0.6,/eos/uscms/store/user/aji/rootfiles_existingOptimization/HtHt_6000_2000_pt260_ak8_ca6_th85.root,ok,,1000,1000,1.0,0.0,0.085,0.008819013550278738,0.044,0.851,0.776,0.776,0.22399999999999998,0.013184233007649704,1921.6801613099215,1672.8911265164857,2234.3081049395864,0.9608400806549608,0.8364455632582428,1.1171540524697932,0.1460745106616515,0.016596847811606856,0.3739905025961554
HtHt_6000_2000,HtHt,6000,2000,85,240,0.6,0.4,/eos/uscms/store/user/aji/rootfiles_existingOptimization/HtHt_6000_2000_pt240_ak6_ca4_th85.root,ok,,1000,1000,1.0,0.0,0.074,0.00827792244467173,0.042,0.858,0.786,0.786,0.21399999999999997,0.012969348480166612,1840.0173226087636,1562.2665729408716,2125.3421232439214,0.9200086613043819,0.7811332864704358,1.0626710616219606,0.15300821991847474,0.009527988778568836,0.3750073537880365
HtHt_6000_2000,HtHt,6000,2000,85,160,0.6,0.6,/eos/uscms/store/user/aji/rootfiles_existingOptimization/HtHt_6000_2000_pt160_ak6_ca6_th85.root,ok,,1000,1000,1.0,0.0,0.063,0.007683163410991596,0.032,0.8715,0.796,0.796,0.20399999999999996,0.012742998077375669,1859.332027407721,1615.2510022363997,2257.783539722794,0.9296660137038606,0.8076255011181999,1.128891769861397,0.17278585212728584,0.04264461695189625,0.3838192507568997
HtHt_6000_2000,HtHt,6000,2000,85,100,0.6,0.8,/eos/uscms/store/user/aji/rootfiles_existingOptimization/HtHt_6000_2000_pt100_ak6_ca8_th85.root,ok,,1000,1000,1.0,0.0,0.032,0.005565608681896348,0.016,0.868,0.808,0.808,0.19199999999999995,0.01245536029185828,1898.4420894703844,1675.273288590712,2394.7575746013404,0.9492210447351921,0.837636644295356,1.1973787873006703,0.18949334562302764,0.04002983503642632,0.38657124114950836
HtHt_6000_2000,HtHt,6000,2000,85,280,0.8,0.6,/eos/uscms/store/user/aji/rootfiles_existingOptimization/HtHt_6000_2000_pt280_ak8_ca6_th85.root,ok,,1000,1000,1.0,0.0,0.098,0.009401914698613257,0.051,0.8425,0.763,0.763,0.237,0.013447341744746431,1917.1513886227112,1649.7980485043515,2219.8131186859937,0.9585756943113557,0.8248990242521758,1.1099065593429969,0.1486619871451944,0.01676092185675347,0.3898044177140588
HtHt_6000_2000,HtHt,6000,2000,85,100,0.8,0.6,/eos/uscms/store/user/aji/rootfiles_existingOptimization/HtHt_6000_2000_pt100_ak8_ca6_th85.root,ok,,1000,1000,1.0,0.0,0.005,0.0022304708023195463,0.0025,0.8245,0.799,0.799,0.20099999999999996,0.01267276607532862,2022.119238472661,1819.5104635597618,2590.057245083873,1.0110596192363306,0.9097552317798809,1.2950286225419365,0.1905295115302195,0.003396899334400637,0.3926354734538525
HtHt_6000_2000,HtHt,6000,2000,85,260,0.6,0.4,/eos/uscms/store/user/aji/rootfiles_existingOptimization/HtHt_6000_2000_pt260_ak6_ca4_th85.root,ok,,1000,1000,1.0,0.0,0.084,0.008771772910877254,0.0485,0.8485,0.773,0.773,0.22699999999999998,0.013246546719805883,1832.8215548407095,1521.614212609986,2105.511944791364,0.9164107774203547,0.7608071063049929,1.0527559723956819,0.15928930196156615,0.010458758370333346,0.39464822421953066
HtHt_6000_2000,HtHt,6000,2000,85,140,0.6,0.8,/eos/uscms/store/user/aji/rootfiles_existingOptimization/HtHt_6000_2000_pt140_ak6_ca8_th85.root,ok,,1000,1000,1.0,0.0,0.066,0.007851369307324678,0.0335,0.857,0.789,0.789,0.21099999999999997,0.012902674141432851,1872.8298955776622,1629.6739648146715,2302.181766252013,0.936414947788831,0.8148369824073358,1.1510908831260065,0.17954321506329615,0.04416910788826223,0.396901720284413
HtHt_6000_2000,HtHt,6000,2000,85,140,0.4,0.4,/eos/uscms/store/user/aji/rootfiles_existingOptimization/HtHt_6000_2000_pt140_ak4_ca4_th85.root,ok,,1000,1000,1.0,0.0,0.053,0.00708456067798138,0.027,0.873,0.788,0.788,0.21199999999999997,0.012925014506761683,1775.0744771945556,1504.243316760622,2128.473893996244,0.8875372385972777,0.752121658380311,1.064236946998122,0.1758322214801368,0.040154996222424744,0.39907849762040903
HtHt_6000_2000,HtHt,6000,2000,85,120,0.6,0.8,/eos/uscms/store/user/aji/rootfiles_existingOptimization/HtHt_6000_2000_pt120_ak6_ca8_th85.root,ok,,1000,1000,1.0,0.0,0.042,0.0063431853196954605,0.0215,0.8605,0.793,0.793,0.20699999999999996,0.012812142677944232,1884.4009378156006,1657.0000753870422,2363.3288115621363,0.9422004689078003,0.828500037693521,1.1816644057810681,0.18741466372699625,0.04214141876261405,0.40019461683621615
HtHt_6000_2000,HtHt,6000,2000,85,120,0.4,0.6,/eos/uscms/store/user/aji/rootfiles_existingOptimization/HtHt_6000_2000_pt120_ak4_ca6_th85.root,ok,,1000,1000,1.0,0.0,0.038,0.006046155803483731,0.0195,0.87,0.787,0.787,0.21299999999999997,0.012947239087929132,1790.407134639277,1534.2454739287632,2167.221956501258,0.8952035673196386,0.7671227369643816,1.0836109782506291,0.17676886735039296,0.043249125896229576,0.40024851061842903
HtHt_6000_2000,HtHt,6000,2000,85,300,0.8,0.6,/eos/uscms/store/user/aji/rootfiles_existingOptimization/HtHt_6000_2000_pt300_ak8_ca6_th85.root,ok,,1000,1000,1.0,0.0,0.115,0.010088359628799918,0.0605,0.836,0.749,0.749,0.251,0.013711272734505722,1912.9405796730223,1627.3538587073244,2191.6795907953087,0.9564702898365112,0.8136769293536622,1.0958397953976544,0.14750215926321253,0.017685926866316627,0.40285513027956144
HtHt_6000_2000,HtHt,6000,2000,85,200,1.0,0.8,/eos/uscms/store/user/aji/rootfiles_existingOptimization/HtHt_6000_2000_pt200_ak10_ca8_th85.root,ok,,1000,1000,1.0,0.0,0.045,0.0065555320150236475,0.0225,0.821,0.762,0.762,0.238,0.01346684818359515,2041.9532786794189,1819.7014023087422,2487.5810163387227,1.0209766393397095,0.909850701154371,1.2437905081693614,0.16353939656785751,0.019301811301078997,0.40363706050182846
HtHt_6000_2000,HtHt,6000,2000,85,220,1.0,0.8,/eos/uscms/store/user/aji/rootfiles_existingOptimization/HtHt_6000_2000_pt220_ak10_ca8_th85.root,ok,,1000,1000,1.0,0.0,0.052,0.007021111023192838,0.026,0.8225,0.758,0.758,0.242,0.013543854695026818,2034.2348631707252,1809.9765912906419,2471.519432513558,1.0171174315853628,0.9049882956453209,1.235759716256779,0.16260237527140334,0.020315775541459483,0.4063141184299396
HtHt_6000_2000,HtHt,6000,2000,85,180,0.6,0.6,/eos/uscms/store/user/aji/rootfiles_existingOptimization/HtHt_6000_2000_pt180_ak6_ca6_th85.root,ok,,1000,1000,1.0,0.0,0.087,0.00891240708226459,0.0445,0.858,0.774,0.774,0.22599999999999998,0.013225883713385657,1850.7702132543554,1591.7457139744622,2233.3407148464316,0.9253851066271777,0.7958728569872311,1.1166703574232157,0.17333189076557542,0.04674676194943443,0.40679338010285765
HtHt_6000_2000,HtHt,6000,2000,85,180,1.0,0.8,/eos/uscms/store/user/aji/rootfiles_existingOptimization/HtHt_6000_2000_pt180_ak10_ca8_th85.root,ok,,1000,1000,1.0,0.0,0.04,0.0061967733539318665,0.02,0.82,0.764,0.764,0.236,0.013427732496590778,2050.27206431684,1832.98801288334,2530.6615223309,1.02513603215842,0.91649400644167,1.26533076116545,0.17014169036147603,0.018143877860177883,0.408655293577318
HtHt_6000_2000,HtHt,6000,2000,85,240,1.0,0.8,/eos/uscms/store/user/aji/rootfiles_existingOptimization/HtHt_6000_2000_pt240_ak10_ca8_th85.root,ok,,1000,1000,1.0,0.0,0.059,0.007451107300260815,0.0295,0.8195,0.749,0.749,0.251,0.013711272734505722,2026.165746154934,1801.0486156101892,2444.080346510404,1.013082873077467,0.9005243078050946,1.222040173255202,0.15868191734079495,0.020715731350832073,0.41099020464854163
HtHt_6000_2000,HtHt,6000,2000,85,100,0.4,0.8,/eos/uscms/store/user/aji/rootfiles_existingOptimization/HtHt_6000_2000_pt100_ak4_ca8_th85.root,ok,,1000,1000,1.0,0.0,0.044,0.006485676526007136,0.0225,0.864,0.785,0.785,0.21499999999999997,0.012991343271578961,1810.5474316924328,1572.5035793046957,2262.2751701199686,0.9052737158462165,0.7862517896523478,1.1311375850599843,0.19048702584126725,0.04376342105836697,0.4149596542566456
HtHt_6000_2000,HtHt,6000,2000,85,260,1.0,0.8,/eos/uscms/store/user/aji/rootfiles_existingOptimization/HtHt_6000_2000_pt260_ak10_ca8_th85.root,ok,,1000,1000,1.0,0.0,0.068,0.007960904471226871,0.034,0.814,0.74,0.74,0.26,0.013870832707519763,2021.2559039601078,1783.904216986389,2426.6389589407854,1.010627951980054,0.8919521084931945,1.2133194794703925,0.1589939058916612,0.021297934046062644,0.42005670108966664
HtHt_6000_2000,HtHt,6000,2000,85,200,0.6,0.6,/eos/uscms/store/user/aji/rootfiles_existingOptimization/HtHt_6000_2000_pt200_ak6_ca6_th85.root,ok,,1000,1000,1.0,0.0,0.107,0.009775019181566858,0.055,0.8495,0.759,0.759,0.241,0.013524755080961725,1846.0894932774968,1568.5216166078983,2203.0854877347197,0.9230447466387484,0.7842608083039491,1.10154274386736,0.17186703933844358,0.04688003220164372,0.42056256467456876
HtHt_6000_2000,HtHt,6000,2000,85,160,0.8,0.8,/eos/uscms/store/user/aji/rootfiles_existingOptimization/HtHt_6000_2000_pt160_ak8_ca8_th85.root,ok,,1000,1000,1.0,0.0,0.06,0.007509993342207435,0.03,0.833,0.769,0.769,0.23099999999999998,0.01332812815064441,1948.4909123689013,1716.345746663236,2457.017571511359,0.9742454561844506,0.8581728733316181,1.2285087857556796,0.19006294054193004,0.041088522657883556,0.423638394923485
HtHt_6000_2000,HtHt,6000,2000,85,160,0.6,0.8,/eos/uscms/store/user/aji/rootfiles_existingOptimization/HtHt_6000_2000_pt160_ak6_ca8_th85.root,ok,,1000,1000,1.0,0.0,0.086,0.008865889690267977,0.0435,0.845,0.766,0.766,0.23399999999999999,0.013388203763014663,1861.3011213516006,1598.0833170773922,2280.4652501827336,0.9306505606758002,0.799041658538696,1.1402326250913668,0.18330777467372497,0.04764396949088445,0.42424271860614493
HtHt_6000_2000,HtHt,6000,2000,85,140,0.8,0.8,/eos/uscms/store/user/aji/rootfiles_existingOptimization/HtHt_6000_2000_pt140_ak8_ca8_th85.root,ok,,1000,1000,1.0,0.0,0.038,0.006046155803483731,0.019,0.8335,0.771,0.771,0.22899999999999998,0.013287550564344055,1960.9183314347722,1728.767365903637,2489.801350681245,0.9804591657173861,0.8643836829518184,1.2449006753406224,0.19405040296114007,0.04002134211321694,0.42500448638940147
HtHt_6000_2000,HtHt,6000,2000,85,160,1.0,0.8,/eos/uscms/store/user/aji/rootfiles_existingOptimization/HtHt_6000_2000_pt160_ak10_ca8_th85.root,ok,,1000,1000,1.0,0.0,0.036,0.005891010100144117,0.018,0.806,0.753,0.753,0.247,0.013637851736985557,2061.903379745103,1845.0875749393615,2568.7622799710193,1.0309516898725515,0.9225437874696808,1.2843811399855096,0.17548705534425185,0.016169678592551015,0.425582224331507
HtHt_6000_2000,HtHt,6000,2000,85,320,0.8,0.6,/eos/uscms/store/user/aji/rootfiles_existingOptimization/HtHt_6000_2000_pt320_ak8_ca6_th85.root,ok,,1000,1000,1.0,0.0,0.121,0.010313049985334114,0.0645,0.825,0.731,0.731,0.269,0.014022802858202064,1905.3814704778713,1584.3757304727576,2176.5218392287484,0.9526907352389357,0.7921878652363789,1.0882609196143742,0.1553878102444966,0.018375917508659086,0.4291187367206031
HtHt_6000_2000,HtHt,6000,2000,85,200,0.8,0.8,/eos/uscms/store/user/aji/rootfiles_existingOptimization/HtHt_6000_2000_pt200_ak8_ca8_th85.root,ok,,1000,1000,1.0,0.0,0.092,0.00913980306133562,0.046,0.827,0.753,0.753,0.247,0.013637851736985557,1934.748854263403,1686.9664680388687,2390.967359072434,0.9673744271317015,0.8434832340194344,1.195483679536217,0.18193598861222535,0.04323349887414939,0.43219854589905515
HtHt_6000_2000,HtHt,6000,2000,85,280,1.0,0.8,/eos/uscms/store/user/aji/rootfiles_existingOptimization/HtHt_6000_2000_pt280_ak10_ca8_th85.root,ok,,1000,1000,1.0,0.0,0.081,0.008627803892068943,0.0405,0.8095,0.728,0.728,0.272,0.014071815803228808,2015.452759055842,1764.557966989776,2408.390530120173,1.007726379527921,0.882278983494888,1.2041952650600865,0.15972405213605861,0.02276328987166431,0.4324966900888507
HtHt_6000_2000,HtHt,6000,2000,85,180,0.8,0.8,/eos/uscms/store/user/aji/rootfiles_existingOptimization/HtHt_6000_2000_pt180_ak8_ca8_th85.root,ok,,1000,1000,1.0,0.0,0.075,0.008329165624478841,0.0375,0.829,0.761,0.761,0.239,0.01348625225924534,1943.7629177938409,1700.0083425880453,2441.3302466098894,0.9718814588969205,0.8500041712940226,1.2206651233049446,0.1906924700629745,0.04187321380641602,0.43250432417328244
HtHt_6000_2000,HtHt,6000,2000,85,280,0.6,0.4,/eos/uscms/store/user/aji/rootfiles_existingOptimization/HtHt_6000_2000_pt280_ak6_ca4_th85.root,ok,,1000,1000,1.0,0.0,0.095,0.00927227048785787,0.056,0.832,0.747,0.747,0.253,0.013747399754135324,1824.7568707462615,1454.9886637493507,2092.4509486576158,0.9123784353731307,0.7274943318746754,1.046225474328808,0.1746704712084645,0.011988177902045434,0.43643262767115143
HtHt_6000_2000,HtHt,6000,2000,85,160,0.4,0.4,/eos/uscms/store/user/aji/rootfiles_existingOptimization/HtHt_6000_2000_pt160_ak4_ca4_th85.root,ok,,1000,1000,1.0,0.0,0.084,0.008771772910877254,0.044,0.8475,0.753,0.753,0.247,0.013637851736985557,1758.8585706596436,1456.7680701458737,2086.4670642629876,0.8794292853298218,0.7283840350729368,1.043233532131494,0.17900785333779046,0.04472636255119068,0.4380649248048083
HtHt_6000_2000,HtHt,6000,2000,85,140,0.4,0.6,/eos/uscms/store/user/aji/rootfiles_existingOptimization/HtHt_6000_2000_pt140_ak4_ca6_th85.root,ok,,1000,1000,1.0,0.0,0.066,0.007851369307324678,0.0335,0.852,0.751,0.751,0.249,0.013674757767507255,1769.7309575352945,1489.6314989234195,2119.0271429502127,0.8848654787676473,0.7448157494617097,1.0595135714751065,0.1778224089223577,0.04810470498855401,0.43833586104559297
HtHt_6000_2000,HtHt,6000,2000,85,220,0.6,0.6,/eos/uscms/store/user/aji/rootfiles_existingOptimization/HtHt_6000_2000_pt220_ak6_ca6_th85.root,ok,,1000,1000,1.0,0.0,0.132,0.010704017937204702,0.07,0.8385,0.744,0.744,0.256,0.013800869537822608,1836.326261723953,1541.139452545899,2184.9058619941898,0.9181631308619764,0.7705697262729495,1.0924529309970947,0.1752865007887866,0.04909366837955741,0.43947018770258894
HtHt_6000_2000,HtHt,6000,2000,85,120,0.4,0.8,/eos/uscms/store/user/aji/rootfiles_existingOptimization/HtHt_6000_2000_pt120_ak4_ca8_th85.root,ok,,1000,1000,1.0,0.0,0.063,0.007683163410991596,0.032,0.8475,0.756,0.756,0.244,0.013581752464244074,1786.4306845340557,1520.0145661174058,2183.5593739778615,0.8932153422670277,0.760007283058703,1.0917796869889307,0.18571803921782837,0.047499394723549415,0.4403965049911256
HtHt_6000_2000,HtHt,6000,2000,85,120,0.8,0.8,/eos/uscms/store/user/aji/rootfiles_existingOptimization/HtHt_6000_2000_pt120_ak8_ca8_th85.root,ok,,1000,1000,1.0,0.0,0.028,0.005216895628628198,0.014,0.819,0.761,0.761,0.239,0.01348625225924534,1979.709950745842,1755.1511032248045,2552.4191824607105,0.989854975372921,0.8775755516124023,1.2762095912303553,0.20135982014323378,0.038267380228450464,0.44137432260594167
HtHt_6000_2000,HtHt,6000,2000,85,300,1.0,0.8,/eos/uscms/store/user/aji/rootfiles_existingOptimization/HtHt_6000_2000_pt300_ak10_ca8_th85.root,ok,,1000,1000,1.0,0.0,0.09,0.009049861877399014,0.0455,0.8075,0.72,0.72,0.28,0.014198591479439079,2010.7248538984527,1735.2834937908472,2394.849061161965,1.0053624269492263,0.8676417468954235,1.1974245305809825,0.1640118900635094,0.023030282662807204,0.4445481327584321
HtHt_6000_2000,HtHt,6000,2000,85,220,0.8,0.8,/eos/uscms/store/user/aji/rootfiles_existingOptimization/HtHt_6000_2000_pt220_ak8_ca8_th85.root,ok,,1000,1000,1.0,0.0,0.104,0.009653186002558949,0.052,0.8195,0.739,0.739,0.261,0.013888088421377507,1925.89334920911,1667.7202218427062,2362.767630168681,0.962946674604555,0.833860110921353,1.1813838150843405,0.18044805248727924,0.044661130200818216,0.4451533850268238
HtHt_6000_2000,HtHt,6000,2000,85,100,0.6,1.0,/eos/uscms/store/user/aji/rootfiles_existingOptimization/HtHt_6000_2000_pt100_ak6_ca10_th85.root,ok,,1000,1000,1.0,0.0,0.044,0.006485676526007136,0.022,0.831,0.762,0.762,0.238,0.01346684818359515,1894.5043197912887,1655.6041312738773,2425.3089065420413,0.9472521598956444,0.8278020656369386,1.2126544532710206,0.20314146746125125,0.044939865680123176,0.44641625147168684
HtHt_6000_2000,HtHt,6000,2000,85,180,0.6,0.8,/eos/uscms/store/user/aji/rootfiles_existingOptimization/HtHt_6000_2000_pt180_ak6_ca8_th85.root,ok,,1000,1000,1.0,0.0,0.111,0.00993373041711924,0.0565,0.831,0.746,0.746,0.254,0.013765318739498916,1854.1328160383048,1569.143375014624,2261.826573658732,0.9270664080191524,0.7845716875073121,1.130913286829366,0.1867943851304441,0.05061028491004377,0.4480877443285289
HtHt_6000_2000,HtHt,6000,2000,85,340,0.8,0.6,/eos/uscms/store/user/aji/rootfiles_existingOptimization/HtHt_6000_2000_pt340_ak8_ca6_th85.root,ok,,1000,1000,1.0,0.0,0.135,0.010806248192596726,0.0725,0.8185,0.716,0.716,0.28400000000000003,0.014259873772232349,1898.5660739066307,1524.3007056621993,2134.004793116008,0.9492830369533154,0.7621503528310997,1.067002396558004,0.1605696256331064,0.020076698955380515,0.4496413219377749
HtHt_6000_2000,HtHt,6000,2000,85,140,1.0,0.8,/eos/uscms/store/user/aji/rootfiles_existingOptimization/HtHt_6000_2000_pt140_ak10_ca8_th85.root,ok,,1000,1000,1.0,0.0,0.027,0.00512552436341883,0.0135,0.7865,0.741,0.741,0.259,0.013853483316480371,2081.296305850181,1858.5531215958154,2662.6138431658087,1.0406481529250906,0.9292765607979077,1.3313069215829043,0.1931634432132299,0.014425838740581873,0.456228258505739
HtHt_6000_2000,HtHt,6000,2000,85,240,0.8,0.8,/eos/uscms/store/user/aji/rootfiles_existingOptimization/HtHt_6000_2000_pt240_ak8_ca8_th85.root,ok,,1000,1000,1.0,0.0,0.125,0.010458250331675944,0.0625,0.8125,0.727,0.727,0.273,0.014087973594523805,1920.3778528658454,1653.8358741392053,2342.645504187125,0.9601889264329226,0.8269179370696027,1.1713227520935625,0.17934221357010172,0.04542491941011395,0.4563233209268095
HtHt_6000_2000,HtHt,6000,2000,85,140,0.6,1.0,/eos/uscms/store/user/aji/rootfiles_existingOptimization/HtHt_6000_2000_pt140_ak6_ca10_th85.root,ok,,1000,1000,1.0,0.0,0.083,0.008724161850859944,0.042,0.8245,0.749,0.749,0.251,0.013711272734505722,1872.8298955776622,1603.2105828447552,2364.23576249729,0.936414947788831,0.8016052914223775,1.182117881248645,0.20317520065478287,0.04932378184077785,0.4605337058758998
HtHt_6000_2000,HtHt,6000,2000,85,240,0.6,0.6,/eos/uscms/store/user/aji/rootfiles_existingOptimization/HtHt_6000_2000_pt240_ak6_ca6_th85.root,ok,,1000,1000,1.0,0.0,0.167,0.01179453263168999,0.0885,0.8275,0.719,0.719,0.281,0.014214042352547005,1826.0934233182852,1506.7531266362653,2136.9515331419775,0.9130467116591425,0.7533765633181326,1.068475766570989,0.1725537145193119,0.05204716741911316,0.46224904335339767
HtHt_6000_2000,HtHt,6000,2000,85,300,0.6,0.4,/eos/uscms/store/user/aji/rootfiles_existingOptimization/HtHt_6000_2000_pt300_ak6_ca4_th85.root,ok,,1000,1000,1.0,0.0,0.104,0.009653186002558949,0.0625,0.821,0.733,0.733,0.267,0.013989674763910703,1819.9631109507732,1399.480514818815,2080.607230726044,0.9099815554753866,0.6997402574094075,1.0403036153630218,0.1871265169631375,0.011988177902045434,0.4631283614155989
HtHt_6000_2000,HtHt,6000,2000,85,260,0.8,0.8,/eos/uscms/store/user/aji/rootfiles_existingOptimization/HtHt_6000_2000_pt260_ak8_ca8_th85.root,ok,,1000,1000,1.0,0.0,0.146,0.011166198995181842,0.074,0.81,0.717,0.717,0.28300000000000003,0.014244683218660919,1911.2942864992424,1634.5261963460887,2310.695633406853,0.9556471432496212,0.8172630981730443,1.1553478167034266,0.17688784030722118,0.04700540671874137,0.4643231259822591
HtHt_6000_2000,HtHt,6000,2000,85,200,0.6,0.8,/eos/uscms/store/user/aji/rootfiles_existingOptimization/HtHt_6000_2000_pt200_ak6_ca8_th85.root,ok,,1000,1000,1.0,0.0,0.133,0.010738295954200556,0.068,0.8225,0.731,0.731,0.269,0.014022802858202064,1847.9344505741506,1540.9644909621668,2235.6196605373443,0.9239672252870752,0.7704822454810833,1.1178098302686723,0.18795449409998002,0.05061028491004377,0.46455777157127254
HtHt_6000_2000,HtHt,6000,2000,85,120,0.6,1.0,/eos/uscms/store/user/aji/rootfiles_existingOptimization/HtHt_6000_2000_pt120_ak6_ca10_th85.root,ok,,1000,1000,1.0,0.0,0.059,0.007451107300260815,0.03,0.824,0.748,0.748,0.252,0.013729384545565033,1884.5753460435212,1630.3582730455757,2410.7850880291853,0.9422876730217605,0.8151791365227878,1.2053925440145925,0.20705641104295405,0.047557432815431844,0.464827643740778
HtHt_6000_2000,HtHt,6000,2000,85,180,0.4,0.4,/eos/uscms/store/user/aji/rootfiles_existingOptimization/HtHt_6000_2000_pt180_ak4_ca4_th85.root,ok,,1000,1000,1.0,0.0,0.109,0.00985489725973843,0.057,0.8295,0.723,0.723,0.277,0.014151713677148785,1744.461263327319,1425.3898575095245,2049.0089845697216,0.8722306316636597,0.7126949287547623,1.0245044922848607,0.17874261245294992,0.048816070429084035,0.46851954928658396
HtHt_6000_2000,HtHt,6000,2000,85,320,1.0,0.8,/eos/uscms/store/user/aji/rootfiles_existingOptimization/HtHt_6000_2000_pt320_ak10_ca8_th85.root,ok,,1000,1000,1.0,0.0,0.103,0.009612023720320296,0.0525,0.798,0.701,0.701,0.29900000000000004,0.014477534320456644,2005.5427443431936,1700.3963023350182,2380.6609690901405,1.0027713721715967,0.8501981511675091,1.1903304845450704,0.16959615263096933,0.024416013551965467,0.46887328984812904
HtHt_6000_2000,HtHt,6000,2000,85,140,0.8,1.0,/eos/uscms/store/user/aji/rootfiles_existingOptimization/HtHt_6000_2000_pt140_ak8_ca10_th85.root,ok,,1000,1000,1.0,0.0,0.05,0.006892024376045111,0.025,0.8045,0.736,0.736,0.264,0.013939296969359681,1959.8304041000347,1716.8436400265564,2512.551253187007,0.9799152020500174,0.8584218200132782,1.2562756265935036,0.20300420166352207,0.044254325277687676,0.4690126814585203
HtHt_6000_2000,HtHt,6000,2000,85,160,0.8,1.0,/eos/uscms/store/user/aji/rootfiles_existingOptimization/HtHt_6000_2000_pt160_ak8_ca10_th85.root,ok,,1000,1000,1.0,0.0,0.073,0.008226238508577295,0.0365,0.804,0.733,0.733,0.267,0.013989674763910703,1950.0628722795773,1700.4873850862575,2487.962877935179,0.9750314361397886,0.8502436925431288,1.2439814389675896,0.20191028300753747,0.04637286984467594,0.4714071393935586
HtHt_6000_2000,HtHt,6000,2000,85,360,0.8,0.6,/eos/uscms/store/user/aji/rootfiles_existingOptimization/HtHt_6000_2000_pt360_ak8_ca6_th85.root,ok,,1000,1000,1.0,0.0,0.146,0.011166198995181842,0.079,0.8105,0.701,0.701,0.29900000000000004,0.014477534320456644,1892.670937122444,1469.6185636258667,2124.9786480769294,0.946335468561222,0.7348092818129334,1.0624893240384647,0.17313101596187955,0.02382362469082363,0.4774974691057574
HtHt_6000_2000,HtHt,6000,2000,85,160,0.4,0.6,/eos/uscms/store/user/aji/rootfiles_existingOptimization/HtHt_6000_2000_pt160_ak4_ca6_th85.root,ok,,1000,1000,1.0,0.0,0.101,0.009528850927577786,0.0525,0.8295,0.72,0.72,0.28,0.014198591479439079,1753.6565091683888,1441.3298190638118,2091.060862527766,0.8768282545841944,0.7206649095319059,1.045530431263883,0.18525037259778615,0.05034110284763013,0.4775675471393667
HtHt_6000_2000,HtHt,6000,2000,85,180,0.8,1.0,/eos/uscms/store/user/aji/rootfiles_existingOptimization/HtHt_6000_2000_pt180_ak8_ca10_th85.root,ok,,1000,1000,1.0,0.0,0.087,0.00891240708226459,0.0435,0.8005,0.728,0.728,0.272,0.014071815803228808,1944.8883365519832,1683.3303308073507,2475.980760584223,0.9724441682759916,0.8416651654036754,1.2379903802921115,0.20377787631297417,0.047056762574247714,0.478533459485375
HtHt_6000_2000,HtHt,6000,2000,85,100,0.4,1.0,/eos/uscms/store/user/aji/rootfiles_existingOptimization/HtHt_6000_2000_pt100_ak4_ca10_th85.root,ok,,1000,1000,1.0,0.0,0.065,0.007795832219846705,0.033,0.826,0.739,0.739,0.261,0.013888088421377507,1808.8647845736134,1537.2779913928941,2291.2621112997044,0.9044323922868067,0.7686389956964471,1.1456310556498521,0.20841362116642112,0.04935041031504481,0.47897038193774044
HtHt_6000_2000,HtHt,6000,2000,85,100,0.8,0.8,/eos/uscms/store/user/aji/rootfiles_existingOptimization/HtHt_6000_2000_pt100_ak8_ca8_th85.root,ok,,1000,1000,1.0,0.0,0.017,0.004087909000944126,0.0085,0.7875,0.737,0.737,0.263,0.013922320208930694,2015.0289838375732,1776.0889870591284,2649.1600826679237,1.0075144919187866,0.8880444935295642,1.3245800413339617,0.21663983560823344,0.03602549073181109,0.48039128480011206
HtHt_6000_2000,HtHt,6000,2000,85,280,0.8,0.8,/eos/uscms/store/user/aji/rootfiles_existingOptimization/HtHt_6000_2000_pt280_ak8_ca8_th85.root,ok,,1000,1000,1.0,0.0,0.165,0.011737759581794134,0.0845,0.799,0.702,0.702,0.29800000000000004,0.01446360950800318,1908.1927952421477,1597.2856153968369,2277.663394106104,0.9540963976210739,0.7986428076984184,1.138831697053052,0.1782780493684151,0.04777359015759997,0.4808684096063077
HtHt_6000_2000,HtHt,6000,2000,85,260,0.6,0.6,/eos/uscms/store/user/aji/rootfiles_existingOptimization/HtHt_6000_2000_pt260_ak6_ca6_th85.root,ok,,1000,1000,1.0,0.0,0.185,0.012279047194306243,0.099,0.8185,0.706,0.706,0.29400000000000004,0.014407081592050489,1822.7195732370456,1466.7848096477103,2119.9969345324835,0.9113597866185227,0.733392404823855,1.0599984672662417,0.1791861278267578,0.05230302602624155,0.4820501491649056
HtHt_6000_2000,HtHt,6000,2000,85,160,0.6,1.0,/eos/uscms/store/user/aji/rootfiles_existingOptimization/HtHt_6000_2000_pt160_ak6_ca10_th85.root,ok,,1000,1000,1.0,0.0,0.103,0.009612023720320296,0.052,0.8145,0.729,0.729,0.271,0.014055568291606,1860.6892500517624,1566.3455976898165,2327.549220924311,0.9303446250258813,0.7831727988449082,1.1637746104621556,0.20454883135733673,0.05177996558451105,0.48251436885474863
HtHt_6000_2000,HtHt,6000,2000,85,220,0.6,0.8,/eos/uscms/store/user/aji/rootfiles_existingOptimization/HtHt_6000_2000_pt220_ak6_ca8_th85.root,ok,,1000,1000,1.0,0.0,0.155,0.011444430960078356,0.0815,0.8115,0.714,0.714,0.28600000000000003,0.014289996501049257,1837.764136444057,1509.3351454903345,2210.3465237285664,0.9188820682220284,0.7546675727451674,1.105173261864283,0.19072397930091253,0.05335012398494237,0.4848357724787097
HtHt_6000_2000,HtHt,6000,2000,85,200,0.8,1.0,/eos/uscms/store/user/aji/rootfiles_existingOptimization/HtHt_6000_2000_pt200_ak8_ca10_th85.root,ok,,1000,1000,1.0,0.0,0.105,0.009694070352540258,0.0525,0.7975,0.718,0.718,0.28200000000000003,0.014229406171727618,1934.913159878039,1665.9039901364677,2442.044872114073,0.9674565799390196,0.8329519950682339,1.2210224360570365,0.20056220043139475,0.04802600669695206,0.48581654243749284
HtHt_6000_2000,HtHt,6000,2000,85,120,0.8,1.0,/eos/uscms/store/user/aji/rootfiles_existingOptimization/HtHt_6000_2000_pt120_ak8_ca10_th85.root,ok,,1000,1000,1.0,0.0,0.036,0.005891010100144117,0.018,0.7925,0.727,0.727,0.273,0.014087973594523805,1977.0110323643771,1737.675895980197,2578.812986866678,0.9885055161821885,0.8688379479900985,1.289406493433339,0.21272948838341468,0.04347009415494875,0.4868789367651959
HtHt_6000_2000,HtHt,6000,2000,85,140,0.4,0.8,/eos/uscms/store/user/aji/rootfiles_existingOptimization/HtHt_6000_2000_pt140_ak4_ca8_th85.root,ok,,1000,1000,1.0,0.0,0.096,0.009315793041926168,0.0485,0.8255,0.719,0.719,0.281,0.014214042352547005,1766.6079347317618,1455.7409712505491,2143.5016855955855,0.8833039673658809,0.7278704856252746,1.0717508427977929,0.19465573000765019,0.050771458739207215,0.48732533327106214
HtHt_6000_2000,HtHt,6000,2000,85,200,1.0,1.0,/eos/uscms/store/user/aji/rootfiles_existingOptimization/HtHt_6000_2000_pt200_ak10_ca10_th85.root,ok,,1000,1000,1.0,0.0,0.076,0.008379976133617566,0.038,0.773,0.701,0.701,0.29900000000000004,0.014477534320456644,2037.0294820007857,1776.3800839709838,2567.308108277336,1.0185147410003927,0.8881900419854919,1.2836540541386678,0.1941375987178881,0.042597502298594325,0.4949890728179274
HtHt_6000_2000,HtHt,6000,2000,85,220,1.0,1.0,/eos/uscms/store/user/aji/rootfiles_existingOptimization/HtHt_6000_2000_pt220_ak10_ca10_th85.root,ok,,1000,1000,1.0,0.0,0.086,0.008865889690267977,0.043,0.773,0.697,0.697,0.30300000000000005,0.014532412050310162,2024.61837261363,1763.5506213809474,2550.3824990344547,1.012309186306815,0.8817753106904738,1.2751912495172273,0.19431609638061476,0.04323134305063846,0.4985470150112963
HtHt_6000_2000,HtHt,6000,2000,85,220,0.8,1.0,/eos/uscms/store/user/aji/rootfiles_existingOptimization/HtHt_6000_2000_pt220_ak8_ca10_th85.root,ok,,1000,1000,1.0,0.0,0.117,0.010164201887015036,0.0585,0.791,0.705,0.705,0.29500000000000004,0.01442133835675455,1925.7379905569526,1651.4411063765426,2426.443620993173,0.9628689952784762,0.8257205531882713,1.2132218104965866,0.2012222115409605,0.04884236040527866,0.4999353120131129
HtHt_6000_2000,HtHt,6000,2000,85,180,1.0,1.0,/eos/uscms/store/user/aji/rootfiles_existingOptimization/HtHt_6000_2000_pt180_ak10_ca10_th85.root,ok,,1000,1000,1.0,0.0,0.066,0.007851369307324678,0.033,0.7705,0.7,0.7,0.30000000000000004,0.014491376746189439,2049.406986379152,1788.6759752925386,2602.1790618757973,1.024703493189576,0.8943379876462694,1.3010895309378987,0.1984728001782941,0.04159719449757862,0.5009431494972518
HtHt_6000_2000,HtHt,6000,2000,85,100,0.6,1.2,/eos/uscms/store/user/aji/rootfiles_existingOptimization/HtHt_6000_2000_pt100_ak6_ca12_th85.root,ok,,1000,1000,1.0,0.0,0.055,0.00720936890441875,0.0275,0.8,0.722,0.722,0.278,0.01416742743055351,1890.6161977437573,1617.6377666968613,2445.955757379995,0.9453080988718787,0.8088188833484307,1.2229778786899974,0.21906032320881413,0.052624059850712626,0.5025295133216263
HtHt_6000_2000,HtHt,6000,2000,85,180,0.6,1.0,/eos/uscms/store/user/aji/rootfiles_existingOptimization/HtHt_6000_2000_pt180_ak6_ca10_th85.root,ok,,1000,1000,1.0,0.0,0.129,0.010599952830083727,0.0655,0.801,0.71,0.71,0.29000000000000004,0.014349216006458332,1851.473371762208,1535.837466008094,2297.931236535384,0.925736685881104,0.767918733004047,1.148965618267692,0.20580738080017297,0.0555977618077072,0.5032337122120626
HtHt_6000_2000,HtHt,6000,2000,85,120,0.4,1.0,/eos/uscms/store/user/aji/rootfiles_existingOptimization/HtHt_6000_2000_pt120_ak4_ca10_th85.root,ok,,1000,1000,1.0,0.0,0.085,0.008819013550278738,0.043,0.811,0.713,0.713,0.28700000000000003,0.01430492922037715,1785.2138046798739,1491.1572340962991,2227.9427038129256,0.892606902339937,0.7455786170481495,1.1139713519064627,0.2063577672839997,0.05255228336088549,0.5040970770500061
HtHt_6000_2000,HtHt,6000,2000,85,300,0.8,0.8,/eos/uscms/store/user/aji/rootfiles_existingOptimization/HtHt_6000_2000_pt300_ak8_ca8_th85.root,ok,,1000,1000,1.0,0.0,0.189,0.012380589646701001,0.0975,0.7895,0.686,0.686,0.31399999999999995,0.01467664811869522,1902.6742252792048,1554.8572909567733,2266.0785669933443,0.9513371126396024,0.7774286454783866,1.1330392834966723,0.18690043376506146,0.04916455294271685,0.5057667225011012
HtHt_6000_2000,HtHt,6000,2000,85,340,1.0,0.8,/eos/uscms/store/user/aji/rootfiles_existingOptimization/HtHt_6000_2000_pt340_ak10_ca8_th85.root,ok,,1000,1000,1.0,0.0,0.12,0.010276186062932104,0.062,0.783,0.678,0.678,0.32199999999999995,0.014775520295407536,1997.8439353907195,1622.695363133098,2361.0957273165313,0.9989219676953598,0.8113476815665489,1.1805478636582656,0.1847993106726387,0.027450178170021877,0.5069071139031026
HtHt_6000_2000,HtHt,6000,2000,85,240,1.0,1.0,/eos/uscms/store/user/aji/rootfiles_existingOptimization/HtHt_6000_2000_pt240_ak10_ca10_th85.root,ok,,1000,1000,1.0,0.0,0.102,0.009570579919733181,0.051,0.7695,0.688,0.688,0.31200000000000006,0.014651143300097778,2015.3298531344794,1752.3407060284333,2537.2662255764253,1.0076649265672397,0.8761703530142165,1.2686331127882127,0.1947387218839594,0.04335608257529702,0.5075052145406834
HtHt_6000_2000,HtHt,6000,2000,85,200,0.4,0.4,/eos/uscms/store/user/aji/rootfiles_existingOptimization/HtHt_6000_2000_pt200_ak4_ca4_th85.root,ok,,1000,1000,1.0,0.0,0.144,0.011102432165971562,0.079,0.8095,0.693,0.693,0.30700000000000005,0.01458598642533305,1725.0103267677814,1361.918178272418,2008.6114455543523,0.8625051633838907,0.680959089136209,1.0043057227771761,0.18744620169714246,0.05110258197106578,0.5081956853587535
HtHt_6000_2000,HtHt,6000,2000,85,240,0.6,0.8,/eos/uscms/store/user/aji/rootfiles_existingOptimization/HtHt_6000_2000_pt240_ak6_ca8_th85.root,ok,,1000,1000,1.0,0.0,0.19,0.012405643876881199,0.1,0.801,0.69,0.69,0.31000000000000005,0.014625320509308506,1827.05033106508,1461.845878207298,2162.500886096897,0.91352516553254,0.7309229391036489,1.0812504430484484,0.19174485671698813,0.05675600059871844,0.5103923401637341
HtHt_6000_2000,HtHt,6000,2000,85,240,0.8,1.0,/eos/uscms/store/user/aji/rootfiles_existingOptimization/HtHt_6000_2000_pt240_ak8_ca10_th85.root,ok,,1000,1000,1.0,0.0,0.138,0.01090669519148674,0.069,0.785,0.694,0.694,0.30600000000000005,0.014572714228996602,1918.9396105111823,1629.1129489025934,2399.2776109295864,0.9594698052555911,0.8145564744512968,1.1996388054647933,0.20067454384920183,0.049266331824633455,0.5107275633236428
HtHt_6000_2000,HtHt,6000,2000,85,180,0.4,0.6,/eos/uscms/store/user/aji/rootfiles_existingOptimization/HtHt_6000_2000_pt180_ak4_ca6_th85.root,ok,,1000,1000,1.0,0.0,0.128,0.010564847372300274,0.0665,0.811,0.692,0.692,0.30800000000000005,0.014599178059055244,1738.285069013463,1394.7387171014311,2055.7412774520926,0.8691425345067315,0.6973693585507155,1.0278706387260463,0.1901306558209706,0.05559284644398193,0.5112164023702975
HtHt_6000_2000,HtHt,6000,2000,85,260,0.8,1.0,/eos/uscms/store/user/aji/rootfiles_existingOptimization/HtHt_6000_2000_pt260_ak8_ca10_th85.root,ok,,1000,1000,1.0,0.0,0.162,0.011651437679531225,0.082,0.782,0.684,0.684,0.31599999999999995,0.014701836619960105,1910.624633827683,1592.8754514834825,2333.7116025298274,0.9553123169138416,0.7964377257417413,1.1668558012649137,0.19387276232332926,0.05140983604005341,0.5143415306319451
HtHt_6000_2000,HtHt,6000,2000,85,320,0.6,0.4,/eos/uscms/store/user/aji/rootfiles_existingOptimization/HtHt_6000_2000_pt320_ak6_ca4_th85.root,ok,,1000,1000,1.0,0.0,0.12,0.010276186062932104,0.072,0.803,0.704,0.704,0.29600000000000004,0.014435511767859151,1811.9977190690931,1298.299312396674,2056.3386789508495,0.9059988595345465,0.649149656198337,1.028169339475425,0.20917227394293186,0.01562432809529708,0.5145723879894772
HtHt_6000_2000,HtHt,6000,2000,85,160,1.0,1.0,/eos/uscms/store/user/aji/rootfiles_existingOptimization/HtHt_6000_2000_pt160_ak10_ca10_th85.root,ok,,1000,1000,1.0,0.0,0.058,0.007391616873188166,0.029,0.7595,0.687,0.687,0.31299999999999994,0.014663935351739654,2062.808806393157,1803.990873845829,2641.029071471011,1.0314044031965783,0.9019954369229145,1.3205145357355055,0.20288797367719993,0.0418228751224452,0.5190284139968577
HtHt_6000_2000,HtHt,6000,2000,85,260,1.0,1.0,/eos/uscms/store/user/aji/rootfiles_existingOptimization/HtHt_6000_2000_pt260_ak10_ca10_th85.root,ok,,1000,1000,1.0,0.0,0.116,0.010126401137620413,0.058,0.7635,0.677,0.677,0.32299999999999995,0.014787528529135624,2010.918321258876,1735.657276657904,2523.599548080982,1.005459160629438,0.867828638328952,1.261799774040491,0.19591603077389286,0.04431048738669121,0.5194619468368367
HtHt_6000_2000,HtHt,6000,2000,85,280,0.6,0.6,/eos/uscms/store/user/aji/rootfiles_existingOptimization/HtHt_6000_2000_pt280_ak6_ca6_th85.root,ok,,1000,1000,1.0,0.0,0.211,0.012902674141432851,0.114,0.8035,0.683,0.683,0.31699999999999995,0.014714312760030622,1813.3016001132814,1390.492331010908,2091.32785734744,0.9066508000566407,0.6952461655054539,1.04566392867372,0.193248471818684,0.05594844767586287,0.5195833918130199
HtHt_6000_2000,HtHt,6000,2000,85,220,1.2,1.0,/eos/uscms/store/user/aji/rootfiles_existingOptimization/HtHt_6000_2000_pt220_ak12_ca10_th85.root,ok,,1000,1000,1.0,0.0,0.04,0.0061967733539318665,0.02,0.734,0.671,0.671,0.32899999999999996,0.014857960829131297,2141.266542495,1875.5974570333437,2671.2324813069686,1.0706332712475,0.9377987285166718,1.3356162406534842,0.18578607765162955,0.02329765954706932,0.5218494047763795
HtHt_6000_2000,HtHt,6000,2000,85,360,1.0,0.8,/eos/uscms/store/user/aji/rootfiles_existingOptimization/HtHt_6000_2000_pt360_ak10_ca8_th85.root,ok,,1000,1000,1.0,0.0,0.131,0.010669536072388528,0.069,0.7815,0.671,0.671,0.32899999999999996,0.014857960829131297,1990.5584477456919,1549.1396890689932,2316.706187428831,0.995279223872846,0.7745698445344966,1.1583530937144153,0.19280179871862257,0.0282638976782175,0.5222738763313379
HtHt_6000_2000,HtHt,6000,2000,85,160,0.4,0.8,/eos/uscms/store/user/aji/rootfiles_existingOptimization/HtHt_6000_2000_pt160_ak4_ca8_th85.root,ok,,1000,1000,1.0,0.0,0.133,0.010738295954200556,0.0685,0.8035,0.691,0.691,0.30900000000000005,0.014612289348353324,1755.4604478345468,1419.163285441042,2128.9473618023308,0.8777302239172735,0.709581642720521,1.0644736809011655,0.20216464496162384,0.05651650623115553,0.5233916225698965
HtHt_6000_2000,HtHt,6000,2000,85,200,0.6,1.0,/eos/uscms/store/user/aji/rootfiles_existingOptimization/HtHt_6000_2000_pt200_ak6_ca10_th85.root,ok,,1000,1000,1.0,0.0,0.149,0.01126050620531777,0.076,0.7915,0.694,0.694,0.30600000000000005,0.014572714228996602,1845.366164096805,1497.5214672704994,2274.4073147175122,0.9226830820484025,0.7487607336352498,1.137203657358756,0.2104963943097036,0.05576466972890921,0.5242280861048634
HtHt_6000_2000,HtHt,6000,2000,85,280,0.8,1.0,/eos/uscms/store/user/aji/rootfiles_existingOptimization/HtHt_6000_2000_pt280_ak8_ca10_th85.root,ok,,1000,1000,1.0,0.0,0.18,0.012149074038789953,0.092,0.7765,0.675,0.675,0.32499999999999996,0.014811313243598623,1906.5423806187532,1547.7716532712407,2293.8087721568504,0.9532711903093766,0.7738858266356204,1.1469043860784254,0.19565185816732,0.05169978327759382,0.5253247391363822
HtHt_6000_2000,HtHt,6000,2000,85,260,1.2,1.0,/eos/uscms/store/user/aji/rootfiles_existingOptimization/HtHt_6000_2000_pt260_ak12_ca10_th85.root,ok,,1000,1000,1.0,0.0,0.049,0.006826346021115542,0.0245,0.735,0.665,0.665,0.33499999999999996,0.014925649064613572,2130.3707135959085,1850.2263758179042,2635.8117587500255,1.0651853567979541,0.9251131879089521,1.317905879375013,0.184377624494779,0.02476587287972048,0.5258961601745744
HtHt_6000_2000,HtHt,6000,2000,85,120,0.6,1.2,/eos/uscms/store/user/aji/rootfiles_existingOptimization/HtHt_6000_2000_pt120_ak6_ca12_th85.root,ok,,1000,1000,1.0,0.0,0.071,0.008121514637061242,0.036,0.789,0.703,0.703,0.29700000000000004,0.014449602070645405,1879.7383120815516,1590.0100693023007,2430.305384650423,0.9398691560407757,0.7950050346511505,1.2151526923252116,0.22351390881042663,0.055695546273422235,0.5265269932063491
HtHt_6000_2000,HtHt,6000,2000,85,240,1.2,1.0,/eos/uscms/store/user/aji/rootfiles_existingOptimization/HtHt_6000_2000_pt240_ak12_ca10_th85.root,ok,,1000,1000,1.0,0.0,0.044,0.006485676526007136,0.022,0.7325,0.665,0.665,0.33499999999999996,0.014925649064613572,2137.3673927766463,1859.2625463696963,2662.706781038591,1.068683696388323,0.9296312731848482,1.3313533905192956,0.18795183209591856,0.024029785684698005,0.5298202017347509
HtHt_6000_2000,HtHt,6000,2000,85,100,0.8,1.0,/eos/uscms/store/user/aji/rootfiles_existingOptimization/HtHt_6000_2000_pt100_ak8_ca10_th85.root,ok,,1000,1000,1.0,0.0,0.023,0.004740358636221525,0.0115,0.761,0.7,0.7,0.30000000000000004,0.014491376746189439,2011.633027040506,1762.973728537368,2685.6383197991777,1.005816513520253,0.8814868642686841,1.3428191598995887,0.22933223377705822,0.04104778224562823,0.5299138851290836
HtHt_6000_2000,HtHt,6000,2000,85,280,1.2,1.0,/eos/uscms/store/user/aji/rootfiles_existingOptimization/HtHt_6000_2000_pt280_ak12_ca10_th85.root,ok,,1000,1000,1.0,0.0,0.053,0.00708456067798138,0.0265,0.735,0.661,0.661,0.33899999999999997,0.014969268519202933,2120.3311788921133,1825.8683579138908,2611.0842228982874,1.0601655894460567,0.9129341789569454,1.3055421114491437,0.18516349540138274,0.02652952100078856,0.5301800543459884
HtHt_6000_2000,HtHt,6000,2000,85,200,1.2,1.0,/eos/uscms/store/user/aji/rootfiles_existingOptimization/HtHt_6000_2000_pt200_ak12_ca10_th85.root,ok,,1000,1000,1.0,0.0,0.037,0.005969170796685248,0.0185,0.727,0.665,0.665,0.33499999999999996,0.014925649064613572,2150.7970312403486,1888.278387081095,2697.0920055924744,1.0753985156201744,0.9441391935405475,1.348546002796237,0.18802648663805857,0.02287837150639404,0.5305663382000759
HtHt_6000_2000,HtHt,6000,2000,85,140,0.8,1.2,/eos/uscms/store/user/aji/rootfiles_existingOptimization/HtHt_6000_2000_pt140_ak8_ca12_th85.root,ok,,1000,1000,1.0,0.0,0.062,0.007626008130076967,0.031,0.7655,0.691,0.691,0.30900000000000005,0.014612289348353324,1958.0034884224237,1689.8321039683503,2551.431081506734,0.9790017442112118,0.8449160519841751,1.275715540753367,0.2200197759179121,0.049767422658459556,0.5311196014967909
HtHt_6000_2000,HtHt,6000,2000,85,320,0.8,0.8,/eos/uscms/store/user/aji/rootfiles_existingOptimization/HtHt_6000_2000_pt320_ak8_ca8_th85.root,ok,,1000,1000,1.0,0.0,0.208,0.0128349522788361,0.1075,0.7795,0.671,0.671,0.32899999999999996,0.014857960829131297,1897.7237870164045,1500.475836858155,2248.4401687380005,0.9488618935082022,0.7502379184290775,1.1242200843690002,0.19706880869522975,0.050407153305566846,0.5311826193444095
HtHt_6000_2000,HtHt,6000,2000,85,280,1.0,1.0,/eos/uscms/store/user/aji/rootfiles_existingOptimization/HtHt_6000_2000_pt280_ak10_ca10_th85.root,ok,,1000,1000,1.0,0.0,0.134,0.010772372069326236,0.067,0.7585,0.665,0.665,0.33499999999999996,0.014925649064613572,2007.2022190064527,1715.8023646108838,2504.677339624899,1.0036011095032262,0.857901182305442,1.2523386698124497,0.19651108581488655,0.04472773682469625,0.5318711967652091
HtHt_6000_2000,HtHt,6000,2000,85,140,0.6,1.2,/eos/uscms/store/user/aji/rootfiles_existingOptimization/HtHt_6000_2000_pt140_ak6_ca12_th85.root,ok,,1000,1000,1.0,0.0,0.096,0.009315793041926168,0.0485,0.785,0.7,0.7,0.30000000000000004,0.014491376746189439,1866.0827554193422,1551.3770117697572,2395.145509694142,0.9330413777096711,0.7756885058848786,1.1975727548470712,0.22608013912404845,0.05676198209606969,0.5327760013530813
HtHt_6000_2000,HtHt,6000,2000,85,160,0.8,1.2,/eos/uscms/store/user/aji/rootfiles_existingOptimization/HtHt_6000_2000_pt160_ak8_ca12_th85.root,ok,,1000,1000,1.0,0.0,0.084,0.008771772910877254,0.042,0.7655,0.687,0.687,0.31299999999999994,0.014663935351739654,1948.021342849127,1666.3167455137925,2519.6733369390513,0.9740106714245635,0.8331583727568962,1.2598366684695257,0.21903163293302555,0.05232342193261624,0.5346305657905691
HtHt_6000_2000,HtHt,6000,2000,85,260,0.6,0.8,/eos/uscms/store/user/aji/rootfiles_existingOptimization/HtHt_6000_2000_pt260_ak6_ca8_th85.root,ok,,1000,1000,1.0,0.0,0.21,0.01288021738946979,0.1115,0.7925,0.678,0.678,0.32199999999999995,0.014775520295407536,1823.1339385133042,1408.1626669099655,2155.6348416343467,0.9115669692566521,0.7040813334549828,1.0778174208171736,0.20499650599832406,0.057011604485255746,0.5358398090726588
HtHt_6000_2000,HtHt,6000,2000,85,300,1.0,1.0,/eos/uscms/store/user/aji/rootfiles_existingOptimization/HtHt_6000_2000_pt300_ak10_ca10_th85.root,ok,,1000,1000,1.0,0.0,0.149,0.01126050620531777,0.075,0.7565,0.657,0.657,0.34299999999999997,0.015011695440555674,2000.2120339760572,1679.930499326961,2462.8620226830835,1.0001060169880285,0.8399652496634804,1.2314310113415419,0.19571213202827245,0.04531701114114041,0.5387227337270752
HtHt_6000_2000,HtHt,6000,2000,85,120,1.0,0.8,/eos/uscms/store/user/aji/rootfiles_existingOptimization/HtHt_6000_2000_pt120_ak10_ca8_th85.root,ok,,1000,1000,1.0,0.0,0.019,0.004317290817167636,0.0095,0.7365,0.698,0.698,0.30200000000000005,0.01451881537867329,2121.910273259665,1875.0970676812244,2867.0000857508994,1.0609551366298327,0.9375485338406122,1.4335000428754496,0.23372878452252357,0.011993361688801154,0.5418242981855069
HtHt_6000_2000,HtHt,6000,2000,85,300,1.2,1.0,/eos/uscms/store/user/aji/rootfiles_existingOptimization/HtHt_6000_2000_pt300_ak12_ca10_th85.root,ok,,1000,1000,1.0,0.0,0.063,0.007683163410991596,0.0315,0.7305,0.65,0.65,0.35,0.015083103128998356,2115.291246121444,1811.5023307138265,2602.493935779717,1.057645623060722,0.9057511653569134,1.3012469678898586,0.18696990462099178,0.02764527832130418,0.542734466927064
HtHt_6000_2000,HtHt,6000,2000,85,200,0.4,0.6,/eos/uscms/store/user/aji/rootfiles_existingOptimization/HtHt_6000_2000_pt200_ak4_ca6_th85.root,ok,,1000,1000,1.0,0.0,0.166,0.011766222843376714,0.09,0.793,0.666,0.666,0.33399999999999996,0.014914556647785411,1719.4049767738197,1339.4771908502905,2014.5854712766293,0.8597024883869098,0.6697385954251451,1.0072927356383146,0.19632032288666176,0.058290925109531044,0.5443500740479708
HtHt_6000_2000,HtHt,6000,2000,85,140,0.4,1.0,/eos/uscms/store/user/aji/rootfiles_existingOptimization/HtHt_6000_2000_pt140_ak4_ca10_th85.root,ok,,1000,1000,1.0,0.0,0.121,0.010313049985334114,0.061,0.7955,0.682,0.682,0.31799999999999995,0.014726710426975875,1765.7294611325376,1424.641531369104,2182.9048383932536,0.8828647305662688,0.7123207656845519,1.0914524191966268,0.21471672861418992,0.05803066000000543,0.544430255557563
HtHt_6000_2000,HtHt,6000,2000,85,380,0.8,0.6,/eos/uscms/store/user/aji/rootfiles_existingOptimization/HtHt_6000_2000_pt380_ak8_ca6_th85.root,ok,,1000,1000,1.0,0.0,0.168,0.011822690049223147,0.093,0.7915,0.673,0.673,0.32699999999999996,0.014834790190629592,1887.8692046089554,1315.9072660233198,2116.082835519839,0.9439346023044778,0.65795363301166,1.0580414177599196,0.21192558455400615,0.02783664841502686,0.5445321243235584
HtHt_6000_2000,HtHt,6000,2000,85,180,0.8,1.2,/eos/uscms/store/user/aji/rootfiles_existingOptimization/HtHt_6000_2000_pt180_ak8_ca12_th85.root,ok,,1000,1000,1.0,0.0,0.098,0.009401914698613257,0.049,0.761,0.679,0.679,0.32099999999999995,0.0147634345597493,1942.2789208838267,1645.5318032451767,2503.914085719498,0.9711394604419135,0.8227659016225883,1.2519570428597488,0.2209729697534166,0.05500988895207823,0.5448590237092252
HtHt_6000_2000,HtHt,6000,2000,85,200,1.0,1.2,/eos/uscms/store/user/aji/rootfiles_existingOptimization/HtHt_6000_2000_pt200_ak10_ca12_th85.root,ok,,1000,1000,1.0,0.0,0.083,0.008724161850859944,0.0415,0.744,0.664,0.664,0.33599999999999997,0.014936666294725875,2033.620772981609,1751.8498668566722,2596.8120001255093,1.0168103864908045,0.8759249334283361,1.2984060000627546,0.2077482056868423,0.04835627326385161,0.5454292443359227
HtHt_6000_2000,HtHt,6000,2000,85,100,0.4,1.2,/eos/uscms/store/user/aji/rootfiles_existingOptimization/HtHt_6000_2000_pt100_ak4_ca12_th85.root,ok,,1000,1000,1.0,0.0,0.086,0.008865889690267977,0.0435,0.7875,0.691,0.691,0.30900000000000005,0.014612289348353324,1802.4416549407504,1503.3474398230417,2322.08184146619,0.9012208274703752,0.7516737199115208,1.161040920733095,0.22711814260363997,0.057753409152050475,0.5459960598566025
HtHt_6000_2000,HtHt,6000,2000,85,340,0.6,0.4,/eos/uscms/store/user/aji/rootfiles_existingOptimization/HtHt_6000_2000_pt340_ak6_ca4_th85.root,ok,,1000,1000,1.0,0.0,0.13,0.010634848376916336,0.079,0.795,0.69,0.69,0.31000000000000005,0.014625320509308506,1808.0389763451149,1215.8996700531882,2035.6538383320283,0.9040194881725574,0.607949835026594,1.017826919166014,0.22669703999853572,0.01615899900487208,0.5462950911812801
HtHt_6000_2000,HtHt,6000,2000,85,320,1.2,1.0,/eos/uscms/store/user/aji/rootfiles_existingOptimization/HtHt_6000_2000_pt320_ak12_ca10_th85.root,ok,,1000,1000,1.0,0.0,0.067,0.007906389820898032,0.0335,0.731,0.646,0.646,0.354,0.015122301412152848,2112.7033290921327,1786.3598501202093,2577.056398804702,1.0563516645460664,0.8931799250601047,1.288528199402351,0.1871291008530453,0.029040001877240734,0.5467642673076519
HtHt_6000_2000,HtHt,6000,2000,85,220,0.6,1.0,/eos/uscms/store/user/aji/rootfiles_existingOptimization/HtHt_6000_2000_pt220_ak6_ca10_th85.root,ok,,1000,1000,1.0,0.0,0.172,0.011933817494833746,0.09,0.7815,0.677,0.677,0.32299999999999995,0.014787528529135624,1835.3634583357693,1455.6573284523433,2247.9784418291265,0.9176817291678846,0.7278286642261717,1.1239892209145634,0.21584855843627485,0.05803879741261908,0.5470803855194863
HtHt_6000_2000,HtHt,6000,2000,85,120,0.8,1.2,/eos/uscms/store/user/aji/rootfiles_existingOptimization/HtHt_6000_2000_pt120_ak8_ca12_th85.root,ok,,1000,1000,1.0,0.0,0.045,0.0065555320150236475,0.0225,0.7535,0.68,0.68,0.31999999999999995,0.014751271131668619,1974.8680103746012,1707.9629200187223,2607.3966137840343,0.9874340051873006,0.8539814600093613,1.303698306892017,0.2277199511664334,0.04876510865093643,0.5489765506477033
HtHt_6000_2000,HtHt,6000,2000,85,180,1.0,1.2,/eos/uscms/store/user/aji/rootfiles_existingOptimization/HtHt_6000_2000_pt180_ak10_ca12_th85.root,ok,,1000,1000,1.0,0.0,0.073,0.008226238508577295,0.0365,0.742,0.664,0.664,0.33599999999999997,0.014936666294725875,2046.7134255540682,1768.2667871014526,2634.211261972128,1.023356712777034,0.8841333935507263,1.3171056309860638,0.2115451201079248,0.047152670773322164,0.5498807913856282
HtHt_6000_2000,HtHt,6000,2000,85,220,1.0,1.2,/eos/uscms/store/user/aji/rootfiles_existingOptimization/HtHt_6000_2000_pt220_ak10_ca12_th85.root,ok,,1000,1000,1.0,0.0,0.094,0.009228434320078352,0.047,0.7445,0.66,0.66,0.33999999999999997,0.014979986648859203,2023.2975655158357,1731.7435627576715,2578.1828335695536,1.0116487827579177,0.8658717813788357,1.289091416784777,0.20917320448514565,0.04870714168961733,0.5503380827609374
HtHt_6000_2000,HtHt,6000,2000,85,300,0.8,1.0,/eos/uscms/store/user/aji/rootfiles_existingOptimization/HtHt_6000_2000_pt300_ak8_ca10_th85.root,ok,,1000,1000,1.0,0.0,0.205,0.0127661662216971,0.1055,0.7675,0.66,0.66,0.33999999999999997,0.014979986648859203,1901.1334706814146,1492.5174408044602,2275.441541974203,0.9505667353407072,0.7462587204022301,1.1377207709871016,0.2059098199163058,0.05352355691565214,0.550853146382235
HtHt_6000_2000,HtHt,6000,2000,85,300,0.6,0.6,/eos/uscms/store/user/aji/rootfiles_existingOptimization/HtHt_6000_2000_pt300_ak6_ca6_th85.root,ok,,1000,1000,1.0,0.0,0.23,0.013307892395116516,0.1255,0.793,0.668,0.668,0.33199999999999996,0.014892145580808697,1807.7406810629227,1313.9019995708857,2072.3317386624635,0.9038703405314612,0.6569509997854429,1.0361658693312317,0.209772825006525,0.05673397464060602,0.5513857909533788
HtHt_6000_2000,HtHt,6000,2000,85,240,1.0,1.2,/eos/uscms/store/user/aji/rootfiles_existingOptimization/HtHt_6000_2000_pt240_ak10_ca12_th85.root,ok,,1000,1000,1.0,0.0,0.11,0.009894442884771228,0.055,0.7425,0.655,0.655,0.345,0.015032464867745409,2015.0613481860005,1710.564996489028,2556.673938308499,1.0075306740930003,0.8552824982445141,1.2783369691542494,0.20994619905273734,0.048851077514167646,0.5556992664620374
HtHt_6000_2000,HtHt,6000,2000,85,160,0.6,1.2,/eos/uscms/store/user/aji/rootfiles_existingOptimization/HtHt_6000_2000_pt160_ak6_ca12_th85.root,ok,,1000,1000,1.0,0.0,0.116,0.010126401137620413,0.0585,0.775,0.679,0.679,0.32099999999999995,0.0147634345597493,1855.1305005750037,1506.3778163800575,2368.227939613536,0.9275652502875018,0.7531889081900287,1.184113969806768,0.2322882737808325,0.05930388678815607,0.5605317487520822
HtHt_6000_2000,HtHt,6000,2000,85,220,0.4,0.4,/eos/uscms/store/user/aji/rootfiles_existingOptimization/HtHt_6000_2000_pt220_ak4_ca4_th85.root,ok,,1000,1000,1.0,0.0,0.186,0.012304633273690036,0.1025,0.786,0.657,0.657,0.34299999999999997,0.015011695440555674,1708.257663639616,1288.1012019197353,1983.0271398589123,0.8541288318198081,0.6440506009598677,0.9915135699294563,0.2034019670248594,0.05889187157782872,0.5609890838428786
HtHt_6000_2000,HtHt,6000,2000,85,340,0.8,0.8,/eos/uscms/store/user/aji/rootfiles_existingOptimization/HtHt_6000_2000_pt340_ak8_ca8_th85.root,ok,,1000,1000,1.0,0.0,0.229,0.013287550564344055,0.119,0.775,0.659,0.659,0.34099999999999997,0.014990630407024249,1892.4314464705258,1400.8947902270477,2213.9242724298624,0.9462157232352628,0.7004473951135238,1.1069621362149313,0.21481081486971523,0.052299930966365205,0.561189242546189
HtHt_6000_2000,HtHt,6000,2000,85,180,0.4,0.8,/eos/uscms/store/user/aji/rootfiles_existingOptimization/HtHt_6000_2000_pt180_ak4_ca8_th85.root,ok,,1000,1000,1.0,0.0,0.16,0.01159310139695155,0.0825,0.785,0.662,0.662,0.33799999999999997,0.014958475858188226,1738.9919397466172,1357.2514635376601,2092.1123562338466,0.8694959698733086,0.6786257317688301,1.0460561781169235,0.21128933260129457,0.059157850696665,0.5623397356139637
HtHt_6000_2000,HtHt,6000,2000,85,380,1.0,0.8,/eos/uscms/store/user/aji/rootfiles_existingOptimization/HtHt_6000_2000_pt380_ak10_ca8_th85.root,ok,,1000,1000,1.0,0.0,0.141,0.011005407761641547,0.076,0.772,0.655,0.655,0.345,0.015032464867745409,1982.7522628853849,1418.640292437201,2288.9854272497973,0.9913761314426924,0.7093201462186005,1.1444927136248988,0.21947904211341904,0.030580029655426597,0.5653414289691497
HtHt_6000_2000,HtHt,6000,2000,85,140,1.0,1.0,/eos/uscms/store/user/aji/rootfiles_existingOptimization/HtHt_6000_2000_pt140_ak10_ca10_th85.root,ok,,1000,1000,1.0,0.0,0.041,0.006270486424512854,0.0205,0.7335,0.662,0.662,0.33799999999999997,0.014958475858188226,2085.507024464252,1819.9071217958663,2756.7699548106198,1.042753512232126,0.9099535608979331,1.3783849774053099,0.22461272535282517,0.040871851580295854,0.5668880765760378
HtHt_6000_2000,HtHt,6000,2000,85,200,0.8,1.2,/eos/uscms/store/user/aji/rootfiles_existingOptimization/HtHt_6000_2000_pt200_ak8_ca12_th85.root,ok,,1000,1000,1.0,0.0,0.117,0.010164201887015036,0.0585,0.7535,0.664,0.664,0.33599999999999997,0.014936666294725875,1931.8411011081873,1604.2186062846363,2484.5816988638985,0.9659205505540938,0.8021093031423182,1.2422908494319493,0.22785597947839706,0.05622135155159183,0.5672639244229877
HtHt_6000_2000,HtHt,6000,2000,85,180,1.2,1.0,/eos/uscms/store/user/aji/rootfiles_existingOptimization/HtHt_6000_2000_pt180_ak12_ca10_th85.root,ok,,1000,1000,1.0,0.0,0.031,0.0054807846153630225,0.0155,0.705,0.645,0.645,0.355,0.015131919904625453,2163.890204138161,1897.6584027441959,2782.1912637063288,1.0819451020690805,0.9488292013720979,1.3910956318531644,0.2043848757368969,0.022211912851108725,0.567579385943805
HtHt_6000_2000,HtHt,6000,2000,85,320,1.0,1.0,/eos/uscms/store/user/aji/rootfiles_existingOptimization/HtHt_6000_2000_pt320_ak10_ca10_th85.root,ok,,1000,1000,1.0,0.0,0.175,0.012015614840697915,0.0885,0.7465,0.638,0.638,0.362,0.015197236590906913,1994.0143781047761,1619.2558501454525,2439.5086979752055,0.997007189052388,0.8096279250727262,1.2197543489876028,0.20567876963088097,0.04788500335031304,0.5679780507256421
HtHt_6000_2000,HtHt,6000,2000,85,260,1.0,1.2,/eos/uscms/store/user/aji/rootfiles_existingOptimization/HtHt_6000_2000_pt260_ak10_ca12_th85.root,ok,,1000,1000,1.0,0.0,0.126,0.010493998284733994,0.063,0.7365,0.644,0.644,0.356,0.015141466243399283,2010.5622804988816,1687.0499818023422,2549.85182184236,1.0052811402494406,0.8435249909011711,1.27492591092118,0.21456730000573038,0.050708187904248206,0.5710954140306744
HtHt_6000_2000,HtHt,6000,2000,85,160,1.0,1.2,/eos/uscms/store/user/aji/rootfiles_existingOptimization/HtHt_6000_2000_pt160_ak10_ca12_th85.root,ok,,1000,1000,1.0,0.0,0.065,0.007795832219846705,0.0325,0.732,0.652,0.652,0.348,0.015063067416698366,2060.0743994976356,1779.351896829599,2691.188849824427,1.0300371997488178,0.8896759484147994,1.3455944249122134,0.22131165583563056,0.046763736429727434,0.5723153758105124
HtHt_6000_2000,HtHt,6000,2000,85,280,0.6,0.8,/eos/uscms/store/user/aji/rootfiles_existingOptimization/HtHt_6000_2000_pt280_ak6_ca8_th85.root,ok,,1000,1000,1.0,0.0,0.238,0.01346684818359515,0.1275,0.7795,0.658,0.658,0.34199999999999997,0.01500119995200384,1815.7843598722764,1303.3514551937567,2109.8193255579586,0.9078921799361381,0.6516757275968784,1.0549096627789791,0.222071488274337,0.05904866491056317,0.5732822702807232
HtHt_6000_2000,HtHt,6000,2000,85,160,0.4,1.0,/eos/uscms/store/user/aji/rootfiles_existingOptimization/HtHt_6000_2000_pt160_ak4_ca10_th85.root,ok,,1000,1000,1.0,0.0,0.157,0.01150439046625244,0.0805,0.777,0.659,0.659,0.34099999999999997,0.014990630407024249,1750.122086215381,1380.6333585501172,2158.975984571679,0.8750610431076904,0.6903166792750587,1.0794879922858396,0.2223680942467045,0.06281395845666128,0.5758619899359354
HtHt_6000_2000,HtHt,6000,2000,85,340,1.2,1.0,/eos/uscms/store/user/aji/rootfiles_existingOptimization/HtHt_6000_2000_pt340_ak12_ca10_th85.root,ok,,1000,1000,1.0,0.0,0.082,0.008676174272108648,0.042,0.722,0.628,0.628,0.372,0.015284501954594399,2099.7503138312472,1718.0143183838288,2554.2621356170525,1.0498751569156237,0.8590071591919145,1.2771310678085261,0.1991302993800697,0.03213874878397694,0.5761178150716321
HtHt_6000_2000,HtHt,6000,2000,85,360,0.6,0.4,/eos/uscms/store/user/aji/rootfiles_existingOptimization/HtHt_6000_2000_pt360_ak6_ca4_th85.root,ok,,1000,1000,1.0,0.0,0.143,0.011070275515993266,0.089,0.7825,0.672,0.672,0.32799999999999996,0.014846413708367418,1802.2141922386331,1136.644493658996,2011.5122362554305,0.9011070961193166,0.5683222468294981,1.0057561181277153,0.2427202455635174,0.017296793283770488,0.5806095359515857
HtHt_6000_2000,HtHt,6000,2000,85,280,1.0,1.2,/eos/uscms/store/user/aji/rootfiles_existingOptimization/HtHt_6000_2000_pt280_ak10_ca12_th85.root,ok,,1000,1000,1.0,0.0,0.144,0.011102432165971562,0.072,0.734,0.635,0.635,0.365,0.015224158433227107,2004.292909629404,1656.9072822252363,2525.26703749534,1.002146454814702,0.8284536411126181,1.26263351874767,0.21662496312244714,0.05075008581954281,0.5818396086039174
HtHt_6000_2000,HtHt,6000,2000,85,120,0.4,1.2,/eos/uscms/store/user/aji/rootfiles_existingOptimization/HtHt_6000_2000_pt120_ak4_ca12_th85.root,ok,,1000,1000,1.0,0.0,0.103,0.009612023720320296,0.052,0.771,0.661,0.661,0.33899999999999997,0.014969268519202933,1778.6920415547083,1435.8538212400813,2262.2751701199686,0.8893460207773543,0.7179269106200407,1.1311375850599843,0.2323115327365871,0.0622667627749136,0.5823769306588517
HtHt_6000_2000,HtHt,6000,2000,85,220,0.8,1.2,/eos/uscms/store/user/aji/rootfiles_existingOptimization/HtHt_6000_2000_pt220_ak8_ca12_th85.root,ok,,1000,1000,1.0,0.0,0.13,0.010634848376916336,0.065,0.747,0.651,0.651,0.349,0.01507312177354114,1922.0552131422671,1582.6505127207618,2472.560262434706,0.9610276065711336,0.7913252563603809,1.2362801312173533,0.2314995281168531,0.05677774719086345,0.5843967674597397
HtHt_6000_2000,HtHt,6000,2000,85,320,0.8,1.0,/eos/uscms/store/user/aji/rootfiles_existingOptimization/HtHt_6000_2000_pt320_ak8_ca10_th85.root,ok,,1000,1000,1.0,0.0,0.224,0.013184233007649706,0.1155,0.7595,0.647,0.647,0.353,0.015112610628213776,1895.9434372918172,1400.8947902270477,2260.761751022614,0.9479717186459087,0.7004473951135238,1.130380875511307,0.22676492976599763,0.05512314600068533,0.5849677579014068
HtHt_6000_2000,HtHt,6000,2000,85,300,1.0,1.2,/eos/uscms/store/user/aji/rootfiles_existingOptimization/HtHt_6000_2000_pt300_ak10_ca12_th85.root,ok,,1000,1000,1.0,0.0,0.159,0.011563693181678594,0.08,0.733,0.629,0.629,0.371,0.015276092432294327,1999.6463465500044,1614.80676792492,2480.5357272776178,0.9998231732750023,0.80740338396246,1.240267863638809,0.21647051761086214,0.052066290701682436,0.5874882002833619
HtHt_6000_2000,HtHt,6000,2000,85,180,0.6,1.2,/eos/uscms/store/user/aji/rootfiles_existingOptimization/HtHt_6000_2000_pt180_ak6_ca12_th85.root,ok,,1000,1000,1.0,0.0,0.14,0.010972693379476163,0.071,0.7615,0.661,0.661,0.33899999999999997,0.014969268519202933,1847.150474599906,1455.723973467744,2354.1791753448897,0.923575237299953,0.727861986733872,1.1770895876724448,0.24320032781080045,0.06299736552332244,0.5898428040808051
HtHt_6000_2000,HtHt,6000,2000,85,100,0.8,1.2,/eos/uscms/store/user/aji/rootfiles_existingOptimization/HtHt_6000_2000_pt100_ak8_ca12_th85.root,ok,,1000,1000,1.0,0.0,0.033,0.005648982209212559,0.0165,0.724,0.656,0.656,0.344,0.015022117027902558,2010.3826806522825,1737.16191954365,2727.2906817817225,1.0051913403261412,0.868580959771825,1.3636453408908613,0.2462538032601879,0.04684486532797143,0.590772937292802
HtHt_6000_2000,HtHt,6000,2000,85,240,0.6,1.0,/eos/uscms/store/user/aji/rootfiles_existingOptimization/HtHt_6000_2000_pt240_ak6_ca10_th85.root,ok,,1000,1000,1.0,0.0,0.205,0.0127661662216971,0.1075,0.7685,0.651,0.651,0.349,0.01507312177354114,1823.6427183692506,1350.813420492473,2203.0728159326054,0.9118213591846254,0.6754067102462364,1.1015364079663028,0.23366950852145138,0.060759835192407005,0.5914873726029888
HtHt_6000_2000,HtHt,6000,2000,85,200,0.4,0.8,/eos/uscms/store/user/aji/rootfiles_existingOptimization/HtHt_6000_2000_pt200_ak4_ca8_th85.root,ok,,1000,1000,1.0,0.0,0.193,0.012480024038438387,0.1035,0.7685,0.638,0.638,0.362,0.015197236590906913,1719.8450433580756,1293.2887806419274,2056.486992538774,0.8599225216790378,0.6466443903209637,1.028243496269387,0.22187993471977782,0.06350047871513474,0.5978876825518741
HtHt_6000_2000,HtHt,6000,2000,85,360,1.2,1.0,/eos/uscms/store/user/aji/rootfiles_existingOptimization/HtHt_6000_2000_pt360_ak12_ca10_th85.root,ok,,1000,1000,1.0,0.0,0.095,0.00927227048785787,0.0495,0.717,0.619,0.619,0.381,0.015357050498061143,2089.0761244887153,1605.1314449211684,2511.463713209335,1.0445380622443576,0.8025657224605842,1.2557318566046676,0.2169217908490492,0.03361182775796923,0.602375597073485
HtHt_6000_2000,HtHt,6000,2000,85,240,0.8,1.2,/eos/uscms/store/user/aji/rootfiles_existingOptimization/HtHt_6000_2000_pt240_ak8_ca12_th85.root,ok,,1000,1000,1.0,0.0,0.148,0.011229247525992114,0.074,0.742,0.642,0.642,0.358,0.01516034300403523,1915.023598426762,1532.9813053265757,2453.118099991872,0.957511799213381,0.7664906526632879,1.226559049995936,0.24024163342457264,0.05675262604282175,0.6024904535032345
HtHt_6000_2000,HtHt,6000,2000,85,220,0.4,0.6,/eos/uscms/store/user/aji/rootfiles_existingOptimization/HtHt_6000_2000_pt220_ak4_ca6_th85.root,ok,,1000,1000,1.0,0.0,0.208,0.0128349522788361,0.1135,0.7695,0.631,0.631,0.369,0.015259062880793171,1703.490606266484,1242.284375554821,1988.9155509899417,0.851745303133242,0.6211421877774105,0.9944577754949708,0.21914742960382433,0.06648454119482053,0.6029728992905001
HtHt_6000_2000,HtHt,6000,2000,85,140,1.0,1.2,/eos/uscms/store/user/aji/rootfiles_existingOptimization/HtHt_6000_2000_pt140_ak10_ca12_th85.root,ok,,1000,1000,1.0,0.0,0.046,0.006624499981130651,0.023,0.7105,0.631,0.631,0.369,0.015259062880793171,2083.4334698398143,1805.106973669562,2784.7469862893686,1.0417167349199072,0.902553486834781,1.392373493144684,0.23510230271358895,0.046424922167561174,0.6082739762055797
HtHt_6000_2000,HtHt,6000,2000,85,220,1.2,1.2,/eos/uscms/store/user/aji/rootfiles_existingOptimization/HtHt_6000_2000_pt220_ak12_ca12_th85.root,ok,,1000,1000,1.0,0.0,0.07,0.008068457101577725,0.035,0.691,0.604,0.604,0.396,0.01546557467409472,2148.976845433808,1824.3392467273468,2723.4675748381906,1.0744884227169038,0.9121696233636735,1.3617337874190953,0.20919916611045183,0.0467357110971042,0.6126480083821423
HtHt_6000_2000,HtHt,6000,2000,85,260,0.8,1.2,/eos/uscms/store/user/aji/rootfiles_existingOptimization/HtHt_6000_2000_pt260_ak8_ca12_th85.root,ok,,1000,1000,1.0,0.0,0.171,0.011906258858264422,0.0865,0.742,0.636,0.636,0.364,0.015215255502291114,1906.7451956015727,1463.6783802829823,2395.4255667334983,0.9533725978007863,0.7318391901414911,1.1977127833667494,0.24432923407905924,0.059208351234741934,0.6129919742989806
HtHt_6000_2000,HtHt,6000,2000,85,400,0.8,0.6,/eos/uscms/store/user/aji/rootfiles_existingOptimization/HtHt_6000_2000_pt400_ak8_ca6_th85.root,ok,,1000,1000,1.0,0.0,0.193,0.012480024038438387,0.111,0.774,0.647,0.647,0.353,0.015112610628213776,1882.1983090917204,1131.1972758771312,2092.4494951039924,0.9410991545458602,0.5655986379385656,1.0462247475519961,0.2553535975948055,0.030960130720556967,0.6142436821402195
HtHt_6000_2000,HtHt,6000,2000,85,200,1.2,1.2,/eos/uscms/store/user/aji/rootfiles_existingOptimization/HtHt_6000_2000_pt200_ak12_ca12_th85.root,ok,,1000,1000,1.0,0.0,0.064,0.007739767438366608,0.032,0.683,0.598,0.598,0.402,0.015504708962118573,2162.161466052623,1847.116398184399,2749.4919735852823,1.0810807330263115,0.9235581990921995,1.374745986792641,0.20867441899432154,0.04537470188115421,0.6187824922969527
HtHt_6000_2000,HtHt,6000,2000,85,200,0.6,1.2,/eos/uscms/store/user/aji/rootfiles_existingOptimization/HtHt_6000_2000_pt200_ak6_ca12_th85.root,ok,,1000,1000,1.0,0.0,0.158,0.011534123287012324,0.0805,0.7515,0.645,0.645,0.355,0.015131919904625453,1840.3274922067176,1385.3004805271696,2331.1023195777457,0.9201637461033589,0.6926502402635848,1.1655511597888728,0.25696563330597066,0.06384429303961624,0.6199492586956348
HtHt_6000_2000,HtHt,6000,2000,85,160,1.2,1.0,/eos/uscms/store/user/aji/rootfiles_existingOptimization/HtHt_6000_2000_pt160_ak12_ca10_th85.root,ok,,1000,1000,1.0,0.0,0.024,0.004839834707921336,0.012,0.6755,0.623,0.623,0.377,0.01532550162311172,2190.63783812258,1910.574527665148,2933.9066950062615,1.09531891906129,0.955287263832574,1.4669533475031307,0.23356945395824288,0.01975815260226775,0.6201013458643719
HtHt_6000_2000,HtHt,6000,2000,85,140,0.4,1.2,/eos/uscms/store/user/aji/rootfiles_existingOptimization/HtHt_6000_2000_pt140_ak4_ca12_th85.root,ok,,1000,1000,1.0,0.0,0.135,0.010806248192596726,0.068,0.761,0.637,0.637,0.363,0.015206281596761254,1759.2581773806778,1361.4737030549616,2227.2440443347323,0.8796290886903388,0.6807368515274808,1.1136220221673663,0.24606119568214774,0.06853662366338054,0.6210982868131139
HtHt_6000_2000,HtHt,6000,2000,85,260,1.2,1.2,/eos/uscms/store/user/aji/rootfiles_existingOptimization/HtHt_6000_2000_pt260_ak12_ca12_th85.root,ok,,1000,1000,1.0,0.0,0.085,0.008819013550278738,0.0425,0.688,0.598,0.598,0.402,0.015504708962118573,2137.802265163211,1783.172131667862,2690.6945430090163,1.0689011325816054,0.891586065833931,1.3453472715045083,0.21225592893453823,0.048102760692329105,0.6211460421926988
HtHt_6000_2000,HtHt,6000,2000,85,240,1.2,1.2,/eos/uscms/store/user/aji/rootfiles_existingOptimization/HtHt_6000_2000_pt240_ak12_ca12_th85.root,ok,,1000,1000,1.0,0.0,0.076,0.008379976133617566,0.038,0.687,0.597,0.597,0.403,0.01551099609954177,2143.6601427560468,1802.2289275738137,2709.625919232309,1.0718300713780233,0.9011144637869068,1.3548129596161547,0.21164665367428057,0.04732676809551178,0.6218296608120829
HtHt_6000_2000,HtHt,6000,2000,85,180,0.4,1.0,/eos/uscms/store/user/aji/rootfiles_existingOptimization/HtHt_6000_2000_pt180_ak4_ca10_th85.root,ok,,1000,1000,1.0,0.0,0.186,0.012304633273690036,0.0955,0.757,0.628,0.628,0.372,0.015284501954594399,1737.139858265953,1302.2202566810445,2126.9977270183076,0.8685699291329765,0.6511101283405223,1.0634988635091538,0.23739524092221684,0.06947118980998204,0.6225382480089192
HtHt_6000_2000,HtHt,6000,2000,85,240,0.4,0.4,/eos/uscms/store/user/aji/rootfiles_existingOptimization/HtHt_6000_2000_pt240_ak4_ca4_th85.root,ok,,1000,1000,1.0,0.0,0.225,0.013205112646244258,0.1245,0.763,0.622,0.622,0.378,0.015333492752794452,1689.500175902303,1182.9061476980016,1961.219765141487,0.8447500879511515,0.5914530738490008,0.9806098825707434,0.2303384245070632,0.06541104809051984,0.623863415711948
HtHt_6000_2000,HtHt,6000,2000,85,280,0.8,1.2,/eos/uscms/store/user/aji/rootfiles_existingOptimization/HtHt_6000_2000_pt280_ak8_ca12_th85.root,ok,,1000,1000,1.0,0.0,0.189,0.012380589646701001,0.0965,0.739,0.629,0.629,0.371,0.015276092432294327,1901.2135106363066,1392.0198970165777,2338.3560831176387,0.9506067553181534,0.6960099485082889,1.1691780415588195,0.24887688331868027,0.059208351234741934,0.624816207786865
HtHt_6000_2000,HtHt,6000,2000,85,100,0.6,1.4,/eos/uscms/store/user/aji/rootfiles_existingOptimization/HtHt_6000_2000_pt100_ak6_ca14_th85.root,ok,,1000,1000,1.0,0.0,0.068,0.007960904471226871,0.034,0.7355,0.64,0.64,0.36,0.015178932768808221,1889.0365441105773,1498.9737727473794,2483.654917924789,0.9445182720552887,0.7494868863736897,1.2418274589623945,0.2606305177756715,0.06404712376400198,0.6261786905701425
HtHt_6000_2000,HtHt,6000,2000,85,360,0.8,0.8,/eos/uscms/store/user/aji/rootfiles_existingOptimization/HtHt_6000_2000_pt360_ak8_ca8_th85.root,ok,,1000,1000,1.0,0.0,0.247,0.013637851736985557,0.129,0.7665,0.642,0.642,0.358,0.01516034300403523,1888.5106996249979,1202.1846682558305,2194.46455417162,0.944255349812499,0.6010923341279153,1.09723227708581,0.26271492295829374,0.05532280135415953,0.6262893879770438
HtHt_6000_2000,HtHt,6000,2000,85,340,1.0,1.0,/eos/uscms/store/user/aji/rootfiles_existingOptimization/HtHt_6000_2000_pt340_ak10_ca10_th85.root,ok,,1000,1000,1.0,0.0,0.2,0.01264911064067352,0.102,0.7335,0.616,0.616,0.384,0.015379986996093333,1987.978440147766,1455.7962154524716,2419.513605151225,0.9939892200738831,0.7278981077262359,1.2097568025756125,0.24238627799884996,0.05211547860277376,0.6269873559914616
HtHt_6000_2000,HtHt,6000,2000,85,320,1.0,1.2,/eos/uscms/store/user/aji/rootfiles_existingOptimization/HtHt_6000_2000_pt320_ak10_ca12_th85.root,ok,,1000,1000,1.0,0.0,0.184,0.012253326079069307,0.093,0.7255,0.612,0.612,0.388,0.015409607392792329,1991.1196698117385,1475.272019510293,2448.2121424474526,0.9955598349058692,0.7376360097551464,1.2241060712237264,0.24431985120943334,0.0546157910199067,0.6327638677188464
HtHt_6000_2000,HtHt,6000,2000,85,280,1.2,1.2,/eos/uscms/store/user/aji/rootfiles_existingOptimization/HtHt_6000_2000_pt280_ak12_ca12_th85.root,ok,,1000,1000,1.0,0.0,0.101,0.009528850927577786,0.0505,0.6855,0.59,0.59,0.41000000000000003,0.01555313473226539,2127.061202687478,1734.5654316115676,2664.154568401815,1.063530601343739,0.8672827158057838,1.3320772842009077,0.21851490112643207,0.05005112347049426,0.6348679612608059
HtHt_6000_2000,HtHt,6000,2000,85,380,1.2,1.0,/eos/uscms/store/user/aji/rootfiles_existingOptimization/HtHt_6000_2000_pt380_ak12_ca10_th85.root,ok,,1000,1000,1.0,0.0,0.104,0.009653186002558949,0.054,0.711,0.605,0.605,0.395,0.015458816254810716,2084.1419624573664,1509.380016966801,2500.6802799612674,1.0420709812286832,0.7546900084834005,1.2503401399806335,0.23781975528808158,0.03563907627431479,0.63702685341095
HtHt_6000_2000,HtHt,6000,2000,85,320,0.6,0.6,/eos/uscms/store/user/aji/rootfiles_existingOptimization/HtHt_6000_2000_pt320_ak6_ca6_th85.root,ok,,1000,1000,1.0,0.0,0.259,0.013853483316480371,0.1415,0.778,0.642,0.642,0.358,0.01516034300403523,1802.716412750323,1079.4385377316173,2052.899622078276,0.9013582063751614,0.5397192688658087,1.026449811039138,0.26999839726912267,0.058697971833992085,0.6378625766316065
HtHt_6000_2000,HtHt,6000,2000,85,260,0.6,1.0,/eos/uscms/store/user/aji/rootfiles_existingOptimization/HtHt_6000_2000_pt260_ak6_ca10_th85.root,ok,,1000,1000,1.0,0.0,0.225,0.013205112646244258,0.119,0.76,0.639,0.639,0.361,0.01518812035770062,1819.0273887062294,1213.8828606963818,2190.72180142958,0.9095136943531148,0.6069414303481909,1.09536090071479,0.26850583636015724,0.06322654614768751,0.6385544669248457
HtHt_6000_2000,HtHt,6000,2000,85,300,0.6,0.8,/eos/uscms/store/user/aji/rootfiles_existingOptimization/HtHt_6000_2000_pt300_ak6_ca8_th85.root,ok,,1000,1000,1.0,0.0,0.256,0.013800869537822608,0.1385,0.769,0.643,0.643,0.357,0.015150940564862632,1809.1401702900994,1114.5851011537752,2102.3035617960136,0.9045700851450496,0.5572925505768875,1.0511517808980069,0.27298008105249694,0.05979603008222449,0.6395230725379919
HtHt_6000_2000,HtHt,6000,2000,85,380,0.6,0.4,/eos/uscms/store/user/aji/rootfiles_existingOptimization/HtHt_6000_2000_pt380_ak6_ca4_th85.root,ok,,1000,1000,1.0,0.0,0.161,0.011622349160131096,0.102,0.764,0.647,0.647,0.353,0.015112610628213776,1795.7596969483855,1012.9031454136558,2006.4166899515758,0.8978798484741928,0.506451572706828,1.0032083449757878,0.2766276429486199,0.01956722136192004,0.6398396581012007
HtHt_6000_2000,HtHt,6000,2000,85,180,1.0,1.4,/eos/uscms/store/user/aji/rootfiles_existingOptimization/HtHt_6000_2000_pt180_ak10_ca14_th85.root,ok,,1000,1000,1.0,0.0,0.08,0.008579044235810887,0.04,0.6955,0.605,0.605,0.395,0.015458816254810716,2039.3462531595567,1659.6468951963273,2668.976321700212,1.0196731265797783,0.8298234475981636,1.334488160850106,0.2474639666854346,0.05902717784632487,0.6444312793434125
HtHt_6000_2000,HtHt,6000,2000,85,400,1.0,0.8,/eos/uscms/store/user/aji/rootfiles_existingOptimization/HtHt_6000_2000_pt400_ak10_ca8_th85.root,ok,,1000,1000,1.0,0.0,0.158,0.011534123287012324,0.088,0.7555,0.629,0.629,0.371,0.015276092432294327,1975.7212983271183,1190.3869927144465,2277.4125764379446,0.9878606491635592,0.5951934963572233,1.1387062882189722,0.2750958813482204,0.03383464550661759,0.6473098164318645
HtHt_6000_2000,HtHt,6000,2000,85,120,1.0,1.0,/eos/uscms/store/user/aji/rootfiles_existingOptimization/HtHt_6000_2000_pt120_ak10_ca10_th85.root,ok,,1000,1000,1.0,0.0,0.028,0.005216895628628198,0.014,0.6865,0.621,0.621,0.379,0.015341414537127925,2135.940705113748,1843.661964813893,2968.7329947481926,1.0679703525568742,0.9218309824069465,1.4843664973740962,0.26336663448585396,0.03714130524587544,0.6491636697415414
HtHt_6000_2000,HtHt,6000,2000,85,340,0.8,1.0,/eos/uscms/store/user/aji/rootfiles_existingOptimization/HtHt_6000_2000_pt340_ak8_ca10_th85.root,ok,,1000,1000,1.0,0.0,0.247,0.013637851736985557,0.128,0.7545,0.634,0.634,0.366,0.01523299051401267,1890.9030567284717,1170.0616527637446,2226.1617197562523,0.9454515283642357,0.5850308263818724,1.113080859878126,0.2792581204082744,0.05614318916196211,0.6507129675718508
HtHt_6000_2000,HtHt,6000,2000,85,180,1.2,1.2,/eos/uscms/store/user/aji/rootfiles_existingOptimization/HtHt_6000_2000_pt180_ak12_ca12_th85.root,ok,,1000,1000,1.0,0.0,0.057,0.007331507348424334,0.0285,0.667,0.585,0.585,0.41500000000000004,0.015581238718407468,2176.3022372412706,1865.8833007509327,2854.234495316463,1.0881511186206352,0.9329416503754663,1.4271172476582314,0.22707121686792606,0.04403632587274829,0.6508863287299896
HtHt_6000_2000,HtHt,6000,2000,85,140,0.8,1.4,/eos/uscms/store/user/aji/rootfiles_existingOptimization/HtHt_6000_2000_pt140_ak8_ca14_th85.root,ok,,1000,1000,1.0,0.0,0.072,0.008174105455644672,0.036,0.705,0.616,0.616,0.384,0.015379986996093333,1956.245171541455,1560.3623594344162,2596.664536917401,0.9781225857707274,0.7801811797172081,1.2983322684587006,0.2648702198882398,0.06259844784011764,0.6510579613111671
HtHt_6000_2000,HtHt,6000,2000,85,200,1.0,1.4,/eos/uscms/store/user/aji/rootfiles_existingOptimization/HtHt_6000_2000_pt200_ak10_ca14_th85.root,ok,,1000,1000,1.0,0.0,0.089,0.00900438781928011,0.0445,0.6935,0.602,0.602,0.398,0.015478888849009803,2026.784428846996,1618.030970292693,2638.698950500189,1.013392214423498,0.8090154851463465,1.3193494752500943,0.25179490371063706,0.059943511027837446,0.6511341251529869
HtHt_6000_2000,HtHt,6000,2000,85,300,1.2,1.2,/eos/uscms/store/user/aji/rootfiles_existingOptimization/HtHt_6000_2000_pt300_ak12_ca12_th85.root,ok,,1000,1000,1.0,0.0,0.114,0.010050074626588601,0.057,0.68,0.58,0.58,0.42000000000000004,0.015607690412101338,2121.3293939208143,1686.9325245374594,2647.0327894496436,1.060664696960407,0.8434662622687297,1.3235163947248219,0.22629683717757024,0.05154277169762313,0.652363306873611
HtHt_6000_2000,HtHt,6000,2000,85,120,0.6,1.4,/eos/uscms/store/user/aji/rootfiles_existingOptimization/HtHt_6000_2000_pt120_ak6_ca14_th85.root,ok,,1000,1000,1.0,0.0,0.085,0.008819013550278738,0.043,0.727,0.625,0.625,0.375,0.015309310892394862,1879.2823029735773,1426.8452377063675,2456.961100162237,0.9396411514867887,0.7134226188531837,1.2284805500811184,0.2740716125581354,0.06708519457285159,0.6551074974094565
HtHt_6000_2000,HtHt,6000,2000,85,220,0.6,1.2,/eos/uscms/store/user/aji/rootfiles_existingOptimization/HtHt_6000_2000_pt220_ak6_ca12_th85.root,ok,,1000,1000,1.0,0.0,0.181,0.0121753439376471,0.0945,0.7445,0.633,0.633,0.367,0.015241751867813621,1831.6194611328424,1260.7369779697945,2285.9603382843275,0.9158097305664211,0.6303684889848972,1.1429801691421637,0.27986800262551276,0.06656441256303472,0.6552870295688706
HtHt_6000_2000,HtHt,6000,2000,85,120,0.8,1.4,/eos/uscms/store/user/aji/rootfiles_existingOptimization/HtHt_6000_2000_pt120_ak8_ca14_th85.root,ok,,1000,1000,1.0,0.0,0.054,0.007147307185227175,0.027,0.695,0.605,0.605,0.395,0.015458816254810716,1974.6805531840146,1625.1197300536505,2653.370694946107,0.9873402765920072,0.8125598650268253,1.3266853474730533,0.26035881176691683,0.060612563678190304,0.6566247841077162
HtHt_6000_2000,HtHt,6000,2000,85,160,1.0,1.4,/eos/uscms/store/user/aji/rootfiles_existingOptimization/HtHt_6000_2000_pt160_ak10_ca14_th85.root,ok,,1000,1000,1.0,0.0,0.072,0.008174105455644672,0.036,0.686,0.594,0.594,0.406,0.015529455882290275,2054.0130827823614,1687.0499818023422,2723.8903596754326,1.0270065413911806,0.8435249909011711,1.3619451798377162,0.2523938105760721,0.05962964226018144,0.6610944647151902
HtHt_6000_2000,HtHt,6000,2000,85,220,1.0,1.4,/eos/uscms/store/user/aji/rootfiles_existingOptimization/HtHt_6000_2000_pt220_ak10_ca14_th85.root,ok,,1000,1000,1.0,0.0,0.1,0.009486832980505138,0.05,0.694,0.599,0.599,0.401,0.015498354751392161,2020.0957682618562,1564.305401682654,2612.17446153126,1.0100478841309282,0.782152700841327,1.3060872307656302,0.2593612333414817,0.06041130136927766,0.6613660217545745
HtHt_6000_2000,HtHt,6000,2000,85,220,0.4,0.8,/eos/uscms/store/user/aji/rootfiles_existingOptimization/HtHt_6000_2000_pt220_ak4_ca8_th85.root,ok,,1000,1000,1.0,0.0,0.237,0.013447341744746431,0.128,0.744,0.602,0.602,0.398,0.015478888849009803,1705.3205851705407,1164.882612484172,2019.6424279200767,0.8526602925852702,0.5824413062420859,1.0098212139600384,0.2506155801052577,0.0725200329014886,0.6633495508467306
HtHt_6000_2000,HtHt,6000,2000,85,160,0.4,1.2,/eos/uscms/store/user/aji/rootfiles_existingOptimization/HtHt_6000_2000_pt160_ak4_ca12_th85.root,ok,,1000,1000,1.0,0.0,0.172,0.011933817494833746,0.088,0.7425,0.614,0.614,0.386,0.015394934231752989,1745.1110956075422,1291.3984308920762,2216.031108663918,0.8725555478037711,0.6456992154460381,1.108015554331959,0.26492086380607777,0.07442000319247585,0.6636653090257006
HtHt_6000_2000,HtHt,6000,2000,85,160,0.8,1.4,/eos/uscms/store/user/aji/rootfiles_existingOptimization/HtHt_6000_2000_pt160_ak8_ca14_th85.root,ok,,1000,1000,1.0,0.0,0.092,0.00913980306133562,0.046,0.704,0.61,0.61,0.39,0.01542400726140908,1947.0023943502852,1500.1898825375595,2572.182993492739,0.9735011971751426,0.7500949412687797,1.2860914967463697,0.27529321845361776,0.06529485941219887,0.6679430987361035
HtHt_6000_2000,HtHt,6000,2000,85,320,1.2,1.2,/eos/uscms/store/user/aji/rootfiles_existingOptimization/HtHt_6000_2000_pt320_ak12_ca12_th85.root,ok,,1000,1000,1.0,0.0,0.123,0.010386096475577337,0.0615,0.681,0.577,0.577,0.42300000000000004,0.015622771841129857,2112.8711871967535,1610.4703421436786,2629.9294595915126,1.0564355935983767,0.8052351710718394,1.3149647297957563,0.24124970883823701,0.05287232345009089,0.6698932681980747
HtHt_6000_2000,HtHt,6000,2000,85,240,0.4,0.6,/eos/uscms/store/user/aji/rootfiles_existingOptimization/HtHt_6000_2000_pt240_ak4_ca6_th85.root,ok,,1000,1000,1.0,0.0,0.249,0.013674757767507255,0.1365,0.7485,0.599,0.599,0.401,0.015498354751392161,1687.422889241528,1110.3808847227542,1966.6622063879402,0.8437114446207641,0.555190442361377,0.9833311031939701,0.25372457820874766,0.07417596941117155,0.6703534337466712
HtHt_6000_2000,HtHt,6000,2000,85,240,1.4,1.2,/eos/uscms/store/user/aji/rootfiles_existingOptimization/HtHt_6000_2000_pt240_ak14_ca12_th85.root,ok,,1000,1000,1.0,0.0,0.028,0.005216895628628198,0.014,0.6385,0.551,0.551,0.44899999999999995,0.015728922404284407,2289.3717542808163,1895.5154364863029,2854.0744507338027,1.1446858771404078,0.9477577182431515,1.4270372253669013,0.20934979486296268,0.03355609948560258,0.6728183825770034
HtHt_6000_2000,HtHt,6000,2000,85,360,1.0,1.0,/eos/uscms/store/user/aji/rootfiles_existingOptimization/HtHt_6000_2000_pt360_ak10_ca10_th85.root,ok,,1000,1000,1.0,0.0,0.217,0.013034991369387246,0.1115,0.7325,0.612,0.612,0.388,0.015409607392792329,1980.2877120706946,1252.818044936937,2377.987478576578,0.9901438560353473,0.6264090224684685,1.188993739288289,0.2840924141429691,0.05265283657693501,0.6730780285394344
HtHt_6000_2000,HtHt,6000,2000,85,260,1.4,1.2,/eos/uscms/store/user/aji/rootfiles_existingOptimization/HtHt_6000_2000_pt260_ak14_ca12_th85.root,ok,,1000,1000,1.0,0.0,0.034,0.005730968504537431,0.017,0.639,0.55,0.55,0.44999999999999996,0.015732132722552274,2283.897081953898,1873.9224229688564,2832.2220308740075,1.141948540976949,0.9369612114844282,1.4161110154370038,0.20979483171048052,0.03522490703554684,0.6739896858081753
HtHt_6000_2000,HtHt,6000,2000,85,200,0.4,1.0,/eos/uscms/store/user/aji/rootfiles_existingOptimization/HtHt_6000_2000_pt200_ak4_ca10_th85.root,ok,,1000,1000,1.0,0.0,0.219,0.013078187947877183,0.1165,0.74,0.603,0.603,0.397,0.01547226550961429,1717.0271177622426,1182.974441323597,2085.937543519636,0.8585135588811214,0.5914872206617985,1.042968771759818,0.26294375110768414,0.07359212192187878,0.6740923952195721
HtHt_6000_2000,HtHt,6000,2000,85,180,0.8,1.4,/eos/uscms/store/user/aji/rootfiles_existingOptimization/HtHt_6000_2000_pt180_ak8_ca14_th85.root,ok,,1000,1000,1.0,0.0,0.107,0.009775019181566858,0.0535,0.7025,0.606,0.606,0.394,0.015451990163082553,1941.4914339184777,1456.7052680317997,2552.0232582901504,0.9707457169592388,0.7283526340158999,1.2760116291450752,0.2820815923065109,0.06779247255812032,0.679007020610587
HtHt_6000_2000,HtHt,6000,2000,85,280,1.4,1.2,/eos/uscms/store/user/aji/rootfiles_existingOptimization/HtHt_6000_2000_pt280_ak14_ca12_th85.root,ok,,1000,1000,1.0,0.0,0.036,0.005891010100144117,0.018,0.638,0.547,0.547,0.45299999999999996,0.015741378592740853,2276.455429089316,1853.714166159903,2822.278919895666,1.1382277145446582,0.9268570830799515,1.411139459947833,0.2127352772558416,0.03661787727253912,0.6795580487103073
HtHt_6000_2000,HtHt,6000,2000,85,100,0.8,1.4,/eos/uscms/store/user/aji/rootfiles_existingOptimization/HtHt_6000_2000_pt100_ak8_ca14_th85.root,ok,,1000,1000,1.0,0.0,0.038,0.006046155803483731,0.019,0.68,0.593,0.593,0.40700000000000003,0.015535475531827148,2002.8987343593817,1675.1832137883905,2773.5427866766136,1.001449367179691,0.8375916068941952,1.386771393338307,0.2741924876295678,0.057701714811729685,0.681337424347537
HtHt_6000_2000,HtHt,6000,2000,85,220,1.2,1.4,/eos/uscms/store/user/aji/rootfiles_existingOptimization/HtHt_6000_2000_pt220_ak12_ca14_th85.root,ok,,1000,1000,1.0,0.0,0.08,0.008579044235810887,0.04,0.666,0.564,0.564,0.43600000000000005,0.015681326474504636,2144.5060236170325,1725.3330955479114,2751.1809876374155,1.0722530118085163,0.8626665477739557,1.3755904938187078,0.2391804641236813,0.057598752871920865,0.682405765304533
HtHt_6000_2000,HtHt,6000,2000,85,300,0.8,1.2,/eos/uscms/store/user/aji/rootfiles_existingOptimization/HtHt_6000_2000_pt300_ak8_ca12_th85.root,ok,,1000,1000,1.0,0.0,0.213,0.012947239087929134,0.1095,0.732,0.616,0.616,0.384,0.015379986996093333,1896.0482300435735,1202.1846682558305,2317.2158347682325,0.9480241150217867,0.6010923341279153,1.1586079173841164,0.29404082365741757,0.060895449986123174,0.6832384121552388
HtHt_6000_2000,HtHt,6000,2000,85,240,1.0,1.4,/eos/uscms/store/user/aji/rootfiles_existingOptimization/HtHt_6000_2000_pt240_ak10_ca14_th85.root,ok,,1000,1000,1.0,0.0,0.116,0.010126401137620413,0.058,0.6895,0.591,0.591,0.40900000000000003,0.015547314880711718,2014.5370453847304,1491.418734177274,2596.8120001255093,1.0072685226923652,0.745709367088637,1.2984060000627546,0.27435416699848536,0.06088030150897283,0.6840810192677219
HtHt_6000_2000,HtHt,6000,2000,85,140,0.6,1.4,/eos/uscms/store/user/aji/rootfiles_existingOptimization/HtHt_6000_2000_pt140_ak6_ca14_th85.root,ok,,1000,1000,1.0,0.0,0.109,0.00985489725973843,0.055,0.718,0.615,0.615,0.385,0.015387494922826133,1865.908885063473,1332.320501121314,2435.0054638618567,0.9329544425317364,0.666160250560657,1.2175027319309284,0.2954819958164872,0.07085895403931528,0.6871865515633135
HtHt_6000_2000,HtHt,6000,2000,85,120,1.0,1.2,/eos/uscms/store/user/aji/rootfiles_existingOptimization/HtHt_6000_2000_pt120_ak10_ca12_th85.root,ok,,1000,1000,1.0,0.0,0.033,0.005648982209212559,0.0165,0.6645,0.587,0.587,0.41300000000000003,0.015570195888298902,2137.3725603778903,1828.208574582041,2971.7483658890806,1.068686280188945,0.9141042872910204,1.4858741829445403,0.26751063724352775,0.044014740167040864,0.6873792652624222
HtHt_6000_2000,HtHt,6000,2000,85,200,1.2,1.4,/eos/uscms/store/user/aji/rootfiles_existingOptimization/HtHt_6000_2000_pt200_ak12_ca14_th85.root,ok,,1000,1000,1.0,0.0,0.074,0.00827792244467173,0.037,0.656,0.556,0.556,0.44399999999999995,0.015711906313366306,2156.502299746936,1756.2735461909137,2780.3709657998784,1.0782511498734677,0.8781367730954569,1.3901854828999392,0.23744408242206416,0.05571779612145495,0.689269197409411
HtHt_6000_2000,HtHt,6000,2000,85,220,1.4,1.2,/eos/uscms/store/user/aji/rootfiles_existingOptimization/HtHt_6000_2000_pt220_ak14_ca12_th85.root,ok,,1000,1000,1.0,0.0,0.026,0.0050322956987840055,0.013,0.627,0.543,0.543,0.45699999999999996,0.015752809273269323,2302.5715734626083,1918.4641012478814,2919.369104460797,1.1512857867313042,0.9592320506239408,1.4596845522303985,0.21734503603459196,0.0324898488112803,0.6894736147077224
HtHt_6000_2000,HtHt,6000,2000,85,300,1.4,1.2,/eos/uscms/store/user/aji/rootfiles_existingOptimization/HtHt_6000_2000_pt300_ak14_ca12_th85.root,ok,,1000,1000,1.0,0.0,0.038,0.006046155803483731,0.019,0.637,0.54,0.54,0.45999999999999996,0.015760710643876435,2265.3570067577,1819.9405398041577,2808.2144768657963,1.13267850337885,0.9099702699020787,1.4041072384328983,0.2181276359782491,0.03871824976773407,0.6913954863161341
HtHt_6000_2000,HtHt,6000,2000,85,140,1.0,1.4,/eos/uscms/store/user/aji/rootfiles_existingOptimization/HtHt_6000_2000_pt140_ak10_ca14_th85.root,ok,,1000,1000,1.0,0.0,0.053,0.00708456067798138,0.0265,0.667,0.575,0.575,0.42500000000000004,0.015632498200863484,2077.150444500695,1730.4386919414726,2828.4288492126484,1.0385752222503475,0.8652193459707364,1.4142144246063244,0.2643020297778938,0.059908242456653035,0.6931595520029286
HtHt_6000_2000,HtHt,6000,2000,85,240,1.2,1.4,/eos/uscms/store/user/aji/rootfiles_existingOptimization/HtHt_6000_2000_pt240_ak12_ca14_th85.root,ok,,1000,1000,1.0,0.0,0.086,0.008865889690267977,0.043,0.662,0.558,0.558,0.44199999999999995,0.01570464899321217,2141.867715892882,1690.0945869519373,2740.966425403391,1.0709338579464411,0.8450472934759686,1.3704832127016955,0.24531669968548359,0.05871697058818283,0.6944100854801276
HtHt_6000_2000,HtHt,6000,2000,85,100,0.4,1.4,/eos/uscms/store/user/aji/rootfiles_existingOptimization/HtHt_6000_2000_pt100_ak4_ca14_th85.root,ok,,1000,1000,1.0,0.0,0.105,0.009694070352540258,0.053,0.723,0.611,0.611,0.389,0.015416841440450765,1796.2350850773482,1299.4330965271479,2371.7171653342407,0.898117542538674,0.649716548263574,1.1858585826671204,0.2984809944186451,0.07393683082086978,0.6976692401647777
HtHt_6000_2000,HtHt,6000,2000,85,260,1.2,1.4,/eos/uscms/store/user/aji/rootfiles_existingOptimization/HtHt_6000_2000_pt260_ak12_ca14_th85.root,ok,,1000,1000,1.0,0.0,0.095,0.00927227048785787,0.0475,0.6615,0.558,0.558,0.44199999999999995,0.01570464899321217,2132.1938522926853,1662.2071284292792,2732.960279302094,1.0660969261463427,0.8311035642146396,1.366480139651047,0.25109188588117015,0.058277939759051454,0.6997015784958044
HtHt_6000_2000,HtHt,6000,2000,85,160,1.2,1.2,/eos/uscms/store/user/aji/rootfiles_existingOptimization/HtHt_6000_2000_pt160_ak12_ca12_th85.root,ok,,1000,1000,1.0,0.0,0.045,0.0065555320150236475,0.0225,0.638,0.567,0.567,0.43300000000000005,0.015668790636165896,2198.0898646775086,1882.348588154384,3022.7764391581286,1.0990449323387543,0.941174294077192,1.5113882195790642,0.25941338189352453,0.04316413331725609,0.7023178751274
HtHt_6000_2000,HtHt,6000,2000,85,340,0.6,0.6,/eos/uscms/store/user/aji/rootfiles_existingOptimization/HtHt_6000_2000_pt340_ak6_ca6_th85.root,ok,,1000,1000,1.0,0.0,0.278,0.01416742743055351,0.153,0.772,0.633,0.633,0.367,0.015241751867813621,1796.250790827133,859.6268221778016,2032.070459578012,0.8981253954135664,0.4298134110889008,1.0160352297890058,0.32635855844503936,0.05943261256694651,0.7035460189036827
HtHt_6000_2000,HtHt,6000,2000,85,320,1.4,1.2,/eos/uscms/store/user/aji/rootfiles_existingOptimization/HtHt_6000_2000_pt320_ak14_ca12_th85.root,ok,,1000,1000,1.0,0.0,0.041,0.006270486424512854,0.0205,0.6345,0.535,0.535,0.46499999999999997,0.015772602828956293,2257.788301406432,1767.3417881907126,2792.9704827940595,1.128894150703216,0.8836708940953563,1.3964852413970297,0.22713128019231418,0.04086019858700338,0.7050206952626358
HtHt_6000_2000,HtHt,6000,2000,85,200,1.4,1.2,/eos/uscms/store/user/aji/rootfiles_existingOptimization/HtHt_6000_2000_pt200_ak14_ca12_th85.root,ok,,1000,1000,1.0,0.0,0.023,0.004740358636221525,0.0115,0.6125,0.537,0.537,0.46299999999999997,0.015768037290671277,2323.285663303488,1942.0156544519568,2991.9803283491233,1.161642831651744,0.9710078272259783,1.4959901641745614,0.22596547004129872,0.03149737479284812,0.7051297532064731
HtHt_6000_2000,HtHt,6000,2000,85,280,0.6,1.0,/eos/uscms/store/user/aji/rootfiles_existingOptimization/HtHt_6000_2000_pt280_ak6_ca10_th85.root,ok,,1000,1000,1.0,0.0,0.251,0.013711272734505722,0.134,0.7485,0.622,0.622,0.378,0.015333492752794452,1810.8741402706758,982.6253235324667,2154.165464650637,0.9054370701353378,0.49131266176623334,1.0770827323253187,0.32347365149934104,0.06426871767927109,0.7109299444858073
HtHt_6000_2000,HtHt,6000,2000,85,260,1.0,1.4,/eos/uscms/store/user/aji/rootfiles_existingOptimization/HtHt_6000_2000_pt260_ak10_ca14_th85.root,ok,,1000,1000,1.0,0.0,0.132,0.010704017937204702,0.066,0.686,0.584,0.584,0.41600000000000004,0.015586660963785668,2009.4372963311932,1404.6859073272367,2589.460345394443,1.0047186481655968,0.7023429536636184,1.2947301726972213,0.294802540051972,0.06271635325798144,0.7112744048685318
HtHt_6000_2000,HtHt,6000,2000,85,200,0.8,1.4,/eos/uscms/store/user/aji/rootfiles_existingOptimization/HtHt_6000_2000_pt200_ak8_ca14_th85.root,ok,,1000,1000,1.0,0.0,0.126,0.010493998284733994,0.063,0.695,0.592,0.592,0.40800000000000003,0.015541428505771277,1929.9158565901546,1361.926125332719,2522.228749474343,0.9649579282950773,0.6809630626663594,1.2611143747371718,0.3006096406171017,0.07233993312465019,0.712113847787594
HtHt_6000_2000,HtHt,6000,2000,85,340,1.0,1.2,/eos/uscms/store/user/aji/rootfiles_existingOptimization/HtHt_6000_2000_pt340_ak10_ca12_th85.root,ok,,1000,1000,1.0,0.0,0.21,0.01288021738946979,0.107,0.7125,0.59,0.59,0.41000000000000003,0.01555313473226539,1985.5060670878006,1235.535622201545,2434.3999286138696,0.9927530335439003,0.6177678111007726,1.217199964306935,0.3019039645068256,0.0586177398363978,0.7126286611524356
HtHt_6000_2000,HtHt,6000,2000,85,400,0.6,0.4,/eos/uscms/store/user/aji/rootfiles_existingOptimization/HtHt_6000_2000_pt400_ak6_ca4_th85.root,ok,,1000,1000,1.0,0.0,0.184,0.012253326079069307,0.1185,0.7395,0.613,0.613,0.387,0.015402305022301045,1785.9455047049173,866.9782674183984,1995.2776248265511,0.8929727523524587,0.4334891337091992,0.9976388124132756,0.31588291872169294,0.023789498735954484,0.7135856434864472
HtHt_6000_2000,HtHt,6000,2000,85,400,1.2,1.0,/eos/uscms/store/user/aji/rootfiles_existingOptimization/HtHt_6000_2000_pt400_ak12_ca10_th85.root,ok,,1000,1000,1.0,0.0,0.119,0.010239091756596383,0.0635,0.6975,0.58,0.58,0.42000000000000004,0.015607690412101338,2073.607054667229,1260.7585758478679,2488.5204173757534,1.0368035273336145,0.6303792879239339,1.2442602086878767,0.29604496154767274,0.03903787437115703,0.7197253142810343
HtHt_6000_2000,HtHt,6000,2000,85,180,1.2,1.4,/eos/uscms/store/user/aji/rootfiles_existingOptimization/HtHt_6000_2000_pt180_ak12_ca14_th85.root,ok,,1000,1000,1.0,0.0,0.067,0.007906389820898032,0.0335,0.6415,0.543,0.543,0.45699999999999996,0.015752809273269323,2171.349289060553,1796.8018655194835,2902.2169092797953,1.0856746445302765,0.8984009327597418,1.4511084546398978,0.25454565263393814,0.05345787536042223,0.7201131170869657
HtHt_6000_2000,HtHt,6000,2000,85,320,0.8,1.2,/eos/uscms/store/user/aji/rootfiles_existingOptimization/HtHt_6000_2000_pt320_ak8_ca12_th85.root,ok,,1000,1000,1.0,0.0,0.232,0.013348258313353095,0.1195,0.7245,0.604,0.604,0.396,0.01546557467409472,1892.134444837781,1071.9256918852984,2291.5747675761454,0.9460672224188906,0.5359628459426492,1.1457873837880725,0.3222945068777634,0.06320732059039816,0.7236877846358744
HtHt_6000_2000,HtHt,6000,2000,85,180,0.4,1.2,/eos/uscms/store/user/aji/rootfiles_existingOptimization/HtHt_6000_2000_pt180_ak4_ca12_th85.root,ok,,1000,1000,1.0,0.0,0.201,0.012672766075328622,0.103,0.7215,0.582,0.582,0.41800000000000004,0.015597307459943206,1731.4376482172993,1157.94481788703,2178.1693695595613,0.8657188241086496,0.578972408943515,1.0890846847797808,0.29461775673035706,0.0793964300514039,0.7260458743194922
HtHt_6000_2000,HtHt,6000,2000,85,280,1.0,1.4,/eos/uscms/store/user/aji/rootfiles_existingOptimization/HtHt_6000_2000_pt280_ak10_ca14_th85.root,ok,,1000,1000,1.0,0.0,0.15,0.011291589790636216,0.075,0.6855,0.577,0.577,0.42300000000000004,0.015622771841129857,2004.7470073356003,1318.2769051851974,2561.488020017105,1.0023735036678003,0.6591384525925986,1.2807440100085525,0.3100668339403563,0.06271635325798144,0.7333041843071364
HtHt_6000_2000,HtHt,6000,2000,85,160,0.6,1.4,/eos/uscms/store/user/aji/rootfiles_existingOptimization/HtHt_6000_2000_pt160_ak6_ca14_th85.root,ok,,1000,1000,1.0,0.0,0.129,0.010599952830083727,0.065,0.707,0.593,0.593,0.40700000000000003,0.015535475531827148,1851.4436348312552,1228.6095760240853,2415.944731379197,0.9257218174156276,0.6143047880120426,1.2079723656895986,0.32065117539031335,0.07747075843590816,0.7350789936487506
HtHt_6000_2000,HtHt,6000,2000,85,280,1.2,1.4,/eos/uscms/store/user/aji/rootfiles_existingOptimization/HtHt_6000_2000_pt280_ak12_ca14_th85.root,ok,,1000,1000,1.0,0.0,0.111,0.00993373041711924,0.0555,0.6575,0.55,0.55,0.44999999999999996,0.015732132722552274,2122.682770319927,1511.6929270606574,2707.3450325252106,1.0613413851599633,0.7558464635303287,1.3536725162626053,0.28163702136338226,0.06136585479715238,0.7377711598793786
HtHt_6000_2000,HtHt,6000,2000,85,120,0.4,1.4,/eos/uscms/store/user/aji/rootfiles_existingOptimization/HtHt_6000_2000_pt120_ak4_ca14_th85.root,ok,,1000,1000,1.0,0.0,0.12,0.010276186062932104,0.0605,0.707,0.583,0.583,0.41700000000000004,0.015592017188292218,1774.35513895633,1232.924413159642,2331.6724870100834,0.887177569478165,0.616462206579821,1.1658362435050418,0.3096189848715184,0.08495345028257802,0.7379012279237019
HtHt_6000_2000,HtHt,6000,2000,85,260,0.4,0.4,/eos/uscms/store/user/aji/rootfiles_existingOptimization/HtHt_6000_2000_pt260_ak4_ca4_th85.root,ok,,1000,1000,1.0,0.0,0.263,0.013922320208930694,0.147,0.7375,0.588,0.588,0.41200000000000003,0.01556457516284977,1675.1028032359332,893.0831107108098,1937.7671632769388,0.8375514016179666,0.4465415553554049,0.9688835816384693,0.3118268474472215,0.06953682131747152,0.7400717072854248
HtHt_6000_2000,HtHt,6000,2000,85,360,0.8,1.0,/eos/uscms/store/user/aji/rootfiles_existingOptimization/HtHt_6000_2000_pt360_ak8_ca10_th85.root,ok,,1000,1000,1.0,0.0,0.265,0.013956181426163821,0.138,0.745,0.616,0.616,0.384,0.015379986996093333,1885.798382812188,884.9645774081886,2209.9118346812315,0.942899191406094,0.4424822887040943,1.1049559173406158,0.35129610602837136,0.059187779833808685,0.741006186887762
HtHt_6000_2000,HtHt,6000,2000,85,240,0.6,1.2,/eos/uscms/store/user/aji/rootfiles_existingOptimization/HtHt_6000_2000_pt240_ak6_ca12_th85.root,ok,,1000,1000,1.0,0.0,0.213,0.012947239087929134,0.1115,0.7305,0.606,0.606,0.394,0.015451990163082553,1818.2928664648334,989.0077736642047,2235.0370993833612,0.9091464332324167,0.49450388683210234,1.1175185496916806,0.3426371374765703,0.07227394478318955,0.7457224941533287
HtHt_6000_2000,HtHt,6000,2000,85,220,0.8,1.4,/eos/uscms/store/user/aji/rootfiles_existingOptimization/HtHt_6000_2000_pt220_ak8_ca14_th85.root,ok,,1000,1000,1.0,0.0,0.139,0.010939789760319894,0.0695,0.6895,0.583,0.583,0.41700000000000004,0.015592017188292218,1921.3656959289833,1270.7116294687673,2519.6733369390513,0.9606828479644917,0.6353558147343836,1.2598366684695257,0.3250192584671939,0.07243881104433803,0.7459509736707448
HtHt_6000_2000,HtHt,6000,2000,85,340,1.4,1.2,/eos/uscms/store/user/aji/rootfiles_existingOptimization/HtHt_6000_2000_pt340_ak14_ca12_th85.root,ok,,1000,1000,1.0,0.0,0.047,0.006692607862410586,0.0235,0.629,0.523,0.523,0.477,0.01579465099329517,2246.00526779328,1617.2600394091721,2770.6014010035015,1.1230026338966401,0.808630019704586,1.3853007005017506,0.25675393066363933,0.04248639950870708,0.7460541940533033
HtHt_6000_2000,HtHt,6000,2000,85,300,1.0,1.4,/eos/uscms/store/user/aji/rootfiles_existingOptimization/HtHt_6000_2000_pt300_ak10_ca14_th85.root,ok,,1000,1000,1.0,0.0,0.164,0.011709141727727102,0.0825,0.6855,0.571,0.571,0.42900000000000005,0.015651166090742248,1998.9948043910194,1279.3318127556931,2548.765837066259,0.9994974021955096,0.6396659063778466,1.2743829185331295,0.3175180899725476,0.06410756980360943,0.7465683497529967
HtHt_6000_2000,HtHt,6000,2000,85,120,1.0,1.4,/eos/uscms/store/user/aji/rootfiles_existingOptimization/HtHt_6000_2000_pt120_ak10_ca14_th85.root,ok,,1000,1000,1.0,0.0,0.037,0.005969170796685248,0.0185,0.6345,0.544,0.544,0.45599999999999996,0.01575004761897563,2129.847384472201,1771.984130985796,3001.5055203037296,1.0649236922361005,0.885992065492898,1.5007527601518649,0.2886407256881042,0.05423500771078618,0.7511330949117143
HtHt_6000_2000,HtHt,6000,2000,85,320,0.6,0.8,/eos/uscms/store/user/aji/rootfiles_existingOptimization/HtHt_6000_2000_pt320_ak6_ca8_th85.root,ok,,1000,1000,1.0,0.0,0.282,0.014229406171727617,0.153,0.757,0.62,0.62,0.38,0.015349267083479915,1803.6563798355785,759.7390160504925,2072.673339586466,0.9018281899177892,0.3798695080252462,1.0363366697932332,0.36396464931298644,0.06346612736884603,0.7537818303212076
HtHt_6000_2000,HtHt,6000,2000,85,380,0.8,0.8,/eos/uscms/store/user/aji/rootfiles_existingOptimization/HtHt_6000_2000_pt380_ak8_ca8_th85.root,ok,,1000,1000,1.0,0.0,0.273,0.014087973594523805,0.145,0.7485,0.615,0.615,0.385,0.015387494922826133,1884.510949885109,809.4633199924771,2178.83976071368,0.9422554749425546,0.40473165999623856,1.0894198803568398,0.3633240870276418,0.05677774719086345,0.7540985395333863
HtHt_6000_2000,HtHt,6000,2000,85,360,1.0,1.2,/eos/uscms/store/user/aji/rootfiles_existingOptimization/HtHt_6000_2000_pt360_ak10_ca12_th85.root,ok,,1000,1000,1.0,0.0,0.227,0.013246546719805883,0.1165,0.7085,0.585,0.585,0.41500000000000004,0.015581238718407468,1976.9110595679413,1063.7027201466133,2406.5398497069073,0.9884555297839706,0.5318513600733066,1.2032699248534535,0.33963013233730766,0.06023635391887494,0.7557845793589106
HtHt_6000_2000,HtHt,6000,2000,85,340,1.2,1.2,/eos/uscms/store/user/aji/rootfiles_existingOptimization/HtHt_6000_2000_pt340_ak12_ca12_th85.root,ok,,1000,1000,1.0,0.0,0.145,0.01113440613593738,0.0735,0.669,0.556,0.556,0.44399999999999995,0.015711906313366306,2103.206271370986,1314.7144486687027,2610.605522563878,1.0516031356854931,0.6573572243343514,1.305302761281939,0.3080751259481653,0.05641754392018111,0.7572354395167145
HtHt_6000_2000,HtHt,6000,2000,85,300,1.2,1.4,/eos/uscms/store/user/aji/rootfiles_existingOptimization/HtHt_6000_2000_pt300_ak12_ca14_th85.root,ok,,1000,1000,1.0,0.0,0.124,0.010422283818818216,0.062,0.656,0.544,0.544,0.45599999999999996,0.01575004761897563,2115.6318386884204,1427.8768978093858,2680.6748901978012,1.0578159193442103,0.7139384489046929,1.3403374450989005,0.29608128632746505,0.06328940500830872,0.757862878261886
HtHt_6000_2000,HtHt,6000,2000,85,180,1.0,1.6,/eos/uscms/store/user/aji/rootfiles_existingOptimization/HtHt_6000_2000_pt180_ak10_ca16_th85.root,ok,,1000,1000,1.0,0.0,0.106,0.009734680272099337,0.053,0.662,0.549,0.549,0.45099999999999996,0.01573527883451704,2020.5904876433458,1444.2285722367374,2694.9784249811723,1.0102952438216728,0.7221142861183687,1.3474892124905862,0.30950107416451544,0.08702307449019792,0.7615305985466827
HtHt_6000_2000,HtHt,6000,2000,85,160,1.2,1.4,/eos/uscms/store/user/aji/rootfiles_existingOptimization/HtHt_6000_2000_pt160_ak12_ca14_th85.root,ok,,1000,1000,1.0,0.0,0.052,0.007021111023192838,0.026,0.6135,0.526,0.526,0.474,0.01578999683343857,2195.7122874565725,1837.7062759393048,3063.3235657484247,1.0978561437282863,0.9188531379696524,1.5316617828742123,0.27909332584480523,0.05224913580760898,0.7628789402176339
HtHt_6000_2000,HtHt,6000,2000,85,100,0.6,1.6,/eos/uscms/store/user/aji/rootfiles_existingOptimization/HtHt_6000_2000_pt100_ak6_ca16_th85.root,ok,,1000,1000,1.0,0.0,0.099,0.009444522221901964,0.0495,0.6805,0.565,0.565,0.43500000000000005,0.015677212762477903,1879.7383120815516,1307.261201747137,2518.4063645894507,0.9398691560407757,0.6536306008735685,1.2592031822947254,0.32215791822137657,0.10477934551633311,0.7631710026172991
HtHt_6000_2000,HtHt,6000,2000,85,140,0.8,1.6,/eos/uscms/store/user/aji/rootfiles_existingOptimization/HtHt_6000_2000_pt140_ak8_ca16_th85.root,ok,,1000,1000,1.0,0.0,0.101,0.009528850927577786,0.0505,0.6705,0.562,0.562,0.43799999999999994,0.01568935945155187,1944.0814609011913,1352.551400672395,2609.447044269023,0.9720407304505956,0.6762757003361975,1.3047235221345117,0.3232620826017204,0.09948171415511947,0.7640580095566608
HtHt_6000_2000,HtHt,6000,2000,85,180,0.6,1.4,/eos/uscms/store/user/aji/rootfiles_existingOptimization/HtHt_6000_2000_pt180_ak6_ca14_th85.root,ok,,1000,1000,1.0,0.0,0.152,0.011353237423748346,0.077,0.6975,0.579,0.579,0.42100000000000004,0.015612783224012303,1844.8748104040283,1155.8402323307855,2393.2518052192113,0.9224374052020141,0.5779201161653928,1.1966259026096056,0.3353646453163486,0.08163643103255064,0.7641209047961472
HtHt_6000_2000,HtHt,6000,2000,85,340,0.8,1.2,/eos/uscms/store/user/aji/rootfiles_existingOptimization/HtHt_6000_2000_pt340_ak8_ca12_th85.root,ok,,1000,1000,1.0,0.0,0.255,0.013783141876945184,0.132,0.7165,0.589,0.589,0.41100000000000003,0.015558888135082147,1885.6306380068156,942.4082134062237,2255.4513970329494,0.9428153190034079,0.4712041067031118,1.127725698516475,0.3481708339801541,0.06579789244655912,0.7648893020798133
HtHt_6000_2000,HtHt,6000,2000,85,160,1.0,1.6,/eos/uscms/store/user/aji/rootfiles_existingOptimization/HtHt_6000_2000_pt160_ak10_ca16_th85.root,ok,,1000,1000,1.0,0.0,0.099,0.009444522221901964,0.0495,0.6585,0.542,0.542,0.45799999999999996,0.015755506973753653,2031.4742720348481,1481.5222298278672,2726.8160385171263,1.015737136017424,0.7407611149139336,1.3634080192585631,0.30650001967337176,0.08665671211821899,0.7660737332751142
HtHt_6000_2000,HtHt,6000,2000,85,120,0.8,1.6,/eos/uscms/store/user/aji/rootfiles_existingOptimization/HtHt_6000_2000_pt120_ak8_ca16_th85.root,ok,,1000,1000,1.0,0.0,0.082,0.008676174272108648,0.041,0.6605,0.555,0.555,0.44499999999999995,0.01571543826942157,1960.4050520617761,1412.774446798948,2671.5389488652245,0.980202526030888,0.706387223399474,1.335769474432612,0.321047046053677,0.09574504368760675,0.7680267934505882
HtHt_6000_2000,HtHt,6000,2000,85,320,1.0,1.4,/eos/uscms/store/user/aji/rootfiles_existingOptimization/HtHt_6000_2000_pt320_ak10_ca14_th85.root,ok,,1000,1000,1.0,0.0,0.189,0.012380589646701001,0.0955,0.6805,0.557,0.557,0.44299999999999995,0.015708309902723462,1990.3405017543912,1228.4968284332433,2521.1164031652966,0.9951702508771956,0.6142484142166217,1.2605582015826482,0.32472322539602394,0.06734493920215123,0.7682062003083043
HtHt_6000_2000,HtHt,6000,2000,85,240,0.8,1.4,/eos/uscms/store/user/aji/rootfiles_existingOptimization/HtHt_6000_2000_pt240_ak8_ca14_th85.root,ok,,1000,1000,1.0,0.0,0.157,0.01150439046625244,0.0785,0.685,0.576,0.576,0.42400000000000004,0.015627667772255716,1913.2099634497645,1193.2836514512612,2499.1567662900684,0.9566049817248823,0.5966418257256306,1.2495783831450342,0.34127804574155296,0.07223235646353439,0.7696175475690648
HtHt_6000_2000,HtHt,6000,2000,85,140,1.2,1.0,/eos/uscms/store/user/aji/rootfiles_existingOptimization/HtHt_6000_2000_pt140_ak12_ca10_th85.root,ok,,1000,1000,1.0,0.0,0.022,0.0046385342512479085,0.011,0.619,0.573,0.573,0.42700000000000005,0.015641962792437528,2244.4162660831953,1926.865305184627,3429.2090114050898,1.1222081330415978,0.9634326525923135,1.714604505702545,0.33468473048501207,0.018610943879099576,0.773905543789172
HtHt_6000_2000,HtHt,6000,2000,85,260,0.6,1.2,/eos/uscms/store/user/aji/rootfiles_existingOptimization/HtHt_6000_2000_pt260_ak6_ca12_th85.root,ok,,1000,1000,1.0,0.0,0.232,0.013348258313353095,0.1225,0.724,0.596,0.596,0.404,0.015517216245190372,1812.231433711101,912.1487737739176,2219.97360570826,0.9061157168555507,0.4560743868869587,1.10998680285413,0.3608327301927902,0.0753658032246318,0.7742211585072352
HtHt_6000_2000,HtHt,6000,2000,85,200,1.0,1.6,/eos/uscms/store/user/aji/rootfiles_existingOptimization/HtHt_6000_2000_pt200_ak10_ca16_th85.root,ok,,1000,1000,1.0,0.0,0.115,0.010088359628799918,0.0575,0.6595,0.547,0.547,0.45299999999999996,0.015741378592740853,2013.0546504126564,1360.517547422076,2671.9348645439973,1.0065273252063283,0.680258773711038,1.3359674322719985,0.3257281954201028,0.09399910198497907,0.7793809279407355
HtHt_6000_2000,HtHt,6000,2000,85,320,1.2,1.4,/eos/uscms/store/user/aji/rootfiles_existingOptimization/HtHt_6000_2000_pt320_ak12_ca14_th85.root,ok,,1000,1000,1.0,0.0,0.132,0.010704017937204702,0.066,0.657,0.541,0.541,0.45899999999999996,0.015758140753274162,2110.6385439664964,1332.727163949885,2661.984346073941,1.0553192719832483,0.6663635819749425,1.3309921730369705,0.31489455783982784,0.06443022897726625,0.7794264850381527
HtHt_6000_2000,HtHt,6000,2000,85,300,0.6,1.0,/eos/uscms/store/user/aji/rootfiles_existingOptimization/HtHt_6000_2000_pt300_ak6_ca10_th85.root,ok,,1000,1000,1.0,0.0,0.267,0.013989674763910703,0.144,0.739,0.609,0.609,0.391,0.015431104950715617,1804.7996688353041,761.4475122842348,2128.3800602276783,0.902399834417652,0.3807237561421174,1.0641900301138392,0.37869370533117663,0.06612572001640701,0.7794537218894114
HtHt_6000_2000,HtHt,6000,2000,85,180,1.4,1.2,/eos/uscms/store/user/aji/rootfiles_existingOptimization/HtHt_6000_2000_pt180_ak14_ca12_th85.root,ok,,1000,1000,1.0,0.0,0.021,0.004534203347888138,0.0105,0.5745,0.503,0.503,0.497,0.01581110369329099,2357.8744385831687,1962.9738340966592,3219.9805349375056,1.1789372192915843,0.9814869170483296,1.6099902674687527,0.2665550548985495,0.028446103049053525,0.7814487768277079
HtHt_6000_2000,HtHt,6000,2000,85,260,0.8,1.4,/eos/uscms/store/user/aji/rootfiles_existingOptimization/HtHt_6000_2000_pt260_ak8_ca14_th85.root,ok,,1000,1000,1.0,0.0,0.18,0.012149074038789953,0.091,0.6865,0.571,0.571,0.42900000000000005,0.015651166090742248,1904.2989534624278,1124.7142883794584,2453.8102034086437,0.952149476731214,0.5623571441897292,1.226905101704322,0.3489724952619969,0.07370077380368963,0.7827575475888755
HtHt_6000_2000,HtHt,6000,2000,85,380,1.0,1.0,/eos/uscms/store/user/aji/rootfiles_existingOptimization/HtHt_6000_2000_pt380_ak10_ca10_th85.root,ok,,1000,1000,1.0,0.0,0.242,0.013543854695026818,0.126,0.723,0.593,0.593,0.40700000000000003,0.015535475531827148,1973.7922983535373,874.2511632406346,2353.1375101173476,0.9868961491767687,0.4371255816203173,1.1765687550586736,0.3746306914132616,0.056483329481772974,0.7829410764955848
HtHt_6000_2000,HtHt,6000,2000,85,160,0.8,1.6,/eos/uscms/store/user/aji/rootfiles_existingOptimization/HtHt_6000_2000_pt160_ak8_ca16_th85.root,ok,,1000,1000,1.0,0.0,0.118,0.01020176455325254,0.059,0.6665,0.557,0.557,0.44299999999999995,0.015708309902723462,1934.3479596467405,1282.325409825704,2588.4715092674023,0.9671739798233703,0.641162704912852,1.294235754633701,0.3376192201945488,0.10180988780596828,0.7839018222122117
HtHt_6000_2000,HtHt,6000,2000,85,240,1.4,1.4,/eos/uscms/store/user/aji/rootfiles_existingOptimization/HtHt_6000_2000_pt240_ak14_ca14_th85.root,ok,,1000,1000,1.0,0.0,0.051,0.00695693898205238,0.0255,0.592,0.484,0.484,0.516,0.015803290796539814,2291.7781363840477,1757.367922333911,2928.614073310828,1.145889068192024,0.8786839611669556,1.464307036655414,0.2555321853329357,0.062119166253838703,0.7861210921521382
HtHt_6000_2000,HtHt,6000,2000,85,220,1.2,1.6,/eos/uscms/store/user/aji/rootfiles_existingOptimization/HtHt_6000_2000_pt220_ak12_ca16_th85.root,ok,,1000,1000,1.0,0.0,0.1,0.009486832980505138,0.05,0.6375,0.51,0.51,0.49,0.0158082257068907,2125.253838173784,1526.400461684703,2762.631394531884,1.062626919086892,0.7632002308423516,1.381315697265942,0.2908431243934291,0.0828787749882498,0.7871058163021183
HtHt_6000_2000,HtHt,6000,2000,85,140,0.4,1.4,/eos/uscms/store/user/aji/rootfiles_existingOptimization/HtHt_6000_2000_pt140_ak4_ca14_th85.root,ok,,1000,1000,1.0,0.0,0.151,0.01132249972400088,0.076,0.6965,0.558,0.558,0.44199999999999995,0.01570464899321217,1754.7453442441945,1119.8442708014984,2290.4710787511576,0.8773726721220972,0.5599221354007492,1.1452355393755789,0.3335603116969297,0.09124460960707637,0.7878230444847198
HtHt_6000_2000,HtHt,6000,2000,85,200,1.2,1.6,/eos/uscms/store/user/aji/rootfiles_existingOptimization/HtHt_6000_2000_pt200_ak12_ca16_th85.root,ok,,1000,1000,1.0,0.0,0.094,0.009228434320078352,0.047,0.6315,0.505,0.505,0.495,0.01581059771166163,2140.4980073338565,1564.835341570027,2791.5491616471786,1.0702490036669285,0.7824176707850135,1.3957745808235893,0.28654869471359873,0.08095892247692471,0.7885735950802917
HtHt_6000_2000,HtHt,6000,2000,85,140,1.0,1.6,/eos/uscms/store/user/aji/rootfiles_existingOptimization/HtHt_6000_2000_pt140_ak10_ca16_th85.root,ok,,1000,1000,1.0,0.0,0.077,0.00843036179532053,0.0385,0.643,0.525,0.525,0.475,0.015791611697353755,2056.420379359845,1565.8316636256839,2847.0521218119125,1.0282101896799225,0.7829158318128419,1.4235260609059561,0.3115171564738789,0.08670631547457919,0.7893381754418711
HtHt_6000_2000,HtHt,6000,2000,85,120,0.6,1.6,/eos/uscms/store/user/aji/rootfiles_existingOptimization/HtHt_6000_2000_pt120_ak6_ca16_th85.root,ok,,1000,1000,1.0,0.0,0.119,0.010239091756596383,0.06,0.675,0.55,0.55,0.44999999999999996,0.015732132722552274,1866.1590296885986,1238.947122537472,2486.8268939656623,0.9330795148442993,0.6194735612687361,1.243413446982831,0.33434443463171,0.11079418117850731,0.79103648314728
HtHt_6000_2000,HtHt,6000,2000,85,100,0.8,1.6,/eos/uscms/store/user/aji/rootfiles_existingOptimization/HtHt_6000_2000_pt100_ak8_ca16_th85.root,ok,,1000,1000,1.0,0.0,0.066,0.007851369307324678,0.033,0.6465,0.537,0.537,0.46299999999999997,0.015768037290671277,1991.8951570244444,1481.7627806507699,2790.88697043254,0.9959475785122222,0.7408813903253849,1.3954434852162698,0.32861272471222347,0.08906404074753854,0.7920179668610012
HtHt_6000_2000,HtHt,6000,2000,85,240,0.4,0.8,/eos/uscms/store/user/aji/rootfiles_existingOptimization/HtHt_6000_2000_pt240_ak4_ca8_th85.root,ok,,1000,1000,1.0,0.0,0.279,0.014183053267896867,0.1515,0.725,0.574,0.574,0.42600000000000005,0.015637263187655313,1687.7042029218314,798.3685459143089,1988.7277334194591,0.8438521014609157,0.3991842729571544,0.9943638667097295,0.3526563438795571,0.07845567618967661,0.7942711337334656
HtHt_6000_2000,HtHt,6000,2000,85,360,1.4,1.2,/eos/uscms/store/user/aji/rootfiles_existingOptimization/HtHt_6000_2000_pt360_ak14_ca12_th85.root,ok,,1000,1000,1.0,0.0,0.053,0.00708456067798138,0.0265,0.6245,0.513,0.513,0.487,0.015806043148112688,2225.2106349880332,1431.1565789257727,2752.8791004217373,1.1126053174940165,0.7155782894628864,1.3764395502108686,0.29698818186330317,0.04471005429825922,0.7952487136127049
HtHt_6000_2000,HtHt,6000,2000,85,220,1.0,1.6,/eos/uscms/store/user/aji/rootfiles_existingOptimization/HtHt_6000_2000_pt220_ak10_ca16_th85.root,ok,,1000,1000,1.0,0.0,0.125,0.010458250331675944,0.0625,0.656,0.54,0.54,0.45999999999999996,0.015760710643876435,2008.3927520172724,1311.509605467247,2658.3198713798943,1.0041963760086363,0.6557548027336235,1.329159935689947,0.3352955403169729,0.09739951654928243,0.7957151779178364
HtHt_6000_2000,HtHt,6000,2000,85,200,0.6,1.4,/eos/uscms/store/user/aji/rootfiles_existingOptimization/HtHt_6000_2000_pt200_ak6_ca14_th85.root,ok,,1000,1000,1.0,0.0,0.169,0.011850696182081457,0.086,0.6865,0.562,0.562,0.43799999999999994,0.01568935945155187,1836.8956057482999,1078.409995347045,2375.4983600728438,0.91844780287415,0.5392049976735226,1.1877491800364217,0.353065345865804,0.0838918490191333,0.7992205655783889
HtHt_6000_2000,HtHt,6000,2000,85,220,1.4,1.4,/eos/uscms/store/user/aji/rootfiles_existingOptimization/HtHt_6000_2000_pt220_ak14_ca14_th85.root,ok,,1000,1000,1.0,0.0,0.048,0.006759881655768835,0.024,0.581,0.477,0.477,0.523,0.01579465099329517,2311.6009535435333,1806.1084061875144,3012.3031166038368,1.1558004767717667,0.9030542030937572,1.5061515583019185,0.26090028829744705,0.061195767171468796,0.7994803359746238
HtHt_6000_2000,HtHt,6000,2000,85,280,0.8,1.4,/eos/uscms/store/user/aji/rootfiles_existingOptimization/HtHt_6000_2000_pt280_ak8_ca14_th85.root,ok,,1000,1000,1.0,0.0,0.198,0.012601428490452978,0.101,0.682,0.561,0.561,0.43899999999999995,0.015693278816104682,1899.0782009959476,1087.268941635714,2439.348470460315,0.9495391004979739,0.543634470817857,1.2196742352301575,0.35598311015194634,0.07514171276014947,0.800029200102149
HtHt_6000_2000,HtHt,6000,2000,85,340,0.6,0.8,/eos/uscms/store/user/aji/rootfiles_existingOptimization/HtHt_6000_2000_pt340_ak6_ca8_th85.root,ok,,1000,1000,1.0,0.0,0.296,0.01443551176785915,0.162,0.755,0.616,0.616,0.384,0.015379986996093333,1797.318976147961,583.2864074671209,2042.5756869338747,0.8986594880739804,0.2916432037335604,1.0212878434669375,0.40596279759821025,0.06346612736884603,0.8000968487908122
HtHt_6000_2000,HtHt,6000,2000,85,180,0.8,1.6,/eos/uscms/store/user/aji/rootfiles_existingOptimization/HtHt_6000_2000_pt180_ak8_ca16_th85.root,ok,,1000,1000,1.0,0.0,0.133,0.010738295954200556,0.0665,0.6625,0.55,0.55,0.44999999999999996,0.015732132722552274,1925.4075371720114,1242.641865077614,2580.238405861679,0.9627037685860056,0.621320932538807,1.2901192029308395,0.34735413541298693,0.10718205788243426,0.8010837585543864
HtHt_6000_2000,HtHt,6000,2000,85,240,1.0,1.6,/eos/uscms/store/user/aji/rootfiles_existingOptimization/HtHt_6000_2000_pt240_ak10_ca16_th85.root,ok,,1000,1000,1.0,0.0,0.14,0.010972693379476163,0.07,0.654,0.536,0.536,0.46399999999999997,0.015770351930125083,2003.2061579624421,1281.2926609383471,2637.2422634024597,1.0016030789812211,0.6406463304691735,1.3186211317012297,0.3384448467958271,0.10097241964373316,0.8026051546939492
HtHt_6000_2000,HtHt,6000,2000,85,100,1.0,0.8,/eos/uscms/store/user/aji/rootfiles_existingOptimization/HtHt_6000_2000_pt100_ak10_ca8_th85.root,ok,,1000,1000,1.0,0.0,0.009,0.002986469487538756,0.0045,0.6265,0.595,0.595,0.405,0.015523369479594306,2264.9586103536794,1899.8958129882599,3643.530818554669,1.1324793051768396,0.94994790649413,1.8217654092773345,0.3849154235304406,0.007062945757187607,0.8031633540481247
HtHt_6000_2000,HtHt,6000,2000,85,200,1.4,1.4,/eos/uscms/store/user/aji/rootfiles_existingOptimization/HtHt_6000_2000_pt200_ak14_ca14_th85.root,ok,,1000,1000,1.0,0.0,0.044,0.006485676526007136,0.022,0.5705,0.477,0.477,0.523,0.01579465099329517,2326.5634003135706,1849.9725588050908,3078.118384360359,1.1632817001567852,0.9249862794025454,1.5390591921801795,0.2639399006684582,0.05646208327427822,0.8032680706841367
HtHt_6000_2000,HtHt,6000,2000,85,240,1.2,1.6,/eos/uscms/store/user/aji/rootfiles_existingOptimization/HtHt_6000_2000_pt240_ak12_ca16_th85.root,ok,,1000,1000,1.0,0.0,0.105,0.009694070352540258,0.0525,0.635,0.506,0.506,0.494,0.015810249839898167,2121.3293939208143,1468.2927791928587,2758.8497244690516,1.060664696960407,0.7341463895964293,1.3794248622345258,0.3041858913977712,0.08682281463511424,0.8042523610938119
HtHt_6000_2000,HtHt,6000,2000,85,280,0.6,1.2,/eos/uscms/store/user/aji/rootfiles_existingOptimization/HtHt_6000_2000_pt280_ak6_ca12_th85.root,ok,,1000,1000,1.0,0.0,0.257,0.013818502089589886,0.137,0.7165,0.582,0.582,0.41800000000000004,0.015597307459943206,1806.7484128340238,807.5970363398634,2174.661166247171,0.9033742064170119,0.4037985181699317,1.0873305831235855,0.37832166343596296,0.07701455257293072,0.8059842427942618
HtHt_6000_2000,HtHt,6000,2000,85,140,0.6,1.6,/eos/uscms/store/user/aji/rootfiles_existingOptimization/HtHt_6000_2000_pt140_ak6_ca16_th85.root,ok,,1000,1000,1.0,0.0,0.137,0.010873407929439602,0.069,0.671,0.544,0.544,0.45599999999999996,0.01575004761897563,1851.7318633709565,1185.130905879524,2454.7292714268397,0.9258659316854783,0.592565452939762,1.2273646357134198,0.3428137708977192,0.1133028986399287,0.8062271777291714
HtHt_6000_2000,HtHt,6000,2000,85,180,1.2,1.6,/eos/uscms/store/user/aji/rootfiles_existingOptimization/HtHt_6000_2000_pt180_ak12_ca16_th85.root,ok,,1000,1000,1.0,0.0,0.086,0.008865889690267977,0.043,0.618,0.492,0.492,0.508,0.015809364313595912,2157.18663451847,1626.7026869164558,2886.8706977622496,1.0785933172592348,0.8133513434582279,1.443435348881125,0.2920859954074142,0.07913375736422348,0.8079453271333377
HtHt_6000_2000,HtHt,6000,2000,85,260,1.0,1.6,/eos/uscms/store/user/aji/rootfiles_existingOptimization/HtHt_6000_2000_pt260_ak10_ca16_th85.root,ok,,1000,1000,1.0,0.0,0.154,0.011414201680362931,0.077,0.653,0.53,0.53,0.47,0.015782902141241326,1997.0993803411163,1257.350520802805,2608.8280272634515,0.9985496901705582,0.6286752604014024,1.3044140136317257,0.3383601035993027,0.10479855061109147,0.8085051345822468
HtHt_6000_2000,HtHt,6000,2000,85,260,1.4,1.4,/eos/uscms/store/user/aji/rootfiles_existingOptimization/HtHt_6000_2000_pt260_ak14_ca14_th85.root,ok,,1000,1000,1.0,0.0,0.059,0.007451107300260815,0.0295,0.5905,0.483,0.483,0.517,0.01580224667571039,2285.812312014589,1632.3564664104313,2905.673692008434,1.1429061560072946,0.8161782332052157,1.4528368460042171,0.27852619808399126,0.06255240029029369,0.8098168136847207
HtHt_6000_2000,HtHt,6000,2000,85,260,1.2,1.6,/eos/uscms/store/user/aji/rootfiles_existingOptimization/HtHt_6000_2000_pt260_ak12_ca16_th85.root,ok,,1000,1000,1.0,0.0,0.114,0.010050074626588601,0.057,0.6355,0.506,0.506,0.494,0.015810249839898167,2115.3726141824136,1426.8105538515833,2748.229626757495,1.057686307091207,0.7134052769257917,1.3741148133787477,0.31233718921350345,0.08934043670188072,0.8121058199226241
HtHt_6000_2000,HtHt,6000,2000,85,280,1.0,1.6,/eos/uscms/store/user/aji/rootfiles_existingOptimization/HtHt_6000_2000_pt280_ak10_ca16_th85.root,ok,,1000,1000,1.0,0.0,0.167,0.01179453263168999,0.0835,0.653,0.527,0.527,0.473,0.01578831846651188,1990.736818600309,1237.579862200334,2593.8857049037374,0.9953684093001547,0.618789931100167,1.2969428524518687,0.3406542316470101,0.10529867855147568,0.8141173907169945
HtHt_6000_2000,HtHt,6000,2000,85,360,1.2,1.2,/eos/uscms/store/user/aji/rootfiles_existingOptimization/HtHt_6000_2000_pt360_ak12_ca12_th85.root,ok,,1000,1000,1.0,0.0,0.163,0.011680368144883106,0.0835,0.6585,0.542,0.542,0.45799999999999996,0.015755506973753653,2091.602505091418,1127.2702030746188,2600.458172979021,1.0458012525457092,0.5636351015373094,1.3002290864895103,0.35216728951087495,0.058801709901550675,0.8147474147654459
HtHt_6000_2000,HtHt,6000,2000,85,360,0.8,1.2,/eos/uscms/store/user/aji/rootfiles_existingOptimization/HtHt_6000_2000_pt360_ak8_ca12_th85.root,ok,,1000,1000,1.0,0.0,0.273,0.014087973594523805,0.142,0.7095,0.575,0.575,0.42500000000000004,0.015632498200863484,1881.341163400869,794.2686032975927,2238.7804887466264,0.9406705817004344,0.3971343016487963,1.119390244373313,0.3839048210792916,0.07032471607160048,0.8148377629092483
HtHt_6000_2000,HtHt,6000,2000,85,220,0.4,1.0,/eos/uscms/store/user/aji/rootfiles_existingOptimization/HtHt_6000_2000_pt220_ak4_ca10_th85.root,ok,,1000,1000,1.0,0.0,0.261,0.013888088421377507,0.14,0.7155,0.567,0.567,0.43300000000000005,0.015668790636165896,1697.766631540199,810.4854828866659,2057.8387530274936,0.8488833157700995,0.40524274144333294,1.0289193765137468,0.36735121511053603,0.08266971633286051,0.8154628835335261
HtHt_6000_2000,HtHt,6000,2000,85,380,1.4,1.2,/eos/uscms/store/user/aji/rootfiles_existingOptimization/HtHt_6000_2000_pt380_ak14_ca12_th85.root,ok,,1000,1000,1.0,0.0,0.058,0.007391616873188166,0.0295,0.622,0.505,0.505,0.495,0.01581059771166163,2215.4115837105633,1354.531483774876,2730.997817069424,1.1077057918552815,0.6772657418874379,1.3654989085347118,0.3106570226984917,0.0475521574403861,0.8164276018840199
HtHt_6000_2000,HtHt,6000,2000,85,300,0.8,1.4,/eos/uscms/store/user/aji/rootfiles_existingOptimization/HtHt_6000_2000_pt300_ak8_ca14_th85.root,ok,,1000,1000,1.0,0.0,0.221,0.013120937466507492,0.1135,0.6765,0.549,0.549,0.45099999999999996,0.01573527883451704,1893.8321676354199,1019.8600706896641,2402.3794315742944,0.94691608381771,0.5099300353448321,1.2011897157871472,0.3650057762538697,0.07983904676082595,0.8213141678720987
HtHt_6000_2000,HtHt,6000,2000,85,200,0.4,1.2,/eos/uscms/store/user/aji/rootfiles_existingOptimization/HtHt_6000_2000_pt200_ak4_ca12_th85.root,ok,,1000,1000,1.0,0.0,0.233,0.013368283360252356,0.1235,0.702,0.555,0.555,0.44499999999999995,0.01571543826942157,1713.4891055149155,895.24413811938,2136.8390338056465,0.8567445527574578,0.44762206905969,1.0684195169028232,0.362300201294002,0.08626554064072199,0.8216257460182561
HtHt_6000_2000,HtHt,6000,2000,85,280,1.4,1.4,/eos/uscms/store/user/aji/rootfiles_existingOptimization/HtHt_6000_2000_pt280_ak14_ca14_th85.root,ok,,1000,1000,1.0,0.0,0.064,0.007739767438366608,0.032,0.589,0.48,0.48,0.52,0.0157987341265052,2281.8088826895664,1571.433335755069,2891.2505098842275,1.1409044413447833,0.7857166678775346,1.4456252549421138,0.2892041450407299,0.06413459770605334,0.8232945891752083
HtHt_6000_2000,HtHt,6000,2000,85,380,0.8,1.0,/eos/uscms/store/user/aji/rootfiles_existingOptimization/HtHt_6000_2000_pt380_ak8_ca10_th85.root,ok,,1000,1000,1.0,0.0,0.291,0.014363808687113596,0.154,0.7305,0.591,0.591,0.40900000000000003,0.015547314880711718,1881.7047354830738,645.2792342775025,2184.353377481294,0.9408523677415369,0.3226396171387513,1.092176688740647,0.4089573975612805,0.06127751208860001,0.8238721607871269
HtHt_6000_2000,HtHt,6000,2000,85,200,0.8,1.6,/eos/uscms/store/user/aji/rootfiles_existingOptimization/HtHt_6000_2000_pt200_ak8_ca16_th85.root,ok,,1000,1000,1.0,0.0,0.151,0.01132249972400088,0.0755,0.656,0.538,0.538,0.46199999999999997,0.015765658882520576,1914.773953878485,1188.7219387826397,2558.8609266735452,0.9573869769392425,0.5943609693913199,1.2794304633367728,0.357780871500683,0.11099711961828632,0.8240421738067587
HtHt_6000_2000,HtHt,6000,2000,85,300,1.0,1.6,/eos/uscms/store/user/aji/rootfiles_existingOptimization/HtHt_6000_2000_pt300_ak10_ca16_th85.root,ok,,1000,1000,1.0,0.0,0.18,0.012149074038789953,0.0905,0.653,0.521,0.521,0.479,0.015797436500901024,1985.4362386724488,1190.4428245812358,2562.7869320126483,0.9927181193362244,0.5952214122906179,1.2813934660063242,0.3456026642157552,0.10583542754606523,0.8253308522821328
HtHt_6000_2000,HtHt,6000,2000,85,340,1.0,1.4,/eos/uscms/store/user/aji/rootfiles_existingOptimization/HtHt_6000_2000_pt340_ak10_ca14_th85.root,ok,,1000,1000,1.0,0.0,0.215,0.012991343271578963,0.1095,0.6685,0.536,0.536,0.46399999999999997,0.015770351930125083,1985.3050786133522,1062.9186306133672,2510.0040175091103,0.9926525393066761,0.5314593153066836,1.255002008754555,0.3644491223249346,0.07473041078781709,0.8291838683942669
HtHt_6000_2000,HtHt,6000,2000,85,220,0.6,1.4,/eos/uscms/store/user/aji/rootfiles_existingOptimization/HtHt_6000_2000_pt220_ak6_ca14_th85.root,ok,,1000,1000,1.0,0.0,0.192,0.012455360291858283,0.1,0.68,0.553,0.553,0.44699999999999995,0.01572230899073034,1825.986915578274,986.7811730987801,2350.836722336886,0.912993457789137,0.49339058654939005,1.175418361168443,0.37351186298235917,0.0873379083022755,0.8292125172034455
HtHt_6000_2000,HtHt,6000,2000,85,100,0.4,1.6,/eos/uscms/store/user/aji/rootfiles_existingOptimization/HtHt_6000_2000_pt100_ak4_ca16_th85.root,ok,,1000,1000,1.0,0.0,0.135,0.010806248192596726,0.068,0.671,0.527,0.527,0.473,0.01578831846651188,1784.8996461452382,1161.5565169038628,2396.9609225770228,0.8924498230726191,0.5807782584519314,1.1984804612885114,0.3460711105919045,0.11695035817413894,0.8298261282846425
HtHt_6000_2000,HtHt,6000,2000,85,320,0.6,1.0,/eos/uscms/store/user/aji/rootfiles_existingOptimization/HtHt_6000_2000_pt320_ak6_ca10_th85.root,ok,,1000,1000,1.0,0.0,0.294,0.014407081592050487,0.159,0.728,0.587,0.587,0.41300000000000003,0.015570195888298902,1799.6778740678883,629.0738394143148,2095.610127988957,0.8998389370339441,0.31453691970715736,1.0478050639944785,0.40744410700003997,0.07196751430315869,0.8304602132966457
HtHt_6000_2000,HtHt,6000,2000,85,160,0.4,1.4,/eos/uscms/store/user/aji/rootfiles_existingOptimization/HtHt_6000_2000_pt160_ak4_ca14_th85.root,ok,,1000,1000,1.0,0.0,0.188,0.012355403676124872,0.096,0.681,0.536,0.536,0.46399999999999997,0.015770351930125083,1738.9919397466172,1023.3264600968529,2261.008749818006,0.8694959698733086,0.5116632300484265,1.1305043749090031,0.35586199723889805,0.09868915363743043,0.8329124002515671
HtHt_6000_2000,HtHt,6000,2000,85,280,1.2,1.6,/eos/uscms/store/user/aji/rootfiles_existingOptimization/HtHt_6000_2000_pt280_ak12_ca16_th85.root,ok,,1000,1000,1.0,0.0,0.13,0.010634848376916336,0.065,0.6335,0.501,0.501,0.499,0.015811356678033673,2105.5837423003945,1337.9845793716497,2726.738969968424,1.0527918711501973,0.6689922896858249,1.363369484984212,0.3297789498221359,0.09315437521363093,0.8340581369371556
HtHt_6000_2000,HtHt,6000,2000,85,360,0.6,0.6,/eos/uscms/store/user/aji/rootfiles_existingOptimization/HtHt_6000_2000_pt360_ak6_ca6_th85.root,ok,,1000,1000,1.0,0.0,0.295,0.01442133835675455,0.165,0.7595,0.616,0.616,0.384,0.015379986996093333,1793.082651993455,437.8653555930469,2015.419693008266,0.8965413259967275,0.21893267779652345,1.007709846504133,0.43990006140023075,0.06017367527363389,0.8342459288005579
HtHt_6000_2000,HtHt,6000,2000,85,260,0.4,0.6,/eos/uscms/store/user/aji/rootfiles_existingOptimization/HtHt_6000_2000_pt260_ak4_ca6_th85.root,ok,,1000,1000,1.0,0.0,0.287,0.01430492922037715,0.159,0.7255,0.569,0.569,0.43100000000000005,0.015660108556456435,1674.902158391968,644.7048569941264,1941.9513813818405,0.837451079195984,0.3223524284970632,0.9709756906909203,0.3872603894764719,0.07615457576272079,0.8345152815568735
HtHt_6000_2000,HtHt,6000,2000,85,340,1.2,1.4,/eos/uscms/store/user/aji/rootfiles_existingOptimization/HtHt_6000_2000_pt340_ak12_ca14_th85.root,ok,,1000,1000,1.0,0.0,0.156,0.011474493452871897,0.079,0.646,0.521,0.521,0.479,0.015797436500901024,2099.5354729256833,1162.661096576237,2637.26402966749,1.0497677364628415,0.5813305482881186,1.3186320148337451,0.35117361723743773,0.06840531219989701,0.8351503908837219
HtHt_6000_2000,HtHt,6000,2000,85,380,1.0,1.2,/eos/uscms/store/user/aji/rootfiles_existingOptimization/HtHt_6000_2000_pt380_ak10_ca12_th85.root,ok,,1000,1000,1.0,0.0,0.252,0.013729384545565033,0.131,0.6995,0.568,0.568,0.43200000000000005,0.01566448211719749,1970.6644763941895,776.6671871268616,2369.23257856047,0.9853322381970948,0.38833359356343083,1.184616289280235,0.4040681228363121,0.06420017365574626,0.8375348990166027
HtHt_6000_2000,HtHt,6000,2000,85,300,0.6,1.2,/eos/uscms/store/user/aji/rootfiles_existingOptimization/HtHt_6000_2000_pt300_ak6_ca12_th85.root,ok,,1000,1000,1.0,0.0,0.273,0.014087973594523805,0.147,0.707,0.57,0.57,0.43000000000000005,0.015655669899432602,1801.2378847252894,722.6444635201942,2160.8097035710975,0.9006189423626447,0.36132223176009715,1.080404851785549,0.399215798270377,0.07819021819380259,0.8391539040341126
HtHt_6000_2000,HtHt,6000,2000,85,160,1.2,1.6,/eos/uscms/store/user/aji/rootfiles_existingOptimization/HtHt_6000_2000_pt160_ak12_ca16_th85.root,ok,,1000,1000,1.0,0.0,0.069,0.008014923580421713,0.0345,0.5965,0.481,0.481,0.519,0.01579996835439869,2181.7596261896174,1698.2996386469529,3056.151903340116,1.0908798130948087,0.8491498193234766,1.528075951670058,0.31118282884916476,0.07365958298155026,0.8392708101586457
HtHt_6000_2000,HtHt,6000,2000,85,300,1.2,1.6,/eos/uscms/store/user/aji/rootfiles_existingOptimization/HtHt_6000_2000_pt300_ak12_ca16_th85.root,ok,,1000,1000,1.0,0.0,0.141,0.011005407761641547,0.0705,0.635,0.499,0.499,0.501,0.015811356678033673,2101.102702027709,1297.7200479521275,2704.319963258974,1.0505513510138544,0.6488600239760637,1.3521599816294871,0.3347289768247361,0.09580625000833914,0.8407841119261216
HtHt_6000_2000,HtHt,6000,2000,85,140,1.2,1.2,/eos/uscms/store/user/aji/rootfiles_existingOptimization/HtHt_6000_2000_pt140_ak12_ca12_th85.root,ok,,1000,1000,1.0,0.0,0.035,0.005811626278418116,0.0175,0.585,0.521,0.521,0.479,0.015797436500901024,2272.167364254073,1901.200416101329,3487.9670286496216,1.1360836821270366,0.9506002080506645,1.7439835143248108,0.34917467733923074,0.040536880652015994,0.8417830455519344
HtHt_6000_2000,HtHt,6000,2000,85,160,0.6,1.6,/eos/uscms/store/user/aji/rootfiles_existingOptimization/HtHt_6000_2000_pt160_ak6_ca16_th85.root,ok,,1000,1000,1.0,0.0,0.155,0.011444430960078356,0.078,0.66,0.523,0.523,0.477,0.01579465099329517,1836.722458383374,1127.4427272667212,2442.227144280031,0.9183612291916871,0.5637213636333607,1.2211135721400155,0.35791592001617434,0.12304040204664844,0.8430797970970056
HtHt_6000_2000,HtHt,6000,2000,85,220,0.8,1.6,/eos/uscms/store/user/aji/rootfiles_existingOptimization/HtHt_6000_2000_pt220_ak8_ca16_th85.root,ok,,1000,1000,1.0,0.0,0.163,0.011680368144883106,0.0815,0.6495,0.526,0.526,0.474,0.01578999683343857,1908.1376148281224,1150.4663738291042,2556.813592326305,0.9540688074140613,0.575233186914552,1.2784067961631524,0.36851304842179294,0.11428973351857485,0.8471061676803868
HtHt_6000_2000,HtHt,6000,2000,85,320,0.8,1.4,/eos/uscms/store/user/aji/rootfiles_existingOptimization/HtHt_6000_2000_pt320_ak8_ca14_th85.root,ok,,1000,1000,1.0,0.0,0.24,0.013505554412907307,0.1235,0.669,0.537,0.537,0.46299999999999997,0.015768037290671277,1889.2879370663286,951.592578048298,2384.8815559639474,0.9446439685331645,0.47579628902414906,1.192440777981974,0.3793198881429501,0.08624499874597558,0.8478554912896337
HtHt_6000_2000,HtHt,6000,2000,85,400,1.4,1.2,/eos/uscms/store/user/aji/rootfiles_existingOptimization/HtHt_6000_2000_pt400_ak14_ca12_th85.root,ok,,1000,1000,1.0,0.0,0.062,0.007626008130076967,0.032,0.6145,0.491,0.491,0.509,0.015808826648426505,2197.813324615705,1269.9214320954995,2718.7992016897824,1.0989066623078525,0.6349607160477498,1.3593996008448912,0.32961802382548205,0.053797925683370953,0.8485086900562673
HtHt_6000_2000,HtHt,6000,2000,85,400,1.0,1.0,/eos/uscms/store/user/aji/rootfiles_existingOptimization/HtHt_6000_2000_pt400_ak10_ca10_th85.root,ok,,1000,1000,1.0,0.0,0.267,0.013989674763910703,0.142,0.7075,0.57,0.57,0.43000000000000005,0.015655669899432602,1969.4461846050158,684.2213589412478,2331.0900369399114,0.9847230923025079,0.3421106794706239,1.1655450184699556,0.41810451356124584,0.06041130136927766,0.8496322043309952
HtHt_6000_2000,HtHt,6000,2000,85,360,1.0,1.4,/eos/uscms/store/user/aji/rootfiles_existingOptimization/HtHt_6000_2000_pt360_ak10_ca14_th85.root,ok,,1000,1000,1.0,0.0,0.232,0.013348258313353095,0.119,0.665,0.532,0.532,0.46799999999999997,0.01577897335063343,1976.6896068067426,953.6243426291094,2462.4507214414216,0.9883448034033714,0.47681217131455467,1.2312253607207109,0.38165485709457353,0.07543840101645355,0.8508203767542364
HtHt_6000_2000,HtHt,6000,2000,85,120,1.0,1.6,/eos/uscms/store/user/aji/rootfiles_existingOptimization/HtHt_6000_2000_pt120_ak10_ca16_th85.root,ok,,1000,1000,1.0,0.0,0.06,0.007509993342207435,0.03,0.6015,0.488,0.488,0.512,0.01580683396509244,2109.9384484993716,1653.8856063546928,3065.1940451241785,1.0549692242496858,0.8269428031773463,1.532597022562089,0.33444303547651716,0.07956686099672122,0.8519399579014857
HtHt_6000_2000,HtHt,6000,2000,85,400,0.8,0.8,/eos/uscms/store/user/aji/rootfiles_existingOptimization/HtHt_6000_2000_pt400_ak8_ca8_th85.root,ok,,1000,1000,1.0,0.0,0.304,0.014545927265045703,0.166,0.7315,0.593,0.593,0.40700000000000003,0.015535475531827148,1877.6480281501858,512.4104554616482,2160.9232667753836,0.9388240140750929,0.2562052277308241,1.0804616333876917,0.43898344806875517,0.06010486986562307,0.852101046661246
HtHt_6000_2000,HtHt,6000,2000,85,240,0.8,1.6,/eos/uscms/store/user/aji/rootfiles_existingOptimization/HtHt_6000_2000_pt240_ak8_ca16_th85.root,ok,,1000,1000,1.0,0.0,0.18,0.012149074038789953,0.09,0.646,0.521,0.521,0.479,0.015797436500901024,1897.7311145095096,1112.2524620842069,2526.0371602486957,0.9488655572547547,0.5561262310421035,1.2630185801243479,0.3724934178912637,0.12117567912259686,0.8566068621657883
HtHt_6000_2000,HtHt,6000,2000,85,380,1.2,1.2,/eos/uscms/store/user/aji/rootfiles_existingOptimization/HtHt_6000_2000_pt380_ak12_ca12_th85.root,ok,,1000,1000,1.0,0.0,0.177,0.012069424178476784,0.0905,0.6515,0.529,0.529,0.471,0.01578477114183161,2084.100768821634,1001.2643295693588,2596.1571763395295,1.042050384410817,0.5006321647846794,1.2980785881697647,0.3826333329534576,0.06186845954297371,0.8578383713945392
HtHt_6000_2000,HtHt,6000,2000,85,320,1.2,1.6,/eos/uscms/store/user/aji/rootfiles_existingOptimization/HtHt_6000_2000_pt320_ak12_ca16_th85.root,ok,,1000,1000,1.0,0.0,0.15,0.011291589790636216,0.075,0.6345,0.495,0.495,0.505,0.01581059771166163,2093.9508610852427,1213.6859152192476,2679.9491251780305,1.0469754305426213,0.6068429576096238,1.3399745625890152,0.35011882017108437,0.09829924385059288,0.8598163632253466
HtHt_6000_2000,HtHt,6000,2000,85,120,0.4,1.6,/eos/uscms/store/user/aji/rootfiles_existingOptimization/HtHt_6000_2000_pt120_ak4_ca16_th85.root,ok,,1000,1000,1.0,0.0,0.148,0.011229247525992114,0.0745,0.658,0.504,0.504,0.496,0.01581088232832058,1761.034639454645,1111.822970075233,2353.693769407972,0.8805173197273226,0.5559114850376164,1.1768468847039861,0.35259692555432076,0.12833087165161414,0.8605451935815885
HtHt_6000_2000,HtHt,6000,2000,85,340,0.6,1.0,/eos/uscms/store/user/aji/rootfiles_existingOptimization/HtHt_6000_2000_pt340_ak6_ca10_th85.root,ok,,1000,1000,1.0,0.0,0.308,0.014599178059055242,0.168,0.7245,0.58,0.58,0.42000000000000004,0.015607690412101338,1794.6958252624136,509.4728671903419,2061.7123538557166,0.8973479126312067,0.25473643359517095,1.0308561769278581,0.43245196896761373,0.07181009737126394,0.8627171777044931
HtHt_6000_2000,HtHt,6000,2000,85,320,1.0,1.6,/eos/uscms/store/user/aji/rootfiles_existingOptimization/HtHt_6000_2000_pt320_ak10_ca16_th85.root,ok,,1000,1000,1.0,0.0,0.206,0.0127892142057282,0.104,0.6465,0.505,0.505,0.495,0.01581059771166163,1977.1096429455815,1091.6434933834173,2550.6047531459103,0.9885548214727908,0.5458217466917087,1.2753023765729552,0.368963164225144,0.12009727385421735,0.8651076820778649
HtHt_6000_2000,HtHt,6000,2000,85,180,0.6,1.6,/eos/uscms/store/user/aji/rootfiles_existingOptimization/HtHt_6000_2000_pt180_ak6_ca16_th85.root,ok,,1000,1000,1.0,0.0,0.175,0.012015614840697915,0.0885,0.6525,0.514,0.514,0.486,0.015805189021330938,1829.8729841771926,1057.9800859542572,2418.7286592899695,0.9149364920885963,0.5289900429771286,1.2093643296449847,0.3718150344592296,0.13324146177026552,0.86632138525037
HtHt_6000_2000,HtHt,6000,2000,85,240,0.6,1.4,/eos/uscms/store/user/aji/rootfiles_existingOptimization/HtHt_6000_2000_pt240_ak6_ca14_th85.root,ok,,1000,1000,1.0,0.0,0.222,0.013142145943490356,0.116,0.668,0.531,0.531,0.469,0.01578096955196353,1813.5585889608146,889.9011733986262,2303.342497163979,0.9067792944804074,0.44495058669931303,1.1516712485819893,0.38968725145385763,0.0969698192746017,0.8680093220058169
HtHt_6000_2000,HtHt,6000,2000,85,180,1.4,1.4,/eos/uscms/store/user/aji/rootfiles_existingOptimization/HtHt_6000_2000_pt180_ak14_ca14_th85.root,ok,,1000,1000,1.0,0.0,0.038,0.006046155803483731,0.019,0.5405,0.451,0.451,0.5489999999999999,0.015735278834517044,2363.552933361034,1895.974406528168,3341.0653621389147,1.1817764666805168,0.947987203264084,1.6705326810694574,0.30570310806532053,0.05247555832296202,0.8728807547333721
HtHt_6000_2000,HtHt,6000,2000,85,300,1.4,1.4,/eos/uscms/store/user/aji/rootfiles_existingOptimization/HtHt_6000_2000_pt300_ak14_ca14_th85.root,ok,,1000,1000,1.0,0.0,0.068,0.007960904471226871,0.034,0.584,0.47,0.47,0.53,0.015782902141241326,2271.2406593939268,1370.6433507193276,2866.9989431570225,1.1356203296969634,0.6853216753596638,1.4334994715785112,0.32941370308970086,0.06767904708301149,0.8729757360593973
HtHt_6000_2000,HtHt,6000,2000,85,360,0.6,0.8,/eos/uscms/store/user/aji/rootfiles_existingOptimization/HtHt_6000_2000_pt360_ak6_ca8_th85.root,ok,,1000,1000,1.0,0.0,0.315,0.01468928180681411,0.175,0.743,0.598,0.598,0.402,0.015504708962118573,1794.3091142238575,372.6660673952084,2030.1770965642947,0.8971545571119287,0.1863330336976042,1.0150885482821472,0.4618800116517425,0.06426871767927109,0.8741645559405496
HtHt_6000_2000,HtHt,6000,2000,85,360,1.2,1.4,/eos/uscms/store/user/aji/rootfiles_existingOptimization/HtHt_6000_2000_pt360_ak12_ca14_th85.root,ok,,1000,1000,1.0,0.0,0.174,0.011988494484296182,0.089,0.6365,0.508,0.508,0.492,0.015809364313595912,2088.274508523482,1030.7482585928951,2615.8060099130385,1.044137254261741,0.5153741292964475,1.3079030049565192,0.3795137432484537,0.07296616806113619,0.8759274686746279
HtHt_6000_2000,HtHt,6000,2000,85,260,0.8,1.6,/eos/uscms/store/user/aji/rootfiles_existingOptimization/HtHt_6000_2000_pt260_ak8_ca16_th85.root,ok,,1000,1000,1.0,0.0,0.199,0.012625331678811452,0.1005,0.645,0.512,0.512,0.488,0.01580683396509244,1891.5564964306338,1042.7685302153798,2490.7576796728345,0.945778248215317,0.5213842651076899,1.2453788398364172,0.3827507008619117,0.13485076566149345,0.87617287604038
HtHt_6000_2000,HtHt,6000,2000,85,100,1.0,1.0,/eos/uscms/store/user/aji/rootfiles_existingOptimization/HtHt_6000_2000_pt100_ak10_ca10_th85.root,ok,,1000,1000,1.0,0.0,0.019,0.004317290817167636,0.0095,0.591,0.535,0.535,0.46499999999999997,0.015772602828956293,2325.655233728072,1880.2131847449104,3719.0632512930424,1.162827616864036,0.9401065923724552,1.859531625646521,0.39534021205723135,0.029056725429779023,0.8766229737436348
HtHt_6000_2000,HtHt,6000,2000,85,200,1.4,1.6,/eos/uscms/store/user/aji/rootfiles_existingOptimization/HtHt_6000_2000_pt200_ak14_ca16_th85.root,ok,,1000,1000,1.0,0.0,0.057,0.007331507348424334,0.0285,0.5585,0.44,0.44,0.56,0.015697133496278867,2303.488234365958,1732.5003020977183,3122.420523352152,1.151744117182979,0.8662501510488592,1.561210261676076,0.3016990059940578,0.08189820364857052,0.8768734177123558
HtHt_6000_2000,HtHt,6000,2000,85,240,1.4,1.6,/eos/uscms/store/user/aji/rootfiles_existingOptimization/HtHt_6000_2000_pt240_ak14_ca16_th85.root,ok,,1000,1000,1.0,0.0,0.064,0.007739767438366608,0.032,0.5795,0.443,0.443,0.5569999999999999,0.015708309902723462,2271.2851802100213,1556.8556172978244,2951.705800129946,1.135642590105011,0.7784278086489123,1.475852900064973,0.30706187734275225,0.08899308353686103,0.8776261363532533
HtHt_6000_2000,HtHt,6000,2000,85,340,0.8,1.4,/eos/uscms/store/user/aji/rootfiles_existingOptimization/HtHt_6000_2000_pt340_ak8_ca14_th85.root,ok,,1000,1000,1.0,0.0,0.263,0.013922320208930694,0.136,0.662,0.525,0.525,0.475,0.015791611697353755,1881.9614670891801,838.0244530598526,2338.3560831176387,0.94098073354459,0.41901222652992626,1.1691780415588195,0.39860848808406835,0.09270833258650678,0.8795104147296093
HtHt_6000_2000,HtHt,6000,2000,85,380,0.8,1.2,/eos/uscms/store/user/aji/rootfiles_existingOptimization/HtHt_6000_2000_pt380_ak8_ca12_th85.root,ok,,1000,1000,1.0,0.0,0.299,0.014477534320456644,0.158,0.697,0.552,0.552,0.44799999999999995,0.015725647840391186,1877.4995644589196,608.3381550790914,2215.845302868406,0.9387497822294598,0.3041690775395457,1.107922651434203,0.42809787501937063,0.07300283150622783,0.8822228967964246
HtHt_6000_2000,HtHt,6000,2000,85,180,0.4,1.4,/eos/uscms/store/user/aji/rootfiles_existingOptimization/HtHt_6000_2000_pt180_ak4_ca14_th85.root,ok,,1000,1000,1.0,0.0,0.215,0.012991343271578963,0.11,0.666,0.511,0.511,0.489,0.015807561481771943,1724.6125316725843,910.8177794545229,2229.7267628250484,0.8623062658362921,0.45540888972726146,1.1148633814125242,0.3823783485126962,0.10735565614364281,0.8851477219290669
HtHt_6000_2000,HtHt,6000,2000,85,280,0.4,0.4,/eos/uscms/store/user/aji/rootfiles_existingOptimization/HtHt_6000_2000_pt280_ak4_ca4_th85.root,ok,,1000,1000,1.0,0.0,0.287,0.01430492922037715,0.164,0.7195,0.559,0.559,0.44099999999999995,0.015700923539715746,1666.6292230908016,496.17232561804735,1921.3558144781648,0.8333146115454009,0.24808616280902368,0.9606779072390824,0.4275646523877345,0.07359212192187878,0.8852331912331943
HtHt_6000_2000,HtHt,6000,2000,85,400,1.0,1.2,/eos/uscms/store/user/aji/rootfiles_existingOptimization/HtHt_6000_2000_pt400_ak10_ca12_th85.root,ok,,1000,1000,1.0,0.0,0.278,0.01416742743055351,0.1475,0.684,0.545,0.545,0.45499999999999996,0.015747221977225064,1963.2302106274692,668.387483646627,2354.3830967076333,0.9816151053137347,0.33419374182331346,1.1771915483538167,0.42939325300066167,0.06925384054997069,0.8862317424692882
HtHt_6000_2000,HtHt,6000,2000,85,280,0.8,1.6,/eos/uscms/store/user/aji/rootfiles_existingOptimization/HtHt_6000_2000_pt280_ak8_ca16_th85.root,ok,,1000,1000,1.0,0.0,0.217,0.013034991369387246,0.1105,0.642,0.503,0.503,0.497,0.01581110369329099,1885.7802362687887,1015.8576045383538,2472.729424221669,0.9428901181343943,0.5079288022691769,1.2363647121108345,0.38627826076008914,0.1456626341616558,0.8889892489466498
HtHt_6000_2000,HtHt,6000,2000,85,220,1.4,1.6,/eos/uscms/store/user/aji/rootfiles_existingOptimization/HtHt_6000_2000_pt220_ak14_ca16_th85.root,ok,,1000,1000,1.0,0.0,0.061,0.0075682891065286355,0.0305,0.57,0.439,0.439,0.5609999999999999,0.015693278816104682,2286.087416835978,1608.9599366200744,3047.693934620283,1.1430437084179892,0.8044799683100372,1.5238469673101416,0.31467169352418395,0.08410080381324891,0.8899760643659829
HtHt_6000_2000,HtHt,6000,2000,85,320,0.6,1.2,/eos/uscms/store/user/aji/rootfiles_existingOptimization/HtHt_6000_2000_pt320_ak6_ca12_th85.root,ok,,1000,1000,1.0,0.0,0.3,0.014491376746189439,0.162,0.6935,0.547,0.547,0.45299999999999996,0.015741378592740853,1794.9779812751517,589.9995592602812,2122.7474694435446,0.8974889906375759,0.29499977963014057,1.0613737347217724,0.42695451592514805,0.08300869701831126,0.8902056168613904
HtHt_6000_2000,HtHt,6000,2000,85,320,1.4,1.4,/eos/uscms/store/user/aji/rootfiles_existingOptimization/HtHt_6000_2000_pt320_ak14_ca14_th85.root,ok,,1000,1000,1.0,0.0,0.072,0.008174105455644672,0.036,0.578,0.462,0.462,0.538,0.015765658882520576,2259.9013432792462,1328.9130159972403,2862.111987141429,1.129950671639623,0.6644565079986201,1.4310559935707143,0.339218120229848,0.06976365541742924,0.8902131873938103
HtHt_6000_2000,HtHt,6000,2000,85,140,1.2,1.4,/eos/uscms/store/user/aji/rootfiles_existingOptimization/HtHt_6000_2000_pt140_ak12_ca14_th85.root,ok,,1000,1000,1.0,0.0,0.041,0.006270486424512854,0.0205,0.561,0.483,0.483,0.517,0.01580224667571039,2268.51706415258,1870.1988127239945,3502.5753305559724,1.1342585320762901,0.9350994063619973,1.751287665277986,0.3597893407166771,0.04968997793273584,0.8902151939243061
HtHt_6000_2000,HtHt,6000,2000,85,260,0.6,1.4,/eos/uscms/store/user/aji/rootfiles_existingOptimization/HtHt_6000_2000_pt260_ak6_ca14_th85.root,ok,,1000,1000,1.0,0.0,0.242,0.013543854695026818,0.1275,0.663,0.521,0.521,0.479,0.015797436500901024,1809.1401702900994,812.2094118834038,2266.74174196364,0.9045700851450496,0.40610470594170195,1.13337087098182,0.4019954766266118,0.09982820669500936,0.8905384681121068
HtHt_6000_2000,HtHt,6000,2000,85,400,0.8,1.0,/eos/uscms/store/user/aji/rootfiles_existingOptimization/HtHt_6000_2000_pt400_ak8_ca10_th85.root,ok,,1000,1000,1.0,0.0,0.321,0.0147634345597493,0.1745,0.7145,0.57,0.57,0.43000000000000005,0.015655669899432602,1876.752986088996,447.45999160584677,2161.2698287984413,0.938376493044498,0.2237299958029234,1.0806349143992209,0.45658907962204404,0.06579789244655912,0.8927514303175943
HtHt_6000_2000,HtHt,6000,2000,85,260,1.4,1.6,/eos/uscms/store/user/aji/rootfiles_existingOptimization/HtHt_6000_2000_pt260_ak14_ca16_th85.root,ok,,1000,1000,1.0,0.0,0.073,0.008226238508577295,0.0365,0.579,0.442,0.442,0.558,0.01570464899321217,2260.0564822954107,1460.3130512177004,2922.5352854309676,1.1300282411477052,0.7301565256088501,1.4612676427154838,0.3234924095189364,0.09060050743486445,0.8944952336337069
HtHt_6000_2000,HtHt,6000,2000,85,380,0.6,0.6,/eos/uscms/store/user/aji/rootfiles_existingOptimization/HtHt_6000_2000_pt380_ak6_ca6_th85.root,ok,,1000,1000,1.0,0.0,0.322,0.014775520295407536,0.1825,0.742,0.591,0.591,0.40900000000000003,0.015547314880711718,1786.916634767662,297.64180329303684,2005.656863162777,0.8934583173838309,0.14882090164651843,1.0028284315813885,0.4779224242019045,0.06507312486193928,0.8975765924635215
HtHt_6000_2000,HtHt,6000,2000,85,240,0.4,1.0,/eos/uscms/store/user/aji/rootfiles_existingOptimization/HtHt_6000_2000_pt240_ak4_ca10_th85.root,ok,,1000,1000,1.0,0.0,0.301,0.014505137021069467,0.1625,0.6985,0.541,0.541,0.45899999999999996,0.015758140753274162,1682.5501613343285,572.9851612035002,2015.422374257276,0.8412750806671643,0.2864925806017501,1.007711187128638,0.428646124853082,0.09124460960707637,0.9035186167863656
HtHt_6000_2000,HtHt,6000,2000,85,340,1.2,1.6,/eos/uscms/store/user/aji/rootfiles_existingOptimization/HtHt_6000_2000_pt340_ak12_ca16_th85.root,ok,,1000,1000,1.0,0.0,0.173,0.011961229033840962,0.0875,0.6245,0.476,0.476,0.524,0.01579316307773715,2084.391566148279,1096.9394167305636,2663.1824517420555,1.0421957830741393,0.5484697083652817,1.3315912258710276,0.3757074871267429,0.11184547437749776,0.9039270654341569
HtHt_6000_2000,HtHt,6000,2000,85,220,0.4,1.2,/eos/uscms/store/user/aji/rootfiles_existingOptimization/HtHt_6000_2000_pt220_ak4_ca12_th85.root,ok,,1000,1000,1.0,0.0,0.272,0.014071815803228808,0.1455,0.683,0.524,0.524,0.476,0.01579316307773715,1690.7917435852178,688.7372506811421,2085.955703816299,0.8453958717926089,0.34436862534057106,1.0429778519081494,0.41318466879085963,0.09735884825490533,0.9046450816115987
HtHt_6000_2000,HtHt,6000,2000,85,340,1.0,1.6,/eos/uscms/store/user/aji/rootfiles_existingOptimization/HtHt_6000_2000_pt340_ak10_ca16_th85.root,ok,,1000,1000,1.0,0.0,0.23,0.013307892395116516,0.117,0.6385,0.488,0.488,0.512,0.01580683396509244,1970.5843631330627,987.1787465367295,2529.593950766362,0.9852921815665313,0.4935893732683648,1.2647969753831811,0.3913598506834092,0.14269413279198656,0.9048306325267561
HtHt_6000_2000,HtHt,6000,2000,85,380,1.2,1.4,/eos/uscms/store/user/aji/rootfiles_existingOptimization/HtHt_6000_2000_pt380_ak12_ca14_th85.root,ok,,1000,1000,1.0,0.0,0.187,0.012330085157856777,0.0955,0.6305,0.497,0.497,0.503,0.01581110369329099,2083.1895689095436,952.4829917583625,2610.605522563878,1.0415947844547717,0.47624149587918124,1.305302761281939,0.3979768705527526,0.0775930905345289,0.9051363489982298
HtHt_6000_2000,HtHt,6000,2000,85,140,0.4,1.6,/eos/uscms/store/user/aji/rootfiles_existingOptimization/HtHt_6000_2000_pt140_ak4_ca16_th85.root,ok,,1000,1000,1.0,0.0,0.178,0.012096115078817662,0.0895,0.6455,0.481,0.481,0.519,0.01579996835439869,1737.8348890860757,1032.926515689139,2330.6370925772135,0.8689174445430379,0.5164632578445695,1.1653185462886066,0.37336992859273815,0.14649033726864433,0.9054781841384343
HtHt_6000_2000,HtHt,6000,2000,85,280,1.4,1.6,/eos/uscms/store/user/aji/rootfiles_existingOptimization/HtHt_6000_2000_pt280_ak14_ca16_th85.root,ok,,1000,1000,1.0,0.0,0.078,0.008480330182251162,0.039,0.5785,0.441,0.441,0.5589999999999999,0.015700923539715746,2254.4573641220727,1399.368253364451,2904.3666417037757,1.1272286820610362,0.6996841266822256,1.452183320851888,0.33378284555081816,0.0935522237689651,0.9055057137569217
HtHt_6000_2000,HtHt,6000,2000,85,380,1.0,1.4,/eos/uscms/store/user/aji/rootfiles_existingOptimization/HtHt_6000_2000_pt380_ak10_ca14_th85.root,ok,,1000,1000,1.0,0.0,0.257,0.013818502089589886,0.1335,0.659,0.518,0.518,0.482,0.01580113919943749,1969.0630542361557,751.6300238835789,2421.9042815598427,0.9845315271180779,0.37581501194178946,1.2109521407799213,0.4241291953761737,0.08245034385978708,0.907676042664366
HtHt_6000_2000,HtHt,6000,2000,85,200,0.6,1.6,/eos/uscms/store/user/aji/rootfiles_existingOptimization/HtHt_6000_2000_pt200_ak6_ca16_th85.root,ok,,1000,1000,1.0,0.0,0.191,0.012430567163247218,0.097,0.64,0.495,0.495,0.505,0.01581059771166163,1818.2928664648334,970.7256803078395,2408.4898638558084,0.9091464332324167,0.4853628401539198,1.2042449319279043,0.3953610031873751,0.14980733552983608,0.9094463598641335
HtHt_6000_2000,HtHt,6000,2000,85,400,1.2,1.2,/eos/uscms/store/user/aji/rootfiles_existingOptimization/HtHt_6000_2000_pt400_ak12_ca12_th85.root,ok,,1000,1000,1.0,0.0,0.196,0.012553246592017541,0.102,0.639,0.507,0.507,0.493,0.015809838708854686,2074.668368308581,865.5652341121595,2578.8223671490787,1.0373341841542905,0.43278261705607973,1.2894111835745394,0.4128990346620289,0.06799131803958566,0.909632453077458
HtHt_6000_2000,HtHt,6000,2000,85,300,0.8,1.6,/eos/uscms/store/user/aji/rootfiles_existingOptimization/HtHt_6000_2000_pt300_ak8_ca16_th85.root,ok,,1000,1000,1.0,0.0,0.238,0.01346684818359515,0.122,0.636,0.49,0.49,0.51,0.0158082257068907,1880.3419638659343,953.6557473164926,2452.562814354948,0.9401709819329672,0.47682787365824625,1.226281407177474,0.39857299784895006,0.16512866292619194,0.9145558996556533
HtHt_6000_2000,HtHt,6000,2000,85,360,0.8,1.4,/eos/uscms/store/user/aji/rootfiles_existingOptimization/HtHt_6000_2000_pt360_ak8_ca14_th85.root,ok,,1000,1000,1.0,0.0,0.281,0.014214042352547005,0.146,0.655,0.511,0.511,0.489,0.015807561481771943,1877.8086735538964,731.7180813439809,2312.0529752669054,0.9389043367769482,0.36585904067199043,1.1560264876334525,0.42079230865730843,0.0984546915100738,0.9159018749796136
HtHt_6000_2000,HtHt,6000,2000,85,280,0.6,1.4,/eos/uscms/store/user/aji/rootfiles_existingOptimization/HtHt_6000_2000_pt280_ak6_ca14_th85.root,ok,,1000,1000,1.0,0.0,0.267,0.013989674763910703,0.142,0.6525,0.503,0.503,0.497,0.01581110369329099,1802.2675136469575,740.5146506641634,2229.46555332936,0.9011337568234787,0.37025732533208167,1.1147327766646797,0.41307710741904424,0.1049552835258667,0.9199637317366963
HtHt_6000_2000,HtHt,6000,2000,85,260,0.4,0.8,/eos/uscms/store/user/aji/rootfiles_existingOptimization/HtHt_6000_2000_pt260_ak4_ca8_th85.root,ok,,1000,1000,1.0,0.0,0.317,0.014714312760030624,0.174,0.7025,0.544,0.544,0.45599999999999996,0.01575004761897563,1674.4135437675636,457.87919069241224,1961.0991909422416,0.8372067718837819,0.22893959534620612,0.9805495954711207,0.4488795512449883,0.08558276910611998,0.9211588740566101
HtHt_6000_2000,HtHt,6000,2000,85,340,1.4,1.4,/eos/uscms/store/user/aji/rootfiles_existingOptimization/HtHt_6000_2000_pt340_ak14_ca14_th85.root,ok,,1000,1000,1.0,0.0,0.079,0.008529888627643388,0.0395,0.5705,0.45,0.45,0.55,0.015732132722552274,2247.3071891331365,1227.9273394183235,2842.4939043571744,1.1236535945665682,0.6139636697091617,1.4212469521785873,0.3592224891964247,0.07528196577995014,0.9215878486530815
HtHt_6000_2000,HtHt,6000,2000,85,220,0.6,1.6,/eos/uscms/store/user/aji/rootfiles_existingOptimization/HtHt_6000_2000_pt220_ak6_ca16_th85.root,ok,,1000,1000,1.0,0.0,0.212,0.012925014506761685,0.11,0.635,0.488,0.488,0.512,0.01580683396509244,1808.3276327181607,915.7958015341738,2371.1008715342405,0.9041638163590804,0.4578979007670869,1.1855504357671203,0.4023897671166332,0.15548909446875453,0.9239733854807252
HtHt_6000_2000,HtHt,6000,2000,85,100,1.0,1.2,/eos/uscms/store/user/aji/rootfiles_existingOptimization/HtHt_6000_2000_pt100_ak10_ca12_th85.root,ok,,1000,1000,1.0,0.0,0.023,0.004740358636221525,0.0115,0.57,0.501,0.501,0.499,0.015811356678033673,2327.6597228337846,1867.984993613533,3775.2167887196933,1.1638298614168923,0.9339924968067665,1.8876083943598465,0.4096887050105891,0.036447469150295585,0.9250716911522783
HtHt_6000_2000,HtHt,6000,2000,85,360,0.6,1.0,/eos/uscms/store/user/aji/rootfiles_existingOptimization/HtHt_6000_2000_pt360_ak6_ca10_th85.root,ok,,1000,1000,1.0,0.0,0.327,0.014834790190629594,0.181,0.715,0.564,0.564,0.43600000000000005,0.015681326474504636,1788.9727888691132,330.3958892702407,2042.5756869338747,0.8944863944345567,0.16519794463512033,1.0212878434669375,0.4785371270923513,0.07233626968544248,0.9250884876488956
HtHt_6000_2000,HtHt,6000,2000,85,340,0.6,1.2,/eos/uscms/store/user/aji/rootfiles_existingOptimization/HtHt_6000_2000_pt340_ak6_ca12_th85.root,ok,,1000,1000,1.0,0.0,0.314,0.01467664811869522,0.171,0.687,0.537,0.537,0.46299999999999997,0.015768037290671277,1788.9727888691132,466.69171353970614,2089.97722003891,0.8944863944345567,0.2333458567698531,1.0449886100194552,0.4536920618913809,0.08560452149687607,0.9272434224479251
HtHt_6000_2000,HtHt,6000,2000,85,300,1.4,1.6,/eos/uscms/store/user/aji/rootfiles_existingOptimization/HtHt_6000_2000_pt300_ak14_ca16_th85.root,ok,,1000,1000,1.0,0.0,0.084,0.008771772910877254,0.042,0.5735,0.432,0.432,0.5680000000000001,0.01566448211719749,2243.3474905770354,1322.2173037115995,2880.6507660891248,1.1216737452885175,0.6611086518557998,1.4403253830445624,0.3473455336107257,0.10243130267618664,0.9275129081395774
HtHt_6000_2000,HtHt,6000,2000,85,380,0.6,0.8,/eos/uscms/store/user/aji/rootfiles_existingOptimization/HtHt_6000_2000_pt380_ak6_ca8_th85.root,ok,,1000,1000,1.0,0.0,0.342,0.01500119995200384,0.1925,0.727,0.575,0.575,0.42500000000000004,0.015632498200863484,1787.3895111697045,257.27102923275976,2021.9618738467962,0.8936947555848522,0.1286355146163799,1.0109809369233982,0.4936503301564041,0.07211012612644124,0.929280854597919
HtHt_6000_2000,HtHt,6000,2000,85,360,1.0,1.6,/eos/uscms/store/user/aji/rootfiles_existingOptimization/HtHt_6000_2000_pt360_ak10_ca16_th85.root,ok,,1000,1000,1.0,0.0,0.245,0.013600551459407815,0.1255,0.6325,0.482,0.482,0.518,0.01580113919943749,1961.8575256361362,876.5854495468001,2513.6978379118927,0.9809287628180681,0.43829272477340003,1.2568489189559464,0.41723529027273676,0.1606392142363136,0.93714241399093
HtHt_6000_2000,HtHt,6000,2000,85,360,1.2,1.6,/eos/uscms/store/user/aji/rootfiles_existingOptimization/HtHt_6000_2000_pt360_ak12_ca16_th85.root,ok,,1000,1000,1.0,0.0,0.19,0.012405643876881199,0.097,0.6175,0.466,0.466,0.534,0.01577479001445027,2076.6814347197464,972.4513555110324,2632.799577101155,1.038340717359873,0.4862256777555162,1.3163997885505776,0.3997599713251617,0.12288054333338329,0.937594043061149
HtHt_6000_2000,HtHt,6000,2000,85,400,0.8,1.2,/eos/uscms/store/user/aji/rootfiles_existingOptimization/HtHt_6000_2000_pt400_ak8_ca12_th85.root,ok,,1000,1000,1.0,0.0,0.327,0.014834790190629594,0.1775,0.683,0.534,0.534,0.46599999999999997,0.01577479001445027,1869.6012338469613,440.04020923115957,2183.2632142277566,0.9348006169234807,0.2200201046155798,1.0916316071138783,0.46620182246287784,0.07940256132234685,0.9387217607705297
HtHt_6000_2000,HtHt,6000,2000,85,200,0.4,1.4,/eos/uscms/store/user/aji/rootfiles_existingOptimization/HtHt_6000_2000_pt200_ak4_ca14_th85.root,ok,,1000,1000,1.0,0.0,0.245,0.013600551459407815,0.1295,0.65,0.488,0.488,0.512,0.01580683396509244,1702.8081311602787,787.3039187321067,2190.3934338870513,0.8514040655801393,0.39365195936605335,1.0951967169435257,0.41199283979190654,0.11710099728712539,0.9388524332338926
HtHt_6000_2000,HtHt,6000,2000,85,320,0.8,1.6,/eos/uscms/store/user/aji/rootfiles_existingOptimization/HtHt_6000_2000_pt320_ak8_ca16_th85.root,ok,,1000,1000,1.0,0.0,0.256,0.013800869537822608,0.1315,0.63,0.479,0.479,0.521,0.015797436500901024,1876.2446478443617,891.2511961084646,2439.348470460315,0.938122323922181,0.4456255980542323,1.2196742352301575,0.4125520827282509,0.1790715704184447,0.9397398503360328
HtHt_6000_2000,HtHt,6000,2000,85,400,0.6,0.6,/eos/uscms/store/user/aji/rootfiles_existingOptimization/HtHt_6000_2000_pt400_ak6_ca6_th85.root,ok,,1000,1000,1.0,0.0,0.358,0.01516034300403523,0.206,0.721,0.563,0.563,0.43700000000000006,0.01568537535413163,1780.6274401202722,238.11992435252282,1992.7377613997396,0.8903137200601361,0.1190599621762614,0.9963688806998698,0.4926965061620924,0.07197988512805809,0.9406651341560788
HtHt_6000_2000,HtHt,6000,2000,85,180,1.4,1.6,/eos/uscms/store/user/aji/rootfiles_existingOptimization/HtHt_6000_2000_pt180_ak14_ca16_th85.root,ok,,1000,1000,1.0,0.0,0.051,0.00695693898205238,0.0255,0.5275,0.413,0.413,0.587,0.015570195888298902,2342.375254215198,1796.1552003149347,3381.2144971654807,1.171187627107599,0.8980776001574674,1.6906072485827404,0.3383444420355296,0.07630068903413083,0.9424632047462894
HtHt_6000_2000,HtHt,6000,2000,85,300,0.6,1.4,/eos/uscms/store/user/aji/rootfiles_existingOptimization/HtHt_6000_2000_pt300_ak6_ca14_th85.root,ok,,1000,1000,1.0,0.0,0.283,0.014244683218660919,0.152,0.645,0.493,0.493,0.507,0.015809838708854686,1794.9779812751517,684.2118711771516,2212.458581074469,0.8974889906375759,0.34210593558857577,1.1062292905372344,0.42570068430913316,0.10918537415755034,0.9429517852453755
HtHt_6000_2000,HtHt,6000,2000,85,400,1.0,1.4,/eos/uscms/store/user/aji/rootfiles_existingOptimization/HtHt_6000_2000_pt400_ak10_ca14_th85.root,ok,,1000,1000,1.0,0.0,0.28,0.014198591479439079,0.1485,0.6475,0.5,0.5,0.5,0.015811388300841896,1958.7963364636748,660.029547389654,2399.235857299283,0.9793981682318375,0.330014773694827,1.1996179286496416,0.44394771358657836,0.09640412574243823,0.9460078967633946
HtHt_6000_2000,HtHt,6000,2000,85,160,0.4,1.6,/eos/uscms/store/user/aji/rootfiles_existingOptimization/HtHt_6000_2000_pt160_ak4_ca16_th85.root,ok,,1000,1000,1.0,0.0,0.218,0.0130566458173606,0.111,0.6345,0.463,0.463,0.5369999999999999,0.015768037290671277,1721.6155641390365,909.9729246884187,2275.9952239618883,0.8608077820695181,0.45498646234420936,1.137997611980944,0.39672686740509466,0.17129900631263573,0.9476460891981427
HtHt_6000_2000,HtHt,6000,2000,85,320,1.4,1.6,/eos/uscms/store/user/aji/rootfiles_existingOptimization/HtHt_6000_2000_pt320_ak14_ca16_th85.root,ok,,1000,1000,1.0,0.0,0.088,0.008958571314668427,0.044,0.568,0.425,0.425,0.575,0.015632498200863484,2235.433596628268,1257.2443235958906,2872.318593904965,1.117716798314134,0.6286221617979453,1.4361592969524826,0.3612440720102603,0.10707687809531324,0.9480157518416736
HtHt_6000_2000,HtHt,6000,2000,85,240,1.6,1.4,/eos/uscms/store/user/aji/rootfiles_existingOptimization/HtHt_6000_2000_pt240_ak16_ca14_th85.root,ok,,1000,1000,1.0,0.0,0.017,0.004087909000944126,0.0085,0.4825,0.362,0.362,0.638,0.015197236590906913,2440.6615215728243,1820.0013120465826,3231.299750498009,1.220330760786412,0.9100006560232913,1.6156498752490047,0.2891221142253987,0.05205026202855716,0.9491551903040399
HtHt_6000_2000,HtHt,6000,2000,85,400,1.2,1.4,/eos/uscms/store/user/aji/rootfiles_existingOptimization/HtHt_6000_2000_pt400_ak12_ca14_th85.root,ok,,1000,1000,1.0,0.0,0.206,0.0127892142057282,0.107,0.62,0.478,0.478,0.522,0.015796075461962062,2072.347421546761,835.9895504064534,2600.162005074303,1.0361737107733804,0.41799477520322675,1.3000810025371516,0.4256459212208504,0.08527438514188004,0.9512632922981885
HtHt_6000_2000,HtHt,6000,2000,85,220,1.6,1.4,/eos/uscms/store/user/aji/rootfiles_existingOptimization/HtHt_6000_2000_pt220_ak16_ca14_th85.root,ok,,1000,1000,1.0,0.0,0.017,0.004087909000944126,0.0085,0.47,0.356,0.356,0.644,0.015141466243399283,2466.2674263718764,1896.6502768473424,3308.0371744464696,1.2331337131859383,0.9483251384236713,1.654018587223235,0.28613825137272664,0.049153605047424664,0.9534516226913204
HtHt_6000_2000,HtHt,6000,2000,85,360,1.4,1.4,/eos/uscms/store/user/aji/rootfiles_existingOptimization/HtHt_6000_2000_pt360_ak14_ca14_th85.root,ok,,1000,1000,1.0,0.0,0.087,0.00891240708226459,0.0435,0.5645,0.438,0.438,0.562,0.01568935945155187,2225.274273603083,1123.652830021893,2828.1302284050234,1.1126371368015415,0.5618264150109464,1.4140651142025118,0.38298141910015054,0.08342859658860949,0.9562451327803048
HtHt_6000_2000,HtHt,6000,2000,85,260,1.6,1.4,/eos/uscms/store/user/aji/rootfiles_existingOptimization/HtHt_6000_2000_pt260_ak16_ca14_th85.root,ok,,1000,1000,1.0,0.0,0.019,0.004317290817167636,0.0095,0.4905,0.363,0.363,0.637,0.015206281596761254,2413.5268428321633,1694.1812009317127,3154.1446165230986,1.2067634214160816,0.8470906004658564,1.5770723082615492,0.30245435635557,0.055639652905375245,0.9601306984971782
HtHt_6000_2000,HtHt,6000,2000,85,380,1.2,1.6,/eos/uscms/store/user/aji/rootfiles_existingOptimization/HtHt_6000_2000_pt380_ak12_ca16_th85.root,ok,,1000,1000,1.0,0.0,0.204,0.01274299807737567,0.104,0.6125,0.456,0.456,0.544,0.01575004761897563,2068.103197954238,903.9123797259824,2614.969889777506,1.034051598977119,0.4519561898629912,1.3074849448887529,0.4136779808048498,0.1330461747163162,0.9610831407025617
HtHt_6000_2000,HtHt,6000,2000,85,400,0.6,0.8,/eos/uscms/store/user/aji/rootfiles_existingOptimization/HtHt_6000_2000_pt400_ak6_ca8_th85.root,ok,,1000,1000,1.0,0.0,0.375,0.015309310892394862,0.2145,0.71,0.551,0.551,0.44899999999999995,0.015728922404284407,1780.1641692602575,219.04338630226533,2004.489674029552,0.8900820846301287,0.10952169315113267,1.0022448370147758,0.5014836043097148,0.0789188216278695,0.9614753958467019
HtHt_6000_2000,HtHt,6000,2000,85,140,1.2,1.6,/eos/uscms/store/user/aji/rootfiles_existingOptimization/HtHt_6000_2000_pt140_ak12_ca16_th85.root,ok,,1000,1000,1.0,0.0,0.059,0.007451107300260815,0.0295,0.537,0.437,0.437,0.563,0.01568537535413163,2257.542095305895,1757.981669507603,3510.2936299520525,1.1287710476529478,0.8789908347538016,1.7551468149760263,0.3881017244568838,0.06743190347011649,0.9639788292221785
HtHt_6000_2000,HtHt,6000,2000,85,280,1.6,1.4,/eos/uscms/store/user/aji/rootfiles_existingOptimization/HtHt_6000_2000_pt280_ak16_ca14_th85.root,ok,,1000,1000,1.0,0.0,0.019,0.004317290817167636,0.0095,0.495,0.364,0.364,0.636,0.015215255502291114,2404.2890124171727,1609.3691373724264,3104.317671188882,1.2021445062085863,0.8046845686862133,1.5521588355944411,0.31089201965646723,0.05827048477977624,0.9671064702773258
HtHt_6000_2000,HtHt,6000,2000,85,380,0.8,1.4,/eos/uscms/store/user/aji/rootfiles_existingOptimization/HtHt_6000_2000_pt380_ak8_ca14_th85.root,ok,,1000,1000,1.0,0.0,0.307,0.01458598642533305,0.162,0.647,0.493,0.493,0.507,0.015809838708854686,1873.697778637656,564.8124809346996,2273.409602955685,0.936848889318828,0.2824062404673498,1.1367048014778425,0.4559425595474865,0.1062456804245705,0.9692576706156038
HtHt_6000_2000,HtHt,6000,2000,85,100,1.0,1.4,/eos/uscms/store/user/aji/rootfiles_existingOptimization/HtHt_6000_2000_pt100_ak10_ca14_th85.root,ok,,1000,1000,1.0,0.0,0.027,0.00512552436341883,0.0135,0.545,0.466,0.466,0.534,0.01577479001445027,2320.9802556261393,1835.6652912063234,3783.0372751613527,1.1604901278130697,0.9178326456031617,1.8915186375806763,0.41951498278249666,0.045237649366816346,0.9695639955638037
HtHt_6000_2000,HtHt,6000,2000,85,380,0.6,1.0,/eos/uscms/store/user/aji/rootfiles_existingOptimization/HtHt_6000_2000_pt380_ak6_ca10_th85.root,ok,,1000,1000,1.0,0.0,0.353,0.015112610628213776,0.198,0.6995,0.541,0.541,0.45899999999999996,0.015758140753274162,1783.8098366024244,249.97515425501993,2033.6030835861177,0.8919049183012122,0.12498757712750996,1.016801541793059,0.49994901158531757,0.07906778349314558,0.9697585197551963
HtHt_6000_2000,HtHt,6000,2000,85,240,0.6,1.6,/eos/uscms/store/user/aji/rootfiles_existingOptimization/HtHt_6000_2000_pt240_ak6_ca16_th85.root,ok,,1000,1000,1.0,0.0,0.24,0.013505554412907307,0.125,0.624,0.467,0.467,0.5329999999999999,0.015776913513105152,1795.7445228971387,820.0618588361236,2354.1791753448897,0.8978722614485694,0.41003092941806185,1.1770895876724448,0.42715355579470726,0.19116718064101712,0.9703663296498503
HtHt_6000_2000,HtHt,6000,2000,85,160,1.4,1.2,/eos/uscms/store/user/aji/rootfiles_existingOptimization/HtHt_6000_2000_pt160_ak14_ca12_th85.root,ok,,1000,1000,1.0,0.0,0.017,0.004087909000944126,0.0085,0.5235,0.461,0.461,0.5389999999999999,0.015763216676808068,2435.167598081972,1987.9255158724927,3983.2134959176633,1.2175837990409861,0.9939627579362463,1.9916067479588315,0.4096818596011077,0.025252481766345602,0.9704402395052062
HtHt_6000_2000,HtHt,6000,2000,85,240,0.4,1.2,/eos/uscms/store/user/aji/rootfiles_existingOptimization/HtHt_6000_2000_pt240_ak4_ca12_th85.root,ok,,1000,1000,1.0,0.0,0.312,0.014651143300097777,0.168,0.667,0.499,0.499,0.501,0.015811356678033673,1675.6558447064144,538.9662703601479,2058.831989993232,0.8378279223532072,0.26948313518007394,1.0294159949966162,0.4535136867258606,0.10692901852878708,0.97073089449054
HtHt_6000_2000,HtHt,6000,2000,85,340,0.8,1.6,/eos/uscms/store/user/aji/rootfiles_existingOptimization/HtHt_6000_2000_pt340_ak8_ca16_th85.root,ok,,1000,1000,1.0,0.0,0.28,0.014198591479439079,0.1445,0.622,0.467,0.467,0.5329999999999999,0.015776913513105152,1866.4359441038678,781.7638785166425,2406.1041619132443,0.9332179720519339,0.39088193925832126,1.203052080956622,0.43514493184937464,0.2002623148665748,0.9748231346441811
HtHt_6000_2000,HtHt,6000,2000,85,300,1.6,1.4,/eos/uscms/store/user/aji/rootfiles_existingOptimization/HtHt_6000_2000_pt300_ak16_ca14_th85.root,ok,,1000,1000,1.0,0.0,0.021,0.004534203347888138,0.0105,0.495,0.361,0.361,0.639,0.01518812035770062,2388.3676470750383,1548.8086248732209,3080.863989264295,1.1941838235375193,0.7744043124366105,1.5404319946321474,0.3207327327238199,0.0615247587480386,0.9791511150775718
HtHt_6000_2000,HtHt,6000,2000,85,260,0.4,1.0,/eos/uscms/store/user/aji/rootfiles_existingOptimization/HtHt_6000_2000_pt260_ak4_ca10_th85.root,ok,,1000,1000,1.0,0.0,0.337,0.014947608504372866,0.184,0.6775,0.513,0.513,0.487,0.015806043148112688,1669.6120355365395,387.0126466634207,1978.06667028525,0.8348060177682697,0.19350632333171036,0.989033335142625,0.47647417177084944,0.0961829946493728,0.9799935699940225
HtHt_6000_2000,HtHt,6000,2000,85,340,1.4,1.6,/eos/uscms/store/user/aji/rootfiles_existingOptimization/HtHt_6000_2000_pt340_ak14_ca16_th85.root,ok,,1000,1000,1.0,0.0,0.099,0.009444522221901964,0.0495,0.5625,0.414,0.414,0.5860000000000001,0.015575750383207866,2224.1027523396824,1145.6911053939489,2852.567802316208,1.1120513761698412,0.5728455526969745,1.426283901158104,0.38372253600394174,0.12044041997747684,0.980927673620926
HtHt_6000_2000,HtHt,6000,2000,85,380,1.4,1.4,/eos/uscms/store/user/aji/rootfiles_existingOptimization/HtHt_6000_2000_pt380_ak14_ca14_th85.root,ok,,1000,1000,1.0,0.0,0.096,0.009315793041926168,0.0485,0.5595,0.427,0.427,0.573,0.015641962792437528,2214.8246116973587,1053.275162616968,2814.24721161233,1.1074123058486793,0.5266375813084839,1.407123605806165,0.39754209875016217,0.09249192413461271,0.98128332933503
HtHt_6000_2000,HtHt,6000,2000,85,360,0.6,1.2,/eos/uscms/store/user/aji/rootfiles_existingOptimization/HtHt_6000_2000_pt360_ak6_ca12_th85.root,ok,,1000,1000,1.0,0.0,0.333,0.014903388876359632,0.184,0.6775,0.521,0.521,0.479,0.015797436500901024,1783.8098366024244,311.8111801505558,2071.32103852444,0.8919049183012122,0.1559055900752779,1.0356605192622201,0.49318874194717316,0.08952571956278069,0.982998250117052
HtHt_6000_2000,HtHt,6000,2000,85,280,0.4,0.6,/eos/uscms/store/user/aji/rootfiles_existingOptimization/HtHt_6000_2000_pt280_ak4_ca6_th85.root,ok,,1000,1000,1.0,0.0,0.312,0.014651143300097777,0.1765,0.7085,0.543,0.543,0.45699999999999996,0.015752809273269323,1666.6292230908016,231.27404392072162,1930.1951776460573,0.8333146115454009,0.11563702196036081,0.9650975888230287,0.5096877908376789,0.07884973984991242,0.9833563296831388
HtHt_6000_2000,HtHt,6000,2000,85,320,1.6,1.4,/eos/uscms/store/user/aji/rootfiles_existingOptimization/HtHt_6000_2000_pt320_ak16_ca14_th85.root,ok,,1000,1000,1.0,0.0,0.023,0.004740358636221525,0.0115,0.498,0.363,0.363,0.637,0.015206281596761254,2370.390021116464,1512.3521257096745,3067.754659458256,1.185195010558232,0.7561760628548373,1.533877329729128,0.3280900020444694,0.06386443160396804,0.9836095031002927
HtHt_6000_2000,HtHt,6000,2000,85,380,1.0,1.6,/eos/uscms/store/user/aji/rootfiles_existingOptimization/HtHt_6000_2000_pt380_ak10_ca16_th85.root,ok,,1000,1000,1.0,0.0,0.27,0.014039230748157109,0.14,0.6255,0.466,0.466,0.534,0.01577479001445027,1952.0641146641124,725.3177967736467,2474.577961751429,0.9760320573320561,0.36265889838682336,1.2372889808757146,0.44805397318591,0.1986866264798786,0.9844507674527044
HtHt_6000_2000,HtHt,6000,2000,85,320,0.6,1.4,/eos/uscms/store/user/aji/rootfiles_existingOptimization/HtHt_6000_2000_pt320_ak6_ca14_th85.root,ok,,1000,1000,1.0,0.0,0.309,0.014612289348353324,0.1665,0.6345,0.474,0.474,0.526,0.01578999683343857,1787.6886650053948,558.129404497867,2169.5648208669777,0.8938443325026975,0.2790647022489335,1.0847824104334889,0.4507035950704112,0.12450658740879848,0.9873191618201416
HtHt_6000_2000,HtHt,6000,2000,85,260,0.6,1.6,/eos/uscms/store/user/aji/rootfiles_existingOptimization/HtHt_6000_2000_pt260_ak6_ca16_th85.root,ok,,1000,1000,1.0,0.0,0.259,0.013853483316480371,0.136,0.619,0.457,0.457,0.5429999999999999,0.015752809273269323,1791.9252181431452,759.5433135232901,2331.1023195777457,0.8959626090715727,0.379771656761645,1.1655511597888728,0.43851132573572443,0.21118185064487743,0.9919150648285671
HtHt_6000_2000,HtHt,6000,2000,85,180,0.4,1.6,/eos/uscms/store/user/aji/rootfiles_existingOptimization/HtHt_6000_2000_pt180_ak4_ca16_th85.root,ok,,1000,1000,1.0,0.0,0.24,0.013505554412907307,0.1225,0.6165,0.438,0.438,0.562,0.01568935945155187,1706.6672622672586,830.9973351844977,2258.913576317449,0.8533336311336293,0.41549866759224885,1.1294567881587245,0.4183346902770038,0.19430615382458177,0.9950013271636409
HtHt_6000_2000,HtHt,6000,2000,85,220,0.4,1.4,/eos/uscms/store/user/aji/rootfiles_existingOptimization/HtHt_6000_2000_pt220_ak4_ca14_th85.root,ok,,1000,1000,1.0,0.0,0.281,0.014214042352547005,0.15,0.634,0.462,0.462,0.538,0.015765658882520576,1677.0644208495828,652.2118496371585,2135.427236228752,0.8385322104247914,0.3261059248185792,1.067713618114376,0.442205847358032,0.1296254167284338,0.9963526263155529
HtHt_6000_2000,HtHt,6000,2000,85,400,0.6,1.0,/eos/uscms/store/user/aji/rootfiles_existingOptimization/HtHt_6000_2000_pt400_ak6_ca10_th85.root,ok,,1000,1000,1.0,0.0,0.385,0.015387494922826133,0.2195,0.6855,0.52,0.52,0.48,0.0157987341265052,1776.3930348071012,217.33186458959932,2013.3426613492104,0.8881965174035507,0.10866593229479966,1.0066713306746053,0.5055217965754522,0.08820257569851009,0.996702144835097
HtHt_6000_2000,HtHt,6000,2000,85,340,1.6,1.4,/eos/uscms/store/user/aji/rootfiles_existingOptimization/HtHt_6000_2000_pt340_ak16_ca14_th85.root,ok,,1000,1000,1.0,0.0,0.027,0.00512552436341883,0.0135,0.498,0.358,0.358,0.642,0.01516034300403523,2347.730195477371,1454.563542741396,3046.9342569568175,1.1738650977386855,0.7272817713706982,1.5234671284784087,0.33912983640175903,0.07033282274088987,0.9985163461756277
HtHt_6000_2000,HtHt,6000,2000,85,300,0.4,0.4,/eos/uscms/store/user/aji/rootfiles_existingOptimization/HtHt_6000_2000_pt300_ak4_ca4_th85.root,ok,,1000,1000,1.0,0.0,0.327,0.014834790190629594,0.1885,0.702,0.533,0.533,0.46699999999999997,0.015776913513105152,1658.703974789115,195.34624052784218,1912.1604283069007,0.8293519873945574,0.0976731202639211,0.9560802141534503,0.5175167521972484,0.07884943278814333,1.0015815534577925
HtHt_6000_2000,HtHt,6000,2000,85,400,1.2,1.6,/eos/uscms/store/user/aji/rootfiles_existingOptimization/HtHt_6000_2000_pt400_ak12_ca16_th85.root,ok,,1000,1000,1.0,0.0,0.224,0.013184233007649706,0.116,0.603,0.437,0.437,0.563,0.01568537535413163,2056.428034250069,793.3632408081038,2605.9636729712533,1.0282140171250345,0.39668162040405186,1.3029818364856267,0.44071574642391087,0.16583615491072234,1.0065371481364143
HtHt_6000_2000,HtHt,6000,2000,85,360,1.6,1.4,/eos/uscms/store/user/aji/rootfiles_existingOptimization/HtHt_6000_2000_pt360_ak16_ca14_th85.root,ok,,1000,1000,1.0,0.0,0.03,0.005394441583704471,0.015,0.502,0.358,0.358,0.642,0.01516034300403523,2323.5583550036795,1388.552220782921,3013.7459444102947,1.1617791775018396,0.6942761103914605,1.5068729722051473,0.34972087533923807,0.07397605201310123,1.007898793089422
HtHt_6000_2000,HtHt,6000,2000,85,380,1.6,1.4,/eos/uscms/store/user/aji/rootfiles_existingOptimization/HtHt_6000_2000_pt380_ak16_ca14_th85.root,ok,,1000,1000,1.0,0.0,0.03,0.005394441583704471,0.015,0.5075,0.359,0.359,0.641,0.01516967369457893,2306.720521957689,1365.3627025708417,2990.1068012607443,1.1533602609788445,0.6826813512854208,1.4950534006303722,0.3521761919625616,0.07968160312188467,1.008512218060446
HtHt_6000_2000,HtHt,6000,2000,85,360,1.4,1.6,/eos/uscms/store/user/aji/rootfiles_existingOptimization/HtHt_6000_2000_pt360_ak14_ca16_th85.root,ok,,1000,1000,1.0,0.0,0.109,0.00985489725973843,0.0545,0.557,0.404,0.404,0.596,0.015517216245190372,2206.091312758219,1061.0542901730262,2839.9393863320443,1.1030456563791093,0.530527145086513,1.419969693166022,0.4031757629141207,0.1404162456996697,1.0094803285520317
HtHt_6000_2000,HtHt,6000,2000,85,400,1.4,1.4,/eos/uscms/store/user/aji/rootfiles_existingOptimization/HtHt_6000_2000_pt400_ak14_ca14_th85.root,ok,,1000,1000,1.0,0.0,0.101,0.009528850927577786,0.0515,0.5505,0.409,0.409,0.591,0.015547314880711718,2200.1140006027285,1004.3231266953239,2809.8741318898155,1.1000570003013643,0.502161563347662,1.4049370659449079,0.41033123844942915,0.10215219161136208,1.0113369384795656
HtHt_6000_2000,HtHt,6000,2000,85,280,0.6,1.6,/eos/uscms/store/user/aji/rootfiles_existingOptimization/HtHt_6000_2000_pt280_ak6_ca16_th85.root,ok,,1000,1000,1.0,0.0,0.283,0.014244683218660919,0.15,0.6115,0.441,0.441,0.5589999999999999,0.015700923539715746,1784.0738419574968,702.602744992036,2280.773140944585,0.8920369209787484,0.35130137249601806,1.1403865704722926,0.4422940236097433,0.21950767891398093,1.0120903315118683
HtHt_6000_2000,HtHt,6000,2000,85,200,1.6,1.4,/eos/uscms/store/user/aji/rootfiles_existingOptimization/HtHt_6000_2000_pt200_ak16_ca14_th85.root,ok,,1000,1000,1.0,0.0,0.014,0.003715373467095872,0.007,0.449,0.347,0.347,0.653,0.01505293991218991,2511.4244222697043,1945.7540103639824,3643.447884802779,1.2557122111348522,0.9728770051819912,1.8217239424013896,0.3379942194128428,0.04504356353632381,1.016565440526328
HtHt_6000_2000,HtHt,6000,2000,85,160,1.4,1.4,/eos/uscms/store/user/aji/rootfiles_existingOptimization/HtHt_6000_2000_pt160_ak14_ca14_th85.root,ok,,1000,1000,1.0,0.0,0.034,0.005730968504537431,0.017,0.4935,0.418,0.418,0.5820000000000001,0.015597307459943206,2448.7039279257115,1946.545716578869,3967.445659357842,1.2243519639628557,0.9732728582894344,1.9837228296789209,0.4126468536543065,0.04923964114560744,1.0170820500505922
HtHt_6000_2000,HtHt,6000,2000,85,400,1.0,1.6,/eos/uscms/store/user/aji/rootfiles_existingOptimization/HtHt_6000_2000_pt400_ak10_ca16_th85.root,ok,,1000,1000,1.0,0.0,0.292,0.014378317008607092,0.1545,0.617,0.449,0.449,0.5509999999999999,0.015728922404284407,1939.4739910224753,635.901601662086,2434.3999286138696,0.9697369955112376,0.31795080083104305,1.217199964306935,0.4636562117555466,0.21229755786218474,1.0176825122044226
HtHt_6000_2000,HtHt,6000,2000,85,360,0.8,1.6,/eos/uscms/store/user/aji/rootfiles_existingOptimization/HtHt_6000_2000_pt360_ak8_ca16_th85.root,ok,,1000,1000,1.0,0.0,0.297,0.014449602070645405,0.154,0.6155,0.454,0.454,0.546,0.015744332313566048,1858.0826586794296,650.0988576023623,2379.54140258623,0.9290413293397148,0.3250494288011811,1.189770701293115,0.46538364073991495,0.22237215822610013,1.0184795078059434
HtHt_6000_2000,HtHt,6000,2000,85,380,0.6,1.2,/eos/uscms/store/user/aji/rootfiles_existingOptimization/HtHt_6000_2000_pt380_ak6_ca12_th85.root,ok,,1000,1000,1.0,0.0,0.359,0.01516967369457893,0.201,0.664,0.501,0.501,0.499,0.015811356678033673,1778.9052334467638,243.79647870978314,2057.2923467162486,0.8894526167233818,0.12189823935489157,1.0286461733581242,0.5097224500522379,0.1006635855195259,1.0197771883798996
HtHt_6000_2000,HtHt,6000,2000,85,400,0.8,1.4,/eos/uscms/store/user/aji/rootfiles_existingOptimization/HtHt_6000_2000_pt400_ak8_ca14_th85.root,ok,,1000,1000,1.0,0.0,0.333,0.014903388876359632,0.1805,0.638,0.478,0.478,0.522,0.015796075461962062,1863.5554923142897,409.71882556868115,2243.0669470422504,0.9317777461571448,0.20485941278434056,1.121533473521125,0.49189523173168104,0.11626796144810592,1.0207174571159667
HtHt_6000_2000,HtHt,6000,2000,85,280,0.4,0.8,/eos/uscms/store/user/aji/rootfiles_existingOptimization/HtHt_6000_2000_pt280_ak4_ca8_th85.root,ok,,1000,1000,1.0,0.0,0.343,0.015011695440555674,0.192,0.684,0.517,0.517,0.483,0.01580224667571039,1665.845536593198,209.1490839179534,1949.8999306903409,0.832922768296599,0.10457454195897668,0.9749499653451704,0.5224826697715257,0.08918687507154029,1.0221903929418659
HtHt_6000_2000,HtHt,6000,2000,85,300,0.4,0.6,/eos/uscms/store/user/aji/rootfiles_existingOptimization/HtHt_6000_2000_pt300_ak4_ca6_th85.root,ok,,1000,1000,1.0,0.0,0.351,0.015093011627902497,0.2005,0.6915,0.517,0.517,0.483,0.01580224667571039,1657.5075913570563,178.96702751543987,1913.1307275838196,0.828753795678528,0.08948351375771993,0.9565653637919098,0.5231239087866146,0.09017515623718761,1.0232485292187619
HtHt_6000_2000,HtHt,6000,2000,85,400,1.6,1.4,/eos/uscms/store/user/aji/rootfiles_existingOptimization/HtHt_6000_2000_pt400_ak16_ca14_th85.root,ok,,1000,1000,1.0,0.0,0.031,0.0054807846153630225,0.0155,0.5065,0.352,0.352,0.648,0.015102847413650183,2282.512521173079,1311.3308089601126,2970.041694469476,1.1412562605865397,0.6556654044800563,1.4850208472347382,0.36335197947936826,0.0944065505592954,1.0254776055380224
HtHt_6000_2000,HtHt,6000,2000,85,380,1.4,1.6,/eos/uscms/store/user/aji/rootfiles_existingOptimization/HtHt_6000_2000_pt380_ak14_ca16_th85.root,ok,,1000,1000,1.0,0.0,0.118,0.01020176455325254,0.0595,0.553,0.394,0.394,0.606,0.015451990163082553,2193.6210209801743,1007.3268166937994,2810.7742277735965,1.0968105104900872,0.5036634083468997,1.4053871138867984,0.41106631314874165,0.15192232413518644,1.0267473641977505
HtHt_6000_2000,HtHt,6000,2000,85,320,0.4,0.4,/eos/uscms/store/user/aji/rootfiles_existingOptimization/HtHt_6000_2000_pt320_ak4_ca4_th85.root,ok,,1000,1000,1.0,0.0,0.354,0.015122301412152848,0.2085,0.686,0.513,0.513,0.487,0.015806043148112688,1652.1964013125305,174.361918304333,1905.7589210894264,0.8260982006562653,0.08718095915216649,0.9528794605447132,0.5239682768373193,0.08222360107332319,1.0283584567716928
HtHt_6000_2000,HtHt,6000,2000,85,340,0.6,1.4,/eos/uscms/store/user/aji/rootfiles_existingOptimization/HtHt_6000_2000_pt340_ak6_ca14_th85.root,ok,,1000,1000,1.0,0.0,0.322,0.014775520295407536,0.175,0.6315,0.468,0.468,0.532,0.01577897335063343,1781.8113709491618,388.9005399696389,2133.6313470411687,0.8909056854745809,0.19445026998481943,1.0668156735205843,0.48959469995472094,0.13475294567936275,1.0325041314072627
HtHt_6000_2000,HtHt,6000,2000,85,100,1.0,1.6,/eos/uscms/store/user/aji/rootfiles_existingOptimization/HtHt_6000_2000_pt100_ak10_ca16_th85.root,ok,,1000,1000,1.0,0.0,0.047,0.006692607862410586,0.0235,0.5205,0.422,0.422,0.5780000000000001,0.015617810345883958,2291.787922308958,1747.784780334511,3766.0649493062424,1.1458939611544792,0.8738923901672554,1.8830324746531213,0.4403287383891809,0.06855004320941366,1.032918134504629
HtHt_6000_2000,HtHt,6000,2000,85,400,0.6,1.2,/eos/uscms/store/user/aji/rootfiles_existingOptimization/HtHt_6000_2000_pt400_ak6_ca12_th85.root,ok,,1000,1000,1.0,0.0,0.391,0.015431104950715617,0.2225,0.654,0.483,0.483,0.517,0.01580224667571039,1772.8504013554189,215.71419563326006,2029.6774716786904,0.8864252006777095,0.10785709781663003,1.0148387358393454,0.5115951336499062,0.11251632755586431,1.0399526135821353
HtHt_6000_2000,HtHt,6000,2000,85,320,0.4,0.6,/eos/uscms/store/user/aji/rootfiles_existingOptimization/HtHt_6000_2000_pt320_ak4_ca6_th85.root,ok,,1000,1000,1.0,0.0,0.38,0.015349267083479915,0.2215,0.6765,0.499,0.499,0.501,0.015811356678033673,1651.8197430628388,168.5757811709295,1909.2011850984595,0.8259098715314195,0.08428789058546475,0.9546005925492297,0.526881159774742,0.09135670520120898,1.0452901726216002
HtHt_6000_2000,HtHt,6000,2000,85,340,0.4,0.4,/eos/uscms/store/user/aji/rootfiles_existingOptimization/HtHt_6000_2000_pt340_ak4_ca4_th85.root,ok,,1000,1000,1.0,0.0,0.389,0.015416841440450765,0.23,0.6735,0.496,0.496,0.504,0.01581088232832058,1645.6931679774937,165.25990756876342,1893.2826323903985,0.8228465839887469,0.08262995378438172,0.9466413161951992,0.5250136411957406,0.0904595934830087,1.046728982796866
HtHt_6000_2000,HtHt,6000,2000,85,260,0.4,1.2,/eos/uscms/store/user/aji/rootfiles_existingOptimization/HtHt_6000_2000_pt260_ak4_ca12_th85.root,ok,,1000,1000,1.0,0.0,0.345,0.015032464867745409,0.188,0.648,0.473,0.473,0.527,0.01578831846651188,1661.3582460823395,330.6776473180752,2008.7879135300143,0.8306791230411699,0.16533882365903757,1.004393956765007,0.5050416640026624,0.11691641610456462,1.0489737516985453
HtHt_6000_2000,HtHt,6000,2000,85,300,0.6,1.6,/eos/uscms/store/user/aji/rootfiles_existingOptimization/HtHt_6000_2000_pt300_ak6_ca16_th85.root,ok,,1000,1000,1.0,0.0,0.3,0.014491376746189439,0.1605,0.6045,0.431,0.431,0.569,0.015660108556456435,1777.7951068260222,596.8776260096058,2265.879060206138,0.888897553413011,0.2984388130048029,1.1329395301030691,0.46940207782894516,0.23629190570492775,1.0495123224876441
HtHt_6000_2000,HtHt,6000,2000,85,240,0.4,1.4,/eos/uscms/store/user/aji/rootfiles_existingOptimization/HtHt_6000_2000_pt240_ak4_ca14_th85.root,ok,,1000,1000,1.0,0.0,0.321,0.0147634345597493,0.1725,0.62,0.438,0.438,0.562,0.01568935945155187,1668.4295743822424,513.180721189002,2100.580424129747,0.8342147871911212,0.256590360594501,1.0502902120648736,0.47571672407224636,0.15699182648630555,1.0542952453531342
HtHt_6000_2000,HtHt,6000,2000,85,200,0.4,1.6,/eos/uscms/store/user/aji/rootfiles_existingOptimization/HtHt_6000_2000_pt200_ak4_ca16_th85.root,ok,,1000,1000,1.0,0.0,0.27,0.014039230748157109,0.142,0.6,0.415,0.415,0.585,0.015581238718407468,1675.6218817319036,714.8875393705936,2233.4354995386034,0.8378109408659519,0.3574437696852968,1.1167177497693017,0.4531296638948329,0.22394597812774558,1.0543485698082375
HtHt_6000_2000,HtHt,6000,2000,85,300,0.4,0.8,/eos/uscms/store/user/aji/rootfiles_existingOptimization/HtHt_6000_2000_pt300_ak4_ca8_th85.root,ok,,1000,1000,1.0,0.0,0.379,0.015341414537127925,0.2145,0.669,0.493,0.493,0.507,0.015809838708854686,1656.3059423469858,175.4789478272318,1933.5577107379636,0.828152971173493,0.0877394739136159,0.9667788553689818,0.5307228326487599,0.09756148553609373,1.0549075355314106
HtHt_6000_2000,HtHt,6000,2000,85,400,1.4,1.6,/eos/uscms/store/user/aji/rootfiles_existingOptimization/HtHt_6000_2000_pt400_ak14_ca16_th85.root,ok,,1000,1000,1.0,0.0,0.122,0.010349685985574635,0.062,0.5445,0.376,0.376,0.624,0.015317441039547044,2180.2459076835194,953.986074808632,2797.5774667960113,1.0901229538417598,0.476993037404316,1.3987887333980056,0.42279437046304763,0.1893967004199795,1.0558066658472236
HtHt_6000_2000,HtHt,6000,2000,85,280,0.4,1.0,/eos/uscms/store/user/aji/rootfiles_existingOptimization/HtHt_6000_2000_pt280_ak4_ca10_th85.root,ok,,1000,1000,1.0,0.0,0.362,0.015197236590906913,0.2015,0.662,0.491,0.491,0.509,0.015808826648426505,1659.007288534409,198.30298880771144,1966.2050739421538,0.8295036442672046,0.09915149440385572,0.983102536971077,0.5328192640721405,0.10063654472379627,1.05886889964542
HtHt_6000_2000,HtHt,6000,2000,85,340,0.4,0.6,/eos/uscms/store/user/aji/rootfiles_existingOptimization/HtHt_6000_2000_pt340_ak4_ca6_th85.root,ok,,1000,1000,1.0,0.0,0.414,0.015575750383207868,0.2425,0.665,0.483,0.483,0.517,0.01580224667571039,1645.5064980271136,159.00797676422349,1896.0615009460987,0.8227532490135568,0.07950398838211174,0.9480307504730494,0.5278172788331503,0.10002022518831824,1.0625419539317946
HtHt_6000_2000,HtHt,6000,2000,85,120,1.2,1.0,/eos/uscms/store/user/aji/rootfiles_existingOptimization/HtHt_6000_2000_pt120_ak12_ca10_th85.root,ok,,1000,1000,1.0,0.0,0.016,0.003967870965643918,0.008,0.5325,0.49,0.49,0.51,0.0158082257068907,2409.0697026777534,1953.645458824082,4529.713262850603,1.2045348513388767,0.976822729412041,2.264856631425302,0.5346602884016068,0.015500609094589963,1.0651137735354945
HtHt_6000_2000,HtHt,6000,2000,85,160,1.4,1.6,/eos/uscms/store/user/aji/rootfiles_existingOptimization/HtHt_6000_2000_pt160_ak14_ca16_th85.root,ok,,1000,1000,1.0,0.0,0.046,0.006624499981130651,0.023,0.481,0.383,0.383,0.617,0.015372410351015223,2422.068989648379,1873.8372190136731,3950.993931729592,1.2110344948241893,0.9369186095068365,1.975496965864796,0.4287980073221342,0.06847679916529231,1.0669014568045532
HtHt_6000_2000,HtHt,6000,2000,85,360,0.6,1.4,/eos/uscms/store/user/aji/rootfiles_existingOptimization/HtHt_6000_2000_pt360_ak6_ca14_th85.root,ok,,1000,1000,1.0,0.0,0.341,0.01499063040702425,0.188,0.6235,0.454,0.454,0.546,0.015744332313566048,1776.3930348071012,295.4817702991968,2106.697306346277,0.8881965174035507,0.14774088514959838,1.0533486531731386,0.5098014630089339,0.15949530161434655,1.066981811268579
HtHt_6000_2000,HtHt,6000,2000,85,380,0.8,1.6,/eos/uscms/store/user/aji/rootfiles_existingOptimization/HtHt_6000_2000_pt380_ak8_ca16_th85.root,ok,,1000,1000,1.0,0.0,0.321,0.0147634345597493,0.169,0.608,0.437,0.437,0.563,0.01568537535413163,1850.280047312006,488.8010695387057,2341.813219520772,0.925140023656003,0.24440053476935286,1.170906609760386,0.5007382943663121,0.24413878996696514,1.0712242920007118
HtHt_6000_2000,HtHt,6000,2000,85,320,0.4,0.8,/eos/uscms/store/user/aji/rootfiles_existingOptimization/HtHt_6000_2000_pt320_ak4_ca8_th85.root,ok,,1000,1000,1.0,0.0,0.406,0.015529455882290275,0.2345,0.655,0.476,0.476,0.524,0.01579316307773715,1649.8872789037898,165.85232248959193,1917.837624849866,0.824943639451895,0.08292616124479597,0.9589188124249329,0.5309409087402381,0.10223628302264101,1.0724465447950486
HtHt_6000_2000,HtHt,6000,2000,85,360,0.4,0.4,/eos/uscms/store/user/aji/rootfiles_existingOptimization/HtHt_6000_2000_pt360_ak4_ca4_th85.root,ok,,1000,1000,1.0,0.0,0.417,0.015592017188292218,0.2485,0.6565,0.474,0.474,0.526,0.01578999683343857,1636.339383425509,159.94222809343054,1889.4629812436365,0.8181696917127546,0.07997111404671527,0.9447314906218183,0.528472507191519,0.09735884825490533,1.0726555380202436
HtHt_6000_2000,HtHt,6000,2000,85,220,1.6,1.6,/eos/uscms/store/user/aji/rootfiles_existingOptimization/HtHt_6000_2000_pt220_ak16_ca16_th85.root,ok,,1000,1000,1.0,0.0,0.036,0.005891010100144117,0.018,0.451,0.304,0.304,0.696,0.014545927265045704,2448.6595671053556,1652.607732431239,3389.9936081067212,1.2243297835526779,0.8263038662156195,1.6949968040533607,0.3547626421849457,0.0904397556106213,1.0731956205402136
HtHt_6000_2000,HtHt,6000,2000,85,240,1.6,1.6,/eos/uscms/store/user/aji/rootfiles_existingOptimization/HtHt_6000_2000_pt240_ak16_ca16_th85.root,ok,,1000,1000,1.0,0.0,0.036,0.005891010100144117,0.018,0.458,0.306,0.306,0.694,0.014572714228996602,2422.002047075556,1558.6823866750726,3299.9414682428546,1.211001023537778,0.7793411933375363,1.6499707341214274,0.35946688890504114,0.10248141496693729,1.074566991258819
HtHt_6000_2000,HtHt,6000,2000,85,260,1.6,1.6,/eos/uscms/store/user/aji/rootfiles_existingOptimization/HtHt_6000_2000_pt260_ak16_ca16_th85.root,ok,,1000,1000,1.0,0.0,0.041,0.006270486424512854,0.0205,0.463,0.306,0.306,0.694,0.014572714228996602,2393.4847187149376,1470.6527386590965,3216.9483133620583,1.1967423593574686,0.7353263693295483,1.6084741566810292,0.36480190599264584,0.11414169208397917,1.0784761419283928
HtHt_6000_2000,HtHt,6000,2000,85,280,1.6,1.6,/eos/uscms/store/user/aji/rootfiles_existingOptimization/HtHt_6000_2000_pt280_ak16_ca16_th85.root,ok,,1000,1000,1.0,0.0,0.043,0.006414904519944158,0.0215,0.4655,0.305,0.305,0.6950000000000001,0.014559361249725207,2375.144401855233,1421.242974877006,3180.2138755860765,1.1875722009276164,0.710621487438503,1.5901069377930384,0.37028714955922953,0.1237627345527688,1.0840443696519912
HtHt_6000_2000,HtHt,6000,2000,85,300,0.4,1.0,/eos/uscms/store/user/aji/rootfiles_existingOptimization/HtHt_6000_2000_pt300_ak4_ca10_th85.root,ok,,1000,1000,1.0,0.0,0.395,0.015458816254810716,0.2225,0.649,0.47,0.47,0.53,0.015782902141241326,1652.7904673886512,173.90838364278784,1948.3184220262133,0.8263952336943257,0.08695419182139391,0.9741592110131068,0.5367921927777478,0.11492169295192539,1.0841526694083152
HtHt_6000_2000,HtHt,6000,2000,85,360,0.4,0.6,/eos/uscms/store/user/aji/rootfiles_existingOptimization/HtHt_6000_2000_pt360_ak4_ca6_th85.root,ok,,1000,1000,1.0,0.0,0.445,0.015715438269421567,0.2625,0.6515,0.464,0.464,0.536,0.015770351930125083,1637.038364653835,150.9005200284651,1890.9002253738774,0.8185191823269176,0.07545026001423255,0.9454501126869388,0.5314474428072885,0.10757761142988036,1.0855955245745967
HtHt_6000_2000,HtHt,6000,2000,85,340,0.4,0.8,/eos/uscms/store/user/aji/rootfiles_existingOptimization/HtHt_6000_2000_pt340_ak4_ca8_th85.root,ok,,1000,1000,1.0,0.0,0.439,0.015693278816104682,0.255,0.6445,0.461,0.461,0.5389999999999999,0.015763216676808068,1643.4646916670818,157.98616610291504,1903.7225582612002,0.8217323458335408,0.07899308305145752,0.9518612791306001,0.5311146631289846,0.11322298705395714,1.0879414285456304
HtHt_6000_2000,HtHt,6000,2000,85,300,1.6,1.6,/eos/uscms/store/user/aji/rootfiles_existingOptimization/HtHt_6000_2000_pt300_ak16_ca16_th85.root,ok,,1000,1000,1.0,0.0,0.044,0.006485676526007136,0.022,0.4645,0.303,0.303,0.6970000000000001,0.01453241205031016,2357.3144682841403,1384.7013366760575,3169.4362693032776,1.1786572341420702,0.6923506683380287,1.5847181346516388,0.3785525768070957,0.12951745155106703,1.0934183002213027
HtHt_6000_2000,HtHt,6000,2000,85,380,0.6,1.4,/eos/uscms/store/user/aji/rootfiles_existingOptimization/HtHt_6000_2000_pt380_ak6_ca14_th85.root,ok,,1000,1000,1.0,0.0,0.366,0.01523299051401267,0.2045,0.6145,0.438,0.438,0.562,0.01568935945155187,1770.7274405309868,238.18697823509834,2082.1768720439695,0.8853637202654934,0.11909348911754916,1.0410884360219848,0.5206871062143577,0.18645132099572764,1.0941507341878083
HtHt_6000_2000,HtHt,6000,2000,85,400,0.8,1.6,/eos/uscms/store/user/aji/rootfiles_existingOptimization/HtHt_6000_2000_pt400_ak8_ca16_th85.root,ok,,1000,1000,1.0,0.0,0.346,0.015042739112276061,0.187,0.6005,0.423,0.423,0.577,0.015622771841129857,1840.8941531307767,388.1122896583975,2276.935344007126,0.9204470765653884,0.19405614482919875,1.1384676720035631,0.5130178318879551,0.250655694224037,1.0979731242314164
HtHt_6000_2000,HtHt,6000,2000,85,380,0.4,0.4,/eos/uscms/store/user/aji/rootfiles_existingOptimization/HtHt_6000_2000_pt380_ak4_ca4_th85.root,ok,,1000,1000,1.0,0.0,0.447,0.015722308990730335,0.2705,0.6405,0.453,0.453,0.5469999999999999,0.015741378592740853,1622.8431298575883,152.57649014513032,1887.5216803467638,0.8114215649287941,0.07628824507256517,0.9437608401733818,0.5345387851362696,0.10906059931137133,1.1003966286433902
HtHt_6000_2000,HtHt,6000,2000,85,320,1.6,1.6,/eos/uscms/store/user/aji/rootfiles_existingOptimization/HtHt_6000_2000_pt320_ak16_ca16_th85.root,ok,,1000,1000,1.0,0.0,0.046,0.006624499981130651,0.023,0.4635,0.302,0.302,0.698,0.01451881537867329,2338.795526041894,1341.7920327967975,3144.857788682702,1.169397763020947,0.6708960163983987,1.572428894341351,0.38546887400143054,0.1397725016774809,1.100408650303525
HtHt_6000_2000,HtHt,6000,2000,85,320,0.4,1.0,/eos/uscms/store/user/aji/rootfiles_existingOptimization/HtHt_6000_2000_pt320_ak4_ca10_th85.root,ok,,1000,1000,1.0,0.0,0.423,0.015622771841129857,0.243,0.636,0.454,0.454,0.546,0.015744332313566048,1646.1482878678376,163.97332710014388,1937.765953432029,0.8230741439339189,0.08198666355007195,0.9688829767160145,0.5387706075463523,0.11856897673537911,1.1024631931529605
HtHt_6000_2000,HtHt,6000,2000,85,120,1.2,1.2,/eos/uscms/store/user/aji/rootfiles_existingOptimization/HtHt_6000_2000_pt120_ak12_ca12_th85.root,ok,,1000,1000,1.0,0.0,0.027,0.00512552436341883,0.0135,0.5085,0.448,0.448,0.552,0.015725647840391186,2455.380242900992,1936.514026602388,4530.2433147390675,1.2276901214504963,0.9682570133011941,2.2651216573695336,0.5281726314357383,0.03817627331180036,1.1029416435807882
HtHt_6000_2000,HtHt,6000,2000,85,280,0.4,1.2,/eos/uscms/store/user/aji/rootfiles_existingOptimization/HtHt_6000_2000_pt280_ak4_ca12_th85.root,ok,,1000,1000,1.0,0.0,0.369,0.015259062880793171,0.205,0.635,0.456,0.456,0.544,0.01575004761897563,1653.7685673126975,195.16440656082926,1996.469375074827,0.8268842836563487,0.09758220328041463,0.9982346875374135,0.5446061208676377,0.12352720703051137,1.105917692502003
HtHt_6000_2000,HtHt,6000,2000,85,360,0.4,0.8,/eos/uscms/store/user/aji/rootfiles_existingOptimization/HtHt_6000_2000_pt360_ak4_ca8_th85.root,ok,,1000,1000,1.0,0.0,0.468,0.015778973350633434,0.274,0.632,0.443,0.443,0.5569999999999999,0.015708309902723462,1634.110351506173,150.78506636264345,1896.866166719743,0.8170551757530864,0.07539253318132172,0.9484330833598715,0.5342604612802687,0.12035016945953719,1.10955494370496
HtHt_6000_2000,HtHt,6000,2000,85,320,0.6,1.6,/eos/uscms/store/user/aji/rootfiles_existingOptimization/HtHt_6000_2000_pt320_ak6_ca16_th85.root,ok,,1000,1000,1.0,0.0,0.324,0.014799459449588015,0.174,0.598,0.417,0.417,0.583,0.015592017188292218,1772.083158496774,399.84945743501163,2227.270051512169,0.8860415792483871,0.1999247287175058,1.1136350257560848,0.515613667822261,0.256125531638431,1.1100095098974223
HtHt_6000_2000,HtHt,6000,2000,85,380,0.4,0.6,/eos/uscms/store/user/aji/rootfiles_existingOptimization/HtHt_6000_2000_pt380_ak4_ca6_th85.root,ok,,1000,1000,1.0,0.0,0.477,0.01579465099329517,0.2855,0.636,0.445,0.445,0.5549999999999999,0.01571543826942157,1624.6923619859383,146.15946349142686,1889.8653177274887,0.8123461809929692,0.07307973174571343,0.9449326588637443,0.5366264700428109,0.11881767111679707,1.1103918519435139
HtHt_6000_2000,HtHt,6000,2000,85,400,0.6,1.4,/eos/uscms/store/user/aji/rootfiles_existingOptimization/HtHt_6000_2000_pt400_ak6_ca14_th85.root,ok,,1000,1000,1.0,0.0,0.396,0.01546557467409472,0.225,0.6045,0.421,0.421,0.579,0.015612783224012303,1758.3254614591979,212.90806408103631,2052.899622078276,0.8791627307295988,0.10645403204051816,1.026449811039138,0.5232226906588354,0.21197859383856266,1.1143064175858755
HtHt_6000_2000,HtHt,6000,2000,85,340,0.4,1.0,/eos/uscms/store/user/aji/rootfiles_existingOptimization/HtHt_6000_2000_pt340_ak4_ca10_th85.root,ok,,1000,1000,1.0,0.0,0.455,0.015747221977225064,0.263,0.6265,0.44,0.44,0.56,0.015697133496278867,1636.339383425509,155.84674857648298,1910.842293346068,0.8181696917127546,0.07792337428824149,0.9554211466730339,0.53625658666715,0.1400205481502354,1.1144396174958746
HtHt_6000_2000,HtHt,6000,2000,85,340,1.6,1.6,/eos/uscms/store/user/aji/rootfiles_existingOptimization/HtHt_6000_2000_pt340_ak16_ca16_th85.root,ok,,1000,1000,1.0,0.0,0.052,0.007021111023192838,0.026,0.46,0.292,0.292,0.708,0.014378317008607092,2319.8236196181406,1308.8726088658539,3125.8038059400183,1.1599118098090702,0.6544363044329269,1.562901902970009,0.39160977190439256,0.1557893340056144,1.1156009528852995
HtHt_6000_2000,HtHt,6000,2000,85,200,1.6,1.6,/eos/uscms/store/user/aji/rootfiles_existingOptimization/HtHt_6000_2000_pt200_ak16_ca16_th85.root,ok,,1000,1000,1.0,0.0,0.03,0.005394441583704471,0.015,0.43,0.299,0.299,0.7010000000000001,0.014477534320456642,2489.3871452201793,1772.9990348893505,3727.0709245208045,1.2446935726100896,0.8864995174446753,1.8635354622604023,0.39248051340335455,0.08465033217072754,1.1179498706643636
HtHt_6000_2000,HtHt,6000,2000,85,220,0.4,1.6,/eos/uscms/store/user/aji/rootfiles_existingOptimization/HtHt_6000_2000_pt220_ak4_ca16_th85.root,ok,,1000,1000,1.0,0.0,0.307,0.01458598642533305,0.163,0.5825,0.385,0.385,0.615,0.015387494922826133,1658.7959095917026,572.2025609801318,2187.4191625051335,0.8293979547958512,0.28610128049006583,1.0937095812525666,0.4868641742438865,0.2536789361212731,1.1189243787643015
HtHt_6000_2000,HtHt,6000,2000,85,340,0.6,1.6,/eos/uscms/store/user/aji/rootfiles_existingOptimization/HtHt_6000_2000_pt340_ak6_ca16_th85.root,ok,,1000,1000,1.0,0.0,0.337,0.014947608504372866,0.1825,0.595,0.412,0.412,0.5880000000000001,0.01556457516284977,1761.4208138448769,307.8311673047487,2166.233381424341,0.8807104069224384,0.15391558365237434,1.0831166907121705,0.5275293102909979,0.27272113475477655,1.1274582695987543
HtHt_6000_2000,HtHt,6000,2000,85,300,0.4,1.2,/eos/uscms/store/user/aji/rootfiles_existingOptimization/HtHt_6000_2000_pt300_ak4_ca12_th85.root,ok,,1000,1000,1.0,0.0,0.403,0.01551099609954177,0.2265,0.621,0.434,0.434,0.5660000000000001,0.015673034167001616,1648.1786185051608,171.79820448201872,1966.6371948692515,0.8240893092525804,0.08589910224100936,0.9833185974346258,0.5444916498234541,0.14900498129013684,1.1280827188981961
HtHt_6000_2000,HtHt,6000,2000,85,400,0.4,0.4,/eos/uscms/store/user/aji/rootfiles_existingOptimization/HtHt_6000_2000_pt400_ak4_ca4_th85.root,ok,,1000,999,0.999,0.0009994998749374613,0.4804804804804805,0.015807240657842277,0.2932932932932933,0.6216216216216216,0.43043043043043044,0.43,0.5695695695695695,0.015665423086223214,1612.6303137020282,147.35594491071257,1883.6391000469146,0.8063151568510141,0.07367797245535629,0.9418195500234573,0.5383388679921037,0.11842161128826256,1.1282769218765716
HtHt_6000_2000,HtHt,6000,2000,85,120,1.2,1.4,/eos/uscms/store/user/aji/rootfiles_existingOptimization/HtHt_6000_2000_pt120_ak12_ca14_th85.root,ok,,1000,1000,1.0,0.0,0.033,0.005648982209212559,0.0165,0.486,0.415,0.415,0.585,0.015581238718407468,2464.119570061072,1908.1300080787557,4482.388022877236,1.2320597850305361,0.9540650040393779,2.2411940114386177,0.5223484375668259,0.04721947047031748,1.1305544160698795
HtHt_6000_2000,HtHt,6000,2000,85,360,1.6,1.6,/eos/uscms/store/user/aji/rootfiles_existingOptimization/HtHt_6000_2000_pt360_ak16_ca16_th85.root,ok,,1000,1000,1.0,0.0,0.056,0.007270763371201128,0.028,0.4615,0.289,0.289,0.7110000000000001,0.014334538709006299,2300.527194999693,1222.7809571163461,3097.796270685093,1.1502635974998467,0.6113904785581731,1.5488981353425466,0.4075186152209335,0.1742675078126545,1.1335449749709183
HtHt_6000_2000,HtHt,6000,2000,85,380,1.6,1.6,/eos/uscms/store/user/aji/rootfiles_existingOptimization/HtHt_6000_2000_pt380_ak16_ca16_th85.root,ok,,1000,1000,1.0,0.0,0.058,0.007391616873188166,0.029,0.463,0.288,0.288,0.712,0.014319776534569246,2287.221828272868,1201.1734235890149,3064.465897192388,1.1436109141364341,0.6005867117945074,1.532232948596194,0.40732657641047143,0.1924221542669306,1.1336876678241148
HtHt_6000_2000,HtHt,6000,2000,85,400,0.4,0.6,/eos/uscms/store/user/aji/rootfiles_existingOptimization/HtHt_6000_2000_pt400_ak4_ca6_th85.root,ok,,1000,999,0.999,0.0009994998749374613,0.5095095095095095,0.01581643856744768,0.3078078078078078,0.6196196196196196,0.42542542542542544,0.425,0.5745745745745745,0.015642356476668225,1616.7917828723705,142.24880668683204,1886.5909570377482,0.8083958914361853,0.07112440334341602,0.9432954785188742,0.5394455145151534,0.1413000756705465,1.1341804999461091
HtHt_6000_2000,HtHt,6000,2000,85,380,0.4,0.8,/eos/uscms/store/user/aji/rootfiles_existingOptimization/HtHt_6000_2000_pt380_ak4_ca8_th85.root,ok,,1000,1000,1.0,0.0,0.498,0.01581126180922952,0.296,0.617,0.424,0.424,0.5760000000000001,0.015627667772255716,1620.9070924458101,145.82845829469912,1895.3320811672406,0.810453546222905,0.07291422914734955,0.9476660405836204,0.5396680756799855,0.14171564264591324,1.1346227210576951
HtHt_6000_2000,HtHt,6000,2000,85,360,0.4,1.0,/eos/uscms/store/user/aji/rootfiles_existingOptimization/HtHt_6000_2000_pt360_ak4_ca10_th85.root,ok,,1000,1000,1.0,0.0,0.481,0.01579996835439869,0.2805,0.6145,0.423,0.423,0.577,0.015622771841129857,1625.216160647845,150.62931099606098,1905.7127356455976,0.8126080803239225,0.0753146554980305,0.9528563678227988,0.5399538434167194,0.15262258279202157,1.135693035384327
HtHt_6000_2000,HtHt,6000,2000,85,320,0.4,1.2,/eos/uscms/store/user/aji/rootfiles_existingOptimization/HtHt_6000_2000_pt320_ak4_ca12_th85.root,ok,,1000,1000,1.0,0.0,0.432,0.01566448211719749,0.2475,0.6095,0.42,0.42,0.5800000000000001,0.015607690412101336,1639.7322080554404,162.14111520846882,1949.8999306903409,0.8198661040277202,0.0810705576042344,0.9749499653451704,0.5451374336306952,0.15552346424670677,1.1431508232279233
HtHt_6000_2000,HtHt,6000,2000,85,260,0.4,1.4,/eos/uscms/store/user/aji/rootfiles_existingOptimization/HtHt_6000_2000_pt260_ak4_ca14_th85.root,ok,,1000,1000,1.0,0.0,0.354,0.015122301412152848,0.1925,0.6035,0.416,0.416,0.5840000000000001,0.015586660963785668,1650.255637527769,268.13232404717127,2058.831989993232,0.8251278187638844,0.13406616202358565,1.0294159949966162,0.5425522037993732,0.18764276637955554,1.1440394219229848
HtHt_6000_2000,HtHt,6000,2000,85,400,0.4,0.8,/eos/uscms/store/user/aji/rootfiles_existingOptimization/HtHt_6000_2000_pt400_ak4_ca8_th85.root,ok,,1000,999,0.999,0.0009994998749374613,0.5265265265265265,0.015797021531912817,0.3163163163163163,0.6036036036036037,0.4084084084084084,0.408,0.5915915915915916,0.015551618346104754,1609.3497537547769,142.15111365303605,1891.0007268499935,0.8046748768773884,0.07107555682651803,0.9455003634249967,0.5433404420377588,0.15937608150991056,1.1554645459416113
HtHt_6000_2000,HtHt,6000,2000,85,380,0.4,1.0,/eos/uscms/store/user/aji/rootfiles_existingOptimization/HtHt_6000_2000_pt380_ak4_ca10_th85.root,ok,,1000,1000,1.0,0.0,0.507,0.015809838708854686,0.3005,0.6015,0.406,0.406,0.594,0.015529455882290275,1616.4129459809687,145.72625309166938,1902.0774285511893,0.8082064729904843,0.07286312654583468,0.9510387142755947,0.5432866582226071,0.17035415554029065,1.1564660109235587
HtHt_6000_2000,HtHt,6000,2000,85,340,0.4,1.2,/eos/uscms/store/user/aji/rootfiles_existingOptimization/HtHt_6000_2000_pt340_ak4_ca12_th85.root,ok,,1000,1000,1.0,0.0,0.464,0.015770351930125086,0.2675,0.6,0.406,0.406,0.594,0.015529455882290275,1623.6228123595333,153.54865736006073,1920.2777626312416,0.8118114061797667,0.07677432868003037,0.9601388813156208,0.544070054886602,0.189427393387116,1.1568889142686252
HtHt_6000_2000,HtHt,6000,2000,85,400,1.6,1.6,/eos/uscms/store/user/aji/rootfiles_existingOptimization/HtHt_6000_2000_pt400_ak16_ca16_th85.root,ok,,1000,1000,1.0,0.0,0.061,0.0075682891065286355,0.0305,0.46,0.28,0.28,0.72,0.014198591479439079,2243.93313259032,1128.8954191337082,3036.8365750404164,1.1219665662951601,0.5644477095668541,1.5184182875202084,0.4251332466632475,0.21869032896860535,1.1573299032927635
HtHt_6000_2000,HtHt,6000,2000,85,360,0.6,1.6,/eos/uscms/store/user/aji/rootfiles_existingOptimization/HtHt_6000_2000_pt360_ak6_ca16_th85.root,ok,,1000,1000,1.0,0.0,0.355,0.015131919904625453,0.195,0.5855,0.398,0.398,0.602,0.015478888849009803,1749.7492263321856,245.66213342865902,2159.840113797758,0.8748746131660927,0.12283106671432951,1.079920056898879,0.54698637712262,0.2833814674416318,1.1614989158060107
HtHt_6000_2000,HtHt,6000,2000,85,180,1.6,1.4,/eos/uscms/store/user/aji/rootfiles_existingOptimization/HtHt_6000_2000_pt180_ak16_ca14_th85.root,ok,,1000,1000,1.0,0.0,0.013,0.003582038525755969,0.0065,0.416,0.324,0.324,0.6759999999999999,0.014799459449588017,2606.708429587312,2010.7008086873213,4444.471593841152,1.3033542147936559,1.0053504043436607,2.222235796920576,0.46682834902619696,0.042194730732151825,1.1731637705055626
HtHt_6000_2000,HtHt,6000,2000,85,380,0.6,1.6,/eos/uscms/store/user/aji/rootfiles_existingOptimization/HtHt_6000_2000_pt380_ak6_ca16_th85.root,ok,,1000,1000,1.0,0.0,0.379,0.015341414537127925,0.211,0.579,0.385,0.385,0.615,0.015387494922826133,1739.3784706923757,223.01263986016662,2124.616993320578,0.8696892353461878,0.11150631993008331,1.062308496660289,0.546633290425706,0.29936579410917363,1.1746643668910872
HtHt_6000_2000,HtHt,6000,2000,85,400,0.4,1.0,/eos/uscms/store/user/aji/rootfiles_existingOptimization/HtHt_6000_2000_pt400_ak4_ca10_th85.root,ok,,1000,999,0.999,0.0009994998749374613,0.5325325325325325,0.0157857792063671,0.31931931931931934,0.5900900900900901,0.3923923923923924,0.392,0.6076076076076076,0.015448600650124081,1604.682522071264,142.15111365303605,1896.0641152946735,0.802341261035632,0.07107555682651803,0.9480320576473368,0.546498443622902,0.1882461398289411,1.1748719251269462
HtHt_6000_2000,HtHt,6000,2000,85,360,0.4,1.2,/eos/uscms/store/user/aji/rootfiles_existingOptimization/HtHt_6000_2000_pt360_ak4_ca12_th85.root,ok,,1000,1000,1.0,0.0,0.489,0.015807561481771943,0.2845,0.5885,0.391,0.391,0.609,0.015431104950715617,1612.6303137020282,149.01655822594398,1914.3819933425282,0.8063151568510141,0.07450827911297199,0.9571909966712641,0.547355900517562,0.2224159402395694,1.1757243848324606
HtHt_6000_2000,HtHt,6000,2000,85,240,0.4,1.6,/eos/uscms/store/user/aji/rootfiles_existingOptimization/HtHt_6000_2000_pt240_ak4_ca16_th85.root,ok,,1000,1000,1.0,0.0,0.341,0.01499063040702425,0.1825,0.573,0.365,0.365,0.635,0.015224158433227107,1645.178076539743,397.2386107286366,2136.7990625900593,0.8225890382698714,0.19861930536431832,1.0683995312950296,0.5286845468790198,0.2868022707734989,1.1814256430520327
HtHt_6000_2000,HtHt,6000,2000,85,280,0.4,1.4,/eos/uscms/store/user/aji/rootfiles_existingOptimization/HtHt_6000_2000_pt280_ak4_ca14_th85.root,ok,,1000,1000,1.0,0.0,0.377,0.01532550162311172,0.209,0.593,0.401,0.401,0.599,0.015498354751392161,1641.8508150351217,187.57700752130071,2043.7861635646184,0.8209254075175609,0.09378850376065034,1.021893081782309,0.565279481864377,0.20009845564201822,1.182186941112621
HtHt_6000_2000,HtHt,6000,2000,85,400,0.6,1.6,/eos/uscms/store/user/aji/rootfiles_existingOptimization/HtHt_6000_2000_pt400_ak6_ca16_th85.root,ok,,1000,1000,1.0,0.0,0.407,0.015535475531827147,0.2305,0.568,0.369,0.369,0.631,0.015259062880793171,1727.9333391612004,207.30686817210466,2078.90045735241,0.8639666695806002,0.10365343408605233,1.0394502286762048,0.5415699630197662,0.3237792119868952,1.1861732960617062
HtHt_6000_2000,HtHt,6000,2000,85,120,1.2,1.6,/eos/uscms/store/user/aji/rootfiles_existingOptimization/HtHt_6000_2000_pt120_ak12_ca16_th85.root,ok,,1000,1000,1.0,0.0,0.046,0.006624499981130651,0.023,0.474,0.377,0.377,0.623,0.01532550162311172,2441.88419413111,1842.486382010998,4487.584332296966,1.220942097065555,0.921243191005499,2.2437921661484825,0.541610031434592,0.0638734885428282,1.1867042411411475
HtHt_6000_2000,HtHt,6000,2000,85,380,0.4,1.2,/eos/uscms/store/user/aji/rootfiles_existingOptimization/HtHt_6000_2000_pt380_ak4_ca12_th85.root,ok,,1000,1000,1.0,0.0,0.514,0.015805189021330938,0.304,0.5775,0.376,0.376,0.624,0.015317441039547044,1602.9929673337465,144.7504278933625,1909.2011850984595,0.8014964836668733,0.07237521394668125,0.9546005925492297,0.5503613531567461,0.2563366818813796,1.194211704790059
HtHt_6000_2000,HtHt,6000,2000,85,300,0.4,1.4,/eos/uscms/store/user/aji/rootfiles_existingOptimization/HtHt_6000_2000_pt300_ak4_ca14_th85.root,ok,,1000,1000,1.0,0.0,0.41,0.01555313473226539,0.23,0.5805,0.381,0.381,0.619,0.015357050498061143,1627.620374211403,171.1884902073601,2007.7121184244556,0.8138101871057015,0.08559424510368005,1.0038560592122279,0.564174440586893,0.25753827448104627,1.2017934218763229
HtHt_6000_2000,HtHt,6000,2000,85,400,0.4,1.2,/eos/uscms/store/user/aji/rootfiles_existingOptimization/HtHt_6000_2000_pt400_ak4_ca12_th85.root,ok,,1000,999,0.999,0.0009994998749374613,0.5395395395395396,0.015769759355269957,0.3228228228228228,0.5675675675675675,0.3633633633633634,0.363,0.6366366366366366,0.015217161086094472,1596.3581781291334,141.46772410333278,1902.6512929581386,0.7981790890645667,0.0707338620516664,0.9513256464790693,0.5516254412649549,0.28397659082204063,1.2094441689951347
HtHt_6000_2000,HtHt,6000,2000,85,320,0.4,1.4,/eos/uscms/store/user/aji/rootfiles_existingOptimization/HtHt_6000_2000_pt320_ak4_ca14_th85.root,ok,,1000,1000,1.0,0.0,0.439,0.015693278816104682,0.251,0.5675,0.364,0.364,0.636,0.015215255502291114,1616.7917828723705,161.43460555883922,1975.130538496972,0.8083958914361853,0.0807173027794196,0.987565269248486,0.5608934781063598,0.29288190383755364,1.2160538889627412
HtHt_6000_2000,HtHt,6000,2000,85,180,1.6,1.6,/eos/uscms/store/user/aji/rootfiles_existingOptimization/HtHt_6000_2000_pt180_ak16_ca16_th85.root,ok,,1000,1000,1.0,0.0,0.029,0.005306505441436953,0.0145,0.398,0.283,0.283,0.7170000000000001,0.014244683218660917,2608.5995484559244,1897.8088052644152,4364.867155175721,1.304299774227962,0.9489044026322075,2.1824335775878607,0.47287027082627564,0.07811306650949268,1.220300248249072
HtHt_6000_2000,HtHt,6000,2000,85,140,1.4,1.2,/eos/uscms/store/user/aji/rootfiles_existingOptimization/HtHt_6000_2000_pt140_ak14_ca12_th85.root,ok,,1000,1000,1.0,0.0,0.014,0.003715373467095872,0.007,0.465,0.408,0.408,0.5920000000000001,0.015541428505771275,2567.638821391156,2023.094060459039,5121.400171700851,1.2838194106955783,1.0115470302295195,2.5607000858504256,0.6033376044616622,0.02492617600818022,1.2237195455312202
HtHt_6000_2000,HtHt,6000,2000,85,340,0.4,1.4,/eos/uscms/store/user/aji/rootfiles_existingOptimization/HtHt_6000_2000_pt340_ak4_ca14_th85.root,ok,,1000,1000,1.0,0.0,0.47,0.015782902141241326,0.2705,0.5605,0.353,0.353,0.647,0.015112610628213776,1599.3591752931911,153.2610119931967,1942.074461287706,0.7996795876465955,0.07663050599659833,0.971037230643853,0.5592281824270612,0.3635212555137164,1.2262602236624016
HtHt_6000_2000,HtHt,6000,2000,85,360,0.4,1.4,/eos/uscms/store/user/aji/rootfiles_existingOptimization/HtHt_6000_2000_pt360_ak4_ca14_th85.root,ok,,1000,1000,1.0,0.0,0.495,0.01581059771166163,0.2875,0.552,0.34,0.34,0.6599999999999999,0.014979986648859205,1593.9452962784433,148.82633032811603,1931.643414629869,0.7969726481392216,0.07441316516405802,0.9658217073149346,0.559246634267904,0.4001548820955177,1.2395493694539819
HtHt_6000_2000,HtHt,6000,2000,85,380,0.4,1.4,/eos/uscms/store/user/aji/rootfiles_existingOptimization/HtHt_6000_2000_pt380_ak4_ca14_th85.root,ok,,1000,1000,1.0,0.0,0.519,0.01579996835439869,0.3065,0.542,0.327,0.327,0.673,0.014834790190629592,1583.1394429626198,144.52434848508972,1917.837624849866,0.7915697214813098,0.07226217424254486,0.9589188124249329,0.5600622498060794,0.40491590068031286,1.2539052776579485
HtHt_6000_2000,HtHt,6000,2000,85,140,1.4,1.4,/eos/uscms/store/user/aji/rootfiles_existingOptimization/HtHt_6000_2000_pt140_ak14_ca14_th85.root,ok,,1000,1000,1.0,0.0,0.028,0.005216895628628198,0.014,0.443,0.375,0.375,0.625,0.015309310892394862,2580.2969127595616,1991.551361607188,5119.629244359336,1.2901484563797807,0.9957756808035941,2.5598146221796676,0.6061468870663315,0.04474668013169053,1.2601617327043095
HtHt_6000_2000,HtHt,6000,2000,85,260,0.4,1.6,/eos/uscms/store/user/aji/rootfiles_existingOptimization/HtHt_6000_2000_pt260_ak4_ca16_th85.root,ok,,1000,1000,1.0,0.0,0.373,0.015292841462592882,0.202,0.5585,0.343,0.343,0.657,0.015011695440555674,1620.4769454621553,194.43284362435566,2092.06555732712,0.8102384727310776,0.09721642181217781,1.04603277866356,0.5855167267318219,0.32232159161693424,1.2614928794587141
HtHt_6000_2000,HtHt,6000,2000,85,400,0.4,1.4,/eos/uscms/store/user/aji/rootfiles_existingOptimization/HtHt_6000_2000_pt400_ak4_ca14_th85.root,ok,,1000,999,0.999,0.0009994998749374613,0.5435435435435435,0.01575919769936907,0.32482482482482483,0.5325325325325325,0.3153153153153153,0.315,0.6846846846846847,0.01470060117538859,1572.5463860007644,141.46772410333278,1910.354879181882,0.7862731930003821,0.0707338620516664,0.9551774395909409,0.5624276558153272,0.42291501762006584,1.2694850211999738
HtHt_6000_2000,HtHt,6000,2000,85,280,0.4,1.6,/eos/uscms/store/user/aji/rootfiles_existingOptimization/HtHt_6000_2000_pt280_ak4_ca16_th85.root,ok,,1000,1000,1.0,0.0,0.396,0.01546557467409472,0.2185,0.548,0.327,0.327,0.673,0.014834790190629592,1602.9929673337465,174.49823204296735,2078.537778771522,0.8014964836668733,0.08724911602148368,1.0392688893857611,0.5939014036647766,0.3450900549292826,1.2867517552980892
HtHt_6000_2000,HtHt,6000,2000,85,300,0.4,1.6,/eos/uscms/store/user/aji/rootfiles_existingOptimization/HtHt_6000_2000_pt300_ak4_ca16_th85.root,ok,,1000,1000,1.0,0.0,0.43,0.015655669899432602,0.24,0.538,0.312,0.312,0.688,0.014651143300097778,1597.4339936253364,163.97332710014388,2042.7056808360671,0.7987169968126682,0.08198666355007195,1.0213528404180334,0.5880469431704615,0.3805120506624605,1.2961752434891944
HtHt_6000_2000,HtHt,6000,2000,85,140,1.4,1.6,/eos/uscms/store/user/aji/rootfiles_existingOptimization/HtHt_6000_2000_pt140_ak14_ca16_th85.root,ok,,1000,1000,1.0,0.0,0.037,0.005969170796685248,0.0185,0.4305,0.344,0.344,0.656,0.015022117027902558,2581.0298750675056,1939.9746012187547,5119.862893571071,1.2905149375337528,0.9699873006093774,2.559931446785536,0.616011523746727,0.06360197208297172,1.3010630175001023
HtHt_6000_2000,HtHt,6000,2000,85,320,0.4,1.6,/eos/uscms/store/user/aji/rootfiles_existingOptimization/HtHt_6000_2000_pt320_ak4_ca16_th85.root,ok,,1000,1000,1.0,0.0,0.457,0.015752809273269323,0.26,0.5275,0.299,0.299,0.7010000000000001,0.014477534320456642,1584.9845814399928,157.65881369962395,2014.5854712766293,0.7924922907199964,0.07882940684981198,1.0072927356383146,0.5857869784102087,0.39604691693584626,1.3075377493382092
HtHt_6000_2000,HtHt,6000,2000,85,340,0.4,1.6,/eos/uscms/store/user/aji/rootfiles_existingOptimization/HtHt_6000_2000_pt340_ak4_ca16_th85.root,ok,,1000,1000,1.0,0.0,0.486,0.015805189021330938,0.2785,0.518,0.287,0.287,0.7130000000000001,0.01430492922037715,1563.8085940093565,150.51947948503948,1966.7965836043306,0.7819042970046783,0.07525973974251975,0.9833982918021653,0.5807223182802204,0.42365563295740116,1.3155318885797525
HtHt_6000_2000,HtHt,6000,2000,85,360,0.4,1.6,/eos/uscms/store/user/aji/rootfiles_existingOptimization/HtHt_6000_2000_pt360_ak4_ca16_th85.root,ok,,1000,1000,1.0,0.0,0.51,0.0158082257068907,0.295,0.5105,0.277,0.277,0.723,0.014151713677148785,1548.1824349218032,146.98049186725393,1952.9322867481576,0.7740912174609016,0.07349024593362696,0.9764661433740788,0.5832490261304767,0.45029075808303454,1.3288399043843864
HtHt_6000_2000,HtHt,6000,2000,85,380,0.4,1.6,/eos/uscms/store/user/aji/rootfiles_existingOptimization/HtHt_6000_2000_pt380_ak4_ca16_th85.root,ok,,1000,1000,1.0,0.0,0.53,0.015782902141241326,0.312,0.502,0.267,0.267,0.733,0.013989674763910703,1532.9798759560817,143.61355888426021,1930.1951776460573,0.7664899379780409,0.07180677944213011,0.9650975888230287,0.5827152876509714,0.4560212988416271,1.3390662938531672
HtHt_6000_2000,HtHt,6000,2000,85,100,1.2,1.0,/eos/uscms/store/user/aji/rootfiles_existingOptimization/HtHt_6000_2000_pt100_ak12_ca10_th85.root,ok,,1000,1000,1.0,0.0,0.009,0.002986469487538756,0.0045,0.414,0.386,0.386,0.614,0.015394934231752989,2877.583071024683,2009.6285670105078,5958.73639416328,1.4387915355123413,1.004814283505254,2.97936819708164,0.6861848519539921,0.012156047762331285,1.3440640055052264
HtHt_6000_2000,HtHt,6000,2000,85,400,0.4,1.6,/eos/uscms/store/user/aji/rootfiles_existingOptimization/HtHt_6000_2000_pt400_ak4_ca16_th85.root,ok,,1000,999,0.999,0.0009994998749374613,0.5525525525525525,0.015731678706836928,0.32932932932932935,0.4934934934934935,0.25825825825825827,0.258,0.7417417417417418,0.01384747930067605,1514.0708691235463,140.95866353142338,1915.3741834316463,0.7570354345617731,0.0704793317657117,0.9576870917158231,0.5859750544330143,0.466960296542035,1.3530132527185788
HtHt_6000_2000,HtHt,6000,2000,85,100,1.2,1.2,/eos/uscms/store/user/aji/rootfiles_existingOptimization/HtHt_6000_2000_pt100_ak12_ca12_th85.root,ok,,1000,1000,1.0,0.0,0.014,0.003715373467095872,0.007,0.402,0.354,0.354,0.646,0.015122301412152848,2894.9962457935717,2004.18081826582,5982.726733468185,1.447498122896786,1.0020904091329101,2.991363366734092,0.687141809075433,0.033167813190508544,1.3778916213651116
HtHt_6000_2000,HtHt,6000,2000,85,100,1.2,1.4,/eos/uscms/store/user/aji/rootfiles_existingOptimization/HtHt_6000_2000_pt100_ak12_ca14_th85.root,ok,,1000,1000,1.0,0.0,0.019,0.004317290817167636,0.0095,0.3835,0.329,0.329,0.671,0.014857960829131297,2919.9909170765086,1990.0706605577225,5943.09162408748,1.4599954585382542,0.9950353302788613,2.97154581204374,0.6768892568144558,0.0424265468563233,1.3938888026682812
HtHt_6000_2000,HtHt,6000,2000,85,160,1.6,1.4,/eos/uscms/store/user/aji/rootfiles_existingOptimization/HtHt_6000_2000_pt160_ak16_ca14_th85.root,ok,,1000,1000,1.0,0.0,0.011,0.003298332912245215,0.0055,0.3625,0.285,0.285,0.7150000000000001,0.01427497810856465,2765.814388543808,2049.566962565051,5671.7248724626625,1.382907194271904,1.0247834812825256,2.835862436231331,0.6548085664932608,0.03954205528841389,1.4080992859204513
HtHt_6000_2000,HtHt,6000,2000,85,120,1.4,1.2,/eos/uscms/store/user/aji/rootfiles_existingOptimization/HtHt_6000_2000_pt120_ak14_ca12_th85.root,ok,,1000,1000,1.0,0.0,0.012,0.003443254274665175,0.006,0.3675,0.318,0.318,0.6819999999999999,0.014726710426975877,3015.190281604211,2070.3267113607376,6144.276750959606,1.5075951408021055,1.0351633556803688,3.0721383754798026,0.6755709688463428,0.02296696600901265,1.4083304829265533
HtHt_6000_2000,HtHt,6000,2000,85,120,1.4,1.4,/eos/uscms/store/user/aji/rootfiles_existingOptimization/HtHt_6000_2000_pt120_ak14_ca14_th85.root,ok,,1000,1000,1.0,0.0,0.023,0.004740358636221525,0.0115,0.345,0.286,0.286,0.714,0.014289996501049257,3079.624871022558,2047.5416916455595,6235.0307164377455,1.539812435511279,1.0237708458227799,3.1175153582188733,0.6798699841974217,0.04299418311411923,1.4478512277485496
HtHt_6000_2000,HtHt,6000,2000,85,100,1.2,1.6,/eos/uscms/store/user/aji/rootfiles_existingOptimization/HtHt_6000_2000_pt100_ak12_ca16_th85.root,ok,,1000,1000,1.0,0.0,0.028,0.005216895628628198,0.014,0.373,0.299,0.299,0.7010000000000001,0.014477534320456642,2908.3999854678873,1939.2157456730765,6048.8096884203305,1.4541999927339435,0.9696078728365384,3.0244048442101654,0.7065042572000504,0.05181625116982061,1.4529242564734448
HtHt_6000_2000,HtHt,6000,2000,85,160,1.6,1.6,/eos/uscms/store/user/aji/rootfiles_existingOptimization/HtHt_6000_2000_pt160_ak16_ca16_th85.root,ok,,1000,1000,1.0,0.0,0.026,0.0050322956987840055,0.013,0.3525,0.254,0.254,0.746,0.013765318739498916,2771.645192940905,1993.890032143565,5784.308035694411,1.3858225964704523,0.9969450160717825,2.892154017847206,0.6837848533435398,0.06602019116092386,1.468367112990585
HtHt_6000_2000,HtHt,6000,2000,85,120,1.4,1.6,/eos/uscms/store/user/aji/rootfiles_existingOptimization/HtHt_6000_2000_pt120_ak14_ca16_th85.root,ok,,1000,1000,1.0,0.0,0.028,0.005216895628628198,0.014,0.34,0.263,0.263,0.737,0.013922320208930694,3056.8075374600708,2009.0292559529842,6286.936848841682,1.5284037687300356,1.004514627976492,3.143468424420841,0.6997345335721152,0.06099031052321269,1.4895749104451188
HtHt_6000_2000,HtHt,6000,2000,85,100,1.4,1.2,/eos/uscms/store/user/aji/rootfiles_existingOptimization/HtHt_6000_2000_pt100_ak14_ca12_th85.root,ok,,1000,1000,1.0,0.0,0.006,0.002442130217658346,0.003,0.275,0.242,0.242,0.758,0.013543854695026818,3943.2302223330453,2142.736742028147,7205.886764565863,1.9716151111665225,1.0713683710140736,3.6029433822829318,0.6420053784663454,0.023434542662142142,1.4971668895829977
HtHt_6000_2000,HtHt,6000,2000,85,100,1.4,1.4,/eos/uscms/store/user/aji/rootfiles_existingOptimization/HtHt_6000_2000_pt100_ak14_ca14_th85.root,ok,,1000,1000,1.0,0.0,0.013,0.003582038525755969,0.0065,0.2565,0.215,0.215,0.785,0.012991343271578961,3997.838815332857,2130.0710308108455,7117.004330074106,1.9989194076664285,1.0650355154054227,3.558502165037053,0.6237036470976448,0.03850470015639841,1.5085955878642876
HtHt_6000_2000,HtHt,6000,2000,85,140,1.6,1.4,/eos/uscms/store/user/aji/rootfiles_existingOptimization/HtHt_6000_2000_pt140_ak16_ca14_th85.root,ok,,1000,1000,1.0,0.0,0.009,0.002986469487538756,0.0045,0.3045,0.245,0.245,0.755,0.013600551459407815,3175.20505665944,2109.0364249069853,6602.030455421034,1.58760252832972,1.0545182124534929,3.3010152277105167,0.707512420511358,0.03496265873564701,1.52127267334433
HtHt_6000_2000,HtHt,6000,2000,85,120,1.6,1.4,/eos/uscms/store/user/aji/rootfiles_existingOptimization/HtHt_6000_2000_pt120_ak16_ca14_th85.root,ok,,1000,1000,1.0,0.0,0.006,0.002442130217658346,0.003,0.243,0.2,0.2,0.8,0.012649110640673518,3890.7730683316213,2206.865436200792,7250.38429193487,1.9453865341658105,1.103432718100396,3.625192145967435,0.648138399124979,0.030602196117771686,1.54267705254156
HtHt_6000_2000,HtHt,6000,2000,85,100,1.6,1.4,/eos/uscms/store/user/aji/rootfiles_existingOptimization/HtHt_6000_2000_pt100_ak16_ca14_th85.root,ok,,1000,1000,1.0,0.0,0.005,0.0022304708023195463,0.0025,0.168,0.136,0.136,0.864,0.010839926199010766,4992.174861743548,2444.384545270708,7727.3389389854765,2.496087430871774,1.222192272635354,3.8636694694927383,0.5291235323305226,0.03181103406685168,1.5427322754177
HtHt_6000_2000,HtHt,6000,2000,85,100,1.4,1.6,/eos/uscms/store/user/aji/rootfiles_existingOptimization/HtHt_6000_2000_pt100_ak14_ca16_th85.root,ok,,1000,1000,1.0,0.0,0.016,0.003967870965643918,0.008,0.253,0.191,0.191,0.8089999999999999,0.01243056716324722,3934.983808829007,2100.3975338301843,7247.2724211521945,1.9674919044145036,1.0501987669150923,3.6236362105760973,0.6539893348193526,0.06011411421773448,1.559738525260803
HtHt_6000_2000,HtHt,6000,2000,85,100,1.6,1.6,/eos/uscms/store/user/aji/rootfiles_existingOptimization/HtHt_6000_2000_pt100_ak16_ca16_th85.root,ok,,1000,1000,1.0,0.0,0.01,0.003146426544510455,0.005,0.173,0.127,0.127,0.873,0.010529529904036551,4923.9325184567515,2410.9145920059786,7745.468112889751,2.461966259228376,1.2054572960029892,3.872734056444876,0.5416964490158891,0.05637886930150697,1.5608930749387266
HtHt_6000_2000,HtHt,6000,2000,85,140,1.6,1.6,/eos/uscms/store/user/aji/rootfiles_existingOptimization/HtHt_6000_2000_pt140_ak16_ca16_th85.root,ok,,1000,1000,1.0,0.0,0.023,0.004740358636221525,0.0115,0.2965,0.22,0.22,0.78,0.01309961831505025,3179.1709226659787,2066.7861374700674,6690.2035200453265,1.5895854613329892,1.0333930687350337,3.345101760022663,0.7271419963004331,0.05820226444945029,1.566100542433732
HtHt_6000_2000,HtHt,6000,2000,85,120,1.6,1.6,/eos/uscms/store/user/aji/rootfiles_existingOptimization/HtHt_6000_2000_pt120_ak16_ca16_th85.root,ok,,1000,1000,1.0,0.0,0.014,0.003715373467095872,0.007,0.2415,0.181,0.181,0.819,0.012175343937647102,3898.5482681306585,2150.646370541639,7380.457709366484,1.9492741340653292,1.0753231852708194,3.6902288546832422,0.6707383081000717,0.05536010306043984,1.5846657215066047
HtHt_6000_2000,HtHt,6000,2000,85,100,0.8,0.4,/eos/uscms/store/user/aji/rootfiles_existingOptimization/HtHt_6000_2000_pt100_ak8_ca4_th85.root,failed,/eos/uscms/store/user/aji/rootfiles_existingOptimization/HtHt_6000_2000_pt100_ak8_ca4_th85.root,nan,nan,nan,nan,nan,nan,nan,nan,nan,nan,nan,nan,nan,nan,nan,nan,nan,nan,nan,nan,nan
HtHt_6000_2000,HtHt,6000,2000,85,100,1.0,0.4,/eos/uscms/store/user/aji/rootfiles_existingOptimization/HtHt_6000_2000_pt100_ak10_ca4_th85.root,failed,/eos/uscms/store/user/aji/rootfiles_existingOptimization/HtHt_6000_2000_pt100_ak10_ca4_th85.root,nan,nan,nan,nan,nan,nan,nan,nan,nan,nan,nan,nan,nan,nan,nan,nan,nan,nan,nan,nan,nan
HtHt_6000_2000,HtHt,6000,2000,85,100,1.0,0.6,/eos/uscms/store/user/aji/rootfiles_existingOptimization/HtHt_6000_2000_pt100_ak10_ca6_th85.root,failed,/eos/uscms/store/user/aji/rootfiles_existingOptimization/HtHt_6000_2000_pt100_ak10_ca6_th85.root,nan,nan,nan,nan,nan,nan,nan,nan,nan,nan,nan,nan,nan,nan,nan,nan,nan,nan,nan,nan,nan
HtHt_6000_2000,HtHt,6000,2000,85,100,1.2,0.4,/eos/uscms/store/user/aji/rootfiles_existingOptimization/HtHt_6000_2000_pt100_ak12_ca4_th85.root,failed,/eos/uscms/store/user/aji/rootfiles_existingOptimization/HtHt_6000_2000_pt100_ak12_ca4_th85.root,nan,nan,nan,nan,nan,nan,nan,nan,nan,nan,nan,nan,nan,nan,nan,nan,nan,nan,nan,nan,nan
HtHt_6000_2000,HtHt,6000,2000,85,100,1.2,0.6,/eos/uscms/store/user/aji/rootfiles_existingOptimization/HtHt_6000_2000_pt100_ak12_ca6_th85.root,failed,/eos/uscms/store/user/aji/rootfiles_existingOptimization/HtHt_6000_2000_pt100_ak12_ca6_th85.root,nan,nan,nan,nan,nan,nan,nan,nan,nan,nan,nan,nan,nan,nan,nan,nan,nan,nan,nan,nan,nan
HtHt_6000_2000,HtHt,6000,2000,85,100,1.2,0.8,/eos/uscms/store/user/aji/rootfiles_existingOptimization/HtHt_6000_2000_pt100_ak12_ca8_th85.root,failed,/eos/uscms/store/user/aji/rootfiles_existingOptimization/HtHt_6000_2000_pt100_ak12_ca8_th85.root,nan,nan,nan,nan,nan,nan,nan,nan,nan,nan,nan,nan,nan,nan,nan,nan,nan,nan,nan,nan,nan
HtHt_6000_2000,HtHt,6000,2000,85,100,1.4,0.4,/eos/uscms/store/user/aji/rootfiles_existingOptimization/HtHt_6000_2000_pt100_ak14_ca4_th85.root,failed,/eos/uscms/store/user/aji/rootfiles_existingOptimization/HtHt_6000_2000_pt100_ak14_ca4_th85.root,nan,nan,nan,nan,nan,nan,nan,nan,nan,nan,nan,nan,nan,nan,nan,nan,nan,nan,nan,nan,nan
HtHt_6000_2000,HtHt,6000,2000,85,100,1.4,0.6,/eos/uscms/store/user/aji/rootfiles_existingOptimization/HtHt_6000_2000_pt100_ak14_ca6_th85.root,failed,/eos/uscms/store/user/aji/rootfiles_existingOptimization/HtHt_6000_2000_pt100_ak14_ca6_th85.root,nan,nan,nan,nan,nan,nan,nan,nan,nan,nan,nan,nan,nan,nan,nan,nan,nan,nan,nan,nan,nan
HtHt_6000_2000,HtHt,6000,2000,85,100,1.4,0.8,/eos/uscms/store/user/aji/rootfiles_existingOptimization/HtHt_6000_2000_pt100_ak14_ca8_th85.root,failed,/eos/uscms/store/user/aji/rootfiles_existingOptimization/HtHt_6000_2000_pt100_ak14_ca8_th85.root,nan,nan,nan,nan,nan,nan,nan,nan,nan,nan,nan,nan,nan,nan,nan,nan,nan,nan,nan,nan,nan
HtHt_6000_2000,HtHt,6000,2000,85,100,1.4,1.0,/eos/uscms/store/user/aji/rootfiles_existingOptimization/HtHt_6000_2000_pt100_ak14_ca10_th85.root,failed,/eos/uscms/store/user/aji/rootfiles_existingOptimization/HtHt_6000_2000_pt100_ak14_ca10_th85.root,nan,nan,nan,nan,nan,nan,nan,nan,nan,nan,nan,nan,nan,nan,nan,nan,nan,nan,nan,nan,nan
HtHt_6000_2000,HtHt,6000,2000,85,100,1.6,0.4,/eos/uscms/store/user/aji/rootfiles_existingOptimization/HtHt_6000_2000_pt100_ak16_ca4_th85.root,failed,/eos/uscms/store/user/aji/rootfiles_existingOptimization/HtHt_6000_2000_pt100_ak16_ca4_th85.root,nan,nan,nan,nan,nan,nan,nan,nan,nan,nan,nan,nan,nan,nan,nan,nan,nan,nan,nan,nan,nan
HtHt_6000_2000,HtHt,6000,2000,85,100,1.6,0.6,/eos/uscms/store/user/aji/rootfiles_existingOptimization/HtHt_6000_2000_pt100_ak16_ca6_th85.root,failed,/eos/uscms/store/user/aji/rootfiles_existingOptimization/HtHt_6000_2000_pt100_ak16_ca6_th85.root,nan,nan,nan,nan,nan,nan,nan,nan,nan,nan,nan,nan,nan,nan,nan,nan,nan,nan,nan,nan,nan
HtHt_6000_2000,HtHt,6000,2000,85,100,1.6,0.8,/eos/uscms/store/user/aji/rootfiles_existingOptimization/HtHt_6000_2000_pt100_ak16_ca8_th85.root,failed,/eos/uscms/store/user/aji/rootfiles_existingOptimization/HtHt_6000_2000_pt100_ak16_ca8_th85.root,nan,nan,nan,nan,nan,nan,nan,nan,nan,nan,nan,nan,nan,nan,nan,nan,nan,nan,nan,nan,nan
HtHt_6000_2000,HtHt,6000,2000,85,100,1.6,1.0,/eos/uscms/store/user/aji/rootfiles_existingOptimization/HtHt_6000_2000_pt100_ak16_ca10_th85.root,failed,/eos/uscms/store/user/aji/rootfiles_existingOptimization/HtHt_6000_2000_pt100_ak16_ca10_th85.root,nan,nan,nan,nan,nan,nan,nan,nan,nan,nan,nan,nan,nan,nan,nan,nan,nan,nan,nan,nan,nan
HtHt_6000_2000,HtHt,6000,2000,85,100,1.6,1.2,/eos/uscms/store/user/aji/rootfiles_existingOptimization/HtHt_6000_2000_pt100_ak16_ca12_th85.root,failed,/eos/uscms/store/user/aji/rootfiles_existingOptimization/HtHt_6000_2000_pt100_ak16_ca12_th85.root,nan,nan,nan,nan,nan,nan,nan,nan,nan,nan,nan,nan,nan,nan,nan,nan,nan,nan,nan,nan,nan
HtHt_6000_2000,HtHt,6000,2000,85,120,0.8,0.4,/eos/uscms/store/user/aji/rootfiles_existingOptimization/HtHt_6000_2000_pt120_ak8_ca4_th85.root,failed,/eos/uscms/store/user/aji/rootfiles_existingOptimization/HtHt_6000_2000_pt120_ak8_ca4_th85.root,nan,nan,nan,nan,nan,nan,nan,nan,nan,nan,nan,nan,nan,nan,nan,nan,nan,nan,nan,nan,nan
HtHt_6000_2000,HtHt,6000,2000,85,120,1.0,0.4,/eos/uscms/store/user/aji/rootfiles_existingOptimization/HtHt_6000_2000_pt120_ak10_ca4_th85.root,failed,/eos/uscms/store/user/aji/rootfiles_existingOptimization/HtHt_6000_2000_pt120_ak10_ca4_th85.root,nan,nan,nan,nan,nan,nan,nan,nan,nan,nan,nan,nan,nan,nan,nan,nan,nan,nan,nan,nan,nan
HtHt_6000_2000,HtHt,6000,2000,85,120,1.0,0.6,/eos/uscms/store/user/aji/rootfiles_existingOptimization/HtHt_6000_2000_pt120_ak10_ca6_th85.root,failed,/eos/uscms/store/user/aji/rootfiles_existingOptimization/HtHt_6000_2000_pt120_ak10_ca6_th85.root,nan,nan,nan,nan,nan,nan,nan,nan,nan,nan,nan,nan,nan,nan,nan,nan,nan,nan,nan,nan,nan
HtHt_6000_2000,HtHt,6000,2000,85,120,1.2,0.4,/eos/uscms/store/user/aji/rootfiles_existingOptimization/HtHt_6000_2000_pt120_ak12_ca4_th85.root,failed,/eos/uscms/store/user/aji/rootfiles_existingOptimization/HtHt_6000_2000_pt120_ak12_ca4_th85.root,nan,nan,nan,nan,nan,nan,nan,nan,nan,nan,nan,nan,nan,nan,nan,nan,nan,nan,nan,nan,nan
HtHt_6000_2000,HtHt,6000,2000,85,120,1.2,0.6,/eos/uscms/store/user/aji/rootfiles_existingOptimization/HtHt_6000_2000_pt120_ak12_ca6_th85.root,failed,/eos/uscms/store/user/aji/rootfiles_existingOptimization/HtHt_6000_2000_pt120_ak12_ca6_th85.root,nan,nan,nan,nan,nan,nan,nan,nan,nan,nan,nan,nan,nan,nan,nan,nan,nan,nan,nan,nan,nan
HtHt_6000_2000,HtHt,6000,2000,85,120,1.2,0.8,/eos/uscms/store/user/aji/rootfiles_existingOptimization/HtHt_6000_2000_pt120_ak12_ca8_th85.root,failed,/eos/uscms/store/user/aji/rootfiles_existingOptimization/HtHt_6000_2000_pt120_ak12_ca8_th85.root,nan,nan,nan,nan,nan,nan,nan,nan,nan,nan,nan,nan,nan,nan,nan,nan,nan,nan,nan,nan,nan
HtHt_6000_2000,HtHt,6000,2000,85,120,1.4,0.4,/eos/uscms/store/user/aji/rootfiles_existingOptimization/HtHt_6000_2000_pt120_ak14_ca4_th85.root,failed,/eos/uscms/store/user/aji/rootfiles_existingOptimization/HtHt_6000_2000_pt120_ak14_ca4_th85.root,nan,nan,nan,nan,nan,nan,nan,nan,nan,nan,nan,nan,nan,nan,nan,nan,nan,nan,nan,nan,nan
HtHt_6000_2000,HtHt,6000,2000,85,120,1.4,0.6,/eos/uscms/store/user/aji/rootfiles_existingOptimization/HtHt_6000_2000_pt120_ak14_ca6_th85.root,failed,/eos/uscms/store/user/aji/rootfiles_existingOptimization/HtHt_6000_2000_pt120_ak14_ca6_th85.root,nan,nan,nan,nan,nan,nan,nan,nan,nan,nan,nan,nan,nan,nan,nan,nan,nan,nan,nan,nan,nan
HtHt_6000_2000,HtHt,6000,2000,85,120,1.4,0.8,/eos/uscms/store/user/aji/rootfiles_existingOptimization/HtHt_6000_2000_pt120_ak14_ca8_th85.root,failed,/eos/uscms/store/user/aji/rootfiles_existingOptimization/HtHt_6000_2000_pt120_ak14_ca8_th85.root,nan,nan,nan,nan,nan,nan,nan,nan,nan,nan,nan,nan,nan,nan,nan,nan,nan,nan,nan,nan,nan
HtHt_6000_2000,HtHt,6000,2000,85,120,1.4,1.0,/eos/uscms/store/user/aji/rootfiles_existingOptimization/HtHt_6000_2000_pt120_ak14_ca10_th85.root,failed,/eos/uscms/store/user/aji/rootfiles_existingOptimization/HtHt_6000_2000_pt120_ak14_ca10_th85.root,nan,nan,nan,nan,nan,nan,nan,nan,nan,nan,nan,nan,nan,nan,nan,nan,nan,nan,nan,nan,nan
HtHt_6000_2000,HtHt,6000,2000,85,120,1.6,0.4,/eos/uscms/store/user/aji/rootfiles_existingOptimization/HtHt_6000_2000_pt120_ak16_ca4_th85.root,failed,/eos/uscms/store/user/aji/rootfiles_existingOptimization/HtHt_6000_2000_pt120_ak16_ca4_th85.root,nan,nan,nan,nan,nan,nan,nan,nan,nan,nan,nan,nan,nan,nan,nan,nan,nan,nan,nan,nan,nan
HtHt_6000_2000,HtHt,6000,2000,85,120,1.6,0.6,/eos/uscms/store/user/aji/rootfiles_existingOptimization/HtHt_6000_2000_pt120_ak16_ca6_th85.root,failed,/eos/uscms/store/user/aji/rootfiles_existingOptimization/HtHt_6000_2000_pt120_ak16_ca6_th85.root,nan,nan,nan,nan,nan,nan,nan,nan,nan,nan,nan,nan,nan,nan,nan,nan,nan,nan,nan,nan,nan
HtHt_6000_2000,HtHt,6000,2000,85,120,1.6,0.8,/eos/uscms/store/user/aji/rootfiles_existingOptimization/HtHt_6000_2000_pt120_ak16_ca8_th85.root,failed,/eos/uscms/store/user/aji/rootfiles_existingOptimization/HtHt_6000_2000_pt120_ak16_ca8_th85.root,nan,nan,nan,nan,nan,nan,nan,nan,nan,nan,nan,nan,nan,nan,nan,nan,nan,nan,nan,nan,nan
HtHt_6000_2000,HtHt,6000,2000,85,120,1.6,1.0,/eos/uscms/store/user/aji/rootfiles_existingOptimization/HtHt_6000_2000_pt120_ak16_ca10_th85.root,failed,/eos/uscms/store/user/aji/rootfiles_existingOptimization/HtHt_6000_2000_pt120_ak16_ca10_th85.root,nan,nan,nan,nan,nan,nan,nan,nan,nan,nan,nan,nan,nan,nan,nan,nan,nan,nan,nan,nan,nan
HtHt_6000_2000,HtHt,6000,2000,85,120,1.6,1.2,/eos/uscms/store/user/aji/rootfiles_existingOptimization/HtHt_6000_2000_pt120_ak16_ca12_th85.root,failed,/eos/uscms/store/user/aji/rootfiles_existingOptimization/HtHt_6000_2000_pt120_ak16_ca12_th85.root,nan,nan,nan,nan,nan,nan,nan,nan,nan,nan,nan,nan,nan,nan,nan,nan,nan,nan,nan,nan,nan
HtHt_6000_2000,HtHt,6000,2000,85,140,0.8,0.4,/eos/uscms/store/user/aji/rootfiles_existingOptimization/HtHt_6000_2000_pt140_ak8_ca4_th85.root,failed,/eos/uscms/store/user/aji/rootfiles_existingOptimization/HtHt_6000_2000_pt140_ak8_ca4_th85.root,nan,nan,nan,nan,nan,nan,nan,nan,nan,nan,nan,nan,nan,nan,nan,nan,nan,nan,nan,nan,nan
HtHt_6000_2000,HtHt,6000,2000,85,140,1.0,0.4,/eos/uscms/store/user/aji/rootfiles_existingOptimization/HtHt_6000_2000_pt140_ak10_ca4_th85.root,failed,/eos/uscms/store/user/aji/rootfiles_existingOptimization/HtHt_6000_2000_pt140_ak10_ca4_th85.root,nan,nan,nan,nan,nan,nan,nan,nan,nan,nan,nan,nan,nan,nan,nan,nan,nan,nan,nan,nan,nan
HtHt_6000_2000,HtHt,6000,2000,85,140,1.0,0.6,/eos/uscms/store/user/aji/rootfiles_existingOptimization/HtHt_6000_2000_pt140_ak10_ca6_th85.root,failed,/eos/uscms/store/user/aji/rootfiles_existingOptimization/HtHt_6000_2000_pt140_ak10_ca6_th85.root,nan,nan,nan,nan,nan,nan,nan,nan,nan,nan,nan,nan,nan,nan,nan,nan,nan,nan,nan,nan,nan
HtHt_6000_2000,HtHt,6000,2000,85,140,1.2,0.4,/eos/uscms/store/user/aji/rootfiles_existingOptimization/HtHt_6000_2000_pt140_ak12_ca4_th85.root,failed,/eos/uscms/store/user/aji/rootfiles_existingOptimization/HtHt_6000_2000_pt140_ak12_ca4_th85.root,nan,nan,nan,nan,nan,nan,nan,nan,nan,nan,nan,nan,nan,nan,nan,nan,nan,nan,nan,nan,nan
HtHt_6000_2000,HtHt,6000,2000,85,140,1.2,0.6,/eos/uscms/store/user/aji/rootfiles_existingOptimization/HtHt_6000_2000_pt140_ak12_ca6_th85.root,failed,/eos/uscms/store/user/aji/rootfiles_existingOptimization/HtHt_6000_2000_pt140_ak12_ca6_th85.root,nan,nan,nan,nan,nan,nan,nan,nan,nan,nan,nan,nan,nan,nan,nan,nan,nan,nan,nan,nan,nan
HtHt_6000_2000,HtHt,6000,2000,85,140,1.2,0.8,/eos/uscms/store/user/aji/rootfiles_existingOptimization/HtHt_6000_2000_pt140_ak12_ca8_th85.root,failed,/eos/uscms/store/user/aji/rootfiles_existingOptimization/HtHt_6000_2000_pt140_ak12_ca8_th85.root,nan,nan,nan,nan,nan,nan,nan,nan,nan,nan,nan,nan,nan,nan,nan,nan,nan,nan,nan,nan,nan
HtHt_6000_2000,HtHt,6000,2000,85,140,1.4,0.4,/eos/uscms/store/user/aji/rootfiles_existingOptimization/HtHt_6000_2000_pt140_ak14_ca4_th85.root,failed,/eos/uscms/store/user/aji/rootfiles_existingOptimization/HtHt_6000_2000_pt140_ak14_ca4_th85.root,nan,nan,nan,nan,nan,nan,nan,nan,nan,nan,nan,nan,nan,nan,nan,nan,nan,nan,nan,nan,nan
HtHt_6000_2000,HtHt,6000,2000,85,140,1.4,0.6,/eos/uscms/store/user/aji/rootfiles_existingOptimization/HtHt_6000_2000_pt140_ak14_ca6_th85.root,failed,/eos/uscms/store/user/aji/rootfiles_existingOptimization/HtHt_6000_2000_pt140_ak14_ca6_th85.root,nan,nan,nan,nan,nan,nan,nan,nan,nan,nan,nan,nan,nan,nan,nan,nan,nan,nan,nan,nan,nan
HtHt_6000_2000,HtHt,6000,2000,85,140,1.4,0.8,/eos/uscms/store/user/aji/rootfiles_existingOptimization/HtHt_6000_2000_pt140_ak14_ca8_th85.root,failed,/eos/uscms/store/user/aji/rootfiles_existingOptimization/HtHt_6000_2000_pt140_ak14_ca8_th85.root,nan,nan,nan,nan,nan,nan,nan,nan,nan,nan,nan,nan,nan,nan,nan,nan,nan,nan,nan,nan,nan
HtHt_6000_2000,HtHt,6000,2000,85,140,1.4,1.0,/eos/uscms/store/user/aji/rootfiles_existingOptimization/HtHt_6000_2000_pt140_ak14_ca10_th85.root,failed,/eos/uscms/store/user/aji/rootfiles_existingOptimization/HtHt_6000_2000_pt140_ak14_ca10_th85.root,nan,nan,nan,nan,nan,nan,nan,nan,nan,nan,nan,nan,nan,nan,nan,nan,nan,nan,nan,nan,nan
HtHt_6000_2000,HtHt,6000,2000,85,140,1.6,0.4,/eos/uscms/store/user/aji/rootfiles_existingOptimization/HtHt_6000_2000_pt140_ak16_ca4_th85.root,failed,/eos/uscms/store/user/aji/rootfiles_existingOptimization/HtHt_6000_2000_pt140_ak16_ca4_th85.root,nan,nan,nan,nan,nan,nan,nan,nan,nan,nan,nan,nan,nan,nan,nan,nan,nan,nan,nan,nan,nan
HtHt_6000_2000,HtHt,6000,2000,85,140,1.6,0.6,/eos/uscms/store/user/aji/rootfiles_existingOptimization/HtHt_6000_2000_pt140_ak16_ca6_th85.root,failed,/eos/uscms/store/user/aji/rootfiles_existingOptimization/HtHt_6000_2000_pt140_ak16_ca6_th85.root,nan,nan,nan,nan,nan,nan,nan,nan,nan,nan,nan,nan,nan,nan,nan,nan,nan,nan,nan,nan,nan
HtHt_6000_2000,HtHt,6000,2000,85,140,1.6,0.8,/eos/uscms/store/user/aji/rootfiles_existingOptimization/HtHt_6000_2000_pt140_ak16_ca8_th85.root,failed,/eos/uscms/store/user/aji/rootfiles_existingOptimization/HtHt_6000_2000_pt140_ak16_ca8_th85.root,nan,nan,nan,nan,nan,nan,nan,nan,nan,nan,nan,nan,nan,nan,nan,nan,nan,nan,nan,nan,nan
HtHt_6000_2000,HtHt,6000,2000,85,140,1.6,1.0,/eos/uscms/store/user/aji/rootfiles_existingOptimization/HtHt_6000_2000_pt140_ak16_ca10_th85.root,failed,/eos/uscms/store/user/aji/rootfiles_existingOptimization/HtHt_6000_2000_pt140_ak16_ca10_th85.root,nan,nan,nan,nan,nan,nan,nan,nan,nan,nan,nan,nan,nan,nan,nan,nan,nan,nan,nan,nan,nan
HtHt_6000_2000,HtHt,6000,2000,85,140,1.6,1.2,/eos/uscms/store/user/aji/rootfiles_existingOptimization/HtHt_6000_2000_pt140_ak16_ca12_th85.root,failed,/eos/uscms/store/user/aji/rootfiles_existingOptimization/HtHt_6000_2000_pt140_ak16_ca12_th85.root,nan,nan,nan,nan,nan,nan,nan,nan,nan,nan,nan,nan,nan,nan,nan,nan,nan,nan,nan,nan,nan
HtHt_6000_2000,HtHt,6000,2000,85,160,0.8,0.4,/eos/uscms/store/user/aji/rootfiles_existingOptimization/HtHt_6000_2000_pt160_ak8_ca4_th85.root,failed,/eos/uscms/store/user/aji/rootfiles_existingOptimization/HtHt_6000_2000_pt160_ak8_ca4_th85.root,nan,nan,nan,nan,nan,nan,nan,nan,nan,nan,nan,nan,nan,nan,nan,nan,nan,nan,nan,nan,nan
HtHt_6000_2000,HtHt,6000,2000,85,160,1.0,0.4,/eos/uscms/store/user/aji/rootfiles_existingOptimization/HtHt_6000_2000_pt160_ak10_ca4_th85.root,failed,/eos/uscms/store/user/aji/rootfiles_existingOptimization/HtHt_6000_2000_pt160_ak10_ca4_th85.root,nan,nan,nan,nan,nan,nan,nan,nan,nan,nan,nan,nan,nan,nan,nan,nan,nan,nan,nan,nan,nan
HtHt_6000_2000,HtHt,6000,2000,85,160,1.0,0.6,/eos/uscms/store/user/aji/rootfiles_existingOptimization/HtHt_6000_2000_pt160_ak10_ca6_th85.root,failed,/eos/uscms/store/user/aji/rootfiles_existingOptimization/HtHt_6000_2000_pt160_ak10_ca6_th85.root,nan,nan,nan,nan,nan,nan,nan,nan,nan,nan,nan,nan,nan,nan,nan,nan,nan,nan,nan,nan,nan
HtHt_6000_2000,HtHt,6000,2000,85,160,1.2,0.4,/eos/uscms/store/user/aji/rootfiles_existingOptimization/HtHt_6000_2000_pt160_ak12_ca4_th85.root,failed,/eos/uscms/store/user/aji/rootfiles_existingOptimization/HtHt_6000_2000_pt160_ak12_ca4_th85.root,nan,nan,nan,nan,nan,nan,nan,nan,nan,nan,nan,nan,nan,nan,nan,nan,nan,nan,nan,nan,nan
HtHt_6000_2000,HtHt,6000,2000,85,160,1.2,0.6,/eos/uscms/store/user/aji/rootfiles_existingOptimization/HtHt_6000_2000_pt160_ak12_ca6_th85.root,failed,/eos/uscms/store/user/aji/rootfiles_existingOptimization/HtHt_6000_2000_pt160_ak12_ca6_th85.root,nan,nan,nan,nan,nan,nan,nan,nan,nan,nan,nan,nan,nan,nan,nan,nan,nan,nan,nan,nan,nan
HtHt_6000_2000,HtHt,6000,2000,85,160,1.2,0.8,/eos/uscms/store/user/aji/rootfiles_existingOptimization/HtHt_6000_2000_pt160_ak12_ca8_th85.root,failed,/eos/uscms/store/user/aji/rootfiles_existingOptimization/HtHt_6000_2000_pt160_ak12_ca8_th85.root,nan,nan,nan,nan,nan,nan,nan,nan,nan,nan,nan,nan,nan,nan,nan,nan,nan,nan,nan,nan,nan
HtHt_6000_2000,HtHt,6000,2000,85,160,1.4,0.4,/eos/uscms/store/user/aji/rootfiles_existingOptimization/HtHt_6000_2000_pt160_ak14_ca4_th85.root,failed,/eos/uscms/store/user/aji/rootfiles_existingOptimization/HtHt_6000_2000_pt160_ak14_ca4_th85.root,nan,nan,nan,nan,nan,nan,nan,nan,nan,nan,nan,nan,nan,nan,nan,nan,nan,nan,nan,nan,nan
HtHt_6000_2000,HtHt,6000,2000,85,160,1.4,0.6,/eos/uscms/store/user/aji/rootfiles_existingOptimization/HtHt_6000_2000_pt160_ak14_ca6_th85.root,failed,/eos/uscms/store/user/aji/rootfiles_existingOptimization/HtHt_6000_2000_pt160_ak14_ca6_th85.root,nan,nan,nan,nan,nan,nan,nan,nan,nan,nan,nan,nan,nan,nan,nan,nan,nan,nan,nan,nan,nan
HtHt_6000_2000,HtHt,6000,2000,85,160,1.4,0.8,/eos/uscms/store/user/aji/rootfiles_existingOptimization/HtHt_6000_2000_pt160_ak14_ca8_th85.root,failed,/eos/uscms/store/user/aji/rootfiles_existingOptimization/HtHt_6000_2000_pt160_ak14_ca8_th85.root,nan,nan,nan,nan,nan,nan,nan,nan,nan,nan,nan,nan,nan,nan,nan,nan,nan,nan,nan,nan,nan
HtHt_6000_2000,HtHt,6000,2000,85,160,1.4,1.0,/eos/uscms/store/user/aji/rootfiles_existingOptimization/HtHt_6000_2000_pt160_ak14_ca10_th85.root,failed,/eos/uscms/store/user/aji/rootfiles_existingOptimization/HtHt_6000_2000_pt160_ak14_ca10_th85.root,nan,nan,nan,nan,nan,nan,nan,nan,nan,nan,nan,nan,nan,nan,nan,nan,nan,nan,nan,nan,nan
HtHt_6000_2000,HtHt,6000,2000,85,160,1.6,0.4,/eos/uscms/store/user/aji/rootfiles_existingOptimization/HtHt_6000_2000_pt160_ak16_ca4_th85.root,failed,/eos/uscms/store/user/aji/rootfiles_existingOptimization/HtHt_6000_2000_pt160_ak16_ca4_th85.root,nan,nan,nan,nan,nan,nan,nan,nan,nan,nan,nan,nan,nan,nan,nan,nan,nan,nan,nan,nan,nan
HtHt_6000_2000,HtHt,6000,2000,85,160,1.6,0.6,/eos/uscms/store/user/aji/rootfiles_existingOptimization/HtHt_6000_2000_pt160_ak16_ca6_th85.root,failed,/eos/uscms/store/user/aji/rootfiles_existingOptimization/HtHt_6000_2000_pt160_ak16_ca6_th85.root,nan,nan,nan,nan,nan,nan,nan,nan,nan,nan,nan,nan,nan,nan,nan,nan,nan,nan,nan,nan,nan
HtHt_6000_2000,HtHt,6000,2000,85,160,1.6,0.8,/eos/uscms/store/user/aji/rootfiles_existingOptimization/HtHt_6000_2000_pt160_ak16_ca8_th85.root,failed,/eos/uscms/store/user/aji/rootfiles_existingOptimization/HtHt_6000_2000_pt160_ak16_ca8_th85.root,nan,nan,nan,nan,nan,nan,nan,nan,nan,nan,nan,nan,nan,nan,nan,nan,nan,nan,nan,nan,nan
HtHt_6000_2000,HtHt,6000,2000,85,160,1.6,1.0,/eos/uscms/store/user/aji/rootfiles_existingOptimization/HtHt_6000_2000_pt160_ak16_ca10_th85.root,failed,/eos/uscms/store/user/aji/rootfiles_existingOptimization/HtHt_6000_2000_pt160_ak16_ca10_th85.root,nan,nan,nan,nan,nan,nan,nan,nan,nan,nan,nan,nan,nan,nan,nan,nan,nan,nan,nan,nan,nan
HtHt_6000_2000,HtHt,6000,2000,85,160,1.6,1.2,/eos/uscms/store/user/aji/rootfiles_existingOptimization/HtHt_6000_2000_pt160_ak16_ca12_th85.root,failed,/eos/uscms/store/user/aji/rootfiles_existingOptimization/HtHt_6000_2000_pt160_ak16_ca12_th85.root,nan,nan,nan,nan,nan,nan,nan,nan,nan,nan,nan,nan,nan,nan,nan,nan,nan,nan,nan,nan,nan
HtHt_6000_2000,HtHt,6000,2000,85,180,0.8,0.4,/eos/uscms/store/user/aji/rootfiles_existingOptimization/HtHt_6000_2000_pt180_ak8_ca4_th85.root,failed,/eos/uscms/store/user/aji/rootfiles_existingOptimization/HtHt_6000_2000_pt180_ak8_ca4_th85.root,nan,nan,nan,nan,nan,nan,nan,nan,nan,nan,nan,nan,nan,nan,nan,nan,nan,nan,nan,nan,nan
HtHt_6000_2000,HtHt,6000,2000,85,180,1.0,0.4,/eos/uscms/store/user/aji/rootfiles_existingOptimization/HtHt_6000_2000_pt180_ak10_ca4_th85.root,failed,/eos/uscms/store/user/aji/rootfiles_existingOptimization/HtHt_6000_2000_pt180_ak10_ca4_th85.root,nan,nan,nan,nan,nan,nan,nan,nan,nan,nan,nan,nan,nan,nan,nan,nan,nan,nan,nan,nan,nan
HtHt_6000_2000,HtHt,6000,2000,85,180,1.0,0.6,/eos/uscms/store/user/aji/rootfiles_existingOptimization/HtHt_6000_2000_pt180_ak10_ca6_th85.root,failed,/eos/uscms/store/user/aji/rootfiles_existingOptimization/HtHt_6000_2000_pt180_ak10_ca6_th85.root,nan,nan,nan,nan,nan,nan,nan,nan,nan,nan,nan,nan,nan,nan,nan,nan,nan,nan,nan,nan,nan
HtHt_6000_2000,HtHt,6000,2000,85,180,1.2,0.4,/eos/uscms/store/user/aji/rootfiles_existingOptimization/HtHt_6000_2000_pt180_ak12_ca4_th85.root,failed,/eos/uscms/store/user/aji/rootfiles_existingOptimization/HtHt_6000_2000_pt180_ak12_ca4_th85.root,nan,nan,nan,nan,nan,nan,nan,nan,nan,nan,nan,nan,nan,nan,nan,nan,nan,nan,nan,nan,nan
HtHt_6000_2000,HtHt,6000,2000,85,180,1.2,0.6,/eos/uscms/store/user/aji/rootfiles_existingOptimization/HtHt_6000_2000_pt180_ak12_ca6_th85.root,failed,/eos/uscms/store/user/aji/rootfiles_existingOptimization/HtHt_6000_2000_pt180_ak12_ca6_th85.root,nan,nan,nan,nan,nan,nan,nan,nan,nan,nan,nan,nan,nan,nan,nan,nan,nan,nan,nan,nan,nan
HtHt_6000_2000,HtHt,6000,2000,85,180,1.2,0.8,/eos/uscms/store/user/aji/rootfiles_existingOptimization/HtHt_6000_2000_pt180_ak12_ca8_th85.root,failed,/eos/uscms/store/user/aji/rootfiles_existingOptimization/HtHt_6000_2000_pt180_ak12_ca8_th85.root,nan,nan,nan,nan,nan,nan,nan,nan,nan,nan,nan,nan,nan,nan,nan,nan,nan,nan,nan,nan,nan
HtHt_6000_2000,HtHt,6000,2000,85,180,1.4,0.4,/eos/uscms/store/user/aji/rootfiles_existingOptimization/HtHt_6000_2000_pt180_ak14_ca4_th85.root,failed,/eos/uscms/store/user/aji/rootfiles_existingOptimization/HtHt_6000_2000_pt180_ak14_ca4_th85.root,nan,nan,nan,nan,nan,nan,nan,nan,nan,nan,nan,nan,nan,nan,nan,nan,nan,nan,nan,nan,nan
HtHt_6000_2000,HtHt,6000,2000,85,180,1.4,0.6,/eos/uscms/store/user/aji/rootfiles_existingOptimization/HtHt_6000_2000_pt180_ak14_ca6_th85.root,failed,/eos/uscms/store/user/aji/rootfiles_existingOptimization/HtHt_6000_2000_pt180_ak14_ca6_th85.root,nan,nan,nan,nan,nan,nan,nan,nan,nan,nan,nan,nan,nan,nan,nan,nan,nan,nan,nan,nan,nan
HtHt_6000_2000,HtHt,6000,2000,85,180,1.4,0.8,/eos/uscms/store/user/aji/rootfiles_existingOptimization/HtHt_6000_2000_pt180_ak14_ca8_th85.root,failed,/eos/uscms/store/user/aji/rootfiles_existingOptimization/HtHt_6000_2000_pt180_ak14_ca8_th85.root,nan,nan,nan,nan,nan,nan,nan,nan,nan,nan,nan,nan,nan,nan,nan,nan,nan,nan,nan,nan,nan
HtHt_6000_2000,HtHt,6000,2000,85,180,1.4,1.0,/eos/uscms/store/user/aji/rootfiles_existingOptimization/HtHt_6000_2000_pt180_ak14_ca10_th85.root,failed,/eos/uscms/store/user/aji/rootfiles_existingOptimization/HtHt_6000_2000_pt180_ak14_ca10_th85.root,nan,nan,nan,nan,nan,nan,nan,nan,nan,nan,nan,nan,nan,nan,nan,nan,nan,nan,nan,nan,nan
HtHt_6000_2000,HtHt,6000,2000,85,180,1.6,0.4,/eos/uscms/store/user/aji/rootfiles_existingOptimization/HtHt_6000_2000_pt180_ak16_ca4_th85.root,failed,/eos/uscms/store/user/aji/rootfiles_existingOptimization/HtHt_6000_2000_pt180_ak16_ca4_th85.root,nan,nan,nan,nan,nan,nan,nan,nan,nan,nan,nan,nan,nan,nan,nan,nan,nan,nan,nan,nan,nan
HtHt_6000_2000,HtHt,6000,2000,85,180,1.6,0.6,/eos/uscms/store/user/aji/rootfiles_existingOptimization/HtHt_6000_2000_pt180_ak16_ca6_th85.root,failed,/eos/uscms/store/user/aji/rootfiles_existingOptimization/HtHt_6000_2000_pt180_ak16_ca6_th85.root,nan,nan,nan,nan,nan,nan,nan,nan,nan,nan,nan,nan,nan,nan,nan,nan,nan,nan,nan,nan,nan
HtHt_6000_2000,HtHt,6000,2000,85,180,1.6,0.8,/eos/uscms/store/user/aji/rootfiles_existingOptimization/HtHt_6000_2000_pt180_ak16_ca8_th85.root,failed,/eos/uscms/store/user/aji/rootfiles_existingOptimization/HtHt_6000_2000_pt180_ak16_ca8_th85.root,nan,nan,nan,nan,nan,nan,nan,nan,nan,nan,nan,nan,nan,nan,nan,nan,nan,nan,nan,nan,nan
HtHt_6000_2000,HtHt,6000,2000,85,180,1.6,1.0,/eos/uscms/store/user/aji/rootfiles_existingOptimization/HtHt_6000_2000_pt180_ak16_ca10_th85.root,failed,/eos/uscms/store/user/aji/rootfiles_existingOptimization/HtHt_6000_2000_pt180_ak16_ca10_th85.root,nan,nan,nan,nan,nan,nan,nan,nan,nan,nan,nan,nan,nan,nan,nan,nan,nan,nan,nan,nan,nan
HtHt_6000_2000,HtHt,6000,2000,85,180,1.6,1.2,/eos/uscms/store/user/aji/rootfiles_existingOptimization/HtHt_6000_2000_pt180_ak16_ca12_th85.root,failed,/eos/uscms/store/user/aji/rootfiles_existingOptimization/HtHt_6000_2000_pt180_ak16_ca12_th85.root,nan,nan,nan,nan,nan,nan,nan,nan,nan,nan,nan,nan,nan,nan,nan,nan,nan,nan,nan,nan,nan
HtHt_6000_2000,HtHt,6000,2000,85,200,0.8,0.4,/eos/uscms/store/user/aji/rootfiles_existingOptimization/HtHt_6000_2000_pt200_ak8_ca4_th85.root,failed,/eos/uscms/store/user/aji/rootfiles_existingOptimization/HtHt_6000_2000_pt200_ak8_ca4_th85.root,nan,nan,nan,nan,nan,nan,nan,nan,nan,nan,nan,nan,nan,nan,nan,nan,nan,nan,nan,nan,nan
HtHt_6000_2000,HtHt,6000,2000,85,200,1.0,0.4,/eos/uscms/store/user/aji/rootfiles_existingOptimization/HtHt_6000_2000_pt200_ak10_ca4_th85.root,failed,/eos/uscms/store/user/aji/rootfiles_existingOptimization/HtHt_6000_2000_pt200_ak10_ca4_th85.root,nan,nan,nan,nan,nan,nan,nan,nan,nan,nan,nan,nan,nan,nan,nan,nan,nan,nan,nan,nan,nan
HtHt_6000_2000,HtHt,6000,2000,85,200,1.0,0.6,/eos/uscms/store/user/aji/rootfiles_existingOptimization/HtHt_6000_2000_pt200_ak10_ca6_th85.root,failed,/eos/uscms/store/user/aji/rootfiles_existingOptimization/HtHt_6000_2000_pt200_ak10_ca6_th85.root,nan,nan,nan,nan,nan,nan,nan,nan,nan,nan,nan,nan,nan,nan,nan,nan,nan,nan,nan,nan,nan
HtHt_6000_2000,HtHt,6000,2000,85,200,1.2,0.4,/eos/uscms/store/user/aji/rootfiles_existingOptimization/HtHt_6000_2000_pt200_ak12_ca4_th85.root,failed,/eos/uscms/store/user/aji/rootfiles_existingOptimization/HtHt_6000_2000_pt200_ak12_ca4_th85.root,nan,nan,nan,nan,nan,nan,nan,nan,nan,nan,nan,nan,nan,nan,nan,nan,nan,nan,nan,nan,nan
HtHt_6000_2000,HtHt,6000,2000,85,200,1.2,0.6,/eos/uscms/store/user/aji/rootfiles_existingOptimization/HtHt_6000_2000_pt200_ak12_ca6_th85.root,failed,/eos/uscms/store/user/aji/rootfiles_existingOptimization/HtHt_6000_2000_pt200_ak12_ca6_th85.root,nan,nan,nan,nan,nan,nan,nan,nan,nan,nan,nan,nan,nan,nan,nan,nan,nan,nan,nan,nan,nan
HtHt_6000_2000,HtHt,6000,2000,85,200,1.2,0.8,/eos/uscms/store/user/aji/rootfiles_existingOptimization/HtHt_6000_2000_pt200_ak12_ca8_th85.root,failed,/eos/uscms/store/user/aji/rootfiles_existingOptimization/HtHt_6000_2000_pt200_ak12_ca8_th85.root,nan,nan,nan,nan,nan,nan,nan,nan,nan,nan,nan,nan,nan,nan,nan,nan,nan,nan,nan,nan,nan
HtHt_6000_2000,HtHt,6000,2000,85,200,1.4,0.4,/eos/uscms/store/user/aji/rootfiles_existingOptimization/HtHt_6000_2000_pt200_ak14_ca4_th85.root,failed,/eos/uscms/store/user/aji/rootfiles_existingOptimization/HtHt_6000_2000_pt200_ak14_ca4_th85.root,nan,nan,nan,nan,nan,nan,nan,nan,nan,nan,nan,nan,nan,nan,nan,nan,nan,nan,nan,nan,nan
HtHt_6000_2000,HtHt,6000,2000,85,200,1.4,0.6,/eos/uscms/store/user/aji/rootfiles_existingOptimization/HtHt_6000_2000_pt200_ak14_ca6_th85.root,failed,/eos/uscms/store/user/aji/rootfiles_existingOptimization/HtHt_6000_2000_pt200_ak14_ca6_th85.root,nan,nan,nan,nan,nan,nan,nan,nan,nan,nan,nan,nan,nan,nan,nan,nan,nan,nan,nan,nan,nan
HtHt_6000_2000,HtHt,6000,2000,85,200,1.4,0.8,/eos/uscms/store/user/aji/rootfiles_existingOptimization/HtHt_6000_2000_pt200_ak14_ca8_th85.root,failed,/eos/uscms/store/user/aji/rootfiles_existingOptimization/HtHt_6000_2000_pt200_ak14_ca8_th85.root,nan,nan,nan,nan,nan,nan,nan,nan,nan,nan,nan,nan,nan,nan,nan,nan,nan,nan,nan,nan,nan
HtHt_6000_2000,HtHt,6000,2000,85,200,1.4,1.0,/eos/uscms/store/user/aji/rootfiles_existingOptimization/HtHt_6000_2000_pt200_ak14_ca10_th85.root,failed,/eos/uscms/store/user/aji/rootfiles_existingOptimization/HtHt_6000_2000_pt200_ak14_ca10_th85.root,nan,nan,nan,nan,nan,nan,nan,nan,nan,nan,nan,nan,nan,nan,nan,nan,nan,nan,nan,nan,nan
HtHt_6000_2000,HtHt,6000,2000,85,200,1.6,0.4,/eos/uscms/store/user/aji/rootfiles_existingOptimization/HtHt_6000_2000_pt200_ak16_ca4_th85.root,failed,/eos/uscms/store/user/aji/rootfiles_existingOptimization/HtHt_6000_2000_pt200_ak16_ca4_th85.root,nan,nan,nan,nan,nan,nan,nan,nan,nan,nan,nan,nan,nan,nan,nan,nan,nan,nan,nan,nan,nan
HtHt_6000_2000,HtHt,6000,2000,85,200,1.6,0.6,/eos/uscms/store/user/aji/rootfiles_existingOptimization/HtHt_6000_2000_pt200_ak16_ca6_th85.root,failed,/eos/uscms/store/user/aji/rootfiles_existingOptimization/HtHt_6000_2000_pt200_ak16_ca6_th85.root,nan,nan,nan,nan,nan,nan,nan,nan,nan,nan,nan,nan,nan,nan,nan,nan,nan,nan,nan,nan,nan
HtHt_6000_2000,HtHt,6000,2000,85,200,1.6,0.8,/eos/uscms/store/user/aji/rootfiles_existingOptimization/HtHt_6000_2000_pt200_ak16_ca8_th85.root,failed,/eos/uscms/store/user/aji/rootfiles_existingOptimization/HtHt_6000_2000_pt200_ak16_ca8_th85.root,nan,nan,nan,nan,nan,nan,nan,nan,nan,nan,nan,nan,nan,nan,nan,nan,nan,nan,nan,nan,nan
HtHt_6000_2000,HtHt,6000,2000,85,200,1.6,1.0,/eos/uscms/store/user/aji/rootfiles_existingOptimization/HtHt_6000_2000_pt200_ak16_ca10_th85.root,failed,/eos/uscms/store/user/aji/rootfiles_existingOptimization/HtHt_6000_2000_pt200_ak16_ca10_th85.root,nan,nan,nan,nan,nan,nan,nan,nan,nan,nan,nan,nan,nan,nan,nan,nan,nan,nan,nan,nan,nan
HtHt_6000_2000,HtHt,6000,2000,85,200,1.6,1.2,/eos/uscms/store/user/aji/rootfiles_existingOptimization/HtHt_6000_2000_pt200_ak16_ca12_th85.root,failed,/eos/uscms/store/user/aji/rootfiles_existingOptimization/HtHt_6000_2000_pt200_ak16_ca12_th85.root,nan,nan,nan,nan,nan,nan,nan,nan,nan,nan,nan,nan,nan,nan,nan,nan,nan,nan,nan,nan,nan
HtHt_6000_2000,HtHt,6000,2000,85,220,0.8,0.4,/eos/uscms/store/user/aji/rootfiles_existingOptimization/HtHt_6000_2000_pt220_ak8_ca4_th85.root,failed,/eos/uscms/store/user/aji/rootfiles_existingOptimization/HtHt_6000_2000_pt220_ak8_ca4_th85.root,nan,nan,nan,nan,nan,nan,nan,nan,nan,nan,nan,nan,nan,nan,nan,nan,nan,nan,nan,nan,nan
HtHt_6000_2000,HtHt,6000,2000,85,220,1.0,0.4,/eos/uscms/store/user/aji/rootfiles_existingOptimization/HtHt_6000_2000_pt220_ak10_ca4_th85.root,failed,/eos/uscms/store/user/aji/rootfiles_existingOptimization/HtHt_6000_2000_pt220_ak10_ca4_th85.root,nan,nan,nan,nan,nan,nan,nan,nan,nan,nan,nan,nan,nan,nan,nan,nan,nan,nan,nan,nan,nan
HtHt_6000_2000,HtHt,6000,2000,85,220,1.0,0.6,/eos/uscms/store/user/aji/rootfiles_existingOptimization/HtHt_6000_2000_pt220_ak10_ca6_th85.root,failed,/eos/uscms/store/user/aji/rootfiles_existingOptimization/HtHt_6000_2000_pt220_ak10_ca6_th85.root,nan,nan,nan,nan,nan,nan,nan,nan,nan,nan,nan,nan,nan,nan,nan,nan,nan,nan,nan,nan,nan
HtHt_6000_2000,HtHt,6000,2000,85,220,1.2,0.4,/eos/uscms/store/user/aji/rootfiles_existingOptimization/HtHt_6000_2000_pt220_ak12_ca4_th85.root,failed,/eos/uscms/store/user/aji/rootfiles_existingOptimization/HtHt_6000_2000_pt220_ak12_ca4_th85.root,nan,nan,nan,nan,nan,nan,nan,nan,nan,nan,nan,nan,nan,nan,nan,nan,nan,nan,nan,nan,nan
HtHt_6000_2000,HtHt,6000,2000,85,220,1.2,0.6,/eos/uscms/store/user/aji/rootfiles_existingOptimization/HtHt_6000_2000_pt220_ak12_ca6_th85.root,failed,/eos/uscms/store/user/aji/rootfiles_existingOptimization/HtHt_6000_2000_pt220_ak12_ca6_th85.root,nan,nan,nan,nan,nan,nan,nan,nan,nan,nan,nan,nan,nan,nan,nan,nan,nan,nan,nan,nan,nan
HtHt_6000_2000,HtHt,6000,2000,85,220,1.2,0.8,/eos/uscms/store/user/aji/rootfiles_existingOptimization/HtHt_6000_2000_pt220_ak12_ca8_th85.root,failed,/eos/uscms/store/user/aji/rootfiles_existingOptimization/HtHt_6000_2000_pt220_ak12_ca8_th85.root,nan,nan,nan,nan,nan,nan,nan,nan,nan,nan,nan,nan,nan,nan,nan,nan,nan,nan,nan,nan,nan
HtHt_6000_2000,HtHt,6000,2000,85,220,1.4,0.4,/eos/uscms/store/user/aji/rootfiles_existingOptimization/HtHt_6000_2000_pt220_ak14_ca4_th85.root,failed,/eos/uscms/store/user/aji/rootfiles_existingOptimization/HtHt_6000_2000_pt220_ak14_ca4_th85.root,nan,nan,nan,nan,nan,nan,nan,nan,nan,nan,nan,nan,nan,nan,nan,nan,nan,nan,nan,nan,nan
HtHt_6000_2000,HtHt,6000,2000,85,220,1.4,0.6,/eos/uscms/store/user/aji/rootfiles_existingOptimization/HtHt_6000_2000_pt220_ak14_ca6_th85.root,failed,/eos/uscms/store/user/aji/rootfiles_existingOptimization/HtHt_6000_2000_pt220_ak14_ca6_th85.root,nan,nan,nan,nan,nan,nan,nan,nan,nan,nan,nan,nan,nan,nan,nan,nan,nan,nan,nan,nan,nan
HtHt_6000_2000,HtHt,6000,2000,85,220,1.4,0.8,/eos/uscms/store/user/aji/rootfiles_existingOptimization/HtHt_6000_2000_pt220_ak14_ca8_th85.root,failed,/eos/uscms/store/user/aji/rootfiles_existingOptimization/HtHt_6000_2000_pt220_ak14_ca8_th85.root,nan,nan,nan,nan,nan,nan,nan,nan,nan,nan,nan,nan,nan,nan,nan,nan,nan,nan,nan,nan,nan
HtHt_6000_2000,HtHt,6000,2000,85,220,1.4,1.0,/eos/uscms/store/user/aji/rootfiles_existingOptimization/HtHt_6000_2000_pt220_ak14_ca10_th85.root,failed,/eos/uscms/store/user/aji/rootfiles_existingOptimization/HtHt_6000_2000_pt220_ak14_ca10_th85.root,nan,nan,nan,nan,nan,nan,nan,nan,nan,nan,nan,nan,nan,nan,nan,nan,nan,nan,nan,nan,nan
HtHt_6000_2000,HtHt,6000,2000,85,220,1.6,0.4,/eos/uscms/store/user/aji/rootfiles_existingOptimization/HtHt_6000_2000_pt220_ak16_ca4_th85.root,failed,/eos/uscms/store/user/aji/rootfiles_existingOptimization/HtHt_6000_2000_pt220_ak16_ca4_th85.root,nan,nan,nan,nan,nan,nan,nan,nan,nan,nan,nan,nan,nan,nan,nan,nan,nan,nan,nan,nan,nan
HtHt_6000_2000,HtHt,6000,2000,85,220,1.6,0.6,/eos/uscms/store/user/aji/rootfiles_existingOptimization/HtHt_6000_2000_pt220_ak16_ca6_th85.root,failed,/eos/uscms/store/user/aji/rootfiles_existingOptimization/HtHt_6000_2000_pt220_ak16_ca6_th85.root,nan,nan,nan,nan,nan,nan,nan,nan,nan,nan,nan,nan,nan,nan,nan,nan,nan,nan,nan,nan,nan
HtHt_6000_2000,HtHt,6000,2000,85,220,1.6,0.8,/eos/uscms/store/user/aji/rootfiles_existingOptimization/HtHt_6000_2000_pt220_ak16_ca8_th85.root,failed,/eos/uscms/store/user/aji/rootfiles_existingOptimization/HtHt_6000_2000_pt220_ak16_ca8_th85.root,nan,nan,nan,nan,nan,nan,nan,nan,nan,nan,nan,nan,nan,nan,nan,nan,nan,nan,nan,nan,nan
HtHt_6000_2000,HtHt,6000,2000,85,220,1.6,1.0,/eos/uscms/store/user/aji/rootfiles_existingOptimization/HtHt_6000_2000_pt220_ak16_ca10_th85.root,failed,/eos/uscms/store/user/aji/rootfiles_existingOptimization/HtHt_6000_2000_pt220_ak16_ca10_th85.root,nan,nan,nan,nan,nan,nan,nan,nan,nan,nan,nan,nan,nan,nan,nan,nan,nan,nan,nan,nan,nan
HtHt_6000_2000,HtHt,6000,2000,85,220,1.6,1.2,/eos/uscms/store/user/aji/rootfiles_existingOptimization/HtHt_6000_2000_pt220_ak16_ca12_th85.root,failed,/eos/uscms/store/user/aji/rootfiles_existingOptimization/HtHt_6000_2000_pt220_ak16_ca12_th85.root,nan,nan,nan,nan,nan,nan,nan,nan,nan,nan,nan,nan,nan,nan,nan,nan,nan,nan,nan,nan,nan
HtHt_6000_2000,HtHt,6000,2000,85,240,0.8,0.4,/eos/uscms/store/user/aji/rootfiles_existingOptimization/HtHt_6000_2000_pt240_ak8_ca4_th85.root,failed,/eos/uscms/store/user/aji/rootfiles_existingOptimization/HtHt_6000_2000_pt240_ak8_ca4_th85.root,nan,nan,nan,nan,nan,nan,nan,nan,nan,nan,nan,nan,nan,nan,nan,nan,nan,nan,nan,nan,nan
HtHt_6000_2000,HtHt,6000,2000,85,240,1.0,0.4,/eos/uscms/store/user/aji/rootfiles_existingOptimization/HtHt_6000_2000_pt240_ak10_ca4_th85.root,failed,/eos/uscms/store/user/aji/rootfiles_existingOptimization/HtHt_6000_2000_pt240_ak10_ca4_th85.root,nan,nan,nan,nan,nan,nan,nan,nan,nan,nan,nan,nan,nan,nan,nan,nan,nan,nan,nan,nan,nan
HtHt_6000_2000,HtHt,6000,2000,85,240,1.0,0.6,/eos/uscms/store/user/aji/rootfiles_existingOptimization/HtHt_6000_2000_pt240_ak10_ca6_th85.root,failed,/eos/uscms/store/user/aji/rootfiles_existingOptimization/HtHt_6000_2000_pt240_ak10_ca6_th85.root,nan,nan,nan,nan,nan,nan,nan,nan,nan,nan,nan,nan,nan,nan,nan,nan,nan,nan,nan,nan,nan
HtHt_6000_2000,HtHt,6000,2000,85,240,1.2,0.4,/eos/uscms/store/user/aji/rootfiles_existingOptimization/HtHt_6000_2000_pt240_ak12_ca4_th85.root,failed,/eos/uscms/store/user/aji/rootfiles_existingOptimization/HtHt_6000_2000_pt240_ak12_ca4_th85.root,nan,nan,nan,nan,nan,nan,nan,nan,nan,nan,nan,nan,nan,nan,nan,nan,nan,nan,nan,nan,nan
HtHt_6000_2000,HtHt,6000,2000,85,240,1.2,0.6,/eos/uscms/store/user/aji/rootfiles_existingOptimization/HtHt_6000_2000_pt240_ak12_ca6_th85.root,failed,/eos/uscms/store/user/aji/rootfiles_existingOptimization/HtHt_6000_2000_pt240_ak12_ca6_th85.root,nan,nan,nan,nan,nan,nan,nan,nan,nan,nan,nan,nan,nan,nan,nan,nan,nan,nan,nan,nan,nan
HtHt_6000_2000,HtHt,6000,2000,85,240,1.2,0.8,/eos/uscms/store/user/aji/rootfiles_existingOptimization/HtHt_6000_2000_pt240_ak12_ca8_th85.root,failed,/eos/uscms/store/user/aji/rootfiles_existingOptimization/HtHt_6000_2000_pt240_ak12_ca8_th85.root,nan,nan,nan,nan,nan,nan,nan,nan,nan,nan,nan,nan,nan,nan,nan,nan,nan,nan,nan,nan,nan
HtHt_6000_2000,HtHt,6000,2000,85,240,1.4,0.4,/eos/uscms/store/user/aji/rootfiles_existingOptimization/HtHt_6000_2000_pt240_ak14_ca4_th85.root,failed,/eos/uscms/store/user/aji/rootfiles_existingOptimization/HtHt_6000_2000_pt240_ak14_ca4_th85.root,nan,nan,nan,nan,nan,nan,nan,nan,nan,nan,nan,nan,nan,nan,nan,nan,nan,nan,nan,nan,nan
HtHt_6000_2000,HtHt,6000,2000,85,240,1.4,0.6,/eos/uscms/store/user/aji/rootfiles_existingOptimization/HtHt_6000_2000_pt240_ak14_ca6_th85.root,failed,/eos/uscms/store/user/aji/rootfiles_existingOptimization/HtHt_6000_2000_pt240_ak14_ca6_th85.root,nan,nan,nan,nan,nan,nan,nan,nan,nan,nan,nan,nan,nan,nan,nan,nan,nan,nan,nan,nan,nan
HtHt_6000_2000,HtHt,6000,2000,85,240,1.4,0.8,/eos/uscms/store/user/aji/rootfiles_existingOptimization/HtHt_6000_2000_pt240_ak14_ca8_th85.root,failed,/eos/uscms/store/user/aji/rootfiles_existingOptimization/HtHt_6000_2000_pt240_ak14_ca8_th85.root,nan,nan,nan,nan,nan,nan,nan,nan,nan,nan,nan,nan,nan,nan,nan,nan,nan,nan,nan,nan,nan
HtHt_6000_2000,HtHt,6000,2000,85,240,1.4,1.0,/eos/uscms/store/user/aji/rootfiles_existingOptimization/HtHt_6000_2000_pt240_ak14_ca10_th85.root,failed,/eos/uscms/store/user/aji/rootfiles_existingOptimization/HtHt_6000_2000_pt240_ak14_ca10_th85.root,nan,nan,nan,nan,nan,nan,nan,nan,nan,nan,nan,nan,nan,nan,nan,nan,nan,nan,nan,nan,nan
HtHt_6000_2000,HtHt,6000,2000,85,240,1.6,0.4,/eos/uscms/store/user/aji/rootfiles_existingOptimization/HtHt_6000_2000_pt240_ak16_ca4_th85.root,failed,/eos/uscms/store/user/aji/rootfiles_existingOptimization/HtHt_6000_2000_pt240_ak16_ca4_th85.root,nan,nan,nan,nan,nan,nan,nan,nan,nan,nan,nan,nan,nan,nan,nan,nan,nan,nan,nan,nan,nan
HtHt_6000_2000,HtHt,6000,2000,85,240,1.6,0.6,/eos/uscms/store/user/aji/rootfiles_existingOptimization/HtHt_6000_2000_pt240_ak16_ca6_th85.root,failed,/eos/uscms/store/user/aji/rootfiles_existingOptimization/HtHt_6000_2000_pt240_ak16_ca6_th85.root,nan,nan,nan,nan,nan,nan,nan,nan,nan,nan,nan,nan,nan,nan,nan,nan,nan,nan,nan,nan,nan
HtHt_6000_2000,HtHt,6000,2000,85,240,1.6,0.8,/eos/uscms/store/user/aji/rootfiles_existingOptimization/HtHt_6000_2000_pt240_ak16_ca8_th85.root,failed,/eos/uscms/store/user/aji/rootfiles_existingOptimization/HtHt_6000_2000_pt240_ak16_ca8_th85.root,nan,nan,nan,nan,nan,nan,nan,nan,nan,nan,nan,nan,nan,nan,nan,nan,nan,nan,nan,nan,nan
HtHt_6000_2000,HtHt,6000,2000,85,240,1.6,1.0,/eos/uscms/store/user/aji/rootfiles_existingOptimization/HtHt_6000_2000_pt240_ak16_ca10_th85.root,failed,/eos/uscms/store/user/aji/rootfiles_existingOptimization/HtHt_6000_2000_pt240_ak16_ca10_th85.root,nan,nan,nan,nan,nan,nan,nan,nan,nan,nan,nan,nan,nan,nan,nan,nan,nan,nan,nan,nan,nan
HtHt_6000_2000,HtHt,6000,2000,85,240,1.6,1.2,/eos/uscms/store/user/aji/rootfiles_existingOptimization/HtHt_6000_2000_pt240_ak16_ca12_th85.root,failed,/eos/uscms/store/user/aji/rootfiles_existingOptimization/HtHt_6000_2000_pt240_ak16_ca12_th85.root,nan,nan,nan,nan,nan,nan,nan,nan,nan,nan,nan,nan,nan,nan,nan,nan,nan,nan,nan,nan,nan
HtHt_6000_2000,HtHt,6000,2000,85,260,0.8,0.4,/eos/uscms/store/user/aji/rootfiles_existingOptimization/HtHt_6000_2000_pt260_ak8_ca4_th85.root,failed,/eos/uscms/store/user/aji/rootfiles_existingOptimization/HtHt_6000_2000_pt260_ak8_ca4_th85.root,nan,nan,nan,nan,nan,nan,nan,nan,nan,nan,nan,nan,nan,nan,nan,nan,nan,nan,nan,nan,nan
HtHt_6000_2000,HtHt,6000,2000,85,260,1.0,0.4,/eos/uscms/store/user/aji/rootfiles_existingOptimization/HtHt_6000_2000_pt260_ak10_ca4_th85.root,failed,/eos/uscms/store/user/aji/rootfiles_existingOptimization/HtHt_6000_2000_pt260_ak10_ca4_th85.root,nan,nan,nan,nan,nan,nan,nan,nan,nan,nan,nan,nan,nan,nan,nan,nan,nan,nan,nan,nan,nan
HtHt_6000_2000,HtHt,6000,2000,85,260,1.0,0.6,/eos/uscms/store/user/aji/rootfiles_existingOptimization/HtHt_6000_2000_pt260_ak10_ca6_th85.root,failed,/eos/uscms/store/user/aji/rootfiles_existingOptimization/HtHt_6000_2000_pt260_ak10_ca6_th85.root,nan,nan,nan,nan,nan,nan,nan,nan,nan,nan,nan,nan,nan,nan,nan,nan,nan,nan,nan,nan,nan
HtHt_6000_2000,HtHt,6000,2000,85,260,1.2,0.4,/eos/uscms/store/user/aji/rootfiles_existingOptimization/HtHt_6000_2000_pt260_ak12_ca4_th85.root,failed,/eos/uscms/store/user/aji/rootfiles_existingOptimization/HtHt_6000_2000_pt260_ak12_ca4_th85.root,nan,nan,nan,nan,nan,nan,nan,nan,nan,nan,nan,nan,nan,nan,nan,nan,nan,nan,nan,nan,nan
HtHt_6000_2000,HtHt,6000,2000,85,260,1.2,0.6,/eos/uscms/store/user/aji/rootfiles_existingOptimization/HtHt_6000_2000_pt260_ak12_ca6_th85.root,failed,/eos/uscms/store/user/aji/rootfiles_existingOptimization/HtHt_6000_2000_pt260_ak12_ca6_th85.root,nan,nan,nan,nan,nan,nan,nan,nan,nan,nan,nan,nan,nan,nan,nan,nan,nan,nan,nan,nan,nan
HtHt_6000_2000,HtHt,6000,2000,85,260,1.2,0.8,/eos/uscms/store/user/aji/rootfiles_existingOptimization/HtHt_6000_2000_pt260_ak12_ca8_th85.root,failed,/eos/uscms/store/user/aji/rootfiles_existingOptimization/HtHt_6000_2000_pt260_ak12_ca8_th85.root,nan,nan,nan,nan,nan,nan,nan,nan,nan,nan,nan,nan,nan,nan,nan,nan,nan,nan,nan,nan,nan
HtHt_6000_2000,HtHt,6000,2000,85,260,1.4,0.4,/eos/uscms/store/user/aji/rootfiles_existingOptimization/HtHt_6000_2000_pt260_ak14_ca4_th85.root,failed,/eos/uscms/store/user/aji/rootfiles_existingOptimization/HtHt_6000_2000_pt260_ak14_ca4_th85.root,nan,nan,nan,nan,nan,nan,nan,nan,nan,nan,nan,nan,nan,nan,nan,nan,nan,nan,nan,nan,nan
HtHt_6000_2000,HtHt,6000,2000,85,260,1.4,0.6,/eos/uscms/store/user/aji/rootfiles_existingOptimization/HtHt_6000_2000_pt260_ak14_ca6_th85.root,failed,/eos/uscms/store/user/aji/rootfiles_existingOptimization/HtHt_6000_2000_pt260_ak14_ca6_th85.root,nan,nan,nan,nan,nan,nan,nan,nan,nan,nan,nan,nan,nan,nan,nan,nan,nan,nan,nan,nan,nan
HtHt_6000_2000,HtHt,6000,2000,85,260,1.4,0.8,/eos/uscms/store/user/aji/rootfiles_existingOptimization/HtHt_6000_2000_pt260_ak14_ca8_th85.root,failed,/eos/uscms/store/user/aji/rootfiles_existingOptimization/HtHt_6000_2000_pt260_ak14_ca8_th85.root,nan,nan,nan,nan,nan,nan,nan,nan,nan,nan,nan,nan,nan,nan,nan,nan,nan,nan,nan,nan,nan
HtHt_6000_2000,HtHt,6000,2000,85,260,1.4,1.0,/eos/uscms/store/user/aji/rootfiles_existingOptimization/HtHt_6000_2000_pt260_ak14_ca10_th85.root,failed,/eos/uscms/store/user/aji/rootfiles_existingOptimization/HtHt_6000_2000_pt260_ak14_ca10_th85.root,nan,nan,nan,nan,nan,nan,nan,nan,nan,nan,nan,nan,nan,nan,nan,nan,nan,nan,nan,nan,nan
HtHt_6000_2000,HtHt,6000,2000,85,260,1.6,0.4,/eos/uscms/store/user/aji/rootfiles_existingOptimization/HtHt_6000_2000_pt260_ak16_ca4_th85.root,failed,/eos/uscms/store/user/aji/rootfiles_existingOptimization/HtHt_6000_2000_pt260_ak16_ca4_th85.root,nan,nan,nan,nan,nan,nan,nan,nan,nan,nan,nan,nan,nan,nan,nan,nan,nan,nan,nan,nan,nan
HtHt_6000_2000,HtHt,6000,2000,85,260,1.6,0.6,/eos/uscms/store/user/aji/rootfiles_existingOptimization/HtHt_6000_2000_pt260_ak16_ca6_th85.root,failed,/eos/uscms/store/user/aji/rootfiles_existingOptimization/HtHt_6000_2000_pt260_ak16_ca6_th85.root,nan,nan,nan,nan,nan,nan,nan,nan,nan,nan,nan,nan,nan,nan,nan,nan,nan,nan,nan,nan,nan
HtHt_6000_2000,HtHt,6000,2000,85,260,1.6,0.8,/eos/uscms/store/user/aji/rootfiles_existingOptimization/HtHt_6000_2000_pt260_ak16_ca8_th85.root,failed,/eos/uscms/store/user/aji/rootfiles_existingOptimization/HtHt_6000_2000_pt260_ak16_ca8_th85.root,nan,nan,nan,nan,nan,nan,nan,nan,nan,nan,nan,nan,nan,nan,nan,nan,nan,nan,nan,nan,nan
HtHt_6000_2000,HtHt,6000,2000,85,260,1.6,1.0,/eos/uscms/store/user/aji/rootfiles_existingOptimization/HtHt_6000_2000_pt260_ak16_ca10_th85.root,failed,/eos/uscms/store/user/aji/rootfiles_existingOptimization/HtHt_6000_2000_pt260_ak16_ca10_th85.root,nan,nan,nan,nan,nan,nan,nan,nan,nan,nan,nan,nan,nan,nan,nan,nan,nan,nan,nan,nan,nan
HtHt_6000_2000,HtHt,6000,2000,85,260,1.6,1.2,/eos/uscms/store/user/aji/rootfiles_existingOptimization/HtHt_6000_2000_pt260_ak16_ca12_th85.root,failed,/eos/uscms/store/user/aji/rootfiles_existingOptimization/HtHt_6000_2000_pt260_ak16_ca12_th85.root,nan,nan,nan,nan,nan,nan,nan,nan,nan,nan,nan,nan,nan,nan,nan,nan,nan,nan,nan,nan,nan
HtHt_6000_2000,HtHt,6000,2000,85,280,0.8,0.4,/eos/uscms/store/user/aji/rootfiles_existingOptimization/HtHt_6000_2000_pt280_ak8_ca4_th85.root,failed,/eos/uscms/store/user/aji/rootfiles_existingOptimization/HtHt_6000_2000_pt280_ak8_ca4_th85.root,nan,nan,nan,nan,nan,nan,nan,nan,nan,nan,nan,nan,nan,nan,nan,nan,nan,nan,nan,nan,nan
HtHt_6000_2000,HtHt,6000,2000,85,280,1.0,0.4,/eos/uscms/store/user/aji/rootfiles_existingOptimization/HtHt_6000_2000_pt280_ak10_ca4_th85.root,failed,/eos/uscms/store/user/aji/rootfiles_existingOptimization/HtHt_6000_2000_pt280_ak10_ca4_th85.root,nan,nan,nan,nan,nan,nan,nan,nan,nan,nan,nan,nan,nan,nan,nan,nan,nan,nan,nan,nan,nan
HtHt_6000_2000,HtHt,6000,2000,85,280,1.0,0.6,/eos/uscms/store/user/aji/rootfiles_existingOptimization/HtHt_6000_2000_pt280_ak10_ca6_th85.root,failed,/eos/uscms/store/user/aji/rootfiles_existingOptimization/HtHt_6000_2000_pt280_ak10_ca6_th85.root,nan,nan,nan,nan,nan,nan,nan,nan,nan,nan,nan,nan,nan,nan,nan,nan,nan,nan,nan,nan,nan
HtHt_6000_2000,HtHt,6000,2000,85,280,1.2,0.4,/eos/uscms/store/user/aji/rootfiles_existingOptimization/HtHt_6000_2000_pt280_ak12_ca4_th85.root,failed,/eos/uscms/store/user/aji/rootfiles_existingOptimization/HtHt_6000_2000_pt280_ak12_ca4_th85.root,nan,nan,nan,nan,nan,nan,nan,nan,nan,nan,nan,nan,nan,nan,nan,nan,nan,nan,nan,nan,nan
HtHt_6000_2000,HtHt,6000,2000,85,280,1.2,0.6,/eos/uscms/store/user/aji/rootfiles_existingOptimization/HtHt_6000_2000_pt280_ak12_ca6_th85.root,failed,/eos/uscms/store/user/aji/rootfiles_existingOptimization/HtHt_6000_2000_pt280_ak12_ca6_th85.root,nan,nan,nan,nan,nan,nan,nan,nan,nan,nan,nan,nan,nan,nan,nan,nan,nan,nan,nan,nan,nan
HtHt_6000_2000,HtHt,6000,2000,85,280,1.2,0.8,/eos/uscms/store/user/aji/rootfiles_existingOptimization/HtHt_6000_2000_pt280_ak12_ca8_th85.root,failed,/eos/uscms/store/user/aji/rootfiles_existingOptimization/HtHt_6000_2000_pt280_ak12_ca8_th85.root,nan,nan,nan,nan,nan,nan,nan,nan,nan,nan,nan,nan,nan,nan,nan,nan,nan,nan,nan,nan,nan
HtHt_6000_2000,HtHt,6000,2000,85,280,1.4,0.4,/eos/uscms/store/user/aji/rootfiles_existingOptimization/HtHt_6000_2000_pt280_ak14_ca4_th85.root,failed,/eos/uscms/store/user/aji/rootfiles_existingOptimization/HtHt_6000_2000_pt280_ak14_ca4_th85.root,nan,nan,nan,nan,nan,nan,nan,nan,nan,nan,nan,nan,nan,nan,nan,nan,nan,nan,nan,nan,nan
HtHt_6000_2000,HtHt,6000,2000,85,280,1.4,0.6,/eos/uscms/store/user/aji/rootfiles_existingOptimization/HtHt_6000_2000_pt280_ak14_ca6_th85.root,failed,/eos/uscms/store/user/aji/rootfiles_existingOptimization/HtHt_6000_2000_pt280_ak14_ca6_th85.root,nan,nan,nan,nan,nan,nan,nan,nan,nan,nan,nan,nan,nan,nan,nan,nan,nan,nan,nan,nan,nan
HtHt_6000_2000,HtHt,6000,2000,85,280,1.4,0.8,/eos/uscms/store/user/aji/rootfiles_existingOptimization/HtHt_6000_2000_pt280_ak14_ca8_th85.root,failed,/eos/uscms/store/user/aji/rootfiles_existingOptimization/HtHt_6000_2000_pt280_ak14_ca8_th85.root,nan,nan,nan,nan,nan,nan,nan,nan,nan,nan,nan,nan,nan,nan,nan,nan,nan,nan,nan,nan,nan
HtHt_6000_2000,HtHt,6000,2000,85,280,1.4,1.0,/eos/uscms/store/user/aji/rootfiles_existingOptimization/HtHt_6000_2000_pt280_ak14_ca10_th85.root,failed,/eos/uscms/store/user/aji/rootfiles_existingOptimization/HtHt_6000_2000_pt280_ak14_ca10_th85.root,nan,nan,nan,nan,nan,nan,nan,nan,nan,nan,nan,nan,nan,nan,nan,nan,nan,nan,nan,nan,nan
HtHt_6000_2000,HtHt,6000,2000,85,280,1.6,0.4,/eos/uscms/store/user/aji/rootfiles_existingOptimization/HtHt_6000_2000_pt280_ak16_ca4_th85.root,failed,/eos/uscms/store/user/aji/rootfiles_existingOptimization/HtHt_6000_2000_pt280_ak16_ca4_th85.root,nan,nan,nan,nan,nan,nan,nan,nan,nan,nan,nan,nan,nan,nan,nan,nan,nan,nan,nan,nan,nan
HtHt_6000_2000,HtHt,6000,2000,85,280,1.6,0.6,/eos/uscms/store/user/aji/rootfiles_existingOptimization/HtHt_6000_2000_pt280_ak16_ca6_th85.root,failed,/eos/uscms/store/user/aji/rootfiles_existingOptimization/HtHt_6000_2000_pt280_ak16_ca6_th85.root,nan,nan,nan,nan,nan,nan,nan,nan,nan,nan,nan,nan,nan,nan,nan,nan,nan,nan,nan,nan,nan
HtHt_6000_2000,HtHt,6000,2000,85,280,1.6,0.8,/eos/uscms/store/user/aji/rootfiles_existingOptimization/HtHt_6000_2000_pt280_ak16_ca8_th85.root,failed,/eos/uscms/store/user/aji/rootfiles_existingOptimization/HtHt_6000_2000_pt280_ak16_ca8_th85.root,nan,nan,nan,nan,nan,nan,nan,nan,nan,nan,nan,nan,nan,nan,nan,nan,nan,nan,nan,nan,nan
HtHt_6000_2000,HtHt,6000,2000,85,280,1.6,1.0,/eos/uscms/store/user/aji/rootfiles_existingOptimization/HtHt_6000_2000_pt280_ak16_ca10_th85.root,failed,/eos/uscms/store/user/aji/rootfiles_existingOptimization/HtHt_6000_2000_pt280_ak16_ca10_th85.root,nan,nan,nan,nan,nan,nan,nan,nan,nan,nan,nan,nan,nan,nan,nan,nan,nan,nan,nan,nan,nan
HtHt_6000_2000,HtHt,6000,2000,85,280,1.6,1.2,/eos/uscms/store/user/aji/rootfiles_existingOptimization/HtHt_6000_2000_pt280_ak16_ca12_th85.root,failed,/eos/uscms/store/user/aji/rootfiles_existingOptimization/HtHt_6000_2000_pt280_ak16_ca12_th85.root,nan,nan,nan,nan,nan,nan,nan,nan,nan,nan,nan,nan,nan,nan,nan,nan,nan,nan,nan,nan,nan
HtHt_6000_2000,HtHt,6000,2000,85,300,0.8,0.4,/eos/uscms/store/user/aji/rootfiles_existingOptimization/HtHt_6000_2000_pt300_ak8_ca4_th85.root,failed,/eos/uscms/store/user/aji/rootfiles_existingOptimization/HtHt_6000_2000_pt300_ak8_ca4_th85.root,nan,nan,nan,nan,nan,nan,nan,nan,nan,nan,nan,nan,nan,nan,nan,nan,nan,nan,nan,nan,nan
HtHt_6000_2000,HtHt,6000,2000,85,300,1.0,0.4,/eos/uscms/store/user/aji/rootfiles_existingOptimization/HtHt_6000_2000_pt300_ak10_ca4_th85.root,failed,/eos/uscms/store/user/aji/rootfiles_existingOptimization/HtHt_6000_2000_pt300_ak10_ca4_th85.root,nan,nan,nan,nan,nan,nan,nan,nan,nan,nan,nan,nan,nan,nan,nan,nan,nan,nan,nan,nan,nan
HtHt_6000_2000,HtHt,6000,2000,85,300,1.0,0.6,/eos/uscms/store/user/aji/rootfiles_existingOptimization/HtHt_6000_2000_pt300_ak10_ca6_th85.root,failed,/eos/uscms/store/user/aji/rootfiles_existingOptimization/HtHt_6000_2000_pt300_ak10_ca6_th85.root,nan,nan,nan,nan,nan,nan,nan,nan,nan,nan,nan,nan,nan,nan,nan,nan,nan,nan,nan,nan,nan
HtHt_6000_2000,HtHt,6000,2000,85,300,1.2,0.4,/eos/uscms/store/user/aji/rootfiles_existingOptimization/HtHt_6000_2000_pt300_ak12_ca4_th85.root,failed,/eos/uscms/store/user/aji/rootfiles_existingOptimization/HtHt_6000_2000_pt300_ak12_ca4_th85.root,nan,nan,nan,nan,nan,nan,nan,nan,nan,nan,nan,nan,nan,nan,nan,nan,nan,nan,nan,nan,nan
HtHt_6000_2000,HtHt,6000,2000,85,300,1.2,0.6,/eos/uscms/store/user/aji/rootfiles_existingOptimization/HtHt_6000_2000_pt300_ak12_ca6_th85.root,failed,/eos/uscms/store/user/aji/rootfiles_existingOptimization/HtHt_6000_2000_pt300_ak12_ca6_th85.root,nan,nan,nan,nan,nan,nan,nan,nan,nan,nan,nan,nan,nan,nan,nan,nan,nan,nan,nan,nan,nan
HtHt_6000_2000,HtHt,6000,2000,85,300,1.2,0.8,/eos/uscms/store/user/aji/rootfiles_existingOptimization/HtHt_6000_2000_pt300_ak12_ca8_th85.root,failed,/eos/uscms/store/user/aji/rootfiles_existingOptimization/HtHt_6000_2000_pt300_ak12_ca8_th85.root,nan,nan,nan,nan,nan,nan,nan,nan,nan,nan,nan,nan,nan,nan,nan,nan,nan,nan,nan,nan,nan
HtHt_6000_2000,HtHt,6000,2000,85,300,1.4,0.4,/eos/uscms/store/user/aji/rootfiles_existingOptimization/HtHt_6000_2000_pt300_ak14_ca4_th85.root,failed,/eos/uscms/store/user/aji/rootfiles_existingOptimization/HtHt_6000_2000_pt300_ak14_ca4_th85.root,nan,nan,nan,nan,nan,nan,nan,nan,nan,nan,nan,nan,nan,nan,nan,nan,nan,nan,nan,nan,nan
HtHt_6000_2000,HtHt,6000,2000,85,300,1.4,0.6,/eos/uscms/store/user/aji/rootfiles_existingOptimization/HtHt_6000_2000_pt300_ak14_ca6_th85.root,failed,/eos/uscms/store/user/aji/rootfiles_existingOptimization/HtHt_6000_2000_pt300_ak14_ca6_th85.root,nan,nan,nan,nan,nan,nan,nan,nan,nan,nan,nan,nan,nan,nan,nan,nan,nan,nan,nan,nan,nan
HtHt_6000_2000,HtHt,6000,2000,85,300,1.4,0.8,/eos/uscms/store/user/aji/rootfiles_existingOptimization/HtHt_6000_2000_pt300_ak14_ca8_th85.root,failed,/eos/uscms/store/user/aji/rootfiles_existingOptimization/HtHt_6000_2000_pt300_ak14_ca8_th85.root,nan,nan,nan,nan,nan,nan,nan,nan,nan,nan,nan,nan,nan,nan,nan,nan,nan,nan,nan,nan,nan
HtHt_6000_2000,HtHt,6000,2000,85,300,1.4,1.0,/eos/uscms/store/user/aji/rootfiles_existingOptimization/HtHt_6000_2000_pt300_ak14_ca10_th85.root,failed,/eos/uscms/store/user/aji/rootfiles_existingOptimization/HtHt_6000_2000_pt300_ak14_ca10_th85.root,nan,nan,nan,nan,nan,nan,nan,nan,nan,nan,nan,nan,nan,nan,nan,nan,nan,nan,nan,nan,nan
HtHt_6000_2000,HtHt,6000,2000,85,300,1.6,0.4,/eos/uscms/store/user/aji/rootfiles_existingOptimization/HtHt_6000_2000_pt300_ak16_ca4_th85.root,failed,/eos/uscms/store/user/aji/rootfiles_existingOptimization/HtHt_6000_2000_pt300_ak16_ca4_th85.root,nan,nan,nan,nan,nan,nan,nan,nan,nan,nan,nan,nan,nan,nan,nan,nan,nan,nan,nan,nan,nan
HtHt_6000_2000,HtHt,6000,2000,85,300,1.6,0.6,/eos/uscms/store/user/aji/rootfiles_existingOptimization/HtHt_6000_2000_pt300_ak16_ca6_th85.root,failed,/eos/uscms/store/user/aji/rootfiles_existingOptimization/HtHt_6000_2000_pt300_ak16_ca6_th85.root,nan,nan,nan,nan,nan,nan,nan,nan,nan,nan,nan,nan,nan,nan,nan,nan,nan,nan,nan,nan,nan
HtHt_6000_2000,HtHt,6000,2000,85,300,1.6,0.8,/eos/uscms/store/user/aji/rootfiles_existingOptimization/HtHt_6000_2000_pt300_ak16_ca8_th85.root,failed,/eos/uscms/store/user/aji/rootfiles_existingOptimization/HtHt_6000_2000_pt300_ak16_ca8_th85.root,nan,nan,nan,nan,nan,nan,nan,nan,nan,nan,nan,nan,nan,nan,nan,nan,nan,nan,nan,nan,nan
HtHt_6000_2000,HtHt,6000,2000,85,300,1.6,1.0,/eos/uscms/store/user/aji/rootfiles_existingOptimization/HtHt_6000_2000_pt300_ak16_ca10_th85.root,failed,/eos/uscms/store/user/aji/rootfiles_existingOptimization/HtHt_6000_2000_pt300_ak16_ca10_th85.root,nan,nan,nan,nan,nan,nan,nan,nan,nan,nan,nan,nan,nan,nan,nan,nan,nan,nan,nan,nan,nan
HtHt_6000_2000,HtHt,6000,2000,85,300,1.6,1.2,/eos/uscms/store/user/aji/rootfiles_existingOptimization/HtHt_6000_2000_pt300_ak16_ca12_th85.root,failed,/eos/uscms/store/user/aji/rootfiles_existingOptimization/HtHt_6000_2000_pt300_ak16_ca12_th85.root,nan,nan,nan,nan,nan,nan,nan,nan,nan,nan,nan,nan,nan,nan,nan,nan,nan,nan,nan,nan,nan
HtHt_6000_2000,HtHt,6000,2000,85,320,0.8,0.4,/eos/uscms/store/user/aji/rootfiles_existingOptimization/HtHt_6000_2000_pt320_ak8_ca4_th85.root,failed,/eos/uscms/store/user/aji/rootfiles_existingOptimization/HtHt_6000_2000_pt320_ak8_ca4_th85.root,nan,nan,nan,nan,nan,nan,nan,nan,nan,nan,nan,nan,nan,nan,nan,nan,nan,nan,nan,nan,nan
HtHt_6000_2000,HtHt,6000,2000,85,320,1.0,0.4,/eos/uscms/store/user/aji/rootfiles_existingOptimization/HtHt_6000_2000_pt320_ak10_ca4_th85.root,failed,/eos/uscms/store/user/aji/rootfiles_existingOptimization/HtHt_6000_2000_pt320_ak10_ca4_th85.root,nan,nan,nan,nan,nan,nan,nan,nan,nan,nan,nan,nan,nan,nan,nan,nan,nan,nan,nan,nan,nan
HtHt_6000_2000,HtHt,6000,2000,85,320,1.0,0.6,/eos/uscms/store/user/aji/rootfiles_existingOptimization/HtHt_6000_2000_pt320_ak10_ca6_th85.root,failed,/eos/uscms/store/user/aji/rootfiles_existingOptimization/HtHt_6000_2000_pt320_ak10_ca6_th85.root,nan,nan,nan,nan,nan,nan,nan,nan,nan,nan,nan,nan,nan,nan,nan,nan,nan,nan,nan,nan,nan
HtHt_6000_2000,HtHt,6000,2000,85,320,1.2,0.4,/eos/uscms/store/user/aji/rootfiles_existingOptimization/HtHt_6000_2000_pt320_ak12_ca4_th85.root,failed,/eos/uscms/store/user/aji/rootfiles_existingOptimization/HtHt_6000_2000_pt320_ak12_ca4_th85.root,nan,nan,nan,nan,nan,nan,nan,nan,nan,nan,nan,nan,nan,nan,nan,nan,nan,nan,nan,nan,nan
HtHt_6000_2000,HtHt,6000,2000,85,320,1.2,0.6,/eos/uscms/store/user/aji/rootfiles_existingOptimization/HtHt_6000_2000_pt320_ak12_ca6_th85.root,failed,/eos/uscms/store/user/aji/rootfiles_existingOptimization/HtHt_6000_2000_pt320_ak12_ca6_th85.root,nan,nan,nan,nan,nan,nan,nan,nan,nan,nan,nan,nan,nan,nan,nan,nan,nan,nan,nan,nan,nan
HtHt_6000_2000,HtHt,6000,2000,85,320,1.2,0.8,/eos/uscms/store/user/aji/rootfiles_existingOptimization/HtHt_6000_2000_pt320_ak12_ca8_th85.root,failed,/eos/uscms/store/user/aji/rootfiles_existingOptimization/HtHt_6000_2000_pt320_ak12_ca8_th85.root,nan,nan,nan,nan,nan,nan,nan,nan,nan,nan,nan,nan,nan,nan,nan,nan,nan,nan,nan,nan,nan
HtHt_6000_2000,HtHt,6000,2000,85,320,1.4,0.4,/eos/uscms/store/user/aji/rootfiles_existingOptimization/HtHt_6000_2000_pt320_ak14_ca4_th85.root,failed,/eos/uscms/store/user/aji/rootfiles_existingOptimization/HtHt_6000_2000_pt320_ak14_ca4_th85.root,nan,nan,nan,nan,nan,nan,nan,nan,nan,nan,nan,nan,nan,nan,nan,nan,nan,nan,nan,nan,nan
HtHt_6000_2000,HtHt,6000,2000,85,320,1.4,0.6,/eos/uscms/store/user/aji/rootfiles_existingOptimization/HtHt_6000_2000_pt320_ak14_ca6_th85.root,failed,/eos/uscms/store/user/aji/rootfiles_existingOptimization/HtHt_6000_2000_pt320_ak14_ca6_th85.root,nan,nan,nan,nan,nan,nan,nan,nan,nan,nan,nan,nan,nan,nan,nan,nan,nan,nan,nan,nan,nan
HtHt_6000_2000,HtHt,6000,2000,85,320,1.4,0.8,/eos/uscms/store/user/aji/rootfiles_existingOptimization/HtHt_6000_2000_pt320_ak14_ca8_th85.root,failed,/eos/uscms/store/user/aji/rootfiles_existingOptimization/HtHt_6000_2000_pt320_ak14_ca8_th85.root,nan,nan,nan,nan,nan,nan,nan,nan,nan,nan,nan,nan,nan,nan,nan,nan,nan,nan,nan,nan,nan
HtHt_6000_2000,HtHt,6000,2000,85,320,1.4,1.0,/eos/uscms/store/user/aji/rootfiles_existingOptimization/HtHt_6000_2000_pt320_ak14_ca10_th85.root,failed,/eos/uscms/store/user/aji/rootfiles_existingOptimization/HtHt_6000_2000_pt320_ak14_ca10_th85.root,nan,nan,nan,nan,nan,nan,nan,nan,nan,nan,nan,nan,nan,nan,nan,nan,nan,nan,nan,nan,nan
HtHt_6000_2000,HtHt,6000,2000,85,320,1.6,0.4,/eos/uscms/store/user/aji/rootfiles_existingOptimization/HtHt_6000_2000_pt320_ak16_ca4_th85.root,failed,/eos/uscms/store/user/aji/rootfiles_existingOptimization/HtHt_6000_2000_pt320_ak16_ca4_th85.root,nan,nan,nan,nan,nan,nan,nan,nan,nan,nan,nan,nan,nan,nan,nan,nan,nan,nan,nan,nan,nan
HtHt_6000_2000,HtHt,6000,2000,85,320,1.6,0.6,/eos/uscms/store/user/aji/rootfiles_existingOptimization/HtHt_6000_2000_pt320_ak16_ca6_th85.root,failed,/eos/uscms/store/user/aji/rootfiles_existingOptimization/HtHt_6000_2000_pt320_ak16_ca6_th85.root,nan,nan,nan,nan,nan,nan,nan,nan,nan,nan,nan,nan,nan,nan,nan,nan,nan,nan,nan,nan,nan
HtHt_6000_2000,HtHt,6000,2000,85,320,1.6,0.8,/eos/uscms/store/user/aji/rootfiles_existingOptimization/HtHt_6000_2000_pt320_ak16_ca8_th85.root,failed,/eos/uscms/store/user/aji/rootfiles_existingOptimization/HtHt_6000_2000_pt320_ak16_ca8_th85.root,nan,nan,nan,nan,nan,nan,nan,nan,nan,nan,nan,nan,nan,nan,nan,nan,nan,nan,nan,nan,nan
HtHt_6000_2000,HtHt,6000,2000,85,320,1.6,1.0,/eos/uscms/store/user/aji/rootfiles_existingOptimization/HtHt_6000_2000_pt320_ak16_ca10_th85.root,failed,/eos/uscms/store/user/aji/rootfiles_existingOptimization/HtHt_6000_2000_pt320_ak16_ca10_th85.root,nan,nan,nan,nan,nan,nan,nan,nan,nan,nan,nan,nan,nan,nan,nan,nan,nan,nan,nan,nan,nan
HtHt_6000_2000,HtHt,6000,2000,85,320,1.6,1.2,/eos/uscms/store/user/aji/rootfiles_existingOptimization/HtHt_6000_2000_pt320_ak16_ca12_th85.root,failed,/eos/uscms/store/user/aji/rootfiles_existingOptimization/HtHt_6000_2000_pt320_ak16_ca12_th85.root,nan,nan,nan,nan,nan,nan,nan,nan,nan,nan,nan,nan,nan,nan,nan,nan,nan,nan,nan,nan,nan
HtHt_6000_2000,HtHt,6000,2000,85,340,0.8,0.4,/eos/uscms/store/user/aji/rootfiles_existingOptimization/HtHt_6000_2000_pt340_ak8_ca4_th85.root,failed,/eos/uscms/store/user/aji/rootfiles_existingOptimization/HtHt_6000_2000_pt340_ak8_ca4_th85.root,nan,nan,nan,nan,nan,nan,nan,nan,nan,nan,nan,nan,nan,nan,nan,nan,nan,nan,nan,nan,nan
HtHt_6000_2000,HtHt,6000,2000,85,340,1.0,0.4,/eos/uscms/store/user/aji/rootfiles_existingOptimization/HtHt_6000_2000_pt340_ak10_ca4_th85.root,failed,/eos/uscms/store/user/aji/rootfiles_existingOptimization/HtHt_6000_2000_pt340_ak10_ca4_th85.root,nan,nan,nan,nan,nan,nan,nan,nan,nan,nan,nan,nan,nan,nan,nan,nan,nan,nan,nan,nan,nan
HtHt_6000_2000,HtHt,6000,2000,85,340,1.0,0.6,/eos/uscms/store/user/aji/rootfiles_existingOptimization/HtHt_6000_2000_pt340_ak10_ca6_th85.root,failed,/eos/uscms/store/user/aji/rootfiles_existingOptimization/HtHt_6000_2000_pt340_ak10_ca6_th85.root,nan,nan,nan,nan,nan,nan,nan,nan,nan,nan,nan,nan,nan,nan,nan,nan,nan,nan,nan,nan,nan
HtHt_6000_2000,HtHt,6000,2000,85,340,1.2,0.4,/eos/uscms/store/user/aji/rootfiles_existingOptimization/HtHt_6000_2000_pt340_ak12_ca4_th85.root,failed,/eos/uscms/store/user/aji/rootfiles_existingOptimization/HtHt_6000_2000_pt340_ak12_ca4_th85.root,nan,nan,nan,nan,nan,nan,nan,nan,nan,nan,nan,nan,nan,nan,nan,nan,nan,nan,nan,nan,nan
HtHt_6000_2000,HtHt,6000,2000,85,340,1.2,0.6,/eos/uscms/store/user/aji/rootfiles_existingOptimization/HtHt_6000_2000_pt340_ak12_ca6_th85.root,failed,/eos/uscms/store/user/aji/rootfiles_existingOptimization/HtHt_6000_2000_pt340_ak12_ca6_th85.root,nan,nan,nan,nan,nan,nan,nan,nan,nan,nan,nan,nan,nan,nan,nan,nan,nan,nan,nan,nan,nan
HtHt_6000_2000,HtHt,6000,2000,85,340,1.2,0.8,/eos/uscms/store/user/aji/rootfiles_existingOptimization/HtHt_6000_2000_pt340_ak12_ca8_th85.root,failed,/eos/uscms/store/user/aji/rootfiles_existingOptimization/HtHt_6000_2000_pt340_ak12_ca8_th85.root,nan,nan,nan,nan,nan,nan,nan,nan,nan,nan,nan,nan,nan,nan,nan,nan,nan,nan,nan,nan,nan
HtHt_6000_2000,HtHt,6000,2000,85,340,1.4,0.4,/eos/uscms/store/user/aji/rootfiles_existingOptimization/HtHt_6000_2000_pt340_ak14_ca4_th85.root,failed,/eos/uscms/store/user/aji/rootfiles_existingOptimization/HtHt_6000_2000_pt340_ak14_ca4_th85.root,nan,nan,nan,nan,nan,nan,nan,nan,nan,nan,nan,nan,nan,nan,nan,nan,nan,nan,nan,nan,nan
HtHt_6000_2000,HtHt,6000,2000,85,340,1.4,0.6,/eos/uscms/store/user/aji/rootfiles_existingOptimization/HtHt_6000_2000_pt340_ak14_ca6_th85.root,failed,/eos/uscms/store/user/aji/rootfiles_existingOptimization/HtHt_6000_2000_pt340_ak14_ca6_th85.root,nan,nan,nan,nan,nan,nan,nan,nan,nan,nan,nan,nan,nan,nan,nan,nan,nan,nan,nan,nan,nan
HtHt_6000_2000,HtHt,6000,2000,85,340,1.4,0.8,/eos/uscms/store/user/aji/rootfiles_existingOptimization/HtHt_6000_2000_pt340_ak14_ca8_th85.root,failed,/eos/uscms/store/user/aji/rootfiles_existingOptimization/HtHt_6000_2000_pt340_ak14_ca8_th85.root,nan,nan,nan,nan,nan,nan,nan,nan,nan,nan,nan,nan,nan,nan,nan,nan,nan,nan,nan,nan,nan
HtHt_6000_2000,HtHt,6000,2000,85,340,1.4,1.0,/eos/uscms/store/user/aji/rootfiles_existingOptimization/HtHt_6000_2000_pt340_ak14_ca10_th85.root,failed,/eos/uscms/store/user/aji/rootfiles_existingOptimization/HtHt_6000_2000_pt340_ak14_ca10_th85.root,nan,nan,nan,nan,nan,nan,nan,nan,nan,nan,nan,nan,nan,nan,nan,nan,nan,nan,nan,nan,nan
HtHt_6000_2000,HtHt,6000,2000,85,340,1.6,0.4,/eos/uscms/store/user/aji/rootfiles_existingOptimization/HtHt_6000_2000_pt340_ak16_ca4_th85.root,failed,/eos/uscms/store/user/aji/rootfiles_existingOptimization/HtHt_6000_2000_pt340_ak16_ca4_th85.root,nan,nan,nan,nan,nan,nan,nan,nan,nan,nan,nan,nan,nan,nan,nan,nan,nan,nan,nan,nan,nan
HtHt_6000_2000,HtHt,6000,2000,85,340,1.6,0.6,/eos/uscms/store/user/aji/rootfiles_existingOptimization/HtHt_6000_2000_pt340_ak16_ca6_th85.root,failed,/eos/uscms/store/user/aji/rootfiles_existingOptimization/HtHt_6000_2000_pt340_ak16_ca6_th85.root,nan,nan,nan,nan,nan,nan,nan,nan,nan,nan,nan,nan,nan,nan,nan,nan,nan,nan,nan,nan,nan
HtHt_6000_2000,HtHt,6000,2000,85,340,1.6,0.8,/eos/uscms/store/user/aji/rootfiles_existingOptimization/HtHt_6000_2000_pt340_ak16_ca8_th85.root,failed,/eos/uscms/store/user/aji/rootfiles_existingOptimization/HtHt_6000_2000_pt340_ak16_ca8_th85.root,nan,nan,nan,nan,nan,nan,nan,nan,nan,nan,nan,nan,nan,nan,nan,nan,nan,nan,nan,nan,nan
HtHt_6000_2000,HtHt,6000,2000,85,340,1.6,1.0,/eos/uscms/store/user/aji/rootfiles_existingOptimization/HtHt_6000_2000_pt340_ak16_ca10_th85.root,failed,/eos/uscms/store/user/aji/rootfiles_existingOptimization/HtHt_6000_2000_pt340_ak16_ca10_th85.root,nan,nan,nan,nan,nan,nan,nan,nan,nan,nan,nan,nan,nan,nan,nan,nan,nan,nan,nan,nan,nan
HtHt_6000_2000,HtHt,6000,2000,85,340,1.6,1.2,/eos/uscms/store/user/aji/rootfiles_existingOptimization/HtHt_6000_2000_pt340_ak16_ca12_th85.root,failed,/eos/uscms/store/user/aji/rootfiles_existingOptimization/HtHt_6000_2000_pt340_ak16_ca12_th85.root,nan,nan,nan,nan,nan,nan,nan,nan,nan,nan,nan,nan,nan,nan,nan,nan,nan,nan,nan,nan,nan
HtHt_6000_2000,HtHt,6000,2000,85,360,0.8,0.4,/eos/uscms/store/user/aji/rootfiles_existingOptimization/HtHt_6000_2000_pt360_ak8_ca4_th85.root,failed,/eos/uscms/store/user/aji/rootfiles_existingOptimization/HtHt_6000_2000_pt360_ak8_ca4_th85.root,nan,nan,nan,nan,nan,nan,nan,nan,nan,nan,nan,nan,nan,nan,nan,nan,nan,nan,nan,nan,nan
HtHt_6000_2000,HtHt,6000,2000,85,360,1.0,0.4,/eos/uscms/store/user/aji/rootfiles_existingOptimization/HtHt_6000_2000_pt360_ak10_ca4_th85.root,failed,/eos/uscms/store/user/aji/rootfiles_existingOptimization/HtHt_6000_2000_pt360_ak10_ca4_th85.root,nan,nan,nan,nan,nan,nan,nan,nan,nan,nan,nan,nan,nan,nan,nan,nan,nan,nan,nan,nan,nan
HtHt_6000_2000,HtHt,6000,2000,85,360,1.0,0.6,/eos/uscms/store/user/aji/rootfiles_existingOptimization/HtHt_6000_2000_pt360_ak10_ca6_th85.root,failed,/eos/uscms/store/user/aji/rootfiles_existingOptimization/HtHt_6000_2000_pt360_ak10_ca6_th85.root,nan,nan,nan,nan,nan,nan,nan,nan,nan,nan,nan,nan,nan,nan,nan,nan,nan,nan,nan,nan,nan
HtHt_6000_2000,HtHt,6000,2000,85,360,1.2,0.4,/eos/uscms/store/user/aji/rootfiles_existingOptimization/HtHt_6000_2000_pt360_ak12_ca4_th85.root,failed,/eos/uscms/store/user/aji/rootfiles_existingOptimization/HtHt_6000_2000_pt360_ak12_ca4_th85.root,nan,nan,nan,nan,nan,nan,nan,nan,nan,nan,nan,nan,nan,nan,nan,nan,nan,nan,nan,nan,nan
HtHt_6000_2000,HtHt,6000,2000,85,360,1.2,0.6,/eos/uscms/store/user/aji/rootfiles_existingOptimization/HtHt_6000_2000_pt360_ak12_ca6_th85.root,failed,/eos/uscms/store/user/aji/rootfiles_existingOptimization/HtHt_6000_2000_pt360_ak12_ca6_th85.root,nan,nan,nan,nan,nan,nan,nan,nan,nan,nan,nan,nan,nan,nan,nan,nan,nan,nan,nan,nan,nan
HtHt_6000_2000,HtHt,6000,2000,85,360,1.2,0.8,/eos/uscms/store/user/aji/rootfiles_existingOptimization/HtHt_6000_2000_pt360_ak12_ca8_th85.root,failed,/eos/uscms/store/user/aji/rootfiles_existingOptimization/HtHt_6000_2000_pt360_ak12_ca8_th85.root,nan,nan,nan,nan,nan,nan,nan,nan,nan,nan,nan,nan,nan,nan,nan,nan,nan,nan,nan,nan,nan
HtHt_6000_2000,HtHt,6000,2000,85,360,1.4,0.4,/eos/uscms/store/user/aji/rootfiles_existingOptimization/HtHt_6000_2000_pt360_ak14_ca4_th85.root,failed,/eos/uscms/store/user/aji/rootfiles_existingOptimization/HtHt_6000_2000_pt360_ak14_ca4_th85.root,nan,nan,nan,nan,nan,nan,nan,nan,nan,nan,nan,nan,nan,nan,nan,nan,nan,nan,nan,nan,nan
HtHt_6000_2000,HtHt,6000,2000,85,360,1.4,0.6,/eos/uscms/store/user/aji/rootfiles_existingOptimization/HtHt_6000_2000_pt360_ak14_ca6_th85.root,failed,/eos/uscms/store/user/aji/rootfiles_existingOptimization/HtHt_6000_2000_pt360_ak14_ca6_th85.root,nan,nan,nan,nan,nan,nan,nan,nan,nan,nan,nan,nan,nan,nan,nan,nan,nan,nan,nan,nan,nan
HtHt_6000_2000,HtHt,6000,2000,85,360,1.4,0.8,/eos/uscms/store/user/aji/rootfiles_existingOptimization/HtHt_6000_2000_pt360_ak14_ca8_th85.root,failed,/eos/uscms/store/user/aji/rootfiles_existingOptimization/HtHt_6000_2000_pt360_ak14_ca8_th85.root,nan,nan,nan,nan,nan,nan,nan,nan,nan,nan,nan,nan,nan,nan,nan,nan,nan,nan,nan,nan,nan
HtHt_6000_2000,HtHt,6000,2000,85,360,1.4,1.0,/eos/uscms/store/user/aji/rootfiles_existingOptimization/HtHt_6000_2000_pt360_ak14_ca10_th85.root,failed,/eos/uscms/store/user/aji/rootfiles_existingOptimization/HtHt_6000_2000_pt360_ak14_ca10_th85.root,nan,nan,nan,nan,nan,nan,nan,nan,nan,nan,nan,nan,nan,nan,nan,nan,nan,nan,nan,nan,nan
HtHt_6000_2000,HtHt,6000,2000,85,360,1.6,0.4,/eos/uscms/store/user/aji/rootfiles_existingOptimization/HtHt_6000_2000_pt360_ak16_ca4_th85.root,failed,/eos/uscms/store/user/aji/rootfiles_existingOptimization/HtHt_6000_2000_pt360_ak16_ca4_th85.root,nan,nan,nan,nan,nan,nan,nan,nan,nan,nan,nan,nan,nan,nan,nan,nan,nan,nan,nan,nan,nan
HtHt_6000_2000,HtHt,6000,2000,85,360,1.6,0.6,/eos/uscms/store/user/aji/rootfiles_existingOptimization/HtHt_6000_2000_pt360_ak16_ca6_th85.root,failed,/eos/uscms/store/user/aji/rootfiles_existingOptimization/HtHt_6000_2000_pt360_ak16_ca6_th85.root,nan,nan,nan,nan,nan,nan,nan,nan,nan,nan,nan,nan,nan,nan,nan,nan,nan,nan,nan,nan,nan
HtHt_6000_2000,HtHt,6000,2000,85,360,1.6,0.8,/eos/uscms/store/user/aji/rootfiles_existingOptimization/HtHt_6000_2000_pt360_ak16_ca8_th85.root,failed,/eos/uscms/store/user/aji/rootfiles_existingOptimization/HtHt_6000_2000_pt360_ak16_ca8_th85.root,nan,nan,nan,nan,nan,nan,nan,nan,nan,nan,nan,nan,nan,nan,nan,nan,nan,nan,nan,nan,nan
HtHt_6000_2000,HtHt,6000,2000,85,360,1.6,1.0,/eos/uscms/store/user/aji/rootfiles_existingOptimization/HtHt_6000_2000_pt360_ak16_ca10_th85.root,failed,/eos/uscms/store/user/aji/rootfiles_existingOptimization/HtHt_6000_2000_pt360_ak16_ca10_th85.root,nan,nan,nan,nan,nan,nan,nan,nan,nan,nan,nan,nan,nan,nan,nan,nan,nan,nan,nan,nan,nan
HtHt_6000_2000,HtHt,6000,2000,85,360,1.6,1.2,/eos/uscms/store/user/aji/rootfiles_existingOptimization/HtHt_6000_2000_pt360_ak16_ca12_th85.root,failed,/eos/uscms/store/user/aji/rootfiles_existingOptimization/HtHt_6000_2000_pt360_ak16_ca12_th85.root,nan,nan,nan,nan,nan,nan,nan,nan,nan,nan,nan,nan,nan,nan,nan,nan,nan,nan,nan,nan,nan
HtHt_6000_2000,HtHt,6000,2000,85,380,0.8,0.4,/eos/uscms/store/user/aji/rootfiles_existingOptimization/HtHt_6000_2000_pt380_ak8_ca4_th85.root,failed,/eos/uscms/store/user/aji/rootfiles_existingOptimization/HtHt_6000_2000_pt380_ak8_ca4_th85.root,nan,nan,nan,nan,nan,nan,nan,nan,nan,nan,nan,nan,nan,nan,nan,nan,nan,nan,nan,nan,nan
HtHt_6000_2000,HtHt,6000,2000,85,380,1.0,0.4,/eos/uscms/store/user/aji/rootfiles_existingOptimization/HtHt_6000_2000_pt380_ak10_ca4_th85.root,failed,/eos/uscms/store/user/aji/rootfiles_existingOptimization/HtHt_6000_2000_pt380_ak10_ca4_th85.root,nan,nan,nan,nan,nan,nan,nan,nan,nan,nan,nan,nan,nan,nan,nan,nan,nan,nan,nan,nan,nan
HtHt_6000_2000,HtHt,6000,2000,85,380,1.0,0.6,/eos/uscms/store/user/aji/rootfiles_existingOptimization/HtHt_6000_2000_pt380_ak10_ca6_th85.root,failed,/eos/uscms/store/user/aji/rootfiles_existingOptimization/HtHt_6000_2000_pt380_ak10_ca6_th85.root,nan,nan,nan,nan,nan,nan,nan,nan,nan,nan,nan,nan,nan,nan,nan,nan,nan,nan,nan,nan,nan
HtHt_6000_2000,HtHt,6000,2000,85,380,1.2,0.4,/eos/uscms/store/user/aji/rootfiles_existingOptimization/HtHt_6000_2000_pt380_ak12_ca4_th85.root,failed,/eos/uscms/store/user/aji/rootfiles_existingOptimization/HtHt_6000_2000_pt380_ak12_ca4_th85.root,nan,nan,nan,nan,nan,nan,nan,nan,nan,nan,nan,nan,nan,nan,nan,nan,nan,nan,nan,nan,nan
HtHt_6000_2000,HtHt,6000,2000,85,380,1.2,0.6,/eos/uscms/store/user/aji/rootfiles_existingOptimization/HtHt_6000_2000_pt380_ak12_ca6_th85.root,failed,/eos/uscms/store/user/aji/rootfiles_existingOptimization/HtHt_6000_2000_pt380_ak12_ca6_th85.root,nan,nan,nan,nan,nan,nan,nan,nan,nan,nan,nan,nan,nan,nan,nan,nan,nan,nan,nan,nan,nan
HtHt_6000_2000,HtHt,6000,2000,85,380,1.2,0.8,/eos/uscms/store/user/aji/rootfiles_existingOptimization/HtHt_6000_2000_pt380_ak12_ca8_th85.root,failed,/eos/uscms/store/user/aji/rootfiles_existingOptimization/HtHt_6000_2000_pt380_ak12_ca8_th85.root,nan,nan,nan,nan,nan,nan,nan,nan,nan,nan,nan,nan,nan,nan,nan,nan,nan,nan,nan,nan,nan
HtHt_6000_2000,HtHt,6000,2000,85,380,1.4,0.4,/eos/uscms/store/user/aji/rootfiles_existingOptimization/HtHt_6000_2000_pt380_ak14_ca4_th85.root,failed,/eos/uscms/store/user/aji/rootfiles_existingOptimization/HtHt_6000_2000_pt380_ak14_ca4_th85.root,nan,nan,nan,nan,nan,nan,nan,nan,nan,nan,nan,nan,nan,nan,nan,nan,nan,nan,nan,nan,nan
HtHt_6000_2000,HtHt,6000,2000,85,380,1.4,0.6,/eos/uscms/store/user/aji/rootfiles_existingOptimization/HtHt_6000_2000_pt380_ak14_ca6_th85.root,failed,/eos/uscms/store/user/aji/rootfiles_existingOptimization/HtHt_6000_2000_pt380_ak14_ca6_th85.root,nan,nan,nan,nan,nan,nan,nan,nan,nan,nan,nan,nan,nan,nan,nan,nan,nan,nan,nan,nan,nan
HtHt_6000_2000,HtHt,6000,2000,85,380,1.4,0.8,/eos/uscms/store/user/aji/rootfiles_existingOptimization/HtHt_6000_2000_pt380_ak14_ca8_th85.root,failed,/eos/uscms/store/user/aji/rootfiles_existingOptimization/HtHt_6000_2000_pt380_ak14_ca8_th85.root,nan,nan,nan,nan,nan,nan,nan,nan,nan,nan,nan,nan,nan,nan,nan,nan,nan,nan,nan,nan,nan
HtHt_6000_2000,HtHt,6000,2000,85,380,1.4,1.0,/eos/uscms/store/user/aji/rootfiles_existingOptimization/HtHt_6000_2000_pt380_ak14_ca10_th85.root,failed,/eos/uscms/store/user/aji/rootfiles_existingOptimization/HtHt_6000_2000_pt380_ak14_ca10_th85.root,nan,nan,nan,nan,nan,nan,nan,nan,nan,nan,nan,nan,nan,nan,nan,nan,nan,nan,nan,nan,nan
HtHt_6000_2000,HtHt,6000,2000,85,380,1.6,0.4,/eos/uscms/store/user/aji/rootfiles_existingOptimization/HtHt_6000_2000_pt380_ak16_ca4_th85.root,failed,/eos/uscms/store/user/aji/rootfiles_existingOptimization/HtHt_6000_2000_pt380_ak16_ca4_th85.root,nan,nan,nan,nan,nan,nan,nan,nan,nan,nan,nan,nan,nan,nan,nan,nan,nan,nan,nan,nan,nan
HtHt_6000_2000,HtHt,6000,2000,85,380,1.6,0.6,/eos/uscms/store/user/aji/rootfiles_existingOptimization/HtHt_6000_2000_pt380_ak16_ca6_th85.root,failed,/eos/uscms/store/user/aji/rootfiles_existingOptimization/HtHt_6000_2000_pt380_ak16_ca6_th85.root,nan,nan,nan,nan,nan,nan,nan,nan,nan,nan,nan,nan,nan,nan,nan,nan,nan,nan,nan,nan,nan
HtHt_6000_2000,HtHt,6000,2000,85,380,1.6,0.8,/eos/uscms/store/user/aji/rootfiles_existingOptimization/HtHt_6000_2000_pt380_ak16_ca8_th85.root,failed,/eos/uscms/store/user/aji/rootfiles_existingOptimization/HtHt_6000_2000_pt380_ak16_ca8_th85.root,nan,nan,nan,nan,nan,nan,nan,nan,nan,nan,nan,nan,nan,nan,nan,nan,nan,nan,nan,nan,nan
HtHt_6000_2000,HtHt,6000,2000,85,380,1.6,1.0,/eos/uscms/store/user/aji/rootfiles_existingOptimization/HtHt_6000_2000_pt380_ak16_ca10_th85.root,failed,/eos/uscms/store/user/aji/rootfiles_existingOptimization/HtHt_6000_2000_pt380_ak16_ca10_th85.root,nan,nan,nan,nan,nan,nan,nan,nan,nan,nan,nan,nan,nan,nan,nan,nan,nan,nan,nan,nan,nan
HtHt_6000_2000,HtHt,6000,2000,85,380,1.6,1.2,/eos/uscms/store/user/aji/rootfiles_existingOptimization/HtHt_6000_2000_pt380_ak16_ca12_th85.root,failed,/eos/uscms/store/user/aji/rootfiles_existingOptimization/HtHt_6000_2000_pt380_ak16_ca12_th85.root,nan,nan,nan,nan,nan,nan,nan,nan,nan,nan,nan,nan,nan,nan,nan,nan,nan,nan,nan,nan,nan
HtHt_6000_2000,HtHt,6000,2000,85,400,0.8,0.4,/eos/uscms/store/user/aji/rootfiles_existingOptimization/HtHt_6000_2000_pt400_ak8_ca4_th85.root,failed,/eos/uscms/store/user/aji/rootfiles_existingOptimization/HtHt_6000_2000_pt400_ak8_ca4_th85.root,nan,nan,nan,nan,nan,nan,nan,nan,nan,nan,nan,nan,nan,nan,nan,nan,nan,nan,nan,nan,nan
HtHt_6000_2000,HtHt,6000,2000,85,400,1.0,0.4,/eos/uscms/store/user/aji/rootfiles_existingOptimization/HtHt_6000_2000_pt400_ak10_ca4_th85.root,failed,/eos/uscms/store/user/aji/rootfiles_existingOptimization/HtHt_6000_2000_pt400_ak10_ca4_th85.root,nan,nan,nan,nan,nan,nan,nan,nan,nan,nan,nan,nan,nan,nan,nan,nan,nan,nan,nan,nan,nan
HtHt_6000_2000,HtHt,6000,2000,85,400,1.0,0.6,/eos/uscms/store/user/aji/rootfiles_existingOptimization/HtHt_6000_2000_pt400_ak10_ca6_th85.root,failed,/eos/uscms/store/user/aji/rootfiles_existingOptimization/HtHt_6000_2000_pt400_ak10_ca6_th85.root,nan,nan,nan,nan,nan,nan,nan,nan,nan,nan,nan,nan,nan,nan,nan,nan,nan,nan,nan,nan,nan
HtHt_6000_2000,HtHt,6000,2000,85,400,1.2,0.4,/eos/uscms/store/user/aji/rootfiles_existingOptimization/HtHt_6000_2000_pt400_ak12_ca4_th85.root,failed,/eos/uscms/store/user/aji/rootfiles_existingOptimization/HtHt_6000_2000_pt400_ak12_ca4_th85.root,nan,nan,nan,nan,nan,nan,nan,nan,nan,nan,nan,nan,nan,nan,nan,nan,nan,nan,nan,nan,nan
HtHt_6000_2000,HtHt,6000,2000,85,400,1.2,0.6,/eos/uscms/store/user/aji/rootfiles_existingOptimization/HtHt_6000_2000_pt400_ak12_ca6_th85.root,failed,/eos/uscms/store/user/aji/rootfiles_existingOptimization/HtHt_6000_2000_pt400_ak12_ca6_th85.root,nan,nan,nan,nan,nan,nan,nan,nan,nan,nan,nan,nan,nan,nan,nan,nan,nan,nan,nan,nan,nan
HtHt_6000_2000,HtHt,6000,2000,85,400,1.2,0.8,/eos/uscms/store/user/aji/rootfiles_existingOptimization/HtHt_6000_2000_pt400_ak12_ca8_th85.root,failed,/eos/uscms/store/user/aji/rootfiles_existingOptimization/HtHt_6000_2000_pt400_ak12_ca8_th85.root,nan,nan,nan,nan,nan,nan,nan,nan,nan,nan,nan,nan,nan,nan,nan,nan,nan,nan,nan,nan,nan
HtHt_6000_2000,HtHt,6000,2000,85,400,1.4,0.4,/eos/uscms/store/user/aji/rootfiles_existingOptimization/HtHt_6000_2000_pt400_ak14_ca4_th85.root,failed,/eos/uscms/store/user/aji/rootfiles_existingOptimization/HtHt_6000_2000_pt400_ak14_ca4_th85.root,nan,nan,nan,nan,nan,nan,nan,nan,nan,nan,nan,nan,nan,nan,nan,nan,nan,nan,nan,nan,nan
HtHt_6000_2000,HtHt,6000,2000,85,400,1.4,0.6,/eos/uscms/store/user/aji/rootfiles_existingOptimization/HtHt_6000_2000_pt400_ak14_ca6_th85.root,failed,/eos/uscms/store/user/aji/rootfiles_existingOptimization/HtHt_6000_2000_pt400_ak14_ca6_th85.root,nan,nan,nan,nan,nan,nan,nan,nan,nan,nan,nan,nan,nan,nan,nan,nan,nan,nan,nan,nan,nan
HtHt_6000_2000,HtHt,6000,2000,85,400,1.4,0.8,/eos/uscms/store/user/aji/rootfiles_existingOptimization/HtHt_6000_2000_pt400_ak14_ca8_th85.root,failed,/eos/uscms/store/user/aji/rootfiles_existingOptimization/HtHt_6000_2000_pt400_ak14_ca8_th85.root,nan,nan,nan,nan,nan,nan,nan,nan,nan,nan,nan,nan,nan,nan,nan,nan,nan,nan,nan,nan,nan
HtHt_6000_2000,HtHt,6000,2000,85,400,1.4,1.0,/eos/uscms/store/user/aji/rootfiles_existingOptimization/HtHt_6000_2000_pt400_ak14_ca10_th85.root,failed,/eos/uscms/store/user/aji/rootfiles_existingOptimization/HtHt_6000_2000_pt400_ak14_ca10_th85.root,nan,nan,nan,nan,nan,nan,nan,nan,nan,nan,nan,nan,nan,nan,nan,nan,nan,nan,nan,nan,nan
HtHt_6000_2000,HtHt,6000,2000,85,400,1.6,0.4,/eos/uscms/store/user/aji/rootfiles_existingOptimization/HtHt_6000_2000_pt400_ak16_ca4_th85.root,failed,/eos/uscms/store/user/aji/rootfiles_existingOptimization/HtHt_6000_2000_pt400_ak16_ca4_th85.root,nan,nan,nan,nan,nan,nan,nan,nan,nan,nan,nan,nan,nan,nan,nan,nan,nan,nan,nan,nan,nan
HtHt_6000_2000,HtHt,6000,2000,85,400,1.6,0.6,/eos/uscms/store/user/aji/rootfiles_existingOptimization/HtHt_6000_2000_pt400_ak16_ca6_th85.root,failed,/eos/uscms/store/user/aji/rootfiles_existingOptimization/HtHt_6000_2000_pt400_ak16_ca6_th85.root,nan,nan,nan,nan,nan,nan,nan,nan,nan,nan,nan,nan,nan,nan,nan,nan,nan,nan,nan,nan,nan
HtHt_6000_2000,HtHt,6000,2000,85,400,1.6,0.8,/eos/uscms/store/user/aji/rootfiles_existingOptimization/HtHt_6000_2000_pt400_ak16_ca8_th85.root,failed,/eos/uscms/store/user/aji/rootfiles_existingOptimization/HtHt_6000_2000_pt400_ak16_ca8_th85.root,nan,nan,nan,nan,nan,nan,nan,nan,nan,nan,nan,nan,nan,nan,nan,nan,nan,nan,nan,nan,nan
HtHt_6000_2000,HtHt,6000,2000,85,400,1.6,1.0,/eos/uscms/store/user/aji/rootfiles_existingOptimization/HtHt_6000_2000_pt400_ak16_ca10_th85.root,failed,/eos/uscms/store/user/aji/rootfiles_existingOptimization/HtHt_6000_2000_pt400_ak16_ca10_th85.root,nan,nan,nan,nan,nan,nan,nan,nan,nan,nan,nan,nan,nan,nan,nan,nan,nan,nan,nan,nan,nan
HtHt_6000_2000,HtHt,6000,2000,85,400,1.6,1.2,/eos/uscms/store/user/aji/rootfiles_existingOptimization/HtHt_6000_2000_pt400_ak16_ca12_th85.root,failed,/eos/uscms/store/user/aji/rootfiles_existingOptimization/HtHt_6000_2000_pt400_ak16_ca12_th85.root,nan,nan,nan,nan,nan,nan,nan,nan,nan,nan,nan,nan,nan,nan,nan,nan,nan,nan,nan,nan,nan
