sample,decay,suu_mass,chi_mass,th_code,pt_cut,ak_radius,ca_radius,filename,status,error,n_events,n_valid_events,reconstruction_efficiency,reconstruction_efficiency_err,f_low_event,f_low_event_err,f_low_chi,f_peak_chi,f_peak_event_both,f_peak_event_both_all,off_peak_event_fraction,off_peak_event_fraction_err,median_mass,q16_mass,q84_mass,median_mass_response,q16_mass_response,q84_mass_response,robust_resolution,median_mass_asymmetry,balanced_score
HtZt_4000_1000,HtZt,4000,1000,85,120,0.6,0.4,/eos/uscms/store/user/aji/rootfiles_existingOptimization/HtZt_4000_1000_pt120_ak6_ca4_th85.root,ok,,1000,1000,1.0,0.0,0.034,0.005730968504537431,0.021,0.6595,0.609,0.609,0.391,0.015431104950715617,1019.3601285084458,821.9811715415594,1485.7420704804265,1.019360128508446,0.8219811715415594,1.4857420704804265,0.3255772324105413,0.0011427405023539303,0.7185132452613859
HtZt_4000_1000,HtZt,4000,1000,85,100,0.6,0.4,/eos/uscms/store/user/aji/rootfiles_existingOptimization/HtZt_4000_1000_pt100_ak6_ca4_th85.root,ok,,1000,1000,1.0,0.0,0.016,0.003967870965643918,0.0095,0.641,0.605,0.605,0.395,0.015458816254810716,1070.3109585346135,871.7627837364207,1550.8222371858758,1.0703109585346136,0.8717627837364207,1.5508222371858758,0.3172253110344541,0.00029458830848664035,0.7192564068879155
HtZt_4000_1000,HtZt,4000,1000,85,140,0.6,0.4,/eos/uscms/store/user/aji/rootfiles_existingOptimization/HtZt_4000_1000_pt140_ak6_ca4_th85.root,ok,,1000,1000,1.0,0.0,0.054,0.007147307185227175,0.0375,0.6535,0.585,0.585,0.41500000000000004,0.015581238718407468,985.9835971297234,770.5555713091401,1428.925910720442,0.9859835971297235,0.77055557130914,1.4289259107204422,0.33386475258202597,0.0036006299039808326,0.7502663928690536
HtZt_4000_1000,HtZt,4000,1000,85,160,0.6,0.4,/eos/uscms/store/user/aji/rootfiles_existingOptimization/HtZt_4000_1000_pt160_ak6_ca4_th85.root,ok,,1000,1000,1.0,0.0,0.072,0.008174105455644672,0.052,0.6535,0.572,0.572,0.42800000000000005,0.015646597074124458,957.9997445124919,714.7259534569325,1367.3614416379914,0.9579997445124919,0.7147259534569326,1.3673614416379913,0.34062404083060205,0.011684402223496659,0.7728240663793529
HtZt_4000_1000,HtZt,4000,1000,85,140,0.8,0.6,/eos/uscms/store/user/aji/rootfiles_existingOptimization/HtZt_4000_1000_pt140_ak8_ca6_th85.root,ok,,1000,1000,1.0,0.0,0.026,0.0050322956987840055,0.016,0.622,0.551,0.551,0.44899999999999995,0.015728922404284407,1068.0930920565402,878.4626540505731,1590.8481078884013,1.0680930920565403,0.8784626540505731,1.5908481078884011,0.3334847211052449,0.0072585868788412125,0.7892940303108988
HtZt_4000_1000,HtZt,4000,1000,85,120,0.8,0.6,/eos/uscms/store/user/aji/rootfiles_existingOptimization/HtZt_4000_1000_pt120_ak8_ca6_th85.root,ok,,1000,1000,1.0,0.0,0.016,0.003967870965643918,0.0095,0.598,0.55,0.55,0.44999999999999996,0.015732132722552274,1106.8201281830263,911.6442974018972,1651.9372811524895,1.1068201281830263,0.9116442974018972,1.6519372811524895,0.33442334707350735,0.003326388651069469,0.7951053598918099
HtZt_4000_1000,HtZt,4000,1000,85,160,0.8,0.6,/eos/uscms/store/user/aji/rootfiles_existingOptimization/HtZt_4000_1000_pt160_ak8_ca6_th85.root,ok,,1000,1000,1.0,0.0,0.041,0.006270486424512854,0.028,0.6305,0.542,0.542,0.45799999999999996,0.015755506973753653,1043.1564166662884,837.5753386752377,1541.6341612305355,1.0431564166662883,0.8375753386752377,1.5416341612305355,0.3374656050169944,0.011675224169275125,0.7997812466836232
HtZt_4000_1000,HtZt,4000,1000,85,180,0.8,0.6,/eos/uscms/store/user/aji/rootfiles_existingOptimization/HtZt_4000_1000_pt180_ak8_ca6_th85.root,ok,,1000,1000,1.0,0.0,0.059,0.007451107300260815,0.041,0.639,0.534,0.534,0.46599999999999997,0.01577479001445027,1022.8963199675493,779.2496706925508,1480.7358208669148,1.0228963199675492,0.7792496706925509,1.4807358208669148,0.34289210767549644,0.018817424054926063,0.8111817396722514
HtZt_4000_1000,HtZt,4000,1000,85,200,0.8,0.6,/eos/uscms/store/user/aji/rootfiles_existingOptimization/HtZt_4000_1000_pt200_ak8_ca6_th85.root,ok,,1000,1000,1.0,0.0,0.078,0.008480330182251162,0.056,0.641,0.526,0.526,0.474,0.01578999683343857,1007.7696403962391,739.8297307140207,1434.5204507544636,1.007769640396239,0.7398297307140207,1.4345204507544638,0.34466741812508944,0.025059313155564873,0.8194443821647133
HtZt_4000_1000,HtZt,4000,1000,85,100,0.8,0.6,/eos/uscms/store/user/aji/rootfiles_existingOptimization/HtZt_4000_1000_pt100_ak8_ca6_th85.root,ok,,1000,1000,1.0,0.0,0.006,0.002442130217658346,0.003,0.5585,0.523,0.523,0.477,0.01579465099329517,1194.0434032367218,950.1675288637687,1747.1119918691074,1.1940434032367218,0.9501675288637687,1.7471119918691076,0.3337167061285388,0.0012414835269147356,0.830121046452211
HtZt_4000_1000,HtZt,4000,1000,85,180,0.6,0.4,/eos/uscms/store/user/aji/rootfiles_existingOptimization/HtZt_4000_1000_pt180_ak6_ca4_th85.root,ok,,1000,1000,1.0,0.0,0.095,0.00927227048785787,0.0705,0.638,0.542,0.542,0.45799999999999996,0.015755506973753653,930.5010586277317,653.953631777737,1333.873468540209,0.9305010586277318,0.653953631777737,1.333873468540209,0.36535145793664775,0.022508572430131137,0.8303013520738745
HtZt_4000_1000,HtZt,4000,1000,85,100,0.6,1.4,/eos/uscms/store/user/aji/rootfiles_existingOptimization/HtZt_4000_1000_pt100_ak6_ca14_th85.root,ok,,1000,1000,1.0,0.0,0.12,0.010276186062932104,0.0615,0.653,0.481,0.481,0.519,0.01579996835439869,971.9495828596587,745.8162502045732,1404.971351782542,0.9719495828596587,0.7458162502045732,1.404971351782542,0.3390891426891765,0.10829489069714879,0.8608941844032107
HtZt_4000_1000,HtZt,4000,1000,85,100,0.6,1.6,/eos/uscms/store/user/aji/rootfiles_existingOptimization/HtZt_4000_1000_pt100_ak6_ca16_th85.root,ok,,1000,1000,1.0,0.0,0.152,0.011353237423748346,0.0775,0.661,0.483,0.483,0.517,0.01580224667571039,963.7334918771478,710.9372861067222,1367.6490228397915,0.9637334918771477,0.7109372861067222,1.3676490228397915,0.34071231427992327,0.12534762759981408,0.8613389650922085
HtZt_4000_1000,HtZt,4000,1000,85,220,0.8,0.6,/eos/uscms/store/user/aji/rootfiles_existingOptimization/HtZt_4000_1000_pt220_ak8_ca6_th85.root,ok,,1000,1000,1.0,0.0,0.088,0.008958571314668427,0.0655,0.634,0.512,0.512,0.488,0.01580683396509244,997.2455251287818,662.6056961928575,1419.1059156471551,0.9972455251287817,0.6626056961928575,1.419105915647155,0.3792948679095878,0.031200794024577046,0.8675703153967096
HtZt_4000_1000,HtZt,4000,1000,85,100,0.6,0.6,/eos/uscms/store/user/aji/rootfiles_existingOptimization/HtZt_4000_1000_pt100_ak6_ca6_th85.root,ok,,1000,1000,1.0,0.0,0.056,0.007270763371201128,0.0295,0.606,0.511,0.511,0.489,0.015807561481771943,1028.9277211774306,829.8391179816155,1610.5532323035798,1.0289277211774306,0.8298391179816155,1.6105532323035798,0.3793823891869545,0.04360458789828882,0.8712751613046976
HtZt_4000_1000,HtZt,4000,1000,85,140,0.8,1.4,/eos/uscms/store/user/aji/rootfiles_existingOptimization/HtZt_4000_1000_pt140_ak8_ca14_th85.root,ok,,1000,1000,1.0,0.0,0.173,0.011961229033840962,0.0905,0.6465,0.476,0.476,0.524,0.01579316307773715,1007.7337755326716,767.3925527793415,1465.8216984378043,1.0077337755326716,0.7673925527793415,1.4658216984378043,0.3465345523867574,0.10698314397120491,0.8713079299400246
HtZt_4000_1000,HtZt,4000,1000,85,140,0.8,1.6,/eos/uscms/store/user/aji/rootfiles_existingOptimization/HtZt_4000_1000_pt140_ak8_ca16_th85.root,ok,,1000,1000,1.0,0.0,0.191,0.012430567163247218,0.0995,0.653,0.469,0.469,0.531,0.01578096955196353,1000.0051930372691,736.1493972226327,1419.721423875297,1.000005193037269,0.7361493972226327,1.4197214238752969,0.34178423842804395,0.1256766733210266,0.8727847577317709
HtZt_4000_1000,HtZt,4000,1000,85,100,0.6,1.2,/eos/uscms/store/user/aji/rootfiles_existingOptimization/HtZt_4000_1000_pt100_ak6_ca12_th85.root,ok,,1000,1000,1.0,0.0,0.103,0.009612023720320296,0.053,0.6355,0.483,0.483,0.517,0.01580224667571039,984.6284238067701,770.7914486330626,1473.3445036184653,0.9846284238067702,0.7707914486330626,1.4733445036184651,0.35676049868090953,0.08887326474859454,0.8752976563002325
HtZt_4000_1000,HtZt,4000,1000,85,100,0.4,0.4,/eos/uscms/store/user/aji/rootfiles_existingOptimization/HtZt_4000_1000_pt100_ak4_ca4_th85.root,ok,,1000,1000,1.0,0.0,0.084,0.008771772910877254,0.046,0.6125,0.494,0.494,0.506,0.015810249839898167,968.1063431630018,735.3421955165933,1447.1925352744788,0.9681063431630018,0.7353421955165933,1.4471925352744788,0.3676509015694105,0.04805003653794665,0.8768402672531104
HtZt_4000_1000,HtZt,4000,1000,85,140,0.8,1.2,/eos/uscms/store/user/aji/rootfiles_existingOptimization/HtZt_4000_1000_pt140_ak8_ca12_th85.root,ok,,1000,1000,1.0,0.0,0.148,0.011229247525992114,0.078,0.635,0.485,0.485,0.515,0.01580427157448264,1020.8383616495646,797.5370326209917,1548.0238573648753,1.0208383616495647,0.7975370326209917,1.5480238573648752,0.36758357294252625,0.08546249340461445,0.8846674091074826
HtZt_4000_1000,HtZt,4000,1000,85,120,0.8,1.2,/eos/uscms/store/user/aji/rootfiles_existingOptimization/HtZt_4000_1000_pt120_ak8_ca12_th85.root,ok,,1000,1000,1.0,0.0,0.093,0.009184280047995052,0.049,0.6185,0.489,0.489,0.511,0.015807561481771943,1044.1089782947442,844.4586579121183,1618.1951667425442,1.0441089782947441,0.8444586579121183,1.6181951667425443,0.3705247847279817,0.07401812940176705,0.8859356825574562
HtZt_4000_1000,HtZt,4000,1000,85,120,0.8,1.4,/eos/uscms/store/user/aji/rootfiles_existingOptimization/HtZt_4000_1000_pt120_ak8_ca14_th85.root,ok,,1000,1000,1.0,0.0,0.12,0.010276186062932104,0.0625,0.6305,0.473,0.473,0.527,0.01578831846651188,1031.3444595381152,821.0874741136264,1564.36031430071,1.0313444595381152,0.8210874741136265,1.5643603143007099,0.36034170412858774,0.1006490090356293,0.8904761500823992
HtZt_4000_1000,HtZt,4000,1000,85,100,0.6,0.8,/eos/uscms/store/user/aji/rootfiles_existingOptimization/HtZt_4000_1000_pt100_ak6_ca8_th85.root,ok,,1000,1000,1.0,0.0,0.068,0.007960904471226871,0.0355,0.61,0.501,0.501,0.499,0.015811356678033673,1018.0367022693404,820.3258781504094,1621.0375579710565,1.0180367022693404,0.8203258781504094,1.6210375579710565,0.3932626780722902,0.053748145568295644,0.8940663482992243
HtZt_4000_1000,HtZt,4000,1000,85,160,1.0,0.8,/eos/uscms/store/user/aji/rootfiles_existingOptimization/HtZt_4000_1000_pt160_ak10_ca8_th85.root,ok,,1000,1000,1.0,0.0,0.021,0.004534203347888138,0.0115,0.569,0.484,0.484,0.516,0.015803290796539814,1148.4139570800194,944.8648365692885,1782.5648985665619,1.1484139570800194,0.9448648365692885,1.7825648985665619,0.3647204289153828,0.016287093970302938,0.8955618246233847
HtZt_4000_1000,HtZt,4000,1000,85,100,0.6,1.0,/eos/uscms/store/user/aji/rootfiles_existingOptimization/HtZt_4000_1000_pt100_ak6_ca10_th85.root,ok,,1000,1000,1.0,0.0,0.083,0.008724161850859944,0.043,0.618,0.493,0.493,0.507,0.015809838708854686,1004.5619286236041,803.0823086489258,1583.0009280762456,1.004561928623604,0.8030823086489258,1.5830009280762456,0.38818842184071306,0.06503176907429767,0.8956446147030734
HtZt_4000_1000,HtZt,4000,1000,85,120,0.8,1.6,/eos/uscms/store/user/aji/rootfiles_existingOptimization/HtZt_4000_1000_pt120_ak8_ca16_th85.root,ok,,1000,1000,1.0,0.0,0.141,0.011005407761641547,0.073,0.636,0.459,0.459,0.5409999999999999,0.015758140753274162,1023.9283636285102,796.028840973774,1520.0924306499708,1.0239283636285101,0.796028840973774,1.5200924306499708,0.35357140958099936,0.12125286210013672,0.8969642459438503
HtZt_4000_1000,HtZt,4000,1000,85,120,0.8,0.8,/eos/uscms/store/user/aji/rootfiles_existingOptimization/HtZt_4000_1000_pt120_ak8_ca8_th85.root,ok,,1000,1000,1.0,0.0,0.073,0.008226238508577295,0.039,0.5845,0.497,0.497,0.503,0.01581110369329099,1073.8325726657604,880.3144574311207,1715.5923126848127,1.0738325726657603,0.8803144574311207,1.7155923126848127,0.3889236909531145,0.04920146143395063,0.8993069482196906
HtZt_4000_1000,HtZt,4000,1000,85,120,0.6,0.6,/eos/uscms/store/user/aji/rootfiles_existingOptimization/HtZt_4000_1000_pt120_ak6_ca6_th85.root,ok,,1000,1000,1.0,0.0,0.111,0.00993373041711924,0.0595,0.616,0.495,0.495,0.505,0.01581059771166163,979.0520880047463,763.3827147368313,1534.1522181793619,0.9790520880047464,0.7633827147368314,1.5341522181793616,0.39363048855414606,0.05758827421869306,0.9007252797536714
HtZt_4000_1000,HtZt,4000,1000,85,140,1.0,0.8,/eos/uscms/store/user/aji/rootfiles_existingOptimization/HtZt_4000_1000_pt140_ak10_ca8_th85.root,ok,,1000,1000,1.0,0.0,0.015,0.003843826218756514,0.008,0.5455,0.482,0.482,0.518,0.01580113919943749,1174.7283735731858,979.651465904355,1847.1555985100388,1.1747283735731857,0.9796514659043549,1.847155598510039,0.36923605155078787,0.01266264648568365,0.9047088889081064
HtZt_4000_1000,HtZt,4000,1000,85,180,1.0,0.8,/eos/uscms/store/user/aji/rootfiles_existingOptimization/HtZt_4000_1000_pt180_ak10_ca8_th85.root,ok,,1000,1000,1.0,0.0,0.03,0.005394441583704471,0.017,0.5715,0.464,0.464,0.536,0.015770351930125083,1129.7603677496095,902.6915817528586,1713.1949208165452,1.1297603677496095,0.9026915817528586,1.7131949208165451,0.3587058646242579,0.022445334006202362,0.9076819013992189
HtZt_4000_1000,HtZt,4000,1000,85,240,0.8,0.6,/eos/uscms/store/user/aji/rootfiles_existingOptimization/HtZt_4000_1000_pt240_ak8_ca6_th85.root,ok,,1000,1000,1.0,0.0,0.101,0.009528850927577786,0.074,0.6255,0.495,0.495,0.505,0.01581059771166163,988.1336657692719,569.8336677999066,1365.4583675189076,0.988133665769272,0.5698336677999066,1.3654583675189076,0.402589612762358,0.03974207065911235,0.9087762461854307
HtZt_4000_1000,HtZt,4000,1000,85,140,0.8,0.8,/eos/uscms/store/user/aji/rootfiles_existingOptimization/HtZt_4000_1000_pt140_ak8_ca8_th85.root,ok,,1000,1000,1.0,0.0,0.122,0.010349685985574635,0.065,0.599,0.486,0.486,0.514,0.015805189021330938,1040.5966268065254,838.2029677449123,1651.5869385701385,1.0405966268065254,0.8382029677449122,1.6515869385701385,0.3908257771896737,0.05787843624275535,0.9088854398703262
HtZt_4000_1000,HtZt,4000,1000,85,120,0.8,1.0,/eos/uscms/store/user/aji/rootfiles_existingOptimization/HtZt_4000_1000_pt120_ak8_ca10_th85.root,ok,,1000,1000,1.0,0.0,0.084,0.008771772910877254,0.0445,0.585,0.484,0.484,0.516,0.015803290796539814,1068.928278875716,873.7631399423897,1703.1464074953324,1.068928278875716,0.8737631399423897,1.7031464074953324,0.38795084943644514,0.058670854067336305,0.9108436773240167
HtZt_4000_1000,HtZt,4000,1000,85,100,0.8,1.4,/eos/uscms/store/user/aji/rootfiles_existingOptimization/HtZt_4000_1000_pt100_ak8_ca14_th85.root,ok,,1000,1000,1.0,0.0,0.071,0.008121514637061242,0.036,0.603,0.451,0.451,0.5489999999999999,0.015735278834517044,1074.0648309112776,886.5737026979805,1651.8833115908408,1.0740648309112775,0.8865737026979804,1.6518833115908407,0.35626788386858477,0.08439488202460166,0.9126743669597125
HtZt_4000_1000,HtZt,4000,1000,85,220,1.0,0.8,/eos/uscms/store/user/aji/rootfiles_existingOptimization/HtZt_4000_1000_pt220_ak10_ca8_th85.root,ok,,1000,1000,1.0,0.0,0.049,0.006826346021115542,0.0295,0.5915,0.461,0.461,0.5389999999999999,0.015763216676808068,1093.2524253110114,785.3715343410821,1582.1885990829905,1.0932524253110114,0.7853715343410821,1.5821885990829907,0.3644250158032935,0.03567657691373596,0.9127502583343945
HtZt_4000_1000,HtZt,4000,1000,85,200,0.6,0.4,/eos/uscms/store/user/aji/rootfiles_existingOptimization/HtZt_4000_1000_pt200_ak6_ca4_th85.root,ok,,1000,1000,1.0,0.0,0.125,0.010458250331675944,0.0955,0.6195,0.508,0.508,0.492,0.015809364313595912,912.1601083563145,540.8581841227148,1297.3986359571895,0.9121601083563144,0.5408581841227148,1.2973986359571894,0.4146971813960041,0.029394682030900218,0.9154811705603726
HtZt_4000_1000,HtZt,4000,1000,85,120,0.6,1.6,/eos/uscms/store/user/aji/rootfiles_existingOptimization/HtZt_4000_1000_pt120_ak6_ca16_th85.root,ok,,1000,1000,1.0,0.0,0.219,0.013078187947877183,0.1135,0.6415,0.445,0.445,0.5549999999999999,0.01571543826942157,937.2264268982431,627.1856407083321,1292.4818822824432,0.9372264268982431,0.6271856407083322,1.292481882282443,0.3549282342453323,0.1490755675575013,0.9162055915555078
HtZt_4000_1000,HtZt,4000,1000,85,100,0.8,1.2,/eos/uscms/store/user/aji/rootfiles_existingOptimization/HtZt_4000_1000_pt100_ak8_ca12_th85.root,ok,,1000,1000,1.0,0.0,0.053,0.00708456067798138,0.027,0.5825,0.459,0.459,0.5409999999999999,0.015758140753274162,1098.9006872897921,898.3332361057911,1701.7990908734912,1.098900687289792,0.8983332361057912,1.7017990908734912,0.36557710085216166,0.06315706436062063,0.9164671695811408
HtZt_4000_1000,HtZt,4000,1000,85,200,1.0,0.8,/eos/uscms/store/user/aji/rootfiles_existingOptimization/HtZt_4000_1000_pt200_ak10_ca8_th85.root,ok,,1000,1000,1.0,0.0,0.037,0.005969170796685248,0.022,0.582,0.463,0.463,0.5369999999999999,0.015768037290671277,1104.5133706260344,835.263748794296,1650.5203485442203,1.1045133706260346,0.835263748794296,1.6505203485442201,0.3690569174766256,0.027755488705612234,0.916508254539229
HtZt_4000_1000,HtZt,4000,1000,85,100,0.4,0.6,/eos/uscms/store/user/aji/rootfiles_existingOptimization/HtZt_4000_1000_pt100_ak4_ca6_th85.root,ok,,1000,1000,1.0,0.0,0.116,0.010126401137620413,0.062,0.6215,0.474,0.474,0.526,0.01578999683343857,928.985321590688,703.1924137677717,1418.636858723059,0.9289853215906881,0.7031924137677716,1.4186368587230591,0.3850676799339748,0.06550786163280764,0.9181691477749059
HtZt_4000_1000,HtZt,4000,1000,85,140,0.8,1.0,/eos/uscms/store/user/aji/rootfiles_existingOptimization/HtZt_4000_1000_pt140_ak8_ca10_th85.root,ok,,1000,1000,1.0,0.0,0.134,0.010772372069326236,0.071,0.5985,0.476,0.476,0.524,0.01579316307773715,1036.7152167637105,822.915676460618,1639.146621221544,1.0367152167637104,0.822915676460618,1.639146621221544,0.39366208364768435,0.06455658098740998,0.9213336053240555
HtZt_4000_1000,HtZt,4000,1000,85,160,0.8,1.4,/eos/uscms/store/user/aji/rootfiles_existingOptimization/HtZt_4000_1000_pt160_ak8_ca14_th85.root,ok,,1000,1000,1.0,0.0,0.222,0.013142145943490356,0.119,0.6305,0.444,0.444,0.556,0.015711906313366306,994.5950593161851,677.7692425918651,1413.80487430202,0.9945950593161852,0.6777692425918651,1.4138048743020202,0.370017739790605,0.12079340397925015,0.9265582338589866
HtZt_4000_1000,HtZt,4000,1000,85,160,1.0,1.6,/eos/uscms/store/user/aji/rootfiles_existingOptimization/HtZt_4000_1000_pt160_ak10_ca16_th85.root,ok,,1000,1000,1.0,0.0,0.116,0.010126401137620413,0.059,0.612,0.425,0.425,0.575,0.015632498200863484,1095.9262606212733,844.8620660933956,1595.0190953367737,1.0959262606212732,0.8448620660933955,1.5950190953367738,0.3422479486978071,0.11405691577285813,0.9268405747599344
HtZt_4000_1000,HtZt,4000,1000,85,100,0.8,1.6,/eos/uscms/store/user/aji/rootfiles_existingOptimization/HtZt_4000_1000_pt100_ak8_ca16_th85.root,ok,,1000,1000,1.0,0.0,0.092,0.00913980306133562,0.0465,0.6075,0.436,0.436,0.5640000000000001,0.015681326474504636,1062.2055697091703,866.2222282794253,1626.4929291197438,1.0622055697091701,0.8662222282794253,1.6264929291197439,0.35787361812105695,0.10581893941477741,0.928094175091974
HtZt_4000_1000,HtZt,4000,1000,85,120,0.6,1.4,/eos/uscms/store/user/aji/rootfiles_existingOptimization/HtZt_4000_1000_pt120_ak6_ca14_th85.root,ok,,1000,1000,1.0,0.0,0.19,0.012405643876881199,0.099,0.638,0.446,0.446,0.554,0.01571890581433708,943.1285626924628,650.9957134240168,1347.720156730117,0.9431285626924628,0.6509957134240167,1.3477201567301171,0.3693687535647723,0.1213358814149188,0.9290558972955261
HtZt_4000_1000,HtZt,4000,1000,85,160,1.0,1.4,/eos/uscms/store/user/aji/rootfiles_existingOptimization/HtZt_4000_1000_pt160_ak10_ca14_th85.root,ok,,1000,1000,1.0,0.0,0.102,0.009570579919733181,0.052,0.6015,0.429,0.429,0.571,0.015651166090742248,1106.2725735067347,876.3236408814403,1647.3205554381498,1.1062725735067347,0.8763236408814403,1.6473205554381498,0.3484660711205889,0.09661241620446699,0.9300933284712624
HtZt_4000_1000,HtZt,4000,1000,85,120,0.6,1.2,/eos/uscms/store/user/aji/rootfiles_existingOptimization/HtZt_4000_1000_pt120_ak6_ca12_th85.root,ok,,1000,1000,1.0,0.0,0.165,0.011737759581794134,0.0865,0.6205,0.45,0.45,0.55,0.015732132722552274,954.71156220788,689.1602697418324,1409.3141550601938,0.95471156220788,0.6891602697418324,1.4093141550601938,0.37715783165594163,0.10316416331596136,0.9316866754351537
HtZt_4000_1000,HtZt,4000,1000,85,160,0.8,1.6,/eos/uscms/store/user/aji/rootfiles_existingOptimization/HtZt_4000_1000_pt160_ak8_ca16_th85.root,ok,,1000,1000,1.0,0.0,0.238,0.01346684818359515,0.127,0.6365,0.44,0.44,0.56,0.015697133496278867,988.9408661319792,610.7383342043798,1348.8431950668944,0.9889408661319792,0.6107383342043798,1.3488431950668944,0.37317947217079145,0.14695571433404786,0.9342853855575937
HtZt_4000_1000,HtZt,4000,1000,85,120,0.6,0.8,/eos/uscms/store/user/aji/rootfiles_existingOptimization/HtZt_4000_1000_pt120_ak6_ca8_th85.root,ok,,1000,1000,1.0,0.0,0.129,0.010599952830083727,0.0685,0.605,0.472,0.472,0.528,0.015786576576319513,974.9789975525239,745.2471444746491,1535.0399036216647,0.974978997552524,0.745247144474649,1.5350399036216646,0.40503065252155235,0.06427133975172244,0.9355327527663
HtZt_4000_1000,HtZt,4000,1000,85,240,1.0,0.8,/eos/uscms/store/user/aji/rootfiles_existingOptimization/HtZt_4000_1000_pt240_ak10_ca8_th85.root,ok,,1000,1000,1.0,0.0,0.061,0.0075682891065286355,0.0395,0.594,0.457,0.457,0.5429999999999999,0.015752809273269323,1080.3495539593366,685.5817589333532,1519.2536964342482,1.0803495539593366,0.6855817589333533,1.5192536964342482,0.38583435076434236,0.040742058691452226,0.936869306160276
HtZt_4000_1000,HtZt,4000,1000,85,100,0.4,0.8,/eos/uscms/store/user/aji/rootfiles_existingOptimization/HtZt_4000_1000_pt100_ak4_ca8_th85.root,ok,,1000,1000,1.0,0.0,0.137,0.010873407929439602,0.0725,0.618,0.455,0.455,0.5449999999999999,0.015747221977225064,922.7913339199208,686.1502290506021,1411.8570352611066,0.9227913339199209,0.6861502290506021,1.4118570352611068,0.39321284213180585,0.07552947410187477,0.9459337087398138
HtZt_4000_1000,HtZt,4000,1000,85,100,0.8,0.8,/eos/uscms/store/user/aji/rootfiles_existingOptimization/HtZt_4000_1000_pt100_ak8_ca8_th85.root,ok,,1000,1000,1.0,0.0,0.035,0.005811626278418116,0.018,0.538,0.463,0.463,0.5369999999999999,0.015768037290671277,1164.9014059126491,924.0598844924067,1841.1865731003902,1.1649014059126492,0.9240598844924066,1.8411865731003902,0.39364991919185427,0.03843404598353513,0.9471400597831192
HtZt_4000_1000,HtZt,4000,1000,85,160,1.0,1.2,/eos/uscms/store/user/aji/rootfiles_existingOptimization/HtZt_4000_1000_pt160_ak10_ca12_th85.root,ok,,1000,1000,1.0,0.0,0.093,0.009184280047995052,0.0475,0.581,0.431,0.431,0.569,0.015660108556456435,1116.4368438131187,896.9716645444654,1718.4203781002748,1.1164368438131187,0.8969716645444653,1.718420378100275,0.36788857251889145,0.07476828975228267,0.9485322569002033
HtZt_4000_1000,HtZt,4000,1000,85,160,0.8,1.2,/eos/uscms/store/user/aji/rootfiles_existingOptimization/HtZt_4000_1000_pt160_ak8_ca12_th85.root,ok,,1000,1000,1.0,0.0,0.202,0.012696298673235441,0.109,0.6165,0.447,0.447,0.5529999999999999,0.01572230899073034,1003.6275975457795,707.6010133700623,1502.6235198117681,1.0036275975457793,0.7076010133700623,1.5026235198117681,0.39607445450175643,0.1006490090356293,0.9494372142563343
HtZt_4000_1000,HtZt,4000,1000,85,220,0.6,0.4,/eos/uscms/store/user/aji/rootfiles_existingOptimization/HtZt_4000_1000_pt220_ak6_ca4_th85.root,ok,,1000,1000,1.0,0.0,0.147,0.011197812286335219,0.117,0.614,0.496,0.496,0.504,0.01581088232832058,897.395395205652,451.2458206420405,1238.5034507291186,0.8973953952056521,0.4512458206420405,1.2385034507291186,0.43863476138445406,0.03662952400480979,0.9528952218638889
HtZt_4000_1000,HtZt,4000,1000,85,100,0.4,1.4,/eos/uscms/store/user/aji/rootfiles_existingOptimization/HtZt_4000_1000_pt100_ak4_ca14_th85.root,ok,,1000,1000,1.0,0.0,0.197,0.012577400367325514,0.1025,0.638,0.428,0.428,0.5720000000000001,0.015646597074124455,890.3015021244846,587.645281548044,1247.0721675506086,0.8903015021244846,0.587645281548044,1.2470721675506087,0.3703390842478674,0.13486746709474795,0.953308934035419
HtZt_4000_1000,HtZt,4000,1000,85,100,0.8,1.0,/eos/uscms/store/user/aji/rootfiles_existingOptimization/HtZt_4000_1000_pt100_ak8_ca10_th85.root,ok,,1000,1000,1.0,0.0,0.044,0.006485676526007136,0.0225,0.538,0.449,0.449,0.5509999999999999,0.015728922404284407,1150.572997959534,919.0231924076294,1810.9814139724663,1.150572997959534,0.9190231924076294,1.810981413972466,0.38761478982501163,0.04948327966751842,0.953672089620965
HtZt_4000_1000,HtZt,4000,1000,85,140,1.0,1.4,/eos/uscms/store/user/aji/rootfiles_existingOptimization/HtZt_4000_1000_pt140_ak10_ca14_th85.root,ok,,1000,1000,1.0,0.0,0.076,0.008379976133617566,0.0385,0.5845,0.429,0.429,0.571,0.015651166090742248,1123.7823006910758,913.3780518376841,1746.1138917552403,1.1237823006910759,0.9133780518376841,1.7461138917552401,0.37050585304887823,0.08842892435760394,0.9538840831179858
HtZt_4000_1000,HtZt,4000,1000,85,120,0.4,0.4,/eos/uscms/store/user/aji/rootfiles_existingOptimization/HtZt_4000_1000_pt120_ak4_ca4_th85.root,ok,,1000,1000,1.0,0.0,0.141,0.011005407761641547,0.0805,0.5965,0.452,0.452,0.548,0.015738360778683402,918.7905204118534,661.9293866526305,1395.2948850886637,0.9187905204118534,0.6619293866526305,1.3952948850886635,0.3990928738072404,0.06371393784850524,0.9552138217660551
HtZt_4000_1000,HtZt,4000,1000,85,120,0.6,1.0,/eos/uscms/store/user/aji/rootfiles_existingOptimization/HtZt_4000_1000_pt120_ak6_ca10_th85.root,ok,,1000,1000,1.0,0.0,0.146,0.011166198995181842,0.077,0.6055,0.457,0.457,0.5429999999999999,0.015752809273269323,970.804319452596,720.6551853656497,1517.0735850884391,0.9708043194525959,0.7206551853656497,1.5170735850884391,0.4101848249768106,0.07774546891259129,0.9561043930315509
HtZt_4000_1000,HtZt,4000,1000,85,140,1.0,1.6,/eos/uscms/store/user/aji/rootfiles_existingOptimization/HtZt_4000_1000_pt140_ak10_ca16_th85.root,ok,,1000,1000,1.0,0.0,0.091,0.009094998625618368,0.046,0.5935,0.423,0.423,0.577,0.015622771841129857,1112.7503002320911,888.4439940365362,1710.5904365359468,1.112750300232091,0.8884439940365361,1.7105904365359468,0.36942090347130535,0.10738565365394628,0.9576959334945143
HtZt_4000_1000,HtZt,4000,1000,85,180,1.0,1.6,/eos/uscms/store/user/aji/rootfiles_existingOptimization/HtZt_4000_1000_pt180_ak10_ca16_th85.root,ok,,1000,1000,1.0,0.0,0.149,0.01126050620531777,0.0765,0.6055,0.405,0.405,0.595,0.015523369479594306,1080.7228388414992,734.3096942351128,1503.6401802134576,1.0807228388414993,0.7343096942351128,1.5036401802134576,0.35593329683077796,0.12778001378258652,0.9590055807149278
HtZt_4000_1000,HtZt,4000,1000,85,100,0.4,1.2,/eos/uscms/store/user/aji/rootfiles_existingOptimization/HtZt_4000_1000_pt100_ak4_ca12_th85.root,ok,,1000,1000,1.0,0.0,0.172,0.011933817494833746,0.09,0.628,0.432,0.432,0.5680000000000001,0.01566448211719749,897.9014501666527,618.9802258221231,1302.957013091526,0.8979014501666527,0.6189802258221232,1.302957013091526,0.38087519913374407,0.11400114902857551,0.9590850541170788
HtZt_4000_1000,HtZt,4000,1000,85,400,1.6,1.4,/eos/uscms/store/user/aji/rootfiles_existingOptimization/HtZt_4000_1000_pt400_ak16_ca14_th85.root,ok,,1000,999,0.999,0.0009994998749374613,0.007007007007007007,0.002639104721973781,0.005005005005005005,0.5495495495495496,0.3813813813813814,0.381,0.6186186186186187,0.015367686524201254,1171.8498499897219,762.4189866956549,1521.3868313053244,1.1718498499897219,0.7624189866956549,1.5213868313053245,0.3238332302625317,0.0955957142155495,0.9606368338801224
HtZt_4000_1000,HtZt,4000,1000,85,100,0.4,1.6,/eos/uscms/store/user/aji/rootfiles_existingOptimization/HtZt_4000_1000_pt100_ak4_ca16_th85.root,ok,,1000,1000,1.0,0.0,0.225,0.013205112646244258,0.1165,0.6375,0.424,0.424,0.5760000000000001,0.015627667772255716,885.9182071489929,542.4319228075682,1204.3154368397375,0.8859182071489928,0.5424319228075681,1.2043154368397375,0.37355791352465934,0.15311343888722637,0.9609660928097601
HtZt_4000_1000,HtZt,4000,1000,85,100,0.4,1.0,/eos/uscms/store/user/aji/rootfiles_existingOptimization/HtZt_4000_1000_pt100_ak4_ca10_th85.root,ok,,1000,1000,1.0,0.0,0.148,0.011229247525992114,0.078,0.6145,0.442,0.442,0.558,0.01570464899321217,914.6279679660223,661.8120924786044,1392.2659694830782,0.9146279679660223,0.6618120924786045,1.3922659694830781,0.39931748349488994,0.08897111983515452,0.9658546866982878
HtZt_4000_1000,HtZt,4000,1000,85,380,1.6,1.4,/eos/uscms/store/user/aji/rootfiles_existingOptimization/HtZt_4000_1000_pt380_ak16_ca14_th85.root,ok,,1000,1000,1.0,0.0,0.007,0.0026364749192814255,0.005,0.546,0.377,0.377,0.623,0.01532550162311172,1182.6449841894623,784.5435265279184,1552.4390248215354,1.1826449841894622,0.7845435265279184,1.5524390248215354,0.32465173765561695,0.09514630314397765,0.9659162360745631
HtZt_4000_1000,HtZt,4000,1000,85,260,0.8,0.6,/eos/uscms/store/user/aji/rootfiles_existingOptimization/HtZt_4000_1000_pt260_ak8_ca6_th85.root,ok,,1000,1000,1.0,0.0,0.114,0.010050074626588601,0.0855,0.615,0.476,0.476,0.524,0.01579316307773715,981.9456134077323,487.46471298257154,1351.8152481014922,0.9819456134077322,0.48746471298257155,1.3518152481014922,0.4401213892688461,0.0443645900233389,0.9659268279280728
HtZt_4000_1000,HtZt,4000,1000,85,160,0.8,0.8,/eos/uscms/store/user/aji/rootfiles_existingOptimization/HtZt_4000_1000_pt160_ak8_ca8_th85.root,ok,,1000,1000,1.0,0.0,0.175,0.012015614840697915,0.0955,0.589,0.447,0.447,0.5529999999999999,0.01572230899073034,1022.9704187250868,762.0864479380793,1609.7914511247068,1.022970418725087,0.7620864479380794,1.6097914511247067,0.4143350519573721,0.06512298040831153,0.9696320938298807
HtZt_4000_1000,HtZt,4000,1000,85,180,1.0,1.4,/eos/uscms/store/user/aji/rootfiles_existingOptimization/HtZt_4000_1000_pt180_ak10_ca14_th85.root,ok,,1000,1000,1.0,0.0,0.136,0.010839926199010766,0.07,0.5925,0.406,0.406,0.594,0.015529455882290275,1092.934247935533,781.4460119366613,1583.5260345233708,1.092934247935533,0.7814460119366614,1.5835260345233708,0.36693882733649147,0.10384166515891396,0.9702322521300448
HtZt_4000_1000,HtZt,4000,1000,85,140,1.0,1.2,/eos/uscms/store/user/aji/rootfiles_existingOptimization/HtZt_4000_1000_pt140_ak10_ca12_th85.root,ok,,1000,1000,1.0,0.0,0.066,0.007851369307324678,0.0335,0.5635,0.431,0.431,0.569,0.015660108556456435,1137.2046827878255,930.417457197959,1815.1343888123863,1.1372046827878255,0.9304174571979591,1.8151343888123863,0.3889875521113615,0.06723225624496376,0.971708020390144
HtZt_4000_1000,HtZt,4000,1000,85,360,1.6,1.4,/eos/uscms/store/user/aji/rootfiles_existingOptimization/HtZt_4000_1000_pt360_ak16_ca14_th85.root,ok,,1000,1000,1.0,0.0,0.007,0.0026364749192814255,0.005,0.5385,0.372,0.372,0.628,0.015284501954594399,1190.0025269634002,807.1966754224482,1593.0142372832327,1.1900025269634003,0.8071966754224482,1.5930142372832328,0.3301747450343663,0.09514630314397765,0.9771749977307063
HtZt_4000_1000,HtZt,4000,1000,85,160,0.8,1.0,/eos/uscms/store/user/aji/rootfiles_existingOptimization/HtZt_4000_1000_pt160_ak8_ca10_th85.root,ok,,1000,1000,1.0,0.0,0.186,0.012304633273690036,0.101,0.589,0.442,0.442,0.558,0.01570464899321217,1019.5138133304188,748.7401188735398,1600.8048799788317,1.019513813330419,0.7487401188735398,1.6008048799788317,0.41787798750949456,0.07443314670845516,0.9778293688425365
HtZt_4000_1000,HtZt,4000,1000,85,140,0.6,0.6,/eos/uscms/store/user/aji/rootfiles_existingOptimization/HtZt_4000_1000_pt140_ak6_ca6_th85.root,ok,,1000,1000,1.0,0.0,0.175,0.012015614840697915,0.098,0.5955,0.444,0.444,0.556,0.015711906313366306,953.34041869309,686.5428765775969,1491.756539364356,0.95334041869309,0.6865428765775968,1.4917565393643561,0.42231171940166246,0.06564210625776218,0.9829776775323535
HtZt_4000_1000,HtZt,4000,1000,85,340,1.6,1.4,/eos/uscms/store/user/aji/rootfiles_existingOptimization/HtZt_4000_1000_pt340_ak16_ca14_th85.root,ok,,1000,1000,1.0,0.0,0.005,0.0022304708023195463,0.004,0.5335,0.367,0.367,0.633,0.015241751867813621,1196.3563632304658,826.3274368948139,1617.0661951492878,1.196356363230466,0.8263274368948138,1.617066195149288,0.3304779338989257,0.09352565834564797,0.9831135702219722
HtZt_4000_1000,HtZt,4000,1000,85,180,1.0,1.2,/eos/uscms/store/user/aji/rootfiles_existingOptimization/HtZt_4000_1000_pt180_ak10_ca12_th85.root,ok,,1000,1000,1.0,0.0,0.128,0.010564847372300274,0.066,0.5745,0.405,0.405,0.595,0.015523369479594306,1099.9942196768654,814.7856627574922,1648.374188741612,1.0999942196768655,0.8147856627574922,1.6483741887416121,0.3789058665367328,0.08637141313676014,0.9839052885044193
HtZt_4000_1000,HtZt,4000,1000,85,160,1.0,1.0,/eos/uscms/store/user/aji/rootfiles_existingOptimization/HtZt_4000_1000_pt160_ak10_ca10_th85.root,ok,,1000,1000,1.0,0.0,0.079,0.008529888627643388,0.0405,0.553,0.424,0.424,0.5760000000000001,0.015627667772255716,1130.596082616563,916.9228636674187,1810.4186752592584,1.130596082616563,0.9169228636674187,1.8104186752592584,0.39514368806408867,0.05805650198621214,0.984203296325745
HtZt_4000_1000,HtZt,4000,1000,85,120,1.0,0.8,/eos/uscms/store/user/aji/rootfiles_existingOptimization/HtZt_4000_1000_pt120_ak10_ca8_th85.root,ok,,1000,1000,1.0,0.0,0.009,0.002986469487538756,0.0045,0.4805,0.43,0.43,0.5700000000000001,0.015655669899432602,1288.9717546131083,1004.2468722685852,2016.967347658836,1.2889717546131083,1.0042468722685851,2.016967347658836,0.3928404450158896,0.009532758093869846,0.9917376204772006
HtZt_4000_1000,HtZt,4000,1000,85,280,0.8,0.6,/eos/uscms/store/user/aji/rootfiles_existingOptimization/HtZt_4000_1000_pt280_ak8_ca6_th85.root,ok,,1000,1000,1.0,0.0,0.133,0.010738295954200556,0.1025,0.6015,0.452,0.452,0.548,0.015738360778683402,973.5168696454798,435.0255349326219,1298.7119014541938,0.9735168696454799,0.4350255349326219,1.2987119014541937,0.4435908577712143,0.048659445084295413,0.9942391708066664
HtZt_4000_1000,HtZt,4000,1000,85,320,1.6,1.4,/eos/uscms/store/user/aji/rootfiles_existingOptimization/HtZt_4000_1000_pt320_ak16_ca14_th85.root,ok,,1000,1000,1.0,0.0,0.003,0.001729450779872038,0.0025,0.5275,0.364,0.364,0.636,0.015215255502291114,1205.0746733781539,853.1669565780652,1667.242566482233,1.2050746733781539,0.8531669565780652,1.6672425664822332,0.3377697780429206,0.09352565834564797,0.994277245380736
HtZt_4000_1000,HtZt,4000,1000,85,260,1.0,0.8,/eos/uscms/store/user/aji/rootfiles_existingOptimization/HtZt_4000_1000_pt260_ak10_ca8_th85.root,ok,,1000,1000,1.0,0.0,0.076,0.008379976133617566,0.0495,0.584,0.436,0.436,0.5640000000000001,0.015681326474504636,1067.3875521355671,566.0440312574818,1482.0281140379054,1.0673875521355671,0.5660440312574818,1.4820281140379052,0.4290775552646157,0.04501612102640325,0.9998163104781725
HtZt_4000_1000,HtZt,4000,1000,85,300,1.6,1.4,/eos/uscms/store/user/aji/rootfiles_existingOptimization/HtZt_4000_1000_pt300_ak16_ca14_th85.root,ok,,1000,1000,1.0,0.0,0.002,0.0014127986409959489,0.0015,0.516,0.358,0.358,0.642,0.01516034300403523,1219.0633692262636,871.3504025054883,1703.8569385511084,1.2190633692262636,0.8713504025054882,1.7038569385511084,0.34145334732435195,0.09336660102520289,1.0053596842469783
HtZt_4000_1000,HtZt,4000,1000,85,140,1.0,1.0,/eos/uscms/store/user/aji/rootfiles_existingOptimization/HtZt_4000_1000_pt140_ak10_ca10_th85.root,ok,,1000,1000,1.0,0.0,0.055,0.00720936890441875,0.028,0.5305,0.421,0.421,0.579,0.015612783224012303,1159.3003099039809,942.2258979640741,1894.3795264676196,1.159300309903981,0.9422258979640741,1.8943795264676198,0.4106587483714241,0.05232663795648301,1.0055887793618221
HtZt_4000_1000,HtZt,4000,1000,85,180,1.0,1.0,/eos/uscms/store/user/aji/rootfiles_existingOptimization/HtZt_4000_1000_pt180_ak10_ca10_th85.root,ok,,1000,1000,1.0,0.0,0.113,0.01001154333756789,0.0585,0.548,0.397,0.397,0.603,0.01547226550961429,1112.5058528912164,853.9569041763774,1726.712206598694,1.1125058528912164,0.8539569041763774,1.726712206598694,0.39224751049811185,0.06614349678112519,1.0064980957872334
HtZt_4000_1000,HtZt,4000,1000,85,240,0.6,0.4,/eos/uscms/store/user/aji/rootfiles_existingOptimization/HtZt_4000_1000_pt240_ak6_ca4_th85.root,ok,,1000,1000,1.0,0.0,0.176,0.012042591083317577,0.145,0.598,0.474,0.474,0.526,0.01578999683343857,883.5037433042748,352.91887639076754,1182.6779790099156,0.8835037433042747,0.3529188763907675,1.1826779790099156,0.4695843729625165,0.043928569732367556,1.007233998632089
HtZt_4000_1000,HtZt,4000,1000,85,120,0.4,0.6,/eos/uscms/store/user/aji/rootfiles_existingOptimization/HtZt_4000_1000_pt120_ak4_ca6_th85.root,ok,,1000,1000,1.0,0.0,0.182,0.012201475320632338,0.101,0.5935,0.427,0.427,0.573,0.015641962792437528,894.215784481853,621.9507902500974,1392.2401944858955,0.894215784481853,0.6219507902500974,1.3922401944858955,0.43070666924210965,0.07908647820316836,1.0142850907939243
HtZt_4000_1000,HtZt,4000,1000,85,400,1.6,1.6,/eos/uscms/store/user/aji/rootfiles_existingOptimization/HtZt_4000_1000_pt400_ak16_ca16_th85.root,ok,,1000,999,0.999,0.0009994998749374613,0.01001001001001001,0.0031495601977178586,0.0065065065065065065,0.5365365365365365,0.34034034034034033,0.34,0.6596596596596597,0.01499111492197847,1154.5577114316113,714.007113765504,1496.8424317530119,1.1545577114316115,0.714007113765504,1.4968424317530118,0.339019570107422,0.13084348133249377,1.015135000910243
HtZt_4000_1000,HtZt,4000,1000,85,140,0.6,0.8,/eos/uscms/store/user/aji/rootfiles_existingOptimization/HtZt_4000_1000_pt140_ak6_ca8_th85.root,ok,,1000,1000,1.0,0.0,0.199,0.012625331678811452,0.11,0.588,0.427,0.427,0.573,0.015641962792437528,949.5403359061382,658.4819884101071,1488.6967084081373,0.9495403359061383,0.6584819884101071,1.4886967084081375,0.4371666419024546,0.07383568657076803,1.0152126083118407
HtZt_4000_1000,HtZt,4000,1000,85,200,1.2,1.0,/eos/uscms/store/user/aji/rootfiles_existingOptimization/HtZt_4000_1000_pt200_ak12_ca10_th85.root,ok,,1000,1000,1.0,0.0,0.02,0.004427188724235731,0.0105,0.5065,0.39,0.39,0.61,0.01542400726140908,1203.2173507887653,911.1964454381036,1840.7036589219224,1.2032173507887651,0.9111964454381036,1.8407036589219223,0.3862590632002121,0.03899811323291035,1.0165807982790884
HtZt_4000_1000,HtZt,4000,1000,85,180,0.8,0.8,/eos/uscms/store/user/aji/rootfiles_existingOptimization/HtZt_4000_1000_pt180_ak8_ca8_th85.root,ok,,1000,1000,1.0,0.0,0.227,0.013246546719805883,0.1255,0.588,0.424,0.424,0.5760000000000001,0.015627667772255716,1004.5362369672596,659.2649263300262,1551.6868543478736,1.0045362369672595,0.6592649263300262,1.5516868543478737,0.44419598575762176,0.07602256415237495,1.0206496094543478
HtZt_4000_1000,HtZt,4000,1000,85,140,0.6,1.4,/eos/uscms/store/user/aji/rootfiles_existingOptimization/HtZt_4000_1000_pt140_ak6_ca14_th85.root,ok,,1000,1000,1.0,0.0,0.258,0.013836039895866157,0.1395,0.618,0.413,0.413,0.587,0.015570195888298902,921.2936908317466,500.42428505743857,1287.382803804503,0.9212936908317466,0.5004242850574385,1.2873828038045028,0.4270942732911781,0.1434801333127083,1.0219649042080035
HtZt_4000_1000,HtZt,4000,1000,85,180,0.8,1.2,/eos/uscms/store/user/aji/rootfiles_existingOptimization/HtZt_4000_1000_pt180_ak8_ca12_th85.root,ok,,1000,1000,1.0,0.0,0.25,0.013693063937629153,0.137,0.619,0.439,0.439,0.5609999999999999,0.015693278816104682,989.2219432925461,513.8494625708989,1425.2988962895104,0.9892219432925462,0.5138494625708989,1.4252988962895103,0.4606900604554549,0.10627688405633336,1.0227678661262
HtZt_4000_1000,HtZt,4000,1000,85,380,1.6,1.6,/eos/uscms/store/user/aji/rootfiles_existingOptimization/HtZt_4000_1000_pt380_ak16_ca16_th85.root,ok,,1000,1000,1.0,0.0,0.01,0.003146426544510455,0.0065,0.5315,0.334,0.334,0.6659999999999999,0.014914556647785413,1162.9898164577326,724.2912034404198,1521.231070741499,1.1629898164577326,0.7242912034404199,1.521231070741499,0.34262547101591195,0.13369569473913318,1.0249244526616852
HtZt_4000_1000,HtZt,4000,1000,85,280,1.0,0.8,/eos/uscms/store/user/aji/rootfiles_existingOptimization/HtZt_4000_1000_pt280_ak10_ca8_th85.root,ok,,1000,1000,1.0,0.0,0.083,0.008724161850859944,0.0555,0.577,0.417,0.417,0.583,0.015592017188292218,1054.8278532843651,522.0729723992856,1443.700731842751,1.0548278532843653,0.5220729723992855,1.443700731842751,0.4368616910208802,0.05019736065471668,1.0253444763493167
HtZt_4000_1000,HtZt,4000,1000,85,300,0.8,0.6,/eos/uscms/store/user/aji/rootfiles_existingOptimization/HtZt_4000_1000_pt300_ak8_ca6_th85.root,ok,,1000,999,0.999,0.0009994998749374613,0.15315315315315314,0.011394169207288625,0.11861861861861862,0.586086086086086,0.43043043043043044,0.43,0.5695695695695695,0.015665423086223214,964.2757445520438,378.0207419481673,1249.2052952142942,0.9642757445520438,0.3780207419481673,1.2492052952142942,0.45172999434453126,0.059971457284809876,1.0258719894588966
HtZt_4000_1000,HtZt,4000,1000,85,140,0.6,1.0,/eos/uscms/store/user/aji/rootfiles_existingOptimization/HtZt_4000_1000_pt140_ak6_ca10_th85.root,ok,,1000,1000,1.0,0.0,0.217,0.013034991369387246,0.119,0.5875,0.416,0.416,0.5840000000000001,0.015586660963785668,943.7459014262299,633.0140137578626,1460.413874768937,0.9437459014262299,0.6330140137578627,1.460413874768937,0.4383594459910616,0.08917783514020255,1.0279848558484388
HtZt_4000_1000,HtZt,4000,1000,85,220,1.2,1.0,/eos/uscms/store/user/aji/rootfiles_existingOptimization/HtZt_4000_1000_pt220_ak12_ca10_th85.root,ok,,1000,1000,1.0,0.0,0.027,0.00512552436341883,0.015,0.521,0.39,0.39,0.61,0.01542400726140908,1176.7027320315635,822.9541652612832,1768.3216387890632,1.1767027320315635,0.8229541652612831,1.7683216387890632,0.4017019115336013,0.04622455720292299,1.0293721847367576
HtZt_4000_1000,HtZt,4000,1000,85,140,0.6,1.2,/eos/uscms/store/user/aji/rootfiles_existingOptimization/HtZt_4000_1000_pt140_ak6_ca12_th85.root,ok,,1000,1000,1.0,0.0,0.237,0.013447341744746431,0.129,0.599,0.41,0.41,0.5900000000000001,0.015553134732265389,928.1892461191735,560.2488456102276,1364.545884879416,0.9281892461191735,0.5602488456102276,1.364545884879416,0.43326134332627353,0.11747358457532056,1.0304424187143564
HtZt_4000_1000,HtZt,4000,1000,85,140,0.6,1.6,/eos/uscms/store/user/aji/rootfiles_existingOptimization/HtZt_4000_1000_pt140_ak6_ca16_th85.root,ok,,1000,1000,1.0,0.0,0.279,0.014183053267896867,0.15,0.627,0.415,0.415,0.585,0.015581238718407468,915.8128270283048,432.59872737396256,1235.255973216813,0.9158128270283048,0.4325987273739626,1.235255973216813,0.4382212293571876,0.16495017556810532,1.031639946654357
HtZt_4000_1000,HtZt,4000,1000,85,120,0.4,0.8,/eos/uscms/store/user/aji/rootfiles_existingOptimization/HtZt_4000_1000_pt120_ak4_ca8_th85.root,ok,,1000,1000,1.0,0.0,0.207,0.012812142677944232,0.1135,0.587,0.411,0.411,0.589,0.015558888135082147,888.4570362336815,593.0557248175752,1362.4481623636905,0.8884570362336816,0.5930557248175752,1.3624481623636904,0.4329936092395074,0.08817762431646589,1.0331479056161392
HtZt_4000_1000,HtZt,4000,1000,85,140,0.4,0.4,/eos/uscms/store/user/aji/rootfiles_existingOptimization/HtZt_4000_1000_pt140_ak4_ca4_th85.root,ok,,1000,1000,1.0,0.0,0.202,0.012696298673235441,0.1175,0.5755,0.41,0.41,0.5900000000000001,0.015553134732265389,871.8542205845378,573.687227837926,1325.1967492791714,0.8718542205845377,0.573687227837926,1.3251967492791712,0.43098347389853375,0.07923421591334238,1.0337980518400802
HtZt_4000_1000,HtZt,4000,1000,85,180,1.2,1.0,/eos/uscms/store/user/aji/rootfiles_existingOptimization/HtZt_4000_1000_pt180_ak12_ca10_th85.root,ok,,1000,1000,1.0,0.0,0.018,0.004204283529925164,0.0095,0.4835,0.379,0.379,0.621,0.015341414537127925,1236.9127731211695,968.0327049209847,1937.6519836434634,1.2369127731211695,0.9680327049209847,1.9376519836434634,0.39195135655191976,0.03535183440737838,1.0366426338640367
HtZt_4000_1000,HtZt,4000,1000,85,240,1.2,1.0,/eos/uscms/store/user/aji/rootfiles_existingOptimization/HtZt_4000_1000_pt240_ak12_ca10_th85.root,ok,,1000,1000,1.0,0.0,0.03,0.005394441583704471,0.017,0.528,0.386,0.386,0.614,0.015394934231752989,1147.3167280837501,762.3460177568254,1700.8345642520737,1.14731672808375,0.7623460177568253,1.7008345642520737,0.40899279315081255,0.05669261409901919,1.0377244659591875
HtZt_4000_1000,HtZt,4000,1000,85,360,1.6,1.6,/eos/uscms/store/user/aji/rootfiles_existingOptimization/HtZt_4000_1000_pt360_ak16_ca16_th85.root,ok,,1000,1000,1.0,0.0,0.01,0.003146426544510455,0.0065,0.5255,0.33,0.33,0.6699999999999999,0.014869431730903505,1175.9516447753176,738.5851965796013,1563.836102438068,1.1759516447753176,0.7385851965796013,1.5638361024380683,0.35088641166709833,0.1361515952217509,1.03848157614463
HtZt_4000_1000,HtZt,4000,1000,85,260,0.6,0.4,/eos/uscms/store/user/aji/rootfiles_existingOptimization/HtZt_4000_1000_pt260_ak6_ca4_th85.root,ok,,1000,1000,1.0,0.0,0.193,0.012480024038438387,0.1625,0.5845,0.455,0.455,0.5449999999999999,0.015747221977225064,871.9306806864049,293.1923486035707,1138.278298606605,0.8719306806864049,0.2931923486035707,1.1382782986066051,0.48460615546740615,0.05006186654331363,1.0424130873987656
HtZt_4000_1000,HtZt,4000,1000,85,180,0.8,1.0,/eos/uscms/store/user/aji/rootfiles_existingOptimization/HtZt_4000_1000_pt180_ak8_ca10_th85.root,ok,,1000,1000,1.0,0.0,0.241,0.013524755080961725,0.1325,0.5905,0.423,0.423,0.577,0.015622771841129857,1003.2966688726191,591.9829962832099,1525.7779968739965,1.0032966688726193,0.5919829962832099,1.5257779968739966,0.4653633514203082,0.08604509406474127,1.04269301830757
HtZt_4000_1000,HtZt,4000,1000,85,280,1.6,1.4,/eos/uscms/store/user/aji/rootfiles_existingOptimization/HtZt_4000_1000_pt280_ak16_ca14_th85.root,ok,,1000,1000,1.0,0.0,0.002,0.0014127986409959489,0.001,0.497,0.345,0.345,0.655,0.015032464867745409,1236.2404105943965,898.0800451895858,1802.679173393897,1.2362404105943967,0.8980800451895858,1.802679173393897,0.3658669949841596,0.0899557981946214,1.0444910360435993
HtZt_4000_1000,HtZt,4000,1000,85,200,1.0,1.4,/eos/uscms/store/user/aji/rootfiles_existingOptimization/HtZt_4000_1000_pt200_ak10_ca14_th85.root,ok,,1000,1000,1.0,0.0,0.169,0.011850696182081457,0.0875,0.594,0.404,0.404,0.596,0.015517216245190372,1075.1757053900992,537.5360851133972,1485.8316279212515,1.0751757053900992,0.5375360851133972,1.4858316279212516,0.440995614974294,0.11358033837495507,1.0445131855133039
HtZt_4000_1000,HtZt,4000,1000,85,200,1.0,1.6,/eos/uscms/store/user/aji/rootfiles_existingOptimization/HtZt_4000_1000_pt200_ak10_ca16_th85.root,ok,,1000,1000,1.0,0.0,0.182,0.012201475320632338,0.094,0.604,0.403,0.403,0.597,0.01551099609954177,1067.0302722003544,475.05269912948893,1417.885165753782,1.0670302722003542,0.47505269912948894,1.4178851657537823,0.4418021171414617,0.13884964965265228,1.045505144361497
HtZt_4000_1000,HtZt,4000,1000,85,340,1.6,1.6,/eos/uscms/store/user/aji/rootfiles_existingOptimization/HtZt_4000_1000_pt340_ak16_ca16_th85.root,ok,,1000,1000,1.0,0.0,0.008,0.0028170906978654416,0.0055,0.5205,0.325,0.325,0.675,0.014811313243598623,1186.7263613080158,752.4022075356293,1594.8733738995625,1.1867263613080161,0.7524022075356294,1.5948733738995624,0.35495595018019016,0.13369569473913318,1.0486285863109919
HtZt_4000_1000,HtZt,4000,1000,85,120,0.4,1.0,/eos/uscms/store/user/aji/rootfiles_existingOptimization/HtZt_4000_1000_pt120_ak4_ca10_th85.root,ok,,1000,1000,1.0,0.0,0.223,0.01316324428095141,0.1215,0.584,0.398,0.398,0.602,0.015478888849009803,881.9083653864986,554.6111447222422,1323.6323692301585,0.8819083653864985,0.5546111447222423,1.3236323692301586,0.43599837278496095,0.10201147649925607,1.049807536246311
HtZt_4000_1000,HtZt,4000,1000,85,320,1.6,1.6,/eos/uscms/store/user/aji/rootfiles_existingOptimization/HtZt_4000_1000_pt320_ak16_ca16_th85.root,ok,,1000,1000,1.0,0.0,0.006,0.002442130217658346,0.004,0.5155,0.323,0.323,0.677,0.014787528529135624,1195.3642298701443,780.759675934579,1631.4410805389552,1.1953642298701443,0.7807596759345791,1.6314410805389552,0.3558251884016924,0.13264014412943806,1.0523616113887069
HtZt_4000_1000,HtZt,4000,1000,85,320,0.8,0.6,/eos/uscms/store/user/aji/rootfiles_existingOptimization/HtZt_4000_1000_pt320_ak8_ca6_th85.root,ok,,1000,998,0.998,0.0014127986409959495,0.1743486973947896,0.0120099837022615,0.13877755511022044,0.5691382765531062,0.4118236472945892,0.411,0.5881763527054108,0.015579164018862638,947.5995226541609,339.88369938419225,1209.3150515904367,0.9475995226541609,0.3398836993841923,1.2093150515904367,0.458754638125517,0.06252232251522721,1.0541710385655116
HtZt_4000_1000,HtZt,4000,1000,85,180,0.8,1.4,/eos/uscms/store/user/aji/rootfiles_existingOptimization/HtZt_4000_1000_pt180_ak8_ca14_th85.root,ok,,1000,1000,1.0,0.0,0.27,0.014039230748157109,0.147,0.632,0.437,0.437,0.563,0.01568537535413163,982.6451359781324,364.3761839791829,1327.3494273974493,0.9826451359781324,0.36437618397918287,1.3273494273974495,0.48999033738650516,0.12795282170705657,1.0547258237886918
HtZt_4000_1000,HtZt,4000,1000,85,200,1.0,1.2,/eos/uscms/store/user/aji/rootfiles_existingOptimization/HtZt_4000_1000_pt200_ak10_ca12_th85.root,ok,,1000,1000,1.0,0.0,0.159,0.011563693181678594,0.0825,0.575,0.399,0.399,0.601,0.015485444778888335,1084.043984740901,614.5732459669717,1583.5260345233708,1.084043984740901,0.6145732459669717,1.5835260345233708,0.446915808858065,0.09311601051445453,1.0563202073321551
HtZt_4000_1000,HtZt,4000,1000,85,200,1.0,1.0,/eos/uscms/store/user/aji/rootfiles_existingOptimization/HtZt_4000_1000_pt200_ak10_ca10_th85.root,ok,,1000,1000,1.0,0.0,0.142,0.011037934589405754,0.074,0.5545,0.391,0.391,0.609,0.015431104950715617,1093.4898623522834,692.35966815225,1657.2929823381794,1.0934898623522833,0.6923596681522501,1.6572929823381792,0.4412173113842102,0.07588008978024706,1.0595662976194384
HtZt_4000_1000,HtZt,4000,1000,85,180,0.8,1.6,/eos/uscms/store/user/aji/rootfiles_existingOptimization/HtZt_4000_1000_pt180_ak8_ca16_th85.root,ok,,1000,1000,1.0,0.0,0.286,0.014289996501049255,0.155,0.6375,0.434,0.434,0.5660000000000001,0.015673034167001616,977.6754974744674,317.5669452075815,1281.9855927242766,0.9776754974744674,0.31756694520758155,1.2819855927242767,0.4932202198009374,0.1570883586622927,1.0614526700534908
HtZt_4000_1000,HtZt,4000,1000,85,120,1.0,1.4,/eos/uscms/store/user/aji/rootfiles_existingOptimization/HtZt_4000_1000_pt120_ak10_ca14_th85.root,ok,,1000,1000,1.0,0.0,0.053,0.00708456067798138,0.0265,0.5395,0.391,0.391,0.609,0.015431104950715617,1166.8525320157364,945.5850988934728,1965.6049262497709,1.1668525320157364,0.9455850988934729,1.9656049262497708,0.4370817217126036,0.08314031075698108,1.0627669749141773
HtZt_4000_1000,HtZt,4000,1000,85,320,1.4,1.2,/eos/uscms/store/user/aji/rootfiles_existingOptimization/HtZt_4000_1000_pt320_ak14_ca12_th85.root,ok,,1000,1000,1.0,0.0,0.01,0.003146426544510455,0.007,0.5325,0.368,0.368,0.632,0.015250442616527561,1105.723671645686,664.4782288212701,1596.518540373574,1.105723671645686,0.6644782288212701,1.596518540373574,0.42146167955557867,0.10762357256198374,1.0640340467201472
HtZt_4000_1000,HtZt,4000,1000,85,160,1.2,1.0,/eos/uscms/store/user/aji/rootfiles_existingOptimization/HtZt_4000_1000_pt160_ak12_ca10_th85.root,ok,,1000,1000,1.0,0.0,0.016,0.003967870965643918,0.008,0.462,0.375,0.375,0.625,0.015309310892394862,1278.742103404199,999.8969372423285,2055.0507218308503,1.278742103404199,0.9998969372423285,2.0550507218308502,0.4125748975417121,0.02814962760019089,1.065449107882132
HtZt_4000_1000,HtZt,4000,1000,85,400,1.4,1.2,/eos/uscms/store/user/aji/rootfiles_existingOptimization/HtZt_4000_1000_pt400_ak14_ca12_th85.root,ok,,1000,998,0.998,0.0014127986409959495,0.02004008016032064,0.004435970131719507,0.01503006012024048,0.5270541082164328,0.36072144288577157,0.36,0.6392785571142284,0.015200776649555705,1055.7707940631205,574.74871340484,1458.895234464538,1.0557707940631205,0.57474871340484,1.458895234464538,0.418720865376978,0.11413823057016677,1.0655765018975185
HtZt_4000_1000,HtZt,4000,1000,85,360,1.4,1.2,/eos/uscms/store/user/aji/rootfiles_existingOptimization/HtZt_4000_1000_pt360_ak14_ca12_th85.root,ok,,1000,1000,1.0,0.0,0.016,0.003967870965643918,0.0115,0.5295,0.364,0.364,0.636,0.015215255502291114,1084.6901345470123,610.5994410689626,1525.9224456499733,1.0846901345470124,0.6105994410689627,1.5259224456499734,0.4219283348434193,0.11107717252536936,1.0663973482981204
HtZt_4000_1000,HtZt,4000,1000,85,260,1.2,1.0,/eos/uscms/store/user/aji/rootfiles_existingOptimization/HtZt_4000_1000_pt260_ak12_ca10_th85.root,ok,,1000,1000,1.0,0.0,0.035,0.005811626278418116,0.021,0.525,0.377,0.377,0.623,0.01532550162311172,1127.4340317707606,682.222663973177,1653.8297637249552,1.1274340317707605,0.682222663973177,1.653829763724955,0.4308931043290227,0.06740755580052393,1.0666365075060988
HtZt_4000_1000,HtZt,4000,1000,85,120,0.4,1.2,/eos/uscms/store/user/aji/rootfiles_existingOptimization/HtZt_4000_1000_pt120_ak4_ca12_th85.root,ok,,1000,1000,1.0,0.0,0.248,0.01365635383255721,0.134,0.5975,0.39,0.39,0.61,0.01542400726140908,864.3710672369257,473.86653061139975,1240.3640531246142,0.8643710672369257,0.4738665306113997,1.240364053124614,0.4433845321566715,0.13152254179682019,1.066947425432979
HtZt_4000_1000,HtZt,4000,1000,85,280,1.4,1.2,/eos/uscms/store/user/aji/rootfiles_existingOptimization/HtZt_4000_1000_pt280_ak14_ca12_th85.root,ok,,1000,1000,1.0,0.0,0.008,0.0028170906978654416,0.0045,0.5165,0.358,0.358,0.642,0.01516034300403523,1146.438955211573,735.6448584781268,1679.2956187148461,1.1464389552115728,0.7356448584781269,1.679295618714846,0.4115573515480248,0.09095574410845628,1.0682012470691822
HtZt_4000_1000,HtZt,4000,1000,85,300,1.6,1.6,/eos/uscms/store/user/aji/rootfiles_existingOptimization/HtZt_4000_1000_pt300_ak16_ca16_th85.root,ok,,1000,1000,1.0,0.0,0.004,0.001995995991979944,0.0025,0.5085,0.318,0.318,0.6819999999999999,0.014726710426975877,1203.0745676176246,797.8538792399156,1681.9322190901019,1.2030745676176244,0.7978538792399156,1.6819322190901016,0.3674245818365493,0.1297148792976092,1.0697320385983118
HtZt_4000_1000,HtZt,4000,1000,85,120,0.4,1.4,/eos/uscms/store/user/aji/rootfiles_existingOptimization/HtZt_4000_1000_pt120_ak4_ca14_th85.root,ok,,1000,1000,1.0,0.0,0.272,0.014071815803228808,0.146,0.603,0.381,0.381,0.619,0.015357050498061143,855.8997786524461,422.0143125308946,1169.6044777256243,0.8558997786524462,0.4220143125308946,1.1696044777256243,0.43672763087505273,0.1593005563065443,1.0701376530098081
HtZt_4000_1000,HtZt,4000,1000,85,120,1.0,1.6,/eos/uscms/store/user/aji/rootfiles_existingOptimization/HtZt_4000_1000_pt120_ak10_ca16_th85.root,ok,,1000,1000,1.0,0.0,0.068,0.007960904471226871,0.034,0.5505,0.386,0.386,0.614,0.015394934231752989,1147.7338007575195,927.0934663064463,1941.0285658600023,1.1477338007575195,0.9270934663064464,1.9410285658600022,0.4417117884322763,0.10682432373955472,1.070485168508028
HtZt_4000_1000,HtZt,4000,1000,85,300,1.0,0.8,/eos/uscms/store/user/aji/rootfiles_existingOptimization/HtZt_4000_1000_pt300_ak10_ca8_th85.root,ok,,1000,1000,1.0,0.0,0.095,0.00927227048785787,0.065,0.5575,0.39,0.39,0.61,0.01542400726140908,1045.13746967432,460.2966174610619,1414.283169361014,1.0451374696743199,0.4602966174610619,1.414283169361014,0.4563928571985982,0.05919019334073624,1.0709066041660302
HtZt_4000_1000,HtZt,4000,1000,85,300,1.4,1.2,/eos/uscms/store/user/aji/rootfiles_existingOptimization/HtZt_4000_1000_pt300_ak14_ca12_th85.root,ok,,1000,1000,1.0,0.0,0.008,0.0028170906978654416,0.005,0.524,0.361,0.361,0.639,0.01518812035770062,1124.4132727932426,689.1609517619431,1634.803987985193,1.1244132727932428,0.6891609517619431,1.634803987985193,0.420505102129444,0.09827445746211236,1.0719464294087682
HtZt_4000_1000,HtZt,4000,1000,85,380,1.4,1.2,/eos/uscms/store/user/aji/rootfiles_existingOptimization/HtZt_4000_1000_pt380_ak14_ca12_th85.root,ok,,1000,999,0.999,0.0009994998749374613,0.01901901901901902,0.00432157053702467,0.014014014014014014,0.5265265265265265,0.35935935935935936,0.359,0.6406406406406406,0.015180601465721021,1068.5456507066308,589.9599818226116,1500.0600139212265,1.0685456507066307,0.5899599818226116,1.5000600139212263,0.42585921878806227,0.11229690531711467,1.074354424499366
HtZt_4000_1000,HtZt,4000,1000,85,120,1.0,1.2,/eos/uscms/store/user/aji/rootfiles_existingOptimization/HtZt_4000_1000_pt120_ak10_ca12_th85.root,ok,,1000,1000,1.0,0.0,0.045,0.0065555320150236475,0.0225,0.5095,0.387,0.387,0.613,0.015402305022301045,1205.6890831353376,958.6239367257606,2023.8939126815203,1.2056890831353375,0.9586239367257606,2.0238939126815203,0.441768110392762,0.06582889838597739,1.0753370187062958
HtZt_4000_1000,HtZt,4000,1000,85,220,1.0,1.6,/eos/uscms/store/user/aji/rootfiles_existingOptimization/HtZt_4000_1000_pt220_ak10_ca16_th85.root,ok,,1000,1000,1.0,0.0,0.202,0.012696298673235441,0.1055,0.602,0.392,0.392,0.608,0.015438134602341048,1059.0682576359554,398.5463777287523,1376.1263343145913,1.0590682576359556,0.3985463777287523,1.3761263343145915,0.46152830544085327,0.15173119308676752,1.0754351312044488
HtZt_4000_1000,HtZt,4000,1000,85,120,1.0,1.0,/eos/uscms/store/user/aji/rootfiles_existingOptimization/HtZt_4000_1000_pt120_ak10_ca10_th85.root,ok,,1000,1000,1.0,0.0,0.037,0.005969170796685248,0.0185,0.4755,0.38,0.38,0.62,0.015349267083479915,1258.7830329222593,977.3749895973834,2061.861586552862,1.2587830329222593,0.9773749895973834,2.061861586552862,0.4307678800046452,0.04855450149305641,1.0766461832968712
HtZt_4000_1000,HtZt,4000,1000,85,340,1.4,1.2,/eos/uscms/store/user/aji/rootfiles_existingOptimization/HtZt_4000_1000_pt340_ak14_ca12_th85.root,ok,,1000,1000,1.0,0.0,0.015,0.003843826218756514,0.01,0.5285,0.363,0.363,0.637,0.015206281596761254,1096.078206172118,630.1578980085536,1573.7452124598335,1.096078206172118,0.6301578980085535,1.5737452124598335,0.43043795102295274,0.10975298271684128,1.0770457716401645
HtZt_4000_1000,HtZt,4000,1000,85,260,1.6,1.4,/eos/uscms/store/user/aji/rootfiles_existingOptimization/HtZt_4000_1000_pt260_ak16_ca14_th85.root,ok,,1000,1000,1.0,0.0,0.002,0.0014127986409959489,0.001,0.484,0.336,0.336,0.6639999999999999,0.014936666294725877,1251.5626502781224,925.0467778871113,1904.201281790124,1.2515626502781225,0.9250467778871112,1.9042012817901242,0.39117278854775067,0.08369950659616548,1.0803290535755627
HtZt_4000_1000,HtZt,4000,1000,85,220,1.0,1.4,/eos/uscms/store/user/aji/rootfiles_existingOptimization/HtZt_4000_1000_pt220_ak10_ca14_th85.root,ok,,1000,1000,1.0,0.0,0.19,0.012405643876881199,0.0995,0.5915,0.391,0.391,0.609,0.015431104950715617,1064.862979848259,415.98391823295833,1407.6672072528286,1.0648629798482592,0.4159839182329583,1.4076672072528287,0.4656389168309632,0.13039388313430006,1.081125214815789
HtZt_4000_1000,HtZt,4000,1000,85,280,1.2,1.0,/eos/uscms/store/user/aji/rootfiles_existingOptimization/HtZt_4000_1000_pt280_ak12_ca10_th85.root,ok,,1000,1000,1.0,0.0,0.042,0.0063431853196954605,0.025,0.522,0.369,0.369,0.631,0.015259062880793171,1108.4457179858505,631.6894864051775,1606.030783065602,1.1084457179858505,0.6316894864051774,1.606030783065602,0.4395078986957042,0.0764417102161665,1.0813524704942892
HtZt_4000_1000,HtZt,4000,1000,85,160,0.6,0.6,/eos/uscms/store/user/aji/rootfiles_existingOptimization/HtZt_4000_1000_pt160_ak6_ca6_th85.root,ok,,1000,1000,1.0,0.0,0.25,0.013693063937629153,0.141,0.582,0.407,0.407,0.593,0.015535475531827148,929.957645485065,539.1189303243989,1435.2494822865774,0.929957645485065,0.5391189303243988,1.4352494822865773,0.48181256227790764,0.08198404485128531,1.081816797729401
HtZt_4000_1000,HtZt,4000,1000,85,260,1.4,1.2,/eos/uscms/store/user/aji/rootfiles_existingOptimization/HtZt_4000_1000_pt260_ak14_ca12_th85.root,ok,,1000,1000,1.0,0.0,0.007,0.0026364749192814255,0.004,0.5055,0.352,0.352,0.648,0.015102847413650183,1168.049902534637,783.3405699403634,1758.9188150179316,1.1680499025346371,0.7833405699403633,1.7589188150179316,0.41760983112133715,0.08167403620421465,1.0824148213748008
HtZt_4000_1000,HtZt,4000,1000,85,180,1.2,1.2,/eos/uscms/store/user/aji/rootfiles_existingOptimization/HtZt_4000_1000_pt180_ak12_ca12_th85.root,ok,,1000,1000,1.0,0.0,0.034,0.005730968504537431,0.0175,0.4925,0.341,0.341,0.659,0.014990630407024249,1207.4448411548951,907.127011103205,1883.7398905917726,1.207444841154895,0.9071270111032049,1.8837398905917726,0.4044130407458027,0.07935345468394564,1.0841575248612922
HtZt_4000_1000,HtZt,4000,1000,85,180,1.2,1.6,/eos/uscms/store/user/aji/rootfiles_existingOptimization/HtZt_4000_1000_pt180_ak12_ca16_th85.root,ok,,1000,1000,1.0,0.0,0.049,0.006826346021115542,0.025,0.5085,0.322,0.322,0.6779999999999999,0.014775520295407536,1183.177426541407,850.06348695581,1768.7815614653841,1.1831774265414068,0.85006348695581,1.7687815614653841,0.3882418874382668,0.11957226186875297,1.0845596300924074
HtZt_4000_1000,HtZt,4000,1000,85,280,0.6,0.4,/eos/uscms/store/user/aji/rootfiles_existingOptimization/HtZt_4000_1000_pt280_ak6_ca4_th85.root,ok,,1000,1000,1.0,0.0,0.214,0.012969348480166612,0.1835,0.576,0.441,0.441,0.5589999999999999,0.015700923539715746,854.61161501448,229.44291933799718,1104.65030012427,0.85461161501448,0.22944291933799718,1.10465030012427,0.5120497810993616,0.0560487605968227,1.0855886195979134
HtZt_4000_1000,HtZt,4000,1000,85,200,0.8,1.6,/eos/uscms/store/user/aji/rootfiles_existingOptimization/HtZt_4000_1000_pt200_ak8_ca16_th85.root,ok,,1000,1000,1.0,0.0,0.338,0.014958475858188226,0.1865,0.6295,0.422,0.422,0.5780000000000001,0.015617810345883958,972.430065116303,247.05829155714358,1230.499833533472,0.9724300651163029,0.2470582915571436,1.2304998335334718,0.5056618348480969,0.16815557631645278,1.0864188283364666
HtZt_4000_1000,HtZt,4000,1000,85,180,1.2,1.4,/eos/uscms/store/user/aji/rootfiles_existingOptimization/HtZt_4000_1000_pt180_ak12_ca14_th85.root,ok,,1000,1000,1.0,0.0,0.044,0.006485676526007136,0.0225,0.4975,0.325,0.325,0.675,0.014811313243598623,1199.4360672700427,882.4695531754713,1830.0912807202224,1.1994360672700426,0.8824695531754714,1.8300912807202223,0.39502802750528015,0.09993898246570466,1.0899716342322845
HtZt_4000_1000,HtZt,4000,1000,85,340,0.8,0.6,/eos/uscms/store/user/aji/rootfiles_existingOptimization/HtZt_4000_1000_pt340_ak8_ca6_th85.root,ok,,1000,998,0.998,0.0014127986409959495,0.19939879759519039,0.01264748333789562,0.1628256513026052,0.5475951903807615,0.3847695390781563,0.384,0.6152304609218437,0.015401179615303014,925.6514888301099,298.22795113131514,1163.554885612131,0.92565148883011,0.2982279511313151,1.1635548856121312,0.4674150827405164,0.07175956945964962,1.0920803947793492
HtZt_4000_1000,HtZt,4000,1000,85,220,0.8,1.6,/eos/uscms/store/user/aji/rootfiles_existingOptimization/HtZt_4000_1000_pt220_ak8_ca16_th85.root,ok,,1000,1000,1.0,0.0,0.381,0.015357050498061143,0.214,0.6195,0.401,0.401,0.599,0.015498354751392161,967.1525533843615,228.84313793366894,1178.7088916720077,0.9671525533843615,0.22884313793366895,1.1787088916720077,0.4910630439915963,0.1779127822630058,1.0933477886531602
HtZt_4000_1000,HtZt,4000,1000,85,200,1.2,1.2,/eos/uscms/store/user/aji/rootfiles_existingOptimization/HtZt_4000_1000_pt200_ak12_ca12_th85.root,ok,,1000,1000,1.0,0.0,0.039,0.006122009474020765,0.02,0.505,0.343,0.343,0.657,0.015011695440555674,1168.4875074479557,795.6588583150675,1780.126433884509,1.1684875074479557,0.7956588583150674,1.7801264338845089,0.42125721040851155,0.09004161926373093,1.0951059611533072
HtZt_4000_1000,HtZt,4000,1000,85,280,1.6,1.6,/eos/uscms/store/user/aji/rootfiles_existingOptimization/HtZt_4000_1000_pt280_ak16_ca16_th85.root,ok,,1000,1000,1.0,0.0,0.004,0.001995995991979944,0.002,0.4955,0.308,0.308,0.692,0.014599178059055244,1222.5092207804696,838.526536387997,1771.814192067197,1.2225092207804698,0.838526536387997,1.771814192067197,0.38170986353925984,0.12737792707409434,1.0959607856173068
HtZt_4000_1000,HtZt,4000,1000,85,320,1.0,0.8,/eos/uscms/store/user/aji/rootfiles_existingOptimization/HtZt_4000_1000_pt320_ak10_ca8_th85.root,ok,,1000,1000,1.0,0.0,0.113,0.01001154333756789,0.0805,0.5445,0.367,0.367,0.633,0.015241751867813621,1029.2641086534554,421.9601921483796,1374.2746054248953,1.0292641086534555,0.4219601921483796,1.3742746054248953,0.4626190718543514,0.07954622430699203,1.098545482719697
HtZt_4000_1000,HtZt,4000,1000,85,240,1.4,1.2,/eos/uscms/store/user/aji/rootfiles_existingOptimization/HtZt_4000_1000_pt240_ak14_ca12_th85.root,ok,,1000,1000,1.0,0.0,0.007,0.0026364749192814255,0.004,0.4845,0.339,0.339,0.661,0.014969268519202933,1191.5603866381375,821.3976698547539,1828.4260626449657,1.1915603866381375,0.8213976698547538,1.8284260626449658,0.42256708266017334,0.0735622715562504,1.1027231213239872
HtZt_4000_1000,HtZt,4000,1000,85,200,0.8,1.4,/eos/uscms/store/user/aji/rootfiles_existingOptimization/HtZt_4000_1000_pt200_ak8_ca14_th85.root,ok,,1000,1000,1.0,0.0,0.322,0.014775520295407536,0.1785,0.6225,0.423,0.423,0.577,0.015622771841129857,976.094873728822,255.34043225348972,1278.5331405176807,0.976094873728822,0.25534043225348974,1.2785331405176807,0.5241256438298095,0.13996239559735596,1.1035161564569274
HtZt_4000_1000,HtZt,4000,1000,85,340,1.0,0.8,/eos/uscms/store/user/aji/rootfiles_existingOptimization/HtZt_4000_1000_pt340_ak10_ca8_th85.root,ok,,1000,999,0.999,0.0009994998749374613,0.13013013013013014,0.010644697691874436,0.0935935935935936,0.5355355355355356,0.35135135135135137,0.351,0.6486486486486487,0.015104029626755123,1016.3241080345726,391.3869181581018,1313.277026665794,1.0163241080345728,0.39138691815810184,1.313277026665794,0.45354139551530337,0.09170147755991628,1.1048224549674095
HtZt_4000_1000,HtZt,4000,1000,85,200,1.2,1.4,/eos/uscms/store/user/aji/rootfiles_existingOptimization/HtZt_4000_1000_pt200_ak12_ca14_th85.root,ok,,1000,1000,1.0,0.0,0.051,0.00695693898205238,0.026,0.5045,0.325,0.325,0.675,0.014811313243598623,1160.5799225193116,757.232776385937,1720.8389225656047,1.1605799225193116,0.757232776385937,1.7208389225656047,0.41513993456303033,0.11200975775603902,1.1061979268149615
HtZt_4000_1000,HtZt,4000,1000,85,200,1.2,1.6,/eos/uscms/store/user/aji/rootfiles_existingOptimization/HtZt_4000_1000_pt200_ak12_ca16_th85.root,ok,,1000,1000,1.0,0.0,0.057,0.007331507348424334,0.029,0.5175,0.325,0.325,0.675,0.014811313243598623,1147.592621027659,715.7122515752828,1672.1632867569447,1.147592621027659,0.7157122515752828,1.6721632867569445,0.4167206278849929,0.13368633019443005,1.1064798899877588
HtZt_4000_1000,HtZt,4000,1000,85,240,0.8,1.6,/eos/uscms/store/user/aji/rootfiles_existingOptimization/HtZt_4000_1000_pt240_ak8_ca16_th85.root,ok,,1000,1000,1.0,0.0,0.418,0.015597307459943206,0.2345,0.605,0.383,0.383,0.617,0.015372410351015223,962.4887431598079,218.80078154253053,1156.8469505363973,0.9624887431598079,0.21880078154253052,1.1568469505363974,0.48730241037121264,0.21394084721893544,1.108053536055232
HtZt_4000_1000,HtZt,4000,1000,85,220,0.8,1.4,/eos/uscms/store/user/aji/rootfiles_existingOptimization/HtZt_4000_1000_pt220_ak8_ca14_th85.root,ok,,1000,1000,1.0,0.0,0.367,0.015241751867813621,0.207,0.6115,0.403,0.403,0.597,0.01551099609954177,971.1445184035188,233.30229076079831,1223.5802364105416,0.9711445184035188,0.2333022907607983,1.2235802364105417,0.5098509680503981,0.15994502777186365,1.109736516210046
HtZt_4000_1000,HtZt,4000,1000,85,220,1.4,1.2,/eos/uscms/store/user/aji/rootfiles_existingOptimization/HtZt_4000_1000_pt220_ak14_ca12_th85.root,ok,,1000,1000,1.0,0.0,0.007,0.0026364749192814255,0.0035,0.4665,0.332,0.332,0.6679999999999999,0.014892145580808697,1225.56752514021,883.8707014614397,1912.6384573029177,1.2255675251402098,0.8838707014614396,1.9126384573029178,0.41971076041843675,0.06560838309905685,1.1102675129324577
HtZt_4000_1000,HtZt,4000,1000,85,300,1.2,1.0,/eos/uscms/store/user/aji/rootfiles_existingOptimization/HtZt_4000_1000_pt300_ak12_ca10_th85.root,ok,,1000,1000,1.0,0.0,0.047,0.006692607862410586,0.0285,0.518,0.353,0.353,0.647,0.015112610628213776,1083.2707730227562,578.1293814838739,1565.3652683140112,1.0832707730227562,0.5781293814838738,1.5653652683140113,0.4556736466153134,0.09044373767367513,1.1110007239175892
HtZt_4000_1000,HtZt,4000,1000,85,240,1.0,1.6,/eos/uscms/store/user/aji/rootfiles_existingOptimization/HtZt_4000_1000_pt240_ak10_ca16_th85.root,ok,,1000,1000,1.0,0.0,0.228,0.013267102170406317,0.1225,0.586,0.371,0.371,0.629,0.015276092432294327,1050.900493188858,337.7650588863081,1344.8343881656194,1.050900493188858,0.3377650588863081,1.3448343881656195,0.4791459019223861,0.17117326590037274,1.113235951241272
HtZt_4000_1000,HtZt,4000,1000,85,160,1.2,1.2,/eos/uscms/store/user/aji/rootfiles_existingOptimization/HtZt_4000_1000_pt160_ak12_ca12_th85.root,ok,,1000,1000,1.0,0.0,0.029,0.005306505441436953,0.0145,0.473,0.337,0.337,0.663,0.014947608504372864,1243.672091401422,960.4096119447727,2020.871551127936,1.243672091401422,0.9604096119447727,2.0208715511279363,0.42634306362386504,0.06789878445714587,1.1137102727640074
HtZt_4000_1000,HtZt,4000,1000,85,300,0.6,0.4,/eos/uscms/store/user/aji/rootfiles_existingOptimization/HtZt_4000_1000_pt300_ak6_ca4_th85.root,ok,,1000,997,0.997,0.0017294507798720387,0.24172517552657974,0.013558969429835794,0.2111334002006018,0.5611835506519559,0.4272818455366098,0.426,0.5727181544633901,0.01566679339422111,836.571872130964,188.8853788632527,1062.3536253201264,0.8365718721309641,0.1888853788632527,1.0623536253201264,0.5220521246022324,0.06369933587454764,1.1141130918525262
HtZt_4000_1000,HtZt,4000,1000,85,160,1.2,1.6,/eos/uscms/store/user/aji/rootfiles_existingOptimization/HtZt_4000_1000_pt160_ak12_ca16_th85.root,ok,,1000,1000,1.0,0.0,0.04,0.0061967733539318665,0.02,0.497,0.318,0.318,0.6819999999999999,0.014726710426975877,1211.5677516029718,916.1822299907765,1913.2875068455892,1.2115677516029717,0.9161822299907765,1.913287506845589,0.4114938168070199,0.11220815766741084,1.114650591967317
HtZt_4000_1000,HtZt,4000,1000,85,120,0.4,1.6,/eos/uscms/store/user/aji/rootfiles_existingOptimization/HtZt_4000_1000_pt120_ak4_ca16_th85.root,ok,,1000,1000,1.0,0.0,0.294,0.014407081592050487,0.157,0.6,0.372,0.372,0.628,0.015284501954594399,849.337404650536,324.4533892570718,1127.2584313494297,0.849337404650536,0.3244533892570718,1.1272584313494296,0.47260666826670367,0.17697255647912535,1.1156729278016502
HtZt_4000_1000,HtZt,4000,1000,85,240,0.8,1.4,/eos/uscms/store/user/aji/rootfiles_existingOptimization/HtZt_4000_1000_pt240_ak8_ca14_th85.root,ok,,1000,1000,1.0,0.0,0.405,0.015523369479594306,0.228,0.5975,0.384,0.384,0.616,0.015379986996093333,966.7798675083623,222.0121950726322,1184.2256496467337,0.9667798675083622,0.2220121950726322,1.1842256496467336,0.49763833883610464,0.17772140256109276,1.1169603520852684
HtZt_4000_1000,HtZt,4000,1000,85,220,1.0,1.2,/eos/uscms/store/user/aji/rootfiles_existingOptimization/HtZt_4000_1000_pt220_ak10_ca12_th85.root,ok,,1000,1000,1.0,0.0,0.181,0.0121753439376471,0.095,0.574,0.386,0.386,0.614,0.015394934231752989,1071.762441223107,439.697615736739,1505.5471532069034,1.071762441223107,0.439697615736739,1.5055471532069036,0.4972415044950658,0.10949941364587479,1.1184177486173765
HtZt_4000_1000,HtZt,4000,1000,85,240,1.0,1.4,/eos/uscms/store/user/aji/rootfiles_existingOptimization/HtZt_4000_1000_pt240_ak10_ca14_th85.root,ok,,1000,1000,1.0,0.0,0.216,0.013013224043256921,0.1165,0.578,0.373,0.373,0.627,0.015292841462592882,1056.8530614552683,355.1217504747438,1381.9799538572986,1.0568530614552683,0.3551217504747438,1.3819799538572985,0.48580935270632075,0.14573035055772046,1.1184946588518476
HtZt_4000_1000,HtZt,4000,1000,85,160,1.2,1.4,/eos/uscms/store/user/aji/rootfiles_existingOptimization/HtZt_4000_1000_pt160_ak12_ca14_th85.root,ok,,1000,1000,1.0,0.0,0.036,0.005891010100144117,0.018,0.485,0.324,0.324,0.6759999999999999,0.014799459449588017,1227.697751037585,942.1437995558298,1973.9727790605173,1.227697751037585,0.9421437995558298,1.9739727790605173,0.4202292374620058,0.08994062253178639,1.1189990125657643
HtZt_4000_1000,HtZt,4000,1000,85,220,1.2,1.2,/eos/uscms/store/user/aji/rootfiles_existingOptimization/HtZt_4000_1000_pt220_ak12_ca12_th85.root,ok,,1000,1000,1.0,0.0,0.047,0.006692607862410586,0.025,0.509,0.332,0.332,0.6679999999999999,0.014892145580808697,1146.0881304668014,687.8605506563501,1692.5929739084495,1.1460881304668016,0.6878605506563501,1.6925929739084495,0.4383312227668181,0.10515414428220507,1.1209400358134982
HtZt_4000_1000,HtZt,4000,1000,85,200,0.8,1.2,/eos/uscms/store/user/aji/rootfiles_existingOptimization/HtZt_4000_1000_pt200_ak8_ca12_th85.root,ok,,1000,1000,1.0,0.0,0.304,0.014545927265045703,0.1695,0.6105,0.423,0.423,0.577,0.015622771841129857,981.5969287210585,274.7834412627163,1343.6124493388088,0.9815969287210585,0.2747834412627163,1.3436124493388089,0.5444337572799307,0.11382166961012609,1.1232740644078247
HtZt_4000_1000,HtZt,4000,1000,85,400,1.4,1.4,/eos/uscms/store/user/aji/rootfiles_existingOptimization/HtZt_4000_1000_pt400_ak14_ca14_th85.root,ok,,1000,998,0.998,0.0014127986409959495,0.03406813627254509,0.005742250887410643,0.02154308617234469,0.5045090180360722,0.313627254509018,0.313,0.686372745490982,0.014686612711037274,1027.678137353691,521.0718967007451,1410.1302382355293,1.027678137353691,0.521071896700745,1.4101302382355294,0.4325568041294244,0.17815307393579405,1.1236973633557754
HtZt_4000_1000,HtZt,4000,1000,85,260,1.0,1.6,/eos/uscms/store/user/aji/rootfiles_existingOptimization/HtZt_4000_1000_pt260_ak10_ca16_th85.root,ok,,1000,1000,1.0,0.0,0.257,0.013818502089589886,0.1395,0.575,0.355,0.355,0.645,0.015131919904625453,1041.241629619216,317.3028928364105,1305.9425321444971,1.041241629619216,0.3173028928364105,1.305942532144497,0.4747407379733914,0.19240092867750835,1.123864900935313
HtZt_4000_1000,HtZt,4000,1000,85,240,1.6,1.4,/eos/uscms/store/user/aji/rootfiles_existingOptimization/HtZt_4000_1000_pt240_ak16_ca14_th85.root,ok,,1000,1000,1.0,0.0,0.001,0.0009994998749374609,0.0005,0.4595,0.32,0.32,0.6799999999999999,0.01475127113166862,1276.157409407096,967.579991755357,2030.997181696571,1.2761574094070962,0.967579991755357,2.030997181696571,0.41664812745759877,0.07825078923205828,1.1242638683983084
HtZt_4000_1000,HtZt,4000,1000,85,260,0.8,1.6,/eos/uscms/store/user/aji/rootfiles_existingOptimization/HtZt_4000_1000_pt260_ak8_ca16_th85.root,ok,,1000,1000,1.0,0.0,0.441,0.015700923539715746,0.252,0.5935,0.367,0.367,0.633,0.015241751867813621,956.1842783857267,212.76438127040817,1145.1087052164014,0.9561842783857266,0.21276438127040817,1.1451087052164015,0.48753380756271114,0.23228387866697103,1.1249153797241385
HtZt_4000_1000,HtZt,4000,1000,85,220,1.2,1.6,/eos/uscms/store/user/aji/rootfiles_existingOptimization/HtZt_4000_1000_pt220_ak12_ca16_th85.root,ok,,1000,1000,1.0,0.0,0.064,0.007739767438366608,0.0335,0.52,0.317,0.317,0.683,0.014714312760030622,1129.1952030785974,607.2617039151999,1580.749738135352,1.1291952030785977,0.6072617039151998,1.580749738135352,0.43105391856344627,0.1568349432481015,1.1269734388713062
HtZt_4000_1000,HtZt,4000,1000,85,400,1.4,1.6,/eos/uscms/store/user/aji/rootfiles_existingOptimization/HtZt_4000_1000_pt400_ak14_ca16_th85.root,ok,,1000,998,0.998,0.0014127986409959495,0.03707414829659319,0.005980902793150683,0.023046092184368736,0.501503006012024,0.3106212424849699,0.31,0.6893787575150301,0.01464803112482121,1025.5697728823661,513.6991752126042,1406.2692944641685,1.025569772882366,0.5136991752126042,1.4062692944641686,0.43515816419929876,0.19078190476492574,1.1290938990025654
HtZt_4000_1000,HtZt,4000,1000,85,360,0.8,0.6,/eos/uscms/store/user/aji/rootfiles_existingOptimization/HtZt_4000_1000_pt360_ak8_ca6_th85.root,ok,,1000,997,0.997,0.0017294507798720387,0.22768304914744233,0.013280534479702441,0.18756268806419257,0.5250752256770311,0.3640922768304915,0.363,0.6359077231695085,0.01523895561011783,908.233261275192,265.65096015306653,1144.4144229982899,0.908233261275192,0.2656509601530665,1.1444144229982898,0.4837763052254923,0.0745359945915831,1.1318607022674816
HtZt_4000_1000,HtZt,4000,1000,85,260,0.8,1.4,/eos/uscms/store/user/aji/rootfiles_existingOptimization/HtZt_4000_1000_pt260_ak8_ca14_th85.root,ok,,1000,1000,1.0,0.0,0.428,0.015646597074124458,0.2455,0.586,0.368,0.368,0.632,0.015250442616527561,961.2002052988142,216.27817432109828,1170.5866680270328,0.9612002052988142,0.2162781743210983,1.1705866680270327,0.49641504883431786,0.20237865281087694,1.1322950283044364
HtZt_4000_1000,HtZt,4000,1000,85,220,1.0,1.0,/eos/uscms/store/user/aji/rootfiles_existingOptimization/HtZt_4000_1000_pt220_ak10_ca10_th85.root,ok,,1000,1000,1.0,0.0,0.164,0.011709141727727102,0.0865,0.559,0.382,0.382,0.618,0.01536476488593301,1079.7908106222326,497.9774198433536,1597.1094296796327,1.0797908106222327,0.49797741984335353,1.5971094296796329,0.5089559936164401,0.08828000352158095,1.1349350746786633
HtZt_4000_1000,HtZt,4000,1000,85,260,1.0,1.4,/eos/uscms/store/user/aji/rootfiles_existingOptimization/HtZt_4000_1000_pt260_ak10_ca14_th85.root,ok,,1000,1000,1.0,0.0,0.243,0.013562853682024296,0.1325,0.5675,0.357,0.357,0.643,0.015150940564862632,1048.8384427735762,323.07957544053556,1344.8343881656194,1.0488384427735762,0.32307957544053556,1.3448343881656195,0.48708875030511295,0.16437926288465,1.1349725945824707
HtZt_4000_1000,HtZt,4000,1000,85,360,1.0,0.8,/eos/uscms/store/user/aji/rootfiles_existingOptimization/HtZt_4000_1000_pt360_ak10_ca8_th85.root,ok,,1000,998,0.998,0.0014127986409959495,0.14829659318637275,0.011249792411163717,0.1092184368737475,0.5120240480961924,0.3306613226452906,0.33,0.6693386773547094,0.014891875242838094,990.0347974432507,358.9742990868036,1278.2171559312462,0.9900347974432506,0.3589742990868036,1.278217155931246,0.46424775130044554,0.09900621816527841,1.13658294891083
HtZt_4000_1000,HtZt,4000,1000,85,220,1.2,1.4,/eos/uscms/store/user/aji/rootfiles_existingOptimization/HtZt_4000_1000_pt220_ak12_ca14_th85.root,ok,,1000,1000,1.0,0.0,0.058,0.007391616873188166,0.0305,0.5095,0.317,0.317,0.683,0.014714312760030622,1138.1722386161946,644.4866667162922,1647.3765280608907,1.1381722386161948,0.6444866667162923,1.6473765280608905,0.44057034046267257,0.12428759705744849,1.137387564324292
HtZt_4000_1000,HtZt,4000,1000,85,200,1.4,1.2,/eos/uscms/store/user/aji/rootfiles_existingOptimization/HtZt_4000_1000_pt200_ak14_ca12_th85.root,ok,,1000,1000,1.0,0.0,0.006,0.002442130217658346,0.003,0.4495,0.327,0.327,0.673,0.014834790190629592,1264.304453130605,945.6595914827983,2053.196501096611,1.2643044531306051,0.9456595914827984,2.0531965010966107,0.4380024553703765,0.0593180899798323,1.1374329006834372
HtZt_4000_1000,HtZt,4000,1000,85,360,1.4,1.4,/eos/uscms/store/user/aji/rootfiles_existingOptimization/HtZt_4000_1000_pt360_ak14_ca14_th85.root,ok,,1000,1000,1.0,0.0,0.029,0.005306505441436953,0.0175,0.509,0.317,0.317,0.683,0.014714312760030622,1057.4537154454629,551.4110921525157,1502.4926064372848,1.0574537154454628,0.5514110921525156,1.502492606437285,0.4497036136868255,0.1673332505168426,1.1384489852313717
HtZt_4000_1000,HtZt,4000,1000,85,380,1.4,1.6,/eos/uscms/store/user/aji/rootfiles_existingOptimization/HtZt_4000_1000_pt380_ak14_ca16_th85.root,ok,,1000,999,0.999,0.0009994998749374613,0.037037037037037035,0.005975031039289641,0.02252252252252252,0.5045045045045045,0.3103103103103103,0.31,0.6896896896896897,0.014636668120822729,1040.093669745515,524.8972625737142,1450.8037166832833,1.040093669745515,0.5248972625737143,1.4508037166832835,0.4451072442043203,0.19181239075175285,1.1398063008685613
HtZt_4000_1000,HtZt,4000,1000,85,220,0.8,1.2,/eos/uscms/store/user/aji/rootfiles_existingOptimization/HtZt_4000_1000_pt220_ak8_ca12_th85.root,ok,,1000,1000,1.0,0.0,0.353,0.015112610628213776,0.2,0.5995,0.401,0.401,0.599,0.015498354751392161,975.1215636177117,235.88930421094318,1285.9173062240964,0.9751215636177117,0.23588930421094317,1.2859173062240963,0.5384087693218155,0.12770179366475293,1.1398966129600443
HtZt_4000_1000,HtZt,4000,1000,85,380,1.4,1.4,/eos/uscms/store/user/aji/rootfiles_existingOptimization/HtZt_4000_1000_pt380_ak14_ca14_th85.root,ok,,1000,999,0.999,0.0009994998749374613,0.03303303303303303,0.005654540263121207,0.02052052052052052,0.507007007007007,0.31431431431431434,0.314,0.6856856856856857,0.014687973403234732,1042.859008978284,531.4821067568047,1469.258073626487,1.0428590089782839,0.5314821067568046,1.469258073626487,0.44961780969243675,0.1701072145781924,1.140589396275951
HtZt_4000_1000,HtZt,4000,1000,85,280,1.4,1.4,/eos/uscms/store/user/aji/rootfiles_existingOptimization/HtZt_4000_1000_pt280_ak14_ca14_th85.root,ok,,1000,1000,1.0,0.0,0.022,0.0046385342512479085,0.0115,0.509,0.32,0.32,0.6799999999999999,0.01475127113166862,1120.5204162543373,647.6459332260839,1653.3088749174572,1.1205204162543372,0.647645933226084,1.6533088749174574,0.4487481562598796,0.14404765803615094,1.1408001978853133
HtZt_4000_1000,HtZt,4000,1000,85,240,1.0,1.2,/eos/uscms/store/user/aji/rootfiles_existingOptimization/HtZt_4000_1000_pt240_ak10_ca12_th85.root,ok,,1000,1000,1.0,0.0,0.208,0.0128349522788361,0.1125,0.5635,0.369,0.369,0.631,0.015259062880793171,1062.112221806538,361.538056787414,1431.8946320182924,1.062112221806538,0.361538056787414,1.4318946320182924,0.5038811122097426,0.12361750436868724,1.1410923343903965
HtZt_4000_1000,HtZt,4000,1000,85,320,1.2,1.0,/eos/uscms/store/user/aji/rootfiles_existingOptimization/HtZt_4000_1000_pt320_ak12_ca10_th85.root,ok,,1000,1000,1.0,0.0,0.053,0.00708456067798138,0.0335,0.5065,0.335,0.335,0.665,0.014925649064613572,1059.7546836328245,531.3529616044602,1528.3712994027258,1.0597546836328244,0.5313529616044602,1.5283712994027256,0.4704005338200065,0.10317132697306153,1.141376002183289
HtZt_4000_1000,HtZt,4000,1000,85,340,1.4,1.4,/eos/uscms/store/user/aji/rootfiles_existingOptimization/HtZt_4000_1000_pt340_ak14_ca14_th85.root,ok,,1000,1000,1.0,0.0,0.025,0.0049371044145328745,0.015,0.5095,0.318,0.318,0.6819999999999999,0.014726710426975877,1066.3401829140598,565.7078111721615,1531.5752335799034,1.0663401829140597,0.5657078111721615,1.5315752335799033,0.4528889738395916,0.16566610518875335,1.1415229921309975
HtZt_4000_1000,HtZt,4000,1000,85,260,1.6,1.6,/eos/uscms/store/user/aji/rootfiles_existingOptimization/HtZt_4000_1000_pt260_ak16_ca16_th85.root,ok,,1000,1000,1.0,0.0,0.004,0.001995995991979944,0.002,0.4835,0.298,0.298,0.702,0.01446360950800318,1237.5213230659035,859.0158673208277,1888.3320382805798,1.2375213230659035,0.8590158673208278,1.88833203828058,0.4158781557030741,0.12458082938748324,1.1416302880096645
HtZt_4000_1000,HtZt,4000,1000,85,360,1.4,1.6,/eos/uscms/store/user/aji/rootfiles_existingOptimization/HtZt_4000_1000_pt360_ak14_ca16_th85.root,ok,,1000,1000,1.0,0.0,0.033,0.005648982209212559,0.0195,0.507,0.313,0.313,0.687,0.014663935351739654,1049.9478298002387,539.3978038201341,1485.077989291522,1.0499478298002387,0.539397803820134,1.485077989291522,0.4503462737054809,0.18456085105376974,1.1423410566855048
HtZt_4000_1000,HtZt,4000,1000,85,280,1.0,1.6,/eos/uscms/store/user/aji/rootfiles_existingOptimization/HtZt_4000_1000_pt280_ak10_ca16_th85.root,ok,,1000,1000,1.0,0.0,0.277,0.014151713677148785,0.152,0.564,0.331,0.331,0.669,0.014880826589944525,1031.4703477405842,305.7162446358324,1277.8367209707915,1.0314703477405842,0.3057162446358324,1.2778367209707915,0.47123045197778596,0.22823758445464581,1.1433774867518445
HtZt_4000_1000,HtZt,4000,1000,85,140,0.4,0.6,/eos/uscms/store/user/aji/rootfiles_existingOptimization/HtZt_4000_1000_pt140_ak4_ca6_th85.root,ok,,1000,1000,1.0,0.0,0.265,0.013956181426163821,0.149,0.567,0.376,0.376,0.624,0.015317441039547044,858.090173356532,425.65829264387287,1292.8875734578287,0.858090173356532,0.42565829264387284,1.2928875734578287,0.5053252605269182,0.0969677106201898,1.1435162431912649
HtZt_4000_1000,HtZt,4000,1000,85,320,1.4,1.4,/eos/uscms/store/user/aji/rootfiles_existingOptimization/HtZt_4000_1000_pt320_ak14_ca14_th85.root,ok,,1000,1000,1.0,0.0,0.021,0.004534203347888138,0.0125,0.5155,0.32,0.32,0.6799999999999999,0.01475127113166862,1081.9807381720311,585.095469044592,1571.0702962251348,1.0819807381720312,0.585095469044592,1.5710702962251348,0.45563418663363314,0.16566610518875335,1.1438322604508362
HtZt_4000_1000,HtZt,4000,1000,85,300,1.4,1.4,/eos/uscms/store/user/aji/rootfiles_existingOptimization/HtZt_4000_1000_pt300_ak14_ca14_th85.root,ok,,1000,1000,1.0,0.0,0.021,0.004534203347888138,0.0115,0.513,0.32,0.32,0.6799999999999999,0.01475127113166862,1100.421832492744,610.9443210597581,1611.430952785271,1.100421832492744,0.610944321059758,1.611430952785271,0.4545923218640385,0.15948117704485726,1.1446345051133129
HtZt_4000_1000,HtZt,4000,1000,85,340,1.4,1.6,/eos/uscms/store/user/aji/rootfiles_existingOptimization/HtZt_4000_1000_pt340_ak14_ca16_th85.root,ok,,1000,1000,1.0,0.0,0.03,0.005394441583704471,0.0175,0.509,0.312,0.312,0.688,0.014651143300097778,1063.334273086187,554.4790525509435,1513.858112536369,1.063334273086187,0.5544790525509435,1.5138581125363688,0.45111828155456446,0.18101696673180223,1.1454517088631833
HtZt_4000_1000,HtZt,4000,1000,85,320,1.4,1.6,/eos/uscms/store/user/aji/rootfiles_existingOptimization/HtZt_4000_1000_pt320_ak14_ca16_th85.root,ok,,1000,1000,1.0,0.0,0.026,0.0050322956987840055,0.015,0.5145,0.313,0.313,0.687,0.014663935351739654,1076.7064893155712,574.3795790494743,1553.0850542758074,1.0767064893155711,0.5743795790494743,1.5530850542758072,0.45449037641096857,0.1819924480410835,1.1491610253425257
HtZt_4000_1000,HtZt,4000,1000,85,320,0.6,0.4,/eos/uscms/store/user/aji/rootfiles_existingOptimization/HtZt_4000_1000_pt320_ak6_ca4_th85.root,ok,,1000,997,0.997,0.0017294507798720387,0.27382146439317956,0.014122379219352518,0.2432296890672016,0.5371113340020061,0.40521564694082246,0.404,0.5947843530591775,0.015548027201698207,813.5199505178446,168.2503102369375,1035.1094675658842,0.8135199505178445,0.1682503102369375,1.0351094675658843,0.5327829740236544,0.06988658755803971,1.1492153320310474
HtZt_4000_1000,HtZt,4000,1000,85,280,1.4,1.6,/eos/uscms/store/user/aji/rootfiles_existingOptimization/HtZt_4000_1000_pt280_ak14_ca16_th85.root,ok,,1000,1000,1.0,0.0,0.025,0.0049371044145328745,0.013,0.509,0.312,0.312,0.688,0.014651143300097778,1109.9246986182313,623.0192485456297,1623.1870844500443,1.1099246986182314,0.6230192485456296,1.6231870844500442,0.4505566175568237,0.16077444798012996,1.1495490874186467
HtZt_4000_1000,HtZt,4000,1000,85,240,0.8,1.2,/eos/uscms/store/user/aji/rootfiles_existingOptimization/HtZt_4000_1000_pt240_ak8_ca12_th85.root,ok,,1000,1000,1.0,0.0,0.392,0.015438134602341048,0.2215,0.589,0.384,0.384,0.616,0.015379986996093333,970.4680221415338,224.3358691692158,1256.5349745364176,0.9704680221415338,0.22433586916921583,1.2565349745364176,0.5318048002702066,0.14675112277836075,1.1507579980560532
HtZt_4000_1000,HtZt,4000,1000,85,300,1.4,1.6,/eos/uscms/store/user/aji/rootfiles_existingOptimization/HtZt_4000_1000_pt300_ak14_ca16_th85.root,ok,,1000,1000,1.0,0.0,0.025,0.0049371044145328745,0.0135,0.5115,0.312,0.312,0.688,0.014651143300097778,1095.507360450731,594.3232447826518,1588.1447825547941,1.095507360450731,0.594323244782652,1.588144782554794,0.4535896214167143,0.17021247301000436,1.1511403574617873
HtZt_4000_1000,HtZt,4000,1000,85,340,1.2,1.0,/eos/uscms/store/user/aji/rootfiles_existingOptimization/HtZt_4000_1000_pt340_ak12_ca10_th85.root,ok,,1000,1000,1.0,0.0,0.059,0.007451107300260815,0.038,0.5035,0.328,0.328,0.6719999999999999,0.01484641370836742,1044.231694295302,512.1287893170993,1505.2904968544146,1.044231694295302,0.5121287893170993,1.5052904968544145,0.4755466210051921,0.10790215055111167,1.1519697904347224
HtZt_4000_1000,HtZt,4000,1000,85,260,1.4,1.6,/eos/uscms/store/user/aji/rootfiles_existingOptimization/HtZt_4000_1000_pt260_ak14_ca16_th85.root,ok,,1000,1000,1.0,0.0,0.021,0.004534203347888138,0.011,0.5055,0.307,0.307,0.6930000000000001,0.014585986425333049,1129.4883841989313,674.5667108021358,1683.4253693716378,1.1294883841989312,0.6745667108021358,1.6834253693716377,0.4465998378925412,0.15509648393651373,1.1525486763124344
HtZt_4000_1000,HtZt,4000,1000,85,240,1.2,1.2,/eos/uscms/store/user/aji/rootfiles_existingOptimization/HtZt_4000_1000_pt240_ak12_ca12_th85.root,ok,,1000,1000,1.0,0.0,0.053,0.00708456067798138,0.0285,0.505,0.32,0.32,0.6799999999999999,0.01475127113166862,1122.8546714873087,601.807598688047,1639.1312225834383,1.1228546714873087,0.6018075986880471,1.6391312225834385,0.46191357182553966,0.12194562764313646,1.1541990389742705
HtZt_4000_1000,HtZt,4000,1000,85,360,1.2,1.0,/eos/uscms/store/user/aji/rootfiles_existingOptimization/HtZt_4000_1000_pt360_ak12_ca10_th85.root,ok,,1000,999,0.999,0.0009994998749374613,0.06406406406406406,0.007747249811339432,0.042042042042042045,0.4934934934934935,0.3153153153153153,0.315,0.6846846846846847,0.01470060117538859,1026.1713626991454,494.1448529198126,1451.6836822894782,1.0261713626991456,0.4941448529198126,1.4516836822894783,0.46655893166373535,0.11725904141240136,1.1548607526183345
HtZt_4000_1000,HtZt,4000,1000,85,280,0.8,1.6,/eos/uscms/store/user/aji/rootfiles_existingOptimization/HtZt_4000_1000_pt280_ak8_ca16_th85.root,ok,,1000,1000,1.0,0.0,0.474,0.01578999683343857,0.276,0.5765,0.339,0.339,0.661,0.014969268519202933,948.273395877399,206.17041540524596,1133.3201365339073,0.948273395877399,0.20617041540524594,1.1333201365339072,0.48886203343857765,0.28837347593583207,1.1550346938508378
HtZt_4000_1000,HtZt,4000,1000,85,160,0.6,1.6,/eos/uscms/store/user/aji/rootfiles_existingOptimization/HtZt_4000_1000_pt160_ak6_ca16_th85.root,ok,,1000,1000,1.0,0.0,0.342,0.01500119995200384,0.187,0.612,0.389,0.389,0.611,0.015416841440450765,898.0716123267218,198.49223581008377,1158.2573889696916,0.8980716123267218,0.19849223581008377,1.1582573889696917,0.5343477847345884,0.18850372457458608,1.155540623501916
HtZt_4000_1000,HtZt,4000,1000,85,260,0.8,1.2,/eos/uscms/store/user/aji/rootfiles_existingOptimization/HtZt_4000_1000_pt260_ak8_ca12_th85.root,ok,,1000,1000,1.0,0.0,0.417,0.015592017188292218,0.24,0.577,0.366,0.366,0.634,0.01523299051401267,965.5180233688452,218.28502557728805,1219.0910133895168,0.9655180233688452,0.21828502557728807,1.2190910133895168,0.5182741096433695,0.16295112920074611,1.155722307306485
HtZt_4000_1000,HtZt,4000,1000,85,280,0.8,1.4,/eos/uscms/store/user/aji/rootfiles_existingOptimization/HtZt_4000_1000_pt280_ak8_ca14_th85.root,ok,,1000,1000,1.0,0.0,0.462,0.01576565888252058,0.27,0.569,0.341,0.341,0.659,0.014990630407024249,953.5233407222802,209.254903429452,1147.7193198964374,0.9535233407222803,0.20925490342945202,1.1477193198964373,0.4921035366350403,0.2445602134531124,1.1557512025628123
HtZt_4000_1000,HtZt,4000,1000,85,240,1.2,1.6,/eos/uscms/store/user/aji/rootfiles_existingOptimization/HtZt_4000_1000_pt240_ak12_ca16_th85.root,ok,,1000,1000,1.0,0.0,0.07,0.008068457101577725,0.037,0.515,0.305,0.305,0.6950000000000001,0.014559361249725207,1107.156267484991,543.8351082780841,1543.1609003399064,1.1071562674849909,0.5438351082780841,1.5431609003399065,0.451302955784139,0.17433908625452282,1.1570185825326382
HtZt_4000_1000,HtZt,4000,1000,85,280,1.0,1.4,/eos/uscms/store/user/aji/rootfiles_existingOptimization/HtZt_4000_1000_pt280_ak10_ca14_th85.root,ok,,1000,1000,1.0,0.0,0.265,0.013956181426163821,0.146,0.5525,0.33,0.33,0.6699999999999999,0.014869431730903505,1038.2103028348956,310.799429667661,1315.5574361803986,1.0382103028348957,0.31079942966766105,1.3155574361803986,0.48388944117063054,0.19301873893181198,1.15771047145412
HtZt_4000_1000,HtZt,4000,1000,85,140,1.2,1.0,/eos/uscms/store/user/aji/rootfiles_existingOptimization/HtZt_4000_1000_pt140_ak12_ca10_th85.root,ok,,1000,1000,1.0,0.0,0.011,0.003298332912245215,0.0055,0.4135,0.346,0.346,0.654,0.015042739112276061,1403.971310999094,1033.2570990087559,2344.4002170230106,1.403971310999094,1.033257099008756,2.3444002170230105,0.4669408511920443,0.021809227945126027,1.1613379822919536
HtZt_4000_1000,HtZt,4000,1000,85,260,1.4,1.4,/eos/uscms/store/user/aji/rootfiles_existingOptimization/HtZt_4000_1000_pt260_ak14_ca14_th85.root,ok,,1000,1000,1.0,0.0,0.018,0.004204283529925164,0.0095,0.5025,0.314,0.314,0.6859999999999999,0.014676648118695223,1138.5103621718822,689.2435130710592,1740.9094242499425,1.1385103621718822,0.6892435130710591,1.7409094242499425,0.4618604916219955,0.13741033758882587,1.1617115278391836
HtZt_4000_1000,HtZt,4000,1000,85,260,1.0,1.2,/eos/uscms/store/user/aji/rootfiles_existingOptimization/HtZt_4000_1000_pt260_ak10_ca12_th85.root,ok,,1000,1000,1.0,0.0,0.237,0.013447341744746431,0.1295,0.5515,0.349,0.349,0.651,0.01507312177354114,1052.6214987623885,328.9996782373834,1399.1879043202114,1.0526214987623885,0.32899967823738346,1.3991879043202116,0.5083442753834563,0.1479411503822172,1.164606425259695
HtZt_4000_1000,HtZt,4000,1000,85,380,1.2,1.0,/eos/uscms/store/user/aji/rootfiles_existingOptimization/HtZt_4000_1000_pt380_ak12_ca10_th85.root,ok,,1000,998,0.998,0.0014127986409959495,0.06813627254509018,0.007976274997417042,0.04609218436873747,0.4834669338677355,0.3046092184368738,0.304,0.6953907815631262,0.014568697139856276,1006.7348293724199,463.90038869397495,1411.577141605176,1.0067348293724199,0.46390038869397493,1.411577141605176,0.47066850438757807,0.12262421818250416,1.1687327688879463
HtZt_4000_1000,HtZt,4000,1000,85,160,0.6,1.4,/eos/uscms/store/user/aji/rootfiles_existingOptimization/HtZt_4000_1000_pt160_ak6_ca14_th85.root,ok,,1000,1000,1.0,0.0,0.324,0.014799459449588015,0.178,0.603,0.39,0.39,0.61,0.01542400726140908,903.1592729849783,214.34707920949174,1206.3401184206364,0.9031592729849784,0.21434707920949173,1.2063401184206362,0.5491794575349743,0.17134032061890167,1.1688635302364765
HtZt_4000_1000,HtZt,4000,1000,85,240,1.4,1.6,/eos/uscms/store/user/aji/rootfiles_existingOptimization/HtZt_4000_1000_pt240_ak14_ca16_th85.root,ok,,1000,1000,1.0,0.0,0.02,0.004427188724235731,0.0105,0.4955,0.299,0.299,0.7010000000000001,0.014477534320456642,1150.380255673319,706.9407102296458,1756.01281127064,1.1503802556733191,0.7069407102296459,1.75601281127064,0.45596753589402084,0.1514482164276194,1.172005561461353
HtZt_4000_1000,HtZt,4000,1000,85,240,1.2,1.4,/eos/uscms/store/user/aji/rootfiles_existingOptimization/HtZt_4000_1000_pt240_ak12_ca14_th85.root,ok,,1000,1000,1.0,0.0,0.064,0.007739767438366608,0.034,0.5045,0.304,0.304,0.696,0.014545927265045704,1112.893583411181,553.8632520978445,1588.6755665056978,1.112893583411181,0.5538632520978445,1.5886755665056977,0.46491970563618606,0.1492145725026532,1.1722090639773042
HtZt_4000_1000,HtZt,4000,1000,85,380,0.8,0.6,/eos/uscms/store/user/aji/rootfiles_existingOptimization/HtZt_4000_1000_pt380_ak8_ca6_th85.root,ok,,1000,997,0.997,0.0017294507798720387,0.2577733199598796,0.013852867620122668,0.2156469408224674,0.4989969909729188,0.33099297893681046,0.33,0.6690070210631895,0.014903118319273365,888.9459911365227,241.1973006022029,1112.1206600192975,0.8889459911365226,0.24119730060220287,1.1121206600192974,0.4898629208640752,0.08492496686513169,1.1729753428136123
HtZt_4000_1000,HtZt,4000,1000,85,160,0.6,0.8,/eos/uscms/store/user/aji/rootfiles_existingOptimization/HtZt_4000_1000_pt160_ak6_ca8_th85.root,ok,,1000,1000,1.0,0.0,0.274,0.014104041973845655,0.153,0.5775,0.394,0.394,0.606,0.015451990163082553,928.4600345428044,389.14560103245736,1430.1058882145069,0.9284600345428045,0.3891456010324574,1.4301058882145068,0.5605843269789436,0.09169730165879009,1.1737383235246632
HtZt_4000_1000,HtZt,4000,1000,85,240,1.0,1.0,/eos/uscms/store/user/aji/rootfiles_existingOptimization/HtZt_4000_1000_pt240_ak10_ca10_th85.root,ok,,1000,1000,1.0,0.0,0.19,0.012405643876881199,0.1035,0.552,0.367,0.367,0.633,0.015241751867813621,1070.090558054797,392.7870324220261,1537.9141985230117,1.070090558054797,0.39278703242202606,1.5379141985230118,0.5350608682047386,0.10020824165849236,1.1750699240102183
HtZt_4000_1000,HtZt,4000,1000,85,280,0.8,1.2,/eos/uscms/store/user/aji/rootfiles_existingOptimization/HtZt_4000_1000_pt280_ak8_ca12_th85.root,ok,,1000,1000,1.0,0.0,0.453,0.015741378592740853,0.2655,0.5595,0.337,0.337,0.663,0.014947608504372864,957.2253802243597,209.9991380203351,1183.3308099226845,0.9572253802243598,0.2099991380203351,1.1833308099226845,0.5084130091046136,0.20130857925170526,1.1756904710821776
HtZt_4000_1000,HtZt,4000,1000,85,240,1.4,1.4,/eos/uscms/store/user/aji/rootfiles_existingOptimization/HtZt_4000_1000_pt240_ak14_ca14_th85.root,ok,,1000,1000,1.0,0.0,0.017,0.004087909000944126,0.009,0.4905,0.305,0.305,0.6950000000000001,0.014559361249725207,1160.1172033452463,729.642179308986,1810.0903482078736,1.1601172033452465,0.729642179308986,1.8100903482078736,0.46566336822838683,0.1291003372152168,1.1766750885629116
HtZt_4000_1000,HtZt,4000,1000,85,180,0.6,1.6,/eos/uscms/store/user/aji/rootfiles_existingOptimization/HtZt_4000_1000_pt180_ak6_ca16_th85.root,ok,,1000,1000,1.0,0.0,0.407,0.015535475531827147,0.2265,0.589,0.361,0.361,0.639,0.01518812035770062,881.9795535006883,176.2216172127138,1107.3339719174667,0.8819795535006884,0.1762216172127138,1.1073339719174666,0.5278537076109362,0.2298964433007339,1.1786557522608674
HtZt_4000_1000,HtZt,4000,1000,85,300,0.8,1.6,/eos/uscms/store/user/aji/rootfiles_existingOptimization/HtZt_4000_1000_pt300_ak8_ca16_th85.root,ok,,1000,999,0.999,0.0009994998749374613,0.5075075075075075,0.015817516592758388,0.2992992992992993,0.5575575575575575,0.31431431431431434,0.314,0.6856856856856857,0.014687973403234732,940.6717131544794,201.7846079388135,1116.550894893174,0.9406717131544795,0.2017846079388135,1.116550894893174,0.48623035760624345,0.30903455687223685,1.1788488719764811
HtZt_4000_1000,HtZt,4000,1000,85,340,0.6,0.4,/eos/uscms/store/user/aji/rootfiles_existingOptimization/HtZt_4000_1000_pt340_ak6_ca4_th85.root,ok,,1000,997,0.997,0.0017294507798720387,0.3059177532597793,0.014593525772880221,0.27382146439317956,0.5175526579739218,0.38716148445336007,0.386,0.6128385155466399,0.015426646221722375,796.4274206085928,156.70968318549856,1022.025752373129,0.7964274206085928,0.15670968318549855,1.0220257523731289,0.5432485414216376,0.07171242973448255,1.179444314907418
HtZt_4000_1000,HtZt,4000,1000,85,220,1.4,1.6,/eos/uscms/store/user/aji/rootfiles_existingOptimization/HtZt_4000_1000_pt220_ak14_ca16_th85.root,ok,,1000,1000,1.0,0.0,0.02,0.004427188724235731,0.01,0.481,0.292,0.292,0.708,0.014378317008607092,1179.2501016528336,779.9821608341663,1852.3416561701024,1.1792501016528336,0.7799821608341663,1.8523416561701023,0.454678568114143,0.13741033758882587,1.1806035782794262
HtZt_4000_1000,HtZt,4000,1000,85,300,1.0,1.6,/eos/uscms/store/user/aji/rootfiles_existingOptimization/HtZt_4000_1000_pt300_ak10_ca16_th85.root,ok,,1000,1000,1.0,0.0,0.302,0.014518815378673288,0.1685,0.5365,0.297,0.297,0.7030000000000001,0.014449602070645405,1017.0489776943227,293.9457274880551,1263.3860056845494,1.0170489776943228,0.29394572748805514,1.2633860056845494,0.4765946869118542,0.28824278461885233,1.1812995846812866
HtZt_4000_1000,HtZt,4000,1000,85,200,1.4,1.6,/eos/uscms/store/user/aji/rootfiles_existingOptimization/HtZt_4000_1000_pt200_ak14_ca16_th85.root,ok,,1000,1000,1.0,0.0,0.019,0.004317290817167636,0.0095,0.469,0.29,0.29,0.71,0.014349216006458332,1209.3832849196206,860.3989045302596,1951.0342885217817,1.2093832849196207,0.8603989045302597,1.9510342885217815,0.4509055969233149,0.13092699947211361,1.181843925415277
HtZt_4000_1000,HtZt,4000,1000,85,300,0.8,1.4,/eos/uscms/store/user/aji/rootfiles_existingOptimization/HtZt_4000_1000_pt300_ak8_ca14_th85.root,ok,,1000,999,0.999,0.0009994998749374613,0.4944944944944945,0.015818340915483117,0.2927927927927928,0.551051051051051,0.3173173173173173,0.317,0.6826826826826826,0.014725619896262008,943.934145238979,205.2333626732434,1135.2173433853175,0.9439341452389789,0.2052333626732434,1.1352173433853177,0.4926106261770132,0.267200629582591,1.181899894335798
HtZt_4000_1000,HtZt,4000,1000,85,260,1.2,1.6,/eos/uscms/store/user/aji/rootfiles_existingOptimization/HtZt_4000_1000_pt260_ak12_ca16_th85.root,ok,,1000,1000,1.0,0.0,0.077,0.00843036179532053,0.042,0.4985,0.29,0.29,0.71,0.014349216006458332,1086.1974387792054,490.850062225532,1498.3992620447907,1.0861974387792055,0.490850062225532,1.4983992620447906,0.46379652715424324,0.1882676246986772,1.1824162710321637
HtZt_4000_1000,HtZt,4000,1000,85,260,1.2,1.2,/eos/uscms/store/user/aji/rootfiles_existingOptimization/HtZt_4000_1000_pt260_ak12_ca12_th85.root,ok,,1000,1000,1.0,0.0,0.06,0.007509993342207435,0.0335,0.493,0.306,0.306,0.694,0.014572714228996602,1099.6279695065787,517.7933849641624,1572.5319169912163,1.099627969506579,0.5177933849641624,1.5725319169912164,0.4795888069763869,0.13951574255221266,1.1835516039270448
HtZt_4000_1000,HtZt,4000,1000,85,380,1.0,0.8,/eos/uscms/store/user/aji/rootfiles_existingOptimization/HtZt_4000_1000_pt380_ak10_ca8_th85.root,ok,,1000,998,0.998,0.0014127986409959495,0.16933867735470942,0.011872025086976469,0.12775551102204408,0.48547094188376755,0.30360721442885774,0.303,0.6963927855711423,0.014555190858847654,965.4326132676006,328.85451166445563,1260.7899287612092,0.9654326132676005,0.3288545116644557,1.260789928761209,0.4826517171108024,0.10454044955507272,1.1845012413551845
HtZt_4000_1000,HtZt,4000,1000,85,220,1.4,1.4,/eos/uscms/store/user/aji/rootfiles_existingOptimization/HtZt_4000_1000_pt220_ak14_ca14_th85.root,ok,,1000,1000,1.0,0.0,0.017,0.004087909000944126,0.0085,0.474,0.298,0.298,0.702,0.01446360950800318,1190.7320463797555,793.7980504741188,1904.1578440628216,1.1907320463797557,0.7937980504741188,1.9041578440628215,0.46625090714766054,0.11593835150325521,1.1873241117856361
HtZt_4000_1000,HtZt,4000,1000,85,160,0.6,1.2,/eos/uscms/store/user/aji/rootfiles_existingOptimization/HtZt_4000_1000_pt160_ak6_ca12_th85.root,ok,,1000,1000,1.0,0.0,0.306,0.0145727142289966,0.169,0.591,0.389,0.389,0.611,0.015416841440450765,911.0397921916417,236.3314872973048,1273.4941885369096,0.9110397921916418,0.23633148729730477,1.2734941885369095,0.5692192098133033,0.1355658496104329,1.189115230594139
HtZt_4000_1000,HtZt,4000,1000,85,300,1.0,1.4,/eos/uscms/store/user/aji/rootfiles_existingOptimization/HtZt_4000_1000_pt300_ak10_ca14_th85.root,ok,,1000,1000,1.0,0.0,0.291,0.014363808687113596,0.163,0.5255,0.296,0.296,0.704,0.014435511767859151,1024.1659954476163,297.20876238218466,1288.4558432035055,1.0241659954476163,0.29720876238218463,1.2884558432035056,0.48392891641949703,0.24154394881057772,1.1903455159642586
HtZt_4000_1000,HtZt,4000,1000,85,280,1.0,1.2,/eos/uscms/store/user/aji/rootfiles_existingOptimization/HtZt_4000_1000_pt280_ak10_ca12_th85.root,ok,,1000,1000,1.0,0.0,0.259,0.013853483316480371,0.143,0.5365,0.322,0.322,0.6779999999999999,0.014775520295407536,1043.6532016835395,312.74208004289056,1375.1051218406897,1.0436532016835396,0.3127420800428906,1.3751051218406896,0.5089636289545598,0.17349790573816976,1.1913289491229138
HtZt_4000_1000,HtZt,4000,1000,85,200,0.6,1.6,/eos/uscms/store/user/aji/rootfiles_existingOptimization/HtZt_4000_1000_pt200_ak6_ca16_th85.root,ok,,1000,1000,1.0,0.0,0.463,0.015768037290671277,0.2645,0.572,0.34,0.34,0.6599999999999999,0.014979986648859205,870.0577934319833,162.30047242870648,1064.2756992441052,0.8700577934319834,0.1623004724287065,1.0642756992441054,0.518342134065322,0.2680061663373453,1.1913363547221236
HtZt_4000_1000,HtZt,4000,1000,85,200,0.8,0.8,/eos/uscms/store/user/aji/rootfiles_existingOptimization/HtZt_4000_1000_pt200_ak8_ca8_th85.root,ok,,1000,1000,1.0,0.0,0.276,0.014135911714495106,0.1555,0.5825,0.407,0.407,0.593,0.015535475531827148,996.2962363144395,313.4902843655619,1507.2313857922516,0.9962962363144395,0.3134902843655618,1.5072313857922515,0.5990894364123317,0.08371524648149403,1.1924598127808879
HtZt_4000_1000,HtZt,4000,1000,85,200,1.4,1.4,/eos/uscms/store/user/aji/rootfiles_existingOptimization/HtZt_4000_1000_pt200_ak14_ca14_th85.root,ok,,1000,1000,1.0,0.0,0.017,0.004087909000944126,0.0085,0.4585,0.294,0.294,0.706,0.014407081592050489,1232.8584714216568,868.9432077982042,2011.196885838162,1.2328584714216566,0.8689432077982041,2.011196885838162,0.46325417901487953,0.10516604829277262,1.1925400261570451
HtZt_4000_1000,HtZt,4000,1000,85,180,0.6,1.4,/eos/uscms/store/user/aji/rootfiles_existingOptimization/HtZt_4000_1000_pt180_ak6_ca14_th85.root,ok,,1000,1000,1.0,0.0,0.388,0.015409607392792329,0.217,0.585,0.365,0.365,0.635,0.015224158433227107,887.287715143889,181.76778444409894,1152.4229543784265,0.887287715143889,0.1817677844440989,1.1524229543784266,0.5469788172244214,0.19662712125817416,1.1932500457100326
HtZt_4000_1000,HtZt,4000,1000,85,300,0.8,1.2,/eos/uscms/store/user/aji/rootfiles_existingOptimization/HtZt_4000_1000_pt300_ak8_ca12_th85.root,ok,,1000,999,0.999,0.0009994998749374613,0.4844844844844845,0.015811681696022855,0.2877877877877878,0.544044044044044,0.31431431431431434,0.314,0.6856856856856857,0.014687973403234732,947.9532593816302,205.93140258182058,1157.3082594303862,0.9479532593816302,0.20593140258182058,1.1573082594303863,0.5018057838997086,0.23764854518820383,1.193696143647231
HtZt_4000_1000,HtZt,4000,1000,85,200,0.8,1.0,/eos/uscms/store/user/aji/rootfiles_existingOptimization/HtZt_4000_1000_pt200_ak8_ca10_th85.root,ok,,1000,1000,1.0,0.0,0.294,0.014407081592050487,0.1645,0.584,0.405,0.405,0.595,0.015523369479594306,993.5380997207469,289.8995218430327,1481.1015345336355,0.9935380997207469,0.2898995218430327,1.4811015345336356,0.5994747524153393,0.09670894487189989,1.1951209424432645
HtZt_4000_1000,HtZt,4000,1000,85,240,1.6,1.6,/eos/uscms/store/user/aji/rootfiles_existingOptimization/HtZt_4000_1000_pt240_ak16_ca16_th85.root,ok,,1000,1000,1.0,0.0,0.003,0.001729450779872038,0.0015,0.4635,0.285,0.285,0.7150000000000001,0.01427497810856465,1258.4360887807106,902.0111911201932,2046.5113111658227,1.2584360887807104,0.9020111911201932,2.0465113111658226,0.45473112629602314,0.12400908900929283,1.1955747351740942
HtZt_4000_1000,HtZt,4000,1000,85,280,1.2,1.6,/eos/uscms/store/user/aji/rootfiles_existingOptimization/HtZt_4000_1000_pt280_ak12_ca16_th85.root,ok,,1000,1000,1.0,0.0,0.082,0.008676174272108648,0.045,0.488,0.281,0.281,0.719,0.014214042352547005,1062.974703901953,463.25773724297574,1463.225541364312,1.0629747039019533,0.4632577372429757,1.4632255413643118,0.47036293547281405,0.204199713357968,1.1956604058630094
HtZt_4000_1000,HtZt,4000,1000,85,260,1.2,1.4,/eos/uscms/store/user/aji/rootfiles_existingOptimization/HtZt_4000_1000_pt260_ak12_ca14_th85.root,ok,,1000,1000,1.0,0.0,0.07,0.008068457101577725,0.0385,0.489,0.289,0.289,0.7110000000000001,0.014334538709006299,1092.7853724362444,501.54779933883145,1543.1748739081452,1.0927853724362446,0.5015477993388314,1.5431748739081452,0.47659270559557415,0.1686670851825357,1.1968712428391988
HtZt_4000_1000,HtZt,4000,1000,85,220,0.6,1.6,/eos/uscms/store/user/aji/rootfiles_existingOptimization/HtZt_4000_1000_pt220_ak6_ca16_th85.root,ok,,1000,1000,1.0,0.0,0.503,0.01581110369329099,0.295,0.557,0.325,0.325,0.675,0.014811313243598623,857.9542121118513,154.28553412147355,1033.0859627308732,0.8579542121118513,0.15428553412147353,1.0330859627308733,0.5121487931426059,0.28964095886254404,1.2013533719314209
HtZt_4000_1000,HtZt,4000,1000,85,260,1.0,1.0,/eos/uscms/store/user/aji/rootfiles_existingOptimization/HtZt_4000_1000_pt260_ak10_ca10_th85.root,ok,,1000,1000,1.0,0.0,0.217,0.013034991369387246,0.1195,0.538,0.345,0.345,0.655,0.015032464867745409,1059.5089108961072,348.67190554747845,1496.121046873249,1.059508910896107,0.34867190554747846,1.496121046873249,0.5415004675870474,0.11577703302089606,1.202451358676658
HtZt_4000_1000,HtZt,4000,1000,85,400,1.2,1.0,/eos/uscms/store/user/aji/rootfiles_existingOptimization/HtZt_4000_1000_pt400_ak12_ca10_th85.root,ok,,1000,998,0.998,0.0014127986409959495,0.08216432865731463,0.00869278325480611,0.05711422845691383,0.4654308617234469,0.2865731462925852,0.286,0.7134268537074149,0.014312885645723887,971.7779380287297,438.5561407777489,1385.282985152776,0.9717779380287299,0.4385561407777489,1.3852829851527761,0.48711069027533216,0.12509758112002295,1.205359750179874
HtZt_4000_1000,HtZt,4000,1000,85,280,1.2,1.2,/eos/uscms/store/user/aji/rootfiles_existingOptimization/HtZt_4000_1000_pt280_ak12_ca12_th85.root,ok,,1000,1000,1.0,0.0,0.066,0.007851369307324678,0.037,0.482,0.293,0.293,0.7070000000000001,0.014392741226048635,1075.170421629256,491.9794906571025,1547.7630612513692,1.075170421629256,0.4919794906571025,1.547763061251369,0.4909842892601103,0.16084613330769743,1.205501331423036
HtZt_4000_1000,HtZt,4000,1000,85,320,0.8,1.6,/eos/uscms/store/user/aji/rootfiles_existingOptimization/HtZt_4000_1000_pt320_ak8_ca16_th85.root,ok,,1000,998,0.998,0.0014127986409959495,0.5390781563126252,0.015778809821338297,0.3246492985971944,0.5355711422845691,0.2905811623246493,0.29,0.7094188376753507,0.014372086284009539,931.232604370339,196.24621529261228,1111.2546590569482,0.931232604370339,0.19624621529261227,1.111254659056948,0.49128887856274467,0.3320296276224449,1.2095844558010616
HtZt_4000_1000,HtZt,4000,1000,85,320,0.8,1.4,/eos/uscms/store/user/aji/rootfiles_existingOptimization/HtZt_4000_1000_pt320_ak8_ca14_th85.root,ok,,1000,998,0.998,0.0014127986409959495,0.5280561122244489,0.015802287148545913,0.3191382765531062,0.5280561122244489,0.2925851703406814,0.292,0.7074148296593186,0.014401176208552392,935.7748523710886,198.9044678189676,1125.6124889721266,0.9357748523710887,0.19890446781896756,1.1256124889721266,0.4951554419340529,0.3070151134903917,1.2109927863562626
HtZt_4000_1000,HtZt,4000,1000,85,220,0.6,1.4,/eos/uscms/store/user/aji/rootfiles_existingOptimization/HtZt_4000_1000_pt220_ak6_ca14_th85.root,ok,,1000,1000,1.0,0.0,0.489,0.015807561481771943,0.288,0.554,0.326,0.326,0.6739999999999999,0.014823090096197892,862.4830663652401,156.70895643664647,1059.8116595795357,0.8624830663652402,0.15670895643664645,1.059811659579536,0.5235480778473904,0.25454327202047256,1.2112997712108664
HtZt_4000_1000,HtZt,4000,1000,85,220,1.6,1.4,/eos/uscms/store/user/aji/rootfiles_existingOptimization/HtZt_4000_1000_pt220_ak16_ca14_th85.root,ok,,1000,1000,1.0,0.0,0.001,0.0009994998749374609,0.0005,0.4315,0.301,0.301,0.6990000000000001,0.014505137021069465,1306.8648107058652,993.7318335172175,2252.6346150409945,1.3068648107058654,0.9937318335172174,2.2526346150409946,0.4816499653257238,0.07336251071827532,1.2113364463963103
HtZt_4000_1000,HtZt,4000,1000,85,320,1.0,1.6,/eos/uscms/store/user/aji/rootfiles_existingOptimization/HtZt_4000_1000_pt320_ak10_ca16_th85.root,ok,,1000,1000,1.0,0.0,0.321,0.0147634345597493,0.184,0.5115,0.268,0.268,0.732,0.014006284303840188,1001.8270829466976,283.93986127095013,1246.4266286014529,1.0018270829466975,0.2839398612709501,1.246426628601453,0.4803657156579946,0.3170321659575117,1.2125484239526643
HtZt_4000_1000,HtZt,4000,1000,85,280,1.2,1.4,/eos/uscms/store/user/aji/rootfiles_existingOptimization/HtZt_4000_1000_pt280_ak12_ca14_th85.root,ok,,1000,1000,1.0,0.0,0.075,0.008329165624478841,0.0415,0.479,0.279,0.279,0.721,0.014183053267896867,1070.4505155132952,474.37104993296896,1515.0733726152944,1.0704505155132953,0.47437104993296897,1.5150733726152945,0.48610482577202313,0.18256920065537052,1.2141498773233526
HtZt_4000_1000,HtZt,4000,1000,85,200,0.6,1.4,/eos/uscms/store/user/aji/rootfiles_existingOptimization/HtZt_4000_1000_pt200_ak6_ca14_th85.root,ok,,1000,1000,1.0,0.0,0.448,0.01572564784039119,0.257,0.566,0.339,0.339,0.661,0.014969268519202933,875.423690703645,168.05885782430212,1118.4407746943489,0.875423690703645,0.16805885782430213,1.1184407746943488,0.5428125414941376,0.23686031258931367,1.2162701724237732
HtZt_4000_1000,HtZt,4000,1000,85,160,0.6,1.0,/eos/uscms/store/user/aji/rootfiles_existingOptimization/HtZt_4000_1000_pt160_ak6_ca10_th85.root,ok,,1000,1000,1.0,0.0,0.289,0.0143345387090063,0.1605,0.579,0.389,0.389,0.611,0.015416841440450765,925.1809458276289,295.3103227948406,1403.3121452604685,0.9251809458276289,0.2953103227948406,1.4033121452604684,0.5988027679679757,0.10188722277321138,1.2172846733852127
HtZt_4000_1000,HtZt,4000,1000,85,180,1.4,1.2,/eos/uscms/store/user/aji/rootfiles_existingOptimization/HtZt_4000_1000_pt180_ak14_ca12_th85.root,ok,,1000,1000,1.0,0.0,0.006,0.002442130217658346,0.003,0.4035,0.295,0.295,0.7050000000000001,0.014421338356754548,1332.1210890940993,977.3926674250198,2257.641543435549,1.3321210890940993,0.9773926674250197,2.2576415434355486,0.48053021849581035,0.05033287750690836,1.2187423274052205
HtZt_4000_1000,HtZt,4000,1000,85,320,1.0,1.4,/eos/uscms/store/user/aji/rootfiles_existingOptimization/HtZt_4000_1000_pt320_ak10_ca14_th85.root,ok,,1000,1000,1.0,0.0,0.31,0.014625320509308504,0.1785,0.504,0.269,0.269,0.731,0.014022802858202064,1006.8448966774715,287.9750302891324,1268.8203755787727,1.0068448966774715,0.28797503028913246,1.2688203755787726,0.48708860149481403,0.2880662729007849,1.2187730911625612
HtZt_4000_1000,HtZt,4000,1000,85,240,0.8,1.0,/eos/uscms/store/user/aji/rootfiles_existingOptimization/HtZt_4000_1000_pt240_ak8_ca10_th85.root,ok,,1000,1000,1.0,0.0,0.385,0.015387494922826133,0.218,0.562,0.363,0.363,0.637,0.015206281596761254,977.4517032053668,225.26038426075667,1361.2705823430886,0.9774517032053669,0.22526038426075665,1.3612705823430886,0.5811080968793664,0.1246000453709133,1.2203629265588298
HtZt_4000_1000,HtZt,4000,1000,85,240,0.6,1.4,/eos/uscms/store/user/aji/rootfiles_existingOptimization/HtZt_4000_1000_pt240_ak6_ca14_th85.root,ok,,1000,1000,1.0,0.0,0.538,0.015765658882520576,0.326,0.5365,0.31,0.31,0.69,0.014625320509308506,853.9902505082017,149.87403177336006,1033.2552995938206,0.8539902505082018,0.1498740317733601,1.0332552995938207,0.5172080520209502,0.29633771087578414,1.22180902697013
HtZt_4000_1000,HtZt,4000,1000,85,240,0.6,1.6,/eos/uscms/store/user/aji/rootfiles_existingOptimization/HtZt_4000_1000_pt240_ak6_ca16_th85.root,ok,,1000,1000,1.0,0.0,0.552,0.015725647840391186,0.333,0.5405,0.309,0.309,0.6910000000000001,0.014612289348353322,849.329679235228,147.83000946850282,1024.680580784494,0.8493296792352281,0.14783000946850283,1.0246805807844939,0.5162015367845993,0.3316965259593442,1.2222685688610766
HtZt_4000_1000,HtZt,4000,1000,85,320,0.8,1.2,/eos/uscms/store/user/aji/rootfiles_existingOptimization/HtZt_4000_1000_pt320_ak8_ca12_th85.root,ok,,1000,998,0.998,0.0014127986409959495,0.5180360721442886,0.01581692290560999,0.31412825651302606,0.5205410821643287,0.28857715430861725,0.288,0.7114228456913827,0.014342656794597472,939.264176430022,200.22304678105112,1144.7326460651227,0.939264176430022,0.2002230467810511,1.1447326460651226,0.502792304330176,0.27267289159131347,1.2222887323785565
HtZt_4000_1000,HtZt,4000,1000,85,180,0.6,1.2,/eos/uscms/store/user/aji/rootfiles_existingOptimization/HtZt_4000_1000_pt180_ak6_ca12_th85.root,ok,,1000,1000,1.0,0.0,0.37,0.015267612779999367,0.208,0.5715,0.363,0.363,0.637,0.015206281596761254,895.5310151426484,185.18225058195438,1216.3634528266623,0.8955310151426484,0.18518225058195437,1.2163634528266623,0.5757372915110326,0.15879380493673406,1.2231841899967677
HtZt_4000_1000,HtZt,4000,1000,85,300,1.2,1.2,/eos/uscms/store/user/aji/rootfiles_existingOptimization/HtZt_4000_1000_pt300_ak12_ca12_th85.root,ok,,1000,1000,1.0,0.0,0.074,0.00827792244467173,0.042,0.474,0.275,0.275,0.725,0.014120021246442939,1052.6579005026892,457.55692013641453,1496.2299984276633,1.0526579005026893,0.4575569201364145,1.4962299984276632,0.49335737555156234,0.1879141794931864,1.2236231656018313
HtZt_4000_1000,HtZt,4000,1000,85,260,0.8,1.0,/eos/uscms/store/user/aji/rootfiles_existingOptimization/HtZt_4000_1000_pt260_ak8_ca10_th85.root,ok,,1000,1000,1.0,0.0,0.41,0.01555313473226539,0.2365,0.5515,0.346,0.346,0.654,0.015042739112276061,972.430065116303,218.89454103498431,1321.4518622949824,0.9724300651163029,0.21889454103498432,1.3214518622949825,0.5669082851362334,0.13972764033431626,1.223665278624603
HtZt_4000_1000,HtZt,4000,1000,85,300,1.2,1.6,/eos/uscms/store/user/aji/rootfiles_existingOptimization/HtZt_4000_1000_pt300_ak12_ca16_th85.root,ok,,1000,1000,1.0,0.0,0.09,0.009049861877399014,0.05,0.477,0.261,0.261,0.739,0.013888088421377507,1041.5856923579545,431.9226328270715,1433.7345197178001,1.0415856923579545,0.4319226328270715,1.4337345197178002,0.48090708918188696,0.2364932180675819,1.2240656584176826
HtZt_4000_1000,HtZt,4000,1000,85,140,1.2,1.2,/eos/uscms/store/user/aji/rootfiles_existingOptimization/HtZt_4000_1000_pt140_ak12_ca12_th85.root,ok,,1000,1000,1.0,0.0,0.018,0.004204283529925164,0.009,0.4265,0.313,0.313,0.687,0.014663935351739654,1330.5687355892755,995.6765435784179,2337.514443203642,1.3305687355892757,0.9956765435784178,2.3375144432036414,0.5042347169802381,0.06106494426617431,1.2242915905391658
HtZt_4000_1000,HtZt,4000,1000,85,300,1.0,1.2,/eos/uscms/store/user/aji/rootfiles_existingOptimization/HtZt_4000_1000_pt300_ak10_ca12_th85.root,ok,,1000,1000,1.0,0.0,0.285,0.014274978108564651,0.16,0.509,0.288,0.288,0.712,0.014319776534569246,1028.7376180278745,299.96330068786165,1351.5723365478398,1.0287376180278744,0.29996330068786164,1.35157233654784,0.5111162542475841,0.2134207241083009,1.2259900160503716
HtZt_4000_1000,HtZt,4000,1000,85,360,0.6,0.4,/eos/uscms/store/user/aji/rootfiles_existingOptimization/HtZt_4000_1000_pt360_ak6_ca4_th85.root,ok,,1000,995,0.995,0.002230470802319547,0.3407035175879397,0.015025092268586634,0.3080402010050251,0.4904522613065327,0.3628140703517588,0.361,0.6371859296482412,0.015242759899483899,773.163035992083,148.13292821291336,1016.5455133284528,0.7731630359920831,0.14813292821291332,1.0165455133284527,0.5615973246840732,0.07766071819306736,1.2264669507331059
HtZt_4000_1000,HtZt,4000,1000,85,280,1.0,1.0,/eos/uscms/store/user/aji/rootfiles_existingOptimization/HtZt_4000_1000_pt280_ak10_ca10_th85.root,ok,,1000,1000,1.0,0.0,0.233,0.013368283360252356,0.13,0.5225,0.317,0.317,0.683,0.014714312760030622,1052.6214987623885,323.0410649114846,1456.101701639713,1.0526214987623885,0.32304106491148465,1.456101701639713,0.5382089564294552,0.1379428736473779,1.2264711063056941
HtZt_4000_1000,HtZt,4000,1000,85,140,1.2,1.4,/eos/uscms/store/user/aji/rootfiles_existingOptimization/HtZt_4000_1000_pt140_ak12_ca14_th85.root,ok,,1000,1000,1.0,0.0,0.024,0.004839834707921336,0.012,0.4385,0.303,0.303,0.6970000000000001,0.01453241205031016,1300.9994604069343,980.3764433825738,2287.6103653476325,1.3009994604069344,0.9803764433825738,2.2876103653476325,0.5023960277263197,0.08562194966080733,1.2294959737670133
HtZt_4000_1000,HtZt,4000,1000,85,300,1.2,1.4,/eos/uscms/store/user/aji/rootfiles_existingOptimization/HtZt_4000_1000_pt300_ak12_ca14_th85.root,ok,,1000,1000,1.0,0.0,0.083,0.008724161850859944,0.0465,0.469,0.26,0.26,0.74,0.013870832707519763,1047.444990090675,437.7688160276739,1453.6816819612968,1.047444990090675,0.43776881602767387,1.4536816819612968,0.4849480762926164,0.21091883961542313,1.2296925753016839
HtZt_4000_1000,HtZt,4000,1000,85,260,0.8,0.8,/eos/uscms/store/user/aji/rootfiles_existingOptimization/HtZt_4000_1000_pt260_ak8_ca8_th85.root,ok,,1000,1000,1.0,0.0,0.388,0.015409607392792329,0.2255,0.55,0.348,0.348,0.652,0.015063067416698366,974.0462192268344,225.26038426075667,1345.631603981541,0.9740462192268344,0.22526038426075665,1.345631603981541,0.5751119390464335,0.12209815819926421,1.2297073171237503
HtZt_4000_1000,HtZt,4000,1000,85,220,0.8,1.0,/eos/uscms/store/user/aji/rootfiles_existingOptimization/HtZt_4000_1000_pt220_ak8_ca10_th85.root,ok,,1000,1000,1.0,0.0,0.344,0.015022117027902558,0.1955,0.571,0.381,0.381,0.619,0.015357050498061143,985.1457448812737,237.52893187095114,1438.4483790503443,0.9851457448812736,0.23752893187095114,1.4384483790503444,0.6095135940135051,0.10744804440740122,1.2299990195253776
HtZt_4000_1000,HtZt,4000,1000,85,220,0.8,0.8,/eos/uscms/store/user/aji/rootfiles_existingOptimization/HtZt_4000_1000_pt220_ak8_ca8_th85.root,ok,,1000,1000,1.0,0.0,0.326,0.01482309009619789,0.1865,0.57,0.384,0.384,0.616,0.015379986996093333,988.5773510935983,247.33933089823086,1460.556358499603,0.9885773510935983,0.24733933089823085,1.4605563584996029,0.6136176528115224,0.0966289805103481,1.2307599177021626
HtZt_4000_1000,HtZt,4000,1000,85,140,0.4,0.8,/eos/uscms/store/user/aji/rootfiles_existingOptimization/HtZt_4000_1000_pt140_ak4_ca8_th85.root,ok,,1000,1000,1.0,0.0,0.289,0.0143345387090063,0.161,0.561,0.363,0.363,0.637,0.015206281596761254,855.7766322305829,287.99802361828506,1284.6670919304888,0.855776632230583,0.287998023618285,1.2846670919304888,0.5823184641735217,0.10187038124729486,1.2337408009504633
HtZt_4000_1000,HtZt,4000,1000,85,220,0.6,1.2,/eos/uscms/store/user/aji/rootfiles_existingOptimization/HtZt_4000_1000_pt220_ak6_ca12_th85.root,ok,,1000,1000,1.0,0.0,0.48,0.0157987341265052,0.2835,0.5455,0.324,0.324,0.6759999999999999,0.014799459449588017,869.565428552279,157.23578275953997,1105.2644090339666,0.869565428552279,0.15723578275953998,1.1052644090339665,0.5451163277344059,0.22158267062777234,1.2341597848791779
HtZt_4000_1000,HtZt,4000,1000,85,140,1.2,1.6,/eos/uscms/store/user/aji/rootfiles_existingOptimization/HtZt_4000_1000_pt140_ak12_ca16_th85.root,ok,,1000,1000,1.0,0.0,0.026,0.0050322956987840055,0.013,0.455,0.301,0.301,0.6990000000000001,0.014505137021069465,1264.5753917743987,969.9300708612903,2257.8996342564965,1.2645753917743985,0.9699300708612905,2.2578996342564963,0.5092498129304817,0.10809010843636482,1.2347073521079217
HtZt_4000_1000,HtZt,4000,1000,85,240,0.8,0.8,/eos/uscms/store/user/aji/rootfiles_existingOptimization/HtZt_4000_1000_pt240_ak8_ca8_th85.root,ok,,1000,1000,1.0,0.0,0.365,0.015224158433227107,0.208,0.5615,0.365,0.365,0.635,0.015224158433227107,978.8887163846257,232.70689055707246,1402.899595911736,0.9788887163846257,0.23270689055707244,1.402899595911736,0.5977148810523579,0.10967853010355944,1.2348260094138954
HtZt_4000_1000,HtZt,4000,1000,85,400,0.8,0.6,/eos/uscms/store/user/aji/rootfiles_existingOptimization/HtZt_4000_1000_pt400_ak8_ca6_th85.root,ok,,1000,996,0.996,0.0019959959919799443,0.29518072289156627,0.01445284062505748,0.2520080321285141,0.46736947791164657,0.2991967871485944,0.298,0.7008032128514057,0.014509312537463388,842.2740480105298,219.12725458733772,1087.8563588021195,0.8422740480105297,0.2191272545873377,1.0878563588021195,0.5157045419283305,0.08956788659665041,1.2362803499786832
HtZt_4000_1000,HtZt,4000,1000,85,240,0.6,1.2,/eos/uscms/store/user/aji/rootfiles_existingOptimization/HtZt_4000_1000_pt240_ak6_ca12_th85.root,ok,,1000,1000,1.0,0.0,0.532,0.01577897335063343,0.323,0.527,0.305,0.305,0.6950000000000001,0.014559361249725207,858.0811671466529,149.9831888220764,1060.6239424520074,0.8580811671466528,0.1499831888220764,1.0606239424520074,0.5306262323983014,0.2570898085762956,1.239818115683636
HtZt_4000_1000,HtZt,4000,1000,85,280,0.8,1.0,/eos/uscms/store/user/aji/rootfiles_existingOptimization/HtZt_4000_1000_pt280_ak8_ca10_th85.root,ok,,1000,1000,1.0,0.0,0.448,0.01572564784039119,0.263,0.5345,0.318,0.318,0.6819999999999999,0.014726710426975877,966.0724000461748,210.87452347395214,1282.9993566360517,0.9660724000461749,0.21087452347395216,1.2829993566360518,0.5548884499292475,0.1677081501847228,1.2402812099246299
HtZt_4000_1000,HtZt,4000,1000,85,140,0.4,1.6,/eos/uscms/store/user/aji/rootfiles_existingOptimization/HtZt_4000_1000_pt140_ak4_ca16_th85.root,ok,,1000,1000,1.0,0.0,0.36,0.015178932768808221,0.1965,0.5685,0.334,0.334,0.6659999999999999,0.014914556647785413,818.0125706141005,153.01137344750956,1064.5507560981166,0.8180125706141004,0.15301137344750956,1.0645507560981167,0.5571670995020859,0.20735922699614506,1.2413658424406757
HtZt_4000_1000,HtZt,4000,1000,85,200,0.6,1.2,/eos/uscms/store/user/aji/rootfiles_existingOptimization/HtZt_4000_1000_pt200_ak6_ca12_th85.root,ok,,1000,1000,1.0,0.0,0.434,0.015673034167001616,0.25,0.5525,0.336,0.336,0.6639999999999999,0.014936666294725877,882.6934268454711,171.12965540125742,1169.9402834126236,0.8826934268454711,0.17112965540125744,1.1699402834126236,0.565774366067769,0.19280303319445208,1.2415050233832217
HtZt_4000_1000,HtZt,4000,1000,85,320,1.2,1.2,/eos/uscms/store/user/aji/rootfiles_existingOptimization/HtZt_4000_1000_pt320_ak12_ca12_th85.root,ok,,1000,1000,1.0,0.0,0.08,0.008579044235810887,0.047,0.457,0.255,0.255,0.745,0.013783141876945184,1030.1546837886362,434.40782170397375,1452.4009748420763,1.030154683788636,0.43440782170397374,1.4524009748420763,0.4940972308130433,0.20167087789589205,1.242112699191907
HtZt_4000_1000,HtZt,4000,1000,85,140,0.4,1.4,/eos/uscms/store/user/aji/rootfiles_existingOptimization/HtZt_4000_1000_pt140_ak4_ca14_th85.root,ok,,1000,1000,1.0,0.0,0.344,0.015022117027902558,0.1885,0.568,0.34,0.34,0.6599999999999999,0.014979986648859205,823.1580365151806,165.71524984168929,1095.7156405694107,0.8231580365151806,0.16571524984168928,1.0957156405694108,0.5648978382479599,0.18179384808331786,1.2425820345964418
HtZt_4000_1000,HtZt,4000,1000,85,260,0.6,1.4,/eos/uscms/store/user/aji/rootfiles_existingOptimization/HtZt_4000_1000_pt260_ak6_ca14_th85.root,ok,,1000,1000,1.0,0.0,0.572,0.015646597074124458,0.352,0.5255,0.294,0.294,0.706,0.014407081592050489,842.2795413301053,146.35313902229615,1024.0021369912631,0.8422795413301052,0.14635313902229616,1.024002136991263,0.520996269589433,0.303588162110346,1.2427683154564224
HtZt_4000_1000,HtZt,4000,1000,85,320,1.0,1.2,/eos/uscms/store/user/aji/rootfiles_existingOptimization/HtZt_4000_1000_pt320_ak10_ca12_th85.root,ok,,1000,1000,1.0,0.0,0.304,0.014545927265045703,0.1755,0.488,0.26,0.26,0.74,0.013870832707519763,1010.6974134457028,289.49376804519534,1305.9266830906531,1.0106974134457027,0.28949376804519533,1.305926683090653,0.5028373979805693,0.2666297170261963,1.2439071393251395
HtZt_4000_1000,HtZt,4000,1000,85,340,1.0,1.6,/eos/uscms/store/user/aji/rootfiles_existingOptimization/HtZt_4000_1000_pt340_ak10_ca16_th85.root,ok,,1000,999,0.999,0.0009994998749374613,0.34134134134134136,0.015001749315168228,0.1986986986986987,0.48998998998999,0.24324324324324326,0.243,0.7567567567567568,0.013574248711727637,988.816246281441,275.263391099535,1238.2360561769929,0.9888162462814409,0.275263391099535,1.2382360561769927,0.4869320607842099,0.34985506030578073,1.2458071929128227
HtZt_4000_1000,HtZt,4000,1000,85,340,1.0,1.4,/eos/uscms/store/user/aji/rootfiles_existingOptimization/HtZt_4000_1000_pt340_ak10_ca14_th85.root,ok,,1000,999,0.999,0.0009994998749374613,0.33233233233233234,0.014903344016755646,0.1941941941941942,0.484984984984985,0.24524524524524524,0.245,0.7547547547547547,0.013611954313399484,992.5338992718524,278.64847709141407,1249.9768039465594,0.9925338992718524,0.27864847709141405,1.2499768039465593,0.48931745684844413,0.33100997474609356,1.2458188216760138
HtZt_4000_1000,HtZt,4000,1000,85,400,1.0,0.8,/eos/uscms/store/user/aji/rootfiles_existingOptimization/HtZt_4000_1000_pt400_ak10_ca8_th85.root,ok,,1000,998,0.998,0.0014127986409959495,0.1933867735470942,0.012502037083075393,0.15030060120240482,0.4544088176352705,0.2725450901803607,0.272,0.7274549098196392,0.014094736151247612,913.8405123943938,310.80947725219505,1239.193923396028,0.9138405123943938,0.3108094772521951,1.2391939233960279,0.5079575886340012,0.10812962965040285,1.246028447214201
HtZt_4000_1000,HtZt,4000,1000,85,340,0.8,1.6,/eos/uscms/store/user/aji/rootfiles_existingOptimization/HtZt_4000_1000_pt340_ak8_ca16_th85.root,ok,,1000,998,0.998,0.0014127986409959495,0.5811623246492986,0.01561731340575417,0.3587174348697395,0.5125250501002004,0.26152304609218435,0.261,0.7384769539078156,0.013910994716513097,912.058808778936,190.63451759101082,1097.3932621254223,0.9120588087789361,0.19063451759101083,1.0973932621254223,0.4970944503832926,0.37712389764887044,1.2463655234132147
HtZt_4000_1000,HtZt,4000,1000,85,340,0.8,1.4,/eos/uscms/store/user/aji/rootfiles_existingOptimization/HtZt_4000_1000_pt340_ak8_ca14_th85.root,ok,,1000,998,0.998,0.0014127986409959495,0.5721442885771543,0.015661601871202076,0.35420841683366733,0.5055110220440882,0.2635270541082164,0.263,0.7364729458917836,0.013945231616252326,916.1871892694846,191.99451407405692,1108.6389331582873,0.9161871892694846,0.19199451407405693,1.108638933158287,0.5002495286007602,0.34676199169166033,1.2471037555655953
HtZt_4000_1000,HtZt,4000,1000,85,260,0.6,1.6,/eos/uscms/store/user/aji/rootfiles_existingOptimization/HtZt_4000_1000_pt260_ak6_ca16_th85.root,ok,,1000,1000,1.0,0.0,0.582,0.015597307459943206,0.357,0.529,0.291,0.291,0.7090000000000001,0.014363808687113596,834.4169648828752,144.74907305677783,1015.2547763098901,0.8344169648828751,0.14474907305677784,1.0152547763098903,0.5216251226239768,0.33256154492764517,1.2471834261356893
HtZt_4000_1000,HtZt,4000,1000,85,140,0.4,1.2,/eos/uscms/store/user/aji/rootfiles_existingOptimization/HtZt_4000_1000_pt140_ak4_ca12_th85.root,ok,,1000,1000,1.0,0.0,0.327,0.014834790190629594,0.18,0.564,0.345,0.345,0.655,0.015032464867745409,831.0660302202228,179.49438888450837,1137.973637352823,0.8310660302202229,0.1794943888845084,1.137973637352823,0.5766564951609975,0.155000570062872,1.2485498921389753
HtZt_4000_1000,HtZt,4000,1000,85,280,0.8,0.8,/eos/uscms/store/user/aji/rootfiles_existingOptimization/HtZt_4000_1000_pt280_ak8_ca8_th85.root,ok,,1000,1000,1.0,0.0,0.424,0.01562766777225572,0.251,0.5315,0.317,0.317,0.683,0.014714312760030622,967.7587402936861,215.8687836224056,1306.1833308956805,0.9677587402936861,0.21586878362240558,1.3061833308956805,0.5633194007332843,0.14038772685078743,1.2495435267039157
HtZt_4000_1000,HtZt,4000,1000,85,320,1.2,1.6,/eos/uscms/store/user/aji/rootfiles_existingOptimization/HtZt_4000_1000_pt320_ak12_ca16_th85.root,ok,,1000,1000,1.0,0.0,0.097,0.00935900635751467,0.0555,0.4565,0.242,0.242,0.758,0.013543854695026818,1019.1178557731982,416.74122771648194,1416.5029105311494,1.0191178557731981,0.4167412277164819,1.4165029105311493,0.490503466871432,0.26105936658774,1.250415252448752
HtZt_4000_1000,HtZt,4000,1000,85,260,0.6,1.2,/eos/uscms/store/user/aji/rootfiles_existingOptimization/HtZt_4000_1000_pt260_ak6_ca12_th85.root,ok,,1000,1000,1.0,0.0,0.567,0.015668790636165896,0.3495,0.5165,0.288,0.288,0.712,0.014319776534569246,848.4343357285892,146.3890885812953,1034.6821442866697,0.8484343357285892,0.14638908858129532,1.0346821442866696,0.5234895726742109,0.28372979283407096,1.250646139101352
HtZt_4000_1000,HtZt,4000,1000,85,300,1.0,1.0,/eos/uscms/store/user/aji/rootfiles_existingOptimization/HtZt_4000_1000_pt300_ak10_ca10_th85.root,ok,,1000,1000,1.0,0.0,0.255,0.013783141876945184,0.145,0.498,0.285,0.285,0.7150000000000001,0.01427497810856465,1036.2603305655298,309.95607245272294,1418.111792885875,1.0362603305655296,0.30995607245272294,1.418111792885875,0.534689830222675,0.17120149055829473,1.253315863279228
HtZt_4000_1000,HtZt,4000,1000,85,320,1.2,1.4,/eos/uscms/store/user/aji/rootfiles_existingOptimization/HtZt_4000_1000_pt320_ak12_ca14_th85.root,ok,,1000,1000,1.0,0.0,0.09,0.009049861877399014,0.052,0.451,0.243,0.243,0.757,0.013562853682024296,1024.8239871129572,421.0330781554584,1440.0968944147082,1.0248239871129572,0.4210330781554584,1.4400968944147081,0.497189677970978,0.2364932180675819,1.2566720766822739
HtZt_4000_1000,HtZt,4000,1000,85,340,0.8,1.2,/eos/uscms/store/user/aji/rootfiles_existingOptimization/HtZt_4000_1000_pt340_ak8_ca12_th85.root,ok,,1000,998,0.998,0.0014127986409959495,0.5651302605210421,0.015692372359365908,0.35070140280561124,0.49799599198396793,0.25851703406813625,0.258,0.7414829659318638,0.013858936373313408,920.3087963052714,192.73825370274895,1122.7905875413228,0.9203087963052714,0.19273825370274894,1.1227905875413229,0.5052936240381596,0.32474295319882596,1.2567457103394963
HtZt_4000_1000,HtZt,4000,1000,85,300,0.8,1.0,/eos/uscms/store/user/aji/rootfiles_existingOptimization/HtZt_4000_1000_pt300_ak8_ca10_th85.root,ok,,1000,999,0.999,0.0009994998749374613,0.4794794794794795,0.01580597156060144,0.2852852852852853,0.5195195195195195,0.2952952952952953,0.295,0.7047047047047047,0.01443275054034814,955.7140005805032,207.0824455224686,1253.046961589883,0.9557140005805032,0.20708244552246857,1.2530469615898832,0.5472162777944517,0.19857695773600664,1.257349582441106
HtZt_4000_1000,HtZt,4000,1000,85,340,1.2,1.2,/eos/uscms/store/user/aji/rootfiles_existingOptimization/HtZt_4000_1000_pt340_ak12_ca12_th85.root,ok,,1000,1000,1.0,0.0,0.089,0.00900438781928011,0.053,0.4465,0.243,0.243,0.757,0.013562853682024296,1013.3145993681878,421.92599938741427,1438.939971506639,1.0133145993681878,0.4219259993874143,1.438939971506639,0.5018253821435829,0.21454893999233726,1.2601568420804017
HtZt_4000_1000,HtZt,4000,1000,85,340,1.0,1.2,/eos/uscms/store/user/aji/rootfiles_existingOptimization/HtZt_4000_1000_pt340_ak10_ca12_th85.root,ok,,1000,999,0.999,0.0009994998749374613,0.32732732732732733,0.014846028178093315,0.1916916916916917,0.47147147147147145,0.23823823823823823,0.238,0.7617617617617618,0.01347822104440718,996.1295331970487,279.59802289716026,1276.7165423410217,0.9961295331970487,0.2795980228971603,1.2767165423410216,0.5004964144791685,0.3174826355052626,1.2636452229212254
HtZt_4000_1000,HtZt,4000,1000,85,340,1.2,1.6,/eos/uscms/store/user/aji/rootfiles_existingOptimization/HtZt_4000_1000_pt340_ak12_ca16_th85.root,ok,,1000,1000,1.0,0.0,0.107,0.009775019181566858,0.062,0.4445,0.23,0.23,0.77,0.013307892395116514,1004.3985706056244,399.81624431742006,1392.1329707915454,1.0043985706056244,0.3998162443174201,1.3921329707915455,0.49398553299204023,0.270822814760167,1.2644253900526028
HtZt_4000_1000,HtZt,4000,1000,85,320,0.8,1.0,/eos/uscms/store/user/aji/rootfiles_existingOptimization/HtZt_4000_1000_pt320_ak8_ca10_th85.root,ok,,1000,998,0.998,0.0014127986409959495,0.5140280561122245,0.015820993056198492,0.312124248496994,0.4969939879759519,0.27054108216432865,0.27,0.7294589178356714,0.014062151087657493,944.3112563738599,201.20793482615898,1198.2548708736194,0.9443112563738599,0.20120793482615898,1.1982548708736194,0.5279228269903848,0.2445602134531124,1.2649506191886701
HtZt_4000_1000,HtZt,4000,1000,85,300,0.8,0.8,/eos/uscms/store/user/aji/rootfiles_existingOptimization/HtZt_4000_1000_pt300_ak8_ca8_th85.root,ok,,1000,999,0.999,0.0009994998749374613,0.45245245245245247,0.015747609911988352,0.27177177177177175,0.516016016016016,0.2932932932932933,0.293,0.7067067067067068,0.014404159719320221,955.8664231009765,211.53089902600712,1270.821079147534,0.9558664231009765,0.21153089902600714,1.2708210791475338,0.5540994821666754,0.16485931422812375,1.2662195465632844
HtZt_4000_1000,HtZt,4000,1000,85,380,0.6,0.4,/eos/uscms/store/user/aji/rootfiles_existingOptimization/HtZt_4000_1000_pt380_ak6_ca4_th85.root,ok,,1000,995,0.995,0.002230470802319547,0.3758793969849246,0.01535489956366453,0.3422110552763819,0.4678391959798995,0.3417085427135678,0.34,0.6582914572864322,0.015035763548204835,743.6590813772382,143.68262534764804,1004.8230720350559,0.7436590813772381,0.14368262534764803,1.004823072035056,0.5789887249763677,0.08380892424875878,1.2679142741250762
HtZt_4000_1000,HtZt,4000,1000,85,320,1.0,1.0,/eos/uscms/store/user/aji/rootfiles_existingOptimization/HtZt_4000_1000_pt320_ak10_ca10_th85.root,ok,,1000,1000,1.0,0.0,0.277,0.014151713677148785,0.162,0.4805,0.26,0.26,0.74,0.013870832707519763,1018.8539546627763,299.3351935066624,1374.1812667325248,1.0188539546627764,0.2993351935066624,1.3741812667325248,0.5274779904945349,0.20783647424891516,1.2693633859608124
HtZt_4000_1000,HtZt,4000,1000,85,280,0.6,1.4,/eos/uscms/store/user/aji/rootfiles_existingOptimization/HtZt_4000_1000_pt280_ak6_ca14_th85.root,ok,,1000,1000,1.0,0.0,0.608,0.015438134602341048,0.3805,0.5095,0.274,0.274,0.726,0.014104041973845655,829.0411600817908,142.0956264578616,1015.2386123558986,0.8290411600817909,0.14209562645786158,1.0152386123558985,0.5265980918317102,0.32198751385025504,1.269693975823531
HtZt_4000_1000,HtZt,4000,1000,85,340,1.2,1.4,/eos/uscms/store/user/aji/rootfiles_existingOptimization/HtZt_4000_1000_pt340_ak12_ca14_th85.root,ok,,1000,1000,1.0,0.0,0.101,0.009528850927577786,0.059,0.441,0.232,0.232,0.768,0.013348258313353095,1007.4484753212894,405.8446634765406,1419.0399030879712,1.0074484753212893,0.4058446634765406,1.4190399030879715,0.50285213806508,0.2567319571322175,1.271596985597209
HtZt_4000_1000,HtZt,4000,1000,85,360,0.8,1.4,/eos/uscms/store/user/aji/rootfiles_existingOptimization/HtZt_4000_1000_pt360_ak8_ca14_th85.root,ok,,1000,997,0.997,0.0017294507798720387,0.5957873620862588,0.015541860556356037,0.3786359077231695,0.4834503510531595,0.24874623871614845,0.248,0.7512537612838516,0.013690648231098496,895.609600162198,189.05551230811307,1097.7450978003662,0.895609600162198,0.18905551230811304,1.0977450978003664,0.5073022806631855,0.33194295670454443,1.2719950819308172
HtZt_4000_1000,HtZt,4000,1000,85,140,0.4,1.0,/eos/uscms/store/user/aji/rootfiles_existingOptimization/HtZt_4000_1000_pt140_ak4_ca10_th85.root,ok,,1000,1000,1.0,0.0,0.305,0.014559361249725209,0.169,0.5575,0.352,0.352,0.648,0.015102847413650183,848.1445316624136,214.83726686101895,1250.5898607662448,0.8481445316624137,0.21483726686101895,1.2505898607662447,0.6105991109057138,0.11975321550489723,1.2737846577394725
HtZt_4000_1000,HtZt,4000,1000,85,360,0.8,1.6,/eos/uscms/store/user/aji/rootfiles_existingOptimization/HtZt_4000_1000_pt360_ak8_ca16_th85.root,ok,,1000,997,0.997,0.0017294507798720387,0.6028084252758275,0.015496802261541074,0.38214643931795383,0.4889669007021063,0.24674022066198595,0.246,0.753259779338014,0.013653524833933285,892.436161979485,187.84421226518472,1093.3380641275187,0.8924361619794849,0.18784421226518472,1.0933380641275188,0.5073157557028428,0.3461281916288468,1.2743319188429085
HtZt_4000_1000,HtZt,4000,1000,85,220,1.6,1.6,/eos/uscms/store/user/aji/rootfiles_existingOptimization/HtZt_4000_1000_pt220_ak16_ca16_th85.root,ok,,1000,1000,1.0,0.0,0.003,0.001729450779872038,0.0015,0.4375,0.269,0.269,0.731,0.014022802858202064,1281.4265246934401,937.7876485161866,2261.274739809634,1.2814265246934402,0.9377876485161865,2.261274739809634,0.5164116185319597,0.11739113110427686,1.2755542710013037
HtZt_4000_1000,HtZt,4000,1000,85,360,1.2,1.2,/eos/uscms/store/user/aji/rootfiles_existingOptimization/HtZt_4000_1000_pt360_ak12_ca12_th85.root,ok,,1000,999,0.999,0.0009994998749374613,0.0970970970970971,0.009367871040970529,0.05905905905905906,0.43493493493493496,0.22922922922922923,0.229,0.7707707707707707,0.01329887400293531,991.6057705933791,413.57152731563053,1412.4179418346728,0.9916057705933792,0.41357152731563057,1.4124179418346727,0.5036509690344633,0.22334462602349794,1.2762611627458962
HtZt_4000_1000,HtZt,4000,1000,85,280,0.6,1.6,/eos/uscms/store/user/aji/rootfiles_existingOptimization/HtZt_4000_1000_pt280_ak6_ca16_th85.root,ok,,1000,1000,1.0,0.0,0.618,0.01536476488593301,0.3855,0.5125,0.271,0.271,0.729,0.014055568291606,819.2623769431659,139.73145936075056,1006.8518813513432,0.819262376943166,0.13973145936075057,1.0068518813513432,0.5292080085661902,0.34478927381420976,1.2762817708718734
HtZt_4000_1000,HtZt,4000,1000,85,340,1.0,1.0,/eos/uscms/store/user/aji/rootfiles_existingOptimization/HtZt_4000_1000_pt340_ak10_ca10_th85.root,ok,,1000,999,0.999,0.0009994998749374613,0.3013013013013013,0.014516527018957939,0.17867867867867868,0.464964964964965,0.23823823823823823,0.238,0.7617617617617618,0.01347822104440718,1004.9544386307562,287.2031916147601,1318.548590192726,1.004954438630756,0.2872031916147601,1.3185485901927259,0.513130426083379,0.2604415440150584,1.2763876317082166
HtZt_4000_1000,HtZt,4000,1000,85,280,0.6,1.2,/eos/uscms/store/user/aji/rootfiles_existingOptimization/HtZt_4000_1000_pt280_ak6_ca12_th85.root,ok,,1000,1000,1.0,0.0,0.602,0.015478888849009803,0.3775,0.5025,0.269,0.269,0.731,0.014022802858202064,831.5425750516704,142.20471717120986,1021.4329094878416,0.8315425750516705,0.1422047171712099,1.0214329094878416,0.5286729860235948,0.3144130308112435,1.2765187285184276
HtZt_4000_1000,HtZt,4000,1000,85,180,1.4,1.4,/eos/uscms/store/user/aji/rootfiles_existingOptimization/HtZt_4000_1000_pt180_ak14_ca14_th85.root,ok,,1000,1000,1.0,0.0,0.017,0.004087909000944126,0.0085,0.419,0.265,0.265,0.735,0.013956181426163821,1291.6182587784617,945.1405130186425,2271.3064683171488,1.2916182587784617,0.9451405130186425,2.2713064683171487,0.5133738030897448,0.09472200851273889,1.277535628967591
HtZt_4000_1000,HtZt,4000,1000,85,220,0.6,1.0,/eos/uscms/store/user/aji/rootfiles_existingOptimization/HtZt_4000_1000_pt220_ak6_ca10_th85.root,ok,,1000,1000,1.0,0.0,0.472,0.015786576576319513,0.2795,0.536,0.316,0.316,0.6839999999999999,0.014701836619960107,881.5946893561239,157.86176874016036,1185.1948789721725,0.881594689356124,0.1578617687401604,1.1851948789721725,0.5826561358838996,0.1834065277309884,1.2784966669482873
HtZt_4000_1000,HtZt,4000,1000,85,180,0.6,1.0,/eos/uscms/store/user/aji/rootfiles_existingOptimization/HtZt_4000_1000_pt180_ak6_ca10_th85.root,ok,,1000,1000,1.0,0.0,0.358,0.01516034300403523,0.202,0.56,0.357,0.357,0.643,0.015150940564862632,909.4262682637916,187.29796109261255,1327.6784184016637,0.9094262682637916,0.18729796109261254,1.3276784184016637,0.6269779624279931,0.12555776457483242,1.279035335601614
HtZt_4000_1000,HtZt,4000,1000,85,180,0.6,0.6,/eos/uscms/store/user/aji/rootfiles_existingOptimization/HtZt_4000_1000_pt180_ak6_ca6_th85.root,ok,,1000,1000,1.0,0.0,0.323,0.014787528529135625,0.1845,0.5615,0.371,0.371,0.629,0.015276092432294327,915.5300096286858,209.94947815484872,1386.0048989661661,0.9155300096286857,0.2099494781548487,1.3860048989661662,0.6422811969256441,0.10193722283489076,1.2797281959627755
HtZt_4000_1000,HtZt,4000,1000,85,360,1.2,1.6,/eos/uscms/store/user/aji/rootfiles_existingOptimization/HtZt_4000_1000_pt360_ak12_ca16_th85.root,ok,,1000,999,0.999,0.0009994998749374613,0.11511511511511512,0.010097801294248518,0.06806806806806807,0.4339339339339339,0.21621621621621623,0.216,0.7837837837837838,0.01302445394102265,981.9208343091359,387.8893740175592,1358.2502193470223,0.9819208343091359,0.3878893740175592,1.358250219347022,0.4941135840203419,0.2752553762752241,1.2807052843732118
HtZt_4000_1000,HtZt,4000,1000,85,260,0.6,1.0,/eos/uscms/store/user/aji/rootfiles_existingOptimization/HtZt_4000_1000_pt260_ak6_ca10_th85.root,ok,,1000,1000,1.0,0.0,0.563,0.01568537535413163,0.3475,0.5055,0.279,0.279,0.721,0.014183053267896867,856.2392002762679,146.3890885812953,1083.3520408961422,0.8562392002762679,0.14638908858129532,1.0833520408961421,0.5471385519446745,0.2338335949075636,1.2825146319170477
HtZt_4000_1000,HtZt,4000,1000,85,360,0.8,1.2,/eos/uscms/store/user/aji/rootfiles_existingOptimization/HtZt_4000_1000_pt360_ak8_ca12_th85.root,ok,,1000,997,0.997,0.0017294507798720387,0.5907723169508525,0.015572021385338846,0.37612838515546637,0.4744232698094283,0.242728184553661,0.242,0.757271815446339,0.01357808181941134,898.5290930985373,189.80823312201403,1111.3983873459317,0.8985290930985372,0.18980823312201403,1.1113983873459319,0.5128326735898198,0.31793214724102664,1.283251579726305
HtZt_4000_1000,HtZt,4000,1000,85,340,0.8,1.0,/eos/uscms/store/user/aji/rootfiles_existingOptimization/HtZt_4000_1000_pt340_ak8_ca10_th85.root,ok,,1000,998,0.998,0.0014127986409959495,0.561122244488978,0.015708519548367137,0.3486973947895792,0.4754509018036072,0.24248496993987975,0.242,0.7575150300601202,0.013566654618150776,925.8116577531537,193.06237086151864,1151.8634575012377,0.9258116577531537,0.19306237086151862,1.1518634575012376,0.5178164903251635,0.28837347593583207,1.2847503546099683
HtZt_4000_1000,HtZt,4000,1000,85,240,0.6,1.0,/eos/uscms/store/user/aji/rootfiles_existingOptimization/HtZt_4000_1000_pt240_ak6_ca10_th85.root,ok,,1000,1000,1.0,0.0,0.525,0.015791611697353755,0.3195,0.519,0.298,0.298,0.702,0.01446360950800318,867.7424390628214,150.7072267801157,1139.7092723809787,0.8677424390628214,0.1507072267801157,1.1397092723809787,0.5698707364532063,0.21673217757074975,1.2850964925469242
HtZt_4000_1000,HtZt,4000,1000,85,360,1.0,1.6,/eos/uscms/store/user/aji/rootfiles_existingOptimization/HtZt_4000_1000_pt360_ak10_ca16_th85.root,ok,,1000,998,0.998,0.0014127986409959495,0.36773547094188375,0.015263421583311341,0.21943887775551102,0.46392785571142287,0.21943887775551102,0.219,0.780561122244489,0.01310071425965543,953.4787811172312,267.4482161503932,1221.024176966241,0.9534787811172312,0.2674482161503932,1.2210241769662409,0.5000509605984638,0.3661203910215757,1.2872642047312297
HtZt_4000_1000,HtZt,4000,1000,85,360,1.2,1.4,/eos/uscms/store/user/aji/rootfiles_existingOptimization/HtZt_4000_1000_pt360_ak12_ca14_th85.root,ok,,1000,999,0.999,0.0009994998749374613,0.1091091091091091,0.009864157999117674,0.06506506506506507,0.4294294294294294,0.2172172172172172,0.217,0.7827827827827828,0.013046229411730002,984.9812163472882,392.5165499175608,1382.5510894217423,0.9849812163472882,0.3925165499175608,1.3825510894217425,0.5025651875756745,0.26432581528078136,1.2878498487237282
HtZt_4000_1000,HtZt,4000,1000,85,320,0.8,0.8,/eos/uscms/store/user/aji/rootfiles_existingOptimization/HtZt_4000_1000_pt320_ak8_ca8_th85.root,ok,,1000,998,0.998,0.0014127986409959495,0.48697394789579157,0.01582185146986431,0.2985971943887776,0.49498997995991983,0.2695390781563126,0.269,0.7304609218436874,0.014045722770981789,946.7164122146501,204.43301379761454,1245.9782384614205,0.9467164122146501,0.20443301379761453,1.2459782384614206,0.5500830086104261,0.19424695199756853,1.2878722892326484
HtZt_4000_1000,HtZt,4000,1000,85,200,0.6,1.0,/eos/uscms/store/user/aji/rootfiles_existingOptimization/HtZt_4000_1000_pt200_ak6_ca10_th85.root,ok,,1000,1000,1.0,0.0,0.423,0.015622771841129857,0.2445,0.5435,0.33,0.33,0.6699999999999999,0.014869431730903505,894.7519530014715,171.44379109913538,1263.983486137215,0.8947519530014714,0.17144379109913538,1.2639834861372152,0.6105265774347426,0.15509406056938596,1.2910513821345955
HtZt_4000_1000,HtZt,4000,1000,85,220,0.6,0.6,/eos/uscms/store/user/aji/rootfiles_existingOptimization/HtZt_4000_1000_pt220_ak6_ca6_th85.root,ok,,1000,1000,1.0,0.0,0.442,0.01570464899321217,0.2645,0.533,0.32,0.32,0.6799999999999999,0.01475127113166862,887.3637224645954,170.19411379214094,1235.2197616603476,0.8873637224645954,0.17019411379214094,1.2352197616603475,0.60010659716298,0.14439585276604935,1.2913702249165204
HtZt_4000_1000,HtZt,4000,1000,85,180,1.4,1.6,/eos/uscms/store/user/aji/rootfiles_existingOptimization/HtZt_4000_1000_pt180_ak14_ca16_th85.root,ok,,1000,1000,1.0,0.0,0.018,0.004204283529925164,0.009,0.4345,0.261,0.261,0.739,0.013888088421377507,1266.20784612275,926.2831484629884,2258.10231904041,1.26620784612275,0.9262831484629884,2.2581023190404097,0.5259085918064635,0.11568903018777929,1.2915293764187386
HtZt_4000_1000,HtZt,4000,1000,85,360,1.0,1.4,/eos/uscms/store/user/aji/rootfiles_existingOptimization/HtZt_4000_1000_pt360_ak10_ca14_th85.root,ok,,1000,998,0.998,0.0014127986409959495,0.36172344689378755,0.015209940151752886,0.21643286573146292,0.4574148296593186,0.21943887775551102,0.219,0.780561122244489,0.01310071425965543,957.9572399783091,269.1538650812698,1237.7068291404344,0.9579572399783091,0.2691538650812698,1.2377068291404345,0.5055303742373175,0.34945336776501135,1.2922957724839756
HtZt_4000_1000,HtZt,4000,1000,85,240,0.6,0.6,/eos/uscms/store/user/aji/rootfiles_existingOptimization/HtZt_4000_1000_pt240_ak6_ca6_th85.root,ok,,1000,1000,1.0,0.0,0.491,0.015808826648426505,0.3025,0.516,0.3,0.3,0.7,0.014491376746189439,874.8971260511021,156.47195567994763,1171.120634200196,0.874897126051102,0.15647195567994762,1.171120634200196,0.5798674200130951,0.17259486328004847,1.2923777074079847
HtZt_4000_1000,HtZt,4000,1000,85,160,0.4,1.4,/eos/uscms/store/user/aji/rootfiles_existingOptimization/HtZt_4000_1000_pt160_ak4_ca14_th85.root,ok,,1000,1000,1.0,0.0,0.414,0.015575750383207868,0.2325,0.5285,0.289,0.289,0.7110000000000001,0.014334538709006299,791.2684164592192,134.4535959528566,1022.522170225129,0.7912684164592192,0.1344535959528566,1.022522170225129,0.5611677123713696,0.2402492428925213,1.2930408707254477
HtZt_4000_1000,HtZt,4000,1000,85,380,1.2,1.2,/eos/uscms/store/user/aji/rootfiles_existingOptimization/HtZt_4000_1000_pt380_ak12_ca12_th85.root,ok,,1000,998,0.998,0.0014127986409959495,0.10420841683366733,0.00967140604485495,0.06513026052104208,0.4218436873747495,0.218436873747495,0.218,0.781563126252505,0.0130791564943663,956.7212168379438,393.2632977099585,1363.2476444144854,0.9567212168379438,0.3932632977099585,1.3632476444144854,0.506931554162883,0.23300997027593662,1.2948225587315936
HtZt_4000_1000,HtZt,4000,1000,85,280,0.6,1.0,/eos/uscms/store/user/aji/rootfiles_existingOptimization/HtZt_4000_1000_pt280_ak6_ca10_th85.root,ok,,1000,1000,1.0,0.0,0.6,0.015491933384829668,0.3765,0.49,0.258,0.258,0.742,0.013836039895866157,838.1912340755229,142.20471717120986,1041.9958840277595,0.8381912340755229,0.1422047171712099,1.0419958840277597,0.5367457510152609,0.2734290807324965,1.2949266276077087
HtZt_4000_1000,HtZt,4000,1000,85,340,0.8,0.8,/eos/uscms/store/user/aji/rootfiles_existingOptimization/HtZt_4000_1000_pt340_ak8_ca8_th85.root,ok,,1000,998,0.998,0.0014127986409959495,0.5350701402805611,0.015788243173504555,0.33567134268537074,0.47344689378757515,0.24248496993987975,0.242,0.7575150300601202,0.013566654618150776,924.1630710086972,196.59644777748545,1173.0444112784542,0.9241630710086972,0.19659644777748544,1.1730444112784542,0.5282876984227491,0.2445602134531124,1.2953864213819997
HtZt_4000_1000,HtZt,4000,1000,85,280,0.6,0.6,/eos/uscms/store/user/aji/rootfiles_existingOptimization/HtZt_4000_1000_pt280_ak6_ca6_th85.root,ok,,1000,1000,1.0,0.0,0.565,0.015677212762477903,0.359,0.489,0.262,0.262,0.738,0.013905250806799567,846.0749996803027,147.1365843951103,1066.076683933525,0.8460749996803025,0.1471365843951103,1.066076683933525,0.5430606624032414,0.2152156719468919,1.2964531624352111
HtZt_4000_1000,HtZt,4000,1000,85,260,0.6,0.6,/eos/uscms/store/user/aji/rootfiles_existingOptimization/HtZt_4000_1000_pt260_ak6_ca6_th85.root,ok,,1000,1000,1.0,0.0,0.525,0.015791611697353755,0.3285,0.5035,0.283,0.283,0.7170000000000001,0.014244683218660917,860.0701155002296,152.8631155485398,1127.2755932632947,0.8600701155002295,0.1528631155485398,1.1272755932632945,0.5664726980706811,0.19328180963871844,1.2974656865206584
HtZt_4000_1000,HtZt,4000,1000,85,160,0.4,1.6,/eos/uscms/store/user/aji/rootfiles_existingOptimization/HtZt_4000_1000_pt160_ak4_ca16_th85.root,ok,,1000,1000,1.0,0.0,0.435,0.0156772127624779,0.243,0.523,0.278,0.278,0.722,0.01416742743055351,787.168746691018,130.5634515961376,1005.2768197155156,0.787168746691018,0.13056345159613764,1.0052768197155155,0.5556072772174753,0.2782463492822771,1.2988904025483734
HtZt_4000_1000,HtZt,4000,1000,85,180,0.6,0.8,/eos/uscms/store/user/aji/rootfiles_existingOptimization/HtZt_4000_1000_pt180_ak6_ca8_th85.root,ok,,1000,1000,1.0,0.0,0.347,0.01505293991218991,0.1965,0.556,0.358,0.358,0.642,0.01516034300403523,914.4422002768215,192.29703966481623,1379.4489396413767,0.9144422002768215,0.1922970396648162,1.3794489396413765,0.6491125954254865,0.11373054539768013,1.2996683753978044
HtZt_4000_1000,HtZt,4000,1000,85,100,1.0,0.8,/eos/uscms/store/user/aji/rootfiles_existingOptimization/HtZt_4000_1000_pt100_ak10_ca8_th85.root,ok,,1000,1000,1.0,0.0,0.003,0.001729450779872038,0.0015,0.3905,0.356,0.356,0.644,0.015141466243399283,1469.7652693928947,1031.2716194715024,2824.0992711757394,1.4697652693928946,1.0312716194715021,2.824099271175739,0.6099027133920464,0.0042171104940236835,1.3008792403313358
HtZt_4000_1000,HtZt,4000,1000,85,360,0.8,1.0,/eos/uscms/store/user/aji/rootfiles_existingOptimization/HtZt_4000_1000_pt360_ak8_ca10_th85.root,ok,,1000,997,0.997,0.0017294507798720387,0.5877632898696088,0.015589313166598517,0.37462387161484456,0.4528585757271815,0.22768304914744233,0.227,0.7723169508525577,0.013280534479702441,908.0158719144536,189.95097566244698,1135.5192237300637,0.9080158719144535,0.18995097566244698,1.1355192237300635,0.520678259772039,0.2737972327702915,1.3051936234331514
HtZt_4000_1000,HtZt,4000,1000,85,360,1.0,1.2,/eos/uscms/store/user/aji/rootfiles_existingOptimization/HtZt_4000_1000_pt360_ak10_ca12_th85.root,ok,,1000,998,0.998,0.0014127986409959495,0.35771543086172347,0.015172855118600293,0.21442885771543085,0.4453907815631262,0.2124248496993988,0.212,0.7875751503006012,0.012947424629580354,960.6245168544394,269.8571991622886,1254.571718656233,0.9606245168544394,0.2698571991622887,1.254571718656233,0.5125387194563739,0.33641800953245526,1.306051418071531
HtZt_4000_1000,HtZt,4000,1000,85,360,0.8,0.8,/eos/uscms/store/user/aji/rootfiles_existingOptimization/HtZt_4000_1000_pt360_ak8_ca8_th85.root,ok,,1000,997,0.997,0.0017294507798720387,0.5616850551654965,0.01571418980580891,0.36108324974924777,0.45336008024072216,0.2296890672016048,0.229,0.7703109327983952,0.013321576212596824,909.5115229046557,193.1355780699086,1147.1203280897785,0.9095115229046558,0.1931355780699086,1.1471203280897786,0.5244489629846484,0.22842695936866259,1.306808743492578
HtZt_4000_1000,HtZt,4000,1000,85,220,0.6,0.8,/eos/uscms/store/user/aji/rootfiles_existingOptimization/HtZt_4000_1000_pt220_ak6_ca8_th85.root,ok,,1000,1000,1.0,0.0,0.466,0.01577479001445027,0.2765,0.5275,0.309,0.309,0.6910000000000001,0.014612289348353322,887.3637224645954,160.17695552545777,1233.7215531213587,0.8873637224645954,0.16017695552545777,1.2337215531213586,0.6049067425329266,0.16644903984474263,1.3071703702864672
HtZt_4000_1000,HtZt,4000,1000,85,200,0.6,0.6,/eos/uscms/store/user/aji/rootfiles_existingOptimization/HtZt_4000_1000_pt200_ak6_ca6_th85.root,ok,,1000,1000,1.0,0.0,0.39,0.01542400726140908,0.228,0.5415,0.338,0.338,0.6619999999999999,0.014958475858188228,902.8801180572735,179.7942313408297,1327.9207987027708,0.9028801180572735,0.1797942313408297,1.3279207987027708,0.6358134066748331,0.11974605858808726,1.3075253948691057
HtZt_4000_1000,HtZt,4000,1000,85,300,0.6,1.6,/eos/uscms/store/user/aji/rootfiles_existingOptimization/HtZt_4000_1000_pt300_ak6_ca16_th85.root,ok,,1000,997,0.997,0.0017294507798720387,0.6519558676028084,0.015086158917156443,0.41624874623871616,0.49648946840521563,0.25376128385155466,0.253,0.7462387161484454,0.013781738046426012,800.0965349902359,136.87140262018482,998.5381770490109,0.8000965349902359,0.13687140262018482,0.9985381770490108,0.5384767567074524,0.36381664229758887,1.3077058193568742
HtZt_4000_1000,HtZt,4000,1000,85,380,1.2,1.6,/eos/uscms/store/user/aji/rootfiles_existingOptimization/HtZt_4000_1000_pt380_ak12_ca16_th85.root,ok,,1000,998,0.998,0.0014127986409959495,0.12124248496993988,0.010332291968527581,0.07314629258517034,0.4198396793587174,0.20741482965931865,0.207,0.7925851703406813,0.012834460051999353,942.3110582585059,377.82843593159436,1338.3969351364037,0.9423110582585059,0.3778284359315943,1.3383969351364036,0.5096875871222636,0.2749614651733754,1.3100416516370943
HtZt_4000_1000,HtZt,4000,1000,85,300,0.6,1.4,/eos/uscms/store/user/aji/rootfiles_existingOptimization/HtZt_4000_1000_pt300_ak6_ca14_th85.root,ok,,1000,997,0.997,0.0017294507798720387,0.6429287863590772,0.015174391206086235,0.41173520561685056,0.48946840521564694,0.25275827482447344,0.252,0.7472417251755266,0.013763714937431172,803.6635485457492,138.32983551178268,1007.2656991288209,0.8036635485457493,0.13832983551178266,1.007265699128821,0.5406092295646611,0.34110971248395755,1.310484599885613
HtZt_4000_1000,HtZt,4000,1000,85,160,0.4,0.4,/eos/uscms/store/user/aji/rootfiles_existingOptimization/HtZt_4000_1000_pt160_ak4_ca4_th85.root,ok,,1000,1000,1.0,0.0,0.293,0.014392741226048637,0.1725,0.537,0.347,0.347,0.653,0.01505293991218991,838.557934590455,190.78770961921444,1269.2914085804464,0.838557934590455,0.19078770961921443,1.2692914085804463,0.6430704752009558,0.10058815006745678,1.3122146817419105
HtZt_4000_1000,HtZt,4000,1000,85,240,0.6,0.8,/eos/uscms/store/user/aji/rootfiles_existingOptimization/HtZt_4000_1000_pt240_ak6_ca8_th85.root,ok,,1000,1000,1.0,0.0,0.52,0.0157987341265052,0.317,0.51,0.291,0.291,0.7090000000000001,0.014363808687113596,874.759544601987,151.7537644673967,1185.1948789721725,0.874759544601987,0.15175376446739672,1.1851948789721725,0.5907001077507467,0.19672301574909434,1.3122241532905479
HtZt_4000_1000,HtZt,4000,1000,85,360,1.0,1.0,/eos/uscms/store/user/aji/rootfiles_existingOptimization/HtZt_4000_1000_pt360_ak10_ca10_th85.root,ok,,1000,998,0.998,0.0014127986409959495,0.32665330661322645,0.014845595552435238,0.19889779559118237,0.4393787575150301,0.2124248496993988,0.212,0.7875751503006012,0.012947424629580354,967.8349617928167,277.82722565669644,1283.8663144972145,0.9678349617928167,0.2778272256566965,1.2838663144972144,0.5197369017218245,0.2886813315710432,1.312528555843144
HtZt_4000_1000,HtZt,4000,1000,85,380,1.2,1.4,/eos/uscms/store/user/aji/rootfiles_existingOptimization/HtZt_4000_1000_pt380_ak12_ca14_th85.root,ok,,1000,998,0.998,0.0014127986409959495,0.11523046092184369,0.01010726052043971,0.07014028056112225,0.41583166332665333,0.20841683366733466,0.208,0.7915831663326653,0.012857288861387052,944.4605943002875,378.90045095039807,1349.103675809537,0.9444605943002875,0.37890045095039804,1.349103675809537,0.5136282184318781,0.2651875722460638,1.3127653253345148
HtZt_4000_1000,HtZt,4000,1000,85,260,0.6,0.8,/eos/uscms/store/user/aji/rootfiles_existingOptimization/HtZt_4000_1000_pt260_ak6_ca8_th85.root,ok,,1000,1000,1.0,0.0,0.557,0.015708309902723462,0.3445,0.4955,0.271,0.271,0.729,0.014055568291606,860.9713522146467,146.82725566654227,1129.2341357183268,0.8609713522146467,0.14682725566654228,1.1292341357183266,0.5705223974785998,0.2189485327355158,1.3134252622571352
HtZt_4000_1000,HtZt,4000,1000,85,160,0.4,1.2,/eos/uscms/store/user/aji/rootfiles_existingOptimization/HtZt_4000_1000_pt160_ak4_ca12_th85.root,ok,,1000,1000,1.0,0.0,0.4,0.015491933384829668,0.2255,0.5285,0.296,0.296,0.704,0.014435511767859151,799.5569568421337,139.05065769715415,1081.7659173150573,0.7995569568421337,0.13905065769715416,1.0817659173150571,0.589523517712344,0.18870383344369834,1.3135678220281306
HtZt_4000_1000,HtZt,4000,1000,85,280,0.6,0.8,/eos/uscms/store/user/aji/rootfiles_existingOptimization/HtZt_4000_1000_pt280_ak6_ca8_th85.root,ok,,1000,1000,1.0,0.0,0.595,0.015523369479594306,0.374,0.4795,0.248,0.248,0.752,0.01365635383255721,847.790090990799,142.5477187977135,1069.2859403224147,0.8477900909907989,0.1425477187977135,1.0692859403224149,0.5465611307402973,0.24995277810370292,1.3137821216412173
HtZt_4000_1000,HtZt,4000,1000,85,300,0.6,1.2,/eos/uscms/store/user/aji/rootfiles_existingOptimization/HtZt_4000_1000_pt300_ak6_ca12_th85.root,ok,,1000,997,0.997,0.0017294507798720387,0.6369107321965898,0.015229947646836144,0.40872617853560683,0.48294884653961884,0.24874623871614845,0.248,0.7512537612838516,0.013690648231098496,808.3547573590428,138.42061088286442,1015.7064078034961,0.8083547573590427,0.1384206108828644,1.015706407803496,0.5426366263908633,0.32560727747758633,1.3160549119388105
HtZt_4000_1000,HtZt,4000,1000,85,200,1.6,1.4,/eos/uscms/store/user/aji/rootfiles_existingOptimization/HtZt_4000_1000_pt200_ak16_ca14_th85.root,ok,,1000,1000,1.0,0.0,0.001,0.0009994998749374609,0.0005,0.397,0.278,0.278,0.722,0.01416742743055351,1363.9433876039543,1020.1062001907735,2555.1321775274077,1.3639433876039544,1.0201062001907735,2.5551321775274074,0.5627161623009959,0.07079500080350262,1.3211105010613913
HtZt_4000_1000,HtZt,4000,1000,85,200,0.6,0.8,/eos/uscms/store/user/aji/rootfiles_existingOptimization/HtZt_4000_1000_pt200_ak6_ca8_th85.root,ok,,1000,1000,1.0,0.0,0.415,0.015581238718407466,0.2405,0.5365,0.326,0.326,0.6739999999999999,0.014823090096197892,903.1592729849783,173.00542640983934,1326.2419253112937,0.9031592729849784,0.17300542640983935,1.3262419253112938,0.6384458054059283,0.13429512968470814,1.3221298781074304
HtZt_4000_1000,HtZt,4000,1000,85,300,0.6,0.6,/eos/uscms/store/user/aji/rootfiles_existingOptimization/HtZt_4000_1000_pt300_ak6_ca6_th85.root,ok,,1000,997,0.997,0.0017294507798720387,0.5987963891675026,0.01552295590302844,0.38966900702106316,0.4704112337011033,0.24172517552657974,0.241,0.7582748244734203,0.013558969429835794,828.0683644225373,142.98958998004795,1043.5289159345505,0.8280683644225373,0.14298958998004796,1.0435289159345507,0.5437590449325425,0.23045905090190463,1.322227032963709
HtZt_4000_1000,HtZt,4000,1000,85,180,0.4,1.4,/eos/uscms/store/user/aji/rootfiles_existingOptimization/HtZt_4000_1000_pt180_ak4_ca14_th85.root,ok,,1000,1000,1.0,0.0,0.482,0.01580113919943749,0.2825,0.4995,0.261,0.261,0.739,0.013888088421377507,760.5595396790719,121.27657994044979,975.5243813540682,0.7605595396790719,0.1212765799404498,0.9755243813540682,0.5615916682697054,0.27502203012820037,1.3245357143017982
HtZt_4000_1000,HtZt,4000,1000,85,400,0.6,0.4,/eos/uscms/store/user/aji/rootfiles_existingOptimization/HtZt_4000_1000_pt400_ak6_ca4_th85.root,ok,,1000,991,0.991,0.0029864694875387575,0.3985872855701312,0.015552893422001293,0.36730575176589303,0.4429868819374369,0.3158425832492432,0.313,0.6841574167507568,0.01476646478326641,707.6142929941576,141.70598206086856,994.5196407977669,0.7076142929941576,0.14170598206086857,0.994519640797767,0.6025978185999838,0.08555284873242348,1.3249938060513249
HtZt_4000_1000,HtZt,4000,1000,85,380,0.8,1.4,/eos/uscms/store/user/aji/rootfiles_existingOptimization/HtZt_4000_1000_pt380_ak8_ca14_th85.root,ok,,1000,997,0.997,0.0017294507798720387,0.6258776328986961,0.015325123155623453,0.4062186559679037,0.46238716148445336,0.2246740220661986,0.224,0.7753259779338014,0.013218160430646423,847.0209127271269,185.28559908126277,1088.5498128184513,0.8470209127271269,0.18528559908126277,1.0885498128184512,0.5332006566573291,0.3461281916288468,1.326824543318418
HtZt_4000_1000,HtZt,4000,1000,85,380,0.8,1.6,/eos/uscms/store/user/aji/rootfiles_existingOptimization/HtZt_4000_1000_pt380_ak8_ca16_th85.root,ok,,1000,997,0.997,0.0017294507798720387,0.6308926780341023,0.01528292544861305,0.40872617853560683,0.46890672016048146,0.22367101303911735,0.223,0.7763289869608827,0.013197150651604145,844.1082169552757,184.04595572681126,1082.778964510405,0.8441082169552756,0.18404595572681126,1.082778964510405,0.5323565099421442,0.36266816627508236,1.3272746752074993
HtZt_4000_1000,HtZt,4000,1000,85,180,0.4,1.2,/eos/uscms/store/user/aji/rootfiles_existingOptimization/HtZt_4000_1000_pt180_ak4_ca12_th85.root,ok,,1000,1000,1.0,0.0,0.473,0.01578831846651188,0.278,0.5,0.269,0.269,0.731,0.014022802858202064,767.3832842713052,122.43653908623976,1004.280061578461,0.7673832842713052,0.12243653908623976,1.0042800615784608,0.5745782717495636,0.25053982674392306,1.328839943322433
HtZt_4000_1000,HtZt,4000,1000,85,100,1.0,1.0,/eos/uscms/store/user/aji/rootfiles_existingOptimization/HtZt_4000_1000_pt100_ak10_ca10_th85.root,ok,,1000,1000,1.0,0.0,0.017,0.004087909000944126,0.0085,0.396,0.327,0.327,0.673,0.014834790190629592,1505.5737274486492,1009.9127963745096,2833.695201679568,1.5055737274486494,1.0099127963745096,2.833695201679568,0.6056768831891236,0.036616678651041346,1.3292342559339887
HtZt_4000_1000,HtZt,4000,1000,85,300,0.6,1.0,/eos/uscms/store/user/aji/rootfiles_existingOptimization/HtZt_4000_1000_pt300_ak6_ca10_th85.root,ok,,1000,997,0.997,0.0017294507798720387,0.6349047141424273,0.015247892075312281,0.40772316950852555,0.4709127382146439,0.23671013039117353,0.236,0.7632898696088265,0.013461876202597069,818.7952774178194,138.42061088286442,1032.6724187303666,0.8187952774178193,0.1384206108828644,1.0326724187303666,0.5460777757949735,0.28924977964971216,1.3304881176620182
HtZt_4000_1000,HtZt,4000,1000,85,100,1.0,1.2,/eos/uscms/store/user/aji/rootfiles_existingOptimization/HtZt_4000_1000_pt100_ak10_ca12_th85.root,ok,,1000,1000,1.0,0.0,0.023,0.004740358636221525,0.0115,0.427,0.331,0.331,0.669,0.014880826589944525,1407.6995737071709,998.680417222562,2755.616175948094,1.407699573707171,0.998680417222562,2.755616175948094,0.6240449992105379,0.053447085324843345,1.333814956581255
HtZt_4000_1000,HtZt,4000,1000,85,180,0.4,1.6,/eos/uscms/store/user/aji/rootfiles_existingOptimization/HtZt_4000_1000_pt180_ak4_ca16_th85.root,ok,,1000,1000,1.0,0.0,0.499,0.015811356678033673,0.291,0.4965,0.253,0.253,0.747,0.013747399754135324,751.8767145637951,118.88324428452057,966.9398055437924,0.751876714563795,0.11888324428452057,0.9669398055437924,0.563959851949449,0.3153159231891608,1.3357721804930693
HtZt_4000_1000,HtZt,4000,1000,85,380,0.8,1.2,/eos/uscms/store/user/aji/rootfiles_existingOptimization/HtZt_4000_1000_pt380_ak8_ca12_th85.root,ok,,1000,997,0.997,0.0017294507798720387,0.6208625877632898,0.01536556333131418,0.4037111334002006,0.4528585757271815,0.21865596790371114,0.218,0.7813440320962889,0.013090439811066081,849.6924873724661,185.40086780313354,1097.2061524612775,0.849692487372466,0.18540086780313356,1.0972061524612775,0.5365501626816493,0.33578916207332077,1.335924946040692
HtZt_4000_1000,HtZt,4000,1000,85,300,0.6,0.8,/eos/uscms/store/user/aji/rootfiles_existingOptimization/HtZt_4000_1000_pt300_ak6_ca8_th85.root,ok,,1000,997,0.997,0.0017294507798720387,0.6318956870611836,0.015274273732286087,0.4062186559679037,0.4608826479438315,0.22668004012036108,0.226,0.773319959879639,0.013259851829602834,829.3978584323486,138.44105960245184,1045.8486330189373,0.8293978584323486,0.13844105960245184,1.0458486330189374,0.5470279216367786,0.280425152492534,1.3404080956731828
HtZt_4000_1000,HtZt,4000,1000,85,380,1.0,1.6,/eos/uscms/store/user/aji/rootfiles_existingOptimization/HtZt_4000_1000_pt380_ak10_ca16_th85.root,ok,,1000,998,0.998,0.0014127986409959495,0.3867735470941884,0.015416065662918501,0.23697394789579157,0.4348697394789579,0.19539078156312625,0.195,0.8046092184368737,0.012551027073689465,901.0345861900416,261.554453722632,1209.6879993355196,0.9010345861900415,0.261554453722632,1.2096879993355196,0.5261360441345546,0.35428551789224116,1.3426418039524242
HtZt_4000_1000,HtZt,4000,1000,85,380,1.0,1.4,/eos/uscms/store/user/aji/rootfiles_existingOptimization/HtZt_4000_1000_pt380_ak10_ca14_th85.root,ok,,1000,998,0.998,0.0014127986409959495,0.3837675350701403,0.015393633163756032,0.23547094188376755,0.4288577154308617,0.19539078156312625,0.195,0.8046092184368737,0.012551027073689465,905.0500825551945,262.47794958333884,1219.8343561071795,0.9050500825551946,0.26247794958333887,1.2198343561071796,0.528896922378578,0.3449786907876623,1.3450011325599323
HtZt_4000_1000,HtZt,4000,1000,85,400,1.2,1.2,/eos/uscms/store/user/aji/rootfiles_existingOptimization/HtZt_4000_1000_pt400_ak12_ca12_th85.root,ok,,1000,998,0.998,0.0014127986409959495,0.12024048096192384,0.010295372605892288,0.07715430861723446,0.40230460921843686,0.20140280561122245,0.201,0.7985971943887775,0.01269496118868881,902.0976949968622,375.0394640729312,1342.059648357475,0.9020976949968622,0.3750394640729312,1.3420596483574752,0.5359841786802856,0.2296399330491637,1.346371603569377
HtZt_4000_1000,HtZt,4000,1000,85,380,0.8,0.8,/eos/uscms/store/user/aji/rootfiles_existingOptimization/HtZt_4000_1000_pt380_ak8_ca8_th85.root,ok,,1000,997,0.997,0.0017294507798720387,0.5917753259779338,0.01556612354274783,0.38866599799398194,0.43229689067201604,0.20361083249749248,0.203,0.7963891675025075,0.012753093175532042,876.346158022287,188.69954872574147,1126.7722488249046,0.8763461580222871,0.1886995487257415,1.1267722488249046,0.535218127854967,0.2447520240146383,1.346972679555246
HtZt_4000_1000,HtZt,4000,1000,85,380,0.8,1.0,/eos/uscms/store/user/aji/rootfiles_existingOptimization/HtZt_4000_1000_pt380_ak8_ca10_th85.root,ok,,1000,997,0.997,0.0017294507798720387,0.6198595787362087,0.0153734416938342,0.40320962888665995,0.4312938816449348,0.20160481444332998,0.201,0.79839518555667,0.012706087012850765,864.2938310392458,185.51824888337404,1120.0302338533597,0.8642938310392458,0.18551824888337404,1.1200302338533596,0.5406216910320347,0.30315446606745666,1.35558749348478
HtZt_4000_1000,HtZt,4000,1000,85,380,1.0,1.2,/eos/uscms/store/user/aji/rootfiles_existingOptimization/HtZt_4000_1000_pt380_ak10_ca12_th85.root,ok,,1000,998,0.998,0.0014127986409959495,0.37975951903807614,0.015362755457551953,0.23346693386773548,0.41733466933867736,0.18837675350701402,0.188,0.811623246492986,0.012377291583341235,913.9947587858119,262.88976423911043,1238.4918426817335,0.9139947587858119,0.2628897642391105,1.2384918426817335,0.5337022280842468,0.3361486378959142,1.3559259986986516
HtZt_4000_1000,HtZt,4000,1000,85,100,1.0,1.4,/eos/uscms/store/user/aji/rootfiles_existingOptimization/HtZt_4000_1000_pt100_ak10_ca14_th85.root,ok,,1000,1000,1.0,0.0,0.032,0.005565608681896348,0.016,0.4425,0.323,0.323,0.677,0.014787528529135624,1342.6251811976936,987.4036428114146,2720.962255126155,1.3426251811976937,0.9874036428114146,2.720962255126155,0.6455854681528888,0.0751432522878007,1.3568479862726581
HtZt_4000_1000,HtZt,4000,1000,85,160,0.4,0.6,/eos/uscms/store/user/aji/rootfiles_existingOptimization/HtZt_4000_1000_pt160_ak4_ca6_th85.root,ok,,1000,1000,1.0,0.0,0.356,0.015141466243399283,0.2035,0.5275,0.316,0.316,0.6839999999999999,0.014701836619960107,827.1702796976897,147.94663041719593,1236.25875339649,0.8271702796976896,0.14794663041719594,1.23625875339649,0.6578525303018897,0.12847931697491863,1.3591355023321205
HtZt_4000_1000,HtZt,4000,1000,85,160,0.4,1.0,/eos/uscms/store/user/aji/rootfiles_existingOptimization/HtZt_4000_1000_pt160_ak4_ca10_th85.root,ok,,1000,1000,1.0,0.0,0.384,0.015379986996093333,0.2175,0.5195,0.299,0.299,0.7010000000000001,0.014477534320456642,815.4847917984675,140.88570974053428,1186.5570970808906,0.8154847917984676,0.1408857097405343,1.1865570970808905,0.641134818121032,0.15415349276386314,1.3605863389411854
HtZt_4000_1000,HtZt,4000,1000,85,380,1.0,1.0,/eos/uscms/store/user/aji/rootfiles_existingOptimization/HtZt_4000_1000_pt380_ak10_ca10_th85.root,ok,,1000,998,0.998,0.0014127986409959495,0.35070140280561124,0.01510517333229198,0.218937875751503,0.4103206412825651,0.187374749498998,0.187,0.812625250501002,0.012351946969488652,922.1604470562874,269.7629124911449,1263.461980454012,0.9221604470562874,0.26976291249114487,1.2634619804540121,0.538788597545549,0.2903729675494334,1.3611978033409222
HtZt_4000_1000,HtZt,4000,1000,85,400,1.2,1.6,/eos/uscms/store/user/aji/rootfiles_existingOptimization/HtZt_4000_1000_pt400_ak12_ca16_th85.root,ok,,1000,998,0.998,0.0014127986409959495,0.13527054108216433,0.010826210577503086,0.08466933867735471,0.3982965931863727,0.1903807615230461,0.19,0.8096192384769539,0.012427582902501524,884.4641568387572,363.7972258321492,1318.4118521722658,0.8844641568387571,0.36379722583214924,1.3184118521722659,0.539657044866629,0.26300697572248777,1.3628298676597073
HtZt_4000_1000,HtZt,4000,1000,85,180,0.4,0.8,/eos/uscms/store/user/aji/rootfiles_existingOptimization/HtZt_4000_1000_pt180_ak4_ca8_th85.root,ok,,1000,1000,1.0,0.0,0.455,0.015747221977225064,0.269,0.4935,0.278,0.278,0.722,0.01416742743055351,792.3337581818209,123.92764002270107,1109.7081025375285,0.792333758181821,0.12392764002270107,1.1097081025375284,0.6220740012245036,0.17667780455526716,1.3648406254063215
HtZt_4000_1000,HtZt,4000,1000,85,320,0.6,1.4,/eos/uscms/store/user/aji/rootfiles_existingOptimization/HtZt_4000_1000_pt320_ak6_ca14_th85.root,ok,,1000,997,0.997,0.0017294507798720387,0.6730190571715146,0.014856869980326176,0.4428284854563691,0.46489468405215645,0.2316950852557673,0.231,0.7683049147442327,0.01336218983083671,757.223645616766,134.51798033778778,997.7355072344012,0.757223645616766,0.13451798033778778,0.9977355072344012,0.5699884914406722,0.34247953807402054,1.3655710416232285
HtZt_4000_1000,HtZt,4000,1000,85,180,0.4,1.0,/eos/uscms/store/user/aji/rootfiles_existingOptimization/HtZt_4000_1000_pt180_ak4_ca10_th85.root,ok,,1000,1000,1.0,0.0,0.462,0.01576565888252058,0.2725,0.492,0.27,0.27,0.73,0.014039230748157109,783.1142764242843,122.89919164645404,1084.9973732895528,0.7831142764242843,0.12289919164645405,1.0849973732895528,0.6142770031189181,0.20482577972563593,1.3659655754764897
HtZt_4000_1000,HtZt,4000,1000,85,320,0.6,0.6,/eos/uscms/store/user/aji/rootfiles_existingOptimization/HtZt_4000_1000_pt320_ak6_ca6_th85.root,ok,,1000,997,0.997,0.0017294507798720387,0.6359077231695085,0.01523895561011783,0.4242728184553661,0.44684052156469406,0.2176529588766299,0.217,0.7823470411233702,0.013068761454197489,790.5381698599607,139.11240769721593,1025.6994130787484,0.7905381698599607,0.13911240769721592,1.0256994130787485,0.5607490183165895,0.23503711275667546,1.3670422424539637
HtZt_4000_1000,HtZt,4000,1000,85,160,0.4,0.8,/eos/uscms/store/user/aji/rootfiles_existingOptimization/HtZt_4000_1000_pt160_ak4_ca8_th85.root,ok,,1000,1000,1.0,0.0,0.376,0.015317441039547044,0.2135,0.522,0.306,0.306,0.694,0.014572714228996602,824.4860925926616,142.5347410072048,1224.4494097504003,0.8244860925926617,0.14253474100720478,1.2244494097504002,0.6561145654628504,0.13732232976989808,1.3676659562035842
HtZt_4000_1000,HtZt,4000,1000,85,400,1.2,1.4,/eos/uscms/store/user/aji/rootfiles_existingOptimization/HtZt_4000_1000_pt400_ak12_ca14_th85.root,ok,,1000,998,0.998,0.0014127986409959495,0.1312625250501002,0.01068930292215049,0.08266533066132264,0.3937875751503006,0.1903807615230461,0.19,0.8096192384769539,0.012427582902501524,884.4641568387572,366.59448988786687,1331.6776630771592,0.8844641568387571,0.36659448988786686,1.3316776630771594,0.5455750613109541,0.25705879264240994,1.3687478841040324
HtZt_4000_1000,HtZt,4000,1000,85,320,0.6,1.6,/eos/uscms/store/user/aji/rootfiles_existingOptimization/HtZt_4000_1000_pt320_ak6_ca16_th85.root,ok,,1000,997,0.997,0.0017294507798720387,0.6800401203610833,0.014772957587701616,0.4463390170511535,0.4699097291875627,0.23069207622868607,0.23,0.769307923771314,0.01334193629073164,752.0271921940082,133.8200169698708,994.8727427510196,0.7520271921940082,0.1338200169698708,0.9948727427510196,0.5724877602291635,0.3482138461707774,1.3695929647810767
HtZt_4000_1000,HtZt,4000,1000,85,180,0.4,0.6,/eos/uscms/store/user/aji/rootfiles_existingOptimization/HtZt_4000_1000_pt180_ak4_ca6_th85.root,ok,,1000,1000,1.0,0.0,0.437,0.01568537535413163,0.26,0.4945,0.281,0.281,0.719,0.014214042352547005,794.8634389950198,125.43980636029575,1128.0492691970137,0.7948634389950198,0.12543980636029575,1.1280492691970136,0.6306803242229636,0.16973847472206643,1.3701939803234615
HtZt_4000_1000,HtZt,4000,1000,85,320,0.6,1.2,/eos/uscms/store/user/aji/rootfiles_existingOptimization/HtZt_4000_1000_pt320_ak6_ca12_th85.root,ok,,1000,997,0.997,0.0017294507798720387,0.6690070210631895,0.014903118319273365,0.4408224674022066,0.45687061183550653,0.22668004012036108,0.226,0.773319959879639,0.013259851829602834,762.7581282583963,134.58374683111623,1004.6947902271837,0.7627581282583962,0.13458374683111624,1.0046947902271837,0.5703715313940935,0.3283628262465011,1.370415678447893
HtZt_4000_1000,HtZt,4000,1000,85,180,0.4,0.4,/eos/uscms/store/user/aji/rootfiles_existingOptimization/HtZt_4000_1000_pt180_ak4_ca4_th85.root,ok,,1000,1000,1.0,0.0,0.379,0.015341414537127925,0.2315,0.5045,0.306,0.306,0.694,0.014572714228996602,803.5224484450287,134.53581425461144,1191.534386536154,0.8035224484450287,0.13453581425461142,1.1915343865361538,0.6577280910614501,0.13370191352545827,1.3713758462169472
HtZt_4000_1000,HtZt,4000,1000,85,200,0.4,1.4,/eos/uscms/store/user/aji/rootfiles_existingOptimization/HtZt_4000_1000_pt200_ak4_ca14_th85.root,ok,,1000,1000,1.0,0.0,0.546,0.015744332313566048,0.3325,0.4685,0.232,0.232,0.768,0.013348258313353095,723.6445280657867,112.76711885531859,953.1545382317929,0.7236445280657867,0.1127671188553186,0.9531545382317929,0.5806631479842229,0.3312903298342973,1.3762986951776441
HtZt_4000_1000,HtZt,4000,1000,85,200,0.4,1.6,/eos/uscms/store/user/aji/rootfiles_existingOptimization/HtZt_4000_1000_pt200_ak4_ca16_th85.root,ok,,1000,1000,1.0,0.0,0.559,0.015700923539715746,0.339,0.4675,0.227,0.227,0.773,0.013246546719805883,719.8733338644539,111.24754019521197,942.5587321632617,0.7198733338644538,0.11124754019521196,0.9425587321632616,0.5774010182495374,0.3655566877577443,1.3784136848630921
HtZt_4000_1000,HtZt,4000,1000,85,200,0.4,1.2,/eos/uscms/store/user/aji/rootfiles_existingOptimization/HtZt_4000_1000_pt200_ak4_ca12_th85.root,ok,,1000,1000,1.0,0.0,0.539,0.015763216676808068,0.329,0.466,0.233,0.233,0.767,0.013368283360252356,728.6645419874436,113.51149418060338,969.3390562367408,0.7286645419874436,0.11351149418060338,0.9693390562367408,0.5872575875051191,0.3023776374093507,1.3813911333063746
HtZt_4000_1000,HtZt,4000,1000,85,320,0.6,1.0,/eos/uscms/store/user/aji/rootfiles_existingOptimization/HtZt_4000_1000_pt320_ak6_ca10_th85.root,ok,,1000,997,0.997,0.0017294507798720387,0.6680040120361084,0.014914488857261965,0.440320962888666,0.4448345035105316,0.2136409227683049,0.213,0.7863590772316951,0.012980908707004718,773.9049151446508,134.58374683111623,1020.2646268535374,0.7739049151446508,0.13458374683111624,1.0202646268535374,0.5722155672424424,0.299819847039651,1.3841841529596723
HtZt_4000_1000,HtZt,4000,1000,85,200,1.6,1.6,/eos/uscms/store/user/aji/rootfiles_existingOptimization/HtZt_4000_1000_pt200_ak16_ca16_th85.root,ok,,1000,1000,1.0,0.0,0.003,0.001729450779872038,0.0015,0.405,0.248,0.248,0.752,0.01365635383255721,1325.190275236065,972.9334403770484,2564.4274471627764,1.325190275236065,0.9729334403770484,2.5644274471627764,0.600477545197132,0.11409077800547615,1.3849965727207385
HtZt_4000_1000,HtZt,4000,1000,85,320,0.6,0.8,/eos/uscms/store/user/aji/rootfiles_existingOptimization/HtZt_4000_1000_pt320_ak6_ca8_th85.root,ok,,1000,997,0.997,0.0017294507798720387,0.6649949849548646,0.014948143561242867,0.43881644934804415,0.436308926780341,0.20561685055165496,0.205,0.7943831494483451,0.012799611379854437,783.3868065834906,134.73684652153185,1026.2299290248693,0.7833868065834907,0.13473684652153187,1.026229929024869,0.5689992957574305,0.2878933931966664,1.3880437645474264
HtZt_4000_1000,HtZt,4000,1000,85,100,1.0,1.6,/eos/uscms/store/user/aji/rootfiles_existingOptimization/HtZt_4000_1000_pt100_ak10_ca16_th85.root,ok,,1000,1000,1.0,0.0,0.042,0.0063431853196954605,0.021,0.4585,0.32,0.32,0.6799999999999999,0.01475127113166862,1285.0083027942158,970.7361961982947,2721.032966014484,1.2850083027942159,0.9707361961982948,2.7210329660144836,0.6810449263285754,0.09738825755896496,1.389545756607997
HtZt_4000_1000,HtZt,4000,1000,85,160,1.4,1.2,/eos/uscms/store/user/aji/rootfiles_existingOptimization/HtZt_4000_1000_pt160_ak14_ca12_th85.root,ok,,1000,1000,1.0,0.0,0.004,0.001995995991979944,0.002,0.36,0.268,0.268,0.732,0.014006284303840188,1436.1366446816592,1009.4131525388282,2797.2271364847275,1.436136644681659,1.0094131525388281,2.797227136484728,0.6224386762104365,0.046012597705465036,1.3980523406786025
HtZt_4000_1000,HtZt,4000,1000,85,200,0.4,1.0,/eos/uscms/store/user/aji/rootfiles_existingOptimization/HtZt_4000_1000_pt200_ak4_ca10_th85.root,ok,,1000,1000,1.0,0.0,0.533,0.015776913513105152,0.326,0.459,0.234,0.234,0.766,0.013388203763014663,746.8514696478514,113.79079259951041,1030.0715003501105,0.7468514696478514,0.1137907925995104,1.0300715003501104,0.6134290049550524,0.26399931282493355,1.4047438579902671
HtZt_4000_1000,HtZt,4000,1000,85,220,0.4,1.4,/eos/uscms/store/user/aji/rootfiles_existingOptimization/HtZt_4000_1000_pt220_ak4_ca14_th85.root,ok,,1000,1000,1.0,0.0,0.607,0.015445096309184997,0.381,0.441,0.206,0.206,0.794,0.0127892142057282,694.8741565154285,106.37384866544299,932.1716441251813,0.6948741565154286,0.10637384866544299,0.9321716441251813,0.5942067262947652,0.3826889080109499,1.4187193106432225
HtZt_4000_1000,HtZt,4000,1000,85,220,0.4,1.6,/eos/uscms/store/user/aji/rootfiles_existingOptimization/HtZt_4000_1000_pt220_ak4_ca16_th85.root,ok,,1000,1000,1.0,0.0,0.616,0.015379986996093333,0.3855,0.442,0.204,0.204,0.796,0.012742998077375669,693.2731451415148,105.50975124302474,926.7488462087354,0.6932731451415146,0.10550975124302474,0.9267488462087353,0.5922911486771025,0.4253560764573044,1.4189638341629511
HtZt_4000_1000,HtZt,4000,1000,85,200,0.4,0.8,/eos/uscms/store/user/aji/rootfiles_existingOptimization/HtZt_4000_1000_pt200_ak4_ca8_th85.root,ok,,1000,1000,1.0,0.0,0.53,0.015782902141241326,0.3245,0.46,0.239,0.239,0.761,0.01348625225924534,755.9042058444601,113.97058785578959,1073.448084225586,0.75590420584446,0.11397058785578959,1.073448084225586,0.634655482104319,0.23263605465649778,1.4200650615198729
HtZt_4000_1000,HtZt,4000,1000,85,220,0.4,1.2,/eos/uscms/store/user/aji/rootfiles_existingOptimization/HtZt_4000_1000_pt220_ak4_ca12_th85.root,ok,,1000,1000,1.0,0.0,0.602,0.015478888849009803,0.3785,0.4395,0.208,0.208,0.792,0.012834952278836098,698.2659409675699,106.75403082370144,942.9073927119965,0.69826594096757,0.10675403082370144,0.9429073927119965,0.5987356054697854,0.3635846456848506,1.4209090113730285
HtZt_4000_1000,HtZt,4000,1000,85,200,0.4,0.4,/eos/uscms/store/user/aji/rootfiles_existingOptimization/HtZt_4000_1000_pt200_ak4_ca4_th85.root,ok,,1000,1000,1.0,0.0,0.465,0.01577260282895629,0.292,0.463,0.258,0.258,0.742,0.013836039895866157,767.4869808670101,120.59309199980432,1127.3618153336736,0.7674869808670102,0.12059309199980431,1.1273618153336735,0.6558865156230719,0.1727951797071097,1.421137817536371
HtZt_4000_1000,HtZt,4000,1000,85,200,0.4,0.6,/eos/uscms/store/user/aji/rootfiles_existingOptimization/HtZt_4000_1000_pt200_ak4_ca6_th85.root,ok,,1000,1000,1.0,0.0,0.516,0.015803290796539814,0.3175,0.458,0.241,0.241,0.759,0.013524755080961725,760.5595396790719,114.56436185072563,1085.969042721783,0.7605595396790719,0.11456436185072563,1.0859690427217827,0.6386118575811659,0.204007812394935,1.4215559036132586
HtZt_4000_1000,HtZt,4000,1000,85,340,0.6,0.6,/eos/uscms/store/user/aji/rootfiles_existingOptimization/HtZt_4000_1000_pt340_ak6_ca6_th85.root,ok,,1000,997,0.997,0.0017294507798720387,0.6659979939819458,0.014937001306086304,0.4543630892678034,0.42778335005015045,0.20260782347041123,0.202,0.7973921765295888,0.012729651425519852,735.1409284977968,136.64552381776812,1019.2946843764756,0.7351409284977969,0.13664552381776812,1.0192946843764756,0.6003264995477344,0.23503711275667546,1.4272045832275437
HtZt_4000_1000,HtZt,4000,1000,85,160,1.4,1.4,/eos/uscms/store/user/aji/rootfiles_existingOptimization/HtZt_4000_1000_pt160_ak14_ca14_th85.root,ok,,1000,1000,1.0,0.0,0.013,0.003582038525755969,0.0065,0.3785,0.245,0.245,0.755,0.013600551459407815,1374.5693917373742,986.3229165439119,2741.6760878882174,1.3745693917373742,0.9863229165439119,2.7416760878882176,0.6385102061401365,0.08939900845585748,1.430967145313874
HtZt_4000_1000,HtZt,4000,1000,85,220,0.4,1.0,/eos/uscms/store/user/aji/rootfiles_existingOptimization/HtZt_4000_1000_pt220_ak4_ca10_th85.root,ok,,1000,1000,1.0,0.0,0.598,0.015504708962118573,0.3765,0.434,0.208,0.208,0.792,0.012834952278836098,712.0181613230305,106.86601911841795,977.0547425644547,0.7120181613230305,0.10686601911841795,0.9770547425644548,0.611071999785162,0.3175827781813993,1.4318701836528591
HtZt_4000_1000,HtZt,4000,1000,85,160,1.4,1.6,/eos/uscms/store/user/aji/rootfiles_existingOptimization/HtZt_4000_1000_pt160_ak14_ca16_th85.root,ok,,1000,1000,1.0,0.0,0.014,0.003715373467095872,0.007,0.395,0.24,0.24,0.76,0.013505554412907307,1335.0964077728026,974.7445361054246,2696.012614712835,1.3350964077728027,0.9747445361054246,2.696012614712835,0.644623140541145,0.11358446726601956,1.4381327813184253
HtZt_4000_1000,HtZt,4000,1000,85,340,0.6,1.2,/eos/uscms/store/user/aji/rootfiles_existingOptimization/HtZt_4000_1000_pt340_ak6_ca12_th85.root,ok,,1000,997,0.997,0.0017294507798720387,0.695085255767302,0.014580105672678983,0.46890672016048146,0.43881644934804415,0.2136409227683049,0.213,0.7863590772316951,0.012980908707004718,695.6341246349577,132.44688085395498,997.483557411777,0.6956341246349578,0.13244688085395498,0.9974835574117771,0.6217612433919629,0.31696011882175223,1.4415569081601625
HtZt_4000_1000,HtZt,4000,1000,85,220,0.4,0.8,/eos/uscms/store/user/aji/rootfiles_existingOptimization/HtZt_4000_1000_pt220_ak4_ca8_th85.root,ok,,1000,1000,1.0,0.0,0.595,0.015523369479594306,0.375,0.4305,0.208,0.208,0.792,0.012834952278836098,718.8947064873247,107.24556259012287,1005.2768197155156,0.7188947064873248,0.10724556259012287,1.0052768197155155,0.624591646747107,0.2876236231494432,1.4447021760983745
HtZt_4000_1000,HtZt,4000,1000,85,340,0.6,1.4,/eos/uscms/store/user/aji/rootfiles_existingOptimization/HtZt_4000_1000_pt340_ak6_ca14_th85.root,ok,,1000,997,0.997,0.0017294507798720387,0.6980942828485457,0.01453935464879824,0.4704112337011033,0.44583751253761283,0.2176529588766299,0.217,0.7823470411233702,0.013068761454197489,680.7888734436233,132.33238479908945,994.1099300244849,0.6807888734436232,0.13233238479908946,0.9941099300244849,0.6329256975560428,0.32560727747758633,1.4501938513350505
HtZt_4000_1000,HtZt,4000,1000,85,220,0.4,0.4,/eos/uscms/store/user/aji/rootfiles_existingOptimization/HtZt_4000_1000_pt220_ak4_ca4_th85.root,ok,,1000,1000,1.0,0.0,0.544,0.01575004761897563,0.3495,0.433,0.224,0.224,0.776,0.013184233007649704,726.324069002588,111.75428091147123,1054.160156079243,0.726324069002588,0.11175428091147122,1.054160156079243,0.6487502723556404,0.21925293607766927,1.4521178654553817
HtZt_4000_1000,HtZt,4000,1000,85,340,0.6,0.8,/eos/uscms/store/user/aji/rootfiles_existingOptimization/HtZt_4000_1000_pt340_ak6_ca8_th85.root,ok,,1000,997,0.997,0.0017294507798720387,0.6930792377131394,0.014606864462724717,0.4679037111334002,0.41875626880641925,0.19257773319959878,0.192,0.8074222668004012,0.012488371717713335,721.7345245835647,132.7941185865859,1020.0600265057143,0.7217345245835647,0.1327941185865859,1.0200600265057143,0.6146760877422858,0.28006744147765905,1.4529249020843307
HtZt_4000_1000,HtZt,4000,1000,85,220,0.4,0.6,/eos/uscms/store/user/aji/rootfiles_existingOptimization/HtZt_4000_1000_pt220_ak4_ca6_th85.root,ok,,1000,1000,1.0,0.0,0.585,0.015581238718407468,0.37,0.4285,0.209,0.209,0.791,0.012857643641040918,721.124972269864,107.57196923941602,1022.522170225129,0.7211249722698639,0.107571969239416,1.022522170225129,0.6343908727122228,0.2654597735627955,1.4532783754852363
HtZt_4000_1000,HtZt,4000,1000,85,340,0.6,1.0,/eos/uscms/store/user/aji/rootfiles_existingOptimization/HtZt_4000_1000_pt340_ak6_ca10_th85.root,ok,,1000,997,0.997,0.0017294507798720387,0.6940822467402207,0.014593525772880221,0.4684052156469408,0.4267803410230692,0.20060180541624875,0.2,0.7993981945837513,0.012682399253788208,707.1109715753282,132.44688085395498,1012.9491444155012,0.7071109715753283,0.13244688085395498,1.0129491444155012,0.6226054317895325,0.28559649512726015,1.454292529215751
HtZt_4000_1000,HtZt,4000,1000,85,340,0.6,1.6,/eos/uscms/store/user/aji/rootfiles_existingOptimization/HtZt_4000_1000_pt340_ak6_ca16_th85.root,ok,,1000,997,0.997,0.0017294507798720387,0.7031093279839519,0.014469786628042956,0.4729187562688064,0.45035105315947843,0.2176529588766299,0.217,0.7823470411233702,0.013068761454197489,671.485416120966,131.73474199927048,991.2400339805658,0.6714854161209659,0.1317347419992705,0.9912400339805658,0.6400029481998893,0.33222985295976193,1.4582014477111631
HtZt_4000_1000,HtZt,4000,1000,85,400,1.0,1.0,/eos/uscms/store/user/aji/rootfiles_existingOptimization/HtZt_4000_1000_pt400_ak10_ca10_th85.root,ok,,1000,998,0.998,0.0014127986409959495,0.3727454909819639,0.015306039318315048,0.24048096192384769,0.3812625250501002,0.16132264529058116,0.161,0.8386773547094188,0.011643401005762555,811.2048158691088,262.1430535687814,1244.0228210085913,0.8112048158691088,0.2621430535687814,1.2440228210085913,0.6051984333869144,0.2880662729007849,1.4647553065094223
HtZt_4000_1000,HtZt,4000,1000,85,240,0.4,1.4,/eos/uscms/store/user/aji/rootfiles_existingOptimization/HtZt_4000_1000_pt240_ak4_ca14_th85.root,ok,,1000,999,0.999,0.0009994998749374613,0.6596596596596597,0.01499111492197847,0.4269269269269269,0.4164164164164164,0.18618618618618618,0.186,0.8138138138138138,0.012315541515599363,664.1754839798099,102.09187670310335,922.1709316462435,0.6641754839798099,0.10209187670310335,0.9221709316462435,0.6173662493751949,0.3992353914031047,1.4657625147910278
HtZt_4000_1000,HtZt,4000,1000,85,240,0.4,1.6,/eos/uscms/store/user/aji/rootfiles_existingOptimization/HtZt_4000_1000_pt240_ak4_ca16_th85.root,ok,,1000,999,0.999,0.0009994998749374613,0.6666666666666666,0.014914579004756096,0.43043043043043044,0.41791791791791794,0.18518518518518517,0.185,0.8148148148148149,0.012289942027860098,658.5769341265434,100.49573074488109,915.4074046704202,0.6585769341265435,0.10049573074488108,0.9154074046704201,0.6186913264783096,0.4440990024480591,1.46864844788047
HtZt_4000_1000,HtZt,4000,1000,85,240,0.4,0.4,/eos/uscms/store/user/aji/rootfiles_existingOptimization/HtZt_4000_1000_pt240_ak4_ca4_th85.root,ok,,1000,999,0.999,0.0009994998749374613,0.6046046046046046,0.015469233137728054,0.3993993993993994,0.4039039039039039,0.1991991991991992,0.199,0.8008008008008007,0.012636398094171906,695.5628984534746,106.02964372575192,991.4450397155075,0.6955628984534747,0.10602964372575192,0.9914450397155075,0.6364739967862013,0.2591621774994436,1.4687185077416545
HtZt_4000_1000,HtZt,4000,1000,85,240,0.4,1.2,/eos/uscms/store/user/aji/rootfiles_existingOptimization/HtZt_4000_1000_pt240_ak4_ca12_th85.root,ok,,1000,999,0.999,0.0009994998749374613,0.6556556556556556,0.015033207048949487,0.42492492492492495,0.4139139139139139,0.1871871871871872,0.187,0.8128128128128128,0.01234100662769131,665.6063177132028,102.26032075725811,930.5224651289342,0.6656063177132028,0.10226032075725812,0.9305224651289342,0.6221862100237446,0.38763417537004136,1.4694383910652373
HtZt_4000_1000,HtZt,4000,1000,85,240,0.4,1.0,/eos/uscms/store/user/aji/rootfiles_existingOptimization/HtZt_4000_1000_pt240_ak4_ca10_th85.root,ok,,1000,999,0.999,0.0009994998749374613,0.6536536536536537,0.015053809215304073,0.4239239239239239,0.4059059059059059,0.18618618618618618,0.186,0.8138138138138138,0.012315541515599363,679.3638124556522,102.26032075725811,956.5492134995659,0.6793638124556522,0.10226032075725812,0.9565492134995659,0.6287418295466498,0.36558232746176916,1.4756192621148982
HtZt_4000_1000,HtZt,4000,1000,85,240,0.4,0.6,/eos/uscms/store/user/aji/rootfiles_existingOptimization/HtZt_4000_1000_pt240_ak4_ca6_th85.root,ok,,1000,999,0.999,0.0009994998749374613,0.6456456456456456,0.015133286565274899,0.4199199199199199,0.4029029029029029,0.1881881881881882,0.188,0.8118118118118118,0.01236633819426633,688.4279461002609,102.49651372741307,979.1021811245573,0.6884279461002609,0.10249651372741307,0.9791021811245574,0.6366720528726747,0.3181019949779944,1.4806410700744603
HtZt_4000_1000,HtZt,4000,1000,85,400,1.0,1.4,/eos/uscms/store/user/aji/rootfiles_existingOptimization/HtZt_4000_1000_pt400_ak10_ca14_th85.root,ok,,1000,998,0.998,0.0014127986409959495,0.40781563126252507,0.015555899658613478,0.25801603206412826,0.4003006012024048,0.1713426853707415,0.171,0.8286573146292585,0.011927653053111303,758.7508787317174,254.15661711351467,1205.4615798643358,0.7587508787317174,0.25415661711351467,1.2054615798643358,0.6268888705216168,0.3367743400483023,1.4816710972777034
HtZt_4000_1000,HtZt,4000,1000,85,400,1.0,1.6,/eos/uscms/store/user/aji/rootfiles_existingOptimization/HtZt_4000_1000_pt400_ak10_ca16_th85.root,ok,,1000,998,0.998,0.0014127986409959495,0.41082164328657317,0.015573448085264278,0.2595190380761523,0.405811623246493,0.1713426853707415,0.171,0.8286573146292585,0.011927653053111303,748.9885347511376,253.69861617669017,1195.4140570893737,0.7489885347511377,0.25369861617669015,1.1954140570893739,0.6286581150575171,0.3471209903486094,1.484416576211662
HtZt_4000_1000,HtZt,4000,1000,85,240,0.4,0.8,/eos/uscms/store/user/aji/rootfiles_existingOptimization/HtZt_4000_1000_pt240_ak4_ca8_th85.root,ok,,1000,999,0.999,0.0009994998749374613,0.6526526526526526,0.015063999858266012,0.42342342342342343,0.4009009009009009,0.1841841841841842,0.184,0.8158158158158157,0.012264207323013282,684.820054475065,102.26032075725811,975.3998229400537,0.6848200544750651,0.10226032075725812,0.9753998229400537,0.63749557016995,0.34467826033325905,1.485829380538259
HtZt_4000_1000,HtZt,4000,1000,85,120,1.2,1.0,/eos/uscms/store/user/aji/rootfiles_existingOptimization/HtZt_4000_1000_pt120_ak12_ca10_th85.root,ok,,1000,1000,1.0,0.0,0.006,0.002442130217658346,0.003,0.333,0.278,0.278,0.722,0.01416742743055351,1626.6518348283382,1068.1132637914957,3355.5007507582827,1.6266518348283383,1.0681132637914956,3.355500750758283,0.7030968268658968,0.015896465425395447,1.4877620103487306
HtZt_4000_1000,HtZt,4000,1000,85,400,1.0,1.2,/eos/uscms/store/user/aji/rootfiles_existingOptimization/HtZt_4000_1000_pt400_ak10_ca12_th85.root,ok,,1000,998,0.998,0.0014127986409959495,0.40380761523046094,0.015531564122151701,0.2560120240480962,0.38927855711422843,0.16432865731462926,0.164,0.8356713426853708,0.011730300490567084,765.9672150745231,254.7959875429095,1219.8343561071795,0.7659672150745231,0.2547959875429095,1.2198343561071796,0.6299475679715474,0.33595039931508736,1.4910221891494657
HtZt_4000_1000,HtZt,4000,1000,85,260,0.4,0.4,/eos/uscms/store/user/aji/rootfiles_existingOptimization/HtZt_4000_1000_pt260_ak4_ca4_th85.root,ok,,1000,997,0.997,0.0017294507798720387,0.6509528585757272,0.015096255339110005,0.4418254764292879,0.38515546639919757,0.17352056168505517,0.173,0.8264794383149449,0.011993444228868163,652.7148792333116,102.02822683652307,955.8722872283706,0.6527148792333117,0.10202822683652309,0.9558722872283707,0.6540712396466165,0.27077874222364107,1.5182791900382302
HtZt_4000_1000,HtZt,4000,1000,85,180,1.6,1.4,/eos/uscms/store/user/aji/rootfiles_existingOptimization/HtZt_4000_1000_pt180_ak16_ca14_th85.root,ok,,1000,1000,1.0,0.0,0.001,0.0009994998749374609,0.0005,0.3565,0.254,0.254,0.746,0.013765318739498916,1474.168110582445,1058.1607057354827,3268.602088640166,1.4741681105824451,1.0581607057354827,3.268602088640166,0.7497250032193873,0.06034714345456604,1.5431418142776319
HtZt_4000_1000,HtZt,4000,1000,85,260,0.4,0.6,/eos/uscms/store/user/aji/rootfiles_existingOptimization/HtZt_4000_1000_pt260_ak4_ca6_th85.root,ok,,1000,997,0.997,0.0017294507798720387,0.6930792377131394,0.014606864462724717,0.462888665997994,0.38214643931795383,0.15947843530591777,0.159,0.8405215646940822,0.011595189054341102,626.2049948956962,98.13287303604625,948.8547710502891,0.6262049948956963,0.09813287303604624,0.948854771050289,0.6792678954564576,0.3420036119132183,1.5601689606609703
HtZt_4000_1000,HtZt,4000,1000,85,120,1.2,1.2,/eos/uscms/store/user/aji/rootfiles_existingOptimization/HtZt_4000_1000_pt120_ak12_ca12_th85.root,ok,,1000,1000,1.0,0.0,0.013,0.003582038525755969,0.0065,0.3565,0.263,0.263,0.737,0.013922320208930694,1575.6224950810113,1034.1432344542468,3449.9745057098976,1.5756224950810114,1.034143234454247,3.4499745057098976,0.7666275642794246,0.050904859904725985,1.5611898137875257
HtZt_4000_1000,HtZt,4000,1000,85,260,0.4,0.8,/eos/uscms/store/user/aji/rootfiles_existingOptimization/HtZt_4000_1000_pt260_ak4_ca8_th85.root,ok,,1000,997,0.997,0.0017294507798720387,0.6980942828485457,0.01453935464879824,0.4653961885656971,0.3801404212637914,0.15747241725175526,0.157,0.8425275827482448,0.011535773805363463,619.4057555222696,98.13287303604625,947.0430542559731,0.6194057555222696,0.09813287303604624,0.947043054255973,0.6852617800622017,0.3629792678644001,1.5688487872582195
HtZt_4000_1000,HtZt,4000,1000,85,400,0.8,0.8,/eos/uscms/store/user/aji/rootfiles_existingOptimization/HtZt_4000_1000_pt400_ak8_ca8_th85.root,ok,,1000,996,0.996,0.0019959959919799443,0.6355421686746988,0.015249870646332677,0.428714859437751,0.4011044176706827,0.17670682730923695,0.176,0.8232931726907631,0.012085767978995332,648.3677162274646,184.72663162530046,1101.0889111667484,0.6483677162274646,0.18472663162530045,1.1010889111667483,0.7066686516050744,0.2442504411208714,1.5691250526730909
HtZt_4000_1000,HtZt,4000,1000,85,260,0.4,1.4,/eos/uscms/store/user/aji/rootfiles_existingOptimization/HtZt_4000_1000_pt260_ak4_ca14_th85.root,ok,,1000,997,0.997,0.0017294507798720387,0.7041123370110332,0.014455623439581405,0.4684052156469408,0.39518555667001004,0.16148445336008024,0.161,0.8385155466399198,0.011653955066377411,589.0437531215333,98.08358761068733,912.8097109707,0.5890437531215333,0.09808358761068733,0.9128097109707,0.6915667291627451,0.4371440843240945,1.5741779004905117
HtZt_4000_1000,HtZt,4000,1000,85,260,0.4,1.2,/eos/uscms/store/user/aji/rootfiles_existingOptimization/HtZt_4000_1000_pt260_ak4_ca12_th85.root,ok,,1000,997,0.997,0.0017294507798720387,0.7011033099297894,0.01449786269778046,0.46690070210631895,0.39167502507522567,0.16148445336008024,0.161,0.8385155466399198,0.011653955066377411,590.5763964502942,98.13287303604625,920.5536402022797,0.5905763964502942,0.09813287303604624,0.9205536402022797,0.6962865194998124,0.4197033467049728,1.5787444264947026
HtZt_4000_1000,HtZt,4000,1000,85,260,0.4,1.0,/eos/uscms/store/user/aji/rootfiles_existingOptimization/HtZt_4000_1000_pt260_ak4_ca10_th85.root,ok,,1000,997,0.997,0.0017294507798720387,0.6990972918756269,0.014525606634909533,0.46589769307923773,0.3831494483450351,0.1584754262788365,0.158,0.8415245737211635,0.011565563207275382,602.1425582697117,98.13287303604625,934.6832097584165,0.6021425582697117,0.09813287303604624,0.9346832097584165,0.6946447525036609,0.38719696118553487,1.5789550703978534
HtZt_4000_1000,HtZt,4000,1000,85,120,1.2,1.4,/eos/uscms/store/user/aji/rootfiles_existingOptimization/HtZt_4000_1000_pt120_ak12_ca14_th85.root,ok,,1000,1000,1.0,0.0,0.017,0.004087909000944126,0.0085,0.366,0.253,0.253,0.747,0.013747399754135324,1521.6444097602775,1021.8797285443645,3407.022200020339,1.5216444097602775,1.0218797285443644,3.4070222000203394,0.7837384530107577,0.07449615174033353,1.5829028939867855
HtZt_4000_1000,HtZt,4000,1000,85,260,0.4,1.6,/eos/uscms/store/user/aji/rootfiles_existingOptimization/HtZt_4000_1000_pt260_ak4_ca16_th85.root,ok,,1000,997,0.997,0.0017294507798720387,0.7111334002006018,0.01435412169897481,0.4719157472417252,0.39769307923771313,0.16148445336008024,0.161,0.8385155466399198,0.011653955066377411,575.3804334625354,97.09673591961732,904.2598453152501,0.5753804334625354,0.09709673591961733,0.90425984531525,0.7014168908545179,0.4459771072948724,1.5853943941481843
HtZt_4000_1000,HtZt,4000,1000,85,180,1.6,1.6,/eos/uscms/store/user/aji/rootfiles_existingOptimization/HtZt_4000_1000_pt180_ak16_ca16_th85.root,ok,,1000,1000,1.0,0.0,0.003,0.001729450779872038,0.0015,0.3665,0.226,0.226,0.774,0.013225883713385657,1404.0519982274147,1021.672798793644,3281.240336086136,1.4040519982274149,1.021672798793644,3.2812403360861357,0.8046594927200512,0.10864000598103421,1.6190646925427927
HtZt_4000_1000,HtZt,4000,1000,85,120,1.2,1.6,/eos/uscms/store/user/aji/rootfiles_existingOptimization/HtZt_4000_1000_pt120_ak12_ca16_th85.root,ok,,1000,1000,1.0,0.0,0.018,0.004204283529925164,0.009,0.3865,0.252,0.252,0.748,0.013729384545565033,1449.8830757742303,1011.8407982967475,3493.356535392046,1.4498830757742303,1.0118407982967474,3.4933565353920466,0.8557640883456007,0.09889465025337019,1.6487523959230237
HtZt_4000_1000,HtZt,4000,1000,85,140,1.4,1.2,/eos/uscms/store/user/aji/rootfiles_existingOptimization/HtZt_4000_1000_pt140_ak14_ca12_th85.root,ok,,1000,1000,1.0,0.0,0.002,0.0014127986409959489,0.001,0.299,0.22,0.22,0.78,0.01309961831505025,1675.8904383301258,1058.7568100677158,3882.3198946293187,1.6758904383301259,1.0587568100677158,3.8823198946293185,0.8424068244505976,0.03355635632049937,1.68999586828361
HtZt_4000_1000,HtZt,4000,1000,85,140,1.4,1.4,/eos/uscms/store/user/aji/rootfiles_existingOptimization/HtZt_4000_1000_pt140_ak14_ca14_th85.root,ok,,1000,1000,1.0,0.0,0.007,0.0026364749192814255,0.0035,0.3235,0.203,0.203,0.7969999999999999,0.012719709116170859,1628.4033545500524,1031.955637844484,3827.340615271289,1.6284033545500523,1.031955637844484,3.827340615271289,0.8583208114918197,0.07922349794377245,1.7181611469468248
HtZt_4000_1000,HtZt,4000,1000,85,140,1.4,1.6,/eos/uscms/store/user/aji/rootfiles_existingOptimization/HtZt_4000_1000_pt140_ak14_ca16_th85.root,ok,,1000,1000,1.0,0.0,0.008,0.0028170906978654416,0.004,0.337,0.198,0.198,0.802,0.012601428490452976,1578.4818615775177,1019.5507638239527,3808.056398376601,1.5784818615775178,1.0195507638239527,3.8080563983766007,0.8832871958901845,0.1016415690065435,1.7431353820479363
HtZt_4000_1000,HtZt,4000,1000,85,400,0.8,1.4,/eos/uscms/store/user/aji/rootfiles_existingOptimization/HtZt_4000_1000_pt400_ak8_ca14_th85.root,ok,,1000,996,0.996,0.0019959959919799443,0.6726907630522089,0.014868158895850383,0.44779116465863456,0.42720883534136544,0.19477911646586346,0.194,0.8052208835341366,0.012548708803105664,484.87499280023775,180.99203915502682,1072.8618374894124,0.4848749928002377,0.18099203915502682,1.0728618374894123,0.9196904476179332,0.34572888057711537,1.780423831872046
HtZt_4000_1000,HtZt,4000,1000,85,160,1.6,1.4,/eos/uscms/store/user/aji/rootfiles_existingOptimization/HtZt_4000_1000_pt160_ak16_ca14_th85.root,ok,,1000,1000,1.0,0.0,0.001,0.0009994998749374609,0.0005,0.2985,0.21,0.21,0.79,0.01288021738946979,1708.5233892233025,1088.261012937207,4234.943619856455,1.7085233892233025,1.088261012937207,4.234943619856455,0.9208778254858235,0.05437882813709999,1.7817301644081538
HtZt_4000_1000,HtZt,4000,1000,85,400,0.8,1.6,/eos/uscms/store/user/aji/rootfiles_existingOptimization/HtZt_4000_1000_pt400_ak8_ca16_th85.root,ok,,1000,996,0.996,0.0019959959919799443,0.6746987951807228,0.014844587500995193,0.44879518072289154,0.43323293172690763,0.19477911646586346,0.194,0.8052208835341366,0.012548708803105664,480.8950740388109,180.3933717292662,1070.6414919046636,0.4808950740388109,0.1803933717292662,1.0706414919046636,0.9256157613537433,0.35946809536830104,1.786747137483999
HtZt_4000_1000,HtZt,4000,1000,85,400,0.8,1.2,/eos/uscms/store/user/aji/rootfiles_existingOptimization/HtZt_4000_1000_pt400_ak8_ca12_th85.root,ok,,1000,996,0.996,0.0019959959919799443,0.6686746987951807,0.014914375628497047,0.4457831325301205,0.41917670682730923,0.18875502008032127,0.188,0.8112449799196787,0.012399255162676322,487.22808403919174,181.29508764776014,1083.680445613444,0.4872280840391917,0.18129508764776012,1.0836804456134441,0.9260399672416028,0.33769645483648786,1.7925621387573623
HtZt_4000_1000,HtZt,4000,1000,85,100,1.2,1.0,/eos/uscms/store/user/aji/rootfiles_existingOptimization/HtZt_4000_1000_pt100_ak12_ca10_th85.root,ok,,1000,1000,1.0,0.0,0.002,0.0014127986409959489,0.001,0.246,0.206,0.206,0.794,0.0127892142057282,2030.466377013076,1128.867659828554,4798.537310682792,2.030466377013076,1.1288676598285539,4.798537310682792,0.9036519127818597,0.01109666530400423,1.8006985504831674
HtZt_4000_1000,HtZt,4000,1000,85,360,0.6,0.6,/eos/uscms/store/user/aji/rootfiles_existingOptimization/HtZt_4000_1000_pt360_ak6_ca6_th85.root,ok,,1000,995,0.995,0.002230470802319547,0.6974874371859296,0.014562245952794572,0.48693467336683416,0.4045226130653266,0.18592964824120603,0.185,0.8140703517587939,0.012333710562002161,468.5715752478095,133.813708317551,1008.818051591069,0.46857157524780946,0.13381370831755102,1.008818051591069,0.9336933667079164,0.22542418289187166,1.8059065609419291
HtZt_4000_1000,HtZt,4000,1000,85,280,0.4,0.4,/eos/uscms/store/user/aji/rootfiles_existingOptimization/HtZt_4000_1000_pt280_ak4_ca4_th85.root,ok,,1000,992,0.992,0.0028170906978654425,0.6955645161290323,0.014610346257820336,0.48689516129032256,0.359375,0.15625,0.155,0.84375,0.011528188519639798,462.9039310198789,98.21528591803315,934.5303452874276,0.46290393101987887,0.09821528591803314,0.9345303452874276,0.9033354475158689,0.2708709760698721,1.8087950544138809
HtZt_4000_1000,HtZt,4000,1000,85,100,1.6,1.4,/eos/uscms/store/user/aji/rootfiles_existingOptimization/HtZt_4000_1000_pt100_ak16_ca14_th85.root,ok,,1000,1000,1.0,0.0,0.0,0.0,0.0,0.105,0.075,0.075,0.925,0.00832916562447884,3740.0811813323603,1555.5971463717044,6126.842934568601,3.7400811813323602,1.5555971463717044,6.1268429345686,0.6111158510426293,0.04557733460437957,1.8101239691758655
HtZt_4000_1000,HtZt,4000,1000,85,100,1.6,1.6,/eos/uscms/store/user/aji/rootfiles_existingOptimization/HtZt_4000_1000_pt100_ak16_ca16_th85.root,ok,,1000,1000,1.0,0.0,0.002,0.0014127986409959489,0.001,0.115,0.073,0.073,0.927,0.008226238508577293,3697.7801958191744,1455.7755479046982,6081.52945791571,3.6977801958191745,1.455775547904698,6.0815294579157095,0.6254771329081477,0.07091651663911272,1.8222551524900652
HtZt_4000_1000,HtZt,4000,1000,85,400,0.8,1.0,/eos/uscms/store/user/aji/rootfiles_existingOptimization/HtZt_4000_1000_pt400_ak8_ca10_th85.root,ok,,1000,996,0.996,0.0019959959919799443,0.6646586345381527,0.014959367123342983,0.44377510040160645,0.39959839357429716,0.17269076305220885,0.172,0.8273092369477911,0.011976745515423612,487.22808403919174,181.64436302554944,1097.4381949397462,0.4872280840391917,0.18164436302554945,1.097438194939746,0.9397999231921654,0.304856727861033,1.8223863517360375
HtZt_4000_1000,HtZt,4000,1000,85,120,1.6,1.4,/eos/uscms/store/user/aji/rootfiles_existingOptimization/HtZt_4000_1000_pt120_ak16_ca14_th85.root,ok,,1000,1000,1.0,0.0,0.0,0.0,0.0,0.1585,0.113,0.113,0.887,0.010011543337567888,2923.565951504575,1256.81010660619,5655.989263720811,2.923565951504575,1.2568101066061899,5.6559892637208105,0.752365301499465,0.04780994929671563,1.8317218966499227
HtZt_4000_1000,HtZt,4000,1000,85,160,1.6,1.6,/eos/uscms/store/user/aji/rootfiles_existingOptimization/HtZt_4000_1000_pt160_ak16_ca16_th85.root,ok,,1000,1000,1.0,0.0,0.003,0.001729450779872038,0.0015,0.308,0.184,0.184,0.8160000000000001,0.012253326079069307,1633.3962776443943,1068.008189035665,4182.809587808835,1.6333962776443944,1.068008189035665,4.182809587808835,0.9534738879364861,0.09945134248075423,1.8328135157009258
HtZt_4000_1000,HtZt,4000,1000,85,100,1.4,1.2,/eos/uscms/store/user/aji/rootfiles_existingOptimization/HtZt_4000_1000_pt100_ak14_ca12_th85.root,ok,,1000,1000,1.0,0.0,0.0,0.0,0.0,0.1605,0.128,0.128,0.872,0.010564847372300274,3058.2599876082945,1267.8554509246235,5908.1974628331845,3.0582599876082943,1.2678554509246236,5.908197462833185,0.7586572153300691,0.026377787121453913,1.8364832140908987
HtZt_4000_1000,HtZt,4000,1000,85,100,1.2,1.2,/eos/uscms/store/user/aji/rootfiles_existingOptimization/HtZt_4000_1000_pt100_ak12_ca12_th85.root,ok,,1000,1000,1.0,0.0,0.005,0.0022304708023195463,0.0025,0.265,0.197,0.197,0.8029999999999999,0.012577400367325516,1996.476137341509,1094.9285142230094,4861.626259878337,1.996476137341509,1.0949285142230094,4.861626259878337,0.9433365306011198,0.042273196388890384,1.8459841443352705
HtZt_4000_1000,HtZt,4000,1000,85,120,1.6,1.6,/eos/uscms/store/user/aji/rootfiles_existingOptimization/HtZt_4000_1000_pt120_ak16_ca16_th85.root,ok,,1000,1000,1.0,0.0,0.002,0.0014127986409959489,0.001,0.168,0.101,0.101,0.899,0.009528850927577784,2863.5283310136224,1212.3707851721795,5655.766929820039,2.8635283310136224,1.2123707851721794,5.655766929820039,0.7758603427323173,0.07757487905593555,1.8612131758336794
HtZt_4000_1000,HtZt,4000,1000,85,100,1.4,1.4,/eos/uscms/store/user/aji/rootfiles_existingOptimization/HtZt_4000_1000_pt100_ak14_ca14_th85.root,ok,,1000,1000,1.0,0.0,0.003,0.001729450779872038,0.0015,0.1675,0.117,0.117,0.883,0.010164201887015036,2965.7473479953774,1246.7813078111574,5910.846252649444,2.9657473479953773,1.2467813078111574,5.910846252649445,0.786322029081615,0.05366191064767588,1.8658967638811528
HtZt_4000_1000,HtZt,4000,1000,85,120,1.4,1.2,/eos/uscms/store/user/aji/rootfiles_existingOptimization/HtZt_4000_1000_pt120_ak14_ca12_th85.root,ok,,1000,1000,1.0,0.0,0.0,0.0,0.0,0.2405,0.184,0.184,0.8160000000000001,0.012253326079069307,2093.0020830983954,1132.7209471198175,5104.699879463363,2.0930020830983955,1.1327209471198174,5.104699879463363,0.9488712324795178,0.031863347706984735,1.8741714407893575
HtZt_4000_1000,HtZt,4000,1000,85,140,1.6,1.4,/eos/uscms/store/user/aji/rootfiles_existingOptimization/HtZt_4000_1000_pt140_ak16_ca14_th85.root,ok,,1000,1000,1.0,0.0,0.0,0.0,0.0,0.233,0.161,0.161,0.839,0.011622349160131098,2189.685425818898,1129.0195699588553,5154.162116389377,2.1896854258188974,1.1290195699588552,5.154162116389377,0.9191143392035869,0.048281356393513206,1.8770828817854766
HtZt_4000_1000,HtZt,4000,1000,85,100,1.4,1.6,/eos/uscms/store/user/aji/rootfiles_existingOptimization/HtZt_4000_1000_pt100_ak14_ca16_th85.root,ok,,1000,1000,1.0,0.0,0.004,0.001995995991979944,0.002,0.179,0.114,0.114,0.886,0.010050074626588601,2914.400196160085,1205.0271328016463,5911.1468557255275,2.914400196160085,1.2050271328016462,5.911146855725527,0.8073907847529835,0.07871215582644478,1.884830804368992
HtZt_4000_1000,HtZt,4000,1000,85,100,1.2,1.4,/eos/uscms/store/user/aji/rootfiles_existingOptimization/HtZt_4000_1000_pt100_ak12_ca14_th85.root,ok,,1000,1000,1.0,0.0,0.009,0.002986469487538756,0.0045,0.276,0.191,0.191,0.8089999999999999,0.01243056716324722,1912.8157744619236,1083.9759306943897,4858.596489519032,1.9128157744619236,1.0839759306943897,4.858596489519032,0.9866659950267416,0.06649354925185288,1.8869475724729339
HtZt_4000_1000,HtZt,4000,1000,85,140,1.6,1.6,/eos/uscms/store/user/aji/rootfiles_existingOptimization/HtZt_4000_1000_pt140_ak16_ca16_th85.root,ok,,1000,1000,1.0,0.0,0.002,0.0014127986409959489,0.001,0.243,0.145,0.145,0.855,0.011134406135937382,2166.881749103909,1106.2566667654291,5075.207770424353,2.1668817491039087,1.1062566667654292,5.0752077704243534,0.915820880696476,0.08642900186653599,1.8875090556068668
HtZt_4000_1000,HtZt,4000,1000,85,120,1.4,1.4,/eos/uscms/store/user/aji/rootfiles_existingOptimization/HtZt_4000_1000_pt120_ak14_ca14_th85.root,ok,,1000,1000,1.0,0.0,0.003,0.001729450779872038,0.0015,0.26,0.17,0.17,0.83,0.0118785521003193,2049.1646308005634,1090.9155617220958,5000.1730099212145,2.0491646308005635,1.0909155617220958,5.000173009921214,0.9538661241366092,0.06760499927991448,1.8887825872166655
HtZt_4000_1000,HtZt,4000,1000,85,100,1.2,1.6,/eos/uscms/store/user/aji/rootfiles_existingOptimization/HtZt_4000_1000_pt100_ak12_ca16_th85.root,ok,,1000,1000,1.0,0.0,0.011,0.003298332912245215,0.0055,0.291,0.192,0.192,0.808,0.01245536029185828,1868.1623751841576,1065.4095641393549,4861.019817440215,1.8681623751841574,1.065409564139355,4.861019817440214,1.0158673313733502,0.08925763856233915,1.9106835688917658
HtZt_4000_1000,HtZt,4000,1000,85,120,1.4,1.6,/eos/uscms/store/user/aji/rootfiles_existingOptimization/HtZt_4000_1000_pt120_ak14_ca16_th85.root,ok,,1000,1000,1.0,0.0,0.004,0.001995995991979944,0.002,0.2745,0.168,0.168,0.832,0.011822690049223148,1999.4368712102641,1064.085867531147,4996.006917408163,1.9994368712102641,1.0640858675311469,4.996006917408163,0.9832571126631807,0.09556642684946845,1.915200799784207
HtZt_4000_1000,HtZt,4000,1000,85,360,0.6,0.8,/eos/uscms/store/user/aji/rootfiles_existingOptimization/HtZt_4000_1000_pt360_ak6_ca8_th85.root,ok,,1000,995,0.995,0.002230470802319547,0.721608040201005,0.014209129930618403,0.49899497487437183,0.3954773869346734,0.17688442211055277,0.176,0.8231155778894472,0.012096609572143466,311.3068086906634,130.27806687698788,1010.649372500627,0.31130680869066335,0.13027806687698787,1.0106493725006271,1.41399301436166,0.26464272158036034,2.310977911382041
HtZt_4000_1000,HtZt,4000,1000,85,360,0.6,1.0,/eos/uscms/store/user/aji/rootfiles_existingOptimization/HtZt_4000_1000_pt360_ak6_ca10_th85.root,ok,,1000,995,0.995,0.002230470802319547,0.7226130653266332,0.014193332115064551,0.4994974874371859,0.4035175879396985,0.18391959798994975,0.183,0.8160804020100503,0.01228199562562634,306.7374489582781,130.27806687698788,1002.5695755701936,0.3067374489582781,0.13027806687698787,1.0025695755701935,1.4218862281987834,0.2710912313054722,2.312292885313006
HtZt_4000_1000,HtZt,4000,1000,85,360,0.6,1.4,/eos/uscms/store/user/aji/rootfiles_existingOptimization/HtZt_4000_1000_pt360_ak6_ca14_th85.root,ok,,1000,995,0.995,0.002230470802319547,0.7236180904522613,0.01417744509315169,0.5,0.4221105527638191,0.19899497487437187,0.198,0.8010050251256281,0.01265689375981946,297.7611571071784,130.18687057994794,988.5843513880213,0.29776115710717843,0.13018687057994793,0.9885843513880214,1.441419507412606,0.29880825989988763,2.317648416827516
HtZt_4000_1000,HtZt,4000,1000,85,360,0.6,1.2,/eos/uscms/store/user/aji/rootfiles_existingOptimization/HtZt_4000_1000_pt360_ak6_ca12_th85.root,ok,,1000,995,0.995,0.002230470802319547,0.7236180904522613,0.01417744509315169,0.5,0.4150753768844221,0.19497487437185929,0.194,0.8050251256281407,0.012559793581487911,297.7611571071784,130.27806687698788,991.93841015247,0.29776115710717843,0.13027806687698787,0.9919384101524701,1.446898500205199,0.2878933931966664,2.3271475101226216
HtZt_4000_1000,HtZt,4000,1000,85,360,0.6,1.6,/eos/uscms/store/user/aji/rootfiles_existingOptimization/HtZt_4000_1000_pt360_ak6_ca16_th85.root,ok,,1000,995,0.995,0.002230470802319547,0.7266331658291457,0.014129245771683716,0.5015075376884423,0.42814070351758793,0.2,0.199,0.8,0.012680852498964827,287.1702468848847,129.56932031933644,986.4637974187023,0.2871702468848847,0.12956932031933643,0.9864637974187023,1.4919624968022216,0.3126777391657988,2.368245472113733
HtZt_4000_1000,HtZt,4000,1000,85,380,0.6,0.6,/eos/uscms/store/user/aji/rootfiles_existingOptimization/HtZt_4000_1000_pt380_ak6_ca6_th85.root,ok,,1000,995,0.995,0.002230470802319547,0.7256281407035176,0.014145402226285072,0.5175879396984925,0.38241206030150754,0.16884422110552763,0.168,0.8311557788944723,0.011876070704644017,243.39386840945048,131.70443404425697,994.0592116069855,0.2433938684094505,0.131704434044257,0.9940592116069854,1.7715211627928686,0.22463581180137712,2.683337554846396
HtZt_4000_1000,HtZt,4000,1000,85,380,0.6,1.4,/eos/uscms/store/user/aji/rootfiles_existingOptimization/HtZt_4000_1000_pt380_ak6_ca14_th85.root,ok,,1000,995,0.995,0.002230470802319547,0.749748743718593,0.013732021229455467,0.5296482412060302,0.39849246231155777,0.18090452261306533,0.18,0.8190954773869347,0.012203388454032113,224.81496299880476,127.89836427873642,979.693880384146,0.22481496299880477,0.1278983642787364,0.9796938803841461,1.8944368843232604,0.28705756419953926,2.7960508654103142
HtZt_4000_1000,HtZt,4000,1000,85,380,0.6,1.2,/eos/uscms/store/user/aji/rootfiles_existingOptimization/HtZt_4000_1000_pt380_ak6_ca12_th85.root,ok,,1000,995,0.995,0.002230470802319547,0.749748743718593,0.013732021229455467,0.5296482412060302,0.3914572864321608,0.17688442211055277,0.176,0.8231155778894472,0.012096609572143466,225.0128498852631,127.98525909579097,985.8494722249312,0.2250128498852631,0.12798525909579095,0.9858494722249312,1.9062560506357218,0.28160356372575673,2.8118703435366426
HtZt_4000_1000,HtZt,4000,1000,85,380,0.6,1.6,/eos/uscms/store/user/aji/rootfiles_existingOptimization/HtZt_4000_1000_pt380_ak6_ca16_th85.root,ok,,1000,995,0.995,0.002230470802319547,0.7527638190954774,0.013676464461148358,0.5311557788944724,0.4045226130653266,0.18190954773869347,0.181,0.8180904522613065,0.012229729991234064,221.5919968622535,127.29390277763919,977.5712467641683,0.2215919968622535,0.1272939027776392,0.9775712467641683,1.9185651016879466,0.29880825989988763,2.819496354263028
HtZt_4000_1000,HtZt,4000,1000,85,380,0.6,1.0,/eos/uscms/store/user/aji/rootfiles_existingOptimization/HtZt_4000_1000_pt380_ak6_ca10_th85.root,ok,,1000,995,0.995,0.002230470802319547,0.749748743718593,0.013732021229455467,0.5296482412060302,0.38140703517587937,0.16683417085427135,0.166,0.8331658291457287,0.011819434225745442,225.0128498852631,127.98525909579097,992.4240764623992,0.2250128498852631,0.12798525909579095,0.9924240764623993,1.9208654479230778,0.2697973330952768,2.83652999208028
HtZt_4000_1000,HtZt,4000,1000,85,380,0.6,0.8,/eos/uscms/store/user/aji/rootfiles_existingOptimization/HtZt_4000_1000_pt380_ak6_ca8_th85.root,ok,,1000,995,0.995,0.002230470802319547,0.7477386934673367,0.013768565894568043,0.528643216080402,0.3758793969849246,0.1628140703517588,0.162,0.8371859296482412,0.011704298435042315,225.29461614906018,127.98525909579097,995.4660146180819,0.22529461614906016,0.12798525909579095,0.9954660146180818,1.9252141270618413,0.2559757682833734,2.8448705950951765
HtZt_4000_1000,HtZt,4000,1000,85,400,0.6,0.6,/eos/uscms/store/user/aji/rootfiles_existingOptimization/HtZt_4000_1000_pt400_ak6_ca6_th85.root,ok,,1000,991,0.991,0.0029864694875387575,0.7467204843592331,0.013814724832486578,0.5418768920282543,0.35923309788092833,0.14934409687184663,0.148,0.8506559031281533,0.011322287104149864,220.67353872310863,130.87337420539902,987.9674145419104,0.22067353872310863,0.13087337420539905,0.9879674145419105,1.94199550452661,0.22250190032937192,2.879584053782452
HtZt_4000_1000,HtZt,4000,1000,85,400,0.6,1.4,/eos/uscms/store/user/aji/rootfiles_existingOptimization/HtZt_4000_1000_pt400_ak6_ca14_th85.root,ok,,1000,991,0.991,0.0029864694875387575,0.7709384460141272,0.013349012082686238,0.5539858728557013,0.3763874873864783,0.16145307769929365,0.16,0.8385469223007064,0.011688264246265751,205.69021388978638,126.71523921663731,975.8166425492324,0.20569021388978637,0.12671523921663733,0.9758166425492324,2.0640296572095633,0.27435850315503824,2.9910075581212907
HtZt_4000_1000,HtZt,4000,1000,85,400,0.6,1.2,/eos/uscms/store/user/aji/rootfiles_existingOptimization/HtZt_4000_1000_pt400_ak6_ca12_th85.root,ok,,1000,991,0.991,0.0029864694875387575,0.7709384460141272,0.013349012082686238,0.5539858728557013,0.3693239152371342,0.1574167507568113,0.156,0.8425832492431887,0.011568979597977735,206.3760515272816,126.85205202311776,978.7945097531576,0.2063760515272816,0.12685205202311778,0.9787945097531576,2.0640535842828123,0.2708585136145216,2.9949992283732727
HtZt_4000_1000,HtZt,4000,1000,85,400,0.6,1.6,/eos/uscms/store/user/aji/rootfiles_existingOptimization/HtZt_4000_1000_pt400_ak6_ca16_th85.root,ok,,1000,991,0.991,0.0029864694875387575,0.7739656912209889,0.013286518892939478,0.5554994954591322,0.3819374369323915,0.16246215943491424,0.161,0.8375378405650857,0.011717676461722832,204.19817418168424,126.43082751540301,974.2588202815277,0.20419817418168423,0.12643082751540302,0.9742588202815277,2.075993079183397,0.28160356372575673,3.0021111023303146
HtZt_4000_1000,HtZt,4000,1000,85,280,0.4,1.2,/eos/uscms/store/user/aji/rootfiles_existingOptimization/HtZt_4000_1000_pt280_ak4_ca12_th85.root,ok,,1000,992,0.992,0.0028170906978654425,0.7449596774193549,0.013839327014574672,0.5115927419354839,0.3634072580645161,0.1431451612903226,0.142,0.8568548387096774,0.011119522214724885,196.0848351484576,95.74124090457602,909.3269148548616,0.19608483514845762,0.09574124090457602,0.9093269148548616,2.074575714471526,0.41596040854954164,3.0198220696663576
HtZt_4000_1000,HtZt,4000,1000,85,280,0.4,1.4,/eos/uscms/store/user/aji/rootfiles_existingOptimization/HtZt_4000_1000_pt280_ak4_ca14_th85.root,ok,,1000,992,0.992,0.0028170906978654425,0.7479838709677419,0.013784926306881133,0.5131048387096774,0.36693548387096775,0.14415322580645162,0.143,0.8558467741935484,0.011152040953813344,194.1394003104529,95.63014806088495,901.5952926662105,0.1941394003104529,0.09563014806088496,0.9015952926662105,2.0757382152115635,0.4373852966369955,3.0201710493740666
HtZt_4000_1000,HtZt,4000,1000,85,400,0.6,1.0,/eos/uscms/store/user/aji/rootfiles_existingOptimization/HtZt_4000_1000_pt400_ak6_ca10_th85.root,ok,,1000,991,0.991,0.0029864694875387575,0.7709384460141272,0.013349012082686238,0.5539858728557013,0.35872855701311807,0.14732593340060546,0.146,0.8526740665993946,0.011258856935035554,206.3760515272816,126.85205202311776,987.2801994758823,0.2063760515272816,0.12685205202311778,0.9872801994758823,2.0846123886109464,0.25330794728773665,3.0256488500576126
HtZt_4000_1000,HtZt,4000,1000,85,400,0.6,0.8,/eos/uscms/store/user/aji/rootfiles_existingOptimization/HtZt_4000_1000_pt400_ak6_ca8_th85.root,ok,,1000,991,0.991,0.0029864694875387575,0.768920282542886,0.01339012850986316,0.5529767911200807,0.35317860746720486,0.1432896064581231,0.142,0.856710393541877,0.011129804493873461,207.11780454285667,126.90399682713446,989.9917496040435,0.20711780454285666,0.12690399682713446,0.9899917496040436,2.083567259420036,0.24746106801372678,3.028565872507627
HtZt_4000_1000,HtZt,4000,1000,85,280,0.4,1.0,/eos/uscms/store/user/aji/rootfiles_existingOptimization/HtZt_4000_1000_pt280_ak4_ca10_th85.root,ok,,1000,992,0.992,0.0028170906978654425,0.7429435483870968,0.01387510652011881,0.5105846774193549,0.35836693548387094,0.1431451612903226,0.142,0.8568548387096774,0.011119522214724885,197.52803410592375,95.74124090457602,928.337782652928,0.19752803410592373,0.09574124090457602,0.928337782652928,2.1075401917427956,0.38329366088587424,3.0526422270418805
HtZt_4000_1000,HtZt,4000,1000,85,280,0.4,0.6,/eos/uscms/store/user/aji/rootfiles_existingOptimization/HtZt_4000_1000_pt280_ak4_ca6_th85.root,ok,,1000,992,0.992,0.0028170906978654425,0.7409274193548387,0.013910499436019312,0.5095766129032258,0.3553427419354839,0.14213709677419356,0.141,0.8578629032258065,0.011086815699452484,198.19945569067863,95.74124090457602,933.9322094744059,0.19819945569067862,0.09574124090457602,0.9339322094744058,2.1145138003758155,0.3498112627246651,3.060556758032554
HtZt_4000_1000,HtZt,4000,1000,85,280,0.4,0.8,/eos/uscms/store/user/aji/rootfiles_existingOptimization/HtZt_4000_1000_pt280_ak4_ca8_th85.root,ok,,1000,992,0.992,0.0028170906978654425,0.7429435483870968,0.01387510652011881,0.5105846774193549,0.3538306451612903,0.14012096774193547,0.139,0.8598790322580645,0.011020832643601167,197.86322928164242,95.74124090457602,932.814524709926,0.19786322928164243,0.09574124090457602,0.932814524709926,2.1152825788915113,0.3650602673055827,3.063375288221412
HtZt_4000_1000,HtZt,4000,1000,85,280,0.4,1.6,/eos/uscms/store/user/aji/rootfiles_existingOptimization/HtZt_4000_1000_pt280_ak4_ca16_th85.root,ok,,1000,992,0.992,0.0028170906978654425,0.7520161290322581,0.01371101036206984,0.5151209677419355,0.3689516129032258,0.1431451612903226,0.142,0.8568548387096774,0.011119522214724885,188.68302300421826,95.30387003981126,895.0583616240351,0.18868302300421824,0.09530387003981126,0.8950583616240351,2.119306970098588,0.44431158458191516,3.0652935065078437
HtZt_4000_1000,HtZt,4000,1000,85,300,0.4,0.4,/eos/uscms/store/user/aji/rootfiles_existingOptimization/HtZt_4000_1000_pt300_ak4_ca4_th85.root,ok,,1000,991,0.991,0.0029864694875387575,0.7204843592330978,0.014255370483511462,0.5262361251261353,0.33804238143289606,0.14228052472250252,0.141,0.8577194752774975,0.011097075414358483,182.97225946148376,95.43641201170125,920.9992879604868,0.18297225946148377,0.09543641201170125,0.9209992879604867,2.255978251508035,0.2401348694809879,3.2044005008393843
HtZt_4000_1000,HtZt,4000,1000,85,300,0.4,1.4,/eos/uscms/store/user/aji/rootfiles_existingOptimization/HtZt_4000_1000_pt300_ak4_ca14_th85.root,ok,,1000,991,0.991,0.0029864694875387575,0.7769929364278506,0.01322303104889942,0.5544904137235116,0.3440968718466196,0.12815338042381433,0.127,0.8718466195761857,0.010618135178161884,162.60073896375954,92.92713984956198,891.8106065318942,0.16260073896375954,0.092927139849562,0.8918106065318943,2.4565800616084146,0.3478931946090141,3.421166607288224
HtZt_4000_1000,HtZt,4000,1000,85,300,0.4,1.2,/eos/uscms/store/user/aji/rootfiles_existingOptimization/HtZt_4000_1000_pt300_ak4_ca12_th85.root,ok,,1000,991,0.991,0.0029864694875387575,0.7749747729566094,0.013265467496038623,0.5534813319878911,0.34056508577194755,0.12714429868819374,0.126,0.8728557013118062,0.010582367624503621,163.36823938093482,93.0604361883847,896.763123273544,0.16336823938093484,0.09306043618838471,0.896763123273544,2.4597886655652847,0.3359341729178975,3.4253075429389974
HtZt_4000_1000,HtZt,4000,1000,85,320,0.4,0.4,/eos/uscms/store/user/aji/rootfiles_existingOptimization/HtZt_4000_1000_pt320_ak4_ca4_th85.root,ok,,1000,989,0.989,0.0032983329122452166,0.7472194135490394,0.013819673611576525,0.5606673407482305,0.31648129423660265,0.12740141557128412,0.126,0.8725985844287159,0.01060220587163382,164.0221670877052,93.50306634041193,906.6704541885456,0.1640221670877052,0.09350306634041193,0.9066704541885455,2.478833813399503,0.22853238253955407,3.4460301811194487
HtZt_4000_1000,HtZt,4000,1000,85,300,0.4,1.6,/eos/uscms/store/user/aji/rootfiles_existingOptimization/HtZt_4000_1000_pt300_ak4_ca16_th85.root,ok,,1000,991,0.991,0.0029864694875387575,0.781029263370333,0.013136808392536137,0.5565085771947528,0.3476286579212916,0.12815338042381433,0.127,0.8718466195761857,0.010618135178161884,160.43983555301864,92.51685648702528,888.9362315900893,0.16043983555301863,0.09251685648702528,0.8889362315900893,2.481987632179668,0.3621564313875662,3.4467902682005516
HtZt_4000_1000,HtZt,4000,1000,85,300,0.4,1.0,/eos/uscms/store/user/aji/rootfiles_existingOptimization/HtZt_4000_1000_pt300_ak4_ca10_th85.root,ok,,1000,991,0.991,0.0029864694875387575,0.7739656912209889,0.013286518892939478,0.5529767911200807,0.334510595358224,0.12613521695257315,0.125,0.8738647830474269,0.010546381342990898,163.36823938093482,93.0604361883847,912.765987017932,0.16336823938093484,0.09306043618838471,0.912765987017932,2.5087665568770503,0.3218947789837291,3.4752945159863837
HtZt_4000_1000,HtZt,4000,1000,85,300,0.4,0.6,/eos/uscms/store/user/aji/rootfiles_existingOptimization/HtZt_4000_1000_pt300_ak4_ca6_th85.root,ok,,1000,991,0.991,0.0029864694875387575,0.7729566094853683,0.013307459776743228,0.5524722502522704,0.33148335015136227,0.12512613521695257,0.124,0.8748738647830474,0.010510174086886067,163.6490232980995,93.0604361883847,920.5251845502352,0.1636490232980995,0.09306043618838471,0.9205251845502351,2.528168918107622,0.31255606540169195,3.495677880560859
HtZt_4000_1000,HtZt,4000,1000,85,300,0.4,0.8,/eos/uscms/store/user/aji/rootfiles_existingOptimization/HtZt_4000_1000_pt300_ak4_ca8_th85.root,ok,,1000,991,0.991,0.0029864694875387575,0.7739656912209889,0.013286518892939478,0.5529767911200807,0.32996972754793136,0.1231079717457114,0.122,0.8768920282542886,0.01043708743788433,163.6490232980995,93.0604361883847,920.5251845502352,0.1636490232980995,0.09306043618838471,0.9205251845502351,2.528168918107622,0.3161473542706433,3.4976960440321005
HtZt_4000_1000,HtZt,4000,1000,85,340,0.4,0.4,/eos/uscms/store/user/aji/rootfiles_existingOptimization/HtZt_4000_1000_pt340_ak4_ca4_th85.root,ok,,1000,989,0.989,0.0032983329122452166,0.775530839231547,0.013267213921924627,0.5904954499494439,0.2987866531850354,0.11122345803842265,0.11,0.8887765419615774,0.00999761348774555,152.60012641158215,91.62219937576872,892.8377478673906,0.15260012641158216,0.09162219937576871,0.8928377478673906,2.625212597565747,0.22229687054830777,3.609729126886166
HtZt_4000_1000,HtZt,4000,1000,85,320,0.4,1.4,/eos/uscms/store/user/aji/rootfiles_existingOptimization/HtZt_4000_1000_pt320_ak4_ca14_th85.root,ok,,1000,989,0.989,0.0032983329122452166,0.8018200202224469,0.012675648628077742,0.5879676440849343,0.3235591506572295,0.11627906976744186,0.115,0.8837209302325582,0.010193191868428297,147.44296840979007,91.41089484486966,887.4776699091061,0.1474429684097901,0.09141089484486967,0.8874776699091061,2.6995752447540196,0.31636027987395665,3.679551878145599
HtZt_4000_1000,HtZt,4000,1000,85,320,0.4,1.2,/eos/uscms/store/user/aji/rootfiles_existingOptimization/HtZt_4000_1000_pt320_ak4_ca12_th85.root,ok,,1000,989,0.989,0.0032983329122452166,0.7997977755308392,0.012724080249150251,0.5869565217391305,0.32103134479271994,0.11627906976744186,0.115,0.8837209302325582,0.010193191868428297,147.70991704683667,91.49750002306334,890.5669742309287,0.14770991704683664,0.09149750002306334,0.8905669742309288,2.704860615264215,0.3060332725066925,3.6848105537920897
HtZt_4000_1000,HtZt,4000,1000,85,320,0.4,1.6,/eos/uscms/store/user/aji/rootfiles_existingOptimization/HtZt_4000_1000_pt320_ak4_ca16_th85.root,ok,,1000,989,0.989,0.0032983329122452166,0.8048533872598584,0.01260203701720495,0.58948432760364,0.3276036400404449,0.11627906976744186,0.115,0.8837209302325582,0.010193191868428297,145.10759574455187,91.2460899613378,883.5399389521099,0.14510759574455187,0.0912460899613378,0.8835399389521098,2.7300219706814315,0.3193628666114054,3.7102321413395347
HtZt_4000_1000,HtZt,4000,1000,85,320,0.4,1.0,/eos/uscms/store/user/aji/rootfiles_existingOptimization/HtZt_4000_1000_pt320_ak4_ca10_th85.root,ok,,1000,989,0.989,0.0032983329122452166,0.7987866531850354,0.012748105427489198,0.5864509605662285,0.313953488372093,0.11324570273003033,0.112,0.8867542972699697,0.010076608154237538,147.70991704683667,91.49750002306334,900.4030056614127,0.14770991704683664,0.09149750002306334,0.9004030056614128,2.7381557102285066,0.2889227624397073,3.721139015793793
HtZt_4000_1000,HtZt,4000,1000,85,320,0.4,0.6,/eos/uscms/store/user/aji/rootfiles_existingOptimization/HtZt_4000_1000_pt320_ak4_ca6_th85.root,ok,,1000,989,0.989,0.0032983329122452166,0.7967644084934277,0.012795778099057102,0.5854398382204247,0.3104145601617796,0.1122345803842265,0.111,0.8877654196157735,0.01003724002959639,147.9324736918535,91.49750002306334,906.9750844507098,0.1479324736918535,0.09149750002306334,0.9069750844507098,2.756249402434464,0.26728753462091936,3.740221574681052
HtZt_4000_1000,HtZt,4000,1000,85,320,0.4,0.8,/eos/uscms/store/user/aji/rootfiles_existingOptimization/HtZt_4000_1000_pt320_ak4_ca8_th85.root,ok,,1000,989,0.989,0.0032983329122452166,0.7987866531850354,0.012748105427489198,0.5864509605662285,0.30940343781597573,0.1102123356926188,0.109,0.8897876643073812,0.009957725443589277,147.9324736918535,91.62219937576872,907.711901273635,0.1479324736918535,0.09162219937576871,0.9077119012736351,2.7583183108186193,0.2759806446957162,3.7443127277568156
HtZt_4000_1000,HtZt,4000,1000,85,360,0.4,0.4,/eos/uscms/store/user/aji/rootfiles_existingOptimization/HtZt_4000_1000_pt360_ak4_ca4_th85.root,ok,,1000,987,0.987,0.0035820385257559714,0.795339412360689,0.012842062644094836,0.621580547112462,0.2826747720364742,0.1033434650455927,0.102,0.8966565349544073,0.009689380083430434,142.52925925691483,89.54946857631342,878.4448913935256,0.14252925925691484,0.0895494685763134,0.8784448913935256,2.767485872480386,0.20853461503964013,3.7628894815091014
HtZt_4000_1000,HtZt,4000,1000,85,340,0.4,1.4,/eos/uscms/store/user/aji/rootfiles_existingOptimization/HtZt_4000_1000_pt340_ak4_ca14_th85.root,ok,,1000,989,0.989,0.0032983329122452166,0.8220424671385238,0.012162060775406623,0.6137512639029322,0.3023255813953488,0.10313447927199192,0.102,0.8968655207280081,0.009670912599797871,139.30211583346784,89.95392971196435,876.8492435197956,0.13930211583346785,0.08995392971196435,0.8768492435197955,2.8244198198272326,0.30616409367596875,3.818355128971894
HtZt_4000_1000,HtZt,4000,1000,85,340,0.4,1.2,/eos/uscms/store/user/aji/rootfiles_existingOptimization/HtZt_4000_1000_pt340_ak4_ca12_th85.root,ok,,1000,989,0.989,0.0032983329122452166,0.8210313447927199,0.0121890598754663,0.6132457027300303,0.30030333670374115,0.10313447927199192,0.102,0.8968655207280081,0.009670912599797871,139.51844514908788,90.11064380339752,884.0394025555881,0.1395184451490879,0.09011064380339752,0.8840394025555882,2.8452465833596663,0.29409139469578777,3.8391602595727656
HtZt_4000_1000,HtZt,4000,1000,85,340,0.4,1.6,/eos/uscms/store/user/aji/rootfiles_existingOptimization/HtZt_4000_1000_pt340_ak4_ca16_th85.root,ok,,1000,989,0.989,0.0032983329122452166,0.8240647118301314,0.012107625827611697,0.6147623862487361,0.3063700707785642,0.10414560161779575,0.103,0.8958543983822043,0.009712723732652872,137.7899383656654,89.61031735779999,874.9188679334173,0.1377899383656654,0.08961031735779998,0.8749188679334173,2.849658545065803,0.31132285950448596,3.842733949611441
HtZt_4000_1000,HtZt,4000,1000,85,380,0.4,0.4,/eos/uscms/store/user/aji/rootfiles_existingOptimization/HtZt_4000_1000_pt380_ak4_ca4_th85.root,ok,,1000,978,0.978,0.004638534251247911,0.8139059304703476,0.012444686073494892,0.6431492842535788,0.2714723926380368,0.09918200408997956,0.097,0.9008179959100204,0.009557967273404059,136.52833274447906,89.21147043875771,869.8898256292432,0.13652833274447906,0.08921147043875771,0.8698898256292432,2.8590342366941948,0.2046692611935755,3.868199399329767
HtZt_4000_1000,HtZt,4000,1000,85,340,0.4,1.0,/eos/uscms/store/user/aji/rootfiles_existingOptimization/HtZt_4000_1000_pt340_ak4_ca10_th85.root,ok,,1000,989,0.989,0.0032983329122452166,0.8200202224469161,0.012215914681744242,0.6127401415571284,0.2937310414560162,0.10010111223458039,0.099,0.8998988877654196,0.0095437304161845,139.51844514908788,90.11064380339752,892.1767159084453,0.1395184451490879,0.09011064380339752,0.8921767159084454,2.8744087251258024,0.269697140965914,3.871355768376313
HtZt_4000_1000,HtZt,4000,1000,85,340,0.4,0.6,/eos/uscms/store/user/aji/rootfiles_existingOptimization/HtZt_4000_1000_pt340_ak4_ca6_th85.root,ok,,1000,989,0.989,0.0032983329122452166,0.8190091001011123,0.012242626143787145,0.6122345803842265,0.29069767441860467,0.0980788675429727,0.097,0.9019211324570273,0.00945744570998914,140.0436626729759,90.11064380339752,896.2785360714357,0.1400436626729759,0.09011064380339752,0.8962785360714358,2.8782733787481973,0.260598839232269,3.877190144937927
HtZt_4000_1000,HtZt,4000,1000,85,340,0.4,0.8,/eos/uscms/store/user/aji/rootfiles_existingOptimization/HtZt_4000_1000_pt340_ak4_ca8_th85.root,ok,,1000,989,0.989,0.0032983329122452166,0.8200202224469161,0.012215914681744242,0.6127401415571284,0.2891809908998989,0.09605662285136501,0.095,0.9039433771486349,0.009369925215374695,140.0436626729759,90.13714838325711,896.2785360714357,0.1400436626729759,0.0901371483832571,0.8962785360714358,2.8781787490471675,0.2648579153340514,3.879117759928505
HtZt_4000_1000,HtZt,4000,1000,85,360,0.4,1.4,/eos/uscms/store/user/aji/rootfiles_existingOptimization/HtZt_4000_1000_pt360_ak4_ca14_th85.root,ok,,1000,987,0.987,0.0035820385257559714,0.8368794326241135,0.011760539168541886,0.6423505572441742,0.28520770010131713,0.09625126646403243,0.095,0.9037487335359675,0.009387900994048943,133.44087089869987,88.27841449877563,867.6738795884355,0.13344087089869985,0.08827841449877565,0.8676738795884354,2.9203776168447266,0.265135727601264,3.923782263290824
HtZt_4000_1000,HtZt,4000,1000,85,400,0.4,0.4,/eos/uscms/store/user/aji/rootfiles_existingOptimization/HtZt_4000_1000_pt400_ak4_ca4_th85.root,ok,,1000,974,0.974,0.005032295698784007,0.8275154004106776,0.012105527717880421,0.6673511293634496,0.2571868583162218,0.09342915811088295,0.091,0.9065708418891171,0.009325295714881884,133.19538457410033,88.41552804484222,866.1363457832082,0.13319538457410035,0.08841552804484223,0.8661363457832082,2.9194735997240877,0.1853109850611323,3.938724903155795
HtZt_4000_1000,HtZt,4000,1000,85,360,0.4,1.6,/eos/uscms/store/user/aji/rootfiles_existingOptimization/HtZt_4000_1000_pt360_ak4_ca16_th85.root,ok,,1000,987,0.987,0.0035820385257559714,0.8389057750759878,0.011701404743394594,0.6433637284701115,0.28926038500506585,0.0972644376899696,0.096,0.9027355623100304,0.009431890269374394,132.43136296449768,88.2278640828694,866.7366462289098,0.1324313629644977,0.0882278640828694,0.8667366462289097,2.9392915874268524,0.2720448111738302,3.941784013440433
HtZt_4000_1000,HtZt,4000,1000,85,360,0.4,1.2,/eos/uscms/store/user/aji/rootfiles_existingOptimization/HtZt_4000_1000_pt360_ak4_ca12_th85.root,ok,,1000,987,0.987,0.0035820385257559714,0.8368794326241135,0.011760539168541886,0.6423505572441742,0.281661600810537,0.09422492401215805,0.093,0.9057750759878419,0.009298962678531326,133.58041696867824,88.30478880846366,873.1552672344491,0.13358041696867823,0.08830478880846367,0.873155267234449,2.9377452782244875,0.25672144685286974,3.9431623125154616
HtZt_4000_1000,HtZt,4000,1000,85,360,0.4,1.0,/eos/uscms/store/user/aji/rootfiles_existingOptimization/HtZt_4000_1000_pt360_ak4_ca10_th85.root,ok,,1000,987,0.987,0.0035820385257559714,0.8368794326241135,0.011760539168541886,0.6423505572441742,0.27608915906788245,0.09017223910840932,0.089,0.9098277608915907,0.009117115205385568,133.58041696867824,88.30478880846366,878.4448913935256,0.13358041696867823,0.08830478880846367,0.8784448913935256,2.957544678013443,0.24410008048833737,3.9670143972081657
HtZt_4000_1000,HtZt,4000,1000,85,360,0.4,0.6,/eos/uscms/store/user/aji/rootfiles_existingOptimization/HtZt_4000_1000_pt360_ak4_ca6_th85.root,ok,,1000,987,0.987,0.0035820385257559714,0.8358662613981763,0.011789862836717992,0.6418439716312057,0.2735562310030395,0.08915906788247213,0.088,0.9108409321175279,0.009070797108255122,133.7066842119724,88.30478880846366,886.4486566861797,0.1337066842119724,0.08830478880846367,0.8864486566861797,2.984682002181639,0.23619144566218744,3.9951522658779695
HtZt_4000_1000,HtZt,4000,1000,85,360,0.4,0.8,/eos/uscms/store/user/aji/rootfiles_existingOptimization/HtZt_4000_1000_pt360_ak4_ca8_th85.root,ok,,1000,987,0.987,0.0035820385257559714,0.8368794326241135,0.011760539168541886,0.6423505572441742,0.27203647416413373,0.08713272543059777,0.086,0.9128672745694022,0.008977096467255162,133.7066842119724,88.44636037032643,886.4486566861797,0.1337066842119724,0.08844636037032644,0.8864486566861797,2.9841525912449423,0.23839287724183533,3.996649197393147
HtZt_4000_1000,HtZt,4000,1000,85,380,0.4,1.4,/eos/uscms/store/user/aji/rootfiles_existingOptimization/HtZt_4000_1000_pt380_ak4_ca14_th85.root,ok,,1000,978,0.978,0.004638534251247911,0.8619631901840491,0.011029920682282797,0.6671779141104295,0.26993865030674846,0.08588957055214724,0.084,0.9141104294478528,0.008959837233683725,129.99991330875025,88.0800424296445,865.9235946464593,0.12999991330875027,0.0880800424296445,0.8659235946464593,2.9917079651023823,0.2654348392604521,4.01481840321936
HtZt_4000_1000,HtZt,4000,1000,85,380,0.4,1.2,/eos/uscms/store/user/aji/rootfiles_existingOptimization/HtZt_4000_1000_pt380_ak4_ca12_th85.root,ok,,1000,978,0.978,0.004638534251247911,0.8619631901840491,0.011029920682282797,0.6671779141104295,0.26738241308793453,0.08486707566462168,0.083,0.9151329243353783,0.008911324975259293,130.10642468543102,88.1814316794678,866.5877204297856,0.130106424685431,0.0881814316794678,0.8665877204297856,2.991421409943186,0.2579258305345431,4.015543691810021
HtZt_4000_1000,HtZt,4000,1000,85,380,0.4,1.6,/eos/uscms/store/user/aji/rootfiles_existingOptimization/HtZt_4000_1000_pt380_ak4_ca16_th85.root,ok,,1000,978,0.978,0.004638534251247911,0.8640081799591002,0.010960891853671243,0.668200408997955,0.2740286298568507,0.0869120654396728,0.085,0.9130879345603272,0.009007969563965004,129.42989640627098,87.86116462291258,865.5367213896697,0.129429896406271,0.08786116462291259,0.8655367213896697,3.0042346411438445,0.271940875597418,4.026379586063545
HtZt_4000_1000,HtZt,4000,1000,85,380,0.4,1.0,/eos/uscms/store/user/aji/rootfiles_existingOptimization/HtZt_4000_1000_pt380_ak4_ca10_th85.root,ok,,1000,978,0.978,0.004638534251247911,0.8619631901840491,0.011029920682282797,0.6671779141104295,0.26278118609406953,0.081799591002045,0.08,0.918200408997955,0.008763445288648766,130.10642468543102,88.1814316794678,871.9316447800924,0.130106424685431,0.0881814316794678,0.8719316447800923,3.0119581527029196,0.246510444693818,4.039147919232332
HtZt_4000_1000,HtZt,4000,1000,85,380,0.4,0.6,/eos/uscms/store/user/aji/rootfiles_existingOptimization/HtZt_4000_1000_pt380_ak4_ca6_th85.root,ok,,1000,978,0.978,0.004638534251247911,0.8609406952965235,0.011064128670162888,0.6666666666666666,0.2602249488752556,0.08077709611451943,0.079,0.9192229038854806,0.008713348998799046,130.2035648001696,88.1814316794678,875.7799130369849,0.13020356480016962,0.0881814316794678,0.875779913036985,3.0244889322588318,0.23764132032571028,4.052691479664295
HtZt_4000_1000,HtZt,4000,1000,85,380,0.4,0.8,/eos/uscms/store/user/aji/rootfiles_existingOptimization/HtZt_4000_1000_pt380_ak4_ca8_th85.root,ok,,1000,978,0.978,0.004638534251247911,0.8619631901840491,0.011029920682282797,0.6671779141104295,0.25971370143149286,0.07975460122699386,0.078,0.9202453987730062,0.008662839614952692,130.2035648001696,88.23307723212804,876.1367141187033,0.13020356480016962,0.08823307723212803,0.8761367141187033,3.025660772405937,0.2384523903425621,4.054885814698926
HtZt_4000_1000,HtZt,4000,1000,85,400,0.4,1.4,/eos/uscms/store/user/aji/rootfiles_existingOptimization/HtZt_4000_1000_pt400_ak4_ca14_th85.root,ok,,1000,974,0.974,0.005032295698784007,0.8767967145790554,0.010531279111058656,0.6919917864476386,0.2535934291581109,0.07905544147843943,0.077,0.9209445585215605,0.008645759464961048,127.3762013337925,86.94318696881747,864.082259697449,0.1273762013337925,0.08694318696881748,0.864082259697449,3.0505662148462074,0.24005270533569611,4.084773153234389
HtZt_4000_1000,HtZt,4000,1000,85,400,0.4,1.6,/eos/uscms/store/user/aji/rootfiles_existingOptimization/HtZt_4000_1000_pt400_ak4_ca16_th85.root,ok,,1000,974,0.974,0.005032295698784007,0.87782340862423,0.010493445294244105,0.6925051334702259,0.25770020533880905,0.08008213552361396,0.078,0.919917864476386,0.008696867847853633,127.13330972441995,86.84019228055847,863.240678033307,0.12713330972441994,0.08684019228055846,0.863240678033307,3.0534896300415295,0.24394498105192391,4.086694163545474
HtZt_4000_1000,HtZt,4000,1000,85,400,0.4,1.2,/eos/uscms/store/user/aji/rootfiles_existingOptimization/HtZt_4000_1000_pt400_ak4_ca12_th85.root,ok,,1000,974,0.974,0.005032295698784007,0.8767967145790554,0.010531279111058656,0.6919917864476386,0.2510266940451745,0.07802874743326489,0.076,0.9219712525667351,0.008594221233547028,127.38759039823859,87.18674294576095,864.7493850447265,0.1273875903982386,0.08718674294576095,0.8647493850447265,3.0519560016330955,0.2356171422059981,4.087188495160007
HtZt_4000_1000,HtZt,4000,1000,85,400,0.4,1.0,/eos/uscms/store/user/aji/rootfiles_existingOptimization/HtZt_4000_1000_pt400_ak4_ca10_th85.root,ok,,1000,974,0.974,0.005032295698784007,0.8767967145790554,0.010531279111058656,0.6919917864476386,0.24845995893223818,0.07597535934291581,0.074,0.9240246406570842,0.008489823846717082,127.38759039823859,87.18674294576095,866.5966636637423,0.1273875903982386,0.08718674294576095,0.8665966636637423,3.059206623978808,0.2311898498716738,4.096492505596068
HtZt_4000_1000,HtZt,4000,1000,85,400,0.4,0.6,/eos/uscms/store/user/aji/rootfiles_existingOptimization/HtZt_4000_1000_pt400_ak4_ca6_th85.root,ok,,1000,974,0.974,0.005032295698784007,0.8757700205338809,0.010568875096669502,0.6914784394250514,0.24486652977412732,0.07392197125256673,0.072,0.9260780287474333,0.008383610282833808,127.44151710751174,87.18674294576095,869.9444257370085,0.12744151710751175,0.08718674294576095,0.8699444257370085,3.071046628120804,0.21558764592226654,4.110380505157487
HtZt_4000_1000,HtZt,4000,1000,85,400,0.4,0.8,/eos/uscms/store/user/aji/rootfiles_existingOptimization/HtZt_4000_1000_pt400_ak4_ca8_th85.root,ok,,1000,974,0.974,0.005032295698784007,0.8767967145790554,0.010531279111058656,0.6919917864476386,0.24435318275154005,0.0728952772073922,0.071,0.9271047227926078,0.008329800770180093,127.44151710751174,87.26864264914775,870.1794191051929,0.12744151710751175,0.08726864264914776,0.8701794191051929,3.071647270942203,0.2175889246211551,4.11200784202406
HtZt_4000_1000,HtZt,4000,1000,85,100,0.8,0.4,/eos/uscms/store/user/aji/rootfiles_existingOptimization/HtZt_4000_1000_pt100_ak8_ca4_th85.root,failed,/eos/uscms/store/user/aji/rootfiles_existingOptimization/HtZt_4000_1000_pt100_ak8_ca4_th85.root,nan,nan,nan,nan,nan,nan,nan,nan,nan,nan,nan,nan,nan,nan,nan,nan,nan,nan,nan,nan,nan
HtZt_4000_1000,HtZt,4000,1000,85,100,1.0,0.4,/eos/uscms/store/user/aji/rootfiles_existingOptimization/HtZt_4000_1000_pt100_ak10_ca4_th85.root,failed,/eos/uscms/store/user/aji/rootfiles_existingOptimization/HtZt_4000_1000_pt100_ak10_ca4_th85.root,nan,nan,nan,nan,nan,nan,nan,nan,nan,nan,nan,nan,nan,nan,nan,nan,nan,nan,nan,nan,nan
HtZt_4000_1000,HtZt,4000,1000,85,100,1.0,0.6,/eos/uscms/store/user/aji/rootfiles_existingOptimization/HtZt_4000_1000_pt100_ak10_ca6_th85.root,failed,/eos/uscms/store/user/aji/rootfiles_existingOptimization/HtZt_4000_1000_pt100_ak10_ca6_th85.root,nan,nan,nan,nan,nan,nan,nan,nan,nan,nan,nan,nan,nan,nan,nan,nan,nan,nan,nan,nan,nan
HtZt_4000_1000,HtZt,4000,1000,85,100,1.2,0.4,/eos/uscms/store/user/aji/rootfiles_existingOptimization/HtZt_4000_1000_pt100_ak12_ca4_th85.root,failed,/eos/uscms/store/user/aji/rootfiles_existingOptimization/HtZt_4000_1000_pt100_ak12_ca4_th85.root,nan,nan,nan,nan,nan,nan,nan,nan,nan,nan,nan,nan,nan,nan,nan,nan,nan,nan,nan,nan,nan
HtZt_4000_1000,HtZt,4000,1000,85,100,1.2,0.6,/eos/uscms/store/user/aji/rootfiles_existingOptimization/HtZt_4000_1000_pt100_ak12_ca6_th85.root,failed,/eos/uscms/store/user/aji/rootfiles_existingOptimization/HtZt_4000_1000_pt100_ak12_ca6_th85.root,nan,nan,nan,nan,nan,nan,nan,nan,nan,nan,nan,nan,nan,nan,nan,nan,nan,nan,nan,nan,nan
HtZt_4000_1000,HtZt,4000,1000,85,100,1.2,0.8,/eos/uscms/store/user/aji/rootfiles_existingOptimization/HtZt_4000_1000_pt100_ak12_ca8_th85.root,failed,/eos/uscms/store/user/aji/rootfiles_existingOptimization/HtZt_4000_1000_pt100_ak12_ca8_th85.root,nan,nan,nan,nan,nan,nan,nan,nan,nan,nan,nan,nan,nan,nan,nan,nan,nan,nan,nan,nan,nan
HtZt_4000_1000,HtZt,4000,1000,85,100,1.4,0.4,/eos/uscms/store/user/aji/rootfiles_existingOptimization/HtZt_4000_1000_pt100_ak14_ca4_th85.root,failed,/eos/uscms/store/user/aji/rootfiles_existingOptimization/HtZt_4000_1000_pt100_ak14_ca4_th85.root,nan,nan,nan,nan,nan,nan,nan,nan,nan,nan,nan,nan,nan,nan,nan,nan,nan,nan,nan,nan,nan
HtZt_4000_1000,HtZt,4000,1000,85,100,1.4,0.6,/eos/uscms/store/user/aji/rootfiles_existingOptimization/HtZt_4000_1000_pt100_ak14_ca6_th85.root,failed,/eos/uscms/store/user/aji/rootfiles_existingOptimization/HtZt_4000_1000_pt100_ak14_ca6_th85.root,nan,nan,nan,nan,nan,nan,nan,nan,nan,nan,nan,nan,nan,nan,nan,nan,nan,nan,nan,nan,nan
HtZt_4000_1000,HtZt,4000,1000,85,100,1.4,0.8,/eos/uscms/store/user/aji/rootfiles_existingOptimization/HtZt_4000_1000_pt100_ak14_ca8_th85.root,failed,/eos/uscms/store/user/aji/rootfiles_existingOptimization/HtZt_4000_1000_pt100_ak14_ca8_th85.root,nan,nan,nan,nan,nan,nan,nan,nan,nan,nan,nan,nan,nan,nan,nan,nan,nan,nan,nan,nan,nan
HtZt_4000_1000,HtZt,4000,1000,85,100,1.4,1.0,/eos/uscms/store/user/aji/rootfiles_existingOptimization/HtZt_4000_1000_pt100_ak14_ca10_th85.root,failed,/eos/uscms/store/user/aji/rootfiles_existingOptimization/HtZt_4000_1000_pt100_ak14_ca10_th85.root,nan,nan,nan,nan,nan,nan,nan,nan,nan,nan,nan,nan,nan,nan,nan,nan,nan,nan,nan,nan,nan
HtZt_4000_1000,HtZt,4000,1000,85,100,1.6,0.4,/eos/uscms/store/user/aji/rootfiles_existingOptimization/HtZt_4000_1000_pt100_ak16_ca4_th85.root,failed,/eos/uscms/store/user/aji/rootfiles_existingOptimization/HtZt_4000_1000_pt100_ak16_ca4_th85.root,nan,nan,nan,nan,nan,nan,nan,nan,nan,nan,nan,nan,nan,nan,nan,nan,nan,nan,nan,nan,nan
HtZt_4000_1000,HtZt,4000,1000,85,100,1.6,0.6,/eos/uscms/store/user/aji/rootfiles_existingOptimization/HtZt_4000_1000_pt100_ak16_ca6_th85.root,failed,/eos/uscms/store/user/aji/rootfiles_existingOptimization/HtZt_4000_1000_pt100_ak16_ca6_th85.root,nan,nan,nan,nan,nan,nan,nan,nan,nan,nan,nan,nan,nan,nan,nan,nan,nan,nan,nan,nan,nan
HtZt_4000_1000,HtZt,4000,1000,85,100,1.6,0.8,/eos/uscms/store/user/aji/rootfiles_existingOptimization/HtZt_4000_1000_pt100_ak16_ca8_th85.root,failed,/eos/uscms/store/user/aji/rootfiles_existingOptimization/HtZt_4000_1000_pt100_ak16_ca8_th85.root,nan,nan,nan,nan,nan,nan,nan,nan,nan,nan,nan,nan,nan,nan,nan,nan,nan,nan,nan,nan,nan
HtZt_4000_1000,HtZt,4000,1000,85,100,1.6,1.0,/eos/uscms/store/user/aji/rootfiles_existingOptimization/HtZt_4000_1000_pt100_ak16_ca10_th85.root,failed,/eos/uscms/store/user/aji/rootfiles_existingOptimization/HtZt_4000_1000_pt100_ak16_ca10_th85.root,nan,nan,nan,nan,nan,nan,nan,nan,nan,nan,nan,nan,nan,nan,nan,nan,nan,nan,nan,nan,nan
HtZt_4000_1000,HtZt,4000,1000,85,100,1.6,1.2,/eos/uscms/store/user/aji/rootfiles_existingOptimization/HtZt_4000_1000_pt100_ak16_ca12_th85.root,failed,/eos/uscms/store/user/aji/rootfiles_existingOptimization/HtZt_4000_1000_pt100_ak16_ca12_th85.root,nan,nan,nan,nan,nan,nan,nan,nan,nan,nan,nan,nan,nan,nan,nan,nan,nan,nan,nan,nan,nan
HtZt_4000_1000,HtZt,4000,1000,85,120,0.8,0.4,/eos/uscms/store/user/aji/rootfiles_existingOptimization/HtZt_4000_1000_pt120_ak8_ca4_th85.root,failed,/eos/uscms/store/user/aji/rootfiles_existingOptimization/HtZt_4000_1000_pt120_ak8_ca4_th85.root,nan,nan,nan,nan,nan,nan,nan,nan,nan,nan,nan,nan,nan,nan,nan,nan,nan,nan,nan,nan,nan
HtZt_4000_1000,HtZt,4000,1000,85,120,1.0,0.4,/eos/uscms/store/user/aji/rootfiles_existingOptimization/HtZt_4000_1000_pt120_ak10_ca4_th85.root,failed,/eos/uscms/store/user/aji/rootfiles_existingOptimization/HtZt_4000_1000_pt120_ak10_ca4_th85.root,nan,nan,nan,nan,nan,nan,nan,nan,nan,nan,nan,nan,nan,nan,nan,nan,nan,nan,nan,nan,nan
HtZt_4000_1000,HtZt,4000,1000,85,120,1.0,0.6,/eos/uscms/store/user/aji/rootfiles_existingOptimization/HtZt_4000_1000_pt120_ak10_ca6_th85.root,failed,/eos/uscms/store/user/aji/rootfiles_existingOptimization/HtZt_4000_1000_pt120_ak10_ca6_th85.root,nan,nan,nan,nan,nan,nan,nan,nan,nan,nan,nan,nan,nan,nan,nan,nan,nan,nan,nan,nan,nan
HtZt_4000_1000,HtZt,4000,1000,85,120,1.2,0.4,/eos/uscms/store/user/aji/rootfiles_existingOptimization/HtZt_4000_1000_pt120_ak12_ca4_th85.root,failed,/eos/uscms/store/user/aji/rootfiles_existingOptimization/HtZt_4000_1000_pt120_ak12_ca4_th85.root,nan,nan,nan,nan,nan,nan,nan,nan,nan,nan,nan,nan,nan,nan,nan,nan,nan,nan,nan,nan,nan
HtZt_4000_1000,HtZt,4000,1000,85,120,1.2,0.6,/eos/uscms/store/user/aji/rootfiles_existingOptimization/HtZt_4000_1000_pt120_ak12_ca6_th85.root,failed,/eos/uscms/store/user/aji/rootfiles_existingOptimization/HtZt_4000_1000_pt120_ak12_ca6_th85.root,nan,nan,nan,nan,nan,nan,nan,nan,nan,nan,nan,nan,nan,nan,nan,nan,nan,nan,nan,nan,nan
HtZt_4000_1000,HtZt,4000,1000,85,120,1.2,0.8,/eos/uscms/store/user/aji/rootfiles_existingOptimization/HtZt_4000_1000_pt120_ak12_ca8_th85.root,failed,/eos/uscms/store/user/aji/rootfiles_existingOptimization/HtZt_4000_1000_pt120_ak12_ca8_th85.root,nan,nan,nan,nan,nan,nan,nan,nan,nan,nan,nan,nan,nan,nan,nan,nan,nan,nan,nan,nan,nan
HtZt_4000_1000,HtZt,4000,1000,85,120,1.4,0.4,/eos/uscms/store/user/aji/rootfiles_existingOptimization/HtZt_4000_1000_pt120_ak14_ca4_th85.root,failed,/eos/uscms/store/user/aji/rootfiles_existingOptimization/HtZt_4000_1000_pt120_ak14_ca4_th85.root,nan,nan,nan,nan,nan,nan,nan,nan,nan,nan,nan,nan,nan,nan,nan,nan,nan,nan,nan,nan,nan
HtZt_4000_1000,HtZt,4000,1000,85,120,1.4,0.6,/eos/uscms/store/user/aji/rootfiles_existingOptimization/HtZt_4000_1000_pt120_ak14_ca6_th85.root,failed,/eos/uscms/store/user/aji/rootfiles_existingOptimization/HtZt_4000_1000_pt120_ak14_ca6_th85.root,nan,nan,nan,nan,nan,nan,nan,nan,nan,nan,nan,nan,nan,nan,nan,nan,nan,nan,nan,nan,nan
HtZt_4000_1000,HtZt,4000,1000,85,120,1.4,0.8,/eos/uscms/store/user/aji/rootfiles_existingOptimization/HtZt_4000_1000_pt120_ak14_ca8_th85.root,failed,/eos/uscms/store/user/aji/rootfiles_existingOptimization/HtZt_4000_1000_pt120_ak14_ca8_th85.root,nan,nan,nan,nan,nan,nan,nan,nan,nan,nan,nan,nan,nan,nan,nan,nan,nan,nan,nan,nan,nan
HtZt_4000_1000,HtZt,4000,1000,85,120,1.4,1.0,/eos/uscms/store/user/aji/rootfiles_existingOptimization/HtZt_4000_1000_pt120_ak14_ca10_th85.root,failed,/eos/uscms/store/user/aji/rootfiles_existingOptimization/HtZt_4000_1000_pt120_ak14_ca10_th85.root,nan,nan,nan,nan,nan,nan,nan,nan,nan,nan,nan,nan,nan,nan,nan,nan,nan,nan,nan,nan,nan
HtZt_4000_1000,HtZt,4000,1000,85,120,1.6,0.4,/eos/uscms/store/user/aji/rootfiles_existingOptimization/HtZt_4000_1000_pt120_ak16_ca4_th85.root,failed,/eos/uscms/store/user/aji/rootfiles_existingOptimization/HtZt_4000_1000_pt120_ak16_ca4_th85.root,nan,nan,nan,nan,nan,nan,nan,nan,nan,nan,nan,nan,nan,nan,nan,nan,nan,nan,nan,nan,nan
HtZt_4000_1000,HtZt,4000,1000,85,120,1.6,0.6,/eos/uscms/store/user/aji/rootfiles_existingOptimization/HtZt_4000_1000_pt120_ak16_ca6_th85.root,failed,/eos/uscms/store/user/aji/rootfiles_existingOptimization/HtZt_4000_1000_pt120_ak16_ca6_th85.root,nan,nan,nan,nan,nan,nan,nan,nan,nan,nan,nan,nan,nan,nan,nan,nan,nan,nan,nan,nan,nan
HtZt_4000_1000,HtZt,4000,1000,85,120,1.6,0.8,/eos/uscms/store/user/aji/rootfiles_existingOptimization/HtZt_4000_1000_pt120_ak16_ca8_th85.root,failed,/eos/uscms/store/user/aji/rootfiles_existingOptimization/HtZt_4000_1000_pt120_ak16_ca8_th85.root,nan,nan,nan,nan,nan,nan,nan,nan,nan,nan,nan,nan,nan,nan,nan,nan,nan,nan,nan,nan,nan
HtZt_4000_1000,HtZt,4000,1000,85,120,1.6,1.0,/eos/uscms/store/user/aji/rootfiles_existingOptimization/HtZt_4000_1000_pt120_ak16_ca10_th85.root,failed,/eos/uscms/store/user/aji/rootfiles_existingOptimization/HtZt_4000_1000_pt120_ak16_ca10_th85.root,nan,nan,nan,nan,nan,nan,nan,nan,nan,nan,nan,nan,nan,nan,nan,nan,nan,nan,nan,nan,nan
HtZt_4000_1000,HtZt,4000,1000,85,120,1.6,1.2,/eos/uscms/store/user/aji/rootfiles_existingOptimization/HtZt_4000_1000_pt120_ak16_ca12_th85.root,failed,/eos/uscms/store/user/aji/rootfiles_existingOptimization/HtZt_4000_1000_pt120_ak16_ca12_th85.root,nan,nan,nan,nan,nan,nan,nan,nan,nan,nan,nan,nan,nan,nan,nan,nan,nan,nan,nan,nan,nan
HtZt_4000_1000,HtZt,4000,1000,85,140,0.8,0.4,/eos/uscms/store/user/aji/rootfiles_existingOptimization/HtZt_4000_1000_pt140_ak8_ca4_th85.root,failed,/eos/uscms/store/user/aji/rootfiles_existingOptimization/HtZt_4000_1000_pt140_ak8_ca4_th85.root,nan,nan,nan,nan,nan,nan,nan,nan,nan,nan,nan,nan,nan,nan,nan,nan,nan,nan,nan,nan,nan
HtZt_4000_1000,HtZt,4000,1000,85,140,1.0,0.4,/eos/uscms/store/user/aji/rootfiles_existingOptimization/HtZt_4000_1000_pt140_ak10_ca4_th85.root,failed,/eos/uscms/store/user/aji/rootfiles_existingOptimization/HtZt_4000_1000_pt140_ak10_ca4_th85.root,nan,nan,nan,nan,nan,nan,nan,nan,nan,nan,nan,nan,nan,nan,nan,nan,nan,nan,nan,nan,nan
HtZt_4000_1000,HtZt,4000,1000,85,140,1.0,0.6,/eos/uscms/store/user/aji/rootfiles_existingOptimization/HtZt_4000_1000_pt140_ak10_ca6_th85.root,failed,/eos/uscms/store/user/aji/rootfiles_existingOptimization/HtZt_4000_1000_pt140_ak10_ca6_th85.root,nan,nan,nan,nan,nan,nan,nan,nan,nan,nan,nan,nan,nan,nan,nan,nan,nan,nan,nan,nan,nan
HtZt_4000_1000,HtZt,4000,1000,85,140,1.2,0.4,/eos/uscms/store/user/aji/rootfiles_existingOptimization/HtZt_4000_1000_pt140_ak12_ca4_th85.root,failed,/eos/uscms/store/user/aji/rootfiles_existingOptimization/HtZt_4000_1000_pt140_ak12_ca4_th85.root,nan,nan,nan,nan,nan,nan,nan,nan,nan,nan,nan,nan,nan,nan,nan,nan,nan,nan,nan,nan,nan
HtZt_4000_1000,HtZt,4000,1000,85,140,1.2,0.6,/eos/uscms/store/user/aji/rootfiles_existingOptimization/HtZt_4000_1000_pt140_ak12_ca6_th85.root,failed,/eos/uscms/store/user/aji/rootfiles_existingOptimization/HtZt_4000_1000_pt140_ak12_ca6_th85.root,nan,nan,nan,nan,nan,nan,nan,nan,nan,nan,nan,nan,nan,nan,nan,nan,nan,nan,nan,nan,nan
HtZt_4000_1000,HtZt,4000,1000,85,140,1.2,0.8,/eos/uscms/store/user/aji/rootfiles_existingOptimization/HtZt_4000_1000_pt140_ak12_ca8_th85.root,failed,/eos/uscms/store/user/aji/rootfiles_existingOptimization/HtZt_4000_1000_pt140_ak12_ca8_th85.root,nan,nan,nan,nan,nan,nan,nan,nan,nan,nan,nan,nan,nan,nan,nan,nan,nan,nan,nan,nan,nan
HtZt_4000_1000,HtZt,4000,1000,85,140,1.4,0.4,/eos/uscms/store/user/aji/rootfiles_existingOptimization/HtZt_4000_1000_pt140_ak14_ca4_th85.root,failed,/eos/uscms/store/user/aji/rootfiles_existingOptimization/HtZt_4000_1000_pt140_ak14_ca4_th85.root,nan,nan,nan,nan,nan,nan,nan,nan,nan,nan,nan,nan,nan,nan,nan,nan,nan,nan,nan,nan,nan
HtZt_4000_1000,HtZt,4000,1000,85,140,1.4,0.6,/eos/uscms/store/user/aji/rootfiles_existingOptimization/HtZt_4000_1000_pt140_ak14_ca6_th85.root,failed,/eos/uscms/store/user/aji/rootfiles_existingOptimization/HtZt_4000_1000_pt140_ak14_ca6_th85.root,nan,nan,nan,nan,nan,nan,nan,nan,nan,nan,nan,nan,nan,nan,nan,nan,nan,nan,nan,nan,nan
HtZt_4000_1000,HtZt,4000,1000,85,140,1.4,0.8,/eos/uscms/store/user/aji/rootfiles_existingOptimization/HtZt_4000_1000_pt140_ak14_ca8_th85.root,failed,/eos/uscms/store/user/aji/rootfiles_existingOptimization/HtZt_4000_1000_pt140_ak14_ca8_th85.root,nan,nan,nan,nan,nan,nan,nan,nan,nan,nan,nan,nan,nan,nan,nan,nan,nan,nan,nan,nan,nan
HtZt_4000_1000,HtZt,4000,1000,85,140,1.4,1.0,/eos/uscms/store/user/aji/rootfiles_existingOptimization/HtZt_4000_1000_pt140_ak14_ca10_th85.root,failed,/eos/uscms/store/user/aji/rootfiles_existingOptimization/HtZt_4000_1000_pt140_ak14_ca10_th85.root,nan,nan,nan,nan,nan,nan,nan,nan,nan,nan,nan,nan,nan,nan,nan,nan,nan,nan,nan,nan,nan
HtZt_4000_1000,HtZt,4000,1000,85,140,1.6,0.4,/eos/uscms/store/user/aji/rootfiles_existingOptimization/HtZt_4000_1000_pt140_ak16_ca4_th85.root,failed,/eos/uscms/store/user/aji/rootfiles_existingOptimization/HtZt_4000_1000_pt140_ak16_ca4_th85.root,nan,nan,nan,nan,nan,nan,nan,nan,nan,nan,nan,nan,nan,nan,nan,nan,nan,nan,nan,nan,nan
HtZt_4000_1000,HtZt,4000,1000,85,140,1.6,0.6,/eos/uscms/store/user/aji/rootfiles_existingOptimization/HtZt_4000_1000_pt140_ak16_ca6_th85.root,failed,/eos/uscms/store/user/aji/rootfiles_existingOptimization/HtZt_4000_1000_pt140_ak16_ca6_th85.root,nan,nan,nan,nan,nan,nan,nan,nan,nan,nan,nan,nan,nan,nan,nan,nan,nan,nan,nan,nan,nan
HtZt_4000_1000,HtZt,4000,1000,85,140,1.6,0.8,/eos/uscms/store/user/aji/rootfiles_existingOptimization/HtZt_4000_1000_pt140_ak16_ca8_th85.root,failed,/eos/uscms/store/user/aji/rootfiles_existingOptimization/HtZt_4000_1000_pt140_ak16_ca8_th85.root,nan,nan,nan,nan,nan,nan,nan,nan,nan,nan,nan,nan,nan,nan,nan,nan,nan,nan,nan,nan,nan
HtZt_4000_1000,HtZt,4000,1000,85,140,1.6,1.0,/eos/uscms/store/user/aji/rootfiles_existingOptimization/HtZt_4000_1000_pt140_ak16_ca10_th85.root,failed,/eos/uscms/store/user/aji/rootfiles_existingOptimization/HtZt_4000_1000_pt140_ak16_ca10_th85.root,nan,nan,nan,nan,nan,nan,nan,nan,nan,nan,nan,nan,nan,nan,nan,nan,nan,nan,nan,nan,nan
HtZt_4000_1000,HtZt,4000,1000,85,140,1.6,1.2,/eos/uscms/store/user/aji/rootfiles_existingOptimization/HtZt_4000_1000_pt140_ak16_ca12_th85.root,failed,/eos/uscms/store/user/aji/rootfiles_existingOptimization/HtZt_4000_1000_pt140_ak16_ca12_th85.root,nan,nan,nan,nan,nan,nan,nan,nan,nan,nan,nan,nan,nan,nan,nan,nan,nan,nan,nan,nan,nan
HtZt_4000_1000,HtZt,4000,1000,85,160,0.8,0.4,/eos/uscms/store/user/aji/rootfiles_existingOptimization/HtZt_4000_1000_pt160_ak8_ca4_th85.root,failed,/eos/uscms/store/user/aji/rootfiles_existingOptimization/HtZt_4000_1000_pt160_ak8_ca4_th85.root,nan,nan,nan,nan,nan,nan,nan,nan,nan,nan,nan,nan,nan,nan,nan,nan,nan,nan,nan,nan,nan
HtZt_4000_1000,HtZt,4000,1000,85,160,1.0,0.4,/eos/uscms/store/user/aji/rootfiles_existingOptimization/HtZt_4000_1000_pt160_ak10_ca4_th85.root,failed,/eos/uscms/store/user/aji/rootfiles_existingOptimization/HtZt_4000_1000_pt160_ak10_ca4_th85.root,nan,nan,nan,nan,nan,nan,nan,nan,nan,nan,nan,nan,nan,nan,nan,nan,nan,nan,nan,nan,nan
HtZt_4000_1000,HtZt,4000,1000,85,160,1.0,0.6,/eos/uscms/store/user/aji/rootfiles_existingOptimization/HtZt_4000_1000_pt160_ak10_ca6_th85.root,failed,/eos/uscms/store/user/aji/rootfiles_existingOptimization/HtZt_4000_1000_pt160_ak10_ca6_th85.root,nan,nan,nan,nan,nan,nan,nan,nan,nan,nan,nan,nan,nan,nan,nan,nan,nan,nan,nan,nan,nan
HtZt_4000_1000,HtZt,4000,1000,85,160,1.2,0.4,/eos/uscms/store/user/aji/rootfiles_existingOptimization/HtZt_4000_1000_pt160_ak12_ca4_th85.root,failed,/eos/uscms/store/user/aji/rootfiles_existingOptimization/HtZt_4000_1000_pt160_ak12_ca4_th85.root,nan,nan,nan,nan,nan,nan,nan,nan,nan,nan,nan,nan,nan,nan,nan,nan,nan,nan,nan,nan,nan
HtZt_4000_1000,HtZt,4000,1000,85,160,1.2,0.6,/eos/uscms/store/user/aji/rootfiles_existingOptimization/HtZt_4000_1000_pt160_ak12_ca6_th85.root,failed,/eos/uscms/store/user/aji/rootfiles_existingOptimization/HtZt_4000_1000_pt160_ak12_ca6_th85.root,nan,nan,nan,nan,nan,nan,nan,nan,nan,nan,nan,nan,nan,nan,nan,nan,nan,nan,nan,nan,nan
HtZt_4000_1000,HtZt,4000,1000,85,160,1.2,0.8,/eos/uscms/store/user/aji/rootfiles_existingOptimization/HtZt_4000_1000_pt160_ak12_ca8_th85.root,failed,/eos/uscms/store/user/aji/rootfiles_existingOptimization/HtZt_4000_1000_pt160_ak12_ca8_th85.root,nan,nan,nan,nan,nan,nan,nan,nan,nan,nan,nan,nan,nan,nan,nan,nan,nan,nan,nan,nan,nan
HtZt_4000_1000,HtZt,4000,1000,85,160,1.4,0.4,/eos/uscms/store/user/aji/rootfiles_existingOptimization/HtZt_4000_1000_pt160_ak14_ca4_th85.root,failed,/eos/uscms/store/user/aji/rootfiles_existingOptimization/HtZt_4000_1000_pt160_ak14_ca4_th85.root,nan,nan,nan,nan,nan,nan,nan,nan,nan,nan,nan,nan,nan,nan,nan,nan,nan,nan,nan,nan,nan
HtZt_4000_1000,HtZt,4000,1000,85,160,1.4,0.6,/eos/uscms/store/user/aji/rootfiles_existingOptimization/HtZt_4000_1000_pt160_ak14_ca6_th85.root,failed,/eos/uscms/store/user/aji/rootfiles_existingOptimization/HtZt_4000_1000_pt160_ak14_ca6_th85.root,nan,nan,nan,nan,nan,nan,nan,nan,nan,nan,nan,nan,nan,nan,nan,nan,nan,nan,nan,nan,nan
HtZt_4000_1000,HtZt,4000,1000,85,160,1.4,0.8,/eos/uscms/store/user/aji/rootfiles_existingOptimization/HtZt_4000_1000_pt160_ak14_ca8_th85.root,failed,/eos/uscms/store/user/aji/rootfiles_existingOptimization/HtZt_4000_1000_pt160_ak14_ca8_th85.root,nan,nan,nan,nan,nan,nan,nan,nan,nan,nan,nan,nan,nan,nan,nan,nan,nan,nan,nan,nan,nan
HtZt_4000_1000,HtZt,4000,1000,85,160,1.4,1.0,/eos/uscms/store/user/aji/rootfiles_existingOptimization/HtZt_4000_1000_pt160_ak14_ca10_th85.root,failed,/eos/uscms/store/user/aji/rootfiles_existingOptimization/HtZt_4000_1000_pt160_ak14_ca10_th85.root,nan,nan,nan,nan,nan,nan,nan,nan,nan,nan,nan,nan,nan,nan,nan,nan,nan,nan,nan,nan,nan
HtZt_4000_1000,HtZt,4000,1000,85,160,1.6,0.4,/eos/uscms/store/user/aji/rootfiles_existingOptimization/HtZt_4000_1000_pt160_ak16_ca4_th85.root,failed,/eos/uscms/store/user/aji/rootfiles_existingOptimization/HtZt_4000_1000_pt160_ak16_ca4_th85.root,nan,nan,nan,nan,nan,nan,nan,nan,nan,nan,nan,nan,nan,nan,nan,nan,nan,nan,nan,nan,nan
HtZt_4000_1000,HtZt,4000,1000,85,160,1.6,0.6,/eos/uscms/store/user/aji/rootfiles_existingOptimization/HtZt_4000_1000_pt160_ak16_ca6_th85.root,failed,/eos/uscms/store/user/aji/rootfiles_existingOptimization/HtZt_4000_1000_pt160_ak16_ca6_th85.root,nan,nan,nan,nan,nan,nan,nan,nan,nan,nan,nan,nan,nan,nan,nan,nan,nan,nan,nan,nan,nan
HtZt_4000_1000,HtZt,4000,1000,85,160,1.6,0.8,/eos/uscms/store/user/aji/rootfiles_existingOptimization/HtZt_4000_1000_pt160_ak16_ca8_th85.root,failed,/eos/uscms/store/user/aji/rootfiles_existingOptimization/HtZt_4000_1000_pt160_ak16_ca8_th85.root,nan,nan,nan,nan,nan,nan,nan,nan,nan,nan,nan,nan,nan,nan,nan,nan,nan,nan,nan,nan,nan
HtZt_4000_1000,HtZt,4000,1000,85,160,1.6,1.0,/eos/uscms/store/user/aji/rootfiles_existingOptimization/HtZt_4000_1000_pt160_ak16_ca10_th85.root,failed,/eos/uscms/store/user/aji/rootfiles_existingOptimization/HtZt_4000_1000_pt160_ak16_ca10_th85.root,nan,nan,nan,nan,nan,nan,nan,nan,nan,nan,nan,nan,nan,nan,nan,nan,nan,nan,nan,nan,nan
HtZt_4000_1000,HtZt,4000,1000,85,160,1.6,1.2,/eos/uscms/store/user/aji/rootfiles_existingOptimization/HtZt_4000_1000_pt160_ak16_ca12_th85.root,failed,/eos/uscms/store/user/aji/rootfiles_existingOptimization/HtZt_4000_1000_pt160_ak16_ca12_th85.root,nan,nan,nan,nan,nan,nan,nan,nan,nan,nan,nan,nan,nan,nan,nan,nan,nan,nan,nan,nan,nan
HtZt_4000_1000,HtZt,4000,1000,85,180,0.8,0.4,/eos/uscms/store/user/aji/rootfiles_existingOptimization/HtZt_4000_1000_pt180_ak8_ca4_th85.root,failed,/eos/uscms/store/user/aji/rootfiles_existingOptimization/HtZt_4000_1000_pt180_ak8_ca4_th85.root,nan,nan,nan,nan,nan,nan,nan,nan,nan,nan,nan,nan,nan,nan,nan,nan,nan,nan,nan,nan,nan
HtZt_4000_1000,HtZt,4000,1000,85,180,1.0,0.4,/eos/uscms/store/user/aji/rootfiles_existingOptimization/HtZt_4000_1000_pt180_ak10_ca4_th85.root,failed,/eos/uscms/store/user/aji/rootfiles_existingOptimization/HtZt_4000_1000_pt180_ak10_ca4_th85.root,nan,nan,nan,nan,nan,nan,nan,nan,nan,nan,nan,nan,nan,nan,nan,nan,nan,nan,nan,nan,nan
HtZt_4000_1000,HtZt,4000,1000,85,180,1.0,0.6,/eos/uscms/store/user/aji/rootfiles_existingOptimization/HtZt_4000_1000_pt180_ak10_ca6_th85.root,failed,/eos/uscms/store/user/aji/rootfiles_existingOptimization/HtZt_4000_1000_pt180_ak10_ca6_th85.root,nan,nan,nan,nan,nan,nan,nan,nan,nan,nan,nan,nan,nan,nan,nan,nan,nan,nan,nan,nan,nan
HtZt_4000_1000,HtZt,4000,1000,85,180,1.2,0.4,/eos/uscms/store/user/aji/rootfiles_existingOptimization/HtZt_4000_1000_pt180_ak12_ca4_th85.root,failed,/eos/uscms/store/user/aji/rootfiles_existingOptimization/HtZt_4000_1000_pt180_ak12_ca4_th85.root,nan,nan,nan,nan,nan,nan,nan,nan,nan,nan,nan,nan,nan,nan,nan,nan,nan,nan,nan,nan,nan
HtZt_4000_1000,HtZt,4000,1000,85,180,1.2,0.6,/eos/uscms/store/user/aji/rootfiles_existingOptimization/HtZt_4000_1000_pt180_ak12_ca6_th85.root,failed,/eos/uscms/store/user/aji/rootfiles_existingOptimization/HtZt_4000_1000_pt180_ak12_ca6_th85.root,nan,nan,nan,nan,nan,nan,nan,nan,nan,nan,nan,nan,nan,nan,nan,nan,nan,nan,nan,nan,nan
HtZt_4000_1000,HtZt,4000,1000,85,180,1.2,0.8,/eos/uscms/store/user/aji/rootfiles_existingOptimization/HtZt_4000_1000_pt180_ak12_ca8_th85.root,failed,/eos/uscms/store/user/aji/rootfiles_existingOptimization/HtZt_4000_1000_pt180_ak12_ca8_th85.root,nan,nan,nan,nan,nan,nan,nan,nan,nan,nan,nan,nan,nan,nan,nan,nan,nan,nan,nan,nan,nan
HtZt_4000_1000,HtZt,4000,1000,85,180,1.4,0.4,/eos/uscms/store/user/aji/rootfiles_existingOptimization/HtZt_4000_1000_pt180_ak14_ca4_th85.root,failed,/eos/uscms/store/user/aji/rootfiles_existingOptimization/HtZt_4000_1000_pt180_ak14_ca4_th85.root,nan,nan,nan,nan,nan,nan,nan,nan,nan,nan,nan,nan,nan,nan,nan,nan,nan,nan,nan,nan,nan
HtZt_4000_1000,HtZt,4000,1000,85,180,1.4,0.6,/eos/uscms/store/user/aji/rootfiles_existingOptimization/HtZt_4000_1000_pt180_ak14_ca6_th85.root,failed,/eos/uscms/store/user/aji/rootfiles_existingOptimization/HtZt_4000_1000_pt180_ak14_ca6_th85.root,nan,nan,nan,nan,nan,nan,nan,nan,nan,nan,nan,nan,nan,nan,nan,nan,nan,nan,nan,nan,nan
HtZt_4000_1000,HtZt,4000,1000,85,180,1.4,0.8,/eos/uscms/store/user/aji/rootfiles_existingOptimization/HtZt_4000_1000_pt180_ak14_ca8_th85.root,failed,/eos/uscms/store/user/aji/rootfiles_existingOptimization/HtZt_4000_1000_pt180_ak14_ca8_th85.root,nan,nan,nan,nan,nan,nan,nan,nan,nan,nan,nan,nan,nan,nan,nan,nan,nan,nan,nan,nan,nan
HtZt_4000_1000,HtZt,4000,1000,85,180,1.4,1.0,/eos/uscms/store/user/aji/rootfiles_existingOptimization/HtZt_4000_1000_pt180_ak14_ca10_th85.root,failed,/eos/uscms/store/user/aji/rootfiles_existingOptimization/HtZt_4000_1000_pt180_ak14_ca10_th85.root,nan,nan,nan,nan,nan,nan,nan,nan,nan,nan,nan,nan,nan,nan,nan,nan,nan,nan,nan,nan,nan
HtZt_4000_1000,HtZt,4000,1000,85,180,1.6,0.4,/eos/uscms/store/user/aji/rootfiles_existingOptimization/HtZt_4000_1000_pt180_ak16_ca4_th85.root,failed,/eos/uscms/store/user/aji/rootfiles_existingOptimization/HtZt_4000_1000_pt180_ak16_ca4_th85.root,nan,nan,nan,nan,nan,nan,nan,nan,nan,nan,nan,nan,nan,nan,nan,nan,nan,nan,nan,nan,nan
HtZt_4000_1000,HtZt,4000,1000,85,180,1.6,0.6,/eos/uscms/store/user/aji/rootfiles_existingOptimization/HtZt_4000_1000_pt180_ak16_ca6_th85.root,failed,/eos/uscms/store/user/aji/rootfiles_existingOptimization/HtZt_4000_1000_pt180_ak16_ca6_th85.root,nan,nan,nan,nan,nan,nan,nan,nan,nan,nan,nan,nan,nan,nan,nan,nan,nan,nan,nan,nan,nan
HtZt_4000_1000,HtZt,4000,1000,85,180,1.6,0.8,/eos/uscms/store/user/aji/rootfiles_existingOptimization/HtZt_4000_1000_pt180_ak16_ca8_th85.root,failed,/eos/uscms/store/user/aji/rootfiles_existingOptimization/HtZt_4000_1000_pt180_ak16_ca8_th85.root,nan,nan,nan,nan,nan,nan,nan,nan,nan,nan,nan,nan,nan,nan,nan,nan,nan,nan,nan,nan,nan
HtZt_4000_1000,HtZt,4000,1000,85,180,1.6,1.0,/eos/uscms/store/user/aji/rootfiles_existingOptimization/HtZt_4000_1000_pt180_ak16_ca10_th85.root,failed,/eos/uscms/store/user/aji/rootfiles_existingOptimization/HtZt_4000_1000_pt180_ak16_ca10_th85.root,nan,nan,nan,nan,nan,nan,nan,nan,nan,nan,nan,nan,nan,nan,nan,nan,nan,nan,nan,nan,nan
HtZt_4000_1000,HtZt,4000,1000,85,180,1.6,1.2,/eos/uscms/store/user/aji/rootfiles_existingOptimization/HtZt_4000_1000_pt180_ak16_ca12_th85.root,failed,/eos/uscms/store/user/aji/rootfiles_existingOptimization/HtZt_4000_1000_pt180_ak16_ca12_th85.root,nan,nan,nan,nan,nan,nan,nan,nan,nan,nan,nan,nan,nan,nan,nan,nan,nan,nan,nan,nan,nan
HtZt_4000_1000,HtZt,4000,1000,85,200,0.8,0.4,/eos/uscms/store/user/aji/rootfiles_existingOptimization/HtZt_4000_1000_pt200_ak8_ca4_th85.root,failed,/eos/uscms/store/user/aji/rootfiles_existingOptimization/HtZt_4000_1000_pt200_ak8_ca4_th85.root,nan,nan,nan,nan,nan,nan,nan,nan,nan,nan,nan,nan,nan,nan,nan,nan,nan,nan,nan,nan,nan
HtZt_4000_1000,HtZt,4000,1000,85,200,1.0,0.4,/eos/uscms/store/user/aji/rootfiles_existingOptimization/HtZt_4000_1000_pt200_ak10_ca4_th85.root,failed,/eos/uscms/store/user/aji/rootfiles_existingOptimization/HtZt_4000_1000_pt200_ak10_ca4_th85.root,nan,nan,nan,nan,nan,nan,nan,nan,nan,nan,nan,nan,nan,nan,nan,nan,nan,nan,nan,nan,nan
HtZt_4000_1000,HtZt,4000,1000,85,200,1.0,0.6,/eos/uscms/store/user/aji/rootfiles_existingOptimization/HtZt_4000_1000_pt200_ak10_ca6_th85.root,failed,/eos/uscms/store/user/aji/rootfiles_existingOptimization/HtZt_4000_1000_pt200_ak10_ca6_th85.root,nan,nan,nan,nan,nan,nan,nan,nan,nan,nan,nan,nan,nan,nan,nan,nan,nan,nan,nan,nan,nan
HtZt_4000_1000,HtZt,4000,1000,85,200,1.2,0.4,/eos/uscms/store/user/aji/rootfiles_existingOptimization/HtZt_4000_1000_pt200_ak12_ca4_th85.root,failed,/eos/uscms/store/user/aji/rootfiles_existingOptimization/HtZt_4000_1000_pt200_ak12_ca4_th85.root,nan,nan,nan,nan,nan,nan,nan,nan,nan,nan,nan,nan,nan,nan,nan,nan,nan,nan,nan,nan,nan
HtZt_4000_1000,HtZt,4000,1000,85,200,1.2,0.6,/eos/uscms/store/user/aji/rootfiles_existingOptimization/HtZt_4000_1000_pt200_ak12_ca6_th85.root,failed,/eos/uscms/store/user/aji/rootfiles_existingOptimization/HtZt_4000_1000_pt200_ak12_ca6_th85.root,nan,nan,nan,nan,nan,nan,nan,nan,nan,nan,nan,nan,nan,nan,nan,nan,nan,nan,nan,nan,nan
HtZt_4000_1000,HtZt,4000,1000,85,200,1.2,0.8,/eos/uscms/store/user/aji/rootfiles_existingOptimization/HtZt_4000_1000_pt200_ak12_ca8_th85.root,failed,/eos/uscms/store/user/aji/rootfiles_existingOptimization/HtZt_4000_1000_pt200_ak12_ca8_th85.root,nan,nan,nan,nan,nan,nan,nan,nan,nan,nan,nan,nan,nan,nan,nan,nan,nan,nan,nan,nan,nan
HtZt_4000_1000,HtZt,4000,1000,85,200,1.4,0.4,/eos/uscms/store/user/aji/rootfiles_existingOptimization/HtZt_4000_1000_pt200_ak14_ca4_th85.root,failed,/eos/uscms/store/user/aji/rootfiles_existingOptimization/HtZt_4000_1000_pt200_ak14_ca4_th85.root,nan,nan,nan,nan,nan,nan,nan,nan,nan,nan,nan,nan,nan,nan,nan,nan,nan,nan,nan,nan,nan
HtZt_4000_1000,HtZt,4000,1000,85,200,1.4,0.6,/eos/uscms/store/user/aji/rootfiles_existingOptimization/HtZt_4000_1000_pt200_ak14_ca6_th85.root,failed,/eos/uscms/store/user/aji/rootfiles_existingOptimization/HtZt_4000_1000_pt200_ak14_ca6_th85.root,nan,nan,nan,nan,nan,nan,nan,nan,nan,nan,nan,nan,nan,nan,nan,nan,nan,nan,nan,nan,nan
HtZt_4000_1000,HtZt,4000,1000,85,200,1.4,0.8,/eos/uscms/store/user/aji/rootfiles_existingOptimization/HtZt_4000_1000_pt200_ak14_ca8_th85.root,failed,/eos/uscms/store/user/aji/rootfiles_existingOptimization/HtZt_4000_1000_pt200_ak14_ca8_th85.root,nan,nan,nan,nan,nan,nan,nan,nan,nan,nan,nan,nan,nan,nan,nan,nan,nan,nan,nan,nan,nan
HtZt_4000_1000,HtZt,4000,1000,85,200,1.4,1.0,/eos/uscms/store/user/aji/rootfiles_existingOptimization/HtZt_4000_1000_pt200_ak14_ca10_th85.root,failed,/eos/uscms/store/user/aji/rootfiles_existingOptimization/HtZt_4000_1000_pt200_ak14_ca10_th85.root,nan,nan,nan,nan,nan,nan,nan,nan,nan,nan,nan,nan,nan,nan,nan,nan,nan,nan,nan,nan,nan
HtZt_4000_1000,HtZt,4000,1000,85,200,1.6,0.4,/eos/uscms/store/user/aji/rootfiles_existingOptimization/HtZt_4000_1000_pt200_ak16_ca4_th85.root,failed,/eos/uscms/store/user/aji/rootfiles_existingOptimization/HtZt_4000_1000_pt200_ak16_ca4_th85.root,nan,nan,nan,nan,nan,nan,nan,nan,nan,nan,nan,nan,nan,nan,nan,nan,nan,nan,nan,nan,nan
HtZt_4000_1000,HtZt,4000,1000,85,200,1.6,0.6,/eos/uscms/store/user/aji/rootfiles_existingOptimization/HtZt_4000_1000_pt200_ak16_ca6_th85.root,failed,/eos/uscms/store/user/aji/rootfiles_existingOptimization/HtZt_4000_1000_pt200_ak16_ca6_th85.root,nan,nan,nan,nan,nan,nan,nan,nan,nan,nan,nan,nan,nan,nan,nan,nan,nan,nan,nan,nan,nan
HtZt_4000_1000,HtZt,4000,1000,85,200,1.6,0.8,/eos/uscms/store/user/aji/rootfiles_existingOptimization/HtZt_4000_1000_pt200_ak16_ca8_th85.root,failed,/eos/uscms/store/user/aji/rootfiles_existingOptimization/HtZt_4000_1000_pt200_ak16_ca8_th85.root,nan,nan,nan,nan,nan,nan,nan,nan,nan,nan,nan,nan,nan,nan,nan,nan,nan,nan,nan,nan,nan
HtZt_4000_1000,HtZt,4000,1000,85,200,1.6,1.0,/eos/uscms/store/user/aji/rootfiles_existingOptimization/HtZt_4000_1000_pt200_ak16_ca10_th85.root,failed,/eos/uscms/store/user/aji/rootfiles_existingOptimization/HtZt_4000_1000_pt200_ak16_ca10_th85.root,nan,nan,nan,nan,nan,nan,nan,nan,nan,nan,nan,nan,nan,nan,nan,nan,nan,nan,nan,nan,nan
HtZt_4000_1000,HtZt,4000,1000,85,200,1.6,1.2,/eos/uscms/store/user/aji/rootfiles_existingOptimization/HtZt_4000_1000_pt200_ak16_ca12_th85.root,failed,/eos/uscms/store/user/aji/rootfiles_existingOptimization/HtZt_4000_1000_pt200_ak16_ca12_th85.root,nan,nan,nan,nan,nan,nan,nan,nan,nan,nan,nan,nan,nan,nan,nan,nan,nan,nan,nan,nan,nan
HtZt_4000_1000,HtZt,4000,1000,85,220,0.8,0.4,/eos/uscms/store/user/aji/rootfiles_existingOptimization/HtZt_4000_1000_pt220_ak8_ca4_th85.root,failed,/eos/uscms/store/user/aji/rootfiles_existingOptimization/HtZt_4000_1000_pt220_ak8_ca4_th85.root,nan,nan,nan,nan,nan,nan,nan,nan,nan,nan,nan,nan,nan,nan,nan,nan,nan,nan,nan,nan,nan
HtZt_4000_1000,HtZt,4000,1000,85,220,1.0,0.4,/eos/uscms/store/user/aji/rootfiles_existingOptimization/HtZt_4000_1000_pt220_ak10_ca4_th85.root,failed,/eos/uscms/store/user/aji/rootfiles_existingOptimization/HtZt_4000_1000_pt220_ak10_ca4_th85.root,nan,nan,nan,nan,nan,nan,nan,nan,nan,nan,nan,nan,nan,nan,nan,nan,nan,nan,nan,nan,nan
HtZt_4000_1000,HtZt,4000,1000,85,220,1.0,0.6,/eos/uscms/store/user/aji/rootfiles_existingOptimization/HtZt_4000_1000_pt220_ak10_ca6_th85.root,failed,/eos/uscms/store/user/aji/rootfiles_existingOptimization/HtZt_4000_1000_pt220_ak10_ca6_th85.root,nan,nan,nan,nan,nan,nan,nan,nan,nan,nan,nan,nan,nan,nan,nan,nan,nan,nan,nan,nan,nan
HtZt_4000_1000,HtZt,4000,1000,85,220,1.2,0.4,/eos/uscms/store/user/aji/rootfiles_existingOptimization/HtZt_4000_1000_pt220_ak12_ca4_th85.root,failed,/eos/uscms/store/user/aji/rootfiles_existingOptimization/HtZt_4000_1000_pt220_ak12_ca4_th85.root,nan,nan,nan,nan,nan,nan,nan,nan,nan,nan,nan,nan,nan,nan,nan,nan,nan,nan,nan,nan,nan
HtZt_4000_1000,HtZt,4000,1000,85,220,1.2,0.6,/eos/uscms/store/user/aji/rootfiles_existingOptimization/HtZt_4000_1000_pt220_ak12_ca6_th85.root,failed,/eos/uscms/store/user/aji/rootfiles_existingOptimization/HtZt_4000_1000_pt220_ak12_ca6_th85.root,nan,nan,nan,nan,nan,nan,nan,nan,nan,nan,nan,nan,nan,nan,nan,nan,nan,nan,nan,nan,nan
HtZt_4000_1000,HtZt,4000,1000,85,220,1.2,0.8,/eos/uscms/store/user/aji/rootfiles_existingOptimization/HtZt_4000_1000_pt220_ak12_ca8_th85.root,failed,/eos/uscms/store/user/aji/rootfiles_existingOptimization/HtZt_4000_1000_pt220_ak12_ca8_th85.root,nan,nan,nan,nan,nan,nan,nan,nan,nan,nan,nan,nan,nan,nan,nan,nan,nan,nan,nan,nan,nan
HtZt_4000_1000,HtZt,4000,1000,85,220,1.4,0.4,/eos/uscms/store/user/aji/rootfiles_existingOptimization/HtZt_4000_1000_pt220_ak14_ca4_th85.root,failed,/eos/uscms/store/user/aji/rootfiles_existingOptimization/HtZt_4000_1000_pt220_ak14_ca4_th85.root,nan,nan,nan,nan,nan,nan,nan,nan,nan,nan,nan,nan,nan,nan,nan,nan,nan,nan,nan,nan,nan
HtZt_4000_1000,HtZt,4000,1000,85,220,1.4,0.6,/eos/uscms/store/user/aji/rootfiles_existingOptimization/HtZt_4000_1000_pt220_ak14_ca6_th85.root,failed,/eos/uscms/store/user/aji/rootfiles_existingOptimization/HtZt_4000_1000_pt220_ak14_ca6_th85.root,nan,nan,nan,nan,nan,nan,nan,nan,nan,nan,nan,nan,nan,nan,nan,nan,nan,nan,nan,nan,nan
HtZt_4000_1000,HtZt,4000,1000,85,220,1.4,0.8,/eos/uscms/store/user/aji/rootfiles_existingOptimization/HtZt_4000_1000_pt220_ak14_ca8_th85.root,failed,/eos/uscms/store/user/aji/rootfiles_existingOptimization/HtZt_4000_1000_pt220_ak14_ca8_th85.root,nan,nan,nan,nan,nan,nan,nan,nan,nan,nan,nan,nan,nan,nan,nan,nan,nan,nan,nan,nan,nan
HtZt_4000_1000,HtZt,4000,1000,85,220,1.4,1.0,/eos/uscms/store/user/aji/rootfiles_existingOptimization/HtZt_4000_1000_pt220_ak14_ca10_th85.root,failed,/eos/uscms/store/user/aji/rootfiles_existingOptimization/HtZt_4000_1000_pt220_ak14_ca10_th85.root,nan,nan,nan,nan,nan,nan,nan,nan,nan,nan,nan,nan,nan,nan,nan,nan,nan,nan,nan,nan,nan
HtZt_4000_1000,HtZt,4000,1000,85,220,1.6,0.4,/eos/uscms/store/user/aji/rootfiles_existingOptimization/HtZt_4000_1000_pt220_ak16_ca4_th85.root,failed,/eos/uscms/store/user/aji/rootfiles_existingOptimization/HtZt_4000_1000_pt220_ak16_ca4_th85.root,nan,nan,nan,nan,nan,nan,nan,nan,nan,nan,nan,nan,nan,nan,nan,nan,nan,nan,nan,nan,nan
HtZt_4000_1000,HtZt,4000,1000,85,220,1.6,0.6,/eos/uscms/store/user/aji/rootfiles_existingOptimization/HtZt_4000_1000_pt220_ak16_ca6_th85.root,failed,/eos/uscms/store/user/aji/rootfiles_existingOptimization/HtZt_4000_1000_pt220_ak16_ca6_th85.root,nan,nan,nan,nan,nan,nan,nan,nan,nan,nan,nan,nan,nan,nan,nan,nan,nan,nan,nan,nan,nan
HtZt_4000_1000,HtZt,4000,1000,85,220,1.6,0.8,/eos/uscms/store/user/aji/rootfiles_existingOptimization/HtZt_4000_1000_pt220_ak16_ca8_th85.root,failed,/eos/uscms/store/user/aji/rootfiles_existingOptimization/HtZt_4000_1000_pt220_ak16_ca8_th85.root,nan,nan,nan,nan,nan,nan,nan,nan,nan,nan,nan,nan,nan,nan,nan,nan,nan,nan,nan,nan,nan
HtZt_4000_1000,HtZt,4000,1000,85,220,1.6,1.0,/eos/uscms/store/user/aji/rootfiles_existingOptimization/HtZt_4000_1000_pt220_ak16_ca10_th85.root,failed,/eos/uscms/store/user/aji/rootfiles_existingOptimization/HtZt_4000_1000_pt220_ak16_ca10_th85.root,nan,nan,nan,nan,nan,nan,nan,nan,nan,nan,nan,nan,nan,nan,nan,nan,nan,nan,nan,nan,nan
HtZt_4000_1000,HtZt,4000,1000,85,220,1.6,1.2,/eos/uscms/store/user/aji/rootfiles_existingOptimization/HtZt_4000_1000_pt220_ak16_ca12_th85.root,failed,/eos/uscms/store/user/aji/rootfiles_existingOptimization/HtZt_4000_1000_pt220_ak16_ca12_th85.root,nan,nan,nan,nan,nan,nan,nan,nan,nan,nan,nan,nan,nan,nan,nan,nan,nan,nan,nan,nan,nan
HtZt_4000_1000,HtZt,4000,1000,85,240,0.8,0.4,/eos/uscms/store/user/aji/rootfiles_existingOptimization/HtZt_4000_1000_pt240_ak8_ca4_th85.root,failed,/eos/uscms/store/user/aji/rootfiles_existingOptimization/HtZt_4000_1000_pt240_ak8_ca4_th85.root,nan,nan,nan,nan,nan,nan,nan,nan,nan,nan,nan,nan,nan,nan,nan,nan,nan,nan,nan,nan,nan
HtZt_4000_1000,HtZt,4000,1000,85,240,1.0,0.4,/eos/uscms/store/user/aji/rootfiles_existingOptimization/HtZt_4000_1000_pt240_ak10_ca4_th85.root,failed,/eos/uscms/store/user/aji/rootfiles_existingOptimization/HtZt_4000_1000_pt240_ak10_ca4_th85.root,nan,nan,nan,nan,nan,nan,nan,nan,nan,nan,nan,nan,nan,nan,nan,nan,nan,nan,nan,nan,nan
HtZt_4000_1000,HtZt,4000,1000,85,240,1.0,0.6,/eos/uscms/store/user/aji/rootfiles_existingOptimization/HtZt_4000_1000_pt240_ak10_ca6_th85.root,failed,/eos/uscms/store/user/aji/rootfiles_existingOptimization/HtZt_4000_1000_pt240_ak10_ca6_th85.root,nan,nan,nan,nan,nan,nan,nan,nan,nan,nan,nan,nan,nan,nan,nan,nan,nan,nan,nan,nan,nan
HtZt_4000_1000,HtZt,4000,1000,85,240,1.2,0.4,/eos/uscms/store/user/aji/rootfiles_existingOptimization/HtZt_4000_1000_pt240_ak12_ca4_th85.root,failed,/eos/uscms/store/user/aji/rootfiles_existingOptimization/HtZt_4000_1000_pt240_ak12_ca4_th85.root,nan,nan,nan,nan,nan,nan,nan,nan,nan,nan,nan,nan,nan,nan,nan,nan,nan,nan,nan,nan,nan
HtZt_4000_1000,HtZt,4000,1000,85,240,1.2,0.6,/eos/uscms/store/user/aji/rootfiles_existingOptimization/HtZt_4000_1000_pt240_ak12_ca6_th85.root,failed,/eos/uscms/store/user/aji/rootfiles_existingOptimization/HtZt_4000_1000_pt240_ak12_ca6_th85.root,nan,nan,nan,nan,nan,nan,nan,nan,nan,nan,nan,nan,nan,nan,nan,nan,nan,nan,nan,nan,nan
HtZt_4000_1000,HtZt,4000,1000,85,240,1.2,0.8,/eos/uscms/store/user/aji/rootfiles_existingOptimization/HtZt_4000_1000_pt240_ak12_ca8_th85.root,failed,/eos/uscms/store/user/aji/rootfiles_existingOptimization/HtZt_4000_1000_pt240_ak12_ca8_th85.root,nan,nan,nan,nan,nan,nan,nan,nan,nan,nan,nan,nan,nan,nan,nan,nan,nan,nan,nan,nan,nan
HtZt_4000_1000,HtZt,4000,1000,85,240,1.4,0.4,/eos/uscms/store/user/aji/rootfiles_existingOptimization/HtZt_4000_1000_pt240_ak14_ca4_th85.root,failed,/eos/uscms/store/user/aji/rootfiles_existingOptimization/HtZt_4000_1000_pt240_ak14_ca4_th85.root,nan,nan,nan,nan,nan,nan,nan,nan,nan,nan,nan,nan,nan,nan,nan,nan,nan,nan,nan,nan,nan
HtZt_4000_1000,HtZt,4000,1000,85,240,1.4,0.6,/eos/uscms/store/user/aji/rootfiles_existingOptimization/HtZt_4000_1000_pt240_ak14_ca6_th85.root,failed,/eos/uscms/store/user/aji/rootfiles_existingOptimization/HtZt_4000_1000_pt240_ak14_ca6_th85.root,nan,nan,nan,nan,nan,nan,nan,nan,nan,nan,nan,nan,nan,nan,nan,nan,nan,nan,nan,nan,nan
HtZt_4000_1000,HtZt,4000,1000,85,240,1.4,0.8,/eos/uscms/store/user/aji/rootfiles_existingOptimization/HtZt_4000_1000_pt240_ak14_ca8_th85.root,failed,/eos/uscms/store/user/aji/rootfiles_existingOptimization/HtZt_4000_1000_pt240_ak14_ca8_th85.root,nan,nan,nan,nan,nan,nan,nan,nan,nan,nan,nan,nan,nan,nan,nan,nan,nan,nan,nan,nan,nan
HtZt_4000_1000,HtZt,4000,1000,85,240,1.4,1.0,/eos/uscms/store/user/aji/rootfiles_existingOptimization/HtZt_4000_1000_pt240_ak14_ca10_th85.root,failed,/eos/uscms/store/user/aji/rootfiles_existingOptimization/HtZt_4000_1000_pt240_ak14_ca10_th85.root,nan,nan,nan,nan,nan,nan,nan,nan,nan,nan,nan,nan,nan,nan,nan,nan,nan,nan,nan,nan,nan
HtZt_4000_1000,HtZt,4000,1000,85,240,1.6,0.4,/eos/uscms/store/user/aji/rootfiles_existingOptimization/HtZt_4000_1000_pt240_ak16_ca4_th85.root,failed,/eos/uscms/store/user/aji/rootfiles_existingOptimization/HtZt_4000_1000_pt240_ak16_ca4_th85.root,nan,nan,nan,nan,nan,nan,nan,nan,nan,nan,nan,nan,nan,nan,nan,nan,nan,nan,nan,nan,nan
HtZt_4000_1000,HtZt,4000,1000,85,240,1.6,0.6,/eos/uscms/store/user/aji/rootfiles_existingOptimization/HtZt_4000_1000_pt240_ak16_ca6_th85.root,failed,/eos/uscms/store/user/aji/rootfiles_existingOptimization/HtZt_4000_1000_pt240_ak16_ca6_th85.root,nan,nan,nan,nan,nan,nan,nan,nan,nan,nan,nan,nan,nan,nan,nan,nan,nan,nan,nan,nan,nan
HtZt_4000_1000,HtZt,4000,1000,85,240,1.6,0.8,/eos/uscms/store/user/aji/rootfiles_existingOptimization/HtZt_4000_1000_pt240_ak16_ca8_th85.root,failed,/eos/uscms/store/user/aji/rootfiles_existingOptimization/HtZt_4000_1000_pt240_ak16_ca8_th85.root,nan,nan,nan,nan,nan,nan,nan,nan,nan,nan,nan,nan,nan,nan,nan,nan,nan,nan,nan,nan,nan
HtZt_4000_1000,HtZt,4000,1000,85,240,1.6,1.0,/eos/uscms/store/user/aji/rootfiles_existingOptimization/HtZt_4000_1000_pt240_ak16_ca10_th85.root,failed,/eos/uscms/store/user/aji/rootfiles_existingOptimization/HtZt_4000_1000_pt240_ak16_ca10_th85.root,nan,nan,nan,nan,nan,nan,nan,nan,nan,nan,nan,nan,nan,nan,nan,nan,nan,nan,nan,nan,nan
HtZt_4000_1000,HtZt,4000,1000,85,240,1.6,1.2,/eos/uscms/store/user/aji/rootfiles_existingOptimization/HtZt_4000_1000_pt240_ak16_ca12_th85.root,failed,/eos/uscms/store/user/aji/rootfiles_existingOptimization/HtZt_4000_1000_pt240_ak16_ca12_th85.root,nan,nan,nan,nan,nan,nan,nan,nan,nan,nan,nan,nan,nan,nan,nan,nan,nan,nan,nan,nan,nan
HtZt_4000_1000,HtZt,4000,1000,85,260,0.8,0.4,/eos/uscms/store/user/aji/rootfiles_existingOptimization/HtZt_4000_1000_pt260_ak8_ca4_th85.root,failed,/eos/uscms/store/user/aji/rootfiles_existingOptimization/HtZt_4000_1000_pt260_ak8_ca4_th85.root,nan,nan,nan,nan,nan,nan,nan,nan,nan,nan,nan,nan,nan,nan,nan,nan,nan,nan,nan,nan,nan
HtZt_4000_1000,HtZt,4000,1000,85,260,1.0,0.4,/eos/uscms/store/user/aji/rootfiles_existingOptimization/HtZt_4000_1000_pt260_ak10_ca4_th85.root,failed,/eos/uscms/store/user/aji/rootfiles_existingOptimization/HtZt_4000_1000_pt260_ak10_ca4_th85.root,nan,nan,nan,nan,nan,nan,nan,nan,nan,nan,nan,nan,nan,nan,nan,nan,nan,nan,nan,nan,nan
HtZt_4000_1000,HtZt,4000,1000,85,260,1.0,0.6,/eos/uscms/store/user/aji/rootfiles_existingOptimization/HtZt_4000_1000_pt260_ak10_ca6_th85.root,failed,/eos/uscms/store/user/aji/rootfiles_existingOptimization/HtZt_4000_1000_pt260_ak10_ca6_th85.root,nan,nan,nan,nan,nan,nan,nan,nan,nan,nan,nan,nan,nan,nan,nan,nan,nan,nan,nan,nan,nan
HtZt_4000_1000,HtZt,4000,1000,85,260,1.2,0.4,/eos/uscms/store/user/aji/rootfiles_existingOptimization/HtZt_4000_1000_pt260_ak12_ca4_th85.root,failed,/eos/uscms/store/user/aji/rootfiles_existingOptimization/HtZt_4000_1000_pt260_ak12_ca4_th85.root,nan,nan,nan,nan,nan,nan,nan,nan,nan,nan,nan,nan,nan,nan,nan,nan,nan,nan,nan,nan,nan
HtZt_4000_1000,HtZt,4000,1000,85,260,1.2,0.6,/eos/uscms/store/user/aji/rootfiles_existingOptimization/HtZt_4000_1000_pt260_ak12_ca6_th85.root,failed,/eos/uscms/store/user/aji/rootfiles_existingOptimization/HtZt_4000_1000_pt260_ak12_ca6_th85.root,nan,nan,nan,nan,nan,nan,nan,nan,nan,nan,nan,nan,nan,nan,nan,nan,nan,nan,nan,nan,nan
HtZt_4000_1000,HtZt,4000,1000,85,260,1.2,0.8,/eos/uscms/store/user/aji/rootfiles_existingOptimization/HtZt_4000_1000_pt260_ak12_ca8_th85.root,failed,/eos/uscms/store/user/aji/rootfiles_existingOptimization/HtZt_4000_1000_pt260_ak12_ca8_th85.root,nan,nan,nan,nan,nan,nan,nan,nan,nan,nan,nan,nan,nan,nan,nan,nan,nan,nan,nan,nan,nan
HtZt_4000_1000,HtZt,4000,1000,85,260,1.4,0.4,/eos/uscms/store/user/aji/rootfiles_existingOptimization/HtZt_4000_1000_pt260_ak14_ca4_th85.root,failed,/eos/uscms/store/user/aji/rootfiles_existingOptimization/HtZt_4000_1000_pt260_ak14_ca4_th85.root,nan,nan,nan,nan,nan,nan,nan,nan,nan,nan,nan,nan,nan,nan,nan,nan,nan,nan,nan,nan,nan
HtZt_4000_1000,HtZt,4000,1000,85,260,1.4,0.6,/eos/uscms/store/user/aji/rootfiles_existingOptimization/HtZt_4000_1000_pt260_ak14_ca6_th85.root,failed,/eos/uscms/store/user/aji/rootfiles_existingOptimization/HtZt_4000_1000_pt260_ak14_ca6_th85.root,nan,nan,nan,nan,nan,nan,nan,nan,nan,nan,nan,nan,nan,nan,nan,nan,nan,nan,nan,nan,nan
HtZt_4000_1000,HtZt,4000,1000,85,260,1.4,0.8,/eos/uscms/store/user/aji/rootfiles_existingOptimization/HtZt_4000_1000_pt260_ak14_ca8_th85.root,failed,/eos/uscms/store/user/aji/rootfiles_existingOptimization/HtZt_4000_1000_pt260_ak14_ca8_th85.root,nan,nan,nan,nan,nan,nan,nan,nan,nan,nan,nan,nan,nan,nan,nan,nan,nan,nan,nan,nan,nan
HtZt_4000_1000,HtZt,4000,1000,85,260,1.4,1.0,/eos/uscms/store/user/aji/rootfiles_existingOptimization/HtZt_4000_1000_pt260_ak14_ca10_th85.root,failed,/eos/uscms/store/user/aji/rootfiles_existingOptimization/HtZt_4000_1000_pt260_ak14_ca10_th85.root,nan,nan,nan,nan,nan,nan,nan,nan,nan,nan,nan,nan,nan,nan,nan,nan,nan,nan,nan,nan,nan
HtZt_4000_1000,HtZt,4000,1000,85,260,1.6,0.4,/eos/uscms/store/user/aji/rootfiles_existingOptimization/HtZt_4000_1000_pt260_ak16_ca4_th85.root,failed,/eos/uscms/store/user/aji/rootfiles_existingOptimization/HtZt_4000_1000_pt260_ak16_ca4_th85.root,nan,nan,nan,nan,nan,nan,nan,nan,nan,nan,nan,nan,nan,nan,nan,nan,nan,nan,nan,nan,nan
HtZt_4000_1000,HtZt,4000,1000,85,260,1.6,0.6,/eos/uscms/store/user/aji/rootfiles_existingOptimization/HtZt_4000_1000_pt260_ak16_ca6_th85.root,failed,/eos/uscms/store/user/aji/rootfiles_existingOptimization/HtZt_4000_1000_pt260_ak16_ca6_th85.root,nan,nan,nan,nan,nan,nan,nan,nan,nan,nan,nan,nan,nan,nan,nan,nan,nan,nan,nan,nan,nan
HtZt_4000_1000,HtZt,4000,1000,85,260,1.6,0.8,/eos/uscms/store/user/aji/rootfiles_existingOptimization/HtZt_4000_1000_pt260_ak16_ca8_th85.root,failed,/eos/uscms/store/user/aji/rootfiles_existingOptimization/HtZt_4000_1000_pt260_ak16_ca8_th85.root,nan,nan,nan,nan,nan,nan,nan,nan,nan,nan,nan,nan,nan,nan,nan,nan,nan,nan,nan,nan,nan
HtZt_4000_1000,HtZt,4000,1000,85,260,1.6,1.0,/eos/uscms/store/user/aji/rootfiles_existingOptimization/HtZt_4000_1000_pt260_ak16_ca10_th85.root,failed,/eos/uscms/store/user/aji/rootfiles_existingOptimization/HtZt_4000_1000_pt260_ak16_ca10_th85.root,nan,nan,nan,nan,nan,nan,nan,nan,nan,nan,nan,nan,nan,nan,nan,nan,nan,nan,nan,nan,nan
HtZt_4000_1000,HtZt,4000,1000,85,260,1.6,1.2,/eos/uscms/store/user/aji/rootfiles_existingOptimization/HtZt_4000_1000_pt260_ak16_ca12_th85.root,failed,/eos/uscms/store/user/aji/rootfiles_existingOptimization/HtZt_4000_1000_pt260_ak16_ca12_th85.root,nan,nan,nan,nan,nan,nan,nan,nan,nan,nan,nan,nan,nan,nan,nan,nan,nan,nan,nan,nan,nan
HtZt_4000_1000,HtZt,4000,1000,85,280,0.8,0.4,/eos/uscms/store/user/aji/rootfiles_existingOptimization/HtZt_4000_1000_pt280_ak8_ca4_th85.root,failed,/eos/uscms/store/user/aji/rootfiles_existingOptimization/HtZt_4000_1000_pt280_ak8_ca4_th85.root,nan,nan,nan,nan,nan,nan,nan,nan,nan,nan,nan,nan,nan,nan,nan,nan,nan,nan,nan,nan,nan
HtZt_4000_1000,HtZt,4000,1000,85,280,1.0,0.4,/eos/uscms/store/user/aji/rootfiles_existingOptimization/HtZt_4000_1000_pt280_ak10_ca4_th85.root,failed,/eos/uscms/store/user/aji/rootfiles_existingOptimization/HtZt_4000_1000_pt280_ak10_ca4_th85.root,nan,nan,nan,nan,nan,nan,nan,nan,nan,nan,nan,nan,nan,nan,nan,nan,nan,nan,nan,nan,nan
HtZt_4000_1000,HtZt,4000,1000,85,280,1.0,0.6,/eos/uscms/store/user/aji/rootfiles_existingOptimization/HtZt_4000_1000_pt280_ak10_ca6_th85.root,failed,/eos/uscms/store/user/aji/rootfiles_existingOptimization/HtZt_4000_1000_pt280_ak10_ca6_th85.root,nan,nan,nan,nan,nan,nan,nan,nan,nan,nan,nan,nan,nan,nan,nan,nan,nan,nan,nan,nan,nan
HtZt_4000_1000,HtZt,4000,1000,85,280,1.2,0.4,/eos/uscms/store/user/aji/rootfiles_existingOptimization/HtZt_4000_1000_pt280_ak12_ca4_th85.root,failed,/eos/uscms/store/user/aji/rootfiles_existingOptimization/HtZt_4000_1000_pt280_ak12_ca4_th85.root,nan,nan,nan,nan,nan,nan,nan,nan,nan,nan,nan,nan,nan,nan,nan,nan,nan,nan,nan,nan,nan
HtZt_4000_1000,HtZt,4000,1000,85,280,1.2,0.6,/eos/uscms/store/user/aji/rootfiles_existingOptimization/HtZt_4000_1000_pt280_ak12_ca6_th85.root,failed,/eos/uscms/store/user/aji/rootfiles_existingOptimization/HtZt_4000_1000_pt280_ak12_ca6_th85.root,nan,nan,nan,nan,nan,nan,nan,nan,nan,nan,nan,nan,nan,nan,nan,nan,nan,nan,nan,nan,nan
HtZt_4000_1000,HtZt,4000,1000,85,280,1.2,0.8,/eos/uscms/store/user/aji/rootfiles_existingOptimization/HtZt_4000_1000_pt280_ak12_ca8_th85.root,failed,/eos/uscms/store/user/aji/rootfiles_existingOptimization/HtZt_4000_1000_pt280_ak12_ca8_th85.root,nan,nan,nan,nan,nan,nan,nan,nan,nan,nan,nan,nan,nan,nan,nan,nan,nan,nan,nan,nan,nan
HtZt_4000_1000,HtZt,4000,1000,85,280,1.4,0.4,/eos/uscms/store/user/aji/rootfiles_existingOptimization/HtZt_4000_1000_pt280_ak14_ca4_th85.root,failed,/eos/uscms/store/user/aji/rootfiles_existingOptimization/HtZt_4000_1000_pt280_ak14_ca4_th85.root,nan,nan,nan,nan,nan,nan,nan,nan,nan,nan,nan,nan,nan,nan,nan,nan,nan,nan,nan,nan,nan
HtZt_4000_1000,HtZt,4000,1000,85,280,1.4,0.6,/eos/uscms/store/user/aji/rootfiles_existingOptimization/HtZt_4000_1000_pt280_ak14_ca6_th85.root,failed,/eos/uscms/store/user/aji/rootfiles_existingOptimization/HtZt_4000_1000_pt280_ak14_ca6_th85.root,nan,nan,nan,nan,nan,nan,nan,nan,nan,nan,nan,nan,nan,nan,nan,nan,nan,nan,nan,nan,nan
HtZt_4000_1000,HtZt,4000,1000,85,280,1.4,0.8,/eos/uscms/store/user/aji/rootfiles_existingOptimization/HtZt_4000_1000_pt280_ak14_ca8_th85.root,failed,/eos/uscms/store/user/aji/rootfiles_existingOptimization/HtZt_4000_1000_pt280_ak14_ca8_th85.root,nan,nan,nan,nan,nan,nan,nan,nan,nan,nan,nan,nan,nan,nan,nan,nan,nan,nan,nan,nan,nan
HtZt_4000_1000,HtZt,4000,1000,85,280,1.4,1.0,/eos/uscms/store/user/aji/rootfiles_existingOptimization/HtZt_4000_1000_pt280_ak14_ca10_th85.root,failed,/eos/uscms/store/user/aji/rootfiles_existingOptimization/HtZt_4000_1000_pt280_ak14_ca10_th85.root,nan,nan,nan,nan,nan,nan,nan,nan,nan,nan,nan,nan,nan,nan,nan,nan,nan,nan,nan,nan,nan
HtZt_4000_1000,HtZt,4000,1000,85,280,1.6,0.4,/eos/uscms/store/user/aji/rootfiles_existingOptimization/HtZt_4000_1000_pt280_ak16_ca4_th85.root,failed,/eos/uscms/store/user/aji/rootfiles_existingOptimization/HtZt_4000_1000_pt280_ak16_ca4_th85.root,nan,nan,nan,nan,nan,nan,nan,nan,nan,nan,nan,nan,nan,nan,nan,nan,nan,nan,nan,nan,nan
HtZt_4000_1000,HtZt,4000,1000,85,280,1.6,0.6,/eos/uscms/store/user/aji/rootfiles_existingOptimization/HtZt_4000_1000_pt280_ak16_ca6_th85.root,failed,/eos/uscms/store/user/aji/rootfiles_existingOptimization/HtZt_4000_1000_pt280_ak16_ca6_th85.root,nan,nan,nan,nan,nan,nan,nan,nan,nan,nan,nan,nan,nan,nan,nan,nan,nan,nan,nan,nan,nan
HtZt_4000_1000,HtZt,4000,1000,85,280,1.6,0.8,/eos/uscms/store/user/aji/rootfiles_existingOptimization/HtZt_4000_1000_pt280_ak16_ca8_th85.root,failed,/eos/uscms/store/user/aji/rootfiles_existingOptimization/HtZt_4000_1000_pt280_ak16_ca8_th85.root,nan,nan,nan,nan,nan,nan,nan,nan,nan,nan,nan,nan,nan,nan,nan,nan,nan,nan,nan,nan,nan
HtZt_4000_1000,HtZt,4000,1000,85,280,1.6,1.0,/eos/uscms/store/user/aji/rootfiles_existingOptimization/HtZt_4000_1000_pt280_ak16_ca10_th85.root,failed,/eos/uscms/store/user/aji/rootfiles_existingOptimization/HtZt_4000_1000_pt280_ak16_ca10_th85.root,nan,nan,nan,nan,nan,nan,nan,nan,nan,nan,nan,nan,nan,nan,nan,nan,nan,nan,nan,nan,nan
HtZt_4000_1000,HtZt,4000,1000,85,280,1.6,1.2,/eos/uscms/store/user/aji/rootfiles_existingOptimization/HtZt_4000_1000_pt280_ak16_ca12_th85.root,failed,/eos/uscms/store/user/aji/rootfiles_existingOptimization/HtZt_4000_1000_pt280_ak16_ca12_th85.root,nan,nan,nan,nan,nan,nan,nan,nan,nan,nan,nan,nan,nan,nan,nan,nan,nan,nan,nan,nan,nan
HtZt_4000_1000,HtZt,4000,1000,85,300,0.8,0.4,/eos/uscms/store/user/aji/rootfiles_existingOptimization/HtZt_4000_1000_pt300_ak8_ca4_th85.root,failed,/eos/uscms/store/user/aji/rootfiles_existingOptimization/HtZt_4000_1000_pt300_ak8_ca4_th85.root,nan,nan,nan,nan,nan,nan,nan,nan,nan,nan,nan,nan,nan,nan,nan,nan,nan,nan,nan,nan,nan
HtZt_4000_1000,HtZt,4000,1000,85,300,1.0,0.4,/eos/uscms/store/user/aji/rootfiles_existingOptimization/HtZt_4000_1000_pt300_ak10_ca4_th85.root,failed,/eos/uscms/store/user/aji/rootfiles_existingOptimization/HtZt_4000_1000_pt300_ak10_ca4_th85.root,nan,nan,nan,nan,nan,nan,nan,nan,nan,nan,nan,nan,nan,nan,nan,nan,nan,nan,nan,nan,nan
HtZt_4000_1000,HtZt,4000,1000,85,300,1.0,0.6,/eos/uscms/store/user/aji/rootfiles_existingOptimization/HtZt_4000_1000_pt300_ak10_ca6_th85.root,failed,/eos/uscms/store/user/aji/rootfiles_existingOptimization/HtZt_4000_1000_pt300_ak10_ca6_th85.root,nan,nan,nan,nan,nan,nan,nan,nan,nan,nan,nan,nan,nan,nan,nan,nan,nan,nan,nan,nan,nan
HtZt_4000_1000,HtZt,4000,1000,85,300,1.2,0.4,/eos/uscms/store/user/aji/rootfiles_existingOptimization/HtZt_4000_1000_pt300_ak12_ca4_th85.root,failed,/eos/uscms/store/user/aji/rootfiles_existingOptimization/HtZt_4000_1000_pt300_ak12_ca4_th85.root,nan,nan,nan,nan,nan,nan,nan,nan,nan,nan,nan,nan,nan,nan,nan,nan,nan,nan,nan,nan,nan
HtZt_4000_1000,HtZt,4000,1000,85,300,1.2,0.6,/eos/uscms/store/user/aji/rootfiles_existingOptimization/HtZt_4000_1000_pt300_ak12_ca6_th85.root,failed,/eos/uscms/store/user/aji/rootfiles_existingOptimization/HtZt_4000_1000_pt300_ak12_ca6_th85.root,nan,nan,nan,nan,nan,nan,nan,nan,nan,nan,nan,nan,nan,nan,nan,nan,nan,nan,nan,nan,nan
HtZt_4000_1000,HtZt,4000,1000,85,300,1.2,0.8,/eos/uscms/store/user/aji/rootfiles_existingOptimization/HtZt_4000_1000_pt300_ak12_ca8_th85.root,failed,/eos/uscms/store/user/aji/rootfiles_existingOptimization/HtZt_4000_1000_pt300_ak12_ca8_th85.root,nan,nan,nan,nan,nan,nan,nan,nan,nan,nan,nan,nan,nan,nan,nan,nan,nan,nan,nan,nan,nan
HtZt_4000_1000,HtZt,4000,1000,85,300,1.4,0.4,/eos/uscms/store/user/aji/rootfiles_existingOptimization/HtZt_4000_1000_pt300_ak14_ca4_th85.root,failed,/eos/uscms/store/user/aji/rootfiles_existingOptimization/HtZt_4000_1000_pt300_ak14_ca4_th85.root,nan,nan,nan,nan,nan,nan,nan,nan,nan,nan,nan,nan,nan,nan,nan,nan,nan,nan,nan,nan,nan
HtZt_4000_1000,HtZt,4000,1000,85,300,1.4,0.6,/eos/uscms/store/user/aji/rootfiles_existingOptimization/HtZt_4000_1000_pt300_ak14_ca6_th85.root,failed,/eos/uscms/store/user/aji/rootfiles_existingOptimization/HtZt_4000_1000_pt300_ak14_ca6_th85.root,nan,nan,nan,nan,nan,nan,nan,nan,nan,nan,nan,nan,nan,nan,nan,nan,nan,nan,nan,nan,nan
HtZt_4000_1000,HtZt,4000,1000,85,300,1.4,0.8,/eos/uscms/store/user/aji/rootfiles_existingOptimization/HtZt_4000_1000_pt300_ak14_ca8_th85.root,failed,/eos/uscms/store/user/aji/rootfiles_existingOptimization/HtZt_4000_1000_pt300_ak14_ca8_th85.root,nan,nan,nan,nan,nan,nan,nan,nan,nan,nan,nan,nan,nan,nan,nan,nan,nan,nan,nan,nan,nan
HtZt_4000_1000,HtZt,4000,1000,85,300,1.4,1.0,/eos/uscms/store/user/aji/rootfiles_existingOptimization/HtZt_4000_1000_pt300_ak14_ca10_th85.root,failed,/eos/uscms/store/user/aji/rootfiles_existingOptimization/HtZt_4000_1000_pt300_ak14_ca10_th85.root,nan,nan,nan,nan,nan,nan,nan,nan,nan,nan,nan,nan,nan,nan,nan,nan,nan,nan,nan,nan,nan
HtZt_4000_1000,HtZt,4000,1000,85,300,1.6,0.4,/eos/uscms/store/user/aji/rootfiles_existingOptimization/HtZt_4000_1000_pt300_ak16_ca4_th85.root,failed,/eos/uscms/store/user/aji/rootfiles_existingOptimization/HtZt_4000_1000_pt300_ak16_ca4_th85.root,nan,nan,nan,nan,nan,nan,nan,nan,nan,nan,nan,nan,nan,nan,nan,nan,nan,nan,nan,nan,nan
HtZt_4000_1000,HtZt,4000,1000,85,300,1.6,0.6,/eos/uscms/store/user/aji/rootfiles_existingOptimization/HtZt_4000_1000_pt300_ak16_ca6_th85.root,failed,/eos/uscms/store/user/aji/rootfiles_existingOptimization/HtZt_4000_1000_pt300_ak16_ca6_th85.root,nan,nan,nan,nan,nan,nan,nan,nan,nan,nan,nan,nan,nan,nan,nan,nan,nan,nan,nan,nan,nan
HtZt_4000_1000,HtZt,4000,1000,85,300,1.6,0.8,/eos/uscms/store/user/aji/rootfiles_existingOptimization/HtZt_4000_1000_pt300_ak16_ca8_th85.root,failed,/eos/uscms/store/user/aji/rootfiles_existingOptimization/HtZt_4000_1000_pt300_ak16_ca8_th85.root,nan,nan,nan,nan,nan,nan,nan,nan,nan,nan,nan,nan,nan,nan,nan,nan,nan,nan,nan,nan,nan
HtZt_4000_1000,HtZt,4000,1000,85,300,1.6,1.0,/eos/uscms/store/user/aji/rootfiles_existingOptimization/HtZt_4000_1000_pt300_ak16_ca10_th85.root,failed,/eos/uscms/store/user/aji/rootfiles_existingOptimization/HtZt_4000_1000_pt300_ak16_ca10_th85.root,nan,nan,nan,nan,nan,nan,nan,nan,nan,nan,nan,nan,nan,nan,nan,nan,nan,nan,nan,nan,nan
HtZt_4000_1000,HtZt,4000,1000,85,300,1.6,1.2,/eos/uscms/store/user/aji/rootfiles_existingOptimization/HtZt_4000_1000_pt300_ak16_ca12_th85.root,failed,/eos/uscms/store/user/aji/rootfiles_existingOptimization/HtZt_4000_1000_pt300_ak16_ca12_th85.root,nan,nan,nan,nan,nan,nan,nan,nan,nan,nan,nan,nan,nan,nan,nan,nan,nan,nan,nan,nan,nan
HtZt_4000_1000,HtZt,4000,1000,85,320,0.8,0.4,/eos/uscms/store/user/aji/rootfiles_existingOptimization/HtZt_4000_1000_pt320_ak8_ca4_th85.root,failed,/eos/uscms/store/user/aji/rootfiles_existingOptimization/HtZt_4000_1000_pt320_ak8_ca4_th85.root,nan,nan,nan,nan,nan,nan,nan,nan,nan,nan,nan,nan,nan,nan,nan,nan,nan,nan,nan,nan,nan
HtZt_4000_1000,HtZt,4000,1000,85,320,1.0,0.4,/eos/uscms/store/user/aji/rootfiles_existingOptimization/HtZt_4000_1000_pt320_ak10_ca4_th85.root,failed,/eos/uscms/store/user/aji/rootfiles_existingOptimization/HtZt_4000_1000_pt320_ak10_ca4_th85.root,nan,nan,nan,nan,nan,nan,nan,nan,nan,nan,nan,nan,nan,nan,nan,nan,nan,nan,nan,nan,nan
HtZt_4000_1000,HtZt,4000,1000,85,320,1.0,0.6,/eos/uscms/store/user/aji/rootfiles_existingOptimization/HtZt_4000_1000_pt320_ak10_ca6_th85.root,failed,/eos/uscms/store/user/aji/rootfiles_existingOptimization/HtZt_4000_1000_pt320_ak10_ca6_th85.root,nan,nan,nan,nan,nan,nan,nan,nan,nan,nan,nan,nan,nan,nan,nan,nan,nan,nan,nan,nan,nan
HtZt_4000_1000,HtZt,4000,1000,85,320,1.2,0.4,/eos/uscms/store/user/aji/rootfiles_existingOptimization/HtZt_4000_1000_pt320_ak12_ca4_th85.root,failed,/eos/uscms/store/user/aji/rootfiles_existingOptimization/HtZt_4000_1000_pt320_ak12_ca4_th85.root,nan,nan,nan,nan,nan,nan,nan,nan,nan,nan,nan,nan,nan,nan,nan,nan,nan,nan,nan,nan,nan
HtZt_4000_1000,HtZt,4000,1000,85,320,1.2,0.6,/eos/uscms/store/user/aji/rootfiles_existingOptimization/HtZt_4000_1000_pt320_ak12_ca6_th85.root,failed,/eos/uscms/store/user/aji/rootfiles_existingOptimization/HtZt_4000_1000_pt320_ak12_ca6_th85.root,nan,nan,nan,nan,nan,nan,nan,nan,nan,nan,nan,nan,nan,nan,nan,nan,nan,nan,nan,nan,nan
HtZt_4000_1000,HtZt,4000,1000,85,320,1.2,0.8,/eos/uscms/store/user/aji/rootfiles_existingOptimization/HtZt_4000_1000_pt320_ak12_ca8_th85.root,failed,/eos/uscms/store/user/aji/rootfiles_existingOptimization/HtZt_4000_1000_pt320_ak12_ca8_th85.root,nan,nan,nan,nan,nan,nan,nan,nan,nan,nan,nan,nan,nan,nan,nan,nan,nan,nan,nan,nan,nan
HtZt_4000_1000,HtZt,4000,1000,85,320,1.4,0.4,/eos/uscms/store/user/aji/rootfiles_existingOptimization/HtZt_4000_1000_pt320_ak14_ca4_th85.root,failed,/eos/uscms/store/user/aji/rootfiles_existingOptimization/HtZt_4000_1000_pt320_ak14_ca4_th85.root,nan,nan,nan,nan,nan,nan,nan,nan,nan,nan,nan,nan,nan,nan,nan,nan,nan,nan,nan,nan,nan
HtZt_4000_1000,HtZt,4000,1000,85,320,1.4,0.6,/eos/uscms/store/user/aji/rootfiles_existingOptimization/HtZt_4000_1000_pt320_ak14_ca6_th85.root,failed,/eos/uscms/store/user/aji/rootfiles_existingOptimization/HtZt_4000_1000_pt320_ak14_ca6_th85.root,nan,nan,nan,nan,nan,nan,nan,nan,nan,nan,nan,nan,nan,nan,nan,nan,nan,nan,nan,nan,nan
HtZt_4000_1000,HtZt,4000,1000,85,320,1.4,0.8,/eos/uscms/store/user/aji/rootfiles_existingOptimization/HtZt_4000_1000_pt320_ak14_ca8_th85.root,failed,/eos/uscms/store/user/aji/rootfiles_existingOptimization/HtZt_4000_1000_pt320_ak14_ca8_th85.root,nan,nan,nan,nan,nan,nan,nan,nan,nan,nan,nan,nan,nan,nan,nan,nan,nan,nan,nan,nan,nan
HtZt_4000_1000,HtZt,4000,1000,85,320,1.4,1.0,/eos/uscms/store/user/aji/rootfiles_existingOptimization/HtZt_4000_1000_pt320_ak14_ca10_th85.root,failed,/eos/uscms/store/user/aji/rootfiles_existingOptimization/HtZt_4000_1000_pt320_ak14_ca10_th85.root,nan,nan,nan,nan,nan,nan,nan,nan,nan,nan,nan,nan,nan,nan,nan,nan,nan,nan,nan,nan,nan
HtZt_4000_1000,HtZt,4000,1000,85,320,1.6,0.4,/eos/uscms/store/user/aji/rootfiles_existingOptimization/HtZt_4000_1000_pt320_ak16_ca4_th85.root,failed,/eos/uscms/store/user/aji/rootfiles_existingOptimization/HtZt_4000_1000_pt320_ak16_ca4_th85.root,nan,nan,nan,nan,nan,nan,nan,nan,nan,nan,nan,nan,nan,nan,nan,nan,nan,nan,nan,nan,nan
HtZt_4000_1000,HtZt,4000,1000,85,320,1.6,0.6,/eos/uscms/store/user/aji/rootfiles_existingOptimization/HtZt_4000_1000_pt320_ak16_ca6_th85.root,failed,/eos/uscms/store/user/aji/rootfiles_existingOptimization/HtZt_4000_1000_pt320_ak16_ca6_th85.root,nan,nan,nan,nan,nan,nan,nan,nan,nan,nan,nan,nan,nan,nan,nan,nan,nan,nan,nan,nan,nan
HtZt_4000_1000,HtZt,4000,1000,85,320,1.6,0.8,/eos/uscms/store/user/aji/rootfiles_existingOptimization/HtZt_4000_1000_pt320_ak16_ca8_th85.root,failed,/eos/uscms/store/user/aji/rootfiles_existingOptimization/HtZt_4000_1000_pt320_ak16_ca8_th85.root,nan,nan,nan,nan,nan,nan,nan,nan,nan,nan,nan,nan,nan,nan,nan,nan,nan,nan,nan,nan,nan
HtZt_4000_1000,HtZt,4000,1000,85,320,1.6,1.0,/eos/uscms/store/user/aji/rootfiles_existingOptimization/HtZt_4000_1000_pt320_ak16_ca10_th85.root,failed,/eos/uscms/store/user/aji/rootfiles_existingOptimization/HtZt_4000_1000_pt320_ak16_ca10_th85.root,nan,nan,nan,nan,nan,nan,nan,nan,nan,nan,nan,nan,nan,nan,nan,nan,nan,nan,nan,nan,nan
HtZt_4000_1000,HtZt,4000,1000,85,320,1.6,1.2,/eos/uscms/store/user/aji/rootfiles_existingOptimization/HtZt_4000_1000_pt320_ak16_ca12_th85.root,failed,/eos/uscms/store/user/aji/rootfiles_existingOptimization/HtZt_4000_1000_pt320_ak16_ca12_th85.root,nan,nan,nan,nan,nan,nan,nan,nan,nan,nan,nan,nan,nan,nan,nan,nan,nan,nan,nan,nan,nan
HtZt_4000_1000,HtZt,4000,1000,85,340,0.8,0.4,/eos/uscms/store/user/aji/rootfiles_existingOptimization/HtZt_4000_1000_pt340_ak8_ca4_th85.root,failed,/eos/uscms/store/user/aji/rootfiles_existingOptimization/HtZt_4000_1000_pt340_ak8_ca4_th85.root,nan,nan,nan,nan,nan,nan,nan,nan,nan,nan,nan,nan,nan,nan,nan,nan,nan,nan,nan,nan,nan
HtZt_4000_1000,HtZt,4000,1000,85,340,1.0,0.4,/eos/uscms/store/user/aji/rootfiles_existingOptimization/HtZt_4000_1000_pt340_ak10_ca4_th85.root,failed,/eos/uscms/store/user/aji/rootfiles_existingOptimization/HtZt_4000_1000_pt340_ak10_ca4_th85.root,nan,nan,nan,nan,nan,nan,nan,nan,nan,nan,nan,nan,nan,nan,nan,nan,nan,nan,nan,nan,nan
HtZt_4000_1000,HtZt,4000,1000,85,340,1.0,0.6,/eos/uscms/store/user/aji/rootfiles_existingOptimization/HtZt_4000_1000_pt340_ak10_ca6_th85.root,failed,/eos/uscms/store/user/aji/rootfiles_existingOptimization/HtZt_4000_1000_pt340_ak10_ca6_th85.root,nan,nan,nan,nan,nan,nan,nan,nan,nan,nan,nan,nan,nan,nan,nan,nan,nan,nan,nan,nan,nan
HtZt_4000_1000,HtZt,4000,1000,85,340,1.2,0.4,/eos/uscms/store/user/aji/rootfiles_existingOptimization/HtZt_4000_1000_pt340_ak12_ca4_th85.root,failed,/eos/uscms/store/user/aji/rootfiles_existingOptimization/HtZt_4000_1000_pt340_ak12_ca4_th85.root,nan,nan,nan,nan,nan,nan,nan,nan,nan,nan,nan,nan,nan,nan,nan,nan,nan,nan,nan,nan,nan
HtZt_4000_1000,HtZt,4000,1000,85,340,1.2,0.6,/eos/uscms/store/user/aji/rootfiles_existingOptimization/HtZt_4000_1000_pt340_ak12_ca6_th85.root,failed,/eos/uscms/store/user/aji/rootfiles_existingOptimization/HtZt_4000_1000_pt340_ak12_ca6_th85.root,nan,nan,nan,nan,nan,nan,nan,nan,nan,nan,nan,nan,nan,nan,nan,nan,nan,nan,nan,nan,nan
HtZt_4000_1000,HtZt,4000,1000,85,340,1.2,0.8,/eos/uscms/store/user/aji/rootfiles_existingOptimization/HtZt_4000_1000_pt340_ak12_ca8_th85.root,failed,/eos/uscms/store/user/aji/rootfiles_existingOptimization/HtZt_4000_1000_pt340_ak12_ca8_th85.root,nan,nan,nan,nan,nan,nan,nan,nan,nan,nan,nan,nan,nan,nan,nan,nan,nan,nan,nan,nan,nan
HtZt_4000_1000,HtZt,4000,1000,85,340,1.4,0.4,/eos/uscms/store/user/aji/rootfiles_existingOptimization/HtZt_4000_1000_pt340_ak14_ca4_th85.root,failed,/eos/uscms/store/user/aji/rootfiles_existingOptimization/HtZt_4000_1000_pt340_ak14_ca4_th85.root,nan,nan,nan,nan,nan,nan,nan,nan,nan,nan,nan,nan,nan,nan,nan,nan,nan,nan,nan,nan,nan
HtZt_4000_1000,HtZt,4000,1000,85,340,1.4,0.6,/eos/uscms/store/user/aji/rootfiles_existingOptimization/HtZt_4000_1000_pt340_ak14_ca6_th85.root,failed,/eos/uscms/store/user/aji/rootfiles_existingOptimization/HtZt_4000_1000_pt340_ak14_ca6_th85.root,nan,nan,nan,nan,nan,nan,nan,nan,nan,nan,nan,nan,nan,nan,nan,nan,nan,nan,nan,nan,nan
HtZt_4000_1000,HtZt,4000,1000,85,340,1.4,0.8,/eos/uscms/store/user/aji/rootfiles_existingOptimization/HtZt_4000_1000_pt340_ak14_ca8_th85.root,failed,/eos/uscms/store/user/aji/rootfiles_existingOptimization/HtZt_4000_1000_pt340_ak14_ca8_th85.root,nan,nan,nan,nan,nan,nan,nan,nan,nan,nan,nan,nan,nan,nan,nan,nan,nan,nan,nan,nan,nan
HtZt_4000_1000,HtZt,4000,1000,85,340,1.4,1.0,/eos/uscms/store/user/aji/rootfiles_existingOptimization/HtZt_4000_1000_pt340_ak14_ca10_th85.root,failed,/eos/uscms/store/user/aji/rootfiles_existingOptimization/HtZt_4000_1000_pt340_ak14_ca10_th85.root,nan,nan,nan,nan,nan,nan,nan,nan,nan,nan,nan,nan,nan,nan,nan,nan,nan,nan,nan,nan,nan
HtZt_4000_1000,HtZt,4000,1000,85,340,1.6,0.4,/eos/uscms/store/user/aji/rootfiles_existingOptimization/HtZt_4000_1000_pt340_ak16_ca4_th85.root,failed,/eos/uscms/store/user/aji/rootfiles_existingOptimization/HtZt_4000_1000_pt340_ak16_ca4_th85.root,nan,nan,nan,nan,nan,nan,nan,nan,nan,nan,nan,nan,nan,nan,nan,nan,nan,nan,nan,nan,nan
HtZt_4000_1000,HtZt,4000,1000,85,340,1.6,0.6,/eos/uscms/store/user/aji/rootfiles_existingOptimization/HtZt_4000_1000_pt340_ak16_ca6_th85.root,failed,/eos/uscms/store/user/aji/rootfiles_existingOptimization/HtZt_4000_1000_pt340_ak16_ca6_th85.root,nan,nan,nan,nan,nan,nan,nan,nan,nan,nan,nan,nan,nan,nan,nan,nan,nan,nan,nan,nan,nan
HtZt_4000_1000,HtZt,4000,1000,85,340,1.6,0.8,/eos/uscms/store/user/aji/rootfiles_existingOptimization/HtZt_4000_1000_pt340_ak16_ca8_th85.root,failed,/eos/uscms/store/user/aji/rootfiles_existingOptimization/HtZt_4000_1000_pt340_ak16_ca8_th85.root,nan,nan,nan,nan,nan,nan,nan,nan,nan,nan,nan,nan,nan,nan,nan,nan,nan,nan,nan,nan,nan
HtZt_4000_1000,HtZt,4000,1000,85,340,1.6,1.0,/eos/uscms/store/user/aji/rootfiles_existingOptimization/HtZt_4000_1000_pt340_ak16_ca10_th85.root,failed,/eos/uscms/store/user/aji/rootfiles_existingOptimization/HtZt_4000_1000_pt340_ak16_ca10_th85.root,nan,nan,nan,nan,nan,nan,nan,nan,nan,nan,nan,nan,nan,nan,nan,nan,nan,nan,nan,nan,nan
HtZt_4000_1000,HtZt,4000,1000,85,340,1.6,1.2,/eos/uscms/store/user/aji/rootfiles_existingOptimization/HtZt_4000_1000_pt340_ak16_ca12_th85.root,failed,/eos/uscms/store/user/aji/rootfiles_existingOptimization/HtZt_4000_1000_pt340_ak16_ca12_th85.root,nan,nan,nan,nan,nan,nan,nan,nan,nan,nan,nan,nan,nan,nan,nan,nan,nan,nan,nan,nan,nan
HtZt_4000_1000,HtZt,4000,1000,85,360,0.8,0.4,/eos/uscms/store/user/aji/rootfiles_existingOptimization/HtZt_4000_1000_pt360_ak8_ca4_th85.root,failed,/eos/uscms/store/user/aji/rootfiles_existingOptimization/HtZt_4000_1000_pt360_ak8_ca4_th85.root,nan,nan,nan,nan,nan,nan,nan,nan,nan,nan,nan,nan,nan,nan,nan,nan,nan,nan,nan,nan,nan
HtZt_4000_1000,HtZt,4000,1000,85,360,1.0,0.4,/eos/uscms/store/user/aji/rootfiles_existingOptimization/HtZt_4000_1000_pt360_ak10_ca4_th85.root,failed,/eos/uscms/store/user/aji/rootfiles_existingOptimization/HtZt_4000_1000_pt360_ak10_ca4_th85.root,nan,nan,nan,nan,nan,nan,nan,nan,nan,nan,nan,nan,nan,nan,nan,nan,nan,nan,nan,nan,nan
HtZt_4000_1000,HtZt,4000,1000,85,360,1.0,0.6,/eos/uscms/store/user/aji/rootfiles_existingOptimization/HtZt_4000_1000_pt360_ak10_ca6_th85.root,failed,/eos/uscms/store/user/aji/rootfiles_existingOptimization/HtZt_4000_1000_pt360_ak10_ca6_th85.root,nan,nan,nan,nan,nan,nan,nan,nan,nan,nan,nan,nan,nan,nan,nan,nan,nan,nan,nan,nan,nan
HtZt_4000_1000,HtZt,4000,1000,85,360,1.2,0.4,/eos/uscms/store/user/aji/rootfiles_existingOptimization/HtZt_4000_1000_pt360_ak12_ca4_th85.root,failed,/eos/uscms/store/user/aji/rootfiles_existingOptimization/HtZt_4000_1000_pt360_ak12_ca4_th85.root,nan,nan,nan,nan,nan,nan,nan,nan,nan,nan,nan,nan,nan,nan,nan,nan,nan,nan,nan,nan,nan
HtZt_4000_1000,HtZt,4000,1000,85,360,1.2,0.6,/eos/uscms/store/user/aji/rootfiles_existingOptimization/HtZt_4000_1000_pt360_ak12_ca6_th85.root,failed,/eos/uscms/store/user/aji/rootfiles_existingOptimization/HtZt_4000_1000_pt360_ak12_ca6_th85.root,nan,nan,nan,nan,nan,nan,nan,nan,nan,nan,nan,nan,nan,nan,nan,nan,nan,nan,nan,nan,nan
HtZt_4000_1000,HtZt,4000,1000,85,360,1.2,0.8,/eos/uscms/store/user/aji/rootfiles_existingOptimization/HtZt_4000_1000_pt360_ak12_ca8_th85.root,failed,/eos/uscms/store/user/aji/rootfiles_existingOptimization/HtZt_4000_1000_pt360_ak12_ca8_th85.root,nan,nan,nan,nan,nan,nan,nan,nan,nan,nan,nan,nan,nan,nan,nan,nan,nan,nan,nan,nan,nan
HtZt_4000_1000,HtZt,4000,1000,85,360,1.4,0.4,/eos/uscms/store/user/aji/rootfiles_existingOptimization/HtZt_4000_1000_pt360_ak14_ca4_th85.root,failed,/eos/uscms/store/user/aji/rootfiles_existingOptimization/HtZt_4000_1000_pt360_ak14_ca4_th85.root,nan,nan,nan,nan,nan,nan,nan,nan,nan,nan,nan,nan,nan,nan,nan,nan,nan,nan,nan,nan,nan
HtZt_4000_1000,HtZt,4000,1000,85,360,1.4,0.6,/eos/uscms/store/user/aji/rootfiles_existingOptimization/HtZt_4000_1000_pt360_ak14_ca6_th85.root,failed,/eos/uscms/store/user/aji/rootfiles_existingOptimization/HtZt_4000_1000_pt360_ak14_ca6_th85.root,nan,nan,nan,nan,nan,nan,nan,nan,nan,nan,nan,nan,nan,nan,nan,nan,nan,nan,nan,nan,nan
HtZt_4000_1000,HtZt,4000,1000,85,360,1.4,0.8,/eos/uscms/store/user/aji/rootfiles_existingOptimization/HtZt_4000_1000_pt360_ak14_ca8_th85.root,failed,/eos/uscms/store/user/aji/rootfiles_existingOptimization/HtZt_4000_1000_pt360_ak14_ca8_th85.root,nan,nan,nan,nan,nan,nan,nan,nan,nan,nan,nan,nan,nan,nan,nan,nan,nan,nan,nan,nan,nan
HtZt_4000_1000,HtZt,4000,1000,85,360,1.4,1.0,/eos/uscms/store/user/aji/rootfiles_existingOptimization/HtZt_4000_1000_pt360_ak14_ca10_th85.root,failed,/eos/uscms/store/user/aji/rootfiles_existingOptimization/HtZt_4000_1000_pt360_ak14_ca10_th85.root,nan,nan,nan,nan,nan,nan,nan,nan,nan,nan,nan,nan,nan,nan,nan,nan,nan,nan,nan,nan,nan
HtZt_4000_1000,HtZt,4000,1000,85,360,1.6,0.4,/eos/uscms/store/user/aji/rootfiles_existingOptimization/HtZt_4000_1000_pt360_ak16_ca4_th85.root,failed,/eos/uscms/store/user/aji/rootfiles_existingOptimization/HtZt_4000_1000_pt360_ak16_ca4_th85.root,nan,nan,nan,nan,nan,nan,nan,nan,nan,nan,nan,nan,nan,nan,nan,nan,nan,nan,nan,nan,nan
HtZt_4000_1000,HtZt,4000,1000,85,360,1.6,0.6,/eos/uscms/store/user/aji/rootfiles_existingOptimization/HtZt_4000_1000_pt360_ak16_ca6_th85.root,failed,/eos/uscms/store/user/aji/rootfiles_existingOptimization/HtZt_4000_1000_pt360_ak16_ca6_th85.root,nan,nan,nan,nan,nan,nan,nan,nan,nan,nan,nan,nan,nan,nan,nan,nan,nan,nan,nan,nan,nan
HtZt_4000_1000,HtZt,4000,1000,85,360,1.6,0.8,/eos/uscms/store/user/aji/rootfiles_existingOptimization/HtZt_4000_1000_pt360_ak16_ca8_th85.root,failed,/eos/uscms/store/user/aji/rootfiles_existingOptimization/HtZt_4000_1000_pt360_ak16_ca8_th85.root,nan,nan,nan,nan,nan,nan,nan,nan,nan,nan,nan,nan,nan,nan,nan,nan,nan,nan,nan,nan,nan
HtZt_4000_1000,HtZt,4000,1000,85,360,1.6,1.0,/eos/uscms/store/user/aji/rootfiles_existingOptimization/HtZt_4000_1000_pt360_ak16_ca10_th85.root,failed,/eos/uscms/store/user/aji/rootfiles_existingOptimization/HtZt_4000_1000_pt360_ak16_ca10_th85.root,nan,nan,nan,nan,nan,nan,nan,nan,nan,nan,nan,nan,nan,nan,nan,nan,nan,nan,nan,nan,nan
HtZt_4000_1000,HtZt,4000,1000,85,360,1.6,1.2,/eos/uscms/store/user/aji/rootfiles_existingOptimization/HtZt_4000_1000_pt360_ak16_ca12_th85.root,failed,/eos/uscms/store/user/aji/rootfiles_existingOptimization/HtZt_4000_1000_pt360_ak16_ca12_th85.root,nan,nan,nan,nan,nan,nan,nan,nan,nan,nan,nan,nan,nan,nan,nan,nan,nan,nan,nan,nan,nan
HtZt_4000_1000,HtZt,4000,1000,85,380,0.8,0.4,/eos/uscms/store/user/aji/rootfiles_existingOptimization/HtZt_4000_1000_pt380_ak8_ca4_th85.root,failed,/eos/uscms/store/user/aji/rootfiles_existingOptimization/HtZt_4000_1000_pt380_ak8_ca4_th85.root,nan,nan,nan,nan,nan,nan,nan,nan,nan,nan,nan,nan,nan,nan,nan,nan,nan,nan,nan,nan,nan
HtZt_4000_1000,HtZt,4000,1000,85,380,1.0,0.4,/eos/uscms/store/user/aji/rootfiles_existingOptimization/HtZt_4000_1000_pt380_ak10_ca4_th85.root,failed,/eos/uscms/store/user/aji/rootfiles_existingOptimization/HtZt_4000_1000_pt380_ak10_ca4_th85.root,nan,nan,nan,nan,nan,nan,nan,nan,nan,nan,nan,nan,nan,nan,nan,nan,nan,nan,nan,nan,nan
HtZt_4000_1000,HtZt,4000,1000,85,380,1.0,0.6,/eos/uscms/store/user/aji/rootfiles_existingOptimization/HtZt_4000_1000_pt380_ak10_ca6_th85.root,failed,/eos/uscms/store/user/aji/rootfiles_existingOptimization/HtZt_4000_1000_pt380_ak10_ca6_th85.root,nan,nan,nan,nan,nan,nan,nan,nan,nan,nan,nan,nan,nan,nan,nan,nan,nan,nan,nan,nan,nan
HtZt_4000_1000,HtZt,4000,1000,85,380,1.2,0.4,/eos/uscms/store/user/aji/rootfiles_existingOptimization/HtZt_4000_1000_pt380_ak12_ca4_th85.root,failed,/eos/uscms/store/user/aji/rootfiles_existingOptimization/HtZt_4000_1000_pt380_ak12_ca4_th85.root,nan,nan,nan,nan,nan,nan,nan,nan,nan,nan,nan,nan,nan,nan,nan,nan,nan,nan,nan,nan,nan
HtZt_4000_1000,HtZt,4000,1000,85,380,1.2,0.6,/eos/uscms/store/user/aji/rootfiles_existingOptimization/HtZt_4000_1000_pt380_ak12_ca6_th85.root,failed,/eos/uscms/store/user/aji/rootfiles_existingOptimization/HtZt_4000_1000_pt380_ak12_ca6_th85.root,nan,nan,nan,nan,nan,nan,nan,nan,nan,nan,nan,nan,nan,nan,nan,nan,nan,nan,nan,nan,nan
HtZt_4000_1000,HtZt,4000,1000,85,380,1.2,0.8,/eos/uscms/store/user/aji/rootfiles_existingOptimization/HtZt_4000_1000_pt380_ak12_ca8_th85.root,failed,/eos/uscms/store/user/aji/rootfiles_existingOptimization/HtZt_4000_1000_pt380_ak12_ca8_th85.root,nan,nan,nan,nan,nan,nan,nan,nan,nan,nan,nan,nan,nan,nan,nan,nan,nan,nan,nan,nan,nan
HtZt_4000_1000,HtZt,4000,1000,85,380,1.4,0.4,/eos/uscms/store/user/aji/rootfiles_existingOptimization/HtZt_4000_1000_pt380_ak14_ca4_th85.root,failed,/eos/uscms/store/user/aji/rootfiles_existingOptimization/HtZt_4000_1000_pt380_ak14_ca4_th85.root,nan,nan,nan,nan,nan,nan,nan,nan,nan,nan,nan,nan,nan,nan,nan,nan,nan,nan,nan,nan,nan
HtZt_4000_1000,HtZt,4000,1000,85,380,1.4,0.6,/eos/uscms/store/user/aji/rootfiles_existingOptimization/HtZt_4000_1000_pt380_ak14_ca6_th85.root,failed,/eos/uscms/store/user/aji/rootfiles_existingOptimization/HtZt_4000_1000_pt380_ak14_ca6_th85.root,nan,nan,nan,nan,nan,nan,nan,nan,nan,nan,nan,nan,nan,nan,nan,nan,nan,nan,nan,nan,nan
HtZt_4000_1000,HtZt,4000,1000,85,380,1.4,0.8,/eos/uscms/store/user/aji/rootfiles_existingOptimization/HtZt_4000_1000_pt380_ak14_ca8_th85.root,failed,/eos/uscms/store/user/aji/rootfiles_existingOptimization/HtZt_4000_1000_pt380_ak14_ca8_th85.root,nan,nan,nan,nan,nan,nan,nan,nan,nan,nan,nan,nan,nan,nan,nan,nan,nan,nan,nan,nan,nan
HtZt_4000_1000,HtZt,4000,1000,85,380,1.4,1.0,/eos/uscms/store/user/aji/rootfiles_existingOptimization/HtZt_4000_1000_pt380_ak14_ca10_th85.root,failed,/eos/uscms/store/user/aji/rootfiles_existingOptimization/HtZt_4000_1000_pt380_ak14_ca10_th85.root,nan,nan,nan,nan,nan,nan,nan,nan,nan,nan,nan,nan,nan,nan,nan,nan,nan,nan,nan,nan,nan
HtZt_4000_1000,HtZt,4000,1000,85,380,1.6,0.4,/eos/uscms/store/user/aji/rootfiles_existingOptimization/HtZt_4000_1000_pt380_ak16_ca4_th85.root,failed,/eos/uscms/store/user/aji/rootfiles_existingOptimization/HtZt_4000_1000_pt380_ak16_ca4_th85.root,nan,nan,nan,nan,nan,nan,nan,nan,nan,nan,nan,nan,nan,nan,nan,nan,nan,nan,nan,nan,nan
HtZt_4000_1000,HtZt,4000,1000,85,380,1.6,0.6,/eos/uscms/store/user/aji/rootfiles_existingOptimization/HtZt_4000_1000_pt380_ak16_ca6_th85.root,failed,/eos/uscms/store/user/aji/rootfiles_existingOptimization/HtZt_4000_1000_pt380_ak16_ca6_th85.root,nan,nan,nan,nan,nan,nan,nan,nan,nan,nan,nan,nan,nan,nan,nan,nan,nan,nan,nan,nan,nan
HtZt_4000_1000,HtZt,4000,1000,85,380,1.6,0.8,/eos/uscms/store/user/aji/rootfiles_existingOptimization/HtZt_4000_1000_pt380_ak16_ca8_th85.root,failed,/eos/uscms/store/user/aji/rootfiles_existingOptimization/HtZt_4000_1000_pt380_ak16_ca8_th85.root,nan,nan,nan,nan,nan,nan,nan,nan,nan,nan,nan,nan,nan,nan,nan,nan,nan,nan,nan,nan,nan
HtZt_4000_1000,HtZt,4000,1000,85,380,1.6,1.0,/eos/uscms/store/user/aji/rootfiles_existingOptimization/HtZt_4000_1000_pt380_ak16_ca10_th85.root,failed,/eos/uscms/store/user/aji/rootfiles_existingOptimization/HtZt_4000_1000_pt380_ak16_ca10_th85.root,nan,nan,nan,nan,nan,nan,nan,nan,nan,nan,nan,nan,nan,nan,nan,nan,nan,nan,nan,nan,nan
HtZt_4000_1000,HtZt,4000,1000,85,380,1.6,1.2,/eos/uscms/store/user/aji/rootfiles_existingOptimization/HtZt_4000_1000_pt380_ak16_ca12_th85.root,failed,/eos/uscms/store/user/aji/rootfiles_existingOptimization/HtZt_4000_1000_pt380_ak16_ca12_th85.root,nan,nan,nan,nan,nan,nan,nan,nan,nan,nan,nan,nan,nan,nan,nan,nan,nan,nan,nan,nan,nan
HtZt_4000_1000,HtZt,4000,1000,85,400,0.8,0.4,/eos/uscms/store/user/aji/rootfiles_existingOptimization/HtZt_4000_1000_pt400_ak8_ca4_th85.root,failed,/eos/uscms/store/user/aji/rootfiles_existingOptimization/HtZt_4000_1000_pt400_ak8_ca4_th85.root,nan,nan,nan,nan,nan,nan,nan,nan,nan,nan,nan,nan,nan,nan,nan,nan,nan,nan,nan,nan,nan
HtZt_4000_1000,HtZt,4000,1000,85,400,1.0,0.4,/eos/uscms/store/user/aji/rootfiles_existingOptimization/HtZt_4000_1000_pt400_ak10_ca4_th85.root,failed,/eos/uscms/store/user/aji/rootfiles_existingOptimization/HtZt_4000_1000_pt400_ak10_ca4_th85.root,nan,nan,nan,nan,nan,nan,nan,nan,nan,nan,nan,nan,nan,nan,nan,nan,nan,nan,nan,nan,nan
HtZt_4000_1000,HtZt,4000,1000,85,400,1.0,0.6,/eos/uscms/store/user/aji/rootfiles_existingOptimization/HtZt_4000_1000_pt400_ak10_ca6_th85.root,failed,/eos/uscms/store/user/aji/rootfiles_existingOptimization/HtZt_4000_1000_pt400_ak10_ca6_th85.root,nan,nan,nan,nan,nan,nan,nan,nan,nan,nan,nan,nan,nan,nan,nan,nan,nan,nan,nan,nan,nan
HtZt_4000_1000,HtZt,4000,1000,85,400,1.2,0.4,/eos/uscms/store/user/aji/rootfiles_existingOptimization/HtZt_4000_1000_pt400_ak12_ca4_th85.root,failed,/eos/uscms/store/user/aji/rootfiles_existingOptimization/HtZt_4000_1000_pt400_ak12_ca4_th85.root,nan,nan,nan,nan,nan,nan,nan,nan,nan,nan,nan,nan,nan,nan,nan,nan,nan,nan,nan,nan,nan
HtZt_4000_1000,HtZt,4000,1000,85,400,1.2,0.6,/eos/uscms/store/user/aji/rootfiles_existingOptimization/HtZt_4000_1000_pt400_ak12_ca6_th85.root,failed,/eos/uscms/store/user/aji/rootfiles_existingOptimization/HtZt_4000_1000_pt400_ak12_ca6_th85.root,nan,nan,nan,nan,nan,nan,nan,nan,nan,nan,nan,nan,nan,nan,nan,nan,nan,nan,nan,nan,nan
HtZt_4000_1000,HtZt,4000,1000,85,400,1.2,0.8,/eos/uscms/store/user/aji/rootfiles_existingOptimization/HtZt_4000_1000_pt400_ak12_ca8_th85.root,failed,/eos/uscms/store/user/aji/rootfiles_existingOptimization/HtZt_4000_1000_pt400_ak12_ca8_th85.root,nan,nan,nan,nan,nan,nan,nan,nan,nan,nan,nan,nan,nan,nan,nan,nan,nan,nan,nan,nan,nan
HtZt_4000_1000,HtZt,4000,1000,85,400,1.4,0.4,/eos/uscms/store/user/aji/rootfiles_existingOptimization/HtZt_4000_1000_pt400_ak14_ca4_th85.root,failed,/eos/uscms/store/user/aji/rootfiles_existingOptimization/HtZt_4000_1000_pt400_ak14_ca4_th85.root,nan,nan,nan,nan,nan,nan,nan,nan,nan,nan,nan,nan,nan,nan,nan,nan,nan,nan,nan,nan,nan
HtZt_4000_1000,HtZt,4000,1000,85,400,1.4,0.6,/eos/uscms/store/user/aji/rootfiles_existingOptimization/HtZt_4000_1000_pt400_ak14_ca6_th85.root,failed,/eos/uscms/store/user/aji/rootfiles_existingOptimization/HtZt_4000_1000_pt400_ak14_ca6_th85.root,nan,nan,nan,nan,nan,nan,nan,nan,nan,nan,nan,nan,nan,nan,nan,nan,nan,nan,nan,nan,nan
HtZt_4000_1000,HtZt,4000,1000,85,400,1.4,0.8,/eos/uscms/store/user/aji/rootfiles_existingOptimization/HtZt_4000_1000_pt400_ak14_ca8_th85.root,failed,/eos/uscms/store/user/aji/rootfiles_existingOptimization/HtZt_4000_1000_pt400_ak14_ca8_th85.root,nan,nan,nan,nan,nan,nan,nan,nan,nan,nan,nan,nan,nan,nan,nan,nan,nan,nan,nan,nan,nan
HtZt_4000_1000,HtZt,4000,1000,85,400,1.4,1.0,/eos/uscms/store/user/aji/rootfiles_existingOptimization/HtZt_4000_1000_pt400_ak14_ca10_th85.root,failed,/eos/uscms/store/user/aji/rootfiles_existingOptimization/HtZt_4000_1000_pt400_ak14_ca10_th85.root,nan,nan,nan,nan,nan,nan,nan,nan,nan,nan,nan,nan,nan,nan,nan,nan,nan,nan,nan,nan,nan
HtZt_4000_1000,HtZt,4000,1000,85,400,1.6,0.4,/eos/uscms/store/user/aji/rootfiles_existingOptimization/HtZt_4000_1000_pt400_ak16_ca4_th85.root,failed,/eos/uscms/store/user/aji/rootfiles_existingOptimization/HtZt_4000_1000_pt400_ak16_ca4_th85.root,nan,nan,nan,nan,nan,nan,nan,nan,nan,nan,nan,nan,nan,nan,nan,nan,nan,nan,nan,nan,nan
HtZt_4000_1000,HtZt,4000,1000,85,400,1.6,0.6,/eos/uscms/store/user/aji/rootfiles_existingOptimization/HtZt_4000_1000_pt400_ak16_ca6_th85.root,failed,/eos/uscms/store/user/aji/rootfiles_existingOptimization/HtZt_4000_1000_pt400_ak16_ca6_th85.root,nan,nan,nan,nan,nan,nan,nan,nan,nan,nan,nan,nan,nan,nan,nan,nan,nan,nan,nan,nan,nan
HtZt_4000_1000,HtZt,4000,1000,85,400,1.6,0.8,/eos/uscms/store/user/aji/rootfiles_existingOptimization/HtZt_4000_1000_pt400_ak16_ca8_th85.root,failed,/eos/uscms/store/user/aji/rootfiles_existingOptimization/HtZt_4000_1000_pt400_ak16_ca8_th85.root,nan,nan,nan,nan,nan,nan,nan,nan,nan,nan,nan,nan,nan,nan,nan,nan,nan,nan,nan,nan,nan
HtZt_4000_1000,HtZt,4000,1000,85,400,1.6,1.0,/eos/uscms/store/user/aji/rootfiles_existingOptimization/HtZt_4000_1000_pt400_ak16_ca10_th85.root,failed,/eos/uscms/store/user/aji/rootfiles_existingOptimization/HtZt_4000_1000_pt400_ak16_ca10_th85.root,nan,nan,nan,nan,nan,nan,nan,nan,nan,nan,nan,nan,nan,nan,nan,nan,nan,nan,nan,nan,nan
HtZt_4000_1000,HtZt,4000,1000,85,400,1.6,1.2,/eos/uscms/store/user/aji/rootfiles_existingOptimization/HtZt_4000_1000_pt400_ak16_ca12_th85.root,failed,/eos/uscms/store/user/aji/rootfiles_existingOptimization/HtZt_4000_1000_pt400_ak16_ca12_th85.root,nan,nan,nan,nan,nan,nan,nan,nan,nan,nan,nan,nan,nan,nan,nan,nan,nan,nan,nan,nan,nan
