sample,decay,suu_mass,chi_mass,th_code,pt_cut,ak_radius,ca_radius,filename,status,error,n_events,n_valid_events,reconstruction_efficiency,reconstruction_efficiency_err,f_low_event,f_low_event_err,f_low_chi,f_peak_chi,f_peak_event_both,f_peak_event_both_all,off_peak_event_fraction,off_peak_event_fraction_err,median_mass,q16_mass,q84_mass,median_mass_response,q16_mass_response,q84_mass_response,robust_resolution,median_mass_asymmetry,balanced_score
WbWb_8000_3000,WbWb,8000,3000,85,140,0.6,0.4,/eos/uscms/store/user/aji/rootfiles_existingOptimization/WbWb_8000_3000_pt140_ak6_ca4_th85.root,ok,,1000,1000,1.0,0.0,0.028,0.005216895628628198,0.014,0.9285,0.89,0.89,0.10999999999999999,0.009894442884771228,2849.3190602821264,2570.089110364952,3131.0514404094947,0.9497730200940422,0.8566963701216507,1.0436838134698314,0.09843796327761874,0.008418150902610399,0.2134606612682145
WbWb_8000_3000,WbWb,8000,3000,85,120,0.6,0.4,/eos/uscms/store/user/aji/rootfiles_existingOptimization/WbWb_8000_3000_pt120_ak6_ca4_th85.root,ok,,1000,1000,1.0,0.0,0.026,0.0050322956987840055,0.013,0.928,0.891,0.891,0.10899999999999999,0.009854897259738428,2855.423855223323,2587.113079608746,3168.85687759446,0.9518079517411077,0.8623710265362486,1.0562856258648199,0.10186645266718476,0.006648312872916085,0.215685657493074
WbWb_8000_3000,WbWb,8000,3000,85,100,0.6,0.4,/eos/uscms/store/user/aji/rootfiles_existingOptimization/WbWb_8000_3000_pt100_ak6_ca4_th85.root,ok,,1000,1000,1.0,0.0,0.025,0.0049371044145328745,0.0125,0.9275,0.892,0.892,0.10799999999999998,0.009815090422405694,2868.76506177228,2596.0005862534153,3195.4632826466054,0.9562550205907601,0.8653335287511386,1.0651544275488685,0.10448096715575074,0.00426679234349083,0.21685546509667472
WbWb_8000_3000,WbWb,8000,3000,85,160,0.6,0.4,/eos/uscms/store/user/aji/rootfiles_existingOptimization/WbWb_8000_3000_pt160_ak6_ca4_th85.root,ok,,1000,1000,1.0,0.0,0.037,0.005969170796685248,0.0185,0.924,0.881,0.881,0.119,0.010239091756596383,2842.225440465599,2555.7717960596883,3122.425332356125,0.9474084801551996,0.8519239320198961,1.0408084441187084,0.09968483291804091,0.010345334016337197,0.22394398490252093
WbWb_8000_3000,WbWb,8000,3000,85,180,0.6,0.4,/eos/uscms/store/user/aji/rootfiles_existingOptimization/WbWb_8000_3000_pt180_ak6_ca4_th85.root,ok,,1000,1000,1.0,0.0,0.039,0.006122009474020765,0.02,0.921,0.876,0.876,0.124,0.010422283818818216,2834.8535472113463,2549.05859644047,3108.239215334565,0.9449511824037822,0.8496861988134901,1.036079738444855,0.09862601534463085,0.011307993662116008,0.2281308971042526
WbWb_8000_3000,WbWb,8000,3000,85,200,0.6,0.4,/eos/uscms/store/user/aji/rootfiles_existingOptimization/WbWb_8000_3000_pt200_ak6_ca4_th85.root,ok,,1000,1000,1.0,0.0,0.048,0.006759881655768835,0.0245,0.915,0.865,0.865,0.135,0.010806248192596726,2831.3778621783313,2539.7684034416284,3089.00714243089,0.9437926207261105,0.8465894678138761,1.0296690474769632,0.09699142356200778,0.011834195356145312,0.23761216148939673
WbWb_8000_3000,WbWb,8000,3000,85,100,0.4,0.4,/eos/uscms/store/user/aji/rootfiles_existingOptimization/WbWb_8000_3000_pt100_ak4_ca4_th85.root,ok,,1000,1000,1.0,0.0,0.038,0.006046155803483731,0.019,0.921,0.879,0.879,0.121,0.010313049985334114,2778.10368104395,2471.5652400693416,3095.9140395615477,0.9260345603479834,0.8238550800231138,1.0319713465205158,0.1123696001255053,0.029714923984417815,0.24076614409070696
WbWb_8000_3000,WbWb,8000,3000,85,120,0.4,0.4,/eos/uscms/store/user/aji/rootfiles_existingOptimization/WbWb_8000_3000_pt120_ak4_ca4_th85.root,ok,,1000,1000,1.0,0.0,0.042,0.0063431853196954605,0.021,0.9185,0.876,0.876,0.124,0.010422283818818216,2766.06430755936,2463.3735313615275,3075.2766512677135,0.92202143585312,0.8211245104538425,1.0250922170892378,0.11060898299325864,0.031280294136333854,0.24240683940794663
WbWb_8000_3000,WbWb,8000,3000,85,160,0.8,0.6,/eos/uscms/store/user/aji/rootfiles_existingOptimization/WbWb_8000_3000_pt160_ak8_ca6_th85.root,ok,,1000,1000,1.0,0.0,0.048,0.006759881655768835,0.024,0.905,0.864,0.864,0.136,0.010839926199010766,2920.9803828680433,2629.5480597727405,3252.7629960480394,0.9736601276226811,0.8765160199242468,1.0842543320160132,0.10667906911161432,0.013976066503701633,0.24531305634934622
WbWb_8000_3000,WbWb,8000,3000,85,140,0.8,0.6,/eos/uscms/store/user/aji/rootfiles_existingOptimization/WbWb_8000_3000_pt140_ak8_ca6_th85.root,ok,,1000,1000,1.0,0.0,0.045,0.0065555320150236475,0.0225,0.905,0.867,0.867,0.133,0.010738295954200556,2929.7177769749164,2648.1505316030193,3298.0481433661303,0.9765725923249722,0.8827168438676731,1.0993493811220434,0.11091471282161576,0.012290992882017276,0.24625745358911855
WbWb_8000_3000,WbWb,8000,3000,85,220,0.6,0.4,/eos/uscms/store/user/aji/rootfiles_existingOptimization/WbWb_8000_3000_pt220_ak6_ca4_th85.root,ok,,1000,1000,1.0,0.0,0.053,0.00708456067798138,0.027,0.91,0.857,0.857,0.14300000000000002,0.011070275515993268,2823.1977324180834,2518.636656351872,3077.273632767419,0.941065910806028,0.8395455521172906,1.0257578775891396,0.09893692000401816,0.013384833798878226,0.2478303289234154
WbWb_8000_3000,WbWb,8000,3000,85,140,0.4,0.4,/eos/uscms/store/user/aji/rootfiles_existingOptimization/WbWb_8000_3000_pt140_ak4_ca4_th85.root,ok,,1000,1000,1.0,0.0,0.052,0.007021111023192838,0.026,0.9125,0.868,0.868,0.132,0.010704017937204702,2759.6750811300963,2450.002968046897,3052.851577360257,0.9198916937100321,0.8166676560156324,1.017617192453419,0.10922456296313172,0.032679363765528616,0.24923539359212854
WbWb_8000_3000,WbWb,8000,3000,85,120,0.8,0.6,/eos/uscms/store/user/aji/rootfiles_existingOptimization/WbWb_8000_3000_pt120_ak8_ca6_th85.root,ok,,1000,1000,1.0,0.0,0.042,0.0063431853196954605,0.021,0.9035,0.867,0.867,0.133,0.010738295954200556,2939.2750474151217,2659.0702741783916,3336.549224397649,0.9797583491383739,0.8863567580594639,1.1121830747992165,0.11524592617064729,0.011032741850257762,0.2502700912568099
WbWb_8000_3000,WbWb,8000,3000,85,180,0.8,0.6,/eos/uscms/store/user/aji/rootfiles_existingOptimization/WbWb_8000_3000_pt180_ak8_ca6_th85.root,ok,,1000,1000,1.0,0.0,0.054,0.007147307185227175,0.027,0.9025,0.858,0.858,0.14200000000000002,0.011037934589405756,2915.591684001195,2600.1071483498963,3229.0663807060714,0.971863894667065,0.8667023827832988,1.076355460235357,0.10786133665552003,0.015922866321262323,0.25267494718881356
WbWb_8000_3000,WbWb,8000,3000,85,200,0.8,0.6,/eos/uscms/store/user/aji/rootfiles_existingOptimization/WbWb_8000_3000_pt200_ak8_ca6_th85.root,ok,,1000,1000,1.0,0.0,0.058,0.007391616873188166,0.0295,0.9005,0.854,0.854,0.14600000000000002,0.011166198995181844,2911.4012052090393,2593.8659967500594,3217.1197519682964,0.9704670684030131,0.8646219989166865,1.0723732506560988,0.10703673442587025,0.01652610278316069,0.255990027585569
WbWb_8000_3000,WbWb,8000,3000,85,160,0.4,0.4,/eos/uscms/store/user/aji/rootfiles_existingOptimization/WbWb_8000_3000_pt160_ak4_ca4_th85.root,ok,,1000,1000,1.0,0.0,0.058,0.007391616873188166,0.0295,0.9055,0.856,0.856,0.14400000000000002,0.011102432165971564,2751.264823529207,2432.8727463217533,3030.902144981819,0.9170882745097357,0.8109575821072511,1.0103007149939398,0.10868263090227336,0.03479071067935045,0.2609738034512998
WbWb_8000_3000,WbWb,8000,3000,85,220,0.8,0.6,/eos/uscms/store/user/aji/rootfiles_existingOptimization/WbWb_8000_3000_pt220_ak8_ca6_th85.root,ok,,1000,1000,1.0,0.0,0.066,0.007851369307324678,0.0335,0.897,0.846,0.846,0.15400000000000003,0.011414201680362933,2905.2449443777523,2582.4138278341297,3201.3086851583935,0.9684149814592509,0.8608046092780433,1.0671028950527979,0.10651336964236921,0.018092707208139325,0.2636718714964441
WbWb_8000_3000,WbWb,8000,3000,85,240,0.6,0.4,/eos/uscms/store/user/aji/rootfiles_existingOptimization/WbWb_8000_3000_pt240_ak6_ca4_th85.root,ok,,1000,1000,1.0,0.0,0.058,0.007391616873188166,0.0305,0.902,0.844,0.844,0.15600000000000003,0.011474493452871897,2818.1132043954403,2491.989277724931,3066.143161335697,0.9393710681318134,0.8306630925749771,1.0220477204452323,0.10186849178295108,0.014216533351587481,0.26393138496976976
WbWb_8000_3000,WbWb,8000,3000,85,140,0.6,0.6,/eos/uscms/store/user/aji/rootfiles_existingOptimization/WbWb_8000_3000_pt140_ak6_ca6_th85.root,ok,,1000,1000,1.0,0.0,0.059,0.007451107300260815,0.0295,0.8965,0.851,0.851,0.14900000000000002,0.011260506205317771,2830.9639778567484,2517.0538355937233,3167.6783795416454,0.9436546592855828,0.8390179451979078,1.0558927931805484,0.11491219051831475,0.03282699475132464,0.2695467245897565
WbWb_8000_3000,WbWb,8000,3000,85,240,0.8,0.6,/eos/uscms/store/user/aji/rootfiles_existingOptimization/WbWb_8000_3000_pt240_ak8_ca6_th85.root,ok,,1000,1000,1.0,0.0,0.071,0.008121514637061242,0.036,0.8925,0.838,0.838,0.16200000000000003,0.011651437679531227,2900.7684023617185,2559.8799701915154,3187.530560779997,0.9669228007872396,0.8532933233971719,1.0625101869266655,0.10818695316686892,0.01908850919239613,0.273494673088145
WbWb_8000_3000,WbWb,8000,3000,85,120,0.6,0.6,/eos/uscms/store/user/aji/rootfiles_existingOptimization/WbWb_8000_3000_pt120_ak6_ca6_th85.root,ok,,1000,1000,1.0,0.0,0.054,0.007147307185227175,0.027,0.8955,0.85,0.85,0.15000000000000002,0.011291589790636216,2842.032471232825,2530.2316746593833,3203.0497397467475,0.9473441570776084,0.8434105582197944,1.0676832465822492,0.1183691727483162,0.030830400152865672,0.2736347570405554
WbWb_8000_3000,WbWb,8000,3000,85,260,0.6,0.4,/eos/uscms/store/user/aji/rootfiles_existingOptimization/WbWb_8000_3000_pt260_ak6_ca4_th85.root,ok,,1000,1000,1.0,0.0,0.072,0.008174105455644672,0.0375,0.8985,0.835,0.835,0.16500000000000004,0.011737759581794136,2813.5912472906184,2469.6110764734353,3046.3722869654607,0.9378637490968726,0.8232036921578119,1.0154574289884868,0.10249555813187577,0.014844139601884793,0.2737091832221885
WbWb_8000_3000,WbWb,8000,3000,85,100,0.6,0.6,/eos/uscms/store/user/aji/rootfiles_existingOptimization/WbWb_8000_3000_pt100_ak6_ca6_th85.root,ok,,1000,1000,1.0,0.0,0.051,0.00695693898205238,0.0255,0.899,0.853,0.853,0.14700000000000002,0.011197812286335219,2852.602979243966,2536.85787004752,3236.9479876689297,0.9508676597479886,0.8456192900158399,1.07898266255631,0.12271075272573632,0.02987548776164179,0.27462398675093747
WbWb_8000_3000,WbWb,8000,3000,85,100,0.4,0.6,/eos/uscms/store/user/aji/rootfiles_existingOptimization/WbWb_8000_3000_pt100_ak4_ca6_th85.root,ok,,1000,1000,1.0,0.0,0.055,0.00720936890441875,0.0275,0.898,0.85,0.85,0.15000000000000002,0.011291589790636216,2773.6898260925755,2442.663694691006,3104.1925986544375,0.9245632753641918,0.8142212315636688,1.0347308662181458,0.11925069950870414,0.03352110861734787,0.27679437197228496
WbWb_8000_3000,WbWb,8000,3000,85,120,0.4,0.6,/eos/uscms/store/user/aji/rootfiles_existingOptimization/WbWb_8000_3000_pt120_ak4_ca6_th85.root,ok,,1000,1000,1.0,0.0,0.061,0.0075682891065286355,0.0305,0.895,0.848,0.848,0.15200000000000002,0.011353237423748348,2761.652951586122,2435.5375599626545,3084.574856526868,0.9205509838620407,0.8118458533208848,1.0281916188422895,0.11750884487340225,0.034811044247709796,0.2774537464871982
WbWb_8000_3000,WbWb,8000,3000,85,180,0.4,0.4,/eos/uscms/store/user/aji/rootfiles_existingOptimization/WbWb_8000_3000_pt180_ak4_ca4_th85.root,ok,,1000,1000,1.0,0.0,0.066,0.007851369307324678,0.0335,0.8955,0.84,0.84,0.16000000000000003,0.011593101396951551,2747.9615096309885,2417.7321105865744,3019.957468403472,0.9159871698769961,0.8059107035288582,1.0066524894678242,0.10957674547227703,0.03533235607590199,0.2779780284845774
WbWb_8000_3000,WbWb,8000,3000,85,160,0.6,0.6,/eos/uscms/store/user/aji/rootfiles_existingOptimization/WbWb_8000_3000_pt160_ak6_ca6_th85.root,ok,,1000,1000,1.0,0.0,0.069,0.008014923580421713,0.0345,0.893,0.843,0.843,0.15700000000000003,0.01150439046625244,2824.892570134637,2501.751032165503,3155.828464734402,0.9416308567115456,0.8339170107218344,1.051942821578134,0.11577031981391854,0.03424403133549589,0.278607234142764
WbWb_8000_3000,WbWb,8000,3000,85,260,0.8,0.6,/eos/uscms/store/user/aji/rootfiles_existingOptimization/WbWb_8000_3000_pt260_ak8_ca6_th85.root,ok,,1000,1000,1.0,0.0,0.077,0.00843036179532053,0.0395,0.891,0.834,0.834,0.16600000000000004,0.011766222843376714,2894.1525466950925,2529.3248760594893,3167.2742763581655,0.9647175155650309,0.8431082920198297,1.0557580921193885,0.11021350637290478,0.020240087754009345,0.27974175481640173
WbWb_8000_3000,WbWb,8000,3000,85,280,0.6,0.4,/eos/uscms/store/user/aji/rootfiles_existingOptimization/WbWb_8000_3000_pt280_ak6_ca4_th85.root,ok,,1000,1000,1.0,0.0,0.079,0.008529888627643388,0.0415,0.896,0.831,0.831,0.16900000000000004,0.011850696182081458,2812.115753074884,2457.4017501646367,3045.509425230855,0.937371917691628,0.8191339167215456,1.015169808410285,0.10456676159634552,0.01580852905217118,0.27982956982718277
WbWb_8000_3000,WbWb,8000,3000,85,180,0.6,0.6,/eos/uscms/store/user/aji/rootfiles_existingOptimization/WbWb_8000_3000_pt180_ak6_ca6_th85.root,ok,,1000,1000,1.0,0.0,0.072,0.008174105455644672,0.0365,0.89,0.838,0.838,0.16200000000000003,0.011651437679531227,2818.5442411297345,2482.835906324976,3137.66294153213,0.9395147470432448,0.827611968774992,1.0458876471773766,0.11616405122395466,0.03472964022479336,0.2842125765196302
WbWb_8000_3000,WbWb,8000,3000,85,140,0.4,0.6,/eos/uscms/store/user/aji/rootfiles_existingOptimization/WbWb_8000_3000_pt140_ak4_ca6_th85.root,ok,,1000,1000,1.0,0.0,0.07,0.008068457101577725,0.035,0.889,0.839,0.839,0.16100000000000003,0.011622349160131098,2754.861576060127,2424.532539454379,3061.4141017557304,0.9182871920200424,0.8081775131514597,1.0204713672519101,0.11559229832741527,0.03552824010960592,0.28476357912541106
WbWb_8000_3000,WbWb,8000,3000,85,100,0.8,0.6,/eos/uscms/store/user/aji/rootfiles_existingOptimization/WbWb_8000_3000_pt100_ak8_ca6_th85.root,ok,,1000,1000,1.0,0.0,0.033,0.005648982209212559,0.0165,0.8745,0.838,0.838,0.16200000000000003,0.011651437679531227,2962.045337044061,2677.2399979233596,3443.343052467236,0.9873484456813537,0.8924133326411199,1.1477810174890788,0.12931994067795066,0.009358928122566907,0.2925850961098153
WbWb_8000_3000,WbWb,8000,3000,85,200,0.4,0.4,/eos/uscms/store/user/aji/rootfiles_existingOptimization/WbWb_8000_3000_pt200_ak4_ca4_th85.root,ok,,1000,1000,1.0,0.0,0.076,0.008379976133617566,0.039,0.885,0.827,0.827,0.17300000000000004,0.011961229033840963,2740.979019376061,2383.2891427665363,3000.3421277512175,0.9136596731253536,0.7944297142555122,1.0001140425837391,0.11256069102001788,0.03584574236163823,0.29419472370748256
WbWb_8000_3000,WbWb,8000,3000,85,300,0.6,0.4,/eos/uscms/store/user/aji/rootfiles_existingOptimization/WbWb_8000_3000_pt300_ak6_ca4_th85.root,ok,,1000,1000,1.0,0.0,0.092,0.00913980306133562,0.048,0.8905,0.821,0.821,0.17900000000000005,0.012122664723566351,2803.8670074353104,2425.0231223904525,3034.4415123973713,0.93462233581177,0.8083410407968175,1.011480504132457,0.10867462479334072,0.0175544032915651,0.2942123912121638
WbWb_8000_3000,WbWb,8000,3000,85,200,0.6,0.6,/eos/uscms/store/user/aji/rootfiles_existingOptimization/WbWb_8000_3000_pt200_ak6_ca6_th85.root,ok,,1000,1000,1.0,0.0,0.081,0.008627803892068943,0.041,0.883,0.825,0.825,0.17500000000000004,0.012015614840697917,2815.183831747887,2466.9125054901933,3112.9172625591136,0.9383946105826291,0.822304168496731,1.0376390875197046,0.11473580335743654,0.03600460005449269,0.29589634229917366
WbWb_8000_3000,WbWb,8000,3000,85,160,0.4,0.6,/eos/uscms/store/user/aji/rootfiles_existingOptimization/WbWb_8000_3000_pt160_ak4_ca6_th85.root,ok,,1000,1000,1.0,0.0,0.078,0.008480330182251162,0.0395,0.8835,0.83,0.83,0.17000000000000004,0.0118785521003193,2747.3962809318455,2390.307846142982,3046.1358497757938,0.915798760310615,0.7967692820476606,1.0153786165919312,0.11935446083707515,0.037574304536193336,0.2977745848060137
WbWb_8000_3000,WbWb,8000,3000,85,280,0.8,0.6,/eos/uscms/store/user/aji/rootfiles_existingOptimization/WbWb_8000_3000_pt280_ak8_ca6_th85.root,ok,,1000,1000,1.0,0.0,0.09,0.009049861877399014,0.0465,0.883,0.819,0.819,0.18100000000000005,0.012175343937647102,2885.762367662875,2491.289302281679,3158.964891380386,0.9619207892209582,0.8304297674272263,1.0529882971267952,0.11568443690660586,0.022825407702050014,0.3004923579845101
WbWb_8000_3000,WbWb,8000,3000,85,220,0.6,0.6,/eos/uscms/store/user/aji/rootfiles_existingOptimization/WbWb_8000_3000_pt220_ak6_ca6_th85.root,ok,,1000,1000,1.0,0.0,0.087,0.00891240708226459,0.044,0.8785,0.819,0.819,0.18100000000000005,0.012175343937647102,2810.6296485500957,2447.377216769863,3099.1664327948893,0.9368765495166986,0.8157924055899543,1.0330554775982965,0.11595074725716029,0.0379200559039166,0.3032630923054905
WbWb_8000_3000,WbWb,8000,3000,85,300,0.8,0.6,/eos/uscms/store/user/aji/rootfiles_existingOptimization/WbWb_8000_3000_pt300_ak8_ca6_th85.root,ok,,1000,1000,1.0,0.0,0.095,0.00927227048785787,0.05,0.8815,0.817,0.817,0.18300000000000005,0.012227469075814505,2883.6719637041006,2471.320624130372,3151.212745085598,0.9612239879013669,0.8237735413767907,1.050404248361866,0.11788652272394726,0.022825407702050014,0.3047641239338106
WbWb_8000_3000,WbWb,8000,3000,85,320,0.6,0.4,/eos/uscms/store/user/aji/rootfiles_existingOptimization/WbWb_8000_3000_pt320_ak6_ca4_th85.root,ok,,1000,1000,1.0,0.0,0.102,0.009570579919733181,0.053,0.8825,0.809,0.809,0.19099999999999995,0.012430567163247216,2798.050770586556,2389.725687969718,3025.979601220562,0.9326835901955187,0.7965752293232393,1.0086598670735207,0.11369592002032654,0.01792282097825748,0.3114275610007746
WbWb_8000_3000,WbWb,8000,3000,85,180,0.4,0.6,/eos/uscms/store/user/aji/rootfiles_existingOptimization/WbWb_8000_3000_pt180_ak4_ca6_th85.root,ok,,1000,1000,1.0,0.0,0.086,0.008865889690267977,0.0435,0.874,0.815,0.815,0.18500000000000005,0.012279047194306243,2744.6357980991893,2373.658644331165,3025.8690465742407,0.9148785993663964,0.7912195481103883,1.0086230155247469,0.11881547320317822,0.03768980821939841,0.31232761326653863
WbWb_8000_3000,WbWb,8000,3000,85,220,0.4,0.4,/eos/uscms/store/user/aji/rootfiles_existingOptimization/WbWb_8000_3000_pt220_ak4_ca4_th85.root,ok,,1000,1000,1.0,0.0,0.087,0.00891240708226459,0.0445,0.8745,0.809,0.809,0.19099999999999995,0.012430567163247216,2733.170196535969,2365.986233358492,2985.4587008125823,0.9110567321786563,0.7886620777861639,0.9951529002708607,0.11332489799559722,0.03755217716961699,0.31321922477773156
WbWb_8000_3000,WbWb,8000,3000,85,200,1.0,0.8,/eos/uscms/store/user/aji/rootfiles_existingOptimization/WbWb_8000_3000_pt200_ak10_ca8_th85.root,ok,,1000,1000,1.0,0.0,0.068,0.007960904471226871,0.034,0.8615,0.811,0.811,0.18899999999999995,0.012380589646701,2996.3831903752143,2640.7513692541106,3393.7945938282546,0.9987943967917381,0.880250456418037,1.131264864609418,0.12565869862589996,0.0219116930743277,0.3147792589467261
WbWb_8000_3000,WbWb,8000,3000,85,320,0.8,0.6,/eos/uscms/store/user/aji/rootfiles_existingOptimization/WbWb_8000_3000_pt320_ak8_ca6_th85.root,ok,,1000,1000,1.0,0.0,0.102,0.009570579919733181,0.0535,0.8775,0.81,0.81,0.18999999999999995,0.012405643876881197,2879.927282486425,2443.771212063075,3143.101640468118,0.9599757608288084,0.8145904040210249,1.0477005468227059,0.12141459832299416,0.02335750353868689,0.31541702224011325
WbWb_8000_3000,WbWb,8000,3000,85,140,0.6,0.8,/eos/uscms/store/user/aji/rootfiles_existingOptimization/WbWb_8000_3000_pt140_ak6_ca8_th85.root,ok,,1000,1000,1.0,0.0,0.081,0.008627803892068943,0.0405,0.8685,0.816,0.816,0.18400000000000005,0.012253326079069309,2825.484491180003,2476.243109098782,3186.2224210261047,0.9418281637266677,0.8254143696995939,1.0620741403420348,0.12563850804058302,0.03622261752903201,0.3154556916679163
WbWb_8000_3000,WbWb,8000,3000,85,140,0.8,0.8,/eos/uscms/store/user/aji/rootfiles_existingOptimization/WbWb_8000_3000_pt140_ak8_ca8_th85.root,ok,,1000,1000,1.0,0.0,0.076,0.008379976133617566,0.038,0.865,0.819,0.819,0.18100000000000005,0.012175343937647102,2916.908114668723,2575.760289007502,3352.041658312077,0.9723027048895743,0.8585867630025006,1.117347219437359,0.13306579069130856,0.03389162700996211,0.3168355202023512
WbWb_8000_3000,WbWb,8000,3000,85,160,0.8,0.8,/eos/uscms/store/user/aji/rootfiles_existingOptimization/WbWb_8000_3000_pt160_ak8_ca8_th85.root,ok,,1000,1000,1.0,0.0,0.084,0.008771772910877254,0.042,0.864,0.816,0.816,0.18400000000000005,0.012253326079069309,2907.3391530015315,2545.7099184393815,3303.09994119219,0.9691130510005104,0.8485699728131271,1.10103331373073,0.13025484522004954,0.034845131053067246,0.31734354011999855
WbWb_8000_3000,WbWb,8000,3000,85,120,0.8,0.8,/eos/uscms/store/user/aji/rootfiles_existingOptimization/WbWb_8000_3000_pt120_ak8_ca8_th85.root,ok,,1000,1000,1.0,0.0,0.067,0.007906389820898032,0.0335,0.863,0.817,0.817,0.18300000000000005,0.012227469075814505,2929.971069767319,2590.848704242595,3364.7500399078076,0.976657023255773,0.8636162347475317,1.121583346635936,0.13206637834254648,0.0323029967440752,0.3174006760169692
WbWb_8000_3000,WbWb,8000,3000,85,180,0.8,0.8,/eos/uscms/store/user/aji/rootfiles_existingOptimization/WbWb_8000_3000_pt180_ak8_ca8_th85.root,ok,,1000,1000,1.0,0.0,0.092,0.00913980306133562,0.046,0.8615,0.81,0.81,0.18999999999999995,0.012405643876881197,2901.2567285601344,2534.5065967837704,3273.0364630677345,0.9670855761867114,0.8448355322612567,1.0910121543559117,0.1272775792321023,0.036361476778706325,0.32056902161343115
WbWb_8000_3000,WbWb,8000,3000,85,120,0.6,0.8,/eos/uscms/store/user/aji/rootfiles_existingOptimization/WbWb_8000_3000_pt120_ak6_ca8_th85.root,ok,,1000,1000,1.0,0.0,0.072,0.008174105455644672,0.036,0.8685,0.814,0.814,0.18600000000000005,0.012304633273690038,2839.0710835394375,2495.921768754258,3229.579172017313,0.9463570278464792,0.831973922918086,1.0765263906724376,0.1292072973298739,0.03453178719246745,0.32057159454522605
WbWb_8000_3000,WbWb,8000,3000,85,220,1.0,0.8,/eos/uscms/store/user/aji/rootfiles_existingOptimization/WbWb_8000_3000_pt220_ak10_ca8_th85.root,ok,,1000,1000,1.0,0.0,0.073,0.008226238508577295,0.0365,0.86,0.806,0.806,0.19399999999999995,0.012504559168559281,2993.5683233573686,2618.4934669385752,3378.7236721376266,0.9978561077857895,0.8728311556461917,1.1262412240458755,0.12697725975841972,0.0219116930743277,0.32119164897984076
WbWb_8000_3000,WbWb,8000,3000,85,100,0.6,0.8,/eos/uscms/store/user/aji/rootfiles_existingOptimization/WbWb_8000_3000_pt100_ak6_ca8_th85.root,ok,,1000,1000,1.0,0.0,0.067,0.007906389820898032,0.0335,0.8715,0.817,0.817,0.18300000000000005,0.012227469075814505,2849.2926831857503,2501.857254652073,3264.455162635019,0.9497642277285834,0.8339524182173578,1.0881517208783398,0.13382231886586973,0.03293548599174205,0.32184589609301145
WbWb_8000_3000,WbWb,8000,3000,85,180,1.0,0.8,/eos/uscms/store/user/aji/rootfiles_existingOptimization/WbWb_8000_3000_pt180_ak10_ca8_th85.root,ok,,1000,1000,1.0,0.0,0.065,0.007795832219846705,0.0325,0.86,0.811,0.811,0.18899999999999995,0.012380589646701,3002.169090295551,2643.980805826826,3443.914678221915,1.0007230300985168,0.8813269352756087,1.147971559407305,0.1332259856683054,0.02086917265807835,0.322298288678157
WbWb_8000_3000,WbWb,8000,3000,85,160,0.6,0.8,/eos/uscms/store/user/aji/rootfiles_existingOptimization/WbWb_8000_3000_pt160_ak6_ca8_th85.root,ok,,1000,1000,1.0,0.0,0.091,0.009094998625618368,0.0455,0.865,0.808,0.808,0.19199999999999995,0.01245536029185828,2821.2609974667184,2462.828296694779,3170.756890405607,0.9404203324889061,0.8209427655649264,1.0569189634685359,0.12546315182226944,0.03881670167048594,0.32342111857337874
WbWb_8000_3000,WbWb,8000,3000,85,200,0.8,0.8,/eos/uscms/store/user/aji/rootfiles_existingOptimization/WbWb_8000_3000_pt200_ak8_ca8_th85.root,ok,,1000,1000,1.0,0.0,0.098,0.009401914698613257,0.0495,0.858,0.805,0.805,0.19499999999999995,0.012528966437819202,2896.343284007866,2523.694625502883,3249.3245557864316,0.9654477613359553,0.8412315418342944,1.0831081852621438,0.1252665618557903,0.03728100245770347,0.3237217857221947
WbWb_8000_3000,WbWb,8000,3000,85,240,0.6,0.6,/eos/uscms/store/user/aji/rootfiles_existingOptimization/WbWb_8000_3000_pt240_ak6_ca6_th85.root,ok,,1000,1000,1.0,0.0,0.096,0.009315793041926168,0.0495,0.868,0.801,0.801,0.19899999999999995,0.012625331678811452,2806.7798016144143,2414.7782699638014,3084.107697834099,0.9355932672048046,0.8049260899879338,1.028035899278033,0.11923440297762405,0.03936310303509512,0.32467507625714354
WbWb_8000_3000,WbWb,8000,3000,85,160,1.0,0.8,/eos/uscms/store/user/aji/rootfiles_existingOptimization/WbWb_8000_3000_pt160_ak10_ca8_th85.root,ok,,1000,1000,1.0,0.0,0.06,0.007509993342207435,0.03,0.8575,0.812,0.812,0.18799999999999994,0.01235540367612487,3016.3333673577135,2658.5852585908688,3485.9372350662493,1.0054444557859046,0.8861950861969563,1.1619790783554165,0.13714531447830894,0.019859268286647865,0.3256897600568993
WbWb_8000_3000,WbWb,8000,3000,85,200,0.4,0.6,/eos/uscms/store/user/aji/rootfiles_existingOptimization/WbWb_8000_3000_pt200_ak4_ca6_th85.root,ok,,1000,1000,1.0,0.0,0.097,0.00935900635751467,0.0495,0.864,0.803,0.803,0.19699999999999995,0.012577400367325513,2738.047739170008,2344.8684507511907,3005.0566601029473,0.9126825797233359,0.7816228169170636,1.001685553367649,0.12055819917001902,0.03849929936797855,0.3262899411976854
WbWb_8000_3000,WbWb,8000,3000,85,240,1.0,0.8,/eos/uscms/store/user/aji/rootfiles_existingOptimization/WbWb_8000_3000_pt240_ak10_ca8_th85.root,ok,,1000,1000,1.0,0.0,0.081,0.008627803892068943,0.041,0.8595,0.803,0.803,0.19699999999999995,0.012577400367325513,2988.564803852165,2603.476692165197,3374.7038549148065,0.9961882679507217,0.8678255640550658,1.1249012849716022,0.12902968705171156,0.022423790030847518,0.32641086025663935
WbWb_8000_3000,WbWb,8000,3000,85,180,0.6,0.8,/eos/uscms/store/user/aji/rootfiles_existingOptimization/WbWb_8000_3000_pt180_ak6_ca8_th85.root,ok,,1000,1000,1.0,0.0,0.095,0.00927227048785787,0.048,0.861,0.803,0.803,0.19699999999999995,0.012577400367325513,2815.4295211702474,2447.02951198131,3153.890776383425,0.9384765070567491,0.8156765039937701,1.0512969254611415,0.12553346817722927,0.03925538831930498,0.32868581747155434
WbWb_8000_3000,WbWb,8000,3000,85,120,0.4,0.8,/eos/uscms/store/user/aji/rootfiles_existingOptimization/WbWb_8000_3000_pt120_ak4_ca8_th85.root,ok,,1000,1000,1.0,0.0,0.088,0.008958571314668427,0.044,0.863,0.808,0.808,0.19199999999999995,0.01245536029185828,2752.4926778332547,2387.654247690188,3109.0626622859045,0.9174975592777515,0.7958847492300627,1.0363542207619683,0.13104638214035233,0.03810431561920191,0.33129662621257716
WbWb_8000_3000,WbWb,8000,3000,85,220,0.8,0.8,/eos/uscms/store/user/aji/rootfiles_existingOptimization/WbWb_8000_3000_pt220_ak8_ca8_th85.root,ok,,1000,1000,1.0,0.0,0.106,0.009734680272099337,0.0535,0.854,0.796,0.796,0.20399999999999996,0.012742998077375669,2890.2508409501656,2507.156086819171,3222.1801371562124,0.9634169469833885,0.8357186956063903,1.0740600457187377,0.12369584677674188,0.03841117246476501,0.33135415207840296
WbWb_8000_3000,WbWb,8000,3000,85,240,0.4,0.4,/eos/uscms/store/user/aji/rootfiles_existingOptimization/WbWb_8000_3000_pt240_ak4_ca4_th85.root,ok,,1000,1000,1.0,0.0,0.098,0.009401914698613257,0.0505,0.8675,0.797,0.797,0.20299999999999996,0.012719709116170855,2729.4438216464705,2316.9844480306515,2975.6559005223626,0.9098146072154902,0.7723281493435505,0.9918853001741209,0.12066037909774299,0.039174444999467456,0.3326789183761939
WbWb_8000_3000,WbWb,8000,3000,85,340,0.8,0.6,/eos/uscms/store/user/aji/rootfiles_existingOptimization/WbWb_8000_3000_pt340_ak8_ca6_th85.root,ok,,1000,1000,1.0,0.0,0.117,0.010164201887015036,0.061,0.8705,0.796,0.796,0.20399999999999996,0.012742998077375669,2875.9852481359267,2415.180944445377,3138.8461902254944,0.9586617493786422,0.8050603148151256,1.0462820634084982,0.1258117103085216,0.024111756385611444,0.3339455353706573
WbWb_8000_3000,WbWb,8000,3000,85,260,1.0,0.8,/eos/uscms/store/user/aji/rootfiles_existingOptimization/WbWb_8000_3000_pt260_ak10_ca8_th85.root,ok,,1000,1000,1.0,0.0,0.086,0.008865889690267977,0.0435,0.8555,0.797,0.797,0.20299999999999996,0.012719709116170855,2981.5546668436054,2574.671859816939,3365.720863410324,0.9938515556145351,0.858223953272313,1.1219069544701081,0.13265713561958967,0.023905242204702325,0.3362719800581361
WbWb_8000_3000,WbWb,8000,3000,85,100,0.4,0.8,/eos/uscms/store/user/aji/rootfiles_existingOptimization/WbWb_8000_3000_pt100_ak4_ca8_th85.root,ok,,1000,1000,1.0,0.0,0.079,0.008529888627643388,0.0395,0.8645,0.807,0.807,0.19299999999999995,0.012480024038438387,2766.0315272375015,2388.777776873747,3141.7097750090165,0.9220105090791672,0.7962592589579155,1.047236591669672,0.13610329288025863,0.037574304536193336,0.33690224197234186
WbWb_8000_3000,WbWb,8000,3000,85,280,1.0,0.8,/eos/uscms/store/user/aji/rootfiles_existingOptimization/WbWb_8000_3000_pt280_ak10_ca8_th85.root,ok,,1000,1000,1.0,0.0,0.094,0.009228434320078352,0.048,0.8565,0.794,0.794,0.20599999999999996,0.0127892142057282,2972.5508922717645,2554.2531607855294,3330.042719651921,0.9908502974239215,0.851417720261843,1.1100142398839736,0.13049222485699757,0.024444710628318676,0.3374071951146054
WbWb_8000_3000,WbWb,8000,3000,85,140,0.4,0.8,/eos/uscms/store/user/aji/rootfiles_existingOptimization/WbWb_8000_3000_pt140_ak4_ca8_th85.root,ok,,1000,1000,1.0,0.0,0.099,0.009444522221901964,0.0495,0.8575,0.799,0.799,0.20099999999999996,0.01267276607532862,2749.8403512809086,2370.020018079154,3083.0351080633195,0.9166134504269696,0.7900066726930512,1.0276783693544398,0.12964663378585498,0.038979383746754186,0.338985288743158
WbWb_8000_3000,WbWb,8000,3000,85,340,0.6,0.4,/eos/uscms/store/user/aji/rootfiles_existingOptimization/WbWb_8000_3000_pt340_ak6_ca4_th85.root,ok,,1000,1000,1.0,0.0,0.116,0.010126401137620413,0.0605,0.8725,0.793,0.793,0.20699999999999996,0.012812142677944232,2793.151178869747,2323.0166729098687,3024.212356991522,0.9310503929565823,0.7743388909699563,1.0080707856638405,0.12552053920070882,0.01931857012422014,0.33941549990505054
WbWb_8000_3000,WbWb,8000,3000,85,260,0.6,0.6,/eos/uscms/store/user/aji/rootfiles_existingOptimization/WbWb_8000_3000_pt260_ak6_ca6_th85.root,ok,,1000,1000,1.0,0.0,0.111,0.00993373041711924,0.057,0.862,0.789,0.789,0.21099999999999997,0.012902674141432851,2801.8926187045745,2380.1510851005933,3065.1737100533187,0.9339642062348582,0.793383695033531,1.0217245700177728,0.12224284049640675,0.04017676876500054,0.3398464198729209
WbWb_8000_3000,WbWb,8000,3000,85,240,0.8,0.8,/eos/uscms/store/user/aji/rootfiles_existingOptimization/WbWb_8000_3000_pt240_ak8_ca8_th85.root,ok,,1000,1000,1.0,0.0,0.113,0.01001154333756789,0.057,0.85,0.789,0.789,0.21099999999999997,0.012902674141432851,2887.5210985910826,2473.2684683479665,3198.6096407434998,0.9625070328636942,0.8244228227826556,1.0662032135811665,0.12559928527439176,0.03929753982551984,0.3403485819880223
WbWb_8000_3000,WbWb,8000,3000,85,280,0.6,0.6,/eos/uscms/store/user/aji/rootfiles_existingOptimization/WbWb_8000_3000_pt280_ak6_ca6_th85.root,ok,,1000,1000,1.0,0.0,0.119,0.010239091756596383,0.0615,0.86,0.786,0.786,0.21399999999999997,0.012969348480166612,2799.686954290935,2370.3501291745315,3061.4276123141444,0.933228984763645,0.7901167097248439,1.0204758707713815,0.12342049208045099,0.04039140379064138,0.3440975936040864
WbWb_8000_3000,WbWb,8000,3000,85,200,0.6,0.8,/eos/uscms/store/user/aji/rootfiles_existingOptimization/WbWb_8000_3000_pt200_ak6_ca8_th85.root,ok,,1000,1000,1.0,0.0,0.105,0.009694070352540258,0.053,0.8535,0.79,0.79,0.20999999999999996,0.01288021738946979,2813.410855687106,2414.6750642490256,3144.3181642478103,0.9378036185623687,0.8048916880830085,1.04810605474927,0.12967233323278465,0.03960692386698586,0.34589197137654776
WbWb_8000_3000,WbWb,8000,3000,85,220,0.4,0.6,/eos/uscms/store/user/aji/rootfiles_existingOptimization/WbWb_8000_3000_pt220_ak4_ca6_th85.root,ok,,1000,1000,1.0,0.0,0.109,0.00985489725973843,0.0555,0.854,0.785,0.785,0.21499999999999997,0.012991343271578961,2731.454468868026,2312.482119308189,2989.9666709501935,0.9104848229560087,0.7708273731027295,0.9966555569833978,0.1240153477503817,0.04029918766474954,0.3479668654547808
WbWb_8000_3000,WbWb,8000,3000,85,260,0.4,0.4,/eos/uscms/store/user/aji/rootfiles_existingOptimization/WbWb_8000_3000_pt260_ak4_ca4_th85.root,ok,,1000,1000,1.0,0.0,0.115,0.010088359628799918,0.059,0.861,0.786,0.786,0.21399999999999997,0.012969348480166612,2723.3794042550167,2274.6292676497387,2961.857754254735,0.9077931347516722,0.7582097558832464,0.9872859180849117,0.12617200628220734,0.04081132142292827,0.3493926928070401
WbWb_8000_3000,WbWb,8000,3000,85,160,0.4,0.8,/eos/uscms/store/user/aji/rootfiles_existingOptimization/WbWb_8000_3000_pt160_ak4_ca8_th85.root,ok,,1000,1000,1.0,0.0,0.106,0.009734680272099337,0.0535,0.853,0.791,0.791,0.20899999999999996,0.012857643641040918,2742.871828776091,2334.6988824092496,3062.8498958636487,0.9142906095920305,0.7782329608030831,1.0209499652878828,0.13273515113159892,0.04233240239941794,0.35030609017239583
WbWb_8000_3000,WbWb,8000,3000,85,260,0.8,0.8,/eos/uscms/store/user/aji/rootfiles_existingOptimization/WbWb_8000_3000_pt260_ak8_ca8_th85.root,ok,,1000,1000,1.0,0.0,0.121,0.010313049985334114,0.0615,0.8465,0.784,0.784,0.21599999999999997,0.013013224043256921,2881.8168461840833,2429.8261498494076,3181.5958876485047,0.9606056153946945,0.8099420499498026,1.0605319625495016,0.1304332957166487,0.03995404863687192,0.3503727341771792
WbWb_8000_3000,WbWb,8000,3000,85,220,0.6,0.8,/eos/uscms/store/user/aji/rootfiles_existingOptimization/WbWb_8000_3000_pt220_ak6_ca8_th85.root,ok,,1000,1000,1.0,0.0,0.112,0.00997276290703835,0.0565,0.849,0.784,0.784,0.21599999999999997,0.013013224043256921,2809.1499885691637,2381.4843822497705,3126.407220301051,0.9363833295230546,0.7938281274165903,1.0421357401003504,0.1325886551238771,0.040227986692277735,0.35495032217157163
WbWb_8000_3000,WbWb,8000,3000,85,100,0.8,0.8,/eos/uscms/store/user/aji/rootfiles_existingOptimization/WbWb_8000_3000_pt100_ak8_ca8_th85.root,ok,,1000,1000,1.0,0.0,0.056,0.007270763371201128,0.028,0.842,0.795,0.795,0.20499999999999996,0.012766166221697099,2955.938978519872,2618.647030171437,3506.891936290525,0.9853129928399572,0.8728823433904789,1.1689639787635084,0.15024750385135824,0.02985237970082979,0.35671620456736247
WbWb_8000_3000,WbWb,8000,3000,85,140,1.0,0.8,/eos/uscms/store/user/aji/rootfiles_existingOptimization/WbWb_8000_3000_pt140_ak10_ca8_th85.root,ok,,1000,1000,1.0,0.0,0.055,0.00720936890441875,0.0275,0.839,0.792,0.792,0.20799999999999996,0.012834952278836098,3027.177483052735,2675.7692676935467,3581.3378294181375,1.0090591610175785,0.8919230892311821,1.1937792764727126,0.14957308694225907,0.019859268286647865,0.3584790030440169
WbWb_8000_3000,WbWb,8000,3000,85,300,1.0,0.8,/eos/uscms/store/user/aji/rootfiles_existingOptimization/WbWb_8000_3000_pt300_ak10_ca8_th85.root,ok,,1000,1000,1.0,0.0,0.108,0.009815090422405696,0.0555,0.8465,0.776,0.776,0.22399999999999998,0.013184233007649704,2969.462488270515,2527.613076987621,3326.7769557055303,0.9898208294235051,0.8425376923292069,1.1089256519018436,0.13456372691600518,0.025294793530410954,0.35958164397365466
WbWb_8000_3000,WbWb,8000,3000,85,320,1.0,0.8,/eos/uscms/store/user/aji/rootfiles_existingOptimization/WbWb_8000_3000_pt320_ak10_ca8_th85.root,ok,,1000,1000,1.0,0.0,0.111,0.00993373041711924,0.0575,0.847,0.776,0.776,0.22399999999999998,0.013184233007649704,2965.9920876645638,2513.683611060238,3316.313896254114,0.9886640292215212,0.8378945370200793,1.105437965418038,0.13530553377603088,0.025625247152154897,0.36043913085387874
WbWb_8000_3000,WbWb,8000,3000,85,300,0.6,0.6,/eos/uscms/store/user/aji/rootfiles_existingOptimization/WbWb_8000_3000_pt300_ak6_ca6_th85.root,ok,,1000,1000,1.0,0.0,0.131,0.010669536072388528,0.0675,0.854,0.776,0.776,0.22399999999999998,0.013184233007649704,2793.214438190147,2325.43533639007,3051.65964257141,0.9310714793967156,0.7751451121300234,1.0172198808571367,0.1299979507931898,0.041827682446703214,0.3608908028535182
WbWb_8000_3000,WbWb,8000,3000,85,360,0.8,0.6,/eos/uscms/store/user/aji/rootfiles_existingOptimization/WbWb_8000_3000_pt360_ak8_ca6_th85.root,ok,,1000,1000,1.0,0.0,0.138,0.01090669519148674,0.0725,0.858,0.777,0.777,0.22299999999999998,0.013163244280951409,2868.749718177808,2358.036548740527,3134.0679276212236,0.9562499060592695,0.786012182913509,1.0446893092070746,0.1352560270356421,0.02560862455772025,0.3626310364297151
WbWb_8000_3000,WbWb,8000,3000,85,360,0.6,0.4,/eos/uscms/store/user/aji/rootfiles_existingOptimization/WbWb_8000_3000_pt360_ak6_ca4_th85.root,ok,,1000,1000,1.0,0.0,0.134,0.010772372069326236,0.0705,0.859,0.776,0.776,0.22399999999999998,0.013184233007649704,2790.167119792868,2276.210309977868,3019.1544205167684,0.9300557065976227,0.7587367699926225,1.0063848068389227,0.1331361310346984,0.02123639075027724,0.3641305603749361
WbWb_8000_3000,WbWb,8000,3000,85,280,0.4,0.4,/eos/uscms/store/user/aji/rootfiles_existingOptimization/WbWb_8000_3000_pt280_ak4_ca4_th85.root,ok,,1000,1000,1.0,0.0,0.129,0.010599952830083727,0.0665,0.854,0.774,0.774,0.22599999999999998,0.013225883713385657,2719.183592192425,2235.8275361833676,2955.551260414415,0.9063945307308082,0.7452758453944558,0.9851837534714716,0.13234187759472837,0.04320510910158762,0.36770242452164753
WbWb_8000_3000,WbWb,8000,3000,85,240,0.4,0.6,/eos/uscms/store/user/aji/rootfiles_existingOptimization/WbWb_8000_3000_pt240_ak4_ca6_th85.root,ok,,1000,1000,1.0,0.0,0.12,0.010276186062932104,0.0615,0.8465,0.772,0.772,0.22799999999999998,0.013267102170406315,2728.179813264015,2255.3135853032586,2978.7948331755038,0.9093932710880052,0.7517711951010861,0.9929316110585013,0.1325941282086291,0.04325700264430938,0.36965480109982857
WbWb_8000_3000,WbWb,8000,3000,85,240,0.6,0.8,/eos/uscms/store/user/aji/rootfiles_existingOptimization/WbWb_8000_3000_pt240_ak6_ca8_th85.root,ok,,1000,1000,1.0,0.0,0.121,0.010313049985334114,0.062,0.8415,0.77,0.77,0.22999999999999998,0.013307892395116514,2805.555525897349,2356.74076574274,3106.3829111364767,0.9351851752991163,0.78558025524758,1.0354609703788256,0.1335995916805043,0.04169371605116413,0.37008107415059266
WbWb_8000_3000,WbWb,8000,3000,85,180,0.4,0.8,/eos/uscms/store/user/aji/rootfiles_existingOptimization/WbWb_8000_3000_pt180_ak4_ca8_th85.root,ok,,1000,1000,1.0,0.0,0.118,0.01020176455325254,0.0595,0.843,0.776,0.776,0.22399999999999998,0.013184233007649704,2741.594461468463,2291.70368868986,3056.2820931240403,0.9138648204894877,0.7639012295632867,1.0187606977080135,0.13944046342008112,0.04299993363175675,0.3720539813711323
WbWb_8000_3000,WbWb,8000,3000,85,340,1.0,0.8,/eos/uscms/store/user/aji/rootfiles_existingOptimization/WbWb_8000_3000_pt340_ak10_ca8_th85.root,ok,,1000,1000,1.0,0.0,0.118,0.01020176455325254,0.061,0.8435,0.769,0.769,0.23099999999999998,0.01332812815064441,2961.9428329774246,2479.3314621473583,3314.8703716370337,0.9873142776591415,0.8264438207157861,1.1049567905456779,0.14104575216425919,0.026395757494162956,0.373314324398345
WbWb_8000_3000,WbWb,8000,3000,85,280,0.8,0.8,/eos/uscms/store/user/aji/rootfiles_existingOptimization/WbWb_8000_3000_pt280_ak8_ca8_th85.root,ok,,1000,1000,1.0,0.0,0.136,0.010839926199010766,0.0695,0.8405,0.771,0.771,0.22899999999999998,0.013287550564344055,2876.6139986999474,2366.9749539395,3178.643039970731,0.9588713328999825,0.7889916513131667,1.0595476799902437,0.14108046585291856,0.04112151443179117,0.3741933325629203
WbWb_8000_3000,WbWb,8000,3000,85,300,0.8,0.8,/eos/uscms/store/user/aji/rootfiles_existingOptimization/WbWb_8000_3000_pt300_ak8_ca8_th85.root,ok,,1000,1000,1.0,0.0,0.143,0.011070275515993266,0.074,0.8395,0.769,0.769,0.23099999999999998,0.01332812815064441,2872.3211851706797,2356.6880953990117,3161.721686158999,0.9574403950568933,0.7855626984663372,1.0539072287196665,0.14013641561331014,0.04112151443179117,0.3753923761076208
WbWb_8000_3000,WbWb,8000,3000,85,320,0.6,0.6,/eos/uscms/store/user/aji/rootfiles_existingOptimization/WbWb_8000_3000_pt320_ak6_ca6_th85.root,ok,,1000,1000,1.0,0.0,0.148,0.011229247525992114,0.076,0.849,0.766,0.766,0.23399999999999999,0.013388203763014663,2788.822964349276,2284.286993252481,3043.8578028671473,0.929607654783092,0.7614289977508271,1.0146192676223824,0.13618125268699136,0.04266029979995535,0.3772204872086822
WbWb_8000_3000,WbWb,8000,3000,85,380,0.8,0.6,/eos/uscms/store/user/aji/rootfiles_existingOptimization/WbWb_8000_3000_pt380_ak8_ca6_th85.root,ok,,1000,1000,1.0,0.0,0.15,0.011291589790636216,0.079,0.8485,0.764,0.764,0.236,0.013427732496590778,2865.5152465840074,2306.315356518961,3134.0679276212236,0.9551717488613357,0.7687717855063203,1.0446893092070746,0.14443346132759724,0.026225353621216186,0.3849162864414637
WbWb_8000_3000,WbWb,8000,3000,85,320,0.8,0.8,/eos/uscms/store/user/aji/rootfiles_existingOptimization/WbWb_8000_3000_pt320_ak8_ca8_th85.root,ok,,1000,1000,1.0,0.0,0.153,0.011383804285035824,0.079,0.8355,0.762,0.762,0.238,0.01346684818359515,2869.2210130052244,2334.5549485321108,3154.235444263571,0.9564070043350748,0.7781849828440369,1.0514118147545237,0.14284025037041786,0.04181420175877119,0.3851995499369104
WbWb_8000_3000,WbWb,8000,3000,85,260,0.4,0.6,/eos/uscms/store/user/aji/rootfiles_existingOptimization/WbWb_8000_3000_pt260_ak4_ca6_th85.root,ok,,1000,1000,1.0,0.0,0.137,0.010873407929439602,0.07,0.84,0.761,0.761,0.239,0.01348625225924534,2723.192535180682,2221.452483964431,2972.4428772820575,0.9077308450602275,0.740484161321477,0.9908142924273524,0.13788786206183518,0.044273940275811746,0.3861147775558124
WbWb_8000_3000,WbWb,8000,3000,85,200,0.4,0.8,/eos/uscms/store/user/aji/rootfiles_existingOptimization/WbWb_8000_3000_pt200_ak4_ca8_th85.root,ok,,1000,1000,1.0,0.0,0.13,0.010634848376916336,0.066,0.832,0.763,0.763,0.237,0.013447341744746431,2733.8328487605195,2252.285024730702,3032.0559095992667,0.9112776162535066,0.750761674910234,1.0106853031997554,0.14261495270680152,0.04402779145039215,0.38848719108145086
WbWb_8000_3000,WbWb,8000,3000,85,360,1.0,0.8,/eos/uscms/store/user/aji/rootfiles_existingOptimization/WbWb_8000_3000_pt360_ak10_ca8_th85.root,ok,,1000,1000,1.0,0.0,0.13,0.010634848376916336,0.0675,0.8385,0.76,0.76,0.24,0.013505554412907307,2956.5749978976264,2431.9607066395306,3302.2997947700887,0.9855249992992089,0.8106535688798436,1.1007665982566963,0.14718704730125945,0.027831449008873674,0.3886345473713385
WbWb_8000_3000,WbWb,8000,3000,85,300,0.4,0.4,/eos/uscms/store/user/aji/rootfiles_existingOptimization/WbWb_8000_3000_pt300_ak4_ca4_th85.root,ok,,1000,1000,1.0,0.0,0.148,0.011229247525992114,0.076,0.844,0.76,0.76,0.24,0.013505554412907307,2712.742788558393,2192.6322466625197,2951.0132092592094,0.904247596186131,0.7308774155541732,0.9836710697530698,0.13978121438481625,0.04440438645860819,0.3893564547662032
WbWb_8000_3000,WbWb,8000,3000,85,260,0.6,0.8,/eos/uscms/store/user/aji/rootfiles_existingOptimization/WbWb_8000_3000_pt260_ak6_ca8_th85.root,ok,,1000,1000,1.0,0.0,0.137,0.010873407929439602,0.07,0.8355,0.757,0.757,0.243,0.013562853682024296,2800.0133521107255,2298.475240789931,3087.9391675194115,0.9333377840369084,0.7661584135966437,1.0293130558398038,0.14097502894662292,0.04354791728591752,0.3906412505429321
WbWb_8000_3000,WbWb,8000,3000,85,380,0.6,0.4,/eos/uscms/store/user/aji/rootfiles_existingOptimization/WbWb_8000_3000_pt380_ak6_ca4_th85.root,ok,,1000,1000,1.0,0.0,0.149,0.01126050620531777,0.0795,0.8485,0.762,0.762,0.238,0.01346684818359515,2788.4217686346283,2198.6204623503595,3013.3007795731087,0.9294739228782094,0.7328734874501199,1.0044335931910362,0.1460826920781183,0.022208242026558786,0.3911352997902974
WbWb_8000_3000,WbWb,8000,3000,85,280,0.6,0.8,/eos/uscms/store/user/aji/rootfiles_existingOptimization/WbWb_8000_3000_pt280_ak6_ca8_th85.root,ok,,1000,1000,1.0,0.0,0.145,0.01113440613593738,0.0745,0.8335,0.754,0.754,0.246,0.013619251080731275,2798.4867728614295,2284.286993252481,3086.523488051041,0.9328289242871431,0.7614289977508271,1.0288411626836802,0.14333398009565707,0.04454589014072724,0.39605108766694275
WbWb_8000_3000,WbWb,8000,3000,85,340,0.6,0.6,/eos/uscms/store/user/aji/rootfiles_existingOptimization/WbWb_8000_3000_pt340_ak6_ca6_th85.root,ok,,1000,1000,1.0,0.0,0.165,0.011737759581794134,0.085,0.8395,0.751,0.751,0.249,0.013674757767507255,2785.0825746466335,2259.019816821936,3042.1013805034227,0.9283608582155445,0.7530066056073119,1.014033793501141,0.1405849813592768,0.04359674263057471,0.3967488955377223
WbWb_8000_3000,WbWb,8000,3000,85,280,0.4,0.6,/eos/uscms/store/user/aji/rootfiles_existingOptimization/WbWb_8000_3000_pt280_ak4_ca6_th85.root,ok,,1000,1000,1.0,0.0,0.151,0.01132249972400088,0.0775,0.833,0.749,0.749,0.251,0.013711272734505722,2719.0721993286907,2188.2228141609294,2961.205837719366,0.9063573997762302,0.7294076047203097,0.9870686125731222,0.14214095229786072,0.04588775563998788,0.4025052123202377
WbWb_8000_3000,WbWb,8000,3000,85,200,1.0,1.0,/eos/uscms/store/user/aji/rootfiles_existingOptimization/WbWb_8000_3000_pt200_ak10_ca10_th85.root,ok,,1000,1000,1.0,0.0,0.109,0.00985489725973843,0.0545,0.813,0.753,0.753,0.247,0.013637851736985557,2991.764674036564,2511.4854135198802,3449.8306262483593,0.9972548913455213,0.8371618045066268,1.1499435420827864,0.15682136046189085,0.040661937136369786,0.4040958713273387
WbWb_8000_3000,WbWb,8000,3000,85,140,0.8,1.0,/eos/uscms/store/user/aji/rootfiles_existingOptimization/WbWb_8000_3000_pt140_ak8_ca10_th85.root,ok,,1000,1000,1.0,0.0,0.096,0.009315793041926168,0.048,0.8195,0.755,0.755,0.245,0.013600551459407815,2916.3863065940122,2466.4917071523223,3389.709294396731,0.9721287688646708,0.8221639023841074,1.1299030981322435,0.15828108662370852,0.040250421246995585,0.40606820973724145
WbWb_8000_3000,WbWb,8000,3000,85,340,0.8,0.8,/eos/uscms/store/user/aji/rootfiles_existingOptimization/WbWb_8000_3000_pt340_ak8_ca8_th85.root,ok,,1000,1000,1.0,0.0,0.169,0.011850696182081457,0.087,0.8295,0.749,0.749,0.251,0.013711272734505722,2866.8934782388123,2287.9966203421955,3152.3009204857763,0.9556311594129374,0.7626655401140652,1.050766973495259,0.15073882352171314,0.042812832957134825,0.4061757075804194
WbWb_8000_3000,WbWb,8000,3000,85,160,0.8,1.0,/eos/uscms/store/user/aji/rootfiles_existingOptimization/WbWb_8000_3000_pt160_ak8_ca10_th85.root,ok,,1000,1000,1.0,0.0,0.104,0.009653186002558949,0.052,0.819,0.754,0.754,0.246,0.013619251080731275,2906.44230684598,2440.2049276916546,3354.550548882999,0.9688141022819934,0.8134016425638848,1.118183516294333,0.15729636522246612,0.04028088059572271,0.4064149549942668
WbWb_8000_3000,WbWb,8000,3000,85,160,1.0,1.0,/eos/uscms/store/user/aji/rootfiles_existingOptimization/WbWb_8000_3000_pt160_ak10_ca10_th85.root,ok,,1000,1000,1.0,0.0,0.095,0.00927227048785787,0.0475,0.8125,0.756,0.756,0.244,0.013581752464244074,3006.913537457799,2553.703875136603,3531.7287566069554,1.0023045124859329,0.8512346250455343,1.1772429188689852,0.1626293655083322,0.03864421449775127,0.4068598167569255
WbWb_8000_3000,WbWb,8000,3000,85,320,0.4,0.4,/eos/uscms/store/user/aji/rootfiles_existingOptimization/WbWb_8000_3000_pt320_ak4_ca4_th85.root,ok,,1000,1000,1.0,0.0,0.163,0.011680368144883106,0.0845,0.835,0.746,0.746,0.254,0.013765318739498916,2709.0929595387774,2161.8241214894465,2945.215264976275,0.9030309865129258,0.7206080404964821,0.9817384216587585,0.14458550429738692,0.04596593236130444,0.40828240564609436
WbWb_8000_3000,WbWb,8000,3000,85,180,1.0,1.0,/eos/uscms/store/user/aji/rootfiles_existingOptimization/WbWb_8000_3000_pt180_ak10_ca10_th85.root,ok,,1000,1000,1.0,0.0,0.105,0.009694070352540258,0.0525,0.8105,0.75,0.75,0.25,0.013693063937629153,2997.6756116906236,2526.368300274879,3478.2596978060174,0.9992252038968745,0.842122766758293,1.1594198992686726,0.15877158185810053,0.04013841001061896,0.4088490614684131
WbWb_8000_3000,WbWb,8000,3000,85,120,0.8,1.0,/eos/uscms/store/user/aji/rootfiles_existingOptimization/WbWb_8000_3000_pt120_ak8_ca10_th85.root,ok,,1000,1000,1.0,0.0,0.087,0.00891240708226459,0.0435,0.8155,0.751,0.751,0.249,0.013674757767507255,2929.2815776719244,2490.511349552588,3413.981308734323,0.976427192557308,0.8301704498508626,1.1379937695781077,0.1576273797337831,0.03842223610763893,0.4089846604780523
WbWb_8000_3000,WbWb,8000,3000,85,180,0.8,1.0,/eos/uscms/store/user/aji/rootfiles_existingOptimization/WbWb_8000_3000_pt180_ak8_ca10_th85.root,ok,,1000,1000,1.0,0.0,0.114,0.010050074626588601,0.057,0.8175,0.75,0.75,0.25,0.013693063937629153,2899.739709997749,2420.095284430582,3329.442829833606,0.966579903332583,0.8066984281435274,1.109814276611202,0.15679813299582837,0.041843265022134,0.41014014266257004
WbWb_8000_3000,WbWb,8000,3000,85,140,0.6,1.0,/eos/uscms/store/user/aji/rootfiles_existingOptimization/WbWb_8000_3000_pt140_ak6_ca10_th85.root,ok,,1000,1000,1.0,0.0,0.107,0.009775019181566858,0.0535,0.8215,0.75,0.75,0.25,0.013693063937629153,2819.3188648194982,2358.197873333253,3228.634338951755,0.9397729549398326,0.7860659577777509,1.0762114463172519,0.1543699927809037,0.04169371605116413,0.4103926972869204
WbWb_8000_3000,WbWb,8000,3000,85,300,0.6,0.8,/eos/uscms/store/user/aji/rootfiles_existingOptimization/WbWb_8000_3000_pt300_ak6_ca8_th85.root,ok,,1000,1000,1.0,0.0,0.157,0.01150439046625244,0.0805,0.8265,0.742,0.742,0.258,0.013836039895866157,2791.907994001037,2252.402398322727,3074.4017097550472,0.9306359980003456,0.750800799440909,1.0248005699183491,0.14721103152370124,0.04552592223649493,0.4121474317236667
WbWb_8000_3000,WbWb,8000,3000,85,400,0.6,0.4,/eos/uscms/store/user/aji/rootfiles_existingOptimization/WbWb_8000_3000_pt400_ak6_ca4_th85.root,ok,,1000,1000,1.0,0.0,0.161,0.011622349160131096,0.0855,0.8405,0.748,0.748,0.252,0.013729384545565033,2783.8195166855257,2151.1942620374934,3005.743466763789,0.9279398388951752,0.7170647540124978,1.001914488921263,0.1534850229341987,0.02400146487480085,0.4126910390446812
WbWb_8000_3000,WbWb,8000,3000,85,220,1.0,1.0,/eos/uscms/store/user/aji/rootfiles_existingOptimization/WbWb_8000_3000_pt220_ak10_ca10_th85.root,ok,,1000,1000,1.0,0.0,0.114,0.010050074626588601,0.057,0.8115,0.748,0.748,0.252,0.013729384545565033,2988.1729029887265,2475.503908269405,3436.359044242415,0.9960576343295755,0.8251679694231351,1.1454530147474717,0.16077636187182756,0.040661937136369786,0.41317059843887005
WbWb_8000_3000,WbWb,8000,3000,85,220,0.4,0.8,/eos/uscms/store/user/aji/rootfiles_existingOptimization/WbWb_8000_3000_pt220_ak4_ca8_th85.root,ok,,1000,1000,1.0,0.0,0.146,0.011166198995181842,0.074,0.822,0.745,0.745,0.255,0.013783141876945184,2729.4438216464705,2203.08182415201,3020.261770460135,0.9098146072154902,0.73436060805067,1.0067539234867116,0.14969715438495096,0.04588775563998788,0.41371569366340194
WbWb_8000_3000,WbWb,8000,3000,85,100,0.6,1.0,/eos/uscms/store/user/aji/rootfiles_existingOptimization/WbWb_8000_3000_pt100_ak6_ca10_th85.root,ok,,1000,1000,1.0,0.0,0.094,0.009228434320078352,0.047,0.822,0.749,0.749,0.251,0.013711272734505722,2843.790543450242,2396.431736442066,3306.5032093578106,0.9479301811500807,0.798810578814022,1.1021677364526037,0.16001028539387377,0.0398484544234301,0.41621726727886565
WbWb_8000_3000,WbWb,8000,3000,85,400,0.8,0.6,/eos/uscms/store/user/aji/rootfiles_existingOptimization/WbWb_8000_3000_pt400_ak8_ca6_th85.root,ok,,1000,1000,1.0,0.0,0.166,0.011766222843376714,0.0885,0.837,0.749,0.749,0.251,0.013711272734505722,2862.7579427469373,2209.2898003683113,3131.054017870047,0.9542526475823123,0.7364299334561037,1.043684672623349,0.16099234303708967,0.027360411845385763,0.4165670782788584
WbWb_8000_3000,WbWb,8000,3000,85,120,1.0,0.8,/eos/uscms/store/user/aji/rootfiles_existingOptimization/WbWb_8000_3000_pt120_ak10_ca8_th85.root,ok,,1000,1000,1.0,0.0,0.044,0.006485676526007136,0.022,0.8025,0.756,0.756,0.244,0.013581752464244074,3066.135141868636,2717.0463305688645,3765.5778617939804,1.0220450472895453,0.9056821101896214,1.2551926205979935,0.170985863751931,0.0177087634913482,0.41719036848088553
WbWb_8000_3000,WbWb,8000,3000,85,200,0.8,1.0,/eos/uscms/store/user/aji/rootfiles_existingOptimization/WbWb_8000_3000_pt200_ak8_ca10_th85.root,ok,,1000,1000,1.0,0.0,0.12,0.010276186062932104,0.0605,0.814,0.745,0.745,0.255,0.013783141876945184,2894.180050384011,2386.547053743736,3305.828541356556,0.9647266834613369,0.7955156845812452,1.101942847118852,0.15881553179299374,0.04250751671151938,0.41734286344686006
WbWb_8000_3000,WbWb,8000,3000,85,120,0.6,1.0,/eos/uscms/store/user/aji/rootfiles_existingOptimization/WbWb_8000_3000_pt120_ak6_ca10_th85.root,ok,,1000,1000,1.0,0.0,0.099,0.009444522221901964,0.0495,0.82,0.746,0.746,0.254,0.013765318739498916,2829.5247784129742,2380.1510851005933,3277.527345077469,0.9431749261376581,0.793383695033531,1.092509115025823,0.15857367053703575,0.04087138109683982,0.41825617792326997
WbWb_8000_3000,WbWb,8000,3000,85,220,1.2,1.0,/eos/uscms/store/user/aji/rootfiles_existingOptimization/WbWb_8000_3000_pt220_ak12_ca10_th85.root,ok,,1000,1000,1.0,0.0,0.073,0.008226238508577295,0.0365,0.805,0.738,0.738,0.262,0.013905250806799567,3101.987783990258,2628.616017762397,3590.745876928225,1.0339959279967526,0.8762053392541322,1.1969152923094084,0.15508279306119443,0.028612613947117758,0.4204823858608697
WbWb_8000_3000,WbWb,8000,3000,85,240,1.0,1.0,/eos/uscms/store/user/aji/rootfiles_existingOptimization/WbWb_8000_3000_pt240_ak10_ca10_th85.root,ok,,1000,1000,1.0,0.0,0.121,0.010313049985334114,0.061,0.8105,0.746,0.746,0.254,0.013765318739498916,2983.6839215834266,2429.996854169274,3423.9722252390156,0.9945613071944754,0.8099989513897579,1.1413240750796718,0.16656847662037944,0.04076633752550188,0.4211123459009319
WbWb_8000_3000,WbWb,8000,3000,85,320,0.6,0.8,/eos/uscms/store/user/aji/rootfiles_existingOptimization/WbWb_8000_3000_pt320_ak6_ca8_th85.root,ok,,1000,1000,1.0,0.0,0.172,0.011933817494833746,0.088,0.822,0.733,0.733,0.267,0.013989674763910703,2788.089260686348,2230.191158921758,3053.127938744218,0.9293630868954492,0.7433970529739192,1.0177093129147394,0.147580780756617,0.04619299767023709,0.4216444720670721
WbWb_8000_3000,WbWb,8000,3000,85,160,0.6,1.0,/eos/uscms/store/user/aji/rootfiles_existingOptimization/WbWb_8000_3000_pt160_ak6_ca10_th85.root,ok,,1000,1000,1.0,0.0,0.117,0.010164201887015036,0.0585,0.8165,0.741,0.741,0.259,0.013853483316480371,2815.4295211702474,2326.193365340851,3210.1658997962204,0.9384765070567491,0.7753977884469504,1.0700552999320734,0.15698715379100334,0.04311148793339886,0.42213950308532844
WbWb_8000_3000,WbWb,8000,3000,85,360,0.6,0.6,/eos/uscms/store/user/aji/rootfiles_existingOptimization/WbWb_8000_3000_pt360_ak6_ca6_th85.root,ok,,1000,1000,1.0,0.0,0.183,0.012227469075814503,0.095,0.826,0.735,0.735,0.265,0.013956181426163821,2780.7061603750467,2196.870794931961,3040.237289136838,0.926902053458349,0.7322902649773203,1.0134124297122795,0.15164610094781264,0.04587870278466835,0.4239558956019778
WbWb_8000_3000,WbWb,8000,3000,85,380,1.0,0.8,/eos/uscms/store/user/aji/rootfiles_existingOptimization/WbWb_8000_3000_pt380_ak10_ca8_th85.root,ok,,1000,1000,1.0,0.0,0.151,0.01132249972400088,0.079,0.8275,0.742,0.742,0.258,0.013836039895866157,2950.4235424917715,2325.49128654527,3299.7615690355847,0.9834745141639238,0.7751637621817568,1.0999205230118616,0.16510685134845038,0.029200352135043038,0.424759399932058
WbWb_8000_3000,WbWb,8000,3000,85,300,0.4,0.6,/eos/uscms/store/user/aji/rootfiles_existingOptimization/WbWb_8000_3000_pt300_ak4_ca6_th85.root,ok,,1000,1000,1.0,0.0,0.171,0.011906258858264422,0.0875,0.8225,0.735,0.735,0.265,0.013956181426163821,2710.2490780765825,2137.26332054687,2953.377197762656,0.9034163593588609,0.7124211068489568,0.9844590659208854,0.15056067794974917,0.04699235857271729,0.42521904201386307
WbWb_8000_3000,WbWb,8000,3000,85,240,1.2,1.0,/eos/uscms/store/user/aji/rootfiles_existingOptimization/WbWb_8000_3000_pt240_ak12_ca10_th85.root,ok,,1000,1000,1.0,0.0,0.078,0.008480330182251162,0.039,0.806,0.736,0.736,0.264,0.013939296969359681,3098.797455154094,2590.0064200867996,3569.674102803056,1.0329324850513646,0.8633354733622666,1.1898913676010185,0.15807223558397107,0.029622781898456123,0.42536548408910757
WbWb_8000_3000,WbWb,8000,3000,85,120,0.4,1.0,/eos/uscms/store/user/aji/rootfiles_existingOptimization/WbWb_8000_3000_pt120_ak4_ca10_th85.root,ok,,1000,1000,1.0,0.0,0.113,0.01001154333756789,0.0565,0.819,0.743,0.743,0.257,0.013818502089589886,2749.052045082897,2272.2625645833946,3154.8192248852192,0.916350681694299,0.7574208548611315,1.051606408295073,0.16052018038007185,0.044204450198263474,0.42588511221064196
WbWb_8000_3000,WbWb,8000,3000,85,340,0.4,0.4,/eos/uscms/store/user/aji/rootfiles_existingOptimization/WbWb_8000_3000_pt340_ak4_ca4_th85.root,ok,,1000,1000,1.0,0.0,0.173,0.011961229033840962,0.09,0.828,0.736,0.736,0.264,0.013939296969359681,2705.02876522489,2113.1840736915406,2941.973430917679,0.9016762550749633,0.7043946912305136,0.9806578103058928,0.15319418556298312,0.04699235857271729,0.4270265600554868
WbWb_8000_3000,WbWb,8000,3000,85,100,0.4,1.0,/eos/uscms/store/user/aji/rootfiles_existingOptimization/WbWb_8000_3000_pt100_ak4_ca10_th85.root,ok,,1000,1000,1.0,0.0,0.103,0.009612023720320296,0.0515,0.821,0.742,0.742,0.258,0.013836039895866157,2760.7945879378804,2288.3513592475565,3180.8824109487846,0.9202648626459601,0.7627837864158521,1.0602941369829282,0.16164387158696336,0.044248770365998155,0.42761738532236737
WbWb_8000_3000,WbWb,8000,3000,85,260,1.2,1.0,/eos/uscms/store/user/aji/rootfiles_existingOptimization/WbWb_8000_3000_pt260_ak12_ca10_th85.root,ok,,1000,1000,1.0,0.0,0.082,0.008676174272108648,0.0415,0.8065,0.736,0.736,0.264,0.013939296969359681,3088.2980140304235,2541.055078479867,3546.087824537468,1.0294326713434745,0.847018359493289,1.1820292748458228,0.16271628280231454,0.029672275913321028,0.429659549936662
WbWb_8000_3000,WbWb,8000,3000,85,220,0.8,1.0,/eos/uscms/store/user/aji/rootfiles_existingOptimization/WbWb_8000_3000_pt220_ak8_ca10_th85.root,ok,,1000,1000,1.0,0.0,0.128,0.010564847372300274,0.0645,0.8105,0.736,0.736,0.264,0.013939296969359681,2889.135048781805,2338.948266457461,3279.742599094821,0.9630450162606017,0.7796494221524871,1.0932475330316072,0.1628159149282487,0.042765687946529504,0.43051141330218856
WbWb_8000_3000,WbWb,8000,3000,85,180,0.6,1.0,/eos/uscms/store/user/aji/rootfiles_existingOptimization/WbWb_8000_3000_pt180_ak6_ca10_th85.root,ok,,1000,1000,1.0,0.0,0.123,0.010386096475577337,0.062,0.812,0.735,0.735,0.265,0.013956181426163821,2811.396362035217,2291.9544825810676,3189.690120502616,0.9371321206784058,0.7639848275270226,1.0632300401675387,0.15966009810008833,0.04354059958881526,0.43094688603224773
WbWb_8000_3000,WbWb,8000,3000,85,240,0.4,0.8,/eos/uscms/store/user/aji/rootfiles_existingOptimization/WbWb_8000_3000_pt240_ak4_ca8_th85.root,ok,,1000,1000,1.0,0.0,0.158,0.011534123287012324,0.0805,0.815,0.733,0.733,0.267,0.013989674763910703,2724.553825820322,2163.4694966329553,3010.9898171230875,0.908184608606774,0.7211564988776518,1.0036632723743624,0.15553378179910912,0.04700789732145755,0.4317153209384318
WbWb_8000_3000,WbWb,8000,3000,85,360,0.8,0.8,/eos/uscms/store/user/aji/rootfiles_existingOptimization/WbWb_8000_3000_pt360_ak8_ca8_th85.root,ok,,1000,1000,1.0,0.0,0.191,0.012430567163247218,0.099,0.8185,0.731,0.731,0.269,0.014022802858202064,2859.885856174593,2232.2678378350824,3147.064817674257,0.953295285391531,0.7440892792783608,1.049021605891419,0.15993592504122084,0.04352498947833252,0.4336063965020678
WbWb_8000_3000,WbWb,8000,3000,85,280,1.2,1.0,/eos/uscms/store/user/aji/rootfiles_existingOptimization/WbWb_8000_3000_pt280_ak12_ca10_th85.root,ok,,1000,1000,1.0,0.0,0.085,0.008819013550278738,0.043,0.805,0.733,0.733,0.267,0.013989674763910703,3078.5921121649,2521.218967107972,3531.6531720945595,1.0261973707216334,0.8404063223693239,1.1772177240315198,0.16410654094024155,0.030326686257807565,0.43372627801240493
WbWb_8000_3000,WbWb,8000,3000,85,400,1.0,0.8,/eos/uscms/store/user/aji/rootfiles_existingOptimization/WbWb_8000_3000_pt400_ak10_ca8_th85.root,ok,,1000,1000,1.0,0.0,0.162,0.011651437679531225,0.085,0.8205,0.733,0.733,0.267,0.013989674763910703,2946.3755496271583,2295.0864628367503,3289.6558613198936,0.9821251832090527,0.7650288209455836,1.096551953773298,0.16877845029107008,0.029779397629294553,0.4375659319701648
WbWb_8000_3000,WbWb,8000,3000,85,260,1.0,1.0,/eos/uscms/store/user/aji/rootfiles_existingOptimization/WbWb_8000_3000_pt260_ak10_ca10_th85.root,ok,,1000,1000,1.0,0.0,0.131,0.010669536072388528,0.066,0.8055,0.739,0.739,0.261,0.013888088421377507,2975.0341519672093,2358.725004037933,3410.898545187371,0.9916780506557364,0.7862416680126444,1.1369661817291237,0.17683385927749762,0.04254102430285429,0.438666054211924
WbWb_8000_3000,WbWb,8000,3000,85,140,0.4,1.0,/eos/uscms/store/user/aji/rootfiles_existingOptimization/WbWb_8000_3000_pt140_ak4_ca10_th85.root,ok,,1000,1000,1.0,0.0,0.123,0.010386096475577337,0.0615,0.814,0.736,0.736,0.264,0.013939296969359681,2744.6357980991893,2207.1270912364207,3121.88041015631,0.9148785993663964,0.7357090304121403,1.0406268033854367,0.1666438438851169,0.04507861470035702,0.4391559839484773
WbWb_8000_3000,WbWb,8000,3000,85,200,1.2,1.0,/eos/uscms/store/user/aji/rootfiles_existingOptimization/WbWb_8000_3000_pt200_ak12_ca10_th85.root,ok,,1000,1000,1.0,0.0,0.07,0.008068457101577725,0.035,0.789,0.725,0.725,0.275,0.014120021246442939,3108.8264595985524,2648.0762172624113,3659.1770388011796,1.0362754865328507,0.8826920724208038,1.2197256796003932,0.16261776504394093,0.02786001823294884,0.441245313697226
WbWb_8000_3000,WbWb,8000,3000,85,280,1.0,1.0,/eos/uscms/store/user/aji/rootfiles_existingOptimization/WbWb_8000_3000_pt280_ak10_ca10_th85.root,ok,,1000,1000,1.0,0.0,0.139,0.010939789760319894,0.0705,0.8055,0.736,0.736,0.264,0.013939296969359681,2968.598099602751,2326.436207298573,3382.585212578454,0.9895326998675835,0.7754787357661911,1.1275284041928182,0.17788682904250533,0.04289183842751379,0.44293355905574694
WbWb_8000_3000,WbWb,8000,3000,85,240,0.8,1.0,/eos/uscms/store/user/aji/rootfiles_existingOptimization/WbWb_8000_3000_pt240_ak8_ca10_th85.root,ok,,1000,1000,1.0,0.0,0.135,0.010806248192596726,0.068,0.8055,0.728,0.728,0.272,0.014071815803228808,2884.814200716966,2289.8166014527756,3256.9402401793295,0.9616047335723219,0.7632722004842585,1.0856467467264432,0.16762321096557867,0.04339614004148549,0.44346273760834654
WbWb_8000_3000,WbWb,8000,3000,85,260,0.4,0.8,/eos/uscms/store/user/aji/rootfiles_existingOptimization/WbWb_8000_3000_pt260_ak4_ca8_th85.root,ok,,1000,1000,1.0,0.0,0.173,0.011961229033840962,0.088,0.8105,0.724,0.724,0.276,0.014135911714495106,2721.601113724402,2133.398707164672,2997.950568396857,0.9072003712414672,0.711132902388224,0.9993168561322856,0.15883147917460252,0.048386464743003246,0.44411144205045583
WbWb_8000_3000,WbWb,8000,3000,85,200,0.6,1.0,/eos/uscms/store/user/aji/rootfiles_existingOptimization/WbWb_8000_3000_pt200_ak6_ca10_th85.root,ok,,1000,1000,1.0,0.0,0.132,0.010704017937204702,0.0665,0.8055,0.723,0.723,0.277,0.014151713677148785,2808.2120074710706,2265.1821787552976,3175.8606762541485,0.9360706691570235,0.7550607262517659,1.0586202254180495,0.16214560992475782,0.04454589014072724,0.4455385430090555
WbWb_8000_3000,WbWb,8000,3000,85,160,0.4,1.0,/eos/uscms/store/user/aji/rootfiles_existingOptimization/WbWb_8000_3000_pt160_ak4_ca10_th85.root,ok,,1000,1000,1.0,0.0,0.132,0.010704017937204702,0.0665,0.809,0.728,0.728,0.272,0.014071815803228808,2737.5098801797676,2192.5736186399486,3098.874386493813,0.9125032933932559,0.7308578728799829,1.0329581288312708,0.16553378937838725,0.04796985059868925,0.44628346003906166
WbWb_8000_3000,WbWb,8000,3000,85,360,0.4,0.4,/eos/uscms/store/user/aji/rootfiles_existingOptimization/WbWb_8000_3000_pt360_ak4_ca4_th85.root,ok,,1000,1000,1.0,0.0,0.19,0.012405643876881199,0.1005,0.82,0.725,0.725,0.275,0.014120021246442939,2699.238959670505,2068.0484035399795,2939.6437727614007,0.8997463198901685,0.6893494678466597,0.9798812575871335,0.16145205782888827,0.048098811809005354,0.44647742583987143
WbWb_8000_3000,WbWb,8000,3000,85,100,0.8,1.0,/eos/uscms/store/user/aji/rootfiles_existingOptimization/WbWb_8000_3000_pt100_ak8_ca10_th85.root,ok,,1000,1000,1.0,0.0,0.074,0.00827792244467173,0.037,0.7955,0.73,0.73,0.27,0.014039230748157109,2955.2275152580532,2530.885333973004,3571.724648609612,0.9850758384193512,0.843628444657668,1.1905748828698706,0.17610138462481809,0.03721836672893854,0.447593800782883
WbWb_8000_3000,WbWb,8000,3000,85,320,0.4,0.6,/eos/uscms/store/user/aji/rootfiles_existingOptimization/WbWb_8000_3000_pt320_ak4_ca6_th85.root,ok,,1000,1000,1.0,0.0,0.186,0.012304633273690036,0.096,0.814,0.722,0.722,0.278,0.01416742743055351,2707.3594010104093,2086.021460692915,2951.9468414702046,0.9024531336701365,0.6953404868976384,0.9839822804900682,0.15992065561264582,0.04844130802797741,0.4476753422456322
WbWb_8000_3000,WbWb,8000,3000,85,140,1.0,1.0,/eos/uscms/store/user/aji/rootfiles_existingOptimization/WbWb_8000_3000_pt140_ak10_ca10_th85.root,ok,,1000,1000,1.0,0.0,0.085,0.008819013550278738,0.0425,0.7895,0.729,0.729,0.271,0.014055568291606,3021.9141071981503,2584.2973642398424,3649.5522370767367,1.0073047023993835,0.8614324547466141,1.2165174123589122,0.17625498856825123,0.03943152303348192,0.4479854588081896
WbWb_8000_3000,WbWb,8000,3000,85,380,0.6,0.6,/eos/uscms/store/user/aji/rootfiles_existingOptimization/WbWb_8000_3000_pt380_ak6_ca6_th85.root,ok,,1000,1000,1.0,0.0,0.2,0.01264911064067352,0.105,0.817,0.722,0.722,0.278,0.01416742743055351,2778.1441906351065,2121.098223354623,3033.996271138703,0.9260480635450354,0.7070327411182077,1.0113320903795677,0.16429997601661278,0.04643618666589782,0.44969516966210926
WbWb_8000_3000,WbWb,8000,3000,85,260,0.8,1.0,/eos/uscms/store/user/aji/rootfiles_existingOptimization/WbWb_8000_3000_pt260_ak8_ca10_th85.root,ok,,1000,1000,1.0,0.0,0.142,0.011037934589405754,0.072,0.8015,0.723,0.723,0.277,0.014151713677148785,2881.5897699423913,2252.007265672544,3228.9044522131776,0.9605299233141305,0.7506690885575146,1.0763014840710592,0.16950663774742716,0.04409583436938115,0.4504536454160142
WbWb_8000_3000,WbWb,8000,3000,85,340,0.6,0.8,/eos/uscms/store/user/aji/rootfiles_existingOptimization/WbWb_8000_3000_pt340_ak6_ca8_th85.root,ok,,1000,1000,1.0,0.0,0.19,0.012405643876881199,0.0975,0.812,0.717,0.717,0.28300000000000003,0.014244683218660919,2784.8844343874052,2158.0957684237724,3052.675741429492,0.9282948114624683,0.7193652561412575,1.0175585804764973,0.16061348218970198,0.046989199118353545,0.4507840010434552
WbWb_8000_3000,WbWb,8000,3000,85,300,1.2,1.0,/eos/uscms/store/user/aji/rootfiles_existingOptimization/WbWb_8000_3000_pt300_ak12_ca10_th85.root,ok,,1000,1000,1.0,0.0,0.093,0.009184280047995052,0.047,0.7985,0.722,0.722,0.278,0.01416742743055351,3073.741770101112,2446.7723553333803,3522.9199709652976,1.024580590033704,0.8155907851111268,1.1743066569884326,0.17505498121212004,0.03175630024972635,0.45551304021549044
WbWb_8000_3000,WbWb,8000,3000,85,220,0.6,1.0,/eos/uscms/store/user/aji/rootfiles_existingOptimization/WbWb_8000_3000_pt220_ak6_ca10_th85.root,ok,,1000,1000,1.0,0.0,0.139,0.010939789760319894,0.07,0.8015,0.718,0.718,0.28200000000000003,0.014229406171727618,2803.8693719905386,2232.1382157798585,3168.909423950065,0.9346231239968462,0.7440460719266194,1.0563031413166883,0.1670497237724682,0.046335856144822156,0.4555874113727836
WbWb_8000_3000,WbWb,8000,3000,85,380,0.8,0.8,/eos/uscms/store/user/aji/rootfiles_existingOptimization/WbWb_8000_3000_pt380_ak8_ca8_th85.root,ok,,1000,1000,1.0,0.0,0.206,0.0127892142057282,0.1065,0.81,0.719,0.719,0.281,0.014214042352547005,2857.1362427367812,2165.8167817828094,3147.064817674257,0.9523787475789272,0.7219389272609364,1.049021605891419,0.1717188038172681,0.0452461566274979,0.45748092905937543
WbWb_8000_3000,WbWb,8000,3000,85,320,1.0,1.0,/eos/uscms/store/user/aji/rootfiles_existingOptimization/WbWb_8000_3000_pt320_ak10_ca10_th85.root,ok,,1000,1000,1.0,0.0,0.16,0.01159310139695155,0.082,0.798,0.722,0.722,0.278,0.01416742743055351,2962.297966744515,2289.131421907522,3365.1313336895428,0.9874326555815051,0.7630438073025074,1.121710444563181,0.181615746265477,0.04398622017573883,0.4608724807073265
WbWb_8000_3000,WbWb,8000,3000,85,180,0.4,1.0,/eos/uscms/store/user/aji/rootfiles_existingOptimization/WbWb_8000_3000_pt180_ak4_ca10_th85.root,ok,,1000,1000,1.0,0.0,0.145,0.01113440613593738,0.073,0.7995,0.716,0.716,0.28400000000000003,0.014259873772232349,2735.3628413055385,2161.3779456643706,3081.122837567453,0.9117876137685128,0.7204593152214568,1.0270409458558176,0.16812118634032938,0.04924720468641085,0.46094242496347815
WbWb_8000_3000,WbWb,8000,3000,85,300,1.0,1.0,/eos/uscms/store/user/aji/rootfiles_existingOptimization/WbWb_8000_3000_pt300_ak10_ca10_th85.root,ok,,1000,1000,1.0,0.0,0.155,0.011444430960078356,0.079,0.797,0.722,0.722,0.278,0.01416742743055351,2963.9120175755706,2293.8778551927257,3374.975030502455,0.9879706725251903,0.7646259517309085,1.1249916768341517,0.1823767319844481,0.04418691697417895,0.4615796647319291
WbWb_8000_3000,WbWb,8000,3000,85,320,1.2,1.0,/eos/uscms/store/user/aji/rootfiles_existingOptimization/WbWb_8000_3000_pt320_ak12_ca10_th85.root,ok,,1000,1000,1.0,0.0,0.099,0.009444522221901964,0.051,0.796,0.717,0.717,0.28300000000000003,0.014244683218660919,3067.713137540405,2412.8879018513953,3502.27486674392,1.0225710458468016,0.8042959672837985,1.1674249555813068,0.1775568503393314,0.031841957860299655,0.46281395492401156
WbWb_8000_3000,WbWb,8000,3000,85,280,0.4,0.8,/eos/uscms/store/user/aji/rootfiles_existingOptimization/WbWb_8000_3000_pt280_ak4_ca8_th85.root,ok,,1000,1000,1.0,0.0,0.188,0.012355403676124872,0.096,0.8035,0.712,0.712,0.28800000000000003,0.014319776534569246,2716.266194812598,2083.1995053482947,2988.3194724862274,0.9054220649375326,0.6943998351160983,0.9961064908287425,0.16661105764716466,0.04980204044933795,0.46406885115341145
WbWb_8000_3000,WbWb,8000,3000,85,340,0.4,0.6,/eos/uscms/store/user/aji/rootfiles_existingOptimization/WbWb_8000_3000_pt340_ak4_ca6_th85.root,ok,,1000,1000,1.0,0.0,0.196,0.012553246592017541,0.1015,0.807,0.712,0.712,0.28800000000000003,0.014319776534569246,2702.7275412905583,2035.4013431160938,2946.769335662688,0.9009091804301862,0.6784671143720312,0.982256445220896,0.1686015291262792,0.04955378961447374,0.46651061108326064
WbWb_8000_3000,WbWb,8000,3000,85,180,1.2,1.0,/eos/uscms/store/user/aji/rootfiles_existingOptimization/WbWb_8000_3000_pt180_ak12_ca10_th85.root,ok,,1000,1000,1.0,0.0,0.064,0.007739767438366608,0.032,0.771,0.707,0.707,0.29300000000000004,0.014392741226048637,3118.6702828443113,2670.532714057891,3738.692934984746,1.0395567609481038,0.8901775713526303,1.2462309783282486,0.17125250893029062,0.02716535380517638,0.4682081850251011
WbWb_8000_3000,WbWb,8000,3000,85,300,0.8,1.0,/eos/uscms/store/user/aji/rootfiles_existingOptimization/WbWb_8000_3000_pt300_ak8_ca10_th85.root,ok,,1000,1000,1.0,0.0,0.164,0.011709141727727102,0.0845,0.795,0.711,0.711,0.28900000000000003,0.0143345387090063,2871.7423423275995,2189.098157469442,3199.783125781687,0.9572474474425332,0.7296993858231473,1.0665943752605624,0.1759706909313227,0.046127032659206355,0.4692459461870694
WbWb_8000_3000,WbWb,8000,3000,85,280,0.8,1.0,/eos/uscms/store/user/aji/rootfiles_existingOptimization/WbWb_8000_3000_pt280_ak8_ca10_th85.root,ok,,1000,1000,1.0,0.0,0.156,0.011474493452871897,0.0795,0.795,0.711,0.711,0.28900000000000003,0.0143345387090063,2874.859123901283,2209.0925941118753,3222.4553834176736,0.958286374633761,0.7363641980372918,1.0741517944725578,0.17624564293964948,0.04632016542206197,0.4694170054762734
WbWb_8000_3000,WbWb,8000,3000,85,340,1.2,1.0,/eos/uscms/store/user/aji/rootfiles_existingOptimization/WbWb_8000_3000_pt340_ak12_ca10_th85.root,ok,,1000,1000,1.0,0.0,0.103,0.009612023720320296,0.0535,0.7925,0.71,0.71,0.29000000000000004,0.014349216006458332,3062.9919745342454,2387.3542403333595,3495.9774917556074,1.0209973248447484,0.7957847467777865,1.1653258305852023,0.1809706425350369,0.031841957860299655,0.47307037501951177
WbWb_8000_3000,WbWb,8000,3000,85,240,0.6,1.0,/eos/uscms/store/user/aji/rootfiles_existingOptimization/WbWb_8000_3000_pt240_ak6_ca10_th85.root,ok,,1000,1000,1.0,0.0,0.147,0.011197812286335219,0.075,0.7925,0.704,0.704,0.29600000000000004,0.014435511767859151,2800.0133521107255,2192.4377774039795,3153.9335203718792,0.9333377840369084,0.7308125924679931,1.0513111734572929,0.1716948496411808,0.046989199118353545,0.47436107123749
WbWb_8000_3000,WbWb,8000,3000,85,340,1.0,1.0,/eos/uscms/store/user/aji/rootfiles_existingOptimization/WbWb_8000_3000_pt340_ak10_ca10_th85.root,ok,,1000,1000,1.0,0.0,0.169,0.011850696182081457,0.0865,0.7935,0.714,0.714,0.28600000000000003,0.014289996501049257,2957.9203647001223,2242.7449314663622,3358.1680648604115,0.9859734549000407,0.7475816438221207,1.1193893549534706,0.1885485401678711,0.04418691697417895,0.47595119467786706
WbWb_8000_3000,WbWb,8000,3000,85,200,0.4,1.0,/eos/uscms/store/user/aji/rootfiles_existingOptimization/WbWb_8000_3000_pt200_ak4_ca10_th85.root,ok,,1000,1000,1.0,0.0,0.157,0.01150439046625244,0.0795,0.792,0.707,0.707,0.29300000000000004,0.014392741226048637,2730.14082873892,2107.751602687979,3061.4141017557304,0.9100469429129734,0.7025838675626596,1.0204713672519101,0.1746544517097783,0.04998839030691046,0.47664975741848103
WbWb_8000_3000,WbWb,8000,3000,85,320,0.8,1.0,/eos/uscms/store/user/aji/rootfiles_existingOptimization/WbWb_8000_3000_pt320_ak8_ca10_th85.root,ok,,1000,1000,1.0,0.0,0.173,0.011961229033840962,0.089,0.7915,0.706,0.706,0.29400000000000004,0.014407081592050489,2867.4718804780973,2152.9459312303957,3186.7618579836258,0.9558239601593658,0.7176486437434653,1.0622539526612085,0.18026609672992855,0.04655073638289409,0.478683700713992
WbWb_8000_3000,WbWb,8000,3000,85,400,0.6,0.6,/eos/uscms/store/user/aji/rootfiles_existingOptimization/WbWb_8000_3000_pt400_ak6_ca6_th85.root,ok,,1000,1000,1.0,0.0,0.218,0.0130566458173606,0.114,0.8075,0.706,0.706,0.29400000000000004,0.014407081592050489,2775.4191467839637,2022.3855684160774,3031.5590948011886,0.9251397155946546,0.6741285228053592,1.0105196982670628,0.1818056071917097,0.047765032901183904,0.4832916356322443
WbWb_8000_3000,WbWb,8000,3000,85,360,0.6,0.8,/eos/uscms/store/user/aji/rootfiles_existingOptimization/WbWb_8000_3000_pt360_ak6_ca8_th85.root,ok,,1000,1000,1.0,0.0,0.209,0.012857643641040918,0.108,0.799,0.702,0.702,0.29800000000000004,0.01446360950800318,2778.6103038258825,2044.8295895476024,3050.357792261964,0.9262034346086275,0.6816098631825341,1.016785930753988,0.18094084682005326,0.048891714921851945,0.4863205033591905
WbWb_8000_3000,WbWb,8000,3000,85,380,0.4,0.4,/eos/uscms/store/user/aji/rootfiles_existingOptimization/WbWb_8000_3000_pt380_ak4_ca4_th85.root,ok,,1000,1000,1.0,0.0,0.21,0.01288021738946979,0.1115,0.8085,0.707,0.707,0.29300000000000004,0.014392741226048637,2696.0730797540546,1949.3653248467049,2937.745218928503,0.8986910265846849,0.6497884416155683,0.9792484063095012,0.18329990783706096,0.04904050448459807,0.4864308051785925
WbWb_8000_3000,WbWb,8000,3000,85,300,0.4,0.8,/eos/uscms/store/user/aji/rootfiles_existingOptimization/WbWb_8000_3000_pt300_ak4_ca8_th85.root,ok,,1000,1000,1.0,0.0,0.205,0.0127661662216971,0.1045,0.795,0.7,0.7,0.30000000000000004,0.014491376746189439,2708.28633072443,1997.8967447677323,2975.912278410967,0.9027621102414767,0.665965581589244,0.9919707594703222,0.18055984748511222,0.05104516807680559,0.4902836364609646
WbWb_8000_3000,WbWb,8000,3000,85,360,1.2,1.0,/eos/uscms/store/user/aji/rootfiles_existingOptimization/WbWb_8000_3000_pt360_ak12_ca10_th85.root,ok,,1000,1000,1.0,0.0,0.111,0.00993373041711924,0.0575,0.7865,0.7,0.7,0.30000000000000004,0.014491376746189439,3059.8084062950447,2333.5068955220804,3495.2831955723946,1.0199361354316816,0.7778356318406934,1.1650943985241315,0.18984461537855668,0.03233634331809193,0.4918382289217249
WbWb_8000_3000,WbWb,8000,3000,85,360,1.0,1.0,/eos/uscms/store/user/aji/rootfiles_existingOptimization/WbWb_8000_3000_pt360_ak10_ca10_th85.root,ok,,1000,1000,1.0,0.0,0.182,0.012201475320632338,0.0935,0.7875,0.704,0.704,0.29600000000000004,0.014435511767859151,2950.0906319210403,2194.798424091574,3347.614804632073,0.9833635439736801,0.7315994746971913,1.1158716015440244,0.19538660407016178,0.045304517896181,0.4930502496727938
WbWb_8000_3000,WbWb,8000,3000,85,260,0.6,1.0,/eos/uscms/store/user/aji/rootfiles_existingOptimization/WbWb_8000_3000_pt260_ak6_ca10_th85.root,ok,,1000,1000,1.0,0.0,0.164,0.011709141727727102,0.0835,0.788,0.693,0.693,0.30700000000000005,0.01458598642533305,2793.214438190147,2112.4900480619735,3117.006135690583,0.9310714793967156,0.7041633493539913,1.0390020452301945,0.17981363584091348,0.04832113919558485,0.49370648790124194
WbWb_8000_3000,WbWb,8000,3000,85,400,0.8,0.8,/eos/uscms/store/user/aji/rootfiles_existingOptimization/WbWb_8000_3000_pt400_ak8_ca8_th85.root,ok,,1000,1000,1.0,0.0,0.222,0.013142145943490356,0.116,0.799,0.706,0.706,0.29400000000000004,0.014407081592050489,2849.5545824725546,2031.8584879927819,3142.078589479889,0.9498515274908514,0.6772861626642606,1.0473595298266296,0.19480590200237027,0.04589394602049908,0.4938207492532851
WbWb_8000_3000,WbWb,8000,3000,85,360,0.4,0.6,/eos/uscms/store/user/aji/rootfiles_existingOptimization/WbWb_8000_3000_pt360_ak4_ca6_th85.root,ok,,1000,1000,1.0,0.0,0.212,0.012925014506761685,0.1115,0.8,0.702,0.702,0.29800000000000004,0.01446360950800318,2696.0730797540546,1940.8714239782817,2945.9918834095733,0.8986910265846849,0.6469571413260939,0.9819972944698577,0.18640452793716222,0.0508560971394216,0.49453542527869376
WbWb_8000_3000,WbWb,8000,3000,85,340,0.8,1.0,/eos/uscms/store/user/aji/rootfiles_existingOptimization/WbWb_8000_3000_pt340_ak8_ca10_th85.root,ok,,1000,1000,1.0,0.0,0.188,0.012355403676124872,0.0965,0.786,0.695,0.695,0.30500000000000005,0.014559361249725209,2864.860654804769,2088.9633223809565,3184.8817588325333,0.9549535516015897,0.6963211074603188,1.0616272529441777,0.19126906479963854,0.047940234883590865,0.5007737096394796
WbWb_8000_3000,WbWb,8000,3000,85,280,0.6,1.0,/eos/uscms/store/user/aji/rootfiles_existingOptimization/WbWb_8000_3000_pt280_ak6_ca10_th85.root,ok,,1000,1000,1.0,0.0,0.172,0.011933817494833746,0.088,0.785,0.69,0.69,0.31000000000000005,0.014625320509308506,2791.907994001037,2078.834209365638,3117.006135690583,0.9306359980003456,0.6929447364552127,1.0390020452301945,0.18592516812080873,0.049222548303394884,0.5028615683207742
WbWb_8000_3000,WbWb,8000,3000,85,380,1.2,1.0,/eos/uscms/store/user/aji/rootfiles_existingOptimization/WbWb_8000_3000_pt380_ak12_ca10_th85.root,ok,,1000,1000,1.0,0.0,0.121,0.010313049985334114,0.0625,0.7795,0.69,0.69,0.31000000000000005,0.014625320509308506,3057.786021995942,2281.6514891636507,3492.842209698006,1.0192620073319807,0.7605504963878835,1.164280736566002,0.19805027425427263,0.03287747962123791,0.5099764749874707
WbWb_8000_3000,WbWb,8000,3000,85,380,0.6,0.8,/eos/uscms/store/user/aji/rootfiles_existingOptimization/WbWb_8000_3000_pt380_ak6_ca8_th85.root,ok,,1000,1000,1.0,0.0,0.226,0.013225883713385657,0.118,0.79,0.689,0.689,0.31100000000000005,0.014638271755914358,2776.527978569014,1967.8649546878312,3046.5103207746606,0.9255093261896714,0.6559549848959437,1.0155034402582201,0.19424356145741936,0.049576738929723516,0.5126926288384522
WbWb_8000_3000,WbWb,8000,3000,85,160,1.2,1.0,/eos/uscms/store/user/aji/rootfiles_existingOptimization/WbWb_8000_3000_pt160_ak12_ca10_th85.root,ok,,1000,1000,1.0,0.0,0.057,0.007331507348424334,0.0285,0.75,0.684,0.684,0.31599999999999995,0.014701836619960105,3142.498598473422,2715.177132202239,3924.574183420274,1.047499532824474,0.905059044067413,1.3081913944734247,0.19242602873483247,0.026785382557557517,0.5131759820172799
WbWb_8000_3000,WbWb,8000,3000,85,220,0.4,1.0,/eos/uscms/store/user/aji/rootfiles_existingOptimization/WbWb_8000_3000_pt220_ak4_ca10_th85.root,ok,,1000,1000,1.0,0.0,0.172,0.011933817494833746,0.087,0.782,0.689,0.689,0.31100000000000005,0.014638271755914358,2722.7311650211104,1997.8967447677323,3052.851577360257,0.9075770550070368,0.665965581589244,1.017617192453419,0.193730994478176,0.05174564023978542,0.5139732889774724
WbWb_8000_3000,WbWb,8000,3000,85,320,0.4,0.8,/eos/uscms/store/user/aji/rootfiles_existingOptimization/WbWb_8000_3000_pt320_ak4_ca8_th85.root,ok,,1000,1000,1.0,0.0,0.22,0.013099618315050252,0.113,0.786,0.686,0.686,0.31399999999999995,0.01467664811869522,2705.577571743059,1933.4699518122004,2969.9690373307135,0.9018591905810196,0.6444899839374001,0.9899896791102378,0.19154858030013022,0.05212376568112181,0.5153626612420282
WbWb_8000_3000,WbWb,8000,3000,85,120,1.0,1.0,/eos/uscms/store/user/aji/rootfiles_existingOptimization/WbWb_8000_3000_pt120_ak10_ca10_th85.root,ok,,1000,1000,1.0,0.0,0.068,0.007960904471226871,0.034,0.756,0.695,0.695,0.30500000000000005,0.014559361249725209,3061.849814005206,2621.9032081294645,3898.1057969268422,1.020616604668402,0.8739677360431548,1.299368598975614,0.20840385164548242,0.03813630950775104,0.5154655121123226
WbWb_8000_3000,WbWb,8000,3000,85,300,0.6,1.0,/eos/uscms/store/user/aji/rootfiles_existingOptimization/WbWb_8000_3000_pt300_ak6_ca10_th85.root,ok,,1000,1000,1.0,0.0,0.187,0.012330085157856777,0.0955,0.779,0.68,0.68,0.31999999999999995,0.014751271131668619,2787.850458212245,2030.878318364354,3107.1534825900712,0.9292834860707484,0.6769594394547847,1.0357178275300238,0.19302957248931793,0.04992223820720662,0.520101223882243
WbWb_8000_3000,WbWb,8000,3000,85,400,0.4,0.4,/eos/uscms/store/user/aji/rootfiles_existingOptimization/WbWb_8000_3000_pt400_ak4_ca4_th85.root,ok,,1000,1000,1.0,0.0,0.224,0.013184233007649706,0.1205,0.795,0.689,0.689,0.31100000000000005,0.014638271755914358,2690.417429815904,1839.1711423399531,2930.8402116627885,0.8968058099386347,0.613057047446651,0.9769467372209296,0.20288098367648752,0.05106902285442538,0.5242004026826241
WbWb_8000_3000,WbWb,8000,3000,85,160,1.0,1.2,/eos/uscms/store/user/aji/rootfiles_existingOptimization/WbWb_8000_3000_pt160_ak10_ca12_th85.root,ok,,1000,1000,1.0,0.0,0.098,0.009401914698613257,0.049,0.7605,0.687,0.687,0.31299999999999994,0.014663935351739654,3002.9518562731,2335.442628963966,3605.114856698014,1.0009839520910333,0.778480876321322,1.2017049522326715,0.21140402652172582,0.04747147331710515,0.5245024217308291
WbWb_8000_3000,WbWb,8000,3000,85,200,1.0,1.2,/eos/uscms/store/user/aji/rootfiles_existingOptimization/WbWb_8000_3000_pt200_ak10_ca12_th85.root,ok,,1000,1000,1.0,0.0,0.112,0.00997276290703835,0.056,0.762,0.684,0.684,0.31599999999999995,0.014701836619960105,2990.009024606402,2247.53943010324,3506.5760382609064,0.9966696748688006,0.7491798100344135,1.1688586794203022,0.21054060335543684,0.05084120702148369,0.5268736358685567
WbWb_8000_3000,WbWb,8000,3000,85,180,1.0,1.2,/eos/uscms/store/user/aji/rootfiles_existingOptimization/WbWb_8000_3000_pt180_ak10_ca12_th85.root,ok,,1000,1000,1.0,0.0,0.108,0.009815090422405696,0.054,0.7605,0.682,0.682,0.31799999999999995,0.014726710426975875,2993.9017472506703,2294.952565176692,3546.777476298179,0.9979672490835567,0.7649841883922308,1.1822591587660596,0.2090624570881542,0.049281361920531355,0.5272657321797984
WbWb_8000_3000,WbWb,8000,3000,85,400,1.2,1.0,/eos/uscms/store/user/aji/rootfiles_existingOptimization/WbWb_8000_3000_pt400_ak12_ca10_th85.root,ok,,1000,1000,1.0,0.0,0.132,0.010704017937204702,0.0695,0.7755,0.682,0.682,0.31799999999999995,0.014726710426975875,3050.3054809206214,2202.382481408992,3477.2384723662694,1.0167684936402073,0.7341274938029974,1.1590794907887565,0.208971855266855,0.033111297181133634,0.5286487046308757
WbWb_8000_3000,WbWb,8000,3000,85,240,0.4,1.0,/eos/uscms/store/user/aji/rootfiles_existingOptimization/WbWb_8000_3000_pt240_ak4_ca10_th85.root,ok,,1000,1000,1.0,0.0,0.184,0.012253326079069307,0.0935,0.7755,0.678,0.678,0.32199999999999995,0.014775520295407536,2719.183592192425,1955.6186423709914,3040.281872330805,0.9063945307308082,0.6518728807903306,1.0134272907769348,0.1994464870033417,0.05315893551075081,0.5308070339302609
WbWb_8000_3000,WbWb,8000,3000,85,320,0.6,1.0,/eos/uscms/store/user/aji/rootfiles_existingOptimization/WbWb_8000_3000_pt320_ak6_ca10_th85.root,ok,,1000,1000,1.0,0.0,0.201,0.012672766075328622,0.1025,0.7755,0.673,0.673,0.32699999999999996,0.014834790190629592,2784.2315986032136,1989.2344763715005,3087.0085684503956,0.9280771995344046,0.6630781587905002,1.0290028561501319,0.19714130330063478,0.051180518428523974,0.5313335833471943
WbWb_8000_3000,WbWb,8000,3000,85,380,0.4,0.6,/eos/uscms/store/user/aji/rootfiles_existingOptimization/WbWb_8000_3000_pt380_ak4_ca6_th85.root,ok,,1000,1000,1.0,0.0,0.232,0.013348258313353095,0.1225,0.789,0.685,0.685,0.31499999999999995,0.014689281806814109,2692.7862923632847,1829.592461612191,2942.5444298855596,0.8975954307877616,0.6098641538707303,0.9808481432951864,0.20665434376090094,0.05170365664280646,0.5318948006821247
WbWb_8000_3000,WbWb,8000,3000,85,380,1.0,1.0,/eos/uscms/store/user/aji/rootfiles_existingOptimization/WbWb_8000_3000_pt380_ak10_ca10_th85.root,ok,,1000,1000,1.0,0.0,0.203,0.012719709116170857,0.105,0.7785,0.688,0.688,0.31200000000000006,0.014651143300097778,2943.047145719408,2037.7321866958225,3332.049482871966,0.9810157152398027,0.6792440622319408,1.110683160957322,0.21989408121760762,0.04701772142490233,0.5337925096936273
WbWb_8000_3000,WbWb,8000,3000,85,160,0.8,1.2,/eos/uscms/store/user/aji/rootfiles_existingOptimization/WbWb_8000_3000_pt160_ak8_ca12_th85.root,ok,,1000,1000,1.0,0.0,0.107,0.009775019181566858,0.0535,0.7675,0.683,0.683,0.31699999999999995,0.014714312760030622,2896.7873679415275,2169.053795846836,3412.837697104765,0.9655957893138425,0.7230179319489453,1.1376125657015883,0.2146833272995402,0.04880283530985553,0.5351237483681559
WbWb_8000_3000,WbWb,8000,3000,85,140,0.6,1.2,/eos/uscms/store/user/aji/rootfiles_existingOptimization/WbWb_8000_3000_pt140_ak6_ca12_th85.root,ok,,1000,1000,1.0,0.0,0.115,0.010088359628799918,0.0575,0.772,0.681,0.681,0.31899999999999995,0.01473902981881779,2810.6296485500957,2129.5625686367675,3309.1903864143133,0.9368765495166986,0.7098541895455892,1.1030634621381044,0.20985116598091705,0.05003084156816105,0.5351635110292471
WbWb_8000_3000,WbWb,8000,3000,85,140,0.8,1.2,/eos/uscms/store/user/aji/rootfiles_existingOptimization/WbWb_8000_3000_pt140_ak8_ca12_th85.root,ok,,1000,1000,1.0,0.0,0.1,0.009486832980505138,0.05,0.765,0.683,0.683,0.31699999999999995,0.014714312760030622,2909.336302656043,2209.0925941118753,3471.6743457920666,0.9697787675520144,0.7363641980372918,1.157224781930689,0.21698793476153524,0.04868089049781357,0.5370100580063337
WbWb_8000_3000,WbWb,8000,3000,85,100,0.6,1.2,/eos/uscms/store/user/aji/rootfiles_existingOptimization/WbWb_8000_3000_pt100_ak6_ca12_th85.root,ok,,1000,1000,1.0,0.0,0.105,0.009694070352540258,0.0525,0.772,0.679,0.679,0.32099999999999995,0.0147634345597493,2835.0785031306814,2170.425290228641,3383.7657768431077,0.9450261677102272,0.7234750967428804,1.127921925614369,0.21398710569647636,0.04988094419949584,0.5404844889254536
WbWb_8000_3000,WbWb,8000,3000,85,120,0.8,1.2,/eos/uscms/store/user/aji/rootfiles_existingOptimization/WbWb_8000_3000_pt120_ak8_ca12_th85.root,ok,,1000,1000,1.0,0.0,0.092,0.00913980306133562,0.046,0.7625,0.679,0.679,0.32099999999999995,0.0147634345597493,2921.044906535467,2238.1765119099273,3509.3395988478587,0.9736816355118223,0.7460588373033091,1.1697798662826195,0.2175870497735015,0.046704137380511296,0.5412188862223192
WbWb_8000_3000,WbWb,8000,3000,85,220,1.0,1.2,/eos/uscms/store/user/aji/rootfiles_existingOptimization/WbWb_8000_3000_pt220_ak10_ca12_th85.root,ok,,1000,1000,1.0,0.0,0.117,0.010164201887015036,0.0585,0.7585,0.676,0.676,0.32399999999999995,0.014799459449588015,2986.4175263888046,2184.203053197876,3480.8169073975628,0.9954725087962681,0.728067684399292,1.1602723024658543,0.2170851601864862,0.051039248025239986,0.5415379093068593
WbWb_8000_3000,WbWb,8000,3000,85,340,0.4,0.8,/eos/uscms/store/user/aji/rootfiles_existingOptimization/WbWb_8000_3000_pt340_ak4_ca8_th85.root,ok,,1000,1000,1.0,0.0,0.23,0.013307892395116516,0.1185,0.779,0.677,0.677,0.32299999999999995,0.014787528529135624,2698.9226176057473,1841.8178278456862,2967.3705522197843,0.8996408725352489,0.6139392759485621,0.9891235174065948,0.20851889510129637,0.05310269634481818,0.5415548078477714
WbWb_8000_3000,WbWb,8000,3000,85,360,0.8,1.0,/eos/uscms/store/user/aji/rootfiles_existingOptimization/WbWb_8000_3000_pt360_ak8_ca10_th85.root,ok,,1000,1000,1.0,0.0,0.209,0.012857643641040918,0.108,0.777,0.679,0.679,0.32099999999999995,0.0147634345597493,2859.732236751219,1943.1586996840576,3179.6852641173778,0.9532440789170729,0.6477195665613525,1.0598950880391258,0.21619621385218712,0.04977337393567102,0.5418718059604798
WbWb_8000_3000,WbWb,8000,3000,85,120,0.6,1.2,/eos/uscms/store/user/aji/rootfiles_existingOptimization/WbWb_8000_3000_pt120_ak6_ca12_th85.root,ok,,1000,1000,1.0,0.0,0.109,0.00985489725973843,0.0545,0.77,0.677,0.677,0.32299999999999995,0.014787528529135624,2822.9679433134115,2147.8283680821914,3352.1264137614658,0.9409893144378039,0.7159427893607305,1.117375471253822,0.2133035283896546,0.05011024252423179,0.5422045969458742
WbWb_8000_3000,WbWb,8000,3000,85,120,0.4,1.2,/eos/uscms/store/user/aji/rootfiles_existingOptimization/WbWb_8000_3000_pt120_ak4_ca12_th85.root,ok,,1000,1000,1.0,0.0,0.122,0.010349685985574635,0.061,0.7715,0.674,0.674,0.32599999999999996,0.01482309009619789,2740.9089470844174,2057.8440412605914,3226.5955865637584,0.9136363156948057,0.6859480137535305,1.0755318621879195,0.21320510237058427,0.05323327887955384,0.5478414708011037
WbWb_8000_3000,WbWb,8000,3000,85,180,0.8,1.2,/eos/uscms/store/user/aji/rootfiles_existingOptimization/WbWb_8000_3000_pt180_ak8_ca12_th85.root,ok,,1000,1000,1.0,0.0,0.117,0.010164201887015036,0.0585,0.765,0.677,0.677,0.32299999999999995,0.014787528529135624,2890.2168088786984,2116.8488192565346,3402.3889364391543,0.9634056029595661,0.7056162730855114,1.1341296454797183,0.22239510081621947,0.05087272691130827,0.5490545405202628
WbWb_8000_3000,WbWb,8000,3000,85,400,0.6,0.8,/eos/uscms/store/user/aji/rootfiles_existingOptimization/WbWb_8000_3000_pt400_ak6_ca8_th85.root,ok,,1000,1000,1.0,0.0,0.241,0.013524755080961725,0.1255,0.783,0.676,0.676,0.32399999999999995,0.014799459449588015,2773.221916813627,1825.510290244512,3041.0238402296463,0.9244073056045423,0.608503430081504,1.013674613409882,0.21915187216278262,0.051119127402119144,0.5507111416023284
WbWb_8000_3000,WbWb,8000,3000,85,100,0.4,1.2,/eos/uscms/store/user/aji/rootfiles_existingOptimization/WbWb_8000_3000_pt100_ak4_ca12_th85.root,ok,,1000,1000,1.0,0.0,0.115,0.010088359628799918,0.0575,0.772,0.673,0.673,0.32699999999999996,0.014834790190629592,2748.725883816861,2065.7694328157268,3252.135042406174,0.916241961272287,0.6885898109385755,1.0840450141353912,0.21580282278694674,0.053177869473227016,0.5511786266597181
WbWb_8000_3000,WbWb,8000,3000,85,240,1.0,1.2,/eos/uscms/store/user/aji/rootfiles_existingOptimization/WbWb_8000_3000_pt240_ak10_ca12_th85.root,ok,,1000,1000,1.0,0.0,0.124,0.010422283818818216,0.0625,0.7565,0.673,0.673,0.32699999999999996,0.014834790190629592,2979.8913615205342,2125.821111763498,3470.6955331242402,0.9932971205068448,0.7086070372544993,1.1568985110414134,0.2256582972666661,0.05113074831646623,0.5533285852159816
WbWb_8000_3000,WbWb,8000,3000,85,260,0.4,1.0,/eos/uscms/store/user/aji/rootfiles_existingOptimization/WbWb_8000_3000_pt260_ak4_ca10_th85.root,ok,,1000,1000,1.0,0.0,0.201,0.012672766075328622,0.102,0.771,0.669,0.669,0.33099999999999996,0.014880826589944525,2714.400640756127,1861.123924936366,3021.5389902752845,0.9048002135853757,0.6203746416454553,1.007179663425095,0.2137516194027408,0.05334901008370369,0.5542715980442032
WbWb_8000_3000,WbWb,8000,3000,85,220,1.2,1.2,/eos/uscms/store/user/aji/rootfiles_existingOptimization/WbWb_8000_3000_pt220_ak12_ca12_th85.root,ok,,1000,1000,1.0,0.0,0.097,0.00935900635751467,0.0485,0.7475,0.658,0.658,0.34199999999999997,0.01500119995200384,3098.351459464842,2356.4715269210255,3670.828369544059,1.032783819821614,0.7854905089736752,1.2236094565146864,0.21210583431520288,0.051013289177660244,0.5573842162973642
WbWb_8000_3000,WbWb,8000,3000,85,200,0.8,1.2,/eos/uscms/store/user/aji/rootfiles_existingOptimization/WbWb_8000_3000_pt200_ak8_ca12_th85.root,ok,,1000,1000,1.0,0.0,0.123,0.010386096475577337,0.062,0.7615,0.672,0.672,0.32799999999999996,0.014846413708367418,2888.242932176925,2065.1051025396255,3384.41049810978,0.9627476440589751,0.6883683675132085,1.12813683270326,0.22839238709324355,0.05007586731583358,0.560117622687346
WbWb_8000_3000,WbWb,8000,3000,85,160,0.6,1.2,/eos/uscms/store/user/aji/rootfiles_existingOptimization/WbWb_8000_3000_pt160_ak6_ca12_th85.root,ok,,1000,1000,1.0,0.0,0.125,0.010458250331675944,0.0625,0.7655,0.67,0.67,0.32999999999999996,0.014869431730903503,2807.6668168398455,2037.6668586761778,3300.7590548570092,0.9358889389466152,0.6792222862253926,1.1002530182856696,0.2249362688986184,0.05080134093707941,0.5613473750039568
WbWb_8000_3000,WbWb,8000,3000,85,400,1.0,1.0,/eos/uscms/store/user/aji/rootfiles_existingOptimization/WbWb_8000_3000_pt400_ak10_ca10_th85.root,ok,,1000,1000,1.0,0.0,0.216,0.013013224043256921,0.112,0.7715,0.678,0.678,0.32199999999999995,0.014775520295407536,2938.648161236827,1915.5552849211826,3313.661660275521,0.9795493870789422,0.638518428307061,1.1045538867585072,0.23788257366031523,0.04836793238616671,0.5619276349524209
WbWb_8000_3000,WbWb,8000,3000,85,100,0.8,1.2,/eos/uscms/store/user/aji/rootfiles_existingOptimization/WbWb_8000_3000_pt100_ak8_ca12_th85.root,ok,,1000,1000,1.0,0.0,0.081,0.008627803892068943,0.0405,0.7485,0.666,0.666,0.33399999999999996,0.014914556647785411,2946.063759098929,2315.0038972274447,3652.1120153718043,0.9820212530329764,0.7716679657424816,1.2173706717906014,0.22693129332566137,0.04622458247880114,0.5627291680223636
WbWb_8000_3000,WbWb,8000,3000,85,140,1.0,1.2,/eos/uscms/store/user/aji/rootfiles_existingOptimization/WbWb_8000_3000_pt140_ak10_ca12_th85.root,ok,,1000,1000,1.0,0.0,0.088,0.008958571314668427,0.044,0.7395,0.661,0.661,0.33899999999999997,0.014969268519202933,3015.533849184901,2377.411409997172,3734.9268778106098,1.0051779497283004,0.7924704699990573,1.2449756259368698,0.2250870883409871,0.0477291186564717,0.5646048833138171
WbWb_8000_3000,WbWb,8000,3000,85,400,0.4,0.6,/eos/uscms/store/user/aji/rootfiles_existingOptimization/WbWb_8000_3000_pt400_ak4_ca6_th85.root,ok,,1000,1000,1.0,0.0,0.245,0.013600551459407815,0.131,0.7765,0.668,0.668,0.33199999999999996,0.014892145580808697,2686.0442745272258,1735.8048458785777,2937.745218928503,0.8953480915090752,0.5786016152928591,0.9792484063095012,0.22373800470237618,0.05323327887955384,0.5662031955514686
WbWb_8000_3000,WbWb,8000,3000,85,200,1.2,1.2,/eos/uscms/store/user/aji/rootfiles_existingOptimization/WbWb_8000_3000_pt200_ak12_ca12_th85.root,ok,,1000,1000,1.0,0.0,0.094,0.009228434320078352,0.047,0.7365,0.648,0.648,0.352,0.015102847413650183,3105.183844301163,2417.2258392050667,3740.2905856777493,1.035061281433721,0.8057419464016888,1.2467635285592498,0.21304129043773978,0.050846720733755374,0.5685474185811119
WbWb_8000_3000,WbWb,8000,3000,85,360,0.4,0.8,/eos/uscms/store/user/aji/rootfiles_existingOptimization/WbWb_8000_3000_pt360_ak4_ca8_th85.root,ok,,1000,1000,1.0,0.0,0.245,0.013600551459407815,0.128,0.771,0.666,0.666,0.33399999999999996,0.014914556647785411,2692.7862923632847,1748.6939242601536,2958.2090487198907,0.8975954307877616,0.5828979747533846,0.9860696829066302,0.22458431400403178,0.05454265162112819,0.5688247709252556
WbWb_8000_3000,WbWb,8000,3000,85,260,1.0,1.2,/eos/uscms/store/user/aji/rootfiles_existingOptimization/WbWb_8000_3000_pt260_ak10_ca12_th85.root,ok,,1000,1000,1.0,0.0,0.135,0.010806248192596726,0.068,0.753,0.667,0.667,0.33299999999999996,0.01490338887635963,2972.614778530738,2062.9495786132766,3467.3031442351075,0.9908715928435794,0.6876498595377589,1.1557677147450358,0.23621519609008246,0.05246597619943916,0.5701280368057244
WbWb_8000_3000,WbWb,8000,3000,85,140,0.4,1.2,/eos/uscms/store/user/aji/rootfiles_existingOptimization/WbWb_8000_3000_pt140_ak4_ca12_th85.root,ok,,1000,1000,1.0,0.0,0.131,0.010669536072388528,0.0655,0.766,0.665,0.665,0.33499999999999996,0.014925649064613572,2733.170196535969,1954.6594181079545,3199.4250843719838,0.9110567321786563,0.6515531393693181,1.0664750281239948,0.22771462747575158,0.05529099925644135,0.5716089542578859
WbWb_8000_3000,WbWb,8000,3000,85,240,1.2,1.2,/eos/uscms/store/user/aji/rootfiles_existingOptimization/WbWb_8000_3000_pt240_ak12_ca12_th85.root,ok,,1000,1000,1.0,0.0,0.103,0.009612023720320296,0.0515,0.7455,0.653,0.653,0.347,0.01505293991218991,3091.091862057852,2286.062898516204,3657.332647319792,1.030363954019284,0.7620209661720679,1.2191108824399308,0.22180993157069825,0.05167949448342042,0.5718463269726266
WbWb_8000_3000,WbWb,8000,3000,85,260,1.2,1.2,/eos/uscms/store/user/aji/rootfiles_existingOptimization/WbWb_8000_3000_pt260_ak12_ca12_th85.root,ok,,1000,1000,1.0,0.0,0.108,0.009815090422405696,0.0545,0.746,0.653,0.653,0.347,0.01505293991218991,3081.2787117295466,2244.8131956424427,3634.998674033164,1.0270929039098489,0.7482710652141474,1.2116662246777212,0.2255858051883919,0.05176450682069704,0.5752950955793767
WbWb_8000_3000,WbWb,8000,3000,85,340,0.6,1.0,/eos/uscms/store/user/aji/rootfiles_existingOptimization/WbWb_8000_3000_pt340_ak6_ca10_th85.root,ok,,1000,1000,1.0,0.0,0.219,0.013078187947877183,0.112,0.7665,0.658,0.658,0.34199999999999997,0.01500119995200384,2778.6660292089773,1828.9925521580442,3086.523488051041,0.9262220097363257,0.6096641840526814,1.0288411626836802,0.2262832097621654,0.05359642101848963,0.5756610087885328
WbWb_8000_3000,WbWb,8000,3000,85,380,0.8,1.0,/eos/uscms/store/user/aji/rootfiles_existingOptimization/WbWb_8000_3000_pt380_ak8_ca10_th85.root,ok,,1000,1000,1.0,0.0,0.222,0.013142145943490356,0.115,0.77,0.669,0.669,0.33099999999999996,0.014880826589944525,2855.3658982958477,1805.691393848195,3176.513281246293,0.9517886327652825,0.6018971312827317,1.0588377604154309,0.24004312165670916,0.05124502123602946,0.5758642583801808
WbWb_8000_3000,WbWb,8000,3000,85,180,0.6,1.2,/eos/uscms/store/user/aji/rootfiles_existingOptimization/WbWb_8000_3000_pt180_ak6_ca12_th85.root,ok,,1000,1000,1.0,0.0,0.13,0.010634848376916336,0.0655,0.7605,0.663,0.663,0.33699999999999997,0.014947608504372864,2803.6485055212097,1967.8649546878312,3287.189959749416,0.9345495018404032,0.6559549848959437,1.0957299865831387,0.23528716286357676,0.05084952501805996,0.5788322126795364
WbWb_8000_3000,WbWb,8000,3000,85,280,0.4,1.0,/eos/uscms/store/user/aji/rootfiles_existingOptimization/WbWb_8000_3000_pt280_ak4_ca10_th85.root,ok,,1000,1000,1.0,0.0,0.217,0.013034991369387246,0.1105,0.7635,0.658,0.658,0.34199999999999997,0.01500119995200384,2708.28633072443,1787.1605557850896,3020.0268956276122,0.9027621102414767,0.5957201852616966,1.0066756318758707,0.22761004363832302,0.05529099925644135,0.5793338326141754
WbWb_8000_3000,WbWb,8000,3000,85,280,1.0,1.2,/eos/uscms/store/user/aji/rootfiles_existingOptimization/WbWb_8000_3000_pt280_ak10_ca12_th85.root,ok,,1000,1000,1.0,0.0,0.143,0.011070275515993266,0.0725,0.7505,0.661,0.661,0.33899999999999997,0.014969268519202933,2963.8112793740343,1994.2645808007253,3434.687747232385,0.987937093124678,0.6647548602669084,1.1448959157441283,0.2430018362599459,0.05246597619943916,0.583208126947478
WbWb_8000_3000,WbWb,8000,3000,85,280,1.2,1.2,/eos/uscms/store/user/aji/rootfiles_existingOptimization/WbWb_8000_3000_pt280_ak12_ca12_th85.root,ok,,1000,1000,1.0,0.0,0.114,0.010050074626588601,0.0575,0.7435,0.649,0.649,0.351,0.015093011627902497,3074.1630401844486,2199.4585950435294,3617.3054796959304,1.0247210133948161,0.7331528650145097,1.205768493231977,0.23060697596691743,0.052467701315547594,0.5840790773063991
WbWb_8000_3000,WbWb,8000,3000,85,220,0.8,1.2,/eos/uscms/store/user/aji/rootfiles_existingOptimization/WbWb_8000_3000_pt220_ak8_ca12_th85.root,ok,,1000,1000,1.0,0.0,0.131,0.010669536072388528,0.066,0.756,0.66,0.66,0.33999999999999997,0.014979986648859203,2883.6990024035,1972.0960024095682,3362.005320925999,0.9612330008011667,0.6573653341365228,1.1206684403086664,0.2409941740379235,0.05087272691130827,0.5848708739578068
WbWb_8000_3000,WbWb,8000,3000,85,160,0.4,1.2,/eos/uscms/store/user/aji/rootfiles_existingOptimization/WbWb_8000_3000_pt160_ak4_ca12_th85.root,ok,,1000,1000,1.0,0.0,0.141,0.011005407761641547,0.071,0.76,0.656,0.656,0.344,0.015022117027902558,2731.296046710183,1877.451797267911,3190.029586020491,0.9104320155700609,0.6258172657559703,1.0633431953401635,0.24028478903514794,0.05559117779728889,0.5932415874781418
WbWb_8000_3000,WbWb,8000,3000,85,180,1.2,1.2,/eos/uscms/store/user/aji/rootfiles_existingOptimization/WbWb_8000_3000_pt180_ak12_ca12_th85.root,ok,,1000,1000,1.0,0.0,0.085,0.008819013550278738,0.0425,0.7205,0.632,0.632,0.368,0.015250442616527561,3116.3048134964265,2465.1945896416355,3863.8419676471094,1.0387682711654755,0.8217315298805451,1.2879473225490363,0.22440798665587233,0.05050344708707674,0.5962848137724199
WbWb_8000_3000,WbWb,8000,3000,85,260,1.4,1.2,/eos/uscms/store/user/aji/rootfiles_existingOptimization/WbWb_8000_3000_pt260_ak14_ca12_th85.root,ok,,1000,1000,1.0,0.0,0.055,0.00720936890441875,0.0275,0.717,0.629,0.629,0.371,0.015276092432294327,3222.2761123456557,2417.750774368653,3832.700533946188,1.074092037448552,0.805916924789551,1.2775668446487292,0.21955749759562374,0.04186094023476758,0.5979667013404789
WbWb_8000_3000,WbWb,8000,3000,85,240,1.4,1.2,/eos/uscms/store/user/aji/rootfiles_existingOptimization/WbWb_8000_3000_pt240_ak14_ca12_th85.root,ok,,1000,1000,1.0,0.0,0.055,0.00720936890441875,0.0275,0.7085,0.623,0.623,0.377,0.01532550162311172,3232.1846253048197,2475.452038476244,3868.7402819049103,1.0773948751016067,0.8251506794920813,1.2895800939683033,0.21553351756588907,0.040666249002598034,0.6002730050760497
WbWb_8000_3000,WbWb,8000,3000,85,280,1.4,1.2,/eos/uscms/store/user/aji/rootfiles_existingOptimization/WbWb_8000_3000_pt280_ak14_ca12_th85.root,ok,,1000,1000,1.0,0.0,0.063,0.007683163410991596,0.0315,0.717,0.628,0.628,0.372,0.015284501954594399,3208.6500296137615,2354.9699913964505,3797.928596381955,1.0695500098712538,0.7849899971321502,1.265976198793985,0.22485447020833235,0.04503266578378763,0.6038094711954577
WbWb_8000_3000,WbWb,8000,3000,85,300,1.2,1.2,/eos/uscms/store/user/aji/rootfiles_existingOptimization/WbWb_8000_3000_pt300_ak12_ca12_th85.root,ok,,1000,1000,1.0,0.0,0.126,0.010493998284733994,0.0635,0.738,0.639,0.639,0.361,0.01518812035770062,3070.1453274320515,2111.213848913851,3610.2910915187203,1.0233817758106838,0.7037379496379504,1.2034303638395734,0.2441378310678758,0.054501929791595086,0.6074760086489441
WbWb_8000_3000,WbWb,8000,3000,85,300,0.4,1.0,/eos/uscms/store/user/aji/rootfiles_existingOptimization/WbWb_8000_3000_pt300_ak4_ca10_th85.root,ok,,1000,1000,1.0,0.0,0.233,0.013368283360252356,0.119,0.7565,0.648,0.648,0.352,0.015102847413650183,2702.7275412905583,1670.4401536174178,2998.0454740930227,0.9009091804301862,0.5568133845391392,0.9993484913643409,0.24560472711238782,0.055862157893704245,0.6075138090693691
WbWb_8000_3000,WbWb,8000,3000,85,220,1.4,1.2,/eos/uscms/store/user/aji/rootfiles_existingOptimization/WbWb_8000_3000_pt220_ak14_ca12_th85.root,ok,,1000,1000,1.0,0.0,0.05,0.006892024376045111,0.025,0.699,0.617,0.617,0.383,0.015372410351015223,3239.325289780396,2530.4419978446253,3941.8984374064794,1.0797750965934654,0.8434806659482085,1.3139661458021599,0.21786272036568782,0.040647622854804846,0.6088402300250344
WbWb_8000_3000,WbWb,8000,3000,85,200,0.6,1.2,/eos/uscms/store/user/aji/rootfiles_existingOptimization/WbWb_8000_3000_pt200_ak6_ca12_th85.root,ok,,1000,1000,1.0,0.0,0.139,0.010939789760319894,0.07,0.7535,0.65,0.65,0.35,0.015083103128998356,2800.583349177383,1853.5251463226957,3272.4768832624695,0.9335277830591275,0.6178417154408985,1.0908256277541566,0.25333145991826383,0.05229557209615496,0.6099786816123511
WbWb_8000_3000,WbWb,8000,3000,85,240,0.8,1.2,/eos/uscms/store/user/aji/rootfiles_existingOptimization/WbWb_8000_3000_pt240_ak8_ca12_th85.root,ok,,1000,1000,1.0,0.0,0.139,0.010939789760319894,0.07,0.7495,0.651,0.651,0.349,0.01507312177354114,2879.1639852590206,1878.6459537295636,3361.217710226288,0.9597213284196735,0.6262153179098545,1.1204059034087628,0.25746566782707014,0.05333082486540235,0.6104935349851028
WbWb_8000_3000,WbWb,8000,3000,85,120,1.0,1.2,/eos/uscms/store/user/aji/rootfiles_existingOptimization/WbWb_8000_3000_pt120_ak10_ca12_th85.root,ok,,1000,1000,1.0,0.0,0.073,0.008226238508577295,0.0365,0.71,0.631,0.631,0.369,0.015259062880793171,3053.3255825962096,2514.5286644100456,4007.183180574771,1.0177751941987365,0.8381762214700152,1.335727726858257,0.2444309451754466,0.04657823535907432,0.6152084645953202
WbWb_8000_3000,WbWb,8000,3000,85,260,0.8,1.2,/eos/uscms/store/user/aji/rootfiles_existingOptimization/WbWb_8000_3000_pt260_ak8_ca12_th85.root,ok,,1000,1000,1.0,0.0,0.146,0.011166198995181842,0.074,0.747,0.647,0.647,0.353,0.015112610628213776,2874.859123901283,1820.1848309339978,3320.221291138609,0.958286374633761,0.6067282769779992,1.1067404303795365,0.2608886897680417,0.054477965542012445,0.6180600523046655
WbWb_8000_3000,WbWb,8000,3000,85,300,1.4,1.2,/eos/uscms/store/user/aji/rootfiles_existingOptimization/WbWb_8000_3000_pt300_ak14_ca12_th85.root,ok,,1000,1000,1.0,0.0,0.071,0.008121514637061242,0.0355,0.7155,0.625,0.625,0.375,0.015309310892394862,3198.540512731599,2262.204858753642,3786.43164290461,1.066180170910533,0.754068286251214,1.2621438809682033,0.2382691071261837,0.04634581168250517,0.619887124217237
WbWb_8000_3000,WbWb,8000,3000,85,300,1.0,1.2,/eos/uscms/store/user/aji/rootfiles_existingOptimization/WbWb_8000_3000_pt300_ak10_ca12_th85.root,ok,,1000,1000,1.0,0.0,0.158,0.011534123287012324,0.0805,0.742,0.647,0.647,0.353,0.015112610628213776,2956.8323492154886,1861.8581495130293,3432.3570846577136,0.9856107830718295,0.6206193831710098,1.1441190282192377,0.2655711838991093,0.05506858953275995,0.6200101055919263
WbWb_8000_3000,WbWb,8000,3000,85,160,1.2,1.2,/eos/uscms/store/user/aji/rootfiles_existingOptimization/WbWb_8000_3000_pt160_ak12_ca12_th85.root,ok,,1000,1000,1.0,0.0,0.076,0.008379976133617566,0.038,0.7,0.612,0.612,0.388,0.015409607392792329,3140.846035211128,2567.637537681269,4023.5559284991423,1.0469486784037092,0.8558791792270897,1.341185309499714,0.23177169057253805,0.04863775098515007,0.624466558412909
WbWb_8000_3000,WbWb,8000,3000,85,100,1.0,0.8,/eos/uscms/store/user/aji/rootfiles_existingOptimization/WbWb_8000_3000_pt100_ak10_ca8_th85.root,ok,,1000,1000,1.0,0.0,0.036,0.005891010100144117,0.018,0.7085,0.66,0.66,0.33999999999999997,0.014979986648859203,3156.892141279639,2753.5033123038916,4526.956955985867,1.0522973804265465,0.9178344374346306,1.508985651995289,0.2808860050193399,0.016086883477566982,0.6261157430619946
WbWb_8000_3000,WbWb,8000,3000,85,320,1.0,1.2,/eos/uscms/store/user/aji/rootfiles_existingOptimization/WbWb_8000_3000_pt320_ak10_ca12_th85.root,ok,,1000,1000,1.0,0.0,0.163,0.011680368144883106,0.0835,0.742,0.645,0.645,0.355,0.015131919904625453,2954.334440118623,1823.243815338634,3424.165812140103,0.9847781467062077,0.6077479384462113,1.141388604046701,0.2709446119338453,0.054591545070048916,0.6274667972632245
WbWb_8000_3000,WbWb,8000,3000,85,200,1.4,1.2,/eos/uscms/store/user/aji/rootfiles_existingOptimization/WbWb_8000_3000_pt200_ak14_ca12_th85.root,ok,,1000,1000,1.0,0.0,0.047,0.006692607862410586,0.0235,0.6825,0.603,0.603,0.397,0.01547226550961429,3258.9573398925395,2619.5228022499214,4065.560736892173,1.0863191132975132,0.8731742674166404,1.355186912297391,0.2218559164523972,0.04005173383057309,0.6274878277821485
WbWb_8000_3000,WbWb,8000,3000,85,180,0.4,1.2,/eos/uscms/store/user/aji/rootfiles_existingOptimization/WbWb_8000_3000_pt180_ak4_ca12_th85.root,ok,,1000,1000,1.0,0.0,0.153,0.011383804285035824,0.077,0.749,0.642,0.642,0.358,0.01516034300403523,2729.0992647309504,1746.2465711279701,3177.730378487453,0.9096997549103167,0.58208219037599,1.0592434594958178,0.2622630524765113,0.05854391724446863,0.6292930769854796
WbWb_8000_3000,WbWb,8000,3000,85,220,0.6,1.2,/eos/uscms/store/user/aji/rootfiles_existingOptimization/WbWb_8000_3000_pt220_ak6_ca12_th85.root,ok,,1000,1000,1.0,0.0,0.146,0.011166198995181842,0.0735,0.748,0.644,0.644,0.356,0.015141466243399283,2794.0340760460194,1781.7265744899182,3272.4768832624695,0.9313446920153399,0.5939088581633061,1.0908256277541566,0.2667738238329198,0.05455183797310794,0.6296393546313859
WbWb_8000_3000,WbWb,8000,3000,85,380,0.4,0.8,/eos/uscms/store/user/aji/rootfiles_existingOptimization/WbWb_8000_3000_pt380_ak4_ca8_th85.root,ok,,1000,1000,1.0,0.0,0.265,0.013956181426163821,0.139,0.7605,0.65,0.65,0.35,0.015083103128998356,2689.206675202181,1489.3974081543245,2953.9802585714747,0.8964022250673936,0.4964658027181082,0.9846600861904915,0.27230760356249656,0.056297283974838463,0.6326673810557571
WbWb_8000_3000,WbWb,8000,3000,85,140,1.2,1.0,/eos/uscms/store/user/aji/rootfiles_existingOptimization/WbWb_8000_3000_pt140_ak12_ca10_th85.root,ok,,1000,1000,1.0,0.0,0.053,0.00708456067798138,0.0265,0.696,0.632,0.632,0.368,0.015250442616527561,3181.484477552737,2733.4792168423137,4381.449451081397,1.0604948258509124,0.911159738947438,1.4604831503604656,0.2589939139836281,0.025132231004503278,0.6330433965687193
WbWb_8000_3000,WbWb,8000,3000,85,400,0.8,1.0,/eos/uscms/store/user/aji/rootfiles_existingOptimization/WbWb_8000_3000_pt400_ak8_ca10_th85.root,ok,,1000,1000,1.0,0.0,0.237,0.013447341744746431,0.124,0.76,0.657,0.657,0.34299999999999997,0.015011695440555674,2846.179740231324,1545.0003851364843,3168.156436720836,0.9487265800771081,0.515000128378828,1.056052145573612,0.28514644184987936,0.05268867166791506,0.6332737838421685
WbWb_8000_3000,WbWb,8000,3000,85,320,1.2,1.2,/eos/uscms/store/user/aji/rootfiles_existingOptimization/WbWb_8000_3000_pt320_ak12_ca12_th85.root,ok,,1000,1000,1.0,0.0,0.136,0.010839926199010766,0.0695,0.733,0.632,0.632,0.368,0.015250442616527561,3063.008641748129,1948.3031854720032,3592.482846281788,1.0210028805827096,0.6494343951573345,1.1974942820939294,0.2683929190404461,0.055995712073756795,0.638493207098717
WbWb_8000_3000,WbWb,8000,3000,85,360,0.6,1.0,/eos/uscms/store/user/aji/rootfiles_existingOptimization/WbWb_8000_3000_pt360_ak6_ca10_th85.root,ok,,1000,1000,1.0,0.0,0.236,0.013427732496590778,0.1215,0.7535,0.644,0.644,0.356,0.015141466243399283,2774.3687519964787,1536.7136204779667,3078.5992572769837,0.9247895839988263,0.5122378734926556,1.0261997524256612,0.27788044319801614,0.055352782805053,0.6414014847981335
WbWb_8000_3000,WbWb,8000,3000,85,340,1.0,1.2,/eos/uscms/store/user/aji/rootfiles_existingOptimization/WbWb_8000_3000_pt340_ak10_ca12_th85.root,ok,,1000,1000,1.0,0.0,0.172,0.011933817494833746,0.088,0.7375,0.637,0.637,0.363,0.015206281596761254,2947.5084354221367,1774.4790985032616,3417.2531801031573,0.9825028118073789,0.5914930328344206,1.139084393367719,0.27867165058081006,0.05537299094115179,0.6434213694000721
WbWb_8000_3000,WbWb,8000,3000,85,240,0.6,1.2,/eos/uscms/store/user/aji/rootfiles_existingOptimization/WbWb_8000_3000_pt240_ak6_ca12_th85.root,ok,,1000,1000,1.0,0.0,0.153,0.011383804285035824,0.078,0.741,0.632,0.632,0.368,0.015250442616527561,2790.7319350619964,1719.6630865068403,3254.445666944827,0.9302439783539989,0.5732210288356134,1.0848152223149423,0.2749785031581493,0.055493746593753855,0.6499541053227494
WbWb_8000_3000,WbWb,8000,3000,85,280,0.8,1.2,/eos/uscms/store/user/aji/rootfiles_existingOptimization/WbWb_8000_3000_pt280_ak8_ca12_th85.root,ok,,1000,1000,1.0,0.0,0.16,0.01159310139695155,0.0815,0.7415,0.637,0.637,0.363,0.015206281596761254,2868.598586203504,1691.5640832235335,3313.4010347385183,0.9561995287345013,0.5638546944078445,1.104467011579506,0.28268802740738863,0.05686861477489605,0.6500680745339384
WbWb_8000_3000,WbWb,8000,3000,85,340,1.2,1.2,/eos/uscms/store/user/aji/rootfiles_existingOptimization/WbWb_8000_3000_pt340_ak12_ca12_th85.root,ok,,1000,1000,1.0,0.0,0.141,0.011005407761641547,0.0725,0.7295,0.626,0.626,0.374,0.015301111070768685,3056.6811400522224,1859.0043553754326,3574.965672978139,1.0188937133507407,0.6196681184584775,1.1916552243260463,0.2806902714055072,0.05620436936925101,0.6565796427405812
WbWb_8000_3000,WbWb,8000,3000,85,320,1.4,1.2,/eos/uscms/store/user/aji/rootfiles_existingOptimization/WbWb_8000_3000_pt320_ak14_ca12_th85.root,ok,,1000,1000,1.0,0.0,0.077,0.00843036179532053,0.039,0.7105,0.615,0.615,0.385,0.015387494922826133,3190.2080508641666,2077.397518122502,3779.5686042175093,1.0634026836213888,0.6924658393741674,1.2598562014058365,0.26678057652602344,0.047303670412714924,0.6581208448881624
WbWb_8000_3000,WbWb,8000,3000,85,200,0.4,1.2,/eos/uscms/store/user/aji/rootfiles_existingOptimization/WbWb_8000_3000_pt200_ak4_ca12_th85.root,ok,,1000,1000,1.0,0.0,0.165,0.011737759581794134,0.0835,0.741,0.632,0.632,0.368,0.015250442616527561,2722.464406585469,1631.4797289137923,3162.776477805121,0.9074881355284898,0.5438265763045974,1.0542588259350403,0.28123356639433345,0.05879826885660751,0.6584847528414844
WbWb_8000_3000,WbWb,8000,3000,85,300,0.8,1.2,/eos/uscms/store/user/aji/rootfiles_existingOptimization/WbWb_8000_3000_pt300_ak8_ca12_th85.root,ok,,1000,1000,1.0,0.0,0.168,0.011822690049223147,0.0865,0.738,0.631,0.631,0.369,0.015259062880793171,2863.8853932861152,1656.616442494762,3297.220979589871,0.9546284644287051,0.5522054808315874,1.0990736598632904,0.28642985172193397,0.05677356642124099,0.6599670052790634
WbWb_8000_3000,WbWb,8000,3000,85,320,0.4,1.0,/eos/uscms/store/user/aji/rootfiles_existingOptimization/WbWb_8000_3000_pt320_ak4_ca10_th85.root,ok,,1000,1000,1.0,0.0,0.247,0.013637851736985557,0.127,0.7485,0.636,0.636,0.364,0.015215255502291114,2698.1978794681254,1414.9465154254995,2990.9805107452826,0.8993992931560417,0.4716488384751665,0.996993503581761,0.29205307870719527,0.05821738917831666,0.666113149391591
WbWb_8000_3000,WbWb,8000,3000,85,360,1.0,1.2,/eos/uscms/store/user/aji/rootfiles_existingOptimization/WbWb_8000_3000_pt360_ak10_ca12_th85.root,ok,,1000,1000,1.0,0.0,0.185,0.012279047194306243,0.095,0.731,0.627,0.627,0.373,0.015292841462592882,2941.8533099419774,1685.2974517023692,3408.2670542328738,0.9806177699806592,0.561765817234123,1.1360890180776244,0.2928374431022338,0.056848708287332975,0.6677756661041678
WbWb_8000_3000,WbWb,8000,3000,85,320,0.8,1.2,/eos/uscms/store/user/aji/rootfiles_existingOptimization/WbWb_8000_3000_pt320_ak8_ca12_th85.root,ok,,1000,1000,1.0,0.0,0.177,0.012069424178476784,0.091,0.7345,0.625,0.625,0.375,0.015309310892394862,2859.5172980739235,1618.7610860714733,3286.4842540986397,0.9531724326913078,0.5395870286904911,1.0954947513662132,0.2916092113082319,0.05906580038931947,0.6712919680391012
WbWb_8000_3000,WbWb,8000,3000,85,340,1.4,1.2,/eos/uscms/store/user/aji/rootfiles_existingOptimization/WbWb_8000_3000_pt340_ak14_ca12_th85.root,ok,,1000,1000,1.0,0.0,0.082,0.008676174272108648,0.042,0.7075,0.613,0.613,0.387,0.015402305022301045,3173.573716643201,1969.1279455616939,3758.2494287221953,1.0578579055477335,0.6563759818538979,1.252749809574065,0.2818780407995245,0.04744567243345725,0.6746638313542979
WbWb_8000_3000,WbWb,8000,3000,85,260,0.6,1.2,/eos/uscms/store/user/aji/rootfiles_existingOptimization/WbWb_8000_3000_pt260_ak6_ca12_th85.root,ok,,1000,1000,1.0,0.0,0.17,0.011878552100319299,0.0865,0.7365,0.621,0.621,0.379,0.015341414537127925,2785.2545726421768,1594.0347332965828,3222.7029480714305,0.9284181908807256,0.531344911098861,1.0742343160238101,0.2923733131564063,0.05821855158688888,0.6785314940683338
WbWb_8000_3000,WbWb,8000,3000,85,220,0.4,1.2,/eos/uscms/store/user/aji/rootfiles_existingOptimization/WbWb_8000_3000_pt220_ak4_ca12_th85.root,ok,,1000,1000,1.0,0.0,0.178,0.012096115078817662,0.09,0.735,0.619,0.619,0.381,0.015357050498061143,2715.5892684836026,1550.4890471028223,3120.4140730013696,0.9051964228278675,0.5168296823676074,1.0401380243337899,0.28905789327544384,0.06275040626490853,0.6795382509926571
WbWb_8000_3000,WbWb,8000,3000,85,360,1.2,1.2,/eos/uscms/store/user/aji/rootfiles_existingOptimization/WbWb_8000_3000_pt360_ak12_ca12_th85.root,ok,,1000,1000,1.0,0.0,0.151,0.01132249972400088,0.0775,0.7245,0.618,0.618,0.382,0.01536476488593301,3050.6737864443458,1755.8196557861215,3562.8732651762243,1.016891262148115,0.5852732185953738,1.1876244217254082,0.2961728680102962,0.057440957687723865,0.6798619942251076
WbWb_8000_3000,WbWb,8000,3000,85,380,0.6,1.0,/eos/uscms/store/user/aji/rootfiles_existingOptimization/WbWb_8000_3000_pt380_ak6_ca10_th85.root,ok,,1000,1000,1.0,0.0,0.248,0.01365635383255721,0.129,0.749,0.636,0.636,0.364,0.015215255502291114,2769.834995863008,1348.073976286708,3070.424574192651,0.9232783319543361,0.4493579920955694,1.023474858064217,0.31091213023129977,0.055968219151582455,0.6825842970358662
WbWb_8000_3000,WbWb,8000,3000,85,280,0.6,1.2,/eos/uscms/store/user/aji/rootfiles_existingOptimization/WbWb_8000_3000_pt280_ak6_ca12_th85.root,ok,,1000,1000,1.0,0.0,0.178,0.012096115078817662,0.091,0.735,0.619,0.619,0.381,0.015357050498061143,2782.8116436983805,1575.4118042509097,3221.8006193980436,0.9276038812327936,0.5251372680836365,1.073933539799348,0.29581391519532907,0.058406624146592354,0.6840535270720497
WbWb_8000_3000,WbWb,8000,3000,85,400,0.4,0.8,/eos/uscms/store/user/aji/rootfiles_existingOptimization/WbWb_8000_3000_pt400_ak4_ca8_th85.root,ok,,1000,1000,1.0,0.0,0.277,0.014151713677148785,0.147,0.7495,0.635,0.635,0.365,0.015224158433227107,2683.3251493686225,1287.1355591856934,2951.0132092592094,0.8944417164562075,0.42904518639523115,0.9836710697530698,0.31004025927775114,0.05750550056849814,0.6855960876321303
WbWb_8000_3000,WbWb,8000,3000,85,180,1.4,1.2,/eos/uscms/store/user/aji/rootfiles_existingOptimization/WbWb_8000_3000_pt180_ak14_ca12_th85.root,ok,,1000,1000,1.0,0.0,0.044,0.006485676526007136,0.022,0.6515,0.571,0.571,0.42900000000000005,0.015651166090742248,3273.248804967715,2668.3916555224114,4295.417717232098,1.0910829349892381,0.8894638851741372,1.4318059057440327,0.24853382047224706,0.03913417999304944,0.6866421139711709
WbWb_8000_3000,WbWb,8000,3000,85,340,0.4,1.0,/eos/uscms/store/user/aji/rootfiles_existingOptimization/WbWb_8000_3000_pt340_ak4_ca10_th85.root,ok,,1000,1000,1.0,0.0,0.257,0.013818502089589886,0.1325,0.743,0.628,0.628,0.372,0.015284501954594399,2691.8432445583217,1336.213870424047,2986.171866537448,0.8972810815194405,0.4454046234746823,0.9953906221791493,0.3064736402182525,0.059933980578965346,0.6887455320663085
WbWb_8000_3000,WbWb,8000,3000,85,160,1.0,1.4,/eos/uscms/store/user/aji/rootfiles_existingOptimization/WbWb_8000_3000_pt160_ak10_ca14_th85.root,ok,,1000,1000,1.0,0.0,0.1,0.009486832980505138,0.05,0.7025,0.61,0.61,0.39,0.01542400726140908,2999.56239858766,1897.1740627772729,3697.0177069400947,0.9998541328625533,0.632391354259091,1.2323392356466982,0.30001770341738443,0.06214113394926206,0.6900322901311291
WbWb_8000_3000,WbWb,8000,3000,85,200,1.0,1.4,/eos/uscms/store/user/aji/rootfiles_existingOptimization/WbWb_8000_3000_pt200_ak10_ca14_th85.root,ok,,1000,1000,1.0,0.0,0.114,0.010050074626588601,0.057,0.7035,0.607,0.607,0.393,0.015445096309184997,2983.6839215834266,1835.9323274388369,3615.4002386807624,0.9945613071944754,0.6119774424796123,1.2051334128935876,0.29819980232650967,0.06595546758280141,0.6917436716070622
WbWb_8000_3000,WbWb,8000,3000,85,360,1.4,1.2,/eos/uscms/store/user/aji/rootfiles_existingOptimization/WbWb_8000_3000_pt360_ak14_ca12_th85.root,ok,,1000,1000,1.0,0.0,0.088,0.008958571314668427,0.0455,0.703,0.607,0.607,0.393,0.015445096309184997,3167.336190762722,1886.8757868359232,3755.4640286062254,1.0557787302542407,0.6289585956119744,1.251821342868742,0.29497788192170565,0.048729279217418375,0.6935557549471297
WbWb_8000_3000,WbWb,8000,3000,85,340,0.8,1.2,/eos/uscms/store/user/aji/rootfiles_existingOptimization/WbWb_8000_3000_pt340_ak8_ca12_th85.root,ok,,1000,1000,1.0,0.0,0.191,0.012430567163247218,0.098,0.728,0.613,0.613,0.387,0.015402305022301045,2856.06124675533,1539.9868431705331,3270.8883773522916,0.95202041558511,0.513328947723511,1.0902961257840973,0.3030224817741872,0.06209831012160848,0.6948204402156762
WbWb_8000_3000,WbWb,8000,3000,85,300,0.6,1.2,/eos/uscms/store/user/aji/rootfiles_existingOptimization/WbWb_8000_3000_pt300_ak6_ca12_th85.root,ok,,1000,1000,1.0,0.0,0.192,0.012455360291858283,0.098,0.7285,0.607,0.607,0.393,0.015445096309184997,2776.2173232316554,1530.0164089864866,3187.670564829048,0.9254057744105519,0.5100054696621622,1.062556854943016,0.2985454600349819,0.06133959869409772,0.6990048825939268
WbWb_8000_3000,WbWb,8000,3000,85,180,1.0,1.4,/eos/uscms/store/user/aji/rootfiles_existingOptimization/WbWb_8000_3000_pt180_ak10_ca14_th85.root,ok,,1000,1000,1.0,0.0,0.11,0.009894442884771228,0.055,0.7005,0.604,0.604,0.396,0.01546557467409472,2990.47096539537,1850.4323710006297,3668.3772412882236,0.9968236551317899,0.6168107903335432,1.2227924137627413,0.3039562816901056,0.06579803895868591,0.7002739161769266
WbWb_8000_3000,WbWb,8000,3000,85,240,0.4,1.2,/eos/uscms/store/user/aji/rootfiles_existingOptimization/WbWb_8000_3000_pt240_ak4_ca12_th85.root,ok,,1000,1000,1.0,0.0,0.19,0.012405643876881199,0.0965,0.7285,0.607,0.607,0.393,0.015445096309184997,2712.764601028566,1480.0980909401526,3109.9995183875544,0.9042548670095221,0.4933660303133842,1.0366665061291847,0.3004133544852014,0.06413079502747429,0.7029878677842492
WbWb_8000_3000,WbWb,8000,3000,85,380,1.2,1.2,/eos/uscms/store/user/aji/rootfiles_existingOptimization/WbWb_8000_3000_pt380_ak12_ca12_th85.root,ok,,1000,1000,1.0,0.0,0.163,0.011680368144883106,0.0835,0.718,0.607,0.607,0.393,0.015445096309184997,3047.5500892050113,1658.21999907552,3562.3284339438637,1.0158500297350037,0.5527399996918401,1.1874428113146211,0.31239985876082055,0.059231717239911566,0.706984861734321
WbWb_8000_3000,WbWb,8000,3000,85,220,1.2,1.4,/eos/uscms/store/user/aji/rootfiles_existingOptimization/WbWb_8000_3000_pt220_ak12_ca14_th85.root,ok,,1000,1000,1.0,0.0,0.102,0.009570579919733181,0.051,0.693,0.589,0.589,0.41100000000000003,0.015558888135082147,3100.0454871138513,1942.6397521670326,3765.8762153079133,1.033348495704617,0.6475465840556776,1.2552920717693044,0.2940660823719586,0.06674756781741448,0.7084009319424203
WbWb_8000_3000,WbWb,8000,3000,85,380,1.4,1.2,/eos/uscms/store/user/aji/rootfiles_existingOptimization/WbWb_8000_3000_pt380_ak14_ca12_th85.root,ok,,1000,1000,1.0,0.0,0.093,0.009184280047995052,0.048,0.698,0.599,0.599,0.401,0.015498354751392161,3161.995850479556,1830.726894876076,3745.2373773022136,1.0539986168265187,0.6102422982920254,1.248412459100738,0.30273766522112583,0.05121946516396941,0.7091375269037777
WbWb_8000_3000,WbWb,8000,3000,85,220,1.0,1.4,/eos/uscms/store/user/aji/rootfiles_existingOptimization/WbWb_8000_3000_pt220_ak10_ca14_th85.root,ok,,1000,1000,1.0,0.0,0.12,0.010276186062932104,0.06,0.6985,0.598,0.598,0.402,0.015504708962118573,2977.9201426713703,1774.694355130599,3603.3808811715508,0.9926400475571234,0.5915647850435329,1.201126960390517,0.3070408940517311,0.06973546373022081,0.7097768892960188
WbWb_8000_3000,WbWb,8000,3000,85,140,0.8,1.4,/eos/uscms/store/user/aji/rootfiles_existingOptimization/WbWb_8000_3000_pt140_ak8_ca14_th85.root,ok,,1000,1000,1.0,0.0,0.105,0.009694070352540258,0.0525,0.71,0.604,0.604,0.396,0.01546557467409472,2898.1786256703617,1764.6385756955954,3576.6352721950325,0.9660595418901206,0.5882128585651984,1.1922117573983442,0.3126095611308834,0.0696968098115095,0.7120036069418714
WbWb_8000_3000,WbWb,8000,3000,85,380,1.0,1.2,/eos/uscms/store/user/aji/rootfiles_existingOptimization/WbWb_8000_3000_pt380_ak10_ca12_th85.root,ok,,1000,1000,1.0,0.0,0.206,0.0127892142057282,0.1065,0.7215,0.61,0.61,0.39,0.01542400726140908,2932.749482326504,1520.1475114592804,3397.5416013891395,0.9775831607755014,0.5067158371530934,1.1325138671297132,0.3200740638168235,0.059796375027763894,0.7123157477392734
WbWb_8000_3000,WbWb,8000,3000,85,100,0.8,1.4,/eos/uscms/store/user/aji/rootfiles_existingOptimization/WbWb_8000_3000_pt100_ak8_ca14_th85.root,ok,,1000,1000,1.0,0.0,0.089,0.00900438781928011,0.0445,0.696,0.589,0.589,0.41100000000000003,0.015558888135082147,2937.9095234962433,1972.230284086414,3735.488948080478,0.9793031744987478,0.6574100946954713,1.2451629826934927,0.3000872984501762,0.06841394264166245,0.7131569810003014
WbWb_8000_3000,WbWb,8000,3000,85,140,1.0,1.4,/eos/uscms/store/user/aji/rootfiles_existingOptimization/WbWb_8000_3000_pt140_ak10_ca14_th85.root,ok,,1000,1000,1.0,0.0,0.091,0.009094998625618368,0.0455,0.6845,0.588,0.588,0.41200000000000003,0.01556457516284977,3011.1296408157914,1993.8123054597388,3811.1527081793606,1.0037098802719304,0.6646041018199129,1.2703842360597868,0.30177053456709657,0.06344035498537365,0.7141415225942896
WbWb_8000_3000,WbWb,8000,3000,85,100,1.0,1.0,/eos/uscms/store/user/aji/rootfiles_existingOptimization/WbWb_8000_3000_pt100_ak10_ca10_th85.root,ok,,1000,1000,1.0,0.0,0.052,0.007021111023192838,0.026,0.668,0.598,0.598,0.402,0.015504708962118573,3145.7765149068464,2672.40857842409,4607.284612279023,1.0485921716356155,0.8908028594746967,1.5357615374263411,0.30753552019448355,0.03585103669908754,0.714394737358045
WbWb_8000_3000,WbWb,8000,3000,85,120,0.8,1.4,/eos/uscms/store/user/aji/rootfiles_existingOptimization/WbWb_8000_3000_pt120_ak8_ca14_th85.root,ok,,1000,1000,1.0,0.0,0.101,0.009528850927577786,0.0505,0.707,0.6,0.6,0.4,0.015491933384829668,2911.352663984497,1790.5114868556016,3605.277405948797,0.9704508879948324,0.5968371622852006,1.2017591353162655,0.3116705752523801,0.06942711622860702,0.7146254864528969
WbWb_8000_3000,WbWb,8000,3000,85,160,0.8,1.4,/eos/uscms/store/user/aji/rootfiles_existingOptimization/WbWb_8000_3000_pt160_ak8_ca14_th85.root,ok,,1000,1000,1.0,0.0,0.112,0.00997276290703835,0.056,0.7105,0.602,0.602,0.398,0.015478888849009803,2884.814200716966,1741.2496529067053,3548.6593027432846,0.9616047335723219,0.5804165509689018,1.1828864342477616,0.31326274832316453,0.0696968098115095,0.7151022749659324
WbWb_8000_3000,WbWb,8000,3000,85,200,1.2,1.4,/eos/uscms/store/user/aji/rootfiles_existingOptimization/WbWb_8000_3000_pt200_ak12_ca14_th85.root,ok,,1000,1000,1.0,0.0,0.099,0.009444522221901964,0.0495,0.6835,0.579,0.579,0.42100000000000004,0.015612783224012303,3108.0148419996513,2032.0240812505572,3844.6496287123296,1.0360049473332171,0.6773413604168524,1.281549876237443,0.2916050340183632,0.06643218529867297,0.7162055287516849
WbWb_8000_3000,WbWb,8000,3000,85,240,1.0,1.4,/eos/uscms/store/user/aji/rootfiles_existingOptimization/WbWb_8000_3000_pt240_ak10_ca14_th85.root,ok,,1000,1000,1.0,0.0,0.127,0.010529529904036551,0.064,0.696,0.593,0.593,0.40700000000000003,0.015535475531827148,2972.8058205105804,1735.6625457056987,3575.899255896955,0.9909352735035268,0.5785541819018996,1.1919664186323182,0.3095117577970825,0.07057592713539093,0.7174182304467298
WbWb_8000_3000,WbWb,8000,3000,85,240,1.2,1.4,/eos/uscms/store/user/aji/rootfiles_existingOptimization/WbWb_8000_3000_pt240_ak12_ca14_th85.root,ok,,1000,1000,1.0,0.0,0.107,0.009775019181566858,0.0535,0.692,0.584,0.584,0.41600000000000004,0.015586660963785668,3090.226073887541,1893.8888607335043,3740.726454008036,1.0300753579625137,0.6312962869111681,1.2469088180026786,0.2988191719823249,0.06916851782723268,0.7178267077785763
WbWb_8000_3000,WbWb,8000,3000,85,400,0.6,1.0,/eos/uscms/store/user/aji/rootfiles_existingOptimization/WbWb_8000_3000_pt400_ak6_ca10_th85.root,ok,,1000,1000,1.0,0.0,0.263,0.013922320208930694,0.1365,0.7425,0.624,0.624,0.376,0.015317441039547044,2763.1051168847653,1207.9890422919023,3053.9365436680255,0.9210350389615884,0.40266301409730076,1.017978847889342,0.3340349757408647,0.05752934841715006,0.7179314718447058
WbWb_8000_3000,WbWb,8000,3000,85,320,0.6,1.2,/eos/uscms/store/user/aji/rootfiles_existingOptimization/WbWb_8000_3000_pt320_ak6_ca12_th85.root,ok,,1000,1000,1.0,0.0,0.206,0.0127892142057282,0.105,0.7235,0.598,0.598,0.402,0.015504708962118573,2771.7802731973284,1454.324497758851,3163.729507735892,0.9239267577324428,0.4847748325862837,1.0545765025786307,0.30835867952931073,0.06259741902583402,0.7179660037560665
WbWb_8000_3000,WbWb,8000,3000,85,400,1.4,1.2,/eos/uscms/store/user/aji/rootfiles_existingOptimization/WbWb_8000_3000_pt400_ak14_ca12_th85.root,ok,,1000,1000,1.0,0.0,0.102,0.009570579919733181,0.0535,0.6935,0.594,0.594,0.406,0.015529455882290275,3155.9033617774303,1791.933914136676,3744.69110757578,1.0519677872591435,0.5973113047122254,1.2482303691919265,0.3093816523487105,0.05172435539262407,0.7205784310746248
WbWb_8000_3000,WbWb,8000,3000,85,100,0.6,1.4,/eos/uscms/store/user/aji/rootfiles_existingOptimization/WbWb_8000_3000_pt100_ak6_ca14_th85.root,ok,,1000,1000,1.0,0.0,0.113,0.01001154333756789,0.0565,0.7185,0.597,0.597,0.403,0.01551099609954177,2818.221598241566,1711.6826084028844,3481.9261827151972,0.9394071994138553,0.5705608694676282,1.1606420609050656,0.31407103959050964,0.06987480902445622,0.7231303196491241
WbWb_8000_3000,WbWb,8000,3000,85,260,0.4,1.2,/eos/uscms/store/user/aji/rootfiles_existingOptimization/WbWb_8000_3000_pt260_ak4_ca12_th85.root,ok,,1000,1000,1.0,0.0,0.207,0.012812142677944232,0.105,0.7235,0.597,0.597,0.403,0.01551099609954177,2705.3148872115007,1407.1900519820583,3094.2800339114738,0.9017716290705002,0.4690633506606861,1.031426677970491,0.3118102794437324,0.06580890127234795,0.7246331165366824
WbWb_8000_3000,WbWb,8000,3000,85,360,0.4,1.0,/eos/uscms/store/user/aji/rootfiles_existingOptimization/WbWb_8000_3000_pt360_ak4_ca10_th85.root,ok,,1000,1000,1.0,0.0,0.27,0.014039230748157109,0.1405,0.7375,0.62,0.62,0.38,0.015349267083479915,2685.5720581926907,1183.668319310585,2979.4176536098303,0.8951906860642302,0.3945561064368616,0.9931392178699433,0.3343327409184713,0.06151705026774977,0.7248136723120483
WbWb_8000_3000,WbWb,8000,3000,85,120,0.6,1.4,/eos/uscms/store/user/aji/rootfiles_existingOptimization/WbWb_8000_3000_pt120_ak6_ca14_th85.root,ok,,1000,1000,1.0,0.0,0.116,0.010126401137620413,0.058,0.7145,0.592,0.592,0.40800000000000003,0.015541428505771277,2810.488466083222,1688.3322972431943,3446.9603778774976,0.9368294886944073,0.5627774324143981,1.1489867926258326,0.312868759622625,0.07148630088992974,0.7271858107531843
WbWb_8000_3000,WbWb,8000,3000,85,260,1.0,1.4,/eos/uscms/store/user/aji/rootfiles_existingOptimization/WbWb_8000_3000_pt260_ak10_ca14_th85.root,ok,,1000,1000,1.0,0.0,0.137,0.010873407929439602,0.069,0.692,0.586,0.586,0.41400000000000003,0.015575750383207868,2966.2608779338425,1706.3681121120378,3558.6585809312983,0.9887536259779475,0.5687893707040126,1.1862195269770994,0.31222649406843117,0.07387138956659448,0.7273511314706365
WbWb_8000_3000,WbWb,8000,3000,85,180,0.8,1.4,/eos/uscms/store/user/aji/rootfiles_existingOptimization/WbWb_8000_3000_pt180_ak8_ca14_th85.root,ok,,1000,1000,1.0,0.0,0.121,0.010313049985334114,0.0605,0.707,0.596,0.596,0.404,0.015517216245190372,2882.131133150274,1681.846467495926,3524.0937206781064,0.9607103777167578,0.5606154891653086,1.1746979068927021,0.3195980973926988,0.0716740773775706,0.727527059621023
WbWb_8000_3000,WbWb,8000,3000,85,140,0.6,1.4,/eos/uscms/store/user/aji/rootfiles_existingOptimization/WbWb_8000_3000_pt140_ak6_ca14_th85.root,ok,,1000,1000,1.0,0.0,0.124,0.010422283818818216,0.062,0.714,0.592,0.592,0.40800000000000003,0.015541428505771277,2798.6028832768475,1634.7747345730852,3387.155987702268,0.9328676277589492,0.5449249115243617,1.1290519959007561,0.31308144210109273,0.07102807083537857,0.7277946793251979
WbWb_8000_3000,WbWb,8000,3000,85,400,1.2,1.2,/eos/uscms/store/user/aji/rootfiles_existingOptimization/WbWb_8000_3000_pt400_ak12_ca12_th85.root,ok,,1000,1000,1.0,0.0,0.175,0.012015614840697915,0.091,0.714,0.599,0.599,0.401,0.015498354751392161,3036.2227236426093,1572.549000781685,3556.122869030314,1.012074241214203,0.5241830002605616,1.1853742896767714,0.32665157480095885,0.059231717239911566,0.7288589989223792
WbWb_8000_3000,WbWb,8000,3000,85,260,1.2,1.4,/eos/uscms/store/user/aji/rootfiles_existingOptimization/WbWb_8000_3000_pt260_ak12_ca14_th85.root,ok,,1000,1000,1.0,0.0,0.112,0.00997276290703835,0.0565,0.691,0.582,0.582,0.41800000000000004,0.015597307459943206,3076.0390099640535,1819.6961099319979,3719.3961978702887,1.0253463366546844,0.6065653699773327,1.2397987326234297,0.3087899863728469,0.0698631682323145,0.7293246200383154
WbWb_8000_3000,WbWb,8000,3000,85,200,0.8,1.4,/eos/uscms/store/user/aji/rootfiles_existingOptimization/WbWb_8000_3000_pt200_ak8_ca14_th85.root,ok,,1000,1000,1.0,0.0,0.126,0.010493998284733994,0.0635,0.7045,0.59,0.59,0.41000000000000003,0.01555313473226539,2879.4431626430332,1657.9246944648553,3482.505791636798,0.9598143875476778,0.5526415648216184,1.1608352638789328,0.3168288092717838,0.07196154232198228,0.730847370517016
WbWb_8000_3000,WbWb,8000,3000,85,360,0.8,1.2,/eos/uscms/store/user/aji/rootfiles_existingOptimization/WbWb_8000_3000_pt360_ak8_ca12_th85.root,ok,,1000,1000,1.0,0.0,0.212,0.012925014506761685,0.1095,0.719,0.597,0.597,0.403,0.01551099609954177,2845.4700512891704,1414.986047388814,3256.2422910902083,0.9484900170963902,0.4716620157962713,1.0854140970300694,0.3235416663175199,0.06395617234844579,0.731692664607881
WbWb_8000_3000,WbWb,8000,3000,85,400,1.0,1.2,/eos/uscms/store/user/aji/rootfiles_existingOptimization/WbWb_8000_3000_pt400_ak10_ca12_th85.root,ok,,1000,1000,1.0,0.0,0.219,0.013078187947877183,0.1135,0.717,0.604,0.604,0.396,0.01546557467409472,2929.152034791137,1429.2621074204712,3387.7212076628953,0.9763840115970457,0.4764207024734904,1.1292404025542986,0.3343047880377559,0.061114538458400314,0.7326663868780513
WbWb_8000_3000,WbWb,8000,3000,85,280,1.0,1.4,/eos/uscms/store/user/aji/rootfiles_existingOptimization/WbWb_8000_3000_pt280_ak10_ca14_th85.root,ok,,1000,1000,1.0,0.0,0.145,0.01113440613593738,0.0735,0.688,0.577,0.577,0.42300000000000004,0.015622771841129857,2956.0164054328807,1676.9492284841822,3513.696792350854,0.9853388018109601,0.5589830761613941,1.1712322641169515,0.3106795281127166,0.07512061804699219,0.7351456479316206
WbWb_8000_3000,WbWb,8000,3000,85,140,1.2,1.2,/eos/uscms/store/user/aji/rootfiles_existingOptimization/WbWb_8000_3000_pt140_ak12_ca12_th85.root,ok,,1000,1000,1.0,0.0,0.07,0.008068457101577725,0.035,0.6495,0.566,0.566,0.43400000000000005,0.015673034167001616,3184.162669373306,2620.406710691197,4502.185591927007,1.0613875564577686,0.8734689035637324,1.5007285306423357,0.2954903810875614,0.04765186351122168,0.7356291367333383
WbWb_8000_3000,WbWb,8000,3000,85,180,1.2,1.4,/eos/uscms/store/user/aji/rootfiles_existingOptimization/WbWb_8000_3000_pt180_ak12_ca14_th85.root,ok,,1000,1000,1.0,0.0,0.09,0.009049861877399014,0.045,0.6665,0.564,0.564,0.43600000000000005,0.015681326474504636,3121.876962430113,2093.846697077646,3950.5288402283363,1.040625654143371,0.6979488990258819,1.316842946742779,0.2973663224871975,0.06516081198843623,0.7374288879015347
WbWb_8000_3000,WbWb,8000,3000,85,280,1.2,1.4,/eos/uscms/store/user/aji/rootfiles_existingOptimization/WbWb_8000_3000_pt280_ak12_ca14_th85.root,ok,,1000,1000,1.0,0.0,0.118,0.01020176455325254,0.0595,0.689,0.578,0.578,0.42200000000000004,0.015617810345883958,3069.5633822051154,1783.1308474217337,3713.9001190604395,1.0231877940683718,0.5943769491405779,1.2379667063534798,0.3145022648549577,0.07072915907366926,0.7388210442617948
WbWb_8000_3000,WbWb,8000,3000,85,100,0.4,1.4,/eos/uscms/store/user/aji/rootfiles_existingOptimization/WbWb_8000_3000_pt100_ak4_ca14_th85.root,ok,,1000,1000,1.0,0.0,0.128,0.010564847372300274,0.064,0.7135,0.585,0.585,0.41500000000000004,0.015581238718407468,2732.7754221597206,1610.6113893858262,3339.922365474967,0.9109251407199068,0.5368704631286088,1.1133074551583224,0.3164019556942702,0.07399132119312413,0.7403094416222795
WbWb_8000_3000,WbWb,8000,3000,85,160,0.6,1.4,/eos/uscms/store/user/aji/rootfiles_existingOptimization/WbWb_8000_3000_pt160_ak6_ca14_th85.root,ok,,1000,1000,1.0,0.0,0.133,0.010738295954200556,0.0665,0.7075,0.581,0.581,0.41900000000000004,0.015602531845825537,2793.1982835534054,1604.7183621937884,3371.5076433394725,0.931066094517802,0.5349061207312628,1.1238358811131575,0.3162663552295397,0.07358358317894345,0.7421597457777596
WbWb_8000_3000,WbWb,8000,3000,85,120,0.4,1.4,/eos/uscms/store/user/aji/rootfiles_existingOptimization/WbWb_8000_3000_pt120_ak4_ca14_th85.root,ok,,1000,1000,1.0,0.0,0.135,0.010806248192596726,0.0675,0.7095,0.582,0.582,0.41800000000000004,0.015597307459943206,2723.2106907726497,1593.624955018345,3313.5473226410413,0.9077368969242166,0.5312083183394484,1.1045157742136804,0.31578944175169693,0.07394337301882023,0.7430157520592753
WbWb_8000_3000,WbWb,8000,3000,85,280,0.4,1.2,/eos/uscms/store/user/aji/rootfiles_existingOptimization/WbWb_8000_3000_pt280_ak4_ca12_th85.root,ok,,1000,1000,1.0,0.0,0.223,0.01316324428095141,0.1135,0.7175,0.588,0.588,0.41200000000000003,0.01556457516284977,2698.6199410938625,1344.5043297786895,3083.189020465287,0.8995399803646209,0.44816810992622985,1.0277296734884291,0.32214330447395956,0.06679588646212366,0.7441893064374975
WbWb_8000_3000,WbWb,8000,3000,85,220,0.8,1.4,/eos/uscms/store/user/aji/rootfiles_existingOptimization/WbWb_8000_3000_pt220_ak8_ca14_th85.root,ok,,1000,1000,1.0,0.0,0.134,0.010772372069326236,0.0675,0.699,0.579,0.579,0.42100000000000004,0.015612783224012303,2871.938070476237,1614.7501509730562,3466.132187020068,0.9573126901587456,0.538250050324352,1.155377395673356,0.3223227643867696,0.07265819782857834,0.7475914953708951
WbWb_8000_3000,WbWb,8000,3000,85,120,1.0,1.4,/eos/uscms/store/user/aji/rootfiles_existingOptimization/WbWb_8000_3000_pt120_ak10_ca14_th85.root,ok,,1000,1000,1.0,0.0,0.076,0.008379976133617566,0.038,0.6565,0.559,0.559,0.44099999999999995,0.015700923539715746,3052.599018680389,2196.4001199899967,4057.8465433162055,1.0175330062267962,0.732133373329999,1.3526155144387353,0.30489533868272284,0.061400708291545036,0.7476486393054025
WbWb_8000_3000,WbWb,8000,3000,85,380,0.8,1.2,/eos/uscms/store/user/aji/rootfiles_existingOptimization/WbWb_8000_3000_pt380_ak8_ca12_th85.root,ok,,1000,1000,1.0,0.0,0.225,0.013205112646244258,0.1165,0.7125,0.588,0.588,0.41200000000000003,0.01556457516284977,2842.540914358143,1345.701918268309,3250.0974191330656,0.9475136381193808,0.4485673060894363,1.0833658063776883,0.33498119433309487,0.06552538665630551,0.7522298305211568
WbWb_8000_3000,WbWb,8000,3000,85,180,0.6,1.4,/eos/uscms/store/user/aji/rootfiles_existingOptimization/WbWb_8000_3000_pt180_ak6_ca14_th85.root,ok,,1000,1000,1.0,0.0,0.138,0.01090669519148674,0.0695,0.7025,0.574,0.574,0.42600000000000005,0.015637263187655313,2789.100588999408,1581.5934344974532,3365.336297155153,0.9297001963331359,0.527197811499151,1.1217787657183842,0.31977026387879737,0.07467440797794847,0.7528002442454838
WbWb_8000_3000,WbWb,8000,3000,85,300,1.2,1.4,/eos/uscms/store/user/aji/rootfiles_existingOptimization/WbWb_8000_3000_pt300_ak12_ca14_th85.root,ok,,1000,1000,1.0,0.0,0.13,0.010634848376916336,0.0655,0.684,0.569,0.569,0.43100000000000005,0.015660108556456435,3065.7241356797813,1739.6954192969174,3705.828517538866,1.0219080452265938,0.5798984730989725,1.2352761725129553,0.32066373411741855,0.07404945538906973,0.753854538640078
WbWb_8000_3000,WbWb,8000,3000,85,300,1.0,1.4,/eos/uscms/store/user/aji/rootfiles_existingOptimization/WbWb_8000_3000_pt300_ak10_ca14_th85.root,ok,,1000,1000,1.0,0.0,0.16,0.01159310139695155,0.0815,0.6805,0.564,0.564,0.43600000000000005,0.015681326474504636,2946.3784404619328,1632.1977949332734,3511.6759956430037,0.9821261468206443,0.5440659316444244,1.1705586652143345,0.31894718188595383,0.07991993718300022,0.7567345672038894
WbWb_8000_3000,WbWb,8000,3000,85,160,1.2,1.4,/eos/uscms/store/user/aji/rootfiles_existingOptimization/WbWb_8000_3000_pt160_ak12_ca14_th85.root,ok,,1000,1000,1.0,0.0,0.079,0.008529888627643388,0.0395,0.6485,0.545,0.545,0.45499999999999996,0.015747221977225064,3146.0747870531704,2249.3554188524527,4124.233360593761,1.04869159568439,0.7497851396174842,1.3747444535312536,0.29797097472966433,0.06182471707460861,0.7578401342981034
WbWb_8000_3000,WbWb,8000,3000,85,140,0.4,1.4,/eos/uscms/store/user/aji/rootfiles_existingOptimization/WbWb_8000_3000_pt140_ak4_ca14_th85.root,ok,,1000,1000,1.0,0.0,0.143,0.011070275515993266,0.0715,0.7045,0.572,0.572,0.42800000000000005,0.015646597074124458,2720.5499729359963,1530.4030223338866,3275.9292382364583,0.9068499909786656,0.5101343407779623,1.091976412745486,0.32080392443936856,0.07505605269542483,0.758118925341502
WbWb_8000_3000,WbWb,8000,3000,85,300,0.4,1.2,/eos/uscms/store/user/aji/rootfiles_existingOptimization/WbWb_8000_3000_pt300_ak4_ca12_th85.root,ok,,1000,1000,1.0,0.0,0.237,0.013447341744746431,0.121,0.711,0.579,0.579,0.42100000000000004,0.015612783224012303,2690.593932249085,1292.8393304540934,3062.2095907802604,0.8968646440830284,0.4309464434846978,1.0207365302600868,0.32880663245366404,0.06748308876755241,0.7601201680453613
WbWb_8000_3000,WbWb,8000,3000,85,320,1.0,1.4,/eos/uscms/store/user/aji/rootfiles_existingOptimization/WbWb_8000_3000_pt320_ak10_ca14_th85.root,ok,,1000,1000,1.0,0.0,0.165,0.011737759581794134,0.0845,0.6805,0.562,0.562,0.43799999999999994,0.01568935945155187,2942.8396587880893,1608.4158628745597,3501.5002192099164,0.9809465529293631,0.5361386209581865,1.167166739736639,0.32164245691777876,0.08065344562272585,0.7615478016248425
WbWb_8000_3000,WbWb,8000,3000,85,240,0.8,1.4,/eos/uscms/store/user/aji/rootfiles_existingOptimization/WbWb_8000_3000_pt240_ak8_ca14_th85.root,ok,,1000,1000,1.0,0.0,0.142,0.011037934589405754,0.0715,0.691,0.568,0.568,0.43200000000000005,0.01566448211719749,2866.0564350208124,1598.696194305701,3466.132187020068,0.9553521450069374,0.5328987314352337,1.155377395673356,0.32578493045284473,0.07843021046910159,0.7622497159521511
WbWb_8000_3000,WbWb,8000,3000,85,200,0.6,1.4,/eos/uscms/store/user/aji/rootfiles_existingOptimization/WbWb_8000_3000_pt200_ak6_ca14_th85.root,ok,,1000,1000,1.0,0.0,0.146,0.011166198995181842,0.0735,0.6955,0.561,0.561,0.43899999999999995,0.015693278816104682,2788.5785597143413,1561.553969405546,3351.2735026111413,0.929526186571447,0.5205179898018487,1.117091167537047,0.32090175960273676,0.07477506953075466,0.766949140945592
WbWb_8000_3000,WbWb,8000,3000,85,260,0.8,1.4,/eos/uscms/store/user/aji/rootfiles_existingOptimization/WbWb_8000_3000_pt260_ak8_ca14_th85.root,ok,,1000,1000,1.0,0.0,0.148,0.011229247525992114,0.075,0.6865,0.561,0.561,0.43899999999999995,0.015693278816104682,2861.289474666624,1575.7332339224452,3434.8857401194464,0.9537631582222079,0.5252444113074817,1.1449619133731488,0.32488018473097974,0.08017688082489886,0.7685038689087589
WbWb_8000_3000,WbWb,8000,3000,85,320,1.2,1.4,/eos/uscms/store/user/aji/rootfiles_existingOptimization/WbWb_8000_3000_pt320_ak12_ca14_th85.root,ok,,1000,1000,1.0,0.0,0.14,0.010972693379476163,0.0715,0.6775,0.56,0.56,0.43999999999999995,0.015697133496278867,3057.2926898690434,1683.27272979962,3686.2684446964536,1.019097563289681,0.5610909099332066,1.2287561482321512,0.32757670234422837,0.07614998065040682,0.7694864586731964
WbWb_8000_3000,WbWb,8000,3000,85,380,0.4,1.0,/eos/uscms/store/user/aji/rootfiles_existingOptimization/WbWb_8000_3000_pt380_ak4_ca10_th85.root,ok,,1000,1000,1.0,0.0,0.288,0.014319776534569246,0.1505,0.728,0.605,0.605,0.395,0.015458816254810716,2680.829419092251,1021.7518708724808,2975.2738955502564,0.8936098063640837,0.3405839569574936,0.9917579651834187,0.3643503034481121,0.0636345750928678,0.7699893228117037
WbWb_8000_3000,WbWb,8000,3000,85,340,1.0,1.4,/eos/uscms/store/user/aji/rootfiles_existingOptimization/WbWb_8000_3000_pt340_ak10_ca14_th85.root,ok,,1000,1000,1.0,0.0,0.174,0.011988494484296182,0.089,0.6775,0.555,0.555,0.44499999999999995,0.01571543826942157,2934.522923742558,1578.1270330059147,3475.8829603796107,0.978174307914186,0.526042344335305,1.15862765345987,0.3233499919219208,0.08461584515374213,0.7705325611305022
WbWb_8000_3000,WbWb,8000,3000,85,160,0.4,1.4,/eos/uscms/store/user/aji/rootfiles_existingOptimization/WbWb_8000_3000_pt160_ak4_ca14_th85.root,ok,,1000,1000,1.0,0.0,0.152,0.011353237423748346,0.0765,0.698,0.563,0.563,0.43700000000000006,0.01568537535413163,2716.266194812598,1510.7462995837634,3275.9292382364583,0.9054220649375326,0.5035820998612546,1.091976412745486,0.3249281940819646,0.07550978944008954,0.7713859875882114
WbWb_8000_3000,WbWb,8000,3000,85,100,1.0,1.2,/eos/uscms/store/user/aji/rootfiles_existingOptimization/WbWb_8000_3000_pt100_ak10_ca12_th85.root,ok,,1000,1000,1.0,0.0,0.057,0.007331507348424334,0.0285,0.63,0.548,0.548,0.45199999999999996,0.015738360778683402,3146.420504222725,2613.4343414583695,4624.795541463699,1.0488068347409083,0.8711447804861231,1.541598513821233,0.3196268898746904,0.045458384361503575,0.7765075733487812
WbWb_8000_3000,WbWb,8000,3000,85,340,1.2,1.4,/eos/uscms/store/user/aji/rootfiles_existingOptimization/WbWb_8000_3000_pt340_ak12_ca14_th85.root,ok,,1000,1000,1.0,0.0,0.145,0.01113440613593738,0.0745,0.6745,0.555,0.555,0.44499999999999995,0.01571543826942157,3050.57072748705,1658.3181191149672,3671.663791423889,1.01685690916235,0.5527727063716558,1.2238879304746297,0.32999491769978456,0.07788511539256543,0.7766806086160195
WbWb_8000_3000,WbWb,8000,3000,85,400,0.8,1.2,/eos/uscms/store/user/aji/rootfiles_existingOptimization/WbWb_8000_3000_pt400_ak8_ca12_th85.root,ok,,1000,1000,1.0,0.0,0.24,0.013505554412907307,0.1255,0.703,0.577,0.577,0.42300000000000004,0.015622771841129857,2836.7209663215026,1257.5344225637293,3237.5286468420163,0.9455736554405008,0.41917814085457644,1.0791762156140057,0.34899347658536733,0.06793187556094848,0.7774361110413173
WbWb_8000_3000,WbWb,8000,3000,85,360,0.6,1.2,/eos/uscms/store/user/aji/rootfiles_existingOptimization/WbWb_8000_3000_pt360_ak6_ca12_th85.root,ok,,1000,1000,1.0,0.0,0.241,0.013524755080961725,0.124,0.703,0.572,0.572,0.42800000000000005,0.015646597074124458,2759.5119595790884,1245.8108063606692,3155.3032348937136,0.9198373198596962,0.4152702687868897,1.0517677449645713,0.34598372040110703,0.07135469026476281,0.7819999884151374
WbWb_8000_3000,WbWb,8000,3000,85,220,0.6,1.4,/eos/uscms/store/user/aji/rootfiles_existingOptimization/WbWb_8000_3000_pt220_ak6_ca14_th85.root,ok,,1000,1000,1.0,0.0,0.153,0.011383804285035824,0.077,0.687,0.551,0.551,0.44899999999999995,0.015728922404284407,2783.537878398729,1540.118057754218,3356.454028693709,0.9278459594662432,0.5133726859180726,1.1188180095645697,0.3262639220818444,0.07973514166995543,0.7824793261352201
WbWb_8000_3000,WbWb,8000,3000,85,280,0.8,1.4,/eos/uscms/store/user/aji/rootfiles_existingOptimization/WbWb_8000_3000_pt280_ak8_ca14_th85.root,ok,,1000,1000,1.0,0.0,0.162,0.011651437679531225,0.0825,0.681,0.55,0.55,0.44999999999999996,0.015732132722552274,2853.7504441660876,1525.9465768588361,3428.5972351874466,0.9512501480553626,0.5086488589529454,1.1428657450624822,0.3333596780016614,0.09052813630206472,0.788234663196125
WbWb_8000_3000,WbWb,8000,3000,85,180,0.4,1.4,/eos/uscms/store/user/aji/rootfiles_existingOptimization/WbWb_8000_3000_pt180_ak4_ca14_th85.root,ok,,1000,1000,1.0,0.0,0.162,0.011651437679531225,0.0815,0.686,0.547,0.547,0.45299999999999996,0.015741378592740853,2710.0655581600613,1485.180193274161,3264.0054961767087,0.9033551860533537,0.4950600644247203,1.0880018320589029,0.32818861107371916,0.08211602973287607,0.7908530924683838
WbWb_8000_3000,WbWb,8000,3000,85,360,1.2,1.4,/eos/uscms/store/user/aji/rootfiles_existingOptimization/WbWb_8000_3000_pt360_ak12_ca14_th85.root,ok,,1000,1000,1.0,0.0,0.156,0.011474493452871897,0.08,0.6695,0.547,0.547,0.45299999999999996,0.015741378592740853,3044.7649163275087,1604.7767062886176,3659.735852801868,1.0149216387758362,0.5349255687628726,1.219911950933956,0.337457768166856,0.08252194302924913,0.7919499320444396
WbWb_8000_3000,WbWb,8000,3000,85,360,1.0,1.4,/eos/uscms/store/user/aji/rootfiles_existingOptimization/WbWb_8000_3000_pt360_ak10_ca14_th85.root,ok,,1000,1000,1.0,0.0,0.187,0.012330085157856777,0.096,0.67,0.543,0.543,0.45699999999999996,0.015752809273269323,2929.4159947883436,1517.3544494110513,3468.9007923256013,0.9764719982627813,0.5057848164703505,1.1563002641085338,0.3330947783425947,0.08867695180309113,0.7924475785163165
WbWb_8000_3000,WbWb,8000,3000,85,320,0.4,1.2,/eos/uscms/store/user/aji/rootfiles_existingOptimization/WbWb_8000_3000_pt320_ak4_ca12_th85.root,ok,,1000,1000,1.0,0.0,0.251,0.013711272734505722,0.129,0.7025,0.566,0.566,0.43400000000000005,0.015673034167001616,2687.679260240086,1187.5449717546044,3060.0078672805053,0.8958930867466953,0.3958483239182014,1.020002622426835,0.348341954939712,0.06896695678189874,0.7927526462650425
WbWb_8000_3000,WbWb,8000,3000,85,200,1.4,1.4,/eos/uscms/store/user/aji/rootfiles_existingOptimization/WbWb_8000_3000_pt200_ak14_ca14_th85.root,ok,,1000,1000,1.0,0.0,0.068,0.007960904471226871,0.034,0.6235,0.523,0.523,0.477,0.01579465099329517,3251.7241278606343,2185.5770051523646,4185.654559028745,1.0839080426202115,0.7285256683841216,1.395218186342915,0.3075410882398972,0.07057830510811768,0.7929318925019183
WbWb_8000_3000,WbWb,8000,3000,85,260,1.4,1.4,/eos/uscms/store/user/aji/rootfiles_existingOptimization/WbWb_8000_3000_pt260_ak14_ca14_th85.root,ok,,1000,1000,1.0,0.0,0.078,0.008480330182251162,0.039,0.6445,0.538,0.538,0.46199999999999997,0.015765658882520576,3208.319257176133,1868.878528214956,3951.161228544823,1.0694397523920443,0.6229595094049853,1.3170537428482743,0.324513013421649,0.07395172898203428,0.7934569886608533
WbWb_8000_3000,WbWb,8000,3000,85,240,1.4,1.4,/eos/uscms/store/user/aji/rootfiles_existingOptimization/WbWb_8000_3000_pt240_ak14_ca14_th85.root,ok,,1000,1000,1.0,0.0,0.078,0.008480330182251162,0.039,0.6385,0.535,0.535,0.46499999999999997,0.015772602828956293,3222.6804336692912,1918.1938097913376,3994.3990796919593,1.074226811223097,0.6393979365971125,1.3314663598973198,0.3221239760866839,0.07237683921579598,0.7945466572089936
WbWb_8000_3000,WbWb,8000,3000,85,220,1.4,1.4,/eos/uscms/store/user/aji/rootfiles_existingOptimization/WbWb_8000_3000_pt220_ak14_ca14_th85.root,ok,,1000,1000,1.0,0.0,0.073,0.008226238508577295,0.0365,0.6325,0.532,0.532,0.46799999999999997,0.01577897335063343,3232.911011765833,1994.1231450242515,4056.2788447278645,1.0776370039219443,0.6647077150080838,1.3520929482426214,0.3189317138947868,0.07049188104730134,0.7946954142869812
WbWb_8000_3000,WbWb,8000,3000,85,300,0.8,1.4,/eos/uscms/store/user/aji/rootfiles_existingOptimization/WbWb_8000_3000_pt300_ak8_ca14_th85.root,ok,,1000,1000,1.0,0.0,0.17,0.011878552100319299,0.0875,0.677,0.543,0.543,0.45699999999999996,0.015752809273269323,2846.856692018097,1500.579669686342,3411.5250685049714,0.948952230672699,0.5001932232287806,1.1371750228349904,0.3356237432281825,0.09354290598630106,0.7977285201609126
WbWb_8000_3000,WbWb,8000,3000,85,280,1.4,1.4,/eos/uscms/store/user/aji/rootfiles_existingOptimization/WbWb_8000_3000_pt280_ak14_ca14_th85.root,ok,,1000,1000,1.0,0.0,0.087,0.00891240708226459,0.0435,0.646,0.538,0.538,0.46199999999999997,0.015765658882520576,3196.274673294889,1812.6320946647256,3921.582488677076,1.0654248910982962,0.6042106982215751,1.3071941628923587,0.32990756577223906,0.07678831005728369,0.7984500548820687
WbWb_8000_3000,WbWb,8000,3000,85,240,0.6,1.4,/eos/uscms/store/user/aji/rootfiles_existingOptimization/WbWb_8000_3000_pt240_ak6_ca14_th85.root,ok,,1000,1000,1.0,0.0,0.158,0.011534123287012324,0.0805,0.679,0.537,0.537,0.46299999999999997,0.015768037290671277,2777.706143825013,1505.9155935966558,3343.7026513504347,0.9259020479416711,0.5019718645322186,1.114567550450145,0.33081020140292317,0.0867007616250389,0.8012199966087561
WbWb_8000_3000,WbWb,8000,3000,85,380,0.6,1.2,/eos/uscms/store/user/aji/rootfiles_existingOptimization/WbWb_8000_3000_pt380_ak6_ca12_th85.root,ok,,1000,1000,1.0,0.0,0.253,0.013747399754135324,0.1315,0.699,0.565,0.565,0.43500000000000005,0.015677212762477903,2753.6475025846285,1158.241109048941,3140.0449325300965,0.9178825008615429,0.3860803696829804,1.0466816441766988,0.3598506747179867,0.07358358317894345,0.8030624246318325
WbWb_8000_3000,WbWb,8000,3000,85,160,1.4,1.2,/eos/uscms/store/user/aji/rootfiles_existingOptimization/WbWb_8000_3000_pt160_ak14_ca12_th85.root,ok,,1000,1000,1.0,0.0,0.042,0.0063431853196954605,0.021,0.6075,0.528,0.528,0.472,0.015786576576319513,3316.2587877478786,2725.815468407111,4858.194307787394,1.1054195959159596,0.9086051561357036,1.619398102595798,0.3215036847031491,0.038115049361049674,0.804045644294745
WbWb_8000_3000,WbWb,8000,3000,85,340,0.4,1.2,/eos/uscms/store/user/aji/rootfiles_existingOptimization/WbWb_8000_3000_pt340_ak4_ca12_th85.root,ok,,1000,1000,1.0,0.0,0.261,0.013888088421377507,0.1345,0.697,0.559,0.559,0.44099999999999995,0.015700923539715746,2678.8581456332095,1164.6182472545468,3053.3383598819055,0.8929527152110697,0.3882060824181822,1.0177794532939684,0.3525233532253565,0.07118677955939526,0.8042280817042495
WbWb_8000_3000,WbWb,8000,3000,85,400,0.4,1.0,/eos/uscms/store/user/aji/rootfiles_existingOptimization/WbWb_8000_3000_pt400_ak4_ca10_th85.root,ok,,1000,1000,1.0,0.0,0.301,0.014505137021069467,0.159,0.717,0.59,0.59,0.41000000000000003,0.01555313473226539,2673.037231682959,907.3011606898034,2967.7410915855608,0.8910124105609862,0.3024337202299345,0.9892470305285203,0.38541175305637126,0.06471150632936404,0.8063105120002727
WbWb_8000_3000,WbWb,8000,3000,85,300,1.4,1.4,/eos/uscms/store/user/aji/rootfiles_existingOptimization/WbWb_8000_3000_pt300_ak14_ca14_th85.root,ok,,1000,1000,1.0,0.0,0.096,0.009315793041926168,0.048,0.6455,0.535,0.535,0.46499999999999997,0.015772602828956293,3189.4172989218455,1764.361074647984,3903.374783555585,1.0631390996406151,0.5881203582159946,1.3011249278518615,0.335329859412043,0.07849043827320613,0.8066437693761045
WbWb_8000_3000,WbWb,8000,3000,85,320,0.8,1.4,/eos/uscms/store/user/aji/rootfiles_existingOptimization/WbWb_8000_3000_pt320_ak8_ca14_th85.root,ok,,1000,1000,1.0,0.0,0.179,0.01212266472356635,0.092,0.673,0.536,0.536,0.46399999999999997,0.015770351930125083,2841.6138952902365,1475.1002447545468,3400.4675518687504,0.9472046317634122,0.49170008158484896,1.1334891839562502,0.33878059758670187,0.09697367551410728,0.8080601344103606
WbWb_8000_3000,WbWb,8000,3000,85,200,0.4,1.4,/eos/uscms/store/user/aji/rootfiles_existingOptimization/WbWb_8000_3000_pt200_ak4_ca14_th85.root,ok,,1000,1000,1.0,0.0,0.175,0.012015614840697915,0.0885,0.6765,0.535,0.535,0.46499999999999997,0.015772602828956293,2701.7046934054106,1438.1674828732998,3264.0054961767087,0.900568231135137,0.4793891609577666,1.0880018320589029,0.3379048083530549,0.08440905966632908,0.8128479852395412
WbWb_8000_3000,WbWb,8000,3000,85,380,1.2,1.4,/eos/uscms/store/user/aji/rootfiles_existingOptimization/WbWb_8000_3000_pt380_ak12_ca14_th85.root,ok,,1000,1000,1.0,0.0,0.168,0.011822690049223147,0.086,0.6625,0.534,0.534,0.46599999999999997,0.01577479001445027,3037.9628764526956,1543.507839516739,3659.2397601705966,1.0126542921508985,0.5145026131722463,1.2197465867235322,0.3482155652810858,0.08876895841539892,0.8154809944961756
WbWb_8000_3000,WbWb,8000,3000,85,260,0.6,1.4,/eos/uscms/store/user/aji/rootfiles_existingOptimization/WbWb_8000_3000_pt260_ak6_ca14_th85.root,ok,,1000,1000,1.0,0.0,0.173,0.011961229033840962,0.088,0.6745,0.527,0.527,0.473,0.01578831846651188,2769.172054449941,1448.1497625865622,3326.5325467928155,0.9230573514833136,0.4827165875288541,1.1088441822642718,0.33915963820084283,0.0919753569641178,0.8198539030525114
WbWb_8000_3000,WbWb,8000,3000,85,400,0.6,1.2,/eos/uscms/store/user/aji/rootfiles_existingOptimization/WbWb_8000_3000_pt400_ak6_ca12_th85.root,ok,,1000,1000,1.0,0.0,0.267,0.013989674763910703,0.1385,0.6935,0.554,0.554,0.44599999999999995,0.01571890581433708,2746.4187695360006,1100.2127615232566,3109.018734555816,0.9154729231786669,0.3667375871744189,1.036339578185272,0.3657137060296054,0.07467440797794847,0.8201664137117386
WbWb_8000_3000,WbWb,8000,3000,85,320,1.4,1.4,/eos/uscms/store/user/aji/rootfiles_existingOptimization/WbWb_8000_3000_pt320_ak14_ca14_th85.root,ok,,1000,1000,1.0,0.0,0.103,0.009612023720320296,0.052,0.6405,0.524,0.524,0.476,0.01579316307773715,3180.0265990818266,1708.2449661484734,3891.2326974304146,1.0600088663606089,0.5694149887161578,1.2970775658101381,0.34323419368759966,0.0806925582546988,0.8252350803236606
WbWb_8000_3000,WbWb,8000,3000,85,340,0.8,1.4,/eos/uscms/store/user/aji/rootfiles_existingOptimization/WbWb_8000_3000_pt340_ak8_ca14_th85.root,ok,,1000,1000,1.0,0.0,0.193,0.012480024038438387,0.099,0.669,0.527,0.527,0.473,0.01578831846651188,2838.2535593465773,1414.986047388814,3387.616536064413,0.9460845197821923,0.4716620157962713,1.1292055120214712,0.3475077979167124,0.10003701723888911,0.8258993459384931
WbWb_8000_3000,WbWb,8000,3000,85,380,1.0,1.4,/eos/uscms/store/user/aji/rootfiles_existingOptimization/WbWb_8000_3000_pt380_ak10_ca14_th85.root,ok,,1000,1000,1.0,0.0,0.208,0.0128349522788361,0.1075,0.6605,0.526,0.526,0.474,0.01578999683343857,2920.90640914272,1417.1970618924663,3458.677516268206,0.97363546971424,0.47239902063082206,1.1528925054227355,0.34946009361780794,0.09671348636253038,0.8260965466463839
WbWb_8000_3000,WbWb,8000,3000,85,280,0.6,1.4,/eos/uscms/store/user/aji/rootfiles_existingOptimization/WbWb_8000_3000_pt280_ak6_ca14_th85.root,ok,,1000,1000,1.0,0.0,0.181,0.0121753439376471,0.0925,0.673,0.525,0.525,0.475,0.015791611697353755,2766.6938111564336,1419.2250617991,3325.788776079952,0.9222312703854778,0.4730750205997,1.1085962586933173,0.34455632686797727,0.0919753569641178,0.8273331998294295
WbWb_8000_3000,WbWb,8000,3000,85,340,1.4,1.4,/eos/uscms/store/user/aji/rootfiles_existingOptimization/WbWb_8000_3000_pt340_ak14_ca14_th85.root,ok,,1000,1000,1.0,0.0,0.11,0.009894442884771228,0.056,0.6365,0.521,0.521,0.479,0.015797436500901024,3166.161072278557,1682.797038922009,3870.6609181349036,1.0553870240928525,0.5609323463073362,1.2902203060449677,0.3455073556378447,0.08245632444574785,0.8300460580471298
WbWb_8000_3000,WbWb,8000,3000,85,160,1.0,1.6,/eos/uscms/store/user/aji/rootfiles_existingOptimization/WbWb_8000_3000_pt160_ak10_ca16_th85.root,ok,,1000,1000,1.0,0.0,0.103,0.009612023720320296,0.0515,0.636,0.52,0.52,0.48,0.0157987341265052,2977.1040723172573,1723.5541793620202,3810.41584754306,0.9923680241057523,0.57451805978734,1.2701386158476866,0.3504851724173538,0.11897912226283403,0.8312483700067785
WbWb_8000_3000,WbWb,8000,3000,85,360,0.4,1.2,/eos/uscms/store/user/aji/rootfiles_existingOptimization/WbWb_8000_3000_pt360_ak4_ca12_th85.root,ok,,1000,1000,1.0,0.0,0.274,0.014104041973845655,0.1425,0.692,0.552,0.552,0.44799999999999995,0.015725647840391186,2670.0201103098693,1058.7395968158673,3047.0769608915593,0.8900067034366231,0.35291319893862244,1.0156923202971866,0.37234501650344043,0.07373526284929521,0.831344346159778
WbWb_8000_3000,WbWb,8000,3000,85,200,1.0,1.6,/eos/uscms/store/user/aji/rootfiles_existingOptimization/WbWb_8000_3000_pt200_ak10_ca16_th85.root,ok,,1000,1000,1.0,0.0,0.116,0.010126401137620413,0.058,0.636,0.517,0.517,0.483,0.01580224667571039,2962.844690183101,1680.8325006068046,3748.044833987639,0.9876148967277003,0.5602775002022682,1.2493482779958796,0.3488560065652787,0.13758959156577633,0.8330945168925087
WbWb_8000_3000,WbWb,8000,3000,85,180,1.4,1.4,/eos/uscms/store/user/aji/rootfiles_existingOptimization/WbWb_8000_3000_pt180_ak14_ca14_th85.root,ok,,1000,1000,1.0,0.0,0.063,0.007683163410991596,0.0315,0.5945,0.494,0.494,0.506,0.015810249839898167,3274.926716508823,2305.88185977965,4388.657379270018,1.0916422388362743,0.7686272865932166,1.462885793090006,0.3179881108470534,0.06658787130475874,0.8331523347306808
WbWb_8000_3000,WbWb,8000,3000,85,220,1.2,1.6,/eos/uscms/store/user/aji/rootfiles_existingOptimization/WbWb_8000_3000_pt220_ak12_ca16_th85.root,ok,,1000,1000,1.0,0.0,0.104,0.009653186002558949,0.052,0.635,0.513,0.513,0.487,0.015806043148112688,3074.099282600754,1768.3615988251456,3888.5279756078376,1.024699760866918,0.5894538662750485,1.2961759918692792,0.3448435105500214,0.12258929150560792,0.8343134866367132
WbWb_8000_3000,WbWb,8000,3000,85,400,1.2,1.4,/eos/uscms/store/user/aji/rootfiles_existingOptimization/WbWb_8000_3000_pt400_ak12_ca14_th85.root,ok,,1000,1000,1.0,0.0,0.18,0.012149074038789953,0.0935,0.6575,0.525,0.525,0.475,0.015791611697353755,3030.892165036187,1479.440291420424,3652.871650614114,1.0102973883453958,0.49314676380680805,1.217623883538038,0.3585464676483698,0.09021109934909216,0.8345762064829094
WbWb_8000_3000,WbWb,8000,3000,85,220,0.4,1.4,/eos/uscms/store/user/aji/rootfiles_existingOptimization/WbWb_8000_3000_pt220_ak4_ca14_th85.root,ok,,1000,1000,1.0,0.0,0.186,0.012304633273690036,0.094,0.6675,0.517,0.517,0.483,0.01580224667571039,2694.918722677957,1403.0125176765869,3248.360246557651,0.8983062408926522,0.467670839225529,1.0827867488525504,0.3423753958426122,0.09296081072473397,0.835544771753347
WbWb_8000_3000,WbWb,8000,3000,85,120,0.8,1.6,/eos/uscms/store/user/aji/rootfiles_existingOptimization/WbWb_8000_3000_pt120_ak8_ca16_th85.root,ok,,1000,1000,1.0,0.0,0.106,0.009734680272099337,0.053,0.6475,0.519,0.519,0.481,0.01579996835439869,2892.277515726221,1666.7792652404848,3706.3411634893164,0.9640925052420737,0.555593088413495,1.2354470544964387,0.352587517476987,0.11919398841797327,0.8371782669527796
WbWb_8000_3000,WbWb,8000,3000,85,220,1.0,1.6,/eos/uscms/store/user/aji/rootfiles_existingOptimization/WbWb_8000_3000_pt220_ak10_ca16_th85.root,ok,,1000,1000,1.0,0.0,0.122,0.010349685985574635,0.061,0.633,0.511,0.511,0.489,0.015807561481771943,2958.7317369449324,1666.424658969443,3722.9734850579403,0.9862439123149775,0.5554748863231477,1.2409911616859801,0.347538913448775,0.14215658110160115,0.8379145222172772
WbWb_8000_3000,WbWb,8000,3000,85,180,1.0,1.6,/eos/uscms/store/user/aji/rootfiles_existingOptimization/WbWb_8000_3000_pt180_ak10_ca16_th85.root,ok,,1000,1000,1.0,0.0,0.112,0.00997276290703835,0.056,0.6335,0.514,0.514,0.486,0.015805189021330938,2966.872805741582,1695.9442458842316,3785.539879584584,0.9889576019138606,0.5653147486280772,1.2618466265281947,0.3521545698987338,0.12934599902434987,0.8392588097073477
WbWb_8000_3000,WbWb,8000,3000,85,240,1.2,1.6,/eos/uscms/store/user/aji/rootfiles_existingOptimization/WbWb_8000_3000_pt240_ak12_ca16_th85.root,ok,,1000,1000,1.0,0.0,0.109,0.00985489725973843,0.0545,0.6345,0.509,0.509,0.491,0.015808826648426505,3067.575635360189,1737.92966267914,3864.5343784761953,1.0225252117867298,0.5793098875597134,1.288178126158732,0.34662628873490736,0.1316244072745871,0.8398788099135803
WbWb_8000_3000,WbWb,8000,3000,85,140,0.8,1.6,/eos/uscms/store/user/aji/rootfiles_existingOptimization/WbWb_8000_3000_pt140_ak8_ca16_th85.root,ok,,1000,1000,1.0,0.0,0.111,0.00993373041711924,0.0555,0.6485,0.52,0.52,0.48,0.0157987341265052,2880.5490878839246,1634.1626765855976,3686.9650993101127,0.9601830292946414,0.5447208921951991,1.228988366436704,0.3563213748654637,0.12875539923535523,0.8403030719359996
WbWb_8000_3000,WbWb,8000,3000,85,260,1.2,1.6,/eos/uscms/store/user/aji/rootfiles_existingOptimization/WbWb_8000_3000_pt260_ak12_ca16_th85.root,ok,,1000,1000,1.0,0.0,0.114,0.010050074626588601,0.0575,0.6335,0.508,0.508,0.492,0.015809364313595912,3059.717322953369,1720.98740044137,3846.8020634596473,1.0199057743177895,0.5736624668137901,1.2822673544865493,0.347387428091944,0.13348822604753902,0.841378005523723
WbWb_8000_3000,WbWb,8000,3000,85,160,0.8,1.6,/eos/uscms/store/user/aji/rootfiles_existingOptimization/WbWb_8000_3000_pt160_ak8_ca16_th85.root,ok,,1000,1000,1.0,0.0,0.118,0.01020176455325254,0.059,0.6485,0.518,0.518,0.482,0.01580113919943749,2864.147310313814,1604.5764829860775,3640.7081345375245,0.9547157701046046,0.5348588276620259,1.213569378179175,0.35545162852122225,0.13313588030387297,0.8419800515107618
WbWb_8000_3000,WbWb,8000,3000,85,400,1.0,1.4,/eos/uscms/store/user/aji/rootfiles_existingOptimization/WbWb_8000_3000_pt400_ak10_ca14_th85.root,ok,,1000,1000,1.0,0.0,0.221,0.013120937466507492,0.1145,0.6545,0.518,0.518,0.482,0.01580113919943749,2918.1809879474995,1364.4478632064372,3452.6993086202715,0.9727269959825,0.4548159544021457,1.1508997695400904,0.35780019368891236,0.10130397256674512,0.8425274940906624
WbWb_8000_3000,WbWb,8000,3000,85,140,1.2,1.4,/eos/uscms/store/user/aji/rootfiles_existingOptimization/WbWb_8000_3000_pt140_ak12_ca14_th85.root,ok,,1000,1000,1.0,0.0,0.073,0.008226238508577295,0.0365,0.6035,0.507,0.507,0.493,0.015809838708854686,3204.0692037238796,2374.3234143053305,4573.350397439566,1.0680230679079599,0.7914411381017769,1.5244501324798554,0.34316159285486886,0.05822492577113236,0.8429638996456648
WbWb_8000_3000,WbWb,8000,3000,85,280,1.6,1.4,/eos/uscms/store/user/aji/rootfiles_existingOptimization/WbWb_8000_3000_pt280_ak16_ca14_th85.root,ok,,1000,1000,1.0,0.0,0.033,0.005648982209212559,0.0165,0.601,0.487,0.487,0.513,0.015806043148112688,3344.220893415934,1983.220174005661,4120.506830792156,1.1147402978053114,0.6610733913352204,1.3735022769307186,0.3195492649714559,0.06626755920786777,0.844023294751987
WbWb_8000_3000,WbWb,8000,3000,85,360,1.4,1.4,/eos/uscms/store/user/aji/rootfiles_existingOptimization/WbWb_8000_3000_pt360_ak14_ca14_th85.root,ok,,1000,1000,1.0,0.0,0.117,0.010164201887015036,0.06,0.631,0.514,0.514,0.486,0.015805189021330938,3164.1494303301465,1636.7461504832454,3868.011667429106,1.0547164767767154,0.5455820501610817,1.2893372224763688,0.3525853576253274,0.08510460418155895,0.844057005302999
WbWb_8000_3000,WbWb,8000,3000,85,180,0.8,1.6,/eos/uscms/store/user/aji/rootfiles_existingOptimization/WbWb_8000_3000_pt180_ak8_ca16_th85.root,ok,,1000,1000,1.0,0.0,0.126,0.010493998284733994,0.063,0.6455,0.512,0.512,0.488,0.01580683396509244,2861.8545964247833,1593.7009883413552,3612.579221753967,0.9539515321415946,0.5312336627804518,1.204193073917989,0.35272201388825386,0.13460226966633076,0.8453268606740945
WbWb_8000_3000,WbWb,8000,3000,85,200,1.2,1.6,/eos/uscms/store/user/aji/rootfiles_existingOptimization/WbWb_8000_3000_pt200_ak12_ca16_th85.root,ok,,1000,1000,1.0,0.0,0.101,0.009528850927577786,0.0505,0.6265,0.504,0.504,0.496,0.01581088232832058,3090.226073887541,1809.6784085204017,3950.5288402283363,1.0300753579625137,0.6032261361734672,1.316842946742779,0.34639058446211346,0.11757166773712324,0.8453981202583648
WbWb_8000_3000,WbWb,8000,3000,85,300,0.6,1.4,/eos/uscms/store/user/aji/rootfiles_existingOptimization/WbWb_8000_3000_pt300_ak6_ca14_th85.root,ok,,1000,1000,1.0,0.0,0.196,0.012553246592017541,0.1,0.667,0.514,0.514,0.486,0.015805189021330938,2754.6747992122264,1373.86290615291,3317.1470185278986,0.918224933070742,0.45795430205096993,1.105715672842633,0.35272477769984384,0.10256659980951754,0.8469022843927696
WbWb_8000_3000,WbWb,8000,3000,85,300,1.6,1.4,/eos/uscms/store/user/aji/rootfiles_existingOptimization/WbWb_8000_3000_pt300_ak16_ca14_th85.root,ok,,1000,1000,1.0,0.0,0.041,0.006270486424512854,0.0205,0.6035,0.486,0.486,0.514,0.015805189021330938,3330.836959641965,1933.7759824933635,4080.2709311461367,1.1102789865473217,0.6445919941644546,1.3600903103820456,0.3222155534270735,0.068770725534539,0.8472434520818057
WbWb_8000_3000,WbWb,8000,3000,85,240,1.0,1.6,/eos/uscms/store/user/aji/rootfiles_existingOptimization/WbWb_8000_3000_pt240_ak10_ca16_th85.root,ok,,1000,1000,1.0,0.0,0.129,0.010599952830083727,0.065,0.629,0.504,0.504,0.496,0.01581088232832058,2947.5084354221367,1647.3327815537848,3714.2304988491956,0.9825028118073789,0.549110927184595,1.238076832949732,0.3506177781301912,0.15240633579942642,0.8483674969494532
WbWb_8000_3000,WbWb,8000,3000,85,280,1.2,1.6,/eos/uscms/store/user/aji/rootfiles_existingOptimization/WbWb_8000_3000_pt280_ak12_ca16_th85.root,ok,,1000,1000,1.0,0.0,0.121,0.010313049985334114,0.061,0.631,0.503,0.503,0.497,0.01581110369329099,3053.4350263458964,1697.2135157618993,3842.889580289544,1.0178116754486322,0.5657378385872999,1.2809631934298478,0.351354465710609,0.13777612138978912,0.8501356332554723
WbWb_8000_3000,WbWb,8000,3000,85,100,0.8,1.6,/eos/uscms/store/user/aji/rootfiles_existingOptimization/WbWb_8000_3000_pt100_ak8_ca16_th85.root,ok,,1000,1000,1.0,0.0,0.095,0.00927227048785787,0.0475,0.6395,0.509,0.509,0.491,0.015808826648426505,2923.4820969548473,1745.9466875034063,3832.6667933892186,0.9744940323182825,0.5819822291678021,1.2775555977964062,0.3568894962721643,0.1111169552360255,0.8504400930403361
WbWb_8000_3000,WbWb,8000,3000,85,120,1.2,1.0,/eos/uscms/store/user/aji/rootfiles_existingOptimization/WbWb_8000_3000_pt120_ak12_ca10_th85.root,ok,,1000,1000,1.0,0.0,0.044,0.006485676526007136,0.022,0.6075,0.547,0.547,0.45299999999999996,0.015741378592740853,3284.9385900730513,2795.7865498867163,5348.802117973741,1.0949795300243506,0.9319288499622388,1.78293403932458,0.38859410885216106,0.02269204639122532,0.8510920618545961
WbWb_8000_3000,WbWb,8000,3000,85,240,1.6,1.4,/eos/uscms/store/user/aji/rootfiles_existingOptimization/WbWb_8000_3000_pt240_ak16_ca14_th85.root,ok,,1000,1000,1.0,0.0,0.03,0.005394441583704471,0.015,0.5845,0.48,0.48,0.52,0.0157987341265052,3379.247530628616,2141.8525256891257,4294.984507446837,1.1264158435428722,0.7139508418963751,1.431661502482279,0.3185815721166156,0.05967303267771812,0.8512231564709027
WbWb_8000_3000,WbWb,8000,3000,85,260,1.6,1.4,/eos/uscms/store/user/aji/rootfiles_existingOptimization/WbWb_8000_3000_pt260_ak16_ca14_th85.root,ok,,1000,1000,1.0,0.0,0.031,0.0054807846153630225,0.0155,0.592,0.481,0.481,0.519,0.01579996835439869,3358.099285583981,2043.8966999428133,4203.476567423725,1.1193664285279936,0.6812988999809377,1.4011588558079084,0.3215479477857898,0.06378311943624305,0.8524845906385892
WbWb_8000_3000,WbWb,8000,3000,85,200,0.8,1.6,/eos/uscms/store/user/aji/rootfiles_existingOptimization/WbWb_8000_3000_pt200_ak8_ca16_th85.root,ok,,1000,1000,1.0,0.0,0.131,0.010669536072388528,0.066,0.6425,0.505,0.505,0.495,0.01581059771166163,2859.5172980739235,1575.5051073170118,3596.397659207867,0.9531724326913078,0.5251683691056707,1.1987992197359558,0.35336253311914956,0.14497920024891064,0.8530452898500187
WbWb_8000_3000,WbWb,8000,3000,85,140,1.0,1.6,/eos/uscms/store/user/aji/rootfiles_existingOptimization/WbWb_8000_3000_pt140_ak10_ca16_th85.root,ok,,1000,1000,1.0,0.0,0.094,0.009228434320078352,0.047,0.623,0.505,0.505,0.495,0.01581059771166163,2990.9511100064688,1776.9699609094475,3919.4087320973013,0.9969837033354896,0.5923233203031492,1.3064695773657673,0.35815342551407015,0.11439244789399264,0.8534550551805211
WbWb_8000_3000,WbWb,8000,3000,85,380,1.4,1.4,/eos/uscms/store/user/aji/rootfiles_existingOptimization/WbWb_8000_3000_pt380_ak14_ca14_th85.root,ok,,1000,1000,1.0,0.0,0.123,0.010386096475577337,0.063,0.6275,0.507,0.507,0.493,0.015809838708854686,3157.258810510422,1602.9720304429472,3852.161391341202,1.0524196035034739,0.5343240101476491,1.284053797113734,0.35619337784580246,0.0873946644398257,0.8544353381961498
WbWb_8000_3000,WbWb,8000,3000,85,320,1.6,1.4,/eos/uscms/store/user/aji/rootfiles_existingOptimization/WbWb_8000_3000_pt320_ak16_ca14_th85.root,ok,,1000,1000,1.0,0.0,0.044,0.006485676526007136,0.022,0.6025,0.483,0.483,0.517,0.01580224667571039,3312.48336527851,1902.2919645537,4071.5316227257053,1.1041611217595033,0.6340973215179,1.3571772075752353,0.3274340455426889,0.07286956308512232,0.8548501577186391
WbWb_8000_3000,WbWb,8000,3000,85,240,0.4,1.4,/eos/uscms/store/user/aji/rootfiles_existingOptimization/WbWb_8000_3000_pt240_ak4_ca14_th85.root,ok,,1000,1000,1.0,0.0,0.197,0.012577400367325514,0.1,0.6625,0.508,0.508,0.492,0.015809364313595912,2689.262668991586,1344.5043297786895,3243.3370732714557,0.896420889663862,0.44816810992622985,1.081112357757152,0.3530396575587737,0.0996338248898116,0.8553975685923876
WbWb_8000_3000,WbWb,8000,3000,85,100,0.6,1.6,/eos/uscms/store/user/aji/rootfiles_existingOptimization/WbWb_8000_3000_pt100_ak6_ca16_th85.root,ok,,1000,1000,1.0,0.0,0.119,0.010239091756596383,0.0595,0.6535,0.507,0.507,0.493,0.015809838708854686,2804.5479932685353,1583.3537900238018,3584.796258315879,0.9348493310895117,0.5277845966746006,1.194932086105293,0.3568208625946019,0.12890859545807898,0.8563359294856507
WbWb_8000_3000,WbWb,8000,3000,85,260,1.0,1.6,/eos/uscms/store/user/aji/rootfiles_existingOptimization/WbWb_8000_3000_pt260_ak10_ca16_th85.root,ok,,1000,1000,1.0,0.0,0.139,0.010939789760319894,0.07,0.625,0.497,0.497,0.503,0.01581110369329099,2935.8747585257156,1612.2228298031223,3683.513730066919,0.9786249195085719,0.5374076099343742,1.2278379100223065,0.35275532347706823,0.15883429244122085,0.8578928315262111
WbWb_8000_3000,WbWb,8000,3000,85,320,0.6,1.4,/eos/uscms/store/user/aji/rootfiles_existingOptimization/WbWb_8000_3000_pt320_ak6_ca14_th85.root,ok,,1000,1000,1.0,0.0,0.21,0.01288021738946979,0.107,0.663,0.506,0.506,0.494,0.015810249839898167,2750.578062522158,1343.3088952464552,3299.8407190074854,0.9168593541740525,0.44776963174881845,1.0999469063358285,0.35565829787193487,0.10651051237699682,0.8579723624545297
WbWb_8000_3000,WbWb,8000,3000,85,360,0.8,1.4,/eos/uscms/store/user/aji/rootfiles_existingOptimization/WbWb_8000_3000_pt360_ak8_ca14_th85.root,ok,,1000,1000,1.0,0.0,0.214,0.012969348480166612,0.1105,0.6585,0.509,0.509,0.491,0.015808826648426505,2829.2519369611464,1335.1300029129561,3385.9221265017923,0.9430839789870489,0.4450433343043187,1.1286407088339308,0.3624265652693267,0.11568033769144304,0.8591181673706219
WbWb_8000_3000,WbWb,8000,3000,85,340,1.6,1.4,/eos/uscms/store/user/aji/rootfiles_existingOptimization/WbWb_8000_3000_pt340_ak16_ca14_th85.root,ok,,1000,1000,1.0,0.0,0.048,0.006759881655768835,0.0245,0.601,0.48,0.48,0.52,0.0157987341265052,3301.1068447575417,1883.6778917334395,4061.971821707258,1.1003689482525139,0.6278926305778131,1.3539906072357528,0.3299338725484073,0.07298990285979996,0.8599707673736587
WbWb_8000_3000,WbWb,8000,3000,85,120,0.6,1.6,/eos/uscms/store/user/aji/rootfiles_existingOptimization/WbWb_8000_3000_pt120_ak6_ca16_th85.root,ok,,1000,1000,1.0,0.0,0.123,0.010386096475577337,0.0615,0.649,0.501,0.501,0.499,0.015811356678033673,2791.8087431128515,1575.281254890479,3565.6339889174938,0.9306029143709504,0.5250937516301596,1.1885446629724978,0.35646294520300525,0.1365068819544723,0.8624026537659102
WbWb_8000_3000,WbWb,8000,3000,85,380,0.4,1.2,/eos/uscms/store/user/aji/rootfiles_existingOptimization/WbWb_8000_3000_pt380_ak4_ca12_th85.root,ok,,1000,1000,1.0,0.0,0.292,0.014378317008607092,0.1525,0.6835,0.538,0.538,0.46199999999999997,0.015765658882520576,2664.638027253086,948.8494775034337,3023.5488202586494,0.8882126757510286,0.31628315916781125,1.007849606752883,0.38930228450090376,0.07741594518429916,0.8624810169258008
WbWb_8000_3000,WbWb,8000,3000,85,220,1.6,1.4,/eos/uscms/store/user/aji/rootfiles_existingOptimization/WbWb_8000_3000_pt220_ak16_ca14_th85.root,ok,,1000,1000,1.0,0.0,0.029,0.005306505441436953,0.0145,0.5695,0.472,0.472,0.528,0.015786576576319513,3404.3011776214103,2297.0886623145384,4490.117998590486,1.1347670592071366,0.7656962207715128,1.4967059995301621,0.3220968448226753,0.05630842080561846,0.863573550743389
WbWb_8000_3000,WbWb,8000,3000,85,140,0.6,1.6,/eos/uscms/store/user/aji/rootfiles_existingOptimization/WbWb_8000_3000_pt140_ak6_ca16_th85.root,ok,,1000,1000,1.0,0.0,0.13,0.010634848376916336,0.065,0.647,0.498,0.498,0.502,0.01581126180922952,2778.13831198468,1555.64681052803,3532.700202583964,0.9260461039948934,0.5185489368426767,1.1775667341946545,0.35582342742387474,0.1431729336270181,0.8652188170243854
WbWb_8000_3000,WbWb,8000,3000,85,300,1.2,1.6,/eos/uscms/store/user/aji/rootfiles_existingOptimization/WbWb_8000_3000_pt300_ak12_ca16_th85.root,ok,,1000,1000,1.0,0.0,0.134,0.010772372069326236,0.0675,0.6245,0.492,0.492,0.508,0.015809364313595912,3044.8905262238386,1658.21999907552,3832.649628042713,1.0149635087412796,0.5527399996918401,1.2775498760142376,0.35706203724569374,0.151959839385233,0.8665583881198217
WbWb_8000_3000,WbWb,8000,3000,85,180,1.2,1.6,/eos/uscms/store/user/aji/rootfiles_existingOptimization/WbWb_8000_3000_pt180_ak12_ca16_th85.root,ok,,1000,1000,1.0,0.0,0.092,0.00913980306133562,0.046,0.61,0.49,0.49,0.51,0.0158082257068907,3105.183844301163,1846.3066549083226,4044.5100761781673,1.035061281433721,0.6154355516361075,1.3481700253927222,0.3539570491621826,0.1132529039708666,0.8674631773055548
WbWb_8000_3000,WbWb,8000,3000,85,400,1.4,1.4,/eos/uscms/store/user/aji/rootfiles_existingOptimization/WbWb_8000_3000_pt400_ak14_ca14_th85.root,ok,,1000,1000,1.0,0.0,0.133,0.010738295954200556,0.069,0.622,0.501,0.501,0.499,0.015811356678033673,3154.7325086503183,1552.4518252471241,3847.688250986309,1.0515775028834393,0.5174839417490413,1.2825627503287695,0.3637767099818473,0.08842566658171824,0.8679344602701913
WbWb_8000_3000,WbWb,8000,3000,85,280,1.0,1.6,/eos/uscms/store/user/aji/rootfiles_existingOptimization/WbWb_8000_3000_pt280_ak10_ca16_th85.root,ok,,1000,1000,1.0,0.0,0.148,0.011229247525992114,0.075,0.6195,0.487,0.487,0.513,0.015806043148112688,2925.3314789762935,1588.646069389022,3663.406247026119,0.9751104929920977,0.5295486897963406,1.2211354156753729,0.3546196717445419,0.16887017106309948,0.8701086224453322
WbWb_8000_3000,WbWb,8000,3000,85,260,0.4,1.4,/eos/uscms/store/user/aji/rootfiles_existingOptimization/WbWb_8000_3000_pt260_ak4_ca14_th85.root,ok,,1000,1000,1.0,0.0,0.214,0.012969348480166612,0.1085,0.6575,0.498,0.498,0.502,0.01581126180922952,2681.7210777941627,1306.2881564331728,3223.95515398991,0.8939070259313877,0.4354293854777243,1.0746517179966366,0.3575440811939519,0.11025923949259309,0.8701533786008131
WbWb_8000_3000,WbWb,8000,3000,85,220,0.8,1.6,/eos/uscms/store/user/aji/rootfiles_existingOptimization/WbWb_8000_3000_pt220_ak8_ca16_th85.root,ok,,1000,1000,1.0,0.0,0.139,0.010939789760319894,0.07,0.636,0.493,0.493,0.507,0.015809838708854686,2854.7971220570034,1541.5474459255443,3591.245968773859,0.9515990406856678,0.513849148641848,1.1970819895912865,0.3589919765246611,0.15425429966032533,0.8708320724560943
WbWb_8000_3000,WbWb,8000,3000,85,160,0.6,1.6,/eos/uscms/store/user/aji/rootfiles_existingOptimization/WbWb_8000_3000_pt160_ak6_ca16_th85.root,ok,,1000,1000,1.0,0.0,0.138,0.01090669519148674,0.069,0.641,0.489,0.489,0.511,0.015807561481771943,2773.329473922177,1537.6737708137482,3512.632432890529,0.924443157974059,0.5125579236045827,1.1708774776301762,0.3560627542900084,0.14417017907588575,0.8746184384926026
WbWb_8000_3000,WbWb,8000,3000,85,360,1.6,1.4,/eos/uscms/store/user/aji/rootfiles_existingOptimization/WbWb_8000_3000_pt360_ak16_ca14_th85.root,ok,,1000,1000,1.0,0.0,0.054,0.007147307185227175,0.0275,0.5945,0.473,0.473,0.527,0.01578831846651188,3289.5666802103115,1832.3826473576628,4056.4835553255525,1.0965222267367705,0.6107942157858877,1.3521611851085176,0.33805378096571925,0.0754543371487568,0.8747060036393963
WbWb_8000_3000,WbWb,8000,3000,85,380,0.8,1.4,/eos/uscms/store/user/aji/rootfiles_existingOptimization/WbWb_8000_3000_pt380_ak8_ca14_th85.root,ok,,1000,1000,1.0,0.0,0.227,0.013246546719805883,0.1175,0.6515,0.5,0.5,0.5,0.015811388300841896,2823.8711915809445,1280.5305430709377,3380.011525083636,0.9412903971936482,0.4268435143569792,1.126670508361212,0.37173809277704767,0.1254943106455318,0.8776090530576828
WbWb_8000_3000,WbWb,8000,3000,85,320,1.2,1.6,/eos/uscms/store/user/aji/rootfiles_existingOptimization/WbWb_8000_3000_pt320_ak12_ca16_th85.root,ok,,1000,1000,1.0,0.0,0.145,0.01113440613593738,0.074,0.619,0.484,0.484,0.516,0.015803290796539814,3034.6940519262243,1618.073775801399,3817.304659502306,1.0115646839754082,0.5393579252671329,1.2724348865007686,0.3623480400445936,0.17080259418297927,0.8795045084421345
WbWb_8000_3000,WbWb,8000,3000,85,380,1.6,1.4,/eos/uscms/store/user/aji/rootfiles_existingOptimization/WbWb_8000_3000_pt380_ak16_ca14_th85.root,ok,,1000,1000,1.0,0.0,0.055,0.00720936890441875,0.028,0.594,0.469,0.469,0.531,0.01578096955196353,3275.0384538092667,1809.4001757051544,4047.0528118038987,1.0916794846030888,0.6031333919017181,1.3490176039346329,0.3416223454561401,0.07801344737062688,0.881790293916449
WbWb_8000_3000,WbWb,8000,3000,85,340,0.6,1.4,/eos/uscms/store/user/aji/rootfiles_existingOptimization/WbWb_8000_3000_pt340_ak6_ca14_th85.root,ok,,1000,1000,1.0,0.0,0.227,0.013246546719805883,0.116,0.655,0.492,0.492,0.508,0.015809364313595912,2743.3700008751953,1294.1277912532244,3299.8407190074854,0.9144566669583984,0.4313759304177414,1.0999469063358285,0.36555640090735025,0.11848008160815693,0.8821107342115104
WbWb_8000_3000,WbWb,8000,3000,85,180,0.6,1.6,/eos/uscms/store/user/aji/rootfiles_existingOptimization/WbWb_8000_3000_pt180_ak6_ca16_th85.root,ok,,1000,1000,1.0,0.0,0.143,0.011070275515993266,0.072,0.638,0.484,0.484,0.516,0.015803290796539814,2768.3145855358316,1515.7369185445245,3501.8365296127604,0.9227715285119439,0.5052456395148415,1.1672788432042533,0.3587199990646671,0.14828001846384703,0.8824428462134727
WbWb_8000_3000,WbWb,8000,3000,85,100,0.4,1.6,/eos/uscms/store/user/aji/rootfiles_existingOptimization/WbWb_8000_3000_pt100_ak4_ca16_th85.root,ok,,1000,1000,1.0,0.0,0.134,0.010772372069326236,0.067,0.649,0.489,0.489,0.511,0.015807561481771943,2712.9982903217788,1507.8589355325635,3473.6997871634076,0.904332763440593,0.5026196451775212,1.1578999290544694,0.3623004221277418,0.14977446722668686,0.8828671457836825
WbWb_8000_3000,WbWb,8000,3000,85,240,0.8,1.6,/eos/uscms/store/user/aji/rootfiles_existingOptimization/WbWb_8000_3000_pt240_ak8_ca16_th85.root,ok,,1000,1000,1.0,0.0,0.147,0.011197812286335219,0.074,0.6295,0.484,0.484,0.516,0.015803290796539814,2847.0652628804,1523.971760916722,3590.357785552761,0.9490217542934667,0.5079905869722406,1.196785928517587,0.362897551309635,0.1647743858309223,0.8839953758802883
WbWb_8000_3000,WbWb,8000,3000,85,400,0.4,1.2,/eos/uscms/store/user/aji/rootfiles_existingOptimization/WbWb_8000_3000_pt400_ak4_ca12_th85.root,ok,,1000,1000,1.0,0.0,0.305,0.014559361249725209,0.161,0.6745,0.525,0.525,0.475,0.015791611697353755,2659.829839280137,892.9299546763808,3011.2078595214616,0.8866099464267123,0.2976433182254603,1.0037359531738204,0.3981980113093205,0.08136729852804073,0.8845370166666493
WbWb_8000_3000,WbWb,8000,3000,85,340,1.2,1.6,/eos/uscms/store/user/aji/rootfiles_existingOptimization/WbWb_8000_3000_pt340_ak12_ca16_th85.root,ok,,1000,1000,1.0,0.0,0.15,0.011291589790636216,0.077,0.6155,0.478,0.478,0.522,0.015796075461962062,3024.6132902895824,1594.7846991731328,3792.06867999504,1.0082044300965274,0.5315948997243776,1.26402289333168,0.3632338699092893,0.18548625410376302,0.8860543129189421
WbWb_8000_3000,WbWb,8000,3000,85,100,1.0,1.4,/eos/uscms/store/user/aji/rootfiles_existingOptimization/WbWb_8000_3000_pt100_ak10_ca14_th85.root,ok,,1000,1000,1.0,0.0,0.06,0.007509993342207435,0.03,0.5855,0.49,0.49,0.51,0.0158082257068907,3169.0322681339967,2371.8611710818986,4722.433550572318,1.056344089377999,0.7906203903606328,1.5741445168574397,0.3708659585335328,0.05677206045239517,0.8865003674713328
WbWb_8000_3000,WbWb,8000,3000,85,120,1.0,1.6,/eos/uscms/store/user/aji/rootfiles_existingOptimization/WbWb_8000_3000_pt120_ak10_ca16_th85.root,ok,,1000,1000,1.0,0.0,0.08,0.008579044235810887,0.04,0.6025,0.482,0.482,0.518,0.01580113919943749,3036.0318618670744,1897.6693325059712,4140.03868803481,1.012010620622358,0.6325564441686571,1.3800128960116032,0.36929279031838685,0.10392483524174878,0.8884938523806227
WbWb_8000_3000,WbWb,8000,3000,85,280,0.4,1.4,/eos/uscms/store/user/aji/rootfiles_existingOptimization/WbWb_8000_3000_pt280_ak4_ca14_th85.root,ok,,1000,1000,1.0,0.0,0.229,0.013287550564344055,0.1165,0.651,0.488,0.488,0.512,0.01580683396509244,2674.067057420707,1256.0906748269656,3216.9998023483213,0.8913556858069024,0.41869689160898854,1.0723332674494406,0.36665294575910273,0.12169314620158476,0.8895173771784126
WbWb_8000_3000,WbWb,8000,3000,85,140,0.4,1.6,/eos/uscms/store/user/aji/rootfiles_existingOptimization/WbWb_8000_3000_pt140_ak4_ca16_th85.root,ok,,1000,1000,1.0,0.0,0.147,0.011197812286335219,0.0735,0.6425,0.477,0.477,0.523,0.01579465099329517,2691.6088015015234,1480.0980909401526,3399.3310251653047,0.8972029338338412,0.4933660303133842,1.1331103417217683,0.3565215222127564,0.15594037834312968,0.8898012288293724
WbWb_8000_3000,WbWb,8000,3000,85,120,0.4,1.6,/eos/uscms/store/user/aji/rootfiles_existingOptimization/WbWb_8000_3000_pt120_ak4_ca16_th85.root,ok,,1000,1000,1.0,0.0,0.14,0.010972693379476163,0.07,0.6435,0.482,0.482,0.518,0.01580113919943749,2697.102428721194,1499.0687887268464,3452.387587034427,0.8990341429070647,0.4996895962422822,1.1507958623448091,0.3621143152567862,0.1535258252690539,0.8902109009660797
WbWb_8000_3000,WbWb,8000,3000,85,260,0.8,1.6,/eos/uscms/store/user/aji/rootfiles_existingOptimization/WbWb_8000_3000_pt260_ak8_ca16_th85.root,ok,,1000,1000,1.0,0.0,0.152,0.011353237423748346,0.077,0.624,0.476,0.476,0.524,0.01579316307773715,2840.3338709980653,1509.0548791854944,3561.6484663491246,0.9467779569993551,0.5030182930618314,1.1872161554497083,0.36132963242845273,0.1685612249090645,0.8906518367285172
WbWb_8000_3000,WbWb,8000,3000,85,400,1.6,1.4,/eos/uscms/store/user/aji/rootfiles_existingOptimization/WbWb_8000_3000_pt400_ak16_ca14_th85.root,ok,,1000,1000,1.0,0.0,0.059,0.007451107300260815,0.03,0.5925,0.466,0.466,0.534,0.01577479001445027,3269.9939327519205,1766.7128476621085,4044.869397097599,1.0899979775839737,0.5889042825540362,1.348289799032533,0.34834262636051255,0.08269066671275906,0.8913424241189098
WbWb_8000_3000,WbWb,8000,3000,85,300,1.0,1.6,/eos/uscms/store/user/aji/rootfiles_existingOptimization/WbWb_8000_3000_pt300_ak10_ca16_th85.root,ok,,1000,1000,1.0,0.0,0.164,0.011709141727727102,0.0835,0.614,0.476,0.476,0.524,0.01579316307773715,2916.666103551571,1527.9640695269948,3660.8233535807144,0.9722220345171901,0.5093213565089982,1.2202744511935715,0.36563309071555644,0.19011297223756163,0.8924108872638374
WbWb_8000_3000,WbWb,8000,3000,85,260,1.4,1.6,/eos/uscms/store/user/aji/rootfiles_existingOptimization/WbWb_8000_3000_pt260_ak14_ca16_th85.root,ok,,1000,1000,1.0,0.0,0.08,0.008579044235810887,0.04,0.5955,0.466,0.466,0.534,0.01577479001445027,3194.407966732953,1784.4409346193986,4054.8150866299698,1.064802655577651,0.5948136448731329,1.3516050288766566,0.3553669687238747,0.1317155781676358,0.8958472342816399
WbWb_8000_3000,WbWb,8000,3000,85,360,1.2,1.6,/eos/uscms/store/user/aji/rootfiles_existingOptimization/WbWb_8000_3000_pt360_ak12_ca16_th85.root,ok,,1000,1000,1.0,0.0,0.16,0.01159310139695155,0.082,0.6125,0.472,0.472,0.528,0.015786576576319513,3019.153972668447,1545.4351512028775,3771.2897329694006,1.0063846575561488,0.5151450504009591,1.2570965776564669,0.3686222368777081,0.19108438391197002,0.897260702633323
WbWb_8000_3000,WbWb,8000,3000,85,240,1.4,1.6,/eos/uscms/store/user/aji/rootfiles_existingOptimization/WbWb_8000_3000_pt240_ak14_ca16_th85.root,ok,,1000,1000,1.0,0.0,0.08,0.008579044235810887,0.04,0.591,0.466,0.466,0.534,0.01577479001445027,3206.309638206808,1802.898300841932,4094.967960738755,1.0687698794022693,0.600966100280644,1.3649893202462517,0.3574311152897118,0.12492313379893416,0.8983081032299387
WbWb_8000_3000,WbWb,8000,3000,85,280,1.4,1.6,/eos/uscms/store/user/aji/rootfiles_existingOptimization/WbWb_8000_3000_pt280_ak14_ca16_th85.root,ok,,1000,1000,1.0,0.0,0.089,0.00900438781928011,0.0445,0.5965,0.467,0.467,0.5329999999999999,0.015776913513105152,3181.6241434552635,1731.4843721803884,4019.761070674248,1.0605413811517543,0.5771614573934628,1.339920356891416,0.3596082685003731,0.1352901964104401,0.8986624066155484
WbWb_8000_3000,WbWb,8000,3000,85,320,1.0,1.6,/eos/uscms/store/user/aji/rootfiles_existingOptimization/WbWb_8000_3000_pt320_ak10_ca16_th85.root,ok,,1000,1000,1.0,0.0,0.17,0.011878552100319299,0.087,0.613,0.472,0.472,0.528,0.015786576576319513,2913.598074513089,1504.8878273252524,3648.3478541446852,0.9711993581710299,0.5016292757750841,1.2161159513815616,0.36783728777992825,0.19606996775535018,0.8987173519628253
WbWb_8000_3000,WbWb,8000,3000,85,200,0.6,1.6,/eos/uscms/store/user/aji/rootfiles_existingOptimization/WbWb_8000_3000_pt200_ak6_ca16_th85.root,ok,,1000,1000,1.0,0.0,0.151,0.01132249972400088,0.076,0.631,0.471,0.471,0.529,0.01578477114183161,2761.926602640482,1480.093417566076,3481.952298610612,0.9206422008801607,0.49336447252202537,1.1606507662035375,0.36240262125914224,0.1591364336998773,0.8993384011711262
WbWb_8000_3000,WbWb,8000,3000,85,160,1.2,1.6,/eos/uscms/store/user/aji/rootfiles_existingOptimization/WbWb_8000_3000_pt160_ak12_ca16_th85.root,ok,,1000,1000,1.0,0.0,0.082,0.008676174272108648,0.041,0.5925,0.473,0.473,0.527,0.01578831846651188,3134.145061326927,1949.829864088045,4256.239006337961,1.044715020442309,0.6499432880293483,1.4187463354459868,0.3679486904912808,0.09626761572002938,0.8994201925355116
WbWb_8000_3000,WbWb,8000,3000,85,400,0.8,1.4,/eos/uscms/store/user/aji/rootfiles_existingOptimization/WbWb_8000_3000_pt400_ak8_ca14_th85.root,ok,,1000,1000,1.0,0.0,0.241,0.013524755080961725,0.126,0.642,0.488,0.488,0.512,0.01580683396509244,2816.274418361504,1219.7536581340446,3371.20003689761,0.9387581394538347,0.4065845527113482,1.1237333456325367,0.3819667509559078,0.14141125707588711,0.9000909370105243
WbWb_8000_3000,WbWb,8000,3000,85,160,0.4,1.6,/eos/uscms/store/user/aji/rootfiles_existingOptimization/WbWb_8000_3000_pt160_ak4_ca16_th85.root,ok,,1000,1000,1.0,0.0,0.156,0.011474493452871897,0.0785,0.6355,0.467,0.467,0.5329999999999999,0.015776913513105152,2689.262668991586,1466.9996276445374,3391.16767715587,0.896420889663862,0.4889998758815125,1.1303892257186232,0.3577501133856985,0.16055292018049633,0.9011080244193123
WbWb_8000_3000,WbWb,8000,3000,85,120,1.2,1.2,/eos/uscms/store/user/aji/rootfiles_existingOptimization/WbWb_8000_3000_pt120_ak12_ca12_th85.root,ok,,1000,1000,1.0,0.0,0.055,0.00720936890441875,0.0275,0.577,0.5,0.5,0.5,0.015811388300841896,3303.07043359455,2721.218953739031,5307.118497476926,1.10102347786485,0.9070729845796769,1.7690394991589753,0.3914387530822046,0.04433823831568509,0.9015411008686895
WbWb_8000_3000,WbWb,8000,3000,85,300,1.4,1.6,/eos/uscms/store/user/aji/rootfiles_existingOptimization/WbWb_8000_3000_pt300_ak14_ca16_th85.root,ok,,1000,1000,1.0,0.0,0.098,0.009401914698613257,0.049,0.5965,0.464,0.464,0.536,0.015770351930125083,3171.3592325905042,1704.8730821432641,3992.0802415479925,1.0571197441968347,0.568291027381088,1.330693413849331,0.3606036074217361,0.14391880272937846,0.9023155818414197
WbWb_8000_3000,WbWb,8000,3000,85,200,1.6,1.4,/eos/uscms/store/user/aji/rootfiles_existingOptimization/WbWb_8000_3000_pt200_ak16_ca14_th85.root,ok,,1000,1000,1.0,0.0,0.025,0.0049371044145328745,0.0125,0.5445,0.451,0.451,0.5489999999999999,0.015735278834517044,3438.3103324539998,2455.927653050127,4788.327035757864,1.1461034441513331,0.8186425510167089,1.5961090119192882,0.33917813652426365,0.05318423978187857,0.9027884809393969
WbWb_8000_3000,WbWb,8000,3000,85,220,1.4,1.6,/eos/uscms/store/user/aji/rootfiles_existingOptimization/WbWb_8000_3000_pt220_ak14_ca16_th85.root,ok,,1000,1000,1.0,0.0,0.075,0.008329165624478841,0.0375,0.5855,0.465,0.465,0.5349999999999999,0.015772602828956293,3221.6616829969307,1829.579741304648,4168.420974431626,1.0738872276656435,0.609859913768216,1.3894736581438751,0.36298678496732856,0.1184364435853888,0.9053755077338927
WbWb_8000_3000,WbWb,8000,3000,85,300,0.4,1.4,/eos/uscms/store/user/aji/rootfiles_existingOptimization/WbWb_8000_3000_pt300_ak4_ca14_th85.root,ok,,1000,1000,1.0,0.0,0.242,0.013543854695026818,0.1235,0.646,0.48,0.48,0.52,0.0157987341265052,2665.4393426313636,1186.9785002974268,3186.582128609406,0.8884797808771212,0.39565950009914225,1.062194042869802,0.37509831800147797,0.13449576725512294,0.9062503399137659
WbWb_8000_3000,WbWb,8000,3000,85,280,0.8,1.6,/eos/uscms/store/user/aji/rootfiles_existingOptimization/WbWb_8000_3000_pt280_ak8_ca16_th85.root,ok,,1000,1000,1.0,0.0,0.166,0.011766222843376714,0.0845,0.618,0.465,0.465,0.5349999999999999,0.015772602828956293,2828.395198003883,1461.9010915747997,3553.1337543409236,0.9427983993346275,0.4873003638582666,1.1843779181136411,0.36968537215768055,0.19574633912607647,0.9104055322242177
WbWb_8000_3000,WbWb,8000,3000,85,340,1.0,1.6,/eos/uscms/store/user/aji/rootfiles_existingOptimization/WbWb_8000_3000_pt340_ak10_ca16_th85.root,ok,,1000,1000,1.0,0.0,0.18,0.012149074038789953,0.092,0.609,0.463,0.463,0.5369999999999999,0.015768037290671277,2906.200217158742,1472.8899680857046,3625.507588773357,0.9687334057195807,0.4909633226952349,1.208502529591119,0.3703491603878839,0.2074563684014913,0.9104758198159257
WbWb_8000_3000,WbWb,8000,3000,85,220,0.6,1.6,/eos/uscms/store/user/aji/rootfiles_existingOptimization/WbWb_8000_3000_pt220_ak6_ca16_th85.root,ok,,1000,1000,1.0,0.0,0.157,0.01150439046625244,0.079,0.625,0.464,0.464,0.536,0.015770351930125083,2754.1631788299765,1462.8351495102017,3481.952298610612,0.9180543929433256,0.48761171650340057,1.1606507662035375,0.3665572840092524,0.16971874374782553,0.9107518447149199
WbWb_8000_3000,WbWb,8000,3000,85,380,1.2,1.6,/eos/uscms/store/user/aji/rootfiles_existingOptimization/WbWb_8000_3000_pt380_ak12_ca16_th85.root,ok,,1000,1000,1.0,0.0,0.171,0.011906258858264422,0.0875,0.609,0.463,0.463,0.5369999999999999,0.015768037290671277,3014.8774604134987,1500.1069549482963,3757.934738802497,1.0049591534711662,0.5000356516494321,1.2526449129341657,0.3744476870951388,0.20804536019932246,0.9119436024422554
WbWb_8000_3000,WbWb,8000,3000,85,360,0.6,1.4,/eos/uscms/store/user/aji/rootfiles_existingOptimization/WbWb_8000_3000_pt360_ak6_ca14_th85.root,ok,,1000,1000,1.0,0.0,0.243,0.013562853682024296,0.125,0.6425,0.48,0.48,0.52,0.0157987341265052,2734.6164435415903,1190.2617022792574,3286.8523475323295,0.9115388145138634,0.39675390075975253,1.0956174491774433,0.3833427262175361,0.13814328425626676,0.9121888447661497
WbWb_8000_3000,WbWb,8000,3000,85,320,1.4,1.6,/eos/uscms/store/user/aji/rootfiles_existingOptimization/WbWb_8000_3000_pt320_ak14_ca16_th85.root,ok,,1000,1000,1.0,0.0,0.108,0.009815090422405696,0.0545,0.5945,0.458,0.458,0.542,0.015755506973753653,3166.5300668120944,1664.7437240246302,3976.20531978226,1.0555100222706981,0.5549145746748767,1.3254017732607533,0.36498336459579156,0.15793339361215325,0.9125343668228614
WbWb_8000_3000,WbWb,8000,3000,85,320,0.4,1.4,/eos/uscms/store/user/aji/rootfiles_existingOptimization/WbWb_8000_3000_pt320_ak4_ca14_th85.root,ok,,1000,1000,1.0,0.0,0.253,0.013747399754135324,0.13,0.64,0.472,0.472,0.528,0.015786576576319513,2664.360192660583,1145.1145652431744,3171.7259280863886,0.8881200642201943,0.3817048550810581,1.057241976028796,0.3803185786264649,0.14258706314347158,0.9195065722044455
WbWb_8000_3000,WbWb,8000,3000,85,200,1.4,1.6,/eos/uscms/store/user/aji/rootfiles_existingOptimization/WbWb_8000_3000_pt200_ak14_ca16_th85.root,ok,,1000,1000,1.0,0.0,0.071,0.008121514637061242,0.0355,0.574,0.456,0.456,0.544,0.01575004761897563,3242.106133024761,1922.4092588625151,4315.3488153608205,1.0807020443415873,0.640803086287505,1.4384496051202733,0.36904090401657874,0.11041265545956193,0.9211111084507375
WbWb_8000_3000,WbWb,8000,3000,85,340,1.4,1.6,/eos/uscms/store/user/aji/rootfiles_existingOptimization/WbWb_8000_3000_pt340_ak14_ca16_th85.root,ok,,1000,1000,1.0,0.0,0.115,0.010088359628799918,0.0585,0.59,0.454,0.454,0.546,0.015744332313566048,3153.156340681032,1632.620217210558,3968.160043398713,1.0510521135603441,0.544206739070186,1.3227200144662377,0.3703495123371705,0.16900099054188344,0.9214547236932049
WbWb_8000_3000,WbWb,8000,3000,85,180,0.4,1.6,/eos/uscms/store/user/aji/rootfiles_existingOptimization/WbWb_8000_3000_pt180_ak4_ca16_th85.root,ok,,1000,1000,1.0,0.0,0.167,0.01179453263168999,0.084,0.624,0.454,0.454,0.546,0.015744332313566048,2680.505077153256,1422.053651619511,3383.482807483804,0.8935016923844188,0.4740178838731703,1.1278276024946015,0.3658693230208998,0.17314152454782583,0.922519153782458
WbWb_8000_3000,WbWb,8000,3000,85,360,1.0,1.6,/eos/uscms/store/user/aji/rootfiles_existingOptimization/WbWb_8000_3000_pt360_ak10_ca16_th85.root,ok,,1000,1000,1.0,0.0,0.191,0.012430567163247218,0.098,0.6055,0.457,0.457,0.5429999999999999,0.015752809273269323,2892.5825029501057,1436.469490426177,3614.7252105666157,0.9641941676500353,0.4788231634753923,1.2049084035222053,0.3765243891779863,0.21002692898358488,0.9231049724129827
WbWb_8000_3000,WbWb,8000,3000,85,300,0.8,1.6,/eos/uscms/store/user/aji/rootfiles_existingOptimization/WbWb_8000_3000_pt300_ak8_ca16_th85.root,ok,,1000,1000,1.0,0.0,0.173,0.011961229033840962,0.089,0.615,0.459,0.459,0.5409999999999999,0.015758140753274162,2821.0566817626177,1421.3195772368617,3544.8841101340827,0.940352227254206,0.47377319241228727,1.1816280367113607,0.3763775018462942,0.20130423639875794,0.9233422791208736
WbWb_8000_3000,WbWb,8000,3000,85,160,1.4,1.4,/eos/uscms/store/user/aji/rootfiles_existingOptimization/WbWb_8000_3000_pt160_ak14_ca14_th85.root,ok,,1000,1000,1.0,0.0,0.058,0.007391616873188166,0.029,0.5525,0.453,0.453,0.5469999999999999,0.015741378592740853,3329.3220640172412,2476.3329367776596,4909.621293748864,1.1097740213390805,0.8254443122592199,1.6365404312496215,0.3654330086100381,0.06533906240845938,0.923410410743946
WbWb_8000_3000,WbWb,8000,3000,85,240,0.6,1.6,/eos/uscms/store/user/aji/rootfiles_existingOptimization/WbWb_8000_3000_pt240_ak6_ca16_th85.root,ok,,1000,1000,1.0,0.0,0.162,0.011651437679531225,0.0825,0.615,0.45,0.45,0.55,0.015732132722552274,2750.136973511093,1435.459476633402,3464.660121865124,0.9167123245036977,0.47848649221113393,1.1548867072883746,0.36892719613180697,0.18622772772557128,0.9272559636814373
WbWb_8000_3000,WbWb,8000,3000,85,380,0.6,1.4,/eos/uscms/store/user/aji/rootfiles_existingOptimization/WbWb_8000_3000_pt380_ak6_ca14_th85.root,ok,,1000,1000,1.0,0.0,0.254,0.013765318739498916,0.132,0.639,0.472,0.472,0.528,0.015786576576319513,2726.961645846166,1126.080662500372,3264.6085165576974,0.9089872152820553,0.3753602208334574,1.088202838852566,0.39210816501853446,0.14928307840518196,0.9292094434903289
WbWb_8000_3000,WbWb,8000,3000,85,360,1.4,1.6,/eos/uscms/store/user/aji/rootfiles_existingOptimization/WbWb_8000_3000_pt360_ak14_ca16_th85.root,ok,,1000,1000,1.0,0.0,0.122,0.010349685985574635,0.0625,0.5855,0.448,0.448,0.552,0.015725647840391186,3151.10370066173,1596.536773782351,3963.925185679909,1.0503679002205764,0.5321789245941171,1.3213083952266365,0.37564431970303114,0.17640229596525187,0.9326811097250888
WbWb_8000_3000,WbWb,8000,3000,85,400,1.2,1.6,/eos/uscms/store/user/aji/rootfiles_existingOptimization/WbWb_8000_3000_pt400_ak12_ca16_th85.root,ok,,1000,1000,1.0,0.0,0.184,0.012253326079069307,0.0955,0.6035,0.453,0.453,0.5469999999999999,0.015741378592740853,3002.433015218627,1418.2774674390696,3743.2210499004404,1.0008110050728756,0.47275915581302325,1.2477403499668136,0.38717659489433714,0.21604317835951853,0.9342576954016246
WbWb_8000_3000,WbWb,8000,3000,85,320,0.8,1.6,/eos/uscms/store/user/aji/rootfiles_existingOptimization/WbWb_8000_3000_pt320_ak8_ca16_th85.root,ok,,1000,1000,1.0,0.0,0.183,0.012227469075814503,0.094,0.609,0.449,0.449,0.5509999999999999,0.015728922404284407,2816.274418361504,1407.47752531971,3533.2472721721247,0.9387581394538347,0.46915917510656996,1.1777490907240415,0.3774081341279906,0.21111860254163745,0.934532320182607
WbWb_8000_3000,WbWb,8000,3000,85,340,0.4,1.4,/eos/uscms/store/user/aji/rootfiles_existingOptimization/WbWb_8000_3000_pt340_ak4_ca14_th85.root,ok,,1000,1000,1.0,0.0,0.263,0.013922320208930694,0.1355,0.6335,0.464,0.464,0.536,0.015770351930125083,2653.681043013666,1092.9415066815752,3158.930069637873,0.884560347671222,0.3643138355605251,1.0529766898792912,0.38926844060544064,0.14872073475432152,0.9368124058383185
WbWb_8000_3000,WbWb,8000,3000,85,380,1.4,1.6,/eos/uscms/store/user/aji/rootfiles_existingOptimization/WbWb_8000_3000_pt380_ak14_ca16_th85.root,ok,,1000,1000,1.0,0.0,0.129,0.010599952830083727,0.066,0.5825,0.442,0.442,0.558,0.01570464899321217,3147.932884295347,1572.2997629186884,3944.696453993986,1.0493109614317824,0.5240999209728963,1.3148988179979955,0.376818181688513,0.19427189505674414,0.9397492778316913
WbWb_8000_3000,WbWb,8000,3000,85,200,0.4,1.6,/eos/uscms/store/user/aji/rootfiles_existingOptimization/WbWb_8000_3000_pt200_ak4_ca16_th85.root,ok,,1000,1000,1.0,0.0,0.18,0.012149074038789953,0.091,0.6155,0.442,0.442,0.558,0.01570464899321217,2674.266761381243,1376.2170437835205,3362.8397426204515,0.8914222537937477,0.4587390145945069,1.1209465808734838,0.37143315833811047,0.1900636618053175,0.9402909329587357
WbWb_8000_3000,WbWb,8000,3000,85,260,0.6,1.6,/eos/uscms/store/user/aji/rootfiles_existingOptimization/WbWb_8000_3000_pt260_ak6_ca16_th85.root,ok,,1000,1000,1.0,0.0,0.177,0.012069424178476784,0.09,0.6095,0.439,0.439,0.5609999999999999,0.015693278816104682,2733.9170888749322,1373.9448992200826,3418.9987533071453,0.9113056962916442,0.45798163307336087,1.1396662511023818,0.37401533909147333,0.20437592680135108,0.9438847694623088
WbWb_8000_3000,WbWb,8000,3000,85,340,0.8,1.6,/eos/uscms/store/user/aji/rootfiles_existingOptimization/WbWb_8000_3000_pt340_ak8_ca16_th85.root,ok,,1000,1000,1.0,0.0,0.198,0.012601428490452978,0.1015,0.6055,0.439,0.439,0.5609999999999999,0.015693278816104682,2811.6344878162217,1366.07821965802,3488.647091979548,0.9372114959387405,0.4553594065526734,1.1628823639931827,0.37746173649515047,0.22161170167523375,0.9447405869012764
WbWb_8000_3000,WbWb,8000,3000,85,400,0.6,1.4,/eos/uscms/store/user/aji/rootfiles_existingOptimization/WbWb_8000_3000_pt400_ak6_ca14_th85.root,ok,,1000,1000,1.0,0.0,0.268,0.014006284303840188,0.139,0.633,0.462,0.462,0.538,0.015765658882520576,2720.183365521221,1077.7050462024433,3255.14290411003,0.9067277885070737,0.35923501540081443,1.0850476347033433,0.4002373305981824,0.1643797299145074,0.9475645517474751
WbWb_8000_3000,WbWb,8000,3000,85,380,1.0,1.6,/eos/uscms/store/user/aji/rootfiles_existingOptimization/WbWb_8000_3000_pt380_ak10_ca16_th85.root,ok,,1000,1000,1.0,0.0,0.212,0.012925014506761685,0.1095,0.599,0.444,0.444,0.556,0.015711906313366306,2885.5262829153994,1367.4944889034414,3605.6964584947314,0.9618420943051331,0.4558314963011471,1.2018988194982438,0.3878325390489801,0.22780783094965157,0.9476483296184668
WbWb_8000_3000,WbWb,8000,3000,85,280,0.6,1.6,/eos/uscms/store/user/aji/rootfiles_existingOptimization/WbWb_8000_3000_pt280_ak6_ca16_th85.root,ok,,1000,1000,1.0,0.0,0.185,0.012279047194306243,0.0945,0.6075,0.435,0.435,0.565,0.015677212762477903,2729.7942047702163,1357.293837781772,3416.568624012903,0.909931401590072,0.4524312792605907,1.1388562080043012,0.37718498754093327,0.21057861978573628,0.9511918473819261
WbWb_8000_3000,WbWb,8000,3000,85,360,0.4,1.4,/eos/uscms/store/user/aji/rootfiles_existingOptimization/WbWb_8000_3000_pt360_ak4_ca14_th85.root,ok,,1000,1000,1.0,0.0,0.275,0.014120021246442939,0.143,0.6285,0.457,0.457,0.5429999999999999,0.015752809273269323,2643.8348948693865,1029.4370872767931,3156.3261910969227,0.8812782982897955,0.34314569575893106,1.052108730365641,0.40223561387051066,0.16100163652192467,0.9571077840415311
WbWb_8000_3000,WbWb,8000,3000,85,400,1.4,1.6,/eos/uscms/store/user/aji/rootfiles_existingOptimization/WbWb_8000_3000_pt400_ak14_ca16_th85.root,ok,,1000,1000,1.0,0.0,0.14,0.010972693379476163,0.0725,0.5775,0.436,0.436,0.5640000000000001,0.015681326474504636,3132.7264757210996,1488.944155980611,3942.7258359594794,1.0442421585736998,0.4963147186602036,1.3142419453198264,0.3916367577884453,0.1985112817271571,0.9600609736458153
WbWb_8000_3000,WbWb,8000,3000,85,180,1.4,1.6,/eos/uscms/store/user/aji/rootfiles_existingOptimization/WbWb_8000_3000_pt180_ak14_ca16_th85.root,ok,,1000,1000,1.0,0.0,0.066,0.007851369307324678,0.033,0.549,0.432,0.432,0.5680000000000001,0.01566448211719749,3274.926716508823,1995.8422051925538,4519.405993842054,1.0916422388362743,0.6652807350641846,1.506468664614018,0.3852855356927956,0.10049275961076373,0.9624497595764232
WbWb_8000_3000,WbWb,8000,3000,85,400,1.0,1.6,/eos/uscms/store/user/aji/rootfiles_existingOptimization/WbWb_8000_3000_pt400_ak10_ca16_th85.root,ok,,1000,1000,1.0,0.0,0.226,0.013225883713385657,0.117,0.5955,0.439,0.439,0.5609999999999999,0.015693278816104682,2878.228505712141,1294.101568307214,3592.743144760036,0.9594095019040472,0.43136718943573804,1.1975810482533455,0.3993153378703135,0.23699312294927827,0.9643743876799087
WbWb_8000_3000,WbWb,8000,3000,85,140,1.2,1.6,/eos/uscms/store/user/aji/rootfiles_existingOptimization/WbWb_8000_3000_pt140_ak12_ca16_th85.root,ok,,1000,1000,1.0,0.0,0.076,0.008379976133617566,0.038,0.553,0.44,0.44,0.56,0.015697133496278867,3201.089648515728,2069.3842557479657,4625.987809249523,1.0670298828385762,0.6897947519159885,1.5419959364165077,0.3993333261826946,0.0890792981266737,0.9660363144665522
WbWb_8000_3000,WbWb,8000,3000,85,220,0.4,1.6,/eos/uscms/store/user/aji/rootfiles_existingOptimization/WbWb_8000_3000_pt220_ak4_ca16_th85.root,ok,,1000,1000,1.0,0.0,0.191,0.012430567163247218,0.0965,0.6055,0.424,0.424,0.5760000000000001,0.015627667772255716,2664.7994237384028,1328.8655145408336,3352.1941783946504,0.8882664745794677,0.4429551715136112,1.1173980594648836,0.37963995448019927,0.21956874097565682,0.9668133070222525
WbWb_8000_3000,WbWb,8000,3000,85,300,0.6,1.6,/eos/uscms/store/user/aji/rootfiles_existingOptimization/WbWb_8000_3000_pt300_ak6_ca16_th85.root,ok,,1000,1000,1.0,0.0,0.2,0.01264911064067352,0.102,0.6025,0.425,0.425,0.575,0.015632498200863484,2719.160148552344,1326.1341029125135,3407.7505680727018,0.9063867161841146,0.44204470097083787,1.1359168560242339,0.38276827245140777,0.2173034729131854,0.9671296008329963
WbWb_8000_3000,WbWb,8000,3000,85,300,1.6,1.6,/eos/uscms/store/user/aji/rootfiles_existingOptimization/WbWb_8000_3000_pt300_ak16_ca16_th85.root,ok,,1000,1000,1.0,0.0,0.057,0.007331507348424334,0.0285,0.543,0.408,0.408,0.5920000000000001,0.015541428505771275,3336.8143205010565,1764.1792329909988,4216.083857558431,1.1122714401670186,0.588059744330333,1.4053612858528104,0.3674020171729625,0.15159535061325555,0.9706291611896645
WbWb_8000_3000,WbWb,8000,3000,85,360,0.8,1.6,/eos/uscms/store/user/aji/rootfiles_existingOptimization/WbWb_8000_3000_pt360_ak8_ca16_th85.root,ok,,1000,1000,1.0,0.0,0.217,0.013034991369387246,0.112,0.598,0.426,0.426,0.5740000000000001,0.015637263187655313,2792.6012018242454,1297.7548576675463,3481.767692219369,0.9308670672747485,0.4325849525558487,1.1605892307397896,0.39103557520585697,0.24122952723605112,0.9719488684783821
WbWb_8000_3000,WbWb,8000,3000,85,120,1.2,1.4,/eos/uscms/store/user/aji/rootfiles_existingOptimization/WbWb_8000_3000_pt120_ak12_ca14_th85.root,ok,,1000,1000,1.0,0.0,0.058,0.007391616873188166,0.029,0.5375,0.447,0.447,0.5529999999999999,0.01572230899073034,3342.489597501316,2556.0073897052084,5296.740608424519,1.1141631991671053,0.8520024632350693,1.7655802028081733,0.409983806796011,0.054849260019386725,0.9744001267127215
WbWb_8000_3000,WbWb,8000,3000,85,280,1.6,1.6,/eos/uscms/store/user/aji/rootfiles_existingOptimization/WbWb_8000_3000_pt280_ak16_ca16_th85.root,ok,,1000,1000,1.0,0.0,0.047,0.006692607862410586,0.0235,0.54,0.408,0.408,0.5920000000000001,0.015541428505771275,3351.124848550531,1801.8910184422066,4286.420552844165,1.1170416161835104,0.6006303394807355,1.4288068509480552,0.37070083131587855,0.13361578354096185,0.9744049929342298
WbWb_8000_3000,WbWb,8000,3000,85,320,1.6,1.6,/eos/uscms/store/user/aji/rootfiles_existingOptimization/WbWb_8000_3000_pt320_ak16_ca16_th85.root,ok,,1000,1000,1.0,0.0,0.062,0.007626008130076967,0.031,0.543,0.405,0.405,0.595,0.015523369479594306,3324.146748259206,1735.3422046956346,4193.60996025538,1.108048916086402,0.5784474015652115,1.3978699867517934,0.36975921066768414,0.16084354479430849,0.9755641022763243
WbWb_8000_3000,WbWb,8000,3000,85,340,1.6,1.6,/eos/uscms/store/user/aji/rootfiles_existingOptimization/WbWb_8000_3000_pt340_ak16_ca16_th85.root,ok,,1000,1000,1.0,0.0,0.068,0.007960904471226871,0.0345,0.5415,0.402,0.402,0.598,0.015504708962118573,3315.438421761951,1714.0250490931062,4177.7422471100135,1.105146140587317,0.5713416830310354,1.3925807490366713,0.37155224808964993,0.1712190467345086,0.9800668621483816
WbWb_8000_3000,WbWb,8000,3000,85,260,1.6,1.6,/eos/uscms/store/user/aji/rootfiles_existingOptimization/WbWb_8000_3000_pt260_ak16_ca16_th85.root,ok,,1000,1000,1.0,0.0,0.045,0.0065555320150236475,0.0225,0.5325,0.404,0.404,0.596,0.015517216245190372,3364.711577138125,1834.4203829214407,4337.692381677114,1.1215705257127082,0.6114734609738136,1.445897460559038,0.371989090501012,0.12872034347587774,0.9801461430722829
WbWb_8000_3000,WbWb,8000,3000,85,320,0.6,1.6,/eos/uscms/store/user/aji/rootfiles_existingOptimization/WbWb_8000_3000_pt320_ak6_ca16_th85.root,ok,,1000,1000,1.0,0.0,0.214,0.012969348480166612,0.109,0.5985,0.416,0.416,0.5840000000000001,0.015586660963785668,2713.6752183288545,1298.7025939871542,3396.9944055534556,0.9045584061096182,0.4329008646623847,1.1323314685178185,0.3866143961137839,0.23103550316741214,0.9801585555028222
WbWb_8000_3000,WbWb,8000,3000,85,240,1.6,1.6,/eos/uscms/store/user/aji/rootfiles_existingOptimization/WbWb_8000_3000_pt240_ak16_ca16_th85.root,ok,,1000,1000,1.0,0.0,0.044,0.006485676526007136,0.022,0.5275,0.405,0.405,0.595,0.015523369479594306,3385.9401842024513,1866.9153528147524,4402.092841593677,1.128646728067484,0.6223051176049175,1.4673642805312257,0.37436832177472124,0.11707904203645657,0.9822329945814696
WbWb_8000_3000,WbWb,8000,3000,85,240,0.4,1.6,/eos/uscms/store/user/aji/rootfiles_existingOptimization/WbWb_8000_3000_pt240_ak4_ca16_th85.root,ok,,1000,1000,1.0,0.0,0.201,0.012672766075328622,0.102,0.599,0.413,0.413,0.587,0.015570195888298902,2659.1470340016895,1283.9006689995397,3328.2570552490374,0.8863823446672299,0.42796688966651325,1.109419018416346,0.38440077966899655,0.2251310451454212,0.9827625452022736
WbWb_8000_3000,WbWb,8000,3000,85,380,0.8,1.6,/eos/uscms/store/user/aji/rootfiles_existingOptimization/WbWb_8000_3000_pt380_ak8_ca16_th85.root,ok,,1000,1000,1.0,0.0,0.231,0.013328128150644412,0.1195,0.594,0.42,0.42,0.5800000000000001,0.015607690412101336,2787.1660772322634,1256.5882673905262,3466.4475694450275,0.9290553590774211,0.4188627557968421,1.1554825231483425,0.39643480883797133,0.25215813300471784,0.9835292729302293
WbWb_8000_3000,WbWb,8000,3000,85,380,0.4,1.4,/eos/uscms/store/user/aji/rootfiles_existingOptimization/WbWb_8000_3000_pt380_ak4_ca14_th85.root,ok,,1000,1000,1.0,0.0,0.293,0.014392741226048637,0.153,0.6225,0.444,0.444,0.556,0.015711906313366306,2639.446601427402,944.1181772763244,3139.5142938586587,0.879815533809134,0.31470605909210814,1.0465047646195529,0.41588189649206636,0.1956663860910935,0.983900343111153
WbWb_8000_3000,WbWb,8000,3000,85,360,1.6,1.6,/eos/uscms/store/user/aji/rootfiles_existingOptimization/WbWb_8000_3000_pt360_ak16_ca16_th85.root,ok,,1000,1000,1.0,0.0,0.075,0.008329165624478841,0.038,0.538,0.398,0.398,0.602,0.015478888849009803,3299.334664878394,1680.084354673986,4168.752391191515,1.0997782216261314,0.560028118224662,1.3895841303971717,0.3771469537494244,0.18260242574086044,0.9891247759120375
WbWb_8000_3000,WbWb,8000,3000,85,260,0.4,1.6,/eos/uscms/store/user/aji/rootfiles_existingOptimization/WbWb_8000_3000_pt260_ak4_ca16_th85.root,ok,,1000,1000,1.0,0.0,0.217,0.013034991369387246,0.11,0.596,0.405,0.405,0.595,0.015523369479594306,2646.956901959068,1256.0906748269656,3318.347650795661,0.8823189673196893,0.41869689160898854,1.1061158835985536,0.3895524280056044,0.23345247472792716,0.9963205312736354
WbWb_8000_3000,WbWb,8000,3000,85,380,1.6,1.6,/eos/uscms/store/user/aji/rootfiles_existingOptimization/WbWb_8000_3000_pt380_ak16_ca16_th85.root,ok,,1000,1000,1.0,0.0,0.076,0.008379976133617566,0.0385,0.5365,0.393,0.393,0.607,0.015445096309184997,3288.4911698068545,1662.7385739718172,4163.195485505075,1.0961637232689516,0.5542461913239392,1.3877318285016917,0.380183005277785,0.19297457263022222,0.9967993776046802
WbWb_8000_3000,WbWb,8000,3000,85,180,1.6,1.4,/eos/uscms/store/user/aji/rootfiles_existingOptimization/WbWb_8000_3000_pt180_ak16_ca14_th85.root,ok,,1000,1000,1.0,0.0,0.023,0.004740358636221525,0.0115,0.512,0.424,0.424,0.5760000000000001,0.015627667772255716,3496.6804550903535,2582.4313665902537,5420.669424523001,1.1655601516967844,0.8608104555300845,1.8068898081743336,0.40584750227904487,0.0527036416253595,0.9984035174487234
WbWb_8000_3000,WbWb,8000,3000,85,140,1.4,1.2,/eos/uscms/store/user/aji/rootfiles_existingOptimization/WbWb_8000_3000_pt140_ak14_ca12_th85.root,ok,,1000,1000,1.0,0.0,0.035,0.005811626278418116,0.0175,0.541,0.469,0.469,0.531,0.01578096955196353,3477.453958096926,2813.829944145701,5955.295377389089,1.159151319365642,0.9379433147152337,1.9850984591296963,0.45169044236067885,0.036382040628664875,0.9986055742972431
WbWb_8000_3000,WbWb,8000,3000,85,100,1.0,1.6,/eos/uscms/store/user/aji/rootfiles_existingOptimization/WbWb_8000_3000_pt100_ak10_ca16_th85.root,ok,,1000,1000,1.0,0.0,0.063,0.007683163410991596,0.0315,0.545,0.427,0.427,0.573,0.015641962792437528,3160.1321336068427,2090.7805987071897,4752.567304834077,1.0533773778689475,0.6969268662357299,1.5841891016113587,0.4211511724177234,0.08553924247869876,0.999488910204618
WbWb_8000_3000,WbWb,8000,3000,85,220,1.6,1.6,/eos/uscms/store/user/aji/rootfiles_existingOptimization/WbWb_8000_3000_pt220_ak16_ca16_th85.root,ok,,1000,1000,1.0,0.0,0.042,0.0063431853196954605,0.021,0.5175,0.401,0.401,0.599,0.015498354751392161,3409.11356273466,1939.979438996626,4584.930296969663,1.1363711875782199,0.6466598129988753,1.5283100989898875,0.3879235480573664,0.10461793064628913,1.0005606668151885
WbWb_8000_3000,WbWb,8000,3000,85,400,0.8,1.6,/eos/uscms/store/user/aji/rootfiles_existingOptimization/WbWb_8000_3000_pt400_ak8_ca16_th85.root,ok,,1000,1000,1.0,0.0,0.245,0.013600551459407815,0.128,0.588,0.412,0.412,0.5880000000000001,0.01556457516284977,2777.6654792006334,1188.1101136004431,3455.0057331449834,0.9258884930668778,0.396036704533481,1.1516685777149944,0.40805770826602844,0.26639323296689593,1.0034688589593408
WbWb_8000_3000,WbWb,8000,3000,85,400,1.6,1.6,/eos/uscms/store/user/aji/rootfiles_existingOptimization/WbWb_8000_3000_pt400_ak16_ca16_th85.root,ok,,1000,1000,1.0,0.0,0.08,0.008579044235810887,0.0405,0.5345,0.39,0.39,0.61,0.01542400726140908,3276.2614682010717,1633.982030487972,4154.693762930182,1.092087156067024,0.544660676829324,1.3848979209767274,0.3846933092654356,0.1985293226508551,1.003902024872138
WbWb_8000_3000,WbWb,8000,3000,85,340,0.6,1.6,/eos/uscms/store/user/aji/rootfiles_existingOptimization/WbWb_8000_3000_pt340_ak6_ca16_th85.root,ok,,1000,1000,1.0,0.0,0.231,0.013328128150644412,0.118,0.5925,0.405,0.405,0.595,0.015523369479594306,2708.5692624275002,1215.0514483685026,3386.1643886247666,0.9028564208091667,0.40501714945616757,1.1287214628749223,0.40078593713170324,0.24537604132819965,1.0055002950507865
WbWb_8000_3000,WbWb,8000,3000,85,400,0.4,1.4,/eos/uscms/store/user/aji/rootfiles_existingOptimization/WbWb_8000_3000_pt400_ak4_ca14_th85.root,ok,,1000,1000,1.0,0.0,0.306,0.0145727142289966,0.1615,0.6125,0.429,0.429,0.571,0.015651166090742248,2631.957782567153,888.4460530066241,3125.5229314430867,0.8773192608557177,0.2961486843355413,1.0418409771476957,0.42498342740408024,0.22387664893229892,1.0082515013185085
WbWb_8000_3000,WbWb,8000,3000,85,280,0.4,1.6,/eos/uscms/store/user/aji/rootfiles_existingOptimization/WbWb_8000_3000_pt280_ak4_ca16_th85.root,ok,,1000,1000,1.0,0.0,0.232,0.013348258313353095,0.118,0.5905,0.396,0.396,0.604,0.01546557467409472,2636.8379610731045,1187.70597087699,3308.7503719514393,0.8789459870243681,0.39590199029233003,1.1029167906504798,0.4021946802167653,0.24263693592079522,1.0183000815143286
WbWb_8000_3000,WbWb,8000,3000,85,160,1.4,1.6,/eos/uscms/store/user/aji/rootfiles_existingOptimization/WbWb_8000_3000_pt160_ak14_ca16_th85.root,ok,,1000,1000,1.0,0.0,0.06,0.007509993342207435,0.03,0.5135,0.4,0.4,0.6,0.015491933384829668,3338.611372990855,2176.487840927397,4940.565434524491,1.1128704576636186,0.725495946975799,1.646855144841497,0.4139561759056921,0.0951807437728468,1.025243221672054
WbWb_8000_3000,WbWb,8000,3000,85,360,0.6,1.6,/eos/uscms/store/user/aji/rootfiles_existingOptimization/WbWb_8000_3000_pt360_ak6_ca16_th85.root,ok,,1000,1000,1.0,0.0,0.248,0.01365635383255721,0.1275,0.585,0.398,0.398,0.602,0.015478888849009803,2697.3465866656543,1133.790785179501,3367.2128997413593,0.8991155288885514,0.37793026172650035,1.1224042999137864,0.4140035480799522,0.26474638904984676,1.0260919951910972
WbWb_8000_3000,WbWb,8000,3000,85,300,0.4,1.6,/eos/uscms/store/user/aji/rootfiles_existingOptimization/WbWb_8000_3000_pt300_ak4_ca16_th85.root,ok,,1000,1000,1.0,0.0,0.245,0.013600551459407815,0.125,0.5855,0.388,0.388,0.612,0.015409607392792329,2629.8854640442005,1160.9162959560867,3289.001087631538,0.8766284880147336,0.3869720986520289,1.0963336958771794,0.40459647782586566,0.2617096744237032,1.0289336290243922
WbWb_8000_3000,WbWb,8000,3000,85,380,0.6,1.6,/eos/uscms/store/user/aji/rootfiles_existingOptimization/WbWb_8000_3000_pt380_ak6_ca16_th85.root,ok,,1000,1000,1.0,0.0,0.259,0.013853483316480371,0.1345,0.583,0.391,0.391,0.609,0.015431104950715617,2691.7490706858543,1097.2835197168124,3341.911184429804,0.8972496902286182,0.3657611732389375,1.1139703948099346,0.4169459347377174,0.2814137996695641,1.0362209657148556
WbWb_8000_3000,WbWb,8000,3000,85,200,1.6,1.6,/eos/uscms/store/user/aji/rootfiles_existingOptimization/WbWb_8000_3000_pt200_ak16_ca16_th85.root,ok,,1000,1000,1.0,0.0,0.037,0.005969170796685248,0.0185,0.4975,0.385,0.385,0.615,0.015387494922826133,3446.510367281425,2037.6947003380849,4865.332759510514,1.1488367890938083,0.6792315667793616,1.6217775865035045,0.41021754729303817,0.09667889293334025,1.040101226202419
WbWb_8000_3000,WbWb,8000,3000,85,320,0.4,1.6,/eos/uscms/store/user/aji/rootfiles_existingOptimization/WbWb_8000_3000_pt320_ak4_ca16_th85.root,ok,,1000,1000,1.0,0.0,0.257,0.013818502089589886,0.132,0.58,0.38,0.38,0.62,0.015349267083479915,2621.543927820884,1090.4085273277033,3271.385985957008,0.8738479759402948,0.36346950910923437,1.0904619953190027,0.4159719460513116,0.2774109908172242,1.048587148457282
WbWb_8000_3000,WbWb,8000,3000,85,400,0.6,1.6,/eos/uscms/store/user/aji/rootfiles_existingOptimization/WbWb_8000_3000_pt400_ak6_ca16_th85.root,ok,,1000,1000,1.0,0.0,0.272,0.014071815803228808,0.141,0.58,0.384,0.384,0.616,0.015379986996093333,2683.85994555091,1044.8268167835288,3335.115486453466,0.8946199818503033,0.34827560559450954,1.1117051621511553,0.4266781270510401,0.29579574886300347,1.0532161288660098
WbWb_8000_3000,WbWb,8000,3000,85,340,0.4,1.6,/eos/uscms/store/user/aji/rootfiles_existingOptimization/WbWb_8000_3000_pt340_ak4_ca16_th85.root,ok,,1000,1000,1.0,0.0,0.268,0.014006284303840188,0.138,0.576,0.375,0.375,0.625,0.015309310892394862,2608.754364759001,1060.439077750741,3252.7128577557155,0.8695847882530003,0.3534796925835803,1.0842376192519052,0.4201763511390423,0.28327838791036897,1.058217872313742
WbWb_8000_3000,WbWb,8000,3000,85,360,0.4,1.6,/eos/uscms/store/user/aji/rootfiles_existingOptimization/WbWb_8000_3000_pt360_ak4_ca16_th85.root,ok,,1000,1000,1.0,0.0,0.281,0.014214042352547005,0.146,0.5705,0.367,0.367,0.633,0.015241751867813621,2600.074936086205,993.3718765526538,3242.759079994768,0.8666916453620683,0.33112395885088464,1.0809196933315894,0.4325619950838864,0.3001701725946585,1.0788928305476797
WbWb_8000_3000,WbWb,8000,3000,85,140,1.4,1.4,/eos/uscms/store/user/aji/rootfiles_existingOptimization/WbWb_8000_3000_pt140_ak14_ca14_th85.root,ok,,1000,1000,1.0,0.0,0.048,0.006759881655768835,0.024,0.4935,0.405,0.405,0.595,0.015523369479594306,3516.967327117035,2684.946683184558,5994.5801238085605,1.1723224423723448,0.894982227728186,1.9981933746028535,0.470523768461763,0.060328761812254834,1.0827560126989975
WbWb_8000_3000,WbWb,8000,3000,85,120,1.2,1.6,/eos/uscms/store/user/aji/rootfiles_existingOptimization/WbWb_8000_3000_pt120_ak12_ca16_th85.root,ok,,1000,1000,1.0,0.0,0.061,0.0075682891065286355,0.0305,0.4995,0.392,0.392,0.608,0.015438134602341048,3343.579935938325,2250.6322337351817,5378.849316749151,1.114526645312775,0.750210744578394,1.7929497722497167,0.46779457093136334,0.07878236058388083,1.0872472354626408
WbWb_8000_3000,WbWb,8000,3000,85,380,0.4,1.6,/eos/uscms/store/user/aji/rootfiles_existingOptimization/WbWb_8000_3000_pt380_ak4_ca16_th85.root,ok,,1000,1000,1.0,0.0,0.297,0.014449602070645405,0.155,0.566,0.356,0.356,0.644,0.015141466243399283,2592.8488017722566,928.2062983048484,3219.9094805630966,0.8642829339240854,0.30940209943494945,1.073303160187699,0.44192765515132054,0.3219005668216132,1.099499361758912
WbWb_8000_3000,WbWb,8000,3000,85,180,1.6,1.6,/eos/uscms/store/user/aji/rootfiles_existingOptimization/WbWb_8000_3000_pt180_ak16_ca16_th85.root,ok,,1000,1000,1.0,0.0,0.035,0.005811626278418116,0.0175,0.471,0.363,0.363,0.637,0.015206281596761254,3513.5824855748406,2226.1054438929036,5459.553095538788,1.1711941618582802,0.7420351479643013,1.8198510318462624,0.4601354408101898,0.09249959020063558,1.1142548569960178
WbWb_8000_3000,WbWb,8000,3000,85,400,0.4,1.6,/eos/uscms/store/user/aji/rootfiles_existingOptimization/WbWb_8000_3000_pt400_ak4_ca16_th85.root,ok,,1000,1000,1.0,0.0,0.31,0.014625320509308504,0.1635,0.558,0.344,0.344,0.656,0.015022117027902558,2584.6289551588975,867.0196197258105,3214.002784973829,0.8615429850529659,0.2890065399086035,1.0713342616579429,0.45402709749951914,0.33925065001280147,1.1238727989942225
WbWb_8000_3000,WbWb,8000,3000,85,100,1.2,1.0,/eos/uscms/store/user/aji/rootfiles_existingOptimization/WbWb_8000_3000_pt100_ak12_ca10_th85.root,ok,,1000,1000,1.0,0.0,0.031,0.0054807846153630225,0.0155,0.483,0.429,0.429,0.571,0.015651166090742248,3705.4930878045334,2867.9010718831555,6939.429932314644,1.2351643626015112,0.9559670239610518,2.3131433107715482,0.5493909668637148,0.02027688863757939,1.1439074031238659
WbWb_8000_3000,WbWb,8000,3000,85,160,1.6,1.4,/eos/uscms/store/user/aji/rootfiles_existingOptimization/WbWb_8000_3000_pt160_ak16_ca14_th85.root,ok,,1000,1000,1.0,0.0,0.021,0.004534203347888138,0.0105,0.4575,0.378,0.378,0.622,0.015333492752794452,3636.7579092253745,2774.283378330139,6576.774962761021,1.2122526364084583,0.9247611261100463,2.1922583209203403,0.522785909777647,0.05143137727294547,1.166011173418493
WbWb_8000_3000,WbWb,8000,3000,85,140,1.4,1.6,/eos/uscms/store/user/aji/rootfiles_existingOptimization/WbWb_8000_3000_pt140_ak14_ca16_th85.root,ok,,1000,1000,1.0,0.0,0.05,0.006892024376045111,0.025,0.4585,0.352,0.352,0.648,0.015102847413650183,3531.2458397281002,2376.1062898134182,5977.195900146458,1.1770819465760334,0.7920354299378061,1.9923986333821528,0.5098893950994811,0.08518012189232929,1.1755975897570843
WbWb_8000_3000,WbWb,8000,3000,85,100,1.2,1.2,/eos/uscms/store/user/aji/rootfiles_existingOptimization/WbWb_8000_3000_pt100_ak12_ca12_th85.root,ok,,1000,1000,1.0,0.0,0.036,0.005891010100144117,0.018,0.4625,0.394,0.394,0.606,0.015451990163082553,3758.0171366220943,2832.3101985596163,6933.8326621219985,1.2526723788740313,0.944103399519872,2.3112775540406663,0.5457030016697915,0.0392457994352531,1.1769702395571946
WbWb_8000_3000,WbWb,8000,3000,85,120,1.4,1.2,/eos/uscms/store/user/aji/rootfiles_existingOptimization/WbWb_8000_3000_pt120_ak14_ca12_th85.root,ok,,1000,1000,1.0,0.0,0.026,0.0050322956987840055,0.013,0.434,0.368,0.368,0.632,0.015250442616527561,3894.1585756308714,2882.3742515812314,7258.202105862358,1.298052858543624,0.960791417193744,2.4194007019541193,0.5618451032868148,0.03314915557209487,1.2236503891411772
WbWb_8000_3000,WbWb,8000,3000,85,100,1.2,1.4,/eos/uscms/store/user/aji/rootfiles_existingOptimization/WbWb_8000_3000_pt100_ak12_ca14_th85.root,ok,,1000,1000,1.0,0.0,0.037,0.005969170796685248,0.0185,0.435,0.354,0.354,0.646,0.015122301412152848,3795.8314721690044,2766.929072219653,6966.1996372097,1.2652771573896682,0.9223096907398843,2.3220665457365666,0.5531423873503148,0.04951872896214832,1.2256701030892816
WbWb_8000_3000,WbWb,8000,3000,85,160,1.6,1.6,/eos/uscms/store/user/aji/rootfiles_existingOptimization/WbWb_8000_3000_pt160_ak16_ca16_th85.root,ok,,1000,1000,1.0,0.0,0.032,0.005565608681896348,0.016,0.421,0.325,0.325,0.675,0.014811313243598623,3679.0611216805983,2477.6642112808318,6605.448206649386,1.226353707226866,0.8258880704269439,2.201816068883128,0.5609833404293889,0.08524439551767654,1.2586187111520757
WbWb_8000_3000,WbWb,8000,3000,85,120,1.4,1.4,/eos/uscms/store/user/aji/rootfiles_existingOptimization/WbWb_8000_3000_pt120_ak14_ca14_th85.root,ok,,1000,1000,1.0,0.0,0.036,0.005891010100144117,0.018,0.4015,0.322,0.322,0.6779999999999999,0.014775520295407536,3940.524517767349,2840.708555232993,7189.367204715795,1.3135081725891165,0.9469028517443311,2.396455734905265,0.5517867773535255,0.05545576994692156,1.2611375946124372
WbWb_8000_3000,WbWb,8000,3000,85,100,1.2,1.6,/eos/uscms/store/user/aji/rootfiles_existingOptimization/WbWb_8000_3000_pt100_ak12_ca16_th85.root,ok,,1000,1000,1.0,0.0,0.038,0.006046155803483731,0.019,0.414,0.319,0.319,0.681,0.01473902981881779,3812.5219125785634,2604.295951802743,7039.708110746244,1.270840637526188,0.8680986506009143,2.346569370248748,0.5816900545948142,0.07110155740407234,1.2897741183474332
WbWb_8000_3000,WbWb,8000,3000,85,100,1.4,1.2,/eos/uscms/store/user/aji/rootfiles_existingOptimization/WbWb_8000_3000_pt100_ak14_ca12_th85.root,ok,,1000,1000,1.0,0.0,0.02,0.004427188724235731,0.01,0.332,0.278,0.278,0.722,0.01416742743055351,4830.901797903113,3002.653910168999,8126.182141769337,1.6103005993010377,1.0008846367229998,2.7087273805897794,0.5302869366775621,0.029071982480238116,1.3133169966076659
WbWb_8000_3000,WbWb,8000,3000,85,140,1.6,1.4,/eos/uscms/store/user/aji/rootfiles_existingOptimization/WbWb_8000_3000_pt140_ak16_ca14_th85.root,ok,,1000,1000,1.0,0.0,0.019,0.004317290817167636,0.0095,0.3845,0.312,0.312,0.688,0.014651143300097778,4019.222906545433,2914.3214140007235,7721.775508630119,1.3397409688484776,0.9714404713335745,2.573925169543373,0.5980576602009686,0.05054881068329721,1.3200317570858164
WbWb_8000_3000,WbWb,8000,3000,85,120,1.4,1.6,/eos/uscms/store/user/aji/rootfiles_existingOptimization/WbWb_8000_3000_pt120_ak14_ca16_th85.root,ok,,1000,1000,1.0,0.0,0.038,0.006046155803483731,0.019,0.38,0.281,0.281,0.719,0.014214042352547005,3941.5868623409747,2653.9256967388005,7149.134243114533,1.3138622874469916,0.8846418989129335,2.383044747704844,0.5702282739629835,0.0742675526811805,1.3206145027076825
WbWb_8000_3000,WbWb,8000,3000,85,100,1.4,1.4,/eos/uscms/store/user/aji/rootfiles_existingOptimization/WbWb_8000_3000_pt100_ak14_ca14_th85.root,ok,,1000,1000,1.0,0.0,0.025,0.0049371044145328745,0.0125,0.31,0.244,0.244,0.756,0.013581752464244074,4784.361101144121,2986.183804696718,8206.101628382217,1.594787033714707,0.9953946015655727,2.735367209460739,0.5455187969023931,0.04627079994135992,1.360997500273864
WbWb_8000_3000,WbWb,8000,3000,85,140,1.6,1.6,/eos/uscms/store/user/aji/rootfiles_existingOptimization/WbWb_8000_3000_pt140_ak16_ca16_th85.root,ok,,1000,1000,1.0,0.0,0.026,0.0050322956987840055,0.013,0.3605,0.274,0.274,0.726,0.014104041973845655,4067.4186532066683,2749.4122501913803,7697.523869473492,1.355806217735556,0.9164707500637934,2.5658412898244976,0.6082619028386866,0.07526389870644568,1.3698425246122423
WbWb_8000_3000,WbWb,8000,3000,85,120,1.6,1.4,/eos/uscms/store/user/aji/rootfiles_existingOptimization/WbWb_8000_3000_pt120_ak16_ca14_th85.root,ok,,1000,1000,1.0,0.0,0.016,0.003967870965643918,0.008,0.295,0.236,0.236,0.764,0.013427732496590778,4846.105770212424,3026.4845487734647,8376.18085117793,1.6153685900708081,1.0088281829244883,2.7920602837259767,0.5519582687698917,0.046188686016533725,1.3774951277769727
WbWb_8000_3000,WbWb,8000,3000,85,100,1.4,1.6,/eos/uscms/store/user/aji/rootfiles_existingOptimization/WbWb_8000_3000_pt100_ak14_ca16_th85.root,ok,,1000,1000,1.0,0.0,0.026,0.0050322956987840055,0.013,0.2965,0.212,0.212,0.788,0.012925014506761683,4753.601159590976,2965.9048109041787,8206.101628382217,1.5845337198636587,0.9886349369680596,2.735367209460739,0.551181792661054,0.061791464308476596,1.3976351646474199
WbWb_8000_3000,WbWb,8000,3000,85,100,1.6,1.4,/eos/uscms/store/user/aji/rootfiles_existingOptimization/WbWb_8000_3000_pt100_ak16_ca14_th85.root,ok,,1000,1000,1.0,0.0,0.012,0.003443254274665175,0.006,0.2205,0.175,0.175,0.825,0.012015614840697917,5931.779224945953,3233.6363569889254,8915.867182880866,1.9772597416486506,1.0778787856629752,2.971955727626955,0.47896513089997156,0.04423947218451728,1.4016911050648366
WbWb_8000_3000,WbWb,8000,3000,85,120,1.6,1.6,/eos/uscms/store/user/aji/rootfiles_existingOptimization/WbWb_8000_3000_pt120_ak16_ca16_th85.root,ok,,1000,1000,1.0,0.0,0.022,0.0046385342512479085,0.011,0.284,0.206,0.206,0.794,0.0127892142057282,4850.405345806255,3000.23707322887,8402.825060994468,1.6168017819354183,1.0000790244096234,2.8009416869981565,0.5569212882833361,0.06775390081113061,1.412601466476878
WbWb_8000_3000,WbWb,8000,3000,85,100,1.6,1.6,/eos/uscms/store/user/aji/rootfiles_existingOptimization/WbWb_8000_3000_pt100_ak16_ca16_th85.root,ok,,1000,1000,1.0,0.0,0.017,0.004087909000944126,0.0085,0.213,0.152,0.152,0.848,0.011353237423748348,5845.430292061649,3194.8198916630777,9030.196955472056,1.9484767640205498,1.0649399638876926,3.0100656518240188,0.4991400779967966,0.06529865847549737,1.4419877543988515
WbWb_8000_3000,WbWb,8000,3000,85,100,0.8,0.4,/eos/uscms/store/user/aji/rootfiles_existingOptimization/WbWb_8000_3000_pt100_ak8_ca4_th85.root,failed,/eos/uscms/store/user/aji/rootfiles_existingOptimization/WbWb_8000_3000_pt100_ak8_ca4_th85.root,nan,nan,nan,nan,nan,nan,nan,nan,nan,nan,nan,nan,nan,nan,nan,nan,nan,nan,nan,nan,nan
WbWb_8000_3000,WbWb,8000,3000,85,100,1.0,0.4,/eos/uscms/store/user/aji/rootfiles_existingOptimization/WbWb_8000_3000_pt100_ak10_ca4_th85.root,failed,/eos/uscms/store/user/aji/rootfiles_existingOptimization/WbWb_8000_3000_pt100_ak10_ca4_th85.root,nan,nan,nan,nan,nan,nan,nan,nan,nan,nan,nan,nan,nan,nan,nan,nan,nan,nan,nan,nan,nan
WbWb_8000_3000,WbWb,8000,3000,85,100,1.0,0.6,/eos/uscms/store/user/aji/rootfiles_existingOptimization/WbWb_8000_3000_pt100_ak10_ca6_th85.root,failed,/eos/uscms/store/user/aji/rootfiles_existingOptimization/WbWb_8000_3000_pt100_ak10_ca6_th85.root,nan,nan,nan,nan,nan,nan,nan,nan,nan,nan,nan,nan,nan,nan,nan,nan,nan,nan,nan,nan,nan
WbWb_8000_3000,WbWb,8000,3000,85,100,1.2,0.4,/eos/uscms/store/user/aji/rootfiles_existingOptimization/WbWb_8000_3000_pt100_ak12_ca4_th85.root,failed,/eos/uscms/store/user/aji/rootfiles_existingOptimization/WbWb_8000_3000_pt100_ak12_ca4_th85.root,nan,nan,nan,nan,nan,nan,nan,nan,nan,nan,nan,nan,nan,nan,nan,nan,nan,nan,nan,nan,nan
WbWb_8000_3000,WbWb,8000,3000,85,100,1.2,0.6,/eos/uscms/store/user/aji/rootfiles_existingOptimization/WbWb_8000_3000_pt100_ak12_ca6_th85.root,failed,/eos/uscms/store/user/aji/rootfiles_existingOptimization/WbWb_8000_3000_pt100_ak12_ca6_th85.root,nan,nan,nan,nan,nan,nan,nan,nan,nan,nan,nan,nan,nan,nan,nan,nan,nan,nan,nan,nan,nan
WbWb_8000_3000,WbWb,8000,3000,85,100,1.2,0.8,/eos/uscms/store/user/aji/rootfiles_existingOptimization/WbWb_8000_3000_pt100_ak12_ca8_th85.root,failed,/eos/uscms/store/user/aji/rootfiles_existingOptimization/WbWb_8000_3000_pt100_ak12_ca8_th85.root,nan,nan,nan,nan,nan,nan,nan,nan,nan,nan,nan,nan,nan,nan,nan,nan,nan,nan,nan,nan,nan
WbWb_8000_3000,WbWb,8000,3000,85,100,1.4,0.4,/eos/uscms/store/user/aji/rootfiles_existingOptimization/WbWb_8000_3000_pt100_ak14_ca4_th85.root,failed,/eos/uscms/store/user/aji/rootfiles_existingOptimization/WbWb_8000_3000_pt100_ak14_ca4_th85.root,nan,nan,nan,nan,nan,nan,nan,nan,nan,nan,nan,nan,nan,nan,nan,nan,nan,nan,nan,nan,nan
WbWb_8000_3000,WbWb,8000,3000,85,100,1.4,0.6,/eos/uscms/store/user/aji/rootfiles_existingOptimization/WbWb_8000_3000_pt100_ak14_ca6_th85.root,failed,/eos/uscms/store/user/aji/rootfiles_existingOptimization/WbWb_8000_3000_pt100_ak14_ca6_th85.root,nan,nan,nan,nan,nan,nan,nan,nan,nan,nan,nan,nan,nan,nan,nan,nan,nan,nan,nan,nan,nan
WbWb_8000_3000,WbWb,8000,3000,85,100,1.4,0.8,/eos/uscms/store/user/aji/rootfiles_existingOptimization/WbWb_8000_3000_pt100_ak14_ca8_th85.root,failed,/eos/uscms/store/user/aji/rootfiles_existingOptimization/WbWb_8000_3000_pt100_ak14_ca8_th85.root,nan,nan,nan,nan,nan,nan,nan,nan,nan,nan,nan,nan,nan,nan,nan,nan,nan,nan,nan,nan,nan
WbWb_8000_3000,WbWb,8000,3000,85,100,1.4,1.0,/eos/uscms/store/user/aji/rootfiles_existingOptimization/WbWb_8000_3000_pt100_ak14_ca10_th85.root,failed,/eos/uscms/store/user/aji/rootfiles_existingOptimization/WbWb_8000_3000_pt100_ak14_ca10_th85.root,nan,nan,nan,nan,nan,nan,nan,nan,nan,nan,nan,nan,nan,nan,nan,nan,nan,nan,nan,nan,nan
WbWb_8000_3000,WbWb,8000,3000,85,100,1.6,0.4,/eos/uscms/store/user/aji/rootfiles_existingOptimization/WbWb_8000_3000_pt100_ak16_ca4_th85.root,failed,/eos/uscms/store/user/aji/rootfiles_existingOptimization/WbWb_8000_3000_pt100_ak16_ca4_th85.root,nan,nan,nan,nan,nan,nan,nan,nan,nan,nan,nan,nan,nan,nan,nan,nan,nan,nan,nan,nan,nan
WbWb_8000_3000,WbWb,8000,3000,85,100,1.6,0.6,/eos/uscms/store/user/aji/rootfiles_existingOptimization/WbWb_8000_3000_pt100_ak16_ca6_th85.root,failed,/eos/uscms/store/user/aji/rootfiles_existingOptimization/WbWb_8000_3000_pt100_ak16_ca6_th85.root,nan,nan,nan,nan,nan,nan,nan,nan,nan,nan,nan,nan,nan,nan,nan,nan,nan,nan,nan,nan,nan
WbWb_8000_3000,WbWb,8000,3000,85,100,1.6,0.8,/eos/uscms/store/user/aji/rootfiles_existingOptimization/WbWb_8000_3000_pt100_ak16_ca8_th85.root,failed,/eos/uscms/store/user/aji/rootfiles_existingOptimization/WbWb_8000_3000_pt100_ak16_ca8_th85.root,nan,nan,nan,nan,nan,nan,nan,nan,nan,nan,nan,nan,nan,nan,nan,nan,nan,nan,nan,nan,nan
WbWb_8000_3000,WbWb,8000,3000,85,100,1.6,1.0,/eos/uscms/store/user/aji/rootfiles_existingOptimization/WbWb_8000_3000_pt100_ak16_ca10_th85.root,failed,/eos/uscms/store/user/aji/rootfiles_existingOptimization/WbWb_8000_3000_pt100_ak16_ca10_th85.root,nan,nan,nan,nan,nan,nan,nan,nan,nan,nan,nan,nan,nan,nan,nan,nan,nan,nan,nan,nan,nan
WbWb_8000_3000,WbWb,8000,3000,85,100,1.6,1.2,/eos/uscms/store/user/aji/rootfiles_existingOptimization/WbWb_8000_3000_pt100_ak16_ca12_th85.root,failed,/eos/uscms/store/user/aji/rootfiles_existingOptimization/WbWb_8000_3000_pt100_ak16_ca12_th85.root,nan,nan,nan,nan,nan,nan,nan,nan,nan,nan,nan,nan,nan,nan,nan,nan,nan,nan,nan,nan,nan
WbWb_8000_3000,WbWb,8000,3000,85,120,0.8,0.4,/eos/uscms/store/user/aji/rootfiles_existingOptimization/WbWb_8000_3000_pt120_ak8_ca4_th85.root,failed,/eos/uscms/store/user/aji/rootfiles_existingOptimization/WbWb_8000_3000_pt120_ak8_ca4_th85.root,nan,nan,nan,nan,nan,nan,nan,nan,nan,nan,nan,nan,nan,nan,nan,nan,nan,nan,nan,nan,nan
WbWb_8000_3000,WbWb,8000,3000,85,120,1.0,0.4,/eos/uscms/store/user/aji/rootfiles_existingOptimization/WbWb_8000_3000_pt120_ak10_ca4_th85.root,failed,/eos/uscms/store/user/aji/rootfiles_existingOptimization/WbWb_8000_3000_pt120_ak10_ca4_th85.root,nan,nan,nan,nan,nan,nan,nan,nan,nan,nan,nan,nan,nan,nan,nan,nan,nan,nan,nan,nan,nan
WbWb_8000_3000,WbWb,8000,3000,85,120,1.0,0.6,/eos/uscms/store/user/aji/rootfiles_existingOptimization/WbWb_8000_3000_pt120_ak10_ca6_th85.root,failed,/eos/uscms/store/user/aji/rootfiles_existingOptimization/WbWb_8000_3000_pt120_ak10_ca6_th85.root,nan,nan,nan,nan,nan,nan,nan,nan,nan,nan,nan,nan,nan,nan,nan,nan,nan,nan,nan,nan,nan
WbWb_8000_3000,WbWb,8000,3000,85,120,1.2,0.4,/eos/uscms/store/user/aji/rootfiles_existingOptimization/WbWb_8000_3000_pt120_ak12_ca4_th85.root,failed,/eos/uscms/store/user/aji/rootfiles_existingOptimization/WbWb_8000_3000_pt120_ak12_ca4_th85.root,nan,nan,nan,nan,nan,nan,nan,nan,nan,nan,nan,nan,nan,nan,nan,nan,nan,nan,nan,nan,nan
WbWb_8000_3000,WbWb,8000,3000,85,120,1.2,0.6,/eos/uscms/store/user/aji/rootfiles_existingOptimization/WbWb_8000_3000_pt120_ak12_ca6_th85.root,failed,/eos/uscms/store/user/aji/rootfiles_existingOptimization/WbWb_8000_3000_pt120_ak12_ca6_th85.root,nan,nan,nan,nan,nan,nan,nan,nan,nan,nan,nan,nan,nan,nan,nan,nan,nan,nan,nan,nan,nan
WbWb_8000_3000,WbWb,8000,3000,85,120,1.2,0.8,/eos/uscms/store/user/aji/rootfiles_existingOptimization/WbWb_8000_3000_pt120_ak12_ca8_th85.root,failed,/eos/uscms/store/user/aji/rootfiles_existingOptimization/WbWb_8000_3000_pt120_ak12_ca8_th85.root,nan,nan,nan,nan,nan,nan,nan,nan,nan,nan,nan,nan,nan,nan,nan,nan,nan,nan,nan,nan,nan
WbWb_8000_3000,WbWb,8000,3000,85,120,1.4,0.4,/eos/uscms/store/user/aji/rootfiles_existingOptimization/WbWb_8000_3000_pt120_ak14_ca4_th85.root,failed,/eos/uscms/store/user/aji/rootfiles_existingOptimization/WbWb_8000_3000_pt120_ak14_ca4_th85.root,nan,nan,nan,nan,nan,nan,nan,nan,nan,nan,nan,nan,nan,nan,nan,nan,nan,nan,nan,nan,nan
WbWb_8000_3000,WbWb,8000,3000,85,120,1.4,0.6,/eos/uscms/store/user/aji/rootfiles_existingOptimization/WbWb_8000_3000_pt120_ak14_ca6_th85.root,failed,/eos/uscms/store/user/aji/rootfiles_existingOptimization/WbWb_8000_3000_pt120_ak14_ca6_th85.root,nan,nan,nan,nan,nan,nan,nan,nan,nan,nan,nan,nan,nan,nan,nan,nan,nan,nan,nan,nan,nan
WbWb_8000_3000,WbWb,8000,3000,85,120,1.4,0.8,/eos/uscms/store/user/aji/rootfiles_existingOptimization/WbWb_8000_3000_pt120_ak14_ca8_th85.root,failed,/eos/uscms/store/user/aji/rootfiles_existingOptimization/WbWb_8000_3000_pt120_ak14_ca8_th85.root,nan,nan,nan,nan,nan,nan,nan,nan,nan,nan,nan,nan,nan,nan,nan,nan,nan,nan,nan,nan,nan
WbWb_8000_3000,WbWb,8000,3000,85,120,1.4,1.0,/eos/uscms/store/user/aji/rootfiles_existingOptimization/WbWb_8000_3000_pt120_ak14_ca10_th85.root,failed,/eos/uscms/store/user/aji/rootfiles_existingOptimization/WbWb_8000_3000_pt120_ak14_ca10_th85.root,nan,nan,nan,nan,nan,nan,nan,nan,nan,nan,nan,nan,nan,nan,nan,nan,nan,nan,nan,nan,nan
WbWb_8000_3000,WbWb,8000,3000,85,120,1.6,0.4,/eos/uscms/store/user/aji/rootfiles_existingOptimization/WbWb_8000_3000_pt120_ak16_ca4_th85.root,failed,/eos/uscms/store/user/aji/rootfiles_existingOptimization/WbWb_8000_3000_pt120_ak16_ca4_th85.root,nan,nan,nan,nan,nan,nan,nan,nan,nan,nan,nan,nan,nan,nan,nan,nan,nan,nan,nan,nan,nan
WbWb_8000_3000,WbWb,8000,3000,85,120,1.6,0.6,/eos/uscms/store/user/aji/rootfiles_existingOptimization/WbWb_8000_3000_pt120_ak16_ca6_th85.root,failed,/eos/uscms/store/user/aji/rootfiles_existingOptimization/WbWb_8000_3000_pt120_ak16_ca6_th85.root,nan,nan,nan,nan,nan,nan,nan,nan,nan,nan,nan,nan,nan,nan,nan,nan,nan,nan,nan,nan,nan
WbWb_8000_3000,WbWb,8000,3000,85,120,1.6,0.8,/eos/uscms/store/user/aji/rootfiles_existingOptimization/WbWb_8000_3000_pt120_ak16_ca8_th85.root,failed,/eos/uscms/store/user/aji/rootfiles_existingOptimization/WbWb_8000_3000_pt120_ak16_ca8_th85.root,nan,nan,nan,nan,nan,nan,nan,nan,nan,nan,nan,nan,nan,nan,nan,nan,nan,nan,nan,nan,nan
WbWb_8000_3000,WbWb,8000,3000,85,120,1.6,1.0,/eos/uscms/store/user/aji/rootfiles_existingOptimization/WbWb_8000_3000_pt120_ak16_ca10_th85.root,failed,/eos/uscms/store/user/aji/rootfiles_existingOptimization/WbWb_8000_3000_pt120_ak16_ca10_th85.root,nan,nan,nan,nan,nan,nan,nan,nan,nan,nan,nan,nan,nan,nan,nan,nan,nan,nan,nan,nan,nan
WbWb_8000_3000,WbWb,8000,3000,85,120,1.6,1.2,/eos/uscms/store/user/aji/rootfiles_existingOptimization/WbWb_8000_3000_pt120_ak16_ca12_th85.root,failed,/eos/uscms/store/user/aji/rootfiles_existingOptimization/WbWb_8000_3000_pt120_ak16_ca12_th85.root,nan,nan,nan,nan,nan,nan,nan,nan,nan,nan,nan,nan,nan,nan,nan,nan,nan,nan,nan,nan,nan
WbWb_8000_3000,WbWb,8000,3000,85,140,0.8,0.4,/eos/uscms/store/user/aji/rootfiles_existingOptimization/WbWb_8000_3000_pt140_ak8_ca4_th85.root,failed,/eos/uscms/store/user/aji/rootfiles_existingOptimization/WbWb_8000_3000_pt140_ak8_ca4_th85.root,nan,nan,nan,nan,nan,nan,nan,nan,nan,nan,nan,nan,nan,nan,nan,nan,nan,nan,nan,nan,nan
WbWb_8000_3000,WbWb,8000,3000,85,140,1.0,0.4,/eos/uscms/store/user/aji/rootfiles_existingOptimization/WbWb_8000_3000_pt140_ak10_ca4_th85.root,failed,/eos/uscms/store/user/aji/rootfiles_existingOptimization/WbWb_8000_3000_pt140_ak10_ca4_th85.root,nan,nan,nan,nan,nan,nan,nan,nan,nan,nan,nan,nan,nan,nan,nan,nan,nan,nan,nan,nan,nan
WbWb_8000_3000,WbWb,8000,3000,85,140,1.0,0.6,/eos/uscms/store/user/aji/rootfiles_existingOptimization/WbWb_8000_3000_pt140_ak10_ca6_th85.root,failed,/eos/uscms/store/user/aji/rootfiles_existingOptimization/WbWb_8000_3000_pt140_ak10_ca6_th85.root,nan,nan,nan,nan,nan,nan,nan,nan,nan,nan,nan,nan,nan,nan,nan,nan,nan,nan,nan,nan,nan
WbWb_8000_3000,WbWb,8000,3000,85,140,1.2,0.4,/eos/uscms/store/user/aji/rootfiles_existingOptimization/WbWb_8000_3000_pt140_ak12_ca4_th85.root,failed,/eos/uscms/store/user/aji/rootfiles_existingOptimization/WbWb_8000_3000_pt140_ak12_ca4_th85.root,nan,nan,nan,nan,nan,nan,nan,nan,nan,nan,nan,nan,nan,nan,nan,nan,nan,nan,nan,nan,nan
WbWb_8000_3000,WbWb,8000,3000,85,140,1.2,0.6,/eos/uscms/store/user/aji/rootfiles_existingOptimization/WbWb_8000_3000_pt140_ak12_ca6_th85.root,failed,/eos/uscms/store/user/aji/rootfiles_existingOptimization/WbWb_8000_3000_pt140_ak12_ca6_th85.root,nan,nan,nan,nan,nan,nan,nan,nan,nan,nan,nan,nan,nan,nan,nan,nan,nan,nan,nan,nan,nan
WbWb_8000_3000,WbWb,8000,3000,85,140,1.2,0.8,/eos/uscms/store/user/aji/rootfiles_existingOptimization/WbWb_8000_3000_pt140_ak12_ca8_th85.root,failed,/eos/uscms/store/user/aji/rootfiles_existingOptimization/WbWb_8000_3000_pt140_ak12_ca8_th85.root,nan,nan,nan,nan,nan,nan,nan,nan,nan,nan,nan,nan,nan,nan,nan,nan,nan,nan,nan,nan,nan
WbWb_8000_3000,WbWb,8000,3000,85,140,1.4,0.4,/eos/uscms/store/user/aji/rootfiles_existingOptimization/WbWb_8000_3000_pt140_ak14_ca4_th85.root,failed,/eos/uscms/store/user/aji/rootfiles_existingOptimization/WbWb_8000_3000_pt140_ak14_ca4_th85.root,nan,nan,nan,nan,nan,nan,nan,nan,nan,nan,nan,nan,nan,nan,nan,nan,nan,nan,nan,nan,nan
WbWb_8000_3000,WbWb,8000,3000,85,140,1.4,0.6,/eos/uscms/store/user/aji/rootfiles_existingOptimization/WbWb_8000_3000_pt140_ak14_ca6_th85.root,failed,/eos/uscms/store/user/aji/rootfiles_existingOptimization/WbWb_8000_3000_pt140_ak14_ca6_th85.root,nan,nan,nan,nan,nan,nan,nan,nan,nan,nan,nan,nan,nan,nan,nan,nan,nan,nan,nan,nan,nan
WbWb_8000_3000,WbWb,8000,3000,85,140,1.4,0.8,/eos/uscms/store/user/aji/rootfiles_existingOptimization/WbWb_8000_3000_pt140_ak14_ca8_th85.root,failed,/eos/uscms/store/user/aji/rootfiles_existingOptimization/WbWb_8000_3000_pt140_ak14_ca8_th85.root,nan,nan,nan,nan,nan,nan,nan,nan,nan,nan,nan,nan,nan,nan,nan,nan,nan,nan,nan,nan,nan
WbWb_8000_3000,WbWb,8000,3000,85,140,1.4,1.0,/eos/uscms/store/user/aji/rootfiles_existingOptimization/WbWb_8000_3000_pt140_ak14_ca10_th85.root,failed,/eos/uscms/store/user/aji/rootfiles_existingOptimization/WbWb_8000_3000_pt140_ak14_ca10_th85.root,nan,nan,nan,nan,nan,nan,nan,nan,nan,nan,nan,nan,nan,nan,nan,nan,nan,nan,nan,nan,nan
WbWb_8000_3000,WbWb,8000,3000,85,140,1.6,0.4,/eos/uscms/store/user/aji/rootfiles_existingOptimization/WbWb_8000_3000_pt140_ak16_ca4_th85.root,failed,/eos/uscms/store/user/aji/rootfiles_existingOptimization/WbWb_8000_3000_pt140_ak16_ca4_th85.root,nan,nan,nan,nan,nan,nan,nan,nan,nan,nan,nan,nan,nan,nan,nan,nan,nan,nan,nan,nan,nan
WbWb_8000_3000,WbWb,8000,3000,85,140,1.6,0.6,/eos/uscms/store/user/aji/rootfiles_existingOptimization/WbWb_8000_3000_pt140_ak16_ca6_th85.root,failed,/eos/uscms/store/user/aji/rootfiles_existingOptimization/WbWb_8000_3000_pt140_ak16_ca6_th85.root,nan,nan,nan,nan,nan,nan,nan,nan,nan,nan,nan,nan,nan,nan,nan,nan,nan,nan,nan,nan,nan
WbWb_8000_3000,WbWb,8000,3000,85,140,1.6,0.8,/eos/uscms/store/user/aji/rootfiles_existingOptimization/WbWb_8000_3000_pt140_ak16_ca8_th85.root,failed,/eos/uscms/store/user/aji/rootfiles_existingOptimization/WbWb_8000_3000_pt140_ak16_ca8_th85.root,nan,nan,nan,nan,nan,nan,nan,nan,nan,nan,nan,nan,nan,nan,nan,nan,nan,nan,nan,nan,nan
WbWb_8000_3000,WbWb,8000,3000,85,140,1.6,1.0,/eos/uscms/store/user/aji/rootfiles_existingOptimization/WbWb_8000_3000_pt140_ak16_ca10_th85.root,failed,/eos/uscms/store/user/aji/rootfiles_existingOptimization/WbWb_8000_3000_pt140_ak16_ca10_th85.root,nan,nan,nan,nan,nan,nan,nan,nan,nan,nan,nan,nan,nan,nan,nan,nan,nan,nan,nan,nan,nan
WbWb_8000_3000,WbWb,8000,3000,85,140,1.6,1.2,/eos/uscms/store/user/aji/rootfiles_existingOptimization/WbWb_8000_3000_pt140_ak16_ca12_th85.root,failed,/eos/uscms/store/user/aji/rootfiles_existingOptimization/WbWb_8000_3000_pt140_ak16_ca12_th85.root,nan,nan,nan,nan,nan,nan,nan,nan,nan,nan,nan,nan,nan,nan,nan,nan,nan,nan,nan,nan,nan
WbWb_8000_3000,WbWb,8000,3000,85,160,0.8,0.4,/eos/uscms/store/user/aji/rootfiles_existingOptimization/WbWb_8000_3000_pt160_ak8_ca4_th85.root,failed,/eos/uscms/store/user/aji/rootfiles_existingOptimization/WbWb_8000_3000_pt160_ak8_ca4_th85.root,nan,nan,nan,nan,nan,nan,nan,nan,nan,nan,nan,nan,nan,nan,nan,nan,nan,nan,nan,nan,nan
WbWb_8000_3000,WbWb,8000,3000,85,160,1.0,0.4,/eos/uscms/store/user/aji/rootfiles_existingOptimization/WbWb_8000_3000_pt160_ak10_ca4_th85.root,failed,/eos/uscms/store/user/aji/rootfiles_existingOptimization/WbWb_8000_3000_pt160_ak10_ca4_th85.root,nan,nan,nan,nan,nan,nan,nan,nan,nan,nan,nan,nan,nan,nan,nan,nan,nan,nan,nan,nan,nan
WbWb_8000_3000,WbWb,8000,3000,85,160,1.0,0.6,/eos/uscms/store/user/aji/rootfiles_existingOptimization/WbWb_8000_3000_pt160_ak10_ca6_th85.root,failed,/eos/uscms/store/user/aji/rootfiles_existingOptimization/WbWb_8000_3000_pt160_ak10_ca6_th85.root,nan,nan,nan,nan,nan,nan,nan,nan,nan,nan,nan,nan,nan,nan,nan,nan,nan,nan,nan,nan,nan
WbWb_8000_3000,WbWb,8000,3000,85,160,1.2,0.4,/eos/uscms/store/user/aji/rootfiles_existingOptimization/WbWb_8000_3000_pt160_ak12_ca4_th85.root,failed,/eos/uscms/store/user/aji/rootfiles_existingOptimization/WbWb_8000_3000_pt160_ak12_ca4_th85.root,nan,nan,nan,nan,nan,nan,nan,nan,nan,nan,nan,nan,nan,nan,nan,nan,nan,nan,nan,nan,nan
WbWb_8000_3000,WbWb,8000,3000,85,160,1.2,0.6,/eos/uscms/store/user/aji/rootfiles_existingOptimization/WbWb_8000_3000_pt160_ak12_ca6_th85.root,failed,/eos/uscms/store/user/aji/rootfiles_existingOptimization/WbWb_8000_3000_pt160_ak12_ca6_th85.root,nan,nan,nan,nan,nan,nan,nan,nan,nan,nan,nan,nan,nan,nan,nan,nan,nan,nan,nan,nan,nan
WbWb_8000_3000,WbWb,8000,3000,85,160,1.2,0.8,/eos/uscms/store/user/aji/rootfiles_existingOptimization/WbWb_8000_3000_pt160_ak12_ca8_th85.root,failed,/eos/uscms/store/user/aji/rootfiles_existingOptimization/WbWb_8000_3000_pt160_ak12_ca8_th85.root,nan,nan,nan,nan,nan,nan,nan,nan,nan,nan,nan,nan,nan,nan,nan,nan,nan,nan,nan,nan,nan
WbWb_8000_3000,WbWb,8000,3000,85,160,1.4,0.4,/eos/uscms/store/user/aji/rootfiles_existingOptimization/WbWb_8000_3000_pt160_ak14_ca4_th85.root,failed,/eos/uscms/store/user/aji/rootfiles_existingOptimization/WbWb_8000_3000_pt160_ak14_ca4_th85.root,nan,nan,nan,nan,nan,nan,nan,nan,nan,nan,nan,nan,nan,nan,nan,nan,nan,nan,nan,nan,nan
WbWb_8000_3000,WbWb,8000,3000,85,160,1.4,0.6,/eos/uscms/store/user/aji/rootfiles_existingOptimization/WbWb_8000_3000_pt160_ak14_ca6_th85.root,failed,/eos/uscms/store/user/aji/rootfiles_existingOptimization/WbWb_8000_3000_pt160_ak14_ca6_th85.root,nan,nan,nan,nan,nan,nan,nan,nan,nan,nan,nan,nan,nan,nan,nan,nan,nan,nan,nan,nan,nan
WbWb_8000_3000,WbWb,8000,3000,85,160,1.4,0.8,/eos/uscms/store/user/aji/rootfiles_existingOptimization/WbWb_8000_3000_pt160_ak14_ca8_th85.root,failed,/eos/uscms/store/user/aji/rootfiles_existingOptimization/WbWb_8000_3000_pt160_ak14_ca8_th85.root,nan,nan,nan,nan,nan,nan,nan,nan,nan,nan,nan,nan,nan,nan,nan,nan,nan,nan,nan,nan,nan
WbWb_8000_3000,WbWb,8000,3000,85,160,1.4,1.0,/eos/uscms/store/user/aji/rootfiles_existingOptimization/WbWb_8000_3000_pt160_ak14_ca10_th85.root,failed,/eos/uscms/store/user/aji/rootfiles_existingOptimization/WbWb_8000_3000_pt160_ak14_ca10_th85.root,nan,nan,nan,nan,nan,nan,nan,nan,nan,nan,nan,nan,nan,nan,nan,nan,nan,nan,nan,nan,nan
WbWb_8000_3000,WbWb,8000,3000,85,160,1.6,0.4,/eos/uscms/store/user/aji/rootfiles_existingOptimization/WbWb_8000_3000_pt160_ak16_ca4_th85.root,failed,/eos/uscms/store/user/aji/rootfiles_existingOptimization/WbWb_8000_3000_pt160_ak16_ca4_th85.root,nan,nan,nan,nan,nan,nan,nan,nan,nan,nan,nan,nan,nan,nan,nan,nan,nan,nan,nan,nan,nan
WbWb_8000_3000,WbWb,8000,3000,85,160,1.6,0.6,/eos/uscms/store/user/aji/rootfiles_existingOptimization/WbWb_8000_3000_pt160_ak16_ca6_th85.root,failed,/eos/uscms/store/user/aji/rootfiles_existingOptimization/WbWb_8000_3000_pt160_ak16_ca6_th85.root,nan,nan,nan,nan,nan,nan,nan,nan,nan,nan,nan,nan,nan,nan,nan,nan,nan,nan,nan,nan,nan
WbWb_8000_3000,WbWb,8000,3000,85,160,1.6,0.8,/eos/uscms/store/user/aji/rootfiles_existingOptimization/WbWb_8000_3000_pt160_ak16_ca8_th85.root,failed,/eos/uscms/store/user/aji/rootfiles_existingOptimization/WbWb_8000_3000_pt160_ak16_ca8_th85.root,nan,nan,nan,nan,nan,nan,nan,nan,nan,nan,nan,nan,nan,nan,nan,nan,nan,nan,nan,nan,nan
WbWb_8000_3000,WbWb,8000,3000,85,160,1.6,1.0,/eos/uscms/store/user/aji/rootfiles_existingOptimization/WbWb_8000_3000_pt160_ak16_ca10_th85.root,failed,/eos/uscms/store/user/aji/rootfiles_existingOptimization/WbWb_8000_3000_pt160_ak16_ca10_th85.root,nan,nan,nan,nan,nan,nan,nan,nan,nan,nan,nan,nan,nan,nan,nan,nan,nan,nan,nan,nan,nan
WbWb_8000_3000,WbWb,8000,3000,85,160,1.6,1.2,/eos/uscms/store/user/aji/rootfiles_existingOptimization/WbWb_8000_3000_pt160_ak16_ca12_th85.root,failed,/eos/uscms/store/user/aji/rootfiles_existingOptimization/WbWb_8000_3000_pt160_ak16_ca12_th85.root,nan,nan,nan,nan,nan,nan,nan,nan,nan,nan,nan,nan,nan,nan,nan,nan,nan,nan,nan,nan,nan
WbWb_8000_3000,WbWb,8000,3000,85,180,0.8,0.4,/eos/uscms/store/user/aji/rootfiles_existingOptimization/WbWb_8000_3000_pt180_ak8_ca4_th85.root,failed,/eos/uscms/store/user/aji/rootfiles_existingOptimization/WbWb_8000_3000_pt180_ak8_ca4_th85.root,nan,nan,nan,nan,nan,nan,nan,nan,nan,nan,nan,nan,nan,nan,nan,nan,nan,nan,nan,nan,nan
WbWb_8000_3000,WbWb,8000,3000,85,180,1.0,0.4,/eos/uscms/store/user/aji/rootfiles_existingOptimization/WbWb_8000_3000_pt180_ak10_ca4_th85.root,failed,/eos/uscms/store/user/aji/rootfiles_existingOptimization/WbWb_8000_3000_pt180_ak10_ca4_th85.root,nan,nan,nan,nan,nan,nan,nan,nan,nan,nan,nan,nan,nan,nan,nan,nan,nan,nan,nan,nan,nan
WbWb_8000_3000,WbWb,8000,3000,85,180,1.0,0.6,/eos/uscms/store/user/aji/rootfiles_existingOptimization/WbWb_8000_3000_pt180_ak10_ca6_th85.root,failed,/eos/uscms/store/user/aji/rootfiles_existingOptimization/WbWb_8000_3000_pt180_ak10_ca6_th85.root,nan,nan,nan,nan,nan,nan,nan,nan,nan,nan,nan,nan,nan,nan,nan,nan,nan,nan,nan,nan,nan
WbWb_8000_3000,WbWb,8000,3000,85,180,1.2,0.4,/eos/uscms/store/user/aji/rootfiles_existingOptimization/WbWb_8000_3000_pt180_ak12_ca4_th85.root,failed,/eos/uscms/store/user/aji/rootfiles_existingOptimization/WbWb_8000_3000_pt180_ak12_ca4_th85.root,nan,nan,nan,nan,nan,nan,nan,nan,nan,nan,nan,nan,nan,nan,nan,nan,nan,nan,nan,nan,nan
WbWb_8000_3000,WbWb,8000,3000,85,180,1.2,0.6,/eos/uscms/store/user/aji/rootfiles_existingOptimization/WbWb_8000_3000_pt180_ak12_ca6_th85.root,failed,/eos/uscms/store/user/aji/rootfiles_existingOptimization/WbWb_8000_3000_pt180_ak12_ca6_th85.root,nan,nan,nan,nan,nan,nan,nan,nan,nan,nan,nan,nan,nan,nan,nan,nan,nan,nan,nan,nan,nan
WbWb_8000_3000,WbWb,8000,3000,85,180,1.2,0.8,/eos/uscms/store/user/aji/rootfiles_existingOptimization/WbWb_8000_3000_pt180_ak12_ca8_th85.root,failed,/eos/uscms/store/user/aji/rootfiles_existingOptimization/WbWb_8000_3000_pt180_ak12_ca8_th85.root,nan,nan,nan,nan,nan,nan,nan,nan,nan,nan,nan,nan,nan,nan,nan,nan,nan,nan,nan,nan,nan
WbWb_8000_3000,WbWb,8000,3000,85,180,1.4,0.4,/eos/uscms/store/user/aji/rootfiles_existingOptimization/WbWb_8000_3000_pt180_ak14_ca4_th85.root,failed,/eos/uscms/store/user/aji/rootfiles_existingOptimization/WbWb_8000_3000_pt180_ak14_ca4_th85.root,nan,nan,nan,nan,nan,nan,nan,nan,nan,nan,nan,nan,nan,nan,nan,nan,nan,nan,nan,nan,nan
WbWb_8000_3000,WbWb,8000,3000,85,180,1.4,0.6,/eos/uscms/store/user/aji/rootfiles_existingOptimization/WbWb_8000_3000_pt180_ak14_ca6_th85.root,failed,/eos/uscms/store/user/aji/rootfiles_existingOptimization/WbWb_8000_3000_pt180_ak14_ca6_th85.root,nan,nan,nan,nan,nan,nan,nan,nan,nan,nan,nan,nan,nan,nan,nan,nan,nan,nan,nan,nan,nan
WbWb_8000_3000,WbWb,8000,3000,85,180,1.4,0.8,/eos/uscms/store/user/aji/rootfiles_existingOptimization/WbWb_8000_3000_pt180_ak14_ca8_th85.root,failed,/eos/uscms/store/user/aji/rootfiles_existingOptimization/WbWb_8000_3000_pt180_ak14_ca8_th85.root,nan,nan,nan,nan,nan,nan,nan,nan,nan,nan,nan,nan,nan,nan,nan,nan,nan,nan,nan,nan,nan
WbWb_8000_3000,WbWb,8000,3000,85,180,1.4,1.0,/eos/uscms/store/user/aji/rootfiles_existingOptimization/WbWb_8000_3000_pt180_ak14_ca10_th85.root,failed,/eos/uscms/store/user/aji/rootfiles_existingOptimization/WbWb_8000_3000_pt180_ak14_ca10_th85.root,nan,nan,nan,nan,nan,nan,nan,nan,nan,nan,nan,nan,nan,nan,nan,nan,nan,nan,nan,nan,nan
WbWb_8000_3000,WbWb,8000,3000,85,180,1.6,0.4,/eos/uscms/store/user/aji/rootfiles_existingOptimization/WbWb_8000_3000_pt180_ak16_ca4_th85.root,failed,/eos/uscms/store/user/aji/rootfiles_existingOptimization/WbWb_8000_3000_pt180_ak16_ca4_th85.root,nan,nan,nan,nan,nan,nan,nan,nan,nan,nan,nan,nan,nan,nan,nan,nan,nan,nan,nan,nan,nan
WbWb_8000_3000,WbWb,8000,3000,85,180,1.6,0.6,/eos/uscms/store/user/aji/rootfiles_existingOptimization/WbWb_8000_3000_pt180_ak16_ca6_th85.root,failed,/eos/uscms/store/user/aji/rootfiles_existingOptimization/WbWb_8000_3000_pt180_ak16_ca6_th85.root,nan,nan,nan,nan,nan,nan,nan,nan,nan,nan,nan,nan,nan,nan,nan,nan,nan,nan,nan,nan,nan
WbWb_8000_3000,WbWb,8000,3000,85,180,1.6,0.8,/eos/uscms/store/user/aji/rootfiles_existingOptimization/WbWb_8000_3000_pt180_ak16_ca8_th85.root,failed,/eos/uscms/store/user/aji/rootfiles_existingOptimization/WbWb_8000_3000_pt180_ak16_ca8_th85.root,nan,nan,nan,nan,nan,nan,nan,nan,nan,nan,nan,nan,nan,nan,nan,nan,nan,nan,nan,nan,nan
WbWb_8000_3000,WbWb,8000,3000,85,180,1.6,1.0,/eos/uscms/store/user/aji/rootfiles_existingOptimization/WbWb_8000_3000_pt180_ak16_ca10_th85.root,failed,/eos/uscms/store/user/aji/rootfiles_existingOptimization/WbWb_8000_3000_pt180_ak16_ca10_th85.root,nan,nan,nan,nan,nan,nan,nan,nan,nan,nan,nan,nan,nan,nan,nan,nan,nan,nan,nan,nan,nan
WbWb_8000_3000,WbWb,8000,3000,85,180,1.6,1.2,/eos/uscms/store/user/aji/rootfiles_existingOptimization/WbWb_8000_3000_pt180_ak16_ca12_th85.root,failed,/eos/uscms/store/user/aji/rootfiles_existingOptimization/WbWb_8000_3000_pt180_ak16_ca12_th85.root,nan,nan,nan,nan,nan,nan,nan,nan,nan,nan,nan,nan,nan,nan,nan,nan,nan,nan,nan,nan,nan
WbWb_8000_3000,WbWb,8000,3000,85,200,0.8,0.4,/eos/uscms/store/user/aji/rootfiles_existingOptimization/WbWb_8000_3000_pt200_ak8_ca4_th85.root,failed,/eos/uscms/store/user/aji/rootfiles_existingOptimization/WbWb_8000_3000_pt200_ak8_ca4_th85.root,nan,nan,nan,nan,nan,nan,nan,nan,nan,nan,nan,nan,nan,nan,nan,nan,nan,nan,nan,nan,nan
WbWb_8000_3000,WbWb,8000,3000,85,200,1.0,0.4,/eos/uscms/store/user/aji/rootfiles_existingOptimization/WbWb_8000_3000_pt200_ak10_ca4_th85.root,failed,/eos/uscms/store/user/aji/rootfiles_existingOptimization/WbWb_8000_3000_pt200_ak10_ca4_th85.root,nan,nan,nan,nan,nan,nan,nan,nan,nan,nan,nan,nan,nan,nan,nan,nan,nan,nan,nan,nan,nan
WbWb_8000_3000,WbWb,8000,3000,85,200,1.0,0.6,/eos/uscms/store/user/aji/rootfiles_existingOptimization/WbWb_8000_3000_pt200_ak10_ca6_th85.root,failed,/eos/uscms/store/user/aji/rootfiles_existingOptimization/WbWb_8000_3000_pt200_ak10_ca6_th85.root,nan,nan,nan,nan,nan,nan,nan,nan,nan,nan,nan,nan,nan,nan,nan,nan,nan,nan,nan,nan,nan
WbWb_8000_3000,WbWb,8000,3000,85,200,1.2,0.4,/eos/uscms/store/user/aji/rootfiles_existingOptimization/WbWb_8000_3000_pt200_ak12_ca4_th85.root,failed,/eos/uscms/store/user/aji/rootfiles_existingOptimization/WbWb_8000_3000_pt200_ak12_ca4_th85.root,nan,nan,nan,nan,nan,nan,nan,nan,nan,nan,nan,nan,nan,nan,nan,nan,nan,nan,nan,nan,nan
WbWb_8000_3000,WbWb,8000,3000,85,200,1.2,0.6,/eos/uscms/store/user/aji/rootfiles_existingOptimization/WbWb_8000_3000_pt200_ak12_ca6_th85.root,failed,/eos/uscms/store/user/aji/rootfiles_existingOptimization/WbWb_8000_3000_pt200_ak12_ca6_th85.root,nan,nan,nan,nan,nan,nan,nan,nan,nan,nan,nan,nan,nan,nan,nan,nan,nan,nan,nan,nan,nan
WbWb_8000_3000,WbWb,8000,3000,85,200,1.2,0.8,/eos/uscms/store/user/aji/rootfiles_existingOptimization/WbWb_8000_3000_pt200_ak12_ca8_th85.root,failed,/eos/uscms/store/user/aji/rootfiles_existingOptimization/WbWb_8000_3000_pt200_ak12_ca8_th85.root,nan,nan,nan,nan,nan,nan,nan,nan,nan,nan,nan,nan,nan,nan,nan,nan,nan,nan,nan,nan,nan
WbWb_8000_3000,WbWb,8000,3000,85,200,1.4,0.4,/eos/uscms/store/user/aji/rootfiles_existingOptimization/WbWb_8000_3000_pt200_ak14_ca4_th85.root,failed,/eos/uscms/store/user/aji/rootfiles_existingOptimization/WbWb_8000_3000_pt200_ak14_ca4_th85.root,nan,nan,nan,nan,nan,nan,nan,nan,nan,nan,nan,nan,nan,nan,nan,nan,nan,nan,nan,nan,nan
WbWb_8000_3000,WbWb,8000,3000,85,200,1.4,0.6,/eos/uscms/store/user/aji/rootfiles_existingOptimization/WbWb_8000_3000_pt200_ak14_ca6_th85.root,failed,/eos/uscms/store/user/aji/rootfiles_existingOptimization/WbWb_8000_3000_pt200_ak14_ca6_th85.root,nan,nan,nan,nan,nan,nan,nan,nan,nan,nan,nan,nan,nan,nan,nan,nan,nan,nan,nan,nan,nan
WbWb_8000_3000,WbWb,8000,3000,85,200,1.4,0.8,/eos/uscms/store/user/aji/rootfiles_existingOptimization/WbWb_8000_3000_pt200_ak14_ca8_th85.root,failed,/eos/uscms/store/user/aji/rootfiles_existingOptimization/WbWb_8000_3000_pt200_ak14_ca8_th85.root,nan,nan,nan,nan,nan,nan,nan,nan,nan,nan,nan,nan,nan,nan,nan,nan,nan,nan,nan,nan,nan
WbWb_8000_3000,WbWb,8000,3000,85,200,1.4,1.0,/eos/uscms/store/user/aji/rootfiles_existingOptimization/WbWb_8000_3000_pt200_ak14_ca10_th85.root,failed,/eos/uscms/store/user/aji/rootfiles_existingOptimization/WbWb_8000_3000_pt200_ak14_ca10_th85.root,nan,nan,nan,nan,nan,nan,nan,nan,nan,nan,nan,nan,nan,nan,nan,nan,nan,nan,nan,nan,nan
WbWb_8000_3000,WbWb,8000,3000,85,200,1.6,0.4,/eos/uscms/store/user/aji/rootfiles_existingOptimization/WbWb_8000_3000_pt200_ak16_ca4_th85.root,failed,/eos/uscms/store/user/aji/rootfiles_existingOptimization/WbWb_8000_3000_pt200_ak16_ca4_th85.root,nan,nan,nan,nan,nan,nan,nan,nan,nan,nan,nan,nan,nan,nan,nan,nan,nan,nan,nan,nan,nan
WbWb_8000_3000,WbWb,8000,3000,85,200,1.6,0.6,/eos/uscms/store/user/aji/rootfiles_existingOptimization/WbWb_8000_3000_pt200_ak16_ca6_th85.root,failed,/eos/uscms/store/user/aji/rootfiles_existingOptimization/WbWb_8000_3000_pt200_ak16_ca6_th85.root,nan,nan,nan,nan,nan,nan,nan,nan,nan,nan,nan,nan,nan,nan,nan,nan,nan,nan,nan,nan,nan
WbWb_8000_3000,WbWb,8000,3000,85,200,1.6,0.8,/eos/uscms/store/user/aji/rootfiles_existingOptimization/WbWb_8000_3000_pt200_ak16_ca8_th85.root,failed,/eos/uscms/store/user/aji/rootfiles_existingOptimization/WbWb_8000_3000_pt200_ak16_ca8_th85.root,nan,nan,nan,nan,nan,nan,nan,nan,nan,nan,nan,nan,nan,nan,nan,nan,nan,nan,nan,nan,nan
WbWb_8000_3000,WbWb,8000,3000,85,200,1.6,1.0,/eos/uscms/store/user/aji/rootfiles_existingOptimization/WbWb_8000_3000_pt200_ak16_ca10_th85.root,failed,/eos/uscms/store/user/aji/rootfiles_existingOptimization/WbWb_8000_3000_pt200_ak16_ca10_th85.root,nan,nan,nan,nan,nan,nan,nan,nan,nan,nan,nan,nan,nan,nan,nan,nan,nan,nan,nan,nan,nan
WbWb_8000_3000,WbWb,8000,3000,85,200,1.6,1.2,/eos/uscms/store/user/aji/rootfiles_existingOptimization/WbWb_8000_3000_pt200_ak16_ca12_th85.root,failed,/eos/uscms/store/user/aji/rootfiles_existingOptimization/WbWb_8000_3000_pt200_ak16_ca12_th85.root,nan,nan,nan,nan,nan,nan,nan,nan,nan,nan,nan,nan,nan,nan,nan,nan,nan,nan,nan,nan,nan
WbWb_8000_3000,WbWb,8000,3000,85,220,0.8,0.4,/eos/uscms/store/user/aji/rootfiles_existingOptimization/WbWb_8000_3000_pt220_ak8_ca4_th85.root,failed,/eos/uscms/store/user/aji/rootfiles_existingOptimization/WbWb_8000_3000_pt220_ak8_ca4_th85.root,nan,nan,nan,nan,nan,nan,nan,nan,nan,nan,nan,nan,nan,nan,nan,nan,nan,nan,nan,nan,nan
WbWb_8000_3000,WbWb,8000,3000,85,220,1.0,0.4,/eos/uscms/store/user/aji/rootfiles_existingOptimization/WbWb_8000_3000_pt220_ak10_ca4_th85.root,failed,/eos/uscms/store/user/aji/rootfiles_existingOptimization/WbWb_8000_3000_pt220_ak10_ca4_th85.root,nan,nan,nan,nan,nan,nan,nan,nan,nan,nan,nan,nan,nan,nan,nan,nan,nan,nan,nan,nan,nan
WbWb_8000_3000,WbWb,8000,3000,85,220,1.0,0.6,/eos/uscms/store/user/aji/rootfiles_existingOptimization/WbWb_8000_3000_pt220_ak10_ca6_th85.root,failed,/eos/uscms/store/user/aji/rootfiles_existingOptimization/WbWb_8000_3000_pt220_ak10_ca6_th85.root,nan,nan,nan,nan,nan,nan,nan,nan,nan,nan,nan,nan,nan,nan,nan,nan,nan,nan,nan,nan,nan
WbWb_8000_3000,WbWb,8000,3000,85,220,1.2,0.4,/eos/uscms/store/user/aji/rootfiles_existingOptimization/WbWb_8000_3000_pt220_ak12_ca4_th85.root,failed,/eos/uscms/store/user/aji/rootfiles_existingOptimization/WbWb_8000_3000_pt220_ak12_ca4_th85.root,nan,nan,nan,nan,nan,nan,nan,nan,nan,nan,nan,nan,nan,nan,nan,nan,nan,nan,nan,nan,nan
WbWb_8000_3000,WbWb,8000,3000,85,220,1.2,0.6,/eos/uscms/store/user/aji/rootfiles_existingOptimization/WbWb_8000_3000_pt220_ak12_ca6_th85.root,failed,/eos/uscms/store/user/aji/rootfiles_existingOptimization/WbWb_8000_3000_pt220_ak12_ca6_th85.root,nan,nan,nan,nan,nan,nan,nan,nan,nan,nan,nan,nan,nan,nan,nan,nan,nan,nan,nan,nan,nan
WbWb_8000_3000,WbWb,8000,3000,85,220,1.2,0.8,/eos/uscms/store/user/aji/rootfiles_existingOptimization/WbWb_8000_3000_pt220_ak12_ca8_th85.root,failed,/eos/uscms/store/user/aji/rootfiles_existingOptimization/WbWb_8000_3000_pt220_ak12_ca8_th85.root,nan,nan,nan,nan,nan,nan,nan,nan,nan,nan,nan,nan,nan,nan,nan,nan,nan,nan,nan,nan,nan
WbWb_8000_3000,WbWb,8000,3000,85,220,1.4,0.4,/eos/uscms/store/user/aji/rootfiles_existingOptimization/WbWb_8000_3000_pt220_ak14_ca4_th85.root,failed,/eos/uscms/store/user/aji/rootfiles_existingOptimization/WbWb_8000_3000_pt220_ak14_ca4_th85.root,nan,nan,nan,nan,nan,nan,nan,nan,nan,nan,nan,nan,nan,nan,nan,nan,nan,nan,nan,nan,nan
WbWb_8000_3000,WbWb,8000,3000,85,220,1.4,0.6,/eos/uscms/store/user/aji/rootfiles_existingOptimization/WbWb_8000_3000_pt220_ak14_ca6_th85.root,failed,/eos/uscms/store/user/aji/rootfiles_existingOptimization/WbWb_8000_3000_pt220_ak14_ca6_th85.root,nan,nan,nan,nan,nan,nan,nan,nan,nan,nan,nan,nan,nan,nan,nan,nan,nan,nan,nan,nan,nan
WbWb_8000_3000,WbWb,8000,3000,85,220,1.4,0.8,/eos/uscms/store/user/aji/rootfiles_existingOptimization/WbWb_8000_3000_pt220_ak14_ca8_th85.root,failed,/eos/uscms/store/user/aji/rootfiles_existingOptimization/WbWb_8000_3000_pt220_ak14_ca8_th85.root,nan,nan,nan,nan,nan,nan,nan,nan,nan,nan,nan,nan,nan,nan,nan,nan,nan,nan,nan,nan,nan
WbWb_8000_3000,WbWb,8000,3000,85,220,1.4,1.0,/eos/uscms/store/user/aji/rootfiles_existingOptimization/WbWb_8000_3000_pt220_ak14_ca10_th85.root,failed,/eos/uscms/store/user/aji/rootfiles_existingOptimization/WbWb_8000_3000_pt220_ak14_ca10_th85.root,nan,nan,nan,nan,nan,nan,nan,nan,nan,nan,nan,nan,nan,nan,nan,nan,nan,nan,nan,nan,nan
WbWb_8000_3000,WbWb,8000,3000,85,220,1.6,0.4,/eos/uscms/store/user/aji/rootfiles_existingOptimization/WbWb_8000_3000_pt220_ak16_ca4_th85.root,failed,/eos/uscms/store/user/aji/rootfiles_existingOptimization/WbWb_8000_3000_pt220_ak16_ca4_th85.root,nan,nan,nan,nan,nan,nan,nan,nan,nan,nan,nan,nan,nan,nan,nan,nan,nan,nan,nan,nan,nan
WbWb_8000_3000,WbWb,8000,3000,85,220,1.6,0.6,/eos/uscms/store/user/aji/rootfiles_existingOptimization/WbWb_8000_3000_pt220_ak16_ca6_th85.root,failed,/eos/uscms/store/user/aji/rootfiles_existingOptimization/WbWb_8000_3000_pt220_ak16_ca6_th85.root,nan,nan,nan,nan,nan,nan,nan,nan,nan,nan,nan,nan,nan,nan,nan,nan,nan,nan,nan,nan,nan
WbWb_8000_3000,WbWb,8000,3000,85,220,1.6,0.8,/eos/uscms/store/user/aji/rootfiles_existingOptimization/WbWb_8000_3000_pt220_ak16_ca8_th85.root,failed,/eos/uscms/store/user/aji/rootfiles_existingOptimization/WbWb_8000_3000_pt220_ak16_ca8_th85.root,nan,nan,nan,nan,nan,nan,nan,nan,nan,nan,nan,nan,nan,nan,nan,nan,nan,nan,nan,nan,nan
WbWb_8000_3000,WbWb,8000,3000,85,220,1.6,1.0,/eos/uscms/store/user/aji/rootfiles_existingOptimization/WbWb_8000_3000_pt220_ak16_ca10_th85.root,failed,/eos/uscms/store/user/aji/rootfiles_existingOptimization/WbWb_8000_3000_pt220_ak16_ca10_th85.root,nan,nan,nan,nan,nan,nan,nan,nan,nan,nan,nan,nan,nan,nan,nan,nan,nan,nan,nan,nan,nan
WbWb_8000_3000,WbWb,8000,3000,85,220,1.6,1.2,/eos/uscms/store/user/aji/rootfiles_existingOptimization/WbWb_8000_3000_pt220_ak16_ca12_th85.root,failed,/eos/uscms/store/user/aji/rootfiles_existingOptimization/WbWb_8000_3000_pt220_ak16_ca12_th85.root,nan,nan,nan,nan,nan,nan,nan,nan,nan,nan,nan,nan,nan,nan,nan,nan,nan,nan,nan,nan,nan
WbWb_8000_3000,WbWb,8000,3000,85,240,0.8,0.4,/eos/uscms/store/user/aji/rootfiles_existingOptimization/WbWb_8000_3000_pt240_ak8_ca4_th85.root,failed,/eos/uscms/store/user/aji/rootfiles_existingOptimization/WbWb_8000_3000_pt240_ak8_ca4_th85.root,nan,nan,nan,nan,nan,nan,nan,nan,nan,nan,nan,nan,nan,nan,nan,nan,nan,nan,nan,nan,nan
WbWb_8000_3000,WbWb,8000,3000,85,240,1.0,0.4,/eos/uscms/store/user/aji/rootfiles_existingOptimization/WbWb_8000_3000_pt240_ak10_ca4_th85.root,failed,/eos/uscms/store/user/aji/rootfiles_existingOptimization/WbWb_8000_3000_pt240_ak10_ca4_th85.root,nan,nan,nan,nan,nan,nan,nan,nan,nan,nan,nan,nan,nan,nan,nan,nan,nan,nan,nan,nan,nan
WbWb_8000_3000,WbWb,8000,3000,85,240,1.0,0.6,/eos/uscms/store/user/aji/rootfiles_existingOptimization/WbWb_8000_3000_pt240_ak10_ca6_th85.root,failed,/eos/uscms/store/user/aji/rootfiles_existingOptimization/WbWb_8000_3000_pt240_ak10_ca6_th85.root,nan,nan,nan,nan,nan,nan,nan,nan,nan,nan,nan,nan,nan,nan,nan,nan,nan,nan,nan,nan,nan
WbWb_8000_3000,WbWb,8000,3000,85,240,1.2,0.4,/eos/uscms/store/user/aji/rootfiles_existingOptimization/WbWb_8000_3000_pt240_ak12_ca4_th85.root,failed,/eos/uscms/store/user/aji/rootfiles_existingOptimization/WbWb_8000_3000_pt240_ak12_ca4_th85.root,nan,nan,nan,nan,nan,nan,nan,nan,nan,nan,nan,nan,nan,nan,nan,nan,nan,nan,nan,nan,nan
WbWb_8000_3000,WbWb,8000,3000,85,240,1.2,0.6,/eos/uscms/store/user/aji/rootfiles_existingOptimization/WbWb_8000_3000_pt240_ak12_ca6_th85.root,failed,/eos/uscms/store/user/aji/rootfiles_existingOptimization/WbWb_8000_3000_pt240_ak12_ca6_th85.root,nan,nan,nan,nan,nan,nan,nan,nan,nan,nan,nan,nan,nan,nan,nan,nan,nan,nan,nan,nan,nan
WbWb_8000_3000,WbWb,8000,3000,85,240,1.2,0.8,/eos/uscms/store/user/aji/rootfiles_existingOptimization/WbWb_8000_3000_pt240_ak12_ca8_th85.root,failed,/eos/uscms/store/user/aji/rootfiles_existingOptimization/WbWb_8000_3000_pt240_ak12_ca8_th85.root,nan,nan,nan,nan,nan,nan,nan,nan,nan,nan,nan,nan,nan,nan,nan,nan,nan,nan,nan,nan,nan
WbWb_8000_3000,WbWb,8000,3000,85,240,1.4,0.4,/eos/uscms/store/user/aji/rootfiles_existingOptimization/WbWb_8000_3000_pt240_ak14_ca4_th85.root,failed,/eos/uscms/store/user/aji/rootfiles_existingOptimization/WbWb_8000_3000_pt240_ak14_ca4_th85.root,nan,nan,nan,nan,nan,nan,nan,nan,nan,nan,nan,nan,nan,nan,nan,nan,nan,nan,nan,nan,nan
WbWb_8000_3000,WbWb,8000,3000,85,240,1.4,0.6,/eos/uscms/store/user/aji/rootfiles_existingOptimization/WbWb_8000_3000_pt240_ak14_ca6_th85.root,failed,/eos/uscms/store/user/aji/rootfiles_existingOptimization/WbWb_8000_3000_pt240_ak14_ca6_th85.root,nan,nan,nan,nan,nan,nan,nan,nan,nan,nan,nan,nan,nan,nan,nan,nan,nan,nan,nan,nan,nan
WbWb_8000_3000,WbWb,8000,3000,85,240,1.4,0.8,/eos/uscms/store/user/aji/rootfiles_existingOptimization/WbWb_8000_3000_pt240_ak14_ca8_th85.root,failed,/eos/uscms/store/user/aji/rootfiles_existingOptimization/WbWb_8000_3000_pt240_ak14_ca8_th85.root,nan,nan,nan,nan,nan,nan,nan,nan,nan,nan,nan,nan,nan,nan,nan,nan,nan,nan,nan,nan,nan
WbWb_8000_3000,WbWb,8000,3000,85,240,1.4,1.0,/eos/uscms/store/user/aji/rootfiles_existingOptimization/WbWb_8000_3000_pt240_ak14_ca10_th85.root,failed,/eos/uscms/store/user/aji/rootfiles_existingOptimization/WbWb_8000_3000_pt240_ak14_ca10_th85.root,nan,nan,nan,nan,nan,nan,nan,nan,nan,nan,nan,nan,nan,nan,nan,nan,nan,nan,nan,nan,nan
WbWb_8000_3000,WbWb,8000,3000,85,240,1.6,0.4,/eos/uscms/store/user/aji/rootfiles_existingOptimization/WbWb_8000_3000_pt240_ak16_ca4_th85.root,failed,/eos/uscms/store/user/aji/rootfiles_existingOptimization/WbWb_8000_3000_pt240_ak16_ca4_th85.root,nan,nan,nan,nan,nan,nan,nan,nan,nan,nan,nan,nan,nan,nan,nan,nan,nan,nan,nan,nan,nan
WbWb_8000_3000,WbWb,8000,3000,85,240,1.6,0.6,/eos/uscms/store/user/aji/rootfiles_existingOptimization/WbWb_8000_3000_pt240_ak16_ca6_th85.root,failed,/eos/uscms/store/user/aji/rootfiles_existingOptimization/WbWb_8000_3000_pt240_ak16_ca6_th85.root,nan,nan,nan,nan,nan,nan,nan,nan,nan,nan,nan,nan,nan,nan,nan,nan,nan,nan,nan,nan,nan
WbWb_8000_3000,WbWb,8000,3000,85,240,1.6,0.8,/eos/uscms/store/user/aji/rootfiles_existingOptimization/WbWb_8000_3000_pt240_ak16_ca8_th85.root,failed,/eos/uscms/store/user/aji/rootfiles_existingOptimization/WbWb_8000_3000_pt240_ak16_ca8_th85.root,nan,nan,nan,nan,nan,nan,nan,nan,nan,nan,nan,nan,nan,nan,nan,nan,nan,nan,nan,nan,nan
WbWb_8000_3000,WbWb,8000,3000,85,240,1.6,1.0,/eos/uscms/store/user/aji/rootfiles_existingOptimization/WbWb_8000_3000_pt240_ak16_ca10_th85.root,failed,/eos/uscms/store/user/aji/rootfiles_existingOptimization/WbWb_8000_3000_pt240_ak16_ca10_th85.root,nan,nan,nan,nan,nan,nan,nan,nan,nan,nan,nan,nan,nan,nan,nan,nan,nan,nan,nan,nan,nan
WbWb_8000_3000,WbWb,8000,3000,85,240,1.6,1.2,/eos/uscms/store/user/aji/rootfiles_existingOptimization/WbWb_8000_3000_pt240_ak16_ca12_th85.root,failed,/eos/uscms/store/user/aji/rootfiles_existingOptimization/WbWb_8000_3000_pt240_ak16_ca12_th85.root,nan,nan,nan,nan,nan,nan,nan,nan,nan,nan,nan,nan,nan,nan,nan,nan,nan,nan,nan,nan,nan
WbWb_8000_3000,WbWb,8000,3000,85,260,0.8,0.4,/eos/uscms/store/user/aji/rootfiles_existingOptimization/WbWb_8000_3000_pt260_ak8_ca4_th85.root,failed,/eos/uscms/store/user/aji/rootfiles_existingOptimization/WbWb_8000_3000_pt260_ak8_ca4_th85.root,nan,nan,nan,nan,nan,nan,nan,nan,nan,nan,nan,nan,nan,nan,nan,nan,nan,nan,nan,nan,nan
WbWb_8000_3000,WbWb,8000,3000,85,260,1.0,0.4,/eos/uscms/store/user/aji/rootfiles_existingOptimization/WbWb_8000_3000_pt260_ak10_ca4_th85.root,failed,/eos/uscms/store/user/aji/rootfiles_existingOptimization/WbWb_8000_3000_pt260_ak10_ca4_th85.root,nan,nan,nan,nan,nan,nan,nan,nan,nan,nan,nan,nan,nan,nan,nan,nan,nan,nan,nan,nan,nan
WbWb_8000_3000,WbWb,8000,3000,85,260,1.0,0.6,/eos/uscms/store/user/aji/rootfiles_existingOptimization/WbWb_8000_3000_pt260_ak10_ca6_th85.root,failed,/eos/uscms/store/user/aji/rootfiles_existingOptimization/WbWb_8000_3000_pt260_ak10_ca6_th85.root,nan,nan,nan,nan,nan,nan,nan,nan,nan,nan,nan,nan,nan,nan,nan,nan,nan,nan,nan,nan,nan
WbWb_8000_3000,WbWb,8000,3000,85,260,1.2,0.4,/eos/uscms/store/user/aji/rootfiles_existingOptimization/WbWb_8000_3000_pt260_ak12_ca4_th85.root,failed,/eos/uscms/store/user/aji/rootfiles_existingOptimization/WbWb_8000_3000_pt260_ak12_ca4_th85.root,nan,nan,nan,nan,nan,nan,nan,nan,nan,nan,nan,nan,nan,nan,nan,nan,nan,nan,nan,nan,nan
WbWb_8000_3000,WbWb,8000,3000,85,260,1.2,0.6,/eos/uscms/store/user/aji/rootfiles_existingOptimization/WbWb_8000_3000_pt260_ak12_ca6_th85.root,failed,/eos/uscms/store/user/aji/rootfiles_existingOptimization/WbWb_8000_3000_pt260_ak12_ca6_th85.root,nan,nan,nan,nan,nan,nan,nan,nan,nan,nan,nan,nan,nan,nan,nan,nan,nan,nan,nan,nan,nan
WbWb_8000_3000,WbWb,8000,3000,85,260,1.2,0.8,/eos/uscms/store/user/aji/rootfiles_existingOptimization/WbWb_8000_3000_pt260_ak12_ca8_th85.root,failed,/eos/uscms/store/user/aji/rootfiles_existingOptimization/WbWb_8000_3000_pt260_ak12_ca8_th85.root,nan,nan,nan,nan,nan,nan,nan,nan,nan,nan,nan,nan,nan,nan,nan,nan,nan,nan,nan,nan,nan
WbWb_8000_3000,WbWb,8000,3000,85,260,1.4,0.4,/eos/uscms/store/user/aji/rootfiles_existingOptimization/WbWb_8000_3000_pt260_ak14_ca4_th85.root,failed,/eos/uscms/store/user/aji/rootfiles_existingOptimization/WbWb_8000_3000_pt260_ak14_ca4_th85.root,nan,nan,nan,nan,nan,nan,nan,nan,nan,nan,nan,nan,nan,nan,nan,nan,nan,nan,nan,nan,nan
WbWb_8000_3000,WbWb,8000,3000,85,260,1.4,0.6,/eos/uscms/store/user/aji/rootfiles_existingOptimization/WbWb_8000_3000_pt260_ak14_ca6_th85.root,failed,/eos/uscms/store/user/aji/rootfiles_existingOptimization/WbWb_8000_3000_pt260_ak14_ca6_th85.root,nan,nan,nan,nan,nan,nan,nan,nan,nan,nan,nan,nan,nan,nan,nan,nan,nan,nan,nan,nan,nan
WbWb_8000_3000,WbWb,8000,3000,85,260,1.4,0.8,/eos/uscms/store/user/aji/rootfiles_existingOptimization/WbWb_8000_3000_pt260_ak14_ca8_th85.root,failed,/eos/uscms/store/user/aji/rootfiles_existingOptimization/WbWb_8000_3000_pt260_ak14_ca8_th85.root,nan,nan,nan,nan,nan,nan,nan,nan,nan,nan,nan,nan,nan,nan,nan,nan,nan,nan,nan,nan,nan
WbWb_8000_3000,WbWb,8000,3000,85,260,1.4,1.0,/eos/uscms/store/user/aji/rootfiles_existingOptimization/WbWb_8000_3000_pt260_ak14_ca10_th85.root,failed,/eos/uscms/store/user/aji/rootfiles_existingOptimization/WbWb_8000_3000_pt260_ak14_ca10_th85.root,nan,nan,nan,nan,nan,nan,nan,nan,nan,nan,nan,nan,nan,nan,nan,nan,nan,nan,nan,nan,nan
WbWb_8000_3000,WbWb,8000,3000,85,260,1.6,0.4,/eos/uscms/store/user/aji/rootfiles_existingOptimization/WbWb_8000_3000_pt260_ak16_ca4_th85.root,failed,/eos/uscms/store/user/aji/rootfiles_existingOptimization/WbWb_8000_3000_pt260_ak16_ca4_th85.root,nan,nan,nan,nan,nan,nan,nan,nan,nan,nan,nan,nan,nan,nan,nan,nan,nan,nan,nan,nan,nan
WbWb_8000_3000,WbWb,8000,3000,85,260,1.6,0.6,/eos/uscms/store/user/aji/rootfiles_existingOptimization/WbWb_8000_3000_pt260_ak16_ca6_th85.root,failed,/eos/uscms/store/user/aji/rootfiles_existingOptimization/WbWb_8000_3000_pt260_ak16_ca6_th85.root,nan,nan,nan,nan,nan,nan,nan,nan,nan,nan,nan,nan,nan,nan,nan,nan,nan,nan,nan,nan,nan
WbWb_8000_3000,WbWb,8000,3000,85,260,1.6,0.8,/eos/uscms/store/user/aji/rootfiles_existingOptimization/WbWb_8000_3000_pt260_ak16_ca8_th85.root,failed,/eos/uscms/store/user/aji/rootfiles_existingOptimization/WbWb_8000_3000_pt260_ak16_ca8_th85.root,nan,nan,nan,nan,nan,nan,nan,nan,nan,nan,nan,nan,nan,nan,nan,nan,nan,nan,nan,nan,nan
WbWb_8000_3000,WbWb,8000,3000,85,260,1.6,1.0,/eos/uscms/store/user/aji/rootfiles_existingOptimization/WbWb_8000_3000_pt260_ak16_ca10_th85.root,failed,/eos/uscms/store/user/aji/rootfiles_existingOptimization/WbWb_8000_3000_pt260_ak16_ca10_th85.root,nan,nan,nan,nan,nan,nan,nan,nan,nan,nan,nan,nan,nan,nan,nan,nan,nan,nan,nan,nan,nan
WbWb_8000_3000,WbWb,8000,3000,85,260,1.6,1.2,/eos/uscms/store/user/aji/rootfiles_existingOptimization/WbWb_8000_3000_pt260_ak16_ca12_th85.root,failed,/eos/uscms/store/user/aji/rootfiles_existingOptimization/WbWb_8000_3000_pt260_ak16_ca12_th85.root,nan,nan,nan,nan,nan,nan,nan,nan,nan,nan,nan,nan,nan,nan,nan,nan,nan,nan,nan,nan,nan
WbWb_8000_3000,WbWb,8000,3000,85,280,0.8,0.4,/eos/uscms/store/user/aji/rootfiles_existingOptimization/WbWb_8000_3000_pt280_ak8_ca4_th85.root,failed,/eos/uscms/store/user/aji/rootfiles_existingOptimization/WbWb_8000_3000_pt280_ak8_ca4_th85.root,nan,nan,nan,nan,nan,nan,nan,nan,nan,nan,nan,nan,nan,nan,nan,nan,nan,nan,nan,nan,nan
WbWb_8000_3000,WbWb,8000,3000,85,280,1.0,0.4,/eos/uscms/store/user/aji/rootfiles_existingOptimization/WbWb_8000_3000_pt280_ak10_ca4_th85.root,failed,/eos/uscms/store/user/aji/rootfiles_existingOptimization/WbWb_8000_3000_pt280_ak10_ca4_th85.root,nan,nan,nan,nan,nan,nan,nan,nan,nan,nan,nan,nan,nan,nan,nan,nan,nan,nan,nan,nan,nan
WbWb_8000_3000,WbWb,8000,3000,85,280,1.0,0.6,/eos/uscms/store/user/aji/rootfiles_existingOptimization/WbWb_8000_3000_pt280_ak10_ca6_th85.root,failed,/eos/uscms/store/user/aji/rootfiles_existingOptimization/WbWb_8000_3000_pt280_ak10_ca6_th85.root,nan,nan,nan,nan,nan,nan,nan,nan,nan,nan,nan,nan,nan,nan,nan,nan,nan,nan,nan,nan,nan
WbWb_8000_3000,WbWb,8000,3000,85,280,1.2,0.4,/eos/uscms/store/user/aji/rootfiles_existingOptimization/WbWb_8000_3000_pt280_ak12_ca4_th85.root,failed,/eos/uscms/store/user/aji/rootfiles_existingOptimization/WbWb_8000_3000_pt280_ak12_ca4_th85.root,nan,nan,nan,nan,nan,nan,nan,nan,nan,nan,nan,nan,nan,nan,nan,nan,nan,nan,nan,nan,nan
WbWb_8000_3000,WbWb,8000,3000,85,280,1.2,0.6,/eos/uscms/store/user/aji/rootfiles_existingOptimization/WbWb_8000_3000_pt280_ak12_ca6_th85.root,failed,/eos/uscms/store/user/aji/rootfiles_existingOptimization/WbWb_8000_3000_pt280_ak12_ca6_th85.root,nan,nan,nan,nan,nan,nan,nan,nan,nan,nan,nan,nan,nan,nan,nan,nan,nan,nan,nan,nan,nan
WbWb_8000_3000,WbWb,8000,3000,85,280,1.2,0.8,/eos/uscms/store/user/aji/rootfiles_existingOptimization/WbWb_8000_3000_pt280_ak12_ca8_th85.root,failed,/eos/uscms/store/user/aji/rootfiles_existingOptimization/WbWb_8000_3000_pt280_ak12_ca8_th85.root,nan,nan,nan,nan,nan,nan,nan,nan,nan,nan,nan,nan,nan,nan,nan,nan,nan,nan,nan,nan,nan
WbWb_8000_3000,WbWb,8000,3000,85,280,1.4,0.4,/eos/uscms/store/user/aji/rootfiles_existingOptimization/WbWb_8000_3000_pt280_ak14_ca4_th85.root,failed,/eos/uscms/store/user/aji/rootfiles_existingOptimization/WbWb_8000_3000_pt280_ak14_ca4_th85.root,nan,nan,nan,nan,nan,nan,nan,nan,nan,nan,nan,nan,nan,nan,nan,nan,nan,nan,nan,nan,nan
WbWb_8000_3000,WbWb,8000,3000,85,280,1.4,0.6,/eos/uscms/store/user/aji/rootfiles_existingOptimization/WbWb_8000_3000_pt280_ak14_ca6_th85.root,failed,/eos/uscms/store/user/aji/rootfiles_existingOptimization/WbWb_8000_3000_pt280_ak14_ca6_th85.root,nan,nan,nan,nan,nan,nan,nan,nan,nan,nan,nan,nan,nan,nan,nan,nan,nan,nan,nan,nan,nan
WbWb_8000_3000,WbWb,8000,3000,85,280,1.4,0.8,/eos/uscms/store/user/aji/rootfiles_existingOptimization/WbWb_8000_3000_pt280_ak14_ca8_th85.root,failed,/eos/uscms/store/user/aji/rootfiles_existingOptimization/WbWb_8000_3000_pt280_ak14_ca8_th85.root,nan,nan,nan,nan,nan,nan,nan,nan,nan,nan,nan,nan,nan,nan,nan,nan,nan,nan,nan,nan,nan
WbWb_8000_3000,WbWb,8000,3000,85,280,1.4,1.0,/eos/uscms/store/user/aji/rootfiles_existingOptimization/WbWb_8000_3000_pt280_ak14_ca10_th85.root,failed,/eos/uscms/store/user/aji/rootfiles_existingOptimization/WbWb_8000_3000_pt280_ak14_ca10_th85.root,nan,nan,nan,nan,nan,nan,nan,nan,nan,nan,nan,nan,nan,nan,nan,nan,nan,nan,nan,nan,nan
WbWb_8000_3000,WbWb,8000,3000,85,280,1.6,0.4,/eos/uscms/store/user/aji/rootfiles_existingOptimization/WbWb_8000_3000_pt280_ak16_ca4_th85.root,failed,/eos/uscms/store/user/aji/rootfiles_existingOptimization/WbWb_8000_3000_pt280_ak16_ca4_th85.root,nan,nan,nan,nan,nan,nan,nan,nan,nan,nan,nan,nan,nan,nan,nan,nan,nan,nan,nan,nan,nan
WbWb_8000_3000,WbWb,8000,3000,85,280,1.6,0.6,/eos/uscms/store/user/aji/rootfiles_existingOptimization/WbWb_8000_3000_pt280_ak16_ca6_th85.root,failed,/eos/uscms/store/user/aji/rootfiles_existingOptimization/WbWb_8000_3000_pt280_ak16_ca6_th85.root,nan,nan,nan,nan,nan,nan,nan,nan,nan,nan,nan,nan,nan,nan,nan,nan,nan,nan,nan,nan,nan
WbWb_8000_3000,WbWb,8000,3000,85,280,1.6,0.8,/eos/uscms/store/user/aji/rootfiles_existingOptimization/WbWb_8000_3000_pt280_ak16_ca8_th85.root,failed,/eos/uscms/store/user/aji/rootfiles_existingOptimization/WbWb_8000_3000_pt280_ak16_ca8_th85.root,nan,nan,nan,nan,nan,nan,nan,nan,nan,nan,nan,nan,nan,nan,nan,nan,nan,nan,nan,nan,nan
WbWb_8000_3000,WbWb,8000,3000,85,280,1.6,1.0,/eos/uscms/store/user/aji/rootfiles_existingOptimization/WbWb_8000_3000_pt280_ak16_ca10_th85.root,failed,/eos/uscms/store/user/aji/rootfiles_existingOptimization/WbWb_8000_3000_pt280_ak16_ca10_th85.root,nan,nan,nan,nan,nan,nan,nan,nan,nan,nan,nan,nan,nan,nan,nan,nan,nan,nan,nan,nan,nan
WbWb_8000_3000,WbWb,8000,3000,85,280,1.6,1.2,/eos/uscms/store/user/aji/rootfiles_existingOptimization/WbWb_8000_3000_pt280_ak16_ca12_th85.root,failed,/eos/uscms/store/user/aji/rootfiles_existingOptimization/WbWb_8000_3000_pt280_ak16_ca12_th85.root,nan,nan,nan,nan,nan,nan,nan,nan,nan,nan,nan,nan,nan,nan,nan,nan,nan,nan,nan,nan,nan
WbWb_8000_3000,WbWb,8000,3000,85,300,0.8,0.4,/eos/uscms/store/user/aji/rootfiles_existingOptimization/WbWb_8000_3000_pt300_ak8_ca4_th85.root,failed,/eos/uscms/store/user/aji/rootfiles_existingOptimization/WbWb_8000_3000_pt300_ak8_ca4_th85.root,nan,nan,nan,nan,nan,nan,nan,nan,nan,nan,nan,nan,nan,nan,nan,nan,nan,nan,nan,nan,nan
WbWb_8000_3000,WbWb,8000,3000,85,300,1.0,0.4,/eos/uscms/store/user/aji/rootfiles_existingOptimization/WbWb_8000_3000_pt300_ak10_ca4_th85.root,failed,/eos/uscms/store/user/aji/rootfiles_existingOptimization/WbWb_8000_3000_pt300_ak10_ca4_th85.root,nan,nan,nan,nan,nan,nan,nan,nan,nan,nan,nan,nan,nan,nan,nan,nan,nan,nan,nan,nan,nan
WbWb_8000_3000,WbWb,8000,3000,85,300,1.0,0.6,/eos/uscms/store/user/aji/rootfiles_existingOptimization/WbWb_8000_3000_pt300_ak10_ca6_th85.root,failed,/eos/uscms/store/user/aji/rootfiles_existingOptimization/WbWb_8000_3000_pt300_ak10_ca6_th85.root,nan,nan,nan,nan,nan,nan,nan,nan,nan,nan,nan,nan,nan,nan,nan,nan,nan,nan,nan,nan,nan
WbWb_8000_3000,WbWb,8000,3000,85,300,1.2,0.4,/eos/uscms/store/user/aji/rootfiles_existingOptimization/WbWb_8000_3000_pt300_ak12_ca4_th85.root,failed,/eos/uscms/store/user/aji/rootfiles_existingOptimization/WbWb_8000_3000_pt300_ak12_ca4_th85.root,nan,nan,nan,nan,nan,nan,nan,nan,nan,nan,nan,nan,nan,nan,nan,nan,nan,nan,nan,nan,nan
WbWb_8000_3000,WbWb,8000,3000,85,300,1.2,0.6,/eos/uscms/store/user/aji/rootfiles_existingOptimization/WbWb_8000_3000_pt300_ak12_ca6_th85.root,failed,/eos/uscms/store/user/aji/rootfiles_existingOptimization/WbWb_8000_3000_pt300_ak12_ca6_th85.root,nan,nan,nan,nan,nan,nan,nan,nan,nan,nan,nan,nan,nan,nan,nan,nan,nan,nan,nan,nan,nan
WbWb_8000_3000,WbWb,8000,3000,85,300,1.2,0.8,/eos/uscms/store/user/aji/rootfiles_existingOptimization/WbWb_8000_3000_pt300_ak12_ca8_th85.root,failed,/eos/uscms/store/user/aji/rootfiles_existingOptimization/WbWb_8000_3000_pt300_ak12_ca8_th85.root,nan,nan,nan,nan,nan,nan,nan,nan,nan,nan,nan,nan,nan,nan,nan,nan,nan,nan,nan,nan,nan
WbWb_8000_3000,WbWb,8000,3000,85,300,1.4,0.4,/eos/uscms/store/user/aji/rootfiles_existingOptimization/WbWb_8000_3000_pt300_ak14_ca4_th85.root,failed,/eos/uscms/store/user/aji/rootfiles_existingOptimization/WbWb_8000_3000_pt300_ak14_ca4_th85.root,nan,nan,nan,nan,nan,nan,nan,nan,nan,nan,nan,nan,nan,nan,nan,nan,nan,nan,nan,nan,nan
WbWb_8000_3000,WbWb,8000,3000,85,300,1.4,0.6,/eos/uscms/store/user/aji/rootfiles_existingOptimization/WbWb_8000_3000_pt300_ak14_ca6_th85.root,failed,/eos/uscms/store/user/aji/rootfiles_existingOptimization/WbWb_8000_3000_pt300_ak14_ca6_th85.root,nan,nan,nan,nan,nan,nan,nan,nan,nan,nan,nan,nan,nan,nan,nan,nan,nan,nan,nan,nan,nan
WbWb_8000_3000,WbWb,8000,3000,85,300,1.4,0.8,/eos/uscms/store/user/aji/rootfiles_existingOptimization/WbWb_8000_3000_pt300_ak14_ca8_th85.root,failed,/eos/uscms/store/user/aji/rootfiles_existingOptimization/WbWb_8000_3000_pt300_ak14_ca8_th85.root,nan,nan,nan,nan,nan,nan,nan,nan,nan,nan,nan,nan,nan,nan,nan,nan,nan,nan,nan,nan,nan
WbWb_8000_3000,WbWb,8000,3000,85,300,1.4,1.0,/eos/uscms/store/user/aji/rootfiles_existingOptimization/WbWb_8000_3000_pt300_ak14_ca10_th85.root,failed,/eos/uscms/store/user/aji/rootfiles_existingOptimization/WbWb_8000_3000_pt300_ak14_ca10_th85.root,nan,nan,nan,nan,nan,nan,nan,nan,nan,nan,nan,nan,nan,nan,nan,nan,nan,nan,nan,nan,nan
WbWb_8000_3000,WbWb,8000,3000,85,300,1.6,0.4,/eos/uscms/store/user/aji/rootfiles_existingOptimization/WbWb_8000_3000_pt300_ak16_ca4_th85.root,failed,/eos/uscms/store/user/aji/rootfiles_existingOptimization/WbWb_8000_3000_pt300_ak16_ca4_th85.root,nan,nan,nan,nan,nan,nan,nan,nan,nan,nan,nan,nan,nan,nan,nan,nan,nan,nan,nan,nan,nan
WbWb_8000_3000,WbWb,8000,3000,85,300,1.6,0.6,/eos/uscms/store/user/aji/rootfiles_existingOptimization/WbWb_8000_3000_pt300_ak16_ca6_th85.root,failed,/eos/uscms/store/user/aji/rootfiles_existingOptimization/WbWb_8000_3000_pt300_ak16_ca6_th85.root,nan,nan,nan,nan,nan,nan,nan,nan,nan,nan,nan,nan,nan,nan,nan,nan,nan,nan,nan,nan,nan
WbWb_8000_3000,WbWb,8000,3000,85,300,1.6,0.8,/eos/uscms/store/user/aji/rootfiles_existingOptimization/WbWb_8000_3000_pt300_ak16_ca8_th85.root,failed,/eos/uscms/store/user/aji/rootfiles_existingOptimization/WbWb_8000_3000_pt300_ak16_ca8_th85.root,nan,nan,nan,nan,nan,nan,nan,nan,nan,nan,nan,nan,nan,nan,nan,nan,nan,nan,nan,nan,nan
WbWb_8000_3000,WbWb,8000,3000,85,300,1.6,1.0,/eos/uscms/store/user/aji/rootfiles_existingOptimization/WbWb_8000_3000_pt300_ak16_ca10_th85.root,failed,/eos/uscms/store/user/aji/rootfiles_existingOptimization/WbWb_8000_3000_pt300_ak16_ca10_th85.root,nan,nan,nan,nan,nan,nan,nan,nan,nan,nan,nan,nan,nan,nan,nan,nan,nan,nan,nan,nan,nan
WbWb_8000_3000,WbWb,8000,3000,85,300,1.6,1.2,/eos/uscms/store/user/aji/rootfiles_existingOptimization/WbWb_8000_3000_pt300_ak16_ca12_th85.root,failed,/eos/uscms/store/user/aji/rootfiles_existingOptimization/WbWb_8000_3000_pt300_ak16_ca12_th85.root,nan,nan,nan,nan,nan,nan,nan,nan,nan,nan,nan,nan,nan,nan,nan,nan,nan,nan,nan,nan,nan
WbWb_8000_3000,WbWb,8000,3000,85,320,0.8,0.4,/eos/uscms/store/user/aji/rootfiles_existingOptimization/WbWb_8000_3000_pt320_ak8_ca4_th85.root,failed,/eos/uscms/store/user/aji/rootfiles_existingOptimization/WbWb_8000_3000_pt320_ak8_ca4_th85.root,nan,nan,nan,nan,nan,nan,nan,nan,nan,nan,nan,nan,nan,nan,nan,nan,nan,nan,nan,nan,nan
WbWb_8000_3000,WbWb,8000,3000,85,320,1.0,0.4,/eos/uscms/store/user/aji/rootfiles_existingOptimization/WbWb_8000_3000_pt320_ak10_ca4_th85.root,failed,/eos/uscms/store/user/aji/rootfiles_existingOptimization/WbWb_8000_3000_pt320_ak10_ca4_th85.root,nan,nan,nan,nan,nan,nan,nan,nan,nan,nan,nan,nan,nan,nan,nan,nan,nan,nan,nan,nan,nan
WbWb_8000_3000,WbWb,8000,3000,85,320,1.0,0.6,/eos/uscms/store/user/aji/rootfiles_existingOptimization/WbWb_8000_3000_pt320_ak10_ca6_th85.root,failed,/eos/uscms/store/user/aji/rootfiles_existingOptimization/WbWb_8000_3000_pt320_ak10_ca6_th85.root,nan,nan,nan,nan,nan,nan,nan,nan,nan,nan,nan,nan,nan,nan,nan,nan,nan,nan,nan,nan,nan
WbWb_8000_3000,WbWb,8000,3000,85,320,1.2,0.4,/eos/uscms/store/user/aji/rootfiles_existingOptimization/WbWb_8000_3000_pt320_ak12_ca4_th85.root,failed,/eos/uscms/store/user/aji/rootfiles_existingOptimization/WbWb_8000_3000_pt320_ak12_ca4_th85.root,nan,nan,nan,nan,nan,nan,nan,nan,nan,nan,nan,nan,nan,nan,nan,nan,nan,nan,nan,nan,nan
WbWb_8000_3000,WbWb,8000,3000,85,320,1.2,0.6,/eos/uscms/store/user/aji/rootfiles_existingOptimization/WbWb_8000_3000_pt320_ak12_ca6_th85.root,failed,/eos/uscms/store/user/aji/rootfiles_existingOptimization/WbWb_8000_3000_pt320_ak12_ca6_th85.root,nan,nan,nan,nan,nan,nan,nan,nan,nan,nan,nan,nan,nan,nan,nan,nan,nan,nan,nan,nan,nan
WbWb_8000_3000,WbWb,8000,3000,85,320,1.2,0.8,/eos/uscms/store/user/aji/rootfiles_existingOptimization/WbWb_8000_3000_pt320_ak12_ca8_th85.root,failed,/eos/uscms/store/user/aji/rootfiles_existingOptimization/WbWb_8000_3000_pt320_ak12_ca8_th85.root,nan,nan,nan,nan,nan,nan,nan,nan,nan,nan,nan,nan,nan,nan,nan,nan,nan,nan,nan,nan,nan
WbWb_8000_3000,WbWb,8000,3000,85,320,1.4,0.4,/eos/uscms/store/user/aji/rootfiles_existingOptimization/WbWb_8000_3000_pt320_ak14_ca4_th85.root,failed,/eos/uscms/store/user/aji/rootfiles_existingOptimization/WbWb_8000_3000_pt320_ak14_ca4_th85.root,nan,nan,nan,nan,nan,nan,nan,nan,nan,nan,nan,nan,nan,nan,nan,nan,nan,nan,nan,nan,nan
WbWb_8000_3000,WbWb,8000,3000,85,320,1.4,0.6,/eos/uscms/store/user/aji/rootfiles_existingOptimization/WbWb_8000_3000_pt320_ak14_ca6_th85.root,failed,/eos/uscms/store/user/aji/rootfiles_existingOptimization/WbWb_8000_3000_pt320_ak14_ca6_th85.root,nan,nan,nan,nan,nan,nan,nan,nan,nan,nan,nan,nan,nan,nan,nan,nan,nan,nan,nan,nan,nan
WbWb_8000_3000,WbWb,8000,3000,85,320,1.4,0.8,/eos/uscms/store/user/aji/rootfiles_existingOptimization/WbWb_8000_3000_pt320_ak14_ca8_th85.root,failed,/eos/uscms/store/user/aji/rootfiles_existingOptimization/WbWb_8000_3000_pt320_ak14_ca8_th85.root,nan,nan,nan,nan,nan,nan,nan,nan,nan,nan,nan,nan,nan,nan,nan,nan,nan,nan,nan,nan,nan
WbWb_8000_3000,WbWb,8000,3000,85,320,1.4,1.0,/eos/uscms/store/user/aji/rootfiles_existingOptimization/WbWb_8000_3000_pt320_ak14_ca10_th85.root,failed,/eos/uscms/store/user/aji/rootfiles_existingOptimization/WbWb_8000_3000_pt320_ak14_ca10_th85.root,nan,nan,nan,nan,nan,nan,nan,nan,nan,nan,nan,nan,nan,nan,nan,nan,nan,nan,nan,nan,nan
WbWb_8000_3000,WbWb,8000,3000,85,320,1.6,0.4,/eos/uscms/store/user/aji/rootfiles_existingOptimization/WbWb_8000_3000_pt320_ak16_ca4_th85.root,failed,/eos/uscms/store/user/aji/rootfiles_existingOptimization/WbWb_8000_3000_pt320_ak16_ca4_th85.root,nan,nan,nan,nan,nan,nan,nan,nan,nan,nan,nan,nan,nan,nan,nan,nan,nan,nan,nan,nan,nan
WbWb_8000_3000,WbWb,8000,3000,85,320,1.6,0.6,/eos/uscms/store/user/aji/rootfiles_existingOptimization/WbWb_8000_3000_pt320_ak16_ca6_th85.root,failed,/eos/uscms/store/user/aji/rootfiles_existingOptimization/WbWb_8000_3000_pt320_ak16_ca6_th85.root,nan,nan,nan,nan,nan,nan,nan,nan,nan,nan,nan,nan,nan,nan,nan,nan,nan,nan,nan,nan,nan
WbWb_8000_3000,WbWb,8000,3000,85,320,1.6,0.8,/eos/uscms/store/user/aji/rootfiles_existingOptimization/WbWb_8000_3000_pt320_ak16_ca8_th85.root,failed,/eos/uscms/store/user/aji/rootfiles_existingOptimization/WbWb_8000_3000_pt320_ak16_ca8_th85.root,nan,nan,nan,nan,nan,nan,nan,nan,nan,nan,nan,nan,nan,nan,nan,nan,nan,nan,nan,nan,nan
WbWb_8000_3000,WbWb,8000,3000,85,320,1.6,1.0,/eos/uscms/store/user/aji/rootfiles_existingOptimization/WbWb_8000_3000_pt320_ak16_ca10_th85.root,failed,/eos/uscms/store/user/aji/rootfiles_existingOptimization/WbWb_8000_3000_pt320_ak16_ca10_th85.root,nan,nan,nan,nan,nan,nan,nan,nan,nan,nan,nan,nan,nan,nan,nan,nan,nan,nan,nan,nan,nan
WbWb_8000_3000,WbWb,8000,3000,85,320,1.6,1.2,/eos/uscms/store/user/aji/rootfiles_existingOptimization/WbWb_8000_3000_pt320_ak16_ca12_th85.root,failed,/eos/uscms/store/user/aji/rootfiles_existingOptimization/WbWb_8000_3000_pt320_ak16_ca12_th85.root,nan,nan,nan,nan,nan,nan,nan,nan,nan,nan,nan,nan,nan,nan,nan,nan,nan,nan,nan,nan,nan
WbWb_8000_3000,WbWb,8000,3000,85,340,0.6,1.2,/eos/uscms/store/user/aji/rootfiles_existingOptimization/WbWb_8000_3000_pt340_ak6_ca12_th85.root,failed,/eos/uscms/store/user/aji/rootfiles_existingOptimization/WbWb_8000_3000_pt340_ak6_ca12_th85.root,nan,nan,nan,nan,nan,nan,nan,nan,nan,nan,nan,nan,nan,nan,nan,nan,nan,nan,nan,nan,nan
WbWb_8000_3000,WbWb,8000,3000,85,340,0.8,0.4,/eos/uscms/store/user/aji/rootfiles_existingOptimization/WbWb_8000_3000_pt340_ak8_ca4_th85.root,failed,/eos/uscms/store/user/aji/rootfiles_existingOptimization/WbWb_8000_3000_pt340_ak8_ca4_th85.root,nan,nan,nan,nan,nan,nan,nan,nan,nan,nan,nan,nan,nan,nan,nan,nan,nan,nan,nan,nan,nan
WbWb_8000_3000,WbWb,8000,3000,85,340,1.0,0.4,/eos/uscms/store/user/aji/rootfiles_existingOptimization/WbWb_8000_3000_pt340_ak10_ca4_th85.root,failed,/eos/uscms/store/user/aji/rootfiles_existingOptimization/WbWb_8000_3000_pt340_ak10_ca4_th85.root,nan,nan,nan,nan,nan,nan,nan,nan,nan,nan,nan,nan,nan,nan,nan,nan,nan,nan,nan,nan,nan
WbWb_8000_3000,WbWb,8000,3000,85,340,1.0,0.6,/eos/uscms/store/user/aji/rootfiles_existingOptimization/WbWb_8000_3000_pt340_ak10_ca6_th85.root,failed,/eos/uscms/store/user/aji/rootfiles_existingOptimization/WbWb_8000_3000_pt340_ak10_ca6_th85.root,nan,nan,nan,nan,nan,nan,nan,nan,nan,nan,nan,nan,nan,nan,nan,nan,nan,nan,nan,nan,nan
WbWb_8000_3000,WbWb,8000,3000,85,340,1.2,0.4,/eos/uscms/store/user/aji/rootfiles_existingOptimization/WbWb_8000_3000_pt340_ak12_ca4_th85.root,failed,/eos/uscms/store/user/aji/rootfiles_existingOptimization/WbWb_8000_3000_pt340_ak12_ca4_th85.root,nan,nan,nan,nan,nan,nan,nan,nan,nan,nan,nan,nan,nan,nan,nan,nan,nan,nan,nan,nan,nan
WbWb_8000_3000,WbWb,8000,3000,85,340,1.2,0.6,/eos/uscms/store/user/aji/rootfiles_existingOptimization/WbWb_8000_3000_pt340_ak12_ca6_th85.root,failed,/eos/uscms/store/user/aji/rootfiles_existingOptimization/WbWb_8000_3000_pt340_ak12_ca6_th85.root,nan,nan,nan,nan,nan,nan,nan,nan,nan,nan,nan,nan,nan,nan,nan,nan,nan,nan,nan,nan,nan
WbWb_8000_3000,WbWb,8000,3000,85,340,1.2,0.8,/eos/uscms/store/user/aji/rootfiles_existingOptimization/WbWb_8000_3000_pt340_ak12_ca8_th85.root,failed,/eos/uscms/store/user/aji/rootfiles_existingOptimization/WbWb_8000_3000_pt340_ak12_ca8_th85.root,nan,nan,nan,nan,nan,nan,nan,nan,nan,nan,nan,nan,nan,nan,nan,nan,nan,nan,nan,nan,nan
WbWb_8000_3000,WbWb,8000,3000,85,340,1.4,0.4,/eos/uscms/store/user/aji/rootfiles_existingOptimization/WbWb_8000_3000_pt340_ak14_ca4_th85.root,failed,/eos/uscms/store/user/aji/rootfiles_existingOptimization/WbWb_8000_3000_pt340_ak14_ca4_th85.root,nan,nan,nan,nan,nan,nan,nan,nan,nan,nan,nan,nan,nan,nan,nan,nan,nan,nan,nan,nan,nan
WbWb_8000_3000,WbWb,8000,3000,85,340,1.4,0.6,/eos/uscms/store/user/aji/rootfiles_existingOptimization/WbWb_8000_3000_pt340_ak14_ca6_th85.root,failed,/eos/uscms/store/user/aji/rootfiles_existingOptimization/WbWb_8000_3000_pt340_ak14_ca6_th85.root,nan,nan,nan,nan,nan,nan,nan,nan,nan,nan,nan,nan,nan,nan,nan,nan,nan,nan,nan,nan,nan
WbWb_8000_3000,WbWb,8000,3000,85,340,1.4,0.8,/eos/uscms/store/user/aji/rootfiles_existingOptimization/WbWb_8000_3000_pt340_ak14_ca8_th85.root,failed,/eos/uscms/store/user/aji/rootfiles_existingOptimization/WbWb_8000_3000_pt340_ak14_ca8_th85.root,nan,nan,nan,nan,nan,nan,nan,nan,nan,nan,nan,nan,nan,nan,nan,nan,nan,nan,nan,nan,nan
WbWb_8000_3000,WbWb,8000,3000,85,340,1.4,1.0,/eos/uscms/store/user/aji/rootfiles_existingOptimization/WbWb_8000_3000_pt340_ak14_ca10_th85.root,failed,/eos/uscms/store/user/aji/rootfiles_existingOptimization/WbWb_8000_3000_pt340_ak14_ca10_th85.root,nan,nan,nan,nan,nan,nan,nan,nan,nan,nan,nan,nan,nan,nan,nan,nan,nan,nan,nan,nan,nan
WbWb_8000_3000,WbWb,8000,3000,85,340,1.6,0.4,/eos/uscms/store/user/aji/rootfiles_existingOptimization/WbWb_8000_3000_pt340_ak16_ca4_th85.root,failed,/eos/uscms/store/user/aji/rootfiles_existingOptimization/WbWb_8000_3000_pt340_ak16_ca4_th85.root,nan,nan,nan,nan,nan,nan,nan,nan,nan,nan,nan,nan,nan,nan,nan,nan,nan,nan,nan,nan,nan
WbWb_8000_3000,WbWb,8000,3000,85,340,1.6,0.6,/eos/uscms/store/user/aji/rootfiles_existingOptimization/WbWb_8000_3000_pt340_ak16_ca6_th85.root,failed,/eos/uscms/store/user/aji/rootfiles_existingOptimization/WbWb_8000_3000_pt340_ak16_ca6_th85.root,nan,nan,nan,nan,nan,nan,nan,nan,nan,nan,nan,nan,nan,nan,nan,nan,nan,nan,nan,nan,nan
WbWb_8000_3000,WbWb,8000,3000,85,340,1.6,0.8,/eos/uscms/store/user/aji/rootfiles_existingOptimization/WbWb_8000_3000_pt340_ak16_ca8_th85.root,failed,/eos/uscms/store/user/aji/rootfiles_existingOptimization/WbWb_8000_3000_pt340_ak16_ca8_th85.root,nan,nan,nan,nan,nan,nan,nan,nan,nan,nan,nan,nan,nan,nan,nan,nan,nan,nan,nan,nan,nan
WbWb_8000_3000,WbWb,8000,3000,85,340,1.6,1.0,/eos/uscms/store/user/aji/rootfiles_existingOptimization/WbWb_8000_3000_pt340_ak16_ca10_th85.root,failed,/eos/uscms/store/user/aji/rootfiles_existingOptimization/WbWb_8000_3000_pt340_ak16_ca10_th85.root,nan,nan,nan,nan,nan,nan,nan,nan,nan,nan,nan,nan,nan,nan,nan,nan,nan,nan,nan,nan,nan
WbWb_8000_3000,WbWb,8000,3000,85,340,1.6,1.2,/eos/uscms/store/user/aji/rootfiles_existingOptimization/WbWb_8000_3000_pt340_ak16_ca12_th85.root,failed,/eos/uscms/store/user/aji/rootfiles_existingOptimization/WbWb_8000_3000_pt340_ak16_ca12_th85.root,nan,nan,nan,nan,nan,nan,nan,nan,nan,nan,nan,nan,nan,nan,nan,nan,nan,nan,nan,nan,nan
WbWb_8000_3000,WbWb,8000,3000,85,360,0.8,0.4,/eos/uscms/store/user/aji/rootfiles_existingOptimization/WbWb_8000_3000_pt360_ak8_ca4_th85.root,failed,/eos/uscms/store/user/aji/rootfiles_existingOptimization/WbWb_8000_3000_pt360_ak8_ca4_th85.root,nan,nan,nan,nan,nan,nan,nan,nan,nan,nan,nan,nan,nan,nan,nan,nan,nan,nan,nan,nan,nan
WbWb_8000_3000,WbWb,8000,3000,85,360,1.0,0.4,/eos/uscms/store/user/aji/rootfiles_existingOptimization/WbWb_8000_3000_pt360_ak10_ca4_th85.root,failed,/eos/uscms/store/user/aji/rootfiles_existingOptimization/WbWb_8000_3000_pt360_ak10_ca4_th85.root,nan,nan,nan,nan,nan,nan,nan,nan,nan,nan,nan,nan,nan,nan,nan,nan,nan,nan,nan,nan,nan
WbWb_8000_3000,WbWb,8000,3000,85,360,1.0,0.6,/eos/uscms/store/user/aji/rootfiles_existingOptimization/WbWb_8000_3000_pt360_ak10_ca6_th85.root,failed,/eos/uscms/store/user/aji/rootfiles_existingOptimization/WbWb_8000_3000_pt360_ak10_ca6_th85.root,nan,nan,nan,nan,nan,nan,nan,nan,nan,nan,nan,nan,nan,nan,nan,nan,nan,nan,nan,nan,nan
WbWb_8000_3000,WbWb,8000,3000,85,360,1.2,0.4,/eos/uscms/store/user/aji/rootfiles_existingOptimization/WbWb_8000_3000_pt360_ak12_ca4_th85.root,failed,/eos/uscms/store/user/aji/rootfiles_existingOptimization/WbWb_8000_3000_pt360_ak12_ca4_th85.root,nan,nan,nan,nan,nan,nan,nan,nan,nan,nan,nan,nan,nan,nan,nan,nan,nan,nan,nan,nan,nan
WbWb_8000_3000,WbWb,8000,3000,85,360,1.2,0.6,/eos/uscms/store/user/aji/rootfiles_existingOptimization/WbWb_8000_3000_pt360_ak12_ca6_th85.root,failed,/eos/uscms/store/user/aji/rootfiles_existingOptimization/WbWb_8000_3000_pt360_ak12_ca6_th85.root,nan,nan,nan,nan,nan,nan,nan,nan,nan,nan,nan,nan,nan,nan,nan,nan,nan,nan,nan,nan,nan
WbWb_8000_3000,WbWb,8000,3000,85,360,1.2,0.8,/eos/uscms/store/user/aji/rootfiles_existingOptimization/WbWb_8000_3000_pt360_ak12_ca8_th85.root,failed,/eos/uscms/store/user/aji/rootfiles_existingOptimization/WbWb_8000_3000_pt360_ak12_ca8_th85.root,nan,nan,nan,nan,nan,nan,nan,nan,nan,nan,nan,nan,nan,nan,nan,nan,nan,nan,nan,nan,nan
WbWb_8000_3000,WbWb,8000,3000,85,360,1.4,0.4,/eos/uscms/store/user/aji/rootfiles_existingOptimization/WbWb_8000_3000_pt360_ak14_ca4_th85.root,failed,/eos/uscms/store/user/aji/rootfiles_existingOptimization/WbWb_8000_3000_pt360_ak14_ca4_th85.root,nan,nan,nan,nan,nan,nan,nan,nan,nan,nan,nan,nan,nan,nan,nan,nan,nan,nan,nan,nan,nan
WbWb_8000_3000,WbWb,8000,3000,85,360,1.4,0.6,/eos/uscms/store/user/aji/rootfiles_existingOptimization/WbWb_8000_3000_pt360_ak14_ca6_th85.root,failed,/eos/uscms/store/user/aji/rootfiles_existingOptimization/WbWb_8000_3000_pt360_ak14_ca6_th85.root,nan,nan,nan,nan,nan,nan,nan,nan,nan,nan,nan,nan,nan,nan,nan,nan,nan,nan,nan,nan,nan
WbWb_8000_3000,WbWb,8000,3000,85,360,1.4,0.8,/eos/uscms/store/user/aji/rootfiles_existingOptimization/WbWb_8000_3000_pt360_ak14_ca8_th85.root,failed,/eos/uscms/store/user/aji/rootfiles_existingOptimization/WbWb_8000_3000_pt360_ak14_ca8_th85.root,nan,nan,nan,nan,nan,nan,nan,nan,nan,nan,nan,nan,nan,nan,nan,nan,nan,nan,nan,nan,nan
WbWb_8000_3000,WbWb,8000,3000,85,360,1.4,1.0,/eos/uscms/store/user/aji/rootfiles_existingOptimization/WbWb_8000_3000_pt360_ak14_ca10_th85.root,failed,/eos/uscms/store/user/aji/rootfiles_existingOptimization/WbWb_8000_3000_pt360_ak14_ca10_th85.root,nan,nan,nan,nan,nan,nan,nan,nan,nan,nan,nan,nan,nan,nan,nan,nan,nan,nan,nan,nan,nan
WbWb_8000_3000,WbWb,8000,3000,85,360,1.6,0.4,/eos/uscms/store/user/aji/rootfiles_existingOptimization/WbWb_8000_3000_pt360_ak16_ca4_th85.root,failed,/eos/uscms/store/user/aji/rootfiles_existingOptimization/WbWb_8000_3000_pt360_ak16_ca4_th85.root,nan,nan,nan,nan,nan,nan,nan,nan,nan,nan,nan,nan,nan,nan,nan,nan,nan,nan,nan,nan,nan
WbWb_8000_3000,WbWb,8000,3000,85,360,1.6,0.6,/eos/uscms/store/user/aji/rootfiles_existingOptimization/WbWb_8000_3000_pt360_ak16_ca6_th85.root,failed,/eos/uscms/store/user/aji/rootfiles_existingOptimization/WbWb_8000_3000_pt360_ak16_ca6_th85.root,nan,nan,nan,nan,nan,nan,nan,nan,nan,nan,nan,nan,nan,nan,nan,nan,nan,nan,nan,nan,nan
WbWb_8000_3000,WbWb,8000,3000,85,360,1.6,0.8,/eos/uscms/store/user/aji/rootfiles_existingOptimization/WbWb_8000_3000_pt360_ak16_ca8_th85.root,failed,/eos/uscms/store/user/aji/rootfiles_existingOptimization/WbWb_8000_3000_pt360_ak16_ca8_th85.root,nan,nan,nan,nan,nan,nan,nan,nan,nan,nan,nan,nan,nan,nan,nan,nan,nan,nan,nan,nan,nan
WbWb_8000_3000,WbWb,8000,3000,85,360,1.6,1.0,/eos/uscms/store/user/aji/rootfiles_existingOptimization/WbWb_8000_3000_pt360_ak16_ca10_th85.root,failed,/eos/uscms/store/user/aji/rootfiles_existingOptimization/WbWb_8000_3000_pt360_ak16_ca10_th85.root,nan,nan,nan,nan,nan,nan,nan,nan,nan,nan,nan,nan,nan,nan,nan,nan,nan,nan,nan,nan,nan
WbWb_8000_3000,WbWb,8000,3000,85,360,1.6,1.2,/eos/uscms/store/user/aji/rootfiles_existingOptimization/WbWb_8000_3000_pt360_ak16_ca12_th85.root,failed,/eos/uscms/store/user/aji/rootfiles_existingOptimization/WbWb_8000_3000_pt360_ak16_ca12_th85.root,nan,nan,nan,nan,nan,nan,nan,nan,nan,nan,nan,nan,nan,nan,nan,nan,nan,nan,nan,nan,nan
WbWb_8000_3000,WbWb,8000,3000,85,380,0.8,0.4,/eos/uscms/store/user/aji/rootfiles_existingOptimization/WbWb_8000_3000_pt380_ak8_ca4_th85.root,failed,/eos/uscms/store/user/aji/rootfiles_existingOptimization/WbWb_8000_3000_pt380_ak8_ca4_th85.root,nan,nan,nan,nan,nan,nan,nan,nan,nan,nan,nan,nan,nan,nan,nan,nan,nan,nan,nan,nan,nan
WbWb_8000_3000,WbWb,8000,3000,85,380,1.0,0.4,/eos/uscms/store/user/aji/rootfiles_existingOptimization/WbWb_8000_3000_pt380_ak10_ca4_th85.root,failed,/eos/uscms/store/user/aji/rootfiles_existingOptimization/WbWb_8000_3000_pt380_ak10_ca4_th85.root,nan,nan,nan,nan,nan,nan,nan,nan,nan,nan,nan,nan,nan,nan,nan,nan,nan,nan,nan,nan,nan
WbWb_8000_3000,WbWb,8000,3000,85,380,1.0,0.6,/eos/uscms/store/user/aji/rootfiles_existingOptimization/WbWb_8000_3000_pt380_ak10_ca6_th85.root,failed,/eos/uscms/store/user/aji/rootfiles_existingOptimization/WbWb_8000_3000_pt380_ak10_ca6_th85.root,nan,nan,nan,nan,nan,nan,nan,nan,nan,nan,nan,nan,nan,nan,nan,nan,nan,nan,nan,nan,nan
WbWb_8000_3000,WbWb,8000,3000,85,380,1.2,0.4,/eos/uscms/store/user/aji/rootfiles_existingOptimization/WbWb_8000_3000_pt380_ak12_ca4_th85.root,failed,/eos/uscms/store/user/aji/rootfiles_existingOptimization/WbWb_8000_3000_pt380_ak12_ca4_th85.root,nan,nan,nan,nan,nan,nan,nan,nan,nan,nan,nan,nan,nan,nan,nan,nan,nan,nan,nan,nan,nan
WbWb_8000_3000,WbWb,8000,3000,85,380,1.2,0.6,/eos/uscms/store/user/aji/rootfiles_existingOptimization/WbWb_8000_3000_pt380_ak12_ca6_th85.root,failed,/eos/uscms/store/user/aji/rootfiles_existingOptimization/WbWb_8000_3000_pt380_ak12_ca6_th85.root,nan,nan,nan,nan,nan,nan,nan,nan,nan,nan,nan,nan,nan,nan,nan,nan,nan,nan,nan,nan,nan
WbWb_8000_3000,WbWb,8000,3000,85,380,1.2,0.8,/eos/uscms/store/user/aji/rootfiles_existingOptimization/WbWb_8000_3000_pt380_ak12_ca8_th85.root,failed,/eos/uscms/store/user/aji/rootfiles_existingOptimization/WbWb_8000_3000_pt380_ak12_ca8_th85.root,nan,nan,nan,nan,nan,nan,nan,nan,nan,nan,nan,nan,nan,nan,nan,nan,nan,nan,nan,nan,nan
WbWb_8000_3000,WbWb,8000,3000,85,380,1.4,0.4,/eos/uscms/store/user/aji/rootfiles_existingOptimization/WbWb_8000_3000_pt380_ak14_ca4_th85.root,failed,/eos/uscms/store/user/aji/rootfiles_existingOptimization/WbWb_8000_3000_pt380_ak14_ca4_th85.root,nan,nan,nan,nan,nan,nan,nan,nan,nan,nan,nan,nan,nan,nan,nan,nan,nan,nan,nan,nan,nan
WbWb_8000_3000,WbWb,8000,3000,85,380,1.4,0.6,/eos/uscms/store/user/aji/rootfiles_existingOptimization/WbWb_8000_3000_pt380_ak14_ca6_th85.root,failed,/eos/uscms/store/user/aji/rootfiles_existingOptimization/WbWb_8000_3000_pt380_ak14_ca6_th85.root,nan,nan,nan,nan,nan,nan,nan,nan,nan,nan,nan,nan,nan,nan,nan,nan,nan,nan,nan,nan,nan
WbWb_8000_3000,WbWb,8000,3000,85,380,1.4,0.8,/eos/uscms/store/user/aji/rootfiles_existingOptimization/WbWb_8000_3000_pt380_ak14_ca8_th85.root,failed,/eos/uscms/store/user/aji/rootfiles_existingOptimization/WbWb_8000_3000_pt380_ak14_ca8_th85.root,nan,nan,nan,nan,nan,nan,nan,nan,nan,nan,nan,nan,nan,nan,nan,nan,nan,nan,nan,nan,nan
WbWb_8000_3000,WbWb,8000,3000,85,380,1.4,1.0,/eos/uscms/store/user/aji/rootfiles_existingOptimization/WbWb_8000_3000_pt380_ak14_ca10_th85.root,failed,/eos/uscms/store/user/aji/rootfiles_existingOptimization/WbWb_8000_3000_pt380_ak14_ca10_th85.root,nan,nan,nan,nan,nan,nan,nan,nan,nan,nan,nan,nan,nan,nan,nan,nan,nan,nan,nan,nan,nan
WbWb_8000_3000,WbWb,8000,3000,85,380,1.6,0.4,/eos/uscms/store/user/aji/rootfiles_existingOptimization/WbWb_8000_3000_pt380_ak16_ca4_th85.root,failed,/eos/uscms/store/user/aji/rootfiles_existingOptimization/WbWb_8000_3000_pt380_ak16_ca4_th85.root,nan,nan,nan,nan,nan,nan,nan,nan,nan,nan,nan,nan,nan,nan,nan,nan,nan,nan,nan,nan,nan
WbWb_8000_3000,WbWb,8000,3000,85,380,1.6,0.6,/eos/uscms/store/user/aji/rootfiles_existingOptimization/WbWb_8000_3000_pt380_ak16_ca6_th85.root,failed,/eos/uscms/store/user/aji/rootfiles_existingOptimization/WbWb_8000_3000_pt380_ak16_ca6_th85.root,nan,nan,nan,nan,nan,nan,nan,nan,nan,nan,nan,nan,nan,nan,nan,nan,nan,nan,nan,nan,nan
WbWb_8000_3000,WbWb,8000,3000,85,380,1.6,0.8,/eos/uscms/store/user/aji/rootfiles_existingOptimization/WbWb_8000_3000_pt380_ak16_ca8_th85.root,failed,/eos/uscms/store/user/aji/rootfiles_existingOptimization/WbWb_8000_3000_pt380_ak16_ca8_th85.root,nan,nan,nan,nan,nan,nan,nan,nan,nan,nan,nan,nan,nan,nan,nan,nan,nan,nan,nan,nan,nan
WbWb_8000_3000,WbWb,8000,3000,85,380,1.6,1.0,/eos/uscms/store/user/aji/rootfiles_existingOptimization/WbWb_8000_3000_pt380_ak16_ca10_th85.root,failed,/eos/uscms/store/user/aji/rootfiles_existingOptimization/WbWb_8000_3000_pt380_ak16_ca10_th85.root,nan,nan,nan,nan,nan,nan,nan,nan,nan,nan,nan,nan,nan,nan,nan,nan,nan,nan,nan,nan,nan
WbWb_8000_3000,WbWb,8000,3000,85,380,1.6,1.2,/eos/uscms/store/user/aji/rootfiles_existingOptimization/WbWb_8000_3000_pt380_ak16_ca12_th85.root,failed,/eos/uscms/store/user/aji/rootfiles_existingOptimization/WbWb_8000_3000_pt380_ak16_ca12_th85.root,nan,nan,nan,nan,nan,nan,nan,nan,nan,nan,nan,nan,nan,nan,nan,nan,nan,nan,nan,nan,nan
WbWb_8000_3000,WbWb,8000,3000,85,400,0.8,0.4,/eos/uscms/store/user/aji/rootfiles_existingOptimization/WbWb_8000_3000_pt400_ak8_ca4_th85.root,failed,/eos/uscms/store/user/aji/rootfiles_existingOptimization/WbWb_8000_3000_pt400_ak8_ca4_th85.root,nan,nan,nan,nan,nan,nan,nan,nan,nan,nan,nan,nan,nan,nan,nan,nan,nan,nan,nan,nan,nan
WbWb_8000_3000,WbWb,8000,3000,85,400,1.0,0.4,/eos/uscms/store/user/aji/rootfiles_existingOptimization/WbWb_8000_3000_pt400_ak10_ca4_th85.root,failed,/eos/uscms/store/user/aji/rootfiles_existingOptimization/WbWb_8000_3000_pt400_ak10_ca4_th85.root,nan,nan,nan,nan,nan,nan,nan,nan,nan,nan,nan,nan,nan,nan,nan,nan,nan,nan,nan,nan,nan
WbWb_8000_3000,WbWb,8000,3000,85,400,1.0,0.6,/eos/uscms/store/user/aji/rootfiles_existingOptimization/WbWb_8000_3000_pt400_ak10_ca6_th85.root,failed,/eos/uscms/store/user/aji/rootfiles_existingOptimization/WbWb_8000_3000_pt400_ak10_ca6_th85.root,nan,nan,nan,nan,nan,nan,nan,nan,nan,nan,nan,nan,nan,nan,nan,nan,nan,nan,nan,nan,nan
WbWb_8000_3000,WbWb,8000,3000,85,400,1.2,0.4,/eos/uscms/store/user/aji/rootfiles_existingOptimization/WbWb_8000_3000_pt400_ak12_ca4_th85.root,failed,/eos/uscms/store/user/aji/rootfiles_existingOptimization/WbWb_8000_3000_pt400_ak12_ca4_th85.root,nan,nan,nan,nan,nan,nan,nan,nan,nan,nan,nan,nan,nan,nan,nan,nan,nan,nan,nan,nan,nan
WbWb_8000_3000,WbWb,8000,3000,85,400,1.2,0.6,/eos/uscms/store/user/aji/rootfiles_existingOptimization/WbWb_8000_3000_pt400_ak12_ca6_th85.root,failed,/eos/uscms/store/user/aji/rootfiles_existingOptimization/WbWb_8000_3000_pt400_ak12_ca6_th85.root,nan,nan,nan,nan,nan,nan,nan,nan,nan,nan,nan,nan,nan,nan,nan,nan,nan,nan,nan,nan,nan
WbWb_8000_3000,WbWb,8000,3000,85,400,1.2,0.8,/eos/uscms/store/user/aji/rootfiles_existingOptimization/WbWb_8000_3000_pt400_ak12_ca8_th85.root,failed,/eos/uscms/store/user/aji/rootfiles_existingOptimization/WbWb_8000_3000_pt400_ak12_ca8_th85.root,nan,nan,nan,nan,nan,nan,nan,nan,nan,nan,nan,nan,nan,nan,nan,nan,nan,nan,nan,nan,nan
WbWb_8000_3000,WbWb,8000,3000,85,400,1.4,0.4,/eos/uscms/store/user/aji/rootfiles_existingOptimization/WbWb_8000_3000_pt400_ak14_ca4_th85.root,failed,/eos/uscms/store/user/aji/rootfiles_existingOptimization/WbWb_8000_3000_pt400_ak14_ca4_th85.root,nan,nan,nan,nan,nan,nan,nan,nan,nan,nan,nan,nan,nan,nan,nan,nan,nan,nan,nan,nan,nan
WbWb_8000_3000,WbWb,8000,3000,85,400,1.4,0.6,/eos/uscms/store/user/aji/rootfiles_existingOptimization/WbWb_8000_3000_pt400_ak14_ca6_th85.root,failed,/eos/uscms/store/user/aji/rootfiles_existingOptimization/WbWb_8000_3000_pt400_ak14_ca6_th85.root,nan,nan,nan,nan,nan,nan,nan,nan,nan,nan,nan,nan,nan,nan,nan,nan,nan,nan,nan,nan,nan
WbWb_8000_3000,WbWb,8000,3000,85,400,1.4,0.8,/eos/uscms/store/user/aji/rootfiles_existingOptimization/WbWb_8000_3000_pt400_ak14_ca8_th85.root,failed,/eos/uscms/store/user/aji/rootfiles_existingOptimization/WbWb_8000_3000_pt400_ak14_ca8_th85.root,nan,nan,nan,nan,nan,nan,nan,nan,nan,nan,nan,nan,nan,nan,nan,nan,nan,nan,nan,nan,nan
WbWb_8000_3000,WbWb,8000,3000,85,400,1.4,1.0,/eos/uscms/store/user/aji/rootfiles_existingOptimization/WbWb_8000_3000_pt400_ak14_ca10_th85.root,failed,/eos/uscms/store/user/aji/rootfiles_existingOptimization/WbWb_8000_3000_pt400_ak14_ca10_th85.root,nan,nan,nan,nan,nan,nan,nan,nan,nan,nan,nan,nan,nan,nan,nan,nan,nan,nan,nan,nan,nan
WbWb_8000_3000,WbWb,8000,3000,85,400,1.6,0.4,/eos/uscms/store/user/aji/rootfiles_existingOptimization/WbWb_8000_3000_pt400_ak16_ca4_th85.root,failed,/eos/uscms/store/user/aji/rootfiles_existingOptimization/WbWb_8000_3000_pt400_ak16_ca4_th85.root,nan,nan,nan,nan,nan,nan,nan,nan,nan,nan,nan,nan,nan,nan,nan,nan,nan,nan,nan,nan,nan
WbWb_8000_3000,WbWb,8000,3000,85,400,1.6,0.6,/eos/uscms/store/user/aji/rootfiles_existingOptimization/WbWb_8000_3000_pt400_ak16_ca6_th85.root,failed,/eos/uscms/store/user/aji/rootfiles_existingOptimization/WbWb_8000_3000_pt400_ak16_ca6_th85.root,nan,nan,nan,nan,nan,nan,nan,nan,nan,nan,nan,nan,nan,nan,nan,nan,nan,nan,nan,nan,nan
WbWb_8000_3000,WbWb,8000,3000,85,400,1.6,0.8,/eos/uscms/store/user/aji/rootfiles_existingOptimization/WbWb_8000_3000_pt400_ak16_ca8_th85.root,failed,/eos/uscms/store/user/aji/rootfiles_existingOptimization/WbWb_8000_3000_pt400_ak16_ca8_th85.root,nan,nan,nan,nan,nan,nan,nan,nan,nan,nan,nan,nan,nan,nan,nan,nan,nan,nan,nan,nan,nan
WbWb_8000_3000,WbWb,8000,3000,85,400,1.6,1.0,/eos/uscms/store/user/aji/rootfiles_existingOptimization/WbWb_8000_3000_pt400_ak16_ca10_th85.root,failed,/eos/uscms/store/user/aji/rootfiles_existingOptimization/WbWb_8000_3000_pt400_ak16_ca10_th85.root,nan,nan,nan,nan,nan,nan,nan,nan,nan,nan,nan,nan,nan,nan,nan,nan,nan,nan,nan,nan,nan
WbWb_8000_3000,WbWb,8000,3000,85,400,1.6,1.2,/eos/uscms/store/user/aji/rootfiles_existingOptimization/WbWb_8000_3000_pt400_ak16_ca12_th85.root,failed,/eos/uscms/store/user/aji/rootfiles_existingOptimization/WbWb_8000_3000_pt400_ak16_ca12_th85.root,nan,nan,nan,nan,nan,nan,nan,nan,nan,nan,nan,nan,nan,nan,nan,nan,nan,nan,nan,nan,nan
