sample,decay,suu_mass,chi_mass,th_code,pt_cut,ak_radius,ca_radius,filename,status,error,n_events,n_valid_events,reconstruction_efficiency,reconstruction_efficiency_err,f_low_event,f_low_event_err,f_low_chi,f_peak_chi,f_peak_event_both,f_peak_event_both_all,off_peak_event_fraction,off_peak_event_fraction_err,median_mass,q16_mass,q84_mass,median_mass_response,q16_mass_response,q84_mass_response,robust_resolution,median_mass_asymmetry,balanced_score
WbWb_4000_1000,WbWb,4000,1000,85,160,0.6,0.4,/eos/uscms/store/user/aji/rootfiles_existingOptimization/WbWb_4000_1000_pt160_ak6_ca4_th85.root,ok,,1000,1000,1.0,0.0,0.043,0.006414904519944158,0.0265,0.685,0.607,0.607,0.393,0.015445096309184997,1016.4257117689754,880.8371316927058,1483.1148479775482,1.0164257117689752,0.8808371316927058,1.483114847977548,0.29627237352971186,0.003722719120682342,0.6909149447066094
WbWb_4000_1000,WbWb,4000,1000,85,140,0.6,0.4,/eos/uscms/store/user/aji/rootfiles_existingOptimization/WbWb_4000_1000_pt140_ak6_ca4_th85.root,ok,,1000,1000,1.0,0.0,0.032,0.005565608681896348,0.0195,0.6775,0.615,0.615,0.385,0.015387494922826133,1025.8002763527961,903.557977248717,1528.5899208863718,1.025800276352796,0.903557977248717,1.5285899208863716,0.3046557687915322,0.0011519086378883807,0.6922357964268118
WbWb_4000_1000,WbWb,4000,1000,85,100,0.6,0.4,/eos/uscms/store/user/aji/rootfiles_existingOptimization/WbWb_4000_1000_pt100_ak6_ca4_th85.root,ok,,1000,1000,1.0,0.0,0.01,0.003146426544510455,0.0055,0.654,0.62,0.62,0.38,0.015349267083479915,1073.005224784107,929.7439657175287,1586.9031431612964,1.073005224784107,0.9297439657175287,1.5869031431612963,0.306223661481234,0.00043100306827348073,0.6935241839596447
WbWb_4000_1000,WbWb,4000,1000,85,120,0.6,0.4,/eos/uscms/store/user/aji/rootfiles_existingOptimization/WbWb_4000_1000_pt120_ak6_ca4_th85.root,ok,,1000,1000,1.0,0.0,0.02,0.004427188724235731,0.0125,0.6685,0.62,0.62,0.38,0.015349267083479915,1043.8215774744879,916.2707972502652,1565.3809044037441,1.043821577474488,0.9162707972502652,1.5653809044037441,0.3109296268448445,0.0007267723037952243,0.6953117845922933
WbWb_4000_1000,WbWb,4000,1000,85,180,0.6,0.4,/eos/uscms/store/user/aji/rootfiles_existingOptimization/WbWb_4000_1000_pt180_ak6_ca4_th85.root,ok,,1000,1000,1.0,0.0,0.059,0.007451107300260815,0.0365,0.6765,0.581,0.581,0.41900000000000004,0.015602531845825537,1006.464625736028,833.1496945066913,1460.9381839374516,1.0064646257360281,0.8331496945066912,1.4609381839374518,0.3118780697193697,0.010342513763208293,0.7315245322929725
WbWb_4000_1000,WbWb,4000,1000,85,100,0.4,1.4,/eos/uscms/store/user/aji/rootfiles_existingOptimization/WbWb_4000_1000_pt100_ak4_ca14_th85.root,ok,,1000,1000,1.0,0.0,0.13,0.010634848376916336,0.067,0.698,0.55,0.55,0.44999999999999996,0.015732132722552274,945.3507619725233,756.5437585463078,1327.2040084995938,0.9453507619725232,0.7565437585463077,1.3272040084995937,0.3018246099270994,0.09081773539595786,0.7572895337298471
WbWb_4000_1000,WbWb,4000,1000,85,120,0.6,1.4,/eos/uscms/store/user/aji/rootfiles_existingOptimization/WbWb_4000_1000_pt120_ak6_ca14_th85.root,ok,,1000,1000,1.0,0.0,0.131,0.010669536072388528,0.068,0.6745,0.537,0.537,0.46299999999999997,0.015768037290671277,998.5224820756005,824.7493817640307,1419.796144250022,0.9985224820756005,0.8247493817640307,1.4197961442500222,0.2979636278439543,0.08497480357065562,0.7611113796363942
WbWb_4000_1000,WbWb,4000,1000,85,200,0.6,0.4,/eos/uscms/store/user/aji/rootfiles_existingOptimization/WbWb_4000_1000_pt200_ak6_ca4_th85.root,ok,,1000,1000,1.0,0.0,0.08,0.008579044235810887,0.051,0.6625,0.554,0.554,0.44599999999999995,0.01571890581433708,996.5035931760353,772.8533184783048,1408.2120609143935,0.9965035931760353,0.7728533184783047,1.4082120609143935,0.3187940047516973,0.016512786017907215,0.7651436454340936
WbWb_4000_1000,WbWb,4000,1000,85,100,0.6,1.4,/eos/uscms/store/user/aji/rootfiles_existingOptimization/WbWb_4000_1000_pt100_ak6_ca14_th85.root,ok,,1000,1000,1.0,0.0,0.1,0.009486832980505138,0.0505,0.675,0.542,0.542,0.45799999999999996,0.015755506973753653,1011.6006422703759,843.5129082271131,1465.171209342108,1.011600642270376,0.8435129082271131,1.465171209342108,0.3072646828889819,0.0833377829603607,0.7664247471160195
WbWb_4000_1000,WbWb,4000,1000,85,140,0.6,1.4,/eos/uscms/store/user/aji/rootfiles_existingOptimization/WbWb_4000_1000_pt140_ak6_ca14_th85.root,ok,,1000,1000,1.0,0.0,0.168,0.011822690049223147,0.0875,0.675,0.532,0.532,0.46799999999999997,0.01577897335063343,986.5366146914122,785.2955400611673,1371.7053326447474,0.9865366146914122,0.7852955400611673,1.3717053326447475,0.297206299214251,0.08722125249493135,0.7665526377451097
WbWb_4000_1000,WbWb,4000,1000,85,120,0.4,1.4,/eos/uscms/store/user/aji/rootfiles_existingOptimization/WbWb_4000_1000_pt120_ak4_ca14_th85.root,ok,,1000,1000,1.0,0.0,0.165,0.011737759581794134,0.0855,0.695,0.536,0.536,0.46399999999999997,0.015770351930125083,936.451538950475,725.0817568017123,1286.5073604417983,0.9364515389504751,0.7250817568017123,1.2865073604417983,0.29976223023206405,0.09784270831091939,0.7701170763370165
WbWb_4000_1000,WbWb,4000,1000,85,160,0.6,1.4,/eos/uscms/store/user/aji/rootfiles_existingOptimization/WbWb_4000_1000_pt160_ak6_ca14_th85.root,ok,,1000,1000,1.0,0.0,0.2,0.01264911064067352,0.105,0.679,0.526,0.526,0.474,0.01578999683343857,978.690906518608,739.6457131246067,1319.2191916629233,0.978690906518608,0.7396457131246067,1.3192191916629235,0.2960962826353272,0.09291977846682202,0.7722271919834665
WbWb_4000_1000,WbWb,4000,1000,85,100,0.4,1.2,/eos/uscms/store/user/aji/rootfiles_existingOptimization/WbWb_4000_1000_pt100_ak4_ca12_th85.root,ok,,1000,1000,1.0,0.0,0.113,0.01001154333756789,0.0585,0.6815,0.545,0.545,0.45499999999999996,0.015747221977225064,958.2647827193803,786.0587054689923,1388.0001934168374,0.9582647827193802,0.7860587054689923,1.3880001934168376,0.31407889489564955,0.07584198367767442,0.7732524166237115
WbWb_4000_1000,WbWb,4000,1000,85,100,0.4,1.6,/eos/uscms/store/user/aji/rootfiles_existingOptimization/WbWb_4000_1000_pt100_ak4_ca16_th85.root,ok,,1000,1000,1.0,0.0,0.165,0.011737759581794134,0.0845,0.691,0.529,0.529,0.471,0.01578477114183161,940.4753072561518,720.0333700800398,1289.9650321242143,0.9404753072561518,0.7200333700800398,1.2899650321242144,0.30300192766727563,0.10979410437818735,0.7799543969416605
WbWb_4000_1000,WbWb,4000,1000,85,160,0.8,0.6,/eos/uscms/store/user/aji/rootfiles_existingOptimization/WbWb_4000_1000_pt160_ak8_ca6_th85.root,ok,,1000,1000,1.0,0.0,0.033,0.005648982209212559,0.0195,0.627,0.553,0.553,0.44699999999999995,0.01572230899073034,1094.6711846858475,951.3518788230127,1661.3090002947893,1.0946711846858477,0.9513518788230126,1.6613090002947892,0.3242787109973679,0.009357191258124294,0.7807458294659526
WbWb_4000_1000,WbWb,4000,1000,85,100,0.6,1.6,/eos/uscms/store/user/aji/rootfiles_existingOptimization/WbWb_4000_1000_pt100_ak6_ca16_th85.root,ok,,1000,1000,1.0,0.0,0.133,0.010738295954200556,0.067,0.672,0.525,0.525,0.475,0.015791611697353755,1001.7339145160163,824.7493817640307,1443.6214262989088,1.0017339145160162,0.8247493817640307,1.4436214262989087,0.3089004153532545,0.098339217107208,0.784073806804856
WbWb_4000_1000,WbWb,4000,1000,85,140,0.8,0.6,/eos/uscms/store/user/aji/rootfiles_existingOptimization/WbWb_4000_1000_pt140_ak8_ca6_th85.root,ok,,1000,1000,1.0,0.0,0.023,0.004740358636221525,0.014,0.607,0.548,0.548,0.45199999999999996,0.015738360778683402,1115.1315866866648,969.7926081004383,1686.1215652016585,1.115131586686665,0.9697926081004383,1.6861215652016586,0.3211858428428222,0.005629014768041736,0.7846990015114886
WbWb_4000_1000,WbWb,4000,1000,85,180,0.8,0.6,/eos/uscms/store/user/aji/rootfiles_existingOptimization/WbWb_4000_1000_pt180_ak8_ca6_th85.root,ok,,1000,1000,1.0,0.0,0.049,0.006826346021115542,0.0295,0.634,0.544,0.544,0.45599999999999996,0.01575004761897563,1080.3570744999683,931.6750388349316,1628.1690949496915,1.0803570744999687,0.9316750388349316,1.6281690949496914,0.32234437694459694,0.012258721748562323,0.7863800843945938
WbWb_4000_1000,WbWb,4000,1000,85,100,0.4,0.6,/eos/uscms/store/user/aji/rootfiles_existingOptimization/WbWb_4000_1000_pt100_ak4_ca6_th85.root,ok,,1000,1000,1.0,0.0,0.07,0.008068457101577725,0.037,0.659,0.571,0.571,0.42900000000000005,0.015651166090742248,977.9773039752711,834.9639991180264,1532.433068072248,0.977977303975271,0.8349639991180264,1.5324330680722478,0.356587553780214,0.045977769446387276,0.787789823382687
WbWb_4000_1000,WbWb,4000,1000,85,100,0.6,1.2,/eos/uscms/store/user/aji/rootfiles_existingOptimization/WbWb_4000_1000_pt100_ak6_ca12_th85.root,ok,,1000,1000,1.0,0.0,0.086,0.008865889690267977,0.0435,0.6495,0.538,0.538,0.46199999999999997,0.015765658882520576,1027.4749408917498,869.3925012445793,1536.8496505481041,1.0274749408917498,0.8693925012445793,1.5368496505481042,0.32480458780057253,0.070160359554853,0.7895520818897475
WbWb_4000_1000,WbWb,4000,1000,85,100,0.4,0.4,/eos/uscms/store/user/aji/rootfiles_existingOptimization/WbWb_4000_1000_pt100_ak4_ca4_th85.root,ok,,1000,1000,1.0,0.0,0.065,0.007795832219846705,0.0345,0.6505,0.568,0.568,0.43200000000000005,0.01566448211719749,984.9960194360935,843.1685128463066,1545.577993776328,0.9849960194360936,0.8431685128463067,1.5455779937763279,0.3565544769064894,0.042952959230493484,0.7900548749628801
WbWb_4000_1000,WbWb,4000,1000,85,120,0.6,1.6,/eos/uscms/store/user/aji/rootfiles_existingOptimization/WbWb_4000_1000_pt120_ak6_ca16_th85.root,ok,,1000,1000,1.0,0.0,0.168,0.011822690049223147,0.0865,0.667,0.517,0.517,0.483,0.01580224667571039,990.7540012194044,781.3137333973502,1389.3161917107166,0.9907540012194044,0.7813137333973502,1.3893161917107164,0.3068382552909432,0.10598961959202596,0.7907628551690027
WbWb_4000_1000,WbWb,4000,1000,85,160,0.6,1.2,/eos/uscms/store/user/aji/rootfiles_existingOptimization/WbWb_4000_1000_pt160_ak6_ca12_th85.root,ok,,1000,1000,1.0,0.0,0.183,0.012227469075814503,0.0965,0.6625,0.522,0.522,0.478,0.015796075461962062,986.4642837133174,779.0326069020903,1398.1009349031801,0.9864642837133173,0.7790326069020902,1.39810093490318,0.3137814202815078,0.0793010658248495,0.793134991910176
WbWb_4000_1000,WbWb,4000,1000,85,100,0.4,0.8,/eos/uscms/store/user/aji/rootfiles_existingOptimization/WbWb_4000_1000_pt100_ak4_ca8_th85.root,ok,,1000,1000,1.0,0.0,0.081,0.008627803892068943,0.0425,0.6565,0.564,0.564,0.43600000000000005,0.015681326474504636,976.503890072614,830.3903003784017,1524.6675581089087,0.976503890072614,0.8303903003784017,1.5246675581089089,0.35549129132444107,0.050511182369952806,0.7938409023171797
WbWb_4000_1000,WbWb,4000,1000,85,160,0.8,1.4,/eos/uscms/store/user/aji/rootfiles_existingOptimization/WbWb_4000_1000_pt160_ak8_ca14_th85.root,ok,,1000,1000,1.0,0.0,0.148,0.011229247525992114,0.077,0.654,0.503,0.503,0.497,0.01581110369329099,1053.9991711221637,861.094297690972,1481.021949736684,1.053999171122164,0.861094297690972,1.481021949736684,0.29408355766812044,0.08825490807593356,0.7964834747803369
WbWb_4000_1000,WbWb,4000,1000,85,140,0.6,1.2,/eos/uscms/store/user/aji/rootfiles_existingOptimization/WbWb_4000_1000_pt140_ak6_ca12_th85.root,ok,,1000,1000,1.0,0.0,0.154,0.011414201680362931,0.0805,0.6545,0.525,0.525,0.475,0.015791611697353755,996.5372565844858,812.729847154399,1455.6353911456386,0.9965372565844858,0.812729847154399,1.4556353911456386,0.3225697482674771,0.0766474098242941,0.7979160226090285
WbWb_4000_1000,WbWb,4000,1000,85,200,0.8,0.6,/eos/uscms/store/user/aji/rootfiles_existingOptimization/WbWb_4000_1000_pt200_ak8_ca6_th85.root,ok,,1000,1000,1.0,0.0,0.067,0.007906389820898032,0.04,0.6305,0.527,0.527,0.473,0.01578831846651188,1071.9956177472325,904.6861525210082,1588.6625195390718,1.0719956177472325,0.9046861525210083,1.5886625195390718,0.3190201320297465,0.015931239322954455,0.7992196938044698
WbWb_4000_1000,WbWb,4000,1000,85,120,0.6,1.2,/eos/uscms/store/user/aji/rootfiles_existingOptimization/WbWb_4000_1000_pt120_ak6_ca12_th85.root,ok,,1000,1000,1.0,0.0,0.116,0.010126401137620413,0.0605,0.652,0.531,0.531,0.469,0.01578096955196353,1012.3913507506202,837.2912661122898,1504.5724563717497,1.0123913507506201,0.8372912661122898,1.5045724563717497,0.3295569395000835,0.07284834839018717,0.7997960745751456
WbWb_4000_1000,WbWb,4000,1000,85,140,0.4,1.4,/eos/uscms/store/user/aji/rootfiles_existingOptimization/WbWb_4000_1000_pt140_ak4_ca14_th85.root,ok,,1000,1000,1.0,0.0,0.209,0.012857643641040918,0.1115,0.688,0.523,0.523,0.477,0.01579465099329517,927.8119727734709,647.617790096914,1242.614963728455,0.9278119727734708,0.647617790096914,1.242614963728455,0.3206453414547669,0.10270057641486524,0.8048641441774198
WbWb_4000_1000,WbWb,4000,1000,85,120,0.4,0.6,/eos/uscms/store/user/aji/rootfiles_existingOptimization/WbWb_4000_1000_pt120_ak4_ca6_th85.root,ok,,1000,1000,1.0,0.0,0.106,0.009734680272099337,0.056,0.6565,0.554,0.554,0.44599999999999995,0.01571890581433708,964.3918709437421,817.4764823802617,1503.2437202847275,0.964391870943742,0.8174764823802617,1.5032437202847275,0.35554387099581336,0.051953016041341275,0.8051046839014391
WbWb_4000_1000,WbWb,4000,1000,85,120,0.4,1.2,/eos/uscms/store/user/aji/rootfiles_existingOptimization/WbWb_4000_1000_pt120_ak4_ca12_th85.root,ok,,1000,1000,1.0,0.0,0.15,0.011291589790636216,0.078,0.675,0.525,0.525,0.475,0.015791611697353755,945.1443814891072,757.1897960717193,1375.3985207036096,0.9451443814891072,0.7571897960717193,1.3753985207036097,0.3270445959049566,0.08226788527636791,0.8075301577560459
WbWb_4000_1000,WbWb,4000,1000,85,100,0.4,1.0,/eos/uscms/store/user/aji/rootfiles_existingOptimization/WbWb_4000_1000_pt100_ak4_ca10_th85.root,ok,,1000,1000,1.0,0.0,0.094,0.009228434320078352,0.049,0.6545,0.552,0.552,0.44799999999999995,0.015725647840391186,970.8604496489301,813.6721927994311,1509.3139659782237,0.97086044964893,0.813672192799431,1.5093139659782235,0.3582604345610852,0.05965853303178676,0.8091743895961921
WbWb_4000_1000,WbWb,4000,1000,85,180,0.8,1.4,/eos/uscms/store/user/aji/rootfiles_existingOptimization/WbWb_4000_1000_pt180_ak8_ca14_th85.root,ok,,1000,1000,1.0,0.0,0.184,0.012253326079069307,0.097,0.654,0.497,0.497,0.503,0.01581110369329099,1042.8278993580657,810.4447592976795,1446.6369728608613,1.0428278993580657,0.8104447592976795,1.4466369728608615,0.3050322176625708,0.09131808607492867,0.8123150075983774
WbWb_4000_1000,WbWb,4000,1000,85,160,0.6,1.6,/eos/uscms/store/user/aji/rootfiles_existingOptimization/WbWb_4000_1000_pt160_ak6_ca16_th85.root,ok,,1000,1000,1.0,0.0,0.228,0.013267102170406317,0.119,0.6735,0.508,0.508,0.492,0.015809364313595912,973.8207404635194,676.8260333593674,1295.803759439745,0.9738207404635194,0.6768260333593674,1.2958037594397447,0.3178088637677588,0.11845199303031886,0.8124267897214068
WbWb_4000_1000,WbWb,4000,1000,85,120,0.8,0.6,/eos/uscms/store/user/aji/rootfiles_existingOptimization/WbWb_4000_1000_pt120_ak8_ca6_th85.root,ok,,1000,1000,1.0,0.0,0.013,0.003582038525755969,0.0065,0.582,0.534,0.534,0.46599999999999997,0.01577479001445027,1151.4393872153303,983.5899521447617,1749.287526214502,1.1514393872153303,0.9835899521447617,1.7492875262145018,0.33249582330231126,0.0035853151401622914,0.8136397620238442
WbWb_4000_1000,WbWb,4000,1000,85,140,0.8,1.4,/eos/uscms/store/user/aji/rootfiles_existingOptimization/WbWb_4000_1000_pt140_ak8_ca14_th85.root,ok,,1000,1000,1.0,0.0,0.126,0.010493998284733994,0.0655,0.635,0.493,0.493,0.507,0.015809838708854686,1066.5637692877826,883.9770469173269,1527.7879719887394,1.0665637692877827,0.8839770469173269,1.5277879719887395,0.30181548614825393,0.08391336864180352,0.8154718630770322
WbWb_4000_1000,WbWb,4000,1000,85,120,0.4,0.4,/eos/uscms/store/user/aji/rootfiles_existingOptimization/WbWb_4000_1000_pt120_ak4_ca4_th85.root,ok,,1000,1000,1.0,0.0,0.098,0.009401914698613257,0.052,0.6475,0.549,0.549,0.45099999999999996,0.01573527883451704,970.8037758280814,822.3370975678778,1525.226053930459,0.9708037758280814,0.8223370975678779,1.5252260539304592,0.36201391767508695,0.04728600916536531,0.8159335400922787
WbWb_4000_1000,WbWb,4000,1000,85,140,0.6,1.6,/eos/uscms/store/user/aji/rootfiles_existingOptimization/WbWb_4000_1000_pt140_ak6_ca16_th85.root,ok,,1000,1000,1.0,0.0,0.202,0.012696298673235441,0.1045,0.6645,0.508,0.508,0.492,0.015809364313595912,981.1439397062804,723.629024617866,1357.269975634111,0.9811439397062803,0.7236290246178659,1.3572699756341111,0.3229092722143984,0.11384673276331422,0.8167948782437704
WbWb_4000_1000,WbWb,4000,1000,85,120,0.4,1.6,/eos/uscms/store/user/aji/rootfiles_existingOptimization/WbWb_4000_1000_pt120_ak4_ca16_th85.root,ok,,1000,1000,1.0,0.0,0.198,0.012601428490452978,0.102,0.686,0.513,0.513,0.487,0.015806043148112688,930.3040947919482,661.33979701899,1263.599566298128,0.9303040947919482,0.66133979701899,1.2635995662981279,0.32368973363157466,0.11837472217998055,0.8176593241523799
WbWb_4000_1000,WbWb,4000,1000,85,120,0.4,0.8,/eos/uscms/store/user/aji/rootfiles_existingOptimization/WbWb_4000_1000_pt120_ak4_ca8_th85.root,ok,,1000,1000,1.0,0.0,0.117,0.010164201887015036,0.0615,0.6515,0.544,0.544,0.45599999999999996,0.01575004761897563,963.7983643285304,808.8413260305933,1499.406457418474,0.9637983643285304,0.8088413260305933,1.499406457418474,0.3582518693466507,0.05755258502368836,0.8178720329137976
WbWb_4000_1000,WbWb,4000,1000,85,140,0.4,1.2,/eos/uscms/store/user/aji/rootfiles_existingOptimization/WbWb_4000_1000_pt140_ak4_ca12_th85.root,ok,,1000,1000,1.0,0.0,0.192,0.012455360291858283,0.103,0.674,0.517,0.517,0.483,0.01580224667571039,936.6186949964774,704.5135623462883,1320.1444272872436,0.9366186949964774,0.7045135623462883,1.3201444272872436,0.3286454072664387,0.08644465522201349,0.817983537766791
WbWb_4000_1000,WbWb,4000,1000,85,200,0.8,1.4,/eos/uscms/store/user/aji/rootfiles_existingOptimization/WbWb_4000_1000_pt200_ak8_ca14_th85.root,ok,,1000,1000,1.0,0.0,0.216,0.013013224043256921,0.1145,0.6575,0.49,0.49,0.51,0.0158082257068907,1033.9871679990326,757.8838929443934,1399.9354275725216,1.0339871679990327,0.7578838929443935,1.3999354275725215,0.3104736473038748,0.0989713327550733,0.823872364103778
WbWb_4000_1000,WbWb,4000,1000,85,140,0.4,0.6,/eos/uscms/store/user/aji/rootfiles_existingOptimization/WbWb_4000_1000_pt140_ak4_ca6_th85.root,ok,,1000,1000,1.0,0.0,0.152,0.011353237423748346,0.083,0.65,0.531,0.531,0.469,0.01578096955196353,954.1930243168558,780.896871922713,1459.4259504648298,0.9541930243168558,0.7808968719227131,1.45942595046483,0.35555126753724825,0.05804297310126042,0.8291319651055626
WbWb_4000_1000,WbWb,4000,1000,85,180,0.6,1.4,/eos/uscms/store/user/aji/rootfiles_existingOptimization/WbWb_4000_1000_pt180_ak6_ca14_th85.root,ok,,1000,1000,1.0,0.0,0.244,0.013581752464244074,0.129,0.6675,0.502,0.502,0.498,0.01581126180922952,969.9481189416437,650.0185074617727,1287.6789279064417,0.9699481189416437,0.6500185074617728,1.2876789279064418,0.3287085195548657,0.10169073388715819,0.8297137076607013
WbWb_4000_1000,WbWb,4000,1000,85,160,0.8,1.6,/eos/uscms/store/user/aji/rootfiles_existingOptimization/WbWb_4000_1000_pt160_ak8_ca16_th85.root,ok,,1000,1000,1.0,0.0,0.182,0.012201475320632338,0.094,0.649,0.484,0.484,0.516,0.015803290796539814,1046.1674145218478,808.7810717150708,1455.7604972758406,1.0461674145218478,0.8087810717150709,1.4557604972758407,0.3092140973710563,0.10858791974769658,0.8298308388232412
WbWb_4000_1000,WbWb,4000,1000,85,120,0.4,1.0,/eos/uscms/store/user/aji/rootfiles_existingOptimization/WbWb_4000_1000_pt120_ak4_ca10_th85.root,ok,,1000,1000,1.0,0.0,0.128,0.010564847372300274,0.067,0.647,0.531,0.531,0.469,0.01578096955196353,960.0415246721959,790.9375605061081,1482.8954705454696,0.9600415246721958,0.7909375605061082,1.4828954705454696,0.3603791566597231,0.06416281844152011,0.8333750041925034
WbWb_4000_1000,WbWb,4000,1000,85,220,0.8,0.6,/eos/uscms/store/user/aji/rootfiles_existingOptimization/WbWb_4000_1000_pt220_ak8_ca6_th85.root,ok,,1000,1000,1.0,0.0,0.082,0.008676174272108648,0.0495,0.6245,0.504,0.504,0.496,0.01581088232832058,1060.3461929681357,851.6487760655175,1558.7822695226562,1.0603461929681357,0.8516487760655175,1.5587822695226563,0.3334446325863259,0.020519661158347503,0.8354792518831395
WbWb_4000_1000,WbWb,4000,1000,85,200,1.0,0.8,/eos/uscms/store/user/aji/rootfiles_existingOptimization/WbWb_4000_1000_pt200_ak10_ca8_th85.root,ok,,1000,1000,1.0,0.0,0.04,0.0061967733539318665,0.0235,0.5865,0.487,0.487,0.513,0.015806043148112688,1168.2922923130034,979.4876429167625,1694.9291609817012,1.1682922923130032,0.9794876429167625,1.6949291609817012,0.3061911487272147,0.021170256396060162,0.8360203779585151
WbWb_4000_1000,WbWb,4000,1000,85,100,0.6,0.6,/eos/uscms/store/user/aji/rootfiles_existingOptimization/WbWb_4000_1000_pt100_ak6_ca6_th85.root,ok,,1000,1000,1.0,0.0,0.049,0.006826346021115542,0.025,0.6055,0.535,0.535,0.46499999999999997,0.015772602828956293,1060.6438493956548,908.9831324705564,1685.2491390417902,1.060643849395655,0.9089831324705563,1.68524913904179,0.36594093625939705,0.043013803066367165,0.8370053211989625
WbWb_4000_1000,WbWb,4000,1000,85,160,0.8,1.2,/eos/uscms/store/user/aji/rootfiles_existingOptimization/WbWb_4000_1000_pt160_ak8_ca12_th85.root,ok,,1000,1000,1.0,0.0,0.133,0.010738295954200556,0.0695,0.622,0.493,0.493,0.507,0.015809838708854686,1067.6883886946484,884.2405668715078,1575.943304570875,1.0676883886946484,0.8842405668715078,1.575943304570875,0.32392538170478763,0.07159208981711801,0.8376942205742526
WbWb_4000_1000,WbWb,4000,1000,85,140,0.6,0.6,/eos/uscms/store/user/aji/rootfiles_existingOptimization/WbWb_4000_1000_pt140_ak6_ca6_th85.root,ok,,1000,1000,1.0,0.0,0.11,0.009894442884771228,0.0585,0.6245,0.531,0.531,0.469,0.01578096955196353,1016.3615978407348,870.1123985824212,1616.8233654139522,1.016361597840735,0.8701123985824213,1.6168233654139523,0.367345130127861,0.048162422618838394,0.8379812899119345
WbWb_4000_1000,WbWb,4000,1000,85,180,1.0,1.4,/eos/uscms/store/user/aji/rootfiles_existingOptimization/WbWb_4000_1000_pt180_ak10_ca14_th85.root,ok,,1000,1000,1.0,0.0,0.101,0.009528850927577786,0.053,0.617,0.456,0.456,0.544,0.01575004761897563,1140.4910997793945,939.3497377217764,1578.3972627201333,1.1404910997793944,0.9393497377217763,1.578397262720133,0.28016331084125423,0.08027224158919072,0.8382124208191937
WbWb_4000_1000,WbWb,4000,1000,85,200,1.0,1.4,/eos/uscms/store/user/aji/rootfiles_existingOptimization/WbWb_4000_1000_pt200_ak10_ca14_th85.root,ok,,1000,1000,1.0,0.0,0.134,0.010772372069326236,0.0705,0.6235,0.45,0.45,0.55,0.015732132722552274,1126.9013571130754,879.4501051703141,1501.0802574310578,1.1269013571130753,0.8794501051703142,1.5010802574310578,0.27581391589289217,0.08514854916923206,0.8385040516041997
WbWb_4000_1000,WbWb,4000,1000,85,180,1.0,0.8,/eos/uscms/store/user/aji/rootfiles_existingOptimization/WbWb_4000_1000_pt180_ak10_ca8_th85.root,ok,,1000,1000,1.0,0.0,0.028,0.005216895628628198,0.0165,0.5735,0.489,0.489,0.511,0.015807561481771943,1188.311723102015,1006.3712036398872,1741.2038689288534,1.1883117231020153,1.006371203639887,1.7412038689288534,0.30919187743546384,0.018137885416061178,0.8390230497456653
WbWb_4000_1000,WbWb,4000,1000,85,140,0.4,0.4,/eos/uscms/store/user/aji/rootfiles_existingOptimization/WbWb_4000_1000_pt140_ak4_ca4_th85.root,ok,,1000,1000,1.0,0.0,0.143,0.011070275515993266,0.0785,0.642,0.528,0.528,0.472,0.015786576576319513,957.4506107415644,784.8302007229262,1479.803162000101,0.9574506107415645,0.7848302007229261,1.479803162000101,0.36292888295246095,0.05266901308140763,0.8391838218783045
WbWb_4000_1000,WbWb,4000,1000,85,180,0.8,1.6,/eos/uscms/store/user/aji/rootfiles_existingOptimization/WbWb_4000_1000_pt180_ak8_ca16_th85.root,ok,,1000,1000,1.0,0.0,0.215,0.012991343271578963,0.1125,0.649,0.481,0.481,0.519,0.01579996835439869,1035.7622634409072,764.2125394025335,1420.4256418227028,1.0357622634409072,0.7642125394025335,1.4204256418227028,0.3167778580000409,0.10948398997542899,0.8393540843441316
WbWb_4000_1000,WbWb,4000,1000,85,120,0.6,0.6,/eos/uscms/store/user/aji/rootfiles_existingOptimization/WbWb_4000_1000_pt120_ak6_ca6_th85.root,ok,,1000,1000,1.0,0.0,0.076,0.008379976133617566,0.0405,0.6165,0.535,0.535,0.46499999999999997,0.015772602828956293,1033.6484327951914,887.2612220409926,1656.0899544122544,1.0336484327951914,0.8872612220409927,1.6560899544122543,0.3719004972958724,0.04507251213260301,0.8402653405753915
WbWb_4000_1000,WbWb,4000,1000,85,140,0.8,1.6,/eos/uscms/store/user/aji/rootfiles_existingOptimization/WbWb_4000_1000_pt140_ak8_ca16_th85.root,ok,,1000,1000,1.0,0.0,0.158,0.011534123287012324,0.0815,0.637,0.477,0.477,0.523,0.01579465099329517,1057.6141782026975,848.2567580610195,1508.6607425945724,1.0576141782026975,0.8482567580610195,1.5086607425945724,0.31221403709613604,0.10353834649942054,0.8409754549164058
WbWb_4000_1000,WbWb,4000,1000,85,100,0.6,0.8,/eos/uscms/store/user/aji/rootfiles_existingOptimization/WbWb_4000_1000_pt100_ak6_ca8_th85.root,ok,,1000,1000,1.0,0.0,0.057,0.007331507348424334,0.029,0.608,0.533,0.533,0.46699999999999997,0.015776913513105152,1059.4741576792585,903.7803223583838,1684.9460314181645,1.0594741576792586,0.9037803223583839,1.6849460314181643,0.3686572737040122,0.046116298746029516,0.841604689471938
WbWb_4000_1000,WbWb,4000,1000,85,120,0.6,0.8,/eos/uscms/store/user/aji/rootfiles_existingOptimization/WbWb_4000_1000_pt120_ak6_ca8_th85.root,ok,,1000,1000,1.0,0.0,0.085,0.008819013550278738,0.045,0.6175,0.531,0.531,0.469,0.01578096955196353,1033.1978391116959,883.5710580977369,1647.95673603897,1.033197839111696,0.883571058097737,1.6479567360389697,0.36991254191860407,0.0486748745612087,0.8422323258297737
WbWb_4000_1000,WbWb,4000,1000,85,180,0.8,1.2,/eos/uscms/store/user/aji/rootfiles_existingOptimization/WbWb_4000_1000_pt180_ak8_ca12_th85.root,ok,,1000,1000,1.0,0.0,0.168,0.011822690049223147,0.089,0.6265,0.488,0.488,0.512,0.01580683396509244,1057.4493880013965,848.6194606332651,1535.6542309307617,1.0574493880013964,0.8486194606332651,1.5356542309307617,0.3248546824524661,0.07576919166945312,0.8425996212526057
WbWb_4000_1000,WbWb,4000,1000,85,120,0.8,1.4,/eos/uscms/store/user/aji/rootfiles_existingOptimization/WbWb_4000_1000_pt120_ak8_ca14_th85.root,ok,,1000,1000,1.0,0.0,0.096,0.009315793041926168,0.048,0.624,0.487,0.487,0.513,0.015806043148112688,1084.542721741585,908.0908569240532,1606.3213834393198,1.084542721741585,0.9080908569240531,1.60632138343932,0.3219008862066915,0.08039759565238692,0.8433551583808501
WbWb_4000_1000,WbWb,4000,1000,85,180,1.0,1.6,/eos/uscms/store/user/aji/rootfiles_existingOptimization/WbWb_4000_1000_pt180_ak10_ca16_th85.root,ok,,1000,1000,1.0,0.0,0.126,0.010493998284733994,0.0655,0.6205,0.447,0.447,0.5529999999999999,0.01572230899073034,1130.4594657159196,910.8683794131545,1542.8631634906435,1.1304594657159195,0.9108683794131545,1.5428631634906433,0.2795300509413873,0.09404517694837783,0.8455759975129792
WbWb_4000_1000,WbWb,4000,1000,85,120,0.6,1.0,/eos/uscms/store/user/aji/rootfiles_existingOptimization/WbWb_4000_1000_pt120_ak6_ca10_th85.root,ok,,1000,1000,1.0,0.0,0.098,0.009401914698613257,0.0515,0.619,0.526,0.526,0.474,0.01578999683343857,1027.5004026315664,870.1123985824212,1628.4011737792653,1.0275004026315666,0.8701123985824213,1.6284011737792654,0.36899682630525726,0.055410247973655166,0.8457468665684139
WbWb_4000_1000,WbWb,4000,1000,85,140,0.4,0.8,/eos/uscms/store/user/aji/rootfiles_existingOptimization/WbWb_4000_1000_pt140_ak4_ca8_th85.root,ok,,1000,1000,1.0,0.0,0.163,0.011680368144883106,0.0885,0.6445,0.521,0.521,0.479,0.015797436500901024,952.7869525994367,770.3695296864272,1461.3286327579283,0.9527869525994368,0.7703695296864272,1.4613286327579282,0.36259895309565,0.06158557390552653,0.8463202578357063
WbWb_4000_1000,WbWb,4000,1000,85,100,0.6,1.0,/eos/uscms/store/user/aji/rootfiles_existingOptimization/WbWb_4000_1000_pt100_ak6_ca10_th85.root,ok,,1000,1000,1.0,0.0,0.071,0.008121514637061242,0.036,0.61,0.527,0.527,0.473,0.01578831846651188,1051.9851365789114,890.0347658516381,1664.7500351113797,1.0519851365789112,0.8900347658516381,1.6647500351113795,0.3682158817277304,0.05392554558655553,0.8464143953856216
WbWb_4000_1000,WbWb,4000,1000,85,140,0.6,0.8,/eos/uscms/store/user/aji/rootfiles_existingOptimization/WbWb_4000_1000_pt140_ak6_ca8_th85.root,ok,,1000,1000,1.0,0.0,0.121,0.010313049985334114,0.064,0.6245,0.525,0.525,0.475,0.015791611697353755,1016.3573567564883,862.5821829915643,1615.7904293819179,1.0163573567564883,0.8625821829915643,1.6157904293819179,0.37054301884234636,0.05073604015109134,0.8471787545179952
WbWb_4000_1000,WbWb,4000,1000,85,220,1.0,0.8,/eos/uscms/store/user/aji/rootfiles_existingOptimization/WbWb_4000_1000_pt220_ak10_ca8_th85.root,ok,,1000,1000,1.0,0.0,0.048,0.006759881655768835,0.028,0.591,0.483,0.483,0.517,0.01580224667571039,1155.571527169599,953.2822884360129,1680.4338014402706,1.1555715271695988,0.9532822884360128,1.6804338014402704,0.31462851753768434,0.023266967115791355,0.8471856702546443
WbWb_4000_1000,WbWb,4000,1000,85,140,0.4,1.6,/eos/uscms/store/user/aji/rootfiles_existingOptimization/WbWb_4000_1000_pt140_ak4_ca16_th85.root,ok,,1000,1000,1.0,0.0,0.236,0.013427732496590778,0.125,0.678,0.5,0.5,0.5,0.015811388300841896,921.4607546018212,604.1600119002004,1230.4589433310396,0.9214607546018212,0.6041600119002005,1.2304589433310396,0.3398402635723067,0.12464464465225084,0.8476941881121246
WbWb_4000_1000,WbWb,4000,1000,85,160,0.6,1.0,/eos/uscms/store/user/aji/rootfiles_existingOptimization/WbWb_4000_1000_pt160_ak6_ca10_th85.root,ok,,1000,1000,1.0,0.0,0.167,0.01179453263168999,0.0885,0.6285,0.508,0.508,0.492,0.015809364313595912,998.5224820756005,817.9366567829254,1528.5279102693262,0.9985224820756005,0.8179366567829255,1.5285279102693263,0.355821359179272,0.06306869079610689,0.847969110971712
WbWb_4000_1000,WbWb,4000,1000,85,160,0.6,0.6,/eos/uscms/store/user/aji/rootfiles_existingOptimization/WbWb_4000_1000_pt160_ak6_ca6_th85.root,ok,,1000,1000,1.0,0.0,0.148,0.011229247525992114,0.079,0.628,0.515,0.515,0.485,0.01580427157448264,1003.1186607809809,841.819944547492,1570.9493464672303,1.0031186607809808,0.841819944547492,1.5709493464672304,0.3634312820738838,0.05361623056238639,0.8487431481519818
WbWb_4000_1000,WbWb,4000,1000,85,140,0.6,1.0,/eos/uscms/store/user/aji/rootfiles_existingOptimization/WbWb_4000_1000_pt140_ak6_ca10_th85.root,ok,,1000,1000,1.0,0.0,0.135,0.010806248192596726,0.071,0.625,0.519,0.519,0.481,0.01579996835439869,1011.5152720434838,838.8437799212875,1586.563518224139,1.011515272043484,0.8388437799212874,1.5865635182241389,0.3696037810641715,0.060112744194357665,0.8517553082685199
WbWb_4000_1000,WbWb,4000,1000,85,220,1.0,1.4,/eos/uscms/store/user/aji/rootfiles_existingOptimization/WbWb_4000_1000_pt220_ak10_ca14_th85.root,ok,,1000,1000,1.0,0.0,0.157,0.01150439046625244,0.0825,0.622,0.446,0.446,0.554,0.01571890581433708,1115.586329256485,823.015044926517,1467.3591594320249,1.115586329256485,0.823015044926517,1.4673591594320248,0.288791686312143,0.09196460096291581,0.8543503192377916
WbWb_4000_1000,WbWb,4000,1000,85,200,0.8,1.2,/eos/uscms/store/user/aji/rootfiles_existingOptimization/WbWb_4000_1000_pt200_ak8_ca12_th85.root,ok,,1000,1000,1.0,0.0,0.202,0.012696298673235441,0.1075,0.629,0.478,0.478,0.522,0.015796075461962062,1046.2441711726897,796.2339355779848,1482.8059475377634,1.0462441711726895,0.7962339355779848,1.4828059475377633,0.32811270584677654,0.08386886075223049,0.8547371229640455
WbWb_4000_1000,WbWb,4000,1000,85,160,0.6,0.8,/eos/uscms/store/user/aji/rootfiles_existingOptimization/WbWb_4000_1000_pt160_ak6_ca8_th85.root,ok,,1000,1000,1.0,0.0,0.156,0.011474493452871897,0.083,0.6285,0.51,0.51,0.49,0.0158082257068907,1002.2403435242608,835.9631778840584,1568.582058239743,1.0022403435242608,0.8359631778840584,1.568582058239743,0.36549061564390634,0.05699523704567622,0.8557146499963324
WbWb_4000_1000,WbWb,4000,1000,85,180,0.6,1.2,/eos/uscms/store/user/aji/rootfiles_existingOptimization/WbWb_4000_1000_pt180_ak6_ca12_th85.root,ok,,1000,1000,1.0,0.0,0.23,0.013307892395116516,0.122,0.649,0.494,0.494,0.506,0.015810249839898167,978.3830362819822,683.4291421391536,1367.1886509240085,0.9783830362819823,0.6834291421391536,1.3671886509240083,0.3494334444836933,0.08541990465148624,0.857595140855495
WbWb_4000_1000,WbWb,4000,1000,85,200,1.0,1.6,/eos/uscms/store/user/aji/rootfiles_existingOptimization/WbWb_4000_1000_pt200_ak10_ca16_th85.root,ok,,1000,1000,1.0,0.0,0.158,0.011534123287012324,0.0825,0.621,0.441,0.441,0.5589999999999999,0.015700923539715746,1117.0704178388742,832.255195427702,1475.2028537719787,1.1170704178388742,0.832255195427702,1.4752028537719786,0.28778295802879955,0.09919104557798623,0.8584899998126869
WbWb_4000_1000,WbWb,4000,1000,85,140,0.8,1.2,/eos/uscms/store/user/aji/rootfiles_existingOptimization/WbWb_4000_1000_pt140_ak8_ca12_th85.root,ok,,1000,1000,1.0,0.0,0.112,0.00997276290703835,0.0585,0.5975,0.476,0.476,0.524,0.01579316307773715,1088.4218633948321,909.0338902574633,1621.6754774318438,1.088421863394832,0.9090338902574634,1.6216754774318438,0.3273737928010847,0.06995370114881752,0.8602159791405679
WbWb_4000_1000,WbWb,4000,1000,85,120,0.8,1.6,/eos/uscms/store/user/aji/rootfiles_existingOptimization/WbWb_4000_1000_pt120_ak8_ca16_th85.root,ok,,1000,1000,1.0,0.0,0.129,0.010599952830083727,0.0645,0.6215,0.468,0.468,0.532,0.01577897335063343,1072.3712016850086,881.6885778753133,1574.273404624327,1.0723712016850087,0.8816885778753133,1.5742734046243272,0.3229221493736314,0.09649366987695687,0.8621592695421323
WbWb_4000_1000,WbWb,4000,1000,85,240,1.0,0.8,/eos/uscms/store/user/aji/rootfiles_existingOptimization/WbWb_4000_1000_pt240_ak10_ca8_th85.root,ok,,1000,1000,1.0,0.0,0.06,0.007509993342207435,0.037,0.5915,0.473,0.473,0.527,0.01578831846651188,1144.581444317785,905.7922862985401,1644.5093745434312,1.1445814443177849,0.9057922862985403,1.6445093745434312,0.32270184525191,0.02808876442327004,0.8641599896836885
WbWb_4000_1000,WbWb,4000,1000,85,220,0.6,0.4,/eos/uscms/store/user/aji/rootfiles_existingOptimization/WbWb_4000_1000_pt220_ak6_ca4_th85.root,ok,,1000,1000,1.0,0.0,0.105,0.009694070352540258,0.069,0.65,0.523,0.523,0.477,0.01579465099329517,983.7393674550514,612.8399531395631,1372.9797043610565,0.9837393674550514,0.6128399531395631,1.3729797043610563,0.38635220687974814,0.023095405840093196,0.864978270134243
WbWb_4000_1000,WbWb,4000,1000,85,100,0.8,0.6,/eos/uscms/store/user/aji/rootfiles_existingOptimization/WbWb_4000_1000_pt100_ak8_ca6_th85.root,ok,,1000,1000,1.0,0.0,0.009,0.002986469487538756,0.0045,0.539,0.5,0.5,0.5,0.015811388300841896,1209.2442067626284,998.8014917145405,1836.7377637490827,1.2092442067626286,0.9988014917145405,1.836737763749083,0.34647107149591133,0.0018658631369586078,0.8673954921721743
WbWb_4000_1000,WbWb,4000,1000,85,140,0.4,1.0,/eos/uscms/store/user/aji/rootfiles_existingOptimization/WbWb_4000_1000_pt140_ak4_ca10_th85.root,ok,,1000,1000,1.0,0.0,0.175,0.012015614840697915,0.0945,0.641,0.509,0.509,0.491,0.015808826648426505,946.0639464180431,739.3951969432227,1443.2042409328687,0.9460639464180431,0.7393951969432228,1.443204240932869,0.3719669514171771,0.06887132021240451,0.8683605567753727
WbWb_4000_1000,WbWb,4000,1000,85,160,0.4,1.4,/eos/uscms/store/user/aji/rootfiles_existingOptimization/WbWb_4000_1000_pt160_ak4_ca14_th85.root,ok,,1000,1000,1.0,0.0,0.257,0.013818502089589886,0.137,0.6705,0.496,0.496,0.504,0.01581088232832058,916.3962865807798,541.5795969821396,1201.6254624780743,0.9163962865807798,0.5415795969821396,1.2016254624780742,0.36013124188808676,0.11710794410805596,0.8724916132300088
WbWb_4000_1000,WbWb,4000,1000,85,120,0.8,1.2,/eos/uscms/store/user/aji/rootfiles_existingOptimization/WbWb_4000_1000_pt120_ak8_ca12_th85.root,ok,,1000,1000,1.0,0.0,0.084,0.008771772910877254,0.042,0.584,0.472,0.472,0.528,0.015786576576319513,1104.3806103027252,929.2943193718697,1675.968492681086,1.1043806103027252,0.9292943193718698,1.675968492681086,0.3380511059065692,0.0639799390191598,0.8764891669368418
WbWb_4000_1000,WbWb,4000,1000,85,180,0.6,0.6,/eos/uscms/store/user/aji/rootfiles_existingOptimization/WbWb_4000_1000_pt180_ak6_ca6_th85.root,ok,,1000,1000,1.0,0.0,0.195,0.012528966437819204,0.1045,0.62,0.489,0.489,0.511,0.015807561481771943,994.9647454241058,804.0719393732666,1531.4806316203978,0.9949647454241057,0.8040719393732666,1.531480631620398,0.3655449580462632,0.06025222587365563,0.8770484835038527
WbWb_4000_1000,WbWb,4000,1000,85,160,1.0,0.8,/eos/uscms/store/user/aji/rootfiles_existingOptimization/WbWb_4000_1000_pt160_ak10_ca8_th85.root,ok,,1000,1000,1.0,0.0,0.021,0.004534203347888138,0.012,0.545,0.473,0.473,0.527,0.01578831846651188,1207.779433558822,1021.2337616945073,1833.0301793954354,1.2077794335588221,1.0212337616945073,1.8330301793954353,0.33606981338840264,0.014034125223417723,0.8838477567442848
WbWb_4000_1000,WbWb,4000,1000,85,200,0.8,1.6,/eos/uscms/store/user/aji/rootfiles_existingOptimization/WbWb_4000_1000_pt200_ak8_ca16_th85.root,ok,,1000,1000,1.0,0.0,0.248,0.01365635383255721,0.1305,0.649,0.473,0.473,0.527,0.01578831846651188,1027.4624571060192,647.3503428079413,1375.2509081942499,1.0274624571060191,0.6473503428079412,1.3752509081942499,0.3542224634837436,0.12008671170892521,0.8839687091943456
WbWb_4000_1000,WbWb,4000,1000,85,160,0.8,0.8,/eos/uscms/store/user/aji/rootfiles_existingOptimization/WbWb_4000_1000_pt160_ak8_ca8_th85.root,ok,,1000,1000,1.0,0.0,0.109,0.00985489725973843,0.0575,0.588,0.485,0.485,0.515,0.01580427157448264,1094.2592445243204,920.602676865264,1708.3060135949456,1.0942592445243204,0.9206026768652641,1.7083060135949455,0.35992537448111744,0.048658604555405535,0.8843512989335496
WbWb_4000_1000,WbWb,4000,1000,85,180,0.6,1.6,/eos/uscms/store/user/aji/rootfiles_existingOptimization/WbWb_4000_1000_pt180_ak6_ca16_th85.root,ok,,1000,1000,1.0,0.0,0.272,0.014071815803228808,0.143,0.6635,0.486,0.486,0.514,0.015805189021330938,965.5341054358051,550.9017676308347,1261.6136163817332,0.9655341054358051,0.5509017676308346,1.2616136163817333,0.3680407790619217,0.12378304861288678,0.8854873685183412
WbWb_4000_1000,WbWb,4000,1000,85,180,0.8,0.8,/eos/uscms/store/user/aji/rootfiles_existingOptimization/WbWb_4000_1000_pt180_ak8_ca8_th85.root,ok,,1000,1000,1.0,0.0,0.142,0.011037934589405754,0.076,0.5955,0.479,0.479,0.521,0.015797436500901024,1079.228766105748,900.3865951759301,1670.8306329748323,1.0792287661057478,0.9003865951759301,1.6708306329748321,0.3569419487301779,0.053937769743869754,0.8858648253407527
WbWb_4000_1000,WbWb,4000,1000,85,200,1.0,1.2,/eos/uscms/store/user/aji/rootfiles_existingOptimization/WbWb_4000_1000_pt200_ak10_ca12_th85.root,ok,,1000,1000,1.0,0.0,0.121,0.010313049985334114,0.064,0.589,0.435,0.435,0.565,0.015677212762477903,1146.5573023386005,925.6800804259872,1628.1964051300454,1.1465573023386004,0.9256800804259873,1.6281964051300453,0.30635901200539883,0.07026312070867055,0.8860147422392588
WbWb_4000_1000,WbWb,4000,1000,85,180,0.6,0.8,/eos/uscms/store/user/aji/rootfiles_existingOptimization/WbWb_4000_1000_pt180_ak6_ca8_th85.root,ok,,1000,1000,1.0,0.0,0.203,0.012719709116170857,0.1085,0.617,0.483,0.483,0.517,0.01580224667571039,993.1587787359351,793.0399235884486,1527.2378775522068,0.993158778735935,0.7930399235884485,1.5272378775522069,0.369627681737972,0.06314327830810683,0.8873118038643785
WbWb_4000_1000,WbWb,4000,1000,85,160,1.0,1.4,/eos/uscms/store/user/aji/rootfiles_existingOptimization/WbWb_4000_1000_pt160_ak10_ca14_th85.root,ok,,1000,1000,1.0,0.0,0.087,0.00891240708226459,0.045,0.592,0.439,0.439,0.5609999999999999,0.015693278816104682,1155.556309956195,953.8779967446128,1678.2772837471875,1.1555563099561952,0.9538779967446127,1.6782772837471875,0.3134417945543629,0.08002998208654394,0.8899974255499823
WbWb_4000_1000,WbWb,4000,1000,85,140,0.8,0.8,/eos/uscms/store/user/aji/rootfiles_existingOptimization/WbWb_4000_1000_pt140_ak8_ca8_th85.root,ok,,1000,1000,1.0,0.0,0.081,0.008627803892068943,0.043,0.5715,0.483,0.483,0.517,0.01580224667571039,1111.8394973419345,941.8705194098557,1749.6289613616725,1.1118394973419345,0.9418705194098557,1.7496289613616727,0.3632531691322886,0.044920493383181395,0.891437118866482
WbWb_4000_1000,WbWb,4000,1000,85,220,1.0,1.6,/eos/uscms/store/user/aji/rootfiles_existingOptimization/WbWb_4000_1000_pt220_ak10_ca16_th85.root,ok,,1000,1000,1.0,0.0,0.18,0.012149074038789953,0.094,0.618,0.434,0.434,0.5660000000000001,0.015673034167001616,1109.7837043198488,744.2326228429721,1444.5256299336104,1.1097837043198486,0.7442326228429721,1.4445256299336104,0.3155087808393374,0.10701059057037358,0.8924871512713224
WbWb_4000_1000,WbWb,4000,1000,85,180,1.0,1.2,/eos/uscms/store/user/aji/rootfiles_existingOptimization/WbWb_4000_1000_pt180_ak10_ca12_th85.root,ok,,1000,1000,1.0,0.0,0.09,0.009049861877399014,0.0475,0.58,0.438,0.438,0.562,0.01568935945155187,1162.6419934878415,958.2193118056987,1689.4897985907792,1.1626419934878416,0.9582193118056986,1.689489798590779,0.31448652761600415,0.0673123518791097,0.8927507269647884
WbWb_4000_1000,WbWb,4000,1000,85,160,1.0,1.6,/eos/uscms/store/user/aji/rootfiles_existingOptimization/WbWb_4000_1000_pt160_ak10_ca16_th85.root,ok,,1000,1000,1.0,0.0,0.11,0.009894442884771228,0.0565,0.6,0.43,0.43,0.5700000000000001,0.015655669899432602,1141.6985600482376,932.4946406190055,1645.000097967261,1.1416985600482374,0.9324946406190056,1.645000097967261,0.31203746868094134,0.09557819726924899,0.8962073246857651
WbWb_4000_1000,WbWb,4000,1000,85,160,0.8,1.0,/eos/uscms/store/user/aji/rootfiles_existingOptimization/WbWb_4000_1000_pt160_ak8_ca10_th85.root,ok,,1000,1000,1.0,0.0,0.12,0.010276186062932104,0.063,0.581,0.471,0.471,0.529,0.01578477114183161,1092.8876286793068,909.0338902574633,1694.298749097689,1.0928876286793068,0.9090338902574634,1.6942987490976893,0.35926148225740934,0.05620505866358862,0.8975502451253401
WbWb_4000_1000,WbWb,4000,1000,85,160,0.4,0.4,/eos/uscms/store/user/aji/rootfiles_existingOptimization/WbWb_4000_1000_pt160_ak4_ca4_th85.root,ok,,1000,1000,1.0,0.0,0.201,0.012672766075328622,0.109,0.625,0.491,0.491,0.509,0.015808826648426505,941.971270553795,724.2032052332078,1449.384125161226,0.941971270553795,0.7242032052332077,1.449384125161226,0.3849273022422843,0.06266606961301907,0.8997301751869047
WbWb_4000_1000,WbWb,4000,1000,85,180,0.8,1.0,/eos/uscms/store/user/aji/rootfiles_existingOptimization/WbWb_4000_1000_pt180_ak8_ca10_th85.root,ok,,1000,1000,1.0,0.0,0.153,0.011383804285035824,0.0815,0.5885,0.467,0.467,0.5329999999999999,0.015776913513105152,1077.0620379561303,884.0419106319723,1657.5570816280285,1.0770620379561304,0.8840419106319722,1.6575570816280285,0.359085708964316,0.05928320778325888,0.899791912759929
WbWb_4000_1000,WbWb,4000,1000,85,160,0.4,0.6,/eos/uscms/store/user/aji/rootfiles_existingOptimization/WbWb_4000_1000_pt160_ak4_ca6_th85.root,ok,,1000,1000,1.0,0.0,0.213,0.012947239087929134,0.115,0.6285,0.49,0.49,0.51,0.0158082257068907,940.6850424533421,715.9979335869731,1439.1972701948093,0.9406850424533422,0.7159979335869732,1.4391972701948093,0.38440035929651056,0.06838607618798781,0.9003318550511763
WbWb_4000_1000,WbWb,4000,1000,85,240,0.8,0.6,/eos/uscms/store/user/aji/rootfiles_existingOptimization/WbWb_4000_1000_pt240_ak8_ca6_th85.root,ok,,1000,1000,1.0,0.0,0.106,0.009734680272099337,0.069,0.6155,0.484,0.484,0.516,0.015803290796539814,1051.761814891419,730.705345907799,1529.695187434017,1.051761814891419,0.730705345907799,1.5296951874340172,0.3798340224058732,0.027563500287750113,0.9010102038950152
WbWb_4000_1000,WbWb,4000,1000,85,200,0.8,0.8,/eos/uscms/store/user/aji/rootfiles_existingOptimization/WbWb_4000_1000_pt200_ak8_ca8_th85.root,ok,,1000,1000,1.0,0.0,0.177,0.012069424178476784,0.095,0.597,0.465,0.465,0.5349999999999999,0.015772602828956293,1064.9295588067184,864.7749152306415,1631.9904662878905,1.0649295588067185,0.8647749152306414,1.6319904662878906,0.36021891998046063,0.05796573326113991,0.9017118758611324
WbWb_4000_1000,WbWb,4000,1000,85,160,0.4,1.2,/eos/uscms/store/user/aji/rootfiles_existingOptimization/WbWb_4000_1000_pt160_ak4_ca12_th85.root,ok,,1000,1000,1.0,0.0,0.245,0.013600551459407815,0.131,0.6515,0.484,0.484,0.516,0.015803290796539814,925.9636261488962,590.3565921234335,1291.9031736248776,0.9259636261488962,0.5903565921234335,1.2919031736248774,0.3788197298954345,0.09904757286671032,0.9022233672805449
WbWb_4000_1000,WbWb,4000,1000,85,180,0.6,1.0,/eos/uscms/store/user/aji/rootfiles_existingOptimization/WbWb_4000_1000_pt180_ak6_ca10_th85.root,ok,,1000,1000,1.0,0.0,0.215,0.012991343271578963,0.1145,0.617,0.479,0.479,0.521,0.015797436500901024,988.8672056125865,741.1281540631302,1495.0197158912563,0.9888672056125866,0.7411281540631302,1.4950197158912562,0.38118948507403627,0.07056127009581278,0.9033027645127776
WbWb_4000_1000,WbWb,4000,1000,85,100,0.8,1.4,/eos/uscms/store/user/aji/rootfiles_existingOptimization/WbWb_4000_1000_pt100_ak8_ca14_th85.root,ok,,1000,1000,1.0,0.0,0.074,0.00827792244467173,0.037,0.5855,0.454,0.454,0.546,0.015744332313566048,1106.8477055951487,932.2538575785223,1705.9447034108027,1.1068477055951487,0.9322538575785223,1.7059447034108026,0.34950194228223525,0.07874502151240201,0.9061867128417502
WbWb_4000_1000,WbWb,4000,1000,85,120,0.8,0.8,/eos/uscms/store/user/aji/rootfiles_existingOptimization/WbWb_4000_1000_pt120_ak8_ca8_th85.root,ok,,1000,1000,1.0,0.0,0.055,0.00720936890441875,0.0275,0.55,0.472,0.472,0.528,0.015786576576319513,1146.1765789641054,960.6819426800604,1806.2016735422485,1.1461765789641054,0.9606819426800605,1.8062016735422484,0.36884357366050613,0.0420812718526496,0.9114612315569167
WbWb_4000_1000,WbWb,4000,1000,85,200,0.8,1.0,/eos/uscms/store/user/aji/rootfiles_existingOptimization/WbWb_4000_1000_pt200_ak8_ca10_th85.root,ok,,1000,1000,1.0,0.0,0.187,0.012330085157856777,0.1,0.593,0.455,0.455,0.5449999999999999,0.015747221977225064,1063.1134240324814,843.1861502364458,1611.4125373047357,1.063113424032481,0.8431861502364457,1.6114125373047354,0.3613097011579163,0.06506091290236743,0.9126210435611644
WbWb_4000_1000,WbWb,4000,1000,85,140,0.8,1.0,/eos/uscms/store/user/aji/rootfiles_existingOptimization/WbWb_4000_1000_pt140_ak8_ca10_th85.root,ok,,1000,1000,1.0,0.0,0.095,0.00927227048785787,0.05,0.56,0.462,0.462,0.538,0.015765658882520576,1110.7974433463814,930.3422306513213,1744.1165619571448,1.1107974433463812,0.9303422306513214,1.7441165619571448,0.3663018564637006,0.05363275718963173,0.9153816007983387
WbWb_4000_1000,WbWb,4000,1000,85,260,1.0,0.8,/eos/uscms/store/user/aji/rootfiles_existingOptimization/WbWb_4000_1000_pt260_ak10_ca8_th85.root,ok,,1000,1000,1.0,0.0,0.076,0.008379976133617566,0.0505,0.5865,0.456,0.456,0.544,0.01575004761897563,1130.16419431827,781.678097380715,1593.3414936977201,1.1301641943182699,0.7816780973807151,1.5933414936977202,0.3590909181150493,0.03121519205393242,0.9161073375468762
WbWb_4000_1000,WbWb,4000,1000,85,220,1.0,1.2,/eos/uscms/store/user/aji/rootfiles_existingOptimization/WbWb_4000_1000_pt220_ak10_ca12_th85.root,ok,,1000,1000,1.0,0.0,0.147,0.011197812286335219,0.0775,0.5855,0.427,0.427,0.573,0.015641962792437528,1134.6752571477643,854.2292104116146,1603.1056195490844,1.1346752571477643,0.8542292104116146,1.6031056195490843,0.32999591928175204,0.07781892633679588,0.9164634449965283
WbWb_4000_1000,WbWb,4000,1000,85,140,1.0,0.8,/eos/uscms/store/user/aji/rootfiles_existingOptimization/WbWb_4000_1000_pt140_ak10_ca8_th85.root,ok,,1000,1000,1.0,0.0,0.013,0.003582038525755969,0.0065,0.519,0.46,0.46,0.54,0.015760710643876435,1233.3699841469002,1035.2873208032945,1906.955750457565,1.2333699841469001,1.0352873208032947,1.906955750457565,0.35336859209249677,0.010778121970969128,0.9167055905071868
WbWb_4000_1000,WbWb,4000,1000,85,160,0.4,0.8,/eos/uscms/store/user/aji/rootfiles_existingOptimization/WbWb_4000_1000_pt160_ak4_ca8_th85.root,ok,,1000,1000,1.0,0.0,0.222,0.013142145943490356,0.1195,0.624,0.484,0.484,0.516,0.015803290796539814,939.8401306043044,694.8289059784141,1442.1365765197563,0.9398401306043044,0.6948289059784142,1.4421365765197562,0.39757169661441966,0.07219324215810743,0.9195876835539891
WbWb_4000_1000,WbWb,4000,1000,85,240,1.0,1.4,/eos/uscms/store/user/aji/rootfiles_existingOptimization/WbWb_4000_1000_pt240_ak10_ca14_th85.root,ok,,1000,1000,1.0,0.0,0.182,0.012201475320632338,0.098,0.6185,0.44,0.44,0.56,0.015697133496278867,1107.5732898934968,642.19865114426,1425.7986702133,1.107573289893497,0.64219865114426,1.4257986702133,0.35374635079200506,0.09547794909343135,0.9245036797813548
WbWb_4000_1000,WbWb,4000,1000,85,160,1.0,1.2,/eos/uscms/store/user/aji/rootfiles_existingOptimization/WbWb_4000_1000_pt160_ak10_ca12_th85.root,ok,,1000,1000,1.0,0.0,0.074,0.00827792244467173,0.0385,0.5595,0.429,0.429,0.571,0.015651166090742248,1179.417804620021,971.8129824752579,1770.6721854212767,1.1794178046200208,0.9718129824752579,1.7706721854212766,0.33866675567246984,0.06585592567814408,0.9276085361344719
WbWb_4000_1000,WbWb,4000,1000,85,120,0.8,1.0,/eos/uscms/store/user/aji/rootfiles_existingOptimization/WbWb_4000_1000_pt120_ak8_ca10_th85.root,ok,,1000,1000,1.0,0.0,0.067,0.007906389820898032,0.0335,0.54,0.454,0.454,0.546,0.015744332313566048,1144.6355409450796,951.3835314158016,1792.9984900714514,1.1446355409450795,0.9513835314158016,1.7929984900714515,0.3676344690296626,0.047657116048747394,0.9280980231241707
WbWb_4000_1000,WbWb,4000,1000,85,100,0.8,1.6,/eos/uscms/store/user/aji/rootfiles_existingOptimization/WbWb_4000_1000_pt100_ak8_ca16_th85.root,ok,,1000,1000,1.0,0.0,0.104,0.009653186002558949,0.052,0.5865,0.436,0.436,0.5640000000000001,0.015681326474504636,1096.879466872023,910.9312703738964,1691.3246201350405,1.0968794668720228,0.9109312703738964,1.6913246201350405,0.3557334116147675,0.09506983426621998,0.9294213583019699
WbWb_4000_1000,WbWb,4000,1000,85,220,0.8,1.4,/eos/uscms/store/user/aji/rootfiles_existingOptimization/WbWb_4000_1000_pt220_ak8_ca14_th85.root,ok,,1000,1000,1.0,0.0,0.257,0.013818502089589886,0.137,0.647,0.464,0.464,0.536,0.015770351930125083,1024.6577404994587,542.7550765053704,1347.1356585224812,1.0246577404994588,0.5427550765053705,1.3471356585224814,0.39251183601317646,0.11109241776600365,0.9309776100631224
WbWb_4000_1000,WbWb,4000,1000,85,220,0.8,1.2,/eos/uscms/store/user/aji/rootfiles_existingOptimization/WbWb_4000_1000_pt220_ak8_ca12_th85.root,ok,,1000,1000,1.0,0.0,0.242,0.013543854695026818,0.1295,0.6215,0.452,0.452,0.548,0.015738360778683402,1034.6013818496112,647.3503428079413,1436.137396421572,1.034601381849611,0.6473503428079412,1.4361373964215722,0.38120336365851126,0.09331027422887467,0.9326635018434724
WbWb_4000_1000,WbWb,4000,1000,85,140,1.0,1.4,/eos/uscms/store/user/aji/rootfiles_existingOptimization/WbWb_4000_1000_pt140_ak10_ca14_th85.root,ok,,1000,1000,1.0,0.0,0.064,0.007739767438366608,0.032,0.564,0.427,0.427,0.573,0.015641962792437528,1173.9286396806579,972.0371067971001,1786.2429199095336,1.1739286396806579,0.9720371067971001,1.7862429199095338,0.3467867575553489,0.07784998352487257,0.9371796215234147
WbWb_4000_1000,WbWb,4000,1000,85,200,1.0,1.0,/eos/uscms/store/user/aji/rootfiles_existingOptimization/WbWb_4000_1000_pt200_ak10_ca10_th85.root,ok,,1000,1000,1.0,0.0,0.113,0.01001154333756789,0.06,0.547,0.414,0.414,0.5860000000000001,0.015575750383207866,1168.031509266967,945.2487230277292,1726.488156886636,1.168031509266967,0.9452487230277292,1.7264881568866361,0.3344256673132033,0.057550040966865876,0.9372288182399
WbWb_4000_1000,WbWb,4000,1000,85,240,0.6,0.4,/eos/uscms/store/user/aji/rootfiles_existingOptimization/WbWb_4000_1000_pt240_ak6_ca4_th85.root,ok,,1000,1000,1.0,0.0,0.13,0.010634848376916336,0.09,0.635,0.49,0.49,0.51,0.0158082257068907,971.1920818688571,480.9048632294654,1307.274147930094,0.9711920818688571,0.4809048632294654,1.307274147930094,0.4254407033006554,0.031780867085889467,0.9383214951137697
WbWb_4000_1000,WbWb,4000,1000,85,100,0.8,1.2,/eos/uscms/store/user/aji/rootfiles_existingOptimization/WbWb_4000_1000_pt100_ak8_ca12_th85.root,ok,,1000,1000,1.0,0.0,0.062,0.007626008130076967,0.031,0.5385,0.435,0.435,0.565,0.015677212762477903,1146.8909925845908,951.934891246916,1782.7734290585738,1.1468909925845907,0.9519348912469161,1.782773429058574,0.362213385222998,0.05900576780693785,0.941902484481457
WbWb_4000_1000,WbWb,4000,1000,85,180,1.0,1.0,/eos/uscms/store/user/aji/rootfiles_existingOptimization/WbWb_4000_1000_pt180_ak10_ca10_th85.root,ok,,1000,1000,1.0,0.0,0.085,0.008819013550278738,0.045,0.5345,0.417,0.417,0.583,0.015592017188292218,1188.2022832703683,973.3699688044729,1781.58596073077,1.1882022832703685,0.9733699688044729,1.7815859607307698,0.3401003361573208,0.05433677148243228,0.9419205644843577
WbWb_4000_1000,WbWb,4000,1000,85,140,1.0,1.6,/eos/uscms/store/user/aji/rootfiles_existingOptimization/WbWb_4000_1000_pt140_ak10_ca16_th85.root,ok,,1000,1000,1.0,0.0,0.088,0.008958571314668427,0.044,0.574,0.419,0.419,0.581,0.015602531845825537,1160.1031478744046,953.037784297278,1760.2823617856347,1.1601031478744046,0.953037784297278,1.7602823617856347,0.34791931172992163,0.09509953617129277,0.944929626517362
WbWb_4000_1000,WbWb,4000,1000,85,100,0.8,0.8,/eos/uscms/store/user/aji/rootfiles_existingOptimization/WbWb_4000_1000_pt100_ak8_ca8_th85.root,ok,,1000,1000,1.0,0.0,0.036,0.005891010100144117,0.018,0.508,0.439,0.439,0.5609999999999999,0.015693278816104682,1232.7484667590043,979.4199375274353,1873.4402644492677,1.2327484667590043,0.9794199375274353,1.8734402644492678,0.36261262983854464,0.03853328146996949,0.946887476514445
WbWb_4000_1000,WbWb,4000,1000,85,160,0.4,1.6,/eos/uscms/store/user/aji/rootfiles_existingOptimization/WbWb_4000_1000_pt160_ak4_ca16_th85.root,ok,,1000,1000,1.0,0.0,0.283,0.014244683218660919,0.15,0.668,0.484,0.484,0.516,0.015803290796539814,911.1442528449193,402.36171755076475,1175.2869414916706,0.9111442528449192,0.4023617175507648,1.1752869414916707,0.4241508529124538,0.1357431066581409,0.9490364276279619
WbWb_4000_1000,WbWb,4000,1000,85,160,0.4,1.0,/eos/uscms/store/user/aji/rootfiles_existingOptimization/WbWb_4000_1000_pt160_ak4_ca10_th85.root,ok,,1000,1000,1.0,0.0,0.233,0.013368283360252356,0.125,0.62,0.474,0.474,0.526,0.01578999683343857,936.451538950475,636.2149893155926,1420.500609603684,0.9364515389504751,0.6362149893155926,1.420500609603684,0.41875398120818774,0.07960961936218347,0.9511088273131403
WbWb_4000_1000,WbWb,4000,1000,85,220,0.8,0.8,/eos/uscms/store/user/aji/rootfiles_existingOptimization/WbWb_4000_1000_pt220_ak8_ca8_th85.root,ok,,1000,1000,1.0,0.0,0.22,0.013099618315050252,0.1185,0.588,0.438,0.438,0.562,0.01568935945155187,1051.3193525277486,787.2706776426438,1602.2186994376766,1.0513193525277487,0.7872706776426438,1.6022186994376768,0.3875834777680092,0.06714382612434762,0.9547154130207842
WbWb_4000_1000,WbWb,4000,1000,85,220,1.0,1.0,/eos/uscms/store/user/aji/rootfiles_existingOptimization/WbWb_4000_1000_pt220_ak10_ca10_th85.root,ok,,1000,1000,1.0,0.0,0.135,0.010806248192596726,0.0715,0.547,0.408,0.408,0.5920000000000001,0.015541428505771275,1154.4277189299614,888.6853147202407,1696.0474452146964,1.1544277189299614,0.8886853147202407,1.6960474452146963,0.34968067608546305,0.0625435955570762,0.9571234479784593
WbWb_4000_1000,WbWb,4000,1000,85,240,1.0,1.2,/eos/uscms/store/user/aji/rootfiles_existingOptimization/WbWb_4000_1000_pt240_ak10_ca12_th85.root,ok,,1000,1000,1.0,0.0,0.172,0.011933817494833746,0.093,0.5825,0.417,0.417,0.583,0.015592017188292218,1124.2419735499752,730.2556127379518,1543.8587230497283,1.1242419735499753,0.7302556127379518,1.5438587230497283,0.3618451941189731,0.08280101681360857,0.9572693914739706
WbWb_4000_1000,WbWb,4000,1000,85,200,0.6,0.6,/eos/uscms/store/user/aji/rootfiles_existingOptimization/WbWb_4000_1000_pt200_ak6_ca6_th85.root,ok,,1000,1000,1.0,0.0,0.242,0.013543854695026818,0.132,0.6015,0.46,0.46,0.54,0.015760710643876435,987.940206716514,687.5368019921758,1516.2560007655272,0.9879402067165141,0.6875368019921758,1.5162560007655272,0.41941769002784873,0.06727711385921488,0.9606236693561974
WbWb_4000_1000,WbWb,4000,1000,85,140,1.0,1.2,/eos/uscms/store/user/aji/rootfiles_existingOptimization/WbWb_4000_1000_pt140_ak10_ca12_th85.root,ok,,1000,1000,1.0,0.0,0.053,0.00708456067798138,0.0265,0.5305,0.419,0.419,0.581,0.015602531845825537,1200.634911664838,991.5421416233522,1859.5524127953117,1.200634911664838,0.9915421416233522,1.8595524127953118,0.36147968992853513,0.06117577635784334,0.9625431810950189
WbWb_4000_1000,WbWb,4000,1000,85,100,0.8,1.0,/eos/uscms/store/user/aji/rootfiles_existingOptimization/WbWb_4000_1000_pt100_ak8_ca10_th85.root,ok,,1000,1000,1.0,0.0,0.047,0.006692607862410586,0.0235,0.496,0.418,0.418,0.5820000000000001,0.015597307459943206,1235.7255959645631,971.2896997556034,1862.0223938582392,1.2357255959645632,0.9712896997556033,1.8620223938582392,0.36040877400753435,0.044640483183771104,0.9659813336039907
WbWb_4000_1000,WbWb,4000,1000,85,160,1.0,1.0,/eos/uscms/store/user/aji/rootfiles_existingOptimization/WbWb_4000_1000_pt160_ak10_ca10_th85.root,ok,,1000,1000,1.0,0.0,0.07,0.008068457101577725,0.0365,0.518,0.412,0.412,0.5880000000000001,0.01556457516284977,1205.462167671692,987.4939327751206,1866.4679887367415,1.205462167671692,0.9874939327751207,1.8664679887367415,0.3645796938029704,0.050924429634565324,0.9731259105701396
WbWb_4000_1000,WbWb,4000,1000,85,220,0.8,1.0,/eos/uscms/store/user/aji/rootfiles_existingOptimization/WbWb_4000_1000_pt220_ak8_ca10_th85.root,ok,,1000,1000,1.0,0.0,0.229,0.013287550564344055,0.123,0.584,0.426,0.426,0.5740000000000001,0.015637263187655313,1049.5566750745065,742.9100304404154,1576.2077474424727,1.0495566750745067,0.7429100304404155,1.5762077474424727,0.3969760455970148,0.07397263872214585,0.9759317131044656
WbWb_4000_1000,WbWb,4000,1000,85,200,0.6,0.8,/eos/uscms/store/user/aji/rootfiles_existingOptimization/WbWb_4000_1000_pt200_ak6_ca8_th85.root,ok,,1000,1000,1.0,0.0,0.249,0.013674757767507255,0.1355,0.598,0.453,0.453,0.5469999999999999,0.015741378592740853,986.9044556434344,657.3206586437623,1509.8168049928934,0.9869044556434344,0.6573206586437623,1.5098168049928935,0.43190409237403193,0.07056127009581278,0.9802136468096884
WbWb_4000_1000,WbWb,4000,1000,85,200,0.6,1.2,/eos/uscms/store/user/aji/rootfiles_existingOptimization/WbWb_4000_1000_pt200_ak6_ca12_th85.root,ok,,1000,1000,1.0,0.0,0.271,0.014055568291606,0.1465,0.6305,0.465,0.465,0.5349999999999999,0.015772602828956293,969.9481189416437,470.49890046834486,1345.7086328991536,0.9699481189416437,0.47049890046834486,1.3457086328991537,0.4511631680804699,0.09395088136973861,0.9891683561863054
WbWb_4000_1000,WbWb,4000,1000,85,240,1.0,1.6,/eos/uscms/store/user/aji/rootfiles_existingOptimization/WbWb_4000_1000_pt240_ak10_ca16_th85.root,ok,,1000,1000,1.0,0.0,0.202,0.012696298673235441,0.108,0.617,0.43,0.43,0.5700000000000001,0.015655669899432602,1099.3683082844072,501.93316106668124,1405.7290785161001,1.0993683082844072,0.5019331610666813,1.4057290785161,0.41105237918847043,0.11194352485791478,0.9909892100169113
WbWb_4000_1000,WbWb,4000,1000,85,260,0.6,0.4,/eos/uscms/store/user/aji/rootfiles_existingOptimization/WbWb_4000_1000_pt260_ak6_ca4_th85.root,ok,,1000,1000,1.0,0.0,0.156,0.011474493452871897,0.112,0.618,0.459,0.459,0.5409999999999999,0.015758140753274162,963.5117371461262,408.06907849403797,1274.393719707254,0.9635117371461261,0.40806907849403795,1.2743937197072541,0.44956621067182156,0.04083834006726188,0.9942150369572089
WbWb_4000_1000,WbWb,4000,1000,85,200,0.6,1.4,/eos/uscms/store/user/aji/rootfiles_existingOptimization/WbWb_4000_1000_pt200_ak6_ca14_th85.root,ok,,1000,1000,1.0,0.0,0.288,0.014319776534569246,0.155,0.649,0.474,0.474,0.526,0.01578999683343857,962.4586820423169,358.60600674248735,1254.2421222989478,0.9624586820423169,0.3586060067424874,1.2542421222989477,0.4652854882330842,0.11651439926082102,0.9950396200288525
WbWb_4000_1000,WbWb,4000,1000,85,140,1.0,1.0,/eos/uscms/store/user/aji/rootfiles_existingOptimization/WbWb_4000_1000_pt140_ak10_ca10_th85.root,ok,,1000,1000,1.0,0.0,0.049,0.006826346021115542,0.0245,0.491,0.405,0.405,0.595,0.015523369479594306,1236.865930942226,1010.3648616447088,1957.1877967684268,1.236865930942226,1.0103648616447087,1.9571877967684268,0.38275083476607785,0.04630474068745441,1.0014374278603004
WbWb_4000_1000,WbWb,4000,1000,85,200,0.6,1.0,/eos/uscms/store/user/aji/rootfiles_existingOptimization/WbWb_4000_1000_pt200_ak6_ca10_th85.root,ok,,1000,1000,1.0,0.0,0.259,0.013853483316480371,0.1405,0.6,0.451,0.451,0.5489999999999999,0.015735278834517044,981.7930716354931,578.2369984778344,1470.7281139968127,0.9817930716354931,0.5782369984778344,1.4707281139968127,0.4545209888435281,0.07691812193511087,1.0053416816799787
WbWb_4000_1000,WbWb,4000,1000,85,260,0.8,0.6,/eos/uscms/store/user/aji/rootfiles_existingOptimization/WbWb_4000_1000_pt260_ak8_ca6_th85.root,ok,,1000,1000,1.0,0.0,0.129,0.010599952830083727,0.0885,0.6035,0.458,0.458,0.542,0.015755506973753653,1035.473545013284,516.3433416892335,1469.6601334824247,1.035473545013284,0.5163433416892335,1.4696601334824246,0.46032889801204974,0.0330977338267997,1.0058762525133782
WbWb_4000_1000,WbWb,4000,1000,85,280,1.0,0.8,/eos/uscms/store/user/aji/rootfiles_existingOptimization/WbWb_4000_1000_pt280_ak10_ca8_th85.root,ok,,1000,1000,1.0,0.0,0.099,0.009444522221901964,0.0665,0.574,0.433,0.433,0.567,0.015668790636165896,1115.4656674677967,584.8469158026671,1539.7899209956438,1.115465667467797,0.5848469158026672,1.5397899209956438,0.42804679383847793,0.036650885724579266,1.0065933605852575
WbWb_4000_1000,WbWb,4000,1000,85,240,1.0,1.0,/eos/uscms/store/user/aji/rootfiles_existingOptimization/WbWb_4000_1000_pt240_ak10_ca10_th85.root,ok,,1000,1000,1.0,0.0,0.16,0.01159310139695155,0.087,0.544,0.395,0.395,0.605,0.015458816254810716,1144.6822144473572,790.4284393648643,1677.9870200058751,1.1446822144473572,0.7904284393648643,1.6779870200058753,0.38768776584404113,0.06794700270868055,1.0071559872887768
WbWb_4000_1000,WbWb,4000,1000,85,220,1.2,1.0,/eos/uscms/store/user/aji/rootfiles_existingOptimization/WbWb_4000_1000_pt220_ak12_ca10_th85.root,ok,,1000,1000,1.0,0.0,0.03,0.005394441583704471,0.0165,0.451,0.336,0.336,0.6639999999999999,0.014936666294725877,1272.1397252785232,984.0249533452651,1812.5665491704228,1.2721397252785234,0.9840249533452651,1.8125665491704228,0.3256488180352029,0.03593118084888376,1.0168627905630552
WbWb_4000_1000,WbWb,4000,1000,85,220,0.8,1.6,/eos/uscms/store/user/aji/rootfiles_existingOptimization/WbWb_4000_1000_pt220_ak8_ca16_th85.root,ok,,1000,1000,1.0,0.0,0.281,0.014214042352547005,0.149,0.6425,0.452,0.452,0.548,0.015738360778683402,1019.8861797931522,362.4704925617267,1323.4108149396022,1.0198861797931522,0.3624704925617267,1.3234108149396022,0.47110174714435693,0.1335562233700442,1.0210903651236722
WbWb_4000_1000,WbWb,4000,1000,85,240,1.2,1.0,/eos/uscms/store/user/aji/rootfiles_existingOptimization/WbWb_4000_1000_pt240_ak12_ca10_th85.root,ok,,1000,1000,1.0,0.0,0.035,0.005811626278418116,0.02,0.4565,0.337,0.337,0.663,0.014947608504372864,1254.7167763805505,940.1779917404125,1781.2581319192086,1.2547167763805507,0.9401779917404125,1.7812581319192087,0.3351673286002593,0.042462886134643774,1.0236390062383143
WbWb_4000_1000,WbWb,4000,1000,85,280,0.6,0.4,/eos/uscms/store/user/aji/rootfiles_existingOptimization/WbWb_4000_1000_pt280_ak6_ca4_th85.root,ok,,1000,1000,1.0,0.0,0.174,0.011988494484296182,0.127,0.602,0.431,0.431,0.569,0.015660108556456435,952.1045553488575,370.7963530495678,1231.272081730322,0.9521045553488576,0.3707963530495678,1.231272081730322,0.4518809010242945,0.053380907169291926,1.0256704454894088
WbWb_4000_1000,WbWb,4000,1000,85,200,1.2,1.6,/eos/uscms/store/user/aji/rootfiles_existingOptimization/WbWb_4000_1000_pt200_ak12_ca16_th85.root,ok,,1000,1000,1.0,0.0,0.058,0.007391616873188166,0.03,0.492,0.305,0.305,0.6950000000000001,0.014559361249725207,1222.999448097569,940.2699785392842,1702.340355115609,1.222999448097569,0.9402699785392843,1.702340355115609,0.3115579396874462,0.10076224851055701,1.0288578844972032
WbWb_4000_1000,WbWb,4000,1000,85,180,0.4,0.4,/eos/uscms/store/user/aji/rootfiles_existingOptimization/WbWb_4000_1000_pt180_ak4_ca4_th85.root,ok,,1000,1000,1.0,0.0,0.26,0.013870832707519763,0.146,0.607,0.461,0.461,0.5389999999999999,0.015763216676808068,933.2751391262066,516.0139025394311,1426.387555101979,0.9332751391262066,0.5160139025394311,1.426387555101979,0.4877305814740224,0.07054344343999214,1.0334030675614017
WbWb_4000_1000,WbWb,4000,1000,85,200,1.2,1.0,/eos/uscms/store/user/aji/rootfiles_existingOptimization/WbWb_4000_1000_pt200_ak12_ca10_th85.root,ok,,1000,1000,1.0,0.0,0.022,0.0046385342512479085,0.012,0.4325,0.328,0.328,0.6719999999999999,0.01484641370836742,1293.2251962989167,1022.4207795460642,1882.0779058559428,1.2932251962989167,1.0224207795460643,1.882077905855943,0.3323694623218496,0.031639729111511666,1.0336919819517412
WbWb_4000_1000,WbWb,4000,1000,85,120,1.0,0.8,/eos/uscms/store/user/aji/rootfiles_existingOptimization/WbWb_4000_1000_pt120_ak10_ca8_th85.root,ok,,1000,1000,1.0,0.0,0.011,0.003298332912245215,0.0055,0.4535,0.41,0.41,0.5900000000000001,0.015553134732265389,1342.7497877056473,1048.9442936943294,2149.085117055093,1.3427497877056473,1.0489442936943294,2.1490851170550935,0.4096596526894901,0.009649906572380157,1.0339346314600548
WbWb_4000_1000,WbWb,4000,1000,85,220,1.2,1.4,/eos/uscms/store/user/aji/rootfiles_existingOptimization/WbWb_4000_1000_pt220_ak12_ca14_th85.root,ok,,1000,1000,1.0,0.0,0.062,0.007626008130076967,0.0325,0.488,0.311,0.311,0.6890000000000001,0.014638271755914357,1218.334014956034,894.3350765632415,1689.3523724901243,1.2183340149560338,0.8943350765632415,1.6893523724901243,0.3262723055284526,0.0921685180093049,1.0371057070240561
WbWb_4000_1000,WbWb,4000,1000,85,220,1.2,1.6,/eos/uscms/store/user/aji/rootfiles_existingOptimization/WbWb_4000_1000_pt220_ak12_ca16_th85.root,ok,,1000,1000,1.0,0.0,0.068,0.007960904471226871,0.0355,0.495,0.304,0.304,0.696,0.014545927265045704,1208.3257071940695,868.6015116002053,1642.918891168125,1.2083257071940696,0.8686015116002053,1.6429188911681247,0.3204092137400649,0.10810508446444927,1.037241784459472
WbWb_4000_1000,WbWb,4000,1000,85,200,1.2,1.4,/eos/uscms/store/user/aji/rootfiles_existingOptimization/WbWb_4000_1000_pt200_ak12_ca14_th85.root,ok,,1000,1000,1.0,0.0,0.051,0.00695693898205238,0.0265,0.479,0.308,0.308,0.692,0.014599178059055244,1243.0103208362268,959.8961515739717,1759.319567009799,1.2430103208362269,0.9598961515739717,1.759319567009799,0.3215674890366238,0.08721917731602666,1.0378685211202465
WbWb_4000_1000,WbWb,4000,1000,85,240,0.8,1.4,/eos/uscms/store/user/aji/rootfiles_existingOptimization/WbWb_4000_1000_pt240_ak8_ca14_th85.root,ok,,1000,1000,1.0,0.0,0.295,0.01442133835675455,0.1635,0.6375,0.448,0.448,0.552,0.015725647840391186,1019.1727609393577,291.50177973878283,1295.1777409242416,1.019172760939358,0.29150177973878283,1.2951777409242415,0.49239736365225456,0.11561097481405032,1.0463146397461904
WbWb_4000_1000,WbWb,4000,1000,85,180,1.2,1.0,/eos/uscms/store/user/aji/rootfiles_existingOptimization/WbWb_4000_1000_pt180_ak12_ca10_th85.root,ok,,1000,1000,1.0,0.0,0.018,0.004204283529925164,0.0095,0.4255,0.335,0.335,0.665,0.014925649064613572,1313.2502290155767,1041.1269491185806,1966.8062457527876,1.3132502290155768,1.0411269491185804,1.9668062457527875,0.352438277253568,0.028319219715878124,1.0487633001551258
WbWb_4000_1000,WbWb,4000,1000,85,200,0.6,1.6,/eos/uscms/store/user/aji/rootfiles_existingOptimization/WbWb_4000_1000_pt200_ak6_ca16_th85.root,ok,,1000,1000,1.0,0.0,0.312,0.014651143300097777,0.167,0.6465,0.462,0.462,0.538,0.015765658882520576,958.5738650288606,240.45488974168063,1217.2163651886929,0.9585738650288607,0.24045488974168064,1.217216365188693,0.5094868069544145,0.14057772555003523,1.0516294204515284
WbWb_4000_1000,WbWb,4000,1000,85,220,1.2,1.2,/eos/uscms/store/user/aji/rootfiles_existingOptimization/WbWb_4000_1000_pt220_ak12_ca12_th85.root,ok,,1000,1000,1.0,0.0,0.054,0.007147307185227175,0.0285,0.4625,0.305,0.305,0.6950000000000001,0.014559361249725207,1241.0637430815386,933.6649620988916,1760.469381630582,1.2410637430815386,0.9336649620988916,1.7604693816305819,0.33310312388900754,0.07630586900091985,1.0522094981971615
WbWb_4000_1000,WbWb,4000,1000,85,300,0.6,0.4,/eos/uscms/store/user/aji/rootfiles_existingOptimization/WbWb_4000_1000_pt300_ak6_ca4_th85.root,ok,,1000,999,0.999,0.0009994998749374613,0.1971971971971972,0.01258844436562013,0.14864864864864866,0.581081081081081,0.3983983983983984,0.398,0.6016016016016016,0.015489255359234446,938.4151397647947,325.24816858181197,1158.5363488178905,0.9384151397647948,0.32524816858181194,1.1585363488178904,0.4439869653237556,0.06963512029519581,1.0527470529488778
WbWb_4000_1000,WbWb,4000,1000,85,260,1.0,1.4,/eos/uscms/store/user/aji/rootfiles_existingOptimization/WbWb_4000_1000_pt260_ak10_ca14_th85.root,ok,,1000,1000,1.0,0.0,0.216,0.013013224043256921,0.1205,0.6005,0.413,0.413,0.587,0.015570195888298902,1095.356802755006,387.4996162255613,1388.2794595714195,1.0953568027550058,0.3874996162255613,1.3882794595714194,0.45682824118530563,0.10347889262055157,1.0533639214608062
WbWb_4000_1000,WbWb,4000,1000,85,180,1.2,1.6,/eos/uscms/store/user/aji/rootfiles_existingOptimization/WbWb_4000_1000_pt180_ak12_ca16_th85.root,ok,,1000,1000,1.0,0.0,0.05,0.006892024376045111,0.0255,0.484,0.312,0.312,0.688,0.014651143300097778,1243.690978334991,980.1878447652028,1838.5881507091133,1.243690978334991,0.9801878447652029,1.838588150709113,0.3451019268038375,0.0987218661466333,1.0574710246373364
WbWb_4000_1000,WbWb,4000,1000,85,300,1.0,0.8,/eos/uscms/store/user/aji/rootfiles_existingOptimization/WbWb_4000_1000_pt300_ak10_ca8_th85.root,ok,,1000,1000,1.0,0.0,0.117,0.010164201887015036,0.081,0.5655,0.413,0.413,0.587,0.015570195888298902,1101.9070203345423,469.19667822568096,1486.0941625361963,1.1019070203345422,0.46919667822568095,1.4860941625361963,0.461426175505163,0.04502376899733884,1.058616877538617
WbWb_4000_1000,WbWb,4000,1000,85,240,1.2,1.4,/eos/uscms/store/user/aji/rootfiles_existingOptimization/WbWb_4000_1000_pt240_ak12_ca14_th85.root,ok,,1000,1000,1.0,0.0,0.072,0.008174105455644672,0.038,0.4845,0.304,0.304,0.696,0.014545927265045704,1203.1420255694072,810.1260811147862,1634.4050274392073,1.2031420255694072,0.8101260811147861,1.6344050274392072,0.3425526366824055,0.10068638488872544,1.058866839239346
WbWb_4000_1000,WbWb,4000,1000,85,180,1.2,1.4,/eos/uscms/store/user/aji/rootfiles_existingOptimization/WbWb_4000_1000_pt180_ak12_ca14_th85.root,ok,,1000,1000,1.0,0.0,0.043,0.006414904519944158,0.022,0.4685,0.315,0.315,0.685,0.014689281806814109,1258.5501684594037,997.0239060820821,1874.6009699179435,1.2585501684594038,0.9970239060820822,1.8746009699179436,0.3486460396370638,0.08218229788999959,1.0595010564830043
WbWb_4000_1000,WbWb,4000,1000,85,280,0.8,0.6,/eos/uscms/store/user/aji/rootfiles_existingOptimization/WbWb_4000_1000_pt280_ak8_ca6_th85.root,ok,,1000,1000,1.0,0.0,0.154,0.011414201680362931,0.1075,0.5855,0.428,0.428,0.5720000000000001,0.015646597074124455,1026.6646267705382,434.71766950006753,1430.7182687541278,1.0266646267705382,0.43471766950006757,1.430718268754128,0.48506619069318957,0.0411278212812223,1.0597326533702436
WbWb_4000_1000,WbWb,4000,1000,85,260,1.0,1.6,/eos/uscms/store/user/aji/rootfiles_existingOptimization/WbWb_4000_1000_pt260_ak10_ca16_th85.root,ok,,1000,1000,1.0,0.0,0.235,0.013408019988051927,0.13,0.602,0.407,0.407,0.593,0.015535475531827148,1090.3157192031945,359.51877462210274,1361.5207261999626,1.0903157192031945,0.35951877462210274,1.3615207261999627,0.4595008280308595,0.12436598076372646,1.061532399951179
WbWb_4000_1000,WbWb,4000,1000,85,120,1.0,1.4,/eos/uscms/store/user/aji/rootfiles_existingOptimization/WbWb_4000_1000_pt120_ak10_ca14_th85.root,ok,,1000,1000,1.0,0.0,0.049,0.006826346021115542,0.0245,0.51,0.386,0.386,0.614,0.015394934231752989,1217.5682072552386,999.6759964465317,2039.3826253295401,1.2175682072552385,0.9996759964465317,2.0393826253295404,0.4269603225049778,0.07391662514063901,1.0627171432305016
WbWb_4000_1000,WbWb,4000,1000,85,200,1.2,1.2,/eos/uscms/store/user/aji/rootfiles_existingOptimization/WbWb_4000_1000_pt200_ak12_ca12_th85.root,ok,,1000,1000,1.0,0.0,0.043,0.006414904519944158,0.0225,0.451,0.301,0.301,0.6990000000000001,0.014505137021069465,1263.4040454571193,986.3771872283152,1841.1611288300473,1.2634040454571194,0.9863771872283151,1.8411611288300471,0.33828605531038086,0.07135169234800728,1.063626459856093
WbWb_4000_1000,WbWb,4000,1000,85,260,0.8,1.4,/eos/uscms/store/user/aji/rootfiles_existingOptimization/WbWb_4000_1000_pt260_ak8_ca14_th85.root,ok,,1000,1000,1.0,0.0,0.341,0.01499063040702425,0.1945,0.626,0.427,0.427,0.573,0.015641962792437528,1009.785853767337,229.83372774930461,1220.3179189393788,1.0097858537673372,0.2298337277493046,1.2203179189393787,0.49044269509953425,0.12330003839226532,1.0644212804762678
WbWb_4000_1000,WbWb,4000,1000,85,240,0.8,1.6,/eos/uscms/store/user/aji/rootfiles_existingOptimization/WbWb_4000_1000_pt240_ak8_ca16_th85.root,ok,,1000,1000,1.0,0.0,0.317,0.014714312760030624,0.1745,0.634,0.437,0.437,0.563,0.01568537535413163,1013.2319973068533,259.4843825521869,1274.1611213864521,1.0132319973068533,0.2594843825521869,1.2741611213864523,0.5007129371808491,0.13675178190136772,1.0650361369115342
WbWb_4000_1000,WbWb,4000,1000,85,260,1.2,1.0,/eos/uscms/store/user/aji/rootfiles_existingOptimization/WbWb_4000_1000_pt260_ak12_ca10_th85.root,ok,,1000,1000,1.0,0.0,0.043,0.006414904519944158,0.026,0.4535,0.32,0.32,0.6799999999999999,0.01475127113166862,1235.0008974492985,854.6760493246206,1749.3585667107473,1.2350008974492983,0.8546760493246207,1.7493585667107472,0.36221937944901644,0.05012535252734876,1.0657194691939462
WbWb_4000_1000,WbWb,4000,1000,85,120,1.0,1.6,/eos/uscms/store/user/aji/rootfiles_existingOptimization/WbWb_4000_1000_pt120_ak10_ca16_th85.root,ok,,1000,1000,1.0,0.0,0.072,0.008174105455644672,0.036,0.5205,0.377,0.377,0.623,0.01532550162311172,1200.3882207971,978.1274280603473,1995.723350186296,1.2003882207971,0.9781274280603472,1.9957233501862959,0.4238611744499746,0.09317218736427216,1.0668999965296846
WbWb_4000_1000,WbWb,4000,1000,85,260,0.8,1.6,/eos/uscms/store/user/aji/rootfiles_existingOptimization/WbWb_4000_1000_pt260_ak8_ca16_th85.root,ok,,1000,1000,1.0,0.0,0.359,0.01516967369457893,0.2035,0.624,0.417,0.417,0.583,0.015592017188292218,1004.3889627028765,217.9663678356171,1199.689334757733,1.0043889627028766,0.2179663678356171,1.1996893347577329,0.4887165248611628,0.1548273360002968,1.0721554211314506
WbWb_4000_1000,WbWb,4000,1000,85,220,0.6,1.4,/eos/uscms/store/user/aji/rootfiles_existingOptimization/WbWb_4000_1000_pt220_ak6_ca14_th85.root,ok,,1000,1000,1.0,0.0,0.332,0.014892145580808697,0.1825,0.6465,0.456,0.456,0.544,0.01575004761897563,954.5916614253122,177.11603403682346,1182.867290991777,0.9545916614253122,0.17711603403682347,1.182867290991777,0.5267965862247604,0.1279149244627849,1.0753374200822292
WbWb_4000_1000,WbWb,4000,1000,85,240,1.2,1.2,/eos/uscms/store/user/aji/rootfiles_existingOptimization/WbWb_4000_1000_pt240_ak12_ca12_th85.root,ok,,1000,1000,1.0,0.0,0.062,0.007626008130076967,0.0335,0.462,0.299,0.299,0.7010000000000001,0.014477534320456642,1222.4320042780255,856.1147437998337,1718.291706396446,1.2224320042780255,0.8561147437998338,1.718291706396446,0.3526482289318899,0.08390878410995184,1.0758914293596926
WbWb_4000_1000,WbWb,4000,1000,85,180,1.2,1.2,/eos/uscms/store/user/aji/rootfiles_existingOptimization/WbWb_4000_1000_pt180_ak12_ca12_th85.root,ok,,1000,1000,1.0,0.0,0.034,0.005730968504537431,0.0175,0.442,0.308,0.308,0.692,0.014599178059055244,1285.383157395679,1010.4795173048377,1929.709705679448,1.285383157395679,1.0104795173048378,1.9297097056794479,0.3575704968147656,0.06849176392188387,1.0781088125543334
WbWb_4000_1000,WbWb,4000,1000,85,220,0.6,1.6,/eos/uscms/store/user/aji/rootfiles_existingOptimization/WbWb_4000_1000_pt220_ak6_ca16_th85.root,ok,,1000,1000,1.0,0.0,0.353,0.015112610628213776,0.193,0.6415,0.444,0.444,0.556,0.015711906313366306,948.6551146707629,163.44479873967103,1145.9801025694312,0.9486551146707629,0.16344479873967102,1.1459801025694312,0.5178569580425209,0.15103850155636514,1.0789914465754447
WbWb_4000_1000,WbWb,4000,1000,85,240,1.2,1.6,/eos/uscms/store/user/aji/rootfiles_existingOptimization/WbWb_4000_1000_pt240_ak12_ca16_th85.root,ok,,1000,1000,1.0,0.0,0.078,0.008480330182251162,0.041,0.493,0.299,0.299,0.7010000000000001,0.014477534320456642,1189.9467265411017,738.7699716062202,1597.1901670920715,1.1899467265411015,0.7387699716062203,1.5971901670920714,0.3606969019449632,0.11827256697407687,1.0806915745990735
WbWb_4000_1000,WbWb,4000,1000,85,120,1.0,1.2,/eos/uscms/store/user/aji/rootfiles_existingOptimization/WbWb_4000_1000_pt120_ak10_ca12_th85.root,ok,,1000,1000,1.0,0.0,0.037,0.005969170796685248,0.0185,0.477,0.379,0.379,0.621,0.015341414537127925,1269.6398752427685,1017.5166718795152,2122.2119484241693,1.2696398752427687,1.0175166718795152,2.1222119484241695,0.43504276215861004,0.05940865183748826,1.083006749682887
WbWb_4000_1000,WbWb,4000,1000,85,180,0.4,0.6,/eos/uscms/store/user/aji/rootfiles_existingOptimization/WbWb_4000_1000_pt180_ak4_ca6_th85.root,ok,,1000,1000,1.0,0.0,0.272,0.014071815803228808,0.152,0.605,0.454,0.454,0.546,0.015744332313566048,931.4602523550997,432.6839492499334,1420.500609603684,0.9314602523550997,0.4326839492499334,1.420500609603684,0.5302516440482349,0.07505886214978552,1.0831056188127248
WbWb_4000_1000,WbWb,4000,1000,85,280,1.0,1.4,/eos/uscms/store/user/aji/rootfiles_existingOptimization/WbWb_4000_1000_pt280_ak10_ca14_th85.root,ok,,1000,1000,1.0,0.0,0.251,0.013711272734505722,0.1425,0.5875,0.395,0.395,0.605,0.015458816254810716,1084.3039804169634,326.000022439847,1352.2730906737593,1.0843039804169634,0.326000022439847,1.3522730906737592,0.47324047811724546,0.11218588541820954,1.0866708761589416
WbWb_4000_1000,WbWb,4000,1000,85,240,0.8,1.2,/eos/uscms/store/user/aji/rootfiles_existingOptimization/WbWb_4000_1000_pt240_ak8_ca12_th85.root,ok,,1000,1000,1.0,0.0,0.278,0.01416742743055351,0.155,0.6135,0.435,0.435,0.565,0.015677212762477903,1027.9002542166077,326.2448036451622,1396.4387242267644,1.0279002542166078,0.32624480364516223,1.3964387242267644,0.5205728455613758,0.10030190572038296,1.0883628709830364
WbWb_4000_1000,WbWb,4000,1000,85,280,1.0,1.6,/eos/uscms/store/user/aji/rootfiles_existingOptimization/WbWb_4000_1000_pt280_ak10_ca16_th85.root,ok,,1000,1000,1.0,0.0,0.269,0.014022802858202064,0.1515,0.591,0.391,0.391,0.609,0.015431104950715617,1078.4260240844183,307.2936868078067,1329.600714862142,1.0784260240844181,0.30729368680780667,1.329600714862142,0.4739810637091553,0.1353029518059975,1.0908236661175972
WbWb_4000_1000,WbWb,4000,1000,85,240,0.6,1.4,/eos/uscms/store/user/aji/rootfiles_existingOptimization/WbWb_4000_1000_pt240_ak6_ca14_th85.root,ok,,1000,1000,1.0,0.0,0.384,0.015379986996093333,0.217,0.6295,0.427,0.427,0.573,0.015641962792437528,946.8625782337308,151.13081215197136,1122.345615533916,0.9468625782337308,0.15113081215197136,1.122345615533916,0.5128594295032972,0.14205064157286737,1.091173171679924
WbWb_4000_1000,WbWb,4000,1000,85,280,0.8,1.4,/eos/uscms/store/user/aji/rootfiles_existingOptimization/WbWb_4000_1000_pt280_ak8_ca14_th85.root,ok,,1000,1000,1.0,0.0,0.385,0.015387494922826133,0.223,0.6105,0.401,0.401,0.599,0.015498354751392161,1002.6825592799776,207.48966502933413,1196.4701437078206,1.0026825592799775,0.20748966502933414,1.1964701437078207,0.49316728885195216,0.13713821343736946,1.0924355447799499
WbWb_4000_1000,WbWb,4000,1000,85,180,0.4,1.4,/eos/uscms/store/user/aji/rootfiles_existingOptimization/WbWb_4000_1000_pt180_ak4_ca14_th85.root,ok,,1000,1000,1.0,0.0,0.311,0.014638271755914358,0.1715,0.645,0.459,0.459,0.5409999999999999,0.015758140753274162,905.6753832993693,174.7147956686814,1158.005133548113,0.9056753832993693,0.1747147956686814,1.1580051335481132,0.5428492128699092,0.1357431066581409,1.093281674539972
WbWb_4000_1000,WbWb,4000,1000,85,280,0.8,1.6,/eos/uscms/store/user/aji/rootfiles_existingOptimization/WbWb_4000_1000_pt280_ak8_ca16_th85.root,ok,,1000,1000,1.0,0.0,0.4,0.015491933384829668,0.2305,0.612,0.395,0.395,0.605,0.015458816254810716,996.6291957325792,203.69988290202193,1179.136563214347,0.9966291957325792,0.20369988290202193,1.179136563214347,0.48936790357386806,0.17221541692782535,1.09470498400061
WbWb_4000_1000,WbWb,4000,1000,85,240,0.6,1.6,/eos/uscms/store/user/aji/rootfiles_existingOptimization/WbWb_4000_1000_pt240_ak6_ca16_th85.root,ok,,1000,1000,1.0,0.0,0.403,0.01551099609954177,0.2265,0.6265,0.417,0.417,0.583,0.015592017188292218,941.4409016416898,147.57524992726778,1100.1156638442662,0.9414409016416898,0.14757524992726775,1.1001156638442662,0.5058949596602151,0.17078991857728362,1.0947508694960462
WbWb_4000_1000,WbWb,4000,1000,85,300,0.8,0.6,/eos/uscms/store/user/aji/rootfiles_existingOptimization/WbWb_4000_1000_pt300_ak8_ca6_th85.root,ok,,1000,1000,1.0,0.0,0.171,0.011906258858264422,0.1225,0.5675,0.399,0.399,0.601,0.015485444778888335,1017.728884133564,380.3746291435274,1385.9501092176256,1.017728884133564,0.3803746291435274,1.3859501092176256,0.49402915440008727,0.0477299002242815,1.0968020428134437
WbWb_4000_1000,WbWb,4000,1000,85,260,1.0,1.2,/eos/uscms/store/user/aji/rootfiles_existingOptimization/WbWb_4000_1000_pt260_ak10_ca12_th85.root,ok,,1000,1000,1.0,0.0,0.205,0.0127661662216971,0.115,0.567,0.392,0.392,0.608,0.015438134602341048,1113.2784889110571,414.8859143374208,1495.4768031793942,1.1132784889110572,0.4148859143374208,1.4954768031793941,0.485319216891967,0.08865209269463284,1.1046470657830727
WbWb_4000_1000,WbWb,4000,1000,85,120,1.0,1.0,/eos/uscms/store/user/aji/rootfiles_existingOptimization/WbWb_4000_1000_pt120_ak10_ca10_th85.root,ok,,1000,1000,1.0,0.0,0.033,0.005648982209212559,0.0165,0.4395,0.362,0.362,0.638,0.015197236590906913,1356.7602175953434,1033.7995162046564,2206.5519754851257,1.3567602175953435,1.0337995162046563,2.2065519754851257,0.4321885488944389,0.04344963132805323,1.1058645706539734
WbWb_4000_1000,WbWb,4000,1000,85,280,1.2,1.0,/eos/uscms/store/user/aji/rootfiles_existingOptimization/WbWb_4000_1000_pt280_ak12_ca10_th85.root,ok,,1000,1000,1.0,0.0,0.049,0.006826346021115542,0.0305,0.451,0.312,0.312,0.688,0.014651143300097778,1217.3808289579085,730.858241291702,1699.2457616032152,1.2173808289579084,0.7308582412917021,1.6992457616032153,0.39773401111485535,0.05760632956355888,1.1074720940106462
WbWb_4000_1000,WbWb,4000,1000,85,320,1.0,0.8,/eos/uscms/store/user/aji/rootfiles_existingOptimization/WbWb_4000_1000_pt320_ak10_ca8_th85.root,ok,,1000,1000,1.0,0.0,0.136,0.010839926199010766,0.0965,0.542,0.38,0.38,0.62,0.015349267083479915,1092.2022485850453,421.54985825149447,1477.4704319410698,1.092202248585045,0.4215498582514945,1.4774704319410699,0.4833905877128193,0.052931437048663516,1.1126108125713237
WbWb_4000_1000,WbWb,4000,1000,85,320,0.6,0.4,/eos/uscms/store/user/aji/rootfiles_existingOptimization/WbWb_4000_1000_pt320_ak6_ca4_th85.root,ok,,1000,999,0.999,0.0009994998749374613,0.22922922922922923,0.01329887400293531,0.1806806806806807,0.5495495495495496,0.36236236236236236,0.362,0.6376376376376376,0.015208128348794397,923.1848820773357,255.7629698819147,1117.5991768413514,0.9231848820773356,0.2557629698819147,1.1175991768413516,0.4667733536862882,0.07740535892264148,1.1130925031161922
WbWb_4000_1000,WbWb,4000,1000,85,300,0.8,1.6,/eos/uscms/store/user/aji/rootfiles_existingOptimization/WbWb_4000_1000_pt300_ak8_ca16_th85.root,ok,,1000,1000,1.0,0.0,0.434,0.015673034167001616,0.254,0.601,0.374,0.374,0.626,0.015301111070768685,987.748419200423,194.00126230057958,1155.5050080650462,0.987748419200423,0.19400126230057957,1.1555050080650462,0.48671489980353433,0.1825831246152424,1.1139400578834922
WbWb_4000_1000,WbWb,4000,1000,85,260,0.6,1.6,/eos/uscms/store/user/aji/rootfiles_existingOptimization/WbWb_4000_1000_pt260_ak6_ca16_th85.root,ok,,1000,1000,1.0,0.0,0.442,0.01570464899321217,0.255,0.612,0.394,0.394,0.606,0.015451990163082553,933.3770069144837,139.29528857870164,1075.5402162352254,0.9333770069144836,0.13929528857870166,1.0755402162352254,0.5015363142228674,0.1924192291328493,1.114198613531419
WbWb_4000_1000,WbWb,4000,1000,85,260,0.6,1.4,/eos/uscms/store/user/aji/rootfiles_existingOptimization/WbWb_4000_1000_pt260_ak6_ca14_th85.root,ok,,1000,1000,1.0,0.0,0.429,0.015651166090742248,0.2485,0.612,0.399,0.399,0.601,0.015485444778888335,937.9525942004667,140.66185381018838,1092.4989914811413,0.9379525942004667,0.1406618538101884,1.0924989914811414,0.5074015166418522,0.15774951220813022,1.1146062572218054
WbWb_4000_1000,WbWb,4000,1000,85,260,1.4,1.2,/eos/uscms/store/user/aji/rootfiles_existingOptimization/WbWb_4000_1000_pt260_ak14_ca12_th85.root,ok,,1000,1000,1.0,0.0,0.008,0.0028170906978654416,0.0055,0.414,0.268,0.268,0.732,0.014006284303840188,1273.719793173665,909.8363965904921,1816.0120612508497,1.2737197931736652,0.9098363965904921,1.8160120612508497,0.35572017861263033,0.06299790691849139,1.1150921579299968
WbWb_4000_1000,WbWb,4000,1000,85,300,1.0,1.6,/eos/uscms/store/user/aji/rootfiles_existingOptimization/WbWb_4000_1000_pt300_ak10_ca16_th85.root,ok,,1000,1000,1.0,0.0,0.304,0.014545927265045703,0.1745,0.573,0.368,0.368,0.632,0.015250442616527561,1068.4718887603076,287.25044427313253,1306.405446304931,1.0684718887603077,0.2872504442731325,1.306405446304931,0.47692176684885507,0.1657629362264405,1.1157689557248858
WbWb_4000_1000,WbWb,4000,1000,85,160,1.2,1.0,/eos/uscms/store/user/aji/rootfiles_existingOptimization/WbWb_4000_1000_pt160_ak12_ca10_th85.root,ok,,1000,1000,1.0,0.0,0.014,0.003715373467095872,0.007,0.4025,0.322,0.322,0.6779999999999999,0.014775520295407536,1354.0418185351596,1069.4243718721004,2159.787639649281,1.3540418185351593,1.0694243718721004,2.159787639649281,0.40263278905106736,0.025504309239609353,1.1160369709045832
WbWb_4000_1000,WbWb,4000,1000,85,180,0.4,1.6,/eos/uscms/store/user/aji/rootfiles_existingOptimization/WbWb_4000_1000_pt180_ak4_ca16_th85.root,ok,,1000,1000,1.0,0.0,0.334,0.014914556647785411,0.183,0.643,0.448,0.448,0.552,0.015725647840391186,899.6511395069776,132.09170123140322,1131.5672205780322,0.8996511395069776,0.1320917012314032,1.1315672205780323,0.5554794939149172,0.1565666023615197,1.1175143799642195
WbWb_4000_1000,WbWb,4000,1000,85,220,0.6,1.2,/eos/uscms/store/user/aji/rootfiles_existingOptimization/WbWb_4000_1000_pt220_ak6_ca12_th85.root,ok,,1000,1000,1.0,0.0,0.318,0.014726710426975875,0.1755,0.6255,0.444,0.444,0.556,0.015711906313366306,962.937025085188,189.77049850907028,1264.1126894197907,0.9629370250851881,0.18977049850907027,1.2641126894197907,0.5578465480729006,0.10935831555692305,1.117552845564382
WbWb_4000_1000,WbWb,4000,1000,85,200,0.4,1.4,/eos/uscms/store/user/aji/rootfiles_existingOptimization/WbWb_4000_1000_pt200_ak4_ca14_th85.root,ok,,1000,1000,1.0,0.0,0.356,0.015141466243399283,0.2015,0.634,0.436,0.436,0.5640000000000001,0.015681326474504636,895.8822975366193,117.19792535304137,1091.0804964861345,0.8958822975366193,0.11719792535304137,1.0910804964861345,0.5435326570303648,0.14664370703020824,1.117944427276703
WbWb_4000_1000,WbWb,4000,1000,85,300,1.0,1.4,/eos/uscms/store/user/aji/rootfiles_existingOptimization/WbWb_4000_1000_pt300_ak10_ca14_th85.root,ok,,1000,1000,1.0,0.0,0.285,0.014274978108564651,0.165,0.5695,0.371,0.371,0.629,0.015276092432294327,1074.7445462435824,294.47005242022874,1329.600714862142,1.0747445462435823,0.2944700524202287,1.329600714862142,0.48157055835262147,0.13056910070986624,1.1180450129769797
WbWb_4000_1000,WbWb,4000,1000,85,240,1.4,1.2,/eos/uscms/store/user/aji/rootfiles_existingOptimization/WbWb_4000_1000_pt240_ak14_ca12_th85.root,ok,,1000,1000,1.0,0.0,0.004,0.001995995991979944,0.0025,0.4055,0.265,0.265,0.735,0.013956181426163821,1300.6496283831775,975.1588087113596,1895.2954314867602,1.3006496283831774,0.9751588087113596,1.89529543148676,0.3537219412114897,0.058560962100185215,1.1187869040498075
WbWb_4000_1000,WbWb,4000,1000,85,180,0.4,1.2,/eos/uscms/store/user/aji/rootfiles_existingOptimization/WbWb_4000_1000_pt180_ak4_ca12_th85.root,ok,,1000,1000,1.0,0.0,0.3,0.014491376746189439,0.166,0.627,0.448,0.448,0.552,0.015725647840391186,916.3061221265715,234.39562953670193,1259.1265879157943,0.9163061221265716,0.23439562953670193,1.2591265879157942,0.5591640902719756,0.10937805479776916,1.1195334780593185
WbWb_4000_1000,WbWb,4000,1000,85,300,0.8,1.4,/eos/uscms/store/user/aji/rootfiles_existingOptimization/WbWb_4000_1000_pt300_ak8_ca14_th85.root,ok,,1000,1000,1.0,0.0,0.426,0.015637263187655313,0.25,0.5925,0.373,0.373,0.627,0.015292841462592882,994.416580585683,196.22991534025837,1176.1635247221266,0.994416580585683,0.19622991534025838,1.1761635247221265,0.49271785512904215,0.1601511589230386,1.1202761970704738
WbWb_4000_1000,WbWb,4000,1000,85,400,1.6,1.4,/eos/uscms/store/user/aji/rootfiles_existingOptimization/WbWb_4000_1000_pt400_ak16_ca14_th85.root,ok,,1000,1000,1.0,0.0,0.008,0.0028170906978654416,0.0055,0.467,0.273,0.273,0.727,0.014087973594523805,1207.4702810450335,724.2485310994118,1627.1355252729222,1.2074702810450335,0.7242485310994119,1.627135525272922,0.3738754519871435,0.09511098509947835,1.1216224800916468
WbWb_4000_1000,WbWb,4000,1000,85,200,0.4,1.6,/eos/uscms/store/user/aji/rootfiles_existingOptimization/WbWb_4000_1000_pt200_ak4_ca16_th85.root,ok,,1000,1000,1.0,0.0,0.378,0.015333492752794452,0.2125,0.628,0.424,0.424,0.5760000000000001,0.015627667772255716,890.7261564057196,109.87453116258096,1064.4286566963779,0.8907261564057196,0.10987453116258096,1.064428656696378,0.5358291763798864,0.17827557595720894,1.1227565607393144
WbWb_4000_1000,WbWb,4000,1000,85,320,0.8,0.6,/eos/uscms/store/user/aji/rootfiles_existingOptimization/WbWb_4000_1000_pt320_ak8_ca6_th85.root,ok,,1000,999,0.999,0.0009994998749374613,0.1941941941941942,0.01251556824854732,0.14164164164164164,0.5485485485485485,0.37037037037037035,0.37,0.6296296296296297,0.01527840268846177,1002.0986778049006,334.5448454467949,1321.5979026396237,1.0020986778049006,0.33454484544679486,1.3215979026396236,0.4924929445845447,0.06383861040280947,1.1233324419946644
WbWb_4000_1000,WbWb,4000,1000,85,260,0.8,1.2,/eos/uscms/store/user/aji/rootfiles_existingOptimization/WbWb_4000_1000_pt260_ak8_ca12_th85.root,ok,,1000,1000,1.0,0.0,0.325,0.014811313243598625,0.1865,0.602,0.413,0.413,0.587,0.015570195888298902,1018.9901361299817,239.58312704799957,1332.0658868016644,1.0189901361299818,0.23958312704799958,1.3320658868016644,0.5360614990360949,0.10728197734206799,1.1249605126490931
WbWb_4000_1000,WbWb,4000,1000,85,160,1.2,1.6,/eos/uscms/store/user/aji/rootfiles_existingOptimization/WbWb_4000_1000_pt160_ak12_ca16_th85.root,ok,,1000,1000,1.0,0.0,0.038,0.006046155803483731,0.019,0.4645,0.301,0.301,0.6990000000000001,0.014505137021069465,1268.982211778253,1007.0493698409575,2022.9028936484383,1.268982211778253,1.0070493698409575,2.0229028936484386,0.40026310628261014,0.0987218661466333,1.1261613274604354
WbWb_4000_1000,WbWb,4000,1000,85,380,1.6,1.4,/eos/uscms/store/user/aji/rootfiles_existingOptimization/WbWb_4000_1000_pt380_ak16_ca14_th85.root,ok,,1000,1000,1.0,0.0,0.008,0.0028170906978654416,0.0055,0.461,0.272,0.272,0.728,0.014071815803228808,1222.0862608567147,741.9522803500241,1662.4607625675849,1.222086260856715,0.7419522803500241,1.662460762567585,0.37661354672797803,0.09310726112233916,1.1268221728136496
WbWb_4000_1000,WbWb,4000,1000,85,340,1.0,0.8,/eos/uscms/store/user/aji/rootfiles_existingOptimization/WbWb_4000_1000_pt340_ak10_ca8_th85.root,ok,,1000,1000,1.0,0.0,0.152,0.011353237423748346,0.11,0.535,0.364,0.364,0.636,0.015215255502291114,1076.626607382679,381.4007670742682,1424.1551753824576,1.076626607382679,0.3814007670742682,1.4241551753824575,0.48426929130200763,0.06416099422954838,1.1279319520402755
WbWb_4000_1000,WbWb,4000,1000,85,360,1.6,1.4,/eos/uscms/store/user/aji/rootfiles_existingOptimization/WbWb_4000_1000_pt360_ak16_ca14_th85.root,ok,,1000,1000,1.0,0.0,0.006,0.002442130217658346,0.004,0.4545,0.269,0.269,0.731,0.014022802858202064,1236.1263847819334,778.6496445155236,1708.2550001336758,1.2361263847819335,0.7786496445155235,1.7082550001336758,0.37601549771229303,0.09266983070428789,1.1306281361904864
WbWb_4000_1000,WbWb,4000,1000,85,160,1.2,1.4,/eos/uscms/store/user/aji/rootfiles_existingOptimization/WbWb_4000_1000_pt160_ak12_ca14_th85.root,ok,,1000,1000,1.0,0.0,0.033,0.005648982209212559,0.0165,0.4475,0.304,0.304,0.696,0.014545927265045704,1287.6355235786305,1022.1169182296707,2067.411774667628,1.2876355235786305,1.0221169182296705,2.0674117746676277,0.4058970249332848,0.08231241497440464,1.1306605772911478
WbWb_4000_1000,WbWb,4000,1000,85,260,1.2,1.4,/eos/uscms/store/user/aji/rootfiles_existingOptimization/WbWb_4000_1000_pt260_ak12_ca14_th85.root,ok,,1000,1000,1.0,0.0,0.083,0.008724161850859944,0.0455,0.478,0.29,0.29,0.71,0.014349216006458332,1185.473628693713,641.6419336565176,1599.5157378286922,1.185473628693713,0.6416419336565176,1.5995157378286922,0.4040046868135172,0.11277900061447921,1.1325520496828885
WbWb_4000_1000,WbWb,4000,1000,85,300,1.6,1.4,/eos/uscms/store/user/aji/rootfiles_existingOptimization/WbWb_4000_1000_pt300_ak16_ca14_th85.root,ok,,1000,1000,1.0,0.0,0.004,0.001995995991979944,0.002,0.4265,0.257,0.257,0.743,0.013818502089589886,1279.6103443249015,908.5412523548227,1834.4655720455762,1.2796103443249014,0.9085412523548227,1.8344655720455763,0.36179932578587193,0.08262969636434277,1.132760360218362
WbWb_4000_1000,WbWb,4000,1000,85,280,0.6,1.4,/eos/uscms/store/user/aji/rootfiles_existingOptimization/WbWb_4000_1000_pt280_ak6_ca14_th85.root,ok,,1000,1000,1.0,0.0,0.467,0.015776913513105152,0.2735,0.5975,0.378,0.378,0.622,0.015333492752794452,930.5294745891199,133.8766016094783,1073.1878246368517,0.9305294745891199,0.13387660160947834,1.0731878246368518,0.504718683651655,0.1785167799104026,1.133665736192743
WbWb_4000_1000,WbWb,4000,1000,85,280,1.4,1.2,/eos/uscms/store/user/aji/rootfiles_existingOptimization/WbWb_4000_1000_pt280_ak14_ca12_th85.root,ok,,1000,1000,1.0,0.0,0.012,0.003443254274665175,0.0075,0.4215,0.268,0.268,0.732,0.014006284303840188,1248.105455884574,824.5045539741818,1769.9947728481304,1.248105455884574,0.8245045539741818,1.7699947728481304,0.3787701649793078,0.07126312165849069,1.135580710567765
WbWb_4000_1000,WbWb,4000,1000,85,280,0.6,1.6,/eos/uscms/store/user/aji/rootfiles_existingOptimization/WbWb_4000_1000_pt280_ak6_ca16_th85.root,ok,,1000,1000,1.0,0.0,0.476,0.01579316307773715,0.278,0.599,0.373,0.373,0.627,0.015292841462592882,925.2051682721346,133.39139311209013,1061.399743909834,0.9252051682721346,0.1333913931120901,1.061399743909834,0.5015148977879383,0.2110634085081573,1.135994380960725
WbWb_4000_1000,WbWb,4000,1000,85,340,1.6,1.4,/eos/uscms/store/user/aji/rootfiles_existingOptimization/WbWb_4000_1000_pt340_ak16_ca14_th85.root,ok,,1000,1000,1.0,0.0,0.006,0.002442130217658346,0.0035,0.447,0.264,0.264,0.736,0.013939296969359681,1250.625732381829,812.4742730699294,1754.6092430342862,1.250625732381829,0.8124742730699293,1.7546092430342863,0.37666543457811785,0.09026480133295668,1.1377280078163008
WbWb_4000_1000,WbWb,4000,1000,85,220,0.4,1.4,/eos/uscms/store/user/aji/rootfiles_existingOptimization/WbWb_4000_1000_pt220_ak4_ca14_th85.root,ok,,1000,1000,1.0,0.0,0.422,0.01561781034588396,0.243,0.6085,0.397,0.397,0.603,0.01547226550961429,884.5621328057373,103.72723225658561,1031.3283216826408,0.8845621328057374,0.1037272322565856,1.0313283216826408,0.5243278312648331,0.17744629581194016,1.1388716179842593
WbWb_4000_1000,WbWb,4000,1000,85,180,0.4,0.8,/eos/uscms/store/user/aji/rootfiles_existingOptimization/WbWb_4000_1000_pt180_ak4_ca8_th85.root,ok,,1000,1000,1.0,0.0,0.281,0.014214042352547005,0.1565,0.6025,0.448,0.448,0.552,0.015725647840391186,930.8150372044595,340.34705537591896,1420.500609603684,0.9308150372044595,0.34034705537591897,1.420500609603684,0.5802192224310309,0.07960961936218347,1.1391377187105851
WbWb_4000_1000,WbWb,4000,1000,85,340,0.8,0.6,/eos/uscms/store/user/aji/rootfiles_existingOptimization/WbWb_4000_1000_pt340_ak8_ca6_th85.root,ok,,1000,999,0.999,0.0009994998749374613,0.2222222222222222,0.013153422318603286,0.16566566566566568,0.5335335335335335,0.3483483483483483,0.348,0.6516516516516517,0.015074117073874774,983.7820805607503,293.90052268743256,1251.5540628506742,0.9837820805607502,0.29390052268743255,1.251554062850674,0.4867203616970663,0.0715401546692766,1.1409938052926432
WbWb_4000_1000,WbWb,4000,1000,85,320,1.6,1.4,/eos/uscms/store/user/aji/rootfiles_existingOptimization/WbWb_4000_1000_pt320_ak16_ca14_th85.root,ok,,1000,1000,1.0,0.0,0.005,0.0022304708023195463,0.0025,0.438,0.26,0.26,0.74,0.013870832707519763,1260.5415317346838,849.5227122003081,1797.4081854694186,1.2605415317346838,0.8495227122003081,1.7974081854694186,0.3759834362477077,0.08801203276126186,1.142037589421176
WbWb_4000_1000,WbWb,4000,1000,85,260,1.2,1.6,/eos/uscms/store/user/aji/rootfiles_existingOptimization/WbWb_4000_1000_pt260_ak12_ca16_th85.root,ok,,1000,1000,1.0,0.0,0.088,0.008958571314668427,0.048,0.4895,0.29,0.29,0.71,0.014349216006458332,1173.4387653136573,582.8523239538085,1559.2765644882381,1.1734387653136573,0.5828523239538086,1.559276564488238,0.4160524900817614,0.12737351418450657,1.143396366613127
WbWb_4000_1000,WbWb,4000,1000,85,220,1.4,1.2,/eos/uscms/store/user/aji/rootfiles_existingOptimization/WbWb_4000_1000_pt220_ak14_ca12_th85.root,ok,,1000,1000,1.0,0.0,0.002,0.0014127986409959489,0.001,0.39,0.257,0.257,0.743,0.013818502089589886,1326.592916193049,1006.8088521651138,1985.3626102960127,1.3265929161930492,1.0068088521651137,1.9853626102960127,0.36882217076021884,0.052777693650018595,1.1444814623795239
WbWb_4000_1000,WbWb,4000,1000,85,260,1.2,1.2,/eos/uscms/store/user/aji/rootfiles_existingOptimization/WbWb_4000_1000_pt260_ak12_ca12_th85.root,ok,,1000,1000,1.0,0.0,0.073,0.008226238508577295,0.041,0.4595,0.286,0.286,0.714,0.014289996501049257,1208.6491529659265,679.6273061732667,1673.3029190607422,1.2086491529659265,0.6796273061732667,1.6733029190607422,0.4110686754915918,0.09171779989602316,1.1459335907881845
WbWb_4000_1000,WbWb,4000,1000,85,240,0.6,1.2,/eos/uscms/store/user/aji/rootfiles_existingOptimization/WbWb_4000_1000_pt240_ak6_ca12_th85.root,ok,,1000,1000,1.0,0.0,0.367,0.015241751867813621,0.2085,0.6085,0.416,0.416,0.5840000000000001,0.015586660963785668,954.7589170132303,155.17409974748793,1220.527421772983,0.9547589170132303,0.15517409974748791,1.220527421772983,0.5579174506996157,0.1227025452389654,1.1464415589982928
WbWb_4000_1000,WbWb,4000,1000,85,280,1.0,1.2,/eos/uscms/store/user/aji/rootfiles_existingOptimization/WbWb_4000_1000_pt280_ak10_ca12_th85.root,ok,,1000,1000,1.0,0.0,0.239,0.01348625225924534,0.1365,0.555,0.373,0.373,0.627,0.015292841462592882,1098.0767710162536,337.9045717310506,1457.1500984324202,1.0980767710162538,0.3379045717310506,1.4571500984324202,0.5096390144313517,0.09564429033747893,1.1464466915329772
WbWb_4000_1000,WbWb,4000,1000,85,220,0.4,1.6,/eos/uscms/store/user/aji/rootfiles_existingOptimization/WbWb_4000_1000_pt220_ak4_ca16_th85.root,ok,,1000,1000,1.0,0.0,0.442,0.01570464899321217,0.253,0.603,0.386,0.386,0.614,0.015394934231752989,878.2064564220329,102.6259808286871,1020.229371363901,0.8782064564220329,0.1026259808286871,1.020229371363901,0.5224303373227811,0.2132560447946033,1.1486096916805777
WbWb_4000_1000,WbWb,4000,1000,85,320,0.8,1.6,/eos/uscms/store/user/aji/rootfiles_existingOptimization/WbWb_4000_1000_pt320_ak8_ca16_th85.root,ok,,1000,999,0.999,0.0009994998749374613,0.47847847847847846,0.01580463889882084,0.2847847847847848,0.5795795795795796,0.34534534534534533,0.345,0.6546546546546547,0.015043544995767759,974.3095835226718,182.09450430778386,1137.9273128290088,0.9743095835226718,0.18209450430778387,1.1379273128290088,0.49051801639133885,0.23770350559261857,1.1487417126937265
WbWb_4000_1000,WbWb,4000,1000,85,240,0.8,0.8,/eos/uscms/store/user/aji/rootfiles_existingOptimization/WbWb_4000_1000_pt240_ak8_ca8_th85.root,ok,,1000,1000,1.0,0.0,0.259,0.013853483316480371,0.1455,0.5755,0.414,0.414,0.5860000000000001,0.015575750383207866,1043.0306115379535,403.8443339448346,1570.040488744835,1.0430306115379535,0.4038443339448346,1.5700404887448351,0.5590421517353354,0.07434969138061531,1.1493452128891308
WbWb_4000_1000,WbWb,4000,1000,85,280,1.6,1.4,/eos/uscms/store/user/aji/rootfiles_existingOptimization/WbWb_4000_1000_pt280_ak16_ca14_th85.root,ok,,1000,1000,1.0,0.0,0.004,0.001995995991979944,0.002,0.4125,0.25,0.25,0.75,0.013693063937629153,1301.7788750031511,969.2086891174621,1932.08647417149,1.3017788750031511,0.969208689117462,1.9320864741714898,0.3698315449510183,0.07897282733373912,1.1500094324513335
WbWb_4000_1000,WbWb,4000,1000,85,280,0.8,1.2,/eos/uscms/store/user/aji/rootfiles_existingOptimization/WbWb_4000_1000_pt280_ak8_ca12_th85.root,ok,,1000,1000,1.0,0.0,0.371,0.015276092432294327,0.216,0.5865,0.386,0.386,0.614,0.015394934231752989,1010.7737762712322,210.10242241926667,1295.1777409242416,1.010773776271232,0.2101024224192667,1.2951777409242415,0.5367547833046494,0.12045958427484166,1.1518321609317725
WbWb_4000_1000,WbWb,4000,1000,85,320,1.0,1.6,/eos/uscms/store/user/aji/rootfiles_existingOptimization/WbWb_4000_1000_pt320_ak10_ca16_th85.root,ok,,1000,1000,1.0,0.0,0.328,0.014846413708367418,0.193,0.552,0.336,0.336,0.6639999999999999,0.014936666294725877,1060.0591258052068,274.66781915596584,1298.1914339427967,1.0600591258052066,0.2746678191559659,1.2981914339427967,0.4827672296153179,0.18966914216440722,1.1527731421958385
WbWb_4000_1000,WbWb,4000,1000,85,320,0.8,1.4,/eos/uscms/store/user/aji/rootfiles_existingOptimization/WbWb_4000_1000_pt320_ak8_ca14_th85.root,ok,,1000,999,0.999,0.0009994998749374613,0.47147147147147145,0.015793529010915058,0.28128128128128127,0.571071071071071,0.34534534534534533,0.345,0.6546546546546547,0.015043544995767759,979.9066843397121,183.82573766074142,1155.3344132716368,0.9799066843397122,0.18382573766074142,1.1553344132716368,0.4957148936408799,0.1998142259846145,1.1533788798615632
WbWb_4000_1000,WbWb,4000,1000,85,160,1.2,1.2,/eos/uscms/store/user/aji/rootfiles_existingOptimization/WbWb_4000_1000_pt160_ak12_ca12_th85.root,ok,,1000,1000,1.0,0.0,0.026,0.0050322956987840055,0.013,0.4205,0.296,0.296,0.704,0.014435511767859151,1319.6456611744168,1034.1752515510989,2136.2205972353763,1.3196456611744167,1.0341752515510987,2.1362205972353765,0.4175535062584581,0.06630392110527591,1.1535180723758998
WbWb_4000_1000,WbWb,4000,1000,85,360,1.0,0.8,/eos/uscms/store/user/aji/rootfiles_existingOptimization/WbWb_4000_1000_pt360_ak10_ca8_th85.root,ok,,1000,999,0.999,0.0009994998749374613,0.16816816816816818,0.011833328485518227,0.12362362362362363,0.515015015015015,0.33633633633633636,0.336,0.6636636636636637,0.01494783070679576,1057.5969113390693,352.47502606669013,1378.7256809189166,1.0575969113390693,0.3524750260666901,1.3787256809189166,0.4851804330408104,0.08197305718848782,1.155603787838381
WbWb_4000_1000,WbWb,4000,1000,85,180,0.4,1.0,/eos/uscms/store/user/aji/rootfiles_existingOptimization/WbWb_4000_1000_pt180_ak4_ca10_th85.root,ok,,1000,1000,1.0,0.0,0.29,0.01434921600645833,0.161,0.6,0.44,0.44,0.56,0.015697133496278867,926.7625485681343,295.28620175712393,1388.9459800009945,0.9267625485681343,0.29528620175712395,1.3889459800009945,0.590043145320015,0.08626596253753277,1.1573668904632015
WbWb_4000_1000,WbWb,4000,1000,85,320,1.0,1.4,/eos/uscms/store/user/aji/rootfiles_existingOptimization/WbWb_4000_1000_pt320_ak10_ca14_th85.root,ok,,1000,1000,1.0,0.0,0.313,0.014663935351739656,0.1855,0.545,0.336,0.336,0.6639999999999999,0.014936666294725877,1064.6232356915148,280.0865426032113,1320.6087620433552,1.0646232356915148,0.28008654260321125,1.320608762043355,0.4886809645687864,0.15405070324760534,1.1591432881379378
WbWb_4000_1000,WbWb,4000,1000,85,400,1.6,1.6,/eos/uscms/store/user/aji/rootfiles_existingOptimization/WbWb_4000_1000_pt400_ak16_ca16_th85.root,ok,,1000,1000,1.0,0.0,0.01,0.003146426544510455,0.0065,0.4595,0.25,0.25,0.75,0.013693063937629153,1191.7056332485647,668.6556647196327,1599.6511327912074,1.1917056332485647,0.6686556647196327,1.5996511327912073,0.390614696321314,0.14474287362001248,1.1597852596461704
WbWb_4000_1000,WbWb,4000,1000,85,240,0.8,1.0,/eos/uscms/store/user/aji/rootfiles_existingOptimization/WbWb_4000_1000_pt240_ak8_ca10_th85.root,ok,,1000,1000,1.0,0.0,0.266,0.013972973913952606,0.149,0.576,0.407,0.407,0.593,0.015535475531827148,1041.5627653869833,367.7602456981825,1544.885035482079,1.0415627653869834,0.3677602456981825,1.5448850354820791,0.5650762627572167,0.08165582765740881,1.162232539295915
WbWb_4000_1000,WbWb,4000,1000,85,280,0.6,1.2,/eos/uscms/store/user/aji/rootfiles_existingOptimization/WbWb_4000_1000_pt280_ak6_ca12_th85.root,ok,,1000,1000,1.0,0.0,0.451,0.01573527883451704,0.2655,0.5805,0.367,0.367,0.633,0.015241751867813621,937.1363021502847,135.69770813771356,1117.3681636510205,0.9371363021502848,0.13569770813771356,1.1173681636510204,0.5237607663158695,0.14952672820427465,1.163047136100841
WbWb_4000_1000,WbWb,4000,1000,85,380,1.6,1.6,/eos/uscms/store/user/aji/rootfiles_existingOptimization/WbWb_4000_1000_pt380_ak16_ca16_th85.root,ok,,1000,1000,1.0,0.0,0.009,0.002986469487538756,0.006,0.454,0.248,0.248,0.752,0.01365635383255721,1205.0656636161198,692.568526254342,1639.2254693613893,1.2050656636161197,0.692568526254342,1.6392254693613892,0.3927823070928565,0.1443143567419739,1.1652888734544684
WbWb_4000_1000,WbWb,4000,1000,85,260,1.6,1.4,/eos/uscms/store/user/aji/rootfiles_existingOptimization/WbWb_4000_1000_pt260_ak16_ca14_th85.root,ok,,1000,1000,1.0,0.0,0.004,0.001995995991979944,0.002,0.402,0.244,0.244,0.756,0.013581752464244074,1326.1525905487676,1009.8563923166028,2011.8611974878213,1.3261525905487677,1.0098563923166028,2.011861197487821,0.37778639212120535,0.07591259689001818,1.166401651176082
WbWb_4000_1000,WbWb,4000,1000,85,260,0.6,1.2,/eos/uscms/store/user/aji/rootfiles_existingOptimization/WbWb_4000_1000_pt260_ak6_ca12_th85.root,ok,,1000,1000,1.0,0.0,0.41,0.01555313473226539,0.239,0.5935,0.388,0.388,0.612,0.015409607392792329,946.1028128838138,142.873140239382,1182.4241575112856,0.9461028128838139,0.142873140239382,1.1824241575112855,0.5493858611958093,0.14181627730764074,1.166775579907428
WbWb_4000_1000,WbWb,4000,1000,85,300,0.8,1.2,/eos/uscms/store/user/aji/rootfiles_existingOptimization/WbWb_4000_1000_pt300_ak8_ca12_th85.root,ok,,1000,1000,1.0,0.0,0.412,0.015564575162849772,0.243,0.571,0.361,0.361,0.639,0.01518812035770062,1001.7162134705696,198.09501455152667,1255.8283109141394,1.0017162134705697,0.19809501455152667,1.2558283109141395,0.5279605551646035,0.13385702449653664,1.1671321765116605
WbWb_4000_1000,WbWb,4000,1000,85,240,1.4,1.4,/eos/uscms/store/user/aji/rootfiles_existingOptimization/WbWb_4000_1000_pt240_ak14_ca14_th85.root,ok,,1000,1000,1.0,0.0,0.013,0.003582038525755969,0.007,0.4235,0.241,0.241,0.759,0.013524755080961725,1259.5877053707309,900.535238783242,1865.5340139798245,1.2595877053707307,0.900535238783242,1.8655340139798244,0.38306136646219374,0.10582255687129757,1.1680201369992669
WbWb_4000_1000,WbWb,4000,1000,85,300,1.4,1.2,/eos/uscms/store/user/aji/rootfiles_existingOptimization/WbWb_4000_1000_pt300_ak14_ca12_th85.root,ok,,1000,1000,1.0,0.0,0.013,0.003582038525755969,0.008,0.431,0.271,0.271,0.729,0.014055568291606,1226.2955582574943,715.7608576435163,1737.5099397516685,1.2262955582574944,0.7157608576435163,1.7375099397516685,0.4165998462719735,0.08038598968784291,1.1682294020977229
WbWb_4000_1000,WbWb,4000,1000,85,360,1.6,1.6,/eos/uscms/store/user/aji/rootfiles_existingOptimization/WbWb_4000_1000_pt360_ak16_ca16_th85.root,ok,,1000,1000,1.0,0.0,0.007,0.0026364749192814255,0.0045,0.45,0.247,0.247,0.753,0.013637851736985557,1217.58715044734,719.0204803741162,1678.9458837095226,1.2175871504473401,0.7190204803741163,1.6789458837095226,0.3941916613454449,0.142593710022926,1.168950376390179
WbWb_4000_1000,WbWb,4000,1000,85,300,0.6,1.4,/eos/uscms/store/user/aji/rootfiles_existingOptimization/WbWb_4000_1000_pt300_ak6_ca14_th85.root,ok,,1000,999,0.999,0.0009994998749374613,0.5125125125125125,0.01581434572030046,0.3063063063063063,0.5775775775775776,0.34634634634634637,0.346,0.6536536536536537,0.015053809215304073,921.4769391224654,128.22585650381984,1062.5711468033783,0.9214769391224653,0.12822585650381982,1.0625711468033783,0.5069824596963587,0.21169045608563586,1.1694884194377657
WbWb_4000_1000,WbWb,4000,1000,85,260,1.4,1.4,/eos/uscms/store/user/aji/rootfiles_existingOptimization/WbWb_4000_1000_pt260_ak14_ca14_th85.root,ok,,1000,1000,1.0,0.0,0.017,0.004087909000944126,0.01,0.4255,0.24,0.24,0.76,0.013505554412907307,1236.171584691347,820.2225298401639,1780.977715306951,1.236171584691347,0.8202225298401639,1.780977715306951,0.38860106370535646,0.11293122158566465,1.1722182221744912
WbWb_4000_1000,WbWb,4000,1000,85,300,0.6,1.6,/eos/uscms/store/user/aji/rootfiles_existingOptimization/WbWb_4000_1000_pt300_ak6_ca16_th85.root,ok,,1000,999,0.999,0.0009994998749374613,0.5195195195195195,0.01580724065784228,0.3098098098098098,0.5785785785785785,0.34234234234234234,0.342,0.6576576576576576,0.015012309363129816,915.6522913133786,128.04426858891787,1053.6954349723615,0.9156522913133784,0.12804426858891788,1.0536954349723615,0.505459973815892,0.2537900243143702,1.1725524023422116
WbWb_4000_1000,WbWb,4000,1000,85,340,1.0,1.6,/eos/uscms/store/user/aji/rootfiles_existingOptimization/WbWb_4000_1000_pt340_ak10_ca16_th85.root,ok,,1000,1000,1.0,0.0,0.359,0.01516967369457893,0.2135,0.5365,0.314,0.314,0.6859999999999999,0.014676648118695223,1048.6791923045546,265.86333388400567,1276.7299898014503,1.0486791923045544,0.2658633338840057,1.2767299898014504,0.4819713518373461,0.23021057520075108,1.1728392710678015
WbWb_4000_1000,WbWb,4000,1000,85,340,0.6,0.4,/eos/uscms/store/user/aji/rootfiles_existingOptimization/WbWb_4000_1000_pt340_ak6_ca4_th85.root,ok,,1000,999,0.999,0.0009994998749374613,0.26626626626626626,0.013984423685683612,0.2157157157157157,0.527027027027027,0.33633633633633636,0.336,0.6636636636636637,0.01494783070679576,909.5936671180518,170.72665363757642,1079.565106949252,0.9095936671180518,0.17072665363757641,1.0795651069492518,0.49958486199185553,0.09028535950738042,1.1732891589437142
WbWb_4000_1000,WbWb,4000,1000,85,300,1.0,1.2,/eos/uscms/store/user/aji/rootfiles_existingOptimization/WbWb_4000_1000_pt300_ak10_ca12_th85.root,ok,,1000,1000,1.0,0.0,0.274,0.014104041973845655,0.1595,0.5385,0.349,0.349,0.651,0.01507312177354114,1084.3039804169634,301.08488375395973,1419.2256831762686,1.0843039804169634,0.3010848837539597,1.4192256831762686,0.515603013369154,0.11282985829995745,1.1750334114108503
WbWb_4000_1000,WbWb,4000,1000,85,320,1.4,1.2,/eos/uscms/store/user/aji/rootfiles_existingOptimization/WbWb_4000_1000_pt320_ak14_ca12_th85.root,ok,,1000,1000,1.0,0.0,0.016,0.003967870965643918,0.0105,0.441,0.275,0.275,0.725,0.014120021246442939,1192.3477628234104,647.2673584777135,1675.4563874614391,1.1923477628234105,0.6472673584777136,1.6754563874614392,0.4311615541379612,0.09137747841606167,1.1753963304203023
WbWb_4000_1000,WbWb,4000,1000,85,220,1.4,1.4,/eos/uscms/store/user/aji/rootfiles_existingOptimization/WbWb_4000_1000_pt220_ak14_ca14_th85.root,ok,,1000,1000,1.0,0.0,0.011,0.003298332912245215,0.0055,0.4145,0.233,0.233,0.767,0.013368283360252356,1288.4013184067023,965.3508042823845,1944.6847889502785,1.2884013184067022,0.9653508042823845,1.9446847889502785,0.38005781687610524,0.0996576899800907,1.1758979487167756
WbWb_4000_1000,WbWb,4000,1000,85,260,1.0,1.0,/eos/uscms/store/user/aji/rootfiles_existingOptimization/WbWb_4000_1000_pt260_ak10_ca10_th85.root,ok,,1000,1000,1.0,0.0,0.192,0.012455360291858283,0.108,0.529,0.369,0.369,0.631,0.015259062880793171,1128.2823766057854,438.87833514881515,1640.315748279599,1.1282823766057855,0.43887833514881514,1.640315748279599,0.5324187623780275,0.07352880014367982,1.176247000038606
WbWb_4000_1000,WbWb,4000,1000,85,340,1.6,1.6,/eos/uscms/store/user/aji/rootfiles_existingOptimization/WbWb_4000_1000_pt340_ak16_ca16_th85.root,ok,,1000,1000,1.0,0.0,0.007,0.0026364749192814255,0.004,0.4455,0.242,0.242,0.758,0.013543854695026818,1232.1699683156162,741.425631247998,1720.2233838778204,1.2321699683156162,0.7414256312479981,1.7202233838778205,0.3971845515630627,0.14153343525919948,1.1784015483946244
WbWb_4000_1000,WbWb,4000,1000,85,240,0.4,1.4,/eos/uscms/store/user/aji/rootfiles_existingOptimization/WbWb_4000_1000_pt240_ak4_ca14_th85.root,ok,,1000,1000,1.0,0.0,0.477,0.01579465099329517,0.2795,0.585,0.358,0.358,0.642,0.01516034300403523,870.9780741838201,98.72798796260818,1011.8416659158313,0.87097807418382,0.09872798796260819,1.0118416659158314,0.5241886707704368,0.22430477334816487,1.1790908633520547
WbWb_4000_1000,WbWb,4000,1000,85,240,1.4,1.6,/eos/uscms/store/user/aji/rootfiles_existingOptimization/WbWb_4000_1000_pt240_ak14_ca16_th85.root,ok,,1000,1000,1.0,0.0,0.015,0.003843826218756514,0.008,0.425,0.235,0.235,0.765,0.013408019988051927,1245.8996712265468,877.2232948284759,1849.3376672236689,1.2458996712265469,0.8772232948284759,1.8493376672236688,0.39012546308732005,0.12825725220899686,1.1797154302099748
WbWb_4000_1000,WbWb,4000,1000,85,340,1.0,1.4,/eos/uscms/store/user/aji/rootfiles_existingOptimization/WbWb_4000_1000_pt340_ak10_ca14_th85.root,ok,,1000,1000,1.0,0.0,0.344,0.015022117027902558,0.206,0.5295,0.314,0.314,0.6859999999999999,0.014676648118695223,1052.3401981586067,268.3999375535929,1297.7211267071093,1.0523401981586067,0.26839993755359287,1.2977211267071094,0.4890629432167616,0.18890238548380503,1.1802969630326223
WbWb_4000_1000,WbWb,4000,1000,85,340,0.8,1.6,/eos/uscms/store/user/aji/rootfiles_existingOptimization/WbWb_4000_1000_pt340_ak8_ca16_th85.root,ok,,1000,999,0.999,0.0009994998749374613,0.5245245245245245,0.015800259361565514,0.3183183183183183,0.5585585585585585,0.3173173173173173,0.317,0.6826826826826826,0.014725619896262008,958.1279928865505,174.84754550347267,1121.4944772941992,0.9581279928865505,0.17484754550347267,1.121494477294199,0.4940085973997925,0.2743400255595883,1.18187848079382
WbWb_4000_1000,WbWb,4000,1000,85,300,1.2,1.0,/eos/uscms/store/user/aji/rootfiles_existingOptimization/WbWb_4000_1000_pt300_ak12_ca10_th85.root,ok,,1000,1000,1.0,0.0,0.059,0.007451107300260815,0.038,0.443,0.294,0.294,0.706,0.014407081592050489,1192.4917814279675,568.4029176626202,1657.5115545717197,1.1924917814279676,0.5684029176626201,1.6575115545717196,0.4566524708476103,0.06430933421129692,1.181901648990407
WbWb_4000_1000,WbWb,4000,1000,85,320,1.6,1.6,/eos/uscms/store/user/aji/rootfiles_existingOptimization/WbWb_4000_1000_pt320_ak16_ca16_th85.root,ok,,1000,1000,1.0,0.0,0.006,0.002442130217658346,0.003,0.439,0.237,0.237,0.763,0.013447341744746431,1245.1667893596714,786.9006053470889,1769.2633114604293,1.2451667893596714,0.7869006053470888,1.7692633114604295,0.3944703289984637,0.14031555496211714,1.1819870079344308
WbWb_4000_1000,WbWb,4000,1000,85,240,0.4,1.6,/eos/uscms/store/user/aji/rootfiles_existingOptimization/WbWb_4000_1000_pt240_ak4_ca16_th85.root,ok,,1000,1000,1.0,0.0,0.489,0.015807561481771943,0.2855,0.5835,0.352,0.352,0.648,0.015102847413650183,865.6463940826026,97.52746128513589,998.7928125133185,0.8656463940826026,0.09752746128513588,0.9987928125133185,0.5205736183902946,0.2692216847308795,1.1820089789820343
WbWb_4000_1000,WbWb,4000,1000,85,200,1.4,1.2,/eos/uscms/store/user/aji/rootfiles_existingOptimization/WbWb_4000_1000_pt200_ak14_ca12_th85.root,ok,,1000,1000,1.0,0.0,0.002,0.0014127986409959489,0.001,0.366,0.252,0.252,0.748,0.013729384545565033,1374.552897274576,1039.6008555070975,2130.0944952434493,1.374552897274576,1.0396008555070977,2.1300944952434495,0.39667212585945266,0.04642608844220075,1.1821274155869101
WbWb_4000_1000,WbWb,4000,1000,85,200,0.4,1.2,/eos/uscms/store/user/aji/rootfiles_existingOptimization/WbWb_4000_1000_pt200_ak4_ca12_th85.root,ok,,1000,1000,1.0,0.0,0.346,0.015042739112276061,0.1965,0.6145,0.423,0.423,0.577,0.015622771841129857,905.0977692532977,118.56313693599577,1197.0899632761175,0.9050977692532975,0.11856313693599577,1.1970899632761176,0.5958068083793326,0.12331887002828568,1.182297031454003
WbWb_4000_1000,WbWb,4000,1000,85,280,1.2,1.6,/eos/uscms/store/user/aji/rootfiles_existingOptimization/WbWb_4000_1000_pt280_ak12_ca16_th85.root,ok,,1000,1000,1.0,0.0,0.099,0.009444522221901964,0.055,0.4825,0.278,0.278,0.722,0.01416742743055351,1157.6180163316653,490.96957844022734,1521.4908912421124,1.1576180163316654,0.49096957844022737,1.5214908912421123,0.44510421324793625,0.1414111189856244,1.1828660148811028
WbWb_4000_1000,WbWb,4000,1000,85,380,1.0,0.8,/eos/uscms/store/user/aji/rootfiles_existingOptimization/WbWb_4000_1000_pt380_ak10_ca8_th85.root,ok,,1000,999,0.999,0.0009994998749374613,0.1931931931931932,0.012491021131433437,0.14564564564564564,0.4924924924924925,0.3123123123123123,0.312,0.6876876876876876,0.014662480015695152,1034.4786281624226,318.0011623684899,1336.484123009074,1.0344786281624225,0.31800116236848985,1.3364841230090738,0.4922687298285456,0.09386353865960763,1.1844042803324752
WbWb_4000_1000,WbWb,4000,1000,85,220,1.4,1.6,/eos/uscms/store/user/aji/rootfiles_existingOptimization/WbWb_4000_1000_pt220_ak14_ca16_th85.root,ok,,1000,1000,1.0,0.0,0.012,0.003443254274665175,0.006,0.418,0.229,0.229,0.771,0.013287550564344055,1272.4258143252368,947.1256071182528,1929.9155223969003,1.2724258143252367,0.9471256071182528,1.9299155223969002,0.3861875105857616,0.1156167360065806,1.1844300920182853
WbWb_4000_1000,WbWb,4000,1000,85,220,0.6,0.6,/eos/uscms/store/user/aji/rootfiles_existingOptimization/WbWb_4000_1000_pt220_ak6_ca6_th85.root,ok,,1000,1000,1.0,0.0,0.295,0.01442133835675455,0.164,0.5905,0.432,0.432,0.5680000000000001,0.01566448211719749,979.6432402153501,263.7042405018847,1468.3760033431702,0.9796432402153501,0.2637042405018848,1.46837600334317,0.6148522816206379,0.07665085582206221,1.184887957599103
WbWb_4000_1000,WbWb,4000,1000,85,280,1.2,1.4,/eos/uscms/store/user/aji/rootfiles_existingOptimization/WbWb_4000_1000_pt280_ak12_ca14_th85.root,ok,,1000,1000,1.0,0.0,0.094,0.009228434320078352,0.0525,0.472,0.277,0.277,0.723,0.014151713677148785,1166.9891037987918,525.1994972018155,1564.4014577044497,1.1669891037987918,0.5251994972018156,1.5644014577044498,0.44524921317594823,0.1213990835862662,1.1849481235558272
WbWb_4000_1000,WbWb,4000,1000,85,340,0.8,1.4,/eos/uscms/store/user/aji/rootfiles_existingOptimization/WbWb_4000_1000_pt340_ak8_ca14_th85.root,ok,,1000,999,0.999,0.0009994998749374613,0.5185185185185185,0.015808446205852193,0.3153153153153153,0.5485485485485485,0.3153153153153153,0.315,0.6846846846846847,0.01470060117538859,964.3713115581808,176.26534940741186,1134.8670287739774,0.9643713115581807,0.17626534940741187,1.1348670287739773,0.49700860440244066,0.23770350559261857,1.1862561579313073
WbWb_4000_1000,WbWb,4000,1000,85,300,1.6,1.6,/eos/uscms/store/user/aji/rootfiles_existingOptimization/WbWb_4000_1000_pt300_ak16_ca16_th85.root,ok,,1000,1000,1.0,0.0,0.004,0.001995995991979944,0.002,0.428,0.234,0.234,0.766,0.013388203763014663,1261.3961920985016,816.8404405371826,1813.1905727811359,1.2613961920985017,0.8168404405371826,1.813190572781136,0.3949394086034108,0.13001202420746993,1.187079027813261
WbWb_4000_1000,WbWb,4000,1000,85,320,0.8,1.2,/eos/uscms/store/user/aji/rootfiles_existingOptimization/WbWb_4000_1000_pt320_ak8_ca12_th85.root,ok,,1000,999,0.999,0.0009994998749374613,0.4594594594594595,0.01576721502492825,0.2752752752752753,0.5480480480480481,0.33133133133133136,0.331,0.6686686686686687,0.014892033201091155,988.0327337634299,185.0713607459809,1208.2718057685952,0.9880327337634298,0.18507136074598093,1.2082718057685953,0.5177968350933224,0.16823973318575372,1.1886622303856482
WbWb_4000_1000,WbWb,4000,1000,85,340,1.4,1.2,/eos/uscms/store/user/aji/rootfiles_existingOptimization/WbWb_4000_1000_pt340_ak14_ca12_th85.root,ok,,1000,1000,1.0,0.0,0.016,0.003967870965643918,0.0105,0.4415,0.274,0.274,0.726,0.014104041973845655,1174.357175541637,616.7015365161419,1665.925314956454,1.1743571755416369,0.6167015365161418,1.6659253149564541,0.4467225986661125,0.09573405704082827,1.1901583162202762
WbWb_4000_1000,WbWb,4000,1000,85,300,0.6,1.2,/eos/uscms/store/user/aji/rootfiles_existingOptimization/WbWb_4000_1000_pt300_ak6_ca12_th85.root,ok,,1000,999,0.999,0.0009994998749374613,0.4994994994994995,0.015819292003713306,0.2997997997997998,0.5595595595595596,0.33433433433433435,0.334,0.6656656656656657,0.014925738336324816,926.0860273614857,129.21611510418379,1085.4911889742712,0.9260860273614857,0.1292161151041838,1.085491188974271,0.5162992668157479,0.18617080109231882,1.1903563297452648
WbWb_4000_1000,WbWb,4000,1000,85,220,0.4,1.2,/eos/uscms/store/user/aji/rootfiles_existingOptimization/WbWb_4000_1000_pt220_ak4_ca12_th85.root,ok,,1000,1000,1.0,0.0,0.41,0.01555313473226539,0.237,0.5935,0.39,0.39,0.61,0.01542400726140908,893.3301852619475,104.83845435875097,1127.9567077442498,0.8933301852619474,0.10483845435875097,1.12795670774425,0.5726428314327554,0.14605024088987467,1.1933098129065607
WbWb_4000_1000,WbWb,4000,1000,85,220,0.6,1.0,/eos/uscms/store/user/aji/rootfiles_existingOptimization/WbWb_4000_1000_pt220_ak6_ca10_th85.root,ok,,1000,1000,1.0,0.0,0.309,0.014612289348353324,0.171,0.5925,0.428,0.428,0.5720000000000001,0.015646597074124455,972.8133195244175,213.20003451407067,1420.6971538679566,0.9728133195244175,0.21320003451407066,1.4206971538679565,0.6206211896565104,0.08453753969195411,1.1953398577040688
WbWb_4000_1000,WbWb,4000,1000,85,220,0.6,0.8,/eos/uscms/store/user/aji/rootfiles_existingOptimization/WbWb_4000_1000_pt220_ak6_ca8_th85.root,ok,,1000,1000,1.0,0.0,0.302,0.014518815378673288,0.1675,0.588,0.428,0.428,0.5720000000000001,0.015646597074124455,979.1319804992966,244.75751591806946,1465.362139143746,0.9791319804992966,0.24475751591806946,1.4653621391437461,0.6233095474030191,0.07982920021511317,1.1973963493530895
WbWb_4000_1000,WbWb,4000,1000,85,360,1.4,1.2,/eos/uscms/store/user/aji/rootfiles_existingOptimization/WbWb_4000_1000_pt360_ak14_ca12_th85.root,ok,,1000,1000,1.0,0.0,0.016,0.003967870965643918,0.011,0.449,0.279,0.279,0.721,0.014183053267896867,1149.95100442478,574.381780744874,1635.664485609052,1.14995100442478,0.5743817807448741,1.635664485609052,0.46144692286044175,0.10440728326543602,1.1974420233029197
WbWb_4000_1000,WbWb,4000,1000,85,280,1.2,1.2,/eos/uscms/store/user/aji/rootfiles_existingOptimization/WbWb_4000_1000_pt280_ak12_ca12_th85.root,ok,,1000,1000,1.0,0.0,0.084,0.008771772910877254,0.048,0.4565,0.275,0.275,0.725,0.014120021246442939,1186.838001296611,543.6431683667361,1621.7999332720435,1.186838001296611,0.5436431683667361,1.6217999332720434,0.4542139549489609,0.10076558169622882,1.197897755078622
WbWb_4000_1000,WbWb,4000,1000,85,260,1.4,1.6,/eos/uscms/store/user/aji/rootfiles_existingOptimization/WbWb_4000_1000_pt260_ak14_ca16_th85.root,ok,,1000,1000,1.0,0.0,0.018,0.004204283529925164,0.0105,0.425,0.235,0.235,0.765,0.013408019988051927,1220.490807648106,759.0233724547545,1765.7322141279685,1.220490807648106,0.7590233724547545,1.7657322141279683,0.4124196738577444,0.1339266717472284,1.199468754622555
WbWb_4000_1000,WbWb,4000,1000,85,280,1.6,1.6,/eos/uscms/store/user/aji/rootfiles_existingOptimization/WbWb_4000_1000_pt280_ak16_ca16_th85.root,ok,,1000,1000,1.0,0.0,0.004,0.001995995991979944,0.002,0.4165,0.225,0.225,0.775,0.013205112646244256,1279.9728679311456,881.380687044314,1901.1253713079357,1.2799728679311455,0.8813806870443139,1.9011253713079357,0.3983462110067467,0.1295105101886267,1.2013434977998614
WbWb_4000_1000,WbWb,4000,1000,85,360,0.8,0.6,/eos/uscms/store/user/aji/rootfiles_existingOptimization/WbWb_4000_1000_pt360_ak8_ca6_th85.root,ok,,1000,999,0.999,0.0009994998749374613,0.25925925925925924,0.013864924517626444,0.2017017017017017,0.494994994994995,0.3063063063063063,0.306,0.6936936936936937,0.014584082023623062,967.8481747099864,248.6022682534627,1223.5568063826784,0.9678481747099865,0.2486022682534627,1.2235568063826785,0.503671218071656,0.08482626074716003,1.2015800942943509
WbWb_4000_1000,WbWb,4000,1000,85,240,0.4,1.2,/eos/uscms/store/user/aji/rootfiles_existingOptimization/WbWb_4000_1000_pt240_ak4_ca12_th85.root,ok,,1000,1000,1.0,0.0,0.467,0.015776913513105152,0.2745,0.5705,0.35,0.35,0.65,0.015083103128998356,880.4621139453906,99.32199768170864,1052.101788401377,0.8804621139453905,0.09932199768170863,1.0521017884013768,0.5410680230465675,0.1816848161130771,1.2030218116520284
WbWb_4000_1000,WbWb,4000,1000,85,380,1.4,1.2,/eos/uscms/store/user/aji/rootfiles_existingOptimization/WbWb_4000_1000_pt380_ak14_ca12_th85.root,ok,,1000,1000,1.0,0.0,0.021,0.004534203347888138,0.014,0.451,0.276,0.276,0.724,0.014135911714495106,1129.0835648131838,549.4830075449889,1603.797031676647,1.1290835648131838,0.5494830075449889,1.603797031676647,0.466889279495492,0.11575432608728842,1.2037976359768103
WbWb_4000_1000,WbWb,4000,1000,85,200,1.4,1.4,/eos/uscms/store/user/aji/rootfiles_existingOptimization/WbWb_4000_1000_pt200_ak14_ca14_th85.root,ok,,1000,1000,1.0,0.0,0.01,0.003146426544510455,0.005,0.3965,0.232,0.232,0.768,0.013348258313353095,1326.1944767412613,1002.5349232953811,2084.1949253253883,1.3261944767412612,1.002534923295381,2.084194925325388,0.40780595191735114,0.09534166122340026,1.2084253995914773
WbWb_4000_1000,WbWb,4000,1000,85,240,1.6,1.4,/eos/uscms/store/user/aji/rootfiles_existingOptimization/WbWb_4000_1000_pt240_ak16_ca14_th85.root,ok,,1000,1000,1.0,0.0,0.004,0.001995995991979944,0.002,0.3925,0.24,0.24,0.76,0.013505554412907307,1349.3546432348548,1036.331672831912,2154.123969084267,1.349354643234855,1.036331672831912,2.1541239690842673,0.4141951494577558,0.07299751833874638,1.2091306137812414
WbWb_4000_1000,WbWb,4000,1000,85,200,1.4,1.6,/eos/uscms/store/user/aji/rootfiles_existingOptimization/WbWb_4000_1000_pt200_ak14_ca16_th85.root,ok,,1000,1000,1.0,0.0,0.011,0.003298332912245215,0.0055,0.4035,0.229,0.229,0.771,0.013287550564344055,1307.3682048801973,994.0231763086439,2059.487412759414,1.3073682048801973,0.9940231763086439,2.059487412759414,0.40748437680890576,0.1154073733742883,1.2092211972969256
WbWb_4000_1000,WbWb,4000,1000,85,360,1.0,1.6,/eos/uscms/store/user/aji/rootfiles_existingOptimization/WbWb_4000_1000_pt360_ak10_ca16_th85.root,ok,,1000,999,0.999,0.0009994998749374613,0.3963963963963964,0.015475974900453505,0.23823823823823823,0.5125125125125125,0.2822822822822823,0.282,0.7177177177177176,0.014240849595054967,1031.8234092761456,253.52051680847828,1259.7930658435919,1.0318234092761456,0.2535205168084783,1.2597930658435919,0.4876185886018244,0.29168216625901394,1.2095186472471564
WbWb_4000_1000,WbWb,4000,1000,85,260,0.4,1.4,/eos/uscms/store/user/aji/rootfiles_existingOptimization/WbWb_4000_1000_pt260_ak4_ca14_th85.root,ok,,1000,1000,1.0,0.0,0.528,0.015786576576319513,0.315,0.5625,0.33,0.33,0.6699999999999999,0.014869431730903505,860.7360269864554,94.59892061489029,999.4506596273371,0.8607360269864553,0.0945989206148903,0.9994506596273371,0.5256267372590677,0.27285828620515373,1.209553134560422
WbWb_4000_1000,WbWb,4000,1000,85,320,0.6,1.6,/eos/uscms/store/user/aji/rootfiles_existingOptimization/WbWb_4000_1000_pt320_ak6_ca16_th85.root,ok,,1000,999,0.999,0.0009994998749374613,0.5675675675675675,0.015674192295525767,0.34984984984984985,0.5505505505505506,0.3123123123123123,0.312,0.6876876876876876,0.014662480015695152,895.2981317860617,123.17932627295154,1039.4399736397775,0.8952981317860617,0.12317932627295153,1.0394399736397772,0.5117070028611281,0.27941737013285484,1.2108648773702098
WbWb_4000_1000,WbWb,4000,1000,85,320,0.6,1.4,/eos/uscms/store/user/aji/rootfiles_existingOptimization/WbWb_4000_1000_pt320_ak6_ca14_th85.root,ok,,1000,999,0.999,0.0009994998749374613,0.5625625625625625,0.015694975566200448,0.34734734734734735,0.5470470470470471,0.3123123123123123,0.312,0.6876876876876876,0.014662480015695152,902.2941296768477,123.6399218298102,1049.8239746168983,0.9022941296768476,0.1236399218298102,1.0498239746168985,0.5132384343001304,0.248307251042833,1.2116967090201332
WbWb_4000_1000,WbWb,4000,1000,85,280,1.4,1.4,/eos/uscms/store/user/aji/rootfiles_existingOptimization/WbWb_4000_1000_pt280_ak14_ca14_th85.root,ok,,1000,1000,1.0,0.0,0.023,0.004740358636221525,0.013,0.429,0.237,0.237,0.763,0.013447341744746431,1209.2664649824374,710.1842467065816,1746.561167774984,1.2092664649824374,0.7101842467065816,1.746561167774984,0.4285147033674889,0.12850389328821957,1.2124413498657327
WbWb_4000_1000,WbWb,4000,1000,85,340,0.8,1.2,/eos/uscms/store/user/aji/rootfiles_existingOptimization/WbWb_4000_1000_pt340_ak8_ca12_th85.root,ok,,1000,999,0.999,0.0009994998749374613,0.5075075075075075,0.015817516592758388,0.3098098098098098,0.5295295295295295,0.3033033033033033,0.303,0.6966966966966968,0.014543793571143937,971.4231487429038,176.7228587989838,1172.9353134061325,0.9714231487429037,0.17672285879898378,1.1729353134061324,0.5127592727722848,0.19987620214294277,1.2133136545946912
WbWb_4000_1000,WbWb,4000,1000,85,320,1.2,1.0,/eos/uscms/store/user/aji/rootfiles_existingOptimization/WbWb_4000_1000_pt320_ak12_ca10_th85.root,ok,,1000,1000,1.0,0.0,0.067,0.007906389820898032,0.045,0.4345,0.274,0.274,0.726,0.014104041973845655,1170.9294651290834,515.7684826715704,1621.3403087817499,1.1709294651290834,0.5157684826715705,1.6213403087817497,0.47209155591122687,0.07736072698273455,1.2151845024241352
WbWb_4000_1000,WbWb,4000,1000,85,400,1.0,0.8,/eos/uscms/store/user/aji/rootfiles_existingOptimization/WbWb_4000_1000_pt400_ak10_ca8_th85.root,ok,,1000,999,0.999,0.0009994998749374613,0.22322322322322322,0.01317452784812721,0.17367367367367367,0.464964964964965,0.2902902902902903,0.29,0.7097097097097097,0.014360642942402978,1017.6513084509622,290.3645936168714,1314.7097699262808,1.0176513084509624,0.2903645936168714,1.3147097699262809,0.5032888808783809,0.08621423645886887,1.215763721433187
WbWb_4000_1000,WbWb,4000,1000,85,260,0.8,1.0,/eos/uscms/store/user/aji/rootfiles_existingOptimization/WbWb_4000_1000_pt260_ak8_ca10_th85.root,ok,,1000,1000,1.0,0.0,0.317,0.014714312760030624,0.1825,0.5655,0.384,0.384,0.616,0.015379986996093333,1028.5753418071208,242.22668939924077,1470.909511067222,1.0285753418071208,0.24222668939924077,1.470909511067222,0.5972740992941208,0.0897736797708035,1.2161316334748329
WbWb_4000_1000,WbWb,4000,1000,85,320,1.0,1.2,/eos/uscms/store/user/aji/rootfiles_existingOptimization/WbWb_4000_1000_pt320_ak10_ca12_th85.root,ok,,1000,1000,1.0,0.0,0.302,0.014518815378673288,0.18,0.5145,0.314,0.314,0.6859999999999999,0.014676648118695223,1075.2374422514924,283.76606490057196,1408.685387190638,1.0752374422514923,0.28376606490057193,1.408685387190638,0.5231027483262406,0.13096664482076514,1.2166264925513897
WbWb_4000_1000,WbWb,4000,1000,85,280,1.4,1.6,/eos/uscms/store/user/aji/rootfiles_existingOptimization/WbWb_4000_1000_pt280_ak14_ca16_th85.root,ok,,1000,1000,1.0,0.0,0.024,0.004839834707921336,0.0135,0.43,0.234,0.234,0.766,0.013388203763014663,1199.4202028346513,679.7539165983358,1714.334291575584,1.1994202028346512,0.6797539165983357,1.7143342915755841,0.4312835370507232,0.14610142861253994,1.2172255573341884
WbWb_4000_1000,WbWb,4000,1000,85,360,1.0,1.4,/eos/uscms/store/user/aji/rootfiles_existingOptimization/WbWb_4000_1000_pt360_ak10_ca14_th85.root,ok,,1000,999,0.999,0.0009994998749374613,0.3833833833833834,0.015383016671993302,0.23173173173173173,0.5035035035035035,0.28128128128128127,0.281,0.7187187187187187,0.014225487217266429,1035.2972334554454,255.56228522699092,1278.4362914292378,1.0352972334554453,0.2555622852269909,1.278436291429238,0.4940001639858854,0.26211899229729746,1.2172486060501488
WbWb_4000_1000,WbWb,4000,1000,85,400,1.4,1.2,/eos/uscms/store/user/aji/rootfiles_existingOptimization/WbWb_4000_1000_pt400_ak14_ca12_th85.root,ok,,1000,999,0.999,0.0009994998749374613,0.023023023023023025,0.004745047830403524,0.015015015015015015,0.44494494494494496,0.2702702702702703,0.27,0.7297297297297297,0.014050682294865847,1117.6208857740098,528.6618524865602,1590.5615178357195,1.1176208857740098,0.5286618524865602,1.5905615178357198,0.4750715018240464,0.11797370081061596,1.2175633201311773
WbWb_4000_1000,WbWb,4000,1000,85,260,0.4,1.6,/eos/uscms/store/user/aji/rootfiles_existingOptimization/WbWb_4000_1000_pt260_ak4_ca16_th85.root,ok,,1000,1000,1.0,0.0,0.537,0.015768037290671277,0.3195,0.5625,0.325,0.325,0.675,0.014811313243598623,852.2032101218763,94.03566698888041,993.6420296185228,0.8522032101218762,0.09403566698888041,0.9936420296185228,0.5278121180164218,0.32104320495344063,1.2175917970042343
WbWb_4000_1000,WbWb,4000,1000,85,280,1.0,1.0,/eos/uscms/store/user/aji/rootfiles_existingOptimization/WbWb_4000_1000_pt280_ak10_ca10_th85.root,ok,,1000,1000,1.0,0.0,0.228,0.013267102170406317,0.1305,0.515,0.347,0.347,0.653,0.01505293991218991,1114.126293113481,347.5131781467883,1580.3400921919103,1.1141262931134812,0.3475131781467883,1.5803400921919102,0.5532707205930515,0.08158033304665432,1.2176833499043997
WbWb_4000_1000,WbWb,4000,1000,85,300,1.2,1.6,/eos/uscms/store/user/aji/rootfiles_existingOptimization/WbWb_4000_1000_pt300_ak12_ca16_th85.root,ok,,1000,1000,1.0,0.0,0.114,0.010050074626588601,0.065,0.465,0.258,0.258,0.742,0.013836039895866157,1140.0697649033182,433.2471369643162,1490.5200146028217,1.140069764903318,0.4332471369643162,1.4905200146028217,0.46368779796917337,0.16628720127880897,1.219694774459505
WbWb_4000_1000,WbWb,4000,1000,85,260,1.6,1.6,/eos/uscms/store/user/aji/rootfiles_existingOptimization/WbWb_4000_1000_pt260_ak16_ca16_th85.root,ok,,1000,1000,1.0,0.0,0.004,0.001995995991979944,0.002,0.408,0.219,0.219,0.781,0.013078187947877183,1299.4461274776058,931.0986929354904,2001.775676756093,1.299446127477606,0.9310986929354903,2.0017756767560932,0.41197436399265214,0.12579892066898754,1.2229189767404127
WbWb_4000_1000,WbWb,4000,1000,85,380,0.8,0.6,/eos/uscms/store/user/aji/rootfiles_existingOptimization/WbWb_4000_1000_pt380_ak8_ca6_th85.root,ok,,1000,999,0.999,0.0009994998749374613,0.2872872872872873,0.01431636336890446,0.23173173173173173,0.47597597597597596,0.2882882882882883,0.288,0.7117117117117118,0.014331208415857883,950.2347092691211,214.18423654198835,1177.0055080767834,0.950234709269121,0.21418423654198837,1.1770055080767832,0.5066228701934887,0.08032808454185672,1.2243111109782885
WbWb_4000_1000,WbWb,4000,1000,85,360,0.6,0.4,/eos/uscms/store/user/aji/rootfiles_existingOptimization/WbWb_4000_1000_pt360_ak6_ca4_th85.root,ok,,1000,999,0.999,0.0009994998749374613,0.2982982982982983,0.014475011208289888,0.25075075075075076,0.4984984984984985,0.3083083083083083,0.308,0.6916916916916918,0.014610536030532105,882.5607817523808,143.18479776801416,1061.0100584489094,0.8825607817523807,0.14318479776801415,1.0610100584489095,0.5199784987377837,0.09669799241980369,1.2244141122542374
WbWb_4000_1000,WbWb,4000,1000,85,260,0.8,0.8,/eos/uscms/store/user/aji/rootfiles_existingOptimization/WbWb_4000_1000_pt260_ak8_ca8_th85.root,ok,,1000,1000,1.0,0.0,0.309,0.014612289348353324,0.1785,0.566,0.391,0.391,0.609,0.015431104950715617,1029.662256632225,252.43617357129924,1515.4154832575691,1.029662256632225,0.2524361735712992,1.515415483257569,0.6132978564336077,0.08386886075223049,1.2252640820968301
WbWb_4000_1000,WbWb,4000,1000,85,300,1.2,1.4,/eos/uscms/store/user/aji/rootfiles_existingOptimization/WbWb_4000_1000_pt300_ak12_ca14_th85.root,ok,,1000,1000,1.0,0.0,0.109,0.00985489725973843,0.0625,0.457,0.259,0.259,0.741,0.013853483316480371,1145.0281097252073,445.5327159162609,1526.5896342821825,1.1450281097252075,0.44553271591626087,1.5265896342821823,0.4720656677264288,0.14122398836315297,1.2275684786989496
WbWb_4000_1000,WbWb,4000,1000,85,320,0.6,1.2,/eos/uscms/store/user/aji/rootfiles_existingOptimization/WbWb_4000_1000_pt320_ak6_ca12_th85.root,ok,,1000,999,0.999,0.0009994998749374613,0.5505505505505506,0.01573824431673398,0.34134134134134136,0.5295295295295295,0.3003003003003003,0.3,0.6996996996996997,0.014502770780100949,909.6878923708282,123.76264299006976,1066.5153857345324,0.9096878923708283,0.12376264299006977,1.0665153857345324,0.5181737333490615,0.2104251628033611,1.2279046438116783
WbWb_4000_1000,WbWb,4000,1000,85,360,0.8,1.6,/eos/uscms/store/user/aji/rootfiles_existingOptimization/WbWb_4000_1000_pt360_ak8_ca16_th85.root,ok,,1000,999,0.999,0.0009994998749374613,0.5695695695695696,0.01566542308622321,0.35985985985985985,0.521021021021021,0.2862862862862863,0.286,0.7137137137137137,0.014301432779628866,933.839971174116,165.02972684011183,1111.809402881536,0.9338399711741161,0.16502972684011183,1.1118094028815362,0.5069282239284741,0.2900190068905529,1.228257940524776
WbWb_4000_1000,WbWb,4000,1000,85,260,0.4,1.2,/eos/uscms/store/user/aji/rootfiles_existingOptimization/WbWb_4000_1000_pt260_ak4_ca12_th85.root,ok,,1000,1000,1.0,0.0,0.519,0.01579996835439869,0.3105,0.5485,0.321,0.321,0.679,0.0147634345597493,867.8262359491397,94.84763167526661,1025.4400451095817,0.8678262359491397,0.09484763167526661,1.0254400451095815,0.5361628716009766,0.22347258178398333,1.2283802480060628
WbWb_4000_1000,WbWb,4000,1000,85,340,1.0,1.2,/eos/uscms/store/user/aji/rootfiles_existingOptimization/WbWb_4000_1000_pt340_ak10_ca12_th85.root,ok,,1000,1000,1.0,0.0,0.334,0.014914556647785411,0.201,0.5005,0.293,0.293,0.7070000000000001,0.014392741226048635,1061.3458651620222,272.01223568642047,1367.369397823573,1.0613458651620222,0.2720122356864205,1.367369397823573,0.5160227208168084,0.16133107939675947,1.2291573073330109
WbWb_4000_1000,WbWb,4000,1000,85,360,0.8,1.4,/eos/uscms/store/user/aji/rootfiles_existingOptimization/WbWb_4000_1000_pt360_ak8_ca14_th85.root,ok,,1000,999,0.999,0.0009994998749374613,0.5625625625625625,0.015694975566200448,0.3563563563563564,0.511011011011011,0.2832832832832833,0.283,0.7167167167167168,0.014256125062488884,939.9616760325111,165.87321846441378,1122.7486498882947,0.9399616760325111,0.16587321846441377,1.1227486498882948,0.5089970452108011,0.25353787192411914,1.2327175943242668
WbWb_4000_1000,WbWb,4000,1000,85,300,1.4,1.4,/eos/uscms/store/user/aji/rootfiles_existingOptimization/WbWb_4000_1000_pt300_ak14_ca14_th85.root,ok,,1000,1000,1.0,0.0,0.027,0.00512552436341883,0.0155,0.432,0.239,0.239,0.761,0.01348625225924534,1191.6215007376923,619.4873356231883,1705.6459481376771,1.1916215007376922,0.6194873356231883,1.7056459481376771,0.45574815989896333,0.1374218026258403,1.2359103099727324
WbWb_4000_1000,WbWb,4000,1000,85,340,1.2,1.0,/eos/uscms/store/user/aji/rootfiles_existingOptimization/WbWb_4000_1000_pt340_ak12_ca10_th85.root,ok,,1000,1000,1.0,0.0,0.074,0.00827792244467173,0.052,0.4245,0.262,0.262,0.738,0.013905250806799567,1156.893443949844,483.2042190283481,1599.5065635596236,1.156893443949844,0.48320421902834815,1.5995065635596237,0.4824568547644358,0.08178576209540955,1.2361461991594203
WbWb_4000_1000,WbWb,4000,1000,85,240,0.6,1.0,/eos/uscms/store/user/aji/rootfiles_existingOptimization/WbWb_4000_1000_pt240_ak6_ca10_th85.root,ok,,1000,1000,1.0,0.0,0.36,0.015178932768808221,0.205,0.575,0.398,0.398,0.602,0.015478888849009803,965.760056228455,156.74846165814458,1376.9053719586666,0.9657600562284551,0.15674846165814457,1.3769053719586666,0.6317081051506485,0.09357775546979186,1.2371320995278028
WbWb_4000_1000,WbWb,4000,1000,85,200,0.4,0.4,/eos/uscms/store/user/aji/rootfiles_existingOptimization/WbWb_4000_1000_pt200_ak4_ca4_th85.root,ok,,1000,1000,1.0,0.0,0.314,0.01467664811869522,0.1805,0.59,0.43,0.43,0.5700000000000001,0.015655669899432602,921.8837107664042,167.69792739344933,1384.2834512803038,0.9218837107664042,0.16769792739344933,1.3842834512803037,0.6598367612306822,0.08287528393105192,1.237648390154042
WbWb_4000_1000,WbWb,4000,1000,85,300,1.4,1.6,/eos/uscms/store/user/aji/rootfiles_existingOptimization/WbWb_4000_1000_pt300_ak14_ca16_th85.root,ok,,1000,1000,1.0,0.0,0.028,0.005216895628628198,0.016,0.431,0.236,0.236,0.764,0.013427732496590778,1183.0979004427993,599.6022818036948,1680.164845655325,1.1830979004427993,0.5996022818036948,1.680164845655325,0.45666658838934926,0.1558418242982429,1.2389763784336292
WbWb_4000_1000,WbWb,4000,1000,85,300,1.2,1.2,/eos/uscms/store/user/aji/rootfiles_existingOptimization/WbWb_4000_1000_pt300_ak12_ca12_th85.root,ok,,1000,1000,1.0,0.0,0.098,0.009401914698613257,0.0575,0.4405,0.256,0.256,0.744,0.013800869537822608,1159.7586675257185,458.56262431280305,1590.6953855874633,1.1597586675257183,0.45856262431280304,1.5906953855874633,0.48808980392877915,0.11722931000202147,1.2480656706813509
WbWb_4000_1000,WbWb,4000,1000,85,320,1.4,1.4,/eos/uscms/store/user/aji/rootfiles_existingOptimization/WbWb_4000_1000_pt320_ak14_ca14_th85.root,ok,,1000,1000,1.0,0.0,0.031,0.0054807846153630225,0.0185,0.434,0.241,0.241,0.759,0.013524755080961725,1163.9826274857949,558.7106190561835,1661.4831095581112,1.1639826274857947,0.5587106190561835,1.6614831095581113,0.4737065934067758,0.14556376839008606,1.2491048561553553
WbWb_4000_1000,WbWb,4000,1000,85,320,1.4,1.6,/eos/uscms/store/user/aji/rootfiles_existingOptimization/WbWb_4000_1000_pt320_ak14_ca16_th85.root,ok,,1000,1000,1.0,0.0,0.032,0.005565608681896348,0.019,0.432,0.238,0.238,0.762,0.01346684818359515,1158.959195255196,544.8778852176174,1637.5650190110136,1.1589591952551959,0.5448778852176175,1.6375650190110136,0.4714088029444354,0.16795425806152556,1.249304722469955
WbWb_4000_1000,WbWb,4000,1000,85,280,0.8,1.0,/eos/uscms/store/user/aji/rootfiles_existingOptimization/WbWb_4000_1000_pt280_ak8_ca10_th85.root,ok,,1000,1000,1.0,0.0,0.365,0.015224158433227107,0.213,0.5485,0.355,0.355,0.645,0.015131919904625453,1021.6079539971736,210.7139654256283,1441.5191584403578,1.0216079539971736,0.21071396542562829,1.441519158440358,0.6023862618722988,0.10330846844253251,1.2495470572720162
WbWb_4000_1000,WbWb,4000,1000,85,380,1.0,1.6,/eos/uscms/store/user/aji/rootfiles_existingOptimization/WbWb_4000_1000_pt380_ak10_ca16_th85.root,ok,,1000,999,0.999,0.0009994998749374613,0.43043043043043044,0.01566542308622321,0.26576576576576577,0.4824824824824825,0.25225225225225223,0.252,0.7477477477477478,0.013740810141664414,1003.6733678193364,237.61346849518642,1242.2533941643176,1.0036733678193364,0.23761346849518644,1.2422533941643177,0.5004815101609674,0.3186076043830802,1.2495965946906487
WbWb_4000_1000,WbWb,4000,1000,85,220,1.6,1.4,/eos/uscms/store/user/aji/rootfiles_existingOptimization/WbWb_4000_1000_pt220_ak16_ca14_th85.root,ok,,1000,1000,1.0,0.0,0.003,0.001729450779872038,0.0015,0.3685,0.23,0.23,0.77,0.013307892395116514,1393.422394438081,1063.3725212595714,2290.7695438676806,1.393422394438081,1.0633725212595713,2.2907695438676807,0.440425325266527,0.06892874322596826,1.2497675647103352
WbWb_4000_1000,WbWb,4000,1000,85,320,1.2,1.6,/eos/uscms/store/user/aji/rootfiles_existingOptimization/WbWb_4000_1000_pt320_ak12_ca16_th85.root,ok,,1000,1000,1.0,0.0,0.129,0.010599952830083727,0.076,0.4505,0.238,0.238,0.762,0.01346684818359515,1124.7156326324437,397.661477176029,1467.3360960242146,1.1247156326324437,0.397661477176029,1.4673360960242146,0.4755311421895007,0.19073590417083489,1.2500027054527452
WbWb_4000_1000,WbWb,4000,1000,85,240,0.6,0.6,/eos/uscms/store/user/aji/rootfiles_existingOptimization/WbWb_4000_1000_pt240_ak6_ca6_th85.root,ok,,1000,1000,1.0,0.0,0.347,0.01505293991218991,0.1985,0.575,0.402,0.402,0.598,0.015504708962118573,969.9481189416437,167.53466530670391,1430.595668895453,0.9699481189416437,0.1675346653067039,1.4305956688954529,0.6510971973258397,0.08431516731855615,1.2521023854316753
WbWb_4000_1000,WbWb,4000,1000,85,360,0.8,1.2,/eos/uscms/store/user/aji/rootfiles_existingOptimization/WbWb_4000_1000_pt360_ak8_ca12_th85.root,ok,,1000,999,0.999,0.0009994998749374613,0.5535535535535535,0.01572829921822715,0.35185185185185186,0.493993993993994,0.2722722722722723,0.272,0.7277277277277276,0.014083267392349346,946.3499228011385,166.61576152749245,1149.5670206274906,0.9463499228011385,0.16661576152749244,1.1495670206274906,0.5193381620355195,0.21885400812121428,1.2534308974831334
WbWb_4000_1000,WbWb,4000,1000,85,340,1.4,1.4,/eos/uscms/store/user/aji/rootfiles_existingOptimization/WbWb_4000_1000_pt340_ak14_ca14_th85.root,ok,,1000,1000,1.0,0.0,0.032,0.005565608681896348,0.019,0.4325,0.241,0.241,0.759,0.013524755080961725,1148.2102812842422,535.2255629107757,1636.7646521672661,1.1482102812842423,0.5352255629107757,1.6367646521672663,0.4796765484561106,0.15275985600990272,1.2534975765845349
WbWb_4000_1000,WbWb,4000,1000,85,300,1.0,1.0,/eos/uscms/store/user/aji/rootfiles_existingOptimization/WbWb_4000_1000_pt300_ak10_ca10_th85.root,ok,,1000,1000,1.0,0.0,0.263,0.013922320208930694,0.1535,0.501,0.323,0.323,0.677,0.014787528529135624,1097.0530132325803,305.01458233291766,1548.7676905994826,1.0970530132325802,0.30501458233291767,1.5487676905994827,0.5668609872378536,0.09440714120615337,1.2535662885611116
WbWb_4000_1000,WbWb,4000,1000,85,260,0.6,1.0,/eos/uscms/store/user/aji/rootfiles_existingOptimization/WbWb_4000_1000_pt260_ak6_ca10_th85.root,ok,,1000,1000,1.0,0.0,0.407,0.015535475531827147,0.2375,0.559,0.367,0.367,0.633,0.015241751867813621,957.6988950289235,143.80598892446045,1325.9902073091962,0.9576988950289236,0.14380598892446048,1.3259902073091963,0.6172003666919927,0.110408338737076,1.2544304771891004
WbWb_4000_1000,WbWb,4000,1000,85,340,0.6,1.4,/eos/uscms/store/user/aji/rootfiles_existingOptimization/WbWb_4000_1000_pt340_ak6_ca14_th85.root,ok,,1000,999,0.999,0.0009994998749374613,0.6076076076076076,0.015448600650124081,0.3863863863863864,0.5165165165165165,0.28128128128128127,0.281,0.7187187187187187,0.014225487217266429,873.2667699799201,120.04434831419111,1034.0003881928808,0.8732667699799201,0.12004434831419111,1.0340003881928808,0.5232971591829294,0.27999284405147706,1.2556892009036562
WbWb_4000_1000,WbWb,4000,1000,85,340,0.6,1.6,/eos/uscms/store/user/aji/rootfiles_existingOptimization/WbWb_4000_1000_pt340_ak6_ca16_th85.root,ok,,1000,999,0.999,0.0009994998749374613,0.6136136136136137,0.015405494996193217,0.3893893893893894,0.521021021021021,0.2832832832832833,0.283,0.7167167167167168,0.014256125062488884,865.8638562175657,119.68932579956645,1029.0696428084188,0.8658638562175658,0.11968932579956644,1.0290696428084187,0.5251289278786757,0.3178430269156805,1.2562592589736359
WbWb_4000_1000,WbWb,4000,1000,85,280,0.4,1.4,/eos/uscms/store/user/aji/rootfiles_existingOptimization/WbWb_4000_1000_pt280_ak4_ca14_th85.root,ok,,1000,1000,1.0,0.0,0.575,0.015632498200863484,0.352,0.5355,0.297,0.297,0.7030000000000001,0.014449602070645405,835.3363763894838,92.0258841428094,989.0244757714976,0.8353363763894839,0.0920258841428094,0.9890244757714975,0.5369086136926794,0.3339727603687397,1.256374976053731
WbWb_4000_1000,WbWb,4000,1000,85,280,0.6,1.0,/eos/uscms/store/user/aji/rootfiles_existingOptimization/WbWb_4000_1000_pt280_ak6_ca10_th85.root,ok,,1000,1000,1.0,0.0,0.447,0.015722308990730335,0.2635,0.5475,0.346,0.346,0.654,0.015042739112276061,948.0496137289838,136.17621244132195,1268.936974618761,0.9480496137289838,0.13617621244132194,1.268936974618761,0.5974163934954454,0.12669292265173132,1.256611432122547
WbWb_4000_1000,WbWb,4000,1000,85,280,0.8,0.8,/eos/uscms/store/user/aji/rootfiles_existingOptimization/WbWb_4000_1000_pt280_ak8_ca8_th85.root,ok,,1000,1000,1.0,0.0,0.356,0.015141466243399283,0.2085,0.547,0.359,0.359,0.641,0.01516967369457893,1022.3904755437886,217.23102136506503,1471.6409403226821,1.0223904755437885,0.21723102136506503,1.471640940322682,0.6134690947166845,0.09454309610862816,1.2567081422710635
WbWb_4000_1000,WbWb,4000,1000,85,240,0.6,0.8,/eos/uscms/store/user/aji/rootfiles_existingOptimization/WbWb_4000_1000_pt240_ak6_ca8_th85.root,ok,,1000,1000,1.0,0.0,0.356,0.015141466243399283,0.203,0.572,0.398,0.398,0.602,0.015478888849009803,969.8925048844671,157.46600619515263,1424.9384089725065,0.9698925048844671,0.15746600619515264,1.4249384089725063,0.6534087006520037,0.08630271899156292,1.258419450163557
WbWb_4000_1000,WbWb,4000,1000,85,320,1.2,1.4,/eos/uscms/store/user/aji/rootfiles_existingOptimization/WbWb_4000_1000_pt320_ak12_ca14_th85.root,ok,,1000,1000,1.0,0.0,0.123,0.010386096475577337,0.073,0.442,0.237,0.237,0.763,0.013447341744746431,1129.5871247200635,404.34872658725124,1494.5048128924384,1.1295871247200635,0.40434872658725124,1.4945048128924383,0.48254626068589074,0.1684343898949955,1.258504973157897
WbWb_4000_1000,WbWb,4000,1000,85,380,1.0,1.4,/eos/uscms/store/user/aji/rootfiles_existingOptimization/WbWb_4000_1000_pt380_ak10_ca14_th85.root,ok,,1000,999,0.999,0.0009994998749374613,0.4194194194194194,0.015612511667052499,0.2602602602602603,0.47147147147147145,0.2502502502502503,0.25,0.7497497497497497,0.013704483769019274,1006.5908596934328,238.9047617749746,1259.7930658435919,1.0065908596934328,0.2389047617749746,1.2597930658435919,0.5071019144657934,0.301796897463516,1.2585107501848865
WbWb_4000_1000,WbWb,4000,1000,85,340,1.4,1.6,/eos/uscms/store/user/aji/rootfiles_existingOptimization/WbWb_4000_1000_pt340_ak14_ca16_th85.root,ok,,1000,1000,1.0,0.0,0.033,0.005648982209212559,0.0195,0.429,0.237,0.237,0.763,0.013447341744746431,1143.0088987207348,519.1447402106456,1621.4160050390458,1.1430088987207347,0.5191447402106456,1.6214160050390458,0.48217965147168645,0.17396043549826368,1.25948054134376
WbWb_4000_1000,WbWb,4000,1000,85,360,1.2,1.0,/eos/uscms/store/user/aji/rootfiles_existingOptimization/WbWb_4000_1000_pt360_ak12_ca10_th85.root,ok,,1000,1000,1.0,0.0,0.084,0.008771772910877254,0.0585,0.419,0.246,0.246,0.754,0.013619251080731275,1126.9113913397632,448.4612268219486,1560.4113109396883,1.126911391339763,0.4484612268219486,1.5604113109396882,0.4933618085073059,0.09890311828797042,1.2600529476412823
WbWb_4000_1000,WbWb,4000,1000,85,280,0.4,1.6,/eos/uscms/store/user/aji/rootfiles_existingOptimization/WbWb_4000_1000_pt280_ak4_ca16_th85.root,ok,,1000,1000,1.0,0.0,0.582,0.015597307459943206,0.3555,0.5365,0.294,0.294,0.706,0.014407081592050489,830.8838236047529,91.63866298732908,985.0731346226069,0.830883823604753,0.09163866298732909,0.9850731346226068,0.5376410313051658,0.3844801125267785,1.2605526489446905
WbWb_4000_1000,WbWb,4000,1000,85,380,1.4,1.4,/eos/uscms/store/user/aji/rootfiles_existingOptimization/WbWb_4000_1000_pt380_ak14_ca14_th85.root,ok,,1000,1000,1.0,0.0,0.036,0.005891010100144117,0.0225,0.432,0.238,0.238,0.762,0.01346684818359515,1106.055482065262,493.8455436789051,1573.8460529479057,1.106055482065262,0.4938455436789051,1.5738460529479057,0.48822167006142825,0.18719976763900154,1.2608272182679543
WbWb_4000_1000,WbWb,4000,1000,85,400,1.4,1.6,/eos/uscms/store/user/aji/rootfiles_existingOptimization/WbWb_4000_1000_pt400_ak14_ca16_th85.root,ok,,1000,999,0.999,0.0009994998749374613,0.04504504504504504,0.006561939348237292,0.027527527527527528,0.4169169169169169,0.22722722722722724,0.227,0.7727727727727728,0.013257857489770824,1090.8132485160568,471.41007766740313,1516.6797741530092,1.0908132485160569,0.4714100776674031,1.5166797741530094,0.47912403791739416,0.20752887820190874,1.2619781355417725
WbWb_4000_1000,WbWb,4000,1000,85,380,1.4,1.6,/eos/uscms/store/user/aji/rootfiles_existingOptimization/WbWb_4000_1000_pt380_ak14_ca16_th85.root,ok,,1000,1000,1.0,0.0,0.039,0.006122009474020765,0.024,0.4215,0.231,0.231,0.769,0.01332812815064441,1100.6742847367807,487.9526042934224,1551.0109386790432,1.1006742847367808,0.4879526042934224,1.5510109386790432,0.4829123152631137,0.2084709346464423,1.2619797437367917
WbWb_4000_1000,WbWb,4000,1000,85,400,0.8,0.6,/eos/uscms/store/user/aji/rootfiles_existingOptimization/WbWb_4000_1000_pt400_ak8_ca6_th85.root,ok,,1000,999,0.999,0.0009994998749374613,0.31431431431431434,0.014687973403234732,0.26176176176176175,0.45145145145145144,0.26326326326326327,0.263,0.7367367367367368,0.013933767162780766,917.780402915301,198.03645494915907,1147.0530323265184,0.9177804029153012,0.19803645494915909,1.1470530323265185,0.5170172376544746,0.08540389700181485,1.2629759340996811
WbWb_4000_1000,WbWb,4000,1000,85,400,1.4,1.4,/eos/uscms/store/user/aji/rootfiles_existingOptimization/WbWb_4000_1000_pt400_ak14_ca14_th85.root,ok,,1000,999,0.999,0.0009994998749374613,0.04004004004004004,0.006202846970881694,0.025025025025025027,0.4264264264264264,0.23323323323323322,0.233,0.7667667667667668,0.01337963028844448,1093.2403582658528,480.5517850089498,1545.044032009985,1.0932403582658528,0.48055178500894985,1.545044032009985,0.4868518798050874,0.18915289202396718,1.2639426823984392
WbWb_4000_1000,WbWb,4000,1000,85,360,1.4,1.6,/eos/uscms/store/user/aji/rootfiles_existingOptimization/WbWb_4000_1000_pt360_ak14_ca16_th85.root,ok,,1000,1000,1.0,0.0,0.035,0.005811626278418116,0.021,0.4245,0.234,0.234,0.766,0.013388203763014663,1123.0768548987326,498.4009314771849,1589.4914496510924,1.1230768548987324,0.4984009314771849,1.5894914496510923,0.4857595067580174,0.1896191376741291,1.2640671922478908
WbWb_4000_1000,WbWb,4000,1000,85,360,1.0,1.2,/eos/uscms/store/user/aji/rootfiles_existingOptimization/WbWb_4000_1000_pt360_ak10_ca12_th85.root,ok,,1000,999,0.999,0.0009994998749374613,0.3733733733733734,0.015303590994485163,0.22672672672672672,0.47647647647647645,0.26326326326326327,0.263,0.7367367367367368,0.013933767162780766,1043.1456726888714,258.23937290561616,1348.2817217935233,1.0431456726888715,0.25823937290561616,1.3482817217935232,0.5224784885883444,0.21067667225693443,1.2645297925939682
WbWb_4000_1000,WbWb,4000,1000,85,380,0.8,1.4,/eos/uscms/store/user/aji/rootfiles_existingOptimization/WbWb_4000_1000_pt380_ak8_ca14_th85.root,ok,,1000,999,0.999,0.0009994998749374613,0.5925925925925926,0.015545683647786586,0.3883883883883884,0.48998998998999,0.2672672672672673,0.267,0.7327327327327327,0.014001125191261444,908.8263715298498,162.01718241701434,1111.485545306215,0.9088263715298498,0.16201718241701435,1.1114855453062151,0.5223596016975923,0.24348824946275738,1.26520969727734
WbWb_4000_1000,WbWb,4000,1000,85,360,1.4,1.4,/eos/uscms/store/user/aji/rootfiles_existingOptimization/WbWb_4000_1000_pt360_ak14_ca14_th85.root,ok,,1000,1000,1.0,0.0,0.033,0.005648982209212559,0.02,0.4335,0.241,0.241,0.759,0.013524755080961725,1127.5567382397678,506.6111960245106,1619.4503083553075,1.1275567382397678,0.5066111960245105,1.6194503083553073,0.4934736650450306,0.16448817946715513,1.2652293388690075
WbWb_4000_1000,WbWb,4000,1000,85,380,0.8,1.6,/eos/uscms/store/user/aji/rootfiles_existingOptimization/WbWb_4000_1000_pt380_ak8_ca16_th85.root,ok,,1000,999,0.999,0.0009994998749374613,0.6006006006006006,0.015495794229325453,0.3923923923923924,0.4974974974974975,0.26926926926926925,0.269,0.7307307307307307,0.014034254172796277,899.9993934134917,161.3059147416333,1103.6347093467227,0.8999993934134917,0.1613059147416333,1.1036347093467227,0.5235163498449993,0.2808524295225428,1.2652471412343806
WbWb_4000_1000,WbWb,4000,1000,85,280,0.4,1.2,/eos/uscms/store/user/aji/rootfiles_existingOptimization/WbWb_4000_1000_pt280_ak4_ca12_th85.root,ok,,1000,1000,1.0,0.0,0.567,0.015668790636165896,0.348,0.523,0.29,0.29,0.71,0.014349216006458332,844.0985603260935,92.40092090530001,1004.7998278322177,0.8440985603260935,0.09240092090530001,1.0047998278322177,0.5404575661013082,0.2855087001958141,1.2660477100686989
WbWb_4000_1000,WbWb,4000,1000,85,200,0.4,0.6,/eos/uscms/store/user/aji/rootfiles_existingOptimization/WbWb_4000_1000_pt200_ak4_ca6_th85.root,ok,,1000,1000,1.0,0.0,0.326,0.01482309009619789,0.1865,0.587,0.422,0.422,0.5780000000000001,0.015617810345883958,921.5812011572827,125.80635446580153,1380.0319243610963,0.9215812011572827,0.12580635446580152,1.3800319243610963,0.6804748015260573,0.08692504729108874,1.2663166814103293
WbWb_4000_1000,WbWb,4000,1000,85,200,0.4,1.0,/eos/uscms/store/user/aji/rootfiles_existingOptimization/WbWb_4000_1000_pt200_ak4_ca10_th85.root,ok,,1000,1000,1.0,0.0,0.338,0.014958475858188226,0.1925,0.5835,0.411,0.411,0.589,0.015558888135082147,916.4605629160266,122.59666628823987,1351.0848581954697,0.9164605629160265,0.12259666628823988,1.3510848581954698,0.6702351642924944,0.10007927800639321,1.2675891080008919
WbWb_4000_1000,WbWb,4000,1000,85,340,1.2,1.6,/eos/uscms/store/user/aji/rootfiles_existingOptimization/WbWb_4000_1000_pt340_ak12_ca16_th85.root,ok,,1000,1000,1.0,0.0,0.134,0.010772372069326236,0.082,0.443,0.227,0.227,0.773,0.013246546719805883,1108.4503094206252,381.01609904023945,1454.8682319154516,1.1084503094206253,0.3810160990402395,1.4548682319154513,0.4843934472067144,0.2056386383837524,1.268238478148777
WbWb_4000_1000,WbWb,4000,1000,85,340,0.6,1.2,/eos/uscms/store/user/aji/rootfiles_existingOptimization/WbWb_4000_1000_pt340_ak6_ca12_th85.root,ok,,1000,999,0.999,0.0009994998749374613,0.5965965965965966,0.015521275963447332,0.3808808808808809,0.5025025025025025,0.2722722722722723,0.272,0.7277277277277276,0.014083267392349346,879.6812893153016,120.20127079021485,1048.610023640253,0.8796812893153017,0.12020127079021485,1.048610023640253,0.5276960895534469,0.24611479399718317,1.2684556883496443
WbWb_4000_1000,WbWb,4000,1000,85,140,1.2,1.0,/eos/uscms/store/user/aji/rootfiles_existingOptimization/WbWb_4000_1000_pt140_ak12_ca10_th85.root,ok,,1000,1000,1.0,0.0,0.012,0.003443254274665175,0.006,0.356,0.295,0.295,0.7050000000000001,0.014421338356754548,1476.2736199711944,1090.1296696721338,2613.831717177816,1.4762736199711943,1.0901296696721339,2.6138317171778156,0.5160635626393612,0.023791882526018306,1.2686909246364806
WbWb_4000_1000,WbWb,4000,1000,85,240,1.6,1.6,/eos/uscms/store/user/aji/rootfiles_existingOptimization/WbWb_4000_1000_pt240_ak16_ca16_th85.root,ok,,1000,1000,1.0,0.0,0.004,0.001995995991979944,0.002,0.401,0.218,0.218,0.782,0.013056645817360598,1317.3541098861638,981.8563829786613,2180.606542091879,1.3173541098861639,0.9818563829786613,2.180606542091879,0.4549840282567627,0.11927019061856425,1.268719439245379
WbWb_4000_1000,WbWb,4000,1000,85,300,0.8,1.0,/eos/uscms/store/user/aji/rootfiles_existingOptimization/WbWb_4000_1000_pt300_ak8_ca10_th85.root,ok,,1000,1000,1.0,0.0,0.408,0.015541428505771277,0.241,0.5335,0.329,0.329,0.671,0.014857960829131297,1011.1002748428265,198.3715802080367,1406.2375346781853,1.0111002748428266,0.1983715802080367,1.4062375346781852,0.5973027525177504,0.11112961767098607,1.2694127800020332
WbWb_4000_1000,WbWb,4000,1000,85,200,0.4,0.8,/eos/uscms/store/user/aji/rootfiles_existingOptimization/WbWb_4000_1000_pt200_ak4_ca8_th85.root,ok,,1000,1000,1.0,0.0,0.333,0.014903388876359632,0.19,0.5835,0.416,0.416,0.5840000000000001,0.015586660963785668,920.6629666518178,123.74282752795654,1379.3708996470652,0.9206629666518178,0.12374282752795654,1.3793708996470653,0.6819151620084498,0.09043094005395942,1.2738488653432682
WbWb_4000_1000,WbWb,4000,1000,85,220,0.4,0.4,/eos/uscms/store/user/aji/rootfiles_existingOptimization/WbWb_4000_1000_pt220_ak4_ca4_th85.root,ok,,1000,1000,1.0,0.0,0.381,0.015357050498061143,0.2225,0.5725,0.394,0.394,0.606,0.015451990163082553,913.401446554398,111.90014374874626,1320.700711105193,0.913401446554398,0.11190014374874627,1.3207007111051932,0.6617027879233034,0.10136072606761262,1.2763626432678636
WbWb_4000_1000,WbWb,4000,1000,85,260,0.6,0.6,/eos/uscms/store/user/aji/rootfiles_existingOptimization/WbWb_4000_1000_pt260_ak6_ca6_th85.root,ok,,1000,1000,1.0,0.0,0.392,0.015438134602341048,0.23,0.559,0.371,0.371,0.629,0.015276092432294327,963.3277085719221,148.43426523375223,1389.9843719439702,0.9633277085719221,0.14843426523375222,1.3899843719439702,0.6444069321699178,0.09405837394201587,1.2770741613127257
WbWb_4000_1000,WbWb,4000,1000,85,320,1.2,1.2,/eos/uscms/store/user/aji/rootfiles_existingOptimization/WbWb_4000_1000_pt320_ak12_ca12_th85.root,ok,,1000,1000,1.0,0.0,0.11,0.009894442884771228,0.067,0.4265,0.235,0.235,0.765,0.013408019988051927,1138.9631110206562,412.3988983346551,1548.7675422462617,1.1389631110206562,0.4123988983346551,1.5487675422462617,0.49886103988621516,0.14581194717212181,1.2777573509882807
WbWb_4000_1000,WbWb,4000,1000,85,340,1.2,1.4,/eos/uscms/store/user/aji/rootfiles_existingOptimization/WbWb_4000_1000_pt340_ak12_ca14_th85.root,ok,,1000,1000,1.0,0.0,0.128,0.010564847372300274,0.079,0.4345,0.225,0.225,0.775,0.013205112646244256,1114.126605559144,387.73791657402893,1484.4065992339245,1.1141266055591441,0.38773791657402895,1.4844065992339244,0.49216519791730173,0.18575266525948536,1.2785778584732161
WbWb_4000_1000,WbWb,4000,1000,85,300,0.8,0.8,/eos/uscms/store/user/aji/rootfiles_existingOptimization/WbWb_4000_1000_pt300_ak8_ca8_th85.root,ok,,1000,1000,1.0,0.0,0.398,0.015478888849009803,0.236,0.5305,0.331,0.331,0.669,0.014880826589944525,1012.4174741915583,202.40300151021927,1436.137396421572,1.0124174741915584,0.20240300151021925,1.4361373964215722,0.6093012153393155,0.10499739871770991,1.2795429627584713
WbWb_4000_1000,WbWb,4000,1000,85,380,0.8,1.2,/eos/uscms/store/user/aji/rootfiles_existingOptimization/WbWb_4000_1000_pt380_ak8_ca12_th85.root,ok,,1000,999,0.999,0.0009994998749374613,0.5855855855855856,0.015585827715124338,0.38488488488488487,0.4744744744744745,0.25625625625625625,0.256,0.7437437437437437,0.013812304918185709,915.0196440406648,162.37735224170333,1128.0900222413775,0.9150196440406648,0.16237735224170335,1.1280900222413774,0.5277005123819813,0.21885400812121428,1.2809422917216584
WbWb_4000_1000,WbWb,4000,1000,85,260,0.6,0.8,/eos/uscms/store/user/aji/rootfiles_existingOptimization/WbWb_4000_1000_pt260_ak6_ca8_th85.root,ok,,1000,1000,1.0,0.0,0.404,0.015517216245190372,0.236,0.556,0.366,0.366,0.634,0.01523299051401267,962.937025085188,144.95400071413047,1384.906000232433,0.9629370250851881,0.14495400071413048,1.384906000232433,0.6438385726255607,0.0970942982760791,1.2815448701170418
WbWb_4000_1000,WbWb,4000,1000,85,220,0.4,1.0,/eos/uscms/store/user/aji/rootfiles_existingOptimization/WbWb_4000_1000_pt220_ak4_ca10_th85.root,ok,,1000,1000,1.0,0.0,0.404,0.015517216245190372,0.234,0.564,0.378,0.378,0.622,0.015333492752794452,902.9900680733915,105.76152693697064,1281.2829816304252,0.9029900680733914,0.10576152693697063,1.2812829816304254,0.6509049746258743,0.11629265491566498,1.282605967818535
WbWb_4000_1000,WbWb,4000,1000,85,300,0.4,1.4,/eos/uscms/store/user/aji/rootfiles_existingOptimization/WbWb_4000_1000_pt300_ak4_ca14_th85.root,ok,,1000,999,0.999,0.0009994998749374613,0.6076076076076076,0.015448600650124081,0.38488488488488487,0.5175175175175175,0.2802802802802803,0.28,0.7197197197197197,0.014210037647248654,819.4950638542083,89.48521953292267,983.9864944755698,0.8194950638542082,0.08948521953292268,0.9839864944755697,0.5457636747289687,0.3155668757231896,1.2845338880632675
WbWb_4000_1000,WbWb,4000,1000,85,300,0.6,1.0,/eos/uscms/store/user/aji/rootfiles_existingOptimization/WbWb_4000_1000_pt300_ak6_ca10_th85.root,ok,,1000,999,0.999,0.0009994998749374613,0.4984984984984985,0.015819228599610276,0.2992992992992993,0.5265265265265265,0.3123123123123123,0.312,0.6876876876876876,0.014662480015695152,936.251860390794,129.30120597628925,1234.2668010182965,0.9362518603907941,0.12930120597628927,1.2342668010182964,0.5901006138352513,0.15097441960929137,1.2851631154838592
WbWb_4000_1000,WbWb,4000,1000,85,400,1.0,1.6,/eos/uscms/store/user/aji/rootfiles_existingOptimization/WbWb_4000_1000_pt400_ak10_ca16_th85.root,ok,,1000,999,0.999,0.0009994998749374613,0.46146146146146144,0.015772239682172774,0.29429429429429427,0.45345345345345345,0.23323323323323322,0.233,0.7667667667667668,0.01337963028844448,969.6541542337707,229.6434273557069,1229.5292767029534,0.9696541542337707,0.2296434273557069,1.2295292767029535,0.5155889060968162,0.2969490588770451,1.286390257440206
WbWb_4000_1000,WbWb,4000,1000,85,300,0.4,1.6,/eos/uscms/store/user/aji/rootfiles_existingOptimization/WbWb_4000_1000_pt300_ak4_ca16_th85.root,ok,,1000,999,0.999,0.0009994998749374613,0.6156156156156156,0.015390578264806925,0.3888888888888889,0.5195195195195195,0.2782782782782783,0.278,0.7217217217217218,0.014178875788841326,814.2791621152063,89.33494068847376,978.8459495442347,0.8142791621152063,0.08933494068847377,0.9788459495442348,0.5461953653247917,0.3742243053030263,1.2874891708349927
WbWb_4000_1000,WbWb,4000,1000,85,220,0.4,0.6,/eos/uscms/store/user/aji/rootfiles_existingOptimization/WbWb_4000_1000_pt220_ak4_ca6_th85.root,ok,,1000,1000,1.0,0.0,0.396,0.01546557467409472,0.23,0.567,0.384,0.384,0.616,0.015379986996093333,913.2279853121898,106.15692641667839,1320.700711105193,0.9132279853121898,0.10615692641667838,1.3207007111051932,0.6649729334966226,0.10506411872095647,1.2896501349654037
WbWb_4000_1000,WbWb,4000,1000,85,180,1.4,1.2,/eos/uscms/store/user/aji/rootfiles_existingOptimization/WbWb_4000_1000_pt180_ak14_ca12_th85.root,ok,,1000,1000,1.0,0.0,0.002,0.0014127986409959489,0.001,0.3375,0.235,0.235,0.765,0.013408019988051927,1433.9678087651848,1063.9806637833458,2444.228451524154,1.4339678087651848,1.0639806637833458,2.4442284515241544,0.4812687493066405,0.044151857660009564,1.289665530183159
WbWb_4000_1000,WbWb,4000,1000,85,280,0.6,0.6,/eos/uscms/store/user/aji/rootfiles_existingOptimization/WbWb_4000_1000_pt280_ak6_ca6_th85.root,ok,,1000,1000,1.0,0.0,0.437,0.01568537535413163,0.2585,0.542,0.343,0.343,0.657,0.015011695440555674,951.6174335615584,141.18612829495277,1336.30313583035,0.9516174335615584,0.14118612829495278,1.3363031358303499,0.6279398450396755,0.10891945937851152,1.2897781016835197
WbWb_4000_1000,WbWb,4000,1000,85,360,1.2,1.6,/eos/uscms/store/user/aji/rootfiles_existingOptimization/WbWb_4000_1000_pt360_ak12_ca16_th85.root,ok,,1000,1000,1.0,0.0,0.154,0.011414201680362931,0.093,0.4315,0.21,0.21,0.79,0.01288021738946979,1083.5719090138668,365.6488479569601,1431.2746336371542,1.083571909013867,0.36564884795696007,1.4312746336371545,0.49171899751904574,0.2520666011063676,1.2900761884204324
WbWb_4000_1000,WbWb,4000,1000,85,380,1.2,1.0,/eos/uscms/store/user/aji/rootfiles_existingOptimization/WbWb_4000_1000_pt380_ak12_ca10_th85.root,ok,,1000,999,0.999,0.0009994998749374613,0.09009009009009009,0.009058472370070401,0.06456456456456457,0.4059059059059059,0.23323323323323322,0.233,0.7667667667667668,0.01337963028844448,1098.8169085278016,413.21581884337945,1544.3618772311395,1.0988169085278017,0.41321581884337943,1.5443618772311394,0.5147108902352409,0.11283050204100498,1.292359347854788
WbWb_4000_1000,WbWb,4000,1000,85,220,0.4,0.8,/eos/uscms/store/user/aji/rootfiles_existingOptimization/WbWb_4000_1000_pt220_ak4_ca8_th85.root,ok,,1000,1000,1.0,0.0,0.401,0.015498354751392161,0.2325,0.565,0.381,0.381,0.619,0.015357050498061143,911.6521462122364,105.97599753903037,1318.1422787617835,0.9116521462122364,0.10597599753903038,1.3181422787617834,0.6648184212910061,0.1079402875290065,1.2926532066697825
WbWb_4000_1000,WbWb,4000,1000,85,380,1.0,1.2,/eos/uscms/store/user/aji/rootfiles_existingOptimization/WbWb_4000_1000_pt380_ak10_ca12_th85.root,ok,,1000,999,0.999,0.0009994998749374613,0.4094094094094094,0.015557486309707129,0.2552552552552553,0.4469469469469469,0.23323323323323322,0.233,0.7667667667667668,0.01337963028844448,1018.2773672446501,244.12646457093385,1309.7296160827427,1.0182773672446501,0.24412646457093384,1.3097296160827427,0.5232381597536717,0.27037864703329095,1.2928326632449036
WbWb_4000_1000,WbWb,4000,1000,85,400,1.0,1.4,/eos/uscms/store/user/aji/rootfiles_existingOptimization/WbWb_4000_1000_pt400_ak10_ca14_th85.root,ok,,1000,999,0.999,0.0009994998749374613,0.45045045045045046,0.015741430518673036,0.2887887887887888,0.44244244244244246,0.23023023023023023,0.23,0.7697697697697697,0.01331922193641043,974.2363140626827,230.5498102043409,1244.195787801015,0.9742363140626826,0.23054981020434093,1.244195787801015,0.5202259261768064,0.2701649681528981,1.293572064540308
WbWb_4000_1000,WbWb,4000,1000,85,280,0.6,0.8,/eos/uscms/store/user/aji/rootfiles_existingOptimization/WbWb_4000_1000_pt280_ak6_ca8_th85.root,ok,,1000,1000,1.0,0.0,0.446,0.01571890581433708,0.263,0.54,0.34,0.34,0.6599999999999999,0.014979986648859205,952.2490565843246,136.51986645726475,1334.9720642880568,0.9522490565843247,0.13651986645726477,1.3349720642880567,0.62927455246298,0.11828859542181665,1.2940496468045475
WbWb_4000_1000,WbWb,4000,1000,85,140,1.2,1.6,/eos/uscms/store/user/aji/rootfiles_existingOptimization/WbWb_4000_1000_pt140_ak12_ca16_th85.root,ok,,1000,1000,1.0,0.0,0.031,0.0054807846153630225,0.0155,0.4185,0.277,0.277,0.723,0.014151713677148785,1326.023680669573,1033.3779121367406,2462.0695583411884,1.3260236806695729,1.0333779121367406,2.4620695583411885,0.5387127194753539,0.09521482308608967,1.2943150875423113
WbWb_4000_1000,WbWb,4000,1000,85,320,0.8,1.0,/eos/uscms/store/user/aji/rootfiles_existingOptimization/WbWb_4000_1000_pt320_ak8_ca10_th85.root,ok,,1000,999,0.999,0.0009994998749374613,0.4574574574574575,0.01576193422916936,0.27427427427427425,0.51001001001001,0.3003003003003003,0.3,0.6996996996996997,0.014502770780100949,1000.1784286242633,185.41171240958747,1374.7802589670064,1.0001784286242632,0.18541171240958745,1.3747802589670064,0.5945781835114086,0.13335001786112252,1.2952957260735345
WbWb_4000_1000,WbWb,4000,1000,85,340,1.2,1.2,/eos/uscms/store/user/aji/rootfiles_existingOptimization/WbWb_4000_1000_pt340_ak12_ca12_th85.root,ok,,1000,1000,1.0,0.0,0.115,0.010088359628799918,0.073,0.4175,0.222,0.222,0.778,0.013142145943490354,1125.365248761716,397.82514336360236,1535.4450718547403,1.125365248761716,0.39782514336360236,1.53544507185474,0.5054447565992045,0.1571555647699331,1.2959812814753762
WbWb_4000_1000,WbWb,4000,1000,85,320,0.8,0.8,/eos/uscms/store/user/aji/rootfiles_existingOptimization/WbWb_4000_1000_pt320_ak8_ca8_th85.root,ok,,1000,999,0.999,0.0009994998749374613,0.44544544544544545,0.015724855218697664,0.2682682682682683,0.509009009009009,0.3033033033033033,0.303,0.6966966966966968,0.014543793571143937,1001.8581373891658,192.99210956542186,1392.5770654532957,1.0018581373891657,0.19299210956542187,1.3925770654532956,0.5986800481622989,0.12053556085654879,1.2965625585979121
WbWb_4000_1000,WbWb,4000,1000,85,340,0.8,0.8,/eos/uscms/store/user/aji/rootfiles_existingOptimization/WbWb_4000_1000_pt340_ak8_ca8_th85.root,ok,,1000,999,0.999,0.0009994998749374613,0.4864864864864865,0.01581352118931533,0.2992992992992993,0.494994994994995,0.27927927927927926,0.279,0.7207207207207207,0.014194500600296492,984.9438254817542,183.88063442142578,1314.8943825527738,0.9849438254817542,0.18388063442142577,1.3148943825527737,0.5741513977094826,0.1466111860505959,1.2973777358820278
WbWb_4000_1000,WbWb,4000,1000,85,300,0.4,1.2,/eos/uscms/store/user/aji/rootfiles_existingOptimization/WbWb_4000_1000_pt300_ak4_ca12_th85.root,ok,,1000,999,0.999,0.0009994998749374613,0.6026026026026026,0.015482648945110457,0.38238238238238237,0.5015015015015015,0.26926926926926925,0.269,0.7307307307307307,0.014034254172796277,825.4348307143714,89.59798749242253,994.8764116011295,0.8254348307143713,0.08959798749242254,0.9948764116011295,0.5483645652105783,0.28960059507158975,1.2975518128698718
WbWb_4000_1000,WbWb,4000,1000,85,320,1.0,1.0,/eos/uscms/store/user/aji/rootfiles_existingOptimization/WbWb_4000_1000_pt320_ak10_ca10_th85.root,ok,,1000,1000,1.0,0.0,0.29,0.01434921600645833,0.1735,0.4775,0.288,0.288,0.712,0.014319776534569246,1085.5762605819964,288.6884277568051,1541.5059332568228,1.0855762605819965,0.2886884277568051,1.5415059332568228,0.577028786917448,0.10681487699841624,1.2975864129756476
WbWb_4000_1000,WbWb,4000,1000,85,220,1.6,1.6,/eos/uscms/store/user/aji/rootfiles_existingOptimization/WbWb_4000_1000_pt220_ak16_ca16_th85.root,ok,,1000,1000,1.0,0.0,0.003,0.001729450779872038,0.0015,0.381,0.207,0.207,0.793,0.012812142677944232,1358.5944710239112,1029.2826870338208,2314.275891636422,1.358594471023911,1.0292826870338208,2.314275891636422,0.4729127167852229,0.11890048099283987,1.301772163887614
WbWb_4000_1000,WbWb,4000,1000,85,340,0.8,1.0,/eos/uscms/store/user/aji/rootfiles_existingOptimization/WbWb_4000_1000_pt340_ak8_ca10_th85.root,ok,,1000,999,0.999,0.0009994998749374613,0.5035035035035035,0.015818911575283163,0.3078078078078078,0.4934934934934935,0.2732732732732733,0.273,0.7267267267267268,0.014099424994408713,982.0357786835498,177.27475252720456,1303.4594198834623,0.9820357786835496,0.17727475252720454,1.3034594198834624,0.573392890463698,0.1683704588753846,1.3029160393220698
WbWb_4000_1000,WbWb,4000,1000,85,400,1.2,1.0,/eos/uscms/store/user/aji/rootfiles_existingOptimization/WbWb_4000_1000_pt400_ak12_ca10_th85.root,ok,,1000,999,0.999,0.0009994998749374613,0.1011011011011011,0.00953785296051173,0.07407407407407407,0.3933933933933934,0.22022022022022023,0.22,0.7797797797797797,0.01311087983303845,1076.9228365205813,399.11878422807257,1508.6832037030122,1.0769228365205814,0.39911878422807257,1.5086832037030122,0.5151550240404501,0.11671111438324966,1.3036270874722877
WbWb_4000_1000,WbWb,4000,1000,85,360,1.2,1.4,/eos/uscms/store/user/aji/rootfiles_existingOptimization/WbWb_4000_1000_pt360_ak12_ca14_th85.root,ok,,1000,1000,1.0,0.0,0.149,0.01126050620531777,0.0905,0.423,0.208,0.208,0.792,0.012834952278836098,1089.5263155951618,369.3401026638703,1465.0920684732116,1.0895263155951618,0.3693401026638703,1.4650920684732116,0.5028570444444835,0.22712367977961673,1.3038096760039997
WbWb_4000_1000,WbWb,4000,1000,85,380,1.2,1.6,/eos/uscms/store/user/aji/rootfiles_existingOptimization/WbWb_4000_1000_pt380_ak12_ca16_th85.root,ok,,1000,999,0.999,0.0009994998749374613,0.17017017017017017,0.011889223565541063,0.1046046046046046,0.4159159159159159,0.1981981981981982,0.198,0.8018018018018018,0.012612483782996998,1061.9684132255575,350.24183199813575,1405.0248999017977,1.0619684132255576,0.35024183199813574,1.4050248999017976,0.4966169684369089,0.26118693377599295,1.3056156115612665
WbWb_4000_1000,WbWb,4000,1000,85,380,0.6,0.4,/eos/uscms/store/user/aji/rootfiles_existingOptimization/WbWb_4000_1000_pt380_ak6_ca4_th85.root,ok,,1000,999,0.999,0.0009994998749374613,0.33733733733733734,0.01495876407990617,0.2902902902902903,0.45895895895895894,0.26626626626626626,0.266,0.7337337337337337,0.013984423685683612,821.1378136513024,130.76486710065507,1040.55430832862,0.8211378136513025,0.13076486710065507,1.0405543083286202,0.5539809676907101,0.1059431686326764,1.3066009200593136
WbWb_4000_1000,WbWb,4000,1000,85,360,0.6,1.6,/eos/uscms/store/user/aji/rootfiles_existingOptimization/WbWb_4000_1000_pt360_ak6_ca16_th85.root,ok,,1000,999,0.999,0.0009994998749374613,0.6496496496496497,0.015094131812559211,0.4264264264264264,0.4914914914914915,0.26126126126126126,0.261,0.7387387387387387,0.013899532784848321,826.3539008910855,115.81193107867189,1024.386240494474,0.8263539008910855,0.1158119310786719,1.024386240494474,0.5497489080865083,0.31534279468341303,1.3068522567361387
WbWb_4000_1000,WbWb,4000,1000,85,360,0.6,1.4,/eos/uscms/store/user/aji/rootfiles_existingOptimization/WbWb_4000_1000_pt360_ak6_ca14_th85.root,ok,,1000,999,0.999,0.0009994998749374613,0.6436436436436437,0.015152428839645427,0.42342342342342343,0.48598598598598597,0.25725725725725723,0.257,0.7427427427427428,0.013829939554235384,834.3412708993433,115.9988196552179,1029.7861575397076,0.8343412708993432,0.1159988196552179,1.0297861575397076,0.5476100546359831,0.278703867346062,1.3079186702887915
WbWb_4000_1000,WbWb,4000,1000,85,340,1.0,1.0,/eos/uscms/store/user/aji/rootfiles_existingOptimization/WbWb_4000_1000_pt340_ak10_ca10_th85.root,ok,,1000,1000,1.0,0.0,0.317,0.014714312760030624,0.1925,0.4635,0.266,0.266,0.734,0.013972973913952606,1072.6102270949511,277.2761687874153,1493.4519154084112,1.0726102270949511,0.27727616878741534,1.4934519154084112,0.5669234340207983,0.130629649772242,1.3081844567302934
WbWb_4000_1000,WbWb,4000,1000,85,320,0.6,1.0,/eos/uscms/store/user/aji/rootfiles_existingOptimization/WbWb_4000_1000_pt320_ak6_ca10_th85.root,ok,,1000,999,0.999,0.0009994998749374613,0.5485485485485485,0.015744552371000975,0.34034034034034033,0.4954954954954955,0.2782782782782783,0.278,0.7217217217217218,0.014178875788841326,919.8694291271586,123.89763684691216,1191.8857506607312,0.9198694291271585,0.12389763684691216,1.1918857506607314,0.5805107116274137,0.17961560053730485,1.3112454904364195
WbWb_4000_1000,WbWb,4000,1000,85,240,0.4,1.0,/eos/uscms/store/user/aji/rootfiles_existingOptimization/WbWb_4000_1000_pt240_ak4_ca10_th85.root,ok,,1000,1000,1.0,0.0,0.464,0.015770351930125086,0.273,0.538,0.332,0.332,0.6679999999999999,0.014892145580808697,891.7745750221488,99.52534954951003,1230.280775869668,0.8917745750221489,0.09952534954951002,1.2302807758696679,0.6339917384906794,0.14298307059628612,1.3128142809884644
WbWb_4000_1000,WbWb,4000,1000,85,360,1.2,1.2,/eos/uscms/store/user/aji/rootfiles_existingOptimization/WbWb_4000_1000_pt360_ak12_ca12_th85.root,ok,,1000,1000,1.0,0.0,0.134,0.010772372069326236,0.0835,0.409,0.205,0.205,0.795,0.012766166221697099,1100.1000002822918,376.3549279406645,1495.2919624543586,1.1001000002822918,0.3763549279406645,1.4952919624543584,0.508561509965716,0.18948058241799853,1.3135715099939453
WbWb_4000_1000,WbWb,4000,1000,85,340,0.6,1.0,/eos/uscms/store/user/aji/rootfiles_existingOptimization/WbWb_4000_1000_pt340_ak6_ca10_th85.root,ok,,1000,999,0.999,0.0009994998749374613,0.5965965965965966,0.015521275963447332,0.3808808808808809,0.471971971971972,0.25125125125125125,0.251,0.7487487487487487,0.013722695521226876,892.6758168264842,120.34515093223254,1108.002047056355,0.8926758168264841,0.12034515093223254,1.108002047056355,0.5532002085792476,0.19567675474746635,1.313681375645348
WbWb_4000_1000,WbWb,4000,1000,85,180,1.4,1.4,/eos/uscms/store/user/aji/rootfiles_existingOptimization/WbWb_4000_1000_pt180_ak14_ca14_th85.root,ok,,1000,1000,1.0,0.0,0.01,0.003146426544510455,0.005,0.3665,0.216,0.216,0.784,0.013013224043256921,1389.6206887100248,1035.6529988948487,2403.6390028395144,1.3896206887100246,1.0356529988948489,2.403639002839515,0.4922156150447638,0.09014945214991812,1.3151776839157663
WbWb_4000_1000,WbWb,4000,1000,85,360,0.6,1.2,/eos/uscms/store/user/aji/rootfiles_existingOptimization/WbWb_4000_1000_pt360_ak6_ca12_th85.root,ok,,1000,999,0.999,0.0009994998749374613,0.6336336336336337,0.015243832404886247,0.4184184184184184,0.4744744744744745,0.24924924924924924,0.249,0.7507507507507507,0.013686174497291244,840.5292329079833,116.17967370429268,1038.416456511683,0.8405292329079833,0.11617967370429268,1.038416456511683,0.5486048234257854,0.23178219385026222,1.3163026508857376
WbWb_4000_1000,WbWb,4000,1000,85,140,1.2,1.4,/eos/uscms/store/user/aji/rootfiles_existingOptimization/WbWb_4000_1000_pt140_ak12_ca14_th85.root,ok,,1000,1000,1.0,0.0,0.026,0.0050322956987840055,0.013,0.4025,0.281,0.281,0.719,0.014214042352547005,1357.7842931619716,1046.0459910658008,2571.493711498791,1.3577842931619717,1.0460459910658009,2.5714937114987912,0.5617415550155499,0.07820257135246012,1.316519984331747
WbWb_4000_1000,WbWb,4000,1000,85,240,0.4,0.4,/eos/uscms/store/user/aji/rootfiles_existingOptimization/WbWb_4000_1000_pt240_ak4_ca4_th85.root,ok,,1000,1000,1.0,0.0,0.439,0.015693278816104682,0.2605,0.545,0.346,0.346,0.654,0.015042739112276061,898.5673940744348,103.50625533269172,1276.7614042968619,0.8985673940744348,0.10350625533269173,1.2767614042968618,0.6528476087053415,0.12521709662495237,1.3169908692978982
WbWb_4000_1000,WbWb,4000,1000,85,180,1.4,1.6,/eos/uscms/store/user/aji/rootfiles_existingOptimization/WbWb_4000_1000_pt180_ak14_ca16_th85.root,ok,,1000,1000,1.0,0.0,0.011,0.003298332912245215,0.0055,0.3755,0.214,0.214,0.786,0.012969348480166612,1366.261591087531,1018.4293706068541,2372.960831441253,1.366261591087531,1.0184293706068543,2.372960831441253,0.4957072165646568,0.11182010727641235,1.31833337567341
WbWb_4000_1000,WbWb,4000,1000,85,300,0.6,0.6,/eos/uscms/store/user/aji/rootfiles_existingOptimization/WbWb_4000_1000_pt300_ak6_ca6_th85.root,ok,,1000,999,0.999,0.0009994998749374613,0.4874874874874875,0.01581434572030046,0.2937937937937938,0.5205205205205206,0.3103103103103103,0.31,0.6896896896896897,0.014636668120822729,940.3891258463498,133.44198171910674,1305.5182163223094,0.9403891258463497,0.13344198171910673,1.3055182163223094,0.6231868289354869,0.1360421319443802,1.3198376060405415
WbWb_4000_1000,WbWb,4000,1000,85,400,1.2,1.6,/eos/uscms/store/user/aji/rootfiles_existingOptimization/WbWb_4000_1000_pt400_ak12_ca16_th85.root,ok,,1000,999,0.999,0.0009994998749374613,0.18518518518518517,0.0122899420278601,0.11611611611611612,0.4014014014014014,0.1881881881881882,0.188,0.8118118118118118,0.01236633819426633,1031.5355227412567,337.14578137254546,1376.6805923820946,1.0315355227412568,0.3371457813725454,1.3766805923820946,0.5038773692674368,0.26940696868276476,1.3198427333533744
WbWb_4000_1000,WbWb,4000,1000,85,320,0.4,1.4,/eos/uscms/store/user/aji/rootfiles_existingOptimization/WbWb_4000_1000_pt320_ak4_ca14_th85.root,ok,,1000,999,0.999,0.0009994998749374613,0.6386386386386387,0.015199024252057748,0.4159159159159159,0.492992992992993,0.26126126126126126,0.261,0.7387387387387387,0.013899532784848321,793.280165530097,87.92871914091457,977.884129168761,0.793280165530097,0.08792871914091456,0.977884129168761,0.5609338596239499,0.3102534271785797,1.321344581809679
WbWb_4000_1000,WbWb,4000,1000,85,260,0.4,1.0,/eos/uscms/store/user/aji/rootfiles_existingOptimization/WbWb_4000_1000_pt260_ak4_ca10_th85.root,ok,,1000,1000,1.0,0.0,0.516,0.015803290796539814,0.309,0.517,0.302,0.302,0.698,0.01451881537867329,879.6794913584264,95.05047756716996,1173.728539902721,0.8796794913584264,0.09505047756716996,1.173728539902721,0.6131085656378242,0.18660880957606868,1.3231406165019814
WbWb_4000_1000,WbWb,4000,1000,85,300,0.6,0.8,/eos/uscms/store/user/aji/rootfiles_existingOptimization/WbWb_4000_1000_pt300_ak6_ca8_th85.root,ok,,1000,999,0.999,0.0009994998749374613,0.4974974974974975,0.015819101790641832,0.2987987987987988,0.519019019019019,0.3073073073073073,0.307,0.6926926926926926,0.01459734937554182,941.4409016416898,129.4057150803649,1303.7673197037163,0.9414409016416898,0.1294057150803649,1.3037673197037163,0.6237043677279652,0.14503959802059746,1.323252970256489
WbWb_4000_1000,WbWb,4000,1000,85,140,1.2,1.2,/eos/uscms/store/user/aji/rootfiles_existingOptimization/WbWb_4000_1000_pt140_ak12_ca12_th85.root,ok,,1000,1000,1.0,0.0,0.02,0.004427188724235731,0.01,0.376,0.275,0.275,0.725,0.014120021246442939,1416.3576368243778,1057.3233050057843,2634.1916926654417,1.4163576368243778,1.0573233050057844,2.6341916926654414,0.5566632136764416,0.06257569714698827,1.3232989773588795
WbWb_4000_1000,WbWb,4000,1000,85,380,1.2,1.4,/eos/uscms/store/user/aji/rootfiles_existingOptimization/WbWb_4000_1000_pt380_ak12_ca14_th85.root,ok,,1000,999,0.999,0.0009994998749374613,0.16516516516516516,0.011748346991733221,0.1021021021021021,0.4074074074074074,0.19519519519519518,0.195,0.8048048048048049,0.012539987330542044,1064.8819443451052,353.5745628950074,1442.5178770678692,1.0648819443451052,0.3535745628950074,1.4425178770678693,0.5112976701105372,0.24623092430441454,1.3235906693498527
WbWb_4000_1000,WbWb,4000,1000,85,400,1.0,1.2,/eos/uscms/store/user/aji/rootfiles_existingOptimization/WbWb_4000_1000_pt400_ak10_ca12_th85.root,ok,,1000,999,0.999,0.0009994998749374613,0.4394394394394394,0.015702834059560484,0.2832832832832833,0.4209209209209209,0.21521521521521522,0.215,0.7847847847847848,0.01300256486421552,978.7459869917452,233.7729170919117,1285.6905332423096,0.9787459869917452,0.2337729170919117,1.2856905332423096,0.5373802958740866,0.23296248160416103,1.325290481959697
WbWb_4000_1000,WbWb,4000,1000,85,320,0.4,1.6,/eos/uscms/store/user/aji/rootfiles_existingOptimization/WbWb_4000_1000_pt320_ak4_ca16_th85.root,ok,,1000,999,0.999,0.0009994998749374613,0.6456456456456456,0.015133286565274899,0.4194194194194194,0.494994994994995,0.26126126126126126,0.261,0.7387387387387387,0.013899532784848321,783.7258895614866,87.88679097148601,974.1733742514542,0.7837258895614865,0.08788679097148601,0.9741733742514543,0.5654314825403223,0.3530878513969579,1.3267976323229123
WbWb_4000_1000,WbWb,4000,1000,85,280,0.4,1.0,/eos/uscms/store/user/aji/rootfiles_existingOptimization/WbWb_4000_1000_pt280_ak4_ca10_th85.root,ok,,1000,1000,1.0,0.0,0.563,0.01568537535413163,0.346,0.494,0.272,0.272,0.728,0.014071815803228808,856.804047450134,92.50777471096231,1094.6553603596226,0.856804047450134,0.0925077747109623,1.0946553603596225,0.5848172570093894,0.2321539206628176,1.3271368522643758
WbWb_4000_1000,WbWb,4000,1000,85,240,0.4,0.6,/eos/uscms/store/user/aji/rootfiles_existingOptimization/WbWb_4000_1000_pt240_ak4_ca6_th85.root,ok,,1000,1000,1.0,0.0,0.456,0.015750047618975634,0.269,0.539,0.335,0.335,0.665,0.014925649064613572,898.049923638797,100.13299246180735,1273.334326010916,0.8980499236387971,0.10013299246180736,1.273334326010916,0.6531938273517296,0.1298939928721831,1.3283888349878499
WbWb_4000_1000,WbWb,4000,1000,85,240,0.4,0.8,/eos/uscms/store/user/aji/rootfiles_existingOptimization/WbWb_4000_1000_pt240_ak4_ca8_th85.root,ok,,1000,1000,1.0,0.0,0.462,0.01576565888252058,0.272,0.538,0.333,0.333,0.667,0.01490338887635963,897.4562418075068,99.98877842672107,1269.868290482306,0.8974562418075067,0.09998877842672106,1.2698682904823062,0.6517752384781507,0.1346865020355317,1.3290296142974
WbWb_4000_1000,WbWb,4000,1000,85,260,0.4,0.4,/eos/uscms/store/user/aji/rootfiles_existingOptimization/WbWb_4000_1000_pt260_ak4_ca4_th85.root,ok,,1000,1000,1.0,0.0,0.493,0.015809838708854686,0.2975,0.5235,0.312,0.312,0.688,0.014651143300097778,887.9390312637383,99.10000966804472,1218.4437218063792,0.8879390312637384,0.09910000966804472,1.218443721806379,0.6303043749215836,0.14997224047988628,1.3295104717952098
WbWb_4000_1000,WbWb,4000,1000,85,340,0.6,0.8,/eos/uscms/store/user/aji/rootfiles_existingOptimization/WbWb_4000_1000_pt340_ak6_ca8_th85.root,ok,,1000,999,0.999,0.0009994998749374613,0.5965965965965966,0.015521275963447332,0.3808808808808809,0.46546546546546547,0.24624624624624625,0.246,0.7537537537537538,0.013630657624750263,901.0257063961212,120.34515093223254,1141.0902777978317,0.9010257063961213,0.12034515093223254,1.1410902777978318,0.5664350748372795,0.1902128046856348,1.331086257951421
WbWb_4000_1000,WbWb,4000,1000,85,400,1.2,1.4,/eos/uscms/store/user/aji/rootfiles_existingOptimization/WbWb_4000_1000_pt400_ak12_ca14_th85.root,ok,,1000,999,0.999,0.0009994998749374613,0.18218218218218218,0.01221232883823448,0.11461461461461461,0.3943943943943944,0.18618618618618618,0.186,0.8138138138138138,0.012315541515599363,1034.149571715917,340.15953639166065,1402.1580307605043,1.034149571715917,0.3401595363916607,1.4021580307605042,0.5134646493189171,0.2588731523644715,1.3316934203043225
WbWb_4000_1000,WbWb,4000,1000,85,320,0.4,1.2,/eos/uscms/store/user/aji/rootfiles_existingOptimization/WbWb_4000_1000_pt320_ak4_ca12_th85.root,ok,,1000,999,0.999,0.0009994998749374613,0.6326326326326326,0.015252580961493829,0.41291291291291293,0.4794794794794795,0.25325325325325326,0.253,0.7467467467467468,0.013758828013977608,796.6557675771735,87.96078462206836,986.0273376054347,0.7966557675771735,0.08796078462206837,0.9860273376054346,0.5636478072044893,0.2802309972034894,1.3317289771935186
WbWb_4000_1000,WbWb,4000,1000,85,340,0.6,0.6,/eos/uscms/store/user/aji/rootfiles_existingOptimization/WbWb_4000_1000_pt340_ak6_ca6_th85.root,ok,,1000,999,0.999,0.0009994998749374613,0.5805805805805806,0.015612511667052499,0.37287287287287285,0.4674674674674675,0.24824824824824826,0.248,0.7517517517517518,0.013667767314132825,902.6170325940252,122.87762658251154,1153.8758602415223,0.9026170325940253,0.12287762658251153,1.1538758602415224,0.5711160970982521,0.1774134195552577,1.3336061455906014
WbWb_4000_1000,WbWb,4000,1000,85,400,0.8,1.6,/eos/uscms/store/user/aji/rootfiles_existingOptimization/WbWb_4000_1000_pt400_ak8_ca16_th85.root,ok,,1000,999,0.999,0.0009994998749374613,0.6456456456456456,0.015133286565274899,0.43093093093093093,0.466966966966967,0.24024024024024024,0.24,0.7597597597597597,0.013516936590231392,844.1747735122248,155.72879738840535,1098.1270046139323,0.8441747735122247,0.15572879738840534,1.0981270046139324,0.5581771907875425,0.2864029914797226,1.3345194731960799
WbWb_4000_1000,WbWb,4000,1000,85,380,0.8,0.8,/eos/uscms/store/user/aji/rootfiles_existingOptimization/WbWb_4000_1000_pt380_ak8_ca8_th85.root,ok,,1000,999,0.999,0.0009994998749374613,0.5555555555555556,0.01572134666585218,0.36986986986986986,0.4419419419419419,0.22922922922922923,0.229,0.7707707707707707,0.01329887400293531,937.9416493372596,169.33145742937148,1213.84477613228,0.9379416493372597,0.16933145742937147,1.2138447761322801,0.5568114602016829,0.15307411010034655,1.3347880660387275
WbWb_4000_1000,WbWb,4000,1000,85,260,0.4,0.6,/eos/uscms/store/user/aji/rootfiles_existingOptimization/WbWb_4000_1000_pt260_ak4_ca6_th85.root,ok,,1000,1000,1.0,0.0,0.509,0.015808826648426505,0.3055,0.519,0.304,0.304,0.696,0.014545927265045704,886.6543166069632,95.27308946397754,1208.8792651068027,0.8866543166069634,0.09527308946397754,1.2088792651068025,0.6279821542539589,0.16139776344123427,1.3353167225932625
WbWb_4000_1000,WbWb,4000,1000,85,400,0.8,1.4,/eos/uscms/store/user/aji/rootfiles_existingOptimization/WbWb_4000_1000_pt400_ak8_ca14_th85.root,ok,,1000,999,0.999,0.0009994998749374613,0.6396396396396397,0.015189848667575837,0.42792792792792794,0.4594594594594595,0.23823823823823823,0.238,0.7617617617617618,0.01347822104440718,847.8152662980314,156.12718263056766,1102.7126549070317,0.8478152662980314,0.15612718263056766,1.1027126549070319,0.5582498392661122,0.2763751241299551,1.3362300743980708
WbWb_4000_1000,WbWb,4000,1000,85,300,0.4,1.0,/eos/uscms/store/user/aji/rootfiles_existingOptimization/WbWb_4000_1000_pt300_ak4_ca10_th85.root,ok,,1000,999,0.999,0.0009994998749374613,0.5995995995995996,0.015502265640853889,0.3808808808808809,0.47097097097097096,0.2502502502502503,0.25,0.7497497497497497,0.013704483769019274,842.7919026166726,89.73394438598669,1051.7253174589462,0.8427919026166726,0.0897339443859867,1.051725317458946,0.5707170240282329,0.24997554304109,1.3371875835163154
WbWb_4000_1000,WbWb,4000,1000,85,380,1.2,1.2,/eos/uscms/store/user/aji/rootfiles_existingOptimization/WbWb_4000_1000_pt380_ak12_ca12_th85.root,ok,,1000,999,0.999,0.0009994998749374613,0.14814814814814814,0.011239510707738654,0.0940940940940941,0.3953953953953954,0.1921921921921922,0.192,0.8078078078078078,0.012466345222869749,1074.8261624573074,362.6285430046142,1483.7532460904754,1.0748261624573074,0.36262854300461417,1.4837532460904752,0.5215376877888347,0.2067014387242588,1.3378281118423732
WbWb_4000_1000,WbWb,4000,1000,85,360,0.8,0.8,/eos/uscms/store/user/aji/rootfiles_existingOptimization/WbWb_4000_1000_pt360_ak8_ca8_th85.root,ok,,1000,999,0.999,0.0009994998749374613,0.5255255255255256,0.01579867227308162,0.33783783783783783,0.4594594594594595,0.24524524524524524,0.245,0.7547547547547547,0.013611954313399484,959.9730199848161,174.47831382782007,1284.448430939186,0.959973019984816,0.1744783138278201,1.284448430939186,0.5781256837452173,0.15915804903475964,1.3378831365014903
WbWb_4000_1000,WbWb,4000,1000,85,260,0.4,0.8,/eos/uscms/store/user/aji/rootfiles_existingOptimization/WbWb_4000_1000_pt260_ak4_ca8_th85.root,ok,,1000,1000,1.0,0.0,0.513,0.015806043148112688,0.3075,0.516,0.302,0.302,0.698,0.01451881537867329,886.0593269988392,95.16821957752947,1210.5872731540103,0.8860593269988392,0.09516821957752948,1.2105872731540104,0.6294268451270094,0.1641325056237367,1.3388209124271255
WbWb_4000_1000,WbWb,4000,1000,85,320,0.6,0.6,/eos/uscms/store/user/aji/rootfiles_existingOptimization/WbWb_4000_1000_pt320_ak6_ca6_th85.root,ok,,1000,999,0.999,0.0009994998749374613,0.5355355355355356,0.015779296940172233,0.33383383383383386,0.488988988988989,0.2752752752752753,0.275,0.7247247247247247,0.01413147184811231,924.9937840270361,128.04426858891787,1248.5013779913327,0.9249937840270361,0.12804426858891788,1.2485013779913328,0.6056565615632643,0.15046405115199563,1.3388819078852854
WbWb_4000_1000,WbWb,4000,1000,85,360,1.0,1.0,/eos/uscms/store/user/aji/rootfiles_existingOptimization/WbWb_4000_1000_pt360_ak10_ca10_th85.root,ok,,1000,999,0.999,0.0009994998749374613,0.35235235235235235,0.015113854595862068,0.21621621621621623,0.44144144144144143,0.23923923923923923,0.239,0.7607607607607607,0.01349762985339013,1055.5868176979907,264.45306817783984,1475.9160837009047,1.0555868176979906,0.26445306817783987,1.4759160837009047,0.5738339069850299,0.16885109361695497,1.3411533495155896
WbWb_4000_1000,WbWb,4000,1000,85,320,0.6,0.8,/eos/uscms/store/user/aji/rootfiles_existingOptimization/WbWb_4000_1000_pt320_ak6_ca8_th85.root,ok,,1000,999,0.999,0.0009994998749374613,0.5485485485485485,0.015744552371000975,0.34034034034034033,0.487987987987988,0.2722722722722723,0.272,0.7277277277277276,0.014083267392349346,925.2513773741853,123.89763684691216,1243.7025094296557,0.9252513773741853,0.12389763684691216,1.2437025094296559,0.6051354799171934,0.17280176667131114,1.3413380699075024
WbWb_4000_1000,WbWb,4000,1000,85,380,0.8,1.0,/eos/uscms/store/user/aji/rootfiles_existingOptimization/WbWb_4000_1000_pt380_ak8_ca10_th85.root,ok,,1000,999,0.999,0.0009994998749374613,0.5835835835835835,0.015596699702081945,0.3838838838838839,0.4389389389389389,0.22522522522522523,0.225,0.7747747747747747,0.013216410126963975,932.5733187713165,162.44758561044125,1205.3947499029753,0.9325733187713166,0.16244758561044126,1.2053947499029753,0.5591770337514251,0.18165696664965356,1.3416944766490682
WbWb_4000_1000,WbWb,4000,1000,85,400,0.8,1.2,/eos/uscms/store/user/aji/rootfiles_existingOptimization/WbWb_4000_1000_pt400_ak8_ca12_th85.root,ok,,1000,999,0.999,0.0009994998749374613,0.6326326326326326,0.015252580961493829,0.4244244244244244,0.44594594594594594,0.22922922922922923,0.229,0.7707707707707707,0.01329887400293531,857.0700083427398,156.6946426539776,1112.7762606850174,0.8570700083427398,0.15669464265397762,1.1127762606850176,0.5577616814988967,0.24145320549089294,1.3438254514353933
WbWb_4000_1000,WbWb,4000,1000,85,360,0.8,1.0,/eos/uscms/store/user/aji/rootfiles_existingOptimization/WbWb_4000_1000_pt360_ak8_ca10_th85.root,ok,,1000,999,0.999,0.0009994998749374613,0.5505505505505506,0.01573824431673398,0.35035035035035034,0.45795795795795796,0.24124124124124124,0.241,0.7587587587587588,0.013536141691690583,956.8038629296993,167.18899091651065,1277.6604960291663,0.9568038629296993,0.16718899091651065,1.2776604960291662,0.5803025824500914,0.18245843462827496,1.3443809549158803
WbWb_4000_1000,WbWb,4000,1000,85,280,0.4,0.6,/eos/uscms/store/user/aji/rootfiles_existingOptimization/WbWb_4000_1000_pt280_ak4_ca6_th85.root,ok,,1000,1000,1.0,0.0,0.556,0.015711906313366306,0.3425,0.494,0.274,0.274,0.726,0.014104041973845655,864.6539174112847,92.56254123913331,1143.9508273198949,0.8646539174112847,0.09256254123913331,1.143950827319895,0.6079821445952313,0.2157625698326944,1.3475167528541028
WbWb_4000_1000,WbWb,4000,1000,85,280,0.4,0.4,/eos/uscms/store/user/aji/rootfiles_existingOptimization/WbWb_4000_1000_pt280_ak4_ca4_th85.root,ok,,1000,1000,1.0,0.0,0.543,0.015752809273269323,0.336,0.4965,0.279,0.279,0.721,0.014183053267896867,867.0235281675277,94.98288737453514,1160.287329652029,0.8670235281675278,0.09498288737453513,1.160287329652029,0.6143457516827928,0.19547033966005128,1.34864339886604
WbWb_4000_1000,WbWb,4000,1000,85,360,0.6,1.0,/eos/uscms/store/user/aji/rootfiles_existingOptimization/WbWb_4000_1000_pt360_ak6_ca10_th85.root,ok,,1000,999,0.999,0.0009994998749374613,0.6326326326326326,0.015252580961493829,0.41791791791791794,0.44344344344344344,0.22522522522522523,0.225,0.7747747747747747,0.013216410126963975,861.3482713552494,116.26024009667967,1079.4824081708286,0.8613482713552494,0.11626024009667967,1.0794824081708285,0.5591362983515429,0.19762509961923358,1.3487762459907926
WbWb_4000_1000,WbWb,4000,1000,85,400,1.2,1.2,/eos/uscms/store/user/aji/rootfiles_existingOptimization/WbWb_4000_1000_pt400_ak12_ca12_th85.root,ok,,1000,999,0.999,0.0009994998749374613,0.16516516516516516,0.011748346991733221,0.1066066066066066,0.3813813813813814,0.18218218218218218,0.182,0.8178178178178178,0.01221232883823448,1041.412239085941,347.87061660920057,1447.5107911298605,1.041412239085941,0.34787061660920054,1.4475107911298604,0.5279562373329826,0.21127585948567346,1.3509152790593943
WbWb_4000_1000,WbWb,4000,1000,85,280,0.4,0.8,/eos/uscms/store/user/aji/rootfiles_existingOptimization/WbWb_4000_1000_pt280_ak4_ca8_th85.root,ok,,1000,1000,1.0,0.0,0.562,0.01568935945155187,0.3455,0.491,0.271,0.271,0.729,0.014055568291606,864.4457520640775,92.50777471096231,1151.0938006316014,0.8644457520640775,0.0925077747109623,1.1510938006316014,0.6122917623188059,0.22129689783686882,1.3548471871123982
WbWb_4000_1000,WbWb,4000,1000,85,360,0.6,0.6,/eos/uscms/store/user/aji/rootfiles_existingOptimization/WbWb_4000_1000_pt360_ak6_ca6_th85.root,ok,,1000,999,0.999,0.0009994998749374613,0.6176176176176176,0.015375386126028848,0.41041041041041043,0.44144144144144143,0.2222222222222222,0.222,0.7777777777777778,0.013153422318603286,873.2667699799201,119.95401956038677,1110.2033886297056,0.8732667699799201,0.11995401956038676,1.1102033886297058,0.5669798755150667,0.17770538478739742,1.3584309762948523
WbWb_4000_1000,WbWb,4000,1000,85,300,0.4,0.4,/eos/uscms/store/user/aji/rootfiles_existingOptimization/WbWb_4000_1000_pt300_ak4_ca4_th85.root,ok,,1000,999,0.999,0.0009994998749374613,0.5795795795795796,0.015617650319924981,0.3708708708708709,0.4724724724724725,0.25625625625625625,0.256,0.7437437437437437,0.013812304918185709,851.7091511528492,92.54206110020708,1117.7051580852608,0.8517091511528492,0.09254206110020707,1.1177051580852608,0.6018269826016442,0.21083555690485623,1.3613998112301031
WbWb_4000_1000,WbWb,4000,1000,85,380,1.0,1.0,/eos/uscms/store/user/aji/rootfiles_existingOptimization/WbWb_4000_1000_pt380_ak10_ca10_th85.root,ok,,1000,999,0.999,0.0009994998749374613,0.3863863863863864,0.015405494996193219,0.24324324324324326,0.4149149149149149,0.21121121121121122,0.211,0.7887887887887888,0.01291386089723664,1030.8578081207168,252.3519577901688,1424.6278716101508,1.0308578081207167,0.2523519577901688,1.4246278716101508,0.5685924404826863,0.2036232571298018,1.3614670100835466
WbWb_4000_1000,WbWb,4000,1000,85,360,0.6,0.8,/eos/uscms/store/user/aji/rootfiles_existingOptimization/WbWb_4000_1000_pt360_ak6_ca8_th85.root,ok,,1000,999,0.999,0.0009994998749374613,0.6326326326326326,0.015252580961493829,0.41791791791791794,0.43843843843843844,0.22022022022022023,0.22,0.7797797797797797,0.01311087983303845,871.406222744879,116.26024009667967,1106.1132903386128,0.871406222744879,0.11626024009667967,1.1061132903386128,0.5679630374476519,0.1919821082909827,1.3616021949529435
WbWb_4000_1000,WbWb,4000,1000,85,320,0.4,0.4,/eos/uscms/store/user/aji/rootfiles_existingOptimization/WbWb_4000_1000_pt320_ak4_ca4_th85.root,ok,,1000,999,0.999,0.0009994998749374613,0.6106106106106106,0.015427355447919917,0.4019019019019019,0.44744744744744747,0.23423423423423423,0.234,0.7657657657657657,0.013399556181187083,826.5814839925728,90.60665634539367,1052.5026028385448,0.8265814839925728,0.09060665634539368,1.0525026028385447,0.5818518592062933,0.2101293550006092,1.3659594765728018
WbWb_4000_1000,WbWb,4000,1000,85,320,0.4,1.0,/eos/uscms/store/user/aji/rootfiles_existingOptimization/WbWb_4000_1000_pt320_ak4_ca10_th85.root,ok,,1000,999,0.999,0.0009994998749374613,0.6296296296296297,0.01527840268846177,0.4114114114114114,0.4469469469469469,0.23023023023023023,0.23,0.7697697697697697,0.01331922193641043,812.8491664537153,88.25212533829448,1026.1214411314395,0.8128491664537152,0.08825212533829448,1.0261214411314397,0.5769024282111684,0.24346406747391383,1.3663872813355664
WbWb_4000_1000,WbWb,4000,1000,85,300,0.4,0.6,/eos/uscms/store/user/aji/rootfiles_existingOptimization/WbWb_4000_1000_pt300_ak4_ca6_th85.root,ok,,1000,999,0.999,0.0009994998749374613,0.5955955955955956,0.015527478375042444,0.3788788788788789,0.46896896896896895,0.2502502502502503,0.25,0.7497497497497497,0.013704483769019274,849.8548398731318,89.90154118143853,1113.1767107372075,0.8498548398731318,0.08990154118143853,1.1131767107372075,0.6020293828699768,0.22763285959579196,1.3677936486324134
WbWb_4000_1000,WbWb,4000,1000,85,300,0.4,0.8,/eos/uscms/store/user/aji/rootfiles_existingOptimization/WbWb_4000_1000_pt300_ak4_ca8_th85.root,ok,,1000,999,0.999,0.0009994998749374613,0.5995995995995996,0.015502265640853889,0.3808808808808809,0.466966966966967,0.24824824824824826,0.248,0.7517517517517518,0.013667767314132825,849.163825571217,89.73394438598669,1117.7051580852608,0.8491638255712171,0.0897339443859867,1.1177051580852608,0.6052843884439947,0.23311230183603487,1.3731197576386247
WbWb_4000_1000,WbWb,4000,1000,85,320,0.4,0.6,/eos/uscms/store/user/aji/rootfiles_existingOptimization/WbWb_4000_1000_pt320_ak4_ca6_th85.root,ok,,1000,999,0.999,0.0009994998749374613,0.6286286286286287,0.015286869014333173,0.4109109109109109,0.4444444444444444,0.22822822822822822,0.228,0.7717717717717718,0.013278419352035864,824.5464232334583,88.31709673713337,1051.4787952406307,0.8245464232334583,0.08831709673713337,1.0514787952406306,0.5840554705982831,0.22763285959579196,1.374372600046709
WbWb_4000_1000,WbWb,4000,1000,85,320,0.4,0.8,/eos/uscms/store/user/aji/rootfiles_existingOptimization/WbWb_4000_1000_pt320_ak4_ca8_th85.root,ok,,1000,999,0.999,0.0009994998749374613,0.6296296296296297,0.01527840268846177,0.4114114114114114,0.44294294294294295,0.22822822822822822,0.228,0.7717717717717718,0.013278419352035864,821.8912689019517,88.25212533829448,1051.195982742517,0.8218912689019517,0.08825212533829448,1.0511959827425168,0.5858097620934196,0.23119553948960034,1.376392406974996
WbWb_4000_1000,WbWb,4000,1000,85,400,0.8,0.8,/eos/uscms/store/user/aji/rootfiles_existingOptimization/WbWb_4000_1000_pt400_ak8_ca8_th85.root,ok,,1000,999,0.999,0.0009994998749374613,0.5955955955955956,0.015527478375042444,0.4059059059059059,0.4159159159159159,0.20520520520520522,0.205,0.7947947947947948,0.012777295811326628,886.2510626463086,163.5062945844761,1173.0903176114336,0.8862510626463085,0.1635062945844761,1.1730903176114336,0.569581276445741,0.169926057038218,1.3767509649759049
WbWb_4000_1000,WbWb,4000,1000,85,100,1.0,0.8,/eos/uscms/store/user/aji/rootfiles_existingOptimization/WbWb_4000_1000_pt100_ak10_ca8_th85.root,ok,,1000,1000,1.0,0.0,0.007,0.0026364749192814255,0.0035,0.3535,0.32,0.32,0.6799999999999999,0.01475127113166862,1574.5581988005117,1067.5136308516592,3107.641123746999,1.5745581988005117,1.067513630851659,3.107641123746999,0.6478412466587439,0.0061144740906220185,1.385297066538795
WbWb_4000_1000,WbWb,4000,1000,85,400,1.0,1.0,/eos/uscms/store/user/aji/rootfiles_existingOptimization/WbWb_4000_1000_pt400_ak10_ca10_th85.root,ok,,1000,999,0.999,0.0009994998749374613,0.4134134134134134,0.015580292312142778,0.2702702702702703,0.38788788788788786,0.1921921921921922,0.192,0.8078078078078078,0.012466345222869749,994.5003234306183,240.90471558957185,1387.9640418821582,0.9945003234306182,0.24090471558957186,1.3879640418821582,0.5767013339602053,0.18941069823545767,1.3860591094249513
WbWb_4000_1000,WbWb,4000,1000,85,400,0.8,1.0,/eos/uscms/store/user/aji/rootfiles_existingOptimization/WbWb_4000_1000_pt400_ak8_ca10_th85.root,ok,,1000,999,0.999,0.0009994998749374613,0.6286286286286287,0.015286869014333173,0.42242242242242245,0.4124124124124124,0.2012012012012012,0.201,0.7987987987987988,0.012683854224737423,873.637022180577,157.00993757794586,1169.3001210410741,0.8736370221805769,0.15700993757794587,1.169300121041074,0.5793539867028965,0.20893031382011013,1.3917890832836375
WbWb_4000_1000,WbWb,4000,1000,85,400,0.6,0.4,/eos/uscms/store/user/aji/rootfiles_existingOptimization/WbWb_4000_1000_pt400_ak6_ca4_th85.root,ok,,1000,999,0.999,0.0009994998749374613,0.3713713713713714,0.015286869014333175,0.32482482482482483,0.43043043043043044,0.24124124124124124,0.241,0.7587587587587588,0.013536141691690583,749.3311563768069,123.12897996361446,1032.7887163662595,0.7493311563768069,0.12312897996361445,1.0327887163662595,0.6069811248747914,0.10916689706783238,1.3918067679958694
WbWb_4000_1000,WbWb,4000,1000,85,380,0.6,1.4,/eos/uscms/store/user/aji/rootfiles_existingOptimization/WbWb_4000_1000_pt380_ak6_ca14_th85.root,ok,,1000,999,0.999,0.0009994998749374613,0.6876876876876877,0.01466248001569515,0.46546546546546547,0.45645645645645644,0.22922922922922923,0.229,0.7707707707707707,0.01329887400293531,753.2030382417433,113.77888896736604,1019.8086256336798,0.7532030382417434,0.11377888896736604,1.0198086256336798,0.6014511962015745,0.2855466013183548,1.3979016631481707
WbWb_4000_1000,WbWb,4000,1000,85,340,0.4,1.4,/eos/uscms/store/user/aji/rootfiles_existingOptimization/WbWb_4000_1000_pt340_ak4_ca14_th85.root,ok,,1000,999,0.999,0.0009994998749374613,0.6746746746746747,0.014822566123778648,0.4544544544544545,0.46346346346346345,0.23523523523523523,0.235,0.7647647647647647,0.013419377744072073,727.8832696468528,85.70171683430901,973.0343033275293,0.7278832696468528,0.08570171683430902,0.9730343033275293,0.6095294558176392,0.3102534271785797,1.4025058936177186
WbWb_4000_1000,WbWb,4000,1000,85,380,0.6,1.2,/eos/uscms/store/user/aji/rootfiles_existingOptimization/WbWb_4000_1000_pt380_ak6_ca12_th85.root,ok,,1000,999,0.999,0.0009994998749374613,0.6806806806806807,0.01475032418940202,0.461961961961962,0.44544544544544545,0.2222222222222222,0.222,0.7777777777777778,0.013153422318603286,759.9047491547606,113.837571485719,1026.566871720225,0.7599047491547605,0.113837571485719,1.0265668717202248,0.6005550703885792,0.2641610546046695,1.4033423732508807
WbWb_4000_1000,WbWb,4000,1000,85,380,0.6,1.6,/eos/uscms/store/user/aji/rootfiles_existingOptimization/WbWb_4000_1000_pt380_ak6_ca16_th85.root,ok,,1000,999,0.999,0.0009994998749374613,0.6926926926926927,0.014597349375541819,0.46796796796796797,0.45895895895895894,0.23223223223223224,0.232,0.7677677677677678,0.013359599599019159,740.2654892700228,113.4087047833615,1017.4959618725845,0.7402654892700229,0.11340870478336149,1.0174959618725845,0.6106506855943974,0.31383538671004835,1.405391904435163
WbWb_4000_1000,WbWb,4000,1000,85,340,0.4,1.6,/eos/uscms/store/user/aji/rootfiles_existingOptimization/WbWb_4000_1000_pt340_ak4_ca16_th85.root,ok,,1000,999,0.999,0.0009994998749374613,0.6796796796796797,0.014762558919647494,0.456956956956957,0.46646646646646645,0.23723723723723725,0.237,0.7627627627627628,0.013458709721687763,718.5898334391719,85.6347298916714,968.1195097657634,0.7185898334391718,0.08563472989167141,0.9681195097657634,0.6140392883451459,0.33304106858580435,1.4059430677639915
WbWb_4000_1000,WbWb,4000,1000,85,100,1.0,1.4,/eos/uscms/store/user/aji/rootfiles_existingOptimization/WbWb_4000_1000_pt100_ak10_ca14_th85.root,ok,,1000,1000,1.0,0.0,0.038,0.006046155803483731,0.019,0.4015,0.297,0.297,0.7030000000000001,0.014449602070645405,1425.7215331630832,1028.0292788789068,2912.7759721071475,1.4257215331630833,1.0280292788789067,2.9127759721071476,0.6609799492355185,0.07188523647760955,1.406552102551827
WbWb_4000_1000,WbWb,4000,1000,85,340,0.4,1.2,/eos/uscms/store/user/aji/rootfiles_existingOptimization/WbWb_4000_1000_pt340_ak4_ca12_th85.root,ok,,1000,999,0.999,0.0009994998749374613,0.6696696696696697,0.014880646384852245,0.4519519519519519,0.45045045045045046,0.22722722722722724,0.227,0.7727727727727728,0.013257857489770824,731.8304723976746,85.70171683430901,978.7256953849045,0.7318304723976745,0.08570171683430902,0.9787256953849045,0.6101303595795946,0.2802309972034894,1.4107200851126
WbWb_4000_1000,WbWb,4000,1000,85,340,0.4,0.4,/eos/uscms/store/user/aji/rootfiles_existingOptimization/WbWb_4000_1000_pt340_ak4_ca4_th85.root,ok,,1000,999,0.999,0.0009994998749374613,0.6496496496496497,0.015094131812559211,0.4419419419419419,0.42042042042042044,0.2072072072072072,0.207,0.7927927927927928,0.012823291983960384,777.8816132892093,87.8914875410494,1017.2113786872586,0.7778816132892095,0.0878914875410494,1.0172113786872585,0.5973401834352757,0.21187649263689748,1.4133448148991477
WbWb_4000_1000,WbWb,4000,1000,85,380,0.6,0.6,/eos/uscms/store/user/aji/rootfiles_existingOptimization/WbWb_4000_1000_pt380_ak6_ca6_th85.root,ok,,1000,999,0.999,0.0009994998749374613,0.6626626626626627,0.01495876407990617,0.45295295295295296,0.41291291291291293,0.19519519519519518,0.195,0.8048048048048049,0.012539987330542044,795.9392313020999,116.48077059384828,1061.530117480311,0.7959392313020999,0.11648077059384827,1.061530117480311,0.5936692838600437,0.18791158825673615,1.4198801655346385
WbWb_4000_1000,WbWb,4000,1000,85,200,1.6,1.4,/eos/uscms/store/user/aji/rootfiles_existingOptimization/WbWb_4000_1000_pt200_ak16_ca14_th85.root,ok,,1000,1000,1.0,0.0,0.002,0.0014127986409959489,0.001,0.339,0.216,0.216,0.784,0.013013224043256921,1470.9304687389467,1093.8210649259368,2829.79294156465,1.4709304687389468,1.093821064925937,2.8297929415646497,0.5900931123301124,0.062052771456571065,1.4211861592040071
WbWb_4000_1000,WbWb,4000,1000,85,340,0.4,0.6,/eos/uscms/store/user/aji/rootfiles_existingOptimization/WbWb_4000_1000_pt340_ak4_ca6_th85.root,ok,,1000,999,0.999,0.0009994998749374613,0.6676676676676677,0.014903344016755646,0.45095095095095095,0.4159159159159159,0.2002002002002002,0.2,0.7997997997997998,0.012660188008098473,777.2306356129507,85.91048636098412,1017.3715563511585,0.7772306356129507,0.08591048636098413,1.0173715563511585,0.5992179330756773,0.22763285959579196,1.4222946693141818
WbWb_4000_1000,WbWb,4000,1000,85,340,0.4,0.8,/eos/uscms/store/user/aji/rootfiles_existingOptimization/WbWb_4000_1000_pt340_ak4_ca8_th85.root,ok,,1000,999,0.999,0.0009994998749374613,0.6676676676676677,0.014903344016755646,0.45095095095095095,0.4144144144144144,0.2002002002002002,0.2,0.7997997997997998,0.012660188008098473,773.4115475395574,85.89522868283552,1016.8931268742227,0.7734115475395574,0.08589522868283553,1.0168931268742227,0.6018774229277781,0.2360514720393441,1.425336067973622
WbWb_4000_1000,WbWb,4000,1000,85,100,1.0,1.6,/eos/uscms/store/user/aji/rootfiles_existingOptimization/WbWb_4000_1000_pt100_ak10_ca16_th85.root,ok,,1000,1000,1.0,0.0,0.051,0.00695693898205238,0.0255,0.419,0.292,0.292,0.708,0.014378317008607092,1372.4427818963914,1010.1090065722335,2881.266108382035,1.3724427818963914,1.0101090065722333,2.881266108382035,0.6816885652691127,0.09242570793384092,1.4269328434587518
WbWb_4000_1000,WbWb,4000,1000,85,380,0.6,1.0,/eos/uscms/store/user/aji/rootfiles_existingOptimization/WbWb_4000_1000_pt380_ak6_ca10_th85.root,ok,,1000,999,0.999,0.0009994998749374613,0.6796796796796797,0.014762558919647494,0.46146146146146144,0.4159159159159159,0.2002002002002002,0.2,0.7997997997997998,0.012660188008098473,777.7760199788198,114.04068588067469,1053.6954349723615,0.7777760199788198,0.1140406858806747,1.0536954349723615,0.6040651324768763,0.21439888090455791,1.4270873302787939
WbWb_4000_1000,WbWb,4000,1000,85,380,0.6,0.8,/eos/uscms/store/user/aji/rootfiles_existingOptimization/WbWb_4000_1000_pt380_ak6_ca8_th85.root,ok,,1000,999,0.999,0.0009994998749374613,0.6796796796796797,0.014762558919647494,0.46146146146146144,0.4099099099099099,0.1941941941941942,0.194,0.8058058058058057,0.012515568248547323,790.161388876957,114.04068588067469,1061.530117480311,0.790161388876957,0.1140406858806747,1.061530117480311,0.5995543726492931,0.21041383508960512,1.4273440395674033
WbWb_4000_1000,WbWb,4000,1000,85,340,0.4,1.0,/eos/uscms/store/user/aji/rootfiles_existingOptimization/WbWb_4000_1000_pt340_ak4_ca10_th85.root,ok,,1000,999,0.999,0.0009994998749374613,0.6676676676676677,0.014903344016755646,0.45095095095095095,0.4194194194194194,0.2042042042042042,0.204,0.7957957957957957,0.012754117558821393,756.3988593204604,85.89522868283552,1005.0451953091479,0.7563988593204602,0.08589522868283553,1.005045195309148,0.6075828614099615,0.24698266738307767,1.4287387712737112
WbWb_4000_1000,WbWb,4000,1000,85,100,1.0,1.2,/eos/uscms/store/user/aji/rootfiles_existingOptimization/WbWb_4000_1000_pt100_ak10_ca12_th85.root,ok,,1000,1000,1.0,0.0,0.029,0.005306505441436953,0.0145,0.372,0.292,0.292,0.708,0.014378317008607092,1507.7539423240196,1044.6875952839116,3065.0372772226046,1.5077539423240194,1.0446875952839116,3.0650372772226047,0.6699865360075165,0.05137194636168647,1.4287619302399184
WbWb_4000_1000,WbWb,4000,1000,85,200,1.6,1.6,/eos/uscms/store/user/aji/rootfiles_existingOptimization/WbWb_4000_1000_pt200_ak16_ca16_th85.root,ok,,1000,1000,1.0,0.0,0.002,0.0014127986409959489,0.001,0.3535,0.196,0.196,0.804,0.01255324659201754,1418.8598744753044,1057.454512911575,2738.7428843630223,1.4188598744753045,1.0574545129115749,2.7387428843630226,0.5924786519434097,0.11205397725890572,1.4383646393909402
WbWb_4000_1000,WbWb,4000,1000,85,100,1.0,1.0,/eos/uscms/store/user/aji/rootfiles_existingOptimization/WbWb_4000_1000_pt100_ak10_ca10_th85.root,ok,,1000,1000,1.0,0.0,0.026,0.0050322956987840055,0.013,0.3405,0.276,0.276,0.724,0.014135911714495106,1593.5876529399966,1056.4221016410056,3188.220124884969,1.5935876529399966,1.0564221016410056,3.188220124884969,0.6688675139114647,0.037204767339744066,1.4522262792054643
WbWb_4000_1000,WbWb,4000,1000,85,160,1.4,1.2,/eos/uscms/store/user/aji/rootfiles_existingOptimization/WbWb_4000_1000_pt160_ak14_ca12_th85.root,ok,,1000,1000,1.0,0.0,0.002,0.0014127986409959489,0.001,0.3045,0.219,0.219,0.781,0.013078187947877183,1549.8565323443104,1093.532449619591,3154.004924326855,1.5498565323443103,1.093532449619591,3.154004924326855,0.6647300674955368,0.039735345960735274,1.5007157207299677
WbWb_4000_1000,WbWb,4000,1000,85,360,0.4,0.4,/eos/uscms/store/user/aji/rootfiles_existingOptimization/WbWb_4000_1000_pt360_ak4_ca4_th85.root,ok,,1000,999,0.999,0.0009994998749374613,0.6846846846846847,0.01470060117538859,0.47647647647647645,0.3978978978978979,0.19119119119119118,0.191,0.8088088088088088,0.012441539756541315,665.1733832725008,86.09591845110552,1002.8205381092358,0.6651733832725009,0.08609591845110552,1.0028205381092359,0.6890869679331236,0.21545688754542539,1.5323784384146824
WbWb_4000_1000,WbWb,4000,1000,85,360,0.4,1.4,/eos/uscms/store/user/aji/rootfiles_existingOptimization/WbWb_4000_1000_pt360_ak4_ca14_th85.root,ok,,1000,999,0.999,0.0009994998749374613,0.7077077077077077,0.01438973845250639,0.487987987987988,0.4389389389389389,0.2172172172172172,0.217,0.7827827827827828,0.013046229411730002,620.6612925678287,84.40398660413068,968.1195097657634,0.6206612925678285,0.08440398660413068,0.9681195097657634,0.7119144803645512,0.3013934845888355,1.5336311338905513
WbWb_4000_1000,WbWb,4000,1000,85,360,0.4,1.2,/eos/uscms/store/user/aji/rootfiles_existingOptimization/WbWb_4000_1000_pt360_ak4_ca12_th85.root,ok,,1000,999,0.999,0.0009994998749374613,0.7027027027027027,0.0144610074010102,0.4854854854854855,0.42742742742742745,0.21121121121121122,0.211,0.7887887887887888,0.01291386089723664,623.612483701462,84.40398660413068,974.5736852908467,0.623612483701462,0.08440398660413068,0.9745736852908466,0.713720236486527,0.2778175498764599,1.5411477769051696
WbWb_4000_1000,WbWb,4000,1000,85,360,0.4,1.6,/eos/uscms/store/user/aji/rootfiles_existingOptimization/WbWb_4000_1000_pt360_ak4_ca16_th85.root,ok,,1000,999,0.999,0.0009994998749374613,0.7117117117117117,0.014331208415857884,0.48998998998999,0.4419419419419419,0.21921921921921922,0.219,0.7807807807807807,0.013089441799815832,608.9015498751253,84.1117800203287,965.2027607201281,0.6089015498751253,0.0841117800203287,0.9652027607201281,0.7235085711971789,0.3155668757231896,1.544399196990447
WbWb_4000_1000,WbWb,4000,1000,85,160,1.4,1.4,/eos/uscms/store/user/aji/rootfiles_existingOptimization/WbWb_4000_1000_pt160_ak14_ca14_th85.root,ok,,1000,1000,1.0,0.0,0.008,0.0028170906978654416,0.004,0.3275,0.199,0.199,0.8009999999999999,0.012625331678811453,1483.4586269915203,1065.060640654913,3142.1096898804894,1.4834586269915202,1.065060640654913,3.1421096898804897,0.7000697597606305,0.08102879839113158,1.5494156224597824
WbWb_4000_1000,WbWb,4000,1000,85,360,0.4,0.6,/eos/uscms/store/user/aji/rootfiles_existingOptimization/WbWb_4000_1000_pt360_ak4_ca6_th85.root,ok,,1000,999,0.999,0.0009994998749374613,0.7017017017017017,0.014475011208289888,0.484984984984985,0.3928928928928929,0.1841841841841842,0.184,0.8158158158158157,0.012264207323013282,646.2281087074197,84.58517549521501,1005.0451953091479,0.6462281087074196,0.08458517549521502,1.005045195309148,0.7121788787979447,0.23119553948960034,1.5643718837430183
WbWb_4000_1000,WbWb,4000,1000,85,360,0.4,1.0,/eos/uscms/store/user/aji/rootfiles_existingOptimization/WbWb_4000_1000_pt360_ak4_ca10_th85.root,ok,,1000,999,0.999,0.0009994998749374613,0.7017017017017017,0.014475011208289888,0.484984984984985,0.3978978978978979,0.1891891891891892,0.189,0.8108108108108107,0.012391537034331117,635.3835550081017,84.43849424235269,994.7657978618553,0.6353835550081017,0.08443849424235268,0.9947657978618553,0.716360453811159,0.24346406747391383,1.5646329091211597
WbWb_4000_1000,WbWb,4000,1000,85,160,1.4,1.6,/eos/uscms/store/user/aji/rootfiles_existingOptimization/WbWb_4000_1000_pt160_ak14_ca16_th85.root,ok,,1000,1000,1.0,0.0,0.009,0.002986469487538756,0.0045,0.3395,0.196,0.196,0.804,0.01255324659201754,1435.5327736431364,1055.2103849348014,3115.364643586593,1.4355327736431365,1.0552103849348013,3.1153646435865934,0.7175573753789938,0.1100043810140194,1.5651106527433076
WbWb_4000_1000,WbWb,4000,1000,85,360,0.4,0.8,/eos/uscms/store/user/aji/rootfiles_existingOptimization/WbWb_4000_1000_pt360_ak4_ca8_th85.root,ok,,1000,999,0.999,0.0009994998749374613,0.7017017017017017,0.014475011208289888,0.484984984984985,0.3913913913913914,0.1841841841841842,0.184,0.8158158158158157,0.012264207323013282,642.6673395129279,84.4918955117923,1004.5632999006564,0.6426673395129279,0.08449189551179229,1.0045632999006562,0.7158224386244509,0.23907232631467315,1.5683715204889737
WbWb_4000_1000,WbWb,4000,1000,85,120,1.2,1.0,/eos/uscms/store/user/aji/rootfiles_existingOptimization/WbWb_4000_1000_pt120_ak12_ca10_th85.root,ok,,1000,1000,1.0,0.0,0.008,0.0028170906978654416,0.004,0.2955,0.251,0.251,0.749,0.013711272734505722,1706.6185798350095,1122.9231076748933,3755.62294384045,1.7066185798350095,1.1229231076748931,3.7556229438404496,0.7713205127592357,0.016278126400684677,1.5909823707427369
WbWb_4000_1000,WbWb,4000,1000,85,120,1.2,1.2,/eos/uscms/store/user/aji/rootfiles_existingOptimization/WbWb_4000_1000_pt120_ak12_ca12_th85.root,ok,,1000,1000,1.0,0.0,0.014,0.003715373467095872,0.007,0.313,0.237,0.237,0.763,0.013447341744746431,1658.1059202357642,1089.929945452689,3793.7571893707513,1.6581059202357644,1.089929945452689,3.7937571893707513,0.8153361045636963,0.05417550054001091,1.6441466965872729
WbWb_4000_1000,WbWb,4000,1000,85,180,1.6,1.4,/eos/uscms/store/user/aji/rootfiles_existingOptimization/WbWb_4000_1000_pt180_ak16_ca14_th85.root,ok,,1000,1000,1.0,0.0,0.002,0.0014127986409959489,0.001,0.303,0.2,0.2,0.8,0.012649110640673518,1601.5097825771245,1110.7622862839623,3649.6030142984046,1.6015097825771245,1.1107622862839626,3.6496030142984046,0.7926397814220589,0.0578381637710608,1.6527907596797715
WbWb_4000_1000,WbWb,4000,1000,85,120,1.2,1.4,/eos/uscms/store/user/aji/rootfiles_existingOptimization/WbWb_4000_1000_pt120_ak12_ca14_th85.root,ok,,1000,1000,1.0,0.0,0.02,0.004427188724235731,0.01,0.335,0.24,0.24,0.76,0.013505554412907307,1594.5381996015244,1074.5255950006829,3831.4334367607557,1.5945381996015247,1.074525595000683,3.8314334367607557,0.8644847274430378,0.07444093854900105,1.6839385474031903
WbWb_4000_1000,WbWb,4000,1000,85,180,1.6,1.6,/eos/uscms/store/user/aji/rootfiles_existingOptimization/WbWb_4000_1000_pt180_ak16_ca16_th85.root,ok,,1000,1000,1.0,0.0,0.002,0.0014127986409959489,0.001,0.318,0.181,0.181,0.819,0.012175343937647102,1529.0825854976472,1079.6545019670166,3597.900840038853,1.529082585497647,1.0796545019670167,3.597900840038853,0.8234500745596618,0.10525722085245921,1.6953583331094264
WbWb_4000_1000,WbWb,4000,1000,85,120,1.2,1.6,/eos/uscms/store/user/aji/rootfiles_existingOptimization/WbWb_4000_1000_pt120_ak12_ca16_th85.root,ok,,1000,1000,1.0,0.0,0.024,0.004839834707921336,0.012,0.3575,0.239,0.239,0.761,0.01348625225924534,1502.080436591561,1061.8102072363574,3831.7702955816285,1.502080436591561,1.0618102072363573,3.831770295581629,0.9220411972845856,0.09504129985440368,1.7332492409437417
WbWb_4000_1000,WbWb,4000,1000,85,140,1.4,1.2,/eos/uscms/store/user/aji/rootfiles_existingOptimization/WbWb_4000_1000_pt140_ak14_ca12_th85.root,ok,,1000,1000,1.0,0.0,0.001,0.0009994998749374609,0.0005,0.2545,0.189,0.189,0.8109999999999999,0.012380589646701001,1782.9609336059068,1130.5273097275197,4266.462649084236,1.782960933605907,1.1305273097275197,4.266462649084235,0.8794178493340618,0.03623447451531943,1.7687139426946525
WbWb_4000_1000,WbWb,4000,1000,85,400,0.6,0.6,/eos/uscms/store/user/aji/rootfiles_existingOptimization/WbWb_4000_1000_pt400_ak6_ca6_th85.root,ok,,1000,999,0.999,0.0009994998749374613,0.6966966966966966,0.014543793571143939,0.4874874874874875,0.3888888888888889,0.1781781781781782,0.178,0.8218218218218218,0.012106910931016844,496.21665337247214,114.5706982093974,1045.7893850247578,0.49621665337247217,0.1145706982093974,1.0457893850247577,0.938318656262797,0.1810615995690515,1.8115188127473716
WbWb_4000_1000,WbWb,4000,1000,85,100,1.6,1.4,/eos/uscms/store/user/aji/rootfiles_existingOptimization/WbWb_4000_1000_pt100_ak16_ca14_th85.root,ok,,1000,1000,1.0,0.0,0.002,0.0014127986409959489,0.001,0.093,0.064,0.064,0.9359999999999999,0.007739767438366611,3821.8599548995135,1627.8233702489083,6302.938192462228,3.821859954899513,1.6278233702489084,6.302938192462228,0.6116282225647696,0.04632004848326093,1.8298142180547208
WbWb_4000_1000,WbWb,4000,1000,85,140,1.4,1.4,/eos/uscms/store/user/aji/rootfiles_existingOptimization/WbWb_4000_1000_pt140_ak14_ca14_th85.root,ok,,1000,1000,1.0,0.0,0.006,0.002442130217658346,0.003,0.281,0.174,0.174,0.8260000000000001,0.011988494484296182,1718.0967791450105,1099.1466658938346,4322.759339906832,1.7180967791450104,1.0991466658938347,4.322759339906832,0.9381347759749566,0.07288896664065302,1.8359444538894576
WbWb_4000_1000,WbWb,4000,1000,85,100,1.6,1.6,/eos/uscms/store/user/aji/rootfiles_existingOptimization/WbWb_4000_1000_pt100_ak16_ca16_th85.root,ok,,1000,1000,1.0,0.0,0.002,0.0014127986409959489,0.001,0.099,0.055,0.055,0.945,0.007209368904418752,3779.0378234376212,1569.5248628204174,6215.449580806799,3.779037823437621,1.5695248628204175,6.215449580806799,0.6146967740270184,0.07578429189906194,1.8376005563707805
WbWb_4000_1000,WbWb,4000,1000,85,140,1.4,1.6,/eos/uscms/store/user/aji/rootfiles_existingOptimization/WbWb_4000_1000_pt140_ak14_ca16_th85.root,ok,,1000,1000,1.0,0.0,0.007,0.0026364749192814255,0.0035,0.29,0.17,0.17,0.83,0.0118785521003193,1674.277903332287,1088.4317174791224,4240.609274550045,1.674277903332287,1.0884317174791225,4.240609274550045,0.9413543446990482,0.1004223721185366,1.8387821350322768
WbWb_4000_1000,WbWb,4000,1000,85,120,1.6,1.4,/eos/uscms/store/user/aji/rootfiles_existingOptimization/WbWb_4000_1000_pt120_ak16_ca14_th85.root,ok,,1000,1000,1.0,0.0,0.002,0.0014127986409959489,0.001,0.1435,0.097,0.097,0.903,0.009359006357514668,3077.975695472648,1302.3197744264703,5818.922950783323,3.077975695472648,1.3023197744264703,5.818922950783323,0.7336970176535608,0.04763772756754529,1.8444945872008254
WbWb_4000_1000,WbWb,4000,1000,85,100,1.2,1.0,/eos/uscms/store/user/aji/rootfiles_existingOptimization/WbWb_4000_1000_pt100_ak12_ca10_th85.root,ok,,1000,1000,1.0,0.0,0.005,0.0022304708023195463,0.0025,0.2245,0.194,0.194,0.806,0.012504559168559281,2124.949668141837,1166.2756369750261,5202.208250909878,2.1249496681418365,1.1662756369750262,5.2022082509098775,0.9496536963776829,0.014842845141696502,1.8681486631918667
WbWb_4000_1000,WbWb,4000,1000,85,160,1.6,1.4,/eos/uscms/store/user/aji/rootfiles_existingOptimization/WbWb_4000_1000_pt160_ak16_ca14_th85.root,ok,,1000,1000,1.0,0.0,0.002,0.0014127986409959489,0.001,0.2535,0.171,0.171,0.829,0.011906258858264422,1871.8518280643111,1143.9668611551479,4711.794396565575,1.8718518280643108,1.143966861155148,4.711794396565575,0.9530208219258283,0.05405739489302755,1.8692060047322592
WbWb_4000_1000,WbWb,4000,1000,85,120,1.4,1.2,/eos/uscms/store/user/aji/rootfiles_existingOptimization/WbWb_4000_1000_pt120_ak14_ca12_th85.root,ok,,1000,1000,1.0,0.0,0.001,0.0009994998749374609,0.0005,0.1935,0.146,0.146,0.854,0.011166198995181844,2222.7537181357075,1197.3013304963124,5187.046971501215,2.2227537181357073,1.1973013304963125,5.187046971501215,0.8974781165479787,0.030538617110981943,1.8737534883615494
WbWb_4000_1000,WbWb,4000,1000,85,120,1.6,1.6,/eos/uscms/store/user/aji/rootfiles_existingOptimization/WbWb_4000_1000_pt120_ak16_ca16_th85.root,ok,,1000,1000,1.0,0.0,0.002,0.0014127986409959489,0.001,0.16,0.086,0.086,0.914,0.008865889690267975,2953.5880592034428,1248.9011067789525,5799.21487223518,2.953588059203443,1.2489011067789526,5.79921487223518,0.7703027088150213,0.08402665953087954,1.8796615147353655
WbWb_4000_1000,WbWb,4000,1000,85,100,1.4,1.2,/eos/uscms/store/user/aji/rootfiles_existingOptimization/WbWb_4000_1000_pt100_ak14_ca12_th85.root,ok,,1000,1000,1.0,0.0,0.0,0.0,0.0,0.132,0.1,0.1,0.9,0.009486832980505136,3060.4615825230767,1345.7632497567583,6084.179076885933,3.060461582523076,1.3457632497567584,6.084179076885933,0.7741341786788214,0.02502492828338667,1.880180336931129
WbWb_4000_1000,WbWb,4000,1000,85,100,1.2,1.2,/eos/uscms/store/user/aji/rootfiles_existingOptimization/WbWb_4000_1000_pt100_ak12_ca12_th85.root,ok,,1000,1000,1.0,0.0,0.009,0.002986469487538756,0.0045,0.2305,0.179,0.179,0.821,0.012122664723566351,2124.9329430936405,1151.3037142690098,5265.071227654929,2.12493294309364,1.1513037142690097,5.265071227654929,0.967975842898078,0.04811355063600552,1.901469137207442
WbWb_4000_1000,WbWb,4000,1000,85,120,1.4,1.4,/eos/uscms/store/user/aji/rootfiles_existingOptimization/WbWb_4000_1000_pt120_ak14_ca14_th85.root,ok,,1000,1000,1.0,0.0,0.005,0.0022304708023195463,0.0025,0.2145,0.132,0.132,0.868,0.010704017937204702,2188.849078786943,1157.2029117844522,5187.967268432448,2.1888490787869435,1.1572029117844522,5.187967268432448,0.9207497208719934,0.07045587940827988,1.9076346287506878
WbWb_4000_1000,WbWb,4000,1000,85,140,1.6,1.4,/eos/uscms/store/user/aji/rootfiles_existingOptimization/WbWb_4000_1000_pt140_ak16_ca14_th85.root,ok,,1000,1000,1.0,0.0,0.002,0.0014127986409959489,0.001,0.2005,0.137,0.137,0.863,0.010873407929439602,2303.2593839949122,1198.2339756449153,5436.389606341815,2.303259383994912,1.1982339756449154,5.436389606341815,0.9200343782700642,0.04925022362158353,1.9133603166695554
WbWb_4000_1000,WbWb,4000,1000,85,100,1.4,1.4,/eos/uscms/store/user/aji/rootfiles_existingOptimization/WbWb_4000_1000_pt100_ak14_ca14_th85.root,ok,,1000,1000,1.0,0.0,0.004,0.001995995991979944,0.002,0.1475,0.089,0.089,0.911,0.009004387819280108,2956.4903267943664,1290.6717229923202,6070.422635755473,2.9564903267943663,1.2906717229923204,6.070422635755473,0.8083488164065283,0.06294668333739156,1.9149978490859652
WbWb_4000_1000,WbWb,4000,1000,85,100,1.2,1.4,/eos/uscms/store/user/aji/rootfiles_existingOptimization/WbWb_4000_1000_pt100_ak12_ca14_th85.root,ok,,1000,1000,1.0,0.0,0.015,0.003843826218756514,0.0075,0.2475,0.179,0.179,0.821,0.012122664723566351,2042.014095673105,1123.9951307806944,5169.153411998386,2.042014095673105,1.1239951307806944,5.169153411998386,0.9904824579294332,0.06970937596178078,1.9156838674967438
WbWb_4000_1000,WbWb,4000,1000,85,100,1.4,1.6,/eos/uscms/store/user/aji/rootfiles_existingOptimization/WbWb_4000_1000_pt100_ak14_ca16_th85.root,ok,,1000,1000,1.0,0.0,0.005,0.0022304708023195463,0.0025,0.1515,0.086,0.086,0.914,0.008865889690267975,2937.1225757065067,1273.819693218061,6022.5966088408295,2.937122575706507,1.273819693218061,6.022596608840829,0.8084063217008366,0.0855089325717253,1.9161185792714874
WbWb_4000_1000,WbWb,4000,1000,85,160,1.6,1.6,/eos/uscms/store/user/aji/rootfiles_existingOptimization/WbWb_4000_1000_pt160_ak16_ca16_th85.root,ok,,1000,1000,1.0,0.0,0.002,0.0014127986409959489,0.001,0.2695,0.153,0.153,0.847,0.011383804285035824,1787.773418654538,1116.1537284707956,4657.921281320569,1.7877734186545382,1.1161537284707956,4.657921281320569,0.9905526941762214,0.09875326006186717,1.9163300360416753
WbWb_4000_1000,WbWb,4000,1000,85,120,1.4,1.6,/eos/uscms/store/user/aji/rootfiles_existingOptimization/WbWb_4000_1000_pt120_ak14_ca16_th85.root,ok,,1000,1000,1.0,0.0,0.006,0.002442130217658346,0.003,0.222,0.129,0.129,0.871,0.010599952830083727,2134.3746537965408,1138.2166282466292,5121.629593224914,2.134374653796541,1.138216628246629,5.121629593224914,0.933156922073814,0.09640184267123023,1.9175943874534682
WbWb_4000_1000,WbWb,4000,1000,85,140,1.6,1.6,/eos/uscms/store/user/aji/rootfiles_existingOptimization/WbWb_4000_1000_pt140_ak16_ca16_th85.root,ok,,1000,1000,1.0,0.0,0.003,0.001729450779872038,0.0015,0.2135,0.122,0.122,0.878,0.010349685985574635,2294.5297457141596,1167.3866798132829,5408.666312055615,2.2945297457141596,1.1673866798132828,5.408666312055614,0.9242154389509248,0.08800319052160915,1.931668413522341
WbWb_4000_1000,WbWb,4000,1000,85,100,1.2,1.6,/eos/uscms/store/user/aji/rootfiles_existingOptimization/WbWb_4000_1000_pt100_ak12_ca16_th85.root,ok,,1000,1000,1.0,0.0,0.018,0.004204283529925164,0.009,0.2605,0.175,0.175,0.825,0.012015614840697917,1984.4528608015667,1114.236394738629,5133.688496470102,1.9844528608015668,1.1142363947386291,5.133688496470102,1.0127355960745579,0.08874994773374828,1.9361808821547144
WbWb_4000_1000,WbWb,4000,1000,85,400,0.6,1.2,/eos/uscms/store/user/aji/rootfiles_existingOptimization/WbWb_4000_1000_pt400_ak6_ca12_th85.root,ok,,1000,999,0.999,0.0009994998749374613,0.7127127127127127,0.01431636336890446,0.4954954954954955,0.42292292292292294,0.2062062062062062,0.206,0.7937937937937938,0.012800353736675945,348.44418970045433,111.18795165819405,1019.4626072730085,0.3484441897004543,0.11118795165819405,1.0194626072730084,1.3033287431132476,0.2641610546046695,2.1632781179369958
WbWb_4000_1000,WbWb,4000,1000,85,400,0.6,1.0,/eos/uscms/store/user/aji/rootfiles_existingOptimization/WbWb_4000_1000_pt400_ak6_ca10_th85.root,ok,,1000,999,0.999,0.0009994998749374613,0.7117117117117117,0.014331208415857884,0.494994994994995,0.3938938938938939,0.1841841841841842,0.184,0.8158158158158157,0.012264207323013282,358.00296792326253,111.18795165819405,1039.4399736397775,0.3580029679232625,0.11118795165819405,1.0394399736397772,1.2964306236988414,0.21169045608563586,2.177446142722331
WbWb_4000_1000,WbWb,4000,1000,85,400,0.6,0.8,/eos/uscms/store/user/aji/rootfiles_existingOptimization/WbWb_4000_1000_pt400_ak6_ca8_th85.root,ok,,1000,999,0.999,0.0009994998749374613,0.7117117117117117,0.014331208415857884,0.494994994994995,0.3863863863863864,0.17717717717717718,0.177,0.8228228228228228,0.01208020514813906,358.00296792326253,111.23073344456634,1048.5525946248679,0.3580029679232625,0.11123073344456634,1.0485525946248677,1.3090978918661018,0.20259473390900035,2.197120417896598
WbWb_4000_1000,WbWb,4000,1000,85,400,0.6,1.4,/eos/uscms/store/user/aji/rootfiles_existingOptimization/WbWb_4000_1000_pt400_ak6_ca14_th85.root,ok,,1000,999,0.999,0.0009994998749374613,0.7187187187187187,0.014225487217266429,0.4984984984984985,0.43093093093093093,0.21021021021021022,0.21,0.7897897897897898,0.01289139502921964,310.9848541985773,111.17970082257523,1014.6742478966535,0.3109848541985773,0.11117970082257522,1.0146742478966535,1.4526343242702713,0.278703867346062,2.312325628640203
WbWb_4000_1000,WbWb,4000,1000,85,400,0.6,1.6,/eos/uscms/store/user/aji/rootfiles_existingOptimization/WbWb_4000_1000_pt400_ak6_ca16_th85.root,ok,,1000,999,0.999,0.0009994998749374613,0.7207207207207207,0.014194500600296492,0.4994994994994995,0.43543543543543545,0.21421421421421422,0.214,0.7857857857857857,0.012980561606587884,306.1349448166677,111.04418048139206,1012.5716226078499,0.30613494481666775,0.11104418048139206,1.0125716226078498,1.4724347177457107,0.3006261745887012,2.3286070090498296
WbWb_4000_1000,WbWb,4000,1000,85,380,0.4,0.4,/eos/uscms/store/user/aji/rootfiles_existingOptimization/WbWb_4000_1000_pt380_ak4_ca4_th85.root,ok,,1000,998,0.998,0.0014127986409959495,0.7194388777555111,0.014221500662433098,0.5105210420841684,0.374248496993988,0.16933867735470942,0.169,0.8306613226452906,0.011872025086976469,218.68370080313366,84.91228990651102,987.7697047298446,0.21868370080313365,0.08491228990651102,0.9877697047298447,2.064299743207922,0.22496097728051279,2.975092695772899
WbWb_4000_1000,WbWb,4000,1000,85,380,0.4,1.2,/eos/uscms/store/user/aji/rootfiles_existingOptimization/WbWb_4000_1000_pt380_ak4_ca12_th85.root,ok,,1000,998,0.998,0.0014127986409959495,0.7404809619238477,0.013876383353819006,0.5210420841683366,0.4043086172344689,0.1903807615230461,0.19,0.8096192384769539,0.012427582902501524,139.21322981400215,83.0793109823112,966.6372882596288,0.13921322981400217,0.0830793109823112,0.9666372882596287,3.173398025668278,0.3037821245340555,4.071095941163832
WbWb_4000_1000,WbWb,4000,1000,85,380,0.4,1.4,/eos/uscms/store/user/aji/rootfiles_existingOptimization/WbWb_4000_1000_pt380_ak4_ca14_th85.root,ok,,1000,998,0.998,0.0014127986409959495,0.7434869739478958,0.013823758030646966,0.5225450901803608,0.4133266533066132,0.19438877755511022,0.194,0.8056112224448898,0.012526596183306114,137.70836553288927,83.0793109823112,962.4689388618053,0.1377083655328893,0.0830793109823112,0.9624689388618053,3.192941926499981,0.3154572592614748,4.086782312391581
WbWb_4000_1000,WbWb,4000,1000,85,380,0.4,1.0,/eos/uscms/store/user/aji/rootfiles_existingOptimization/WbWb_4000_1000_pt380_ak4_ca10_th85.root,ok,,1000,998,0.998,0.0014127986409959495,0.7394789579158316,0.013893736017233827,0.5205410821643287,0.374749498997996,0.1683366733466934,0.168,0.8316633266533067,0.01184398572055706,140.20092058650326,83.0793109823112,984.3390685264345,0.14020092058650324,0.0830793109823112,0.9843390685264345,3.214172038863506,0.2745964832736102,4.133815273458162
WbWb_4000_1000,WbWb,4000,1000,85,380,0.4,0.6,/eos/uscms/store/user/aji/rootfiles_existingOptimization/WbWb_4000_1000_pt380_ak4_ca6_th85.root,ok,,1000,998,0.998,0.0014127986409959495,0.7394789579158316,0.013893736017233827,0.5205410821643287,0.37024048096192386,0.16332665330661322,0.163,0.8366733466933868,0.011701491675899997,141.5945521500113,83.20850741534615,992.2184235683245,0.14159455215001132,0.08320850741534615,0.9922184235683245,3.209904273682558,0.2491762248552405,4.134418165160944
WbWb_4000_1000,WbWb,4000,1000,85,380,0.4,1.6,/eos/uscms/store/user/aji/rootfiles_existingOptimization/WbWb_4000_1000_pt380_ak4_ca16_th85.root,ok,,1000,998,0.998,0.0014127986409959495,0.7464929859719439,0.01377027409909343,0.5240480961923848,0.4148296593186373,0.1933867735470942,0.193,0.8066132264529058,0.012502037083075393,135.26319597396002,82.90353451734984,961.9312303162609,0.13526319597396,0.08290353451734983,0.9619312303162608,3.2493232526020446,0.32832339908650354,4.144410159457554
WbWb_4000_1000,WbWb,4000,1000,85,380,0.4,0.8,/eos/uscms/store/user/aji/rootfiles_existingOptimization/WbWb_4000_1000_pt380_ak4_ca8_th85.root,ok,,1000,998,0.998,0.0014127986409959495,0.7394789579158316,0.013893736017233827,0.5205410821643287,0.3692384769539078,0.16332665330661322,0.163,0.8366733466933868,0.011701491675899997,140.20092058650326,83.13545916452837,988.8625479581915,0.14020092058650324,0.08313545916452839,0.9888625479581915,3.2301039287214746,0.2606954173986183,4.154757183356211
WbWb_4000_1000,WbWb,4000,1000,85,400,0.4,0.4,/eos/uscms/store/user/aji/rootfiles_existingOptimization/WbWb_4000_1000_pt400_ak4_ca4_th85.root,ok,,1000,997,0.997,0.0017294507798720387,0.7522567703109327,0.013672136034414225,0.549147442326981,0.34704112337011034,0.14844533600802406,0.148,0.851554663991976,0.01126009268555774,134.15705714340564,83.11371764238915,980.6861907998732,0.13415705714340564,0.08311371764238915,0.9806861907998733,3.3452301812122873,0.2155505416845974,4.286369139489922
WbWb_4000_1000,WbWb,4000,1000,85,400,0.4,1.4,/eos/uscms/store/user/aji/rootfiles_existingOptimization/WbWb_4000_1000_pt400_ak4_ca14_th85.root,ok,,1000,997,0.997,0.0017294507798720387,0.7713139418254764,0.013301109107197291,0.5586760280842528,0.3831494483450351,0.17251755265797392,0.172,0.8274824473420261,0.011965985169894517,117.99826973630334,81.34613282904547,958.6077670766185,0.11799826973630334,0.08134613282904546,0.9586077670766185,3.717264821797954,0.2766502827049972,4.63594744216635
WbWb_4000_1000,WbWb,4000,1000,85,400,0.4,1.6,/eos/uscms/store/user/aji/rootfiles_existingOptimization/WbWb_4000_1000_pt400_ak4_ca16_th85.root,ok,,1000,997,0.997,0.0017294507798720387,0.7733199598796389,0.013259851829602836,0.559679037111334,0.38615847542627885,0.17352056168505517,0.173,0.8264794383149449,0.011993444228868163,117.49139566628023,81.24987386589395,957.2864332106685,0.11749139566628022,0.08124987386589394,0.9572864332106685,3.7280881479740358,0.2941499750371725,4.645818446722353
WbWb_4000_1000,WbWb,4000,1000,85,400,0.4,1.2,/eos/uscms/store/user/aji/rootfiles_existingOptimization/WbWb_4000_1000_pt400_ak4_ca12_th85.root,ok,,1000,997,0.997,0.0017294507798720387,0.7703109327983951,0.013321576212596827,0.5581745235707122,0.37462387161484456,0.1675025075225677,0.167,0.8324974924774323,0.011826453928960333,118.10518564212435,81.34613282904547,962.2844897728496,0.11810518564212436,0.08134613282904546,0.9622844897728496,3.7294651888240273,0.2647711284738902,4.653152162737247
WbWb_4000_1000,WbWb,4000,1000,85,400,0.4,1.0,/eos/uscms/store/user/aji/rootfiles_existingOptimization/WbWb_4000_1000_pt400_ak4_ca10_th85.root,ok,,1000,997,0.997,0.0017294507798720387,0.769307923771314,0.01334193629073164,0.5576730190571715,0.34704112337011034,0.1464393179538616,0.146,0.8535606820461384,0.011196917298168074,118.16849547858502,81.34613282904547,977.6172225392424,0.11816849547858502,0.08134613282904546,0.9776172225392424,3.792343661820688,0.23409791687826265,4.737087494318968
WbWb_4000_1000,WbWb,4000,1000,85,400,0.4,0.6,/eos/uscms/store/user/aji/rootfiles_existingOptimization/WbWb_4000_1000_pt400_ak4_ca6_th85.root,ok,,1000,997,0.997,0.0017294507798720387,0.769307923771314,0.01334193629073164,0.5576730190571715,0.3420260782347041,0.14142427281845538,0.141,0.8585757271815446,0.011035796949889211,118.3063213995976,81.36056313294687,984.6596566572084,0.11830632139959761,0.08136056313294687,0.9846596566572083,3.817628182661649,0.22639846347148274,4.767373277703234
WbWb_4000_1000,WbWb,4000,1000,85,400,0.4,0.8,/eos/uscms/store/user/aji/rootfiles_existingOptimization/WbWb_4000_1000_pt400_ak4_ca8_th85.root,ok,,1000,997,0.997,0.0017294507798720387,0.769307923771314,0.01334193629073164,0.5576730190571715,0.3410230692076229,0.14142427281845538,0.141,0.8585757271815446,0.011035796949889211,118.16849547858502,81.36056313294687,983.885571711434,0.11816849547858502,0.08136056313294687,0.983885571711434,3.8188055324020196,0.2306269646658652,4.768564410035706
WbWb_4000_1000,WbWb,4000,1000,85,100,0.8,0.4,/eos/uscms/store/user/aji/rootfiles_existingOptimization/WbWb_4000_1000_pt100_ak8_ca4_th85.root,failed,/eos/uscms/store/user/aji/rootfiles_existingOptimization/WbWb_4000_1000_pt100_ak8_ca4_th85.root,nan,nan,nan,nan,nan,nan,nan,nan,nan,nan,nan,nan,nan,nan,nan,nan,nan,nan,nan,nan,nan
WbWb_4000_1000,WbWb,4000,1000,85,100,1.0,0.4,/eos/uscms/store/user/aji/rootfiles_existingOptimization/WbWb_4000_1000_pt100_ak10_ca4_th85.root,failed,/eos/uscms/store/user/aji/rootfiles_existingOptimization/WbWb_4000_1000_pt100_ak10_ca4_th85.root,nan,nan,nan,nan,nan,nan,nan,nan,nan,nan,nan,nan,nan,nan,nan,nan,nan,nan,nan,nan,nan
WbWb_4000_1000,WbWb,4000,1000,85,100,1.0,0.6,/eos/uscms/store/user/aji/rootfiles_existingOptimization/WbWb_4000_1000_pt100_ak10_ca6_th85.root,failed,/eos/uscms/store/user/aji/rootfiles_existingOptimization/WbWb_4000_1000_pt100_ak10_ca6_th85.root,nan,nan,nan,nan,nan,nan,nan,nan,nan,nan,nan,nan,nan,nan,nan,nan,nan,nan,nan,nan,nan
WbWb_4000_1000,WbWb,4000,1000,85,100,1.2,0.4,/eos/uscms/store/user/aji/rootfiles_existingOptimization/WbWb_4000_1000_pt100_ak12_ca4_th85.root,failed,/eos/uscms/store/user/aji/rootfiles_existingOptimization/WbWb_4000_1000_pt100_ak12_ca4_th85.root,nan,nan,nan,nan,nan,nan,nan,nan,nan,nan,nan,nan,nan,nan,nan,nan,nan,nan,nan,nan,nan
WbWb_4000_1000,WbWb,4000,1000,85,100,1.2,0.6,/eos/uscms/store/user/aji/rootfiles_existingOptimization/WbWb_4000_1000_pt100_ak12_ca6_th85.root,failed,/eos/uscms/store/user/aji/rootfiles_existingOptimization/WbWb_4000_1000_pt100_ak12_ca6_th85.root,nan,nan,nan,nan,nan,nan,nan,nan,nan,nan,nan,nan,nan,nan,nan,nan,nan,nan,nan,nan,nan
WbWb_4000_1000,WbWb,4000,1000,85,100,1.2,0.8,/eos/uscms/store/user/aji/rootfiles_existingOptimization/WbWb_4000_1000_pt100_ak12_ca8_th85.root,failed,/eos/uscms/store/user/aji/rootfiles_existingOptimization/WbWb_4000_1000_pt100_ak12_ca8_th85.root,nan,nan,nan,nan,nan,nan,nan,nan,nan,nan,nan,nan,nan,nan,nan,nan,nan,nan,nan,nan,nan
WbWb_4000_1000,WbWb,4000,1000,85,100,1.4,0.4,/eos/uscms/store/user/aji/rootfiles_existingOptimization/WbWb_4000_1000_pt100_ak14_ca4_th85.root,failed,/eos/uscms/store/user/aji/rootfiles_existingOptimization/WbWb_4000_1000_pt100_ak14_ca4_th85.root,nan,nan,nan,nan,nan,nan,nan,nan,nan,nan,nan,nan,nan,nan,nan,nan,nan,nan,nan,nan,nan
WbWb_4000_1000,WbWb,4000,1000,85,100,1.4,0.6,/eos/uscms/store/user/aji/rootfiles_existingOptimization/WbWb_4000_1000_pt100_ak14_ca6_th85.root,failed,/eos/uscms/store/user/aji/rootfiles_existingOptimization/WbWb_4000_1000_pt100_ak14_ca6_th85.root,nan,nan,nan,nan,nan,nan,nan,nan,nan,nan,nan,nan,nan,nan,nan,nan,nan,nan,nan,nan,nan
WbWb_4000_1000,WbWb,4000,1000,85,100,1.4,0.8,/eos/uscms/store/user/aji/rootfiles_existingOptimization/WbWb_4000_1000_pt100_ak14_ca8_th85.root,failed,/eos/uscms/store/user/aji/rootfiles_existingOptimization/WbWb_4000_1000_pt100_ak14_ca8_th85.root,nan,nan,nan,nan,nan,nan,nan,nan,nan,nan,nan,nan,nan,nan,nan,nan,nan,nan,nan,nan,nan
WbWb_4000_1000,WbWb,4000,1000,85,100,1.4,1.0,/eos/uscms/store/user/aji/rootfiles_existingOptimization/WbWb_4000_1000_pt100_ak14_ca10_th85.root,failed,/eos/uscms/store/user/aji/rootfiles_existingOptimization/WbWb_4000_1000_pt100_ak14_ca10_th85.root,nan,nan,nan,nan,nan,nan,nan,nan,nan,nan,nan,nan,nan,nan,nan,nan,nan,nan,nan,nan,nan
WbWb_4000_1000,WbWb,4000,1000,85,100,1.6,0.4,/eos/uscms/store/user/aji/rootfiles_existingOptimization/WbWb_4000_1000_pt100_ak16_ca4_th85.root,failed,/eos/uscms/store/user/aji/rootfiles_existingOptimization/WbWb_4000_1000_pt100_ak16_ca4_th85.root,nan,nan,nan,nan,nan,nan,nan,nan,nan,nan,nan,nan,nan,nan,nan,nan,nan,nan,nan,nan,nan
WbWb_4000_1000,WbWb,4000,1000,85,100,1.6,0.6,/eos/uscms/store/user/aji/rootfiles_existingOptimization/WbWb_4000_1000_pt100_ak16_ca6_th85.root,failed,/eos/uscms/store/user/aji/rootfiles_existingOptimization/WbWb_4000_1000_pt100_ak16_ca6_th85.root,nan,nan,nan,nan,nan,nan,nan,nan,nan,nan,nan,nan,nan,nan,nan,nan,nan,nan,nan,nan,nan
WbWb_4000_1000,WbWb,4000,1000,85,100,1.6,0.8,/eos/uscms/store/user/aji/rootfiles_existingOptimization/WbWb_4000_1000_pt100_ak16_ca8_th85.root,failed,/eos/uscms/store/user/aji/rootfiles_existingOptimization/WbWb_4000_1000_pt100_ak16_ca8_th85.root,nan,nan,nan,nan,nan,nan,nan,nan,nan,nan,nan,nan,nan,nan,nan,nan,nan,nan,nan,nan,nan
WbWb_4000_1000,WbWb,4000,1000,85,100,1.6,1.0,/eos/uscms/store/user/aji/rootfiles_existingOptimization/WbWb_4000_1000_pt100_ak16_ca10_th85.root,failed,/eos/uscms/store/user/aji/rootfiles_existingOptimization/WbWb_4000_1000_pt100_ak16_ca10_th85.root,nan,nan,nan,nan,nan,nan,nan,nan,nan,nan,nan,nan,nan,nan,nan,nan,nan,nan,nan,nan,nan
WbWb_4000_1000,WbWb,4000,1000,85,100,1.6,1.2,/eos/uscms/store/user/aji/rootfiles_existingOptimization/WbWb_4000_1000_pt100_ak16_ca12_th85.root,failed,/eos/uscms/store/user/aji/rootfiles_existingOptimization/WbWb_4000_1000_pt100_ak16_ca12_th85.root,nan,nan,nan,nan,nan,nan,nan,nan,nan,nan,nan,nan,nan,nan,nan,nan,nan,nan,nan,nan,nan
WbWb_4000_1000,WbWb,4000,1000,85,120,0.8,0.4,/eos/uscms/store/user/aji/rootfiles_existingOptimization/WbWb_4000_1000_pt120_ak8_ca4_th85.root,failed,/eos/uscms/store/user/aji/rootfiles_existingOptimization/WbWb_4000_1000_pt120_ak8_ca4_th85.root,nan,nan,nan,nan,nan,nan,nan,nan,nan,nan,nan,nan,nan,nan,nan,nan,nan,nan,nan,nan,nan
WbWb_4000_1000,WbWb,4000,1000,85,120,1.0,0.4,/eos/uscms/store/user/aji/rootfiles_existingOptimization/WbWb_4000_1000_pt120_ak10_ca4_th85.root,failed,/eos/uscms/store/user/aji/rootfiles_existingOptimization/WbWb_4000_1000_pt120_ak10_ca4_th85.root,nan,nan,nan,nan,nan,nan,nan,nan,nan,nan,nan,nan,nan,nan,nan,nan,nan,nan,nan,nan,nan
WbWb_4000_1000,WbWb,4000,1000,85,120,1.0,0.6,/eos/uscms/store/user/aji/rootfiles_existingOptimization/WbWb_4000_1000_pt120_ak10_ca6_th85.root,failed,/eos/uscms/store/user/aji/rootfiles_existingOptimization/WbWb_4000_1000_pt120_ak10_ca6_th85.root,nan,nan,nan,nan,nan,nan,nan,nan,nan,nan,nan,nan,nan,nan,nan,nan,nan,nan,nan,nan,nan
WbWb_4000_1000,WbWb,4000,1000,85,120,1.2,0.4,/eos/uscms/store/user/aji/rootfiles_existingOptimization/WbWb_4000_1000_pt120_ak12_ca4_th85.root,failed,/eos/uscms/store/user/aji/rootfiles_existingOptimization/WbWb_4000_1000_pt120_ak12_ca4_th85.root,nan,nan,nan,nan,nan,nan,nan,nan,nan,nan,nan,nan,nan,nan,nan,nan,nan,nan,nan,nan,nan
WbWb_4000_1000,WbWb,4000,1000,85,120,1.2,0.6,/eos/uscms/store/user/aji/rootfiles_existingOptimization/WbWb_4000_1000_pt120_ak12_ca6_th85.root,failed,/eos/uscms/store/user/aji/rootfiles_existingOptimization/WbWb_4000_1000_pt120_ak12_ca6_th85.root,nan,nan,nan,nan,nan,nan,nan,nan,nan,nan,nan,nan,nan,nan,nan,nan,nan,nan,nan,nan,nan
WbWb_4000_1000,WbWb,4000,1000,85,120,1.2,0.8,/eos/uscms/store/user/aji/rootfiles_existingOptimization/WbWb_4000_1000_pt120_ak12_ca8_th85.root,failed,/eos/uscms/store/user/aji/rootfiles_existingOptimization/WbWb_4000_1000_pt120_ak12_ca8_th85.root,nan,nan,nan,nan,nan,nan,nan,nan,nan,nan,nan,nan,nan,nan,nan,nan,nan,nan,nan,nan,nan
WbWb_4000_1000,WbWb,4000,1000,85,120,1.4,0.4,/eos/uscms/store/user/aji/rootfiles_existingOptimization/WbWb_4000_1000_pt120_ak14_ca4_th85.root,failed,/eos/uscms/store/user/aji/rootfiles_existingOptimization/WbWb_4000_1000_pt120_ak14_ca4_th85.root,nan,nan,nan,nan,nan,nan,nan,nan,nan,nan,nan,nan,nan,nan,nan,nan,nan,nan,nan,nan,nan
WbWb_4000_1000,WbWb,4000,1000,85,120,1.4,0.6,/eos/uscms/store/user/aji/rootfiles_existingOptimization/WbWb_4000_1000_pt120_ak14_ca6_th85.root,failed,/eos/uscms/store/user/aji/rootfiles_existingOptimization/WbWb_4000_1000_pt120_ak14_ca6_th85.root,nan,nan,nan,nan,nan,nan,nan,nan,nan,nan,nan,nan,nan,nan,nan,nan,nan,nan,nan,nan,nan
WbWb_4000_1000,WbWb,4000,1000,85,120,1.4,0.8,/eos/uscms/store/user/aji/rootfiles_existingOptimization/WbWb_4000_1000_pt120_ak14_ca8_th85.root,failed,/eos/uscms/store/user/aji/rootfiles_existingOptimization/WbWb_4000_1000_pt120_ak14_ca8_th85.root,nan,nan,nan,nan,nan,nan,nan,nan,nan,nan,nan,nan,nan,nan,nan,nan,nan,nan,nan,nan,nan
WbWb_4000_1000,WbWb,4000,1000,85,120,1.4,1.0,/eos/uscms/store/user/aji/rootfiles_existingOptimization/WbWb_4000_1000_pt120_ak14_ca10_th85.root,failed,/eos/uscms/store/user/aji/rootfiles_existingOptimization/WbWb_4000_1000_pt120_ak14_ca10_th85.root,nan,nan,nan,nan,nan,nan,nan,nan,nan,nan,nan,nan,nan,nan,nan,nan,nan,nan,nan,nan,nan
WbWb_4000_1000,WbWb,4000,1000,85,120,1.6,0.4,/eos/uscms/store/user/aji/rootfiles_existingOptimization/WbWb_4000_1000_pt120_ak16_ca4_th85.root,failed,/eos/uscms/store/user/aji/rootfiles_existingOptimization/WbWb_4000_1000_pt120_ak16_ca4_th85.root,nan,nan,nan,nan,nan,nan,nan,nan,nan,nan,nan,nan,nan,nan,nan,nan,nan,nan,nan,nan,nan
WbWb_4000_1000,WbWb,4000,1000,85,120,1.6,0.6,/eos/uscms/store/user/aji/rootfiles_existingOptimization/WbWb_4000_1000_pt120_ak16_ca6_th85.root,failed,/eos/uscms/store/user/aji/rootfiles_existingOptimization/WbWb_4000_1000_pt120_ak16_ca6_th85.root,nan,nan,nan,nan,nan,nan,nan,nan,nan,nan,nan,nan,nan,nan,nan,nan,nan,nan,nan,nan,nan
WbWb_4000_1000,WbWb,4000,1000,85,120,1.6,0.8,/eos/uscms/store/user/aji/rootfiles_existingOptimization/WbWb_4000_1000_pt120_ak16_ca8_th85.root,failed,/eos/uscms/store/user/aji/rootfiles_existingOptimization/WbWb_4000_1000_pt120_ak16_ca8_th85.root,nan,nan,nan,nan,nan,nan,nan,nan,nan,nan,nan,nan,nan,nan,nan,nan,nan,nan,nan,nan,nan
WbWb_4000_1000,WbWb,4000,1000,85,120,1.6,1.0,/eos/uscms/store/user/aji/rootfiles_existingOptimization/WbWb_4000_1000_pt120_ak16_ca10_th85.root,failed,/eos/uscms/store/user/aji/rootfiles_existingOptimization/WbWb_4000_1000_pt120_ak16_ca10_th85.root,nan,nan,nan,nan,nan,nan,nan,nan,nan,nan,nan,nan,nan,nan,nan,nan,nan,nan,nan,nan,nan
WbWb_4000_1000,WbWb,4000,1000,85,120,1.6,1.2,/eos/uscms/store/user/aji/rootfiles_existingOptimization/WbWb_4000_1000_pt120_ak16_ca12_th85.root,failed,/eos/uscms/store/user/aji/rootfiles_existingOptimization/WbWb_4000_1000_pt120_ak16_ca12_th85.root,nan,nan,nan,nan,nan,nan,nan,nan,nan,nan,nan,nan,nan,nan,nan,nan,nan,nan,nan,nan,nan
WbWb_4000_1000,WbWb,4000,1000,85,140,0.8,0.4,/eos/uscms/store/user/aji/rootfiles_existingOptimization/WbWb_4000_1000_pt140_ak8_ca4_th85.root,failed,/eos/uscms/store/user/aji/rootfiles_existingOptimization/WbWb_4000_1000_pt140_ak8_ca4_th85.root,nan,nan,nan,nan,nan,nan,nan,nan,nan,nan,nan,nan,nan,nan,nan,nan,nan,nan,nan,nan,nan
WbWb_4000_1000,WbWb,4000,1000,85,140,1.0,0.4,/eos/uscms/store/user/aji/rootfiles_existingOptimization/WbWb_4000_1000_pt140_ak10_ca4_th85.root,failed,/eos/uscms/store/user/aji/rootfiles_existingOptimization/WbWb_4000_1000_pt140_ak10_ca4_th85.root,nan,nan,nan,nan,nan,nan,nan,nan,nan,nan,nan,nan,nan,nan,nan,nan,nan,nan,nan,nan,nan
WbWb_4000_1000,WbWb,4000,1000,85,140,1.0,0.6,/eos/uscms/store/user/aji/rootfiles_existingOptimization/WbWb_4000_1000_pt140_ak10_ca6_th85.root,failed,/eos/uscms/store/user/aji/rootfiles_existingOptimization/WbWb_4000_1000_pt140_ak10_ca6_th85.root,nan,nan,nan,nan,nan,nan,nan,nan,nan,nan,nan,nan,nan,nan,nan,nan,nan,nan,nan,nan,nan
WbWb_4000_1000,WbWb,4000,1000,85,140,1.2,0.4,/eos/uscms/store/user/aji/rootfiles_existingOptimization/WbWb_4000_1000_pt140_ak12_ca4_th85.root,failed,/eos/uscms/store/user/aji/rootfiles_existingOptimization/WbWb_4000_1000_pt140_ak12_ca4_th85.root,nan,nan,nan,nan,nan,nan,nan,nan,nan,nan,nan,nan,nan,nan,nan,nan,nan,nan,nan,nan,nan
WbWb_4000_1000,WbWb,4000,1000,85,140,1.2,0.6,/eos/uscms/store/user/aji/rootfiles_existingOptimization/WbWb_4000_1000_pt140_ak12_ca6_th85.root,failed,/eos/uscms/store/user/aji/rootfiles_existingOptimization/WbWb_4000_1000_pt140_ak12_ca6_th85.root,nan,nan,nan,nan,nan,nan,nan,nan,nan,nan,nan,nan,nan,nan,nan,nan,nan,nan,nan,nan,nan
WbWb_4000_1000,WbWb,4000,1000,85,140,1.2,0.8,/eos/uscms/store/user/aji/rootfiles_existingOptimization/WbWb_4000_1000_pt140_ak12_ca8_th85.root,failed,/eos/uscms/store/user/aji/rootfiles_existingOptimization/WbWb_4000_1000_pt140_ak12_ca8_th85.root,nan,nan,nan,nan,nan,nan,nan,nan,nan,nan,nan,nan,nan,nan,nan,nan,nan,nan,nan,nan,nan
WbWb_4000_1000,WbWb,4000,1000,85,140,1.4,0.4,/eos/uscms/store/user/aji/rootfiles_existingOptimization/WbWb_4000_1000_pt140_ak14_ca4_th85.root,failed,/eos/uscms/store/user/aji/rootfiles_existingOptimization/WbWb_4000_1000_pt140_ak14_ca4_th85.root,nan,nan,nan,nan,nan,nan,nan,nan,nan,nan,nan,nan,nan,nan,nan,nan,nan,nan,nan,nan,nan
WbWb_4000_1000,WbWb,4000,1000,85,140,1.4,0.6,/eos/uscms/store/user/aji/rootfiles_existingOptimization/WbWb_4000_1000_pt140_ak14_ca6_th85.root,failed,/eos/uscms/store/user/aji/rootfiles_existingOptimization/WbWb_4000_1000_pt140_ak14_ca6_th85.root,nan,nan,nan,nan,nan,nan,nan,nan,nan,nan,nan,nan,nan,nan,nan,nan,nan,nan,nan,nan,nan
WbWb_4000_1000,WbWb,4000,1000,85,140,1.4,0.8,/eos/uscms/store/user/aji/rootfiles_existingOptimization/WbWb_4000_1000_pt140_ak14_ca8_th85.root,failed,/eos/uscms/store/user/aji/rootfiles_existingOptimization/WbWb_4000_1000_pt140_ak14_ca8_th85.root,nan,nan,nan,nan,nan,nan,nan,nan,nan,nan,nan,nan,nan,nan,nan,nan,nan,nan,nan,nan,nan
WbWb_4000_1000,WbWb,4000,1000,85,140,1.4,1.0,/eos/uscms/store/user/aji/rootfiles_existingOptimization/WbWb_4000_1000_pt140_ak14_ca10_th85.root,failed,/eos/uscms/store/user/aji/rootfiles_existingOptimization/WbWb_4000_1000_pt140_ak14_ca10_th85.root,nan,nan,nan,nan,nan,nan,nan,nan,nan,nan,nan,nan,nan,nan,nan,nan,nan,nan,nan,nan,nan
WbWb_4000_1000,WbWb,4000,1000,85,140,1.6,0.4,/eos/uscms/store/user/aji/rootfiles_existingOptimization/WbWb_4000_1000_pt140_ak16_ca4_th85.root,failed,/eos/uscms/store/user/aji/rootfiles_existingOptimization/WbWb_4000_1000_pt140_ak16_ca4_th85.root,nan,nan,nan,nan,nan,nan,nan,nan,nan,nan,nan,nan,nan,nan,nan,nan,nan,nan,nan,nan,nan
WbWb_4000_1000,WbWb,4000,1000,85,140,1.6,0.6,/eos/uscms/store/user/aji/rootfiles_existingOptimization/WbWb_4000_1000_pt140_ak16_ca6_th85.root,failed,/eos/uscms/store/user/aji/rootfiles_existingOptimization/WbWb_4000_1000_pt140_ak16_ca6_th85.root,nan,nan,nan,nan,nan,nan,nan,nan,nan,nan,nan,nan,nan,nan,nan,nan,nan,nan,nan,nan,nan
WbWb_4000_1000,WbWb,4000,1000,85,140,1.6,0.8,/eos/uscms/store/user/aji/rootfiles_existingOptimization/WbWb_4000_1000_pt140_ak16_ca8_th85.root,failed,/eos/uscms/store/user/aji/rootfiles_existingOptimization/WbWb_4000_1000_pt140_ak16_ca8_th85.root,nan,nan,nan,nan,nan,nan,nan,nan,nan,nan,nan,nan,nan,nan,nan,nan,nan,nan,nan,nan,nan
WbWb_4000_1000,WbWb,4000,1000,85,140,1.6,1.0,/eos/uscms/store/user/aji/rootfiles_existingOptimization/WbWb_4000_1000_pt140_ak16_ca10_th85.root,failed,/eos/uscms/store/user/aji/rootfiles_existingOptimization/WbWb_4000_1000_pt140_ak16_ca10_th85.root,nan,nan,nan,nan,nan,nan,nan,nan,nan,nan,nan,nan,nan,nan,nan,nan,nan,nan,nan,nan,nan
WbWb_4000_1000,WbWb,4000,1000,85,140,1.6,1.2,/eos/uscms/store/user/aji/rootfiles_existingOptimization/WbWb_4000_1000_pt140_ak16_ca12_th85.root,failed,/eos/uscms/store/user/aji/rootfiles_existingOptimization/WbWb_4000_1000_pt140_ak16_ca12_th85.root,nan,nan,nan,nan,nan,nan,nan,nan,nan,nan,nan,nan,nan,nan,nan,nan,nan,nan,nan,nan,nan
WbWb_4000_1000,WbWb,4000,1000,85,160,0.8,0.4,/eos/uscms/store/user/aji/rootfiles_existingOptimization/WbWb_4000_1000_pt160_ak8_ca4_th85.root,failed,/eos/uscms/store/user/aji/rootfiles_existingOptimization/WbWb_4000_1000_pt160_ak8_ca4_th85.root,nan,nan,nan,nan,nan,nan,nan,nan,nan,nan,nan,nan,nan,nan,nan,nan,nan,nan,nan,nan,nan
WbWb_4000_1000,WbWb,4000,1000,85,160,1.0,0.4,/eos/uscms/store/user/aji/rootfiles_existingOptimization/WbWb_4000_1000_pt160_ak10_ca4_th85.root,failed,/eos/uscms/store/user/aji/rootfiles_existingOptimization/WbWb_4000_1000_pt160_ak10_ca4_th85.root,nan,nan,nan,nan,nan,nan,nan,nan,nan,nan,nan,nan,nan,nan,nan,nan,nan,nan,nan,nan,nan
WbWb_4000_1000,WbWb,4000,1000,85,160,1.0,0.6,/eos/uscms/store/user/aji/rootfiles_existingOptimization/WbWb_4000_1000_pt160_ak10_ca6_th85.root,failed,/eos/uscms/store/user/aji/rootfiles_existingOptimization/WbWb_4000_1000_pt160_ak10_ca6_th85.root,nan,nan,nan,nan,nan,nan,nan,nan,nan,nan,nan,nan,nan,nan,nan,nan,nan,nan,nan,nan,nan
WbWb_4000_1000,WbWb,4000,1000,85,160,1.2,0.4,/eos/uscms/store/user/aji/rootfiles_existingOptimization/WbWb_4000_1000_pt160_ak12_ca4_th85.root,failed,/eos/uscms/store/user/aji/rootfiles_existingOptimization/WbWb_4000_1000_pt160_ak12_ca4_th85.root,nan,nan,nan,nan,nan,nan,nan,nan,nan,nan,nan,nan,nan,nan,nan,nan,nan,nan,nan,nan,nan
WbWb_4000_1000,WbWb,4000,1000,85,160,1.2,0.6,/eos/uscms/store/user/aji/rootfiles_existingOptimization/WbWb_4000_1000_pt160_ak12_ca6_th85.root,failed,/eos/uscms/store/user/aji/rootfiles_existingOptimization/WbWb_4000_1000_pt160_ak12_ca6_th85.root,nan,nan,nan,nan,nan,nan,nan,nan,nan,nan,nan,nan,nan,nan,nan,nan,nan,nan,nan,nan,nan
WbWb_4000_1000,WbWb,4000,1000,85,160,1.2,0.8,/eos/uscms/store/user/aji/rootfiles_existingOptimization/WbWb_4000_1000_pt160_ak12_ca8_th85.root,failed,/eos/uscms/store/user/aji/rootfiles_existingOptimization/WbWb_4000_1000_pt160_ak12_ca8_th85.root,nan,nan,nan,nan,nan,nan,nan,nan,nan,nan,nan,nan,nan,nan,nan,nan,nan,nan,nan,nan,nan
WbWb_4000_1000,WbWb,4000,1000,85,160,1.4,0.4,/eos/uscms/store/user/aji/rootfiles_existingOptimization/WbWb_4000_1000_pt160_ak14_ca4_th85.root,failed,/eos/uscms/store/user/aji/rootfiles_existingOptimization/WbWb_4000_1000_pt160_ak14_ca4_th85.root,nan,nan,nan,nan,nan,nan,nan,nan,nan,nan,nan,nan,nan,nan,nan,nan,nan,nan,nan,nan,nan
WbWb_4000_1000,WbWb,4000,1000,85,160,1.4,0.6,/eos/uscms/store/user/aji/rootfiles_existingOptimization/WbWb_4000_1000_pt160_ak14_ca6_th85.root,failed,/eos/uscms/store/user/aji/rootfiles_existingOptimization/WbWb_4000_1000_pt160_ak14_ca6_th85.root,nan,nan,nan,nan,nan,nan,nan,nan,nan,nan,nan,nan,nan,nan,nan,nan,nan,nan,nan,nan,nan
WbWb_4000_1000,WbWb,4000,1000,85,160,1.4,0.8,/eos/uscms/store/user/aji/rootfiles_existingOptimization/WbWb_4000_1000_pt160_ak14_ca8_th85.root,failed,/eos/uscms/store/user/aji/rootfiles_existingOptimization/WbWb_4000_1000_pt160_ak14_ca8_th85.root,nan,nan,nan,nan,nan,nan,nan,nan,nan,nan,nan,nan,nan,nan,nan,nan,nan,nan,nan,nan,nan
WbWb_4000_1000,WbWb,4000,1000,85,160,1.4,1.0,/eos/uscms/store/user/aji/rootfiles_existingOptimization/WbWb_4000_1000_pt160_ak14_ca10_th85.root,failed,/eos/uscms/store/user/aji/rootfiles_existingOptimization/WbWb_4000_1000_pt160_ak14_ca10_th85.root,nan,nan,nan,nan,nan,nan,nan,nan,nan,nan,nan,nan,nan,nan,nan,nan,nan,nan,nan,nan,nan
WbWb_4000_1000,WbWb,4000,1000,85,160,1.6,0.4,/eos/uscms/store/user/aji/rootfiles_existingOptimization/WbWb_4000_1000_pt160_ak16_ca4_th85.root,failed,/eos/uscms/store/user/aji/rootfiles_existingOptimization/WbWb_4000_1000_pt160_ak16_ca4_th85.root,nan,nan,nan,nan,nan,nan,nan,nan,nan,nan,nan,nan,nan,nan,nan,nan,nan,nan,nan,nan,nan
WbWb_4000_1000,WbWb,4000,1000,85,160,1.6,0.6,/eos/uscms/store/user/aji/rootfiles_existingOptimization/WbWb_4000_1000_pt160_ak16_ca6_th85.root,failed,/eos/uscms/store/user/aji/rootfiles_existingOptimization/WbWb_4000_1000_pt160_ak16_ca6_th85.root,nan,nan,nan,nan,nan,nan,nan,nan,nan,nan,nan,nan,nan,nan,nan,nan,nan,nan,nan,nan,nan
WbWb_4000_1000,WbWb,4000,1000,85,160,1.6,0.8,/eos/uscms/store/user/aji/rootfiles_existingOptimization/WbWb_4000_1000_pt160_ak16_ca8_th85.root,failed,/eos/uscms/store/user/aji/rootfiles_existingOptimization/WbWb_4000_1000_pt160_ak16_ca8_th85.root,nan,nan,nan,nan,nan,nan,nan,nan,nan,nan,nan,nan,nan,nan,nan,nan,nan,nan,nan,nan,nan
WbWb_4000_1000,WbWb,4000,1000,85,160,1.6,1.0,/eos/uscms/store/user/aji/rootfiles_existingOptimization/WbWb_4000_1000_pt160_ak16_ca10_th85.root,failed,/eos/uscms/store/user/aji/rootfiles_existingOptimization/WbWb_4000_1000_pt160_ak16_ca10_th85.root,nan,nan,nan,nan,nan,nan,nan,nan,nan,nan,nan,nan,nan,nan,nan,nan,nan,nan,nan,nan,nan
WbWb_4000_1000,WbWb,4000,1000,85,160,1.6,1.2,/eos/uscms/store/user/aji/rootfiles_existingOptimization/WbWb_4000_1000_pt160_ak16_ca12_th85.root,failed,/eos/uscms/store/user/aji/rootfiles_existingOptimization/WbWb_4000_1000_pt160_ak16_ca12_th85.root,nan,nan,nan,nan,nan,nan,nan,nan,nan,nan,nan,nan,nan,nan,nan,nan,nan,nan,nan,nan,nan
WbWb_4000_1000,WbWb,4000,1000,85,180,0.8,0.4,/eos/uscms/store/user/aji/rootfiles_existingOptimization/WbWb_4000_1000_pt180_ak8_ca4_th85.root,failed,/eos/uscms/store/user/aji/rootfiles_existingOptimization/WbWb_4000_1000_pt180_ak8_ca4_th85.root,nan,nan,nan,nan,nan,nan,nan,nan,nan,nan,nan,nan,nan,nan,nan,nan,nan,nan,nan,nan,nan
WbWb_4000_1000,WbWb,4000,1000,85,180,1.0,0.4,/eos/uscms/store/user/aji/rootfiles_existingOptimization/WbWb_4000_1000_pt180_ak10_ca4_th85.root,failed,/eos/uscms/store/user/aji/rootfiles_existingOptimization/WbWb_4000_1000_pt180_ak10_ca4_th85.root,nan,nan,nan,nan,nan,nan,nan,nan,nan,nan,nan,nan,nan,nan,nan,nan,nan,nan,nan,nan,nan
WbWb_4000_1000,WbWb,4000,1000,85,180,1.0,0.6,/eos/uscms/store/user/aji/rootfiles_existingOptimization/WbWb_4000_1000_pt180_ak10_ca6_th85.root,failed,/eos/uscms/store/user/aji/rootfiles_existingOptimization/WbWb_4000_1000_pt180_ak10_ca6_th85.root,nan,nan,nan,nan,nan,nan,nan,nan,nan,nan,nan,nan,nan,nan,nan,nan,nan,nan,nan,nan,nan
WbWb_4000_1000,WbWb,4000,1000,85,180,1.2,0.4,/eos/uscms/store/user/aji/rootfiles_existingOptimization/WbWb_4000_1000_pt180_ak12_ca4_th85.root,failed,/eos/uscms/store/user/aji/rootfiles_existingOptimization/WbWb_4000_1000_pt180_ak12_ca4_th85.root,nan,nan,nan,nan,nan,nan,nan,nan,nan,nan,nan,nan,nan,nan,nan,nan,nan,nan,nan,nan,nan
WbWb_4000_1000,WbWb,4000,1000,85,180,1.2,0.6,/eos/uscms/store/user/aji/rootfiles_existingOptimization/WbWb_4000_1000_pt180_ak12_ca6_th85.root,failed,/eos/uscms/store/user/aji/rootfiles_existingOptimization/WbWb_4000_1000_pt180_ak12_ca6_th85.root,nan,nan,nan,nan,nan,nan,nan,nan,nan,nan,nan,nan,nan,nan,nan,nan,nan,nan,nan,nan,nan
WbWb_4000_1000,WbWb,4000,1000,85,180,1.2,0.8,/eos/uscms/store/user/aji/rootfiles_existingOptimization/WbWb_4000_1000_pt180_ak12_ca8_th85.root,failed,/eos/uscms/store/user/aji/rootfiles_existingOptimization/WbWb_4000_1000_pt180_ak12_ca8_th85.root,nan,nan,nan,nan,nan,nan,nan,nan,nan,nan,nan,nan,nan,nan,nan,nan,nan,nan,nan,nan,nan
WbWb_4000_1000,WbWb,4000,1000,85,180,1.4,0.4,/eos/uscms/store/user/aji/rootfiles_existingOptimization/WbWb_4000_1000_pt180_ak14_ca4_th85.root,failed,/eos/uscms/store/user/aji/rootfiles_existingOptimization/WbWb_4000_1000_pt180_ak14_ca4_th85.root,nan,nan,nan,nan,nan,nan,nan,nan,nan,nan,nan,nan,nan,nan,nan,nan,nan,nan,nan,nan,nan
WbWb_4000_1000,WbWb,4000,1000,85,180,1.4,0.6,/eos/uscms/store/user/aji/rootfiles_existingOptimization/WbWb_4000_1000_pt180_ak14_ca6_th85.root,failed,/eos/uscms/store/user/aji/rootfiles_existingOptimization/WbWb_4000_1000_pt180_ak14_ca6_th85.root,nan,nan,nan,nan,nan,nan,nan,nan,nan,nan,nan,nan,nan,nan,nan,nan,nan,nan,nan,nan,nan
WbWb_4000_1000,WbWb,4000,1000,85,180,1.4,0.8,/eos/uscms/store/user/aji/rootfiles_existingOptimization/WbWb_4000_1000_pt180_ak14_ca8_th85.root,failed,/eos/uscms/store/user/aji/rootfiles_existingOptimization/WbWb_4000_1000_pt180_ak14_ca8_th85.root,nan,nan,nan,nan,nan,nan,nan,nan,nan,nan,nan,nan,nan,nan,nan,nan,nan,nan,nan,nan,nan
WbWb_4000_1000,WbWb,4000,1000,85,180,1.4,1.0,/eos/uscms/store/user/aji/rootfiles_existingOptimization/WbWb_4000_1000_pt180_ak14_ca10_th85.root,failed,/eos/uscms/store/user/aji/rootfiles_existingOptimization/WbWb_4000_1000_pt180_ak14_ca10_th85.root,nan,nan,nan,nan,nan,nan,nan,nan,nan,nan,nan,nan,nan,nan,nan,nan,nan,nan,nan,nan,nan
WbWb_4000_1000,WbWb,4000,1000,85,180,1.6,0.4,/eos/uscms/store/user/aji/rootfiles_existingOptimization/WbWb_4000_1000_pt180_ak16_ca4_th85.root,failed,/eos/uscms/store/user/aji/rootfiles_existingOptimization/WbWb_4000_1000_pt180_ak16_ca4_th85.root,nan,nan,nan,nan,nan,nan,nan,nan,nan,nan,nan,nan,nan,nan,nan,nan,nan,nan,nan,nan,nan
WbWb_4000_1000,WbWb,4000,1000,85,180,1.6,0.6,/eos/uscms/store/user/aji/rootfiles_existingOptimization/WbWb_4000_1000_pt180_ak16_ca6_th85.root,failed,/eos/uscms/store/user/aji/rootfiles_existingOptimization/WbWb_4000_1000_pt180_ak16_ca6_th85.root,nan,nan,nan,nan,nan,nan,nan,nan,nan,nan,nan,nan,nan,nan,nan,nan,nan,nan,nan,nan,nan
WbWb_4000_1000,WbWb,4000,1000,85,180,1.6,0.8,/eos/uscms/store/user/aji/rootfiles_existingOptimization/WbWb_4000_1000_pt180_ak16_ca8_th85.root,failed,/eos/uscms/store/user/aji/rootfiles_existingOptimization/WbWb_4000_1000_pt180_ak16_ca8_th85.root,nan,nan,nan,nan,nan,nan,nan,nan,nan,nan,nan,nan,nan,nan,nan,nan,nan,nan,nan,nan,nan
WbWb_4000_1000,WbWb,4000,1000,85,180,1.6,1.0,/eos/uscms/store/user/aji/rootfiles_existingOptimization/WbWb_4000_1000_pt180_ak16_ca10_th85.root,failed,/eos/uscms/store/user/aji/rootfiles_existingOptimization/WbWb_4000_1000_pt180_ak16_ca10_th85.root,nan,nan,nan,nan,nan,nan,nan,nan,nan,nan,nan,nan,nan,nan,nan,nan,nan,nan,nan,nan,nan
WbWb_4000_1000,WbWb,4000,1000,85,180,1.6,1.2,/eos/uscms/store/user/aji/rootfiles_existingOptimization/WbWb_4000_1000_pt180_ak16_ca12_th85.root,failed,/eos/uscms/store/user/aji/rootfiles_existingOptimization/WbWb_4000_1000_pt180_ak16_ca12_th85.root,nan,nan,nan,nan,nan,nan,nan,nan,nan,nan,nan,nan,nan,nan,nan,nan,nan,nan,nan,nan,nan
WbWb_4000_1000,WbWb,4000,1000,85,200,0.8,0.4,/eos/uscms/store/user/aji/rootfiles_existingOptimization/WbWb_4000_1000_pt200_ak8_ca4_th85.root,failed,/eos/uscms/store/user/aji/rootfiles_existingOptimization/WbWb_4000_1000_pt200_ak8_ca4_th85.root,nan,nan,nan,nan,nan,nan,nan,nan,nan,nan,nan,nan,nan,nan,nan,nan,nan,nan,nan,nan,nan
WbWb_4000_1000,WbWb,4000,1000,85,200,1.0,0.4,/eos/uscms/store/user/aji/rootfiles_existingOptimization/WbWb_4000_1000_pt200_ak10_ca4_th85.root,failed,/eos/uscms/store/user/aji/rootfiles_existingOptimization/WbWb_4000_1000_pt200_ak10_ca4_th85.root,nan,nan,nan,nan,nan,nan,nan,nan,nan,nan,nan,nan,nan,nan,nan,nan,nan,nan,nan,nan,nan
WbWb_4000_1000,WbWb,4000,1000,85,200,1.0,0.6,/eos/uscms/store/user/aji/rootfiles_existingOptimization/WbWb_4000_1000_pt200_ak10_ca6_th85.root,failed,/eos/uscms/store/user/aji/rootfiles_existingOptimization/WbWb_4000_1000_pt200_ak10_ca6_th85.root,nan,nan,nan,nan,nan,nan,nan,nan,nan,nan,nan,nan,nan,nan,nan,nan,nan,nan,nan,nan,nan
WbWb_4000_1000,WbWb,4000,1000,85,200,1.2,0.4,/eos/uscms/store/user/aji/rootfiles_existingOptimization/WbWb_4000_1000_pt200_ak12_ca4_th85.root,failed,/eos/uscms/store/user/aji/rootfiles_existingOptimization/WbWb_4000_1000_pt200_ak12_ca4_th85.root,nan,nan,nan,nan,nan,nan,nan,nan,nan,nan,nan,nan,nan,nan,nan,nan,nan,nan,nan,nan,nan
WbWb_4000_1000,WbWb,4000,1000,85,200,1.2,0.6,/eos/uscms/store/user/aji/rootfiles_existingOptimization/WbWb_4000_1000_pt200_ak12_ca6_th85.root,failed,/eos/uscms/store/user/aji/rootfiles_existingOptimization/WbWb_4000_1000_pt200_ak12_ca6_th85.root,nan,nan,nan,nan,nan,nan,nan,nan,nan,nan,nan,nan,nan,nan,nan,nan,nan,nan,nan,nan,nan
WbWb_4000_1000,WbWb,4000,1000,85,200,1.2,0.8,/eos/uscms/store/user/aji/rootfiles_existingOptimization/WbWb_4000_1000_pt200_ak12_ca8_th85.root,failed,/eos/uscms/store/user/aji/rootfiles_existingOptimization/WbWb_4000_1000_pt200_ak12_ca8_th85.root,nan,nan,nan,nan,nan,nan,nan,nan,nan,nan,nan,nan,nan,nan,nan,nan,nan,nan,nan,nan,nan
WbWb_4000_1000,WbWb,4000,1000,85,200,1.4,0.4,/eos/uscms/store/user/aji/rootfiles_existingOptimization/WbWb_4000_1000_pt200_ak14_ca4_th85.root,failed,/eos/uscms/store/user/aji/rootfiles_existingOptimization/WbWb_4000_1000_pt200_ak14_ca4_th85.root,nan,nan,nan,nan,nan,nan,nan,nan,nan,nan,nan,nan,nan,nan,nan,nan,nan,nan,nan,nan,nan
WbWb_4000_1000,WbWb,4000,1000,85,200,1.4,0.6,/eos/uscms/store/user/aji/rootfiles_existingOptimization/WbWb_4000_1000_pt200_ak14_ca6_th85.root,failed,/eos/uscms/store/user/aji/rootfiles_existingOptimization/WbWb_4000_1000_pt200_ak14_ca6_th85.root,nan,nan,nan,nan,nan,nan,nan,nan,nan,nan,nan,nan,nan,nan,nan,nan,nan,nan,nan,nan,nan
WbWb_4000_1000,WbWb,4000,1000,85,200,1.4,0.8,/eos/uscms/store/user/aji/rootfiles_existingOptimization/WbWb_4000_1000_pt200_ak14_ca8_th85.root,failed,/eos/uscms/store/user/aji/rootfiles_existingOptimization/WbWb_4000_1000_pt200_ak14_ca8_th85.root,nan,nan,nan,nan,nan,nan,nan,nan,nan,nan,nan,nan,nan,nan,nan,nan,nan,nan,nan,nan,nan
WbWb_4000_1000,WbWb,4000,1000,85,200,1.4,1.0,/eos/uscms/store/user/aji/rootfiles_existingOptimization/WbWb_4000_1000_pt200_ak14_ca10_th85.root,failed,/eos/uscms/store/user/aji/rootfiles_existingOptimization/WbWb_4000_1000_pt200_ak14_ca10_th85.root,nan,nan,nan,nan,nan,nan,nan,nan,nan,nan,nan,nan,nan,nan,nan,nan,nan,nan,nan,nan,nan
WbWb_4000_1000,WbWb,4000,1000,85,200,1.6,0.4,/eos/uscms/store/user/aji/rootfiles_existingOptimization/WbWb_4000_1000_pt200_ak16_ca4_th85.root,failed,/eos/uscms/store/user/aji/rootfiles_existingOptimization/WbWb_4000_1000_pt200_ak16_ca4_th85.root,nan,nan,nan,nan,nan,nan,nan,nan,nan,nan,nan,nan,nan,nan,nan,nan,nan,nan,nan,nan,nan
WbWb_4000_1000,WbWb,4000,1000,85,200,1.6,0.6,/eos/uscms/store/user/aji/rootfiles_existingOptimization/WbWb_4000_1000_pt200_ak16_ca6_th85.root,failed,/eos/uscms/store/user/aji/rootfiles_existingOptimization/WbWb_4000_1000_pt200_ak16_ca6_th85.root,nan,nan,nan,nan,nan,nan,nan,nan,nan,nan,nan,nan,nan,nan,nan,nan,nan,nan,nan,nan,nan
WbWb_4000_1000,WbWb,4000,1000,85,200,1.6,0.8,/eos/uscms/store/user/aji/rootfiles_existingOptimization/WbWb_4000_1000_pt200_ak16_ca8_th85.root,failed,/eos/uscms/store/user/aji/rootfiles_existingOptimization/WbWb_4000_1000_pt200_ak16_ca8_th85.root,nan,nan,nan,nan,nan,nan,nan,nan,nan,nan,nan,nan,nan,nan,nan,nan,nan,nan,nan,nan,nan
WbWb_4000_1000,WbWb,4000,1000,85,200,1.6,1.0,/eos/uscms/store/user/aji/rootfiles_existingOptimization/WbWb_4000_1000_pt200_ak16_ca10_th85.root,failed,/eos/uscms/store/user/aji/rootfiles_existingOptimization/WbWb_4000_1000_pt200_ak16_ca10_th85.root,nan,nan,nan,nan,nan,nan,nan,nan,nan,nan,nan,nan,nan,nan,nan,nan,nan,nan,nan,nan,nan
WbWb_4000_1000,WbWb,4000,1000,85,200,1.6,1.2,/eos/uscms/store/user/aji/rootfiles_existingOptimization/WbWb_4000_1000_pt200_ak16_ca12_th85.root,failed,/eos/uscms/store/user/aji/rootfiles_existingOptimization/WbWb_4000_1000_pt200_ak16_ca12_th85.root,nan,nan,nan,nan,nan,nan,nan,nan,nan,nan,nan,nan,nan,nan,nan,nan,nan,nan,nan,nan,nan
WbWb_4000_1000,WbWb,4000,1000,85,220,0.8,0.4,/eos/uscms/store/user/aji/rootfiles_existingOptimization/WbWb_4000_1000_pt220_ak8_ca4_th85.root,failed,/eos/uscms/store/user/aji/rootfiles_existingOptimization/WbWb_4000_1000_pt220_ak8_ca4_th85.root,nan,nan,nan,nan,nan,nan,nan,nan,nan,nan,nan,nan,nan,nan,nan,nan,nan,nan,nan,nan,nan
WbWb_4000_1000,WbWb,4000,1000,85,220,1.0,0.4,/eos/uscms/store/user/aji/rootfiles_existingOptimization/WbWb_4000_1000_pt220_ak10_ca4_th85.root,failed,/eos/uscms/store/user/aji/rootfiles_existingOptimization/WbWb_4000_1000_pt220_ak10_ca4_th85.root,nan,nan,nan,nan,nan,nan,nan,nan,nan,nan,nan,nan,nan,nan,nan,nan,nan,nan,nan,nan,nan
WbWb_4000_1000,WbWb,4000,1000,85,220,1.0,0.6,/eos/uscms/store/user/aji/rootfiles_existingOptimization/WbWb_4000_1000_pt220_ak10_ca6_th85.root,failed,/eos/uscms/store/user/aji/rootfiles_existingOptimization/WbWb_4000_1000_pt220_ak10_ca6_th85.root,nan,nan,nan,nan,nan,nan,nan,nan,nan,nan,nan,nan,nan,nan,nan,nan,nan,nan,nan,nan,nan
WbWb_4000_1000,WbWb,4000,1000,85,220,1.2,0.4,/eos/uscms/store/user/aji/rootfiles_existingOptimization/WbWb_4000_1000_pt220_ak12_ca4_th85.root,failed,/eos/uscms/store/user/aji/rootfiles_existingOptimization/WbWb_4000_1000_pt220_ak12_ca4_th85.root,nan,nan,nan,nan,nan,nan,nan,nan,nan,nan,nan,nan,nan,nan,nan,nan,nan,nan,nan,nan,nan
WbWb_4000_1000,WbWb,4000,1000,85,220,1.2,0.6,/eos/uscms/store/user/aji/rootfiles_existingOptimization/WbWb_4000_1000_pt220_ak12_ca6_th85.root,failed,/eos/uscms/store/user/aji/rootfiles_existingOptimization/WbWb_4000_1000_pt220_ak12_ca6_th85.root,nan,nan,nan,nan,nan,nan,nan,nan,nan,nan,nan,nan,nan,nan,nan,nan,nan,nan,nan,nan,nan
WbWb_4000_1000,WbWb,4000,1000,85,220,1.2,0.8,/eos/uscms/store/user/aji/rootfiles_existingOptimization/WbWb_4000_1000_pt220_ak12_ca8_th85.root,failed,/eos/uscms/store/user/aji/rootfiles_existingOptimization/WbWb_4000_1000_pt220_ak12_ca8_th85.root,nan,nan,nan,nan,nan,nan,nan,nan,nan,nan,nan,nan,nan,nan,nan,nan,nan,nan,nan,nan,nan
WbWb_4000_1000,WbWb,4000,1000,85,220,1.4,0.4,/eos/uscms/store/user/aji/rootfiles_existingOptimization/WbWb_4000_1000_pt220_ak14_ca4_th85.root,failed,/eos/uscms/store/user/aji/rootfiles_existingOptimization/WbWb_4000_1000_pt220_ak14_ca4_th85.root,nan,nan,nan,nan,nan,nan,nan,nan,nan,nan,nan,nan,nan,nan,nan,nan,nan,nan,nan,nan,nan
WbWb_4000_1000,WbWb,4000,1000,85,220,1.4,0.6,/eos/uscms/store/user/aji/rootfiles_existingOptimization/WbWb_4000_1000_pt220_ak14_ca6_th85.root,failed,/eos/uscms/store/user/aji/rootfiles_existingOptimization/WbWb_4000_1000_pt220_ak14_ca6_th85.root,nan,nan,nan,nan,nan,nan,nan,nan,nan,nan,nan,nan,nan,nan,nan,nan,nan,nan,nan,nan,nan
WbWb_4000_1000,WbWb,4000,1000,85,220,1.4,0.8,/eos/uscms/store/user/aji/rootfiles_existingOptimization/WbWb_4000_1000_pt220_ak14_ca8_th85.root,failed,/eos/uscms/store/user/aji/rootfiles_existingOptimization/WbWb_4000_1000_pt220_ak14_ca8_th85.root,nan,nan,nan,nan,nan,nan,nan,nan,nan,nan,nan,nan,nan,nan,nan,nan,nan,nan,nan,nan,nan
WbWb_4000_1000,WbWb,4000,1000,85,220,1.4,1.0,/eos/uscms/store/user/aji/rootfiles_existingOptimization/WbWb_4000_1000_pt220_ak14_ca10_th85.root,failed,/eos/uscms/store/user/aji/rootfiles_existingOptimization/WbWb_4000_1000_pt220_ak14_ca10_th85.root,nan,nan,nan,nan,nan,nan,nan,nan,nan,nan,nan,nan,nan,nan,nan,nan,nan,nan,nan,nan,nan
WbWb_4000_1000,WbWb,4000,1000,85,220,1.6,0.4,/eos/uscms/store/user/aji/rootfiles_existingOptimization/WbWb_4000_1000_pt220_ak16_ca4_th85.root,failed,/eos/uscms/store/user/aji/rootfiles_existingOptimization/WbWb_4000_1000_pt220_ak16_ca4_th85.root,nan,nan,nan,nan,nan,nan,nan,nan,nan,nan,nan,nan,nan,nan,nan,nan,nan,nan,nan,nan,nan
WbWb_4000_1000,WbWb,4000,1000,85,220,1.6,0.6,/eos/uscms/store/user/aji/rootfiles_existingOptimization/WbWb_4000_1000_pt220_ak16_ca6_th85.root,failed,/eos/uscms/store/user/aji/rootfiles_existingOptimization/WbWb_4000_1000_pt220_ak16_ca6_th85.root,nan,nan,nan,nan,nan,nan,nan,nan,nan,nan,nan,nan,nan,nan,nan,nan,nan,nan,nan,nan,nan
WbWb_4000_1000,WbWb,4000,1000,85,220,1.6,0.8,/eos/uscms/store/user/aji/rootfiles_existingOptimization/WbWb_4000_1000_pt220_ak16_ca8_th85.root,failed,/eos/uscms/store/user/aji/rootfiles_existingOptimization/WbWb_4000_1000_pt220_ak16_ca8_th85.root,nan,nan,nan,nan,nan,nan,nan,nan,nan,nan,nan,nan,nan,nan,nan,nan,nan,nan,nan,nan,nan
WbWb_4000_1000,WbWb,4000,1000,85,220,1.6,1.0,/eos/uscms/store/user/aji/rootfiles_existingOptimization/WbWb_4000_1000_pt220_ak16_ca10_th85.root,failed,/eos/uscms/store/user/aji/rootfiles_existingOptimization/WbWb_4000_1000_pt220_ak16_ca10_th85.root,nan,nan,nan,nan,nan,nan,nan,nan,nan,nan,nan,nan,nan,nan,nan,nan,nan,nan,nan,nan,nan
WbWb_4000_1000,WbWb,4000,1000,85,220,1.6,1.2,/eos/uscms/store/user/aji/rootfiles_existingOptimization/WbWb_4000_1000_pt220_ak16_ca12_th85.root,failed,/eos/uscms/store/user/aji/rootfiles_existingOptimization/WbWb_4000_1000_pt220_ak16_ca12_th85.root,nan,nan,nan,nan,nan,nan,nan,nan,nan,nan,nan,nan,nan,nan,nan,nan,nan,nan,nan,nan,nan
WbWb_4000_1000,WbWb,4000,1000,85,240,0.8,0.4,/eos/uscms/store/user/aji/rootfiles_existingOptimization/WbWb_4000_1000_pt240_ak8_ca4_th85.root,failed,/eos/uscms/store/user/aji/rootfiles_existingOptimization/WbWb_4000_1000_pt240_ak8_ca4_th85.root,nan,nan,nan,nan,nan,nan,nan,nan,nan,nan,nan,nan,nan,nan,nan,nan,nan,nan,nan,nan,nan
WbWb_4000_1000,WbWb,4000,1000,85,240,1.0,0.4,/eos/uscms/store/user/aji/rootfiles_existingOptimization/WbWb_4000_1000_pt240_ak10_ca4_th85.root,failed,/eos/uscms/store/user/aji/rootfiles_existingOptimization/WbWb_4000_1000_pt240_ak10_ca4_th85.root,nan,nan,nan,nan,nan,nan,nan,nan,nan,nan,nan,nan,nan,nan,nan,nan,nan,nan,nan,nan,nan
WbWb_4000_1000,WbWb,4000,1000,85,240,1.0,0.6,/eos/uscms/store/user/aji/rootfiles_existingOptimization/WbWb_4000_1000_pt240_ak10_ca6_th85.root,failed,/eos/uscms/store/user/aji/rootfiles_existingOptimization/WbWb_4000_1000_pt240_ak10_ca6_th85.root,nan,nan,nan,nan,nan,nan,nan,nan,nan,nan,nan,nan,nan,nan,nan,nan,nan,nan,nan,nan,nan
WbWb_4000_1000,WbWb,4000,1000,85,240,1.2,0.4,/eos/uscms/store/user/aji/rootfiles_existingOptimization/WbWb_4000_1000_pt240_ak12_ca4_th85.root,failed,/eos/uscms/store/user/aji/rootfiles_existingOptimization/WbWb_4000_1000_pt240_ak12_ca4_th85.root,nan,nan,nan,nan,nan,nan,nan,nan,nan,nan,nan,nan,nan,nan,nan,nan,nan,nan,nan,nan,nan
WbWb_4000_1000,WbWb,4000,1000,85,240,1.2,0.6,/eos/uscms/store/user/aji/rootfiles_existingOptimization/WbWb_4000_1000_pt240_ak12_ca6_th85.root,failed,/eos/uscms/store/user/aji/rootfiles_existingOptimization/WbWb_4000_1000_pt240_ak12_ca6_th85.root,nan,nan,nan,nan,nan,nan,nan,nan,nan,nan,nan,nan,nan,nan,nan,nan,nan,nan,nan,nan,nan
WbWb_4000_1000,WbWb,4000,1000,85,240,1.2,0.8,/eos/uscms/store/user/aji/rootfiles_existingOptimization/WbWb_4000_1000_pt240_ak12_ca8_th85.root,failed,/eos/uscms/store/user/aji/rootfiles_existingOptimization/WbWb_4000_1000_pt240_ak12_ca8_th85.root,nan,nan,nan,nan,nan,nan,nan,nan,nan,nan,nan,nan,nan,nan,nan,nan,nan,nan,nan,nan,nan
WbWb_4000_1000,WbWb,4000,1000,85,240,1.4,0.4,/eos/uscms/store/user/aji/rootfiles_existingOptimization/WbWb_4000_1000_pt240_ak14_ca4_th85.root,failed,/eos/uscms/store/user/aji/rootfiles_existingOptimization/WbWb_4000_1000_pt240_ak14_ca4_th85.root,nan,nan,nan,nan,nan,nan,nan,nan,nan,nan,nan,nan,nan,nan,nan,nan,nan,nan,nan,nan,nan
WbWb_4000_1000,WbWb,4000,1000,85,240,1.4,0.6,/eos/uscms/store/user/aji/rootfiles_existingOptimization/WbWb_4000_1000_pt240_ak14_ca6_th85.root,failed,/eos/uscms/store/user/aji/rootfiles_existingOptimization/WbWb_4000_1000_pt240_ak14_ca6_th85.root,nan,nan,nan,nan,nan,nan,nan,nan,nan,nan,nan,nan,nan,nan,nan,nan,nan,nan,nan,nan,nan
WbWb_4000_1000,WbWb,4000,1000,85,240,1.4,0.8,/eos/uscms/store/user/aji/rootfiles_existingOptimization/WbWb_4000_1000_pt240_ak14_ca8_th85.root,failed,/eos/uscms/store/user/aji/rootfiles_existingOptimization/WbWb_4000_1000_pt240_ak14_ca8_th85.root,nan,nan,nan,nan,nan,nan,nan,nan,nan,nan,nan,nan,nan,nan,nan,nan,nan,nan,nan,nan,nan
WbWb_4000_1000,WbWb,4000,1000,85,240,1.4,1.0,/eos/uscms/store/user/aji/rootfiles_existingOptimization/WbWb_4000_1000_pt240_ak14_ca10_th85.root,failed,/eos/uscms/store/user/aji/rootfiles_existingOptimization/WbWb_4000_1000_pt240_ak14_ca10_th85.root,nan,nan,nan,nan,nan,nan,nan,nan,nan,nan,nan,nan,nan,nan,nan,nan,nan,nan,nan,nan,nan
WbWb_4000_1000,WbWb,4000,1000,85,240,1.6,0.4,/eos/uscms/store/user/aji/rootfiles_existingOptimization/WbWb_4000_1000_pt240_ak16_ca4_th85.root,failed,/eos/uscms/store/user/aji/rootfiles_existingOptimization/WbWb_4000_1000_pt240_ak16_ca4_th85.root,nan,nan,nan,nan,nan,nan,nan,nan,nan,nan,nan,nan,nan,nan,nan,nan,nan,nan,nan,nan,nan
WbWb_4000_1000,WbWb,4000,1000,85,240,1.6,0.6,/eos/uscms/store/user/aji/rootfiles_existingOptimization/WbWb_4000_1000_pt240_ak16_ca6_th85.root,failed,/eos/uscms/store/user/aji/rootfiles_existingOptimization/WbWb_4000_1000_pt240_ak16_ca6_th85.root,nan,nan,nan,nan,nan,nan,nan,nan,nan,nan,nan,nan,nan,nan,nan,nan,nan,nan,nan,nan,nan
WbWb_4000_1000,WbWb,4000,1000,85,240,1.6,0.8,/eos/uscms/store/user/aji/rootfiles_existingOptimization/WbWb_4000_1000_pt240_ak16_ca8_th85.root,failed,/eos/uscms/store/user/aji/rootfiles_existingOptimization/WbWb_4000_1000_pt240_ak16_ca8_th85.root,nan,nan,nan,nan,nan,nan,nan,nan,nan,nan,nan,nan,nan,nan,nan,nan,nan,nan,nan,nan,nan
WbWb_4000_1000,WbWb,4000,1000,85,240,1.6,1.0,/eos/uscms/store/user/aji/rootfiles_existingOptimization/WbWb_4000_1000_pt240_ak16_ca10_th85.root,failed,/eos/uscms/store/user/aji/rootfiles_existingOptimization/WbWb_4000_1000_pt240_ak16_ca10_th85.root,nan,nan,nan,nan,nan,nan,nan,nan,nan,nan,nan,nan,nan,nan,nan,nan,nan,nan,nan,nan,nan
WbWb_4000_1000,WbWb,4000,1000,85,240,1.6,1.2,/eos/uscms/store/user/aji/rootfiles_existingOptimization/WbWb_4000_1000_pt240_ak16_ca12_th85.root,failed,/eos/uscms/store/user/aji/rootfiles_existingOptimization/WbWb_4000_1000_pt240_ak16_ca12_th85.root,nan,nan,nan,nan,nan,nan,nan,nan,nan,nan,nan,nan,nan,nan,nan,nan,nan,nan,nan,nan,nan
WbWb_4000_1000,WbWb,4000,1000,85,260,0.8,0.4,/eos/uscms/store/user/aji/rootfiles_existingOptimization/WbWb_4000_1000_pt260_ak8_ca4_th85.root,failed,/eos/uscms/store/user/aji/rootfiles_existingOptimization/WbWb_4000_1000_pt260_ak8_ca4_th85.root,nan,nan,nan,nan,nan,nan,nan,nan,nan,nan,nan,nan,nan,nan,nan,nan,nan,nan,nan,nan,nan
WbWb_4000_1000,WbWb,4000,1000,85,260,1.0,0.4,/eos/uscms/store/user/aji/rootfiles_existingOptimization/WbWb_4000_1000_pt260_ak10_ca4_th85.root,failed,/eos/uscms/store/user/aji/rootfiles_existingOptimization/WbWb_4000_1000_pt260_ak10_ca4_th85.root,nan,nan,nan,nan,nan,nan,nan,nan,nan,nan,nan,nan,nan,nan,nan,nan,nan,nan,nan,nan,nan
WbWb_4000_1000,WbWb,4000,1000,85,260,1.0,0.6,/eos/uscms/store/user/aji/rootfiles_existingOptimization/WbWb_4000_1000_pt260_ak10_ca6_th85.root,failed,/eos/uscms/store/user/aji/rootfiles_existingOptimization/WbWb_4000_1000_pt260_ak10_ca6_th85.root,nan,nan,nan,nan,nan,nan,nan,nan,nan,nan,nan,nan,nan,nan,nan,nan,nan,nan,nan,nan,nan
WbWb_4000_1000,WbWb,4000,1000,85,260,1.2,0.4,/eos/uscms/store/user/aji/rootfiles_existingOptimization/WbWb_4000_1000_pt260_ak12_ca4_th85.root,failed,/eos/uscms/store/user/aji/rootfiles_existingOptimization/WbWb_4000_1000_pt260_ak12_ca4_th85.root,nan,nan,nan,nan,nan,nan,nan,nan,nan,nan,nan,nan,nan,nan,nan,nan,nan,nan,nan,nan,nan
WbWb_4000_1000,WbWb,4000,1000,85,260,1.2,0.6,/eos/uscms/store/user/aji/rootfiles_existingOptimization/WbWb_4000_1000_pt260_ak12_ca6_th85.root,failed,/eos/uscms/store/user/aji/rootfiles_existingOptimization/WbWb_4000_1000_pt260_ak12_ca6_th85.root,nan,nan,nan,nan,nan,nan,nan,nan,nan,nan,nan,nan,nan,nan,nan,nan,nan,nan,nan,nan,nan
WbWb_4000_1000,WbWb,4000,1000,85,260,1.2,0.8,/eos/uscms/store/user/aji/rootfiles_existingOptimization/WbWb_4000_1000_pt260_ak12_ca8_th85.root,failed,/eos/uscms/store/user/aji/rootfiles_existingOptimization/WbWb_4000_1000_pt260_ak12_ca8_th85.root,nan,nan,nan,nan,nan,nan,nan,nan,nan,nan,nan,nan,nan,nan,nan,nan,nan,nan,nan,nan,nan
WbWb_4000_1000,WbWb,4000,1000,85,260,1.4,0.4,/eos/uscms/store/user/aji/rootfiles_existingOptimization/WbWb_4000_1000_pt260_ak14_ca4_th85.root,failed,/eos/uscms/store/user/aji/rootfiles_existingOptimization/WbWb_4000_1000_pt260_ak14_ca4_th85.root,nan,nan,nan,nan,nan,nan,nan,nan,nan,nan,nan,nan,nan,nan,nan,nan,nan,nan,nan,nan,nan
WbWb_4000_1000,WbWb,4000,1000,85,260,1.4,0.6,/eos/uscms/store/user/aji/rootfiles_existingOptimization/WbWb_4000_1000_pt260_ak14_ca6_th85.root,failed,/eos/uscms/store/user/aji/rootfiles_existingOptimization/WbWb_4000_1000_pt260_ak14_ca6_th85.root,nan,nan,nan,nan,nan,nan,nan,nan,nan,nan,nan,nan,nan,nan,nan,nan,nan,nan,nan,nan,nan
WbWb_4000_1000,WbWb,4000,1000,85,260,1.4,0.8,/eos/uscms/store/user/aji/rootfiles_existingOptimization/WbWb_4000_1000_pt260_ak14_ca8_th85.root,failed,/eos/uscms/store/user/aji/rootfiles_existingOptimization/WbWb_4000_1000_pt260_ak14_ca8_th85.root,nan,nan,nan,nan,nan,nan,nan,nan,nan,nan,nan,nan,nan,nan,nan,nan,nan,nan,nan,nan,nan
WbWb_4000_1000,WbWb,4000,1000,85,260,1.4,1.0,/eos/uscms/store/user/aji/rootfiles_existingOptimization/WbWb_4000_1000_pt260_ak14_ca10_th85.root,failed,/eos/uscms/store/user/aji/rootfiles_existingOptimization/WbWb_4000_1000_pt260_ak14_ca10_th85.root,nan,nan,nan,nan,nan,nan,nan,nan,nan,nan,nan,nan,nan,nan,nan,nan,nan,nan,nan,nan,nan
WbWb_4000_1000,WbWb,4000,1000,85,260,1.6,0.4,/eos/uscms/store/user/aji/rootfiles_existingOptimization/WbWb_4000_1000_pt260_ak16_ca4_th85.root,failed,/eos/uscms/store/user/aji/rootfiles_existingOptimization/WbWb_4000_1000_pt260_ak16_ca4_th85.root,nan,nan,nan,nan,nan,nan,nan,nan,nan,nan,nan,nan,nan,nan,nan,nan,nan,nan,nan,nan,nan
WbWb_4000_1000,WbWb,4000,1000,85,260,1.6,0.6,/eos/uscms/store/user/aji/rootfiles_existingOptimization/WbWb_4000_1000_pt260_ak16_ca6_th85.root,failed,/eos/uscms/store/user/aji/rootfiles_existingOptimization/WbWb_4000_1000_pt260_ak16_ca6_th85.root,nan,nan,nan,nan,nan,nan,nan,nan,nan,nan,nan,nan,nan,nan,nan,nan,nan,nan,nan,nan,nan
WbWb_4000_1000,WbWb,4000,1000,85,260,1.6,0.8,/eos/uscms/store/user/aji/rootfiles_existingOptimization/WbWb_4000_1000_pt260_ak16_ca8_th85.root,failed,/eos/uscms/store/user/aji/rootfiles_existingOptimization/WbWb_4000_1000_pt260_ak16_ca8_th85.root,nan,nan,nan,nan,nan,nan,nan,nan,nan,nan,nan,nan,nan,nan,nan,nan,nan,nan,nan,nan,nan
WbWb_4000_1000,WbWb,4000,1000,85,260,1.6,1.0,/eos/uscms/store/user/aji/rootfiles_existingOptimization/WbWb_4000_1000_pt260_ak16_ca10_th85.root,failed,/eos/uscms/store/user/aji/rootfiles_existingOptimization/WbWb_4000_1000_pt260_ak16_ca10_th85.root,nan,nan,nan,nan,nan,nan,nan,nan,nan,nan,nan,nan,nan,nan,nan,nan,nan,nan,nan,nan,nan
WbWb_4000_1000,WbWb,4000,1000,85,260,1.6,1.2,/eos/uscms/store/user/aji/rootfiles_existingOptimization/WbWb_4000_1000_pt260_ak16_ca12_th85.root,failed,/eos/uscms/store/user/aji/rootfiles_existingOptimization/WbWb_4000_1000_pt260_ak16_ca12_th85.root,nan,nan,nan,nan,nan,nan,nan,nan,nan,nan,nan,nan,nan,nan,nan,nan,nan,nan,nan,nan,nan
WbWb_4000_1000,WbWb,4000,1000,85,280,0.8,0.4,/eos/uscms/store/user/aji/rootfiles_existingOptimization/WbWb_4000_1000_pt280_ak8_ca4_th85.root,failed,/eos/uscms/store/user/aji/rootfiles_existingOptimization/WbWb_4000_1000_pt280_ak8_ca4_th85.root,nan,nan,nan,nan,nan,nan,nan,nan,nan,nan,nan,nan,nan,nan,nan,nan,nan,nan,nan,nan,nan
WbWb_4000_1000,WbWb,4000,1000,85,280,1.0,0.4,/eos/uscms/store/user/aji/rootfiles_existingOptimization/WbWb_4000_1000_pt280_ak10_ca4_th85.root,failed,/eos/uscms/store/user/aji/rootfiles_existingOptimization/WbWb_4000_1000_pt280_ak10_ca4_th85.root,nan,nan,nan,nan,nan,nan,nan,nan,nan,nan,nan,nan,nan,nan,nan,nan,nan,nan,nan,nan,nan
WbWb_4000_1000,WbWb,4000,1000,85,280,1.0,0.6,/eos/uscms/store/user/aji/rootfiles_existingOptimization/WbWb_4000_1000_pt280_ak10_ca6_th85.root,failed,/eos/uscms/store/user/aji/rootfiles_existingOptimization/WbWb_4000_1000_pt280_ak10_ca6_th85.root,nan,nan,nan,nan,nan,nan,nan,nan,nan,nan,nan,nan,nan,nan,nan,nan,nan,nan,nan,nan,nan
WbWb_4000_1000,WbWb,4000,1000,85,280,1.2,0.4,/eos/uscms/store/user/aji/rootfiles_existingOptimization/WbWb_4000_1000_pt280_ak12_ca4_th85.root,failed,/eos/uscms/store/user/aji/rootfiles_existingOptimization/WbWb_4000_1000_pt280_ak12_ca4_th85.root,nan,nan,nan,nan,nan,nan,nan,nan,nan,nan,nan,nan,nan,nan,nan,nan,nan,nan,nan,nan,nan
WbWb_4000_1000,WbWb,4000,1000,85,280,1.2,0.6,/eos/uscms/store/user/aji/rootfiles_existingOptimization/WbWb_4000_1000_pt280_ak12_ca6_th85.root,failed,/eos/uscms/store/user/aji/rootfiles_existingOptimization/WbWb_4000_1000_pt280_ak12_ca6_th85.root,nan,nan,nan,nan,nan,nan,nan,nan,nan,nan,nan,nan,nan,nan,nan,nan,nan,nan,nan,nan,nan
WbWb_4000_1000,WbWb,4000,1000,85,280,1.2,0.8,/eos/uscms/store/user/aji/rootfiles_existingOptimization/WbWb_4000_1000_pt280_ak12_ca8_th85.root,failed,/eos/uscms/store/user/aji/rootfiles_existingOptimization/WbWb_4000_1000_pt280_ak12_ca8_th85.root,nan,nan,nan,nan,nan,nan,nan,nan,nan,nan,nan,nan,nan,nan,nan,nan,nan,nan,nan,nan,nan
WbWb_4000_1000,WbWb,4000,1000,85,280,1.4,0.4,/eos/uscms/store/user/aji/rootfiles_existingOptimization/WbWb_4000_1000_pt280_ak14_ca4_th85.root,failed,/eos/uscms/store/user/aji/rootfiles_existingOptimization/WbWb_4000_1000_pt280_ak14_ca4_th85.root,nan,nan,nan,nan,nan,nan,nan,nan,nan,nan,nan,nan,nan,nan,nan,nan,nan,nan,nan,nan,nan
WbWb_4000_1000,WbWb,4000,1000,85,280,1.4,0.6,/eos/uscms/store/user/aji/rootfiles_existingOptimization/WbWb_4000_1000_pt280_ak14_ca6_th85.root,failed,/eos/uscms/store/user/aji/rootfiles_existingOptimization/WbWb_4000_1000_pt280_ak14_ca6_th85.root,nan,nan,nan,nan,nan,nan,nan,nan,nan,nan,nan,nan,nan,nan,nan,nan,nan,nan,nan,nan,nan
WbWb_4000_1000,WbWb,4000,1000,85,280,1.4,0.8,/eos/uscms/store/user/aji/rootfiles_existingOptimization/WbWb_4000_1000_pt280_ak14_ca8_th85.root,failed,/eos/uscms/store/user/aji/rootfiles_existingOptimization/WbWb_4000_1000_pt280_ak14_ca8_th85.root,nan,nan,nan,nan,nan,nan,nan,nan,nan,nan,nan,nan,nan,nan,nan,nan,nan,nan,nan,nan,nan
WbWb_4000_1000,WbWb,4000,1000,85,280,1.4,1.0,/eos/uscms/store/user/aji/rootfiles_existingOptimization/WbWb_4000_1000_pt280_ak14_ca10_th85.root,failed,/eos/uscms/store/user/aji/rootfiles_existingOptimization/WbWb_4000_1000_pt280_ak14_ca10_th85.root,nan,nan,nan,nan,nan,nan,nan,nan,nan,nan,nan,nan,nan,nan,nan,nan,nan,nan,nan,nan,nan
WbWb_4000_1000,WbWb,4000,1000,85,280,1.6,0.4,/eos/uscms/store/user/aji/rootfiles_existingOptimization/WbWb_4000_1000_pt280_ak16_ca4_th85.root,failed,/eos/uscms/store/user/aji/rootfiles_existingOptimization/WbWb_4000_1000_pt280_ak16_ca4_th85.root,nan,nan,nan,nan,nan,nan,nan,nan,nan,nan,nan,nan,nan,nan,nan,nan,nan,nan,nan,nan,nan
WbWb_4000_1000,WbWb,4000,1000,85,280,1.6,0.6,/eos/uscms/store/user/aji/rootfiles_existingOptimization/WbWb_4000_1000_pt280_ak16_ca6_th85.root,failed,/eos/uscms/store/user/aji/rootfiles_existingOptimization/WbWb_4000_1000_pt280_ak16_ca6_th85.root,nan,nan,nan,nan,nan,nan,nan,nan,nan,nan,nan,nan,nan,nan,nan,nan,nan,nan,nan,nan,nan
WbWb_4000_1000,WbWb,4000,1000,85,280,1.6,0.8,/eos/uscms/store/user/aji/rootfiles_existingOptimization/WbWb_4000_1000_pt280_ak16_ca8_th85.root,failed,/eos/uscms/store/user/aji/rootfiles_existingOptimization/WbWb_4000_1000_pt280_ak16_ca8_th85.root,nan,nan,nan,nan,nan,nan,nan,nan,nan,nan,nan,nan,nan,nan,nan,nan,nan,nan,nan,nan,nan
WbWb_4000_1000,WbWb,4000,1000,85,280,1.6,1.0,/eos/uscms/store/user/aji/rootfiles_existingOptimization/WbWb_4000_1000_pt280_ak16_ca10_th85.root,failed,/eos/uscms/store/user/aji/rootfiles_existingOptimization/WbWb_4000_1000_pt280_ak16_ca10_th85.root,nan,nan,nan,nan,nan,nan,nan,nan,nan,nan,nan,nan,nan,nan,nan,nan,nan,nan,nan,nan,nan
WbWb_4000_1000,WbWb,4000,1000,85,280,1.6,1.2,/eos/uscms/store/user/aji/rootfiles_existingOptimization/WbWb_4000_1000_pt280_ak16_ca12_th85.root,failed,/eos/uscms/store/user/aji/rootfiles_existingOptimization/WbWb_4000_1000_pt280_ak16_ca12_th85.root,nan,nan,nan,nan,nan,nan,nan,nan,nan,nan,nan,nan,nan,nan,nan,nan,nan,nan,nan,nan,nan
WbWb_4000_1000,WbWb,4000,1000,85,300,0.8,0.4,/eos/uscms/store/user/aji/rootfiles_existingOptimization/WbWb_4000_1000_pt300_ak8_ca4_th85.root,failed,/eos/uscms/store/user/aji/rootfiles_existingOptimization/WbWb_4000_1000_pt300_ak8_ca4_th85.root,nan,nan,nan,nan,nan,nan,nan,nan,nan,nan,nan,nan,nan,nan,nan,nan,nan,nan,nan,nan,nan
WbWb_4000_1000,WbWb,4000,1000,85,300,1.0,0.4,/eos/uscms/store/user/aji/rootfiles_existingOptimization/WbWb_4000_1000_pt300_ak10_ca4_th85.root,failed,/eos/uscms/store/user/aji/rootfiles_existingOptimization/WbWb_4000_1000_pt300_ak10_ca4_th85.root,nan,nan,nan,nan,nan,nan,nan,nan,nan,nan,nan,nan,nan,nan,nan,nan,nan,nan,nan,nan,nan
WbWb_4000_1000,WbWb,4000,1000,85,300,1.0,0.6,/eos/uscms/store/user/aji/rootfiles_existingOptimization/WbWb_4000_1000_pt300_ak10_ca6_th85.root,failed,/eos/uscms/store/user/aji/rootfiles_existingOptimization/WbWb_4000_1000_pt300_ak10_ca6_th85.root,nan,nan,nan,nan,nan,nan,nan,nan,nan,nan,nan,nan,nan,nan,nan,nan,nan,nan,nan,nan,nan
WbWb_4000_1000,WbWb,4000,1000,85,300,1.2,0.4,/eos/uscms/store/user/aji/rootfiles_existingOptimization/WbWb_4000_1000_pt300_ak12_ca4_th85.root,failed,/eos/uscms/store/user/aji/rootfiles_existingOptimization/WbWb_4000_1000_pt300_ak12_ca4_th85.root,nan,nan,nan,nan,nan,nan,nan,nan,nan,nan,nan,nan,nan,nan,nan,nan,nan,nan,nan,nan,nan
WbWb_4000_1000,WbWb,4000,1000,85,300,1.2,0.6,/eos/uscms/store/user/aji/rootfiles_existingOptimization/WbWb_4000_1000_pt300_ak12_ca6_th85.root,failed,/eos/uscms/store/user/aji/rootfiles_existingOptimization/WbWb_4000_1000_pt300_ak12_ca6_th85.root,nan,nan,nan,nan,nan,nan,nan,nan,nan,nan,nan,nan,nan,nan,nan,nan,nan,nan,nan,nan,nan
WbWb_4000_1000,WbWb,4000,1000,85,300,1.2,0.8,/eos/uscms/store/user/aji/rootfiles_existingOptimization/WbWb_4000_1000_pt300_ak12_ca8_th85.root,failed,/eos/uscms/store/user/aji/rootfiles_existingOptimization/WbWb_4000_1000_pt300_ak12_ca8_th85.root,nan,nan,nan,nan,nan,nan,nan,nan,nan,nan,nan,nan,nan,nan,nan,nan,nan,nan,nan,nan,nan
WbWb_4000_1000,WbWb,4000,1000,85,300,1.4,0.4,/eos/uscms/store/user/aji/rootfiles_existingOptimization/WbWb_4000_1000_pt300_ak14_ca4_th85.root,failed,/eos/uscms/store/user/aji/rootfiles_existingOptimization/WbWb_4000_1000_pt300_ak14_ca4_th85.root,nan,nan,nan,nan,nan,nan,nan,nan,nan,nan,nan,nan,nan,nan,nan,nan,nan,nan,nan,nan,nan
WbWb_4000_1000,WbWb,4000,1000,85,300,1.4,0.6,/eos/uscms/store/user/aji/rootfiles_existingOptimization/WbWb_4000_1000_pt300_ak14_ca6_th85.root,failed,/eos/uscms/store/user/aji/rootfiles_existingOptimization/WbWb_4000_1000_pt300_ak14_ca6_th85.root,nan,nan,nan,nan,nan,nan,nan,nan,nan,nan,nan,nan,nan,nan,nan,nan,nan,nan,nan,nan,nan
WbWb_4000_1000,WbWb,4000,1000,85,300,1.4,0.8,/eos/uscms/store/user/aji/rootfiles_existingOptimization/WbWb_4000_1000_pt300_ak14_ca8_th85.root,failed,/eos/uscms/store/user/aji/rootfiles_existingOptimization/WbWb_4000_1000_pt300_ak14_ca8_th85.root,nan,nan,nan,nan,nan,nan,nan,nan,nan,nan,nan,nan,nan,nan,nan,nan,nan,nan,nan,nan,nan
WbWb_4000_1000,WbWb,4000,1000,85,300,1.4,1.0,/eos/uscms/store/user/aji/rootfiles_existingOptimization/WbWb_4000_1000_pt300_ak14_ca10_th85.root,failed,/eos/uscms/store/user/aji/rootfiles_existingOptimization/WbWb_4000_1000_pt300_ak14_ca10_th85.root,nan,nan,nan,nan,nan,nan,nan,nan,nan,nan,nan,nan,nan,nan,nan,nan,nan,nan,nan,nan,nan
WbWb_4000_1000,WbWb,4000,1000,85,300,1.6,0.4,/eos/uscms/store/user/aji/rootfiles_existingOptimization/WbWb_4000_1000_pt300_ak16_ca4_th85.root,failed,/eos/uscms/store/user/aji/rootfiles_existingOptimization/WbWb_4000_1000_pt300_ak16_ca4_th85.root,nan,nan,nan,nan,nan,nan,nan,nan,nan,nan,nan,nan,nan,nan,nan,nan,nan,nan,nan,nan,nan
WbWb_4000_1000,WbWb,4000,1000,85,300,1.6,0.6,/eos/uscms/store/user/aji/rootfiles_existingOptimization/WbWb_4000_1000_pt300_ak16_ca6_th85.root,failed,/eos/uscms/store/user/aji/rootfiles_existingOptimization/WbWb_4000_1000_pt300_ak16_ca6_th85.root,nan,nan,nan,nan,nan,nan,nan,nan,nan,nan,nan,nan,nan,nan,nan,nan,nan,nan,nan,nan,nan
WbWb_4000_1000,WbWb,4000,1000,85,300,1.6,0.8,/eos/uscms/store/user/aji/rootfiles_existingOptimization/WbWb_4000_1000_pt300_ak16_ca8_th85.root,failed,/eos/uscms/store/user/aji/rootfiles_existingOptimization/WbWb_4000_1000_pt300_ak16_ca8_th85.root,nan,nan,nan,nan,nan,nan,nan,nan,nan,nan,nan,nan,nan,nan,nan,nan,nan,nan,nan,nan,nan
WbWb_4000_1000,WbWb,4000,1000,85,300,1.6,1.0,/eos/uscms/store/user/aji/rootfiles_existingOptimization/WbWb_4000_1000_pt300_ak16_ca10_th85.root,failed,/eos/uscms/store/user/aji/rootfiles_existingOptimization/WbWb_4000_1000_pt300_ak16_ca10_th85.root,nan,nan,nan,nan,nan,nan,nan,nan,nan,nan,nan,nan,nan,nan,nan,nan,nan,nan,nan,nan,nan
WbWb_4000_1000,WbWb,4000,1000,85,300,1.6,1.2,/eos/uscms/store/user/aji/rootfiles_existingOptimization/WbWb_4000_1000_pt300_ak16_ca12_th85.root,failed,/eos/uscms/store/user/aji/rootfiles_existingOptimization/WbWb_4000_1000_pt300_ak16_ca12_th85.root,nan,nan,nan,nan,nan,nan,nan,nan,nan,nan,nan,nan,nan,nan,nan,nan,nan,nan,nan,nan,nan
WbWb_4000_1000,WbWb,4000,1000,85,320,0.8,0.4,/eos/uscms/store/user/aji/rootfiles_existingOptimization/WbWb_4000_1000_pt320_ak8_ca4_th85.root,failed,/eos/uscms/store/user/aji/rootfiles_existingOptimization/WbWb_4000_1000_pt320_ak8_ca4_th85.root,nan,nan,nan,nan,nan,nan,nan,nan,nan,nan,nan,nan,nan,nan,nan,nan,nan,nan,nan,nan,nan
WbWb_4000_1000,WbWb,4000,1000,85,320,1.0,0.4,/eos/uscms/store/user/aji/rootfiles_existingOptimization/WbWb_4000_1000_pt320_ak10_ca4_th85.root,failed,/eos/uscms/store/user/aji/rootfiles_existingOptimization/WbWb_4000_1000_pt320_ak10_ca4_th85.root,nan,nan,nan,nan,nan,nan,nan,nan,nan,nan,nan,nan,nan,nan,nan,nan,nan,nan,nan,nan,nan
WbWb_4000_1000,WbWb,4000,1000,85,320,1.0,0.6,/eos/uscms/store/user/aji/rootfiles_existingOptimization/WbWb_4000_1000_pt320_ak10_ca6_th85.root,failed,/eos/uscms/store/user/aji/rootfiles_existingOptimization/WbWb_4000_1000_pt320_ak10_ca6_th85.root,nan,nan,nan,nan,nan,nan,nan,nan,nan,nan,nan,nan,nan,nan,nan,nan,nan,nan,nan,nan,nan
WbWb_4000_1000,WbWb,4000,1000,85,320,1.2,0.4,/eos/uscms/store/user/aji/rootfiles_existingOptimization/WbWb_4000_1000_pt320_ak12_ca4_th85.root,failed,/eos/uscms/store/user/aji/rootfiles_existingOptimization/WbWb_4000_1000_pt320_ak12_ca4_th85.root,nan,nan,nan,nan,nan,nan,nan,nan,nan,nan,nan,nan,nan,nan,nan,nan,nan,nan,nan,nan,nan
WbWb_4000_1000,WbWb,4000,1000,85,320,1.2,0.6,/eos/uscms/store/user/aji/rootfiles_existingOptimization/WbWb_4000_1000_pt320_ak12_ca6_th85.root,failed,/eos/uscms/store/user/aji/rootfiles_existingOptimization/WbWb_4000_1000_pt320_ak12_ca6_th85.root,nan,nan,nan,nan,nan,nan,nan,nan,nan,nan,nan,nan,nan,nan,nan,nan,nan,nan,nan,nan,nan
WbWb_4000_1000,WbWb,4000,1000,85,320,1.2,0.8,/eos/uscms/store/user/aji/rootfiles_existingOptimization/WbWb_4000_1000_pt320_ak12_ca8_th85.root,failed,/eos/uscms/store/user/aji/rootfiles_existingOptimization/WbWb_4000_1000_pt320_ak12_ca8_th85.root,nan,nan,nan,nan,nan,nan,nan,nan,nan,nan,nan,nan,nan,nan,nan,nan,nan,nan,nan,nan,nan
WbWb_4000_1000,WbWb,4000,1000,85,320,1.4,0.4,/eos/uscms/store/user/aji/rootfiles_existingOptimization/WbWb_4000_1000_pt320_ak14_ca4_th85.root,failed,/eos/uscms/store/user/aji/rootfiles_existingOptimization/WbWb_4000_1000_pt320_ak14_ca4_th85.root,nan,nan,nan,nan,nan,nan,nan,nan,nan,nan,nan,nan,nan,nan,nan,nan,nan,nan,nan,nan,nan
WbWb_4000_1000,WbWb,4000,1000,85,320,1.4,0.6,/eos/uscms/store/user/aji/rootfiles_existingOptimization/WbWb_4000_1000_pt320_ak14_ca6_th85.root,failed,/eos/uscms/store/user/aji/rootfiles_existingOptimization/WbWb_4000_1000_pt320_ak14_ca6_th85.root,nan,nan,nan,nan,nan,nan,nan,nan,nan,nan,nan,nan,nan,nan,nan,nan,nan,nan,nan,nan,nan
WbWb_4000_1000,WbWb,4000,1000,85,320,1.4,0.8,/eos/uscms/store/user/aji/rootfiles_existingOptimization/WbWb_4000_1000_pt320_ak14_ca8_th85.root,failed,/eos/uscms/store/user/aji/rootfiles_existingOptimization/WbWb_4000_1000_pt320_ak14_ca8_th85.root,nan,nan,nan,nan,nan,nan,nan,nan,nan,nan,nan,nan,nan,nan,nan,nan,nan,nan,nan,nan,nan
WbWb_4000_1000,WbWb,4000,1000,85,320,1.4,1.0,/eos/uscms/store/user/aji/rootfiles_existingOptimization/WbWb_4000_1000_pt320_ak14_ca10_th85.root,failed,/eos/uscms/store/user/aji/rootfiles_existingOptimization/WbWb_4000_1000_pt320_ak14_ca10_th85.root,nan,nan,nan,nan,nan,nan,nan,nan,nan,nan,nan,nan,nan,nan,nan,nan,nan,nan,nan,nan,nan
WbWb_4000_1000,WbWb,4000,1000,85,320,1.6,0.4,/eos/uscms/store/user/aji/rootfiles_existingOptimization/WbWb_4000_1000_pt320_ak16_ca4_th85.root,failed,/eos/uscms/store/user/aji/rootfiles_existingOptimization/WbWb_4000_1000_pt320_ak16_ca4_th85.root,nan,nan,nan,nan,nan,nan,nan,nan,nan,nan,nan,nan,nan,nan,nan,nan,nan,nan,nan,nan,nan
WbWb_4000_1000,WbWb,4000,1000,85,320,1.6,0.6,/eos/uscms/store/user/aji/rootfiles_existingOptimization/WbWb_4000_1000_pt320_ak16_ca6_th85.root,failed,/eos/uscms/store/user/aji/rootfiles_existingOptimization/WbWb_4000_1000_pt320_ak16_ca6_th85.root,nan,nan,nan,nan,nan,nan,nan,nan,nan,nan,nan,nan,nan,nan,nan,nan,nan,nan,nan,nan,nan
WbWb_4000_1000,WbWb,4000,1000,85,320,1.6,0.8,/eos/uscms/store/user/aji/rootfiles_existingOptimization/WbWb_4000_1000_pt320_ak16_ca8_th85.root,failed,/eos/uscms/store/user/aji/rootfiles_existingOptimization/WbWb_4000_1000_pt320_ak16_ca8_th85.root,nan,nan,nan,nan,nan,nan,nan,nan,nan,nan,nan,nan,nan,nan,nan,nan,nan,nan,nan,nan,nan
WbWb_4000_1000,WbWb,4000,1000,85,320,1.6,1.0,/eos/uscms/store/user/aji/rootfiles_existingOptimization/WbWb_4000_1000_pt320_ak16_ca10_th85.root,failed,/eos/uscms/store/user/aji/rootfiles_existingOptimization/WbWb_4000_1000_pt320_ak16_ca10_th85.root,nan,nan,nan,nan,nan,nan,nan,nan,nan,nan,nan,nan,nan,nan,nan,nan,nan,nan,nan,nan,nan
WbWb_4000_1000,WbWb,4000,1000,85,320,1.6,1.2,/eos/uscms/store/user/aji/rootfiles_existingOptimization/WbWb_4000_1000_pt320_ak16_ca12_th85.root,failed,/eos/uscms/store/user/aji/rootfiles_existingOptimization/WbWb_4000_1000_pt320_ak16_ca12_th85.root,nan,nan,nan,nan,nan,nan,nan,nan,nan,nan,nan,nan,nan,nan,nan,nan,nan,nan,nan,nan,nan
WbWb_4000_1000,WbWb,4000,1000,85,340,0.8,0.4,/eos/uscms/store/user/aji/rootfiles_existingOptimization/WbWb_4000_1000_pt340_ak8_ca4_th85.root,failed,/eos/uscms/store/user/aji/rootfiles_existingOptimization/WbWb_4000_1000_pt340_ak8_ca4_th85.root,nan,nan,nan,nan,nan,nan,nan,nan,nan,nan,nan,nan,nan,nan,nan,nan,nan,nan,nan,nan,nan
WbWb_4000_1000,WbWb,4000,1000,85,340,1.0,0.4,/eos/uscms/store/user/aji/rootfiles_existingOptimization/WbWb_4000_1000_pt340_ak10_ca4_th85.root,failed,/eos/uscms/store/user/aji/rootfiles_existingOptimization/WbWb_4000_1000_pt340_ak10_ca4_th85.root,nan,nan,nan,nan,nan,nan,nan,nan,nan,nan,nan,nan,nan,nan,nan,nan,nan,nan,nan,nan,nan
WbWb_4000_1000,WbWb,4000,1000,85,340,1.0,0.6,/eos/uscms/store/user/aji/rootfiles_existingOptimization/WbWb_4000_1000_pt340_ak10_ca6_th85.root,failed,/eos/uscms/store/user/aji/rootfiles_existingOptimization/WbWb_4000_1000_pt340_ak10_ca6_th85.root,nan,nan,nan,nan,nan,nan,nan,nan,nan,nan,nan,nan,nan,nan,nan,nan,nan,nan,nan,nan,nan
WbWb_4000_1000,WbWb,4000,1000,85,340,1.2,0.4,/eos/uscms/store/user/aji/rootfiles_existingOptimization/WbWb_4000_1000_pt340_ak12_ca4_th85.root,failed,/eos/uscms/store/user/aji/rootfiles_existingOptimization/WbWb_4000_1000_pt340_ak12_ca4_th85.root,nan,nan,nan,nan,nan,nan,nan,nan,nan,nan,nan,nan,nan,nan,nan,nan,nan,nan,nan,nan,nan
WbWb_4000_1000,WbWb,4000,1000,85,340,1.2,0.6,/eos/uscms/store/user/aji/rootfiles_existingOptimization/WbWb_4000_1000_pt340_ak12_ca6_th85.root,failed,/eos/uscms/store/user/aji/rootfiles_existingOptimization/WbWb_4000_1000_pt340_ak12_ca6_th85.root,nan,nan,nan,nan,nan,nan,nan,nan,nan,nan,nan,nan,nan,nan,nan,nan,nan,nan,nan,nan,nan
WbWb_4000_1000,WbWb,4000,1000,85,340,1.2,0.8,/eos/uscms/store/user/aji/rootfiles_existingOptimization/WbWb_4000_1000_pt340_ak12_ca8_th85.root,failed,/eos/uscms/store/user/aji/rootfiles_existingOptimization/WbWb_4000_1000_pt340_ak12_ca8_th85.root,nan,nan,nan,nan,nan,nan,nan,nan,nan,nan,nan,nan,nan,nan,nan,nan,nan,nan,nan,nan,nan
WbWb_4000_1000,WbWb,4000,1000,85,340,1.4,0.4,/eos/uscms/store/user/aji/rootfiles_existingOptimization/WbWb_4000_1000_pt340_ak14_ca4_th85.root,failed,/eos/uscms/store/user/aji/rootfiles_existingOptimization/WbWb_4000_1000_pt340_ak14_ca4_th85.root,nan,nan,nan,nan,nan,nan,nan,nan,nan,nan,nan,nan,nan,nan,nan,nan,nan,nan,nan,nan,nan
WbWb_4000_1000,WbWb,4000,1000,85,340,1.4,0.6,/eos/uscms/store/user/aji/rootfiles_existingOptimization/WbWb_4000_1000_pt340_ak14_ca6_th85.root,failed,/eos/uscms/store/user/aji/rootfiles_existingOptimization/WbWb_4000_1000_pt340_ak14_ca6_th85.root,nan,nan,nan,nan,nan,nan,nan,nan,nan,nan,nan,nan,nan,nan,nan,nan,nan,nan,nan,nan,nan
WbWb_4000_1000,WbWb,4000,1000,85,340,1.4,0.8,/eos/uscms/store/user/aji/rootfiles_existingOptimization/WbWb_4000_1000_pt340_ak14_ca8_th85.root,failed,/eos/uscms/store/user/aji/rootfiles_existingOptimization/WbWb_4000_1000_pt340_ak14_ca8_th85.root,nan,nan,nan,nan,nan,nan,nan,nan,nan,nan,nan,nan,nan,nan,nan,nan,nan,nan,nan,nan,nan
WbWb_4000_1000,WbWb,4000,1000,85,340,1.4,1.0,/eos/uscms/store/user/aji/rootfiles_existingOptimization/WbWb_4000_1000_pt340_ak14_ca10_th85.root,failed,/eos/uscms/store/user/aji/rootfiles_existingOptimization/WbWb_4000_1000_pt340_ak14_ca10_th85.root,nan,nan,nan,nan,nan,nan,nan,nan,nan,nan,nan,nan,nan,nan,nan,nan,nan,nan,nan,nan,nan
WbWb_4000_1000,WbWb,4000,1000,85,340,1.6,0.4,/eos/uscms/store/user/aji/rootfiles_existingOptimization/WbWb_4000_1000_pt340_ak16_ca4_th85.root,failed,/eos/uscms/store/user/aji/rootfiles_existingOptimization/WbWb_4000_1000_pt340_ak16_ca4_th85.root,nan,nan,nan,nan,nan,nan,nan,nan,nan,nan,nan,nan,nan,nan,nan,nan,nan,nan,nan,nan,nan
WbWb_4000_1000,WbWb,4000,1000,85,340,1.6,0.6,/eos/uscms/store/user/aji/rootfiles_existingOptimization/WbWb_4000_1000_pt340_ak16_ca6_th85.root,failed,/eos/uscms/store/user/aji/rootfiles_existingOptimization/WbWb_4000_1000_pt340_ak16_ca6_th85.root,nan,nan,nan,nan,nan,nan,nan,nan,nan,nan,nan,nan,nan,nan,nan,nan,nan,nan,nan,nan,nan
WbWb_4000_1000,WbWb,4000,1000,85,340,1.6,0.8,/eos/uscms/store/user/aji/rootfiles_existingOptimization/WbWb_4000_1000_pt340_ak16_ca8_th85.root,failed,/eos/uscms/store/user/aji/rootfiles_existingOptimization/WbWb_4000_1000_pt340_ak16_ca8_th85.root,nan,nan,nan,nan,nan,nan,nan,nan,nan,nan,nan,nan,nan,nan,nan,nan,nan,nan,nan,nan,nan
WbWb_4000_1000,WbWb,4000,1000,85,340,1.6,1.0,/eos/uscms/store/user/aji/rootfiles_existingOptimization/WbWb_4000_1000_pt340_ak16_ca10_th85.root,failed,/eos/uscms/store/user/aji/rootfiles_existingOptimization/WbWb_4000_1000_pt340_ak16_ca10_th85.root,nan,nan,nan,nan,nan,nan,nan,nan,nan,nan,nan,nan,nan,nan,nan,nan,nan,nan,nan,nan,nan
WbWb_4000_1000,WbWb,4000,1000,85,340,1.6,1.2,/eos/uscms/store/user/aji/rootfiles_existingOptimization/WbWb_4000_1000_pt340_ak16_ca12_th85.root,failed,/eos/uscms/store/user/aji/rootfiles_existingOptimization/WbWb_4000_1000_pt340_ak16_ca12_th85.root,nan,nan,nan,nan,nan,nan,nan,nan,nan,nan,nan,nan,nan,nan,nan,nan,nan,nan,nan,nan,nan
WbWb_4000_1000,WbWb,4000,1000,85,360,0.8,0.4,/eos/uscms/store/user/aji/rootfiles_existingOptimization/WbWb_4000_1000_pt360_ak8_ca4_th85.root,failed,/eos/uscms/store/user/aji/rootfiles_existingOptimization/WbWb_4000_1000_pt360_ak8_ca4_th85.root,nan,nan,nan,nan,nan,nan,nan,nan,nan,nan,nan,nan,nan,nan,nan,nan,nan,nan,nan,nan,nan
WbWb_4000_1000,WbWb,4000,1000,85,360,1.0,0.4,/eos/uscms/store/user/aji/rootfiles_existingOptimization/WbWb_4000_1000_pt360_ak10_ca4_th85.root,failed,/eos/uscms/store/user/aji/rootfiles_existingOptimization/WbWb_4000_1000_pt360_ak10_ca4_th85.root,nan,nan,nan,nan,nan,nan,nan,nan,nan,nan,nan,nan,nan,nan,nan,nan,nan,nan,nan,nan,nan
WbWb_4000_1000,WbWb,4000,1000,85,360,1.0,0.6,/eos/uscms/store/user/aji/rootfiles_existingOptimization/WbWb_4000_1000_pt360_ak10_ca6_th85.root,failed,/eos/uscms/store/user/aji/rootfiles_existingOptimization/WbWb_4000_1000_pt360_ak10_ca6_th85.root,nan,nan,nan,nan,nan,nan,nan,nan,nan,nan,nan,nan,nan,nan,nan,nan,nan,nan,nan,nan,nan
WbWb_4000_1000,WbWb,4000,1000,85,360,1.2,0.4,/eos/uscms/store/user/aji/rootfiles_existingOptimization/WbWb_4000_1000_pt360_ak12_ca4_th85.root,failed,/eos/uscms/store/user/aji/rootfiles_existingOptimization/WbWb_4000_1000_pt360_ak12_ca4_th85.root,nan,nan,nan,nan,nan,nan,nan,nan,nan,nan,nan,nan,nan,nan,nan,nan,nan,nan,nan,nan,nan
WbWb_4000_1000,WbWb,4000,1000,85,360,1.2,0.6,/eos/uscms/store/user/aji/rootfiles_existingOptimization/WbWb_4000_1000_pt360_ak12_ca6_th85.root,failed,/eos/uscms/store/user/aji/rootfiles_existingOptimization/WbWb_4000_1000_pt360_ak12_ca6_th85.root,nan,nan,nan,nan,nan,nan,nan,nan,nan,nan,nan,nan,nan,nan,nan,nan,nan,nan,nan,nan,nan
WbWb_4000_1000,WbWb,4000,1000,85,360,1.2,0.8,/eos/uscms/store/user/aji/rootfiles_existingOptimization/WbWb_4000_1000_pt360_ak12_ca8_th85.root,failed,/eos/uscms/store/user/aji/rootfiles_existingOptimization/WbWb_4000_1000_pt360_ak12_ca8_th85.root,nan,nan,nan,nan,nan,nan,nan,nan,nan,nan,nan,nan,nan,nan,nan,nan,nan,nan,nan,nan,nan
WbWb_4000_1000,WbWb,4000,1000,85,360,1.4,0.4,/eos/uscms/store/user/aji/rootfiles_existingOptimization/WbWb_4000_1000_pt360_ak14_ca4_th85.root,failed,/eos/uscms/store/user/aji/rootfiles_existingOptimization/WbWb_4000_1000_pt360_ak14_ca4_th85.root,nan,nan,nan,nan,nan,nan,nan,nan,nan,nan,nan,nan,nan,nan,nan,nan,nan,nan,nan,nan,nan
WbWb_4000_1000,WbWb,4000,1000,85,360,1.4,0.6,/eos/uscms/store/user/aji/rootfiles_existingOptimization/WbWb_4000_1000_pt360_ak14_ca6_th85.root,failed,/eos/uscms/store/user/aji/rootfiles_existingOptimization/WbWb_4000_1000_pt360_ak14_ca6_th85.root,nan,nan,nan,nan,nan,nan,nan,nan,nan,nan,nan,nan,nan,nan,nan,nan,nan,nan,nan,nan,nan
WbWb_4000_1000,WbWb,4000,1000,85,360,1.4,0.8,/eos/uscms/store/user/aji/rootfiles_existingOptimization/WbWb_4000_1000_pt360_ak14_ca8_th85.root,failed,/eos/uscms/store/user/aji/rootfiles_existingOptimization/WbWb_4000_1000_pt360_ak14_ca8_th85.root,nan,nan,nan,nan,nan,nan,nan,nan,nan,nan,nan,nan,nan,nan,nan,nan,nan,nan,nan,nan,nan
WbWb_4000_1000,WbWb,4000,1000,85,360,1.4,1.0,/eos/uscms/store/user/aji/rootfiles_existingOptimization/WbWb_4000_1000_pt360_ak14_ca10_th85.root,failed,/eos/uscms/store/user/aji/rootfiles_existingOptimization/WbWb_4000_1000_pt360_ak14_ca10_th85.root,nan,nan,nan,nan,nan,nan,nan,nan,nan,nan,nan,nan,nan,nan,nan,nan,nan,nan,nan,nan,nan
WbWb_4000_1000,WbWb,4000,1000,85,360,1.6,0.4,/eos/uscms/store/user/aji/rootfiles_existingOptimization/WbWb_4000_1000_pt360_ak16_ca4_th85.root,failed,/eos/uscms/store/user/aji/rootfiles_existingOptimization/WbWb_4000_1000_pt360_ak16_ca4_th85.root,nan,nan,nan,nan,nan,nan,nan,nan,nan,nan,nan,nan,nan,nan,nan,nan,nan,nan,nan,nan,nan
WbWb_4000_1000,WbWb,4000,1000,85,360,1.6,0.6,/eos/uscms/store/user/aji/rootfiles_existingOptimization/WbWb_4000_1000_pt360_ak16_ca6_th85.root,failed,/eos/uscms/store/user/aji/rootfiles_existingOptimization/WbWb_4000_1000_pt360_ak16_ca6_th85.root,nan,nan,nan,nan,nan,nan,nan,nan,nan,nan,nan,nan,nan,nan,nan,nan,nan,nan,nan,nan,nan
WbWb_4000_1000,WbWb,4000,1000,85,360,1.6,0.8,/eos/uscms/store/user/aji/rootfiles_existingOptimization/WbWb_4000_1000_pt360_ak16_ca8_th85.root,failed,/eos/uscms/store/user/aji/rootfiles_existingOptimization/WbWb_4000_1000_pt360_ak16_ca8_th85.root,nan,nan,nan,nan,nan,nan,nan,nan,nan,nan,nan,nan,nan,nan,nan,nan,nan,nan,nan,nan,nan
WbWb_4000_1000,WbWb,4000,1000,85,360,1.6,1.0,/eos/uscms/store/user/aji/rootfiles_existingOptimization/WbWb_4000_1000_pt360_ak16_ca10_th85.root,failed,/eos/uscms/store/user/aji/rootfiles_existingOptimization/WbWb_4000_1000_pt360_ak16_ca10_th85.root,nan,nan,nan,nan,nan,nan,nan,nan,nan,nan,nan,nan,nan,nan,nan,nan,nan,nan,nan,nan,nan
WbWb_4000_1000,WbWb,4000,1000,85,360,1.6,1.2,/eos/uscms/store/user/aji/rootfiles_existingOptimization/WbWb_4000_1000_pt360_ak16_ca12_th85.root,failed,/eos/uscms/store/user/aji/rootfiles_existingOptimization/WbWb_4000_1000_pt360_ak16_ca12_th85.root,nan,nan,nan,nan,nan,nan,nan,nan,nan,nan,nan,nan,nan,nan,nan,nan,nan,nan,nan,nan,nan
WbWb_4000_1000,WbWb,4000,1000,85,380,0.8,0.4,/eos/uscms/store/user/aji/rootfiles_existingOptimization/WbWb_4000_1000_pt380_ak8_ca4_th85.root,failed,/eos/uscms/store/user/aji/rootfiles_existingOptimization/WbWb_4000_1000_pt380_ak8_ca4_th85.root,nan,nan,nan,nan,nan,nan,nan,nan,nan,nan,nan,nan,nan,nan,nan,nan,nan,nan,nan,nan,nan
WbWb_4000_1000,WbWb,4000,1000,85,380,1.0,0.4,/eos/uscms/store/user/aji/rootfiles_existingOptimization/WbWb_4000_1000_pt380_ak10_ca4_th85.root,failed,/eos/uscms/store/user/aji/rootfiles_existingOptimization/WbWb_4000_1000_pt380_ak10_ca4_th85.root,nan,nan,nan,nan,nan,nan,nan,nan,nan,nan,nan,nan,nan,nan,nan,nan,nan,nan,nan,nan,nan
WbWb_4000_1000,WbWb,4000,1000,85,380,1.0,0.6,/eos/uscms/store/user/aji/rootfiles_existingOptimization/WbWb_4000_1000_pt380_ak10_ca6_th85.root,failed,/eos/uscms/store/user/aji/rootfiles_existingOptimization/WbWb_4000_1000_pt380_ak10_ca6_th85.root,nan,nan,nan,nan,nan,nan,nan,nan,nan,nan,nan,nan,nan,nan,nan,nan,nan,nan,nan,nan,nan
WbWb_4000_1000,WbWb,4000,1000,85,380,1.2,0.4,/eos/uscms/store/user/aji/rootfiles_existingOptimization/WbWb_4000_1000_pt380_ak12_ca4_th85.root,failed,/eos/uscms/store/user/aji/rootfiles_existingOptimization/WbWb_4000_1000_pt380_ak12_ca4_th85.root,nan,nan,nan,nan,nan,nan,nan,nan,nan,nan,nan,nan,nan,nan,nan,nan,nan,nan,nan,nan,nan
WbWb_4000_1000,WbWb,4000,1000,85,380,1.2,0.6,/eos/uscms/store/user/aji/rootfiles_existingOptimization/WbWb_4000_1000_pt380_ak12_ca6_th85.root,failed,/eos/uscms/store/user/aji/rootfiles_existingOptimization/WbWb_4000_1000_pt380_ak12_ca6_th85.root,nan,nan,nan,nan,nan,nan,nan,nan,nan,nan,nan,nan,nan,nan,nan,nan,nan,nan,nan,nan,nan
WbWb_4000_1000,WbWb,4000,1000,85,380,1.2,0.8,/eos/uscms/store/user/aji/rootfiles_existingOptimization/WbWb_4000_1000_pt380_ak12_ca8_th85.root,failed,/eos/uscms/store/user/aji/rootfiles_existingOptimization/WbWb_4000_1000_pt380_ak12_ca8_th85.root,nan,nan,nan,nan,nan,nan,nan,nan,nan,nan,nan,nan,nan,nan,nan,nan,nan,nan,nan,nan,nan
WbWb_4000_1000,WbWb,4000,1000,85,380,1.4,0.4,/eos/uscms/store/user/aji/rootfiles_existingOptimization/WbWb_4000_1000_pt380_ak14_ca4_th85.root,failed,/eos/uscms/store/user/aji/rootfiles_existingOptimization/WbWb_4000_1000_pt380_ak14_ca4_th85.root,nan,nan,nan,nan,nan,nan,nan,nan,nan,nan,nan,nan,nan,nan,nan,nan,nan,nan,nan,nan,nan
WbWb_4000_1000,WbWb,4000,1000,85,380,1.4,0.6,/eos/uscms/store/user/aji/rootfiles_existingOptimization/WbWb_4000_1000_pt380_ak14_ca6_th85.root,failed,/eos/uscms/store/user/aji/rootfiles_existingOptimization/WbWb_4000_1000_pt380_ak14_ca6_th85.root,nan,nan,nan,nan,nan,nan,nan,nan,nan,nan,nan,nan,nan,nan,nan,nan,nan,nan,nan,nan,nan
WbWb_4000_1000,WbWb,4000,1000,85,380,1.4,0.8,/eos/uscms/store/user/aji/rootfiles_existingOptimization/WbWb_4000_1000_pt380_ak14_ca8_th85.root,failed,/eos/uscms/store/user/aji/rootfiles_existingOptimization/WbWb_4000_1000_pt380_ak14_ca8_th85.root,nan,nan,nan,nan,nan,nan,nan,nan,nan,nan,nan,nan,nan,nan,nan,nan,nan,nan,nan,nan,nan
WbWb_4000_1000,WbWb,4000,1000,85,380,1.4,1.0,/eos/uscms/store/user/aji/rootfiles_existingOptimization/WbWb_4000_1000_pt380_ak14_ca10_th85.root,failed,/eos/uscms/store/user/aji/rootfiles_existingOptimization/WbWb_4000_1000_pt380_ak14_ca10_th85.root,nan,nan,nan,nan,nan,nan,nan,nan,nan,nan,nan,nan,nan,nan,nan,nan,nan,nan,nan,nan,nan
WbWb_4000_1000,WbWb,4000,1000,85,380,1.6,0.4,/eos/uscms/store/user/aji/rootfiles_existingOptimization/WbWb_4000_1000_pt380_ak16_ca4_th85.root,failed,/eos/uscms/store/user/aji/rootfiles_existingOptimization/WbWb_4000_1000_pt380_ak16_ca4_th85.root,nan,nan,nan,nan,nan,nan,nan,nan,nan,nan,nan,nan,nan,nan,nan,nan,nan,nan,nan,nan,nan
WbWb_4000_1000,WbWb,4000,1000,85,380,1.6,0.6,/eos/uscms/store/user/aji/rootfiles_existingOptimization/WbWb_4000_1000_pt380_ak16_ca6_th85.root,failed,/eos/uscms/store/user/aji/rootfiles_existingOptimization/WbWb_4000_1000_pt380_ak16_ca6_th85.root,nan,nan,nan,nan,nan,nan,nan,nan,nan,nan,nan,nan,nan,nan,nan,nan,nan,nan,nan,nan,nan
WbWb_4000_1000,WbWb,4000,1000,85,380,1.6,0.8,/eos/uscms/store/user/aji/rootfiles_existingOptimization/WbWb_4000_1000_pt380_ak16_ca8_th85.root,failed,/eos/uscms/store/user/aji/rootfiles_existingOptimization/WbWb_4000_1000_pt380_ak16_ca8_th85.root,nan,nan,nan,nan,nan,nan,nan,nan,nan,nan,nan,nan,nan,nan,nan,nan,nan,nan,nan,nan,nan
WbWb_4000_1000,WbWb,4000,1000,85,380,1.6,1.0,/eos/uscms/store/user/aji/rootfiles_existingOptimization/WbWb_4000_1000_pt380_ak16_ca10_th85.root,failed,/eos/uscms/store/user/aji/rootfiles_existingOptimization/WbWb_4000_1000_pt380_ak16_ca10_th85.root,nan,nan,nan,nan,nan,nan,nan,nan,nan,nan,nan,nan,nan,nan,nan,nan,nan,nan,nan,nan,nan
WbWb_4000_1000,WbWb,4000,1000,85,380,1.6,1.2,/eos/uscms/store/user/aji/rootfiles_existingOptimization/WbWb_4000_1000_pt380_ak16_ca12_th85.root,failed,/eos/uscms/store/user/aji/rootfiles_existingOptimization/WbWb_4000_1000_pt380_ak16_ca12_th85.root,nan,nan,nan,nan,nan,nan,nan,nan,nan,nan,nan,nan,nan,nan,nan,nan,nan,nan,nan,nan,nan
WbWb_4000_1000,WbWb,4000,1000,85,400,0.8,0.4,/eos/uscms/store/user/aji/rootfiles_existingOptimization/WbWb_4000_1000_pt400_ak8_ca4_th85.root,failed,/eos/uscms/store/user/aji/rootfiles_existingOptimization/WbWb_4000_1000_pt400_ak8_ca4_th85.root,nan,nan,nan,nan,nan,nan,nan,nan,nan,nan,nan,nan,nan,nan,nan,nan,nan,nan,nan,nan,nan
WbWb_4000_1000,WbWb,4000,1000,85,400,1.0,0.4,/eos/uscms/store/user/aji/rootfiles_existingOptimization/WbWb_4000_1000_pt400_ak10_ca4_th85.root,failed,/eos/uscms/store/user/aji/rootfiles_existingOptimization/WbWb_4000_1000_pt400_ak10_ca4_th85.root,nan,nan,nan,nan,nan,nan,nan,nan,nan,nan,nan,nan,nan,nan,nan,nan,nan,nan,nan,nan,nan
WbWb_4000_1000,WbWb,4000,1000,85,400,1.0,0.6,/eos/uscms/store/user/aji/rootfiles_existingOptimization/WbWb_4000_1000_pt400_ak10_ca6_th85.root,failed,/eos/uscms/store/user/aji/rootfiles_existingOptimization/WbWb_4000_1000_pt400_ak10_ca6_th85.root,nan,nan,nan,nan,nan,nan,nan,nan,nan,nan,nan,nan,nan,nan,nan,nan,nan,nan,nan,nan,nan
WbWb_4000_1000,WbWb,4000,1000,85,400,1.2,0.4,/eos/uscms/store/user/aji/rootfiles_existingOptimization/WbWb_4000_1000_pt400_ak12_ca4_th85.root,failed,/eos/uscms/store/user/aji/rootfiles_existingOptimization/WbWb_4000_1000_pt400_ak12_ca4_th85.root,nan,nan,nan,nan,nan,nan,nan,nan,nan,nan,nan,nan,nan,nan,nan,nan,nan,nan,nan,nan,nan
WbWb_4000_1000,WbWb,4000,1000,85,400,1.2,0.6,/eos/uscms/store/user/aji/rootfiles_existingOptimization/WbWb_4000_1000_pt400_ak12_ca6_th85.root,failed,/eos/uscms/store/user/aji/rootfiles_existingOptimization/WbWb_4000_1000_pt400_ak12_ca6_th85.root,nan,nan,nan,nan,nan,nan,nan,nan,nan,nan,nan,nan,nan,nan,nan,nan,nan,nan,nan,nan,nan
WbWb_4000_1000,WbWb,4000,1000,85,400,1.2,0.8,/eos/uscms/store/user/aji/rootfiles_existingOptimization/WbWb_4000_1000_pt400_ak12_ca8_th85.root,failed,/eos/uscms/store/user/aji/rootfiles_existingOptimization/WbWb_4000_1000_pt400_ak12_ca8_th85.root,nan,nan,nan,nan,nan,nan,nan,nan,nan,nan,nan,nan,nan,nan,nan,nan,nan,nan,nan,nan,nan
WbWb_4000_1000,WbWb,4000,1000,85,400,1.4,0.4,/eos/uscms/store/user/aji/rootfiles_existingOptimization/WbWb_4000_1000_pt400_ak14_ca4_th85.root,failed,/eos/uscms/store/user/aji/rootfiles_existingOptimization/WbWb_4000_1000_pt400_ak14_ca4_th85.root,nan,nan,nan,nan,nan,nan,nan,nan,nan,nan,nan,nan,nan,nan,nan,nan,nan,nan,nan,nan,nan
WbWb_4000_1000,WbWb,4000,1000,85,400,1.4,0.6,/eos/uscms/store/user/aji/rootfiles_existingOptimization/WbWb_4000_1000_pt400_ak14_ca6_th85.root,failed,/eos/uscms/store/user/aji/rootfiles_existingOptimization/WbWb_4000_1000_pt400_ak14_ca6_th85.root,nan,nan,nan,nan,nan,nan,nan,nan,nan,nan,nan,nan,nan,nan,nan,nan,nan,nan,nan,nan,nan
WbWb_4000_1000,WbWb,4000,1000,85,400,1.4,0.8,/eos/uscms/store/user/aji/rootfiles_existingOptimization/WbWb_4000_1000_pt400_ak14_ca8_th85.root,failed,/eos/uscms/store/user/aji/rootfiles_existingOptimization/WbWb_4000_1000_pt400_ak14_ca8_th85.root,nan,nan,nan,nan,nan,nan,nan,nan,nan,nan,nan,nan,nan,nan,nan,nan,nan,nan,nan,nan,nan
WbWb_4000_1000,WbWb,4000,1000,85,400,1.4,1.0,/eos/uscms/store/user/aji/rootfiles_existingOptimization/WbWb_4000_1000_pt400_ak14_ca10_th85.root,failed,/eos/uscms/store/user/aji/rootfiles_existingOptimization/WbWb_4000_1000_pt400_ak14_ca10_th85.root,nan,nan,nan,nan,nan,nan,nan,nan,nan,nan,nan,nan,nan,nan,nan,nan,nan,nan,nan,nan,nan
WbWb_4000_1000,WbWb,4000,1000,85,400,1.6,0.4,/eos/uscms/store/user/aji/rootfiles_existingOptimization/WbWb_4000_1000_pt400_ak16_ca4_th85.root,failed,/eos/uscms/store/user/aji/rootfiles_existingOptimization/WbWb_4000_1000_pt400_ak16_ca4_th85.root,nan,nan,nan,nan,nan,nan,nan,nan,nan,nan,nan,nan,nan,nan,nan,nan,nan,nan,nan,nan,nan
WbWb_4000_1000,WbWb,4000,1000,85,400,1.6,0.6,/eos/uscms/store/user/aji/rootfiles_existingOptimization/WbWb_4000_1000_pt400_ak16_ca6_th85.root,failed,/eos/uscms/store/user/aji/rootfiles_existingOptimization/WbWb_4000_1000_pt400_ak16_ca6_th85.root,nan,nan,nan,nan,nan,nan,nan,nan,nan,nan,nan,nan,nan,nan,nan,nan,nan,nan,nan,nan,nan
WbWb_4000_1000,WbWb,4000,1000,85,400,1.6,0.8,/eos/uscms/store/user/aji/rootfiles_existingOptimization/WbWb_4000_1000_pt400_ak16_ca8_th85.root,failed,/eos/uscms/store/user/aji/rootfiles_existingOptimization/WbWb_4000_1000_pt400_ak16_ca8_th85.root,nan,nan,nan,nan,nan,nan,nan,nan,nan,nan,nan,nan,nan,nan,nan,nan,nan,nan,nan,nan,nan
WbWb_4000_1000,WbWb,4000,1000,85,400,1.6,1.0,/eos/uscms/store/user/aji/rootfiles_existingOptimization/WbWb_4000_1000_pt400_ak16_ca10_th85.root,failed,/eos/uscms/store/user/aji/rootfiles_existingOptimization/WbWb_4000_1000_pt400_ak16_ca10_th85.root,nan,nan,nan,nan,nan,nan,nan,nan,nan,nan,nan,nan,nan,nan,nan,nan,nan,nan,nan,nan,nan
WbWb_4000_1000,WbWb,4000,1000,85,400,1.6,1.2,/eos/uscms/store/user/aji/rootfiles_existingOptimization/WbWb_4000_1000_pt400_ak16_ca12_th85.root,failed,/eos/uscms/store/user/aji/rootfiles_existingOptimization/WbWb_4000_1000_pt400_ak16_ca12_th85.root,nan,nan,nan,nan,nan,nan,nan,nan,nan,nan,nan,nan,nan,nan,nan,nan,nan,nan,nan,nan,nan
