sample,decay,suu_mass,chi_mass,th_code,pt_cut,ak_radius,ca_radius,filename,status,error,n_events,n_valid_events,reconstruction_efficiency,reconstruction_efficiency_err,f_low_event,f_low_event_err,f_low_chi,f_peak_chi,f_peak_event_both,f_peak_event_both_all,off_peak_event_fraction,off_peak_event_fraction_err,median_mass,q16_mass,q84_mass,median_mass_response,q16_mass_response,q84_mass_response,robust_resolution,median_mass_asymmetry,balanced_score
WbWb_6000_2000,WbWb,6000,2000,85,160,0.6,0.4,/eos/uscms/store/user/aji/rootfiles_existingOptimization/WbWb_6000_2000_pt160_ak6_ca4_th85.root,ok,,1000,1000,1.0,0.0,0.04,0.0061967733539318665,0.021,0.894,0.86,0.86,0.14,0.010972693379476163,1941.0353944085919,1768.1168431766089,2271.185864270382,0.9705176972042959,0.8840584215883044,1.135592932135191,0.1295878020933904,0.00493524554634114,0.27253603237296087
WbWb_6000_2000,WbWb,6000,2000,85,140,0.6,0.4,/eos/uscms/store/user/aji/rootfiles_existingOptimization/WbWb_6000_2000_pt140_ak6_ca4_th85.root,ok,,1000,1000,1.0,0.0,0.032,0.005565608681896348,0.0165,0.8925,0.865,0.865,0.135,0.010806248192596726,1949.3522344799944,1779.802777798902,2316.3133920044243,0.9746761172399974,0.889901388899451,1.1581566960022118,0.13761253731259093,0.003261060900362353,0.2751449255885912
WbWb_6000_2000,WbWb,6000,2000,85,120,0.6,0.4,/eos/uscms/store/user/aji/rootfiles_existingOptimization/WbWb_6000_2000_pt120_ak6_ca4_th85.root,ok,,1000,1000,1.0,0.0,0.021,0.004534203347888138,0.0105,0.8895,0.864,0.864,0.136,0.010839926199010766,1960.2185618097733,1787.8509093437606,2362.0570522991597,0.9801092809048867,0.8939254546718802,1.1810285261495799,0.1464648264592656,0.0012669676449424715,0.28445389836877694
WbWb_6000_2000,WbWb,6000,2000,85,180,0.6,0.4,/eos/uscms/store/user/aji/rootfiles_existingOptimization/WbWb_6000_2000_pt180_ak6_ca4_th85.root,ok,,1000,1000,1.0,0.0,0.056,0.007270763371201128,0.0295,0.887,0.845,0.845,0.15500000000000003,0.011444430960078356,1937.9274463458428,1755.1771719418464,2259.1395424348457,0.9689637231729215,0.8775885859709232,1.1295697712174229,0.13002611925520513,0.007311624938754502,0.28812974693791304
WbWb_6000_2000,WbWb,6000,2000,85,200,0.6,0.4,/eos/uscms/store/user/aji/rootfiles_existingOptimization/WbWb_6000_2000_pt200_ak6_ca4_th85.root,ok,,1000,1000,1.0,0.0,0.069,0.008014923580421713,0.0365,0.883,0.832,0.832,0.16800000000000004,0.011822690049223148,1927.1533890792084,1741.9161902494084,2217.172058830367,0.9635766945396042,0.8709580951247042,1.1085860294151835,0.12330514822383577,0.009031566725702975,0.29494747876987537
WbWb_6000_2000,WbWb,6000,2000,85,100,0.6,0.4,/eos/uscms/store/user/aji/rootfiles_existingOptimization/WbWb_6000_2000_pt100_ak6_ca4_th85.root,ok,,1000,1000,1.0,0.0,0.014,0.003715373467095872,0.007,0.882,0.857,0.857,0.14300000000000002,0.011070275515993268,1975.3828395823741,1806.9977724557648,2402.7918430771338,0.987691419791187,0.9034988862278824,1.201395921538567,0.1508047095183152,0.0005068217626293283,0.2950355675391965
WbWb_6000_2000,WbWb,6000,2000,85,220,0.6,0.4,/eos/uscms/store/user/aji/rootfiles_existingOptimization/WbWb_6000_2000_pt220_ak6_ca4_th85.root,ok,,1000,1000,1.0,0.0,0.076,0.008379976133617566,0.04,0.883,0.826,0.826,0.17400000000000004,0.011988494484296184,1920.8042416777957,1720.8962429156295,2188.3077037872094,0.9604021208388978,0.8604481214578147,1.0941538518936047,0.12167076965201376,0.010260952182878355,0.29963055756812407
WbWb_6000_2000,WbWb,6000,2000,85,240,0.6,0.4,/eos/uscms/store/user/aji/rootfiles_existingOptimization/WbWb_6000_2000_pt240_ak6_ca4_th85.root,ok,,1000,1000,1.0,0.0,0.085,0.008819013550278738,0.045,0.879,0.814,0.814,0.18600000000000005,0.012304633273690038,1916.1397604318918,1692.0607736355676,2163.023985530139,0.9580698802159459,0.8460303868177838,1.0815119927650694,0.12289375274703805,0.011273361661068742,0.3130867647254435
WbWb_6000_2000,WbWb,6000,2000,85,120,0.4,0.4,/eos/uscms/store/user/aji/rootfiles_existingOptimization/WbWb_6000_2000_pt120_ak4_ca4_th85.root,ok,,1000,1000,1.0,0.0,0.038,0.006046155803483731,0.0195,0.887,0.836,0.836,0.16400000000000003,0.011709141727727102,1882.7318794180778,1669.4887892462166,2270.5644452990064,0.9413659397090389,0.8347443946231083,1.1352822226495032,0.1596285861581556,0.03366869484498512,0.3294919921872517
WbWb_6000_2000,WbWb,6000,2000,85,100,0.4,0.4,/eos/uscms/store/user/aji/rootfiles_existingOptimization/WbWb_6000_2000_pt100_ak4_ca4_th85.root,ok,,1000,1000,1.0,0.0,0.028,0.005216895628628198,0.0145,0.8855,0.837,0.837,0.16300000000000003,0.011680368144883107,1893.5084769715545,1694.1961607323567,2322.567040764189,0.9467542384857772,0.8470980803661784,1.1612835203820946,0.16592766488081379,0.030867639629070832,0.3342522410322361
WbWb_6000_2000,WbWb,6000,2000,85,140,0.4,0.4,/eos/uscms/store/user/aji/rootfiles_existingOptimization/WbWb_6000_2000_pt140_ak4_ca4_th85.root,ok,,1000,1000,1.0,0.0,0.049,0.006826346021115542,0.0255,0.883,0.827,0.827,0.17300000000000004,0.011961229033840963,1875.2771932636351,1653.7103323261426,2236.0059115923104,0.9376385966318177,0.8268551661630713,1.1180029557961553,0.15525586866781302,0.03714768055535462,0.3344920090046313
WbWb_6000_2000,WbWb,6000,2000,85,260,0.6,0.4,/eos/uscms/store/user/aji/rootfiles_existingOptimization/WbWb_6000_2000_pt260_ak6_ca4_th85.root,ok,,1000,1000,1.0,0.0,0.102,0.009570579919733181,0.054,0.8685,0.795,0.795,0.20499999999999996,0.012766166221697099,1911.0879649335538,1651.010517965425,2153.663479609856,0.9555439824667769,0.8255052589827124,1.0768317398049279,0.1315096350528029,0.012766551361388528,0.34095523680612516
WbWb_6000_2000,WbWb,6000,2000,85,180,0.8,0.6,/eos/uscms/store/user/aji/rootfiles_existingOptimization/WbWb_6000_2000_pt180_ak8_ca6_th85.root,ok,,1000,1000,1.0,0.0,0.049,0.006826346021115542,0.026,0.8445,0.801,0.801,0.19899999999999995,0.012625331678811452,2008.3157219579164,1822.415961469372,2413.488297202424,1.004157860978958,0.911207980734686,1.2067441486012118,0.14715622879175902,0.012702743168896795,0.3465720148896548
WbWb_6000_2000,WbWb,6000,2000,85,160,0.8,0.6,/eos/uscms/store/user/aji/rootfiles_existingOptimization/WbWb_6000_2000_pt160_ak8_ca6_th85.root,ok,,1000,1000,1.0,0.0,0.04,0.0061967733539318665,0.021,0.8425,0.803,0.803,0.19699999999999995,0.012577400367325513,2015.3752993773783,1830.57653167656,2446.456424977472,1.007687649688689,0.91528826583828,1.2232282124887361,0.15279533630564482,0.011092305382755515,0.35056410127451365
WbWb_6000_2000,WbWb,6000,2000,85,160,0.4,0.4,/eos/uscms/store/user/aji/rootfiles_existingOptimization/WbWb_6000_2000_pt160_ak4_ca4_th85.root,ok,,1000,1000,1.0,0.0,0.069,0.008014923580421713,0.0355,0.8755,0.81,0.81,0.18999999999999995,0.012405643876881197,1867.7111953026963,1635.1667902406639,2219.889485015277,0.9338555976513482,0.817583395120332,1.1099447425076383,0.15653455851343437,0.03925265648645004,0.3531489987482995
WbWb_6000_2000,WbWb,6000,2000,85,200,0.8,0.6,/eos/uscms/store/user/aji/rootfiles_existingOptimization/WbWb_6000_2000_pt200_ak8_ca6_th85.root,ok,,1000,1000,1.0,0.0,0.062,0.007626008130076967,0.0325,0.842,0.791,0.791,0.20899999999999996,0.012857643641040918,2001.403753394557,1810.4328391025806,2398.3858106119756,1.0007018766972786,0.9052164195512902,1.1991929053059878,0.14688514761506147,0.013461887679278785,0.3559553352847893
WbWb_6000_2000,WbWb,6000,2000,85,120,0.4,0.6,/eos/uscms/store/user/aji/rootfiles_existingOptimization/WbWb_6000_2000_pt120_ak4_ca6_th85.root,ok,,1000,1000,1.0,0.0,0.052,0.007021111023192838,0.0265,0.8715,0.812,0.812,0.18799999999999994,0.01235540367612487,1879.2201004112208,1658.3966728838845,2287.4569664913975,0.9396100502056104,0.8291983364419423,1.1437284832456986,0.16737270250298472,0.037363772203855616,0.36141169748242363
WbWb_6000_2000,WbWb,6000,2000,85,140,0.4,0.6,/eos/uscms/store/user/aji/rootfiles_existingOptimization/WbWb_6000_2000_pt140_ak4_ca6_th85.root,ok,,1000,1000,1.0,0.0,0.065,0.007795832219846705,0.0335,0.8675,0.804,0.804,0.19599999999999995,0.01255324659201754,1874.447236358853,1643.4646523138822,2243.1080989290667,0.9372236181794265,0.821732326156941,1.1215540494645335,0.15995207413253282,0.040146105286615955,0.3622297123145901
WbWb_6000_2000,WbWb,6000,2000,85,100,0.4,0.6,/eos/uscms/store/user/aji/rootfiles_existingOptimization/WbWb_6000_2000_pt100_ak4_ca6_th85.root,ok,,1000,1000,1.0,0.0,0.041,0.006270486424512854,0.021,0.8705,0.813,0.813,0.18700000000000006,0.012330085157856779,1889.9931266083731,1680.9763006760545,2326.7206996580317,0.9449965633041866,0.8404881503380273,1.163360349829016,0.1708324728515752,0.03406738037247814,0.3633328165211566
WbWb_6000_2000,WbWb,6000,2000,85,220,0.8,0.6,/eos/uscms/store/user/aji/rootfiles_existingOptimization/WbWb_6000_2000_pt220_ak8_ca6_th85.root,ok,,1000,1000,1.0,0.0,0.069,0.008014923580421713,0.0365,0.838,0.782,0.782,0.21799999999999997,0.013056645817360598,1997.853074318433,1803.7131050870305,2384.4687560878783,0.9989265371592165,0.9018565525435153,1.1922343780439393,0.14534493513717786,0.014774814823310911,0.3634522814212562
WbWb_6000_2000,WbWb,6000,2000,85,280,0.6,0.4,/eos/uscms/store/user/aji/rootfiles_existingOptimization/WbWb_6000_2000_pt280_ak6_ca4_th85.root,ok,,1000,1000,1.0,0.0,0.12,0.010276186062932104,0.0655,0.856,0.775,0.775,0.22499999999999998,0.013205112646244256,1907.9944343446462,1621.5076947250955,2141.0766898477173,0.953997217172323,0.8107538473625476,1.0705383449238586,0.13615579421254506,0.015287474388457949,0.3657560724953127
WbWb_6000_2000,WbWb,6000,2000,85,140,0.8,0.6,/eos/uscms/store/user/aji/rootfiles_existingOptimization/WbWb_6000_2000_pt140_ak8_ca6_th85.root,ok,,1000,1000,1.0,0.0,0.031,0.0054807846153630225,0.0155,0.838,0.8,0.8,0.19999999999999996,0.012649110640673518,2021.0914533319192,1842.6239962388834,2511.521215561558,1.0105457266659594,0.9213119981194416,1.2557606077807792,0.16547920635158508,0.008782915298079806,0.36653377901818096
WbWb_6000_2000,WbWb,6000,2000,85,240,0.8,0.6,/eos/uscms/store/user/aji/rootfiles_existingOptimization/WbWb_6000_2000_pt240_ak8_ca6_th85.root,ok,,1000,1000,1.0,0.0,0.079,0.008529888627643388,0.042,0.8375,0.777,0.777,0.22299999999999998,0.013163244280951409,1991.3094803837707,1776.7629347585225,2353.6469252033658,0.9956547401918854,0.8883814673792613,1.176823462601683,0.14485041027717716,0.015675534949633703,0.3682849362579886
WbWb_6000_2000,WbWb,6000,2000,85,180,0.4,0.4,/eos/uscms/store/user/aji/rootfiles_existingOptimization/WbWb_6000_2000_pt180_ak4_ca4_th85.root,ok,,1000,1000,1.0,0.0,0.093,0.009184280047995052,0.05,0.865,0.792,0.792,0.20799999999999996,0.012834952278836098,1860.070623643706,1602.2333606203547,2179.2417549909337,0.930035311821853,0.8011166803101774,1.0896208774954668,0.15510389418447804,0.04132355122769886,0.3701003630022927
WbWb_6000_2000,WbWb,6000,2000,85,160,0.6,0.6,/eos/uscms/store/user/aji/rootfiles_existingOptimization/WbWb_6000_2000_pt160_ak6_ca6_th85.root,ok,,1000,1000,1.0,0.0,0.065,0.007795832219846705,0.0335,0.854,0.788,0.788,0.21199999999999997,0.012925014506761683,1936.6607421647202,1720.7866023641336,2366.0115329216724,0.9683303710823601,0.8603933011820669,1.1830057664608362,0.16658181696716085,0.03759314346821026,0.3817487798589248
WbWb_6000_2000,WbWb,6000,2000,85,160,0.4,0.6,/eos/uscms/store/user/aji/rootfiles_existingOptimization/WbWb_6000_2000_pt160_ak4_ca6_th85.root,ok,,1000,1000,1.0,0.0,0.085,0.008819013550278738,0.0435,0.858,0.787,0.787,0.21299999999999997,0.012947239087929132,1867.6479717253299,1622.3598537138125,2230.100087133357,0.9338239858626649,0.8111799268569062,1.1150500435666786,0.16270203020596954,0.04238318413962195,0.38231963161970306
WbWb_6000_2000,WbWb,6000,2000,85,140,0.6,0.6,/eos/uscms/store/user/aji/rootfiles_existingOptimization/WbWb_6000_2000_pt140_ak6_ca6_th85.root,ok,,1000,1000,1.0,0.0,0.053,0.00708456067798138,0.027,0.8495,0.788,0.788,0.21199999999999997,0.012925014506761683,1943.3588278680154,1735.7272426782945,2411.7606152105946,0.9716794139340077,0.8678636213391473,1.2058803076052973,0.17393426340979715,0.03546909512242908,0.3887663220163964
WbWb_6000_2000,WbWb,6000,2000,85,120,0.8,0.6,/eos/uscms/store/user/aji/rootfiles_existingOptimization/WbWb_6000_2000_pt120_ak8_ca6_th85.root,ok,,1000,1000,1.0,0.0,0.023,0.004740358636221525,0.0115,0.8235,0.786,0.786,0.21399999999999997,0.012969348480166612,2039.0851858224546,1857.0844493650786,2561.895894856838,1.0195425929112272,0.9285422246825393,1.2809479474284189,0.17282540484140615,0.007385692329664876,0.38877966413252885
WbWb_6000_2000,WbWb,6000,2000,85,200,0.4,0.4,/eos/uscms/store/user/aji/rootfiles_existingOptimization/WbWb_6000_2000_pt200_ak4_ca4_th85.root,ok,,1000,1000,1.0,0.0,0.113,0.01001154333756789,0.061,0.8555,0.771,0.771,0.22899999999999998,0.013287550564344055,1852.8840931591326,1583.8510680106717,2152.154213016528,0.9264420465795662,0.7919255340053359,1.076077106508264,0.15335636673228434,0.043245429663350834,0.3897121620743277
WbWb_6000_2000,WbWb,6000,2000,85,120,0.6,0.6,/eos/uscms/store/user/aji/rootfiles_existingOptimization/WbWb_6000_2000_pt120_ak6_ca6_th85.root,ok,,1000,1000,1.0,0.0,0.039,0.006122009474020765,0.0195,0.8515,0.791,0.791,0.20899999999999996,0.012857643641040918,1953.1605180485344,1753.7196423478526,2454.1785836039994,0.9765802590242671,0.8768598211739264,1.2270892918019995,0.17931422808914793,0.03323240454673714,0.39065620218672115
WbWb_6000_2000,WbWb,6000,2000,85,100,0.6,0.6,/eos/uscms/store/user/aji/rootfiles_existingOptimization/WbWb_6000_2000_pt100_ak6_ca6_th85.root,ok,,1000,1000,1.0,0.0,0.031,0.0054807846153630225,0.0155,0.8485,0.791,0.791,0.20899999999999996,0.012857643641040918,1969.6441518064448,1773.766853149808,2487.865994583758,0.9848220759032223,0.8868834265749039,1.2439329972918791,0.18127618148156854,0.02995457630747864,0.39179397389124626
WbWb_6000_2000,WbWb,6000,2000,85,180,0.6,0.6,/eos/uscms/store/user/aji/rootfiles_existingOptimization/WbWb_6000_2000_pt180_ak6_ca6_th85.root,ok,,1000,1000,1.0,0.0,0.085,0.008819013550278738,0.044,0.849,0.778,0.778,0.22199999999999998,0.013142145943490354,1930.4616814835674,1700.5695602623573,2347.5391163753466,0.9652308407417838,0.8502847801311787,1.173769558187673,0.1675686086697639,0.03941300843206293,0.3930455245955855
WbWb_6000_2000,WbWb,6000,2000,85,260,0.8,0.6,/eos/uscms/store/user/aji/rootfiles_existingOptimization/WbWb_6000_2000_pt260_ak8_ca6_th85.root,ok,,1000,1000,1.0,0.0,0.1,0.009486832980505138,0.053,0.827,0.756,0.756,0.244,0.013581752464244074,1986.3417430957902,1733.772108011726,2330.3478873151603,0.9931708715478951,0.8668860540058629,1.16517394365758,0.1501694714358789,0.01656330743173341,0.3948523842810894
WbWb_6000_2000,WbWb,6000,2000,85,300,0.6,0.4,/eos/uscms/store/user/aji/rootfiles_existingOptimization/WbWb_6000_2000_pt300_ak6_ca4_th85.root,ok,,1000,1000,1.0,0.0,0.141,0.011005407761641547,0.076,0.8425,0.751,0.751,0.249,0.013674757767507255,1902.9114166391728,1593.435210147417,2130.4959067361706,0.9514557083195865,0.7967176050737085,1.0652479533680852,0.1411155274734972,0.01779815434993099,0.39496995664153856
WbWb_6000_2000,WbWb,6000,2000,85,180,0.4,0.6,/eos/uscms/store/user/aji/rootfiles_existingOptimization/WbWb_6000_2000_pt180_ak4_ca6_th85.root,ok,,1000,1000,1.0,0.0,0.109,0.00985489725973843,0.058,0.8475,0.77,0.77,0.22999999999999998,0.013307892395116514,1859.8127532592896,1593.2089421623011,2189.7535018981403,0.9299063766296447,0.7966044710811506,1.09487675094907,0.16037758604741387,0.04399560262265442,0.3973869483844494
WbWb_6000_2000,WbWb,6000,2000,85,120,0.4,0.8,/eos/uscms/store/user/aji/rootfiles_existingOptimization/WbWb_6000_2000_pt120_ak4_ca8_th85.root,ok,,1000,1000,1.0,0.0,0.076,0.008379976133617566,0.0385,0.846,0.782,0.782,0.21799999999999997,0.013056645817360598,1879.1106365006378,1645.5138279096823,2319.6869397161217,0.9395553182503189,0.8227569139548411,1.1598434698580609,0.1793862209896045,0.04093742259442214,0.4034306891645726
WbWb_6000_2000,WbWb,6000,2000,85,220,0.4,0.4,/eos/uscms/store/user/aji/rootfiles_existingOptimization/WbWb_6000_2000_pt220_ak4_ca4_th85.root,ok,,1000,1000,1.0,0.0,0.128,0.010564847372300274,0.069,0.852,0.759,0.759,0.241,0.013524755080961725,1844.3960488314474,1560.1226159821588,2131.30509997363,0.9221980244157237,0.7800613079910794,1.065652549986815,0.15484268803149812,0.04396868157151601,0.40362288558992576
WbWb_6000_2000,WbWb,6000,2000,85,200,0.6,0.6,/eos/uscms/store/user/aji/rootfiles_existingOptimization/WbWb_6000_2000_pt200_ak6_ca6_th85.root,ok,,1000,1000,1.0,0.0,0.101,0.009528850927577786,0.0525,0.8425,0.764,0.764,0.236,0.013427732496590778,1924.0518734928814,1676.0628303947442,2317.903946182031,0.9620259367464407,0.838031415197372,1.1589519730910154,0.16679412978146543,0.04018188062223894,0.40659153610682136
WbWb_6000_2000,WbWb,6000,2000,85,100,0.4,0.8,/eos/uscms/store/user/aji/rootfiles_existingOptimization/WbWb_6000_2000_pt100_ak4_ca8_th85.root,ok,,1000,1000,1.0,0.0,0.065,0.007795832219846705,0.033,0.8445,0.781,0.781,0.21899999999999997,0.013078187947877183,1888.3837125745013,1663.70204737355,2358.6253691932475,0.9441918562872506,0.831851023686775,1.179312684596624,0.1839995010527506,0.03826157026743142,0.4085803154240255
WbWb_6000_2000,WbWb,6000,2000,85,140,0.4,0.8,/eos/uscms/store/user/aji/rootfiles_existingOptimization/WbWb_6000_2000_pt140_ak4_ca8_th85.root,ok,,1000,1000,1.0,0.0,0.089,0.00900438781928011,0.0455,0.8405,0.772,0.772,0.22799999999999998,0.013267102170406315,1874.447236358853,1629.7217195734788,2294.18607548162,0.9372236181794265,0.8148608597867394,1.14709303774081,0.17724274736024978,0.043822561985283726,0.4115203855423071
WbWb_6000_2000,WbWb,6000,2000,85,280,0.8,0.6,/eos/uscms/store/user/aji/rootfiles_existingOptimization/WbWb_6000_2000_pt280_ak8_ca6_th85.root,ok,,1000,1000,1.0,0.0,0.116,0.010126401137620413,0.062,0.82,0.742,0.742,0.258,0.013836039895866157,1981.5324572449842,1701.583535202829,2308.722224922809,0.9907662286224921,0.8507917676014144,1.1543611124614044,0.15319927955258247,0.01763433599083908,0.4121226566903333
WbWb_6000_2000,WbWb,6000,2000,85,220,0.6,0.6,/eos/uscms/store/user/aji/rootfiles_existingOptimization/WbWb_6000_2000_pt220_ak6_ca6_th85.root,ok,,1000,1000,1.0,0.0,0.114,0.010050074626588601,0.059,0.8405,0.755,0.755,0.245,0.013600551459407815,1916.7553103509726,1655.4000352224673,2289.2326029192363,0.9583776551754863,0.8277000176112337,1.1446163014596182,0.16533997956700833,0.041396498887544646,0.4145022140494597
WbWb_6000_2000,WbWb,6000,2000,85,240,0.6,0.6,/eos/uscms/store/user/aji/rootfiles_existingOptimization/WbWb_6000_2000_pt240_ak6_ca6_th85.root,ok,,1000,1000,1.0,0.0,0.128,0.010564847372300274,0.0665,0.838,0.747,0.747,0.253,0.013747399754135324,1912.5899619776224,1637.4465744660122,2267.4136289650496,0.9562949809888112,0.8187232872330061,1.1337068144825249,0.16468952232909612,0.04190345892978267,0.422060024230215
WbWb_6000_2000,WbWb,6000,2000,85,200,0.4,0.6,/eos/uscms/store/user/aji/rootfiles_existingOptimization/WbWb_6000_2000_pt200_ak4_ca6_th85.root,ok,,1000,1000,1.0,0.0,0.13,0.010634848376916336,0.0695,0.839,0.748,0.748,0.252,0.013729384545565033,1853.109004076217,1561.6274663529355,2166.0983663916154,0.9265545020381085,0.7808137331764677,1.0830491831958076,0.16309642301371555,0.04634492079708945,0.42244097280990467
WbWb_6000_2000,WbWb,6000,2000,85,160,0.4,0.8,/eos/uscms/store/user/aji/rootfiles_existingOptimization/WbWb_6000_2000_pt160_ak4_ca8_th85.root,ok,,1000,1000,1.0,0.0,0.109,0.00985489725973843,0.0555,0.8335,0.76,0.76,0.24,0.013505554412907307,1867.300926375078,1600.5699801771646,2269.556796440433,0.9336504631875391,0.8002849900885823,1.1347783982202164,0.17913203137588204,0.044893572865367104,0.4257669850571281
WbWb_6000_2000,WbWb,6000,2000,85,160,0.6,0.8,/eos/uscms/store/user/aji/rootfiles_existingOptimization/WbWb_6000_2000_pt160_ak6_ca8_th85.root,ok,,1000,1000,1.0,0.0,0.083,0.008724161850859944,0.0425,0.827,0.759,0.759,0.241,0.013524755080961725,1934.436727804024,1699.4305282625858,2401.8400212909373,0.967218363902012,0.8497152641312928,1.2009200106454687,0.18155401077028976,0.04116620430056492,0.4258321743800886
WbWb_6000_2000,WbWb,6000,2000,85,100,0.6,0.8,/eos/uscms/store/user/aji/rootfiles_existingOptimization/WbWb_6000_2000_pt100_ak6_ca8_th85.root,ok,,1000,1000,1.0,0.0,0.051,0.00695693898205238,0.0255,0.8255,0.764,0.764,0.236,0.013427732496590778,1967.619562843338,1762.2566072336256,2503.7557665888125,0.9838097814216689,0.8811283036168127,1.2518778832944062,0.18842543887998162,0.0356665602268879,0.4260444607378147
WbWb_6000_2000,WbWb,6000,2000,85,300,0.8,0.6,/eos/uscms/store/user/aji/rootfiles_existingOptimization/WbWb_6000_2000_pt300_ak8_ca6_th85.root,ok,,1000,1000,1.0,0.0,0.133,0.010738295954200556,0.071,0.813,0.729,0.729,0.271,0.014055568291606,1973.8320390750814,1673.5287335366315,2295.219518160812,0.9869160195375407,0.8367643667683158,1.147609759080406,0.1574832033113361,0.018277922396846932,0.4297916013575821
WbWb_6000_2000,WbWb,6000,2000,85,140,0.6,0.8,/eos/uscms/store/user/aji/rootfiles_existingOptimization/WbWb_6000_2000_pt140_ak6_ca8_th85.root,ok,,1000,1000,1.0,0.0,0.07,0.008068457101577725,0.0355,0.8235,0.76,0.76,0.24,0.013505554412907307,1941.5626795845742,1719.6765392157033,2448.5179523741194,0.9707813397922871,0.8598382696078516,1.2242589761870597,0.18769453616464304,0.03892754826278985,0.4306164021854143
WbWb_6000_2000,WbWb,6000,2000,85,240,0.4,0.4,/eos/uscms/store/user/aji/rootfiles_existingOptimization/WbWb_6000_2000_pt240_ak4_ca4_th85.root,ok,,1000,1000,1.0,0.0,0.148,0.011229247525992114,0.0795,0.8415,0.738,0.738,0.262,0.013905250806799567,1838.4833216470324,1520.5721326855228,2110.99405594489,0.9192416608235162,0.7602860663427614,1.0554970279724452,0.16057309748407977,0.04607163638854504,0.43064893140172816
WbWb_6000_2000,WbWb,6000,2000,85,100,0.8,0.6,/eos/uscms/store/user/aji/rootfiles_existingOptimization/WbWb_6000_2000_pt100_ak8_ca6_th85.root,ok,,1000,1000,1.0,0.0,0.018,0.004204283529925164,0.009,0.7945,0.762,0.762,0.238,0.01346684818359515,2072.328453371262,1874.7280331858826,2659.3627413860972,1.036164226685631,0.9373640165929412,1.3296813706930486,0.1893123425786515,0.004569244867306104,0.4309287652472146
WbWb_6000_2000,WbWb,6000,2000,85,120,0.6,0.8,/eos/uscms/store/user/aji/rootfiles_existingOptimization/WbWb_6000_2000_pt120_ak6_ca8_th85.root,ok,,1000,1000,1.0,0.0,0.058,0.007391616873188166,0.029,0.825,0.762,0.762,0.238,0.01346684818359515,1950.5608126095726,1739.4631657347152,2488.9143864042917,0.9752804063047864,0.8697315828673575,1.2444571932021458,0.1921117290536862,0.03707986602223869,0.43258368842320755
WbWb_6000_2000,WbWb,6000,2000,85,180,0.6,0.8,/eos/uscms/store/user/aji/rootfiles_existingOptimization/WbWb_6000_2000_pt180_ak6_ca8_th85.root,ok,,1000,1000,1.0,0.0,0.101,0.009528850927577786,0.052,0.825,0.752,0.752,0.248,0.01365635383255721,1928.7652542125534,1680.2547700220803,2382.04727209327,0.9643826271062766,0.8401273850110402,1.1910236360466349,0.18192792008732714,0.0431889534792599,0.4334896573766994
WbWb_6000_2000,WbWb,6000,2000,85,220,0.4,0.6,/eos/uscms/store/user/aji/rootfiles_existingOptimization/WbWb_6000_2000_pt220_ak4_ca6_th85.root,ok,,1000,1000,1.0,0.0,0.146,0.011166198995181842,0.078,0.8355,0.738,0.738,0.262,0.013905250806799567,1844.6326929848356,1533.6055438733056,2147.1683394384095,0.9223163464924178,0.7668027719366528,1.0735841697192046,0.1663102898204319,0.04694990817583694,0.4360786551711901
WbWb_6000_2000,WbWb,6000,2000,85,320,0.6,0.4,/eos/uscms/store/user/aji/rootfiles_existingOptimization/WbWb_6000_2000_pt320_ak6_ca4_th85.root,ok,,1000,1000,1.0,0.0,0.164,0.011709141727727102,0.089,0.8235,0.722,0.722,0.278,0.01416742743055351,1896.0379354411607,1519.163682852378,2112.8903162746496,0.9480189677205804,0.7595818414261891,1.0564451581373249,0.15657034659597308,0.019582606114179717,0.43976844982391505
WbWb_6000_2000,WbWb,6000,2000,85,200,1.0,0.8,/eos/uscms/store/user/aji/rootfiles_existingOptimization/WbWb_6000_2000_pt200_ak10_ca8_th85.root,ok,,1000,1000,1.0,0.0,0.056,0.007270763371201128,0.029,0.7845,0.735,0.735,0.265,0.013956181426163821,2102.5405169130718,1874.5442010575998,2594.440480876638,1.0512702584565359,0.9372721005288,1.297220240438319,0.17119676744112938,0.019287919648574407,0.441323793286783
WbWb_6000_2000,WbWb,6000,2000,85,220,1.0,0.8,/eos/uscms/store/user/aji/rootfiles_existingOptimization/WbWb_6000_2000_pt220_ak10_ca8_th85.root,ok,,1000,1000,1.0,0.0,0.063,0.007683163410991596,0.033,0.7845,0.731,0.731,0.269,0.014022802858202064,2098.1668495584454,1862.9533284051172,2575.3844554996426,1.0490834247792227,0.9314766642025586,1.2876922277498213,0.16977466001916267,0.02034862271875082,0.4436830024970849
WbWb_6000_2000,WbWb,6000,2000,85,180,0.4,0.8,/eos/uscms/store/user/aji/rootfiles_existingOptimization/WbWb_6000_2000_pt180_ak4_ca8_th85.root,ok,,1000,1000,1.0,0.0,0.13,0.010634848376916336,0.0685,0.8235,0.742,0.742,0.258,0.013836039895866157,1858.2705507229498,1565.947700667005,2230.100087133357,0.9291352753614748,0.7829738503335025,1.1150500435666786,0.17870174668806096,0.04732108844561425,0.44378821915191347
WbWb_6000_2000,WbWb,6000,2000,85,180,0.8,0.8,/eos/uscms/store/user/aji/rootfiles_existingOptimization/WbWb_6000_2000_pt180_ak8_ca8_th85.root,ok,,1000,1000,1.0,0.0,0.079,0.008529888627643388,0.041,0.8005,0.743,0.743,0.257,0.013818502089589886,2006.7312422835173,1779.97564807143,2532.866931920312,1.0033656211417585,0.889987824035715,1.266433465960156,0.18759145918118694,0.037324425144825896,0.4449280212953628
WbWb_6000_2000,WbWb,6000,2000,85,260,0.6,0.6,/eos/uscms/store/user/aji/rootfiles_existingOptimization/WbWb_6000_2000_pt260_ak6_ca6_th85.root,ok,,1000,1000,1.0,0.0,0.151,0.01132249972400088,0.0785,0.8265,0.729,0.729,0.271,0.014055568291606,1908.1484602924193,1611.1379272943045,2260.6744800276965,0.9540742301462096,0.8055689636471522,1.1303372400138483,0.1702007381107684,0.04335567572230567,0.44579331509614745
WbWb_6000_2000,WbWb,6000,2000,85,260,1.0,0.8,/eos/uscms/store/user/aji/rootfiles_existingOptimization/WbWb_6000_2000_pt260_ak10_ca8_th85.root,ok,,1000,1000,1.0,0.0,0.073,0.008226238508577295,0.0385,0.785,0.723,0.723,0.277,0.014151713677148785,2085.5421189106837,1825.3553890370017,2519.6917930114832,1.0427710594553417,0.9126776945185008,1.2598458965057415,0.166464248714657,0.021861247130243875,0.44774135466019116
WbWb_6000_2000,WbWb,6000,2000,85,260,0.4,0.4,/eos/uscms/store/user/aji/rootfiles_existingOptimization/WbWb_6000_2000_pt260_ak4_ca4_th85.root,ok,,1000,1000,1.0,0.0,0.172,0.011933817494833746,0.0925,0.83,0.721,0.721,0.279,0.014183053267896867,1836.3025591656533,1487.0806267165067,2077.7698117913983,0.9181512795828266,0.7435403133582533,1.038884905895699,0.16083656315963485,0.04762019429042731,0.44802143520135224
WbWb_6000_2000,WbWb,6000,2000,85,200,0.8,0.8,/eos/uscms/store/user/aji/rootfiles_existingOptimization/WbWb_6000_2000_pt200_ak8_ca8_th85.root,ok,,1000,1000,1.0,0.0,0.095,0.00927227048785787,0.049,0.8,0.736,0.736,0.264,0.013939296969359681,1999.907391539974,1763.1219521209134,2500.6412883726025,0.999953695769987,0.8815609760604567,1.2503206441863013,0.18438837202451225,0.039053901190878405,0.44839300244751357
WbWb_6000_2000,WbWb,6000,2000,85,200,0.6,0.8,/eos/uscms/store/user/aji/rootfiles_existingOptimization/WbWb_6000_2000_pt200_ak6_ca8_th85.root,ok,,1000,1000,1.0,0.0,0.116,0.010126401137620413,0.06,0.8185,0.737,0.737,0.263,0.013922320208930694,1920.821143979737,1647.174338716926,2349.7533512999626,0.9604105719898686,0.8235871693584631,1.1748766756499813,0.1828850683951155,0.04373207263534731,0.4498440111961287
WbWb_6000_2000,WbWb,6000,2000,85,160,0.8,0.8,/eos/uscms/store/user/aji/rootfiles_existingOptimization/WbWb_6000_2000_pt160_ak8_ca8_th85.root,ok,,1000,1000,1.0,0.0,0.065,0.007795832219846705,0.0335,0.797,0.74,0.74,0.26,0.013870832707519763,2014.7872993657843,1795.482689236157,2560.9682663128974,1.0073936496828921,0.8977413446180786,1.2804841331564485,0.18996684595880162,0.03653174683611181,0.45070621092709084
WbWb_6000_2000,WbWb,6000,2000,85,140,0.8,0.8,/eos/uscms/store/user/aji/rootfiles_existingOptimization/WbWb_6000_2000_pt140_ak8_ca8_th85.root,ok,,1000,1000,1.0,0.0,0.055,0.00720936890441875,0.0275,0.799,0.741,0.741,0.259,0.013853483316480371,2024.3211662642702,1811.4997517119405,2584.315963787991,1.0121605831321352,0.9057498758559702,1.2921579818939957,0.19088280677868522,0.03430580846373946,0.4510988650918988
WbWb_6000_2000,WbWb,6000,2000,85,180,1.0,0.8,/eos/uscms/store/user/aji/rootfiles_existingOptimization/WbWb_6000_2000_pt180_ak10_ca8_th85.root,ok,,1000,1000,1.0,0.0,0.045,0.0065555320150236475,0.0235,0.7805,0.735,0.735,0.265,0.013956181426163821,2114.9200053697527,1884.4560971841008,2647.4636351992135,1.0574600026848764,0.9422280485920504,1.323731817599607,0.18038685531316723,0.016615667138658686,0.4511328555816549
WbWb_6000_2000,WbWb,6000,2000,85,240,1.0,0.8,/eos/uscms/store/user/aji/rootfiles_existingOptimization/WbWb_6000_2000_pt240_ak10_ca8_th85.root,ok,,1000,1000,1.0,0.0,0.07,0.008068457101577725,0.0365,0.783,0.723,0.723,0.277,0.014151713677148785,2091.4682017262644,1845.2540923456668,2558.7022280548867,1.045734100863132,0.9226270461728333,1.2793511140274434,0.17056155458647462,0.021339419604359214,0.4521349646727878
WbWb_6000_2000,WbWb,6000,2000,85,320,0.8,0.6,/eos/uscms/store/user/aji/rootfiles_existingOptimization/WbWb_6000_2000_pt320_ak8_ca6_th85.root,ok,,1000,1000,1.0,0.0,0.152,0.011353237423748346,0.081,0.806,0.711,0.711,0.28900000000000003,0.0143345387090063,1965.1942843727184,1630.9387909777606,2269.0345771615916,0.9825971421863592,0.8154693954888803,1.1345172885807957,0.16234928812331353,0.020979742658657888,0.45308957390467763
WbWb_6000_2000,WbWb,6000,2000,85,220,0.6,0.8,/eos/uscms/store/user/aji/rootfiles_existingOptimization/WbWb_6000_2000_pt220_ak6_ca8_th85.root,ok,,1000,1000,1.0,0.0,0.129,0.010599952830083727,0.0665,0.817,0.729,0.729,0.271,0.014055568291606,1914.8014741112734,1621.3903727696,2330.7550781451323,0.9574007370556367,0.8106951863848,1.1653775390725662,0.185231919592284,0.04557649530126964,0.4604918458867203
WbWb_6000_2000,WbWb,6000,2000,85,240,0.4,0.6,/eos/uscms/store/user/aji/rootfiles_existingOptimization/WbWb_6000_2000_pt240_ak4_ca6_th85.root,ok,,1000,1000,1.0,0.0,0.168,0.011822690049223147,0.0895,0.8255,0.719,0.719,0.281,0.014214042352547005,1841.3392116041916,1496.9481712905804,2130.5850145820937,0.9206696058020958,0.7484740856452902,1.0652925072910469,0.1720586949157193,0.048930103790690134,0.4609917343355097
WbWb_6000_2000,WbWb,6000,2000,85,240,0.6,0.8,/eos/uscms/store/user/aji/rootfiles_existingOptimization/WbWb_6000_2000_pt240_ak6_ca8_th85.root,ok,,1000,1000,1.0,0.0,0.143,0.011070275515993266,0.074,0.8145,0.721,0.721,0.279,0.014183053267896867,1909.6554548380627,1606.6809201520277,2291.3653814439203,0.9548277274190314,0.8033404600760139,1.1456826907219602,0.17926910835073995,0.04609649673330311,0.4627863356088368
WbWb_6000_2000,WbWb,6000,2000,85,240,0.8,0.8,/eos/uscms/store/user/aji/rootfiles_existingOptimization/WbWb_6000_2000_pt240_ak8_ca8_th85.root,ok,,1000,1000,1.0,0.0,0.117,0.010164201887015036,0.061,0.7925,0.719,0.719,0.281,0.014214042352547005,1987.6467989194625,1712.9231906686202,2440.1244818296113,0.9938233994597312,0.8564615953343101,1.2200622409148056,0.18293020962182946,0.041851147086257236,0.4645478696758564
WbWb_6000_2000,WbWb,6000,2000,85,280,1.0,0.8,/eos/uscms/store/user/aji/rootfiles_existingOptimization/WbWb_6000_2000_pt280_ak10_ca8_th85.root,ok,,1000,1000,1.0,0.0,0.092,0.00913980306133562,0.0485,0.778,0.706,0.706,0.29400000000000004,0.014407081592050489,2074.9357742371117,1785.660961509801,2481.308160225023,1.0374678871185559,0.8928304807549005,1.2406540801125117,0.16763101956034998,0.023336964935409883,0.4653778082722056
WbWb_6000_2000,WbWb,6000,2000,85,220,0.8,0.8,/eos/uscms/store/user/aji/rootfiles_existingOptimization/WbWb_6000_2000_pt220_ak8_ca8_th85.root,ok,,1000,1000,1.0,0.0,0.105,0.009694070352540258,0.0545,0.7935,0.724,0.724,0.276,0.014135911714495106,1995.612874370223,1739.0591855210778,2498.433349515159,0.9978064371851114,0.8695295927605389,1.2492166747575795,0.19026089021241785,0.04031002245283743,0.46648024649390674
WbWb_6000_2000,WbWb,6000,2000,85,200,0.4,0.8,/eos/uscms/store/user/aji/rootfiles_existingOptimization/WbWb_6000_2000_pt200_ak4_ca8_th85.root,ok,,1000,1000,1.0,0.0,0.15,0.011291589790636216,0.0795,0.817,0.722,0.722,0.278,0.01416742743055351,1850.5546206992822,1527.0468800889191,2199.922833353037,0.9252773103496411,0.7635234400444596,1.0999614166765184,0.18180386186327566,0.04923716437905275,0.46727613082831154
WbWb_6000_2000,WbWb,6000,2000,85,120,0.8,0.8,/eos/uscms/store/user/aji/rootfiles_existingOptimization/WbWb_6000_2000_pt120_ak8_ca8_th85.root,ok,,1000,1000,1.0,0.0,0.045,0.0065555320150236475,0.0225,0.7865,0.731,0.731,0.269,0.014022802858202064,2040.0782622323022,1827.7300014682962,2636.5746186224337,1.020039131116151,0.9138650007341481,1.3182873093112168,0.19823862449989554,0.03277907448851321,0.46924253761151064
WbWb_6000_2000,WbWb,6000,2000,85,280,0.6,0.6,/eos/uscms/store/user/aji/rootfiles_existingOptimization/WbWb_6000_2000_pt280_ak6_ca6_th85.root,ok,,1000,1000,1.0,0.0,0.174,0.011988494484296182,0.0925,0.815,0.706,0.706,0.29400000000000004,0.014407081592050489,1903.1721831696073,1566.951018040589,2236.065703377499,0.9515860915848037,0.7834755090202945,1.1180328516887494,0.1757893193411811,0.045933703962793046,0.47463071018270075
WbWb_6000_2000,WbWb,6000,2000,85,100,0.4,1.0,/eos/uscms/store/user/aji/rootfiles_existingOptimization/WbWb_6000_2000_pt100_ak4_ca10_th85.root,ok,,1000,1000,1.0,0.0,0.083,0.008724161850859944,0.042,0.808,0.733,0.733,0.267,0.013989674763910703,1885.866114417841,1625.8793486952814,2389.4599704959237,0.9429330572089204,0.8129396743476406,1.194729985247962,0.20244825864437282,0.04333762803349062,0.4751549529234808
WbWb_6000_2000,WbWb,6000,2000,85,220,0.4,0.8,/eos/uscms/store/user/aji/rootfiles_existingOptimization/WbWb_6000_2000_pt220_ak4_ca8_th85.root,ok,,1000,1000,1.0,0.0,0.165,0.011737759581794134,0.0875,0.814,0.714,0.714,0.28600000000000003,0.014289996501049257,1843.097408338354,1496.9481712905804,2165.429078700422,0.9215487041691769,0.7484740856452902,1.082714539350211,0.18134714540467806,0.04993687275178536,0.4751922749877604
WbWb_6000_2000,WbWb,6000,2000,85,120,0.4,1.0,/eos/uscms/store/user/aji/rootfiles_existingOptimization/WbWb_6000_2000_pt120_ak4_ca10_th85.root,ok,,1000,1000,1.0,0.0,0.096,0.009315793041926168,0.0485,0.805,0.732,0.732,0.268,0.014006284303840188,1877.401541907878,1599.3564523289535,2359.29518833808,0.938700770953939,0.7996782261644768,1.17964759416904,0.20239110255466486,0.045594706726532916,0.476521025459271
WbWb_6000_2000,WbWb,6000,2000,85,260,0.4,0.6,/eos/uscms/store/user/aji/rootfiles_existingOptimization/WbWb_6000_2000_pt260_ak4_ca6_th85.root,ok,,1000,1000,1.0,0.0,0.191,0.012430567163247218,0.102,0.815,0.703,0.703,0.29700000000000004,0.014449602070645405,1836.8236435634894,1471.1385754165412,2115.3926824656187,0.9184118217817447,0.7355692877082706,1.0576963412328093,0.1753717917630912,0.051524607832126895,0.4805306095849168
WbWb_6000_2000,WbWb,6000,2000,85,340,0.6,0.4,/eos/uscms/store/user/aji/rootfiles_existingOptimization/WbWb_6000_2000_pt340_ak6_ca4_th85.root,ok,,1000,1000,1.0,0.0,0.185,0.012279047194306243,0.102,0.811,0.699,0.699,0.30100000000000005,0.014505137021069467,1888.4285215148539,1432.109615911354,2090.697897157635,0.944214260757427,0.716054807955677,1.0453489485788174,0.1743746913751272,0.022684752135421135,0.48095326529938454
WbWb_6000_2000,WbWb,6000,2000,85,160,1.0,0.8,/eos/uscms/store/user/aji/rootfiles_existingOptimization/WbWb_6000_2000_pt160_ak10_ca8_th85.root,ok,,1000,1000,1.0,0.0,0.039,0.006122009474020765,0.0195,0.763,0.715,0.715,0.28500000000000003,0.014274978108564651,2123.6134811498205,1892.5532484249793,2706.2860473863084,1.0618067405749103,0.9462766242124896,1.3531430236931543,0.19159155048326817,0.01650858969501793,0.4827722245407592
WbWb_6000_2000,WbWb,6000,2000,85,340,0.8,0.6,/eos/uscms/store/user/aji/rootfiles_existingOptimization/WbWb_6000_2000_pt340_ak8_ca6_th85.root,ok,,1000,1000,1.0,0.0,0.174,0.011988494484296182,0.094,0.7945,0.692,0.692,0.30800000000000005,0.014599178059055244,1958.3052696243913,1576.2831869563443,2254.6959805193237,0.9791526348121956,0.7881415934781721,1.1273479902596617,0.1732142593103221,0.0237559888267101,0.48329899582910263
WbWb_6000_2000,WbWb,6000,2000,85,140,0.4,1.0,/eos/uscms/store/user/aji/rootfiles_existingOptimization/WbWb_6000_2000_pt140_ak4_ca10_th85.root,ok,,1000,1000,1.0,0.0,0.11,0.009894442884771228,0.056,0.8,0.724,0.724,0.276,0.014135911714495106,1872.3831052771357,1579.4629917470893,2333.7671636992823,0.9361915526385678,0.7897314958735446,1.1668835818496412,0.2014289089199368,0.04749259505395696,0.48380975365608003
WbWb_6000_2000,WbWb,6000,2000,85,300,1.0,0.8,/eos/uscms/store/user/aji/rootfiles_existingOptimization/WbWb_6000_2000_pt300_ak10_ca8_th85.root,ok,,1000,1000,1.0,0.0,0.105,0.009694070352540258,0.056,0.773,0.692,0.692,0.30800000000000005,0.014599178059055244,2065.7557873724218,1751.7652304625856,2468.974612046428,1.0328778936862109,0.8758826152312927,1.2344873060232138,0.1735949103877643,0.02494541754178406,0.4848826997563854
WbWb_6000_2000,WbWb,6000,2000,85,100,0.6,1.0,/eos/uscms/store/user/aji/rootfiles_existingOptimization/WbWb_6000_2000_pt100_ak6_ca10_th85.root,ok,,1000,1000,1.0,0.0,0.063,0.007683163410991596,0.0315,0.791,0.721,0.721,0.279,0.014183053267896867,1962.5898010240708,1723.7401215364687,2530.359326523403,0.9812949005120355,0.8618700607682344,1.2651796632617014,0.20549867439595468,0.03972575087117536,0.4863691843447512
WbWb_6000_2000,WbWb,6000,2000,85,280,0.4,0.4,/eos/uscms/store/user/aji/rootfiles_existingOptimization/WbWb_6000_2000_pt280_ak4_ca4_th85.root,ok,,1000,1000,1.0,0.0,0.199,0.012625331678811452,0.107,0.814,0.693,0.693,0.30700000000000005,0.01458598642533305,1830.8060059994025,1431.5041271849484,2058.8100717947236,0.9154030029997012,0.7157520635924742,1.0294050358973619,0.17131961074907573,0.05054093058140027,0.4867793104491056
WbWb_6000_2000,WbWb,6000,2000,85,260,0.6,0.8,/eos/uscms/store/user/aji/rootfiles_existingOptimization/WbWb_6000_2000_pt260_ak6_ca8_th85.root,ok,,1000,1000,1.0,0.0,0.166,0.011766222843376714,0.086,0.8025,0.702,0.702,0.29800000000000004,0.01446360950800318,1906.1648968488862,1575.4389484106568,2294.644459491446,0.9530824484244431,0.7877194742053284,1.147322229745723,0.18865249073407034,0.04691545223610616,0.49134424589162606
WbWb_6000_2000,WbWb,6000,2000,85,260,0.8,0.8,/eos/uscms/store/user/aji/rootfiles_existingOptimization/WbWb_6000_2000_pt260_ak8_ca8_th85.root,ok,,1000,1000,1.0,0.0,0.143,0.011070275515993266,0.0745,0.783,0.699,0.699,0.30100000000000005,0.014505137021069467,1980.841681840797,1670.8702537411846,2423.1106643454896,0.9904208409203985,0.8354351268705923,1.2115553321727448,0.18987898364124883,0.045671758972509705,0.491836899549209
WbWb_6000_2000,WbWb,6000,2000,85,320,1.0,0.8,/eos/uscms/store/user/aji/rootfiles_existingOptimization/WbWb_6000_2000_pt320_ak10_ca8_th85.root,ok,,1000,1000,1.0,0.0,0.122,0.010349685985574635,0.065,0.7685,0.682,0.682,0.31799999999999995,0.014726710426975875,2058.9583163276816,1722.2363683998651,2445.347812153326,1.029479158163841,0.8611181841999326,1.222673906076663,0.17560128294466598,0.026297193254211315,0.49654919876105
WbWb_6000_2000,WbWb,6000,2000,85,140,0.6,1.0,/eos/uscms/store/user/aji/rootfiles_existingOptimization/WbWb_6000_2000_pt140_ak6_ca10_th85.root,ok,,1000,1000,1.0,0.0,0.085,0.008819013550278738,0.043,0.7845,0.714,0.714,0.28600000000000003,0.014289996501049257,1940.05112336185,1669.5094881703424,2477.16547724713,0.970025561680925,0.8347547440851713,1.2385827386235653,0.20815327476454018,0.0431889534792599,0.49715071859644766
WbWb_6000_2000,WbWb,6000,2000,85,240,0.4,0.8,/eos/uscms/store/user/aji/rootfiles_existingOptimization/WbWb_6000_2000_pt240_ak4_ca8_th85.root,ok,,1000,1000,1.0,0.0,0.187,0.012330085157856777,0.099,0.8045,0.696,0.696,0.30400000000000005,0.014545927265045704,1837.965824877029,1471.1385754165412,2151.692419904128,0.9189829124385145,0.7355692877082706,1.075846209952064,0.18513778528311867,0.052839817681812895,0.49723949403926726
WbWb_6000_2000,WbWb,6000,2000,85,120,0.6,1.0,/eos/uscms/store/user/aji/rootfiles_existingOptimization/WbWb_6000_2000_pt120_ak6_ca10_th85.root,ok,,1000,1000,1.0,0.0,0.071,0.008121514637061242,0.0355,0.787,0.715,0.715,0.28500000000000003,0.014274978108564651,1948.5684368887248,1695.1895243832475,2512.4735929707736,0.9742842184443624,0.8475947621916238,1.2562367964853869,0.20971397594135363,0.04142216352676115,0.49728555409691744
WbWb_6000_2000,WbWb,6000,2000,85,300,0.6,0.6,/eos/uscms/store/user/aji/rootfiles_existingOptimization/WbWb_6000_2000_pt300_ak6_ca6_th85.root,ok,,1000,1000,1.0,0.0,0.201,0.012672766075328622,0.106,0.8055,0.689,0.689,0.31100000000000005,0.014638271755914358,1896.4694552159415,1515.9538880221821,2207.406937276964,0.9482347276079708,0.7579769440110911,1.103703468638482,0.1823000753724371,0.04727181951359469,0.49847660261164006
WbWb_6000_2000,WbWb,6000,2000,85,160,0.4,1.0,/eos/uscms/store/user/aji/rootfiles_existingOptimization/WbWb_6000_2000_pt160_ak4_ca10_th85.root,ok,,1000,1000,1.0,0.0,0.13,0.010634848376916336,0.066,0.793,0.713,0.713,0.28700000000000003,0.01430492922037715,1866.3358709731428,1550.924917000912,2317.13611865402,0.9331679354865714,0.775462458500456,1.1585680593270098,0.20527151987214137,0.049058190084335845,0.49895472632348425
WbWb_6000_2000,WbWb,6000,2000,85,160,0.6,1.0,/eos/uscms/store/user/aji/rootfiles_existingOptimization/WbWb_6000_2000_pt160_ak6_ca10_th85.root,ok,,1000,1000,1.0,0.0,0.097,0.00935900635751467,0.0495,0.7855,0.711,0.711,0.28900000000000003,0.0143345387090063,1931.9338398523223,1642.1228440806055,2448.17590867953,0.9659669199261611,0.8210614220403027,1.224087954339765,0.2086130094031945,0.04560004207810886,0.5010163174105784
WbWb_6000_2000,WbWb,6000,2000,85,140,1.0,0.8,/eos/uscms/store/user/aji/rootfiles_existingOptimization/WbWb_6000_2000_pt140_ak10_ca8_th85.root,ok,,1000,1000,1.0,0.0,0.031,0.0054807846153630225,0.0155,0.7475,0.701,0.701,0.29900000000000004,0.014477534320456644,2145.806109127793,1915.212314541601,2765.975501392763,1.0729030545638965,0.9576061572708006,1.3829877506963815,0.19823859742783845,0.014813847913885365,0.5045289028842281
WbWb_6000_2000,WbWb,6000,2000,85,280,0.8,0.8,/eos/uscms/store/user/aji/rootfiles_existingOptimization/WbWb_6000_2000_pt280_ak8_ca8_th85.root,ok,,1000,1000,1.0,0.0,0.163,0.011680368144883106,0.0855,0.776,0.686,0.686,0.31399999999999995,0.01467664811869522,1978.0665614118038,1638.0624195117045,2402.534798483929,0.9890332807059019,0.8190312097558522,1.2012673992419647,0.19323727368066895,0.047357332443185705,0.5083339456100787
WbWb_6000_2000,WbWb,6000,2000,85,180,0.6,1.0,/eos/uscms/store/user/aji/rootfiles_existingOptimization/WbWb_6000_2000_pt180_ak6_ca10_th85.root,ok,,1000,1000,1.0,0.0,0.116,0.010126401137620413,0.0595,0.782,0.703,0.703,0.29700000000000004,0.014449602070645405,1927.075903218748,1618.87493592875,2431.115376918808,0.963537951609374,0.8094374679643749,1.215557688459404,0.21074427832172896,0.04718440998844747,0.5113904831607916
WbWb_6000_2000,WbWb,6000,2000,85,300,0.4,0.4,/eos/uscms/store/user/aji/rootfiles_existingOptimization/WbWb_6000_2000_pt300_ak4_ca4_th85.root,ok,,1000,1000,1.0,0.0,0.224,0.013184233007649706,0.1205,0.8045,0.677,0.677,0.32299999999999995,0.014787528529135624,1823.0187688711985,1370.7680177268774,2040.71336225249,0.9115093844355993,0.6853840088634386,1.020356681126245,0.18374614566926226,0.05476836647454528,0.5155952072257023
WbWb_6000_2000,WbWb,6000,2000,85,160,0.8,1.0,/eos/uscms/store/user/aji/rootfiles_existingOptimization/WbWb_6000_2000_pt160_ak8_ca10_th85.root,ok,,1000,1000,1.0,0.0,0.079,0.008529888627643388,0.0405,0.759,0.693,0.693,0.30700000000000005,0.01458598642533305,2014.7872993657843,1760.024754584089,2600.504188642618,1.0073936496828921,0.8800123772920445,1.300252094321309,0.2085777080099461,0.0422413801484095,0.5163170729782354
WbWb_6000_2000,WbWb,6000,2000,85,360,0.6,0.4,/eos/uscms/store/user/aji/rootfiles_existingOptimization/WbWb_6000_2000_pt360_ak6_ca4_th85.root,ok,,1000,1000,1.0,0.0,0.2,0.01264911064067352,0.111,0.8025,0.682,0.682,0.31799999999999995,0.014726710426975875,1881.4356650192815,1346.7989776695697,2073.3587532179804,0.9407178325096408,0.6733994888347848,1.0366793766089901,0.19308653201834688,0.0250097945536966,0.5170147487673827
WbWb_6000_2000,WbWb,6000,2000,85,100,0.8,0.8,/eos/uscms/store/user/aji/rootfiles_existingOptimization/WbWb_6000_2000_pt100_ak8_ca8_th85.root,ok,,1000,1000,1.0,0.0,0.037,0.005969170796685248,0.0185,0.7555,0.702,0.702,0.29800000000000004,0.01446360950800318,2073.7209605556263,1847.081963511199,2740.830678476064,1.0368604802778134,0.9235409817555995,1.370415339238032,0.2154939675985617,0.031073320982147587,0.5171800156263431
WbWb_6000_2000,WbWb,6000,2000,85,140,0.8,1.0,/eos/uscms/store/user/aji/rootfiles_existingOptimization/WbWb_6000_2000_pt140_ak8_ca10_th85.root,ok,,1000,1000,1.0,0.0,0.069,0.008014923580421713,0.0345,0.76,0.692,0.692,0.30800000000000005,0.014599178059055244,2025.3225704371198,1779.97564807143,2629.1817302078184,1.01266128521856,0.889987824035715,1.314590865103909,0.20964711857062512,0.0409605104769611,0.5189132470924811
WbWb_6000_2000,WbWb,6000,2000,85,280,0.4,0.6,/eos/uscms/store/user/aji/rootfiles_existingOptimization/WbWb_6000_2000_pt280_ak4_ca6_th85.root,ok,,1000,1000,1.0,0.0,0.218,0.0130566458173606,0.1165,0.7995,0.676,0.676,0.32399999999999995,0.014799459449588015,1830.8768978942371,1394.6353613078516,2080.781374819824,0.9154384489471186,0.6973176806539257,1.0403906874099118,0.18738179893501725,0.05408231375125744,0.5198379540403053
WbWb_6000_2000,WbWb,6000,2000,85,180,0.8,1.0,/eos/uscms/store/user/aji/rootfiles_existingOptimization/WbWb_6000_2000_pt180_ak8_ca10_th85.root,ok,,1000,1000,1.0,0.0,0.092,0.00913980306133562,0.0475,0.758,0.692,0.692,0.30800000000000005,0.014599178059055244,2006.1933609839002,1733.45721935167,2583.11832590246,1.00309668049195,0.866728609675835,1.29155916295123,0.2117595250474983,0.04305574751849982,0.5200691930966934
WbWb_6000_2000,WbWb,6000,2000,85,360,0.8,0.6,/eos/uscms/store/user/aji/rootfiles_existingOptimization/WbWb_6000_2000_pt360_ak8_ca6_th85.root,ok,,1000,1000,1.0,0.0,0.189,0.012380589646701001,0.1035,0.783,0.671,0.671,0.32899999999999996,0.014857960829131297,1952.4372112236701,1488.2761827361117,2226.164431070097,0.9762186056118352,0.7441380913680559,1.1130822155350486,0.18896593552207538,0.025961350454334807,0.5203440749608919
WbWb_6000_2000,WbWb,6000,2000,85,340,1.0,0.8,/eos/uscms/store/user/aji/rootfiles_existingOptimization/WbWb_6000_2000_pt340_ak10_ca8_th85.root,ok,,1000,1000,1.0,0.0,0.138,0.01090669519148674,0.0735,0.7645,0.67,0.67,0.32999999999999996,0.014869431730903503,2047.9054422835397,1663.660348995388,2434.742540529132,1.0239527211417698,0.8318301744976939,1.2173712702645658,0.1882611803291904,0.03006536183012825,0.5206564524433673
WbWb_6000_2000,WbWb,6000,2000,85,180,0.4,1.0,/eos/uscms/store/user/aji/rootfiles_existingOptimization/WbWb_6000_2000_pt180_ak4_ca10_th85.root,ok,,1000,1000,1.0,0.0,0.152,0.011353237423748346,0.0795,0.7825,0.694,0.694,0.30600000000000005,0.014572714228996602,1856.651198578695,1499.1712248999181,2271.0470326782015,0.9283255992893474,0.749585612449959,1.1355235163391009,0.20786774822572238,0.05166611255741203,0.5210351882967876
WbWb_6000_2000,WbWb,6000,2000,85,280,0.6,0.8,/eos/uscms/store/user/aji/rootfiles_existingOptimization/WbWb_6000_2000_pt280_ak6_ca8_th85.root,ok,,1000,1000,1.0,0.0,0.191,0.012430567163247218,0.101,0.7915,0.682,0.682,0.31799999999999995,0.014726710426975875,1900.202846587158,1513.6758382761896,2268.617602371949,0.9501014232935792,0.7568379191380947,1.1343088011859745,0.1986476773918284,0.0486708687854097,0.5216375350624705
WbWb_6000_2000,WbWb,6000,2000,85,300,0.8,0.8,/eos/uscms/store/user/aji/rootfiles_existingOptimization/WbWb_6000_2000_pt300_ak8_ca8_th85.root,ok,,1000,1000,1.0,0.0,0.183,0.012227469075814503,0.096,0.769,0.672,0.672,0.32799999999999996,0.014846413708367418,1973.2499383926802,1610.413783932125,2380.354021910737,0.98662496919634,0.8052068919660624,1.1901770109553687,0.19509445382417467,0.04827772677710149,0.5244319569045406
WbWb_6000_2000,WbWb,6000,2000,85,260,0.4,0.8,/eos/uscms/store/user/aji/rootfiles_existingOptimization/WbWb_6000_2000_pt260_ak4_ca8_th85.root,ok,,1000,1000,1.0,0.0,0.211,0.012902674141432851,0.112,0.793,0.679,0.679,0.32099999999999995,0.0147634345597493,1836.4210036349982,1416.7939425932914,2140.5098372667826,0.9182105018174991,0.7083969712966457,1.0702549186333912,0.1970452018466825,0.05476836647454528,0.5262241516649325
WbWb_6000_2000,WbWb,6000,2000,85,200,0.6,1.0,/eos/uscms/store/user/aji/rootfiles_existingOptimization/WbWb_6000_2000_pt200_ak6_ca10_th85.root,ok,,1000,1000,1.0,0.0,0.132,0.010704017937204702,0.068,0.7765,0.689,0.689,0.31100000000000005,0.014638271755914358,1919.5908751335212,1585.0181397291524,2405.2163399465567,0.9597954375667606,0.7925090698645761,1.2026081699732782,0.2136388047167482,0.0480486784894299,0.5286592609600722
WbWb_6000_2000,WbWb,6000,2000,85,120,0.8,1.0,/eos/uscms/store/user/aji/rootfiles_existingOptimization/WbWb_6000_2000_pt120_ak8_ca10_th85.root,ok,,1000,1000,1.0,0.0,0.058,0.007391616873188166,0.029,0.7505,0.681,0.681,0.31899999999999995,0.01473902981881779,2040.0782622323022,1802.49240163578,2661.4193193823303,1.020039131116151,0.90124620081789,1.3307096596911654,0.2105132272736176,0.039584247112491124,0.5315171403852326
WbWb_6000_2000,WbWb,6000,2000,85,200,0.8,1.0,/eos/uscms/store/user/aji/rootfiles_existingOptimization/WbWb_6000_2000_pt200_ak8_ca10_th85.root,ok,,1000,1000,1.0,0.0,0.109,0.00985489725973843,0.056,0.753,0.682,0.682,0.31799999999999995,0.014726710426975875,1999.9289069763736,1708.3511183569083,2569.249227606605,0.9999644534881869,0.8541755591784542,1.2846246138033026,0.21523217806558437,0.045671758972509705,0.5332357327167656
WbWb_6000_2000,WbWb,6000,2000,85,220,0.6,1.0,/eos/uscms/store/user/aji/rootfiles_existingOptimization/WbWb_6000_2000_pt220_ak6_ca10_th85.root,ok,,1000,1000,1.0,0.0,0.148,0.011229247525992114,0.076,0.776,0.681,0.681,0.31899999999999995,0.01473902981881779,1913.743818550548,1555.3066621967318,2369.6813154139963,0.956871909275274,0.7776533310983659,1.184840657706998,0.21277002839232273,0.050505312554319684,0.5360828374647952
WbWb_6000_2000,WbWb,6000,2000,85,320,0.6,0.6,/eos/uscms/store/user/aji/rootfiles_existingOptimization/WbWb_6000_2000_pt320_ak6_ca6_th85.root,ok,,1000,1000,1.0,0.0,0.23,0.013307892395116516,0.122,0.789,0.665,0.665,0.33499999999999996,0.014925649064613572,1888.9955016895176,1438.200466382755,2196.756779061748,0.9444977508447587,0.7191002331913775,1.098378389530874,0.20078298545458168,0.050971259409498135,0.5413332103701058
WbWb_6000_2000,WbWb,6000,2000,85,300,0.6,0.8,/eos/uscms/store/user/aji/rootfiles_existingOptimization/WbWb_6000_2000_pt300_ak6_ca8_th85.root,ok,,1000,1000,1.0,0.0,0.216,0.013013224043256921,0.1135,0.7825,0.665,0.665,0.33499999999999996,0.014925649064613572,1895.826906108658,1473.6185060657945,2244.4333146254985,0.947913453054329,0.7368092530328973,1.1222166573127492,0.20329250684121397,0.051274438907616626,0.543501161535781
WbWb_6000_2000,WbWb,6000,2000,85,320,0.8,0.8,/eos/uscms/store/user/aji/rootfiles_existingOptimization/WbWb_6000_2000_pt320_ak8_ca8_th85.root,ok,,1000,1000,1.0,0.0,0.211,0.012902674141432851,0.1105,0.7635,0.658,0.658,0.34199999999999997,0.01500119995200384,1964.0521541152912,1561.2058984497025,2356.5331912167294,0.9820260770576456,0.7806029492248513,1.1782665956083649,0.20247102173447196,0.05104235298715525,0.5462684140287073
WbWb_6000_2000,WbWb,6000,2000,85,200,0.4,1.0,/eos/uscms/store/user/aji/rootfiles_existingOptimization/WbWb_6000_2000_pt200_ak4_ca10_th85.root,ok,,1000,1000,1.0,0.0,0.173,0.011961229033840962,0.091,0.776,0.675,0.675,0.32499999999999996,0.014811313243598623,1849.274312175497,1447.5585937167218,2243.026925010586,0.9246371560877485,0.723779296858361,1.1215134625052932,0.21507580731981044,0.05476836647454528,0.5476120917110355
WbWb_6000_2000,WbWb,6000,2000,85,220,0.8,1.0,/eos/uscms/store/user/aji/rootfiles_existingOptimization/WbWb_6000_2000_pt220_ak8_ca10_th85.root,ok,,1000,1000,1.0,0.0,0.119,0.010239091756596383,0.0615,0.748,0.672,0.672,0.32799999999999996,0.014846413708367418,1994.4817898177284,1683.1500084226693,2561.005573244889,0.9972408949088641,0.8415750042113346,1.2805027866224445,0.22007109047168724,0.04764446566739852,0.5483470009808008
WbWb_6000_2000,WbWb,6000,2000,85,360,1.0,0.8,/eos/uscms/store/user/aji/rootfiles_existingOptimization/WbWb_6000_2000_pt360_ak10_ca8_th85.root,ok,,1000,1000,1.0,0.0,0.151,0.01132249972400088,0.08,0.755,0.653,0.653,0.347,0.01505293991218991,2038.8771620583343,1591.376754528051,2407.1537830613665,1.019438581029167,0.7956883772640255,1.2035768915306833,0.20005546280918501,0.0326573138280016,0.5489993209121017
WbWb_6000_2000,WbWb,6000,2000,85,180,1.0,1.0,/eos/uscms/store/user/aji/rootfiles_existingOptimization/WbWb_6000_2000_pt180_ak10_ca10_th85.root,ok,,1000,1000,1.0,0.0,0.075,0.008329165624478841,0.0385,0.7325,0.663,0.663,0.33699999999999997,0.014947608504372864,2115.435625526784,1839.5256919427163,2715.280369815122,1.057717812763392,0.9197628459713582,1.357640184907561,0.20699156885341902,0.041701177785255075,0.5497633501297582
WbWb_6000_2000,WbWb,6000,2000,85,300,0.4,0.6,/eos/uscms/store/user/aji/rootfiles_existingOptimization/WbWb_6000_2000_pt300_ak4_ca6_th85.root,ok,,1000,1000,1.0,0.0,0.243,0.013562853682024296,0.13,0.789,0.659,0.659,0.34099999999999997,0.014990630407024249,1822.4814801659631,1324.2574660763798,2057.1627800049127,0.9112407400829815,0.66212873303819,1.0285813900024563,0.20107345997880624,0.05863545716658222,0.550949385970508
WbWb_6000_2000,WbWb,6000,2000,85,240,0.6,1.0,/eos/uscms/store/user/aji/rootfiles_existingOptimization/WbWb_6000_2000_pt240_ak6_ca10_th85.root,ok,,1000,1000,1.0,0.0,0.161,0.011622349160131096,0.083,0.7725,0.67,0.67,0.32999999999999996,0.014869431730903503,1908.6718609961079,1514.2903690835756,2344.570001996584,0.9543359304980539,0.7571451845417878,1.172285000998292,0.2175019315472324,0.05141361869359659,0.552068338497427
WbWb_6000_2000,WbWb,6000,2000,85,240,0.8,1.0,/eos/uscms/store/user/aji/rootfiles_existingOptimization/WbWb_6000_2000_pt240_ak8_ca10_th85.root,ok,,1000,1000,1.0,0.0,0.132,0.010704017937204702,0.0685,0.747,0.667,0.667,0.33299999999999996,0.01490338887635963,1986.979898767543,1646.243460556315,2519.220238770719,0.9934899493837714,0.8231217302781575,1.2596101193853595,0.2196742852697912,0.04949321989682061,0.553325290331414
WbWb_6000_2000,WbWb,6000,2000,85,200,1.0,1.0,/eos/uscms/store/user/aji/rootfiles_existingOptimization/WbWb_6000_2000_pt200_ak10_ca10_th85.root,ok,,1000,1000,1.0,0.0,0.094,0.009228434320078352,0.048,0.7325,0.657,0.657,0.34299999999999997,0.015011695440555674,2103.085571263173,1813.224920784016,2689.0392661921687,1.0515427856315864,0.9066124603920079,1.3445196330960842,0.2082212814769381,0.04446874743386383,0.5563755600400967
WbWb_6000_2000,WbWb,6000,2000,85,220,0.4,1.0,/eos/uscms/store/user/aji/rootfiles_existingOptimization/WbWb_6000_2000_pt220_ak4_ca10_th85.root,ok,,1000,1000,1.0,0.0,0.187,0.012330085157856777,0.0985,0.775,0.669,0.669,0.33099999999999996,0.014880826589944525,1842.2788310958592,1400.0343662991368,2215.6030764512784,0.9211394155479296,0.7000171831495684,1.1078015382256392,0.22134779393491963,0.05628896482199021,0.5602338523801267
WbWb_6000_2000,WbWb,6000,2000,85,220,1.0,1.0,/eos/uscms/store/user/aji/rootfiles_existingOptimization/WbWb_6000_2000_pt220_ak10_ca10_th85.root,ok,,1000,1000,1.0,0.0,0.107,0.009775019181566858,0.055,0.731,0.654,0.654,0.346,0.015042739112276061,2094.1268039144466,1790.2620363492733,2674.5090740828587,1.0470634019572231,0.8951310181746367,1.3372545370414293,0.21112547627982853,0.045490341026392794,0.5618318164755508
WbWb_6000_2000,WbWb,6000,2000,85,380,0.8,0.6,/eos/uscms/store/user/aji/rootfiles_existingOptimization/WbWb_6000_2000_pt380_ak8_ca6_th85.root,ok,,1000,1000,1.0,0.0,0.203,0.012719709116170857,0.1115,0.7785,0.657,0.657,0.34299999999999997,0.015011695440555674,1946.2751608194721,1364.6106505938967,2211.5898877508307,0.9731375804097362,0.6823053252969483,1.1057949438754153,0.21758979773453932,0.02804420341207992,0.5632760396935657
WbWb_6000_2000,WbWb,6000,2000,85,120,0.4,1.2,/eos/uscms/store/user/aji/rootfiles_existingOptimization/WbWb_6000_2000_pt120_ak4_ca12_th85.root,ok,,1000,1000,1.0,0.0,0.109,0.00985489725973843,0.055,0.756,0.67,0.67,0.32999999999999996,0.014869431730903503,1878.4850296382187,1539.2199632381707,2408.5187836951445,0.9392425148191093,0.7696099816190852,1.2042593918475724,0.23138295135213147,0.05295985598961393,0.5674586998702205
WbWb_6000_2000,WbWb,6000,2000,85,280,0.4,0.8,/eos/uscms/store/user/aji/rootfiles_existingOptimization/WbWb_6000_2000_pt280_ak4_ca8_th85.root,ok,,1000,1000,1.0,0.0,0.237,0.013447341744746431,0.126,0.7775,0.652,0.652,0.348,0.015063067416698366,1828.0877049344617,1336.7087217374763,2115.7299259465162,0.9140438524672307,0.6683543608687381,1.0578649629732582,0.213069975282441,0.058705938583375396,0.5696655900357179
WbWb_6000_2000,WbWb,6000,2000,85,160,1.0,1.0,/eos/uscms/store/user/aji/rootfiles_existingOptimization/WbWb_6000_2000_pt160_ak10_ca10_th85.root,ok,,1000,1000,1.0,0.0,0.065,0.007795832219846705,0.0325,0.719,0.647,0.647,0.353,0.015112610628213776,2125.743782673273,1854.5174654779667,2757.755812099489,1.0628718913366364,0.9272587327389833,1.3788779060497445,0.2124523082188288,0.04088345029971764,0.5717394973524924
WbWb_6000_2000,WbWb,6000,2000,85,100,0.6,1.2,/eos/uscms/store/user/aji/rootfiles_existingOptimization/WbWb_6000_2000_pt100_ak6_ca12_th85.root,ok,,1000,1000,1.0,0.0,0.071,0.008121514637061242,0.0355,0.742,0.662,0.662,0.33799999999999997,0.014958475858188226,1960.946705705825,1668.726899867729,2580.2793764439625,0.9804733528529126,0.8343634499338644,1.290139688221981,0.2324266319742046,0.04782268313035196,0.5723792966889133
WbWb_6000_2000,WbWb,6000,2000,85,380,1.0,0.8,/eos/uscms/store/user/aji/rootfiles_existingOptimization/WbWb_6000_2000_pt380_ak10_ca8_th85.root,ok,,1000,1000,1.0,0.0,0.16,0.01159310139695155,0.087,0.7505,0.64,0.64,0.36,0.015178932768808221,2029.8348138922101,1524.724416659211,2385.7879813946643,1.0149174069461049,0.7623622083296057,1.192893990697332,0.21210188110932104,0.03489448459451716,0.5735936218039315
WbWb_6000_2000,WbWb,6000,2000,85,260,1.0,1.0,/eos/uscms/store/user/aji/rootfiles_existingOptimization/WbWb_6000_2000_pt260_ak10_ca10_th85.root,ok,,1000,1000,1.0,0.0,0.126,0.010493998284733994,0.065,0.7295,0.642,0.642,0.358,0.01516034300403523,2078.960573565142,1742.0615761857114,2622.9192616866135,1.039480286782571,0.8710307880928556,1.3114596308433069,0.2118505027708025,0.049094214750488654,0.5737985314490596
WbWb_6000_2000,WbWb,6000,2000,85,320,0.4,0.4,/eos/uscms/store/user/aji/rootfiles_existingOptimization/WbWb_6000_2000_pt320_ak4_ca4_th85.root,ok,,1000,1000,1.0,0.0,0.252,0.013729384545565033,0.1365,0.789,0.652,0.652,0.348,0.015063067416698366,1818.137239289158,1235.7555056785698,2024.4192029477163,0.9090686196445791,0.6178777528392849,1.012209601473858,0.2168878344897363,0.05857046633455441,0.5739809725252784
WbWb_6000_2000,WbWb,6000,2000,85,100,0.8,1.0,/eos/uscms/store/user/aji/rootfiles_existingOptimization/WbWb_6000_2000_pt100_ak8_ca10_th85.root,ok,,1000,1000,1.0,0.0,0.048,0.006759881655768835,0.024,0.727,0.66,0.66,0.33999999999999997,0.014979986648859203,2074.2658176517707,1822.4104763074179,2779.9534935708703,1.0371329088258854,0.9112052381537089,1.3899767467854351,0.2308149247591288,0.03707323550564269,0.5745282156417173
WbWb_6000_2000,WbWb,6000,2000,85,240,1.0,1.0,/eos/uscms/store/user/aji/rootfiles_existingOptimization/WbWb_6000_2000_pt240_ak10_ca10_th85.root,ok,,1000,1000,1.0,0.0,0.12,0.010276186062932104,0.0615,0.727,0.643,0.643,0.357,0.015150940564862632,2085.503917731986,1759.3294615462519,2649.2223656746683,1.0427519588659928,0.879664730773126,1.3246111828373341,0.213352009689866,0.047498085186859176,0.5746272055764653
WbWb_6000_2000,WbWb,6000,2000,85,260,0.8,1.0,/eos/uscms/store/user/aji/rootfiles_existingOptimization/WbWb_6000_2000_pt260_ak8_ca10_th85.root,ok,,1000,1000,1.0,0.0,0.157,0.01150439046625244,0.0815,0.738,0.646,0.646,0.354,0.015122301412152848,1980.5025845212062,1610.413783932125,2482.1892767089003,0.990251292260603,0.8052068919660624,1.24109463835445,0.22008946102626026,0.0520084158822568,0.5750643318002
WbWb_6000_2000,WbWb,6000,2000,85,100,0.4,1.2,/eos/uscms/store/user/aji/rootfiles_existingOptimization/WbWb_6000_2000_pt100_ak4_ca12_th85.root,ok,,1000,1000,1.0,0.0,0.096,0.009315793041926168,0.0485,0.7575,0.669,0.669,0.33099999999999996,0.014880826589944525,1886.7157245814083,1565.4483882883258,2467.225794591504,0.9433578622907042,0.7827241941441629,1.233612897295752,0.23898073105402484,0.05148428966763936,0.5756449448249543
WbWb_6000_2000,WbWb,6000,2000,85,260,0.6,1.0,/eos/uscms/store/user/aji/rootfiles_existingOptimization/WbWb_6000_2000_pt260_ak6_ca10_th85.root,ok,,1000,1000,1.0,0.0,0.18,0.012149074038789953,0.093,0.7625,0.653,0.653,0.347,0.01505293991218991,1904.4579636145506,1480.0912642409432,2337.3297040208154,0.9522289818072753,0.7400456321204716,1.1686648520104077,0.22506100322447745,0.053298131586392725,0.5768381050437499
WbWb_6000_2000,WbWb,6000,2000,85,140,0.4,1.2,/eos/uscms/store/user/aji/rootfiles_existingOptimization/WbWb_6000_2000_pt140_ak4_ca12_th85.root,ok,,1000,1000,1.0,0.0,0.124,0.010422283818818216,0.063,0.751,0.662,0.662,0.33799999999999997,0.014958475858188226,1872.2544366961529,1492.3730644868765,2379.787642206207,0.9361272183480764,0.7461865322434381,1.1898938211031034,0.2369909132877511,0.054073880367286636,0.5813781914529434
WbWb_6000_2000,WbWb,6000,2000,85,340,0.6,0.6,/eos/uscms/store/user/aji/rootfiles_existingOptimization/WbWb_6000_2000_pt340_ak6_ca6_th85.root,ok,,1000,1000,1.0,0.0,0.258,0.013836039895866157,0.1385,0.7775,0.643,0.643,0.357,0.015150940564862632,1881.5322924883826,1348.506934425363,2171.0643809524036,0.9407661462441913,0.6742534672126815,1.0855321904762019,0.21858711907601222,0.05449388274098216,0.581510504451593
WbWb_6000_2000,WbWb,6000,2000,85,220,1.2,1.0,/eos/uscms/store/user/aji/rootfiles_existingOptimization/WbWb_6000_2000_pt220_ak12_ca10_th85.root,ok,,1000,1000,1.0,0.0,0.061,0.0075682891065286355,0.031,0.692,0.624,0.624,0.376,0.015317441039547044,2217.2339022598126,1921.6423899615213,2800.3578597832047,1.1086169511299064,0.9608211949807607,1.4001789298916025,0.19815578972658088,0.02417696062314847,0.5850174848395715
WbWb_6000_2000,WbWb,6000,2000,85,120,1.0,0.8,/eos/uscms/store/user/aji/rootfiles_existingOptimization/WbWb_6000_2000_pt120_ak10_ca8_th85.root,ok,,1000,1000,1.0,0.0,0.027,0.00512552436341883,0.0135,0.706,0.662,0.662,0.33799999999999997,0.014958475858188226,2176.1031865025907,1922.7429352685056,2961.5866814772894,1.0880515932512955,0.9613714676342529,1.4807933407386447,0.23869358600554272,0.01424516706841657,0.5854987453306723
WbWb_6000_2000,WbWb,6000,2000,85,240,1.2,1.0,/eos/uscms/store/user/aji/rootfiles_existingOptimization/WbWb_6000_2000_pt240_ak12_ca10_th85.root,ok,,1000,1000,1.0,0.0,0.066,0.007851369307324678,0.0345,0.693,0.624,0.624,0.376,0.015317441039547044,2207.214897447629,1900.7183881245217,2790.909195684623,1.1036074487238146,0.9503591940622609,1.3954545978423114,0.20165476605596866,0.025547185105538703,0.5880155109283501
WbWb_6000_2000,WbWb,6000,2000,85,240,0.4,1.0,/eos/uscms/store/user/aji/rootfiles_existingOptimization/WbWb_6000_2000_pt240_ak4_ca10_th85.root,ok,,1000,1000,1.0,0.0,0.208,0.0128349522788361,0.1095,0.7655,0.649,0.649,0.351,0.015093011627902497,1837.3100430853258,1346.5543949365851,2190.7446675704687,0.9186550215426629,0.6732771974682926,1.0953723337852341,0.22973538837687568,0.05903642865984528,0.5888698862226094
WbWb_6000_2000,WbWb,6000,2000,85,320,0.6,0.8,/eos/uscms/store/user/aji/rootfiles_existingOptimization/WbWb_6000_2000_pt320_ak6_ca8_th85.root,ok,,1000,1000,1.0,0.0,0.246,0.013619251080731275,0.13,0.7655,0.639,0.639,0.361,0.01518812035770062,1887.9069856149194,1377.4898055151332,2217.9142806055065,0.9439534928074597,0.6887449027575665,1.1089571403027532,0.22258100676941842,0.05786146171512278,0.5891856574886725
WbWb_6000_2000,WbWb,6000,2000,85,280,1.0,1.0,/eos/uscms/store/user/aji/rootfiles_existingOptimization/WbWb_6000_2000_pt280_ak10_ca10_th85.root,ok,,1000,1000,1.0,0.0,0.15,0.011291589790636216,0.0775,0.721,0.627,0.627,0.373,0.015292841462592882,2070.8308800434324,1702.2452056522739,2583.6116830494584,1.0354154400217161,0.8511226028261369,1.291805841524729,0.2128050353823918,0.05036293713653382,0.5893465793845634
WbWb_6000_2000,WbWb,6000,2000,85,140,0.6,1.2,/eos/uscms/store/user/aji/rootfiles_existingOptimization/WbWb_6000_2000_pt140_ak6_ca12_th85.root,ok,,1000,1000,1.0,0.0,0.095,0.00927227048785787,0.048,0.7335,0.652,0.652,0.348,0.015063067416698366,1938.884456449357,1598.6816478642895,2524.5211033827113,0.9694422282246784,0.7993408239321447,1.2622605516913556,0.23875570626160328,0.05052964630074963,0.5898114834391354
WbWb_6000_2000,WbWb,6000,2000,85,120,0.6,1.2,/eos/uscms/store/user/aji/rootfiles_existingOptimization/WbWb_6000_2000_pt120_ak6_ca12_th85.root,ok,,1000,1000,1.0,0.0,0.081,0.008627803892068943,0.0405,0.735,0.654,0.654,0.346,0.015042739112276061,1947.0204900527056,1621.3903727696,2562.533398925713,0.9735102450263526,0.8106951863848,1.2812666994628563,0.24168801277757385,0.04993829232680885,0.5903369882749385
WbWb_6000_2000,WbWb,6000,2000,85,340,0.8,0.8,/eos/uscms/store/user/aji/rootfiles_existingOptimization/WbWb_6000_2000_pt340_ak8_ca8_th85.root,ok,,1000,1000,1.0,0.0,0.24,0.013505554412907307,0.127,0.7485,0.634,0.634,0.366,0.01523299051401267,1957.5872255468812,1462.9305424717472,2343.4370483713046,0.9787936127734407,0.7314652712358736,1.1717185241856523,0.22489585506300355,0.05375261872443739,0.5930164937856595
WbWb_6000_2000,WbWb,6000,2000,85,160,0.6,1.2,/eos/uscms/store/user/aji/rootfiles_existingOptimization/WbWb_6000_2000_pt160_ak6_ca12_th85.root,ok,,1000,1000,1.0,0.0,0.108,0.009815090422405696,0.055,0.735,0.65,0.65,0.35,0.015083103128998356,1930.0649064228123,1560.728231948329,2486.0832812902736,0.9650324532114063,0.7803641159741646,1.2430416406451366,0.23972122550453484,0.05238053484231606,0.5932179801833941
WbWb_6000_2000,WbWb,6000,2000,85,140,1.0,1.0,/eos/uscms/store/user/aji/rootfiles_existingOptimization/WbWb_6000_2000_pt140_ak10_ca10_th85.root,ok,,1000,1000,1.0,0.0,0.054,0.007147307185227175,0.027,0.7055,0.635,0.635,0.365,0.015224158433227107,2151.215920811812,1874.384168625291,2825.0193945202473,1.075607960405906,0.9371920843126456,1.4125096972601234,0.22095300074206667,0.03942503224600874,0.5935137967826573
WbWb_6000_2000,WbWb,6000,2000,85,260,1.2,1.0,/eos/uscms/store/user/aji/rootfiles_existingOptimization/WbWb_6000_2000_pt260_ak12_ca10_th85.root,ok,,1000,1000,1.0,0.0,0.069,0.008014923580421713,0.036,0.694,0.621,0.621,0.379,0.015341414537127925,2195.6191602736244,1886.460414251882,2787.400165982632,1.0978095801368122,0.943230207125941,1.3937000829913162,0.20516758280121603,0.02731835533172418,0.5939485408148972
WbWb_6000_2000,WbWb,6000,2000,85,200,1.2,1.0,/eos/uscms/store/user/aji/rootfiles_existingOptimization/WbWb_6000_2000_pt200_ak12_ca10_th85.root,ok,,1000,1000,1.0,0.0,0.047,0.006692607862410586,0.024,0.688,0.623,0.623,0.377,0.01532550162311172,2225.837363030693,1940.0780119821914,2855.6148133616543,1.1129186815153465,0.9700390059910957,1.4278074066808273,0.20566120790893527,0.023176362803286478,0.5939530760604699
WbWb_6000_2000,WbWb,6000,2000,85,160,0.8,1.2,/eos/uscms/store/user/aji/rootfiles_existingOptimization/WbWb_6000_2000_pt160_ak8_ca12_th85.root,ok,,1000,1000,1.0,0.0,0.09,0.009049861877399014,0.046,0.716,0.641,0.641,0.359,0.01516967369457893,2013.241806765039,1695.278751951611,2643.5918945716694,1.0066209033825193,0.8476393759758055,1.3217959472858347,0.23551893752490857,0.05045065050983431,0.5951810278631605
WbWb_6000_2000,WbWb,6000,2000,85,140,0.8,1.2,/eos/uscms/store/user/aji/rootfiles_existingOptimization/WbWb_6000_2000_pt140_ak8_ca12_th85.root,ok,,1000,1000,1.0,0.0,0.079,0.008529888627643388,0.0395,0.7135,0.638,0.638,0.362,0.015197236590906913,2023.388649774778,1721.836261161441,2664.113784322492,1.0116943248873889,0.8609181305807204,1.3320568921612461,0.23284639934743526,0.04949321989682061,0.5960158318361741
WbWb_6000_2000,WbWb,6000,2000,85,280,0.8,1.0,/eos/uscms/store/user/aji/rootfiles_existingOptimization/WbWb_6000_2000_pt280_ak8_ca10_th85.root,ok,,1000,1000,1.0,0.0,0.177,0.012069424178476784,0.0925,0.731,0.633,0.633,0.367,0.015241751867813621,1976.7122879874019,1557.6904719760214,2460.6768603030746,0.988356143993701,0.7788452359880107,1.2303384301515372,0.22840612511354205,0.05343695424113236,0.596570510714172
WbWb_6000_2000,WbWb,6000,2000,85,280,1.2,1.0,/eos/uscms/store/user/aji/rootfiles_existingOptimization/WbWb_6000_2000_pt280_ak12_ca10_th85.root,ok,,1000,1000,1.0,0.0,0.076,0.008379976133617566,0.04,0.6925,0.616,0.616,0.384,0.015379986996093333,2188.5056488003565,1867.6381598927753,2775.9986284032666,1.0942528244001783,0.9338190799463877,1.3879993142016331,0.2075298432536408,0.029083981131150433,0.6009551256936586
WbWb_6000_2000,WbWb,6000,2000,85,160,0.4,1.2,/eos/uscms/store/user/aji/rootfiles_existingOptimization/WbWb_6000_2000_pt160_ak4_ca12_th85.root,ok,,1000,1000,1.0,0.0,0.142,0.011037934589405754,0.072,0.7425,0.65,0.65,0.35,0.015083103128998356,1865.7754419777166,1454.6305962976016,2366.885694780844,0.9328877209888584,0.7273152981488009,1.183442847390422,0.24447076479800114,0.058657927675355936,0.6011819926991153
WbWb_6000_2000,WbWb,6000,2000,85,120,0.8,1.2,/eos/uscms/store/user/aji/rootfiles_existingOptimization/WbWb_6000_2000_pt120_ak8_ca12_th85.root,ok,,1000,1000,1.0,0.0,0.068,0.007960904471226871,0.034,0.709,0.631,0.631,0.369,0.015259062880793171,2039.1192719865044,1755.9514884402588,2701.5913975127173,1.0195596359932522,0.8779757442201295,1.3507956987563587,0.23187459460162396,0.04745304724602412,0.6028305582009492
WbWb_6000_2000,WbWb,6000,2000,85,400,1.0,0.8,/eos/uscms/store/user/aji/rootfiles_existingOptimization/WbWb_6000_2000_pt400_ak10_ca8_th85.root,ok,,1000,1000,1.0,0.0,0.169,0.011850696182081457,0.0935,0.747,0.63,0.63,0.37,0.015267612779999367,2027.4705128810233,1421.9236474052937,2370.024567119045,1.0137352564405115,0.7109618237026468,1.1850122835595225,0.23381373827393073,0.036542519225215536,0.6051872639179818
WbWb_6000_2000,WbWb,6000,2000,85,280,0.6,1.0,/eos/uscms/store/user/aji/rootfiles_existingOptimization/WbWb_6000_2000_pt280_ak6_ca10_th85.root,ok,,1000,1000,1.0,0.0,0.202,0.012696298673235441,0.1065,0.7545,0.637,0.637,0.363,0.015206281596761254,1899.0360819938805,1401.0322290306417,2308.7048371122974,0.9495180409969404,0.7005161145153209,1.154352418556149,0.23898245449045152,0.056479586252267316,0.6070306503907574
WbWb_6000_2000,WbWb,6000,2000,85,180,0.8,1.2,/eos/uscms/store/user/aji/rootfiles_existingOptimization/WbWb_6000_2000_pt180_ak8_ca12_th85.root,ok,,1000,1000,1.0,0.0,0.103,0.009612023720320296,0.053,0.7115,0.635,0.635,0.365,0.015224158433227107,2002.609143055312,1654.92974255613,2631.6718338325204,1.001304571527656,0.8274648712780649,1.3158359169162603,0.24386738037813235,0.0520084158822568,0.608997837530898
WbWb_6000_2000,WbWb,6000,2000,85,180,0.6,1.2,/eos/uscms/store/user/aji/rootfiles_existingOptimization/WbWb_6000_2000_pt180_ak6_ca12_th85.root,ok,,1000,1000,1.0,0.0,0.126,0.010493998284733994,0.0645,0.731,0.642,0.642,0.358,0.01516034300403523,1924.2710755488017,1512.3901740200156,2473.4614052007396,0.9621355377744009,0.7561950870100078,1.2367307026003698,0.2497234520106858,0.05523423208187518,0.6115098982332456
WbWb_6000_2000,WbWb,6000,2000,85,300,1.0,1.0,/eos/uscms/store/user/aji/rootfiles_existingOptimization/WbWb_6000_2000_pt300_ak10_ca10_th85.root,ok,,1000,1000,1.0,0.0,0.167,0.01179453263168999,0.087,0.715,0.612,0.612,0.388,0.015409607392792329,2062.9153737006245,1642.2536947414703,2570.658270626845,1.0314576868503125,0.8211268473707352,1.2853291353134226,0.22502245795471665,0.0517928324797569,0.6161682266397479
WbWb_6000_2000,WbWb,6000,2000,85,300,0.8,1.0,/eos/uscms/store/user/aji/rootfiles_existingOptimization/WbWb_6000_2000_pt300_ak8_ca10_th85.root,ok,,1000,1000,1.0,0.0,0.195,0.012528966437819204,0.102,0.7255,0.621,0.621,0.379,0.015341414537127925,1969.7550996772047,1502.3844433084498,2436.630223446884,0.9848775498386023,0.751192221654225,1.218315111723442,0.23714769929813473,0.05377398447643622,0.6176599443142745
WbWb_6000_2000,WbWb,6000,2000,85,380,0.6,0.4,/eos/uscms/store/user/aji/rootfiles_existingOptimization/WbWb_6000_2000_pt380_ak6_ca4_th85.root,ok,,1000,1000,1.0,0.0,0.22,0.013099618315050252,0.1225,0.786,0.657,0.657,0.34299999999999997,0.015011695440555674,1877.5882243376218,1052.2973958140153,2063.305582481654,0.938794112168811,0.5261486979070077,1.0316527912408269,0.26923054095748367,0.028100207764503695,0.6183511297406026
WbWb_6000_2000,WbWb,6000,2000,85,200,0.8,1.2,/eos/uscms/store/user/aji/rootfiles_existingOptimization/WbWb_6000_2000_pt200_ak8_ca12_th85.root,ok,,1000,1000,1.0,0.0,0.119,0.010239091756596383,0.061,0.7085,0.627,0.627,0.373,0.015292841462592882,1997.8941037394493,1626.2733724826485,2606.5010518451745,0.9989470518697245,0.8131366862413242,1.3032505259225873,0.24531522404712006,0.05470728861977205,0.6184205188601476
WbWb_6000_2000,WbWb,6000,2000,85,300,0.4,0.8,/eos/uscms/store/user/aji/rootfiles_existingOptimization/WbWb_6000_2000_pt300_ak4_ca8_th85.root,ok,,1000,1000,1.0,0.0,0.262,0.013905250806799567,0.1395,0.7675,0.635,0.635,0.365,0.015224158433227107,1820.9298919295106,1188.5568567608636,2080.7066572171175,0.9104649459647554,0.5942784283804319,1.040353328608559,0.24497093611630097,0.06163330352695823,0.6189244415198254
WbWb_6000_2000,WbWb,6000,2000,85,180,1.2,1.0,/eos/uscms/store/user/aji/rootfiles_existingOptimization/WbWb_6000_2000_pt180_ak12_ca10_th85.root,ok,,1000,1000,1.0,0.0,0.043,0.006414904519944158,0.0215,0.673,0.609,0.609,0.391,0.015431104950715617,2237.5013162948994,1945.5717969377424,2919.33045489216,1.1187506581474498,0.9727858984688712,1.4596652274460802,0.21759957209028027,0.022890282003097777,0.6204746379050252
WbWb_6000_2000,WbWb,6000,2000,85,320,1.2,1.0,/eos/uscms/store/user/aji/rootfiles_existingOptimization/WbWb_6000_2000_pt320_ak12_ca10_th85.root,ok,,1000,1000,1.0,0.0,0.1,0.009486832980505138,0.053,0.691,0.6,0.6,0.4,0.015491933384829668,2163.4463898123086,1767.2035729905635,2686.9067476944424,1.0817231949061545,0.8836017864952818,1.3434533738472212,0.21255511091810975,0.03243222192146776,0.6207274304087252
WbWb_6000_2000,WbWb,6000,2000,85,300,1.2,1.0,/eos/uscms/store/user/aji/rootfiles_existingOptimization/WbWb_6000_2000_pt300_ak12_ca10_th85.root,ok,,1000,1000,1.0,0.0,0.09,0.009049861877399014,0.0475,0.6875,0.602,0.602,0.398,0.015478888849009803,2175.86928790844,1808.3162993294363,2740.7142789941267,1.0879346439542201,0.9041581496647182,1.3703571394970635,0.2142587297973585,0.03153364376162168,0.6210521941927805
WbWb_6000_2000,WbWb,6000,2000,85,180,1.0,1.2,/eos/uscms/store/user/aji/rootfiles_existingOptimization/WbWb_6000_2000_pt180_ak10_ca12_th85.root,ok,,1000,1000,1.0,0.0,0.085,0.008819013550278738,0.0435,0.69,0.617,0.617,0.383,0.015372410351015223,2115.394843466554,1783.2365157204686,2772.9085414983383,1.0576974217332769,0.8916182578602344,1.3864542707491692,0.23392134778868698,0.050357892963575776,0.6226910899620147
WbWb_6000_2000,WbWb,6000,2000,85,200,1.0,1.2,/eos/uscms/store/user/aji/rootfiles_existingOptimization/WbWb_6000_2000_pt200_ak10_ca12_th85.root,ok,,1000,1000,1.0,0.0,0.104,0.009653186002558949,0.053,0.693,0.613,0.613,0.387,0.015402305022301045,2101.193597961643,1747.9500567968264,2729.02821141896,1.0505967989808216,0.8739750283984132,1.36451410570948,0.23345734433368548,0.05250197695078864,0.6255170242317676
WbWb_6000_2000,WbWb,6000,2000,85,100,0.8,1.2,/eos/uscms/store/user/aji/rootfiles_existingOptimization/WbWb_6000_2000_pt100_ak8_ca12_th85.root,ok,,1000,1000,1.0,0.0,0.056,0.007270763371201128,0.028,0.691,0.614,0.614,0.386,0.015394934231752989,2073.4483382588123,1782.9065498094008,2793.090238144425,1.036724169129406,0.8914532749047004,1.3965451190722122,0.24359991751309565,0.043994783998086394,0.6332723344260363
WbWb_6000_2000,WbWb,6000,2000,85,320,1.0,1.0,/eos/uscms/store/user/aji/rootfiles_existingOptimization/WbWb_6000_2000_pt320_ak10_ca10_th85.root,ok,,1000,1000,1.0,0.0,0.187,0.012330085157856777,0.0975,0.71,0.602,0.602,0.398,0.015478888849009803,2050.8138448007307,1587.2545352287186,2544.781407052811,1.0254069224003652,0.7936272676143593,1.2723907035264055,0.23345046022866386,0.053176255831105856,0.6339911524687004
WbWb_6000_2000,WbWb,6000,2000,85,400,0.8,0.6,/eos/uscms/store/user/aji/rootfiles_existingOptimization/WbWb_6000_2000_pt400_ak8_ca6_th85.root,ok,,1000,1000,1.0,0.0,0.22,0.013099618315050252,0.122,0.7675,0.641,0.641,0.359,0.01516967369457893,1942.5398106807356,1147.6995374798937,2210.1993883315513,0.9712699053403678,0.5738497687399469,1.1050996941657756,0.273482130201316,0.031103836713025985,0.6353551396672792
WbWb_6000_2000,WbWb,6000,2000,85,200,0.6,1.2,/eos/uscms/store/user/aji/rootfiles_existingOptimization/WbWb_6000_2000_pt200_ak6_ca12_th85.root,ok,,1000,1000,1.0,0.0,0.143,0.011070275515993266,0.0735,0.725,0.63,0.63,0.37,0.015267612779999367,1917.0847121904822,1442.4157587136708,2448.17590867953,0.9585423560952411,0.7212078793568354,1.224087954339765,0.2623149993243299,0.05685564221999325,0.6364607637148058
WbWb_6000_2000,WbWb,6000,2000,85,220,1.0,1.2,/eos/uscms/store/user/aji/rootfiles_existingOptimization/WbWb_6000_2000_pt220_ak10_ca12_th85.root,ok,,1000,1000,1.0,0.0,0.118,0.01020176455325254,0.0605,0.687,0.606,0.606,0.394,0.015451990163082553,2092.2469209537203,1718.2916480737026,2722.2636110622366,1.04612346047686,0.8591458240368514,1.3611318055311181,0.23992673927102443,0.05360797787375759,0.6385390853187105
WbWb_6000_2000,WbWb,6000,2000,85,180,0.4,1.2,/eos/uscms/store/user/aji/rootfiles_existingOptimization/WbWb_6000_2000_pt180_ak4_ca12_th85.root,ok,,1000,1000,1.0,0.0,0.164,0.011709141727727102,0.0855,0.7325,0.634,0.634,0.366,0.01523299051401267,1856.5784239962982,1340.4121080700854,2330.7009658761012,0.9282892119981491,0.6702060540350427,1.1653504829380508,0.2666972870648826,0.05947257864692995,0.6398683658650677
WbWb_6000_2000,WbWb,6000,2000,85,160,1.0,1.2,/eos/uscms/store/user/aji/rootfiles_existingOptimization/WbWb_6000_2000_pt160_ak10_ca12_th85.root,ok,,1000,1000,1.0,0.0,0.075,0.008329165624478841,0.0375,0.6805,0.604,0.604,0.396,0.01546557467409472,2125.377021749291,1807.1591132973633,2823.0820150409527,1.0626885108746453,0.9035795566486816,1.4115410075204764,0.23899827921058323,0.04943172849677547,0.6412671302980478
WbWb_6000_2000,WbWb,6000,2000,85,340,1.2,1.0,/eos/uscms/store/user/aji/rootfiles_existingOptimization/WbWb_6000_2000_pt340_ak12_ca10_th85.root,ok,,1000,1000,1.0,0.0,0.111,0.00993373041711924,0.059,0.689,0.591,0.591,0.40900000000000003,0.015547314880711718,2149.798373532559,1689.78965228017,2663.1115497924666,1.0748991867662796,0.844894826140085,1.3315557748962332,0.2263751590603655,0.0384849019988847,0.6428650777369935
WbWb_6000_2000,WbWb,6000,2000,85,360,0.8,0.8,/eos/uscms/store/user/aji/rootfiles_existingOptimization/WbWb_6000_2000_pt360_ak8_ca8_th85.root,ok,,1000,1000,1.0,0.0,0.262,0.013905250806799567,0.14,0.7425,0.617,0.617,0.383,0.015372410351015223,1950.3210578273233,1302.45121145801,2308.5135764810366,0.9751605289136617,0.651225605729005,1.1542567882405184,0.2579222433622775,0.056296499630444266,0.6434061904709113
WbWb_6000_2000,WbWb,6000,2000,85,220,0.8,1.2,/eos/uscms/store/user/aji/rootfiles_existingOptimization/WbWb_6000_2000_pt220_ak8_ca12_th85.root,ok,,1000,1000,1.0,0.0,0.131,0.010669536072388528,0.0675,0.7005,0.616,0.616,0.384,0.015379986996093333,1992.2808521100528,1575.417923870063,2608.917265646298,0.9961404260550264,0.7877089619350316,1.304458632823149,0.2593759159712951,0.055453406349510966,0.6437618733657925
WbWb_6000_2000,WbWb,6000,2000,85,320,0.4,0.6,/eos/uscms/store/user/aji/rootfiles_existingOptimization/WbWb_6000_2000_pt320_ak4_ca6_th85.root,ok,,1000,1000,1.0,0.0,0.272,0.014071815803228808,0.1465,0.7735,0.635,0.635,0.365,0.015224158433227107,1817.054156637831,1064.9167185743258,2047.1170796687175,0.9085270783189154,0.532458359287163,1.0235585398343587,0.2702727261887991,0.06204553260754388,0.6444200183569075
WbWb_6000_2000,WbWb,6000,2000,85,260,0.4,1.0,/eos/uscms/store/user/aji/rootfiles_existingOptimization/WbWb_6000_2000_pt260_ak4_ca10_th85.root,ok,,1000,1000,1.0,0.0,0.231,0.013328128150644412,0.122,0.754,0.632,0.632,0.368,0.015250442616527561,1835.1183032881468,1172.2411401350932,2172.238606011025,0.9175591516440733,0.5861205700675465,1.0861193030055125,0.2724613078307122,0.06078652564210483,0.6487053926663049
WbWb_6000_2000,WbWb,6000,2000,85,320,0.8,1.0,/eos/uscms/store/user/aji/rootfiles_existingOptimization/WbWb_6000_2000_pt320_ak8_ca10_th85.root,ok,,1000,1000,1.0,0.0,0.224,0.013184233007649706,0.117,0.722,0.61,0.61,0.39,0.01542400726140908,1961.5920189849746,1388.3886963585628,2402.877044413523,0.9807960094924872,0.6941943481792815,1.2014385222067614,0.25858800867774395,0.05701300289558088,0.6505084077284953
WbWb_6000_2000,WbWb,6000,2000,85,220,0.6,1.2,/eos/uscms/store/user/aji/rootfiles_existingOptimization/WbWb_6000_2000_pt220_ak6_ca12_th85.root,ok,,1000,1000,1.0,0.0,0.161,0.011622349160131096,0.0825,0.7235,0.621,0.621,0.379,0.015341414537127925,1912.428782038136,1389.6175142780871,2428.6830347692558,0.9562143910190681,0.6948087571390436,1.214341517384628,0.2716612326300077,0.06084902613550115,0.6550397935281009
WbWb_6000_2000,WbWb,6000,2000,85,140,1.0,1.2,/eos/uscms/store/user/aji/rootfiles_existingOptimization/WbWb_6000_2000_pt140_ak10_ca12_th85.root,ok,,1000,1000,1.0,0.0,0.064,0.007739767438366608,0.032,0.667,0.592,0.592,0.40800000000000003,0.015541428505771277,2152.055962907245,1838.2951277605857,2871.577503565053,1.0760279814536224,0.9191475638802928,1.4357887517825267,0.2400686584396697,0.04712550147820531,0.655671456585032
WbWb_6000_2000,WbWb,6000,2000,85,340,1.0,1.0,/eos/uscms/store/user/aji/rootfiles_existingOptimization/WbWb_6000_2000_pt340_ak10_ca10_th85.root,ok,,1000,1000,1.0,0.0,0.21,0.01288021738946979,0.1095,0.7055,0.591,0.591,0.40900000000000003,0.015547314880711718,2043.8143549895804,1495.9429561250543,2525.343091383994,1.02190717749479,0.7479714780625271,1.262671545691997,0.25183308179283925,0.05640223794747698,0.6630237995423183
WbWb_6000_2000,WbWb,6000,2000,85,240,1.0,1.2,/eos/uscms/store/user/aji/rootfiles_existingOptimization/WbWb_6000_2000_pt240_ak10_ca12_th85.root,ok,,1000,1000,1.0,0.0,0.132,0.010704017937204702,0.0675,0.679,0.591,0.591,0.40900000000000003,0.015547314880711718,2084.876594151453,1674.9745774411426,2717.802081316326,1.0424382970757264,0.8374872887205713,1.358901040658163,0.2500933404884847,0.054688137338014337,0.6633371701960573
WbWb_6000_2000,WbWb,6000,2000,85,120,1.0,1.0,/eos/uscms/store/user/aji/rootfiles_existingOptimization/WbWb_6000_2000_pt120_ak10_ca10_th85.root,ok,,1000,1000,1.0,0.0,0.048,0.006759881655768835,0.024,0.665,0.599,0.599,0.401,0.015498354751392161,2179.109014019701,1890.6617418691246,2995.901501052782,1.0895545070098505,0.9453308709345624,1.497950750526391,0.2535990058489256,0.03815070452738279,0.6635544565499106
WbWb_6000_2000,WbWb,6000,2000,85,240,0.8,1.2,/eos/uscms/store/user/aji/rootfiles_existingOptimization/WbWb_6000_2000_pt240_ak8_ca12_th85.root,ok,,1000,1000,1.0,0.0,0.145,0.01113440613593738,0.075,0.6955,0.607,0.607,0.393,0.015445096309184997,1985.0507037110162,1510.6081066237662,2587.4816966236613,0.9925253518555082,0.7553040533118831,1.2937408483118307,0.2712458649007553,0.057668734441307073,0.6649933297152045
WbWb_6000_2000,WbWb,6000,2000,85,360,1.2,1.0,/eos/uscms/store/user/aji/rootfiles_existingOptimization/WbWb_6000_2000_pt360_ak12_ca10_th85.root,ok,,1000,1000,1.0,0.0,0.121,0.010313049985334114,0.0645,0.682,0.577,0.577,0.42300000000000004,0.015622771841129857,2143.922160515943,1626.6021019279954,2650.254931579632,1.0719610802579713,0.8133010509639977,1.325127465789816,0.23873367431523043,0.04007934366224866,0.6689297823410276
WbWb_6000_2000,WbWb,6000,2000,85,220,1.2,1.2,/eos/uscms/store/user/aji/rootfiles_existingOptimization/WbWb_6000_2000_pt220_ak12_ca12_th85.root,ok,,1000,1000,1.0,0.0,0.092,0.00913980306133562,0.0465,0.6485,0.566,0.566,0.43400000000000005,0.015673034167001616,2211.766298309307,1859.8142673706282,2859.2135779159084,1.1058831491546535,0.9299071336853141,1.4296067889579542,0.22592787296497593,0.04886346568368023,0.6705161878804413
WbWb_6000_2000,WbWb,6000,2000,85,260,1.0,1.2,/eos/uscms/store/user/aji/rootfiles_existingOptimization/WbWb_6000_2000_pt260_ak10_ca12_th85.root,ok,,1000,1000,1.0,0.0,0.14,0.010972693379476163,0.072,0.6795,0.589,0.589,0.41100000000000003,0.015558888135082147,2078.960573565142,1632.1191168953949,2704.5135517511494,1.039480286782571,0.8160595584476975,1.3522567758755746,0.2579160106477488,0.05501371077073457,0.6728640393260059
WbWb_6000_2000,WbWb,6000,2000,85,200,1.2,1.2,/eos/uscms/store/user/aji/rootfiles_existingOptimization/WbWb_6000_2000_pt200_ak12_ca12_th85.root,ok,,1000,1000,1.0,0.0,0.072,0.008174105455644672,0.0365,0.643,0.566,0.566,0.43400000000000005,0.015673034167001616,2229.264203139993,1897.8553553778593,2918.4060327379716,1.1146321015699963,0.9489276776889296,1.4592030163689858,0.22889854776356988,0.04731297093168242,0.6743617579205696
WbWb_6000_2000,WbWb,6000,2000,85,160,1.2,1.0,/eos/uscms/store/user/aji/rootfiles_existingOptimization/WbWb_6000_2000_pt160_ak12_ca10_th85.root,ok,,1000,1000,1.0,0.0,0.039,0.006122009474020765,0.0195,0.6425,0.579,0.579,0.42100000000000004,0.015612783224012303,2266.102804541634,1959.2555458644717,3048.2681708793216,1.1330514022708171,0.9796277729322359,1.5241340854396608,0.24028314664989897,0.02076565128068183,0.6745882868769808
WbWb_6000_2000,WbWb,6000,2000,85,100,0.4,1.4,/eos/uscms/store/user/aji/rootfiles_existingOptimization/WbWb_6000_2000_pt100_ak4_ca14_th85.root,ok,,1000,1000,1.0,0.0,0.102,0.009570579919733181,0.0515,0.713,0.617,0.617,0.383,0.015372410351015223,1883.8436971733713,1427.0658175909834,2508.0205421631786,0.9419218485866857,0.7135329087954918,1.2540102710815895,0.28690138311212404,0.06689949748492259,0.6757091982534555
WbWb_6000_2000,WbWb,6000,2000,85,240,1.2,1.2,/eos/uscms/store/user/aji/rootfiles_existingOptimization/WbWb_6000_2000_pt240_ak12_ca12_th85.root,ok,,1000,1000,1.0,0.0,0.102,0.009570579919733181,0.0525,0.65,0.565,0.565,0.43500000000000005,0.015677212762477903,2199.8928587587116,1812.5525417677393,2841.2631801490825,1.0999464293793557,0.9062762708838695,1.4206315900745414,0.23380925900223007,0.05091203813222946,0.6788039019401657
WbWb_6000_2000,WbWb,6000,2000,85,240,0.6,1.2,/eos/uscms/store/user/aji/rootfiles_existingOptimization/WbWb_6000_2000_pt240_ak6_ca12_th85.root,ok,,1000,1000,1.0,0.0,0.174,0.011988494484296182,0.0895,0.7205,0.611,0.611,0.389,0.015416841440450765,1906.742953582612,1312.735858964063,2411.9846175418093,0.953371476791306,0.6563679294820316,1.2059923087709046,0.2882530014106906,0.06226735100168335,0.6819158537315599
WbWb_6000_2000,WbWb,6000,2000,85,100,0.6,1.4,/eos/uscms/store/user/aji/rootfiles_existingOptimization/WbWb_6000_2000_pt100_ak6_ca14_th85.root,ok,,1000,1000,1.0,0.0,0.083,0.008724161850859944,0.0415,0.6895,0.598,0.598,0.402,0.015504708962118573,1957.0310567157478,1549.0497441163054,2638.13281099094,0.9785155283578739,0.7745248720581527,1.31906640549547,0.2782487950657035,0.061030389105949774,0.682397242229916
WbWb_6000_2000,WbWb,6000,2000,85,260,1.2,1.2,/eos/uscms/store/user/aji/rootfiles_existingOptimization/WbWb_6000_2000_pt260_ak12_ca12_th85.root,ok,,1000,1000,1.0,0.0,0.109,0.00985489725973843,0.056,0.652,0.563,0.563,0.43700000000000006,0.01568537535413163,2190.9443366578744,1781.6961037050999,2817.759982636039,1.095472168328937,0.89084805185255,1.4088799913180194,0.23644230973740274,0.052789510391169,0.6829895265702965
WbWb_6000_2000,WbWb,6000,2000,85,360,0.6,0.6,/eos/uscms/store/user/aji/rootfiles_existingOptimization/WbWb_6000_2000_pt360_ak6_ca6_th85.root,ok,,1000,1000,1.0,0.0,0.28,0.014198591479439079,0.151,0.7715,0.63,0.63,0.37,0.015267612779999367,1875.9324346995168,986.3315611932045,2149.0864609412056,0.9379662173497585,0.49316578059660227,1.0745432304706026,0.30991385356963785,0.05933207115130078,0.686117231834662
WbWb_6000_2000,WbWb,6000,2000,85,300,0.6,1.0,/eos/uscms/store/user/aji/rootfiles_existingOptimization/WbWb_6000_2000_pt300_ak6_ca10_th85.root,ok,,1000,1000,1.0,0.0,0.23,0.013307892395116516,0.1205,0.745,0.62,0.62,0.38,0.015349267083479915,1892.2722022836952,1138.9679084214922,2286.499010426603,0.9461361011418477,0.5694839542107462,1.1432495052133016,0.3032151242881994,0.06139079516916486,0.6886015141740147
WbWb_6000_2000,WbWb,6000,2000,85,120,0.4,1.4,/eos/uscms/store/user/aji/rootfiles_existingOptimization/WbWb_6000_2000_pt120_ak4_ca14_th85.root,ok,,1000,1000,1.0,0.0,0.116,0.010126401137620413,0.0585,0.708,0.611,0.611,0.389,0.015416841440450765,1875.2359315138851,1370.1725320873315,2477.8295572372626,0.9376179657569426,0.6850862660436658,1.2389147786186314,0.2953380442789712,0.06917061878833272,0.690576247703277
WbWb_6000_2000,WbWb,6000,2000,85,400,0.6,0.4,/eos/uscms/store/user/aji/rootfiles_existingOptimization/WbWb_6000_2000_pt400_ak6_ca4_th85.root,ok,,1000,1000,1.0,0.0,0.234,0.013388203763014663,0.1335,0.774,0.639,0.639,0.361,0.01518812035770062,1873.5283667485896,832.7149315775811,2044.57392420893,0.9367641833742948,0.41635746578879057,1.022286962104465,0.3234162380830312,0.03096920268103645,0.6907398197456017
WbWb_6000_2000,WbWb,6000,2000,85,340,0.6,0.8,/eos/uscms/store/user/aji/rootfiles_existingOptimization/WbWb_6000_2000_pt340_ak6_ca8_th85.root,ok,,1000,1000,1.0,0.0,0.272,0.014071815803228808,0.1455,0.7585,0.622,0.622,0.378,0.015333492752794452,1881.1506956135063,1035.472427815468,2197.1599512333933,0.9405753478067532,0.517736213907734,1.0985799756166967,0.30877045792417496,0.06139079516916486,0.6927129231434996
WbWb_6000_2000,WbWb,6000,2000,85,120,0.6,1.4,/eos/uscms/store/user/aji/rootfiles_existingOptimization/WbWb_6000_2000_pt120_ak6_ca14_th85.root,ok,,1000,1000,1.0,0.0,0.089,0.00900438781928011,0.0445,0.6875,0.597,0.597,0.403,0.01551099609954177,1943.548533866824,1505.6976126577447,2622.550465922543,0.971774266933412,0.7528488063288724,1.3112752329612716,0.2873231189762837,0.060659300614227654,0.6931456922829425
WbWb_6000_2000,WbWb,6000,2000,85,200,0.4,1.2,/eos/uscms/store/user/aji/rootfiles_existingOptimization/WbWb_6000_2000_pt200_ak4_ca12_th85.root,ok,,1000,1000,1.0,0.0,0.183,0.012227469075814503,0.096,0.728,0.616,0.616,0.384,0.015379986996093333,1847.6839884427382,1186.6160936754748,2301.319265781875,0.923841994221369,0.5933080468377374,1.1506596328909375,0.30164876111901917,0.06514226907590082,0.6932645616968822
WbWb_6000_2000,WbWb,6000,2000,85,280,1.2,1.2,/eos/uscms/store/user/aji/rootfiles_existingOptimization/WbWb_6000_2000_pt280_ak12_ca12_th85.root,ok,,1000,1000,1.0,0.0,0.119,0.010239091756596383,0.0615,0.65,0.557,0.557,0.44299999999999995,0.015708309902723462,2183.69302014173,1743.646839843582,2804.0446298572783,1.091846510070865,0.871823419921791,1.4020223149286393,0.2427991893166542,0.0535157152794629,0.6949838403237406
WbWb_6000_2000,WbWb,6000,2000,85,340,0.4,0.4,/eos/uscms/store/user/aji/rootfiles_existingOptimization/WbWb_6000_2000_pt340_ak4_ca4_th85.root,ok,,1000,1000,1.0,0.0,0.278,0.01416742743055351,0.1525,0.775,0.631,0.631,0.369,0.015259062880793171,1806.8072544195754,857.5537010618798,2004.6802329977315,0.9034036272097877,0.4287768505309399,1.0023401164988657,0.3174457400284122,0.06262601665910383,0.6961053773074335
WbWb_6000_2000,WbWb,6000,2000,85,280,1.0,1.2,/eos/uscms/store/user/aji/rootfiles_existingOptimization/WbWb_6000_2000_pt280_ak10_ca12_th85.root,ok,,1000,1000,1.0,0.0,0.166,0.011766222843376714,0.0855,0.6755,0.577,0.577,0.42300000000000004,0.015622771841129857,2070.548987914174,1552.0885126085232,2676.5378963625312,1.0352744939570873,0.7760442563042615,1.3382689481812655,0.2715341173566614,0.05730651568614358,0.6980615667523702
WbWb_6000_2000,WbWb,6000,2000,85,260,0.8,1.2,/eos/uscms/store/user/aji/rootfiles_existingOptimization/WbWb_6000_2000_pt260_ak8_ca12_th85.root,ok,,1000,1000,1.0,0.0,0.17,0.011878552100319299,0.088,0.691,0.591,0.591,0.40900000000000003,0.015547314880711718,1978.982539878401,1415.2621768870981,2563.29421782275,0.9894912699392006,0.7076310884435492,1.2816471089113748,0.2900561318257493,0.05941115141942902,0.7001070048318292
WbWb_6000_2000,WbWb,6000,2000,85,180,1.2,1.2,/eos/uscms/store/user/aji/rootfiles_existingOptimization/WbWb_6000_2000_pt180_ak12_ca12_th85.root,ok,,1000,1000,1.0,0.0,0.066,0.007851369307324678,0.033,0.6305,0.554,0.554,0.44599999999999995,0.01571890581433708,2239.0862528493267,1907.9301427890055,2994.9111251363643,1.1195431264246634,0.9539650713945028,1.497455562568182,0.2427286981383883,0.04610232269361231,0.7006830107808546
WbWb_6000_2000,WbWb,6000,2000,85,140,0.8,1.4,/eos/uscms/store/user/aji/rootfiles_existingOptimization/WbWb_6000_2000_pt140_ak8_ca14_th85.root,ok,,1000,1000,1.0,0.0,0.087,0.00891240708226459,0.0435,0.66,0.574,0.574,0.42600000000000005,0.015637263187655313,2017.2245109257237,1598.8468867978206,2727.062434164033,1.0086122554628618,0.7994234433989102,1.3635312170820166,0.27964550828515955,0.05952324327717033,0.7065067338314458
WbWb_6000_2000,WbWb,6000,2000,85,160,0.8,1.4,/eos/uscms/store/user/aji/rootfiles_existingOptimization/WbWb_6000_2000_pt160_ak8_ca14_th85.root,ok,,1000,1000,1.0,0.0,0.1,0.009486832980505138,0.051,0.666,0.58,0.58,0.42000000000000004,0.015607690412101338,2006.4330635939093,1533.7438026646703,2699.0056350053023,1.0032165317969546,0.7668719013323351,1.349502817502651,0.290381436959931,0.059357583529399634,0.7107030901396265
WbWb_6000_2000,WbWb,6000,2000,85,140,0.6,1.4,/eos/uscms/store/user/aji/rootfiles_existingOptimization/WbWb_6000_2000_pt140_ak6_ca14_th85.root,ok,,1000,1000,1.0,0.0,0.103,0.009612023720320296,0.052,0.6855,0.593,0.593,0.40700000000000003,0.015535475531827148,1933.2844155602156,1414.7585712039877,2582.152243337946,0.9666422077801078,0.7073792856019938,1.291076121668973,0.30191979585054435,0.0627978587761677,0.7122555750725337
WbWb_6000_2000,WbWb,6000,2000,85,120,0.8,1.4,/eos/uscms/store/user/aji/rootfiles_existingOptimization/WbWb_6000_2000_pt120_ak8_ca14_th85.root,ok,,1000,1000,1.0,0.0,0.077,0.00843036179532053,0.0385,0.655,0.565,0.565,0.43500000000000005,0.015677212762477903,2035.5336099159315,1649.020897382822,2773.0995405382882,1.0177668049579656,0.824510448691411,1.386549770269144,0.2761139972534994,0.059288292918306465,0.712890677749296
WbWb_6000_2000,WbWb,6000,2000,85,260,1.4,1.2,/eos/uscms/store/user/aji/rootfiles_existingOptimization/WbWb_6000_2000_pt260_ak14_ca12_th85.root,ok,,1000,1000,1.0,0.0,0.04,0.0061967733539318665,0.0205,0.5975,0.516,0.516,0.484,0.015803290796539814,2336.7324639927792,1914.9461865093704,2940.3100351516464,1.1683662319963897,0.9574730932546851,1.4701550175758233,0.21940120754992962,0.0361777251359868,0.7202378307495686
WbWb_6000_2000,WbWb,6000,2000,85,140,0.4,1.4,/eos/uscms/store/user/aji/rootfiles_existingOptimization/WbWb_6000_2000_pt140_ak4_ca14_th85.root,ok,,1000,1000,1.0,0.0,0.133,0.010738295954200556,0.0675,0.6995,0.602,0.602,0.398,0.015478888849009803,1867.6849215763543,1269.5294716788812,2463.8616503451485,0.9338424607881772,0.6347647358394406,1.2319308251725742,0.31973599103060507,0.0700499988325319,0.7243517449517873
WbWb_6000_2000,WbWb,6000,2000,85,180,1.0,1.4,/eos/uscms/store/user/aji/rootfiles_existingOptimization/WbWb_6000_2000_pt180_ak10_ca14_th85.root,ok,,1000,1000,1.0,0.0,0.094,0.009228434320078352,0.048,0.6415,0.558,0.558,0.44199999999999995,0.01570464899321217,2110.405707554611,1640.0430750711976,2824.6438592183727,1.0552028537773057,0.8200215375355988,1.4123219296091862,0.2806571219710655,0.057359832833894286,0.7281774073487961
WbWb_6000_2000,WbWb,6000,2000,85,280,1.4,1.2,/eos/uscms/store/user/aji/rootfiles_existingOptimization/WbWb_6000_2000_pt280_ak14_ca12_th85.root,ok,,1000,1000,1.0,0.0,0.043,0.006414904519944158,0.022,0.6,0.516,0.516,0.484,0.015803290796539814,2320.5311286638025,1864.726106929299,2925.0330301400268,1.1602655643319015,0.9323630534646495,1.4625165150700135,0.2284621201830782,0.0369863351781948,0.7284886766162684
WbWb_6000_2000,WbWb,6000,2000,85,220,0.4,1.2,/eos/uscms/store/user/aji/rootfiles_existingOptimization/WbWb_6000_2000_pt220_ak4_ca12_th85.root,ok,,1000,1000,1.0,0.0,0.198,0.012601428490452978,0.104,0.728,0.611,0.611,0.389,0.015416841440450765,1842.2027179338663,1047.5238996532933,2269.357480697879,0.9211013589669331,0.5237619498266466,1.1346787403489393,0.33162299923619165,0.06640778370248338,0.7285128633394984
WbWb_6000_2000,WbWb,6000,2000,85,180,0.8,1.4,/eos/uscms/store/user/aji/rootfiles_existingOptimization/WbWb_6000_2000_pt180_ak8_ca14_th85.root,ok,,1000,1000,1.0,0.0,0.113,0.01001154333756789,0.058,0.662,0.576,0.576,0.42400000000000004,0.015627667772255716,1999.7731206246485,1464.0400498842428,2682.860381169669,0.9998865603123243,0.7320200249421215,1.3414301905848345,0.3047396523923463,0.06068930853257231,0.7287509963611138
WbWb_6000_2000,WbWb,6000,2000,85,120,1.0,1.2,/eos/uscms/store/user/aji/rootfiles_existingOptimization/WbWb_6000_2000_pt120_ak10_ca12_th85.root,ok,,1000,1000,1.0,0.0,0.057,0.007331507348424334,0.0285,0.6265,0.555,0.555,0.44499999999999995,0.01571543826942157,2184.896793629701,1864.6636779654582,3070.738172161323,1.0924483968148504,0.932331838982729,1.5353690860806615,0.27600262349057025,0.045626794838600146,0.7302474631720552
WbWb_6000_2000,WbWb,6000,2000,85,300,1.2,1.2,/eos/uscms/store/user/aji/rootfiles_existingOptimization/WbWb_6000_2000_pt300_ak12_ca12_th85.root,ok,,1000,1000,1.0,0.0,0.141,0.011005407761641547,0.073,0.6455,0.544,0.544,0.45599999999999996,0.01575004761897563,2170.102383054228,1621.2140723782359,2780.2047941391256,1.0850511915271142,0.810607036189118,1.390102397069563,0.26703595434278826,0.05533176133067332,0.7315410734954997
WbWb_6000_2000,WbWb,6000,2000,85,240,1.4,1.2,/eos/uscms/store/user/aji/rootfiles_existingOptimization/WbWb_6000_2000_pt240_ak14_ca12_th85.root,ok,,1000,1000,1.0,0.0,0.038,0.006046155803483731,0.0195,0.5865,0.509,0.509,0.491,0.015808826648426505,2348.805179308016,1942.483252605773,2997.8898303744213,1.174402589654008,0.9712416263028865,1.4989449151872107,0.22466882035733227,0.03390928982730221,0.7331090793227331
WbWb_6000_2000,WbWb,6000,2000,85,160,0.6,1.4,/eos/uscms/store/user/aji/rootfiles_existingOptimization/WbWb_6000_2000_pt160_ak6_ca14_th85.root,ok,,1000,1000,1.0,0.0,0.117,0.010164201887015036,0.0595,0.6825,0.586,0.586,0.41400000000000003,0.015575750383207868,1924.0518734928814,1346.0642057895507,2563.1685225855513,0.9620259367464407,0.6730321028947752,1.2815842612927757,0.31628677312802816,0.06514652266977466,0.7340841794533841
WbWb_6000_2000,WbWb,6000,2000,85,220,1.4,1.2,/eos/uscms/store/user/aji/rootfiles_existingOptimization/WbWb_6000_2000_pt220_ak14_ca12_th85.root,ok,,1000,1000,1.0,0.0,0.032,0.005565608681896348,0.016,0.583,0.505,0.505,0.495,0.01581059771166163,2361.748133548076,1975.588826123342,3031.907839616254,1.180874066774038,0.987794413061671,1.5159539198081269,0.22363075013972677,0.03214047724853793,0.7367181568171306
WbWb_6000_2000,WbWb,6000,2000,85,100,0.8,1.4,/eos/uscms/store/user/aji/rootfiles_existingOptimization/WbWb_6000_2000_pt100_ak8_ca14_th85.root,ok,,1000,1000,1.0,0.0,0.064,0.007739767438366608,0.032,0.6425,0.555,0.555,0.44499999999999995,0.01571543826942157,2063.0090089999026,1678.6452150802043,2869.837231141762,1.0315045044999511,0.8393226075401021,1.434918615570881,0.2887025725202769,0.05713288931686775,0.736853022970272
WbWb_6000_2000,WbWb,6000,2000,85,160,1.0,1.4,/eos/uscms/store/user/aji/rootfiles_existingOptimization/WbWb_6000_2000_pt160_ak10_ca14_th85.root,ok,,1000,1000,1.0,0.0,0.082,0.008676174272108648,0.041,0.632,0.546,0.546,0.45399999999999996,0.015744332313566048,2121.2109591885883,1691.7845523919568,2875.5463120241357,1.0606054795942943,0.8458922761959784,1.437773156012068,0.279029710483156,0.056716956645068706,0.7390902584425854
WbWb_6000_2000,WbWb,6000,2000,85,300,1.0,1.2,/eos/uscms/store/user/aji/rootfiles_existingOptimization/WbWb_6000_2000_pt300_ak10_ca12_th85.root,ok,,1000,1000,1.0,0.0,0.184,0.012253326079069307,0.0955,0.67,0.563,0.563,0.43700000000000006,0.01568537535413163,2062.3826722919225,1413.6088378784548,2649.7465791462887,1.0311913361459613,0.7068044189392274,1.3248732895731443,0.29968680349076926,0.06037025928272986,0.7398059371053655
WbWb_6000_2000,WbWb,6000,2000,85,260,0.6,1.2,/eos/uscms/store/user/aji/rootfiles_existingOptimization/WbWb_6000_2000_pt260_ak6_ca12_th85.root,ok,,1000,1000,1.0,0.0,0.192,0.012455360291858283,0.099,0.713,0.596,0.596,0.404,0.015517216245190372,1902.6642795175378,1123.3023944066206,2396.618867078041,0.9513321397587688,0.5616511972033102,1.1983094335390208,0.3346140689082307,0.06594171430037367,0.7434808549323538
WbWb_6000_2000,WbWb,6000,2000,85,380,1.2,1.0,/eos/uscms/store/user/aji/rootfiles_existingOptimization/WbWb_6000_2000_pt380_ak12_ca10_th85.root,ok,,1000,1000,1.0,0.0,0.131,0.010669536072388528,0.0695,0.674,0.559,0.559,0.44099999999999995,0.015700923539715746,2133.5972778731402,1349.8248563715415,2619.986459832886,1.06679863893657,0.6749124281857708,1.309993229916443,0.2976572984587549,0.04280592431013684,0.7453371623524119
WbWb_6000_2000,WbWb,6000,2000,85,300,1.4,1.2,/eos/uscms/store/user/aji/rootfiles_existingOptimization/WbWb_6000_2000_pt300_ak14_ca12_th85.root,ok,,1000,1000,1.0,0.0,0.051,0.00695693898205238,0.0265,0.5995,0.507,0.507,0.493,0.015809838708854686,2307.4011820255237,1810.995277625292,2907.0239396559996,1.1537005910127618,0.9054976388126459,1.453511969828,0.23750283881465573,0.03835737387207398,0.7458728979159319
WbWb_6000_2000,WbWb,6000,2000,85,200,1.0,1.4,/eos/uscms/store/user/aji/rootfiles_existingOptimization/WbWb_6000_2000_pt200_ak10_ca14_th85.root,ok,,1000,1000,1.0,0.0,0.113,0.01001154333756789,0.0575,0.644,0.553,0.553,0.44699999999999995,0.01572230899073034,2094.1168552444965,1560.240214507343,2793.6757733518702,1.047058427622248,0.7801201072536714,1.396837886675935,0.29450017456177696,0.061416281653887655,0.7462060173240017
WbWb_6000_2000,WbWb,6000,2000,85,160,1.2,1.2,/eos/uscms/store/user/aji/rootfiles_existingOptimization/WbWb_6000_2000_pt160_ak12_ca12_th85.root,ok,,1000,1000,1.0,0.0,0.059,0.007451107300260815,0.0295,0.603,0.525,0.525,0.475,0.015791611697353755,2267.452597846653,1931.6943708131614,3101.7810338816575,1.1337262989233265,0.9658471854065808,1.5508905169408287,0.2580178884841297,0.04487956793913413,0.7463905183764623
WbWb_6000_2000,WbWb,6000,2000,85,280,0.8,1.2,/eos/uscms/store/user/aji/rootfiles_existingOptimization/WbWb_6000_2000_pt280_ak8_ca12_th85.root,ok,,1000,1000,1.0,0.0,0.19,0.012405643876881199,0.099,0.6865,0.58,0.58,0.42000000000000004,0.015607690412101338,1974.5583047739397,1256.4763365706165,2547.8988561847605,0.9872791523869697,0.6282381682853083,1.2739494280923802,0.32701554481623535,0.06102266820836247,0.7482876295775385
WbWb_6000_2000,WbWb,6000,2000,85,140,1.0,1.4,/eos/uscms/store/user/aji/rootfiles_existingOptimization/WbWb_6000_2000_pt140_ak10_ca14_th85.root,ok,,1000,1000,1.0,0.0,0.072,0.008174105455644672,0.036,0.622,0.536,0.536,0.46399999999999997,0.015770351930125083,2148.0569001737445,1748.4098083166168,2939.3062167029457,1.0740284500868722,0.8742049041583083,1.4696531083514728,0.27720318029983376,0.055578231648190694,0.7486060253085209
WbWb_6000_2000,WbWb,6000,2000,85,380,0.8,0.8,/eos/uscms/store/user/aji/rootfiles_existingOptimization/WbWb_6000_2000_pt380_ak8_ca8_th85.root,ok,,1000,1000,1.0,0.0,0.282,0.014229406171727617,0.151,0.7385,0.604,0.604,0.396,0.01546557467409472,1945.280051509782,888.6369607393764,2283.7494426151934,0.9726400257548908,0.4443184803696882,1.1418747213075968,0.35858910926296567,0.05879556172460547,0.7573251066874767
WbWb_6000_2000,WbWb,6000,2000,85,200,0.8,1.4,/eos/uscms/store/user/aji/rootfiles_existingOptimization/WbWb_6000_2000_pt200_ak8_ca14_th85.root,ok,,1000,1000,1.0,0.0,0.128,0.010564847372300274,0.0655,0.6575,0.565,0.565,0.43500000000000005,0.015677212762477903,1994.0820912878805,1381.8393535938837,2670.98298197682,0.9970410456439402,0.6909196767969419,1.33549149098841,0.3232423665041646,0.0669845184919142,0.7585382619397707
WbWb_6000_2000,WbWb,6000,2000,85,200,1.4,1.2,/eos/uscms/store/user/aji/rootfiles_existingOptimization/WbWb_6000_2000_pt200_ak14_ca12_th85.root,ok,,1000,1000,1.0,0.0,0.025,0.0049371044145328745,0.0125,0.5745,0.497,0.497,0.503,0.01581110369329099,2379.0986391793344,1993.496156522152,3132.3199735947946,1.1895493195896671,0.996748078261076,1.5661599867973972,0.23933934438831792,0.031363459794866225,0.7612942763472846
WbWb_6000_2000,WbWb,6000,2000,85,180,0.6,1.4,/eos/uscms/store/user/aji/rootfiles_existingOptimization/WbWb_6000_2000_pt180_ak6_ca14_th85.root,ok,,1000,1000,1.0,0.0,0.133,0.010738295954200556,0.068,0.6765,0.575,0.575,0.42500000000000004,0.015632498200863484,1918.2865684037165,1269.6378059971314,2545.669518196703,0.9591432842018581,0.6348189029985658,1.2728347590983515,0.33259673846890586,0.06932536268934175,0.7616824100487201
WbWb_6000_2000,WbWb,6000,2000,85,280,0.4,1.0,/eos/uscms/store/user/aji/rootfiles_existingOptimization/WbWb_6000_2000_pt280_ak4_ca10_th85.root,ok,,1000,1000,1.0,0.0,0.26,0.013870832707519763,0.1375,0.738,0.606,0.606,0.394,0.015451990163082553,1826.5987655194021,835.8319576674062,2156.365159177605,0.9132993827597011,0.41791597883370313,1.0781825795888025,0.3614732546736115,0.06592673768646362,0.7641433163976414
WbWb_6000_2000,WbWb,6000,2000,85,220,1.0,1.4,/eos/uscms/store/user/aji/rootfiles_existingOptimization/WbWb_6000_2000_pt220_ak10_ca14_th85.root,ok,,1000,1000,1.0,0.0,0.125,0.010458250331675944,0.064,0.6385,0.545,0.545,0.45499999999999996,0.015747221977225064,2085.503917731986,1506.7690768903894,2786.4143093832595,1.0427519588659928,0.7533845384451947,1.3932071546916298,0.30679521184609,0.06408803332660962,0.7660704077326892
WbWb_6000_2000,WbWb,6000,2000,85,320,1.4,1.2,/eos/uscms/store/user/aji/rootfiles_existingOptimization/WbWb_6000_2000_pt320_ak14_ca12_th85.root,ok,,1000,1000,1.0,0.0,0.056,0.007270763371201128,0.0295,0.5975,0.5,0.5,0.5,0.015811388300841896,2300.3005455497414,1723.5110992222671,2882.7443747359985,1.1501502727748707,0.8617555496111335,1.4413721873679992,0.2519743078260867,0.03997814765249955,0.7669893351035737
WbWb_6000_2000,WbWb,6000,2000,85,400,1.2,1.0,/eos/uscms/store/user/aji/rootfiles_existingOptimization/WbWb_6000_2000_pt400_ak12_ca10_th85.root,ok,,1000,1000,1.0,0.0,0.134,0.010772372069326236,0.073,0.674,0.557,0.557,0.44299999999999995,0.015708309902723462,2124.2766216546624,1230.57148812442,2583.0464236326357,1.0621383108273315,0.61528574406221,1.2915232118163178,0.31833776301099903,0.04400371326302788,0.7675515940937321
WbWb_6000_2000,WbWb,6000,2000,85,320,0.4,0.8,/eos/uscms/store/user/aji/rootfiles_existingOptimization/WbWb_6000_2000_pt320_ak4_ca8_th85.root,ok,,1000,1000,1.0,0.0,0.289,0.0143345387090063,0.155,0.754,0.613,0.613,0.387,0.015402305022301045,1813.9572920010007,715.1633381380793,2066.2691374472147,0.9069786460005003,0.35758166906903965,1.0331345687236073,0.3724194073551513,0.06708273048287008,0.7687215427551013
WbWb_6000_2000,WbWb,6000,2000,85,160,0.4,1.4,/eos/uscms/store/user/aji/rootfiles_existingOptimization/WbWb_6000_2000_pt160_ak4_ca14_th85.root,ok,,1000,1000,1.0,0.0,0.15,0.011291589790636216,0.076,0.688,0.586,0.586,0.41400000000000003,0.015575750383207868,1860.9679871583937,1151.2015453769875,2457.365613931886,0.9304839935791969,0.5756007726884937,1.228682806965943,0.35093673764623606,0.07246581195215657,0.7718883382883164
WbWb_6000_2000,WbWb,6000,2000,85,140,1.2,1.0,/eos/uscms/store/user/aji/rootfiles_existingOptimization/WbWb_6000_2000_pt140_ak12_ca10_th85.root,ok,,1000,1000,1.0,0.0,0.032,0.005565608681896348,0.016,0.606,0.547,0.547,0.45299999999999996,0.015741378592740853,2303.8781871167484,1981.8734625860402,3382.4100984604734,1.1519390935583742,0.9909367312930202,1.6912050492302366,0.3039519718764239,0.018870357656928443,0.7721458812322612
WbWb_6000_2000,WbWb,6000,2000,85,240,0.4,1.2,/eos/uscms/store/user/aji/rootfiles_existingOptimization/WbWb_6000_2000_pt240_ak4_ca12_th85.root,ok,,1000,1000,1.0,0.0,0.218,0.0130566458173606,0.1145,0.7215,0.596,0.596,0.404,0.015517216245190372,1837.2607036167992,932.1305361011742,2256.2228178793644,0.9186303518083996,0.4660652680505871,1.1281114089396822,0.3603441469062081,0.0718713827613407,0.7724811117253682
WbWb_6000_2000,WbWb,6000,2000,85,320,1.2,1.2,/eos/uscms/store/user/aji/rootfiles_existingOptimization/WbWb_6000_2000_pt320_ak12_ca12_th85.root,ok,,1000,1000,1.0,0.0,0.152,0.011353237423748346,0.079,0.647,0.54,0.54,0.45999999999999996,0.015760710643876435,2157.898484687941,1425.6700551645515,2744.81726137367,1.0789492423439704,0.7128350275822757,1.3724086306868353,0.3056555291107414,0.056306180254440986,0.7735504533451384
WbWb_6000_2000,WbWb,6000,2000,85,220,1.2,1.4,/eos/uscms/store/user/aji/rootfiles_existingOptimization/WbWb_6000_2000_pt220_ak12_ca14_th85.root,ok,,1000,1000,1.0,0.0,0.101,0.009528850927577786,0.051,0.611,0.516,0.516,0.484,0.015803290796539814,2206.888064129157,1707.366999676112,2940.538909526187,1.1034440320645786,0.853683499838056,1.4702694547630935,0.27939158534909364,0.06237178014357201,0.7737359885555515
WbWb_6000_2000,WbWb,6000,2000,85,200,1.2,1.4,/eos/uscms/store/user/aji/rootfiles_existingOptimization/WbWb_6000_2000_pt200_ak12_ca14_th85.root,ok,,1000,1000,1.0,0.0,0.082,0.008676174272108648,0.0415,0.6055,0.515,0.515,0.485,0.01580427157448264,2225.782297242376,1769.579515044264,3012.070575864193,1.112891148621188,0.8847897575221322,1.5060352879320966,0.27911333969169133,0.057058718092452304,0.7754024545538101
WbWb_6000_2000,WbWb,6000,2000,85,360,1.0,1.0,/eos/uscms/store/user/aji/rootfiles_existingOptimization/WbWb_6000_2000_pt360_ak10_ca10_th85.root,ok,,1000,1000,1.0,0.0,0.233,0.013368283360252356,0.121,0.698,0.576,0.576,0.42400000000000004,0.015627667772255716,2035.3574237986554,1040.7056480002466,2471.508847807098,1.0176787118993276,0.5203528240001233,1.235754423903549,0.3514869631930533,0.062038318554759414,0.7772548343829861
WbWb_6000_2000,WbWb,6000,2000,85,320,0.6,1.0,/eos/uscms/store/user/aji/rootfiles_existingOptimization/WbWb_6000_2000_pt320_ak6_ca10_th85.root,ok,,1000,1000,1.0,0.0,0.257,0.013818502089589886,0.1355,0.731,0.598,0.598,0.402,0.015504708962118573,1885.5123052664112,862.813056381263,2257.068117899933,0.9427561526332056,0.4314065281906315,1.1285340589499664,0.3697284439948723,0.06709936870157027,0.7774528287315519
WbWb_6000_2000,WbWb,6000,2000,85,340,0.8,1.0,/eos/uscms/store/user/aji/rootfiles_existingOptimization/WbWb_6000_2000_pt340_ak8_ca10_th85.root,ok,,1000,1000,1.0,0.0,0.253,0.013747399754135324,0.1335,0.7095,0.589,0.589,0.41100000000000003,0.015558888135082147,1952.7966073109487,939.393002910395,2380.934887831548,0.9763983036554744,0.4696965014551975,1.1904674439157743,0.36909678138630986,0.059764325327230354,0.7824569510207624
WbWb_6000_2000,WbWb,6000,2000,85,220,0.8,1.4,/eos/uscms/store/user/aji/rootfiles_existingOptimization/WbWb_6000_2000_pt220_ak8_ca14_th85.root,ok,,1000,1000,1.0,0.0,0.138,0.01090669519148674,0.071,0.651,0.556,0.556,0.44399999999999995,0.015711906313366306,1988.6319907977563,1307.7484427079903,2663.058844534352,0.9943159953988783,0.6538742213539952,1.331529422267176,0.34076450748503434,0.06727942713170834,0.7853329079451465
WbWb_6000_2000,WbWb,6000,2000,85,100,1.0,0.8,/eos/uscms/store/user/aji/rootfiles_existingOptimization/WbWb_6000_2000_pt100_ak10_ca8_th85.root,ok,,1000,1000,1.0,0.0,0.017,0.004087909000944126,0.0085,0.617,0.576,0.576,0.42400000000000004,0.015627667772255716,2291.535628955514,1949.734785094785,3546.4203444554937,1.145767814477757,0.9748673925473925,1.773210172227747,0.3483876792455723,0.010999376958687176,0.786964460693348
WbWb_6000_2000,WbWb,6000,2000,85,280,0.6,1.2,/eos/uscms/store/user/aji/rootfiles_existingOptimization/WbWb_6000_2000_pt280_ak6_ca12_th85.root,ok,,1000,1000,1.0,0.0,0.215,0.012991343271578963,0.113,0.708,0.583,0.583,0.41700000000000004,0.015592017188292218,1897.9016798181224,970.1216710607215,2357.34374867217,0.9489508399090612,0.4850608355303607,1.1786718743360851,0.36546205010587995,0.06922072371261928,0.7875669661149739
WbWb_6000_2000,WbWb,6000,2000,85,300,0.8,1.2,/eos/uscms/store/user/aji/rootfiles_existingOptimization/WbWb_6000_2000_pt300_ak8_ca12_th85.root,ok,,1000,1000,1.0,0.0,0.205,0.0127661662216971,0.107,0.685,0.573,0.573,0.42700000000000005,0.015641962792437528,1965.9013504864472,1084.6859848632928,2498.7656617850544,0.9829506752432235,0.5423429924316464,1.2493828308925272,0.3596517385198038,0.0657009534210638,0.7883566709954815
WbWb_6000_2000,WbWb,6000,2000,85,180,1.2,1.4,/eos/uscms/store/user/aji/rootfiles_existingOptimization/WbWb_6000_2000_pt180_ak12_ca14_th85.root,ok,,1000,1000,1.0,0.0,0.074,0.00827792244467173,0.037,0.595,0.505,0.505,0.495,0.01581059771166163,2238.726407342474,1806.1909928128337,3068.4447820532564,1.119363203671237,0.9030954964064168,1.5342223910266284,0.28191336491599417,0.056059992903764296,0.7888496852831178
WbWb_6000_2000,WbWb,6000,2000,85,240,1.2,1.4,/eos/uscms/store/user/aji/rootfiles_existingOptimization/WbWb_6000_2000_pt240_ak12_ca14_th85.root,ok,,1000,1000,1.0,0.0,0.112,0.00997276290703835,0.0575,0.6115,0.515,0.515,0.485,0.01580427157448264,2191.707915088541,1630.898613729257,2923.9300018081817,1.0958539575442705,0.8154493068646286,1.461965000904091,0.29498259763018847,0.06368226024583562,0.7895679933846156
WbWb_6000_2000,WbWb,6000,2000,85,200,0.6,1.4,/eos/uscms/store/user/aji/rootfiles_existingOptimization/WbWb_6000_2000_pt200_ak6_ca14_th85.root,ok,,1000,1000,1.0,0.0,0.15,0.011291589790636216,0.077,0.671,0.565,0.565,0.43500000000000005,0.015677212762477903,1912.1617433562055,1152.6296200448494,2516.5988243546703,0.9560808716781029,0.5763148100224248,1.2582994121773352,0.35665633648642003,0.06976905602931846,0.7960482493186098
WbWb_6000_2000,WbWb,6000,2000,85,320,1.0,1.2,/eos/uscms/store/user/aji/rootfiles_existingOptimization/WbWb_6000_2000_pt320_ak10_ca12_th85.root,ok,,1000,1000,1.0,0.0,0.202,0.012696298673235441,0.105,0.669,0.556,0.556,0.44399999999999995,0.015711906313366306,2050.601802200935,1168.843830443995,2605.9659965800047,1.0253009011004675,0.5844219152219975,1.3029829982900025,0.350414733029477,0.06316268343994143,0.7969448231395238
WbWb_6000_2000,WbWb,6000,2000,85,340,1.4,1.2,/eos/uscms/store/user/aji/rootfiles_existingOptimization/WbWb_6000_2000_pt340_ak14_ca12_th85.root,ok,,1000,1000,1.0,0.0,0.064,0.007739767438366608,0.0335,0.5985,0.496,0.496,0.504,0.01581088232832058,2286.527215063993,1577.585097491555,2861.284529470393,1.1432636075319964,0.7887925487457774,1.4306422647351964,0.2807094145920566,0.0431583499246463,0.7990357753452562
WbWb_6000_2000,WbWb,6000,2000,85,360,0.6,0.8,/eos/uscms/store/user/aji/rootfiles_existingOptimization/WbWb_6000_2000_pt360_ak6_ca8_th85.root,ok,,1000,1000,1.0,0.0,0.293,0.014392741226048637,0.1575,0.753,0.61,0.61,0.39,0.01542400726140908,1875.8726651326247,652.8812013914256,2174.6310320991297,0.9379363325663124,0.32644060069571285,1.087315516049565,0.4056111747329385,0.0652191078726635,0.8018175414763073
WbWb_6000_2000,WbWb,6000,2000,85,300,0.4,1.0,/eos/uscms/store/user/aji/rootfiles_existingOptimization/WbWb_6000_2000_pt300_ak4_ca10_th85.root,ok,,1000,1000,1.0,0.0,0.282,0.014229406171727617,0.1495,0.73,0.592,0.592,0.40800000000000003,0.015541428505771277,1817.1151418486845,715.1633381380793,2119.626206838187,0.9085575709243423,0.35758166906903965,1.0598131034190934,0.3864540106333725,0.07072097026437837,0.8035982535409383
WbWb_6000_2000,WbWb,6000,2000,85,260,1.2,1.4,/eos/uscms/store/user/aji/rootfiles_existingOptimization/WbWb_6000_2000_pt260_ak12_ca14_th85.root,ok,,1000,1000,1.0,0.0,0.121,0.010313049985334114,0.062,0.611,0.511,0.511,0.489,0.015807561481771943,2182.8458093567424,1543.6490363273483,2895.011532442417,1.091422904678371,0.7718245181636741,1.4475057662212085,0.3095414459240478,0.06511614626234549,0.807683736391885
WbWb_6000_2000,WbWb,6000,2000,85,180,0.4,1.4,/eos/uscms/store/user/aji/rootfiles_existingOptimization/WbWb_6000_2000_pt180_ak4_ca14_th85.root,ok,,1000,1000,1.0,0.0,0.171,0.011906258858264422,0.089,0.6775,0.571,0.571,0.42900000000000005,0.015651166090742248,1849.3721833637596,1020.4640298743436,2398.1740018599517,0.9246860916818798,0.5102320149371719,1.1990870009299759,0.37248045157674503,0.07525837896807086,0.8090118424085571
WbWb_6000_2000,WbWb,6000,2000,85,260,0.4,1.2,/eos/uscms/store/user/aji/rootfiles_existingOptimization/WbWb_6000_2000_pt260_ak4_ca12_th85.root,ok,,1000,1000,1.0,0.0,0.24,0.013505554412907307,0.1265,0.711,0.58,0.58,0.42000000000000004,0.015607690412101338,1834.4871315060423,834.6085413253319,2242.0133398435373,0.9172435657530211,0.41730427066266595,1.1210066699217687,0.38359625814403536,0.07628314864938937,0.8118719015687332
WbWb_6000_2000,WbWb,6000,2000,85,240,0.8,1.4,/eos/uscms/store/user/aji/rootfiles_existingOptimization/WbWb_6000_2000_pt240_ak8_ca14_th85.root,ok,,1000,1000,1.0,0.0,0.151,0.01132249972400088,0.078,0.648,0.551,0.551,0.44899999999999995,0.015728922404284407,1981.595192699941,1217.2028524569246,2651.7388348606255,0.9907975963499704,0.6086014262284624,1.3258694174303127,0.36196494311462596,0.07066849655526863,0.8118851834796288
WbWb_6000_2000,WbWb,6000,2000,85,240,1.0,1.4,/eos/uscms/store/user/aji/rootfiles_existingOptimization/WbWb_6000_2000_pt240_ak10_ca14_th85.root,ok,,1000,1000,1.0,0.0,0.139,0.010939789760319894,0.071,0.6305,0.532,0.532,0.46799999999999997,0.01577897335063343,2079.9547842213187,1358.9523944845118,2777.994291292919,1.0399773921106594,0.6794761972422558,1.3889971456464596,0.3411232560374287,0.0678027676524539,0.8131209952484946
WbWb_6000_2000,WbWb,6000,2000,85,120,1.0,1.4,/eos/uscms/store/user/aji/rootfiles_existingOptimization/WbWb_6000_2000_pt120_ak10_ca14_th85.root,ok,,1000,1000,1.0,0.0,0.064,0.007739767438366608,0.032,0.5905,0.506,0.506,0.494,0.015810249839898167,2179.460695349334,1784.7076811953557,3142.519539592874,1.089730347674667,0.8923538405976777,1.5712597697964372,0.31150179980187315,0.05475645456740277,0.8144748345693398
WbWb_6000_2000,WbWb,6000,2000,85,340,0.4,0.6,/eos/uscms/store/user/aji/rootfiles_existingOptimization/WbWb_6000_2000_pt340_ak4_ca6_th85.root,ok,,1000,1000,1.0,0.0,0.296,0.01443551176785915,0.1615,0.762,0.616,0.616,0.384,0.015379986996093333,1805.6864724686309,498.88716865651605,2019.837136873799,0.9028432362343154,0.24944358432825803,1.0099185684368994,0.42115560796607376,0.06640778370248338,0.8148712843426422
WbWb_6000_2000,WbWb,6000,2000,85,160,1.2,1.4,/eos/uscms/store/user/aji/rootfiles_existingOptimization/WbWb_6000_2000_pt160_ak12_ca14_th85.root,ok,,1000,1000,1.0,0.0,0.066,0.007851369307324678,0.033,0.5735,0.482,0.482,0.518,0.01580113919943749,2264.270419474571,1869.434556924938,3160.9899128224693,1.1321352097372857,0.934717278462469,1.5804949564112345,0.28520342464157594,0.05486557729689467,0.8164169456153045
WbWb_6000_2000,WbWb,6000,2000,85,320,0.8,1.2,/eos/uscms/store/user/aji/rootfiles_existingOptimization/WbWb_6000_2000_pt320_ak8_ca12_th85.root,ok,,1000,1000,1.0,0.0,0.233,0.013368283360252356,0.1215,0.6815,0.562,0.562,0.43799999999999994,0.01568935945155187,1958.0740273135018,972.5100686613687,2452.534687763034,0.9790370136567509,0.48625503433068434,1.226267343881517,0.3779286682874484,0.07122429771216085,0.8180249669217733
WbWb_6000_2000,WbWb,6000,2000,85,100,0.6,1.6,/eos/uscms/store/user/aji/rootfiles_existingOptimization/WbWb_6000_2000_pt100_ak6_ca16_th85.root,ok,,1000,1000,1.0,0.0,0.104,0.009653186002558949,0.052,0.647,0.534,0.534,0.46599999999999997,0.01577479001445027,1937.6312719398802,1295.7285043900101,2656.1927774991204,0.96881563596994,0.6478642521950051,1.3280963887495603,0.3510637686361934,0.10370009476439318,0.8201822050391994
WbWb_6000_2000,WbWb,6000,2000,85,260,1.0,1.4,/eos/uscms/store/user/aji/rootfiles_existingOptimization/WbWb_6000_2000_pt260_ak10_ca14_th85.root,ok,,1000,1000,1.0,0.0,0.147,0.011197812286335219,0.0755,0.6295,0.528,0.528,0.472,0.015786576576319513,2074.637380093004,1324.7071901795136,2764.3130783791703,1.0373186900465021,0.6623535950897569,1.3821565391895851,0.3469536175365548,0.06869833056206712,0.822685486541205
WbWb_6000_2000,WbWb,6000,2000,85,220,0.6,1.4,/eos/uscms/store/user/aji/rootfiles_existingOptimization/WbWb_6000_2000_pt220_ak6_ca14_th85.root,ok,,1000,1000,1.0,0.0,0.166,0.011766222843376714,0.085,0.6695,0.556,0.556,0.44399999999999995,0.015711906313366306,1904.7852761347335,1068.398972367293,2496.8680384869344,0.9523926380673668,0.5341994861836465,1.2484340192434673,0.3749685290035284,0.07423756347437668,0.8237292651967917
WbWb_6000_2000,WbWb,6000,2000,85,300,0.6,1.2,/eos/uscms/store/user/aji/rootfiles_existingOptimization/WbWb_6000_2000_pt300_ak6_ca12_th85.root,ok,,1000,1000,1.0,0.0,0.24,0.013505554412907307,0.1255,0.7,0.566,0.566,0.43400000000000005,0.015673034167001616,1889.8990463402683,875.7554201206129,2336.3057861206566,0.9449495231701341,0.43787771006030646,1.1681528930603284,0.3864096256433261,0.07345185483730612,0.8259146733263127
WbWb_6000_2000,WbWb,6000,2000,85,360,0.8,1.0,/eos/uscms/store/user/aji/rootfiles_existingOptimization/WbWb_6000_2000_pt360_ak8_ca10_th85.root,ok,,1000,1000,1.0,0.0,0.272,0.014071815803228808,0.145,0.7035,0.573,0.573,0.42700000000000005,0.015641962792437528,1945.6183933824839,805.9876250370655,2351.312060193706,0.972809196691242,0.4029938125185327,1.1756560300968533,0.3971293755272517,0.06469387643249921,0.8268484558581275
WbWb_6000_2000,WbWb,6000,2000,85,180,1.4,1.2,/eos/uscms/store/user/aji/rootfiles_existingOptimization/WbWb_6000_2000_pt180_ak14_ca12_th85.root,ok,,1000,1000,1.0,0.0,0.023,0.004740358636221525,0.0115,0.543,0.472,0.472,0.528,0.015786576576319513,2410.062108846666,2008.4226206683613,3356.29433736513,1.2050310544233331,1.0042113103341808,1.678147168682565,0.27963422846015196,0.030382489405588343,0.8281373339024853
WbWb_6000_2000,WbWb,6000,2000,85,380,1.0,1.0,/eos/uscms/store/user/aji/rootfiles_existingOptimization/WbWb_6000_2000_pt380_ak10_ca10_th85.root,ok,,1000,1000,1.0,0.0,0.249,0.013674757767507255,0.1315,0.69,0.561,0.561,0.43899999999999995,0.015693278816104682,2025.0462822323816,864.49391538992,2448.993777881048,1.0125231411161908,0.43224695769495997,1.224496888940524,0.39122559232187,0.06433528238616301,0.831477906433489
WbWb_6000_2000,WbWb,6000,2000,85,100,0.4,1.6,/eos/uscms/store/user/aji/rootfiles_existingOptimization/WbWb_6000_2000_pt100_ak4_ca16_th85.root,ok,,1000,1000,1.0,0.0,0.125,0.010458250331675944,0.063,0.662,0.543,0.543,0.45699999999999996,0.015752809273269323,1863.9004723566409,1168.415025714597,2541.4050683130263,0.9319502361783204,0.5842075128572985,1.2707025341565132,0.36831098627881026,0.10596312423429946,0.8321159626609782
WbWb_6000_2000,WbWb,6000,2000,85,120,0.6,1.6,/eos/uscms/store/user/aji/rootfiles_existingOptimization/WbWb_6000_2000_pt120_ak6_ca16_th85.root,ok,,1000,1000,1.0,0.0,0.111,0.00993373041711924,0.0555,0.6445,0.53,0.53,0.47,0.015782902141241326,1923.160321473967,1256.3983535760196,2635.688039482969,0.9615801607369836,0.6281991767880098,1.3178440197414845,0.35859976688002293,0.10320908054252631,0.8324417508063245
WbWb_6000_2000,WbWb,6000,2000,85,120,0.8,1.6,/eos/uscms/store/user/aji/rootfiles_existingOptimization/WbWb_6000_2000_pt120_ak8_ca16_th85.root,ok,,1000,1000,1.0,0.0,0.101,0.009528850927577786,0.0505,0.6225,0.517,0.517,0.483,0.01580224667571039,2012.910864790956,1381.1092623394804,2785.532229197171,1.006455432395478,0.6905546311697403,1.3927661145985855,0.3488537399800716,0.08886624322947546,0.8324992832196194
WbWb_6000_2000,WbWb,6000,2000,85,140,0.8,1.6,/eos/uscms/store/user/aji/rootfiles_existingOptimization/WbWb_6000_2000_pt140_ak8_ca16_th85.root,ok,,1000,1000,1.0,0.0,0.112,0.00997276290703835,0.056,0.6265,0.522,0.522,0.478,0.015796075461962062,1997.0691066682098,1344.2217062978043,2764.3008354607086,0.9985345533341048,0.6721108531489022,1.3821504177303545,0.35554080838296065,0.09158569866576292,0.8336873530495501
WbWb_6000_2000,WbWb,6000,2000,85,160,0.8,1.6,/eos/uscms/store/user/aji/rootfiles_existingOptimization/WbWb_6000_2000_pt160_ak8_ca16_th85.root,ok,,1000,1000,1.0,0.0,0.125,0.010458250331675944,0.0635,0.629,0.527,0.527,0.473,0.01578831846651188,1987.7942843766618,1299.789983349062,2736.4645472326342,0.9938971421883309,0.6498949916745309,1.368232273616317,0.3613740554481192,0.09214545651093703,0.8349843412292861
WbWb_6000_2000,WbWb,6000,2000,85,340,0.6,1.0,/eos/uscms/store/user/aji/rootfiles_existingOptimization/WbWb_6000_2000_pt340_ak6_ca10_th85.root,ok,,1000,1000,1.0,0.0,0.284,0.014259873772232347,0.1515,0.723,0.58,0.58,0.42000000000000004,0.015607690412101338,1878.625260486166,683.2267096290454,2219.858779742796,0.939312630243083,0.3416133548145227,1.109929389871398,0.4089778047901071,0.07045699325726759,0.8350465417657988
WbWb_6000_2000,WbWb,6000,2000,85,340,1.0,1.2,/eos/uscms/store/user/aji/rootfiles_existingOptimization/WbWb_6000_2000_pt340_ak10_ca12_th85.root,ok,,1000,1000,1.0,0.0,0.223,0.01316324428095141,0.116,0.666,0.547,0.547,0.45299999999999996,0.015741378592740853,2039.7137599795938,1017.2495800342713,2572.4689965697903,1.019856879989797,0.5086247900171357,1.286234498284895,0.38123472201096437,0.06807490089893062,0.836220410009944
WbWb_6000_2000,WbWb,6000,2000,85,200,0.4,1.4,/eos/uscms/store/user/aji/rootfiles_existingOptimization/WbWb_6000_2000_pt200_ak4_ca14_th85.root,ok,,1000,1000,1.0,0.0,0.188,0.012355403676124872,0.0985,0.673,0.552,0.552,0.44799999999999995,0.015725647840391186,1841.6112676493767,952.9649625365516,2354.4782034435893,0.9208056338246884,0.47648248126827586,1.1772391017217947,0.38051277854525783,0.08391740210889553,0.836432215162789
WbWb_6000_2000,WbWb,6000,2000,85,280,1.2,1.4,/eos/uscms/store/user/aji/rootfiles_existingOptimization/WbWb_6000_2000_pt280_ak12_ca14_th85.root,ok,,1000,1000,1.0,0.0,0.131,0.010669536072388528,0.0675,0.61,0.506,0.506,0.494,0.015810249839898167,2174.9474545964677,1420.654166973139,2883.293063439051,1.0874737272982338,0.7103270834865695,1.4416465317195255,0.336246950098683,0.06614670014152352,0.8389943228285064
WbWb_6000_2000,WbWb,6000,2000,85,120,0.4,1.6,/eos/uscms/store/user/aji/rootfiles_existingOptimization/WbWb_6000_2000_pt120_ak4_ca16_th85.root,ok,,1000,1000,1.0,0.0,0.143,0.011070275515993266,0.072,0.6585,0.54,0.54,0.45999999999999996,0.015760710643876435,1856.0501436302065,1123.78138946353,2508.1930385114247,0.9280250718151033,0.561890694731765,1.2540965192557123,0.37294564853192896,0.11067116046345693,0.8401431413504186
WbWb_6000_2000,WbWb,6000,2000,85,240,0.6,1.4,/eos/uscms/store/user/aji/rootfiles_existingOptimization/WbWb_6000_2000_pt240_ak6_ca14_th85.root,ok,,1000,1000,1.0,0.0,0.179,0.01212266472356635,0.092,0.6665,0.545,0.545,0.45499999999999996,0.015747221977225064,1899.6763940508217,1022.2498964591881,2476.157574630357,0.9498381970254108,0.5111249482295941,1.2380787873151784,0.3826724600896084,0.07796803224033616,0.8426886403870673
WbWb_6000_2000,WbWb,6000,2000,85,220,0.4,1.4,/eos/uscms/store/user/aji/rootfiles_existingOptimization/WbWb_6000_2000_pt220_ak4_ca14_th85.root,ok,,1000,1000,1.0,0.0,0.203,0.012719709116170857,0.1065,0.6735,0.547,0.547,0.45299999999999996,0.015741378592740853,1835.5755935874,914.6896303058602,2319.2531380249375,0.9177877967936999,0.4573448151529301,1.1596265690124687,0.38259484181036535,0.08950325518806623,0.8438160621309954
WbWb_6000_2000,WbWb,6000,2000,85,100,0.8,1.6,/eos/uscms/store/user/aji/rootfiles_existingOptimization/WbWb_6000_2000_pt100_ak8_ca16_th85.root,ok,,1000,1000,1.0,0.0,0.088,0.008958571314668427,0.044,0.6135,0.505,0.505,0.495,0.01581059771166163,2034.2315466717926,1487.0844523599224,2902.8025748402297,1.0171157733358962,0.7435422261799611,1.4514012874201148,0.347973691784636,0.0857267291456337,0.8446852691182256
WbWb_6000_2000,WbWb,6000,2000,85,180,1.0,1.6,/eos/uscms/store/user/aji/rootfiles_existingOptimization/WbWb_6000_2000_pt180_ak10_ca16_th85.root,ok,,1000,1000,1.0,0.0,0.118,0.01020176455325254,0.06,0.6155,0.507,0.507,0.493,0.015809838708854686,2081.7990750536705,1410.0338752149858,2861.8719942355024,1.0408995375268353,0.705016937607493,1.4309359971177513,0.34869794506539664,0.09126337898130071,0.8457878988180801
WbWb_6000_2000,WbWb,6000,2000,85,360,1.4,1.2,/eos/uscms/store/user/aji/rootfiles_existingOptimization/WbWb_6000_2000_pt360_ak14_ca12_th85.root,ok,,1000,1000,1.0,0.0,0.069,0.008014923580421713,0.036,0.599,0.491,0.491,0.509,0.015808826648426505,2267.203098325725,1359.9651431313735,2826.5566624027597,1.1336015491628624,0.6799825715656866,1.41327833120138,0.3234362903690519,0.045863047376822126,0.8457964452853381
WbWb_6000_2000,WbWb,6000,2000,85,340,1.2,1.2,/eos/uscms/store/user/aji/rootfiles_existingOptimization/WbWb_6000_2000_pt340_ak12_ca12_th85.root,ok,,1000,1000,1.0,0.0,0.169,0.011850696182081457,0.088,0.6425,0.528,0.528,0.472,0.015786576576319513,2150.0687220158175,1124.0724206823136,2703.7281693158284,1.075034361007909,0.5620362103411567,1.3518640846579142,0.3673500601302858,0.06111657386072646,0.8468534962310768
WbWb_6000_2000,WbWb,6000,2000,85,140,1.2,1.2,/eos/uscms/store/user/aji/rootfiles_existingOptimization/WbWb_6000_2000_pt140_ak12_ca12_th85.root,ok,,1000,1000,1.0,0.0,0.05,0.006892024376045111,0.025,0.5655,0.493,0.493,0.507,0.015809838708854686,2311.729758732886,1953.8913673091606,3454.2390161073745,1.1558648793664428,0.9769456836545803,1.7271195080536872,0.32450757774139444,0.041270091712492546,0.8470940656780388
WbWb_6000_2000,WbWb,6000,2000,85,140,0.6,1.6,/eos/uscms/store/user/aji/rootfiles_existingOptimization/WbWb_6000_2000_pt140_ak6_ca16_th85.root,ok,,1000,1000,1.0,0.0,0.127,0.010529529904036551,0.064,0.6425,0.529,0.529,0.471,0.01578477114183161,1915.9719744931804,1183.137282953913,2612.706788936033,0.9579859872465903,0.5915686414769564,1.3063533944680163,0.3730663926752567,0.1059288467666393,0.8482677939505976
WbWb_6000_2000,WbWb,6000,2000,85,380,0.6,0.6,/eos/uscms/store/user/aji/rootfiles_existingOptimization/WbWb_6000_2000_pt380_ak6_ca6_th85.root,ok,,1000,1000,1.0,0.0,0.303,0.014532412050310162,0.164,0.7575,0.607,0.607,0.393,0.015445096309184997,1867.7687621604337,451.91097738397934,2141.102195475329,0.9338843810802169,0.22595548869198967,1.0705510977376647,0.4521949537633008,0.06303838470787967,0.8518065156552792
WbWb_6000_2000,WbWb,6000,2000,85,340,0.4,0.8,/eos/uscms/store/user/aji/rootfiles_existingOptimization/WbWb_6000_2000_pt340_ak4_ca8_th85.root,ok,,1000,1000,1.0,0.0,0.311,0.014638271755914358,0.169,0.7445,0.597,0.597,0.403,0.01551099609954177,1802.578308674844,448.70378794314195,2031.2432583531208,0.901289154337422,0.224351893971571,1.0156216291765603,0.43896552587869936,0.071197136891614,0.8518366104449572
WbWb_6000_2000,WbWb,6000,2000,85,280,1.0,1.4,/eos/uscms/store/user/aji/rootfiles_existingOptimization/WbWb_6000_2000_pt280_ak10_ca14_th85.root,ok,,1000,1000,1.0,0.0,0.172,0.011933817494833746,0.0885,0.629,0.52,0.52,0.48,0.0157987341265052,2064.367819671747,1208.3557083313112,2738.5499431103894,1.0321839098358736,0.6041778541656555,1.3692749715551948,0.37062054063175454,0.07323806038792514,0.8538389316153419
WbWb_6000_2000,WbWb,6000,2000,85,260,0.8,1.4,/eos/uscms/store/user/aji/rootfiles_existingOptimization/WbWb_6000_2000_pt260_ak8_ca14_th85.root,ok,,1000,1000,1.0,0.0,0.176,0.012042591083317577,0.091,0.644,0.535,0.535,0.46499999999999997,0.015772602828956293,1975.0487342531626,1095.9186110964638,2629.1817302078184,0.9875243671265812,0.5479593055482319,1.314590865103909,0.3881583002282566,0.0780519492625481,0.8544058635155984
WbWb_6000_2000,WbWb,6000,2000,85,160,1.0,1.6,/eos/uscms/store/user/aji/rootfiles_existingOptimization/WbWb_6000_2000_pt160_ak10_ca16_th85.root,ok,,1000,1000,1.0,0.0,0.107,0.009775019181566858,0.0535,0.6085,0.499,0.499,0.501,0.015811356678033673,2095.7776639542967,1465.951176774599,2931.603926739158,1.0478888319771484,0.7329755883872995,1.465801963369579,0.34966799560197065,0.09229502413141152,0.8554568787996855
WbWb_6000_2000,WbWb,6000,2000,85,400,0.8,0.8,/eos/uscms/store/user/aji/rootfiles_existingOptimization/WbWb_6000_2000_pt400_ak8_ca8_th85.root,ok,,1000,1000,1.0,0.0,0.302,0.014518815378673288,0.163,0.729,0.59,0.59,0.41000000000000003,0.01555313473226539,1941.7785935544732,556.4232517899885,2279.377666559101,0.9708892967772367,0.27821162589499426,1.1396888332795505,0.443653674133672,0.06059193013254249,0.8565647444559483
WbWb_6000_2000,WbWb,6000,2000,85,100,1.0,1.0,/eos/uscms/store/user/aji/rootfiles_existingOptimization/WbWb_6000_2000_pt100_ak10_ca10_th85.root,ok,,1000,1000,1.0,0.0,0.031,0.0054807846153630225,0.0155,0.585,0.52,0.52,0.48,0.0157987341265052,2304.4119398346566,1932.6556929340609,3598.8630510134335,1.1522059699173282,0.9663278464670305,1.7994315255067168,0.36152550012367246,0.0351365685761249,0.8567460971154053
WbWb_6000_2000,WbWb,6000,2000,85,280,0.4,1.2,/eos/uscms/store/user/aji/rootfiles_existingOptimization/WbWb_6000_2000_pt280_ak4_ca12_th85.root,ok,,1000,1000,1.0,0.0,0.268,0.014006284303840188,0.1415,0.6985,0.557,0.557,0.44299999999999995,0.015708309902723462,1825.6847543594686,729.9409796055153,2214.3334894714662,0.9128423771797343,0.36497048980275765,1.1071667447357332,0.4065303460308354,0.0816346620132169,0.8582461083128619
WbWb_6000_2000,WbWb,6000,2000,85,140,1.0,1.6,/eos/uscms/store/user/aji/rootfiles_existingOptimization/WbWb_6000_2000_pt140_ak10_ca16_th85.root,ok,,1000,1000,1.0,0.0,0.095,0.00927227048785787,0.0475,0.6,0.49,0.49,0.51,0.0158082257068907,2123.095890141226,1528.5326882832014,2983.4433493776546,1.061547945070613,0.7642663441416007,1.4917216746888273,0.34263894246379856,0.08959871429089251,0.8587937369708598
WbWb_6000_2000,WbWb,6000,2000,85,180,0.8,1.6,/eos/uscms/store/user/aji/rootfiles_existingOptimization/WbWb_6000_2000_pt180_ak8_ca16_th85.root,ok,,1000,1000,1.0,0.0,0.139,0.010939789760319894,0.071,0.624,0.52,0.52,0.48,0.0157987341265052,1980.259521774523,1218.3697592520846,2716.0244387825956,0.9901297608872615,0.6091848796260423,1.3580122193912976,0.37814606193345124,0.09849391752433138,0.859133085844725
WbWb_6000_2000,WbWb,6000,2000,85,220,1.4,1.4,/eos/uscms/store/user/aji/rootfiles_existingOptimization/WbWb_6000_2000_pt220_ak14_ca14_th85.root,ok,,1000,1000,1.0,0.0,0.062,0.007626008130076967,0.031,0.54,0.442,0.442,0.558,0.01570464899321217,2348.1640880649365,1815.9763179335218,3154.8856554320187,1.1740820440324682,0.9079881589667609,1.5774428277160093,0.28509705610093433,0.05846346941482887,0.8605052605041812
WbWb_6000_2000,WbWb,6000,2000,85,340,0.8,1.2,/eos/uscms/store/user/aji/rootfiles_existingOptimization/WbWb_6000_2000_pt340_ak8_ca12_th85.root,ok,,1000,1000,1.0,0.0,0.261,0.013888088421377507,0.1375,0.671,0.543,0.543,0.45699999999999996,0.015752809273269323,1949.2095327303718,850.1065863094067,2423.434413028165,0.974604766365186,0.4250532931547033,1.2117172065140827,0.40358099021681526,0.0782450844186772,0.8631205135802966
WbWb_6000_2000,WbWb,6000,2000,85,260,0.6,1.4,/eos/uscms/store/user/aji/rootfiles_existingOptimization/WbWb_6000_2000_pt260_ak6_ca14_th85.root,ok,,1000,1000,1.0,0.0,0.197,0.012577400367325514,0.1015,0.66,0.532,0.532,0.46799999999999997,0.01577897335063343,1895.575549079908,970.1216710607215,2451.235880496889,0.947787774539954,0.4850608355303607,1.2256179402484446,0.390676649673785,0.08578726555128977,0.8638978722197896
WbWb_6000_2000,WbWb,6000,2000,85,240,1.4,1.4,/eos/uscms/store/user/aji/rootfiles_existingOptimization/WbWb_6000_2000_pt240_ak14_ca14_th85.root,ok,,1000,1000,1.0,0.0,0.07,0.008068457101577725,0.0355,0.5425,0.444,0.444,0.556,0.015711906313366306,2332.5836457322102,1737.5798924344126,3102.0503772775705,1.166291822866105,0.8687899462172064,1.5510251886387851,0.2924805048984306,0.06095884659005814,0.8651096871850411
WbWb_6000_2000,WbWb,6000,2000,85,200,1.4,1.4,/eos/uscms/store/user/aji/rootfiles_existingOptimization/WbWb_6000_2000_pt200_ak14_ca14_th85.root,ok,,1000,1000,1.0,0.0,0.052,0.007021111023192838,0.026,0.5365,0.438,0.438,0.562,0.01568935945155187,2366.4359539274938,1882.1156927090526,3231.4482729062897,1.1832179769637468,0.9410578463545264,1.6157241364531447,0.28509805599382376,0.055693417997070574,0.8654198536901985
WbWb_6000_2000,WbWb,6000,2000,85,320,0.6,1.2,/eos/uscms/store/user/aji/rootfiles_existingOptimization/WbWb_6000_2000_pt320_ak6_ca12_th85.root,ok,,1000,1000,1.0,0.0,0.267,0.013989674763910703,0.1405,0.688,0.547,0.547,0.45299999999999996,0.015741378592740853,1882.0551762114483,766.341921128373,2297.142798581213,0.9410275881057241,0.38317096056418654,1.1485713992906064,0.4066833153463442,0.08009104981974254,0.8655805565357717
WbWb_6000_2000,WbWb,6000,2000,85,200,1.0,1.6,/eos/uscms/store/user/aji/rootfiles_existingOptimization/WbWb_6000_2000_pt200_ak10_ca16_th85.root,ok,,1000,1000,1.0,0.0,0.137,0.010873407929439602,0.0695,0.613,0.5,0.5,0.5,0.015811388300841896,2071.3452980757565,1319.9406221690592,2824.3957967219053,1.0356726490378783,0.6599703110845296,1.4121978983609527,0.3631589518054905,0.09579901450283881,0.8667262167092783
WbWb_6000_2000,WbWb,6000,2000,85,260,1.4,1.4,/eos/uscms/store/user/aji/rootfiles_existingOptimization/WbWb_6000_2000_pt260_ak14_ca14_th85.root,ok,,1000,1000,1.0,0.0,0.074,0.00827792244467173,0.0375,0.5515,0.449,0.449,0.5509999999999999,0.015728922404284407,2320.8108500346652,1642.3668706774647,3040.8776050448814,1.1604054250173323,0.8211834353387324,1.5204388025224407,0.30129787060124436,0.06379793908784212,0.8683384131029775
WbWb_6000_2000,WbWb,6000,2000,85,320,0.4,1.0,/eos/uscms/store/user/aji/rootfiles_existingOptimization/WbWb_6000_2000_pt320_ak4_ca10_th85.root,ok,,1000,1000,1.0,0.0,0.308,0.014599178059055242,0.1645,0.716,0.57,0.57,0.43000000000000005,0.015655669899432602,1809.7699134957834,554.0792261806554,2109.5937056041935,0.9048849567478916,0.2770396130903277,1.0547968528020968,0.4297547626976734,0.07679627397031918,0.8692662670228843
WbWb_6000_2000,WbWb,6000,2000,85,400,1.0,1.0,/eos/uscms/store/user/aji/rootfiles_existingOptimization/WbWb_6000_2000_pt400_ak10_ca10_th85.root,ok,,1000,1000,1.0,0.0,0.265,0.013956181426163821,0.1415,0.685,0.55,0.55,0.44999999999999996,0.015732132722552274,2020.37473773465,744.1622218991142,2437.344432966061,1.0101873688673249,0.3720811109495571,1.2186722164830306,0.41902677247029724,0.06610041968907415,0.8700455093570296
WbWb_6000_2000,WbWb,6000,2000,85,240,0.4,1.4,/eos/uscms/store/user/aji/rootfiles_existingOptimization/WbWb_6000_2000_pt240_ak4_ca14_th85.root,ok,,1000,1000,1.0,0.0,0.222,0.013142145943490356,0.1165,0.6665,0.531,0.531,0.469,0.01578096955196353,1832.1860906169918,862.7577249130466,2301.884116273751,0.9160930453084959,0.4313788624565233,1.1509420581368754,0.39273477697783304,0.0980837618892832,0.8701254724469834
WbWb_6000_2000,WbWb,6000,2000,85,280,0.8,1.4,/eos/uscms/store/user/aji/rootfiles_existingOptimization/WbWb_6000_2000_pt280_ak8_ca14_th85.root,ok,,1000,1000,1.0,0.0,0.196,0.012553246592017541,0.102,0.6405,0.526,0.526,0.474,0.01578999683343857,1967.7942262765528,1050.8327565180323,2606.5010518451745,0.9838971131382763,0.5254163782590161,1.3032505259225873,0.39528225933225947,0.08499101581478855,0.8708925480184317
WbWb_6000_2000,WbWb,6000,2000,85,360,1.0,1.2,/eos/uscms/store/user/aji/rootfiles_existingOptimization/WbWb_6000_2000_pt360_ak10_ca12_th85.root,ok,,1000,1000,1.0,0.0,0.247,0.013637851736985557,0.128,0.6595,0.534,0.534,0.46599999999999997,0.01577479001445027,2031.3380336187806,889.5083050430907,2533.1133792220817,1.0156690168093905,0.4447541525215453,1.2665566896110407,0.4045621769930008,0.0719262252428788,0.8721290786739397
WbWb_6000_2000,WbWb,6000,2000,85,140,0.4,1.6,/eos/uscms/store/user/aji/rootfiles_existingOptimization/WbWb_6000_2000_pt140_ak4_ca16_th85.root,ok,,1000,1000,1.0,0.0,0.16,0.01159310139695155,0.081,0.648,0.528,0.528,0.472,0.015786576576319513,1849.0985405243352,1038.8710633406274,2491.437536400146,0.9245492702621676,0.5194355316703136,1.2457187682000732,0.39277692378893597,0.1176824748010717,0.8723219967627192
WbWb_6000_2000,WbWb,6000,2000,85,200,1.2,1.6,/eos/uscms/store/user/aji/rootfiles_existingOptimization/WbWb_6000_2000_pt200_ak12_ca16_th85.root,ok,,1000,1000,1.0,0.0,0.105,0.009694070352540258,0.053,0.589,0.478,0.478,0.522,0.015796075461962062,2193.36064273809,1536.2043584370094,3040.272881428547,1.096680321369045,0.7681021792185048,1.5201364407142737,0.34286849451121915,0.0864907515121705,0.8745365266481236
WbWb_6000_2000,WbWb,6000,2000,85,360,1.2,1.2,/eos/uscms/store/user/aji/rootfiles_existingOptimization/WbWb_6000_2000_pt360_ak12_ca12_th85.root,ok,,1000,1000,1.0,0.0,0.185,0.012279047194306243,0.0965,0.636,0.515,0.515,0.485,0.01580427157448264,2143.463531803158,1040.868306360488,2682.685115302259,1.0717317659015788,0.520434153180244,1.3413425576511295,0.3829822118691743,0.06347153671219327,0.8751553884593322
WbWb_6000_2000,WbWb,6000,2000,85,160,0.6,1.6,/eos/uscms/store/user/aji/rootfiles_existingOptimization/WbWb_6000_2000_pt160_ak6_ca16_th85.root,ok,,1000,1000,1.0,0.0,0.142,0.011037934589405754,0.072,0.6345,0.518,0.518,0.482,0.01580113919943749,1907.0028733573693,1103.1988014438707,2592.4984447363195,0.9535014366786847,0.5515994007219354,1.2962492223681599,0.39048175125988827,0.11320682169320528,0.8771316075920198
WbWb_6000_2000,WbWb,6000,2000,85,380,0.8,1.0,/eos/uscms/store/user/aji/rootfiles_existingOptimization/WbWb_6000_2000_pt380_ak8_ca10_th85.root,ok,,1000,1000,1.0,0.0,0.293,0.014392741226048637,0.1565,0.6995,0.56,0.56,0.43999999999999995,0.015697133496278867,1939.9091522493168,644.453147766597,2329.2280737873484,0.9699545761246584,0.3222265738832985,1.1646140368936742,0.43424067670057165,0.07073709129437189,0.8772452190881057
WbWb_6000_2000,WbWb,6000,2000,85,220,1.0,1.6,/eos/uscms/store/user/aji/rootfiles_existingOptimization/WbWb_6000_2000_pt220_ak10_ca16_th85.root,ok,,1000,1000,1.0,0.0,0.147,0.011197812286335219,0.075,0.61,0.496,0.496,0.504,0.01581088232832058,2065.236851874999,1275.5294928280357,2808.1980947934608,1.0326184259374993,0.6377647464140178,1.4040990473967303,0.3710636386751324,0.10303162694836687,0.8783254812688823
WbWb_6000_2000,WbWb,6000,2000,85,360,0.6,1.0,/eos/uscms/store/user/aji/rootfiles_existingOptimization/WbWb_6000_2000_pt360_ak6_ca10_th85.root,ok,,1000,1000,1.0,0.0,0.305,0.014559361249725209,0.1635,0.7165,0.567,0.567,0.43300000000000005,0.015668790636165896,1871.2002124018054,555.9304770904797,2201.7658748574004,0.9356001062009027,0.27796523854523986,1.1008829374287004,0.4397806784273463,0.07389446039442944,0.879220667807256
WbWb_6000_2000,WbWb,6000,2000,85,220,1.2,1.6,/eos/uscms/store/user/aji/rootfiles_existingOptimization/WbWb_6000_2000_pt220_ak12_ca16_th85.root,ok,,1000,1000,1.0,0.0,0.122,0.010349685985574635,0.0615,0.5965,0.481,0.481,0.519,0.01579996835439869,2174.2459161150987,1434.33520171283,2969.9394487682794,1.0871229580575492,0.717167600856415,1.4849697243841395,0.3531349043072455,0.09374416397562249,0.8808472001130004
WbWb_6000_2000,WbWb,6000,2000,85,300,0.4,1.2,/eos/uscms/store/user/aji/rootfiles_existingOptimization/WbWb_6000_2000_pt300_ak4_ca12_th85.root,ok,,1000,1000,1.0,0.0,0.289,0.0143345387090063,0.153,0.693,0.546,0.546,0.45399999999999996,0.015744332313566048,1814.2331259643481,640.1309846711483,2157.4154807372915,0.907116562982174,0.3200654923355742,1.0787077403686458,0.41816139126542434,0.08564430266726875,0.8814497349672069
WbWb_6000_2000,WbWb,6000,2000,85,180,1.2,1.6,/eos/uscms/store/user/aji/rootfiles_existingOptimization/WbWb_6000_2000_pt180_ak12_ca16_th85.root,ok,,1000,1000,1.0,0.0,0.097,0.00935900635751467,0.0485,0.5795,0.469,0.469,0.531,0.01578096955196353,2209.845927886765,1584.1896511838306,3089.7230853072615,1.1049229639433822,0.7920948255919152,1.5448615426536307,0.34064217218146636,0.08553747158021707,0.8821344685758046
WbWb_6000_2000,WbWb,6000,2000,85,240,1.2,1.6,/eos/uscms/store/user/aji/rootfiles_existingOptimization/WbWb_6000_2000_pt240_ak12_ca16_th85.root,ok,,1000,1000,1.0,0.0,0.133,0.010738295954200556,0.068,0.598,0.483,0.483,0.517,0.01580224667571039,2164.673207618137,1381.4432708825789,2941.3750445980713,1.0823366038090683,0.6907216354412895,1.4706875222990359,0.360315766884725,0.09454453848635963,0.8855494272656318
WbWb_6000_2000,WbWb,6000,2000,85,280,1.4,1.4,/eos/uscms/store/user/aji/rootfiles_existingOptimization/WbWb_6000_2000_pt280_ak14_ca14_th85.root,ok,,1000,1000,1.0,0.0,0.078,0.008480330182251162,0.0395,0.553,0.448,0.448,0.552,0.015725647840391186,2309.5635200371594,1533.4618401432224,3003.0524764630923,1.1547817600185797,0.7667309200716113,1.5015262382315462,0.3181533271482018,0.06576413959354496,0.8856315031500599
WbWb_6000_2000,WbWb,6000,2000,85,300,1.2,1.4,/eos/uscms/store/user/aji/rootfiles_existingOptimization/WbWb_6000_2000_pt300_ak12_ca14_th85.root,ok,,1000,1000,1.0,0.0,0.151,0.01132249972400088,0.078,0.607,0.494,0.494,0.506,0.015810249839898167,2162.6869605940947,1230.5107980275395,2845.3704614006483,1.0813434802970474,0.6152553990137698,1.422685230700324,0.3733456789625954,0.07006159655451125,0.8874800269923001
WbWb_6000_2000,WbWb,6000,2000,85,380,0.6,0.8,/eos/uscms/store/user/aji/rootfiles_existingOptimization/WbWb_6000_2000_pt380_ak6_ca8_th85.root,ok,,1000,1000,1.0,0.0,0.316,0.014701836619960105,0.1705,0.739,0.587,0.587,0.41300000000000003,0.015570195888298902,1867.0027342936576,418.3593959374585,2171.726101804362,0.9335013671468289,0.20917969796872923,1.085863050902181,0.46956725709623925,0.06958315604037882,0.8892171203815564
WbWb_6000_2000,WbWb,6000,2000,85,300,1.0,1.4,/eos/uscms/store/user/aji/rootfiles_existingOptimization/WbWb_6000_2000_pt300_ak10_ca14_th85.root,ok,,1000,1000,1.0,0.0,0.19,0.012405643876881199,0.0985,0.6225,0.505,0.505,0.495,0.01581059771166163,2053.4669483023836,1106.0318267787534,2719.517366038587,1.0267334741511918,0.5530159133893767,1.3597586830192936,0.39286864115191,0.07836553186267721,0.8905419885670292
WbWb_6000_2000,WbWb,6000,2000,85,360,0.4,0.4,/eos/uscms/store/user/aji/rootfiles_existingOptimization/WbWb_6000_2000_pt360_ak4_ca4_th85.root,ok,,1000,1000,1.0,0.0,0.31,0.014625320509308504,0.1715,0.7565,0.605,0.605,0.395,0.015458816254810716,1802.2269275789436,240.33712680212963,1991.1591196698046,0.9011134637894718,0.12016856340106481,0.9955795598349023,0.4857384955455292,0.06640778370248338,0.890627149166582
WbWb_6000_2000,WbWb,6000,2000,85,280,0.6,1.4,/eos/uscms/store/user/aji/rootfiles_existingOptimization/WbWb_6000_2000_pt280_ak6_ca14_th85.root,ok,,1000,1000,1.0,0.0,0.22,0.013099618315050252,0.1155,0.6535,0.519,0.519,0.481,0.01579996835439869,1889.8272066313941,896.7107273914432,2427.819225671585,0.9449136033156971,0.44835536369572165,1.2139096128357927,0.40509219385441436,0.0931335637712419,0.8916008335228447
WbWb_6000_2000,WbWb,6000,2000,85,200,0.8,1.6,/eos/uscms/store/user/aji/rootfiles_existingOptimization/WbWb_6000_2000_pt200_ak8_ca16_th85.root,ok,,1000,1000,1.0,0.0,0.153,0.011383804285035824,0.078,0.619,0.507,0.507,0.493,0.015809838708854686,1973.1547255624905,1133.4633582065617,2705.680900849663,0.9865773627812453,0.5667316791032808,1.3528404504248315,0.39840199105392166,0.11105522899443035,0.8927442547757971
WbWb_6000_2000,WbWb,6000,2000,85,300,0.8,1.4,/eos/uscms/store/user/aji/rootfiles_existingOptimization/WbWb_6000_2000_pt300_ak8_ca14_th85.root,ok,,1000,1000,1.0,0.0,0.211,0.012902674141432851,0.11,0.6375,0.517,0.517,0.483,0.01580224667571039,1961.6862901642762,980.646155745493,2585.4602623670885,0.9808431450821381,0.49032307787274654,1.2927301311835442,0.4090394357823657,0.08612669196985848,0.8939551212741519
WbWb_6000_2000,WbWb,6000,2000,85,380,1.4,1.2,/eos/uscms/store/user/aji/rootfiles_existingOptimization/WbWb_6000_2000_pt380_ak14_ca12_th85.root,ok,,1000,1000,1.0,0.0,0.076,0.008379976133617566,0.0395,0.591,0.472,0.472,0.528,0.015786576576319513,2248.7337274140905,1208.8149123609614,2800.291898677595,1.1243668637070452,0.6044074561804808,1.4001459493387973,0.35386070100588046,0.05081251139876429,0.8942973873765849
WbWb_6000_2000,WbWb,6000,2000,85,400,1.4,1.2,/eos/uscms/store/user/aji/rootfiles_existingOptimization/WbWb_6000_2000_pt400_ak14_ca12_th85.root,ok,,1000,1000,1.0,0.0,0.081,0.008627803892068943,0.042,0.5915,0.469,0.469,0.531,0.01578096955196353,2241.997424118456,1177.3912322376723,2780.416300859808,1.120998712059228,0.5886956161188361,1.390208150429904,0.3574993109665232,0.052626966149614055,0.9005991821724461
WbWb_6000_2000,WbWb,6000,2000,85,360,0.8,1.2,/eos/uscms/store/user/aji/rootfiles_existingOptimization/WbWb_6000_2000_pt360_ak8_ca12_th85.root,ok,,1000,1000,1.0,0.0,0.28,0.014198591479439079,0.149,0.666,0.529,0.529,0.471,0.01578477114183161,1940.3058805512326,719.0518946927582,2379.6324600104213,0.9701529402756164,0.35952594734637905,1.1898162300052109,0.4279172119103973,0.08306692177016792,0.9019019178828356
WbWb_6000_2000,WbWb,6000,2000,85,260,1.2,1.6,/eos/uscms/store/user/aji/rootfiles_existingOptimization/WbWb_6000_2000_pt260_ak12_ca16_th85.root,ok,,1000,1000,1.0,0.0,0.144,0.011102432165971562,0.0735,0.5945,0.475,0.475,0.525,0.015791611697353755,2158.8576360319994,1332.9660239565912,2928.103754500701,1.0794288180159999,0.6664830119782956,1.4640518772503506,0.3694402317042053,0.09828659665312481,0.9023831135058054
WbWb_6000_2000,WbWb,6000,2000,85,400,0.6,0.6,/eos/uscms/store/user/aji/rootfiles_existingOptimization/WbWb_6000_2000_pt400_ak6_ca6_th85.root,ok,,1000,1000,1.0,0.0,0.324,0.014799459449588015,0.1785,0.7465,0.591,0.591,0.40900000000000003,0.015547314880711718,1862.9523173782818,290.8750219409151,2114.952480647634,0.9314761586891409,0.14543751097045754,1.0574762403238167,0.48956633019832957,0.06687114098581998,0.9054187143294155
WbWb_6000_2000,WbWb,6000,2000,85,180,0.6,1.6,/eos/uscms/store/user/aji/rootfiles_existingOptimization/WbWb_6000_2000_pt180_ak6_ca16_th85.root,ok,,1000,1000,1.0,0.0,0.157,0.01150439046625244,0.08,0.6295,0.507,0.507,0.493,0.015809838708854686,1899.3009646041514,1034.24786918214,2582.81234886276,0.9496504823020757,0.51712393459107,1.2914061744313798,0.40766695445852325,0.11838240919755365,0.9057019062283156
WbWb_6000_2000,WbWb,6000,2000,85,160,0.4,1.6,/eos/uscms/store/user/aji/rootfiles_existingOptimization/WbWb_6000_2000_pt160_ak4_ca16_th85.root,ok,,1000,1000,1.0,0.0,0.178,0.012096115078817662,0.09,0.6385,0.514,0.514,0.486,0.015805189021330938,1837.8498245637084,962.6433251571034,2477.8295572372626,0.9189249122818541,0.48132166257855163,1.2389147786186314,0.41221709516985516,0.1311162155402381,0.9063246039416697
WbWb_6000_2000,WbWb,6000,2000,85,260,0.4,1.4,/eos/uscms/store/user/aji/rootfiles_existingOptimization/WbWb_6000_2000_pt260_ak4_ca14_th85.root,ok,,1000,1000,1.0,0.0,0.244,0.013581752464244074,0.1285,0.6585,0.518,0.518,0.482,0.01580113919943749,1826.0507414358935,777.7060093011878,2296.724127825102,0.9130253707179468,0.3888530046505939,1.1483620639125511,0.41592987644183765,0.10279721750892112,0.906627339370043
WbWb_6000_2000,WbWb,6000,2000,85,240,1.0,1.6,/eos/uscms/store/user/aji/rootfiles_existingOptimization/WbWb_6000_2000_pt240_ak10_ca16_th85.root,ok,,1000,1000,1.0,0.0,0.162,0.011651437679531225,0.0825,0.603,0.485,0.485,0.515,0.01580427157448264,2053.8087612359527,1205.0017210293795,2803.34313239081,1.0269043806179763,0.6025008605146898,1.401671566195405,0.3891164166617858,0.10910773376554395,0.9068068547235835
WbWb_6000_2000,WbWb,6000,2000,85,320,1.0,1.4,/eos/uscms/store/user/aji/rootfiles_existingOptimization/WbWb_6000_2000_pt320_ak10_ca14_th85.root,ok,,1000,1000,1.0,0.0,0.208,0.0128349522788361,0.108,0.6245,0.501,0.501,0.499,0.015811356678033673,2044.2166018560247,1030.7042838149382,2689.8055082394603,1.0221083009280125,0.515352141907469,1.34490275411973,0.4058036763125195,0.08044808390064079,0.9070145064053208
WbWb_6000_2000,WbWb,6000,2000,85,180,1.4,1.4,/eos/uscms/store/user/aji/rootfiles_existingOptimization/WbWb_6000_2000_pt180_ak14_ca14_th85.root,ok,,1000,1000,1.0,0.0,0.047,0.006692607862410586,0.0235,0.511,0.423,0.423,0.577,0.015622771841129857,2407.445075271791,1943.5102972883262,3436.365907220427,1.2037225376358955,0.9717551486441631,1.7181829536102133,0.31004977543746515,0.0528370753876309,0.9074220292010546
WbWb_6000_2000,WbWb,6000,2000,85,140,1.2,1.4,/eos/uscms/store/user/aji/rootfiles_existingOptimization/WbWb_6000_2000_pt140_ak12_ca14_th85.root,ok,,1000,1000,1.0,0.0,0.055,0.00720936890441875,0.0275,0.537,0.45,0.45,0.55,0.015732132722552274,2311.729758732886,1920.0121676592953,3501.6810099637264,1.1558648793664428,0.9600060838296477,1.7508405049818632,0.3420963969359856,0.05183048628642452,0.9076828848726299
WbWb_6000_2000,WbWb,6000,2000,85,340,0.6,1.2,/eos/uscms/store/user/aji/rootfiles_existingOptimization/WbWb_6000_2000_pt340_ak6_ca12_th85.root,ok,,1000,1000,1.0,0.0,0.293,0.014392741226048637,0.156,0.6815,0.531,0.531,0.469,0.01578096955196353,1874.8066283950095,644.930159910918,2266.892374228319,0.9374033141975047,0.322465079955459,1.1334461871141595,0.4325678685342434,0.08671302513088563,0.9078275371144928
WbWb_6000_2000,WbWb,6000,2000,85,120,1.0,1.6,/eos/uscms/store/user/aji/rootfiles_existingOptimization/WbWb_6000_2000_pt120_ak10_ca16_th85.root,ok,,1000,1000,1.0,0.0,0.086,0.008865889690267977,0.043,0.569,0.464,0.464,0.536,0.015770351930125083,2150.500618932485,1610.6267464535301,3185.8541073450465,1.0752503094662424,0.8053133732267651,1.5929270536725233,0.3662466653168098,0.08439417320563233,0.9097716962634341
WbWb_6000_2000,WbWb,6000,2000,85,320,1.2,1.4,/eos/uscms/store/user/aji/rootfiles_existingOptimization/WbWb_6000_2000_pt320_ak12_ca14_th85.root,ok,,1000,1000,1.0,0.0,0.164,0.011709141727727102,0.085,0.6085,0.49,0.49,0.51,0.0158082257068907,2151.53708651395,1116.86690134588,2806.908675253236,1.075768543256975,0.5584334506729399,1.403454337626618,0.3927521827303622,0.07122305028613761,0.9103290370560597
WbWb_6000_2000,WbWb,6000,2000,85,220,0.8,1.6,/eos/uscms/store/user/aji/rootfiles_existingOptimization/WbWb_6000_2000_pt220_ak8_ca16_th85.root,ok,,1000,1000,1.0,0.0,0.164,0.011709141727727102,0.084,0.6135,0.499,0.499,0.501,0.015811356678033673,1965.6300512775379,1099.1987516766098,2701.9682859316563,0.9828150256387689,0.5495993758383049,1.350984142965828,0.4076986748379598,0.11243929377947018,0.9104171722740828
WbWb_6000_2000,WbWb,6000,2000,85,100,1.0,1.2,/eos/uscms/store/user/aji/rootfiles_existingOptimization/WbWb_6000_2000_pt100_ak10_ca12_th85.root,ok,,1000,1000,1.0,0.0,0.038,0.006046155803483731,0.019,0.559,0.487,0.487,0.513,0.015806043148112688,2312.431207870024,1909.2606671031597,3687.172987463496,1.1562156039350122,0.9546303335515799,1.8435864937317479,0.3844249105247908,0.04265783467987743,0.913046470918292
WbWb_6000_2000,WbWb,6000,2000,85,160,1.2,1.6,/eos/uscms/store/user/aji/rootfiles_existingOptimization/WbWb_6000_2000_pt160_ak12_ca16_th85.root,ok,,1000,1000,1.0,0.0,0.087,0.00891240708226459,0.0435,0.56,0.447,0.447,0.5529999999999999,0.01572230899073034,2234.8983537919758,1676.7618288470499,3235.6562691288577,1.1174491768959878,0.8383809144235249,1.617828134564429,0.34876182123379695,0.08411714820093222,0.9135067389233956
WbWb_6000_2000,WbWb,6000,2000,85,380,1.2,1.2,/eos/uscms/store/user/aji/rootfiles_existingOptimization/WbWb_6000_2000_pt380_ak12_ca12_th85.root,ok,,1000,1000,1.0,0.0,0.205,0.0127661662216971,0.1065,0.6295,0.499,0.499,0.501,0.015811356678033673,2127.8772890242644,935.0079298871768,2664.7743816136426,1.0639386445121324,0.4675039649435884,1.3323871908068214,0.4064535254567354,0.06989854808818333,0.9138473899079487
WbWb_6000_2000,WbWb,6000,2000,85,340,0.4,1.0,/eos/uscms/store/user/aji/rootfiles_existingOptimization/WbWb_6000_2000_pt340_ak4_ca10_th85.root,ok,,1000,1000,1.0,0.0,0.326,0.01482309009619789,0.1765,0.7095,0.557,0.557,0.44299999999999995,0.015708309902723462,1799.6901532760733,400.74250446139354,2060.063890451555,0.8998450766380366,0.20037125223069677,1.0300319452257776,0.46100196274608973,0.08060522479100876,0.914017455082286
WbWb_6000_2000,WbWb,6000,2000,85,320,0.8,1.4,/eos/uscms/store/user/aji/rootfiles_existingOptimization/WbWb_6000_2000_pt320_ak8_ca14_th85.root,ok,,1000,1000,1.0,0.0,0.24,0.013505554412907307,0.125,0.635,0.507,0.507,0.493,0.015809838708854686,1951.954894732101,906.7707932248928,2544.9927693846507,0.9759774473660504,0.4533853966124464,1.2724963846923254,0.41963622739976236,0.09582192479674867,0.9150384826631572
WbWb_6000_2000,WbWb,6000,2000,85,380,1.0,1.2,/eos/uscms/store/user/aji/rootfiles_existingOptimization/WbWb_6000_2000_pt380_ak10_ca12_th85.root,ok,,1000,1000,1.0,0.0,0.264,0.013939296969359681,0.139,0.6505,0.518,0.518,0.482,0.01580113919943749,2021.5540135136744,769.8808981085714,2516.5436087749117,1.0107770067568373,0.3849404490542857,1.258271804387456,0.4320099040120268,0.07511792915503494,0.9150876046877106
WbWb_6000_2000,WbWb,6000,2000,85,400,0.8,1.0,/eos/uscms/store/user/aji/rootfiles_existingOptimization/WbWb_6000_2000_pt400_ak8_ca10_th85.root,ok,,1000,1000,1.0,0.0,0.311,0.014638271755914358,0.1675,0.6915,0.549,0.549,0.45099999999999996,0.01573527883451704,1935.6672936193913,526.93786899879,2319.1861386322794,0.9678336468096956,0.263468934499395,1.1595930693161398,0.4629535962976027,0.07245791182761763,0.917170231616633
WbWb_6000_2000,WbWb,6000,2000,85,240,0.8,1.6,/eos/uscms/store/user/aji/rootfiles_existingOptimization/WbWb_6000_2000_pt240_ak8_ca16_th85.root,ok,,1000,1000,1.0,0.0,0.179,0.01212266472356635,0.092,0.6115,0.493,0.493,0.507,0.015809838708854686,1957.452949338454,1067.143298234035,2667.5438226385213,0.978726474669227,0.5335716491170175,1.3337719113192608,0.4087966775766851,0.11835158520391656,0.9179240301097624
WbWb_6000_2000,WbWb,6000,2000,85,300,0.6,1.4,/eos/uscms/store/user/aji/rootfiles_existingOptimization/WbWb_6000_2000_pt300_ak6_ca14_th85.root,ok,,1000,1000,1.0,0.0,0.244,0.013581752464244074,0.1275,0.6485,0.505,0.505,0.495,0.01581059771166163,1882.2753238917771,827.4793258295798,2398.073018484091,0.9411376619458887,0.4137396629147899,1.1990365092420454,0.417206152765995,0.10423244721854766,0.9180923865714061
WbWb_6000_2000,WbWb,6000,2000,85,260,1.0,1.6,/eos/uscms/store/user/aji/rootfiles_existingOptimization/WbWb_6000_2000_pt260_ak10_ca16_th85.root,ok,,1000,1000,1.0,0.0,0.171,0.011906258858264422,0.0875,0.6,0.479,0.479,0.521,0.015797436500901024,2046.243723536401,1164.9748901000714,2794.627934519773,1.0231218617682005,0.5824874450500357,1.3973139672598864,0.3982059970850562,0.11121232570981249,0.9215181832618763
WbWb_6000_2000,WbWb,6000,2000,85,300,1.4,1.4,/eos/uscms/store/user/aji/rootfiles_existingOptimization/WbWb_6000_2000_pt300_ak14_ca14_th85.root,ok,,1000,1000,1.0,0.0,0.088,0.008958571314668427,0.0445,0.552,0.439,0.439,0.5609999999999999,0.015693278816104682,2296.914954070162,1397.862559890838,2992.005247563024,1.1484574770350808,0.698931279945419,1.4960026237815118,0.3470182221695551,0.07015165611130442,0.9228639698730632
WbWb_6000_2000,WbWb,6000,2000,85,400,1.2,1.2,/eos/uscms/store/user/aji/rootfiles_existingOptimization/WbWb_6000_2000_pt400_ak12_ca12_th85.root,ok,,1000,1000,1.0,0.0,0.213,0.012947239087929134,0.1125,0.6275,0.496,0.496,0.504,0.01581088232832058,2118.031698036277,870.9103948303252,2620.496323217724,1.0590158490181385,0.4354551974151626,1.310248161608862,0.41302165827110116,0.0724943455607118,0.922923243172915
WbWb_6000_2000,WbWb,6000,2000,85,360,0.4,0.6,/eos/uscms/store/user/aji/rootfiles_existingOptimization/WbWb_6000_2000_pt360_ak4_ca6_th85.root,ok,,1000,1000,1.0,0.0,0.325,0.014811313243598625,0.179,0.746,0.592,0.592,0.40800000000000003,0.015541428505771277,1801.7816637755923,172.07470271511264,2005.0379073115541,0.9008908318877962,0.08603735135755632,1.002518953655777,0.5086529742886574,0.07072097026437837,0.9265638910998778
WbWb_6000_2000,WbWb,6000,2000,85,180,0.4,1.6,/eos/uscms/store/user/aji/rootfiles_existingOptimization/WbWb_6000_2000_pt180_ak4_ca16_th85.root,ok,,1000,1000,1.0,0.0,0.201,0.012672766075328622,0.104,0.631,0.502,0.502,0.498,0.01581126180922952,1827.5617189558448,917.9218549626179,2457.365613931886,0.9137808594779223,0.45896092748130896,1.228682806965943,0.4211742189064922,0.1339589340014412,0.9277961329587
WbWb_6000_2000,WbWb,6000,2000,85,200,0.6,1.6,/eos/uscms/store/user/aji/rootfiles_existingOptimization/WbWb_6000_2000_pt200_ak6_ca16_th85.root,ok,,1000,1000,1.0,0.0,0.177,0.012069424178476784,0.0905,0.623,0.496,0.496,0.504,0.01581088232832058,1891.4218418489017,985.040341061859,2571.4744594200047,0.9457109209244507,0.4925201705309295,1.2857372297100025,0.4193760702285684,0.12457913912642363,0.9288049781361233
WbWb_6000_2000,WbWb,6000,2000,85,380,0.4,0.4,/eos/uscms/store/user/aji/rootfiles_existingOptimization/WbWb_6000_2000_pt380_ak4_ca4_th85.root,ok,,1000,1000,1.0,0.0,0.334,0.014914556647785411,0.187,0.7435,0.584,0.584,0.41600000000000004,0.015586660963785668,1799.0293007737328,172.1050118893729,1986.4382284620074,0.8995146503868664,0.08605250594468644,0.9932191142310037,0.5042533814741983,0.06933911708482308,0.9303019164355117
WbWb_6000_2000,WbWb,6000,2000,85,280,1.2,1.6,/eos/uscms/store/user/aji/rootfiles_existingOptimization/WbWb_6000_2000_pt280_ak12_ca16_th85.root,ok,,1000,1000,1.0,0.0,0.155,0.011444430960078356,0.0795,0.5925,0.467,0.467,0.5329999999999999,0.015776913513105152,2151.5950911604514,1229.6313757087648,2912.0897044626363,1.0757975455802256,0.6148156878543823,1.4560448522313183,0.39097931010951675,0.10718926054625172,0.9315590646675391
WbWb_6000_2000,WbWb,6000,2000,85,340,1.0,1.4,/eos/uscms/store/user/aji/rootfiles_existingOptimization/WbWb_6000_2000_pt340_ak10_ca14_th85.root,ok,,1000,1000,1.0,0.0,0.23,0.013307892395116516,0.1195,0.621,0.492,0.492,0.508,0.015809364313595912,2036.1009924099098,943.682238099794,2668.9158046251764,1.018050496204955,0.471841119049897,1.334457902312588,0.4236610985792536,0.0874473710763279,0.9334661481997492
WbWb_6000_2000,WbWb,6000,2000,85,220,0.6,1.6,/eos/uscms/store/user/aji/rootfiles_existingOptimization/WbWb_6000_2000_pt220_ak6_ca16_th85.root,ok,,1000,1000,1.0,0.0,0.194,0.012504559168559283,0.099,0.6225,0.488,0.488,0.512,0.01580683396509244,1884.8589673139302,963.1831580716298,2532.687956032966,0.9424294836569651,0.4815915790358149,1.2663439780164831,0.41634542031492205,0.13712780658821883,0.9341024719492256
WbWb_6000_2000,WbWb,6000,2000,85,320,0.4,1.2,/eos/uscms/store/user/aji/rootfiles_existingOptimization/WbWb_6000_2000_pt320_ak4_ca12_th85.root,ok,,1000,1000,1.0,0.0,0.314,0.01467664811869522,0.1675,0.6785,0.524,0.524,0.476,0.01579316307773715,1805.9793643118364,518.7452980619308,2151.0486324008048,0.9029896821559182,0.2593726490309654,1.0755243162004025,0.451916385811213,0.0937820600957229,0.9376174175956211
WbWb_6000_2000,WbWb,6000,2000,85,400,0.6,0.8,/eos/uscms/store/user/aji/rootfiles_existingOptimization/WbWb_6000_2000_pt400_ak6_ca8_th85.root,ok,,1000,1000,1.0,0.0,0.336,0.014936666294725875,0.1845,0.7285,0.572,0.572,0.42800000000000005,0.015646597074124458,1861.4048226149457,263.74508129309754,2138.026741053587,0.9307024113074729,0.13187254064654877,1.0690133705267935,0.5034589029181341,0.07216562305524417,0.9383886617873869
WbWb_6000_2000,WbWb,6000,2000,85,320,1.4,1.4,/eos/uscms/store/user/aji/rootfiles_existingOptimization/WbWb_6000_2000_pt320_ak14_ca14_th85.root,ok,,1000,1000,1.0,0.0,0.095,0.00927227048785787,0.0485,0.5505,0.433,0.433,0.567,0.015668790636165896,2287.534850196491,1314.0683318944282,2949.6899634273527,1.1437674250982455,0.6570341659472141,1.4748449817136762,0.35750747827785667,0.07101638209415222,0.9388842207876812
WbWb_6000_2000,WbWb,6000,2000,85,200,0.4,1.6,/eos/uscms/store/user/aji/rootfiles_existingOptimization/WbWb_6000_2000_pt200_ak4_ca16_th85.root,ok,,1000,1000,1.0,0.0,0.219,0.013078187947877183,0.114,0.6255,0.484,0.484,0.516,0.015803290796539814,1816.7163459929684,875.8616254748085,2392.119199446718,0.9083581729964841,0.43793081273740425,1.196059599723359,0.4173071864840749,0.14924228158217212,0.9424713691844264
WbWb_6000_2000,WbWb,6000,2000,85,340,1.2,1.4,/eos/uscms/store/user/aji/rootfiles_existingOptimization/WbWb_6000_2000_pt340_ak12_ca14_th85.root,ok,,1000,1000,1.0,0.0,0.181,0.0121753439376471,0.094,0.602,0.477,0.477,0.523,0.01579465099329517,2144.555864140081,1028.7283440084927,2799.5140194734176,1.0722779320700404,0.5143641720042463,1.3997570097367087,0.4128560381836848,0.07659511020693406,0.9430838313906889
WbWb_6000_2000,WbWb,6000,2000,85,400,1.0,1.2,/eos/uscms/store/user/aji/rootfiles_existingOptimization/WbWb_6000_2000_pt400_ak10_ca12_th85.root,ok,,1000,1000,1.0,0.0,0.279,0.014183053267896867,0.1485,0.644,0.506,0.506,0.494,0.015810249839898167,2017.372248873919,673.2391420335714,2486.949788649569,1.0086861244369594,0.3366195710167857,1.2434748943247846,0.4495230485172969,0.07844551755374532,0.9443916609609928
WbWb_6000_2000,WbWb,6000,2000,85,380,0.8,1.2,/eos/uscms/store/user/aji/rootfiles_existingOptimization/WbWb_6000_2000_pt380_ak8_ca12_th85.root,ok,,1000,1000,1.0,0.0,0.301,0.014505137021069467,0.1605,0.6595,0.514,0.514,0.486,0.015805189021330938,1935.2684026802222,592.6627247455823,2360.801974106507,0.9676342013401111,0.2963313623727912,1.1804009870532532,0.45682016171817946,0.08918783895387922,0.9460567415841683
WbWb_6000_2000,WbWb,6000,2000,85,320,0.6,1.4,/eos/uscms/store/user/aji/rootfiles_existingOptimization/WbWb_6000_2000_pt320_ak6_ca14_th85.root,ok,,1000,1000,1.0,0.0,0.27,0.014039230748157109,0.142,0.638,0.487,0.487,0.513,0.015806043148112688,1875.8726651326247,754.9591887580725,2357.34374867217,0.9379363325663124,0.3774795943790363,1.1786718743360851,0.42710376607593686,0.11899506098472121,0.9463101328193055
WbWb_6000_2000,WbWb,6000,2000,85,260,0.8,1.6,/eos/uscms/store/user/aji/rootfiles_existingOptimization/WbWb_6000_2000_pt260_ak8_ca16_th85.root,ok,,1000,1000,1.0,0.0,0.203,0.012719709116170857,0.1045,0.6055,0.475,0.475,0.525,0.015791611697353755,1948.2673169525826,1010.4937553019405,2649.365787172629,0.9741336584762913,0.5052468776509702,1.3246828935863144,0.42059732194095406,0.1374870876233655,0.948183956093325
WbWb_6000_2000,WbWb,6000,2000,85,280,1.0,1.6,/eos/uscms/store/user/aji/rootfiles_existingOptimization/WbWb_6000_2000_pt280_ak10_ca16_th85.root,ok,,1000,1000,1.0,0.0,0.196,0.012553246592017541,0.1005,0.596,0.466,0.466,0.534,0.01577479001445027,2036.1156710719179,1093.6519402941499,2774.3089913831122,1.0180578355359589,0.5468259701470749,1.3871544956915562,0.412711584849248,0.12835514378093188,0.9485173684028438
WbWb_6000_2000,WbWb,6000,2000,85,240,0.6,1.6,/eos/uscms/store/user/aji/rootfiles_existingOptimization/WbWb_6000_2000_pt240_ak6_ca16_th85.root,ok,,1000,1000,1.0,0.0,0.207,0.012812142677944232,0.106,0.619,0.478,0.478,0.522,0.015796075461962062,1880.5798950130097,927.5714796096566,2515.584889043394,0.9402899475065047,0.46378573980482835,1.2577924445216968,0.4222137580128579,0.15222066415446636,0.9501847632622075
WbWb_6000_2000,WbWb,6000,2000,85,280,0.4,1.4,/eos/uscms/store/user/aji/rootfiles_existingOptimization/WbWb_6000_2000_pt280_ak4_ca14_th85.root,ok,,1000,1000,1.0,0.0,0.272,0.014071815803228808,0.1435,0.645,0.494,0.494,0.506,0.015810249839898167,1814.4709686676865,704.8848897929863,2283.534420953924,0.9072354843338433,0.3524424448964932,1.141767210476962,0.43501647544134986,0.1204267011470298,0.9502929270079656
WbWb_6000_2000,WbWb,6000,2000,85,380,0.6,1.0,/eos/uscms/store/user/aji/rootfiles_existingOptimization/WbWb_6000_2000_pt380_ak6_ca10_th85.root,ok,,1000,1000,1.0,0.0,0.327,0.014834790190629594,0.176,0.7045,0.547,0.547,0.45299999999999996,0.015741378592740853,1863.1719010801776,365.9709702002057,2197.1599512333933,0.9315859505400889,0.18298548510010287,1.0985799756166967,0.49141707750410796,0.0779041049829711,0.951258482450099
WbWb_6000_2000,WbWb,6000,2000,85,340,0.8,1.4,/eos/uscms/store/user/aji/rootfiles_existingOptimization/WbWb_6000_2000_pt340_ak8_ca14_th85.root,ok,,1000,1000,1.0,0.0,0.267,0.013989674763910703,0.1405,0.626,0.49,0.49,0.51,0.0158082257068907,1944.782603478202,788.6300908581575,2495.820979287122,0.972391301739101,0.39431504542907875,1.2479104896435609,0.43891561076690266,0.10357302935945314,0.9516764805929926
WbWb_6000_2000,WbWb,6000,2000,85,360,0.4,0.8,/eos/uscms/store/user/aji/rootfiles_existingOptimization/WbWb_6000_2000_pt360_ak4_ca8_th85.root,ok,,1000,1000,1.0,0.0,0.34,0.014979986648859203,0.1865,0.7285,0.573,0.573,0.42700000000000005,0.015641962792437528,1799.5859691159817,166.17122332855945,2022.7992663196937,0.8997929845579908,0.08308561166427972,1.011399633159847,0.5158486659859806,0.07591341218721752,0.9528693675301816
WbWb_6000_2000,WbWb,6000,2000,85,380,0.4,0.6,/eos/uscms/store/user/aji/rootfiles_existingOptimization/WbWb_6000_2000_pt380_ak4_ca6_th85.root,ok,,1000,1000,1.0,0.0,0.349,0.01507312177354114,0.1945,0.7335,0.572,0.572,0.42800000000000005,0.015646597074124458,1798.02292336446,138.70928381594592,1989.849130552994,0.89901146168223,0.06935464190797296,0.994924565276497,0.5147709249649598,0.07307698096493208,0.9528697787967368
WbWb_6000_2000,WbWb,6000,2000,85,360,0.6,1.2,/eos/uscms/store/user/aji/rootfiles_existingOptimization/WbWb_6000_2000_pt360_ak6_ca12_th85.root,ok,,1000,1000,1.0,0.0,0.313,0.014663935351739656,0.1675,0.674,0.517,0.517,0.483,0.01580224667571039,1864.5572510976026,496.8759368762025,2228.2007143843493,0.9322786255488014,0.24843796843810126,1.1141003571921748,0.4642723564773819,0.09303805960867612,0.9540444939225017
WbWb_6000_2000,WbWb,6000,2000,85,220,0.4,1.6,/eos/uscms/store/user/aji/rootfiles_existingOptimization/WbWb_6000_2000_pt220_ak4_ca16_th85.root,ok,,1000,1000,1.0,0.0,0.234,0.013388203763014663,0.122,0.6225,0.475,0.475,0.525,0.015791611697353755,1808.9734530052087,829.2144392288479,2365.3397451405353,0.9044867265026044,0.414607219614424,1.1826698725702678,0.42458481172284634,0.16601484375469494,0.9591361390725859
WbWb_6000_2000,WbWb,6000,2000,85,220,1.4,1.6,/eos/uscms/store/user/aji/rootfiles_existingOptimization/WbWb_6000_2000_pt220_ak14_ca16_th85.root,ok,,1000,1000,1.0,0.0,0.075,0.008329165624478841,0.0375,0.532,0.401,0.401,0.599,0.015498354751392161,2320.8108500346652,1593.27722944632,3194.7775745693225,1.1604054250173323,0.7966386147231599,1.5973887872846613,0.3450303468503437,0.08824311835639392,0.960070889352077
WbWb_6000_2000,WbWb,6000,2000,85,360,1.0,1.4,/eos/uscms/store/user/aji/rootfiles_existingOptimization/WbWb_6000_2000_pt360_ak10_ca14_th85.root,ok,,1000,1000,1.0,0.0,0.253,0.013747399754135324,0.131,0.6155,0.48,0.48,0.52,0.0157987341265052,2024.2529118594214,832.724778492177,2612.2324162603522,1.0121264559297107,0.4163623892460885,1.306116208130176,0.439546764967617,0.09490374771433382,0.9607594105605881
WbWb_6000_2000,WbWb,6000,2000,85,100,1.0,1.4,/eos/uscms/store/user/aji/rootfiles_existingOptimization/WbWb_6000_2000_pt100_ak10_ca14_th85.root,ok,,1000,1000,1.0,0.0,0.046,0.006624499981130651,0.023,0.5295,0.445,0.445,0.5549999999999999,0.01571543826942157,2306.2893100546657,1865.3796907445521,3685.09051611389,1.153144655027333,0.9326898453722761,1.842545258056945,0.39451052767664374,0.051541834800950245,0.964824993179377
WbWb_6000_2000,WbWb,6000,2000,85,260,1.4,1.6,/eos/uscms/store/user/aji/rootfiles_existingOptimization/WbWb_6000_2000_pt260_ak14_ca16_th85.root,ok,,1000,1000,1.0,0.0,0.089,0.00900438781928011,0.045,0.54,0.408,0.408,0.5920000000000001,0.015541428505771275,2301.8714727833813,1426.9218237613097,3080.7546538789097,1.1509357363916908,0.7134609118806547,1.540377326939455,0.3592365711274521,0.09413386922024544,0.9663301447666213
WbWb_6000_2000,WbWb,6000,2000,85,280,0.8,1.6,/eos/uscms/store/user/aji/rootfiles_existingOptimization/WbWb_6000_2000_pt280_ak8_ca16_th85.root,ok,,1000,1000,1.0,0.0,0.223,0.01316324428095141,0.1155,0.6015,0.466,0.466,0.534,0.01577479001445027,1944.961547179885,961.6578301939942,2632.9387650126455,0.9724807735899424,0.4808289150969971,1.3164693825063227,0.42964369584631135,0.15225651481260777,0.9663956184873171
WbWb_6000_2000,WbWb,6000,2000,85,260,0.6,1.6,/eos/uscms/store/user/aji/rootfiles_existingOptimization/WbWb_6000_2000_pt260_ak6_ca16_th85.root,ok,,1000,1000,1.0,0.0,0.224,0.013184233007649706,0.115,0.614,0.465,0.465,0.5349999999999999,0.015772602828956293,1874.8066283950095,895.8461790193447,2495.3109956770854,0.9374033141975047,0.4479230895096723,1.2476554978385426,0.42656794371028434,0.16444116020093708,0.9678276122905338
WbWb_6000_2000,WbWb,6000,2000,85,160,1.4,1.2,/eos/uscms/store/user/aji/rootfiles_existingOptimization/WbWb_6000_2000_pt160_ak14_ca12_th85.root,ok,,1000,1000,1.0,0.0,0.019,0.004317290817167636,0.0095,0.5085,0.442,0.442,0.558,0.01570464899321217,2463.4806418937496,2036.2751544382925,3941.8421837736146,1.2317403209468747,1.018137577219146,1.9709210918868072,0.386763142549084,0.029018067140584414,0.9679371746437715
WbWb_6000_2000,WbWb,6000,2000,85,400,0.4,0.4,/eos/uscms/store/user/aji/rootfiles_existingOptimization/WbWb_6000_2000_pt400_ak4_ca4_th85.root,ok,,1000,1000,1.0,0.0,0.367,0.015241751867813621,0.2065,0.7245,0.555,0.555,0.44499999999999995,0.01571543826942157,1791.2857491923357,142.90743213307167,1983.1244820680029,0.8956428745961679,0.07145371606653583,0.9915622410340014,0.5136581505113458,0.07647219714474025,0.969093863051729
WbWb_6000_2000,WbWb,6000,2000,85,200,1.4,1.6,/eos/uscms/store/user/aji/rootfiles_existingOptimization/WbWb_6000_2000_pt200_ak14_ca16_th85.root,ok,,1000,1000,1.0,0.0,0.067,0.007906389820898032,0.0335,0.5265,0.398,0.398,0.602,0.015478888849009803,2334.448424954778,1658.7518191996721,3295.5553524330066,1.167224212477389,0.8293759095998361,1.6477776762165033,0.3505760752167917,0.08304525130141624,0.9692984964645306
WbWb_6000_2000,WbWb,6000,2000,85,360,1.2,1.4,/eos/uscms/store/user/aji/rootfiles_existingOptimization/WbWb_6000_2000_pt360_ak12_ca14_th85.root,ok,,1000,1000,1.0,0.0,0.198,0.012601428490452978,0.103,0.5955,0.465,0.465,0.5349999999999999,0.015772602828956293,2134.3577172258656,957.9903791688461,2787.8443077057286,1.0671788586129327,0.478995189584423,1.3939221538528643,0.42866617759726755,0.08219596501603679,0.9703840634585608
WbWb_6000_2000,WbWb,6000,2000,85,240,1.4,1.6,/eos/uscms/store/user/aji/rootfiles_existingOptimization/WbWb_6000_2000_pt240_ak14_ca16_th85.root,ok,,1000,1000,1.0,0.0,0.083,0.008724161850859944,0.042,0.5345,0.405,0.405,0.595,0.015523369479594306,2311.817131326462,1484.7505709227291,3151.5479051881243,1.155908565663231,0.7423752854613644,1.5757739525940622,0.3604950650463061,0.09233214317036041,0.9710859216126291
WbWb_6000_2000,WbWb,6000,2000,85,300,1.2,1.6,/eos/uscms/store/user/aji/rootfiles_existingOptimization/WbWb_6000_2000_pt300_ak12_ca16_th85.root,ok,,1000,1000,1.0,0.0,0.174,0.011988494484296182,0.0895,0.5905,0.455,0.455,0.5449999999999999,0.015747221977225064,2137.317251847906,1091.3634253733337,2884.450626488735,1.0686586259239528,0.5456817126866669,1.4422253132443674,0.4194714658212565,0.12462381549308435,0.9713373284136517
WbWb_6000_2000,WbWb,6000,2000,85,300,0.4,1.4,/eos/uscms/store/user/aji/rootfiles_existingOptimization/WbWb_6000_2000_pt300_ak4_ca14_th85.root,ok,,1000,1000,1.0,0.0,0.293,0.014392741226048637,0.155,0.6395,0.484,0.484,0.516,0.015803290796539814,1802.5776231561645,632.9998689052817,2242.73691759258,0.9012888115780824,0.31649993445264085,1.12136845879629,0.44650977245262297,0.13543504881727822,0.9723808912948146
WbWb_6000_2000,WbWb,6000,2000,85,340,1.4,1.4,/eos/uscms/store/user/aji/rootfiles_existingOptimization/WbWb_6000_2000_pt340_ak14_ca14_th85.root,ok,,1000,1000,1.0,0.0,0.108,0.009815090422405696,0.055,0.549,0.425,0.425,0.575,0.015632498200863484,2273.1863680444567,1176.5807913371746,2934.468456700384,1.1365931840222285,0.5882903956685873,1.4672342283501922,0.3866571808794233,0.07769172854412268,0.9753164992816461
WbWb_6000_2000,WbWb,6000,2000,85,260,1.6,1.4,/eos/uscms/store/user/aji/rootfiles_existingOptimization/WbWb_6000_2000_pt260_ak16_ca14_th85.root,ok,,1000,1000,1.0,0.0,0.03,0.005394441583704471,0.015,0.452,0.33,0.33,0.6699999999999999,0.014869431730903505,2513.7054439881636,1836.3362581409824,3247.1795551494956,1.2568527219940817,0.9181681290704912,1.623589777574748,0.28063019483502327,0.05188378678871066,0.9763154670344314
WbWb_6000_2000,WbWb,6000,2000,85,280,1.4,1.6,/eos/uscms/store/user/aji/rootfiles_existingOptimization/WbWb_6000_2000_pt280_ak14_ca16_th85.root,ok,,1000,1000,1.0,0.0,0.093,0.009184280047995052,0.047,0.541,0.408,0.408,0.5920000000000001,0.015541428505771275,2287.7838356439374,1363.536505566701,3059.420847852531,1.1438919178219686,0.6817682527833505,1.5297104239262656,0.37063911280946993,0.1004784238936547,0.9770283045916669
WbWb_6000_2000,WbWb,6000,2000,85,360,0.8,1.4,/eos/uscms/store/user/aji/rootfiles_existingOptimization/WbWb_6000_2000_pt360_ak8_ca14_th85.root,ok,,1000,1000,1.0,0.0,0.286,0.014289996501049255,0.152,0.6235,0.478,0.478,0.522,0.015796075461962062,1935.714166894341,682.049233378472,2433.902697306357,0.9678570834471705,0.341024616689236,1.2169513486531784,0.4525083025916367,0.11372792055565825,0.9777225942469197
WbWb_6000_2000,WbWb,6000,2000,85,140,1.2,1.6,/eos/uscms/store/user/aji/rootfiles_existingOptimization/WbWb_6000_2000_pt140_ak12_ca16_th85.root,ok,,1000,1000,1.0,0.0,0.071,0.008121514637061242,0.0355,0.5275,0.422,0.422,0.5780000000000001,0.015617810345883958,2274.9509704905113,1780.3293648804354,3538.9051732596345,1.1374754852452558,0.8901646824402177,1.7694525866298174,0.3865085074778613,0.07776516520960088,0.978256056002387
WbWb_6000_2000,WbWb,6000,2000,85,380,0.4,0.8,/eos/uscms/store/user/aji/rootfiles_existingOptimization/WbWb_6000_2000_pt380_ak4_ca8_th85.root,ok,,1000,1000,1.0,0.0,0.364,0.015215255502291114,0.202,0.7155,0.553,0.553,0.44699999999999995,0.01572230899073034,1794.24036016133,138.5927157242377,2008.4988187299937,0.897120180080665,0.06929635786211887,1.0042494093649967,0.5210857320246721,0.08035119945485945,0.9783737140166056
WbWb_6000_2000,WbWb,6000,2000,85,300,1.0,1.6,/eos/uscms/store/user/aji/rootfiles_existingOptimization/WbWb_6000_2000_pt300_ak10_ca16_th85.root,ok,,1000,1000,1.0,0.0,0.213,0.012947239087929134,0.11,0.589,0.451,0.451,0.5489999999999999,0.015735278834517044,2027.012169394317,1015.0450938073519,2763.5622739988985,1.0135060846971584,0.5075225469036759,1.3817811369994495,0.43130406580489705,0.1465055721676744,0.9816546742746128
WbWb_6000_2000,WbWb,6000,2000,85,300,0.8,1.6,/eos/uscms/store/user/aji/rootfiles_existingOptimization/WbWb_6000_2000_pt300_ak8_ca16_th85.root,ok,,1000,1000,1.0,0.0,0.238,0.01346684818359515,0.1235,0.5995,0.459,0.459,0.5409999999999999,0.015758140753274162,1938.6731531408232,910.0755848364823,2607.662253250294,0.9693365765704116,0.45503779241824116,1.3038311266251468,0.43782178178502384,0.1649403285515727,0.9818881241279827
WbWb_6000_2000,WbWb,6000,2000,85,280,1.6,1.4,/eos/uscms/store/user/aji/rootfiles_existingOptimization/WbWb_6000_2000_pt280_ak16_ca14_th85.root,ok,,1000,1000,1.0,0.0,0.031,0.0054807846153630225,0.0155,0.457,0.33,0.33,0.6699999999999999,0.014869431730903505,2496.016844707892,1769.5054453879952,3207.1821033955744,1.248008422353946,0.8847527226939976,1.6035910516977872,0.2879941818212829,0.05302708583564929,0.9827950240566774
WbWb_6000_2000,WbWb,6000,2000,85,240,1.6,1.4,/eos/uscms/store/user/aji/rootfiles_existingOptimization/WbWb_6000_2000_pt240_ak16_ca14_th85.root,ok,,1000,1000,1.0,0.0,0.025,0.0049371044145328745,0.0125,0.447,0.327,0.327,0.673,0.014834790190629592,2528.8419917302863,1893.430025538603,3332.5171431451045,1.2644209958651433,0.9467150127693016,1.6662585715725522,0.2845348033432978,0.051254662628812536,0.9839769029298122
WbWb_6000_2000,WbWb,6000,2000,85,320,1.2,1.6,/eos/uscms/store/user/aji/rootfiles_existingOptimization/WbWb_6000_2000_pt320_ak12_ca16_th85.root,ok,,1000,1000,1.0,0.0,0.188,0.012355403676124872,0.097,0.59,0.451,0.451,0.5489999999999999,0.015735278834517044,2125.4630051317426,1022.120340935981,2850.71881711187,1.0627315025658715,0.5110601704679905,1.4253594085559351,0.43016473863833427,0.13190779631698674,0.9854378888949213
WbWb_6000_2000,WbWb,6000,2000,85,400,0.8,1.2,/eos/uscms/store/user/aji/rootfiles_existingOptimization/WbWb_6000_2000_pt400_ak8_ca12_th85.root,ok,,1000,1000,1.0,0.0,0.32,0.014751271131668619,0.172,0.651,0.501,0.501,0.499,0.015811356678033673,1932.551221156673,482.83298991541227,2351.312060193706,0.9662756105783364,0.24141649495770615,1.1756560300968533,0.48342291004322513,0.09483248373530814,0.9857953489853915
WbWb_6000_2000,WbWb,6000,2000,85,340,0.6,1.4,/eos/uscms/store/user/aji/rootfiles_existingOptimization/WbWb_6000_2000_pt340_ak6_ca14_th85.root,ok,,1000,1000,1.0,0.0,0.296,0.01443551176785915,0.1575,0.634,0.474,0.474,0.526,0.01578999683343857,1862.3173730096069,640.2801502973331,2327.468714190198,0.9311586865048034,0.32014007514866655,1.163734357095099,0.45298094415729906,0.13159558526603315,0.9858650755068188
WbWb_6000_2000,WbWb,6000,2000,85,400,0.4,0.6,/eos/uscms/store/user/aji/rootfiles_existingOptimization/WbWb_6000_2000_pt400_ak4_ca6_th85.root,ok,,1000,1000,1.0,0.0,0.381,0.015357050498061143,0.2135,0.7155,0.544,0.544,0.45599999999999996,0.01575004761897563,1789.2535307936473,127.44707320720632,1986.0891963161912,0.8946267653968237,0.06372353660360316,0.9930445981580956,0.5193903745671412,0.08035119945485945,0.9859276980274587
WbWb_6000_2000,WbWb,6000,2000,85,400,0.6,1.0,/eos/uscms/store/user/aji/rootfiles_existingOptimization/WbWb_6000_2000_pt400_ak6_ca10_th85.root,ok,,1000,1000,1.0,0.0,0.344,0.015022117027902558,0.1885,0.695,0.534,0.534,0.46599999999999997,0.01577479001445027,1857.6118805249914,260.20153242679396,2171.0643809524036,0.9288059402624957,0.130100766213397,1.0855321904762019,0.5143331792176008,0.08390912431601465,0.9874525851913512
WbWb_6000_2000,WbWb,6000,2000,85,240,0.4,1.6,/eos/uscms/store/user/aji/rootfiles_existingOptimization/WbWb_6000_2000_pt240_ak4_ca16_th85.root,ok,,1000,1000,1.0,0.0,0.25,0.013693063937629153,0.1305,0.613,0.456,0.456,0.544,0.01575004761897563,1801.7351093006807,766.8510599007737,2338.1638424543326,0.9008675546503404,0.3834255299503869,1.1690819212271664,0.4360554374620148,0.19350081970900793,0.9899686819969808
WbWb_6000_2000,WbWb,6000,2000,85,180,1.4,1.6,/eos/uscms/store/user/aji/rootfiles_existingOptimization/WbWb_6000_2000_pt180_ak14_ca16_th85.root,ok,,1000,1000,1.0,0.0,0.06,0.007509993342207435,0.03,0.5055,0.388,0.388,0.612,0.015409607392792329,2377.391526510786,1785.7925551342346,3495.4627697186916,1.1886957632553932,0.8928962775671173,1.7477313848593456,0.3595685009220335,0.0787037387274909,0.9904380772475728
WbWb_6000_2000,WbWb,6000,2000,85,280,0.6,1.6,/eos/uscms/store/user/aji/rootfiles_existingOptimization/WbWb_6000_2000_pt280_ak6_ca16_th85.root,ok,,1000,1000,1.0,0.0,0.247,0.013637851736985557,0.129,0.609,0.453,0.453,0.5469999999999999,0.015741378592740853,1865.4520931169727,820.5909555895998,2451.4388385678185,0.9327260465584865,0.41029547779479997,1.2257194192839094,0.4371186719282736,0.19329177242102777,0.9908460672724249
WbWb_6000_2000,WbWb,6000,2000,85,380,1.0,1.4,/eos/uscms/store/user/aji/rootfiles_existingOptimization/WbWb_6000_2000_pt380_ak10_ca14_th85.root,ok,,1000,1000,1.0,0.0,0.27,0.014039230748157109,0.142,0.6085,0.466,0.466,0.534,0.01577479001445027,2015.094991978737,737.8686308563505,2576.335933944131,1.0075474959893684,0.36893431542817523,1.2881679669720651,0.45617385542765004,0.10473106723788692,0.9909286050265869
WbWb_6000_2000,WbWb,6000,2000,85,360,1.4,1.4,/eos/uscms/store/user/aji/rootfiles_existingOptimization/WbWb_6000_2000_pt360_ak14_ca14_th85.root,ok,,1000,1000,1.0,0.0,0.118,0.01020176455325254,0.06,0.5475,0.418,0.418,0.5820000000000001,0.015597307459943206,2256.1497009659624,1108.405883351184,2911.7230483782205,1.1280748504829814,0.5542029416755919,1.4558615241891102,0.3996448383400606,0.0830788318430958,0.9944523233883588
WbWb_6000_2000,WbWb,6000,2000,85,380,1.2,1.4,/eos/uscms/store/user/aji/rootfiles_existingOptimization/WbWb_6000_2000_pt380_ak12_ca14_th85.root,ok,,1000,1000,1.0,0.0,0.218,0.0130566458173606,0.113,0.592,0.45,0.45,0.55,0.015732132722552274,2122.539560663786,879.6571214075357,2741.5321118471734,1.0612697803318931,0.4398285607037678,1.3707660559235868,0.4385960631653363,0.09450501760688843,0.9947230411985256
WbWb_6000_2000,WbWb,6000,2000,85,300,1.6,1.4,/eos/uscms/store/user/aji/rootfiles_existingOptimization/WbWb_6000_2000_pt300_ak16_ca14_th85.root,ok,,1000,1000,1.0,0.0,0.033,0.005648982209212559,0.0165,0.4675,0.335,0.335,0.665,0.014925649064613572,2464.0986635012996,1658.4767602271747,3171.1443816030287,1.2320493317506498,0.8292383801135873,1.5855721908015143,0.3069413663871857,0.05522126692691752,0.9951462995622508
WbWb_6000_2000,WbWb,6000,2000,85,220,1.6,1.4,/eos/uscms/store/user/aji/rootfiles_existingOptimization/WbWb_6000_2000_pt220_ak16_ca14_th85.root,ok,,1000,1000,1.0,0.0,0.025,0.0049371044145328745,0.0125,0.44,0.323,0.323,0.677,0.014787528529135624,2544.556334109877,1948.7982856575936,3437.650281918662,1.2722781670549383,0.9743991428287968,1.718825140959331,0.29255630466949173,0.05049616072018462,0.9967841213749855
WbWb_6000_2000,WbWb,6000,2000,85,320,1.0,1.6,/eos/uscms/store/user/aji/rootfiles_existingOptimization/WbWb_6000_2000_pt320_ak10_ca16_th85.root,ok,,1000,1000,1.0,0.0,0.232,0.013348258313353095,0.12,0.589,0.445,0.445,0.5549999999999999,0.01571543826942157,2018.145451199266,945.8787340168602,2734.2695469940904,1.009072725599633,0.4729393670084301,1.3671347734970454,0.4430777801259305,0.16392067488768303,0.9989850526858937
WbWb_6000_2000,WbWb,6000,2000,85,360,0.4,1.0,/eos/uscms/store/user/aji/rootfiles_existingOptimization/WbWb_6000_2000_pt360_ak4_ca10_th85.root,ok,,1000,1000,1.0,0.0,0.352,0.015102847413650183,0.1925,0.696,0.536,0.536,0.46399999999999997,0.015770351930125083,1795.1382032359352,158.76583033725674,2045.2595906124773,0.8975691016179677,0.07938291516862837,1.0226297953062387,0.5254452712539365,0.0850013659207231,0.9996883610921397
WbWb_6000_2000,WbWb,6000,2000,85,340,0.4,1.2,/eos/uscms/store/user/aji/rootfiles_existingOptimization/WbWb_6000_2000_pt340_ak4_ca12_th85.root,ok,,1000,1000,1.0,0.0,0.332,0.014892145580808697,0.1795,0.67,0.509,0.509,0.491,0.015808826648426505,1798.252247292863,315.1850513466094,2110.99405594489,0.8991261236464316,0.15759252567330467,1.0554970279724452,0.49932066185423646,0.1012351163323071,1.0004080494895933
WbWb_6000_2000,WbWb,6000,2000,85,400,1.2,1.4,/eos/uscms/store/user/aji/rootfiles_existingOptimization/WbWb_6000_2000_pt400_ak12_ca14_th85.root,ok,,1000,1000,1.0,0.0,0.226,0.013225883713385657,0.119,0.59,0.447,0.447,0.5529999999999999,0.01572230899073034,2112.964148677374,819.4044855603236,2705.473980317368,1.0564820743386871,0.4097022427801618,1.3527369901586839,0.44630892008689393,0.09753405741937435,1.0049571275207625
WbWb_6000_2000,WbWb,6000,2000,85,400,0.4,0.8,/eos/uscms/store/user/aji/rootfiles_existingOptimization/WbWb_6000_2000_pt400_ak4_ca8_th85.root,ok,,1000,1000,1.0,0.0,0.395,0.015458816254810716,0.2205,0.6985,0.526,0.526,0.474,0.01578999683343857,1785.5941611752621,126.70990345054399,1989.9978468633656,0.8927970805876311,0.06335495172527199,0.9949989234316827,0.5217557225283549,0.08564430266726875,1.006476014469592
WbWb_6000_2000,WbWb,6000,2000,85,260,0.4,1.6,/eos/uscms/store/user/aji/rootfiles_existingOptimization/WbWb_6000_2000_pt260_ak4_ca16_th85.root,ok,,1000,1000,1.0,0.0,0.27,0.014039230748157109,0.1415,0.609,0.447,0.447,0.5529999999999999,0.01572230899073034,1795.8691535693067,719.7661287165855,2318.5045962236395,0.8979345767846534,0.35988306435829276,1.1592522981118196,0.44511552089681644,0.21065013397477803,1.008322063218351
WbWb_6000_2000,WbWb,6000,2000,85,320,0.8,1.6,/eos/uscms/store/user/aji/rootfiles_existingOptimization/WbWb_6000_2000_pt320_ak8_ca16_th85.root,ok,,1000,1000,1.0,0.0,0.265,0.013956181426163821,0.1375,0.5965,0.448,0.448,0.552,0.015725647840391186,1930.2428608554671,825.0190534436908,2576.0053203871144,0.9651214304277336,0.41250952672184543,1.2880026601935572,0.4535663108649969,0.20825098899817257,1.0090541678222236
WbWb_6000_2000,WbWb,6000,2000,85,300,1.4,1.6,/eos/uscms/store/user/aji/rootfiles_existingOptimization/WbWb_6000_2000_pt300_ak14_ca16_th85.root,ok,,1000,1000,1.0,0.0,0.102,0.009570579919733181,0.0515,0.5395,0.399,0.399,0.601,0.015485444778888335,2273.4515415668275,1250.4907613780574,3044.8687746622086,1.1367257707834137,0.6252453806890287,1.5224343873311041,0.3946374005507708,0.11131844042044903,1.0093099776291121
WbWb_6000_2000,WbWb,6000,2000,85,340,1.2,1.6,/eos/uscms/store/user/aji/rootfiles_existingOptimization/WbWb_6000_2000_pt340_ak12_ca16_th85.root,ok,,1000,1000,1.0,0.0,0.206,0.0127892142057282,0.1065,0.5825,0.438,0.438,0.562,0.01568935945155187,2115.383372810242,956.1213137475258,2837.0231772708166,1.057691686405121,0.4780606568737629,1.4185115886354083,0.44457706524953744,0.15356638074943457,1.0123462338900495
WbWb_6000_2000,WbWb,6000,2000,85,120,1.2,1.0,/eos/uscms/store/user/aji/rootfiles_existingOptimization/WbWb_6000_2000_pt120_ak12_ca10_th85.root,ok,,1000,1000,1.0,0.0,0.026,0.0050322956987840055,0.013,0.519,0.464,0.464,0.536,0.015770351930125083,2464.6317172384156,2007.2533003568333,4243.575234566695,1.2323158586192078,1.0036266501784168,2.121787617283348,0.4536827791690575,0.01868819353094834,1.0129143650309782
WbWb_6000_2000,WbWb,6000,2000,85,320,1.6,1.4,/eos/uscms/store/user/aji/rootfiles_existingOptimization/WbWb_6000_2000_pt320_ak16_ca14_th85.root,ok,,1000,1000,1.0,0.0,0.036,0.005891010100144117,0.018,0.4715,0.334,0.334,0.6659999999999999,0.014914556647785413,2445.1295835808296,1564.17218295712,3154.5973062823728,1.2225647917904148,0.7820860914785599,1.5772986531411863,0.3252230748842595,0.05764587685598853,1.0134795540633008
WbWb_6000_2000,WbWb,6000,2000,85,380,0.6,1.2,/eos/uscms/store/user/aji/rootfiles_existingOptimization/WbWb_6000_2000_pt380_ak6_ca12_th85.root,ok,,1000,1000,1.0,0.0,0.336,0.014936666294725875,0.1805,0.6645,0.5,0.5,0.5,0.015811388300841896,1858.3339184731149,328.1837268772571,2211.332704634664,0.9291669592365573,0.16409186343862853,1.105666352317332,0.5066766954629665,0.10516604082465161,1.0137599995393107
WbWb_6000_2000,WbWb,6000,2000,85,300,0.6,1.6,/eos/uscms/store/user/aji/rootfiles_existingOptimization/WbWb_6000_2000_pt300_ak6_ca16_th85.root,ok,,1000,1000,1.0,0.0,0.27,0.014039230748157109,0.1405,0.6025,0.437,0.437,0.563,0.01568537535413163,1854.748844124353,762.9089930873276,2428.6830347692558,0.9273744220621765,0.38145449654366387,1.214341517384628,0.44905649812343135,0.2430919209559913,1.0193190559172136
WbWb_6000_2000,WbWb,6000,2000,85,380,0.4,1.0,/eos/uscms/store/user/aji/rootfiles_existingOptimization/WbWb_6000_2000_pt380_ak4_ca10_th85.root,ok,,1000,1000,1.0,0.0,0.374,0.015301111070768685,0.207,0.685,0.519,0.519,0.481,0.01579996835439869,1789.2535307936473,137.8375682110476,2026.9583703199278,0.8946267653968237,0.0689187841055238,1.0134791851599638,0.5279075238909645,0.09120793297972,1.019444847351282
WbWb_6000_2000,WbWb,6000,2000,85,380,0.8,1.4,/eos/uscms/store/user/aji/rootfiles_existingOptimization/WbWb_6000_2000_pt380_ak8_ca14_th85.root,ok,,1000,1000,1.0,0.0,0.306,0.0145727142289966,0.163,0.6165,0.463,0.463,0.5369999999999999,0.015768037290671277,1932.0582683879447,550.7595502402945,2407.3116451231917,0.9660291341939723,0.2753797751201473,1.2036558225615959,0.4804596541573129,0.12890081692898037,1.0208567407379157
WbWb_6000_2000,WbWb,6000,2000,85,400,1.0,1.4,/eos/uscms/store/user/aji/rootfiles_existingOptimization/WbWb_6000_2000_pt400_ak10_ca14_th85.root,ok,,1000,1000,1.0,0.0,0.285,0.014274978108564651,0.1515,0.6015,0.454,0.454,0.546,0.015744332313566048,2009.0947760076315,648.3813036402083,2556.2257920103025,1.0045473880038158,0.32419065182010415,1.278112896005151,0.47480201311390174,0.11138858751341382,1.0212567519142834
WbWb_6000_2000,WbWb,6000,2000,85,320,0.4,1.4,/eos/uscms/store/user/aji/rootfiles_existingOptimization/WbWb_6000_2000_pt320_ak4_ca14_th85.root,ok,,1000,1000,1.0,0.0,0.317,0.014714312760030624,0.169,0.626,0.463,0.463,0.5369999999999999,0.015768037290671277,1798.252247292863,510.385946863623,2220.060988547183,0.8991261236464316,0.2551929734318115,1.1100304942735917,0.4753713068501237,0.15121749716030508,1.0224586944854805
WbWb_6000_2000,WbWb,6000,2000,85,320,1.4,1.6,/eos/uscms/store/user/aji/rootfiles_existingOptimization/WbWb_6000_2000_pt320_ak14_ca16_th85.root,ok,,1000,1000,1.0,0.0,0.11,0.009894442884771228,0.056,0.5395,0.395,0.395,0.605,0.015458816254810716,2262.2659723729025,1176.5807913371746,3021.489136734932,1.1311329861864512,0.5882903956685873,1.510744568367466,0.40775672885682485,0.1174776157191682,1.02587002747547
WbWb_6000_2000,WbWb,6000,2000,85,160,1.4,1.4,/eos/uscms/store/user/aji/rootfiles_existingOptimization/WbWb_6000_2000_pt160_ak14_ca14_th85.root,ok,,1000,1000,1.0,0.0,0.039,0.006122009474020765,0.0195,0.4755,0.392,0.392,0.608,0.015438134602341048,2473.4234000745714,1992.735199900097,3944.898041707521,1.2367117000372856,0.9963675999500485,1.9724490208537604,0.3946277135060192,0.052551755985298765,1.0262988835097477
WbWb_6000_2000,WbWb,6000,2000,85,340,1.0,1.6,/eos/uscms/store/user/aji/rootfiles_existingOptimization/WbWb_6000_2000_pt340_ak10_ca16_th85.root,ok,,1000,1000,1.0,0.0,0.253,0.013747399754135324,0.131,0.5845,0.437,0.437,0.563,0.01568537535413163,2006.192835573475,845.7827100262459,2717.802081316326,1.0030964177867374,0.42289135501312297,1.358901040658163,0.4665601775900468,0.19556299248259507,1.0298698193687206
WbWb_6000_2000,WbWb,6000,2000,85,340,1.6,1.4,/eos/uscms/store/user/aji/rootfiles_existingOptimization/WbWb_6000_2000_pt340_ak16_ca14_th85.root,ok,,1000,1000,1.0,0.0,0.044,0.006485676526007136,0.0225,0.474,0.331,0.331,0.669,0.014880826589944525,2423.7590187987053,1476.5155360935717,3130.2955863631305,1.2118795093993526,0.7382577680467859,1.5651477931815652,0.3411601643238498,0.06253052414068576,1.0313481152637851
WbWb_6000_2000,WbWb,6000,2000,85,380,1.4,1.4,/eos/uscms/store/user/aji/rootfiles_existingOptimization/WbWb_6000_2000_pt380_ak14_ca14_th85.root,ok,,1000,1000,1.0,0.0,0.13,0.010634848376916336,0.066,0.5385,0.4,0.4,0.6,0.015491933384829668,2241.997424118456,1014.9067843879766,2896.1680489551145,1.120998712059228,0.5074533921939883,1.4480840244775572,0.41955027341452944,0.09173137876134146,1.0316501446204522
WbWb_6000_2000,WbWb,6000,2000,85,360,0.6,1.4,/eos/uscms/store/user/aji/rootfiles_existingOptimization/WbWb_6000_2000_pt360_ak6_ca14_th85.root,ok,,1000,1000,1.0,0.0,0.316,0.014701836619960105,0.169,0.626,0.46,0.46,0.54,0.015760710643876435,1854.3929669257964,487.05803610630716,2290.965951324528,0.9271964834628983,0.24352901805315358,1.1454829756622638,0.4863877148457724,0.14585554522006478,1.0336680664994826
WbWb_6000_2000,WbWb,6000,2000,85,360,1.2,1.6,/eos/uscms/store/user/aji/rootfiles_existingOptimization/WbWb_6000_2000_pt360_ak12_ca16_th85.root,ok,,1000,1000,1.0,0.0,0.224,0.013184233007649706,0.116,0.577,0.427,0.427,0.573,0.015641962792437528,2109.697593020888,887.2937689629501,2818.636534857581,1.054848796510444,0.4436468844814751,1.4093182674287905,0.4577297647501057,0.16639076585537305,1.03621464440115
WbWb_6000_2000,WbWb,6000,2000,85,100,1.0,1.6,/eos/uscms/store/user/aji/rootfiles_existingOptimization/WbWb_6000_2000_pt100_ak10_ca16_th85.root,ok,,1000,1000,1.0,0.0,0.06,0.007509993342207435,0.03,0.512,0.407,0.407,0.593,0.015535475531827148,2260.6856247639143,1743.199981059224,3690.2799125563147,1.130342812381957,0.8715999905296119,1.8451399562781572,0.43063925168728984,0.07775725219233973,1.0366735329254855
WbWb_6000_2000,WbWb,6000,2000,85,400,1.4,1.4,/eos/uscms/store/user/aji/rootfiles_existingOptimization/WbWb_6000_2000_pt400_ak14_ca14_th85.root,ok,,1000,1000,1.0,0.0,0.135,0.010806248192596726,0.0685,0.54,0.399,0.399,0.601,0.015485444778888335,2228.404065035821,977.5138195497298,2873.735061800086,1.1142020325179107,0.4887569097748649,1.436867530900043,0.42546620516505707,0.09830692979827907,1.0378864084168482
WbWb_6000_2000,WbWb,6000,2000,85,200,1.6,1.4,/eos/uscms/store/user/aji/rootfiles_existingOptimization/WbWb_6000_2000_pt200_ak16_ca14_th85.root,ok,,1000,1000,1.0,0.0,0.02,0.004427188724235731,0.01,0.4195,0.311,0.311,0.6890000000000001,0.014638271755914357,2583.7093434784592,2017.713742503507,3672.3584836066407,1.2918546717392294,1.0088568712517536,1.8361792418033205,0.3202072139576425,0.046024429531801754,1.0383926811315654
WbWb_6000_2000,WbWb,6000,2000,85,340,1.4,1.6,/eos/uscms/store/user/aji/rootfiles_existingOptimization/WbWb_6000_2000_pt340_ak14_ca16_th85.root,ok,,1000,1000,1.0,0.0,0.123,0.010386096475577337,0.0625,0.539,0.387,0.387,0.613,0.015402305022301045,2248.231075603785,1123.6722832392031,2992.005247563024,1.1241155378018926,0.5618361416196016,1.4960026237815118,0.4155117738113421,0.13338676380584003,1.0409233275915313
WbWb_6000_2000,WbWb,6000,2000,85,400,0.6,1.2,/eos/uscms/store/user/aji/rootfiles_existingOptimization/WbWb_6000_2000_pt400_ak6_ca12_th85.root,ok,,1000,1000,1.0,0.0,0.354,0.015122301412152848,0.1935,0.654,0.488,0.488,0.512,0.01580683396509244,1852.863654038787,236.97100241275396,2197.1599512333933,0.9264318270193934,0.11848550120637698,1.0985799756166967,0.5289620055280133,0.11445402324846643,1.048318822826074
WbWb_6000_2000,WbWb,6000,2000,85,400,0.4,1.0,/eos/uscms/store/user/aji/rootfiles_existingOptimization/WbWb_6000_2000_pt400_ak4_ca10_th85.root,ok,,1000,1000,1.0,0.0,0.403,0.01551099609954177,0.2245,0.669,0.493,0.493,0.507,0.015809838708854686,1777.7477775152875,125.42072875320541,2014.9967678202024,0.8888738887576437,0.06271036437660271,1.0074983839101013,0.5314522293224321,0.10684810542395011,1.0495648404466678
WbWb_6000_2000,WbWb,6000,2000,85,280,0.4,1.6,/eos/uscms/store/user/aji/rootfiles_existingOptimization/WbWb_6000_2000_pt280_ak4_ca16_th85.root,ok,,1000,1000,1.0,0.0,0.297,0.014449602070645405,0.156,0.598,0.426,0.426,0.5740000000000001,0.015637263187655313,1786.7498268765298,632.2448955489697,2300.363785138396,0.8933749134382649,0.31612244777448484,1.150181892569198,0.46680258883962344,0.262868845139934,1.051465097495797
WbWb_6000_2000,WbWb,6000,2000,85,360,1.6,1.4,/eos/uscms/store/user/aji/rootfiles_existingOptimization/WbWb_6000_2000_pt360_ak16_ca14_th85.root,ok,,1000,1000,1.0,0.0,0.047,0.006692607862410586,0.024,0.474,0.326,0.326,0.6739999999999999,0.014823090096197892,2402.5882680612704,1377.633736716728,3102.7116756571218,1.2012941340306353,0.688816868358364,1.5513558378285608,0.35900407112459953,0.06658419754188823,1.053133484527663
WbWb_6000_2000,WbWb,6000,2000,85,360,0.4,1.2,/eos/uscms/store/user/aji/rootfiles_existingOptimization/WbWb_6000_2000_pt360_ak4_ca12_th85.root,ok,,1000,1000,1.0,0.0,0.359,0.01516967369457893,0.196,0.66,0.491,0.491,0.509,0.015808826648426505,1791.2857491923357,146.70427047109456,2068.372330790944,0.8956428745961679,0.07335213523554729,1.034186165395472,0.5363934986883866,0.11583422615473464,1.0558292112287697
WbWb_6000_2000,WbWb,6000,2000,85,400,0.8,1.4,/eos/uscms/store/user/aji/rootfiles_existingOptimization/WbWb_6000_2000_pt400_ak8_ca14_th85.root,ok,,1000,1000,1.0,0.0,0.325,0.014811313243598625,0.1745,0.61,0.453,0.453,0.5469999999999999,0.015741378592740853,1924.3874549179463,455.35491504149405,2400.928654300673,0.9621937274589731,0.22767745752074703,1.2004643271503366,0.5055046826165618,0.13614846872365066,1.0562853098706644
WbWb_6000_2000,WbWb,6000,2000,85,320,0.6,1.6,/eos/uscms/store/user/aji/rootfiles_existingOptimization/WbWb_6000_2000_pt320_ak6_ca16_th85.root,ok,,1000,1000,1.0,0.0,0.295,0.01442133835675455,0.1545,0.594,0.422,0.422,0.5780000000000001,0.015617810345883958,1843.7089909205392,652.7816586811092,2390.127379966552,0.9218544954602695,0.32639082934055463,1.195063689983276,0.4711550819139873,0.2642323566709784,1.0569696323679605
WbWb_6000_2000,WbWb,6000,2000,85,340,0.8,1.6,/eos/uscms/store/user/aji/rootfiles_existingOptimization/WbWb_6000_2000_pt340_ak8_ca16_th85.root,ok,,1000,1000,1.0,0.0,0.291,0.014363808687113596,0.1525,0.5875,0.432,0.432,0.5680000000000001,0.01566448211719749,1912.923387044186,682.049233378472,2536.7182340099243,0.956461693522093,0.341024616689236,1.2683591170049622,0.4847734658880544,0.24226613750204593,1.0571272965358451
WbWb_6000_2000,WbWb,6000,2000,85,380,1.2,1.6,/eos/uscms/store/user/aji/rootfiles_existingOptimization/WbWb_6000_2000_pt380_ak12_ca16_th85.root,ok,,1000,1000,1.0,0.0,0.243,0.013562853682024296,0.1255,0.5755,0.414,0.414,0.5860000000000001,0.015575750383207866,2100.0790515690474,808.2561111195141,2784.7338343409283,1.0500395257845236,0.404128055559757,1.3923669171704642,0.47057222006588617,0.21860474129245627,1.0615761726443385
WbWb_6000_2000,WbWb,6000,2000,85,360,1.4,1.6,/eos/uscms/store/user/aji/rootfiles_existingOptimization/WbWb_6000_2000_pt360_ak14_ca16_th85.root,ok,,1000,1000,1.0,0.0,0.136,0.010839926199010766,0.069,0.535,0.38,0.38,0.62,0.015349267083479915,2227.599126323433,1029.887929920247,2946.549477092011,1.1137995631617166,0.5149439649601235,1.4732747385460054,0.4302079140996837,0.14964655356641565,1.0615878704158552
WbWb_6000_2000,WbWb,6000,2000,85,360,1.0,1.6,/eos/uscms/store/user/aji/rootfiles_existingOptimization/WbWb_6000_2000_pt360_ak10_ca16_th85.root,ok,,1000,1000,1.0,0.0,0.277,0.014151713677148785,0.143,0.581,0.427,0.427,0.573,0.015641962792437528,1992.7268333175261,737.8686308563505,2686.8111484477595,0.9963634166587629,0.36893431542817523,1.3434055742238797,0.4890139694527965,0.22914132281116883,1.0623776277869201
WbWb_6000_2000,WbWb,6000,2000,85,380,0.4,1.2,/eos/uscms/store/user/aji/rootfiles_existingOptimization/WbWb_6000_2000_pt380_ak4_ca12_th85.root,ok,,1000,1000,1.0,0.0,0.379,0.015341414537127925,0.2095,0.6505,0.478,0.478,0.522,0.015796075461962062,1786.4162106848653,135.85017311939944,2053.595724170536,0.8932081053424327,0.06792508655969971,1.026797862085268,0.5367577666337686,0.1273247261168743,1.0694369560995254
WbWb_6000_2000,WbWb,6000,2000,85,380,1.6,1.4,/eos/uscms/store/user/aji/rootfiles_existingOptimization/WbWb_6000_2000_pt380_ak16_ca14_th85.root,ok,,1000,1000,1.0,0.0,0.049,0.006826346021115542,0.025,0.477,0.322,0.322,0.6779999999999999,0.014775520295407536,2381.3506847453064,1298.3527192109998,3077.14570684046,1.190675342372653,0.6491763596054998,1.53857285342023,0.37348404815473635,0.07586350976607449,1.0705515823920015
WbWb_6000_2000,WbWb,6000,2000,85,400,1.2,1.6,/eos/uscms/store/user/aji/rootfiles_existingOptimization/WbWb_6000_2000_pt400_ak12_ca16_th85.root,ok,,1000,1000,1.0,0.0,0.251,0.013711272734505722,0.1315,0.5725,0.41,0.41,0.5900000000000001,0.015553134732265389,2088.016295118518,741.6981835386631,2752.273210854948,1.0440081475592589,0.3708490917693315,1.376136605427474,0.48145577982717874,0.2466820480984357,1.0758565945831047
WbWb_6000_2000,WbWb,6000,2000,85,120,1.2,1.2,/eos/uscms/store/user/aji/rootfiles_existingOptimization/WbWb_6000_2000_pt120_ak12_ca12_th85.root,ok,,1000,1000,1.0,0.0,0.036,0.005891010100144117,0.018,0.488,0.42,0.42,0.5800000000000001,0.015607690412101336,2468.7655851421277,1986.2436400905249,4342.030743337267,1.234382792571064,0.9931218200452624,2.171015371668634,0.47711842659843284,0.041202357675205,1.0805567058555394
WbWb_6000_2000,WbWb,6000,2000,85,300,0.4,1.6,/eos/uscms/store/user/aji/rootfiles_existingOptimization/WbWb_6000_2000_pt300_ak4_ca16_th85.root,ok,,1000,1000,1.0,0.0,0.315,0.01468928180681411,0.166,0.5925,0.415,0.415,0.585,0.015581238718407468,1772.6183345067209,550.89831000757,2271.0470326782015,0.8863091672533605,0.275449155003785,1.1355235163391009,0.48519996921652897,0.29016836013543157,1.0815690524911927
WbWb_6000_2000,WbWb,6000,2000,85,160,1.4,1.6,/eos/uscms/store/user/aji/rootfiles_existingOptimization/WbWb_6000_2000_pt160_ak14_ca16_th85.root,ok,,1000,1000,1.0,0.0,0.05,0.006892024376045111,0.025,0.469,0.362,0.362,0.638,0.015197236590906913,2444.3640103177763,1882.1532642738875,3957.9040673484874,1.222182005158888,0.9410766321369438,1.9789520336742437,0.42459936292482575,0.07950683946952469,1.0848175634407147
WbWb_6000_2000,WbWb,6000,2000,85,340,0.4,1.4,/eos/uscms/store/user/aji/rootfiles_existingOptimization/WbWb_6000_2000_pt340_ak4_ca14_th85.root,ok,,1000,1000,1.0,0.0,0.335,0.014925649064613574,0.181,0.618,0.449,0.449,0.5509999999999999,0.015728922404284407,1787.7692983839474,294.68335672180604,2169.6203195741673,0.8938846491919736,0.14734167836090303,1.0848101597870836,0.5243788906508264,0.1690620738345298,1.0859904257316289
WbWb_6000_2000,WbWb,6000,2000,85,360,0.8,1.6,/eos/uscms/store/user/aji/rootfiles_existingOptimization/WbWb_6000_2000_pt360_ak8_ca16_th85.root,ok,,1000,1000,1.0,0.0,0.309,0.014612289348353324,0.1635,0.585,0.421,0.421,0.579,0.015612783224012303,1903.924941595281,548.8547911640279,2461.181980539953,0.9519624707976405,0.27442739558201396,1.2305909902699765,0.5022065596172095,0.26720262522203475,1.0860103125374454
WbWb_6000_2000,WbWb,6000,2000,85,400,1.6,1.4,/eos/uscms/store/user/aji/rootfiles_existingOptimization/WbWb_6000_2000_pt400_ak16_ca14_th85.root,ok,,1000,1000,1.0,0.0,0.049,0.006826346021115542,0.025,0.478,0.317,0.317,0.683,0.014714312760030622,2361.804510908516,1239.2106802042547,3064.3490193058897,1.1809022554542579,0.6196053401021274,1.5321745096529449,0.38638641146458785,0.08126991751819407,1.0874766370100137
WbWb_6000_2000,WbWb,6000,2000,85,380,1.4,1.6,/eos/uscms/store/user/aji/rootfiles_existingOptimization/WbWb_6000_2000_pt380_ak14_ca16_th85.root,ok,,1000,1000,1.0,0.0,0.151,0.01132249972400088,0.0765,0.527,0.363,0.363,0.637,0.015206281596761254,2210.193689629451,957.4497525776547,2925.9127540098843,1.1050968448147254,0.4787248762888274,1.462956377004942,0.44531459180897653,0.174876172169456,1.092824276290449
WbWb_6000_2000,WbWb,6000,2000,85,380,0.6,1.4,/eos/uscms/store/user/aji/rootfiles_existingOptimization/WbWb_6000_2000_pt380_ak6_ca14_th85.root,ok,,1000,1000,1.0,0.0,0.339,0.014969268519202935,0.182,0.619,0.446,0.446,0.554,0.01571890581433708,1847.2040515310705,303.93823560495224,2268.941131492506,0.9236020257655353,0.1519691178024761,1.1344705657462528,0.5318857151322411,0.18858223939136315,1.0935255125556878
WbWb_6000_2000,WbWb,6000,2000,85,380,1.0,1.6,/eos/uscms/store/user/aji/rootfiles_existingOptimization/WbWb_6000_2000_pt380_ak10_ca16_th85.root,ok,,1000,1000,1.0,0.0,0.293,0.014392741226048637,0.1535,0.575,0.413,0.413,0.587,0.015570195888298902,1985.8092128854998,646.7670306102688,2659.244220265285,0.9929046064427499,0.3233835153051344,1.3296221101326424,0.5067146371858066,0.26031756060020106,1.0944241765415317
WbWb_6000_2000,WbWb,6000,2000,85,400,0.4,1.2,/eos/uscms/store/user/aji/rootfiles_existingOptimization/WbWb_6000_2000_pt400_ak4_ca12_th85.root,ok,,1000,1000,1.0,0.0,0.407,0.015535475531827147,0.2265,0.6365,0.454,0.454,0.546,0.015744332313566048,1774.2388781608247,125.20707120248467,2033.148861209391,0.8871194390804125,0.06260353560124234,1.0165744306046955,0.5376789488416233,0.14127160211358575,1.094967004933582
WbWb_6000_2000,WbWb,6000,2000,85,400,1.4,1.6,/eos/uscms/store/user/aji/rootfiles_existingOptimization/WbWb_6000_2000_pt400_ak14_ca16_th85.root,ok,,1000,1000,1.0,0.0,0.158,0.011534123287012324,0.08,0.528,0.362,0.362,0.638,0.015197236590906913,2203.724043926187,931.9234492545496,2920.01585112531,1.1018620219630932,0.4659617246272748,1.460007925562655,0.4510756252240971,0.19228023689596824,1.0992618274204065
WbWb_6000_2000,WbWb,6000,2000,85,280,1.6,1.6,/eos/uscms/store/user/aji/rootfiles_existingOptimization/WbWb_6000_2000_pt280_ak16_ca16_th85.root,ok,,1000,1000,1.0,0.0,0.048,0.006759881655768835,0.024,0.4435,0.282,0.282,0.718,0.014229406171727618,2441.998942977086,1468.63130596141,3256.867624316224,1.220999471488543,0.7343156529807049,1.628433812158112,0.3661419108099085,0.11267611299533445,1.1062418579587627
WbWb_6000_2000,WbWb,6000,2000,85,240,1.6,1.6,/eos/uscms/store/user/aji/rootfiles_existingOptimization/WbWb_6000_2000_pt240_ak16_ca16_th85.root,ok,,1000,1000,1.0,0.0,0.041,0.006270486424512854,0.0205,0.431,0.28,0.28,0.72,0.014198591479439079,2490.809437608473,1580.770154937286,3390.7485918028688,1.2454047188042365,0.790385077468643,1.6953742959014344,0.363331375242302,0.10035538788248621,1.1078718471227256
WbWb_6000_2000,WbWb,6000,2000,85,260,1.6,1.6,/eos/uscms/store/user/aji/rootfiles_existingOptimization/WbWb_6000_2000_pt260_ak16_ca16_th85.root,ok,,1000,1000,1.0,0.0,0.046,0.006624499981130651,0.023,0.4365,0.281,0.281,0.719,0.014214042352547005,2463.2835561843117,1502.383351761138,3310.5330816659316,1.2316417780921558,0.751191675880569,1.6552665408329659,0.36702021684942826,0.10695123316158783,1.1091843946586437
WbWb_6000_2000,WbWb,6000,2000,85,400,1.0,1.6,/eos/uscms/store/user/aji/rootfiles_existingOptimization/WbWb_6000_2000_pt400_ak10_ca16_th85.root,ok,,1000,1000,1.0,0.0,0.307,0.01458598642533305,0.1625,0.5705,0.404,0.404,0.596,0.015517216245190372,1975.8797430959844,583.4205189568197,2612.2324162603522,0.9879398715479921,0.2917102594784099,1.306116208130176,0.513394578893908,0.27459692605057584,1.1106005917391089
WbWb_6000_2000,WbWb,6000,2000,85,340,0.6,1.6,/eos/uscms/store/user/aji/rootfiles_existingOptimization/WbWb_6000_2000_pt340_ak6_ca16_th85.root,ok,,1000,1000,1.0,0.0,0.319,0.014739029818817792,0.169,0.5895,0.408,0.408,0.5920000000000001,0.015541428505771275,1833.687058078769,455.5713778401943,2343.385752109995,0.9168435290393846,0.22778568892009715,1.1716928760549974,0.5147591476835046,0.28965698946886187,1.1150747947795663
WbWb_6000_2000,WbWb,6000,2000,85,220,1.6,1.6,/eos/uscms/store/user/aji/rootfiles_existingOptimization/WbWb_6000_2000_pt220_ak16_ca16_th85.root,ok,,1000,1000,1.0,0.0,0.04,0.0061967733539318665,0.02,0.424,0.276,0.276,0.724,0.014135911714495106,2513.972227580276,1669.0896925076966,3512.4686786825628,1.2569861137901381,0.8345448462538483,1.7562343393412814,0.36662676022263324,0.09622258440497361,1.116325371601647
WbWb_6000_2000,WbWb,6000,2000,85,300,1.6,1.6,/eos/uscms/store/user/aji/rootfiles_existingOptimization/WbWb_6000_2000_pt300_ak16_ca16_th85.root,ok,,1000,1000,1.0,0.0,0.052,0.007021111023192838,0.026,0.4485,0.283,0.283,0.7170000000000001,0.014244683218660917,2416.0904337867696,1377.6335940806025,3208.088646673429,1.2080452168933846,0.6888167970403012,1.6040443233367145,0.37880516122153823,0.12064714226060513,1.1166096829108767
WbWb_6000_2000,WbWb,6000,2000,85,400,0.6,1.4,/eos/uscms/store/user/aji/rootfiles_existingOptimization/WbWb_6000_2000_pt400_ak6_ca14_th85.root,ok,,1000,1000,1.0,0.0,0.356,0.015141466243399283,0.1945,0.609,0.435,0.435,0.565,0.015677212762477903,1840.788761227577,232.2439734980319,2235.706944091367,0.9203943806137884,0.11612198674901594,1.1178534720456832,0.5441860067793097,0.2219216642562793,1.117146568717931
WbWb_6000_2000,WbWb,6000,2000,85,380,0.8,1.6,/eos/uscms/store/user/aji/rootfiles_existingOptimization/WbWb_6000_2000_pt380_ak8_ca16_th85.root,ok,,1000,1000,1.0,0.0,0.327,0.014834790190629594,0.1735,0.5775,0.406,0.406,0.594,0.015529455882290275,1896.1626145911296,455.35491504149405,2424.3674421836317,0.9480813072955647,0.22767745752074703,1.2121837210918158,0.5192098272559595,0.29336293283613496,1.1184016965264032
WbWb_6000_2000,WbWb,6000,2000,85,120,1.2,1.4,/eos/uscms/store/user/aji/rootfiles_existingOptimization/WbWb_6000_2000_pt120_ak12_ca14_th85.root,ok,,1000,1000,1.0,0.0,0.041,0.006270486424512854,0.0205,0.461,0.379,0.379,0.621,0.015341414537127925,2484.1207723286398,1957.3508683926152,4365.194434210682,1.24206038616432,0.9786754341963075,2.1825972171053407,0.48464704144817594,0.04920227119748555,1.129853080064608
WbWb_6000_2000,WbWb,6000,2000,85,320,1.6,1.6,/eos/uscms/store/user/aji/rootfiles_existingOptimization/WbWb_6000_2000_pt320_ak16_ca16_th85.root,ok,,1000,1000,1.0,0.0,0.056,0.007270763371201128,0.028,0.452,0.281,0.281,0.719,0.014214042352547005,2391.5265276084565,1302.7175830556025,3199.4157331363517,1.1957632638042281,0.6513587915278013,1.5997078665681757,0.3965454968165167,0.12756274907757564,1.1351218231969396
WbWb_6000_2000,WbWb,6000,2000,85,360,0.4,1.4,/eos/uscms/store/user/aji/rootfiles_existingOptimization/WbWb_6000_2000_pt360_ak4_ca14_th85.root,ok,,1000,1000,1.0,0.0,0.361,0.01518812035770062,0.197,0.611,0.434,0.434,0.5660000000000001,0.015673034167001616,1782.5260953870206,146.30202153818053,2146.849437946152,0.8912630476935104,0.07315101076909027,1.0734247189730761,0.5611551554799579,0.21293814238683023,1.1380288507106069
WbWb_6000_2000,WbWb,6000,2000,85,400,0.8,1.6,/eos/uscms/store/user/aji/rootfiles_existingOptimization/WbWb_6000_2000_pt400_ak8_ca16_th85.root,ok,,1000,1000,1.0,0.0,0.345,0.015032464867745409,0.1845,0.5725,0.398,0.398,0.602,0.015478888849009803,1890.0298464694963,371.2835749950558,2404.1879852188,0.9450149232347482,0.18564178749752794,1.2020939926093999,0.5377969067581476,0.309261757556291,1.1452954144346728
WbWb_6000_2000,WbWb,6000,2000,85,340,1.6,1.6,/eos/uscms/store/user/aji/rootfiles_existingOptimization/WbWb_6000_2000_pt340_ak16_ca16_th85.root,ok,,1000,1000,1.0,0.0,0.063,0.007683163410991596,0.032,0.4525,0.279,0.279,0.721,0.014183053267896867,2375.2810247107645,1237.9872926199866,3170.1508559252047,1.1876405123553824,0.6189936463099933,1.5850754279626023,0.4067231504828982,0.14028672867501643,1.1464872017184364
WbWb_6000_2000,WbWb,6000,2000,85,380,0.4,1.4,/eos/uscms/store/user/aji/rootfiles_existingOptimization/WbWb_6000_2000_pt380_ak4_ca14_th85.root,ok,,1000,1000,1.0,0.0,0.381,0.015357050498061143,0.2105,0.6025,0.421,0.421,0.579,0.015612783224012303,1774.1112209335029,135.52380891016372,2115.95556996172,0.8870556104667515,0.06776190445508186,1.05797778498086,0.5581475776951265,0.25531928867696607,1.1484420166484512
WbWb_6000_2000,WbWb,6000,2000,85,200,1.6,1.6,/eos/uscms/store/user/aji/rootfiles_existingOptimization/WbWb_6000_2000_pt200_ak16_ca16_th85.root,ok,,1000,1000,1.0,0.0,0.034,0.005730968504537431,0.017,0.404,0.264,0.264,0.736,0.013939296969359681,2561.4832652875784,1795.4026437707346,3782.4711356269963,1.2807416326437893,0.8977013218853672,1.8912355678134982,0.38787458008888714,0.08640991888657015,1.151948743353266
WbWb_6000_2000,WbWb,6000,2000,85,180,1.6,1.4,/eos/uscms/store/user/aji/rootfiles_existingOptimization/WbWb_6000_2000_pt180_ak16_ca14_th85.root,ok,,1000,1000,1.0,0.0,0.017,0.004087909000944126,0.0085,0.39,0.297,0.297,0.7030000000000001,0.014449602070645405,2649.2129414585843,2058.0749896415277,4324.453345263822,1.3246064707292922,1.029037494820764,2.1622266726319106,0.42774559948633034,0.04404982233058907,1.1632062465592596
WbWb_6000_2000,WbWb,6000,2000,85,360,1.6,1.6,/eos/uscms/store/user/aji/rootfiles_existingOptimization/WbWb_6000_2000_pt360_ak16_ca16_th85.root,ok,,1000,1000,1.0,0.0,0.069,0.008014923580421713,0.035,0.4515,0.272,0.272,0.728,0.014071815803228808,2357.0242650529212,1178.7187284151016,3147.3796558804584,1.1785121325264605,0.5893593642075509,1.5736898279402292,0.41761575318808936,0.16022342673634726,1.1634669664407353
WbWb_6000_2000,WbWb,6000,2000,85,360,0.6,1.6,/eos/uscms/store/user/aji/rootfiles_existingOptimization/WbWb_6000_2000_pt360_ak6_ca16_th85.root,ok,,1000,1000,1.0,0.0,0.337,0.014947608504372866,0.1795,0.584,0.396,0.396,0.604,0.01546557467409472,1825.4160358610343,301.8889506412992,2319.2796030322497,0.9127080179305171,0.15094447532064958,1.159639801516125,0.5525837980927355,0.31486535255241865,1.1653129962996838
WbWb_6000_2000,WbWb,6000,2000,85,320,0.4,1.6,/eos/uscms/store/user/aji/rootfiles_existingOptimization/WbWb_6000_2000_pt320_ak4_ca16_th85.root,ok,,1000,1000,1.0,0.0,0.339,0.014969268519202935,0.18,0.5805,0.395,0.395,0.605,0.015458816254810716,1764.6818031206774,315.1850513466094,2253.7125420097686,0.8823409015603387,0.15759252567330467,1.1268562710048844,0.5492569502431124,0.3305643078606526,1.1660228600870783
WbWb_6000_2000,WbWb,6000,2000,85,140,1.4,1.2,/eos/uscms/store/user/aji/rootfiles_existingOptimization/WbWb_6000_2000_pt140_ak14_ca12_th85.root,ok,,1000,1000,1.0,0.0,0.017,0.004087909000944126,0.0085,0.446,0.39,0.39,0.61,0.01542400726140908,2602.2097328605782,2075.800514782118,4822.149544090841,1.301104866430289,1.037900257391059,2.41107477204542,0.5276955570928739,0.027092105242509268,1.1678060437359028
WbWb_6000_2000,WbWb,6000,2000,85,400,0.4,1.4,/eos/uscms/store/user/aji/rootfiles_existingOptimization/WbWb_6000_2000_pt400_ak4_ca14_th85.root,ok,,1000,1000,1.0,0.0,0.41,0.01555313473226539,0.228,0.5875,0.395,0.395,0.605,0.015458816254810716,1758.9413841280839,124.971425739356,2085.724556974048,0.8794706920640419,0.062485712869677995,1.042862278487024,0.5573673883984052,0.3523922745202444,1.1744203191920008
WbWb_6000_2000,WbWb,6000,2000,85,120,1.2,1.6,/eos/uscms/store/user/aji/rootfiles_existingOptimization/WbWb_6000_2000_pt120_ak12_ca16_th85.root,ok,,1000,1000,1.0,0.0,0.052,0.007021111023192838,0.026,0.4565,0.356,0.356,0.644,0.015141466243399283,2433.9511816593176,1867.9906519105473,4348.145274233931,1.2169755908296587,0.9339953259552737,2.1740726371169656,0.5094914476946427,0.07296806620437565,1.1751890067776087
WbWb_6000_2000,WbWb,6000,2000,85,380,1.6,1.6,/eos/uscms/store/user/aji/rootfiles_existingOptimization/WbWb_6000_2000_pt380_ak16_ca16_th85.root,ok,,1000,1000,1.0,0.0,0.075,0.008329165624478841,0.038,0.45,0.265,0.265,0.735,0.013956181426163821,2332.045320221353,1130.3748011883008,3125.6028622104263,1.1660226601106765,0.5651874005941504,1.562801431105213,0.42778500994842206,0.17781445494008463,1.1793872759594897
WbWb_6000_2000,WbWb,6000,2000,85,380,0.6,1.6,/eos/uscms/store/user/aji/rootfiles_existingOptimization/WbWb_6000_2000_pt380_ak6_ca16_th85.root,ok,,1000,1000,1.0,0.0,0.357,0.015150940564862632,0.191,0.5795,0.387,0.387,0.613,0.015402305022301045,1812.1915922260728,238.01278625102165,2292.242492791039,0.9060957961130363,0.11900639312551083,1.1461212463955195,0.5667804980864712,0.34738301844307784,1.1891709184751678
WbWb_6000_2000,WbWb,6000,2000,85,400,1.6,1.6,/eos/uscms/store/user/aji/rootfiles_existingOptimization/WbWb_6000_2000_pt400_ak16_ca16_th85.root,ok,,1000,1000,1.0,0.0,0.075,0.008329165624478841,0.038,0.451,0.262,0.262,0.738,0.013905250806799567,2314.476056975192,1084.459005708276,3110.862550350871,1.157238028487596,0.5422295028541381,1.5554312751754356,0.4377672299818298,0.19233871957198156,1.1914910328305894
WbWb_6000_2000,WbWb,6000,2000,85,400,0.6,1.6,/eos/uscms/store/user/aji/rootfiles_existingOptimization/WbWb_6000_2000_pt400_ak6_ca16_th85.root,ok,,1000,1000,1.0,0.0,0.374,0.015301111070768685,0.2035,0.571,0.376,0.376,0.624,0.015317441039547044,1802.7323972047795,202.01597887306136,2256.7158110520354,0.9013661986023898,0.10100798943653067,1.1283579055260178,0.5698848690368248,0.3570465896317227,1.2037482491765858
WbWb_6000_2000,WbWb,6000,2000,85,340,0.4,1.6,/eos/uscms/store/user/aji/rootfiles_existingOptimization/WbWb_6000_2000_pt340_ak4_ca16_th85.root,ok,,1000,1000,1.0,0.0,0.358,0.01516034300403523,0.1925,0.5745,0.383,0.383,0.617,0.015372410351015223,1747.3502357003879,157.19137737673984,2192.2014156877617,0.873675117850194,0.07859568868836993,1.0961007078438807,0.5823131495716802,0.347451774335113,1.2119456377866609
WbWb_6000_2000,WbWb,6000,2000,85,360,0.4,1.6,/eos/uscms/store/user/aji/rootfiles_existingOptimization/WbWb_6000_2000_pt360_ak4_ca16_th85.root,ok,,1000,1000,1.0,0.0,0.38,0.015349267083479915,0.2065,0.5675,0.371,0.371,0.629,0.015276092432294327,1734.7289150106049,135.52380891016372,2158.65154753081,0.8673644575053024,0.06776190445508186,1.0793257737654052,0.5831250407814522,0.3700006870469852,1.225388595030922
WbWb_6000_2000,WbWb,6000,2000,85,140,1.4,1.4,/eos/uscms/store/user/aji/rootfiles_existingOptimization/WbWb_6000_2000_pt140_ak14_ca14_th85.root,ok,,1000,1000,1.0,0.0,0.034,0.005730968504537431,0.017,0.4175,0.344,0.344,0.656,0.015022117027902558,2627.796139213554,2035.554322379301,4899.102193062158,1.313898069606777,1.0177771611896507,2.449551096531079,0.544857309886272,0.04928156726600698,1.2322471168469498
WbWb_6000_2000,WbWb,6000,2000,85,380,0.4,1.6,/eos/uscms/store/user/aji/rootfiles_existingOptimization/WbWb_6000_2000_pt380_ak4_ca16_th85.root,ok,,1000,1000,1.0,0.0,0.399,0.015485444778888335,0.2195,0.5595,0.358,0.358,0.642,0.01516034300403523,1722.1643185789167,127.656447914977,2139.9045234643113,0.8610821592894583,0.0638282239574885,1.0699522617321555,0.5842206965505437,0.39456433813020164,1.240112480621598
WbWb_6000_2000,WbWb,6000,2000,85,180,1.6,1.6,/eos/uscms/store/user/aji/rootfiles_existingOptimization/WbWb_6000_2000_pt180_ak16_ca16_th85.root,ok,,1000,1000,1.0,0.0,0.031,0.0054807846153630225,0.0155,0.3765,0.251,0.251,0.749,0.013711272734505722,2628.467664086418,1880.2468099258856,4340.124880521387,1.314233832043209,0.9401234049629429,2.170062440260694,0.4679300613444082,0.08112853030287463,1.2483534445487292
WbWb_6000_2000,WbWb,6000,2000,85,400,0.4,1.6,/eos/uscms/store/user/aji/rootfiles_existingOptimization/WbWb_6000_2000_pt400_ak4_ca16_th85.root,ok,,1000,1000,1.0,0.0,0.428,0.015646597074124458,0.237,0.5465,0.336,0.336,0.6639999999999999,0.014936666294725877,1705.0238763332416,122.61153170596869,2103.966423795549,0.8525119381666207,0.06130576585298435,1.0519832118977746,0.5810343537096401,0.4337163225507368,1.259783159892978
WbWb_6000_2000,WbWb,6000,2000,85,140,1.4,1.6,/eos/uscms/store/user/aji/rootfiles_existingOptimization/WbWb_6000_2000_pt140_ak14_ca16_th85.root,ok,,1000,1000,1.0,0.0,0.045,0.0065555320150236475,0.0225,0.415,0.318,0.318,0.6819999999999999,0.014726710426975877,2605.1464223031126,1964.9564211021873,4892.701249048682,1.3025732111515562,0.9824782105510936,2.446350624524341,0.56191559961497,0.07128069218896466,1.2741729207301256
WbWb_6000_2000,WbWb,6000,2000,85,100,1.2,1.0,/eos/uscms/store/user/aji/rootfiles_existingOptimization/WbWb_6000_2000_pt100_ak12_ca10_th85.root,ok,,1000,1000,1.0,0.0,0.013,0.003582038525755969,0.0065,0.3885,0.347,0.347,0.653,0.01505293991218991,2906.8243311230462,2061.822664917523,5687.648786265188,1.4534121655615229,1.0309113324587615,2.843824393132594,0.6236747921995744,0.015179598999192086,1.322016008755727
WbWb_6000_2000,WbWb,6000,2000,85,160,1.6,1.4,/eos/uscms/store/user/aji/rootfiles_existingOptimization/WbWb_6000_2000_pt160_ak16_ca14_th85.root,ok,,1000,1000,1.0,0.0,0.016,0.003967870965643918,0.008,0.3585,0.279,0.279,0.721,0.014183053267896867,2756.739422608427,2093.8617294624028,5329.182950333388,1.3783697113042135,1.0469308647312014,2.6645914751666946,0.5868021464665175,0.04306394950717145,1.3456391175969389
WbWb_6000_2000,WbWb,6000,2000,85,100,1.2,1.2,/eos/uscms/store/user/aji/rootfiles_existingOptimization/WbWb_6000_2000_pt100_ak12_ca12_th85.root,ok,,1000,1000,1.0,0.0,0.023,0.004740358636221525,0.0115,0.371,0.314,0.314,0.6859999999999999,0.014676648118695223,2964.6134604184826,2045.4614153391635,5712.148077413107,1.4823067302092414,1.0227307076695817,2.8560740387065535,0.6184088939467266,0.034875312220672444,1.3526395669676505
WbWb_6000_2000,WbWb,6000,2000,85,120,1.4,1.2,/eos/uscms/store/user/aji/rootfiles_existingOptimization/WbWb_6000_2000_pt120_ak14_ca12_th85.root,ok,,1000,1000,1.0,0.0,0.012,0.003443254274665175,0.006,0.3445,0.3,0.3,0.7,0.014491376746189439,3104.5772823632583,2118.447961436301,6079.707760632768,1.552288641181629,1.0592239807181505,3.039853880316384,0.6379708795944496,0.026069267189208135,1.3931997437126125
WbWb_6000_2000,WbWb,6000,2000,85,100,1.2,1.4,/eos/uscms/store/user/aji/rootfiles_existingOptimization/WbWb_6000_2000_pt100_ak12_ca14_th85.root,ok,,1000,1000,1.0,0.0,0.027,0.00512552436341883,0.0135,0.354,0.282,0.282,0.718,0.014229406171727618,2998.8130464449605,2032.136327073337,5803.8910067328525,1.4994065232224805,1.0160681635366686,2.9019455033664263,0.6288745949219581,0.04499578669416272,1.3968152472442061
WbWb_6000_2000,WbWb,6000,2000,85,160,1.6,1.6,/eos/uscms/store/user/aji/rootfiles_existingOptimization/WbWb_6000_2000_pt160_ak16_ca16_th85.root,ok,,1000,1000,1.0,0.0,0.029,0.005306505441436953,0.0145,0.3445,0.235,0.235,0.765,0.013408019988051927,2758.8738910824422,1997.9718112237606,5280.587106460198,1.379436945541221,0.9989859056118803,2.6402935532300993,0.5949194172750872,0.07780777849370735,1.3978631118292093
WbWb_6000_2000,WbWb,6000,2000,85,120,1.4,1.4,/eos/uscms/store/user/aji/rootfiles_existingOptimization/WbWb_6000_2000_pt120_ak14_ca14_th85.root,ok,,1000,1000,1.0,0.0,0.025,0.0049371044145328745,0.0125,0.3315,0.275,0.275,0.725,0.014120021246442939,3143.5457176844884,2100.1213484440436,6079.992444496664,1.5717728588422442,1.0500606742220218,3.039996222248332,0.6330226205496644,0.048865151165574,1.4151999064338887
WbWb_6000_2000,WbWb,6000,2000,85,100,1.2,1.6,/eos/uscms/store/user/aji/rootfiles_existingOptimization/WbWb_6000_2000_pt100_ak12_ca16_th85.root,ok,,1000,1000,1.0,0.0,0.034,0.005730968504537431,0.017,0.353,0.266,0.266,0.734,0.013972973913952606,2992.45778881197,1971.2686750457638,5898.808938228928,1.4962288944059852,0.9856343375228819,2.949404469114464,0.6562398771115882,0.06392082591556046,1.4398627665521868
WbWb_6000_2000,WbWb,6000,2000,85,120,1.4,1.6,/eos/uscms/store/user/aji/rootfiles_existingOptimization/WbWb_6000_2000_pt120_ak14_ca16_th85.root,ok,,1000,1000,1.0,0.0,0.032,0.005565608681896348,0.016,0.3315,0.25,0.25,0.75,0.013693063937629153,3124.4620533552948,2057.062000209376,6117.34305656185,1.5622310266776473,1.0285310001046881,3.058671528280925,0.6497568200567876,0.0650662034609723,1.4559799227245525
WbWb_6000_2000,WbWb,6000,2000,85,100,1.4,1.2,/eos/uscms/store/user/aji/rootfiles_existingOptimization/WbWb_6000_2000_pt100_ak14_ca12_th85.root,ok,,1000,1000,1.0,0.0,0.009,0.002986469487538756,0.0045,0.2475,0.214,0.214,0.786,0.012969348480166612,3995.8553619785625,2192.782718768652,6945.780094018793,1.9979276809892812,1.0963913593843262,3.4728900470093964,0.5947409183620547,0.020918342306996053,1.4805336864609828
WbWb_6000_2000,WbWb,6000,2000,85,140,1.6,1.4,/eos/uscms/store/user/aji/rootfiles_existingOptimization/WbWb_6000_2000_pt140_ak16_ca14_th85.root,ok,,1000,1000,1.0,0.0,0.012,0.003443254274665175,0.006,0.3025,0.237,0.237,0.763,0.013447341744746431,3172.723565508022,2165.3261278369628,6431.059865787748,1.586361782754011,1.0826630639184815,3.2155299328938742,0.6722510880439325,0.03976598779739171,1.4938872663193337
WbWb_6000_2000,WbWb,6000,2000,85,100,1.4,1.4,/eos/uscms/store/user/aji/rootfiles_existingOptimization/WbWb_6000_2000_pt100_ak14_ca14_th85.root,ok,,1000,1000,1.0,0.0,0.018,0.004204283529925164,0.009,0.239,0.19,0.19,0.81,0.012405643876881197,3962.2074866397306,2187.668717128832,6982.878966556968,1.9811037433198653,1.0938343585644161,3.4914394832784845,0.6051185186032318,0.04138968860826005,1.5132288929352185
WbWb_6000_2000,WbWb,6000,2000,85,120,1.6,1.4,/eos/uscms/store/user/aji/rootfiles_existingOptimization/WbWb_6000_2000_pt120_ak16_ca14_th85.root,ok,,1000,1000,1.0,0.0,0.008,0.0028170906978654416,0.004,0.232,0.183,0.183,0.817,0.012227469075814505,3886.127244935995,2251.5969401195193,7073.4116908506785,1.9430636224679976,1.1257984700597599,3.536705845425339,0.6203881714133854,0.036891335716038406,1.5316945336601853
WbWb_6000_2000,WbWb,6000,2000,85,100,1.4,1.6,/eos/uscms/store/user/aji/rootfiles_existingOptimization/WbWb_6000_2000_pt100_ak14_ca16_th85.root,ok,,1000,1000,1.0,0.0,0.024,0.004839834707921336,0.012,0.234,0.175,0.175,0.825,0.012015614840697917,3933.031727621149,2155.68585805574,6978.140951337642,1.9665158638105744,1.0778429290278702,3.489070475668821,0.613070962460645,0.05809570483181568,1.5347225488417022
WbWb_6000_2000,WbWb,6000,2000,85,100,1.6,1.4,/eos/uscms/store/user/aji/rootfiles_existingOptimization/WbWb_6000_2000_pt100_ak16_ca14_th85.root,ok,,1000,1000,1.0,0.0,0.005,0.0022304708023195463,0.0025,0.163,0.126,0.126,0.874,0.010493998284733994,4949.19303843544,2422.4888880837566,7533.420953132211,2.4745965192177204,1.2112444440418784,3.7667104765661055,0.5163399391938188,0.0369957842170819,1.5377995911155908
WbWb_6000_2000,WbWb,6000,2000,85,140,1.6,1.6,/eos/uscms/store/user/aji/rootfiles_existingOptimization/WbWb_6000_2000_pt140_ak16_ca16_th85.root,ok,,1000,1000,1.0,0.0,0.023,0.004740358636221525,0.0115,0.2935,0.197,0.197,0.8029999999999999,0.012577400367325516,3183.7544986020966,2076.382605335314,6431.059865787748,1.5918772493010482,1.038191302667657,3.2155299328938742,0.6838902406521074,0.06989639878563002,1.546077965582212
WbWb_6000_2000,WbWb,6000,2000,85,100,1.6,1.6,/eos/uscms/store/user/aji/rootfiles_existingOptimization/WbWb_6000_2000_pt100_ak16_ca16_th85.root,ok,,1000,1000,1.0,0.0,0.008,0.0028170906978654416,0.004,0.1635,0.113,0.113,0.887,0.010011543337567888,4876.073357697931,2363.406099026447,7561.9841798210855,2.4380366788489654,1.1817030495132232,3.780992089910543,0.53307012625103,0.058138201431026895,1.5638737941359266
WbWb_6000_2000,WbWb,6000,2000,85,120,1.6,1.6,/eos/uscms/store/user/aji/rootfiles_existingOptimization/WbWb_6000_2000_pt120_ak16_ca16_th85.root,ok,,1000,1000,1.0,0.0,0.017,0.004087909000944126,0.0085,0.2245,0.157,0.157,0.843,0.01150439046625244,3907.491778211429,2186.7509261013233,7146.2362025891525,1.9537458891057145,1.0933754630506616,3.5731181012945763,0.6346123751484805,0.06463534904309666,1.572986964059052
WbWb_6000_2000,WbWb,6000,2000,85,100,0.8,0.4,/eos/uscms/store/user/aji/rootfiles_existingOptimization/WbWb_6000_2000_pt100_ak8_ca4_th85.root,failed,/eos/uscms/store/user/aji/rootfiles_existingOptimization/WbWb_6000_2000_pt100_ak8_ca4_th85.root,nan,nan,nan,nan,nan,nan,nan,nan,nan,nan,nan,nan,nan,nan,nan,nan,nan,nan,nan,nan,nan
WbWb_6000_2000,WbWb,6000,2000,85,100,1.0,0.4,/eos/uscms/store/user/aji/rootfiles_existingOptimization/WbWb_6000_2000_pt100_ak10_ca4_th85.root,failed,/eos/uscms/store/user/aji/rootfiles_existingOptimization/WbWb_6000_2000_pt100_ak10_ca4_th85.root,nan,nan,nan,nan,nan,nan,nan,nan,nan,nan,nan,nan,nan,nan,nan,nan,nan,nan,nan,nan,nan
WbWb_6000_2000,WbWb,6000,2000,85,100,1.0,0.6,/eos/uscms/store/user/aji/rootfiles_existingOptimization/WbWb_6000_2000_pt100_ak10_ca6_th85.root,failed,/eos/uscms/store/user/aji/rootfiles_existingOptimization/WbWb_6000_2000_pt100_ak10_ca6_th85.root,nan,nan,nan,nan,nan,nan,nan,nan,nan,nan,nan,nan,nan,nan,nan,nan,nan,nan,nan,nan,nan
WbWb_6000_2000,WbWb,6000,2000,85,100,1.2,0.4,/eos/uscms/store/user/aji/rootfiles_existingOptimization/WbWb_6000_2000_pt100_ak12_ca4_th85.root,failed,/eos/uscms/store/user/aji/rootfiles_existingOptimization/WbWb_6000_2000_pt100_ak12_ca4_th85.root,nan,nan,nan,nan,nan,nan,nan,nan,nan,nan,nan,nan,nan,nan,nan,nan,nan,nan,nan,nan,nan
WbWb_6000_2000,WbWb,6000,2000,85,100,1.2,0.6,/eos/uscms/store/user/aji/rootfiles_existingOptimization/WbWb_6000_2000_pt100_ak12_ca6_th85.root,failed,/eos/uscms/store/user/aji/rootfiles_existingOptimization/WbWb_6000_2000_pt100_ak12_ca6_th85.root,nan,nan,nan,nan,nan,nan,nan,nan,nan,nan,nan,nan,nan,nan,nan,nan,nan,nan,nan,nan,nan
WbWb_6000_2000,WbWb,6000,2000,85,100,1.2,0.8,/eos/uscms/store/user/aji/rootfiles_existingOptimization/WbWb_6000_2000_pt100_ak12_ca8_th85.root,failed,/eos/uscms/store/user/aji/rootfiles_existingOptimization/WbWb_6000_2000_pt100_ak12_ca8_th85.root,nan,nan,nan,nan,nan,nan,nan,nan,nan,nan,nan,nan,nan,nan,nan,nan,nan,nan,nan,nan,nan
WbWb_6000_2000,WbWb,6000,2000,85,100,1.4,0.4,/eos/uscms/store/user/aji/rootfiles_existingOptimization/WbWb_6000_2000_pt100_ak14_ca4_th85.root,failed,/eos/uscms/store/user/aji/rootfiles_existingOptimization/WbWb_6000_2000_pt100_ak14_ca4_th85.root,nan,nan,nan,nan,nan,nan,nan,nan,nan,nan,nan,nan,nan,nan,nan,nan,nan,nan,nan,nan,nan
WbWb_6000_2000,WbWb,6000,2000,85,100,1.4,0.6,/eos/uscms/store/user/aji/rootfiles_existingOptimization/WbWb_6000_2000_pt100_ak14_ca6_th85.root,failed,/eos/uscms/store/user/aji/rootfiles_existingOptimization/WbWb_6000_2000_pt100_ak14_ca6_th85.root,nan,nan,nan,nan,nan,nan,nan,nan,nan,nan,nan,nan,nan,nan,nan,nan,nan,nan,nan,nan,nan
WbWb_6000_2000,WbWb,6000,2000,85,100,1.4,0.8,/eos/uscms/store/user/aji/rootfiles_existingOptimization/WbWb_6000_2000_pt100_ak14_ca8_th85.root,failed,/eos/uscms/store/user/aji/rootfiles_existingOptimization/WbWb_6000_2000_pt100_ak14_ca8_th85.root,nan,nan,nan,nan,nan,nan,nan,nan,nan,nan,nan,nan,nan,nan,nan,nan,nan,nan,nan,nan,nan
WbWb_6000_2000,WbWb,6000,2000,85,100,1.4,1.0,/eos/uscms/store/user/aji/rootfiles_existingOptimization/WbWb_6000_2000_pt100_ak14_ca10_th85.root,failed,/eos/uscms/store/user/aji/rootfiles_existingOptimization/WbWb_6000_2000_pt100_ak14_ca10_th85.root,nan,nan,nan,nan,nan,nan,nan,nan,nan,nan,nan,nan,nan,nan,nan,nan,nan,nan,nan,nan,nan
WbWb_6000_2000,WbWb,6000,2000,85,100,1.6,0.4,/eos/uscms/store/user/aji/rootfiles_existingOptimization/WbWb_6000_2000_pt100_ak16_ca4_th85.root,failed,/eos/uscms/store/user/aji/rootfiles_existingOptimization/WbWb_6000_2000_pt100_ak16_ca4_th85.root,nan,nan,nan,nan,nan,nan,nan,nan,nan,nan,nan,nan,nan,nan,nan,nan,nan,nan,nan,nan,nan
WbWb_6000_2000,WbWb,6000,2000,85,100,1.6,0.6,/eos/uscms/store/user/aji/rootfiles_existingOptimization/WbWb_6000_2000_pt100_ak16_ca6_th85.root,failed,/eos/uscms/store/user/aji/rootfiles_existingOptimization/WbWb_6000_2000_pt100_ak16_ca6_th85.root,nan,nan,nan,nan,nan,nan,nan,nan,nan,nan,nan,nan,nan,nan,nan,nan,nan,nan,nan,nan,nan
WbWb_6000_2000,WbWb,6000,2000,85,100,1.6,0.8,/eos/uscms/store/user/aji/rootfiles_existingOptimization/WbWb_6000_2000_pt100_ak16_ca8_th85.root,failed,/eos/uscms/store/user/aji/rootfiles_existingOptimization/WbWb_6000_2000_pt100_ak16_ca8_th85.root,nan,nan,nan,nan,nan,nan,nan,nan,nan,nan,nan,nan,nan,nan,nan,nan,nan,nan,nan,nan,nan
WbWb_6000_2000,WbWb,6000,2000,85,100,1.6,1.0,/eos/uscms/store/user/aji/rootfiles_existingOptimization/WbWb_6000_2000_pt100_ak16_ca10_th85.root,failed,/eos/uscms/store/user/aji/rootfiles_existingOptimization/WbWb_6000_2000_pt100_ak16_ca10_th85.root,nan,nan,nan,nan,nan,nan,nan,nan,nan,nan,nan,nan,nan,nan,nan,nan,nan,nan,nan,nan,nan
WbWb_6000_2000,WbWb,6000,2000,85,100,1.6,1.2,/eos/uscms/store/user/aji/rootfiles_existingOptimization/WbWb_6000_2000_pt100_ak16_ca12_th85.root,failed,/eos/uscms/store/user/aji/rootfiles_existingOptimization/WbWb_6000_2000_pt100_ak16_ca12_th85.root,nan,nan,nan,nan,nan,nan,nan,nan,nan,nan,nan,nan,nan,nan,nan,nan,nan,nan,nan,nan,nan
WbWb_6000_2000,WbWb,6000,2000,85,120,0.8,0.4,/eos/uscms/store/user/aji/rootfiles_existingOptimization/WbWb_6000_2000_pt120_ak8_ca4_th85.root,failed,/eos/uscms/store/user/aji/rootfiles_existingOptimization/WbWb_6000_2000_pt120_ak8_ca4_th85.root,nan,nan,nan,nan,nan,nan,nan,nan,nan,nan,nan,nan,nan,nan,nan,nan,nan,nan,nan,nan,nan
WbWb_6000_2000,WbWb,6000,2000,85,120,1.0,0.4,/eos/uscms/store/user/aji/rootfiles_existingOptimization/WbWb_6000_2000_pt120_ak10_ca4_th85.root,failed,/eos/uscms/store/user/aji/rootfiles_existingOptimization/WbWb_6000_2000_pt120_ak10_ca4_th85.root,nan,nan,nan,nan,nan,nan,nan,nan,nan,nan,nan,nan,nan,nan,nan,nan,nan,nan,nan,nan,nan
WbWb_6000_2000,WbWb,6000,2000,85,120,1.0,0.6,/eos/uscms/store/user/aji/rootfiles_existingOptimization/WbWb_6000_2000_pt120_ak10_ca6_th85.root,failed,/eos/uscms/store/user/aji/rootfiles_existingOptimization/WbWb_6000_2000_pt120_ak10_ca6_th85.root,nan,nan,nan,nan,nan,nan,nan,nan,nan,nan,nan,nan,nan,nan,nan,nan,nan,nan,nan,nan,nan
WbWb_6000_2000,WbWb,6000,2000,85,120,1.2,0.4,/eos/uscms/store/user/aji/rootfiles_existingOptimization/WbWb_6000_2000_pt120_ak12_ca4_th85.root,failed,/eos/uscms/store/user/aji/rootfiles_existingOptimization/WbWb_6000_2000_pt120_ak12_ca4_th85.root,nan,nan,nan,nan,nan,nan,nan,nan,nan,nan,nan,nan,nan,nan,nan,nan,nan,nan,nan,nan,nan
WbWb_6000_2000,WbWb,6000,2000,85,120,1.2,0.6,/eos/uscms/store/user/aji/rootfiles_existingOptimization/WbWb_6000_2000_pt120_ak12_ca6_th85.root,failed,/eos/uscms/store/user/aji/rootfiles_existingOptimization/WbWb_6000_2000_pt120_ak12_ca6_th85.root,nan,nan,nan,nan,nan,nan,nan,nan,nan,nan,nan,nan,nan,nan,nan,nan,nan,nan,nan,nan,nan
WbWb_6000_2000,WbWb,6000,2000,85,120,1.2,0.8,/eos/uscms/store/user/aji/rootfiles_existingOptimization/WbWb_6000_2000_pt120_ak12_ca8_th85.root,failed,/eos/uscms/store/user/aji/rootfiles_existingOptimization/WbWb_6000_2000_pt120_ak12_ca8_th85.root,nan,nan,nan,nan,nan,nan,nan,nan,nan,nan,nan,nan,nan,nan,nan,nan,nan,nan,nan,nan,nan
WbWb_6000_2000,WbWb,6000,2000,85,120,1.4,0.4,/eos/uscms/store/user/aji/rootfiles_existingOptimization/WbWb_6000_2000_pt120_ak14_ca4_th85.root,failed,/eos/uscms/store/user/aji/rootfiles_existingOptimization/WbWb_6000_2000_pt120_ak14_ca4_th85.root,nan,nan,nan,nan,nan,nan,nan,nan,nan,nan,nan,nan,nan,nan,nan,nan,nan,nan,nan,nan,nan
WbWb_6000_2000,WbWb,6000,2000,85,120,1.4,0.6,/eos/uscms/store/user/aji/rootfiles_existingOptimization/WbWb_6000_2000_pt120_ak14_ca6_th85.root,failed,/eos/uscms/store/user/aji/rootfiles_existingOptimization/WbWb_6000_2000_pt120_ak14_ca6_th85.root,nan,nan,nan,nan,nan,nan,nan,nan,nan,nan,nan,nan,nan,nan,nan,nan,nan,nan,nan,nan,nan
WbWb_6000_2000,WbWb,6000,2000,85,120,1.4,0.8,/eos/uscms/store/user/aji/rootfiles_existingOptimization/WbWb_6000_2000_pt120_ak14_ca8_th85.root,failed,/eos/uscms/store/user/aji/rootfiles_existingOptimization/WbWb_6000_2000_pt120_ak14_ca8_th85.root,nan,nan,nan,nan,nan,nan,nan,nan,nan,nan,nan,nan,nan,nan,nan,nan,nan,nan,nan,nan,nan
WbWb_6000_2000,WbWb,6000,2000,85,120,1.4,1.0,/eos/uscms/store/user/aji/rootfiles_existingOptimization/WbWb_6000_2000_pt120_ak14_ca10_th85.root,failed,/eos/uscms/store/user/aji/rootfiles_existingOptimization/WbWb_6000_2000_pt120_ak14_ca10_th85.root,nan,nan,nan,nan,nan,nan,nan,nan,nan,nan,nan,nan,nan,nan,nan,nan,nan,nan,nan,nan,nan
WbWb_6000_2000,WbWb,6000,2000,85,120,1.6,0.4,/eos/uscms/store/user/aji/rootfiles_existingOptimization/WbWb_6000_2000_pt120_ak16_ca4_th85.root,failed,/eos/uscms/store/user/aji/rootfiles_existingOptimization/WbWb_6000_2000_pt120_ak16_ca4_th85.root,nan,nan,nan,nan,nan,nan,nan,nan,nan,nan,nan,nan,nan,nan,nan,nan,nan,nan,nan,nan,nan
WbWb_6000_2000,WbWb,6000,2000,85,120,1.6,0.6,/eos/uscms/store/user/aji/rootfiles_existingOptimization/WbWb_6000_2000_pt120_ak16_ca6_th85.root,failed,/eos/uscms/store/user/aji/rootfiles_existingOptimization/WbWb_6000_2000_pt120_ak16_ca6_th85.root,nan,nan,nan,nan,nan,nan,nan,nan,nan,nan,nan,nan,nan,nan,nan,nan,nan,nan,nan,nan,nan
WbWb_6000_2000,WbWb,6000,2000,85,120,1.6,0.8,/eos/uscms/store/user/aji/rootfiles_existingOptimization/WbWb_6000_2000_pt120_ak16_ca8_th85.root,failed,/eos/uscms/store/user/aji/rootfiles_existingOptimization/WbWb_6000_2000_pt120_ak16_ca8_th85.root,nan,nan,nan,nan,nan,nan,nan,nan,nan,nan,nan,nan,nan,nan,nan,nan,nan,nan,nan,nan,nan
WbWb_6000_2000,WbWb,6000,2000,85,120,1.6,1.0,/eos/uscms/store/user/aji/rootfiles_existingOptimization/WbWb_6000_2000_pt120_ak16_ca10_th85.root,failed,/eos/uscms/store/user/aji/rootfiles_existingOptimization/WbWb_6000_2000_pt120_ak16_ca10_th85.root,nan,nan,nan,nan,nan,nan,nan,nan,nan,nan,nan,nan,nan,nan,nan,nan,nan,nan,nan,nan,nan
WbWb_6000_2000,WbWb,6000,2000,85,120,1.6,1.2,/eos/uscms/store/user/aji/rootfiles_existingOptimization/WbWb_6000_2000_pt120_ak16_ca12_th85.root,failed,/eos/uscms/store/user/aji/rootfiles_existingOptimization/WbWb_6000_2000_pt120_ak16_ca12_th85.root,nan,nan,nan,nan,nan,nan,nan,nan,nan,nan,nan,nan,nan,nan,nan,nan,nan,nan,nan,nan,nan
WbWb_6000_2000,WbWb,6000,2000,85,140,0.8,0.4,/eos/uscms/store/user/aji/rootfiles_existingOptimization/WbWb_6000_2000_pt140_ak8_ca4_th85.root,failed,/eos/uscms/store/user/aji/rootfiles_existingOptimization/WbWb_6000_2000_pt140_ak8_ca4_th85.root,nan,nan,nan,nan,nan,nan,nan,nan,nan,nan,nan,nan,nan,nan,nan,nan,nan,nan,nan,nan,nan
WbWb_6000_2000,WbWb,6000,2000,85,140,1.0,0.4,/eos/uscms/store/user/aji/rootfiles_existingOptimization/WbWb_6000_2000_pt140_ak10_ca4_th85.root,failed,/eos/uscms/store/user/aji/rootfiles_existingOptimization/WbWb_6000_2000_pt140_ak10_ca4_th85.root,nan,nan,nan,nan,nan,nan,nan,nan,nan,nan,nan,nan,nan,nan,nan,nan,nan,nan,nan,nan,nan
WbWb_6000_2000,WbWb,6000,2000,85,140,1.0,0.6,/eos/uscms/store/user/aji/rootfiles_existingOptimization/WbWb_6000_2000_pt140_ak10_ca6_th85.root,failed,/eos/uscms/store/user/aji/rootfiles_existingOptimization/WbWb_6000_2000_pt140_ak10_ca6_th85.root,nan,nan,nan,nan,nan,nan,nan,nan,nan,nan,nan,nan,nan,nan,nan,nan,nan,nan,nan,nan,nan
WbWb_6000_2000,WbWb,6000,2000,85,140,1.2,0.4,/eos/uscms/store/user/aji/rootfiles_existingOptimization/WbWb_6000_2000_pt140_ak12_ca4_th85.root,failed,/eos/uscms/store/user/aji/rootfiles_existingOptimization/WbWb_6000_2000_pt140_ak12_ca4_th85.root,nan,nan,nan,nan,nan,nan,nan,nan,nan,nan,nan,nan,nan,nan,nan,nan,nan,nan,nan,nan,nan
WbWb_6000_2000,WbWb,6000,2000,85,140,1.2,0.6,/eos/uscms/store/user/aji/rootfiles_existingOptimization/WbWb_6000_2000_pt140_ak12_ca6_th85.root,failed,/eos/uscms/store/user/aji/rootfiles_existingOptimization/WbWb_6000_2000_pt140_ak12_ca6_th85.root,nan,nan,nan,nan,nan,nan,nan,nan,nan,nan,nan,nan,nan,nan,nan,nan,nan,nan,nan,nan,nan
WbWb_6000_2000,WbWb,6000,2000,85,140,1.2,0.8,/eos/uscms/store/user/aji/rootfiles_existingOptimization/WbWb_6000_2000_pt140_ak12_ca8_th85.root,failed,/eos/uscms/store/user/aji/rootfiles_existingOptimization/WbWb_6000_2000_pt140_ak12_ca8_th85.root,nan,nan,nan,nan,nan,nan,nan,nan,nan,nan,nan,nan,nan,nan,nan,nan,nan,nan,nan,nan,nan
WbWb_6000_2000,WbWb,6000,2000,85,140,1.4,0.4,/eos/uscms/store/user/aji/rootfiles_existingOptimization/WbWb_6000_2000_pt140_ak14_ca4_th85.root,failed,/eos/uscms/store/user/aji/rootfiles_existingOptimization/WbWb_6000_2000_pt140_ak14_ca4_th85.root,nan,nan,nan,nan,nan,nan,nan,nan,nan,nan,nan,nan,nan,nan,nan,nan,nan,nan,nan,nan,nan
WbWb_6000_2000,WbWb,6000,2000,85,140,1.4,0.6,/eos/uscms/store/user/aji/rootfiles_existingOptimization/WbWb_6000_2000_pt140_ak14_ca6_th85.root,failed,/eos/uscms/store/user/aji/rootfiles_existingOptimization/WbWb_6000_2000_pt140_ak14_ca6_th85.root,nan,nan,nan,nan,nan,nan,nan,nan,nan,nan,nan,nan,nan,nan,nan,nan,nan,nan,nan,nan,nan
WbWb_6000_2000,WbWb,6000,2000,85,140,1.4,0.8,/eos/uscms/store/user/aji/rootfiles_existingOptimization/WbWb_6000_2000_pt140_ak14_ca8_th85.root,failed,/eos/uscms/store/user/aji/rootfiles_existingOptimization/WbWb_6000_2000_pt140_ak14_ca8_th85.root,nan,nan,nan,nan,nan,nan,nan,nan,nan,nan,nan,nan,nan,nan,nan,nan,nan,nan,nan,nan,nan
WbWb_6000_2000,WbWb,6000,2000,85,140,1.4,1.0,/eos/uscms/store/user/aji/rootfiles_existingOptimization/WbWb_6000_2000_pt140_ak14_ca10_th85.root,failed,/eos/uscms/store/user/aji/rootfiles_existingOptimization/WbWb_6000_2000_pt140_ak14_ca10_th85.root,nan,nan,nan,nan,nan,nan,nan,nan,nan,nan,nan,nan,nan,nan,nan,nan,nan,nan,nan,nan,nan
WbWb_6000_2000,WbWb,6000,2000,85,140,1.6,0.4,/eos/uscms/store/user/aji/rootfiles_existingOptimization/WbWb_6000_2000_pt140_ak16_ca4_th85.root,failed,/eos/uscms/store/user/aji/rootfiles_existingOptimization/WbWb_6000_2000_pt140_ak16_ca4_th85.root,nan,nan,nan,nan,nan,nan,nan,nan,nan,nan,nan,nan,nan,nan,nan,nan,nan,nan,nan,nan,nan
WbWb_6000_2000,WbWb,6000,2000,85,140,1.6,0.6,/eos/uscms/store/user/aji/rootfiles_existingOptimization/WbWb_6000_2000_pt140_ak16_ca6_th85.root,failed,/eos/uscms/store/user/aji/rootfiles_existingOptimization/WbWb_6000_2000_pt140_ak16_ca6_th85.root,nan,nan,nan,nan,nan,nan,nan,nan,nan,nan,nan,nan,nan,nan,nan,nan,nan,nan,nan,nan,nan
WbWb_6000_2000,WbWb,6000,2000,85,140,1.6,0.8,/eos/uscms/store/user/aji/rootfiles_existingOptimization/WbWb_6000_2000_pt140_ak16_ca8_th85.root,failed,/eos/uscms/store/user/aji/rootfiles_existingOptimization/WbWb_6000_2000_pt140_ak16_ca8_th85.root,nan,nan,nan,nan,nan,nan,nan,nan,nan,nan,nan,nan,nan,nan,nan,nan,nan,nan,nan,nan,nan
WbWb_6000_2000,WbWb,6000,2000,85,140,1.6,1.0,/eos/uscms/store/user/aji/rootfiles_existingOptimization/WbWb_6000_2000_pt140_ak16_ca10_th85.root,failed,/eos/uscms/store/user/aji/rootfiles_existingOptimization/WbWb_6000_2000_pt140_ak16_ca10_th85.root,nan,nan,nan,nan,nan,nan,nan,nan,nan,nan,nan,nan,nan,nan,nan,nan,nan,nan,nan,nan,nan
WbWb_6000_2000,WbWb,6000,2000,85,140,1.6,1.2,/eos/uscms/store/user/aji/rootfiles_existingOptimization/WbWb_6000_2000_pt140_ak16_ca12_th85.root,failed,/eos/uscms/store/user/aji/rootfiles_existingOptimization/WbWb_6000_2000_pt140_ak16_ca12_th85.root,nan,nan,nan,nan,nan,nan,nan,nan,nan,nan,nan,nan,nan,nan,nan,nan,nan,nan,nan,nan,nan
WbWb_6000_2000,WbWb,6000,2000,85,160,0.8,0.4,/eos/uscms/store/user/aji/rootfiles_existingOptimization/WbWb_6000_2000_pt160_ak8_ca4_th85.root,failed,/eos/uscms/store/user/aji/rootfiles_existingOptimization/WbWb_6000_2000_pt160_ak8_ca4_th85.root,nan,nan,nan,nan,nan,nan,nan,nan,nan,nan,nan,nan,nan,nan,nan,nan,nan,nan,nan,nan,nan
WbWb_6000_2000,WbWb,6000,2000,85,160,1.0,0.4,/eos/uscms/store/user/aji/rootfiles_existingOptimization/WbWb_6000_2000_pt160_ak10_ca4_th85.root,failed,/eos/uscms/store/user/aji/rootfiles_existingOptimization/WbWb_6000_2000_pt160_ak10_ca4_th85.root,nan,nan,nan,nan,nan,nan,nan,nan,nan,nan,nan,nan,nan,nan,nan,nan,nan,nan,nan,nan,nan
WbWb_6000_2000,WbWb,6000,2000,85,160,1.0,0.6,/eos/uscms/store/user/aji/rootfiles_existingOptimization/WbWb_6000_2000_pt160_ak10_ca6_th85.root,failed,/eos/uscms/store/user/aji/rootfiles_existingOptimization/WbWb_6000_2000_pt160_ak10_ca6_th85.root,nan,nan,nan,nan,nan,nan,nan,nan,nan,nan,nan,nan,nan,nan,nan,nan,nan,nan,nan,nan,nan
WbWb_6000_2000,WbWb,6000,2000,85,160,1.2,0.4,/eos/uscms/store/user/aji/rootfiles_existingOptimization/WbWb_6000_2000_pt160_ak12_ca4_th85.root,failed,/eos/uscms/store/user/aji/rootfiles_existingOptimization/WbWb_6000_2000_pt160_ak12_ca4_th85.root,nan,nan,nan,nan,nan,nan,nan,nan,nan,nan,nan,nan,nan,nan,nan,nan,nan,nan,nan,nan,nan
WbWb_6000_2000,WbWb,6000,2000,85,160,1.2,0.6,/eos/uscms/store/user/aji/rootfiles_existingOptimization/WbWb_6000_2000_pt160_ak12_ca6_th85.root,failed,/eos/uscms/store/user/aji/rootfiles_existingOptimization/WbWb_6000_2000_pt160_ak12_ca6_th85.root,nan,nan,nan,nan,nan,nan,nan,nan,nan,nan,nan,nan,nan,nan,nan,nan,nan,nan,nan,nan,nan
WbWb_6000_2000,WbWb,6000,2000,85,160,1.2,0.8,/eos/uscms/store/user/aji/rootfiles_existingOptimization/WbWb_6000_2000_pt160_ak12_ca8_th85.root,failed,/eos/uscms/store/user/aji/rootfiles_existingOptimization/WbWb_6000_2000_pt160_ak12_ca8_th85.root,nan,nan,nan,nan,nan,nan,nan,nan,nan,nan,nan,nan,nan,nan,nan,nan,nan,nan,nan,nan,nan
WbWb_6000_2000,WbWb,6000,2000,85,160,1.4,0.4,/eos/uscms/store/user/aji/rootfiles_existingOptimization/WbWb_6000_2000_pt160_ak14_ca4_th85.root,failed,/eos/uscms/store/user/aji/rootfiles_existingOptimization/WbWb_6000_2000_pt160_ak14_ca4_th85.root,nan,nan,nan,nan,nan,nan,nan,nan,nan,nan,nan,nan,nan,nan,nan,nan,nan,nan,nan,nan,nan
WbWb_6000_2000,WbWb,6000,2000,85,160,1.4,0.6,/eos/uscms/store/user/aji/rootfiles_existingOptimization/WbWb_6000_2000_pt160_ak14_ca6_th85.root,failed,/eos/uscms/store/user/aji/rootfiles_existingOptimization/WbWb_6000_2000_pt160_ak14_ca6_th85.root,nan,nan,nan,nan,nan,nan,nan,nan,nan,nan,nan,nan,nan,nan,nan,nan,nan,nan,nan,nan,nan
WbWb_6000_2000,WbWb,6000,2000,85,160,1.4,0.8,/eos/uscms/store/user/aji/rootfiles_existingOptimization/WbWb_6000_2000_pt160_ak14_ca8_th85.root,failed,/eos/uscms/store/user/aji/rootfiles_existingOptimization/WbWb_6000_2000_pt160_ak14_ca8_th85.root,nan,nan,nan,nan,nan,nan,nan,nan,nan,nan,nan,nan,nan,nan,nan,nan,nan,nan,nan,nan,nan
WbWb_6000_2000,WbWb,6000,2000,85,160,1.4,1.0,/eos/uscms/store/user/aji/rootfiles_existingOptimization/WbWb_6000_2000_pt160_ak14_ca10_th85.root,failed,/eos/uscms/store/user/aji/rootfiles_existingOptimization/WbWb_6000_2000_pt160_ak14_ca10_th85.root,nan,nan,nan,nan,nan,nan,nan,nan,nan,nan,nan,nan,nan,nan,nan,nan,nan,nan,nan,nan,nan
WbWb_6000_2000,WbWb,6000,2000,85,160,1.6,0.4,/eos/uscms/store/user/aji/rootfiles_existingOptimization/WbWb_6000_2000_pt160_ak16_ca4_th85.root,failed,/eos/uscms/store/user/aji/rootfiles_existingOptimization/WbWb_6000_2000_pt160_ak16_ca4_th85.root,nan,nan,nan,nan,nan,nan,nan,nan,nan,nan,nan,nan,nan,nan,nan,nan,nan,nan,nan,nan,nan
WbWb_6000_2000,WbWb,6000,2000,85,160,1.6,0.6,/eos/uscms/store/user/aji/rootfiles_existingOptimization/WbWb_6000_2000_pt160_ak16_ca6_th85.root,failed,/eos/uscms/store/user/aji/rootfiles_existingOptimization/WbWb_6000_2000_pt160_ak16_ca6_th85.root,nan,nan,nan,nan,nan,nan,nan,nan,nan,nan,nan,nan,nan,nan,nan,nan,nan,nan,nan,nan,nan
WbWb_6000_2000,WbWb,6000,2000,85,160,1.6,0.8,/eos/uscms/store/user/aji/rootfiles_existingOptimization/WbWb_6000_2000_pt160_ak16_ca8_th85.root,failed,/eos/uscms/store/user/aji/rootfiles_existingOptimization/WbWb_6000_2000_pt160_ak16_ca8_th85.root,nan,nan,nan,nan,nan,nan,nan,nan,nan,nan,nan,nan,nan,nan,nan,nan,nan,nan,nan,nan,nan
WbWb_6000_2000,WbWb,6000,2000,85,160,1.6,1.0,/eos/uscms/store/user/aji/rootfiles_existingOptimization/WbWb_6000_2000_pt160_ak16_ca10_th85.root,failed,/eos/uscms/store/user/aji/rootfiles_existingOptimization/WbWb_6000_2000_pt160_ak16_ca10_th85.root,nan,nan,nan,nan,nan,nan,nan,nan,nan,nan,nan,nan,nan,nan,nan,nan,nan,nan,nan,nan,nan
WbWb_6000_2000,WbWb,6000,2000,85,160,1.6,1.2,/eos/uscms/store/user/aji/rootfiles_existingOptimization/WbWb_6000_2000_pt160_ak16_ca12_th85.root,failed,/eos/uscms/store/user/aji/rootfiles_existingOptimization/WbWb_6000_2000_pt160_ak16_ca12_th85.root,nan,nan,nan,nan,nan,nan,nan,nan,nan,nan,nan,nan,nan,nan,nan,nan,nan,nan,nan,nan,nan
WbWb_6000_2000,WbWb,6000,2000,85,180,0.8,0.4,/eos/uscms/store/user/aji/rootfiles_existingOptimization/WbWb_6000_2000_pt180_ak8_ca4_th85.root,failed,/eos/uscms/store/user/aji/rootfiles_existingOptimization/WbWb_6000_2000_pt180_ak8_ca4_th85.root,nan,nan,nan,nan,nan,nan,nan,nan,nan,nan,nan,nan,nan,nan,nan,nan,nan,nan,nan,nan,nan
WbWb_6000_2000,WbWb,6000,2000,85,180,1.0,0.4,/eos/uscms/store/user/aji/rootfiles_existingOptimization/WbWb_6000_2000_pt180_ak10_ca4_th85.root,failed,/eos/uscms/store/user/aji/rootfiles_existingOptimization/WbWb_6000_2000_pt180_ak10_ca4_th85.root,nan,nan,nan,nan,nan,nan,nan,nan,nan,nan,nan,nan,nan,nan,nan,nan,nan,nan,nan,nan,nan
WbWb_6000_2000,WbWb,6000,2000,85,180,1.0,0.6,/eos/uscms/store/user/aji/rootfiles_existingOptimization/WbWb_6000_2000_pt180_ak10_ca6_th85.root,failed,/eos/uscms/store/user/aji/rootfiles_existingOptimization/WbWb_6000_2000_pt180_ak10_ca6_th85.root,nan,nan,nan,nan,nan,nan,nan,nan,nan,nan,nan,nan,nan,nan,nan,nan,nan,nan,nan,nan,nan
WbWb_6000_2000,WbWb,6000,2000,85,180,1.2,0.4,/eos/uscms/store/user/aji/rootfiles_existingOptimization/WbWb_6000_2000_pt180_ak12_ca4_th85.root,failed,/eos/uscms/store/user/aji/rootfiles_existingOptimization/WbWb_6000_2000_pt180_ak12_ca4_th85.root,nan,nan,nan,nan,nan,nan,nan,nan,nan,nan,nan,nan,nan,nan,nan,nan,nan,nan,nan,nan,nan
WbWb_6000_2000,WbWb,6000,2000,85,180,1.2,0.6,/eos/uscms/store/user/aji/rootfiles_existingOptimization/WbWb_6000_2000_pt180_ak12_ca6_th85.root,failed,/eos/uscms/store/user/aji/rootfiles_existingOptimization/WbWb_6000_2000_pt180_ak12_ca6_th85.root,nan,nan,nan,nan,nan,nan,nan,nan,nan,nan,nan,nan,nan,nan,nan,nan,nan,nan,nan,nan,nan
WbWb_6000_2000,WbWb,6000,2000,85,180,1.2,0.8,/eos/uscms/store/user/aji/rootfiles_existingOptimization/WbWb_6000_2000_pt180_ak12_ca8_th85.root,failed,/eos/uscms/store/user/aji/rootfiles_existingOptimization/WbWb_6000_2000_pt180_ak12_ca8_th85.root,nan,nan,nan,nan,nan,nan,nan,nan,nan,nan,nan,nan,nan,nan,nan,nan,nan,nan,nan,nan,nan
WbWb_6000_2000,WbWb,6000,2000,85,180,1.4,0.4,/eos/uscms/store/user/aji/rootfiles_existingOptimization/WbWb_6000_2000_pt180_ak14_ca4_th85.root,failed,/eos/uscms/store/user/aji/rootfiles_existingOptimization/WbWb_6000_2000_pt180_ak14_ca4_th85.root,nan,nan,nan,nan,nan,nan,nan,nan,nan,nan,nan,nan,nan,nan,nan,nan,nan,nan,nan,nan,nan
WbWb_6000_2000,WbWb,6000,2000,85,180,1.4,0.6,/eos/uscms/store/user/aji/rootfiles_existingOptimization/WbWb_6000_2000_pt180_ak14_ca6_th85.root,failed,/eos/uscms/store/user/aji/rootfiles_existingOptimization/WbWb_6000_2000_pt180_ak14_ca6_th85.root,nan,nan,nan,nan,nan,nan,nan,nan,nan,nan,nan,nan,nan,nan,nan,nan,nan,nan,nan,nan,nan
WbWb_6000_2000,WbWb,6000,2000,85,180,1.4,0.8,/eos/uscms/store/user/aji/rootfiles_existingOptimization/WbWb_6000_2000_pt180_ak14_ca8_th85.root,failed,/eos/uscms/store/user/aji/rootfiles_existingOptimization/WbWb_6000_2000_pt180_ak14_ca8_th85.root,nan,nan,nan,nan,nan,nan,nan,nan,nan,nan,nan,nan,nan,nan,nan,nan,nan,nan,nan,nan,nan
WbWb_6000_2000,WbWb,6000,2000,85,180,1.4,1.0,/eos/uscms/store/user/aji/rootfiles_existingOptimization/WbWb_6000_2000_pt180_ak14_ca10_th85.root,failed,/eos/uscms/store/user/aji/rootfiles_existingOptimization/WbWb_6000_2000_pt180_ak14_ca10_th85.root,nan,nan,nan,nan,nan,nan,nan,nan,nan,nan,nan,nan,nan,nan,nan,nan,nan,nan,nan,nan,nan
WbWb_6000_2000,WbWb,6000,2000,85,180,1.6,0.4,/eos/uscms/store/user/aji/rootfiles_existingOptimization/WbWb_6000_2000_pt180_ak16_ca4_th85.root,failed,/eos/uscms/store/user/aji/rootfiles_existingOptimization/WbWb_6000_2000_pt180_ak16_ca4_th85.root,nan,nan,nan,nan,nan,nan,nan,nan,nan,nan,nan,nan,nan,nan,nan,nan,nan,nan,nan,nan,nan
WbWb_6000_2000,WbWb,6000,2000,85,180,1.6,0.6,/eos/uscms/store/user/aji/rootfiles_existingOptimization/WbWb_6000_2000_pt180_ak16_ca6_th85.root,failed,/eos/uscms/store/user/aji/rootfiles_existingOptimization/WbWb_6000_2000_pt180_ak16_ca6_th85.root,nan,nan,nan,nan,nan,nan,nan,nan,nan,nan,nan,nan,nan,nan,nan,nan,nan,nan,nan,nan,nan
WbWb_6000_2000,WbWb,6000,2000,85,180,1.6,0.8,/eos/uscms/store/user/aji/rootfiles_existingOptimization/WbWb_6000_2000_pt180_ak16_ca8_th85.root,failed,/eos/uscms/store/user/aji/rootfiles_existingOptimization/WbWb_6000_2000_pt180_ak16_ca8_th85.root,nan,nan,nan,nan,nan,nan,nan,nan,nan,nan,nan,nan,nan,nan,nan,nan,nan,nan,nan,nan,nan
WbWb_6000_2000,WbWb,6000,2000,85,180,1.6,1.0,/eos/uscms/store/user/aji/rootfiles_existingOptimization/WbWb_6000_2000_pt180_ak16_ca10_th85.root,failed,/eos/uscms/store/user/aji/rootfiles_existingOptimization/WbWb_6000_2000_pt180_ak16_ca10_th85.root,nan,nan,nan,nan,nan,nan,nan,nan,nan,nan,nan,nan,nan,nan,nan,nan,nan,nan,nan,nan,nan
WbWb_6000_2000,WbWb,6000,2000,85,180,1.6,1.2,/eos/uscms/store/user/aji/rootfiles_existingOptimization/WbWb_6000_2000_pt180_ak16_ca12_th85.root,failed,/eos/uscms/store/user/aji/rootfiles_existingOptimization/WbWb_6000_2000_pt180_ak16_ca12_th85.root,nan,nan,nan,nan,nan,nan,nan,nan,nan,nan,nan,nan,nan,nan,nan,nan,nan,nan,nan,nan,nan
WbWb_6000_2000,WbWb,6000,2000,85,200,0.8,0.4,/eos/uscms/store/user/aji/rootfiles_existingOptimization/WbWb_6000_2000_pt200_ak8_ca4_th85.root,failed,/eos/uscms/store/user/aji/rootfiles_existingOptimization/WbWb_6000_2000_pt200_ak8_ca4_th85.root,nan,nan,nan,nan,nan,nan,nan,nan,nan,nan,nan,nan,nan,nan,nan,nan,nan,nan,nan,nan,nan
WbWb_6000_2000,WbWb,6000,2000,85,200,1.0,0.4,/eos/uscms/store/user/aji/rootfiles_existingOptimization/WbWb_6000_2000_pt200_ak10_ca4_th85.root,failed,/eos/uscms/store/user/aji/rootfiles_existingOptimization/WbWb_6000_2000_pt200_ak10_ca4_th85.root,nan,nan,nan,nan,nan,nan,nan,nan,nan,nan,nan,nan,nan,nan,nan,nan,nan,nan,nan,nan,nan
WbWb_6000_2000,WbWb,6000,2000,85,200,1.0,0.6,/eos/uscms/store/user/aji/rootfiles_existingOptimization/WbWb_6000_2000_pt200_ak10_ca6_th85.root,failed,/eos/uscms/store/user/aji/rootfiles_existingOptimization/WbWb_6000_2000_pt200_ak10_ca6_th85.root,nan,nan,nan,nan,nan,nan,nan,nan,nan,nan,nan,nan,nan,nan,nan,nan,nan,nan,nan,nan,nan
WbWb_6000_2000,WbWb,6000,2000,85,200,1.2,0.4,/eos/uscms/store/user/aji/rootfiles_existingOptimization/WbWb_6000_2000_pt200_ak12_ca4_th85.root,failed,/eos/uscms/store/user/aji/rootfiles_existingOptimization/WbWb_6000_2000_pt200_ak12_ca4_th85.root,nan,nan,nan,nan,nan,nan,nan,nan,nan,nan,nan,nan,nan,nan,nan,nan,nan,nan,nan,nan,nan
WbWb_6000_2000,WbWb,6000,2000,85,200,1.2,0.6,/eos/uscms/store/user/aji/rootfiles_existingOptimization/WbWb_6000_2000_pt200_ak12_ca6_th85.root,failed,/eos/uscms/store/user/aji/rootfiles_existingOptimization/WbWb_6000_2000_pt200_ak12_ca6_th85.root,nan,nan,nan,nan,nan,nan,nan,nan,nan,nan,nan,nan,nan,nan,nan,nan,nan,nan,nan,nan,nan
WbWb_6000_2000,WbWb,6000,2000,85,200,1.2,0.8,/eos/uscms/store/user/aji/rootfiles_existingOptimization/WbWb_6000_2000_pt200_ak12_ca8_th85.root,failed,/eos/uscms/store/user/aji/rootfiles_existingOptimization/WbWb_6000_2000_pt200_ak12_ca8_th85.root,nan,nan,nan,nan,nan,nan,nan,nan,nan,nan,nan,nan,nan,nan,nan,nan,nan,nan,nan,nan,nan
WbWb_6000_2000,WbWb,6000,2000,85,200,1.4,0.4,/eos/uscms/store/user/aji/rootfiles_existingOptimization/WbWb_6000_2000_pt200_ak14_ca4_th85.root,failed,/eos/uscms/store/user/aji/rootfiles_existingOptimization/WbWb_6000_2000_pt200_ak14_ca4_th85.root,nan,nan,nan,nan,nan,nan,nan,nan,nan,nan,nan,nan,nan,nan,nan,nan,nan,nan,nan,nan,nan
WbWb_6000_2000,WbWb,6000,2000,85,200,1.4,0.6,/eos/uscms/store/user/aji/rootfiles_existingOptimization/WbWb_6000_2000_pt200_ak14_ca6_th85.root,failed,/eos/uscms/store/user/aji/rootfiles_existingOptimization/WbWb_6000_2000_pt200_ak14_ca6_th85.root,nan,nan,nan,nan,nan,nan,nan,nan,nan,nan,nan,nan,nan,nan,nan,nan,nan,nan,nan,nan,nan
WbWb_6000_2000,WbWb,6000,2000,85,200,1.4,0.8,/eos/uscms/store/user/aji/rootfiles_existingOptimization/WbWb_6000_2000_pt200_ak14_ca8_th85.root,failed,/eos/uscms/store/user/aji/rootfiles_existingOptimization/WbWb_6000_2000_pt200_ak14_ca8_th85.root,nan,nan,nan,nan,nan,nan,nan,nan,nan,nan,nan,nan,nan,nan,nan,nan,nan,nan,nan,nan,nan
WbWb_6000_2000,WbWb,6000,2000,85,200,1.4,1.0,/eos/uscms/store/user/aji/rootfiles_existingOptimization/WbWb_6000_2000_pt200_ak14_ca10_th85.root,failed,/eos/uscms/store/user/aji/rootfiles_existingOptimization/WbWb_6000_2000_pt200_ak14_ca10_th85.root,nan,nan,nan,nan,nan,nan,nan,nan,nan,nan,nan,nan,nan,nan,nan,nan,nan,nan,nan,nan,nan
WbWb_6000_2000,WbWb,6000,2000,85,200,1.6,0.4,/eos/uscms/store/user/aji/rootfiles_existingOptimization/WbWb_6000_2000_pt200_ak16_ca4_th85.root,failed,/eos/uscms/store/user/aji/rootfiles_existingOptimization/WbWb_6000_2000_pt200_ak16_ca4_th85.root,nan,nan,nan,nan,nan,nan,nan,nan,nan,nan,nan,nan,nan,nan,nan,nan,nan,nan,nan,nan,nan
WbWb_6000_2000,WbWb,6000,2000,85,200,1.6,0.6,/eos/uscms/store/user/aji/rootfiles_existingOptimization/WbWb_6000_2000_pt200_ak16_ca6_th85.root,failed,/eos/uscms/store/user/aji/rootfiles_existingOptimization/WbWb_6000_2000_pt200_ak16_ca6_th85.root,nan,nan,nan,nan,nan,nan,nan,nan,nan,nan,nan,nan,nan,nan,nan,nan,nan,nan,nan,nan,nan
WbWb_6000_2000,WbWb,6000,2000,85,200,1.6,0.8,/eos/uscms/store/user/aji/rootfiles_existingOptimization/WbWb_6000_2000_pt200_ak16_ca8_th85.root,failed,/eos/uscms/store/user/aji/rootfiles_existingOptimization/WbWb_6000_2000_pt200_ak16_ca8_th85.root,nan,nan,nan,nan,nan,nan,nan,nan,nan,nan,nan,nan,nan,nan,nan,nan,nan,nan,nan,nan,nan
WbWb_6000_2000,WbWb,6000,2000,85,200,1.6,1.0,/eos/uscms/store/user/aji/rootfiles_existingOptimization/WbWb_6000_2000_pt200_ak16_ca10_th85.root,failed,/eos/uscms/store/user/aji/rootfiles_existingOptimization/WbWb_6000_2000_pt200_ak16_ca10_th85.root,nan,nan,nan,nan,nan,nan,nan,nan,nan,nan,nan,nan,nan,nan,nan,nan,nan,nan,nan,nan,nan
WbWb_6000_2000,WbWb,6000,2000,85,200,1.6,1.2,/eos/uscms/store/user/aji/rootfiles_existingOptimization/WbWb_6000_2000_pt200_ak16_ca12_th85.root,failed,/eos/uscms/store/user/aji/rootfiles_existingOptimization/WbWb_6000_2000_pt200_ak16_ca12_th85.root,nan,nan,nan,nan,nan,nan,nan,nan,nan,nan,nan,nan,nan,nan,nan,nan,nan,nan,nan,nan,nan
WbWb_6000_2000,WbWb,6000,2000,85,220,0.8,0.4,/eos/uscms/store/user/aji/rootfiles_existingOptimization/WbWb_6000_2000_pt220_ak8_ca4_th85.root,failed,/eos/uscms/store/user/aji/rootfiles_existingOptimization/WbWb_6000_2000_pt220_ak8_ca4_th85.root,nan,nan,nan,nan,nan,nan,nan,nan,nan,nan,nan,nan,nan,nan,nan,nan,nan,nan,nan,nan,nan
WbWb_6000_2000,WbWb,6000,2000,85,220,1.0,0.4,/eos/uscms/store/user/aji/rootfiles_existingOptimization/WbWb_6000_2000_pt220_ak10_ca4_th85.root,failed,/eos/uscms/store/user/aji/rootfiles_existingOptimization/WbWb_6000_2000_pt220_ak10_ca4_th85.root,nan,nan,nan,nan,nan,nan,nan,nan,nan,nan,nan,nan,nan,nan,nan,nan,nan,nan,nan,nan,nan
WbWb_6000_2000,WbWb,6000,2000,85,220,1.0,0.6,/eos/uscms/store/user/aji/rootfiles_existingOptimization/WbWb_6000_2000_pt220_ak10_ca6_th85.root,failed,/eos/uscms/store/user/aji/rootfiles_existingOptimization/WbWb_6000_2000_pt220_ak10_ca6_th85.root,nan,nan,nan,nan,nan,nan,nan,nan,nan,nan,nan,nan,nan,nan,nan,nan,nan,nan,nan,nan,nan
WbWb_6000_2000,WbWb,6000,2000,85,220,1.2,0.4,/eos/uscms/store/user/aji/rootfiles_existingOptimization/WbWb_6000_2000_pt220_ak12_ca4_th85.root,failed,/eos/uscms/store/user/aji/rootfiles_existingOptimization/WbWb_6000_2000_pt220_ak12_ca4_th85.root,nan,nan,nan,nan,nan,nan,nan,nan,nan,nan,nan,nan,nan,nan,nan,nan,nan,nan,nan,nan,nan
WbWb_6000_2000,WbWb,6000,2000,85,220,1.2,0.6,/eos/uscms/store/user/aji/rootfiles_existingOptimization/WbWb_6000_2000_pt220_ak12_ca6_th85.root,failed,/eos/uscms/store/user/aji/rootfiles_existingOptimization/WbWb_6000_2000_pt220_ak12_ca6_th85.root,nan,nan,nan,nan,nan,nan,nan,nan,nan,nan,nan,nan,nan,nan,nan,nan,nan,nan,nan,nan,nan
WbWb_6000_2000,WbWb,6000,2000,85,220,1.2,0.8,/eos/uscms/store/user/aji/rootfiles_existingOptimization/WbWb_6000_2000_pt220_ak12_ca8_th85.root,failed,/eos/uscms/store/user/aji/rootfiles_existingOptimization/WbWb_6000_2000_pt220_ak12_ca8_th85.root,nan,nan,nan,nan,nan,nan,nan,nan,nan,nan,nan,nan,nan,nan,nan,nan,nan,nan,nan,nan,nan
WbWb_6000_2000,WbWb,6000,2000,85,220,1.4,0.4,/eos/uscms/store/user/aji/rootfiles_existingOptimization/WbWb_6000_2000_pt220_ak14_ca4_th85.root,failed,/eos/uscms/store/user/aji/rootfiles_existingOptimization/WbWb_6000_2000_pt220_ak14_ca4_th85.root,nan,nan,nan,nan,nan,nan,nan,nan,nan,nan,nan,nan,nan,nan,nan,nan,nan,nan,nan,nan,nan
WbWb_6000_2000,WbWb,6000,2000,85,220,1.4,0.6,/eos/uscms/store/user/aji/rootfiles_existingOptimization/WbWb_6000_2000_pt220_ak14_ca6_th85.root,failed,/eos/uscms/store/user/aji/rootfiles_existingOptimization/WbWb_6000_2000_pt220_ak14_ca6_th85.root,nan,nan,nan,nan,nan,nan,nan,nan,nan,nan,nan,nan,nan,nan,nan,nan,nan,nan,nan,nan,nan
WbWb_6000_2000,WbWb,6000,2000,85,220,1.4,0.8,/eos/uscms/store/user/aji/rootfiles_existingOptimization/WbWb_6000_2000_pt220_ak14_ca8_th85.root,failed,/eos/uscms/store/user/aji/rootfiles_existingOptimization/WbWb_6000_2000_pt220_ak14_ca8_th85.root,nan,nan,nan,nan,nan,nan,nan,nan,nan,nan,nan,nan,nan,nan,nan,nan,nan,nan,nan,nan,nan
WbWb_6000_2000,WbWb,6000,2000,85,220,1.4,1.0,/eos/uscms/store/user/aji/rootfiles_existingOptimization/WbWb_6000_2000_pt220_ak14_ca10_th85.root,failed,/eos/uscms/store/user/aji/rootfiles_existingOptimization/WbWb_6000_2000_pt220_ak14_ca10_th85.root,nan,nan,nan,nan,nan,nan,nan,nan,nan,nan,nan,nan,nan,nan,nan,nan,nan,nan,nan,nan,nan
WbWb_6000_2000,WbWb,6000,2000,85,220,1.6,0.4,/eos/uscms/store/user/aji/rootfiles_existingOptimization/WbWb_6000_2000_pt220_ak16_ca4_th85.root,failed,/eos/uscms/store/user/aji/rootfiles_existingOptimization/WbWb_6000_2000_pt220_ak16_ca4_th85.root,nan,nan,nan,nan,nan,nan,nan,nan,nan,nan,nan,nan,nan,nan,nan,nan,nan,nan,nan,nan,nan
WbWb_6000_2000,WbWb,6000,2000,85,220,1.6,0.6,/eos/uscms/store/user/aji/rootfiles_existingOptimization/WbWb_6000_2000_pt220_ak16_ca6_th85.root,failed,/eos/uscms/store/user/aji/rootfiles_existingOptimization/WbWb_6000_2000_pt220_ak16_ca6_th85.root,nan,nan,nan,nan,nan,nan,nan,nan,nan,nan,nan,nan,nan,nan,nan,nan,nan,nan,nan,nan,nan
WbWb_6000_2000,WbWb,6000,2000,85,220,1.6,0.8,/eos/uscms/store/user/aji/rootfiles_existingOptimization/WbWb_6000_2000_pt220_ak16_ca8_th85.root,failed,/eos/uscms/store/user/aji/rootfiles_existingOptimization/WbWb_6000_2000_pt220_ak16_ca8_th85.root,nan,nan,nan,nan,nan,nan,nan,nan,nan,nan,nan,nan,nan,nan,nan,nan,nan,nan,nan,nan,nan
WbWb_6000_2000,WbWb,6000,2000,85,220,1.6,1.0,/eos/uscms/store/user/aji/rootfiles_existingOptimization/WbWb_6000_2000_pt220_ak16_ca10_th85.root,failed,/eos/uscms/store/user/aji/rootfiles_existingOptimization/WbWb_6000_2000_pt220_ak16_ca10_th85.root,nan,nan,nan,nan,nan,nan,nan,nan,nan,nan,nan,nan,nan,nan,nan,nan,nan,nan,nan,nan,nan
WbWb_6000_2000,WbWb,6000,2000,85,220,1.6,1.2,/eos/uscms/store/user/aji/rootfiles_existingOptimization/WbWb_6000_2000_pt220_ak16_ca12_th85.root,failed,/eos/uscms/store/user/aji/rootfiles_existingOptimization/WbWb_6000_2000_pt220_ak16_ca12_th85.root,nan,nan,nan,nan,nan,nan,nan,nan,nan,nan,nan,nan,nan,nan,nan,nan,nan,nan,nan,nan,nan
WbWb_6000_2000,WbWb,6000,2000,85,240,0.8,0.4,/eos/uscms/store/user/aji/rootfiles_existingOptimization/WbWb_6000_2000_pt240_ak8_ca4_th85.root,failed,/eos/uscms/store/user/aji/rootfiles_existingOptimization/WbWb_6000_2000_pt240_ak8_ca4_th85.root,nan,nan,nan,nan,nan,nan,nan,nan,nan,nan,nan,nan,nan,nan,nan,nan,nan,nan,nan,nan,nan
WbWb_6000_2000,WbWb,6000,2000,85,240,1.0,0.4,/eos/uscms/store/user/aji/rootfiles_existingOptimization/WbWb_6000_2000_pt240_ak10_ca4_th85.root,failed,/eos/uscms/store/user/aji/rootfiles_existingOptimization/WbWb_6000_2000_pt240_ak10_ca4_th85.root,nan,nan,nan,nan,nan,nan,nan,nan,nan,nan,nan,nan,nan,nan,nan,nan,nan,nan,nan,nan,nan
WbWb_6000_2000,WbWb,6000,2000,85,240,1.0,0.6,/eos/uscms/store/user/aji/rootfiles_existingOptimization/WbWb_6000_2000_pt240_ak10_ca6_th85.root,failed,/eos/uscms/store/user/aji/rootfiles_existingOptimization/WbWb_6000_2000_pt240_ak10_ca6_th85.root,nan,nan,nan,nan,nan,nan,nan,nan,nan,nan,nan,nan,nan,nan,nan,nan,nan,nan,nan,nan,nan
WbWb_6000_2000,WbWb,6000,2000,85,240,1.2,0.4,/eos/uscms/store/user/aji/rootfiles_existingOptimization/WbWb_6000_2000_pt240_ak12_ca4_th85.root,failed,/eos/uscms/store/user/aji/rootfiles_existingOptimization/WbWb_6000_2000_pt240_ak12_ca4_th85.root,nan,nan,nan,nan,nan,nan,nan,nan,nan,nan,nan,nan,nan,nan,nan,nan,nan,nan,nan,nan,nan
WbWb_6000_2000,WbWb,6000,2000,85,240,1.2,0.6,/eos/uscms/store/user/aji/rootfiles_existingOptimization/WbWb_6000_2000_pt240_ak12_ca6_th85.root,failed,/eos/uscms/store/user/aji/rootfiles_existingOptimization/WbWb_6000_2000_pt240_ak12_ca6_th85.root,nan,nan,nan,nan,nan,nan,nan,nan,nan,nan,nan,nan,nan,nan,nan,nan,nan,nan,nan,nan,nan
WbWb_6000_2000,WbWb,6000,2000,85,240,1.2,0.8,/eos/uscms/store/user/aji/rootfiles_existingOptimization/WbWb_6000_2000_pt240_ak12_ca8_th85.root,failed,/eos/uscms/store/user/aji/rootfiles_existingOptimization/WbWb_6000_2000_pt240_ak12_ca8_th85.root,nan,nan,nan,nan,nan,nan,nan,nan,nan,nan,nan,nan,nan,nan,nan,nan,nan,nan,nan,nan,nan
WbWb_6000_2000,WbWb,6000,2000,85,240,1.4,0.4,/eos/uscms/store/user/aji/rootfiles_existingOptimization/WbWb_6000_2000_pt240_ak14_ca4_th85.root,failed,/eos/uscms/store/user/aji/rootfiles_existingOptimization/WbWb_6000_2000_pt240_ak14_ca4_th85.root,nan,nan,nan,nan,nan,nan,nan,nan,nan,nan,nan,nan,nan,nan,nan,nan,nan,nan,nan,nan,nan
WbWb_6000_2000,WbWb,6000,2000,85,240,1.4,0.6,/eos/uscms/store/user/aji/rootfiles_existingOptimization/WbWb_6000_2000_pt240_ak14_ca6_th85.root,failed,/eos/uscms/store/user/aji/rootfiles_existingOptimization/WbWb_6000_2000_pt240_ak14_ca6_th85.root,nan,nan,nan,nan,nan,nan,nan,nan,nan,nan,nan,nan,nan,nan,nan,nan,nan,nan,nan,nan,nan
WbWb_6000_2000,WbWb,6000,2000,85,240,1.4,0.8,/eos/uscms/store/user/aji/rootfiles_existingOptimization/WbWb_6000_2000_pt240_ak14_ca8_th85.root,failed,/eos/uscms/store/user/aji/rootfiles_existingOptimization/WbWb_6000_2000_pt240_ak14_ca8_th85.root,nan,nan,nan,nan,nan,nan,nan,nan,nan,nan,nan,nan,nan,nan,nan,nan,nan,nan,nan,nan,nan
WbWb_6000_2000,WbWb,6000,2000,85,240,1.4,1.0,/eos/uscms/store/user/aji/rootfiles_existingOptimization/WbWb_6000_2000_pt240_ak14_ca10_th85.root,failed,/eos/uscms/store/user/aji/rootfiles_existingOptimization/WbWb_6000_2000_pt240_ak14_ca10_th85.root,nan,nan,nan,nan,nan,nan,nan,nan,nan,nan,nan,nan,nan,nan,nan,nan,nan,nan,nan,nan,nan
WbWb_6000_2000,WbWb,6000,2000,85,240,1.6,0.4,/eos/uscms/store/user/aji/rootfiles_existingOptimization/WbWb_6000_2000_pt240_ak16_ca4_th85.root,failed,/eos/uscms/store/user/aji/rootfiles_existingOptimization/WbWb_6000_2000_pt240_ak16_ca4_th85.root,nan,nan,nan,nan,nan,nan,nan,nan,nan,nan,nan,nan,nan,nan,nan,nan,nan,nan,nan,nan,nan
WbWb_6000_2000,WbWb,6000,2000,85,240,1.6,0.6,/eos/uscms/store/user/aji/rootfiles_existingOptimization/WbWb_6000_2000_pt240_ak16_ca6_th85.root,failed,/eos/uscms/store/user/aji/rootfiles_existingOptimization/WbWb_6000_2000_pt240_ak16_ca6_th85.root,nan,nan,nan,nan,nan,nan,nan,nan,nan,nan,nan,nan,nan,nan,nan,nan,nan,nan,nan,nan,nan
WbWb_6000_2000,WbWb,6000,2000,85,240,1.6,0.8,/eos/uscms/store/user/aji/rootfiles_existingOptimization/WbWb_6000_2000_pt240_ak16_ca8_th85.root,failed,/eos/uscms/store/user/aji/rootfiles_existingOptimization/WbWb_6000_2000_pt240_ak16_ca8_th85.root,nan,nan,nan,nan,nan,nan,nan,nan,nan,nan,nan,nan,nan,nan,nan,nan,nan,nan,nan,nan,nan
WbWb_6000_2000,WbWb,6000,2000,85,240,1.6,1.0,/eos/uscms/store/user/aji/rootfiles_existingOptimization/WbWb_6000_2000_pt240_ak16_ca10_th85.root,failed,/eos/uscms/store/user/aji/rootfiles_existingOptimization/WbWb_6000_2000_pt240_ak16_ca10_th85.root,nan,nan,nan,nan,nan,nan,nan,nan,nan,nan,nan,nan,nan,nan,nan,nan,nan,nan,nan,nan,nan
WbWb_6000_2000,WbWb,6000,2000,85,240,1.6,1.2,/eos/uscms/store/user/aji/rootfiles_existingOptimization/WbWb_6000_2000_pt240_ak16_ca12_th85.root,failed,/eos/uscms/store/user/aji/rootfiles_existingOptimization/WbWb_6000_2000_pt240_ak16_ca12_th85.root,nan,nan,nan,nan,nan,nan,nan,nan,nan,nan,nan,nan,nan,nan,nan,nan,nan,nan,nan,nan,nan
WbWb_6000_2000,WbWb,6000,2000,85,260,0.8,0.4,/eos/uscms/store/user/aji/rootfiles_existingOptimization/WbWb_6000_2000_pt260_ak8_ca4_th85.root,failed,/eos/uscms/store/user/aji/rootfiles_existingOptimization/WbWb_6000_2000_pt260_ak8_ca4_th85.root,nan,nan,nan,nan,nan,nan,nan,nan,nan,nan,nan,nan,nan,nan,nan,nan,nan,nan,nan,nan,nan
WbWb_6000_2000,WbWb,6000,2000,85,260,1.0,0.4,/eos/uscms/store/user/aji/rootfiles_existingOptimization/WbWb_6000_2000_pt260_ak10_ca4_th85.root,failed,/eos/uscms/store/user/aji/rootfiles_existingOptimization/WbWb_6000_2000_pt260_ak10_ca4_th85.root,nan,nan,nan,nan,nan,nan,nan,nan,nan,nan,nan,nan,nan,nan,nan,nan,nan,nan,nan,nan,nan
WbWb_6000_2000,WbWb,6000,2000,85,260,1.0,0.6,/eos/uscms/store/user/aji/rootfiles_existingOptimization/WbWb_6000_2000_pt260_ak10_ca6_th85.root,failed,/eos/uscms/store/user/aji/rootfiles_existingOptimization/WbWb_6000_2000_pt260_ak10_ca6_th85.root,nan,nan,nan,nan,nan,nan,nan,nan,nan,nan,nan,nan,nan,nan,nan,nan,nan,nan,nan,nan,nan
WbWb_6000_2000,WbWb,6000,2000,85,260,1.2,0.4,/eos/uscms/store/user/aji/rootfiles_existingOptimization/WbWb_6000_2000_pt260_ak12_ca4_th85.root,failed,/eos/uscms/store/user/aji/rootfiles_existingOptimization/WbWb_6000_2000_pt260_ak12_ca4_th85.root,nan,nan,nan,nan,nan,nan,nan,nan,nan,nan,nan,nan,nan,nan,nan,nan,nan,nan,nan,nan,nan
WbWb_6000_2000,WbWb,6000,2000,85,260,1.2,0.6,/eos/uscms/store/user/aji/rootfiles_existingOptimization/WbWb_6000_2000_pt260_ak12_ca6_th85.root,failed,/eos/uscms/store/user/aji/rootfiles_existingOptimization/WbWb_6000_2000_pt260_ak12_ca6_th85.root,nan,nan,nan,nan,nan,nan,nan,nan,nan,nan,nan,nan,nan,nan,nan,nan,nan,nan,nan,nan,nan
WbWb_6000_2000,WbWb,6000,2000,85,260,1.2,0.8,/eos/uscms/store/user/aji/rootfiles_existingOptimization/WbWb_6000_2000_pt260_ak12_ca8_th85.root,failed,/eos/uscms/store/user/aji/rootfiles_existingOptimization/WbWb_6000_2000_pt260_ak12_ca8_th85.root,nan,nan,nan,nan,nan,nan,nan,nan,nan,nan,nan,nan,nan,nan,nan,nan,nan,nan,nan,nan,nan
WbWb_6000_2000,WbWb,6000,2000,85,260,1.4,0.4,/eos/uscms/store/user/aji/rootfiles_existingOptimization/WbWb_6000_2000_pt260_ak14_ca4_th85.root,failed,/eos/uscms/store/user/aji/rootfiles_existingOptimization/WbWb_6000_2000_pt260_ak14_ca4_th85.root,nan,nan,nan,nan,nan,nan,nan,nan,nan,nan,nan,nan,nan,nan,nan,nan,nan,nan,nan,nan,nan
WbWb_6000_2000,WbWb,6000,2000,85,260,1.4,0.6,/eos/uscms/store/user/aji/rootfiles_existingOptimization/WbWb_6000_2000_pt260_ak14_ca6_th85.root,failed,/eos/uscms/store/user/aji/rootfiles_existingOptimization/WbWb_6000_2000_pt260_ak14_ca6_th85.root,nan,nan,nan,nan,nan,nan,nan,nan,nan,nan,nan,nan,nan,nan,nan,nan,nan,nan,nan,nan,nan
WbWb_6000_2000,WbWb,6000,2000,85,260,1.4,0.8,/eos/uscms/store/user/aji/rootfiles_existingOptimization/WbWb_6000_2000_pt260_ak14_ca8_th85.root,failed,/eos/uscms/store/user/aji/rootfiles_existingOptimization/WbWb_6000_2000_pt260_ak14_ca8_th85.root,nan,nan,nan,nan,nan,nan,nan,nan,nan,nan,nan,nan,nan,nan,nan,nan,nan,nan,nan,nan,nan
WbWb_6000_2000,WbWb,6000,2000,85,260,1.4,1.0,/eos/uscms/store/user/aji/rootfiles_existingOptimization/WbWb_6000_2000_pt260_ak14_ca10_th85.root,failed,/eos/uscms/store/user/aji/rootfiles_existingOptimization/WbWb_6000_2000_pt260_ak14_ca10_th85.root,nan,nan,nan,nan,nan,nan,nan,nan,nan,nan,nan,nan,nan,nan,nan,nan,nan,nan,nan,nan,nan
WbWb_6000_2000,WbWb,6000,2000,85,260,1.6,0.4,/eos/uscms/store/user/aji/rootfiles_existingOptimization/WbWb_6000_2000_pt260_ak16_ca4_th85.root,failed,/eos/uscms/store/user/aji/rootfiles_existingOptimization/WbWb_6000_2000_pt260_ak16_ca4_th85.root,nan,nan,nan,nan,nan,nan,nan,nan,nan,nan,nan,nan,nan,nan,nan,nan,nan,nan,nan,nan,nan
WbWb_6000_2000,WbWb,6000,2000,85,260,1.6,0.6,/eos/uscms/store/user/aji/rootfiles_existingOptimization/WbWb_6000_2000_pt260_ak16_ca6_th85.root,failed,/eos/uscms/store/user/aji/rootfiles_existingOptimization/WbWb_6000_2000_pt260_ak16_ca6_th85.root,nan,nan,nan,nan,nan,nan,nan,nan,nan,nan,nan,nan,nan,nan,nan,nan,nan,nan,nan,nan,nan
WbWb_6000_2000,WbWb,6000,2000,85,260,1.6,0.8,/eos/uscms/store/user/aji/rootfiles_existingOptimization/WbWb_6000_2000_pt260_ak16_ca8_th85.root,failed,/eos/uscms/store/user/aji/rootfiles_existingOptimization/WbWb_6000_2000_pt260_ak16_ca8_th85.root,nan,nan,nan,nan,nan,nan,nan,nan,nan,nan,nan,nan,nan,nan,nan,nan,nan,nan,nan,nan,nan
WbWb_6000_2000,WbWb,6000,2000,85,260,1.6,1.0,/eos/uscms/store/user/aji/rootfiles_existingOptimization/WbWb_6000_2000_pt260_ak16_ca10_th85.root,failed,/eos/uscms/store/user/aji/rootfiles_existingOptimization/WbWb_6000_2000_pt260_ak16_ca10_th85.root,nan,nan,nan,nan,nan,nan,nan,nan,nan,nan,nan,nan,nan,nan,nan,nan,nan,nan,nan,nan,nan
WbWb_6000_2000,WbWb,6000,2000,85,260,1.6,1.2,/eos/uscms/store/user/aji/rootfiles_existingOptimization/WbWb_6000_2000_pt260_ak16_ca12_th85.root,failed,/eos/uscms/store/user/aji/rootfiles_existingOptimization/WbWb_6000_2000_pt260_ak16_ca12_th85.root,nan,nan,nan,nan,nan,nan,nan,nan,nan,nan,nan,nan,nan,nan,nan,nan,nan,nan,nan,nan,nan
WbWb_6000_2000,WbWb,6000,2000,85,280,0.8,0.4,/eos/uscms/store/user/aji/rootfiles_existingOptimization/WbWb_6000_2000_pt280_ak8_ca4_th85.root,failed,/eos/uscms/store/user/aji/rootfiles_existingOptimization/WbWb_6000_2000_pt280_ak8_ca4_th85.root,nan,nan,nan,nan,nan,nan,nan,nan,nan,nan,nan,nan,nan,nan,nan,nan,nan,nan,nan,nan,nan
WbWb_6000_2000,WbWb,6000,2000,85,280,1.0,0.4,/eos/uscms/store/user/aji/rootfiles_existingOptimization/WbWb_6000_2000_pt280_ak10_ca4_th85.root,failed,/eos/uscms/store/user/aji/rootfiles_existingOptimization/WbWb_6000_2000_pt280_ak10_ca4_th85.root,nan,nan,nan,nan,nan,nan,nan,nan,nan,nan,nan,nan,nan,nan,nan,nan,nan,nan,nan,nan,nan
WbWb_6000_2000,WbWb,6000,2000,85,280,1.0,0.6,/eos/uscms/store/user/aji/rootfiles_existingOptimization/WbWb_6000_2000_pt280_ak10_ca6_th85.root,failed,/eos/uscms/store/user/aji/rootfiles_existingOptimization/WbWb_6000_2000_pt280_ak10_ca6_th85.root,nan,nan,nan,nan,nan,nan,nan,nan,nan,nan,nan,nan,nan,nan,nan,nan,nan,nan,nan,nan,nan
WbWb_6000_2000,WbWb,6000,2000,85,280,1.2,0.4,/eos/uscms/store/user/aji/rootfiles_existingOptimization/WbWb_6000_2000_pt280_ak12_ca4_th85.root,failed,/eos/uscms/store/user/aji/rootfiles_existingOptimization/WbWb_6000_2000_pt280_ak12_ca4_th85.root,nan,nan,nan,nan,nan,nan,nan,nan,nan,nan,nan,nan,nan,nan,nan,nan,nan,nan,nan,nan,nan
WbWb_6000_2000,WbWb,6000,2000,85,280,1.2,0.6,/eos/uscms/store/user/aji/rootfiles_existingOptimization/WbWb_6000_2000_pt280_ak12_ca6_th85.root,failed,/eos/uscms/store/user/aji/rootfiles_existingOptimization/WbWb_6000_2000_pt280_ak12_ca6_th85.root,nan,nan,nan,nan,nan,nan,nan,nan,nan,nan,nan,nan,nan,nan,nan,nan,nan,nan,nan,nan,nan
WbWb_6000_2000,WbWb,6000,2000,85,280,1.2,0.8,/eos/uscms/store/user/aji/rootfiles_existingOptimization/WbWb_6000_2000_pt280_ak12_ca8_th85.root,failed,/eos/uscms/store/user/aji/rootfiles_existingOptimization/WbWb_6000_2000_pt280_ak12_ca8_th85.root,nan,nan,nan,nan,nan,nan,nan,nan,nan,nan,nan,nan,nan,nan,nan,nan,nan,nan,nan,nan,nan
WbWb_6000_2000,WbWb,6000,2000,85,280,1.4,0.4,/eos/uscms/store/user/aji/rootfiles_existingOptimization/WbWb_6000_2000_pt280_ak14_ca4_th85.root,failed,/eos/uscms/store/user/aji/rootfiles_existingOptimization/WbWb_6000_2000_pt280_ak14_ca4_th85.root,nan,nan,nan,nan,nan,nan,nan,nan,nan,nan,nan,nan,nan,nan,nan,nan,nan,nan,nan,nan,nan
WbWb_6000_2000,WbWb,6000,2000,85,280,1.4,0.6,/eos/uscms/store/user/aji/rootfiles_existingOptimization/WbWb_6000_2000_pt280_ak14_ca6_th85.root,failed,/eos/uscms/store/user/aji/rootfiles_existingOptimization/WbWb_6000_2000_pt280_ak14_ca6_th85.root,nan,nan,nan,nan,nan,nan,nan,nan,nan,nan,nan,nan,nan,nan,nan,nan,nan,nan,nan,nan,nan
WbWb_6000_2000,WbWb,6000,2000,85,280,1.4,0.8,/eos/uscms/store/user/aji/rootfiles_existingOptimization/WbWb_6000_2000_pt280_ak14_ca8_th85.root,failed,/eos/uscms/store/user/aji/rootfiles_existingOptimization/WbWb_6000_2000_pt280_ak14_ca8_th85.root,nan,nan,nan,nan,nan,nan,nan,nan,nan,nan,nan,nan,nan,nan,nan,nan,nan,nan,nan,nan,nan
WbWb_6000_2000,WbWb,6000,2000,85,280,1.4,1.0,/eos/uscms/store/user/aji/rootfiles_existingOptimization/WbWb_6000_2000_pt280_ak14_ca10_th85.root,failed,/eos/uscms/store/user/aji/rootfiles_existingOptimization/WbWb_6000_2000_pt280_ak14_ca10_th85.root,nan,nan,nan,nan,nan,nan,nan,nan,nan,nan,nan,nan,nan,nan,nan,nan,nan,nan,nan,nan,nan
WbWb_6000_2000,WbWb,6000,2000,85,280,1.6,0.4,/eos/uscms/store/user/aji/rootfiles_existingOptimization/WbWb_6000_2000_pt280_ak16_ca4_th85.root,failed,/eos/uscms/store/user/aji/rootfiles_existingOptimization/WbWb_6000_2000_pt280_ak16_ca4_th85.root,nan,nan,nan,nan,nan,nan,nan,nan,nan,nan,nan,nan,nan,nan,nan,nan,nan,nan,nan,nan,nan
WbWb_6000_2000,WbWb,6000,2000,85,280,1.6,0.6,/eos/uscms/store/user/aji/rootfiles_existingOptimization/WbWb_6000_2000_pt280_ak16_ca6_th85.root,failed,/eos/uscms/store/user/aji/rootfiles_existingOptimization/WbWb_6000_2000_pt280_ak16_ca6_th85.root,nan,nan,nan,nan,nan,nan,nan,nan,nan,nan,nan,nan,nan,nan,nan,nan,nan,nan,nan,nan,nan
WbWb_6000_2000,WbWb,6000,2000,85,280,1.6,0.8,/eos/uscms/store/user/aji/rootfiles_existingOptimization/WbWb_6000_2000_pt280_ak16_ca8_th85.root,failed,/eos/uscms/store/user/aji/rootfiles_existingOptimization/WbWb_6000_2000_pt280_ak16_ca8_th85.root,nan,nan,nan,nan,nan,nan,nan,nan,nan,nan,nan,nan,nan,nan,nan,nan,nan,nan,nan,nan,nan
WbWb_6000_2000,WbWb,6000,2000,85,280,1.6,1.0,/eos/uscms/store/user/aji/rootfiles_existingOptimization/WbWb_6000_2000_pt280_ak16_ca10_th85.root,failed,/eos/uscms/store/user/aji/rootfiles_existingOptimization/WbWb_6000_2000_pt280_ak16_ca10_th85.root,nan,nan,nan,nan,nan,nan,nan,nan,nan,nan,nan,nan,nan,nan,nan,nan,nan,nan,nan,nan,nan
WbWb_6000_2000,WbWb,6000,2000,85,280,1.6,1.2,/eos/uscms/store/user/aji/rootfiles_existingOptimization/WbWb_6000_2000_pt280_ak16_ca12_th85.root,failed,/eos/uscms/store/user/aji/rootfiles_existingOptimization/WbWb_6000_2000_pt280_ak16_ca12_th85.root,nan,nan,nan,nan,nan,nan,nan,nan,nan,nan,nan,nan,nan,nan,nan,nan,nan,nan,nan,nan,nan
WbWb_6000_2000,WbWb,6000,2000,85,300,0.8,0.4,/eos/uscms/store/user/aji/rootfiles_existingOptimization/WbWb_6000_2000_pt300_ak8_ca4_th85.root,failed,/eos/uscms/store/user/aji/rootfiles_existingOptimization/WbWb_6000_2000_pt300_ak8_ca4_th85.root,nan,nan,nan,nan,nan,nan,nan,nan,nan,nan,nan,nan,nan,nan,nan,nan,nan,nan,nan,nan,nan
WbWb_6000_2000,WbWb,6000,2000,85,300,1.0,0.4,/eos/uscms/store/user/aji/rootfiles_existingOptimization/WbWb_6000_2000_pt300_ak10_ca4_th85.root,failed,/eos/uscms/store/user/aji/rootfiles_existingOptimization/WbWb_6000_2000_pt300_ak10_ca4_th85.root,nan,nan,nan,nan,nan,nan,nan,nan,nan,nan,nan,nan,nan,nan,nan,nan,nan,nan,nan,nan,nan
WbWb_6000_2000,WbWb,6000,2000,85,300,1.0,0.6,/eos/uscms/store/user/aji/rootfiles_existingOptimization/WbWb_6000_2000_pt300_ak10_ca6_th85.root,failed,/eos/uscms/store/user/aji/rootfiles_existingOptimization/WbWb_6000_2000_pt300_ak10_ca6_th85.root,nan,nan,nan,nan,nan,nan,nan,nan,nan,nan,nan,nan,nan,nan,nan,nan,nan,nan,nan,nan,nan
WbWb_6000_2000,WbWb,6000,2000,85,300,1.2,0.4,/eos/uscms/store/user/aji/rootfiles_existingOptimization/WbWb_6000_2000_pt300_ak12_ca4_th85.root,failed,/eos/uscms/store/user/aji/rootfiles_existingOptimization/WbWb_6000_2000_pt300_ak12_ca4_th85.root,nan,nan,nan,nan,nan,nan,nan,nan,nan,nan,nan,nan,nan,nan,nan,nan,nan,nan,nan,nan,nan
WbWb_6000_2000,WbWb,6000,2000,85,300,1.2,0.6,/eos/uscms/store/user/aji/rootfiles_existingOptimization/WbWb_6000_2000_pt300_ak12_ca6_th85.root,failed,/eos/uscms/store/user/aji/rootfiles_existingOptimization/WbWb_6000_2000_pt300_ak12_ca6_th85.root,nan,nan,nan,nan,nan,nan,nan,nan,nan,nan,nan,nan,nan,nan,nan,nan,nan,nan,nan,nan,nan
WbWb_6000_2000,WbWb,6000,2000,85,300,1.2,0.8,/eos/uscms/store/user/aji/rootfiles_existingOptimization/WbWb_6000_2000_pt300_ak12_ca8_th85.root,failed,/eos/uscms/store/user/aji/rootfiles_existingOptimization/WbWb_6000_2000_pt300_ak12_ca8_th85.root,nan,nan,nan,nan,nan,nan,nan,nan,nan,nan,nan,nan,nan,nan,nan,nan,nan,nan,nan,nan,nan
WbWb_6000_2000,WbWb,6000,2000,85,300,1.4,0.4,/eos/uscms/store/user/aji/rootfiles_existingOptimization/WbWb_6000_2000_pt300_ak14_ca4_th85.root,failed,/eos/uscms/store/user/aji/rootfiles_existingOptimization/WbWb_6000_2000_pt300_ak14_ca4_th85.root,nan,nan,nan,nan,nan,nan,nan,nan,nan,nan,nan,nan,nan,nan,nan,nan,nan,nan,nan,nan,nan
WbWb_6000_2000,WbWb,6000,2000,85,300,1.4,0.6,/eos/uscms/store/user/aji/rootfiles_existingOptimization/WbWb_6000_2000_pt300_ak14_ca6_th85.root,failed,/eos/uscms/store/user/aji/rootfiles_existingOptimization/WbWb_6000_2000_pt300_ak14_ca6_th85.root,nan,nan,nan,nan,nan,nan,nan,nan,nan,nan,nan,nan,nan,nan,nan,nan,nan,nan,nan,nan,nan
WbWb_6000_2000,WbWb,6000,2000,85,300,1.4,0.8,/eos/uscms/store/user/aji/rootfiles_existingOptimization/WbWb_6000_2000_pt300_ak14_ca8_th85.root,failed,/eos/uscms/store/user/aji/rootfiles_existingOptimization/WbWb_6000_2000_pt300_ak14_ca8_th85.root,nan,nan,nan,nan,nan,nan,nan,nan,nan,nan,nan,nan,nan,nan,nan,nan,nan,nan,nan,nan,nan
WbWb_6000_2000,WbWb,6000,2000,85,300,1.4,1.0,/eos/uscms/store/user/aji/rootfiles_existingOptimization/WbWb_6000_2000_pt300_ak14_ca10_th85.root,failed,/eos/uscms/store/user/aji/rootfiles_existingOptimization/WbWb_6000_2000_pt300_ak14_ca10_th85.root,nan,nan,nan,nan,nan,nan,nan,nan,nan,nan,nan,nan,nan,nan,nan,nan,nan,nan,nan,nan,nan
WbWb_6000_2000,WbWb,6000,2000,85,300,1.6,0.4,/eos/uscms/store/user/aji/rootfiles_existingOptimization/WbWb_6000_2000_pt300_ak16_ca4_th85.root,failed,/eos/uscms/store/user/aji/rootfiles_existingOptimization/WbWb_6000_2000_pt300_ak16_ca4_th85.root,nan,nan,nan,nan,nan,nan,nan,nan,nan,nan,nan,nan,nan,nan,nan,nan,nan,nan,nan,nan,nan
WbWb_6000_2000,WbWb,6000,2000,85,300,1.6,0.6,/eos/uscms/store/user/aji/rootfiles_existingOptimization/WbWb_6000_2000_pt300_ak16_ca6_th85.root,failed,/eos/uscms/store/user/aji/rootfiles_existingOptimization/WbWb_6000_2000_pt300_ak16_ca6_th85.root,nan,nan,nan,nan,nan,nan,nan,nan,nan,nan,nan,nan,nan,nan,nan,nan,nan,nan,nan,nan,nan
WbWb_6000_2000,WbWb,6000,2000,85,300,1.6,0.8,/eos/uscms/store/user/aji/rootfiles_existingOptimization/WbWb_6000_2000_pt300_ak16_ca8_th85.root,failed,/eos/uscms/store/user/aji/rootfiles_existingOptimization/WbWb_6000_2000_pt300_ak16_ca8_th85.root,nan,nan,nan,nan,nan,nan,nan,nan,nan,nan,nan,nan,nan,nan,nan,nan,nan,nan,nan,nan,nan
WbWb_6000_2000,WbWb,6000,2000,85,300,1.6,1.0,/eos/uscms/store/user/aji/rootfiles_existingOptimization/WbWb_6000_2000_pt300_ak16_ca10_th85.root,failed,/eos/uscms/store/user/aji/rootfiles_existingOptimization/WbWb_6000_2000_pt300_ak16_ca10_th85.root,nan,nan,nan,nan,nan,nan,nan,nan,nan,nan,nan,nan,nan,nan,nan,nan,nan,nan,nan,nan,nan
WbWb_6000_2000,WbWb,6000,2000,85,300,1.6,1.2,/eos/uscms/store/user/aji/rootfiles_existingOptimization/WbWb_6000_2000_pt300_ak16_ca12_th85.root,failed,/eos/uscms/store/user/aji/rootfiles_existingOptimization/WbWb_6000_2000_pt300_ak16_ca12_th85.root,nan,nan,nan,nan,nan,nan,nan,nan,nan,nan,nan,nan,nan,nan,nan,nan,nan,nan,nan,nan,nan
WbWb_6000_2000,WbWb,6000,2000,85,320,0.8,0.4,/eos/uscms/store/user/aji/rootfiles_existingOptimization/WbWb_6000_2000_pt320_ak8_ca4_th85.root,failed,/eos/uscms/store/user/aji/rootfiles_existingOptimization/WbWb_6000_2000_pt320_ak8_ca4_th85.root,nan,nan,nan,nan,nan,nan,nan,nan,nan,nan,nan,nan,nan,nan,nan,nan,nan,nan,nan,nan,nan
WbWb_6000_2000,WbWb,6000,2000,85,320,1.0,0.4,/eos/uscms/store/user/aji/rootfiles_existingOptimization/WbWb_6000_2000_pt320_ak10_ca4_th85.root,failed,/eos/uscms/store/user/aji/rootfiles_existingOptimization/WbWb_6000_2000_pt320_ak10_ca4_th85.root,nan,nan,nan,nan,nan,nan,nan,nan,nan,nan,nan,nan,nan,nan,nan,nan,nan,nan,nan,nan,nan
WbWb_6000_2000,WbWb,6000,2000,85,320,1.0,0.6,/eos/uscms/store/user/aji/rootfiles_existingOptimization/WbWb_6000_2000_pt320_ak10_ca6_th85.root,failed,/eos/uscms/store/user/aji/rootfiles_existingOptimization/WbWb_6000_2000_pt320_ak10_ca6_th85.root,nan,nan,nan,nan,nan,nan,nan,nan,nan,nan,nan,nan,nan,nan,nan,nan,nan,nan,nan,nan,nan
WbWb_6000_2000,WbWb,6000,2000,85,320,1.2,0.4,/eos/uscms/store/user/aji/rootfiles_existingOptimization/WbWb_6000_2000_pt320_ak12_ca4_th85.root,failed,/eos/uscms/store/user/aji/rootfiles_existingOptimization/WbWb_6000_2000_pt320_ak12_ca4_th85.root,nan,nan,nan,nan,nan,nan,nan,nan,nan,nan,nan,nan,nan,nan,nan,nan,nan,nan,nan,nan,nan
WbWb_6000_2000,WbWb,6000,2000,85,320,1.2,0.6,/eos/uscms/store/user/aji/rootfiles_existingOptimization/WbWb_6000_2000_pt320_ak12_ca6_th85.root,failed,/eos/uscms/store/user/aji/rootfiles_existingOptimization/WbWb_6000_2000_pt320_ak12_ca6_th85.root,nan,nan,nan,nan,nan,nan,nan,nan,nan,nan,nan,nan,nan,nan,nan,nan,nan,nan,nan,nan,nan
WbWb_6000_2000,WbWb,6000,2000,85,320,1.2,0.8,/eos/uscms/store/user/aji/rootfiles_existingOptimization/WbWb_6000_2000_pt320_ak12_ca8_th85.root,failed,/eos/uscms/store/user/aji/rootfiles_existingOptimization/WbWb_6000_2000_pt320_ak12_ca8_th85.root,nan,nan,nan,nan,nan,nan,nan,nan,nan,nan,nan,nan,nan,nan,nan,nan,nan,nan,nan,nan,nan
WbWb_6000_2000,WbWb,6000,2000,85,320,1.4,0.4,/eos/uscms/store/user/aji/rootfiles_existingOptimization/WbWb_6000_2000_pt320_ak14_ca4_th85.root,failed,/eos/uscms/store/user/aji/rootfiles_existingOptimization/WbWb_6000_2000_pt320_ak14_ca4_th85.root,nan,nan,nan,nan,nan,nan,nan,nan,nan,nan,nan,nan,nan,nan,nan,nan,nan,nan,nan,nan,nan
WbWb_6000_2000,WbWb,6000,2000,85,320,1.4,0.6,/eos/uscms/store/user/aji/rootfiles_existingOptimization/WbWb_6000_2000_pt320_ak14_ca6_th85.root,failed,/eos/uscms/store/user/aji/rootfiles_existingOptimization/WbWb_6000_2000_pt320_ak14_ca6_th85.root,nan,nan,nan,nan,nan,nan,nan,nan,nan,nan,nan,nan,nan,nan,nan,nan,nan,nan,nan,nan,nan
WbWb_6000_2000,WbWb,6000,2000,85,320,1.4,0.8,/eos/uscms/store/user/aji/rootfiles_existingOptimization/WbWb_6000_2000_pt320_ak14_ca8_th85.root,failed,/eos/uscms/store/user/aji/rootfiles_existingOptimization/WbWb_6000_2000_pt320_ak14_ca8_th85.root,nan,nan,nan,nan,nan,nan,nan,nan,nan,nan,nan,nan,nan,nan,nan,nan,nan,nan,nan,nan,nan
WbWb_6000_2000,WbWb,6000,2000,85,320,1.4,1.0,/eos/uscms/store/user/aji/rootfiles_existingOptimization/WbWb_6000_2000_pt320_ak14_ca10_th85.root,failed,/eos/uscms/store/user/aji/rootfiles_existingOptimization/WbWb_6000_2000_pt320_ak14_ca10_th85.root,nan,nan,nan,nan,nan,nan,nan,nan,nan,nan,nan,nan,nan,nan,nan,nan,nan,nan,nan,nan,nan
WbWb_6000_2000,WbWb,6000,2000,85,320,1.6,0.4,/eos/uscms/store/user/aji/rootfiles_existingOptimization/WbWb_6000_2000_pt320_ak16_ca4_th85.root,failed,/eos/uscms/store/user/aji/rootfiles_existingOptimization/WbWb_6000_2000_pt320_ak16_ca4_th85.root,nan,nan,nan,nan,nan,nan,nan,nan,nan,nan,nan,nan,nan,nan,nan,nan,nan,nan,nan,nan,nan
WbWb_6000_2000,WbWb,6000,2000,85,320,1.6,0.6,/eos/uscms/store/user/aji/rootfiles_existingOptimization/WbWb_6000_2000_pt320_ak16_ca6_th85.root,failed,/eos/uscms/store/user/aji/rootfiles_existingOptimization/WbWb_6000_2000_pt320_ak16_ca6_th85.root,nan,nan,nan,nan,nan,nan,nan,nan,nan,nan,nan,nan,nan,nan,nan,nan,nan,nan,nan,nan,nan
WbWb_6000_2000,WbWb,6000,2000,85,320,1.6,0.8,/eos/uscms/store/user/aji/rootfiles_existingOptimization/WbWb_6000_2000_pt320_ak16_ca8_th85.root,failed,/eos/uscms/store/user/aji/rootfiles_existingOptimization/WbWb_6000_2000_pt320_ak16_ca8_th85.root,nan,nan,nan,nan,nan,nan,nan,nan,nan,nan,nan,nan,nan,nan,nan,nan,nan,nan,nan,nan,nan
WbWb_6000_2000,WbWb,6000,2000,85,320,1.6,1.0,/eos/uscms/store/user/aji/rootfiles_existingOptimization/WbWb_6000_2000_pt320_ak16_ca10_th85.root,failed,/eos/uscms/store/user/aji/rootfiles_existingOptimization/WbWb_6000_2000_pt320_ak16_ca10_th85.root,nan,nan,nan,nan,nan,nan,nan,nan,nan,nan,nan,nan,nan,nan,nan,nan,nan,nan,nan,nan,nan
WbWb_6000_2000,WbWb,6000,2000,85,320,1.6,1.2,/eos/uscms/store/user/aji/rootfiles_existingOptimization/WbWb_6000_2000_pt320_ak16_ca12_th85.root,failed,/eos/uscms/store/user/aji/rootfiles_existingOptimization/WbWb_6000_2000_pt320_ak16_ca12_th85.root,nan,nan,nan,nan,nan,nan,nan,nan,nan,nan,nan,nan,nan,nan,nan,nan,nan,nan,nan,nan,nan
WbWb_6000_2000,WbWb,6000,2000,85,340,0.8,0.4,/eos/uscms/store/user/aji/rootfiles_existingOptimization/WbWb_6000_2000_pt340_ak8_ca4_th85.root,failed,/eos/uscms/store/user/aji/rootfiles_existingOptimization/WbWb_6000_2000_pt340_ak8_ca4_th85.root,nan,nan,nan,nan,nan,nan,nan,nan,nan,nan,nan,nan,nan,nan,nan,nan,nan,nan,nan,nan,nan
WbWb_6000_2000,WbWb,6000,2000,85,340,1.0,0.4,/eos/uscms/store/user/aji/rootfiles_existingOptimization/WbWb_6000_2000_pt340_ak10_ca4_th85.root,failed,/eos/uscms/store/user/aji/rootfiles_existingOptimization/WbWb_6000_2000_pt340_ak10_ca4_th85.root,nan,nan,nan,nan,nan,nan,nan,nan,nan,nan,nan,nan,nan,nan,nan,nan,nan,nan,nan,nan,nan
WbWb_6000_2000,WbWb,6000,2000,85,340,1.0,0.6,/eos/uscms/store/user/aji/rootfiles_existingOptimization/WbWb_6000_2000_pt340_ak10_ca6_th85.root,failed,/eos/uscms/store/user/aji/rootfiles_existingOptimization/WbWb_6000_2000_pt340_ak10_ca6_th85.root,nan,nan,nan,nan,nan,nan,nan,nan,nan,nan,nan,nan,nan,nan,nan,nan,nan,nan,nan,nan,nan
WbWb_6000_2000,WbWb,6000,2000,85,340,1.2,0.4,/eos/uscms/store/user/aji/rootfiles_existingOptimization/WbWb_6000_2000_pt340_ak12_ca4_th85.root,failed,/eos/uscms/store/user/aji/rootfiles_existingOptimization/WbWb_6000_2000_pt340_ak12_ca4_th85.root,nan,nan,nan,nan,nan,nan,nan,nan,nan,nan,nan,nan,nan,nan,nan,nan,nan,nan,nan,nan,nan
WbWb_6000_2000,WbWb,6000,2000,85,340,1.2,0.6,/eos/uscms/store/user/aji/rootfiles_existingOptimization/WbWb_6000_2000_pt340_ak12_ca6_th85.root,failed,/eos/uscms/store/user/aji/rootfiles_existingOptimization/WbWb_6000_2000_pt340_ak12_ca6_th85.root,nan,nan,nan,nan,nan,nan,nan,nan,nan,nan,nan,nan,nan,nan,nan,nan,nan,nan,nan,nan,nan
WbWb_6000_2000,WbWb,6000,2000,85,340,1.2,0.8,/eos/uscms/store/user/aji/rootfiles_existingOptimization/WbWb_6000_2000_pt340_ak12_ca8_th85.root,failed,/eos/uscms/store/user/aji/rootfiles_existingOptimization/WbWb_6000_2000_pt340_ak12_ca8_th85.root,nan,nan,nan,nan,nan,nan,nan,nan,nan,nan,nan,nan,nan,nan,nan,nan,nan,nan,nan,nan,nan
WbWb_6000_2000,WbWb,6000,2000,85,340,1.4,0.4,/eos/uscms/store/user/aji/rootfiles_existingOptimization/WbWb_6000_2000_pt340_ak14_ca4_th85.root,failed,/eos/uscms/store/user/aji/rootfiles_existingOptimization/WbWb_6000_2000_pt340_ak14_ca4_th85.root,nan,nan,nan,nan,nan,nan,nan,nan,nan,nan,nan,nan,nan,nan,nan,nan,nan,nan,nan,nan,nan
WbWb_6000_2000,WbWb,6000,2000,85,340,1.4,0.6,/eos/uscms/store/user/aji/rootfiles_existingOptimization/WbWb_6000_2000_pt340_ak14_ca6_th85.root,failed,/eos/uscms/store/user/aji/rootfiles_existingOptimization/WbWb_6000_2000_pt340_ak14_ca6_th85.root,nan,nan,nan,nan,nan,nan,nan,nan,nan,nan,nan,nan,nan,nan,nan,nan,nan,nan,nan,nan,nan
WbWb_6000_2000,WbWb,6000,2000,85,340,1.4,0.8,/eos/uscms/store/user/aji/rootfiles_existingOptimization/WbWb_6000_2000_pt340_ak14_ca8_th85.root,failed,/eos/uscms/store/user/aji/rootfiles_existingOptimization/WbWb_6000_2000_pt340_ak14_ca8_th85.root,nan,nan,nan,nan,nan,nan,nan,nan,nan,nan,nan,nan,nan,nan,nan,nan,nan,nan,nan,nan,nan
WbWb_6000_2000,WbWb,6000,2000,85,340,1.4,1.0,/eos/uscms/store/user/aji/rootfiles_existingOptimization/WbWb_6000_2000_pt340_ak14_ca10_th85.root,failed,/eos/uscms/store/user/aji/rootfiles_existingOptimization/WbWb_6000_2000_pt340_ak14_ca10_th85.root,nan,nan,nan,nan,nan,nan,nan,nan,nan,nan,nan,nan,nan,nan,nan,nan,nan,nan,nan,nan,nan
WbWb_6000_2000,WbWb,6000,2000,85,340,1.6,0.4,/eos/uscms/store/user/aji/rootfiles_existingOptimization/WbWb_6000_2000_pt340_ak16_ca4_th85.root,failed,/eos/uscms/store/user/aji/rootfiles_existingOptimization/WbWb_6000_2000_pt340_ak16_ca4_th85.root,nan,nan,nan,nan,nan,nan,nan,nan,nan,nan,nan,nan,nan,nan,nan,nan,nan,nan,nan,nan,nan
WbWb_6000_2000,WbWb,6000,2000,85,340,1.6,0.6,/eos/uscms/store/user/aji/rootfiles_existingOptimization/WbWb_6000_2000_pt340_ak16_ca6_th85.root,failed,/eos/uscms/store/user/aji/rootfiles_existingOptimization/WbWb_6000_2000_pt340_ak16_ca6_th85.root,nan,nan,nan,nan,nan,nan,nan,nan,nan,nan,nan,nan,nan,nan,nan,nan,nan,nan,nan,nan,nan
WbWb_6000_2000,WbWb,6000,2000,85,340,1.6,0.8,/eos/uscms/store/user/aji/rootfiles_existingOptimization/WbWb_6000_2000_pt340_ak16_ca8_th85.root,failed,/eos/uscms/store/user/aji/rootfiles_existingOptimization/WbWb_6000_2000_pt340_ak16_ca8_th85.root,nan,nan,nan,nan,nan,nan,nan,nan,nan,nan,nan,nan,nan,nan,nan,nan,nan,nan,nan,nan,nan
WbWb_6000_2000,WbWb,6000,2000,85,340,1.6,1.0,/eos/uscms/store/user/aji/rootfiles_existingOptimization/WbWb_6000_2000_pt340_ak16_ca10_th85.root,failed,/eos/uscms/store/user/aji/rootfiles_existingOptimization/WbWb_6000_2000_pt340_ak16_ca10_th85.root,nan,nan,nan,nan,nan,nan,nan,nan,nan,nan,nan,nan,nan,nan,nan,nan,nan,nan,nan,nan,nan
WbWb_6000_2000,WbWb,6000,2000,85,340,1.6,1.2,/eos/uscms/store/user/aji/rootfiles_existingOptimization/WbWb_6000_2000_pt340_ak16_ca12_th85.root,failed,/eos/uscms/store/user/aji/rootfiles_existingOptimization/WbWb_6000_2000_pt340_ak16_ca12_th85.root,nan,nan,nan,nan,nan,nan,nan,nan,nan,nan,nan,nan,nan,nan,nan,nan,nan,nan,nan,nan,nan
WbWb_6000_2000,WbWb,6000,2000,85,360,0.8,0.4,/eos/uscms/store/user/aji/rootfiles_existingOptimization/WbWb_6000_2000_pt360_ak8_ca4_th85.root,failed,/eos/uscms/store/user/aji/rootfiles_existingOptimization/WbWb_6000_2000_pt360_ak8_ca4_th85.root,nan,nan,nan,nan,nan,nan,nan,nan,nan,nan,nan,nan,nan,nan,nan,nan,nan,nan,nan,nan,nan
WbWb_6000_2000,WbWb,6000,2000,85,360,1.0,0.4,/eos/uscms/store/user/aji/rootfiles_existingOptimization/WbWb_6000_2000_pt360_ak10_ca4_th85.root,failed,/eos/uscms/store/user/aji/rootfiles_existingOptimization/WbWb_6000_2000_pt360_ak10_ca4_th85.root,nan,nan,nan,nan,nan,nan,nan,nan,nan,nan,nan,nan,nan,nan,nan,nan,nan,nan,nan,nan,nan
WbWb_6000_2000,WbWb,6000,2000,85,360,1.0,0.6,/eos/uscms/store/user/aji/rootfiles_existingOptimization/WbWb_6000_2000_pt360_ak10_ca6_th85.root,failed,/eos/uscms/store/user/aji/rootfiles_existingOptimization/WbWb_6000_2000_pt360_ak10_ca6_th85.root,nan,nan,nan,nan,nan,nan,nan,nan,nan,nan,nan,nan,nan,nan,nan,nan,nan,nan,nan,nan,nan
WbWb_6000_2000,WbWb,6000,2000,85,360,1.2,0.4,/eos/uscms/store/user/aji/rootfiles_existingOptimization/WbWb_6000_2000_pt360_ak12_ca4_th85.root,failed,/eos/uscms/store/user/aji/rootfiles_existingOptimization/WbWb_6000_2000_pt360_ak12_ca4_th85.root,nan,nan,nan,nan,nan,nan,nan,nan,nan,nan,nan,nan,nan,nan,nan,nan,nan,nan,nan,nan,nan
WbWb_6000_2000,WbWb,6000,2000,85,360,1.2,0.6,/eos/uscms/store/user/aji/rootfiles_existingOptimization/WbWb_6000_2000_pt360_ak12_ca6_th85.root,failed,/eos/uscms/store/user/aji/rootfiles_existingOptimization/WbWb_6000_2000_pt360_ak12_ca6_th85.root,nan,nan,nan,nan,nan,nan,nan,nan,nan,nan,nan,nan,nan,nan,nan,nan,nan,nan,nan,nan,nan
WbWb_6000_2000,WbWb,6000,2000,85,360,1.2,0.8,/eos/uscms/store/user/aji/rootfiles_existingOptimization/WbWb_6000_2000_pt360_ak12_ca8_th85.root,failed,/eos/uscms/store/user/aji/rootfiles_existingOptimization/WbWb_6000_2000_pt360_ak12_ca8_th85.root,nan,nan,nan,nan,nan,nan,nan,nan,nan,nan,nan,nan,nan,nan,nan,nan,nan,nan,nan,nan,nan
WbWb_6000_2000,WbWb,6000,2000,85,360,1.4,0.4,/eos/uscms/store/user/aji/rootfiles_existingOptimization/WbWb_6000_2000_pt360_ak14_ca4_th85.root,failed,/eos/uscms/store/user/aji/rootfiles_existingOptimization/WbWb_6000_2000_pt360_ak14_ca4_th85.root,nan,nan,nan,nan,nan,nan,nan,nan,nan,nan,nan,nan,nan,nan,nan,nan,nan,nan,nan,nan,nan
WbWb_6000_2000,WbWb,6000,2000,85,360,1.4,0.6,/eos/uscms/store/user/aji/rootfiles_existingOptimization/WbWb_6000_2000_pt360_ak14_ca6_th85.root,failed,/eos/uscms/store/user/aji/rootfiles_existingOptimization/WbWb_6000_2000_pt360_ak14_ca6_th85.root,nan,nan,nan,nan,nan,nan,nan,nan,nan,nan,nan,nan,nan,nan,nan,nan,nan,nan,nan,nan,nan
WbWb_6000_2000,WbWb,6000,2000,85,360,1.4,0.8,/eos/uscms/store/user/aji/rootfiles_existingOptimization/WbWb_6000_2000_pt360_ak14_ca8_th85.root,failed,/eos/uscms/store/user/aji/rootfiles_existingOptimization/WbWb_6000_2000_pt360_ak14_ca8_th85.root,nan,nan,nan,nan,nan,nan,nan,nan,nan,nan,nan,nan,nan,nan,nan,nan,nan,nan,nan,nan,nan
WbWb_6000_2000,WbWb,6000,2000,85,360,1.4,1.0,/eos/uscms/store/user/aji/rootfiles_existingOptimization/WbWb_6000_2000_pt360_ak14_ca10_th85.root,failed,/eos/uscms/store/user/aji/rootfiles_existingOptimization/WbWb_6000_2000_pt360_ak14_ca10_th85.root,nan,nan,nan,nan,nan,nan,nan,nan,nan,nan,nan,nan,nan,nan,nan,nan,nan,nan,nan,nan,nan
WbWb_6000_2000,WbWb,6000,2000,85,360,1.6,0.4,/eos/uscms/store/user/aji/rootfiles_existingOptimization/WbWb_6000_2000_pt360_ak16_ca4_th85.root,failed,/eos/uscms/store/user/aji/rootfiles_existingOptimization/WbWb_6000_2000_pt360_ak16_ca4_th85.root,nan,nan,nan,nan,nan,nan,nan,nan,nan,nan,nan,nan,nan,nan,nan,nan,nan,nan,nan,nan,nan
WbWb_6000_2000,WbWb,6000,2000,85,360,1.6,0.6,/eos/uscms/store/user/aji/rootfiles_existingOptimization/WbWb_6000_2000_pt360_ak16_ca6_th85.root,failed,/eos/uscms/store/user/aji/rootfiles_existingOptimization/WbWb_6000_2000_pt360_ak16_ca6_th85.root,nan,nan,nan,nan,nan,nan,nan,nan,nan,nan,nan,nan,nan,nan,nan,nan,nan,nan,nan,nan,nan
WbWb_6000_2000,WbWb,6000,2000,85,360,1.6,0.8,/eos/uscms/store/user/aji/rootfiles_existingOptimization/WbWb_6000_2000_pt360_ak16_ca8_th85.root,failed,/eos/uscms/store/user/aji/rootfiles_existingOptimization/WbWb_6000_2000_pt360_ak16_ca8_th85.root,nan,nan,nan,nan,nan,nan,nan,nan,nan,nan,nan,nan,nan,nan,nan,nan,nan,nan,nan,nan,nan
WbWb_6000_2000,WbWb,6000,2000,85,360,1.6,1.0,/eos/uscms/store/user/aji/rootfiles_existingOptimization/WbWb_6000_2000_pt360_ak16_ca10_th85.root,failed,/eos/uscms/store/user/aji/rootfiles_existingOptimization/WbWb_6000_2000_pt360_ak16_ca10_th85.root,nan,nan,nan,nan,nan,nan,nan,nan,nan,nan,nan,nan,nan,nan,nan,nan,nan,nan,nan,nan,nan
WbWb_6000_2000,WbWb,6000,2000,85,360,1.6,1.2,/eos/uscms/store/user/aji/rootfiles_existingOptimization/WbWb_6000_2000_pt360_ak16_ca12_th85.root,failed,/eos/uscms/store/user/aji/rootfiles_existingOptimization/WbWb_6000_2000_pt360_ak16_ca12_th85.root,nan,nan,nan,nan,nan,nan,nan,nan,nan,nan,nan,nan,nan,nan,nan,nan,nan,nan,nan,nan,nan
WbWb_6000_2000,WbWb,6000,2000,85,380,0.8,0.4,/eos/uscms/store/user/aji/rootfiles_existingOptimization/WbWb_6000_2000_pt380_ak8_ca4_th85.root,failed,/eos/uscms/store/user/aji/rootfiles_existingOptimization/WbWb_6000_2000_pt380_ak8_ca4_th85.root,nan,nan,nan,nan,nan,nan,nan,nan,nan,nan,nan,nan,nan,nan,nan,nan,nan,nan,nan,nan,nan
WbWb_6000_2000,WbWb,6000,2000,85,380,1.0,0.4,/eos/uscms/store/user/aji/rootfiles_existingOptimization/WbWb_6000_2000_pt380_ak10_ca4_th85.root,failed,/eos/uscms/store/user/aji/rootfiles_existingOptimization/WbWb_6000_2000_pt380_ak10_ca4_th85.root,nan,nan,nan,nan,nan,nan,nan,nan,nan,nan,nan,nan,nan,nan,nan,nan,nan,nan,nan,nan,nan
WbWb_6000_2000,WbWb,6000,2000,85,380,1.0,0.6,/eos/uscms/store/user/aji/rootfiles_existingOptimization/WbWb_6000_2000_pt380_ak10_ca6_th85.root,failed,/eos/uscms/store/user/aji/rootfiles_existingOptimization/WbWb_6000_2000_pt380_ak10_ca6_th85.root,nan,nan,nan,nan,nan,nan,nan,nan,nan,nan,nan,nan,nan,nan,nan,nan,nan,nan,nan,nan,nan
WbWb_6000_2000,WbWb,6000,2000,85,380,1.2,0.4,/eos/uscms/store/user/aji/rootfiles_existingOptimization/WbWb_6000_2000_pt380_ak12_ca4_th85.root,failed,/eos/uscms/store/user/aji/rootfiles_existingOptimization/WbWb_6000_2000_pt380_ak12_ca4_th85.root,nan,nan,nan,nan,nan,nan,nan,nan,nan,nan,nan,nan,nan,nan,nan,nan,nan,nan,nan,nan,nan
WbWb_6000_2000,WbWb,6000,2000,85,380,1.2,0.6,/eos/uscms/store/user/aji/rootfiles_existingOptimization/WbWb_6000_2000_pt380_ak12_ca6_th85.root,failed,/eos/uscms/store/user/aji/rootfiles_existingOptimization/WbWb_6000_2000_pt380_ak12_ca6_th85.root,nan,nan,nan,nan,nan,nan,nan,nan,nan,nan,nan,nan,nan,nan,nan,nan,nan,nan,nan,nan,nan
WbWb_6000_2000,WbWb,6000,2000,85,380,1.2,0.8,/eos/uscms/store/user/aji/rootfiles_existingOptimization/WbWb_6000_2000_pt380_ak12_ca8_th85.root,failed,/eos/uscms/store/user/aji/rootfiles_existingOptimization/WbWb_6000_2000_pt380_ak12_ca8_th85.root,nan,nan,nan,nan,nan,nan,nan,nan,nan,nan,nan,nan,nan,nan,nan,nan,nan,nan,nan,nan,nan
WbWb_6000_2000,WbWb,6000,2000,85,380,1.4,0.4,/eos/uscms/store/user/aji/rootfiles_existingOptimization/WbWb_6000_2000_pt380_ak14_ca4_th85.root,failed,/eos/uscms/store/user/aji/rootfiles_existingOptimization/WbWb_6000_2000_pt380_ak14_ca4_th85.root,nan,nan,nan,nan,nan,nan,nan,nan,nan,nan,nan,nan,nan,nan,nan,nan,nan,nan,nan,nan,nan
WbWb_6000_2000,WbWb,6000,2000,85,380,1.4,0.6,/eos/uscms/store/user/aji/rootfiles_existingOptimization/WbWb_6000_2000_pt380_ak14_ca6_th85.root,failed,/eos/uscms/store/user/aji/rootfiles_existingOptimization/WbWb_6000_2000_pt380_ak14_ca6_th85.root,nan,nan,nan,nan,nan,nan,nan,nan,nan,nan,nan,nan,nan,nan,nan,nan,nan,nan,nan,nan,nan
WbWb_6000_2000,WbWb,6000,2000,85,380,1.4,0.8,/eos/uscms/store/user/aji/rootfiles_existingOptimization/WbWb_6000_2000_pt380_ak14_ca8_th85.root,failed,/eos/uscms/store/user/aji/rootfiles_existingOptimization/WbWb_6000_2000_pt380_ak14_ca8_th85.root,nan,nan,nan,nan,nan,nan,nan,nan,nan,nan,nan,nan,nan,nan,nan,nan,nan,nan,nan,nan,nan
WbWb_6000_2000,WbWb,6000,2000,85,380,1.4,1.0,/eos/uscms/store/user/aji/rootfiles_existingOptimization/WbWb_6000_2000_pt380_ak14_ca10_th85.root,failed,/eos/uscms/store/user/aji/rootfiles_existingOptimization/WbWb_6000_2000_pt380_ak14_ca10_th85.root,nan,nan,nan,nan,nan,nan,nan,nan,nan,nan,nan,nan,nan,nan,nan,nan,nan,nan,nan,nan,nan
WbWb_6000_2000,WbWb,6000,2000,85,380,1.6,0.4,/eos/uscms/store/user/aji/rootfiles_existingOptimization/WbWb_6000_2000_pt380_ak16_ca4_th85.root,failed,/eos/uscms/store/user/aji/rootfiles_existingOptimization/WbWb_6000_2000_pt380_ak16_ca4_th85.root,nan,nan,nan,nan,nan,nan,nan,nan,nan,nan,nan,nan,nan,nan,nan,nan,nan,nan,nan,nan,nan
WbWb_6000_2000,WbWb,6000,2000,85,380,1.6,0.6,/eos/uscms/store/user/aji/rootfiles_existingOptimization/WbWb_6000_2000_pt380_ak16_ca6_th85.root,failed,/eos/uscms/store/user/aji/rootfiles_existingOptimization/WbWb_6000_2000_pt380_ak16_ca6_th85.root,nan,nan,nan,nan,nan,nan,nan,nan,nan,nan,nan,nan,nan,nan,nan,nan,nan,nan,nan,nan,nan
WbWb_6000_2000,WbWb,6000,2000,85,380,1.6,0.8,/eos/uscms/store/user/aji/rootfiles_existingOptimization/WbWb_6000_2000_pt380_ak16_ca8_th85.root,failed,/eos/uscms/store/user/aji/rootfiles_existingOptimization/WbWb_6000_2000_pt380_ak16_ca8_th85.root,nan,nan,nan,nan,nan,nan,nan,nan,nan,nan,nan,nan,nan,nan,nan,nan,nan,nan,nan,nan,nan
WbWb_6000_2000,WbWb,6000,2000,85,380,1.6,1.0,/eos/uscms/store/user/aji/rootfiles_existingOptimization/WbWb_6000_2000_pt380_ak16_ca10_th85.root,failed,/eos/uscms/store/user/aji/rootfiles_existingOptimization/WbWb_6000_2000_pt380_ak16_ca10_th85.root,nan,nan,nan,nan,nan,nan,nan,nan,nan,nan,nan,nan,nan,nan,nan,nan,nan,nan,nan,nan,nan
WbWb_6000_2000,WbWb,6000,2000,85,380,1.6,1.2,/eos/uscms/store/user/aji/rootfiles_existingOptimization/WbWb_6000_2000_pt380_ak16_ca12_th85.root,failed,/eos/uscms/store/user/aji/rootfiles_existingOptimization/WbWb_6000_2000_pt380_ak16_ca12_th85.root,nan,nan,nan,nan,nan,nan,nan,nan,nan,nan,nan,nan,nan,nan,nan,nan,nan,nan,nan,nan,nan
WbWb_6000_2000,WbWb,6000,2000,85,400,0.8,0.4,/eos/uscms/store/user/aji/rootfiles_existingOptimization/WbWb_6000_2000_pt400_ak8_ca4_th85.root,failed,/eos/uscms/store/user/aji/rootfiles_existingOptimization/WbWb_6000_2000_pt400_ak8_ca4_th85.root,nan,nan,nan,nan,nan,nan,nan,nan,nan,nan,nan,nan,nan,nan,nan,nan,nan,nan,nan,nan,nan
WbWb_6000_2000,WbWb,6000,2000,85,400,1.0,0.4,/eos/uscms/store/user/aji/rootfiles_existingOptimization/WbWb_6000_2000_pt400_ak10_ca4_th85.root,failed,/eos/uscms/store/user/aji/rootfiles_existingOptimization/WbWb_6000_2000_pt400_ak10_ca4_th85.root,nan,nan,nan,nan,nan,nan,nan,nan,nan,nan,nan,nan,nan,nan,nan,nan,nan,nan,nan,nan,nan
WbWb_6000_2000,WbWb,6000,2000,85,400,1.0,0.6,/eos/uscms/store/user/aji/rootfiles_existingOptimization/WbWb_6000_2000_pt400_ak10_ca6_th85.root,failed,/eos/uscms/store/user/aji/rootfiles_existingOptimization/WbWb_6000_2000_pt400_ak10_ca6_th85.root,nan,nan,nan,nan,nan,nan,nan,nan,nan,nan,nan,nan,nan,nan,nan,nan,nan,nan,nan,nan,nan
WbWb_6000_2000,WbWb,6000,2000,85,400,1.2,0.4,/eos/uscms/store/user/aji/rootfiles_existingOptimization/WbWb_6000_2000_pt400_ak12_ca4_th85.root,failed,/eos/uscms/store/user/aji/rootfiles_existingOptimization/WbWb_6000_2000_pt400_ak12_ca4_th85.root,nan,nan,nan,nan,nan,nan,nan,nan,nan,nan,nan,nan,nan,nan,nan,nan,nan,nan,nan,nan,nan
WbWb_6000_2000,WbWb,6000,2000,85,400,1.2,0.6,/eos/uscms/store/user/aji/rootfiles_existingOptimization/WbWb_6000_2000_pt400_ak12_ca6_th85.root,failed,/eos/uscms/store/user/aji/rootfiles_existingOptimization/WbWb_6000_2000_pt400_ak12_ca6_th85.root,nan,nan,nan,nan,nan,nan,nan,nan,nan,nan,nan,nan,nan,nan,nan,nan,nan,nan,nan,nan,nan
WbWb_6000_2000,WbWb,6000,2000,85,400,1.2,0.8,/eos/uscms/store/user/aji/rootfiles_existingOptimization/WbWb_6000_2000_pt400_ak12_ca8_th85.root,failed,/eos/uscms/store/user/aji/rootfiles_existingOptimization/WbWb_6000_2000_pt400_ak12_ca8_th85.root,nan,nan,nan,nan,nan,nan,nan,nan,nan,nan,nan,nan,nan,nan,nan,nan,nan,nan,nan,nan,nan
WbWb_6000_2000,WbWb,6000,2000,85,400,1.4,0.4,/eos/uscms/store/user/aji/rootfiles_existingOptimization/WbWb_6000_2000_pt400_ak14_ca4_th85.root,failed,/eos/uscms/store/user/aji/rootfiles_existingOptimization/WbWb_6000_2000_pt400_ak14_ca4_th85.root,nan,nan,nan,nan,nan,nan,nan,nan,nan,nan,nan,nan,nan,nan,nan,nan,nan,nan,nan,nan,nan
WbWb_6000_2000,WbWb,6000,2000,85,400,1.4,0.6,/eos/uscms/store/user/aji/rootfiles_existingOptimization/WbWb_6000_2000_pt400_ak14_ca6_th85.root,failed,/eos/uscms/store/user/aji/rootfiles_existingOptimization/WbWb_6000_2000_pt400_ak14_ca6_th85.root,nan,nan,nan,nan,nan,nan,nan,nan,nan,nan,nan,nan,nan,nan,nan,nan,nan,nan,nan,nan,nan
WbWb_6000_2000,WbWb,6000,2000,85,400,1.4,0.8,/eos/uscms/store/user/aji/rootfiles_existingOptimization/WbWb_6000_2000_pt400_ak14_ca8_th85.root,failed,/eos/uscms/store/user/aji/rootfiles_existingOptimization/WbWb_6000_2000_pt400_ak14_ca8_th85.root,nan,nan,nan,nan,nan,nan,nan,nan,nan,nan,nan,nan,nan,nan,nan,nan,nan,nan,nan,nan,nan
WbWb_6000_2000,WbWb,6000,2000,85,400,1.4,1.0,/eos/uscms/store/user/aji/rootfiles_existingOptimization/WbWb_6000_2000_pt400_ak14_ca10_th85.root,failed,/eos/uscms/store/user/aji/rootfiles_existingOptimization/WbWb_6000_2000_pt400_ak14_ca10_th85.root,nan,nan,nan,nan,nan,nan,nan,nan,nan,nan,nan,nan,nan,nan,nan,nan,nan,nan,nan,nan,nan
WbWb_6000_2000,WbWb,6000,2000,85,400,1.6,0.4,/eos/uscms/store/user/aji/rootfiles_existingOptimization/WbWb_6000_2000_pt400_ak16_ca4_th85.root,failed,/eos/uscms/store/user/aji/rootfiles_existingOptimization/WbWb_6000_2000_pt400_ak16_ca4_th85.root,nan,nan,nan,nan,nan,nan,nan,nan,nan,nan,nan,nan,nan,nan,nan,nan,nan,nan,nan,nan,nan
WbWb_6000_2000,WbWb,6000,2000,85,400,1.6,0.6,/eos/uscms/store/user/aji/rootfiles_existingOptimization/WbWb_6000_2000_pt400_ak16_ca6_th85.root,failed,/eos/uscms/store/user/aji/rootfiles_existingOptimization/WbWb_6000_2000_pt400_ak16_ca6_th85.root,nan,nan,nan,nan,nan,nan,nan,nan,nan,nan,nan,nan,nan,nan,nan,nan,nan,nan,nan,nan,nan
WbWb_6000_2000,WbWb,6000,2000,85,400,1.6,0.8,/eos/uscms/store/user/aji/rootfiles_existingOptimization/WbWb_6000_2000_pt400_ak16_ca8_th85.root,failed,/eos/uscms/store/user/aji/rootfiles_existingOptimization/WbWb_6000_2000_pt400_ak16_ca8_th85.root,nan,nan,nan,nan,nan,nan,nan,nan,nan,nan,nan,nan,nan,nan,nan,nan,nan,nan,nan,nan,nan
WbWb_6000_2000,WbWb,6000,2000,85,400,1.6,1.0,/eos/uscms/store/user/aji/rootfiles_existingOptimization/WbWb_6000_2000_pt400_ak16_ca10_th85.root,failed,/eos/uscms/store/user/aji/rootfiles_existingOptimization/WbWb_6000_2000_pt400_ak16_ca10_th85.root,nan,nan,nan,nan,nan,nan,nan,nan,nan,nan,nan,nan,nan,nan,nan,nan,nan,nan,nan,nan,nan
WbWb_6000_2000,WbWb,6000,2000,85,400,1.6,1.2,/eos/uscms/store/user/aji/rootfiles_existingOptimization/WbWb_6000_2000_pt400_ak16_ca12_th85.root,failed,/eos/uscms/store/user/aji/rootfiles_existingOptimization/WbWb_6000_2000_pt400_ak16_ca12_th85.root,nan,nan,nan,nan,nan,nan,nan,nan,nan,nan,nan,nan,nan,nan,nan,nan,nan,nan,nan,nan,nan
