sample,decay,suu_mass,chi_mass,th_code,pt_cut,ak_radius,ca_radius,filename,status,error,n_events,n_valid_events,reconstruction_efficiency,reconstruction_efficiency_err,f_low_event,f_low_event_err,f_low_chi,f_peak_chi,f_peak_event_both,f_peak_event_both_all,off_peak_event_fraction,off_peak_event_fraction_err,median_mass,q16_mass,q84_mass,median_mass_response,q16_mass_response,q84_mass_response,robust_resolution,median_mass_asymmetry,balanced_score
WbZt_4000_1000,WbZt,4000,1000,85,100,0.6,0.4,/eos/uscms/store/user/aji/rootfiles_existingOptimization/WbZt_4000_1000_pt100_ak6_ca4_th85.root,ok,,1000,1000,1.0,0.0,0.017,0.004087909000944126,0.0105,0.6425,0.598,0.598,0.402,0.015504708962118573,1063.6755791538626,897.9385063659263,1566.347349018337,1.0636755791538626,0.8979385063659262,1.566347349018337,0.3141977007614106,0.00043107840843148513,0.7225652586767969
WbZt_4000_1000,WbZt,4000,1000,85,120,0.6,0.4,/eos/uscms/store/user/aji/rootfiles_existingOptimization/WbZt_4000_1000_pt120_ak6_ca4_th85.root,ok,,1000,1000,1.0,0.0,0.035,0.005811626278418116,0.021,0.648,0.584,0.584,0.41600000000000004,0.015586660963785668,1023.2252576707776,848.9184550357119,1510.48308663107,1.0232252576707777,0.848918455035712,1.5104830866310701,0.32327418944940484,0.0016534971543365907,0.7415967152164826
WbZt_4000_1000,WbZt,4000,1000,85,140,0.6,0.4,/eos/uscms/store/user/aji/rootfiles_existingOptimization/WbZt_4000_1000_pt140_ak6_ca4_th85.root,ok,,1000,1000,1.0,0.0,0.054,0.007147307185227175,0.035,0.6455,0.562,0.562,0.43799999999999994,0.01568935945155187,996.9037954469932,797.8322359417753,1458.267031861247,0.9969037954469933,0.7978322359417752,1.4582670318612472,0.33124299402599083,0.00827088911372898,0.7695526144812914
WbZt_4000_1000,WbZt,4000,1000,85,140,0.8,0.6,/eos/uscms/store/user/aji/rootfiles_existingOptimization/WbZt_4000_1000_pt140_ak8_ca6_th85.root,ok,,1000,1000,1.0,0.0,0.029,0.005306505441436953,0.0175,0.616,0.538,0.538,0.46199999999999997,0.015765658882520576,1089.0642551747562,911.900801540248,1669.6649483506835,1.0890642551747562,0.911900801540248,1.6696649483506836,0.347896895527455,0.009993394822100259,0.8188033210449306
WbZt_4000_1000,WbZt,4000,1000,85,120,0.8,0.6,/eos/uscms/store/user/aji/rootfiles_existingOptimization/WbZt_4000_1000_pt120_ak8_ca6_th85.root,ok,,1000,1000,1.0,0.0,0.018,0.004204283529925164,0.0105,0.5955,0.539,0.539,0.46099999999999997,0.015763216676808068,1123.8323561563925,945.9110888581048,1732.0840313598305,1.1238323561563925,0.9459110888581047,1.7320840313598307,0.3497732282733467,0.005010409088659112,0.8231564638889859
WbZt_4000_1000,WbZt,4000,1000,85,160,0.8,0.6,/eos/uscms/store/user/aji/rootfiles_existingOptimization/WbZt_4000_1000_pt160_ak8_ca6_th85.root,ok,,1000,1000,1.0,0.0,0.044,0.006485676526007136,0.0265,0.618,0.523,0.523,0.477,0.01579465099329517,1065.2264879367194,884.1806551450477,1607.8208677056502,1.0652264879367195,0.8841806551450477,1.6078208677056502,0.3396649542400371,0.013245126661095783,0.8231876030337091
WbZt_4000_1000,WbZt,4000,1000,85,160,0.6,0.4,/eos/uscms/store/user/aji/rootfiles_existingOptimization/WbZt_4000_1000_pt160_ak6_ca4_th85.root,ok,,1000,1000,1.0,0.0,0.08,0.008579044235810887,0.0535,0.626,0.52,0.52,0.48,0.0157987341265052,982.8467889404396,718.5799162934636,1430.6025889314903,0.9828467889404398,0.7185799162934636,1.4306025889314904,0.362224652229685,0.01632267495356657,0.843939973335641
WbZt_4000_1000,WbZt,4000,1000,85,100,0.6,1.4,/eos/uscms/store/user/aji/rootfiles_existingOptimization/WbZt_4000_1000_pt100_ak6_ca14_th85.root,ok,,1000,1000,1.0,0.0,0.118,0.01020176455325254,0.061,0.6435,0.488,0.488,0.512,0.01580683396509244,993.3731736499806,775.1498843920358,1467.9048201388132,0.9933731736499807,0.7751498843920358,1.4679048201388132,0.34868816378509965,0.09966622406925532,0.8613508464201016
WbZt_4000_1000,WbZt,4000,1000,85,100,0.6,0.6,/eos/uscms/store/user/aji/rootfiles_existingOptimization/WbZt_4000_1000_pt100_ak6_ca6_th85.root,ok,,1000,1000,1.0,0.0,0.06,0.007509993342207435,0.032,0.604,0.518,0.518,0.482,0.01580113919943749,1032.9819568622966,859.3658595860446,1638.3500388594146,1.0329819568622964,0.8593658595860446,1.6383500388594145,0.37705604347608845,0.0495044068050426,0.862354239162318
WbZt_4000_1000,WbZt,4000,1000,85,180,0.8,0.6,/eos/uscms/store/user/aji/rootfiles_existingOptimization/WbZt_4000_1000_pt180_ak8_ca6_th85.root,ok,,1000,1000,1.0,0.0,0.06,0.007509993342207435,0.04,0.6075,0.497,0.497,0.503,0.01581110369329099,1051.9921389274953,821.5599823232026,1574.7258332414767,1.0519921389274953,0.8215599823232026,1.5747258332414766,0.3579712352632814,0.017695710307137708,0.8661704491560309
WbZt_4000_1000,WbZt,4000,1000,85,180,1.0,0.8,/eos/uscms/store/user/aji/rootfiles_existingOptimization/WbZt_4000_1000_pt180_ak10_ca8_th85.root,ok,,1000,1000,1.0,0.0,0.031,0.0054807846153630225,0.0185,0.575,0.479,0.479,0.521,0.015797436500901024,1157.7863413509945,947.9244307011414,1727.945772302233,1.1577863413509943,0.9479244307011415,1.7279457723022331,0.3368589323185928,0.02208651664090279,0.8736375664536922
WbZt_4000_1000,WbZt,4000,1000,85,160,1.0,0.8,/eos/uscms/store/user/aji/rootfiles_existingOptimization/WbZt_4000_1000_pt160_ak10_ca8_th85.root,ok,,1000,1000,1.0,0.0,0.022,0.0046385342512479085,0.013,0.566,0.481,0.481,0.519,0.01579996835439869,1179.6136520055559,984.8296522019356,1781.5854920541024,1.179613652005556,0.9848296522019356,1.7815854920541023,0.3377189804888821,0.018900831969453875,0.8746803456894376
WbZt_4000_1000,WbZt,4000,1000,85,120,0.6,1.4,/eos/uscms/store/user/aji/rootfiles_existingOptimization/WbZt_4000_1000_pt120_ak6_ca14_th85.root,ok,,1000,1000,1.0,0.0,0.168,0.011822690049223147,0.0875,0.647,0.479,0.479,0.521,0.015797436500901024,968.4292234899027,710.9782636590348,1395.8994954688046,0.9684292234899027,0.7109782636590348,1.3958994954688044,0.3536248262632643,0.10798299840928169,0.877781903914274
WbZt_4000_1000,WbZt,4000,1000,85,100,0.6,1.2,/eos/uscms/store/user/aji/rootfiles_existingOptimization/WbZt_4000_1000_pt100_ak6_ca12_th85.root,ok,,1000,1000,1.0,0.0,0.096,0.009315793041926168,0.05,0.6235,0.491,0.491,0.509,0.015808826648426505,1003.0816266356048,800.1854800887098,1543.0620704516268,1.0030816266356046,0.8001854800887098,1.5430620704516267,0.37029717753607405,0.08152801501453116,0.8796053401996345
WbZt_4000_1000,WbZt,4000,1000,85,100,0.8,0.6,/eos/uscms/store/user/aji/rootfiles_existingOptimization/WbZt_4000_1000_pt100_ak8_ca6_th85.root,ok,,1000,1000,1.0,0.0,0.011,0.003298332912245215,0.006,0.544,0.5,0.5,0.5,0.015811388300841896,1204.0040624907524,975.2906043628792,1843.0854302274663,1.2040040624907524,0.9752906043628792,1.8430854302274662,0.36037869509732334,0.00234321633618014,0.8807791013463986
WbZt_4000_1000,WbZt,4000,1000,85,100,0.6,0.8,/eos/uscms/store/user/aji/rootfiles_existingOptimization/WbZt_4000_1000_pt100_ak6_ca8_th85.root,ok,,1000,1000,1.0,0.0,0.071,0.008121514637061242,0.0375,0.6045,0.509,0.509,0.491,0.015808826648426505,1023.2924152811984,849.8638461110108,1645.126495675669,1.0232924152811984,0.8498638461110108,1.645126495675669,0.38858034990229157,0.057461380939957785,0.8819095914304114
WbZt_4000_1000,WbZt,4000,1000,85,100,0.6,1.6,/eos/uscms/store/user/aji/rootfiles_existingOptimization/WbZt_4000_1000_pt100_ak6_ca16_th85.root,ok,,1000,1000,1.0,0.0,0.146,0.011166198995181842,0.075,0.646,0.47,0.47,0.53,0.015782902141241326,988.5002358369636,741.7422648687713,1440.8016459903554,0.9885002358369637,0.7417422648687713,1.4408016459903552,0.3535959607180518,0.12009752007761826,0.8847459371343556
WbZt_4000_1000,WbZt,4000,1000,85,100,0.4,0.4,/eos/uscms/store/user/aji/rootfiles_existingOptimization/WbZt_4000_1000_pt100_ak4_ca4_th85.root,ok,,1000,1000,1.0,0.0,0.096,0.009315793041926168,0.0515,0.6195,0.502,0.502,0.498,0.01581126180922952,960.3405854509101,769.4455992544109,1508.3500328061036,0.9603405854509102,0.7694455992544109,1.5083500328061037,0.3847095732212306,0.053883913440876105,0.8866755146761396
WbZt_4000_1000,WbZt,4000,1000,85,120,0.6,0.6,/eos/uscms/store/user/aji/rootfiles_existingOptimization/WbZt_4000_1000_pt120_ak6_ca6_th85.root,ok,,1000,1000,1.0,0.0,0.109,0.00985489725973843,0.058,0.6035,0.497,0.497,0.503,0.01581110369329099,1009.888953478559,820.0847958336752,1600.1246313036147,1.009888953478559,0.8200847958336752,1.6001246313036148,0.3862007960296502,0.05916624856341415,0.890189691377506
WbZt_4000_1000,WbZt,4000,1000,85,180,0.6,0.4,/eos/uscms/store/user/aji/rootfiles_existingOptimization/WbZt_4000_1000_pt180_ak6_ca4_th85.root,ok,,1000,1000,1.0,0.0,0.105,0.009694070352540258,0.074,0.6275,0.503,0.503,0.497,0.01581110369329099,970.1158593242562,622.5294375015405,1387.859153657119,0.9701158593242563,0.6225294375015406,1.387859153657119,0.3944527392267746,0.02268853715674287,0.894441153294349
WbZt_4000_1000,WbZt,4000,1000,85,120,0.6,1.2,/eos/uscms/store/user/aji/rootfiles_existingOptimization/WbZt_4000_1000_pt120_ak6_ca12_th85.root,ok,,1000,1000,1.0,0.0,0.146,0.011166198995181842,0.0765,0.6265,0.476,0.476,0.524,0.01579316307773715,981.8274872150898,737.8833352572644,1468.465075969938,0.9818274872150898,0.7378833352572645,1.468465075969938,0.37205198989943555,0.0921574440397511,0.8978692411779265
WbZt_4000_1000,WbZt,4000,1000,85,100,0.6,1.0,/eos/uscms/store/user/aji/rootfiles_existingOptimization/WbZt_4000_1000_pt100_ak6_ca10_th85.root,ok,,1000,1000,1.0,0.0,0.088,0.008958571314668427,0.046,0.6025,0.491,0.491,0.509,0.015808826648426505,1015.845617675978,834.6730628062282,1622.652717327739,1.015845617675978,0.8346730628062282,1.622652717327739,0.3878441964066487,0.06596593209656766,0.8984287581742465
WbZt_4000_1000,WbZt,4000,1000,85,120,0.6,1.6,/eos/uscms/store/user/aji/rootfiles_existingOptimization/WbZt_4000_1000_pt120_ak6_ca16_th85.root,ok,,1000,1000,1.0,0.0,0.193,0.012480024038438387,0.1,0.648,0.464,0.464,0.536,0.015770351930125083,964.7916406780967,665.0781777156259,1359.6040329003426,0.9647916406780966,0.6650781777156259,1.3596040329003427,0.3599356720672737,0.12921602885754416,0.8994565079994641
WbZt_4000_1000,WbZt,4000,1000,85,100,0.4,1.2,/eos/uscms/store/user/aji/rootfiles_existingOptimization/WbZt_4000_1000_pt100_ak4_ca12_th85.root,ok,,1000,1000,1.0,0.0,0.156,0.011474493452871897,0.0815,0.6415,0.473,0.473,0.527,0.01578831846651188,928.986585784146,676.188835559075,1355.7436832890744,0.928986585784146,0.6761888355590749,1.3557436832890744,0.3657506244594456,0.09917619328500507,0.899851965881031
WbZt_4000_1000,WbZt,4000,1000,85,140,0.8,1.4,/eos/uscms/store/user/aji/rootfiles_existingOptimization/WbZt_4000_1000_pt140_ak8_ca14_th85.root,ok,,1000,1000,1.0,0.0,0.157,0.01150439046625244,0.0815,0.62,0.459,0.459,0.5409999999999999,0.015758140753274162,1040.16995526338,801.9943046383936,1543.9684014685138,1.04016995526338,0.8019943046383936,1.5439684014685138,0.35666003092842935,0.10389610648952577,0.9016770264547673
WbZt_4000_1000,WbZt,4000,1000,85,100,0.4,0.6,/eos/uscms/store/user/aji/rootfiles_existingOptimization/WbZt_4000_1000_pt100_ak4_ca6_th85.root,ok,,1000,1000,1.0,0.0,0.116,0.010126401137620413,0.0615,0.621,0.494,0.494,0.506,0.015810249839898167,953.3228842893241,752.0078948814731,1498.3516279453202,0.953322884289324,0.7520078948814731,1.4983516279453202,0.3914433112660596,0.061460428066883455,0.9021110228371272
WbZt_4000_1000,WbZt,4000,1000,85,100,0.4,1.4,/eos/uscms/store/user/aji/rootfiles_existingOptimization/WbZt_4000_1000_pt100_ak4_ca14_th85.root,ok,,1000,1000,1.0,0.0,0.179,0.01212266472356635,0.093,0.6485,0.468,0.468,0.532,0.01577897335063343,920.7904068490968,635.1334374073249,1302.46561271529,0.9207904068490969,0.6351334374073249,1.30246561271529,0.3623692049483583,0.11693111420450156,0.9022901642634487
WbZt_4000_1000,WbZt,4000,1000,85,120,0.6,0.8,/eos/uscms/store/user/aji/rootfiles_existingOptimization/WbZt_4000_1000_pt120_ak6_ca8_th85.root,ok,,1000,1000,1.0,0.0,0.122,0.010349685985574635,0.0645,0.602,0.487,0.487,0.513,0.015806043148112688,1004.6985379091859,813.0533876717388,1596.8455261845627,1.004698537909186,0.8130533876717388,1.5968455261845627,0.3900633418577097,0.0657515359285678,0.9035331956486283
WbZt_4000_1000,WbZt,4000,1000,85,120,0.8,1.4,/eos/uscms/store/user/aji/rootfiles_existingOptimization/WbZt_4000_1000_pt120_ak8_ca14_th85.root,ok,,1000,1000,1.0,0.0,0.099,0.009444522221901964,0.051,0.607,0.458,0.458,0.542,0.015755506973753653,1063.006432947625,859.2293704585716,1620.8743428101748,1.063006432947625,0.8592293704585716,1.6208743428101748,0.35825040599219493,0.0938824294749551,0.9065510492869575
WbZt_4000_1000,WbZt,4000,1000,85,120,0.8,1.2,/eos/uscms/store/user/aji/rootfiles_existingOptimization/WbZt_4000_1000_pt120_ak8_ca12_th85.root,ok,,1000,1000,1.0,0.0,0.085,0.008819013550278738,0.044,0.5935,0.462,0.462,0.538,0.015765658882520576,1074.1477725353375,890.1982492886622,1668.7231462200677,1.0741477725353374,0.8901982492886622,1.6687231462200678,0.362391896551549,0.07478421353433967,0.9078066738050828
WbZt_4000_1000,WbZt,4000,1000,85,140,0.8,1.6,/eos/uscms/store/user/aji/rootfiles_existingOptimization/WbZt_4000_1000_pt140_ak8_ca16_th85.root,ok,,1000,1000,1.0,0.0,0.178,0.012096115078817662,0.092,0.6245,0.446,0.446,0.554,0.01571890581433708,1034.2382103870968,753.2382272497048,1489.8770600889802,1.0342382103870968,0.7532382272497047,1.4898770600889804,0.35612628959220377,0.12502680662925966,0.9135501106309134
WbZt_4000_1000,WbZt,4000,1000,85,140,0.8,1.2,/eos/uscms/store/user/aji/rootfiles_existingOptimization/WbZt_4000_1000_pt140_ak8_ca12_th85.root,ok,,1000,1000,1.0,0.0,0.139,0.010939789760319894,0.0725,0.608,0.459,0.459,0.5409999999999999,0.015758140753274162,1052.521122564608,833.12613550194,1606.3518576443391,1.052521122564608,0.8331261355019399,1.6063518576443392,0.36732076229421967,0.08487231298210986,0.9135728745506804
WbZt_4000_1000,WbZt,4000,1000,85,120,0.6,1.0,/eos/uscms/store/user/aji/rootfiles_existingOptimization/WbZt_4000_1000_pt120_ak6_ca10_th85.root,ok,,1000,1000,1.0,0.0,0.134,0.010772372069326236,0.0705,0.605,0.477,0.477,0.523,0.01579465099329517,996.3495750432301,782.3179947165848,1560.7251150484499,0.9963495750432301,0.7823179947165848,1.5607251150484498,0.39062952392893385,0.07454251974917536,0.913994566424611
WbZt_4000_1000,WbZt,4000,1000,85,200,1.0,0.8,/eos/uscms/store/user/aji/rootfiles_existingOptimization/WbZt_4000_1000_pt200_ak10_ca8_th85.root,ok,,1000,1000,1.0,0.0,0.041,0.006270486424512854,0.026,0.565,0.455,0.455,0.5449999999999999,0.015747221977225064,1143.6068759285558,878.4522472285038,1702.1124727235936,1.1436068759285556,0.8784522472285038,1.7021124727235935,0.36011510722437545,0.028689755666832142,0.919475794817231
WbZt_4000_1000,WbZt,4000,1000,85,200,0.8,0.6,/eos/uscms/store/user/aji/rootfiles_existingOptimization/WbZt_4000_1000_pt200_ak8_ca6_th85.root,ok,,1000,1000,1.0,0.0,0.073,0.008226238508577295,0.05,0.603,0.478,0.478,0.522,0.015796075461962062,1037.5274079641868,723.4454707192704,1544.1234363429694,1.0375274079641867,0.7234454707192703,1.5441234363429694,0.3954970053437023,0.023048410020358307,0.921249746140121
WbZt_4000_1000,WbZt,4000,1000,85,120,0.4,0.4,/eos/uscms/store/user/aji/rootfiles_existingOptimization/WbZt_4000_1000_pt120_ak4_ca4_th85.root,ok,,1000,1000,1.0,0.0,0.161,0.011622349160131096,0.087,0.6135,0.475,0.475,0.525,0.015791611697353755,938.2489152115562,702.2218610033183,1435.9619499811015,0.9382489152115563,0.7022218610033183,1.4359619499811016,0.3910156873521882,0.06629487415568655,0.9221907958310327
WbZt_4000_1000,WbZt,4000,1000,85,120,0.8,1.6,/eos/uscms/store/user/aji/rootfiles_existingOptimization/WbZt_4000_1000_pt120_ak8_ca16_th85.root,ok,,1000,1000,1.0,0.0,0.124,0.010422283818818216,0.0635,0.608,0.437,0.437,0.563,0.01568537535413163,1054.8530275625476,830.9147939170056,1577.6554560565517,1.0548530275625474,0.8309147939170055,1.5776554560565517,0.35395483665863975,0.1140709404216996,0.9224401394148944
WbZt_4000_1000,WbZt,4000,1000,85,140,0.8,0.8,/eos/uscms/store/user/aji/rootfiles_existingOptimization/WbZt_4000_1000_pt140_ak8_ca8_th85.root,ok,,1000,1000,1.0,0.0,0.113,0.01001154333756789,0.0595,0.576,0.46,0.46,0.54,0.015760710643876435,1073.2755479594512,881.1215452403459,1688.6727378542437,1.0732755479594513,0.8811215452403459,1.6886727378542439,0.37620869782659366,0.060402944921105976,0.9235362526225388
WbZt_4000_1000,WbZt,4000,1000,85,120,0.8,0.8,/eos/uscms/store/user/aji/rootfiles_existingOptimization/WbZt_4000_1000_pt120_ak8_ca8_th85.root,ok,,1000,1000,1.0,0.0,0.066,0.007851369307324678,0.0345,0.5655,0.47,0.47,0.53,0.015782902141241326,1104.5185719211422,918.9709877529951,1768.156628765369,1.1045185719211421,0.9189709877529951,1.7681566287653692,0.3844143786262212,0.0515995292332546,0.9248662358183354
WbZt_4000_1000,WbZt,4000,1000,85,100,0.4,1.6,/eos/uscms/store/user/aji/rootfiles_existingOptimization/WbZt_4000_1000_pt100_ak4_ca16_th85.root,ok,,1000,1000,1.0,0.0,0.206,0.0127892142057282,0.1065,0.645,0.449,0.449,0.5509999999999999,0.015728922404284407,915.1515709267835,599.1697461086845,1270.253588705204,0.9151515709267835,0.5991697461086846,1.270253588705204,0.3666517459599102,0.1388087205815648,0.9261365888672317
WbZt_4000_1000,WbZt,4000,1000,85,100,0.4,1.0,/eos/uscms/store/user/aji/rootfiles_existingOptimization/WbZt_4000_1000_pt100_ak4_ca10_th85.root,ok,,1000,1000,1.0,0.0,0.148,0.011229247525992114,0.0775,0.619,0.466,0.466,0.534,0.01577479001445027,944.0206685609053,710.2579433760081,1445.2037368735294,0.9440206685609052,0.7102579433760081,1.4452037368735295,0.38926361359116,0.08031313075911595,0.9288615467350695
WbZt_4000_1000,WbZt,4000,1000,85,100,0.4,0.8,/eos/uscms/store/user/aji/rootfiles_existingOptimization/WbZt_4000_1000_pt100_ak4_ca8_th85.root,ok,,1000,1000,1.0,0.0,0.13,0.010634848376916336,0.0685,0.6095,0.474,0.474,0.526,0.01578999683343857,948.8548496608327,740.9223323101141,1497.5006942163698,0.9488548496608327,0.7409223323101141,1.4975006942163698,0.39867971490934256,0.06938409478469848,0.9297942299432593
WbZt_4000_1000,WbZt,4000,1000,85,120,0.8,1.0,/eos/uscms/store/user/aji/rootfiles_existingOptimization/WbZt_4000_1000_pt120_ak8_ca10_th85.root,ok,,1000,1000,1.0,0.0,0.079,0.008529888627643388,0.041,0.5685,0.463,0.463,0.5369999999999999,0.015768037290671277,1096.303721947363,908.702306399719,1749.0793214285443,1.0963037219473633,0.9087023063997189,1.7490793214285443,0.3832774614392736,0.05912544556381093,0.9299078336340099
WbZt_4000_1000,WbZt,4000,1000,85,140,0.8,1.0,/eos/uscms/store/user/aji/rootfiles_existingOptimization/WbZt_4000_1000_pt140_ak8_ca10_th85.root,ok,,1000,1000,1.0,0.0,0.131,0.010669536072388528,0.0685,0.5815,0.456,0.456,0.544,0.01575004761897563,1067.1872889562874,867.951485635327,1679.4220244645944,1.0671872889562874,0.867951485635327,1.6794220244645943,0.38019125003957277,0.06916810251483682,0.9309099789352016
WbZt_4000_1000,WbZt,4000,1000,85,140,1.0,0.8,/eos/uscms/store/user/aji/rootfiles_existingOptimization/WbZt_4000_1000_pt140_ak10_ca8_th85.root,ok,,1000,1000,1.0,0.0,0.016,0.003967870965643918,0.0095,0.521,0.452,0.452,0.548,0.015738360778683402,1219.1150730794025,1011.3193318420481,1902.3100776013,1.2191150730794025,1.0113193318420481,1.9023100776013,0.3654252028517166,0.013899913757951325,0.9353367101596568
WbZt_4000_1000,WbZt,4000,1000,85,160,0.8,1.6,/eos/uscms/store/user/aji/rootfiles_existingOptimization/WbZt_4000_1000_pt160_ak8_ca16_th85.root,ok,,1000,1000,1.0,0.0,0.228,0.013267102170406317,0.1185,0.6295,0.441,0.441,0.5589999999999999,0.015700923539715746,1019.0458737120534,650.7690687611179,1425.1322447590464,1.0190458737120536,0.6507690687611178,1.4251322447590464,0.37994519970782803,0.1363295528513136,0.9408497870790333
WbZt_4000_1000,WbZt,4000,1000,85,160,0.8,1.2,/eos/uscms/store/user/aji/rootfiles_existingOptimization/WbZt_4000_1000_pt160_ak8_ca12_th85.root,ok,,1000,1000,1.0,0.0,0.189,0.012380589646701001,0.099,0.606,0.447,0.447,0.5529999999999999,0.01572230899073034,1037.0530861135207,760.3348997770676,1564.8161188645809,1.0370530861135205,0.7603348997770676,1.5648161188645808,0.3878688708706331,0.09144814740431938,0.9445741794819851
WbZt_4000_1000,WbZt,4000,1000,85,160,0.8,1.4,/eos/uscms/store/user/aji/rootfiles_existingOptimization/WbZt_4000_1000_pt160_ak8_ca14_th85.root,ok,,1000,1000,1.0,0.0,0.209,0.012857643641040918,0.109,0.6195,0.448,0.448,0.552,0.015725647840391186,1026.4672511118752,687.656938512808,1488.4155753645562,1.026467251111875,0.6876569385128081,1.488415575364556,0.3900556184254109,0.11354936562981652,0.9447023435365984
WbZt_4000_1000,WbZt,4000,1000,85,180,1.0,1.4,/eos/uscms/store/user/aji/rootfiles_existingOptimization/WbZt_4000_1000_pt180_ak10_ca14_th85.root,ok,,1000,1000,1.0,0.0,0.129,0.010599952830083727,0.0675,0.5865,0.416,0.416,0.5840000000000001,0.015586660963785668,1119.91417305921,837.3551104908247,1634.3600466050195,1.1199141730592101,0.8373551104908247,1.6343600466050197,0.3558330429630419,0.09905678533107978,0.951824460268963
WbZt_4000_1000,WbZt,4000,1000,85,120,0.4,0.6,/eos/uscms/store/user/aji/rootfiles_existingOptimization/WbZt_4000_1000_pt120_ak4_ca6_th85.root,ok,,1000,1000,1.0,0.0,0.187,0.012330085157856777,0.1,0.605,0.457,0.457,0.5429999999999999,0.015752809273269323,933.9400150152845,683.6231776774612,1435.7384360807291,0.9339400150152846,0.6836231776774612,1.4357384360807293,0.4026571548018313,0.07451515627415978,0.9522631533003028
WbZt_4000_1000,WbZt,4000,1000,85,220,1.0,0.8,/eos/uscms/store/user/aji/rootfiles_existingOptimization/WbZt_4000_1000_pt220_ak10_ca8_th85.root,ok,,1000,1000,1.0,0.0,0.054,0.007147307185227175,0.035,0.5695,0.448,0.448,0.552,0.015725647840391186,1126.0061011853081,800.0136992902424,1673.4209716883793,1.126006101185308,0.8000136992902424,1.6734209716883792,0.38783416514294683,0.03578140117974815,0.9524347752614777
WbZt_4000_1000,WbZt,4000,1000,85,160,0.8,1.0,/eos/uscms/store/user/aji/rootfiles_existingOptimization/WbZt_4000_1000_pt160_ak8_ca10_th85.root,ok,,1000,1000,1.0,0.0,0.181,0.0121753439376471,0.095,0.586,0.445,0.445,0.5549999999999999,0.01571543826942157,1051.8086023706567,816.2235518357637,1643.4786260298026,1.0518086023706568,0.8162235518357637,1.6434786260298024,0.39325361683176013,0.07500098490227994,0.9534344770688257
WbZt_4000_1000,WbZt,4000,1000,85,160,0.8,0.8,/eos/uscms/store/user/aji/rootfiles_existingOptimization/WbZt_4000_1000_pt160_ak8_ca8_th85.root,ok,,1000,1000,1.0,0.0,0.162,0.011651437679531225,0.0855,0.5795,0.446,0.446,0.554,0.01571890581433708,1053.9371061999223,830.7492736020274,1662.9177250296989,1.0539371061999223,0.8307492736020274,1.662917725029699,0.39479037531382666,0.06567848260283776,0.954184085933819
WbZt_4000_1000,WbZt,4000,1000,85,100,0.8,1.4,/eos/uscms/store/user/aji/rootfiles_existingOptimization/WbZt_4000_1000_pt100_ak8_ca14_th85.root,ok,,1000,1000,1.0,0.0,0.063,0.007683163410991596,0.032,0.573,0.437,0.437,0.563,0.01568537535413163,1104.2876989877504,905.9717813349689,1747.3998771178578,1.1042876989877504,0.9059717813349689,1.7473998771178578,0.3809822823138333,0.08613883931585609,0.9544110522126084
WbZt_4000_1000,WbZt,4000,1000,85,140,0.6,0.6,/eos/uscms/store/user/aji/rootfiles_existingOptimization/WbZt_4000_1000_pt140_ak6_ca6_th85.root,ok,,1000,1000,1.0,0.0,0.184,0.012253326079069307,0.1,0.5915,0.458,0.458,0.542,0.015755506973753653,985.6053356740728,739.9862232380646,1552.0837703209545,0.9856053356740728,0.7399862232380646,1.5520837703209545,0.41197907402128764,0.0685263930010418,0.9554185404538804
WbZt_4000_1000,WbZt,4000,1000,85,160,1.0,1.4,/eos/uscms/store/user/aji/rootfiles_existingOptimization/WbZt_4000_1000_pt160_ak10_ca14_th85.root,ok,,1000,1000,1.0,0.0,0.102,0.009570579919733181,0.053,0.578,0.415,0.415,0.585,0.015581238718407468,1138.1514990845337,887.313465285137,1708.832407272935,1.1381514990845338,0.8873134652851369,1.7088324072729348,0.36090052275491546,0.09094599335454265,0.9597156726633688
WbZt_4000_1000,WbZt,4000,1000,85,140,0.6,1.4,/eos/uscms/store/user/aji/rootfiles_existingOptimization/WbZt_4000_1000_pt140_ak6_ca14_th85.root,ok,,1000,1000,1.0,0.0,0.24,0.013505554412907307,0.128,0.631,0.451,0.451,0.5489999999999999,0.015735278834517044,952.0205756530629,567.737958531341,1345.1383838074153,0.952020575653063,0.5677379585313409,1.3451383838074153,0.4082897182882821,0.12818639159479067,0.9620876607229757
WbZt_4000_1000,WbZt,4000,1000,85,160,1.0,1.2,/eos/uscms/store/user/aji/rootfiles_existingOptimization/WbZt_4000_1000_pt160_ak10_ca12_th85.root,ok,,1000,1000,1.0,0.0,0.092,0.00913980306133562,0.048,0.5655,0.417,0.417,0.583,0.015592017188292218,1150.5402377339808,927.2785513536681,1770.0500002829222,1.1505402377339808,0.9272785513536681,1.7700500002829223,0.3662503149777337,0.07662181610582293,0.9643043387511316
WbZt_4000_1000,WbZt,4000,1000,85,100,0.8,1.2,/eos/uscms/store/user/aji/rootfiles_existingOptimization/WbZt_4000_1000_pt100_ak8_ca12_th85.root,ok,,1000,1000,1.0,0.0,0.051,0.00695693898205238,0.026,0.553,0.435,0.435,0.565,0.015677212762477903,1130.1466219719618,919.6874325952127,1796.3493530727958,1.1301466219719618,0.9196874325952127,1.7963493530727956,0.38785317915117934,0.06671868609614337,0.9658678413483754
WbZt_4000_1000,WbZt,4000,1000,85,100,0.8,1.6,/eos/uscms/store/user/aji/rootfiles_existingOptimization/WbZt_4000_1000_pt100_ak8_ca16_th85.root,ok,,1000,1000,1.0,0.0,0.085,0.008819013550278738,0.043,0.5815,0.425,0.425,0.575,0.015632498200863484,1085.7754789551007,885.8116245523453,1716.5138273512841,1.0857754789551008,0.8858116245523453,1.7165138273512843,0.38253866425421934,0.10889266471370257,0.9661162121497294
WbZt_4000_1000,WbZt,4000,1000,85,180,1.0,1.6,/eos/uscms/store/user/aji/rootfiles_existingOptimization/WbZt_4000_1000_pt180_ak10_ca16_th85.root,ok,,1000,1000,1.0,0.0,0.143,0.011070275515993266,0.0745,0.5895,0.404,0.404,0.596,0.015517216245190372,1113.7085204191353,774.0429695434208,1575.4109379773208,1.1137085204191353,0.7740429695434209,1.575410937977321,0.3597745522016441,0.11666342899433374,0.9671454042435577
WbZt_4000_1000,WbZt,4000,1000,85,180,1.0,1.2,/eos/uscms/store/user/aji/rootfiles_existingOptimization/WbZt_4000_1000_pt180_ak10_ca12_th85.root,ok,,1000,1000,1.0,0.0,0.12,0.010276186062932104,0.063,0.571,0.413,0.413,0.587,0.015570195888298902,1135.5407413976982,869.3101713600113,1709.4276530239406,1.1355407413976981,0.8693101713600112,1.7094276530239407,0.3699195682886101,0.08294620367173441,0.97047364242838
WbZt_4000_1000,WbZt,4000,1000,85,120,0.4,1.2,/eos/uscms/store/user/aji/rootfiles_existingOptimization/WbZt_4000_1000_pt120_ak4_ca12_th85.root,ok,,1000,1000,1.0,0.0,0.222,0.013142145943490356,0.1175,0.622,0.44,0.44,0.56,0.015697133496278867,909.9206712710167,566.8241831971039,1297.9991452891259,0.9099206712710166,0.5668241831971039,1.297999145289126,0.40177950956465536,0.11063838799244222,0.9707874424375538
WbZt_4000_1000,WbZt,4000,1000,85,160,1.0,1.6,/eos/uscms/store/user/aji/rootfiles_existingOptimization/WbZt_4000_1000_pt160_ak10_ca16_th85.root,ok,,1000,1000,1.0,0.0,0.118,0.01020176455325254,0.061,0.5825,0.398,0.398,0.602,0.015478888849009803,1128.6329528549197,858.0808485411652,1663.191054012809,1.1286329528549197,0.8580808485411652,1.663191054012809,0.35667495062725535,0.11412471256663168,0.9715382459127473
WbZt_4000_1000,WbZt,4000,1000,85,140,0.6,1.2,/eos/uscms/store/user/aji/rootfiles_existingOptimization/WbZt_4000_1000_pt140_ak6_ca12_th85.root,ok,,1000,1000,1.0,0.0,0.223,0.01316324428095141,0.1195,0.6105,0.446,0.446,0.554,0.01571890581433708,959.540040410292,626.5662403255855,1423.4248072465493,0.959540040410292,0.6265662403255854,1.4234248072465494,0.41522945023755,0.10696440365111137,0.9732754461965208
WbZt_4000_1000,WbZt,4000,1000,85,100,0.8,0.8,/eos/uscms/store/user/aji/rootfiles_existingOptimization/WbZt_4000_1000_pt100_ak8_ca8_th85.root,ok,,1000,1000,1.0,0.0,0.034,0.005730968504537431,0.0175,0.53,0.448,0.448,0.552,0.015725647840391186,1179.6540272916259,950.1987385399563,1908.7731786482332,1.1796540272916256,0.9501987385399563,1.9087731786482334,0.40629473469822064,0.044883223290078766,0.9762601374273833
WbZt_4000_1000,WbZt,4000,1000,85,120,0.4,0.8,/eos/uscms/store/user/aji/rootfiles_existingOptimization/WbZt_4000_1000_pt120_ak4_ca8_th85.root,ok,,1000,1000,1.0,0.0,0.196,0.012553246592017541,0.1045,0.5995,0.445,0.445,0.5549999999999999,0.01571543826942157,926.6155142526172,659.8947834906941,1429.8933466544493,0.9266155142526171,0.6598947834906941,1.4298933466544492,0.4154897858497518,0.08140115561335536,0.9778282344244901
WbZt_4000_1000,WbZt,4000,1000,85,100,0.8,1.0,/eos/uscms/store/user/aji/rootfiles_existingOptimization/WbZt_4000_1000_pt100_ak8_ca10_th85.root,ok,,1000,1000,1.0,0.0,0.046,0.006624499981130651,0.0235,0.53,0.437,0.437,0.563,0.01568537535413163,1174.7072117174152,943.7411700385378,1878.3598572415106,1.1747072117174153,0.9437411700385379,1.8783598572415106,0.39780920636239453,0.05255719022335781,0.9782799275341361
WbZt_4000_1000,WbZt,4000,1000,85,140,0.6,1.0,/eos/uscms/store/user/aji/rootfiles_existingOptimization/WbZt_4000_1000_pt140_ak6_ca10_th85.root,ok,,1000,1000,1.0,0.0,0.212,0.012925014506761685,0.114,0.5895,0.441,0.441,0.5589999999999999,0.015700923539715746,972.0196518343716,690.6616209632205,1504.9073389235598,0.9720196518343716,0.6906616209632205,1.5049073389235599,0.4188422098378952,0.08560548941396112,0.980640244654458
WbZt_4000_1000,WbZt,4000,1000,85,120,0.4,1.0,/eos/uscms/store/user/aji/rootfiles_existingOptimization/WbZt_4000_1000_pt120_ak4_ca10_th85.root,ok,,1000,1000,1.0,0.0,0.211,0.012902674141432851,0.112,0.6045,0.438,0.438,0.562,0.01568935945155187,919.6220828927256,620.2009609346433,1375.8527424365702,0.9196220828927256,0.6202009609346433,1.37585274243657,0.41084908440050694,0.09135101494676795,0.9808868761112345
WbZt_4000_1000,WbZt,4000,1000,85,140,0.6,0.8,/eos/uscms/store/user/aji/rootfiles_existingOptimization/WbZt_4000_1000_pt140_ak6_ca8_th85.root,ok,,1000,1000,1.0,0.0,0.2,0.01264911064067352,0.108,0.5845,0.442,0.442,0.558,0.01570464899321217,980.567120153063,727.2166605013888,1553.0916707540464,0.980567120153063,0.7272166605013887,1.5530916707540465,0.42112110088075444,0.07464045113614924,0.9810643888654482
WbZt_4000_1000,WbZt,4000,1000,85,120,0.4,1.4,/eos/uscms/store/user/aji/rootfiles_existingOptimization/WbZt_4000_1000_pt120_ak4_ca14_th85.root,ok,,1000,1000,1.0,0.0,0.241,0.013524755080961725,0.127,0.625,0.432,0.432,0.5680000000000001,0.01566448211719749,900.3780727946643,515.0843438895596,1243.9517809238148,0.9003780727946642,0.5150843438895596,1.2439517809238148,0.40475632351415397,0.13537517215066674,0.9827185162346876
WbZt_4000_1000,WbZt,4000,1000,85,200,0.6,0.4,/eos/uscms/store/user/aji/rootfiles_existingOptimization/WbZt_4000_1000_pt200_ak6_ca4_th85.root,ok,,1000,1000,1.0,0.0,0.13,0.010634848376916336,0.0955,0.6045,0.468,0.468,0.532,0.01577897335063343,954.1954769462861,500.6082055913321,1355.0536503155672,0.9541954769462861,0.500608205591332,1.3550536503155672,0.4477308189820386,0.03326193479328622,0.98431127128741
WbZt_4000_1000,WbZt,4000,1000,85,160,1.0,1.0,/eos/uscms/store/user/aji/rootfiles_existingOptimization/WbZt_4000_1000_pt160_ak10_ca10_th85.root,ok,,1000,1000,1.0,0.0,0.083,0.008724161850859944,0.0435,0.535,0.403,0.403,0.597,0.01551099609954177,1168.2834095130634,944.4435129499444,1817.5859913121894,1.1682834095130634,0.9444435129499444,1.8175859913121895,0.3736860727681513,0.06440620168329499,0.9875144137194576
WbZt_4000_1000,WbZt,4000,1000,85,220,0.8,0.6,/eos/uscms/store/user/aji/rootfiles_existingOptimization/WbZt_4000_1000_pt220_ak8_ca6_th85.root,ok,,1000,1000,1.0,0.0,0.093,0.009184280047995052,0.065,0.598,0.457,0.457,0.5429999999999999,0.015752809273269323,1026.344575881814,581.2187039581291,1489.9667646851487,1.0263445758818142,0.5812187039581292,1.4899667646851489,0.44271099691165705,0.02898408363215264,0.9883454544998383
WbZt_4000_1000,WbZt,4000,1000,85,180,1.0,1.0,/eos/uscms/store/user/aji/rootfiles_existingOptimization/WbZt_4000_1000_pt180_ak10_ca10_th85.root,ok,,1000,1000,1.0,0.0,0.109,0.00985489725973843,0.0575,0.5405,0.397,0.397,0.603,0.01547226550961429,1150.1001734205292,894.1204450816433,1760.240768946087,1.1501001734205292,0.8941204450816433,1.7602407689460868,0.37654125435374153,0.06997464295593545,0.9945512716957944
WbZt_4000_1000,WbZt,4000,1000,85,140,0.6,1.6,/eos/uscms/store/user/aji/rootfiles_existingOptimization/WbZt_4000_1000_pt140_ak6_ca16_th85.root,ok,,1000,1000,1.0,0.0,0.265,0.013956181426163821,0.1405,0.6315,0.437,0.437,0.563,0.01568537535413163,949.6350781858205,496.7770946018516,1309.206888744359,0.9496350781858205,0.4967770946018516,1.309206888744359,0.4277589427796678,0.15124300278324587,0.9957954349610858
WbZt_4000_1000,WbZt,4000,1000,85,240,1.0,0.8,/eos/uscms/store/user/aji/rootfiles_existingOptimization/WbZt_4000_1000_pt240_ak10_ca8_th85.root,ok,,1000,1000,1.0,0.0,0.074,0.00827792244467173,0.047,0.57,0.437,0.437,0.563,0.01568537535413163,1114.0064158181817,650.189251421232,1608.1005785402854,1.1140064158181815,0.650189251421232,1.6081005785402853,0.4299397712245292,0.04410884945340482,1.0043404128063473
WbZt_4000_1000,WbZt,4000,1000,85,140,1.0,1.4,/eos/uscms/store/user/aji/rootfiles_existingOptimization/WbZt_4000_1000_pt140_ak10_ca14_th85.root,ok,,1000,1000,1.0,0.0,0.077,0.00843036179532053,0.04,0.549,0.392,0.392,0.608,0.015438134602341048,1160.730056795695,942.251085031049,1831.9101631424287,1.1607300567956949,0.942251085031049,1.8319101631424288,0.38323254959355835,0.08965671741742304,1.0073055552731278
WbZt_4000_1000,WbZt,4000,1000,85,140,1.0,1.2,/eos/uscms/store/user/aji/rootfiles_existingOptimization/WbZt_4000_1000_pt140_ak10_ca12_th85.root,ok,,1000,1000,1.0,0.0,0.07,0.008068457101577725,0.0365,0.534,0.397,0.397,0.603,0.01547226550961429,1180.0009107218548,965.4480362467849,1886.6647020390055,1.180000910721855,0.9654480362467849,1.8866647020390055,0.3903457435590768,0.07262103118966244,1.0113458346312623
WbZt_4000_1000,WbZt,4000,1000,85,120,0.4,1.6,/eos/uscms/store/user/aji/rootfiles_existingOptimization/WbZt_4000_1000_pt120_ak4_ca16_th85.root,ok,,1000,1000,1.0,0.0,0.27,0.014039230748157109,0.1415,0.6245,0.417,0.417,0.583,0.015592017188292218,895.751275829115,444.50594151105537,1211.6817465581512,0.8957512758291151,0.4445059415110553,1.2116817465581513,0.42823037250881474,0.15465667724238608,1.021655244925903
WbZt_4000_1000,WbZt,4000,1000,85,140,1.0,1.6,/eos/uscms/store/user/aji/rootfiles_existingOptimization/WbZt_4000_1000_pt140_ak10_ca16_th85.root,ok,,1000,1000,1.0,0.0,0.092,0.00913980306133562,0.0475,0.555,0.376,0.376,0.624,0.015317441039547044,1150.8578432529903,916.4622803484662,1797.096755186978,1.1508578432529903,0.9164622803484661,1.797096755186978,0.3825991541880313,0.11251017159953425,1.0216849385133304
WbZt_4000_1000,WbZt,4000,1000,85,240,0.8,0.6,/eos/uscms/store/user/aji/rootfiles_existingOptimization/WbZt_4000_1000_pt240_ak8_ca6_th85.root,ok,,1000,1000,1.0,0.0,0.108,0.009815090422405696,0.077,0.592,0.438,0.438,0.562,0.01568935945155187,1014.8681739999063,500.32994213345694,1434.6488599938955,1.0148681739999064,0.5003299421334569,1.4346488599938956,0.4603154093294706,0.0356841827986969,1.0238022267294613
WbZt_4000_1000,WbZt,4000,1000,85,140,1.0,1.0,/eos/uscms/store/user/aji/rootfiles_existingOptimization/WbZt_4000_1000_pt140_ak10_ca10_th85.root,ok,,1000,1000,1.0,0.0,0.062,0.007626008130076967,0.0325,0.507,0.389,0.389,0.611,0.015416841440450765,1207.2252349311034,978.8493825494704,1943.252317421136,1.2072252349311032,0.9788493825494704,1.943252317421136,0.39942957907382726,0.06014692398573717,1.0311521025669377
WbZt_4000_1000,WbZt,4000,1000,85,140,0.4,0.4,/eos/uscms/store/user/aji/rootfiles_existingOptimization/WbZt_4000_1000_pt140_ak4_ca4_th85.root,ok,,1000,1000,1.0,0.0,0.242,0.013543854695026818,0.1365,0.5955,0.434,0.434,0.5660000000000001,0.015673034167001616,910.9315150432737,530.7951743457378,1366.3873162370694,0.9109315150432737,0.5307951743457378,1.3663873162370694,0.4586470706591137,0.08272181989675517,1.0335539191547864
WbZt_4000_1000,WbZt,4000,1000,85,260,1.0,0.8,/eos/uscms/store/user/aji/rootfiles_existingOptimization/WbZt_4000_1000_pt260_ak10_ca8_th85.root,ok,,1000,1000,1.0,0.0,0.087,0.00891240708226459,0.0575,0.566,0.421,0.421,0.579,0.015612783224012303,1099.2065992417797,568.4205098674958,1548.2361388275879,1.0992065992417799,0.5684205098674958,1.5482361388275878,0.4456922063768347,0.05361283382382094,1.0346128663010128
WbZt_4000_1000,WbZt,4000,1000,85,220,0.6,0.4,/eos/uscms/store/user/aji/rootfiles_existingOptimization/WbZt_4000_1000_pt220_ak6_ca4_th85.root,ok,,1000,1000,1.0,0.0,0.156,0.011474493452871897,0.118,0.5875,0.437,0.437,0.563,0.01568537535413163,942.9629537336734,417.0879649162155,1306.8875173988677,0.9429629537336733,0.4170879649162156,1.3068875173988677,0.4718104507496715,0.04149287651907783,1.040514155376304
WbZt_4000_1000,WbZt,4000,1000,85,180,0.8,0.8,/eos/uscms/store/user/aji/rootfiles_existingOptimization/WbZt_4000_1000_pt180_ak8_ca8_th85.root,ok,,1000,1000,1.0,0.0,0.217,0.013034991369387246,0.1185,0.5675,0.418,0.418,0.5820000000000001,0.015597307459943206,1043.6546210695246,679.6690847875719,1629.100579418699,1.0436546210695248,0.6796690847875719,1.629100579418699,0.4548590479377943,0.07466074277039438,1.0412245100447468
WbZt_4000_1000,WbZt,4000,1000,85,120,1.0,0.8,/eos/uscms/store/user/aji/rootfiles_existingOptimization/WbZt_4000_1000_pt120_ak10_ca8_th85.root,ok,,1000,1000,1.0,0.0,0.011,0.003298332912245215,0.0065,0.457,0.405,0.405,0.595,0.015523369479594306,1320.4018325243785,1028.2718579504958,2154.371920165418,1.3204018325243785,1.028271857950496,2.154371920165418,0.42642324271165793,0.008450332374162543,1.0534634259640958
WbZt_4000_1000,WbZt,4000,1000,85,160,0.6,0.6,/eos/uscms/store/user/aji/rootfiles_existingOptimization/WbZt_4000_1000_pt160_ak6_ca6_th85.root,ok,,1000,1000,1.0,0.0,0.252,0.013729384545565033,0.1395,0.5755,0.42,0.42,0.5800000000000001,0.015607690412101336,972.0196518343716,575.9701912733356,1493.79896428303,0.9720196518343716,0.5759701912733356,1.4937989642830303,0.47212459710952903,0.07782824020175289,1.0549226319260918
WbZt_4000_1000,WbZt,4000,1000,85,180,0.8,1.0,/eos/uscms/store/user/aji/rootfiles_existingOptimization/WbZt_4000_1000_pt180_ak8_ca10_th85.root,ok,,1000,1000,1.0,0.0,0.24,0.013505554412907307,0.13,0.572,0.415,0.415,0.585,0.015581238718407468,1039.6103388614547,631.0389841073628,1601.1273351949785,1.0396103388614546,0.6310389841073628,1.6011273351949786,0.46656343960085234,0.08427829162609618,1.0555244734869977
WbZt_4000_1000,WbZt,4000,1000,85,400,1.6,1.4,/eos/uscms/store/user/aji/rootfiles_existingOptimization/WbZt_4000_1000_pt400_ak16_ca14_th85.root,ok,,1000,1000,1.0,0.0,0.005,0.0022304708023195463,0.004,0.518,0.324,0.324,0.6759999999999999,0.014799459449588017,1182.5394232373624,736.046657056785,1594.9494710809763,1.1825394232373623,0.736046657056785,1.5949494710809764,0.36316032985726104,0.11081516920871709,1.0574142721809972
WbZt_4000_1000,WbZt,4000,1000,85,380,1.6,1.4,/eos/uscms/store/user/aji/rootfiles_existingOptimization/WbZt_4000_1000_pt380_ak16_ca14_th85.root,ok,,1000,1000,1.0,0.0,0.005,0.0022304708023195463,0.004,0.518,0.324,0.324,0.6759999999999999,0.014799459449588017,1189.3493843213314,750.9645860461015,1617.3047633847284,1.1893493843213312,0.7509645860461015,1.6173047633847282,0.3642076032321568,0.11081516920871709,1.05914254166429
WbZt_4000_1000,WbZt,4000,1000,85,200,1.0,1.4,/eos/uscms/store/user/aji/rootfiles_existingOptimization/WbZt_4000_1000_pt200_ak10_ca14_th85.root,ok,,1000,1000,1.0,0.0,0.162,0.011651437679531225,0.0865,0.5725,0.391,0.391,0.609,0.015431104950715617,1108.5275847329483,586.6633326891774,1575.4109379773208,1.1085275847329483,0.5866633326891775,1.575410937977321,0.445973387990313,0.11216239634137055,1.0658261464636078
WbZt_4000_1000,WbZt,4000,1000,85,360,1.6,1.4,/eos/uscms/store/user/aji/rootfiles_existingOptimization/WbZt_4000_1000_pt360_ak16_ca14_th85.root,ok,,1000,1000,1.0,0.0,0.004,0.001995995991979944,0.0025,0.509,0.316,0.316,0.6839999999999999,0.014701836619960107,1199.5983895194636,782.2185419294736,1651.9615497743812,1.1995983895194635,0.7822185419294737,1.6519615497743814,0.3625142445353358,0.11035995607036034,1.0664740834872821
WbZt_4000_1000,WbZt,4000,1000,85,200,1.2,1.0,/eos/uscms/store/user/aji/rootfiles_existingOptimization/WbZt_4000_1000_pt200_ak12_ca10_th85.root,ok,,1000,1000,1.0,0.0,0.018,0.004204283529925164,0.0105,0.46,0.337,0.337,0.663,0.014947608504372864,1253.1686824293006,950.6694355102964,1901.978992146857,1.2531686824293007,0.9506694355102964,1.901978992146857,0.37956165437857176,0.040633132203243924,1.067878522621502
WbZt_4000_1000,WbZt,4000,1000,85,280,1.0,0.8,/eos/uscms/store/user/aji/rootfiles_existingOptimization/WbZt_4000_1000_pt280_ak10_ca8_th85.root,ok,,1000,1000,1.0,0.0,0.1,0.009486832980505138,0.0685,0.556,0.4,0.4,0.6,0.015491933384829668,1081.1039592588595,494.9468789647268,1494.0002472858337,1.0811039592588596,0.49494687896472683,1.4940002472858338,0.4620524047502325,0.06291816912196796,1.0701628006761184
WbZt_4000_1000,WbZt,4000,1000,85,200,1.0,1.0,/eos/uscms/store/user/aji/rootfiles_existingOptimization/WbZt_4000_1000_pt200_ak10_ca10_th85.root,ok,,1000,1000,1.0,0.0,0.138,0.01090669519148674,0.0745,0.528,0.37,0.37,0.63,0.015267612779999367,1138.7466983462793,749.8455718731462,1720.8785465259639,1.1387466983462793,0.7498455718731463,1.720878546525964,0.42636039079761096,0.078270455750535,1.0702350606322388
WbZt_4000_1000,WbZt,4000,1000,85,180,0.8,1.2,/eos/uscms/store/user/aji/rootfiles_existingOptimization/WbZt_4000_1000_pt180_ak8_ca12_th85.root,ok,,1000,1000,1.0,0.0,0.248,0.01365635383255721,0.134,0.5925,0.421,0.421,0.579,0.015612783224012303,1024.3022109826438,515.8322807516059,1518.3791884829593,1.0243022109826438,0.5158322807516059,1.5183791884829594,0.48938042746660676,0.10126379195257298,1.0708106485648712
WbZt_4000_1000,WbZt,4000,1000,85,260,0.8,0.6,/eos/uscms/store/user/aji/rootfiles_existingOptimization/WbZt_4000_1000_pt260_ak8_ca6_th85.root,ok,,1000,999,0.999,0.0009994998749374613,0.13313313313313313,0.010748219676835325,0.0945945945945946,0.576076076076076,0.4064064064064064,0.406,0.5935935935935936,0.015539682138293449,1003.1361443546631,428.4177416875631,1383.4135509653568,1.0031361443546631,0.4284177416875631,1.383413550965357,0.4760050839819759,0.049047969125275044,1.0709122920110357
WbZt_4000_1000,WbZt,4000,1000,85,200,1.0,1.2,/eos/uscms/store/user/aji/rootfiles_existingOptimization/WbZt_4000_1000_pt200_ak10_ca12_th85.root,ok,,1000,1000,1.0,0.0,0.151,0.01132249972400088,0.081,0.5555,0.387,0.387,0.613,0.015402305022301045,1119.620709422417,663.8577724009153,1668.2932599225273,1.119620709422417,0.6638577724009154,1.6682932599225273,0.44856060586793445,0.09410693708077253,1.073522676810176
WbZt_4000_1000,WbZt,4000,1000,85,240,0.6,0.4,/eos/uscms/store/user/aji/rootfiles_existingOptimization/WbZt_4000_1000_pt240_ak6_ca4_th85.root,ok,,1000,999,0.999,0.0009994998749374613,0.17317317317317318,0.011971948580708425,0.13363363363363365,0.5715715715715716,0.4094094094094094,0.409,0.5905905905905906,0.015557486309707129,930.4938031546674,367.16443470318535,1256.6470318846098,0.9304938031546675,0.3671644347031853,1.25664703188461,0.47796266571888935,0.056607391928162866,1.076503875994013
WbZt_4000_1000,WbZt,4000,1000,85,140,0.4,0.6,/eos/uscms/store/user/aji/rootfiles_existingOptimization/WbZt_4000_1000_pt140_ak4_ca6_th85.root,ok,,1000,1000,1.0,0.0,0.27,0.014039230748157109,0.1505,0.59,0.416,0.416,0.5840000000000001,0.015586660963785668,908.6159639326781,467.8256762398406,1357.8996898994474,0.9086159639326781,0.46782567623984067,1.3578996898994475,0.4897965966871098,0.0905225091341113,1.082935000293842
WbZt_4000_1000,WbZt,4000,1000,85,220,1.2,1.0,/eos/uscms/store/user/aji/rootfiles_existingOptimization/WbZt_4000_1000_pt220_ak12_ca10_th85.root,ok,,1000,1000,1.0,0.0,0.025,0.0049371044145328745,0.0145,0.467,0.333,0.333,0.667,0.01490338887635963,1220.1272366343355,849.6684040936577,1812.6175672363638,1.2201272366343356,0.8496684040936578,1.8126175672363638,0.3946101415615295,0.05016354648154073,1.083622865224963
WbZt_4000_1000,WbZt,4000,1000,85,180,1.2,1.0,/eos/uscms/store/user/aji/rootfiles_existingOptimization/WbZt_4000_1000_pt180_ak12_ca10_th85.root,ok,,1000,1000,1.0,0.0,0.014,0.003715373467095872,0.0085,0.4435,0.329,0.329,0.671,0.014857960829131297,1288.0507304105704,1011.355193249935,2003.306532760446,1.2880507304105704,1.011355193249935,2.0033065327604462,0.3850591114506505,0.031531128643251964,1.0848641844917077
WbZt_4000_1000,WbZt,4000,1000,85,180,0.8,1.4,/eos/uscms/store/user/aji/rootfiles_existingOptimization/WbZt_4000_1000_pt180_ak8_ca14_th85.root,ok,,1000,1000,1.0,0.0,0.268,0.014006284303840188,0.144,0.6075,0.424,0.424,0.5760000000000001,0.015627667772255716,1014.3973718188188,387.98164067756437,1433.8900667895487,1.0143973718188186,0.3879816406775644,1.4338900667895487,0.5155319084850674,0.1247153879020846,1.0929716456669492
WbZt_4000_1000,WbZt,4000,1000,85,340,1.6,1.4,/eos/uscms/store/user/aji/rootfiles_existingOptimization/WbZt_4000_1000_pt340_ak16_ca14_th85.root,ok,,1000,1000,1.0,0.0,0.004,0.001995995991979944,0.0025,0.4975,0.309,0.309,0.6910000000000001,0.014612289348353322,1211.895234906171,793.6988383589918,1721.720508574549,1.2118952349061711,0.7936988383589918,1.721720508574549,0.3828803198023168,0.10518724461731108,1.095069843292934
WbZt_4000_1000,WbZt,4000,1000,85,200,1.0,1.6,/eos/uscms/store/user/aji/rootfiles_existingOptimization/WbZt_4000_1000_pt200_ak10_ca16_th85.root,ok,,1000,1000,1.0,0.0,0.179,0.01212266472356635,0.095,0.5745,0.38,0.38,0.62,0.015349267083479915,1100.5589244096236,507.44789085134266,1531.0649464584146,1.1005589244096237,0.5074478908513427,1.5310649464584147,0.46504418477919035,0.13480530034211247,1.0951000772201527
WbZt_4000_1000,WbZt,4000,1000,85,160,0.6,0.8,/eos/uscms/store/user/aji/rootfiles_existingOptimization/WbZt_4000_1000_pt160_ak6_ca8_th85.root,ok,,1000,1000,1.0,0.0,0.27,0.014039230748157109,0.1485,0.57,0.409,0.409,0.591,0.015547314880711718,966.8559323995981,513.4830101569491,1494.1997920574643,0.9668559323995982,0.5134830101569491,1.4941997920574641,0.5071680014759367,0.08524370909314848,1.1014824082359769
WbZt_4000_1000,WbZt,4000,1000,85,280,0.8,0.6,/eos/uscms/store/user/aji/rootfiles_existingOptimization/WbZt_4000_1000_pt280_ak8_ca6_th85.root,ok,,1000,999,0.999,0.0009994998749374613,0.16016016016016016,0.011603599733893634,0.11961961961961962,0.5555555555555556,0.3813813813813814,0.381,0.6186186186186187,0.015367686524201254,986.7498982452871,375.42005779229515,1325.151230836892,0.9867498982452871,0.37542005779229515,1.325151230836892,0.48124209322619654,0.056697520825119585,1.1021857220202866
WbZt_4000_1000,WbZt,4000,1000,85,400,1.6,1.6,/eos/uscms/store/user/aji/rootfiles_existingOptimization/WbZt_4000_1000_pt400_ak16_ca16_th85.root,ok,,1000,1000,1.0,0.0,0.005,0.0022304708023195463,0.004,0.5045,0.289,0.289,0.7110000000000001,0.014334538709006299,1162.4672115682904,688.6986039939984,1569.9205150037815,1.1624672115682904,0.6886986039939985,1.5699205150037816,0.37903086738288394,0.16054435502288728,1.106277588539713
WbZt_4000_1000,WbZt,4000,1000,85,300,1.0,0.8,/eos/uscms/store/user/aji/rootfiles_existingOptimization/WbZt_4000_1000_pt300_ak10_ca8_th85.root,ok,,1000,999,0.999,0.0009994998749374613,0.11911911911911911,0.010248648172748101,0.08558558558558559,0.5380380380380381,0.37537537537537535,0.375,0.6246246246246246,0.015320032844074289,1065.6521589758213,429.04298689444926,1447.260224112439,1.0656521589758214,0.4290429868944493,1.4472602241124388,0.4777437124495573,0.07229998862768176,1.1099335529717642
WbZt_4000_1000,WbZt,4000,1000,85,180,0.8,1.6,/eos/uscms/store/user/aji/rootfiles_existingOptimization/WbZt_4000_1000_pt180_ak8_ca16_th85.root,ok,,1000,1000,1.0,0.0,0.288,0.014319776534569246,0.154,0.615,0.415,0.415,0.585,0.015581238718407468,1008.0925893770966,322.35206555433166,1383.9241037277247,1.0080925893770964,0.32235206555433166,1.3839241037277248,0.5265250679153101,0.14948009901991427,1.1123343268530197
WbZt_4000_1000,WbZt,4000,1000,85,320,1.6,1.4,/eos/uscms/store/user/aji/rootfiles_existingOptimization/WbZt_4000_1000_pt320_ak16_ca14_th85.root,ok,,1000,1000,1.0,0.0,0.004,0.001995995991979944,0.0025,0.485,0.305,0.305,0.6950000000000001,0.014559361249725207,1225.1711819095767,810.7707249800253,1792.9802768485708,1.2251711819095767,0.8107707249800253,1.7929802768485708,0.40084584357332564,0.0996025088007032,1.1183629617642834
WbZt_4000_1000,WbZt,4000,1000,85,120,1.0,1.2,/eos/uscms/store/user/aji/rootfiles_existingOptimization/WbZt_4000_1000_pt120_ak10_ca12_th85.root,ok,,1000,1000,1.0,0.0,0.048,0.006759881655768835,0.025,0.477,0.363,0.363,0.637,0.015206281596761254,1252.1628391324402,997.0453591369234,2141.5172694536295,1.2521628391324402,0.9970453591369234,2.141517269453629,0.4569980335423674,0.06392636927474582,1.1192143174556115
WbZt_4000_1000,WbZt,4000,1000,85,260,0.6,0.4,/eos/uscms/store/user/aji/rootfiles_existingOptimization/WbZt_4000_1000_pt260_ak6_ca4_th85.root,ok,,1000,998,0.998,0.0014127986409959495,0.19939879759519039,0.01264748333789562,0.15781563126252504,0.5490981963927856,0.3727454909819639,0.372,0.6272545090180361,0.015306039318315047,914.2780443749286,306.4358402207846,1186.8255373636784,0.9142780443749287,0.3064358402207846,1.1868255373636785,0.4814671546360913,0.07427979543349256,1.1192938592166346
WbZt_4000_1000,WbZt,4000,1000,85,380,1.6,1.6,/eos/uscms/store/user/aji/rootfiles_existingOptimization/WbZt_4000_1000_pt380_ak16_ca16_th85.root,ok,,1000,1000,1.0,0.0,0.005,0.0022304708023195463,0.004,0.502,0.286,0.286,0.714,0.014289996501049257,1170.6125104585099,701.3482300670883,1610.9834823993021,1.17061251045851,0.7013482300670882,1.6109834823993023,0.388529613431145,0.1584158177038531,1.1195908644769959
WbZt_4000_1000,WbZt,4000,1000,85,300,0.8,0.6,/eos/uscms/store/user/aji/rootfiles_existingOptimization/WbZt_4000_1000_pt300_ak8_ca6_th85.root,ok,,1000,998,0.998,0.0014127986409959495,0.18236472945891782,0.012223201225730637,0.13827655310621242,0.5405811623246493,0.35771543086172347,0.357,0.6422845691382766,0.015172855118600292,974.0392667241349,336.6880718587087,1260.4352778522555,0.9740392667241349,0.33668807185870875,1.2604352778522554,0.474183761143568,0.0707889482418718,1.121064403609431
WbZt_4000_1000,WbZt,4000,1000,85,200,1.2,1.4,/eos/uscms/store/user/aji/rootfiles_existingOptimization/WbZt_4000_1000_pt200_ak12_ca14_th85.root,ok,,1000,1000,1.0,0.0,0.05,0.006892024376045111,0.0265,0.4725,0.291,0.291,0.7090000000000001,0.014363808687113596,1207.271209133014,819.06513988308,1767.0529253312288,1.2072712091330142,0.8190651398830799,1.7670529253312288,0.3926159169027702,0.11431491982932253,1.1223430378160717
WbZt_4000_1000,WbZt,4000,1000,85,240,1.2,1.0,/eos/uscms/store/user/aji/rootfiles_existingOptimization/WbZt_4000_1000_pt240_ak12_ca10_th85.root,ok,,1000,1000,1.0,0.0,0.031,0.0054807846153630225,0.0185,0.4635,0.319,0.319,0.681,0.01473902981881779,1204.9735157813018,742.5444873847392,1761.5403456376555,1.2049735157813017,0.7425444873847393,1.7615403456376555,0.422829151391017,0.056817014544687156,1.1243265029691472
WbZt_4000_1000,WbZt,4000,1000,85,180,1.2,1.4,/eos/uscms/store/user/aji/rootfiles_existingOptimization/WbZt_4000_1000_pt180_ak12_ca14_th85.root,ok,,1000,1000,1.0,0.0,0.039,0.006122009474020765,0.021,0.4685,0.297,0.297,0.7030000000000001,0.014449602070645405,1236.3360744131396,937.0196225227477,1922.4471414974632,1.2363360744131398,0.9370196225227476,1.9224471414974633,0.3985273662108725,0.09864311952864285,1.1251609736521866
WbZt_4000_1000,WbZt,4000,1000,85,200,1.2,1.2,/eos/uscms/store/user/aji/rootfiles_existingOptimization/WbZt_4000_1000_pt200_ak12_ca12_th85.root,ok,,1000,1000,1.0,0.0,0.047,0.006692607862410586,0.025,0.4635,0.297,0.297,0.7030000000000001,0.014449602070645405,1215.3142195150795,847.5309598835736,1822.9554989191126,1.2153142195150795,0.8475309598835736,1.8229554989191128,0.40130549094732954,0.09152922341877788,1.1258369128988375
WbZt_4000_1000,WbZt,4000,1000,85,320,1.0,0.8,/eos/uscms/store/user/aji/rootfiles_existingOptimization/WbZt_4000_1000_pt320_ak10_ca8_th85.root,ok,,1000,999,0.999,0.0009994998749374613,0.13313313313313313,0.010748219676835325,0.09759759759759759,0.5180180180180181,0.35135135135135137,0.351,0.6486486486486487,0.015104029626755123,1045.2480274068691,388.46455707229546,1376.716532751819,1.0452480274068692,0.38846455707229544,1.376716532751819,0.4727356329632375,0.08209137181103385,1.1269090843525729
WbZt_4000_1000,WbZt,4000,1000,85,180,1.2,1.6,/eos/uscms/store/user/aji/rootfiles_existingOptimization/WbZt_4000_1000_pt180_ak12_ca16_th85.root,ok,,1000,1000,1.0,0.0,0.05,0.006892024376045111,0.0265,0.473,0.289,0.289,0.7110000000000001,0.014334538709006299,1219.0070839770658,915.213578303645,1877.4652024845934,1.2190070839770657,0.915213578303645,1.8774652024845935,0.39468664162375455,0.12248404356765583,1.1275873500214613
WbZt_4000_1000,WbZt,4000,1000,85,200,0.8,1.6,/eos/uscms/store/user/aji/rootfiles_existingOptimization/WbZt_4000_1000_pt200_ak8_ca16_th85.root,ok,,1000,1000,1.0,0.0,0.333,0.014903388876359632,0.1805,0.6105,0.404,0.404,0.596,0.015517216245190372,1000.6964173162619,247.31475077835168,1314.9914362409988,1.000696417316262,0.2473147507783517,1.314991436240999,0.5334668271952134,0.16203939655415706,1.1295364689268395
WbZt_4000_1000,WbZt,4000,1000,85,180,1.2,1.2,/eos/uscms/store/user/aji/rootfiles_existingOptimization/WbZt_4000_1000_pt180_ak12_ca12_th85.root,ok,,1000,1000,1.0,0.0,0.037,0.005969170796685248,0.02,0.4545,0.298,0.298,0.702,0.01446360950800318,1253.6280728644822,947.3729655194874,1956.590973892759,1.2536280728644822,0.9473729655194874,1.956590973892759,0.4025189090043489,0.08147283414117519,1.129881716290797
WbZt_4000_1000,WbZt,4000,1000,85,120,1.0,1.4,/eos/uscms/store/user/aji/rootfiles_existingOptimization/WbZt_4000_1000_pt120_ak10_ca14_th85.root,ok,,1000,1000,1.0,0.0,0.052,0.007021111023192838,0.027,0.4965,0.361,0.361,0.639,0.01518812035770062,1214.0527401072225,968.5115632107767,2108.6479479250465,1.2140527401072225,0.9685115632107767,2.1086479479250464,0.46955801302897904,0.08119135618063245,1.1299632870397014
WbZt_4000_1000,WbZt,4000,1000,85,120,1.0,1.0,/eos/uscms/store/user/aji/rootfiles_existingOptimization/WbZt_4000_1000_pt120_ak10_ca10_th85.root,ok,,1000,1000,1.0,0.0,0.042,0.0063431853196954605,0.022,0.448,0.356,0.356,0.644,0.015141466243399283,1306.8505693537586,1010.9720118555462,2205.7578948883574,1.3068505693537587,1.010972011855546,2.2057578948883574,0.4571241391522048,0.04835693953494649,1.1318091960875807
WbZt_4000_1000,WbZt,4000,1000,85,360,1.6,1.6,/eos/uscms/store/user/aji/rootfiles_existingOptimization/WbZt_4000_1000_pt360_ak16_ca16_th85.root,ok,,1000,1000,1.0,0.0,0.004,0.001995995991979944,0.0025,0.494,0.278,0.278,0.722,0.01416742743055351,1182.5394232373624,714.0951970831086,1641.604327733014,1.1825394232373623,0.7140951970831085,1.641604327733014,0.39216837613359357,0.16362209787630766,1.1324223184573299
WbZt_4000_1000,WbZt,4000,1000,85,220,0.8,1.6,/eos/uscms/store/user/aji/rootfiles_existingOptimization/WbZt_4000_1000_pt220_ak8_ca16_th85.root,ok,,1000,1000,1.0,0.0,0.375,0.015309310892394862,0.207,0.5985,0.385,0.385,0.615,0.015387494922826133,993.6734985299793,227.09190777518074,1258.232071414723,0.9936734985299793,0.22709190777518076,1.2582320714147228,0.5188526035790378,0.18292619072555905,1.13448525372604
WbZt_4000_1000,WbZt,4000,1000,85,300,1.6,1.4,/eos/uscms/store/user/aji/rootfiles_existingOptimization/WbZt_4000_1000_pt300_ak16_ca14_th85.root,ok,,1000,1000,1.0,0.0,0.004,0.001995995991979944,0.0025,0.4715,0.297,0.297,0.7030000000000001,0.014449602070645405,1241.07308582341,844.5666474597504,1862.0353045983634,1.2410730858234102,0.8445666474597503,1.8620353045983635,0.40991488283849015,0.09344293612737839,1.1370221914208312
WbZt_4000_1000,WbZt,4000,1000,85,160,1.2,1.0,/eos/uscms/store/user/aji/rootfiles_existingOptimization/WbZt_4000_1000_pt160_ak12_ca10_th85.root,ok,,1000,1000,1.0,0.0,0.012,0.003443254274665175,0.007,0.4075,0.308,0.308,0.692,0.014599178059055244,1340.487505183782,1052.9472991906807,2155.8109046682575,1.340487505183782,1.0529472991906808,2.155810904668258,0.4113666114800427,0.025874847131228555,1.1374153619984209
WbZt_4000_1000,WbZt,4000,1000,85,320,0.8,0.6,/eos/uscms/store/user/aji/rootfiles_existingOptimization/WbZt_4000_1000_pt320_ak8_ca6_th85.root,ok,,1000,998,0.998,0.0014127986409959495,0.21042084168336672,0.012902591398561248,0.16432865731462926,0.5265531062124249,0.34769539078156314,0.347,0.6523046092184368,0.015075072857340607,961.4073999603379,293.58169464682504,1215.9371536863973,0.961407399960338,0.29358169464682504,1.2159371536863972,0.47969022241644027,0.07422035390936674,1.1378540916388433
WbZt_4000_1000,WbZt,4000,1000,85,120,1.0,1.6,/eos/uscms/store/user/aji/rootfiles_existingOptimization/WbZt_4000_1000_pt120_ak10_ca16_th85.root,ok,,1000,1000,1.0,0.0,0.067,0.007906389820898032,0.0345,0.5055,0.347,0.347,0.653,0.01505293991218991,1189.3461778545584,947.4157789382439,2057.3311747297785,1.1893461778545584,0.9474157789382439,2.0573311747297787,0.4666073748997505,0.10771278298873148,1.1385419926852063
WbZt_4000_1000,WbZt,4000,1000,85,220,1.0,1.4,/eos/uscms/store/user/aji/rootfiles_existingOptimization/WbZt_4000_1000_pt220_ak10_ca14_th85.root,ok,,1000,1000,1.0,0.0,0.193,0.012480024038438387,0.1045,0.569,0.378,0.378,0.622,0.015333492752794452,1096.9967312096712,423.9496005397752,1537.656586564061,1.0969967312096713,0.4239496005397752,1.537656586564061,0.5076163649075727,0.12084786901911401,1.1393160380285399
WbZt_4000_1000,WbZt,4000,1000,85,200,0.8,1.4,/eos/uscms/store/user/aji/rootfiles_existingOptimization/WbZt_4000_1000_pt200_ak8_ca14_th85.root,ok,,1000,1000,1.0,0.0,0.313,0.014663935351739656,0.1705,0.6045,0.412,0.412,0.5880000000000001,0.01556457516284977,1006.4478395880415,259.1318883878075,1368.596667895652,1.0064478395880414,0.2591318883878075,1.368596667895652,0.5511784793347909,0.1320346290238486,1.1398232632935952
WbZt_4000_1000,WbZt,4000,1000,85,220,1.0,1.6,/eos/uscms/store/user/aji/rootfiles_existingOptimization/WbZt_4000_1000_pt220_ak10_ca16_th85.root,ok,,1000,1000,1.0,0.0,0.207,0.012812142677944232,0.1115,0.573,0.369,0.369,0.631,0.015259062880793171,1089.6146128993187,379.2094243045078,1469.90225302675,1.0896146128993185,0.37920942430450777,1.46990225302675,0.5004947693478774,0.14777315002698982,1.1404562306378092
WbZt_4000_1000,WbZt,4000,1000,85,200,1.2,1.6,/eos/uscms/store/user/aji/rootfiles_existingOptimization/WbZt_4000_1000_pt200_ak12_ca16_th85.root,ok,,1000,1000,1.0,0.0,0.061,0.0075682891065286355,0.032,0.478,0.285,0.285,0.7150000000000001,0.01427497810856465,1194.5126521342677,754.6605775683445,1725.6026746145114,1.1945126521342677,0.7546605775683445,1.7256026746145114,0.40641766971298243,0.13430722283086505,1.1408689349264094
WbZt_4000_1000,WbZt,4000,1000,85,220,0.8,1.4,/eos/uscms/store/user/aji/rootfiles_existingOptimization/WbZt_4000_1000_pt220_ak8_ca14_th85.root,ok,,1000,1000,1.0,0.0,0.358,0.01516034300403523,0.1985,0.593,0.391,0.391,0.609,0.015431104950715617,998.5365811011013,231.7579929550381,1294.823174414406,0.9985365811011013,0.2317579929550381,1.2948231744144059,0.5323115855641011,0.14261015327561127,1.1414579274539909
WbZt_4000_1000,WbZt,4000,1000,85,240,1.4,1.2,/eos/uscms/store/user/aji/rootfiles_existingOptimization/WbZt_4000_1000_pt240_ak14_ca12_th85.root,ok,,1000,1000,1.0,0.0,0.011,0.003298332912245215,0.0055,0.449,0.303,0.303,0.6970000000000001,0.01453241205031016,1242.0631859739958,850.9062800662797,1895.0781479815487,1.2420631859739957,0.8509062800662797,1.8950781479815486,0.420337660638599,0.07251805350022496,1.1415439792359985
WbZt_4000_1000,WbZt,4000,1000,85,360,1.4,1.2,/eos/uscms/store/user/aji/rootfiles_existingOptimization/WbZt_4000_1000_pt360_ak14_ca12_th85.root,ok,,1000,1000,1.0,0.0,0.018,0.004204283529925164,0.011,0.49,0.304,0.304,0.696,0.014545927265045704,1103.301014210199,591.4059484650668,1558.5057882034957,1.1033010142101989,0.5914059484650669,1.5585057882034958,0.43827560533456505,0.13044450856304574,1.1446057067555848
WbZt_4000_1000,WbZt,4000,1000,85,160,0.6,1.0,/eos/uscms/store/user/aji/rootfiles_existingOptimization/WbZt_4000_1000_pt160_ak6_ca10_th85.root,ok,,1000,1000,1.0,0.0,0.28,0.014198591479439079,0.1535,0.5745,0.407,0.407,0.593,0.015535475531827148,959.9009410275958,407.44252303124165,1462.3220775768805,0.9599009410275958,0.4074425230312416,1.4623220775768804,0.5494731328299179,0.09763867012882754,1.1464830387271583
WbZt_4000_1000,WbZt,4000,1000,85,400,1.4,1.2,/eos/uscms/store/user/aji/rootfiles_existingOptimization/WbZt_4000_1000_pt400_ak14_ca12_th85.root,ok,,1000,998,0.998,0.0014127986409959495,0.018036072144288578,0.00421263157366574,0.011022044088176353,0.48997995991983967,0.3046092184368738,0.304,0.6953907815631262,0.014568697139856276,1067.0730253577171,554.7694993032422,1499.4697412867283,1.067073025357717,0.5547694993032423,1.4994697412867284,0.442659602264237,0.13941361670694183,1.1467576863631348
WbZt_4000_1000,WbZt,4000,1000,85,160,0.6,1.2,/eos/uscms/store/user/aji/rootfiles_existingOptimization/WbZt_4000_1000_pt160_ak6_ca12_th85.root,ok,,1000,1000,1.0,0.0,0.29,0.01434921600645833,0.1585,0.5895,0.41,0.41,0.5900000000000001,0.015553134732265389,950.7496249624736,345.0208686846228,1394.491999434702,0.9507496249624736,0.3450208686846228,1.3944919994347018,0.5519177200787757,0.11640197532247246,1.1468427575825284
WbZt_4000_1000,WbZt,4000,1000,85,340,1.4,1.2,/eos/uscms/store/user/aji/rootfiles_existingOptimization/WbZt_4000_1000_pt340_ak14_ca12_th85.root,ok,,1000,1000,1.0,0.0,0.017,0.004087909000944126,0.0105,0.4875,0.306,0.306,0.694,0.014572714228996602,1119.264400311767,605.2116547688986,1595.4644877333658,1.119264400311767,0.6052116547688987,1.5954644877333657,0.4423676982349459,0.11932132365840746,1.1482941382661225
WbZt_4000_1000,WbZt,4000,1000,85,340,1.0,0.8,/eos/uscms/store/user/aji/rootfiles_existingOptimization/WbZt_4000_1000_pt340_ak10_ca8_th85.root,ok,,1000,999,0.999,0.0009994998749374613,0.14814814814814814,0.011239510707738654,0.1091091091091091,0.503003003003003,0.33233233233233234,0.332,0.6676676676676676,0.014903344016755646,1026.3234003207533,355.35937027415105,1335.327367053752,1.0263234003207533,0.35535937027415104,1.3353273670537518,0.47741676574524883,0.08874343204168851,1.148716773444992
WbZt_4000_1000,WbZt,4000,1000,85,380,1.4,1.2,/eos/uscms/store/user/aji/rootfiles_existingOptimization/WbZt_4000_1000_pt380_ak14_ca12_th85.root,ok,,1000,1000,1.0,0.0,0.02,0.004427188724235731,0.013,0.488,0.303,0.303,0.6970000000000001,0.01453241205031016,1083.9579286082824,566.2449507036898,1527.5920369401479,1.0839579286082823,0.5662449507036899,1.527592036940148,0.4434429883596834,0.13150250006234965,1.1488387812205116
WbZt_4000_1000,WbZt,4000,1000,85,240,0.8,1.6,/eos/uscms/store/user/aji/rootfiles_existingOptimization/WbZt_4000_1000_pt240_ak8_ca16_th85.root,ok,,1000,1000,1.0,0.0,0.412,0.015564575162849772,0.2305,0.586,0.363,0.363,0.637,0.015206281596761254,986.2665352622442,212.27359908030147,1225.0125993199651,0.9862665352622443,0.21227359908030147,1.2250125993199652,0.5134205430433572,0.21057446189689186,1.1517938895171327
WbZt_4000_1000,WbZt,4000,1000,85,340,0.8,0.6,/eos/uscms/store/user/aji/rootfiles_existingOptimization/WbZt_4000_1000_pt340_ak8_ca6_th85.root,ok,,1000,998,0.998,0.0014127986409959495,0.23146292585170342,0.013350817520466749,0.18386773547094187,0.5085170340681363,0.3226452905811623,0.322,0.6773547094188377,0.014798083443275618,936.9836995080464,272.4881124225423,1147.0726819880229,0.9369836995080463,0.27248811242254234,1.1470726819880228,0.4667021262081038,0.0845920632316271,1.152358465676137
WbZt_4000_1000,WbZt,4000,1000,85,220,1.4,1.2,/eos/uscms/store/user/aji/rootfiles_existingOptimization/WbZt_4000_1000_pt220_ak14_ca12_th85.root,ok,,1000,1000,1.0,0.0,0.009,0.002986469487538756,0.0045,0.432,0.298,0.298,0.702,0.01446360950800318,1276.5356746897282,923.8777284581961,2003.5216548141973,1.2765356746897285,0.9238777284581962,2.003521654814197,0.4228804363882806,0.06503738784197928,1.1525340038572534
WbZt_4000_1000,WbZt,4000,1000,85,260,1.4,1.2,/eos/uscms/store/user/aji/rootfiles_existingOptimization/WbZt_4000_1000_pt260_ak14_ca12_th85.root,ok,,1000,1000,1.0,0.0,0.013,0.003582038525755969,0.007,0.4665,0.307,0.307,0.6930000000000001,0.014585986425333049,1208.6667421873958,773.8760652959869,1834.9221871447508,1.2086667421873956,0.7738760652959868,1.8349221871447507,0.4389324554130306,0.0854463106178435,1.1527991296317701
WbZt_4000_1000,WbZt,4000,1000,85,340,1.6,1.6,/eos/uscms/store/user/aji/rootfiles_existingOptimization/WbZt_4000_1000_pt340_ak16_ca16_th85.root,ok,,1000,1000,1.0,0.0,0.004,0.001995995991979944,0.0025,0.4855,0.272,0.272,0.728,0.014071815803228808,1194.126767207519,727.4663738751568,1697.9104631473504,1.194126767207519,0.7274663738751569,1.6979104631473503,0.4063404807270125,0.15719132499215843,1.1537531574477644
WbZt_4000_1000,WbZt,4000,1000,85,240,1.0,1.6,/eos/uscms/store/user/aji/rootfiles_existingOptimization/WbZt_4000_1000_pt240_ak10_ca16_th85.root,ok,,1000,1000,1.0,0.0,0.248,0.01365635383255721,0.134,0.559,0.347,0.347,0.653,0.01505293991218991,1077.841186987563,332.3187679370909,1397.3641188620716,1.0778411869875633,0.3323187679370909,1.3973641188620716,0.49406413662000365,0.1756857089524055,1.15484825531876
WbZt_4000_1000,WbZt,4000,1000,85,160,0.6,1.4,/eos/uscms/store/user/aji/rootfiles_existingOptimization/WbZt_4000_1000_pt160_ak6_ca14_th85.root,ok,,1000,1000,1.0,0.0,0.308,0.014599178059055242,0.1675,0.61,0.416,0.416,0.5840000000000001,0.015586660963785668,943.1435404500061,227.19135775528483,1299.1284480285447,0.9431435404500061,0.22719135775528482,1.2991284480285445,0.5682788697051362,0.1422647774371091,1.1579645156601357
WbZt_4000_1000,WbZt,4000,1000,85,240,0.8,1.4,/eos/uscms/store/user/aji/rootfiles_existingOptimization/WbZt_4000_1000_pt240_ak8_ca14_th85.root,ok,,1000,1000,1.0,0.0,0.397,0.01547226550961429,0.223,0.58,0.368,0.368,0.632,0.015250442616527561,991.3715597855305,215.12918488559748,1257.9253285870443,0.9913715597855306,0.21512918488559749,1.2579253285870442,0.525936079872536,0.1623522025738678,1.158798923893983
WbZt_4000_1000,WbZt,4000,1000,85,280,1.4,1.2,/eos/uscms/store/user/aji/rootfiles_existingOptimization/WbZt_4000_1000_pt280_ak14_ca12_th85.root,ok,,1000,1000,1.0,0.0,0.014,0.003715373467095872,0.008,0.476,0.312,0.312,0.688,0.014651143300097778,1184.0215549466307,706.8801498943051,1780.0290171112053,1.1840215549466304,0.706880149894305,1.7800290171112052,0.45317961600170037,0.0928966957002095,1.1595817714963634
WbZt_4000_1000,WbZt,4000,1000,85,140,0.4,0.8,/eos/uscms/store/user/aji/rootfiles_existingOptimization/WbZt_4000_1000_pt140_ak4_ca8_th85.root,ok,,1000,1000,1.0,0.0,0.28,0.014198591479439079,0.1555,0.5825,0.402,0.402,0.598,0.015504708962118573,904.5996980176567,350.07231492703534,1348.8322170837714,0.9045996980176567,0.35007231492703533,1.3488322170837712,0.5520452330160082,0.10147540358002904,1.1595852632142425
WbZt_4000_1000,WbZt,4000,1000,85,160,0.6,1.6,/eos/uscms/store/user/aji/rootfiles_existingOptimization/WbZt_4000_1000_pt160_ak6_ca16_th85.root,ok,,1000,1000,1.0,0.0,0.332,0.014892145580808697,0.1795,0.615,0.406,0.406,0.594,0.015529455882290275,937.2975155357695,194.22502302292708,1245.3941604000959,0.9372975155357696,0.19422502302292707,1.2453941604000958,0.5607446514868382,0.17132204188700306,1.1610148999332612
WbZt_4000_1000,WbZt,4000,1000,85,360,1.0,0.8,/eos/uscms/store/user/aji/rootfiles_existingOptimization/WbZt_4000_1000_pt360_ak10_ca8_th85.root,ok,,1000,999,0.999,0.0009994998749374613,0.16316316316316315,0.011690920535728865,0.11961961961961962,0.4904904904904905,0.31431431431431434,0.314,0.6856856856856857,0.014687973403234732,1003.3293514697625,338.08527772431296,1290.4425906277554,1.0033293514697625,0.33808527772431296,1.2904425906277555,0.4745985510681752,0.10477186159711264,1.1616171719008372
WbZt_4000_1000,WbZt,4000,1000,85,280,1.6,1.4,/eos/uscms/store/user/aji/rootfiles_existingOptimization/WbZt_4000_1000_pt280_ak16_ca14_th85.root,ok,,1000,1000,1.0,0.0,0.004,0.001995995991979944,0.0025,0.461,0.292,0.292,0.708,0.014378317008607092,1261.1450829137175,879.5840309099696,1959.3860213810008,1.2611450829137176,0.8795840309099696,1.959386021381001,0.4281037943613451,0.0893479059815414,1.1622183026527169
WbZt_4000_1000,WbZt,4000,1000,85,180,0.6,1.6,/eos/uscms/store/user/aji/rootfiles_existingOptimization/WbZt_4000_1000_pt180_ak6_ca16_th85.root,ok,,1000,1000,1.0,0.0,0.385,0.015387494922826133,0.214,0.6025,0.387,0.387,0.613,0.015402305022301045,926.2956258997751,165.13345432966995,1169.6484049979608,0.926295625899775,0.16513345432966994,1.1696484049979607,0.5422215773136876,0.19246173297252944,1.16259201472371
WbZt_4000_1000,WbZt,4000,1000,85,300,1.4,1.2,/eos/uscms/store/user/aji/rootfiles_existingOptimization/WbZt_4000_1000_pt300_ak14_ca12_th85.root,ok,,1000,1000,1.0,0.0,0.016,0.003967870965643918,0.0095,0.478,0.311,0.311,0.6890000000000001,0.014638271755914357,1160.2452258031415,667.1423536080107,1732.288056651397,1.1602452258031413,0.6671423536080108,1.732288056651397,0.45901749016294136,0.10325458846616489,1.1640420127432556
WbZt_4000_1000,WbZt,4000,1000,85,260,0.8,1.6,/eos/uscms/store/user/aji/rootfiles_existingOptimization/WbZt_4000_1000_pt260_ak8_ca16_th85.root,ok,,1000,999,0.999,0.0009994998749374613,0.45345345345345345,0.015750603179087944,0.25725725725725723,0.5740740740740741,0.3383383383383383,0.338,0.6616616616616617,0.01496962246503017,977.4092213564561,200.8004774508265,1178.0196827567265,0.9774092213564562,0.2008004774508265,1.1780196827567266,0.49990279606207705,0.25814106737661285,1.1648235355880932
WbZt_4000_1000,WbZt,4000,1000,85,200,0.8,1.2,/eos/uscms/store/user/aji/rootfiles_existingOptimization/WbZt_4000_1000_pt200_ak8_ca12_th85.root,ok,,1000,1000,1.0,0.0,0.293,0.014392741226048637,0.1605,0.591,0.409,0.409,0.591,0.015547314880711718,1014.0051713765866,298.12080855198866,1462.2520999388507,1.0140051713765867,0.2981208085519887,1.4622520999388509,0.5740263088631334,0.11022829853827193,1.1664268260007922
WbZt_4000_1000,WbZt,4000,1000,85,320,1.4,1.2,/eos/uscms/store/user/aji/rootfiles_existingOptimization/WbZt_4000_1000_pt320_ak14_ca12_th85.root,ok,,1000,1000,1.0,0.0,0.016,0.003967870965643918,0.01,0.483,0.308,0.308,0.692,0.014599178059055244,1135.2072641052869,624.313176603525,1671.5442837642524,1.1352072641052868,0.624313176603525,1.6715442837642525,0.4612510597287722,0.10988720525434031,1.1667717861393008
WbZt_4000_1000,WbZt,4000,1000,85,260,1.0,1.6,/eos/uscms/store/user/aji/rootfiles_existingOptimization/WbZt_4000_1000_pt260_ak10_ca16_th85.root,ok,,1000,1000,1.0,0.0,0.275,0.014120021246442939,0.152,0.546,0.325,0.325,0.675,0.014811313243598623,1068.1650821266371,309.8139511568596,1350.7301673067773,1.068165082126637,0.30981395115685967,1.350730167306777,0.4872450118279147,0.2033367597362124,1.1690615200405783
WbZt_4000_1000,WbZt,4000,1000,85,240,1.0,1.4,/eos/uscms/store/user/aji/rootfiles_existingOptimization/WbZt_4000_1000_pt240_ak10_ca14_th85.root,ok,,1000,1000,1.0,0.0,0.233,0.013368283360252356,0.1265,0.555,0.354,0.354,0.646,0.015122301412152848,1084.0809717374905,345.1638892331951,1461.7125299748755,1.0840809717374902,0.3451638892331951,1.4617125299748754,0.5149747435157696,0.14026168077561824,1.1693828406895186
WbZt_4000_1000,WbZt,4000,1000,85,180,0.6,1.4,/eos/uscms/store/user/aji/rootfiles_existingOptimization/WbZt_4000_1000_pt180_ak6_ca14_th85.root,ok,,1000,1000,1.0,0.0,0.361,0.01518812035770062,0.202,0.601,0.398,0.398,0.602,0.015478888849009803,931.7500254552465,169.932209366916,1214.9521776913184,0.9317500254552464,0.16993220936691597,1.2149521776913184,0.560783439642952,0.16087066382051354,1.1696084370974273
WbZt_4000_1000,WbZt,4000,1000,85,260,1.2,1.0,/eos/uscms/store/user/aji/rootfiles_existingOptimization/WbZt_4000_1000_pt260_ak12_ca10_th85.root,ok,,1000,1000,1.0,0.0,0.035,0.005811626278418116,0.021,0.465,0.308,0.308,0.692,0.014599178059055244,1171.9631010992625,639.3198958085554,1720.0517699667,1.1719631010992626,0.6393198958085554,1.7200517699667002,0.46107760267556797,0.0685966516677867,1.1702739127854942
WbZt_4000_1000,WbZt,4000,1000,85,320,1.6,1.6,/eos/uscms/store/user/aji/rootfiles_existingOptimization/WbZt_4000_1000_pt320_ak16_ca16_th85.root,ok,,1000,1000,1.0,0.0,0.004,0.001995995991979944,0.0025,0.476,0.268,0.268,0.732,0.014006284303840188,1204.6006437530596,745.2353186711154,1752.6294610707719,1.2046006437530594,0.7452353186711154,1.752629461070772,0.4181444479645199,0.15267720229494008,1.1706045123398257
WbZt_4000_1000,WbZt,4000,1000,85,220,1.0,1.2,/eos/uscms/store/user/aji/rootfiles_existingOptimization/WbZt_4000_1000_pt220_ak10_ca12_th85.root,ok,,1000,1000,1.0,0.0,0.183,0.012227469075814503,0.0995,0.5485,0.371,0.371,0.629,0.015276092432294327,1109.115556686094,449.00349438677574,1628.8894352401903,1.109115556686094,0.4490034943867757,1.6288894352401901,0.5319039723772219,0.10371162047741797,1.1718155280458311
WbZt_4000_1000,WbZt,4000,1000,85,260,0.8,1.4,/eos/uscms/store/user/aji/rootfiles_existingOptimization/WbZt_4000_1000_pt260_ak8_ca14_th85.root,ok,,1000,999,0.999,0.0009994998749374613,0.44044044044044045,0.015706666044176736,0.25075075075075076,0.5675675675675675,0.34134134134134136,0.341,0.6586586586586587,0.015001749315168227,982.5758869135905,203.04845543583625,1207.2576074686174,0.9825758869135904,0.20304845543583627,1.2072576074686174,0.5110084449492974,0.209896631471562,1.172409514916597
WbZt_4000_1000,WbZt,4000,1000,85,260,1.6,1.4,/eos/uscms/store/user/aji/rootfiles_existingOptimization/WbZt_4000_1000_pt260_ak16_ca14_th85.root,ok,,1000,1000,1.0,0.0,0.004,0.001995995991979944,0.002,0.4445,0.281,0.281,0.719,0.014214042352547005,1282.204219301276,928.1074086226776,2020.5177473039867,1.282204219301276,0.9281074086226776,2.0205177473039866,0.4259892153827909,0.08318637078452926,1.1732096373129184
WbZt_4000_1000,WbZt,4000,1000,85,280,0.6,0.4,/eos/uscms/store/user/aji/rootfiles_existingOptimization/WbZt_4000_1000_pt280_ak6_ca4_th85.root,ok,,1000,998,0.998,0.0014127986409959495,0.22444889779559118,0.013206832736724088,0.18286573146292584,0.5305611222444889,0.3517034068136273,0.351,0.6482965931863727,0.015115060388579873,897.0363658363462,239.36846695075383,1159.9222034104093,0.8970363658363463,0.23936846695075384,1.1599222034104095,0.5131083708080124,0.0808172092054003,1.1737013274107506
WbZt_4000_1000,WbZt,4000,1000,85,160,1.2,1.6,/eos/uscms/store/user/aji/rootfiles_existingOptimization/WbZt_4000_1000_pt160_ak12_ca16_th85.root,ok,,1000,1000,1.0,0.0,0.042,0.0063431853196954605,0.022,0.446,0.271,0.271,0.729,0.014055568291606,1268.2155154148072,965.2935464981308,2038.3797443012327,1.2682155154148071,0.9652935464981309,2.0383797443012326,0.4230693382788797,0.11136165850459678,1.1788908898203605
WbZt_4000_1000,WbZt,4000,1000,85,260,1.0,1.4,/eos/uscms/store/user/aji/rootfiles_existingOptimization/WbZt_4000_1000_pt260_ak10_ca14_th85.root,ok,,1000,1000,1.0,0.0,0.26,0.013870832707519763,0.1445,0.5415,0.331,0.331,0.669,0.014880826589944525,1074.0859854442888,316.8558240758657,1397.3641188620716,1.0740859854442888,0.3168558240758657,1.3973641188620716,0.5029896625730856,0.17027615146456543,1.1793982611175147
WbZt_4000_1000,WbZt,4000,1000,85,280,0.8,1.6,/eos/uscms/store/user/aji/rootfiles_existingOptimization/WbZt_4000_1000_pt280_ak8_ca16_th85.root,ok,,1000,999,0.999,0.0009994998749374613,0.48848848848848847,0.015815106787670636,0.2862862862862863,0.555055055055055,0.3163163163163163,0.316,0.6836836836836837,0.01471314993906886,967.8546191958438,194.69139693781455,1151.052594338475,0.9678546191958438,0.19469139693781454,1.151052594338475,0.4940624234429274,0.26663788480366085,1.1819606452070266
WbZt_4000_1000,WbZt,4000,1000,85,280,1.0,1.6,/eos/uscms/store/user/aji/rootfiles_existingOptimization/WbZt_4000_1000_pt280_ak10_ca16_th85.root,ok,,1000,1000,1.0,0.0,0.302,0.014518815378673288,0.17,0.5335,0.306,0.306,0.694,0.014572714228996602,1053.257734475915,293.47628278224664,1315.8552945351835,1.053257734475915,0.2934762827822467,1.3158552945351834,0.4853413263856339,0.2372663095889967,1.1846670998332254
WbZt_4000_1000,WbZt,4000,1000,85,280,1.2,1.0,/eos/uscms/store/user/aji/rootfiles_existingOptimization/WbZt_4000_1000_pt280_ak12_ca10_th85.root,ok,,1000,1000,1.0,0.0,0.047,0.006692607862410586,0.0295,0.4655,0.302,0.302,0.698,0.01451881537867329,1150.7256293493392,569.8154499945933,1655.9947584339852,1.1507256293493393,0.5698154499945933,1.6559947584339851,0.47195407868579226,0.08369825443351417,1.1850266416207262
WbZt_4000_1000,WbZt,4000,1000,85,200,0.6,1.6,/eos/uscms/store/user/aji/rootfiles_existingOptimization/WbZt_4000_1000_pt200_ak6_ca16_th85.root,ok,,1000,1000,1.0,0.0,0.443,0.015708309902723462,0.252,0.58,0.353,0.353,0.647,0.015112610628213776,915.034077364473,148.53356460067408,1118.5674888432973,0.915034077364473,0.1485335646006741,1.1185674888432973,0.5300534418546267,0.22209816667087223,1.1855500341181795
WbZt_4000_1000,WbZt,4000,1000,85,160,1.2,1.4,/eos/uscms/store/user/aji/rootfiles_existingOptimization/WbZt_4000_1000_pt160_ak12_ca14_th85.root,ok,,1000,1000,1.0,0.0,0.032,0.005565608681896348,0.017,0.439,0.279,0.279,0.721,0.014183053267896867,1277.7425988693456,989.0692339965656,2106.76791622689,1.2777425988693456,0.9890692339965657,2.10676791622689,0.4373723953554332,0.09195589484313108,1.1861466552423678
WbZt_4000_1000,WbZt,4000,1000,85,140,0.4,1.0,/eos/uscms/store/user/aji/rootfiles_existingOptimization/WbZt_4000_1000_pt140_ak4_ca10_th85.root,ok,,1000,1000,1.0,0.0,0.29,0.01434921600645833,0.1605,0.583,0.395,0.395,0.605,0.015458816254810716,897.1082283408377,294.9506861324651,1320.090036993327,0.8971082283408377,0.2949506861324651,1.320090036993327,0.5713576793052116,0.1087334346732288,1.1866468564711279
WbZt_4000_1000,WbZt,4000,1000,85,280,1.0,1.4,/eos/uscms/store/user/aji/rootfiles_existingOptimization/WbZt_4000_1000_pt280_ak10_ca14_th85.root,ok,,1000,1000,1.0,0.0,0.289,0.0143345387090063,0.1635,0.5295,0.312,0.312,0.688,0.014651143300097778,1057.691572155782,297.3450153025587,1340.7230406244096,1.057691572155782,0.29734501530255875,1.3407230406244095,0.49323359133667033,0.19714429295483527,1.1870027485522485
WbZt_4000_1000,WbZt,4000,1000,85,360,0.8,0.6,/eos/uscms/store/user/aji/rootfiles_existingOptimization/WbZt_4000_1000_pt360_ak8_ca6_th85.root,ok,,1000,998,0.998,0.0014127986409959495,0.2535070140280561,0.01377027409909343,0.20490981963927857,0.4924849699398798,0.3026052104208417,0.302,0.6973947895791583,0.014541602850922167,914.111529158791,246.50628665647753,1122.4722722340516,0.9141115291587909,0.24650628665647753,1.1224722722340514,0.47913518079335443,0.1052679073748059,1.1871188174566336
WbZt_4000_1000,WbZt,4000,1000,85,220,0.6,1.4,/eos/uscms/store/user/aji/rootfiles_existingOptimization/WbZt_4000_1000_pt220_ak6_ca14_th85.root,ok,,1000,1000,1.0,0.0,0.466,0.01577479001445027,0.273,0.5685,0.349,0.349,0.651,0.01507312177354114,909.9720805073471,144.60706629711134,1105.178117614022,0.909972080507347,0.14460706629711134,1.105178117614022,0.5278024853143586,0.21459020586576347,1.187805277263624
WbZt_4000_1000,WbZt,4000,1000,85,220,0.6,1.6,/eos/uscms/store/user/aji/rootfiles_existingOptimization/WbZt_4000_1000_pt220_ak6_ca16_th85.root,ok,,1000,1000,1.0,0.0,0.485,0.01580427157448264,0.2825,0.569,0.34,0.34,0.6599999999999999,0.014979986648859205,904.8934884309272,143.65770072146879,1084.0644570293548,0.9048934884309272,0.1436577007214688,1.0840644570293547,0.5196228994522539,0.25829320706488834,1.1891335506091611
WbZt_4000_1000,WbZt,4000,1000,85,200,0.6,1.4,/eos/uscms/store/user/aji/rootfiles_existingOptimization/WbZt_4000_1000_pt200_ak6_ca14_th85.root,ok,,1000,1000,1.0,0.0,0.421,0.015612783224012302,0.241,0.5785,0.363,0.363,0.637,0.015206281596761254,921.0349438071587,152.51873518501012,1156.0211830987023,0.9210349438071588,0.1525187351850101,1.1560211830987024,0.5447689333944533,0.18800408860494244,1.1896654390137376
WbZt_4000_1000,WbZt,4000,1000,85,280,0.8,1.4,/eos/uscms/store/user/aji/rootfiles_existingOptimization/WbZt_4000_1000_pt280_ak8_ca14_th85.root,ok,,1000,999,0.999,0.0009994998749374613,0.47847847847847846,0.01580463889882084,0.28128128128128127,0.545045045045045,0.31431431431431434,0.314,0.6856856856856857,0.014687973403234732,973.8256830052284,195.5751011049799,1170.7101125565418,0.9738256830052283,0.1955751011049799,1.1707101125565418,0.5006722601740657,0.23461319016132448,1.1899753775592283
WbZt_4000_1000,WbZt,4000,1000,85,380,1.0,0.8,/eos/uscms/store/user/aji/rootfiles_existingOptimization/WbZt_4000_1000_pt380_ak10_ca8_th85.root,ok,,1000,998,0.998,0.0014127986409959495,0.17835671342685372,0.012117725642707411,0.1312625250501002,0.4729458917835671,0.2925851703406814,0.292,0.7074148296593186,0.014401176208552392,977.0194195145839,325.98339481101766,1261.5689173031672,0.9770194195145839,0.3259833948110176,1.2615689173031672,0.4787957658799556,0.11677812565300835,1.1905086535878158
WbZt_4000_1000,WbZt,4000,1000,85,220,1.2,1.2,/eos/uscms/store/user/aji/rootfiles_existingOptimization/WbZt_4000_1000_pt220_ak12_ca12_th85.root,ok,,1000,1000,1.0,0.0,0.059,0.007451107300260815,0.032,0.4605,0.286,0.286,0.714,0.014289996501049257,1194.029919297654,673.278634624559,1767.0529253312288,1.194029919297654,0.673278634624559,1.7670529253312288,0.4580179579377894,0.10993270202320596,1.1914209498675548
WbZt_4000_1000,WbZt,4000,1000,85,160,1.2,1.2,/eos/uscms/store/user/aji/rootfiles_existingOptimization/WbZt_4000_1000_pt160_ak12_ca12_th85.root,ok,,1000,1000,1.0,0.0,0.03,0.005394441583704471,0.016,0.4295,0.285,0.285,0.7150000000000001,0.01427497810856465,1290.7079865151868,1002.7771337207386,2158.4880608711837,1.290707986515187,1.0027771337207385,2.158488060871184,0.44770425968726535,0.0760171091915312,1.1917750583387843
WbZt_4000_1000,WbZt,4000,1000,85,220,1.0,1.0,/eos/uscms/store/user/aji/rootfiles_existingOptimization/WbZt_4000_1000_pt220_ak10_ca10_th85.root,ok,,1000,1000,1.0,0.0,0.169,0.011850696182081457,0.0925,0.521,0.351,0.351,0.649,0.015093011627902497,1123.1136618295593,489.63514694228115,1683.573681754023,1.1231136618295592,0.48963514694228116,1.683573681754023,0.5315305900859617,0.08736768865009711,1.1928419562689176
WbZt_4000_1000,WbZt,4000,1000,85,220,0.8,1.2,/eos/uscms/store/user/aji/rootfiles_existingOptimization/WbZt_4000_1000_pt220_ak8_ca12_th85.root,ok,,1000,1000,1.0,0.0,0.341,0.01499063040702425,0.19,0.5795,0.385,0.385,0.615,0.015387494922826133,1004.9151447961774,240.41134803553592,1401.0120506970761,1.0049151447961775,0.2404113480355359,1.401012050697076,0.5774620417811196,0.1241755318626162,1.1929535562607372
WbZt_4000_1000,WbZt,4000,1000,85,200,0.8,0.8,/eos/uscms/store/user/aji/rootfiles_existingOptimization/WbZt_4000_1000_pt200_ak8_ca8_th85.root,ok,,1000,1000,1.0,0.0,0.265,0.013956181426163821,0.1465,0.5585,0.392,0.392,0.608,0.015438134602341048,1032.9117733833648,371.3956733135591,1581.204106569392,1.0329117733833648,0.3713956733135591,1.5812041065693923,0.5856300917613867,0.08228428777553526,1.196921269099723
WbZt_4000_1000,WbZt,4000,1000,85,400,1.4,1.4,/eos/uscms/store/user/aji/rootfiles_existingOptimization/WbZt_4000_1000_pt400_ak14_ca14_th85.root,ok,,1000,998,0.998,0.0014127986409959495,0.023046092184368736,0.0047497463089513645,0.013527054108216433,0.46593186372745493,0.2625250501002004,0.262,0.7374749498997997,0.013928159800956104,1045.7675988478659,516.099869392518,1465.8620388853922,1.0457675988478659,0.516099869392518,1.465862038885392,0.4540981048462574,0.19521707538300548,1.1981498146308436
WbZt_4000_1000,WbZt,4000,1000,85,220,1.2,1.4,/eos/uscms/store/user/aji/rootfiles_existingOptimization/WbZt_4000_1000_pt220_ak12_ca14_th85.root,ok,,1000,1000,1.0,0.0,0.062,0.007626008130076967,0.0335,0.4665,0.279,0.279,0.721,0.014183053267896867,1184.0847332570024,633.9416212857608,1722.0722386913176,1.1840847332570024,0.6339416212857608,1.7220722386913174,0.4594817359111161,0.13115035861899682,1.1988902092368163
WbZt_4000_1000,WbZt,4000,1000,85,300,1.6,1.6,/eos/uscms/store/user/aji/rootfiles_existingOptimization/WbZt_4000_1000_pt300_ak16_ca16_th85.root,ok,,1000,1000,1.0,0.0,0.004,0.001995995991979944,0.0025,0.469,0.261,0.261,0.739,0.013888088421377507,1220.1248999856161,775.5183564783133,1845.6521581464322,1.2201248999856162,0.7755183564783132,1.845652158146432,0.43853453104708146,0.1473563270336593,1.1995470210456431
WbZt_4000_1000,WbZt,4000,1000,85,220,1.2,1.6,/eos/uscms/store/user/aji/rootfiles_existingOptimization/WbZt_4000_1000_pt220_ak12_ca16_th85.root,ok,,1000,1000,1.0,0.0,0.072,0.008174105455644672,0.0385,0.472,0.273,0.273,0.727,0.014087973594523805,1171.9925285616234,608.0401560542156,1675.9612329020551,1.1719925285616235,0.6080401560542156,1.6759612329020552,0.4556006334607313,0.15078077991159627,1.1997998863168937
WbZt_4000_1000,WbZt,4000,1000,85,300,1.0,1.6,/eos/uscms/store/user/aji/rootfiles_existingOptimization/WbZt_4000_1000_pt300_ak10_ca16_th85.root,ok,,1000,999,0.999,0.0009994998749374613,0.32932932932932935,0.014869183393435266,0.1916916916916917,0.517017017017017,0.28428428428428426,0.284,0.7157157157157157,0.014271313898644729,1038.755312655283,279.742457841928,1279.3540785998146,1.0387553126552829,0.27974245784192797,1.2793540785998143,0.4811583674131414,0.2715546312007725,1.2017496143943855
WbZt_4000_1000,WbZt,4000,1000,85,300,0.6,0.4,/eos/uscms/store/user/aji/rootfiles_existingOptimization/WbZt_4000_1000_pt300_ak6_ca4_th85.root,ok,,1000,998,0.998,0.0014127986409959495,0.2565130260521042,0.013823758030646964,0.2154308617234469,0.5120240480961924,0.33567134268537074,0.335,0.6643286573146292,0.014948009176537685,876.7186926103115,185.03968861718457,1102.756667289754,0.8767186926103114,0.18503968861718456,1.102756667289754,0.5233816652980166,0.08536883673057544,1.2020384533516146
WbZt_4000_1000,WbZt,4000,1000,85,340,1.4,1.4,/eos/uscms/store/user/aji/rootfiles_existingOptimization/WbZt_4000_1000_pt340_ak14_ca14_th85.root,ok,,1000,1000,1.0,0.0,0.021,0.004534203347888138,0.0125,0.4645,0.262,0.262,0.738,0.013905250806799567,1094.462391700101,549.6855896253109,1546.9137730117602,1.094462391700101,0.5496855896253109,1.5469137730117601,0.45557900890380915,0.18487250875439837,1.2030252480738193
WbZt_4000_1000,WbZt,4000,1000,85,380,1.4,1.4,/eos/uscms/store/user/aji/rootfiles_existingOptimization/WbZt_4000_1000_pt380_ak14_ca14_th85.root,ok,,1000,1000,1.0,0.0,0.025,0.0049371044145328745,0.0155,0.464,0.259,0.259,0.741,0.013853483316480371,1060.1202902240593,522.3132768355401,1490.8224327766836,1.0601202902240594,0.5223132768355402,1.4908224327766835,0.4567921041000197,0.19124136438655515,1.2038041331224256
WbZt_4000_1000,WbZt,4000,1000,85,200,1.4,1.2,/eos/uscms/store/user/aji/rootfiles_existingOptimization/WbZt_4000_1000_pt200_ak14_ca12_th85.root,ok,,1000,1000,1.0,0.0,0.006,0.002442130217658346,0.003,0.405,0.279,0.279,0.721,0.014183053267896867,1333.080828650251,988.0196620205992,2189.590268188847,1.3330808286502511,0.9880196620205992,2.1895902681888466,0.4506743253463639,0.05881136825626208,1.204982408211389
WbZt_4000_1000,WbZt,4000,1000,85,400,1.4,1.6,/eos/uscms/store/user/aji/rootfiles_existingOptimization/WbZt_4000_1000_pt400_ak14_ca16_th85.root,ok,,1000,998,0.998,0.0014127986409959495,0.025050100200400802,0.004946871309409048,0.014529058116232466,0.46442885771543085,0.2545090180360721,0.254,0.7454909819639279,0.013788198090670207,1041.1774894804612,499.8539843511005,1444.0251449379195,1.041177489480461,0.49985398435110057,1.4440251449379196,0.4534150853846987,0.2125985243106185,1.2050238162966727
WbZt_4000_1000,WbZt,4000,1000,85,360,1.4,1.4,/eos/uscms/store/user/aji/rootfiles_existingOptimization/WbZt_4000_1000_pt360_ak14_ca14_th85.root,ok,,1000,1000,1.0,0.0,0.022,0.0046385342512479085,0.013,0.465,0.258,0.258,0.742,0.013836039895866157,1078.6284667381174,538.2380108892661,1521.9816093540542,1.0786284667381174,0.5382380108892661,1.5219816093540541,0.45601596323511145,0.19124136438655515,1.2058788099089233
WbZt_4000_1000,WbZt,4000,1000,85,240,1.0,1.2,/eos/uscms/store/user/aji/rootfiles_existingOptimization/WbZt_4000_1000_pt240_ak10_ca12_th85.root,ok,,1000,1000,1.0,0.0,0.222,0.013142145943490356,0.121,0.537,0.349,0.349,0.651,0.01507312177354114,1094.748982934791,360.5699921338485,1556.1902923327016,1.094748982934791,0.36056999213384844,1.5561902923327016,0.5460705233969012,0.1152849760153949,1.2065454216903804
WbZt_4000_1000,WbZt,4000,1000,85,240,0.6,1.4,/eos/uscms/store/user/aji/rootfiles_existingOptimization/WbZt_4000_1000_pt240_ak6_ca14_th85.root,ok,,1000,999,0.999,0.0009994998749374613,0.5085085085085085,0.015817009295882287,0.3013013013013013,0.5505505505505506,0.32232232232232233,0.322,0.6776776776776776,0.01478679451900291,898.5073414989374,140.52244554365998,1071.077936536585,0.8985073414989375,0.14052244554366,1.071077936536585,0.517834105529134,0.2615591696460416,1.2066610490569176
WbZt_4000_1000,WbZt,4000,1000,85,240,0.8,1.2,/eos/uscms/store/user/aji/rootfiles_existingOptimization/WbZt_4000_1000_pt240_ak8_ca12_th85.root,ok,,1000,1000,1.0,0.0,0.383,0.015372410351015223,0.216,0.5665,0.359,0.359,0.641,0.01516967369457893,997.2884774235719,218.62696021974796,1346.857239924314,0.9972884774235719,0.21862696021974795,1.346857239924314,0.5656489096411068,0.13788078553874775,1.2069200618987497
WbZt_4000_1000,WbZt,4000,1000,85,320,1.4,1.4,/eos/uscms/store/user/aji/rootfiles_existingOptimization/WbZt_4000_1000_pt320_ak14_ca14_th85.root,ok,,1000,1000,1.0,0.0,0.02,0.004427188724235731,0.012,0.4625,0.265,0.265,0.735,0.013956181426163821,1113.0493674158963,565.4490472543391,1591.2866930539803,1.1130493674158963,0.5654490472543392,1.5912866930539804,0.4608230667168296,0.17997869543446193,1.2071280034584193
WbZt_4000_1000,WbZt,4000,1000,85,380,1.4,1.6,/eos/uscms/store/user/aji/rootfiles_existingOptimization/WbZt_4000_1000_pt380_ak14_ca16_th85.root,ok,,1000,1000,1.0,0.0,0.027,0.00512552436341883,0.0165,0.462,0.251,0.251,0.749,0.013711272734505722,1058.3938693415143,509.26637305587366,1467.6232420654703,1.0583938693415145,0.5092663730558736,1.4676232420654702,0.4527411282181007,0.20905390125639084,1.207580515152252
WbZt_4000_1000,WbZt,4000,1000,85,340,1.4,1.6,/eos/uscms/store/user/aji/rootfiles_existingOptimization/WbZt_4000_1000_pt340_ak14_ca16_th85.root,ok,,1000,1000,1.0,0.0,0.023,0.004740358636221525,0.0135,0.4625,0.254,0.254,0.746,0.013765318739498916,1091.140781597166,538.7016013993381,1527.7729653078547,1.091140781597166,0.538701601399338,1.527772965307855,0.4532281171182859,0.20522801966653728,1.2083421952780027
WbZt_4000_1000,WbZt,4000,1000,85,260,0.8,1.2,/eos/uscms/store/user/aji/rootfiles_existingOptimization/WbZt_4000_1000_pt260_ak8_ca12_th85.root,ok,,1000,999,0.999,0.0009994998749374613,0.4314314314314314,0.01566984030868717,0.24624624624624625,0.5520520520520521,0.32932932932932935,0.329,0.6706706706706707,0.014869183393435266,985.1320417647528,204.8174353671155,1259.7462642925714,0.9851320417647529,0.2048174353671155,1.2597462642925714,0.5354250923742516,0.18586444388330375,1.208582558868447
WbZt_4000_1000,WbZt,4000,1000,85,320,1.4,1.6,/eos/uscms/store/user/aji/rootfiles_existingOptimization/WbZt_4000_1000_pt320_ak14_ca16_th85.root,ok,,1000,1000,1.0,0.0,0.023,0.004740358636221525,0.0135,0.4605,0.257,0.257,0.743,0.013818502089589886,1108.3889089748354,553.4840389756228,1561.9395101334253,1.1083889089748356,0.5534840389756227,1.5619395101334252,0.45491950658841274,0.20045601308826277,1.2087583974858962
WbZt_4000_1000,WbZt,4000,1000,85,240,0.6,1.6,/eos/uscms/store/user/aji/rootfiles_existingOptimization/WbZt_4000_1000_pt240_ak6_ca16_th85.root,ok,,1000,999,0.999,0.0009994998749374613,0.5225225225225225,0.015803242656419605,0.3083083083083083,0.5530530530530531,0.3173173173173173,0.317,0.6826826826826826,0.014725619896262008,892.3876085119302,139.7608223798735,1057.9695024764744,0.8923876085119302,0.1397608223798735,1.0579695024764744,0.5144674081858486,0.2937965023701892,1.208911330017338
WbZt_4000_1000,WbZt,4000,1000,85,360,1.4,1.6,/eos/uscms/store/user/aji/rootfiles_existingOptimization/WbZt_4000_1000_pt360_ak14_ca16_th85.root,ok,,1000,1000,1.0,0.0,0.025,0.0049371044145328745,0.0145,0.463,0.251,0.251,0.749,0.013711272734505722,1076.9621371823307,528.3600127212217,1503.813776370779,1.0769621371823308,0.5283600127212216,1.503813776370779,0.45287282160246095,0.20859278435329395,1.209569035320694
WbZt_4000_1000,WbZt,4000,1000,85,140,0.4,1.4,/eos/uscms/store/user/aji/rootfiles_existingOptimization/WbZt_4000_1000_pt140_ak4_ca14_th85.root,ok,,1000,1000,1.0,0.0,0.319,0.014739029818817792,0.175,0.5925,0.383,0.383,0.617,0.015372410351015223,877.0805816345809,159.47863703832806,1177.6358373014,0.8770805816345808,0.15947863703832804,1.1776358373014,0.5804239779003955,0.16278101649130997,1.2097159197369374
WbZt_4000_1000,WbZt,4000,1000,85,300,1.0,1.4,/eos/uscms/store/user/aji/rootfiles_existingOptimization/WbZt_4000_1000_pt300_ak10_ca14_th85.root,ok,,1000,999,0.999,0.0009994998749374613,0.31931931931931934,0.01475032418940202,0.1866866866866867,0.5105105105105106,0.2862862862862863,0.286,0.7137137137137137,0.014301432779628866,1040.9216047894074,282.1154761055446,1304.9401669566196,1.0409216047894074,0.2821154761055446,1.3049401669566196,0.4913072637482658,0.2199109442787939,1.2101131379409202
WbZt_4000_1000,WbZt,4000,1000,85,180,0.6,1.2,/eos/uscms/store/user/aji/rootfiles_existingOptimization/WbZt_4000_1000_pt180_ak6_ca12_th85.root,ok,,1000,1000,1.0,0.0,0.341,0.01499063040702425,0.192,0.589,0.398,0.398,0.602,0.015478888849009803,937.2332874675201,177.6435153533343,1307.1657041180636,0.93723328746752,0.17764351535333428,1.3071657041180638,0.602583264950389,0.129686630280476,1.210859936203637
WbZt_4000_1000,WbZt,4000,1000,85,280,1.6,1.6,/eos/uscms/store/user/aji/rootfiles_existingOptimization/WbZt_4000_1000_pt280_ak16_ca16_th85.root,ok,,1000,1000,1.0,0.0,0.004,0.001995995991979944,0.0025,0.461,0.259,0.259,0.741,0.013853483316480371,1240.5579828334548,808.6613312531962,1915.4140498430818,1.2405579828334548,0.8086613312531962,1.9154140498430818,0.44607053193194734,0.1405081677602066,1.2111263302152928
WbZt_4000_1000,WbZt,4000,1000,85,240,1.6,1.4,/eos/uscms/store/user/aji/rootfiles_existingOptimization/WbZt_4000_1000_pt240_ak16_ca14_th85.root,ok,,1000,1000,1.0,0.0,0.002,0.0014127986409959489,0.001,0.4185,0.268,0.268,0.732,0.014006284303840188,1310.598195375993,977.1269904357024,2153.481684233707,1.310598195375993,0.9771269904357024,2.153481684233707,0.4487854088111741,0.07853117433383286,1.2118452283487735
WbZt_4000_1000,WbZt,4000,1000,85,140,0.4,1.2,/eos/uscms/store/user/aji/rootfiles_existingOptimization/WbZt_4000_1000_pt140_ak4_ca12_th85.root,ok,,1000,1000,1.0,0.0,0.301,0.014505137021069467,0.166,0.5925,0.393,0.393,0.607,0.015445096309184997,885.7154392255937,187.42946920402574,1239.697564285237,0.8857154392255937,0.18742946920402573,1.239697564285237,0.5940215381145661,0.1349976404217348,1.2124499941920068
WbZt_4000_1000,WbZt,4000,1000,85,300,1.4,1.6,/eos/uscms/store/user/aji/rootfiles_existingOptimization/WbZt_4000_1000_pt300_ak14_ca16_th85.root,ok,,1000,1000,1.0,0.0,0.022,0.0046385342512479085,0.0125,0.4565,0.258,0.258,0.742,0.013836039895866157,1130.9076284392304,577.4636561726708,1612.3885306874088,1.1309076284392305,0.5774636561726708,1.6123885306874088,0.45756384009145,0.19163742355031896,1.212654602935373
WbZt_4000_1000,WbZt,4000,1000,85,300,1.2,1.0,/eos/uscms/store/user/aji/rootfiles_existingOptimization/WbZt_4000_1000_pt300_ak12_ca10_th85.root,ok,,1000,1000,1.0,0.0,0.055,0.00720936890441875,0.0355,0.4635,0.293,0.293,0.7070000000000001,0.014392741226048635,1121.788696823114,515.4359431393182,1625.6305157426036,1.1217886968231139,0.5154359431393182,1.6256305157426039,0.49483230475905904,0.10082079722548978,1.2140111744413704
WbZt_4000_1000,WbZt,4000,1000,85,140,0.4,1.6,/eos/uscms/store/user/aji/rootfiles_existingOptimization/WbZt_4000_1000_pt140_ak4_ca16_th85.root,ok,,1000,1000,1.0,0.0,0.345,0.015032464867745409,0.188,0.592,0.367,0.367,0.633,0.015241751867813621,872.5356596465753,136.4715419202908,1128.86805491592,0.8725356596465752,0.13647154192029082,1.1288680549159202,0.568685360892645,0.19558723250801663,1.2144317949279875
WbZt_4000_1000,WbZt,4000,1000,85,200,0.8,1.0,/eos/uscms/store/user/aji/rootfiles_existingOptimization/WbZt_4000_1000_pt200_ak8_ca10_th85.root,ok,,1000,1000,1.0,0.0,0.286,0.014289996501049255,0.157,0.566,0.393,0.393,0.607,0.015445096309184997,1027.3973014098103,309.29193557253313,1554.1236062775624,1.0273973014098101,0.30929193557253315,1.5541236062775625,0.6058180554868368,0.08988092608265374,1.215557785627818
WbZt_4000_1000,WbZt,4000,1000,85,240,1.4,1.4,/eos/uscms/store/user/aji/rootfiles_existingOptimization/WbZt_4000_1000_pt240_ak14_ca14_th85.root,ok,,1000,1000,1.0,0.0,0.015,0.003843826218756514,0.0075,0.4495,0.266,0.266,0.734,0.013972973913952606,1208.5641549333218,754.0793641475284,1872.1029896593543,1.2085641549333217,0.7540793641475284,1.8721029896593542,0.4625421087279843,0.1275235962343505,1.2173985242213163
WbZt_4000_1000,WbZt,4000,1000,85,300,0.8,1.6,/eos/uscms/store/user/aji/rootfiles_existingOptimization/WbZt_4000_1000_pt300_ak8_ca16_th85.root,ok,,1000,998,0.998,0.0014127986409959495,0.5340681362725451,0.01579044135441596,0.31713426853707416,0.5290581162324649,0.2845691382765531,0.284,0.7154308617234468,0.014282770700913843,954.7276277467922,188.6988225293453,1135.1476301528153,0.9547276277467923,0.18869882252934533,1.1351476301528152,0.4956643026331704,0.33188987545511694,1.2176224015819381
WbZt_4000_1000,WbZt,4000,1000,85,300,1.4,1.4,/eos/uscms/store/user/aji/rootfiles_existingOptimization/WbZt_4000_1000_pt300_ak14_ca14_th85.root,ok,,1000,1000,1.0,0.0,0.019,0.004317290817167636,0.011,0.46,0.267,0.267,0.733,0.013989674763910703,1134.5102054704485,590.4287925518272,1659.8133010257725,1.1345102054704486,0.5904287925518272,1.6598133010257725,0.4712978796125075,0.17264655133580087,1.2177489001595523
WbZt_4000_1000,WbZt,4000,1000,85,280,1.4,1.6,/eos/uscms/store/user/aji/rootfiles_existingOptimization/WbZt_4000_1000_pt280_ak14_ca16_th85.root,ok,,1000,1000,1.0,0.0,0.021,0.004534203347888138,0.0115,0.459,0.261,0.261,0.739,0.013888088421377507,1148.8928630050877,605.7320656064686,1678.619953281666,1.1488928630050876,0.6057320656064686,1.6786199532816661,0.46692251393611733,0.17985666725263383,1.2208118002366262
WbZt_4000_1000,WbZt,4000,1000,85,300,0.8,1.4,/eos/uscms/store/user/aji/rootfiles_existingOptimization/WbZt_4000_1000_pt300_ak8_ca14_th85.root,ok,,1000,998,0.998,0.0014127986409959495,0.5260521042084169,0.015805724587179333,0.31312625250501,0.5220440881763527,0.28256513026052105,0.282,0.717434869739479,0.014252309780858502,958.35547375963,189.04844514537993,1150.5504309858968,0.9583554737596299,0.18904844514537994,1.150550430985897,0.5016416205505371,0.28467608000913935,1.2252409429140532
WbZt_4000_1000,WbZt,4000,1000,85,280,1.4,1.4,/eos/uscms/store/user/aji/rootfiles_existingOptimization/WbZt_4000_1000_pt280_ak14_ca14_th85.root,ok,,1000,1000,1.0,0.0,0.018,0.004204283529925164,0.01,0.461,0.269,0.269,0.731,0.014022802858202064,1152.919148624339,620.7141683796905,1725.2720433956777,1.1529191486243389,0.6207141683796905,1.7252720433956779,0.47902659797694574,0.1562563360805665,1.2253185128393795
WbZt_4000_1000,WbZt,4000,1000,85,160,0.4,1.6,/eos/uscms/store/user/aji/rootfiles_existingOptimization/WbZt_4000_1000_pt160_ak4_ca16_th85.root,ok,,1000,999,0.999,0.0009994998749374613,0.4004004004004004,0.015502265640853889,0.22172172172172172,0.5785785785785785,0.34934934934934936,0.349,0.6506506506506506,0.015084161009877466,850.7240272986327,115.53282520744767,1066.5404275292963,0.8507240272986327,0.11553282520744766,1.0665404275292962,0.558940133230781,0.2193380054258904,1.2255183811515682
WbZt_4000_1000,WbZt,4000,1000,85,260,1.0,1.2,/eos/uscms/store/user/aji/rootfiles_existingOptimization/WbZt_4000_1000_pt260_ak10_ca12_th85.root,ok,,1000,1000,1.0,0.0,0.251,0.013711272734505722,0.14,0.5215,0.322,0.322,0.6779999999999999,0.014775520295407536,1081.0344264809805,324.65507390854935,1492.118685515475,1.0810344264809806,0.32465507390854936,1.4921186855154747,0.5399752232717009,0.14606563383615911,1.2260786659197989
WbZt_4000_1000,WbZt,4000,1000,85,160,0.4,1.4,/eos/uscms/store/user/aji/rootfiles_existingOptimization/WbZt_4000_1000_pt160_ak4_ca14_th85.root,ok,,1000,999,0.999,0.0009994998749374613,0.37737737737737737,0.015336195464079817,0.21021021021021022,0.5815815815815816,0.36036036036036034,0.36,0.6396396396396397,0.015189848667575837,859.4668332519166,119.69765795299064,1104.5464872452606,0.8594668332519166,0.11969765795299064,1.1045464872452606,0.572941730378328,0.19195052923062467,1.227634686692776
WbZt_4000_1000,WbZt,4000,1000,85,320,1.0,1.6,/eos/uscms/store/user/aji/rootfiles_existingOptimization/WbZt_4000_1000_pt320_ak10_ca16_th85.root,ok,,1000,999,0.999,0.0009994998749374613,0.35835835835835833,0.015171282515536615,0.2122122122122122,0.4904904904904905,0.25825825825825827,0.258,0.7417417417417418,0.01384747930067605,1025.8622518784737,268.89662146914645,1259.6223050066494,1.0258622518784737,0.26889662146914645,1.2596223050066493,0.482874616803264,0.2901369559068312,1.2282025837328532
WbZt_4000_1000,WbZt,4000,1000,85,220,0.6,1.2,/eos/uscms/store/user/aji/rootfiles_existingOptimization/WbZt_4000_1000_pt220_ak6_ca12_th85.root,ok,,1000,1000,1.0,0.0,0.456,0.015750047618975634,0.268,0.5555,0.341,0.341,0.659,0.014990630407024249,918.3295306416021,146.00199452471733,1177.3390964263915,0.9183295306416022,0.14600199452471735,1.1773390964263915,0.5615288779732031,0.17909157883816373,1.2286959249090428
WbZt_4000_1000,WbZt,4000,1000,85,220,1.4,1.4,/eos/uscms/store/user/aji/rootfiles_existingOptimization/WbZt_4000_1000_pt220_ak14_ca14_th85.root,ok,,1000,1000,1.0,0.0,0.014,0.003715373467095872,0.007,0.4325,0.256,0.256,0.744,0.013800869537822608,1244.6075577060292,824.5342084092042,1972.1927359553176,1.2446075577060294,0.8245342084092042,1.9721927359553175,0.46105236965674323,0.11766314524969251,1.2295131254273461
WbZt_4000_1000,WbZt,4000,1000,85,240,1.2,1.2,/eos/uscms/store/user/aji/rootfiles_existingOptimization/WbZt_4000_1000_pt240_ak12_ca12_th85.root,ok,,1000,1000,1.0,0.0,0.071,0.008121514637061242,0.039,0.4555,0.269,0.269,0.731,0.014022802858202064,1175.7103252918419,571.1458662425231,1703.4849009473148,1.1757103252918417,0.5711458662425231,1.703484900947315,0.481555282090304,0.12239465093350382,1.230126314619488
WbZt_4000_1000,WbZt,4000,1000,85,280,0.8,1.2,/eos/uscms/store/user/aji/rootfiles_existingOptimization/WbZt_4000_1000_pt280_ak8_ca12_th85.root,ok,,1000,999,0.999,0.0009994998749374613,0.47147147147147145,0.015793529010915058,0.2777777777777778,0.5280280280280281,0.3003003003003003,0.3,0.6996996996996997,0.014502770780100949,976.9321020440489,196.5916508375117,1226.679406694406,0.9769321020440489,0.1965916508375117,1.226679406694406,0.5272053982572725,0.20997833880385797,1.2302118877525672
WbZt_4000_1000,WbZt,4000,1000,85,320,1.0,1.4,/eos/uscms/store/user/aji/rootfiles_existingOptimization/WbZt_4000_1000_pt320_ak10_ca14_th85.root,ok,,1000,999,0.999,0.0009994998749374613,0.34934934934934936,0.015084161009877466,0.20770770770770772,0.48598598598598597,0.2602602602602603,0.26,0.7397397397397397,0.013882275561459156,1029.8202010493005,271.2053189322659,1273.5090789584635,1.0298202010493007,0.27120531893226596,1.2735090789584633,0.4866401722382867,0.27469036449348216,1.2303619320829564
WbZt_4000_1000,WbZt,4000,1000,85,240,1.4,1.6,/eos/uscms/store/user/aji/rootfiles_existingOptimization/WbZt_4000_1000_pt240_ak14_ca16_th85.root,ok,,1000,1000,1.0,0.0,0.017,0.004087909000944126,0.0085,0.4485,0.256,0.256,0.744,0.013800869537822608,1204.0859708875362,718.7403707902673,1843.0667001294103,1.2040859708875362,0.7187403707902673,1.8430667001294103,0.46687959021331255,0.14939594619931115,1.2312881873020662
WbZt_4000_1000,WbZt,4000,1000,85,280,1.0,1.2,/eos/uscms/store/user/aji/rootfiles_existingOptimization/WbZt_4000_1000_pt280_ak10_ca12_th85.root,ok,,1000,1000,1.0,0.0,0.282,0.014229406171727617,0.16,0.5075,0.299,0.299,0.7010000000000001,0.014477534320456642,1065.09424063487,302.2236962840998,1421.0839088374341,1.0650942406348698,0.3022236962840998,1.4210839088374343,0.5252400068778967,0.17541912826938622,1.2327494309413838
WbZt_4000_1000,WbZt,4000,1000,85,380,0.8,0.6,/eos/uscms/store/user/aji/rootfiles_existingOptimization/WbZt_4000_1000_pt380_ak8_ca6_th85.root,ok,,1000,998,0.998,0.0014127986409959495,0.281563126252505,0.01423694888712642,0.23296593186372747,0.47044088176352705,0.27955911823647295,0.279,0.720440881763527,0.014205964821875331,879.3860576431279,228.8869551511677,1105.2432247379675,0.8793860576431278,0.2288869551511677,1.1052432247379675,0.49827732767082517,0.11463239471732825,1.2327796036700394
WbZt_4000_1000,WbZt,4000,1000,85,240,1.2,1.4,/eos/uscms/store/user/aji/rootfiles_existingOptimization/WbZt_4000_1000_pt240_ak12_ca14_th85.root,ok,,1000,1000,1.0,0.0,0.074,0.00827792244467173,0.0405,0.4615,0.265,0.265,0.735,0.013956181426163821,1163.4998145568823,545.9218464181967,1666.8806399855762,1.1634998145568822,0.5459218464181966,1.666880639985576,0.4817185097680034,0.14402154680121296,1.2330684912236916
WbZt_4000_1000,WbZt,4000,1000,85,220,1.4,1.6,/eos/uscms/store/user/aji/rootfiles_existingOptimization/WbZt_4000_1000_pt220_ak14_ca16_th85.root,ok,,1000,1000,1.0,0.0,0.016,0.003967870965643918,0.008,0.434,0.248,0.248,0.752,0.01365635383255721,1233.8367508016267,796.4518326880603,1927.374239870716,1.2338367508016268,0.7964518326880604,1.9273742398707163,0.4582949918001279,0.13850126615022695,1.2336786668802906
WbZt_4000_1000,WbZt,4000,1000,85,320,1.2,1.0,/eos/uscms/store/user/aji/rootfiles_existingOptimization/WbZt_4000_1000_pt320_ak12_ca10_th85.root,ok,,1000,1000,1.0,0.0,0.062,0.007626008130076967,0.041,0.451,0.28,0.28,0.72,0.014198591479439079,1097.722276400166,471.79142846345,1578.5879716941017,1.097722276400166,0.47179142846345,1.5785879716941018,0.504133225236279,0.11091070383834706,1.2339054528762956
WbZt_4000_1000,WbZt,4000,1000,85,240,1.2,1.6,/eos/uscms/store/user/aji/rootfiles_existingOptimization/WbZt_4000_1000_pt240_ak12_ca16_th85.root,ok,,1000,1000,1.0,0.0,0.083,0.008724161850859944,0.045,0.4655,0.257,0.257,0.743,0.013818502089589886,1154.1855593367127,510.11377682038153,1611.6772908024282,1.1541855593367125,0.5101137768203816,1.6116772908024282,0.4772038192087125,0.172477312998306,1.2356223751423838
WbZt_4000_1000,WbZt,4000,1000,85,260,1.4,1.6,/eos/uscms/store/user/aji/rootfiles_existingOptimization/WbZt_4000_1000_pt260_ak14_ca16_th85.root,ok,,1000,1000,1.0,0.0,0.019,0.004317290817167636,0.01,0.453,0.255,0.255,0.745,0.013783141876945184,1173.9018216532086,640.5713898003979,1753.0616303714944,1.1739018216532084,0.640571389800398,1.7530616303714945,0.47384296542123694,0.16185362716187118,1.2362331475865578
WbZt_4000_1000,WbZt,4000,1000,85,260,1.6,1.6,/eos/uscms/store/user/aji/rootfiles_existingOptimization/WbZt_4000_1000_pt260_ak16_ca16_th85.root,ok,,1000,1000,1.0,0.0,0.004,0.001995995991979944,0.002,0.4485,0.251,0.251,0.749,0.013711272734505722,1257.554012430006,848.5921866194218,2009.9738249860598,1.2575540124300062,0.8485921866194218,2.0099738249860595,0.46176212985177,0.12891156890528033,1.2365175310947705
WbZt_4000_1000,WbZt,4000,1000,85,320,0.8,1.4,/eos/uscms/store/user/aji/rootfiles_existingOptimization/WbZt_4000_1000_pt320_ak8_ca14_th85.root,ok,,1000,998,0.998,0.0014127986409959495,0.5511022044088176,0.0157443429005882,0.3376753507014028,0.5045090180360722,0.2695390781563126,0.269,0.7304609218436874,0.014045722770981789,943.4814948857502,184.88111648620915,1125.5925708569116,0.9434814948857502,0.18488111648620917,1.1255925708569114,0.49853201121057317,0.28467608000913935,1.2366447835656855
WbZt_4000_1000,WbZt,4000,1000,85,320,0.8,1.6,/eos/uscms/store/user/aji/rootfiles_existingOptimization/WbZt_4000_1000_pt320_ak8_ca16_th85.root,ok,,1000,998,0.998,0.0014127986409959495,0.5621242484969939,0.015704580396800255,0.34318637274549096,0.5110220440881763,0.2695390781563126,0.269,0.7304609218436874,0.014045722770981789,938.1389899372523,184.54949172315244,1119.2267998661885,0.9381389899372523,0.18454949172315244,1.1192267998661884,0.4981550272233926,0.33188987545511694,1.2368020500733548
WbZt_4000_1000,WbZt,4000,1000,85,320,0.6,0.4,/eos/uscms/store/user/aji/rootfiles_existingOptimization/WbZt_4000_1000_pt320_ak6_ca4_th85.root,ok,,1000,998,0.998,0.0014127986409959495,0.2835671342685371,0.01426758362569847,0.24298597194388777,0.49749498997995995,0.3166332665330661,0.316,0.6833667334669339,0.0147244783126883,848.7527252585904,158.67578325648472,1069.9200833470077,0.8487527252585905,0.1586757832564847,1.0699200833470077,0.5368137697660371,0.10455464971063202,1.237305230707112
WbZt_4000_1000,WbZt,4000,1000,85,400,1.0,0.8,/eos/uscms/store/user/aji/rootfiles_existingOptimization/WbZt_4000_1000_pt400_ak10_ca8_th85.root,ok,,1000,998,0.998,0.0014127986409959495,0.20140280561122245,0.01269496118868881,0.15280561122244488,0.4483967935871743,0.2685370741482966,0.268,0.7314629258517034,0.014029203507622429,931.6905675209291,305.8042977961229,1232.3662323656956,0.931690567520929,0.3058042977961229,1.2323662323656956,0.4972476736750686,0.12156890413542537,1.237541542774679
WbZt_4000_1000,WbZt,4000,1000,85,260,1.4,1.4,/eos/uscms/store/user/aji/rootfiles_existingOptimization/WbZt_4000_1000_pt260_ak14_ca14_th85.root,ok,,1000,1000,1.0,0.0,0.016,0.003967870965643918,0.0085,0.454,0.264,0.264,0.736,0.013939296969359681,1178.9583292416992,665.4660308090779,1809.6585603786475,1.178958329241699,0.6654660308090778,1.8096585603786475,0.4852557131113826,0.14056216313501002,1.2391515460355524
WbZt_4000_1000,WbZt,4000,1000,85,200,0.6,1.2,/eos/uscms/store/user/aji/rootfiles_existingOptimization/WbZt_4000_1000_pt200_ak6_ca12_th85.root,ok,,1000,1000,1.0,0.0,0.406,0.015529455882290275,0.2335,0.5625,0.357,0.357,0.643,0.015150940564862632,928.3477287684912,155.8078430590153,1250.4216996932873,0.9283477287684911,0.15580784305901532,1.2504216996932873,0.5895494881461836,0.16103375233269207,1.2397147152693346
WbZt_4000_1000,WbZt,4000,1000,85,180,0.6,0.6,/eos/uscms/store/user/aji/rootfiles_existingOptimization/WbZt_4000_1000_pt180_ak6_ca6_th85.root,ok,,1000,1000,1.0,0.0,0.306,0.0145727142289966,0.1745,0.58,0.405,0.405,0.595,0.015523369479594306,955.333558063673,215.28880965503447,1439.4046148085088,0.955333558063673,0.21528880965503447,1.4394046148085087,0.6406745554058548,0.08893586498229722,1.2401411995994875
WbZt_4000_1000,WbZt,4000,1000,85,240,0.6,1.2,/eos/uscms/store/user/aji/rootfiles_existingOptimization/WbZt_4000_1000_pt240_ak6_ca12_th85.root,ok,,1000,999,0.999,0.0009994998749374613,0.4994994994994995,0.015819292003713306,0.29679679679679677,0.536036036036036,0.3123123123123123,0.312,0.6876876876876876,0.014662480015695152,906.5249284466881,141.12967264689752,1128.3362614395985,0.9065249284466881,0.14112967264689752,1.1283362614395984,0.5445005194089142,0.22543118690363426,1.2425357142519329
WbZt_4000_1000,WbZt,4000,1000,85,300,1.0,1.2,/eos/uscms/store/user/aji/rootfiles_existingOptimization/WbZt_4000_1000_pt300_ak10_ca12_th85.root,ok,,1000,999,0.999,0.0009994998749374613,0.3123123123123123,0.01466248001569515,0.1831831831831832,0.488988988988989,0.27427427427427425,0.274,0.7257257257257257,0.014115493044505528,1049.3952829905147,285.1832870125019,1365.2024664162618,1.0493952829905147,0.28518328701250195,1.3652024664162619,0.5145912112002137,0.20317347792498444,1.2462564652249908
WbZt_4000_1000,WbZt,4000,1000,85,260,0.6,1.4,/eos/uscms/store/user/aji/rootfiles_existingOptimization/WbZt_4000_1000_pt260_ak6_ca14_th85.root,ok,,1000,998,0.998,0.0014127986409959495,0.5621242484969939,0.015704580396800255,0.33917835671342683,0.5245490981963928,0.2875751503006012,0.287,0.7124248496993988,0.014327814060130428,882.2237907975428,134.79564235491713,1052.4930730834108,0.8822237907975429,0.13479564235491712,1.0524930730834108,0.5201046720236835,0.3172441444863254,1.2463071426433279
WbZt_4000_1000,WbZt,4000,1000,85,260,0.6,1.6,/eos/uscms/store/user/aji/rootfiles_existingOptimization/WbZt_4000_1000_pt260_ak6_ca16_th85.root,ok,,1000,998,0.998,0.0014127986409959495,0.5711422845691383,0.015666194005421828,0.343687374749499,0.5285571142284569,0.2845691382765531,0.284,0.7154308617234468,0.014282770700913843,879.8062099711166,134.5558849597888,1046.378691314602,0.8798062099711166,0.1345558849597888,1.046378691314602,0.518195254830463,0.36282848135187223,1.2476454955567982
WbZt_4000_1000,WbZt,4000,1000,85,180,0.6,1.0,/eos/uscms/store/user/aji/rootfiles_existingOptimization/WbZt_4000_1000_pt180_ak6_ca10_th85.root,ok,,1000,1000,1.0,0.0,0.332,0.014892145580808697,0.1875,0.577,0.394,0.394,0.606,0.015451990163082553,948.4082434017273,182.01999886109488,1392.7943050507006,0.9484082434017274,0.18201999886109485,1.3927943050507003,0.6383191598202637,0.10781465301401771,1.249478335480091
WbZt_4000_1000,WbZt,4000,1000,85,160,0.4,1.2,/eos/uscms/store/user/aji/rootfiles_existingOptimization/WbZt_4000_1000_pt160_ak4_ca12_th85.root,ok,,1000,999,0.999,0.0009994998749374613,0.36036036036036034,0.015189848667575837,0.2017017017017017,0.5790790790790791,0.36736736736736736,0.367,0.6326326326326326,0.015252580961493829,868.6581554497892,123.01425769886168,1170.1476656943873,0.8686581554497892,0.12301425769886168,1.1701476656943874,0.6027304305071092,0.15908202554076484,1.2494972475947628
WbZt_4000_1000,WbZt,4000,1000,85,360,1.2,1.0,/eos/uscms/store/user/aji/rootfiles_existingOptimization/WbZt_4000_1000_pt360_ak12_ca10_th85.root,ok,,1000,1000,1.0,0.0,0.071,0.008121514637061242,0.047,0.43,0.249,0.249,0.751,0.013674757767507255,1055.1590324794506,434.52937617334095,1475.4543159980087,1.0551590324794504,0.4345293761733409,1.4754543159980087,0.493255001276284,0.13516608846067488,1.2497709045242291
WbZt_4000_1000,WbZt,4000,1000,85,300,0.8,1.2,/eos/uscms/store/user/aji/rootfiles_existingOptimization/WbZt_4000_1000_pt300_ak8_ca12_th85.root,ok,,1000,998,0.998,0.0014127986409959495,0.5190380761523046,0.015815746182556205,0.3096192384769539,0.5070140280561122,0.2695390781563126,0.269,0.7304609218436874,0.014045722770981789,962.4141757245889,189.79272335513852,1181.8136309468828,0.9624141757245888,0.1897927233551385,1.1818136309468827,0.5153814919885531,0.2779677467513313,1.2516009962597816
WbZt_4000_1000,WbZt,4000,1000,85,240,1.0,1.0,/eos/uscms/store/user/aji/rootfiles_existingOptimization/WbZt_4000_1000_pt240_ak10_ca10_th85.root,ok,,1000,1000,1.0,0.0,0.208,0.0128349522788361,0.114,0.5125,0.33,0.33,0.6699999999999999,0.014869431730903505,1109.5619121701848,376.42595326150695,1647.297031046276,1.109561912170185,0.37642595326150696,1.647297031046276,0.5726904753332243,0.10278140409836534,1.2536466665502428
WbZt_4000_1000,WbZt,4000,1000,85,340,1.0,1.4,/eos/uscms/store/user/aji/rootfiles_existingOptimization/WbZt_4000_1000_pt340_ak10_ca14_th85.root,ok,,1000,999,0.999,0.0009994998749374613,0.3743743743743744,0.015311846878838985,0.22672672672672672,0.464964964964965,0.23723723723723725,0.237,0.7627627627627628,0.013458709721687763,1012.6697914231438,264.43736114146924,1257.899414525112,1.0126697914231437,0.2644373611414692,1.257899414525112,0.4905162876377957,0.2905001041432131,1.2555460295428729
WbZt_4000_1000,WbZt,4000,1000,85,340,1.0,1.6,/eos/uscms/store/user/aji/rootfiles_existingOptimization/WbZt_4000_1000_pt340_ak10_ca16_th85.root,ok,,1000,999,0.999,0.0009994998749374613,0.38538538538538536,0.015398071006053025,0.23223223223223224,0.47047047047047047,0.23623623623623624,0.236,0.7637637637637638,0.013439095438733397,1005.1750131681279,263.142407815528,1249.7911237229728,1.0051750131681279,0.26314240781552795,1.2497911237229729,0.4907845414888043,0.32274186129493954,1.256065806569381
WbZt_4000_1000,WbZt,4000,1000,85,180,0.4,1.4,/eos/uscms/store/user/aji/rootfiles_existingOptimization/WbZt_4000_1000_pt180_ak4_ca14_th85.root,ok,,1000,999,0.999,0.0009994998749374613,0.45345345345345345,0.015750603179087944,0.26226226226226224,0.5485485485485485,0.3163163163163163,0.316,0.6836836836836837,0.01471314993906886,834.0246312922093,108.37906194310612,1034.3346799140318,0.8340246312922093,0.10837906194310613,1.0343346799140318,0.5551128727075373,0.24359568113661323,1.2563940932620001
WbZt_4000_1000,WbZt,4000,1000,85,320,0.8,1.2,/eos/uscms/store/user/aji/rootfiles_existingOptimization/WbZt_4000_1000_pt320_ak8_ca12_th85.root,ok,,1000,998,0.998,0.0014127986409959495,0.5440881763527055,0.015765574502207717,0.33416833667334667,0.48897795591182364,0.2575150300601202,0.257,0.7424849699398798,0.013841394719058958,949.1507250456475,186.58320358647913,1151.2162899920054,0.9491507250456476,0.18658320358647915,1.1512162899920055,0.5081559024037695,0.27287610342405166,1.2577257998390845
WbZt_4000_1000,WbZt,4000,1000,85,380,1.2,1.0,/eos/uscms/store/user/aji/rootfiles_existingOptimization/WbZt_4000_1000_pt380_ak12_ca10_th85.root,ok,,1000,1000,1.0,0.0,0.078,0.008480330182251162,0.0515,0.4235,0.24,0.24,0.76,0.013505554412907307,1019.4428706541947,420.55883779190447,1434.0402044810992,1.0194428706541947,0.42055883779190445,1.4340402044810991,0.49707609708370687,0.14261902949612643,1.2590203841491263
WbZt_4000_1000,WbZt,4000,1000,85,260,1.2,1.6,/eos/uscms/store/user/aji/rootfiles_existingOptimization/WbZt_4000_1000_pt260_ak12_ca16_th85.root,ok,,1000,1000,1.0,0.0,0.094,0.009228434320078352,0.051,0.4575,0.241,0.241,0.759,0.013524755080961725,1132.8870704863848,468.1274081585929,1572.5789793436081,1.1328870704863847,0.46812740815859294,1.572578979343608,0.4874499850681669,0.20748636431902906,1.2597386921168054
WbZt_4000_1000,WbZt,4000,1000,85,260,1.2,1.4,/eos/uscms/store/user/aji/rootfiles_existingOptimization/WbZt_4000_1000_pt260_ak12_ca14_th85.root,ok,,1000,1000,1.0,0.0,0.086,0.008865889690267977,0.047,0.455,0.249,0.249,0.751,0.013674757767507255,1139.1763976723869,480.0329357033983,1610.844432206773,1.139176397672387,0.48003293570339833,1.6108444322067728,0.4963285312151375,0.17110715399030546,1.2612461709823761
WbZt_4000_1000,WbZt,4000,1000,85,160,0.4,0.4,/eos/uscms/store/user/aji/rootfiles_existingOptimization/WbZt_4000_1000_pt160_ak4_ca4_th85.root,ok,,1000,999,0.999,0.0009994998749374613,0.3103103103103103,0.014636668120822729,0.17667667667667666,0.5775775775775776,0.3923923923923924,0.392,0.6076076076076076,0.015448600650124081,895.4286157720528,165.35664560883856,1316.079352812938,0.8954286157720528,0.1653566456088386,1.316079352812938,0.642554128232728,0.10455993611876188,1.2616188742631302
WbZt_4000_1000,WbZt,4000,1000,85,340,1.2,1.0,/eos/uscms/store/user/aji/rootfiles_existingOptimization/WbZt_4000_1000_pt340_ak12_ca10_th85.root,ok,,1000,1000,1.0,0.0,0.067,0.007906389820898032,0.0445,0.435,0.256,0.256,0.744,0.013800869537822608,1080.8767677124142,450.0951191672203,1551.7890176074359,1.080876767712414,0.4500951191672203,1.5517890176074358,0.509629742885426,0.11945384883739396,1.2617174196566674
WbZt_4000_1000,WbZt,4000,1000,85,180,0.4,1.6,/eos/uscms/store/user/aji/rootfiles_existingOptimization/WbZt_4000_1000_pt180_ak4_ca16_th85.root,ok,,1000,999,0.999,0.0009994998749374613,0.47347347347347346,0.015797021531912817,0.2722722722722723,0.5470470470470471,0.3063063063063063,0.306,0.6936936936936937,0.014584082023623062,824.8012394362711,107.1366248882782,1016.7694585395207,0.824801239436271,0.1071366248882782,1.0167694585395206,0.5514254769263873,0.28624806241549866,1.2636390466764538
WbZt_4000_1000,WbZt,4000,1000,85,400,1.2,1.0,/eos/uscms/store/user/aji/rootfiles_existingOptimization/WbZt_4000_1000_pt400_ak12_ca10_th85.root,ok,,1000,998,0.998,0.0014127986409959495,0.08316633266533066,0.00874085229104565,0.05511022044088176,0.41783567134268534,0.23046092184368738,0.23,0.7695390781563126,0.01333056988780722,994.762313310052,409.02296389526947,1388.930889723838,0.994762313310052,0.4090229638952695,1.388930889723838,0.4925337001197523,0.15090059434775543,1.2645965469450597
WbZt_4000_1000,WbZt,4000,1000,85,220,0.8,1.0,/eos/uscms/store/user/aji/rootfiles_existingOptimization/WbZt_4000_1000_pt220_ak8_ca10_th85.root,ok,,1000,1000,1.0,0.0,0.337,0.014947608504372866,0.188,0.554,0.366,0.366,0.634,0.01523299051401267,1014.1036016079959,242.2695836570538,1522.0767529917268,1.0141036016079958,0.2422695836570538,1.522076752991727,0.631004153473752,0.1045753264749762,1.2664145136345515
WbZt_4000_1000,WbZt,4000,1000,85,180,0.6,0.8,/eos/uscms/store/user/aji/rootfiles_existingOptimization/WbZt_4000_1000_pt180_ak6_ca8_th85.root,ok,,1000,1000,1.0,0.0,0.325,0.014811313243598625,0.184,0.571,0.393,0.393,0.607,0.015445096309184997,953.1800959183186,187.22241097760826,1435.4511501687523,0.9531800959183185,0.18722241097760825,1.4354511501687521,0.6547706695388807,0.09584040019572748,1.266452659947049
WbZt_4000_1000,WbZt,4000,1000,85,320,1.0,1.2,/eos/uscms/store/user/aji/rootfiles_existingOptimization/WbZt_4000_1000_pt320_ak10_ca12_th85.root,ok,,1000,999,0.999,0.0009994998749374613,0.34234234234234234,0.015012309363129814,0.2042042042042042,0.46596596596596596,0.24924924924924924,0.249,0.7507507507507507,0.013686174497291244,1032.697156997005,273.75604414749085,1331.8047899784383,1.032697156997005,0.2737560441474909,1.3318047899784382,0.512274454646347,0.2656425748663752,1.267294921096798
WbZt_4000_1000,WbZt,4000,1000,85,260,1.2,1.2,/eos/uscms/store/user/aji/rootfiles_existingOptimization/WbZt_4000_1000_pt260_ak12_ca12_th85.root,ok,,1000,1000,1.0,0.0,0.08,0.008579044235810887,0.044,0.451,0.252,0.252,0.748,0.013729384545565033,1148.0092253858297,499.3782808413577,1658.3959117103013,1.1480092253858296,0.49937828084135766,1.6583959117103013,0.5047945631619007,0.14926048970026268,1.2675954857004839
WbZt_4000_1000,WbZt,4000,1000,85,220,0.8,0.8,/eos/uscms/store/user/aji/rootfiles_existingOptimization/WbZt_4000_1000_pt220_ak8_ca8_th85.root,ok,,1000,1000,1.0,0.0,0.314,0.01467664811869522,0.1765,0.55,0.37,0.37,0.63,0.015267612779999367,1018.0608098564692,255.315968134268,1551.1468743980254,1.0180608098564692,0.255315968134268,1.5511468743980255,0.6364211713671846,0.08976384216396928,1.2682272523528315
WbZt_4000_1000,WbZt,4000,1000,85,200,1.4,1.4,/eos/uscms/store/user/aji/rootfiles_existingOptimization/WbZt_4000_1000_pt200_ak14_ca14_th85.root,ok,,1000,1000,1.0,0.0,0.009,0.002986469487538756,0.0045,0.412,0.24,0.24,0.76,0.013505554412907307,1290.3802722853866,935.5721495467576,2173.0460026580467,1.2903802722853865,0.9355721495467576,2.1730460026580465,0.47949967916031627,0.10849225208194227,1.268537706388855
WbZt_4000_1000,WbZt,4000,1000,85,280,1.2,1.6,/eos/uscms/store/user/aji/rootfiles_existingOptimization/WbZt_4000_1000_pt280_ak12_ca16_th85.root,ok,,1000,1000,1.0,0.0,0.104,0.009653186002558949,0.059,0.4485,0.235,0.235,0.765,0.013408019988051927,1110.5349051142452,432.21916559298216,1526.4085886807975,1.1105349051142452,0.4322191655929821,1.5264085886807977,0.49264071667123865,0.22430545485935643,1.2686942071826632
WbZt_4000_1000,WbZt,4000,1000,85,240,1.6,1.6,/eos/uscms/store/user/aji/rootfiles_existingOptimization/WbZt_4000_1000_pt240_ak16_ca16_th85.root,ok,,1000,1000,1.0,0.0,0.002,0.0014127986409959489,0.001,0.4275,0.24,0.24,0.76,0.013505554412907307,1291.7829889444388,917.2509167843905,2156.169348460816,1.2917829889444388,0.9172509167843904,2.156169348460816,0.4795381431244846,0.12516907966803373,1.2687164420189285
WbZt_4000_1000,WbZt,4000,1000,85,280,1.2,1.4,/eos/uscms/store/user/aji/rootfiles_existingOptimization/WbZt_4000_1000_pt280_ak12_ca14_th85.root,ok,,1000,1000,1.0,0.0,0.097,0.00935900635751467,0.0555,0.4445,0.24,0.24,0.76,0.013505554412907307,1118.321042485861,445.279511086391,1557.262491717545,1.118321042485861,0.44527951108639097,1.5572624917175448,0.4971662601283892,0.19610253501218244,1.2689983643769753
WbZt_4000_1000,WbZt,4000,1000,85,300,1.2,1.6,/eos/uscms/store/user/aji/rootfiles_existingOptimization/WbZt_4000_1000_pt300_ak12_ca16_th85.root,ok,,1000,1000,1.0,0.0,0.111,0.00993373041711924,0.0645,0.4395,0.224,0.224,0.776,0.013184233007649704,1088.5299260223742,405.84967689134413,1460.5397872886977,1.0885299260223742,0.4058496768913441,1.4605397872886976,0.4844561849812087,0.2632348585513463,1.269309177583446
WbZt_4000_1000,WbZt,4000,1000,85,180,0.4,1.2,/eos/uscms/store/user/aji/rootfiles_existingOptimization/WbZt_4000_1000_pt180_ak4_ca12_th85.root,ok,,1000,999,0.999,0.0009994998749374613,0.44044044044044045,0.015706666044176736,0.25575575575575576,0.5455455455455456,0.3233233233233233,0.323,0.6766766766766767,0.0147987957711011,839.2126391020447,109.62022191915395,1075.8427257940828,0.8392126391020447,0.10962022191915395,1.0758427257940828,0.5756720399902368,0.2026816856740994,1.2694274527567089
WbZt_4000_1000,WbZt,4000,1000,85,260,0.6,1.2,/eos/uscms/store/user/aji/rootfiles_existingOptimization/WbZt_4000_1000_pt260_ak6_ca12_th85.root,ok,,1000,998,0.998,0.0014127986409959495,0.5531062124248497,0.01573769615803444,0.3346693386773547,0.5080160320641283,0.27655310621242485,0.276,0.7234468937875751,0.014158828712775628,887.6684153277947,135.2066909156136,1084.4807504345904,0.8876684153277947,0.1352066909156136,1.0844807504345904,0.5347008202203706,0.29322946914187575,1.2713808724751663
WbZt_4000_1000,WbZt,4000,1000,85,340,0.8,1.6,/eos/uscms/store/user/aji/rootfiles_existingOptimization/WbZt_4000_1000_pt340_ak8_ca16_th85.root,ok,,1000,998,0.998,0.0014127986409959495,0.6042084168336673,0.015479659090307024,0.3727454909819639,0.4909819639278557,0.24048096192384769,0.24,0.7595190380761523,0.013528336951650169,919.1422601399572,179.7629033777044,1104.5564607498088,0.9191422601399573,0.1797629033777044,1.1045564607498086,0.5030742233695611,0.40419618555153547,1.2726790354317177
WbZt_4000_1000,WbZt,4000,1000,85,340,0.8,1.4,/eos/uscms/store/user/aji/rootfiles_existingOptimization/WbZt_4000_1000_pt340_ak8_ca14_th85.root,ok,,1000,998,0.998,0.0014127986409959495,0.594188376753507,0.015543866096663386,0.36773547094188375,0.48296593186372744,0.24048096192384769,0.24,0.7595190380761523,0.013528336951650169,923.0064754769012,180.04303595910085,1111.9108233132908,0.9230064754769012,0.18004303595910084,1.1119108233132908,0.5048002436129769,0.3812930248425971,1.274018634141439
WbZt_4000_1000,WbZt,4000,1000,85,260,1.0,1.0,/eos/uscms/store/user/aji/rootfiles_existingOptimization/WbZt_4000_1000_pt260_ak10_ca10_th85.root,ok,,1000,1000,1.0,0.0,0.235,0.013408019988051927,0.132,0.5,0.304,0.304,0.696,0.014545927265045704,1092.2104141852365,336.22961540136237,1579.7319951364827,1.0922104141852365,0.33622961540136237,1.5797319951364828,0.5692595325886652,0.1264974746389776,1.274480574007189
WbZt_4000_1000,WbZt,4000,1000,85,280,0.6,1.4,/eos/uscms/store/user/aji/rootfiles_existingOptimization/WbZt_4000_1000_pt280_ak6_ca14_th85.root,ok,,1000,998,0.998,0.0014127986409959495,0.5971943887775552,0.015525312281336679,0.3692384769539078,0.5020040080160321,0.26452905811623245,0.264,0.7354709418837675,0.013962210504526739,868.2297643191371,131.68681253389144,1042.6037078484185,0.8682297643191371,0.13168681253389145,1.0426037078484185,0.5245828539573651,0.35584512037954075,1.275230819409219
WbZt_4000_1000,WbZt,4000,1000,85,280,1.2,1.2,/eos/uscms/store/user/aji/rootfiles_existingOptimization/WbZt_4000_1000_pt280_ak12_ca12_th85.root,ok,,1000,1000,1.0,0.0,0.093,0.009184280047995052,0.0535,0.4435,0.242,0.242,0.758,0.013543854695026818,1126.3723526898393,459.408370718396,1598.179740955989,1.126372352689839,0.459408370718396,1.598179740955989,0.5055039603547372,0.1718260034121803,1.2761411956237212
WbZt_4000_1000,WbZt,4000,1000,85,340,0.6,0.4,/eos/uscms/store/user/aji/rootfiles_existingOptimization/WbZt_4000_1000_pt340_ak6_ca4_th85.root,ok,,1000,997,0.997,0.0017294507798720387,0.31093279839518556,0.014659409542739083,0.2713139418254764,0.4764292878635908,0.2938816449348044,0.293,0.7061183550651956,0.01442704552682625,820.3809206744502,146.58219317119742,1048.4450821514165,0.8203809206744502,0.14658219317119742,1.0484450821514164,0.5496610575967448,0.1158273516131836,1.2767413205944953
WbZt_4000_1000,WbZt,4000,1000,85,220,1.6,1.4,/eos/uscms/store/user/aji/rootfiles_existingOptimization/WbZt_4000_1000_pt220_ak16_ca14_th85.root,ok,,1000,1000,1.0,0.0,0.002,0.0014127986409959489,0.001,0.3855,0.246,0.246,0.754,0.013619251080731275,1361.1667660923936,1031.0526831194975,2355.982877072028,1.3611667660923936,1.0310526831194973,2.355982877072028,0.48668915042501,0.07167393569241515,1.2768058270342493
WbZt_4000_1000,WbZt,4000,1000,85,140,1.2,1.0,/eos/uscms/store/user/aji/rootfiles_existingOptimization/WbZt_4000_1000_pt140_ak12_ca10_th85.root,ok,,1000,1000,1.0,0.0,0.01,0.003146426544510455,0.006,0.356,0.276,0.276,0.724,0.014135911714495106,1478.30529554858,1079.5262161653134,2575.3472496874133,1.47830529554858,1.0795262161653134,2.5753472496874137,0.5059242627440567,0.0212166051322527,1.2777547922989148
WbZt_4000_1000,WbZt,4000,1000,85,340,1.0,1.2,/eos/uscms/store/user/aji/rootfiles_existingOptimization/WbZt_4000_1000_pt340_ak10_ca12_th85.root,ok,,1000,999,0.999,0.0009994998749374613,0.36736736736736736,0.015252580961493829,0.22322322322322322,0.44744744744744747,0.22822822822822822,0.228,0.7717717717717718,0.013278419352035864,1018.7925122069032,266.16385494424793,1292.3832278145974,1.018792512206903,0.26616385494424794,1.2923832278145975,0.5036449328859702,0.2860702827882077,1.2782959558784324
WbZt_4000_1000,WbZt,4000,1000,85,280,0.6,1.6,/eos/uscms/store/user/aji/rootfiles_existingOptimization/WbZt_4000_1000_pt280_ak6_ca16_th85.root,ok,,1000,998,0.998,0.0014127986409959495,0.6072144288577155,0.015459076049665212,0.374248496993988,0.5070140280561122,0.2625250501002004,0.262,0.7374749498997997,0.013928159800956104,863.2918457520979,131.3371552999851,1039.8047491836278,0.8632918457520979,0.13133715529998513,1.0398047491836278,0.5261648180472431,0.3991117927975534,1.279310583371833
WbZt_4000_1000,WbZt,4000,1000,85,300,1.2,1.4,/eos/uscms/store/user/aji/rootfiles_existingOptimization/WbZt_4000_1000_pt300_ak12_ca14_th85.root,ok,,1000,1000,1.0,0.0,0.105,0.009694070352540258,0.0615,0.434,0.226,0.226,0.774,0.013225883713385657,1096.3311019730577,414.17797482787773,1502.6371105438711,1.0963311019730577,0.41417797482787777,1.5026371105438712,0.49640985910055035,0.24259805918585786,1.280042969297856
WbZt_4000_1000,WbZt,4000,1000,85,180,1.4,1.2,/eos/uscms/store/user/aji/rootfiles_existingOptimization/WbZt_4000_1000_pt180_ak14_ca12_th85.root,ok,,1000,1000,1.0,0.0,0.004,0.001995995991979944,0.002,0.37,0.261,0.261,0.739,0.013888088421377507,1408.9161184497016,1035.0642154661666,2451.877739653114,1.4089161184497017,1.0350642154661667,2.451877739653114,0.5028026529166035,0.05073333742203969,1.2826942647615738
WbZt_4000_1000,WbZt,4000,1000,85,280,1.0,1.0,/eos/uscms/store/user/aji/rootfiles_existingOptimization/WbZt_4000_1000_pt280_ak10_ca10_th85.root,ok,,1000,1000,1.0,0.0,0.26,0.013870832707519763,0.149,0.4885,0.282,0.282,0.718,0.014229406171727618,1076.5494740201245,313.15097031613243,1514.1161322267426,1.0765494740201245,0.3131509703161324,1.5141161322267427,0.5577844729355003,0.1535491459160107,1.2834394203375128
WbZt_4000_1000,WbZt,4000,1000,85,200,1.4,1.6,/eos/uscms/store/user/aji/rootfiles_existingOptimization/WbZt_4000_1000_pt200_ak14_ca16_th85.root,ok,,1000,1000,1.0,0.0,0.011,0.003298332912245215,0.0055,0.4145,0.234,0.234,0.766,0.013388203763014663,1274.515040479064,901.7446261030718,2153.107425548891,1.2745150404790642,0.9017446261030717,2.153107425548891,0.4909172350667034,0.13327243525054283,1.2843687391146097
WbZt_4000_1000,WbZt,4000,1000,85,300,1.2,1.2,/eos/uscms/store/user/aji/rootfiles_existingOptimization/WbZt_4000_1000_pt300_ak12_ca12_th85.root,ok,,1000,1000,1.0,0.0,0.101,0.009528850927577786,0.0595,0.4345,0.228,0.228,0.772,0.013267102170406315,1103.4026849661273,426.6461113840458,1535.404765253566,1.1034026849661274,0.4266461113840458,1.535404765253566,0.5024270236860794,0.21267744941358546,1.2847672921826923
WbZt_4000_1000,WbZt,4000,1000,85,340,0.8,1.2,/eos/uscms/store/user/aji/rootfiles_existingOptimization/WbZt_4000_1000_pt340_ak8_ca12_th85.root,ok,,1000,998,0.998,0.0014127986409959495,0.5871743486973948,0.015584813304645851,0.36422845691382766,0.47044088176352705,0.23046092184368738,0.23,0.7695390781563126,0.01333056988780722,927.2751192781611,180.55144091455375,1122.8596384367418,0.927275119278161,0.18055144091455377,1.1228596384367415,0.5081060506916919,0.3560775979829074,1.2869176169201884
WbZt_4000_1000,WbZt,4000,1000,85,320,1.2,1.6,/eos/uscms/store/user/aji/rootfiles_existingOptimization/WbZt_4000_1000_pt320_ak12_ca16_th85.root,ok,,1000,1000,1.0,0.0,0.121,0.010313049985334114,0.072,0.4235,0.211,0.211,0.789,0.012902674141432851,1058.7367153781038,388.86589778659044,1436.0878391388076,1.058736715378104,0.3888658977865904,1.4360878391388074,0.4945620219556782,0.2640336376059297,1.2894356934934885
WbZt_4000_1000,WbZt,4000,1000,85,360,1.0,1.4,/eos/uscms/store/user/aji/rootfiles_existingOptimization/WbZt_4000_1000_pt360_ak10_ca14_th85.root,ok,,1000,999,0.999,0.0009994998749374613,0.3993993993993994,0.015495794229325453,0.24274274274274274,0.44494494494494496,0.2132132132132132,0.213,0.7867867867867868,0.0129584435865074,981.8785311430415,260.2810931441591,1242.1380904692185,0.9818785311430416,0.26028109314415915,1.2421380904692185,0.4999890343778282,0.32274186129493954,1.289587968050311
WbZt_4000_1000,WbZt,4000,1000,85,100,1.0,0.8,/eos/uscms/store/user/aji/rootfiles_existingOptimization/WbZt_4000_1000_pt100_ak10_ca8_th85.root,ok,,1000,1000,1.0,0.0,0.005,0.0022304708023195463,0.0025,0.3555,0.319,0.319,0.681,0.01473902981881779,1597.2734797801197,1060.7579591065858,2815.680491471215,1.5972734797801196,1.0607579591065857,2.8156804914712152,0.549349424059245,0.004965283649555775,1.290076772037257
WbZt_4000_1000,WbZt,4000,1000,85,240,0.8,1.0,/eos/uscms/store/user/aji/rootfiles_existingOptimization/WbZt_4000_1000_pt240_ak8_ca10_th85.root,ok,,1000,1000,1.0,0.0,0.379,0.015341414537127925,0.214,0.5415,0.338,0.338,0.6619999999999999,0.014958475858188228,1004.7325505892431,221.27283420452534,1484.7322431974267,1.0047325505892433,0.22127283420452531,1.4847322431974266,0.628754093938692,0.11982066053837065,1.2912273489976163
WbZt_4000_1000,WbZt,4000,1000,85,280,0.6,1.2,/eos/uscms/store/user/aji/rootfiles_existingOptimization/WbZt_4000_1000_pt280_ak6_ca12_th85.root,ok,,1000,998,0.998,0.0014127986409959495,0.5901803607214429,0.015567665430438134,0.3657314629258517,0.4864729458917836,0.2535070140280561,0.253,0.7464929859719439,0.01377027409909343,872.757943831476,132.2674085267482,1058.428176688825,0.8727579438314761,0.13226740852674818,1.0584281766888248,0.5305942929010523,0.3172441444863254,1.2918114844898485
WbZt_4000_1000,WbZt,4000,1000,85,360,1.0,1.6,/eos/uscms/store/user/aji/rootfiles_existingOptimization/WbZt_4000_1000_pt360_ak10_ca16_th85.root,ok,,1000,999,0.999,0.0009994998749374613,0.4114114114114114,0.015569022333734065,0.24874874874874875,0.45095095095095095,0.2122122122122122,0.212,0.7877877877877878,0.01293621021531987,973.757406730788,256.280124127648,1233.7943383390675,0.9737574067307881,0.25628012412764795,1.2337943383390675,0.5019290263954161,0.3423695493561457,1.293341073510125
WbZt_4000_1000,WbZt,4000,1000,85,200,0.4,1.4,/eos/uscms/store/user/aji/rootfiles_existingOptimization/WbZt_4000_1000_pt200_ak4_ca14_th85.root,ok,,1000,999,0.999,0.0009994998749374613,0.5105105105105106,0.0158158044005876,0.30680680680680683,0.5180180180180181,0.2852852852852853,0.285,0.7147147147147147,0.01428641637983286,805.9793362189414,102.81904841947399,1002.6641622691368,0.8059793362189414,0.10281904841947398,1.0026641622691368,0.5582308834808782,0.275179421101022,1.2933476645736985
WbZt_4000_1000,WbZt,4000,1000,85,160,0.4,1.0,/eos/uscms/store/user/aji/rootfiles_existingOptimization/WbZt_4000_1000_pt160_ak4_ca10_th85.root,ok,,1000,999,0.999,0.0009994998749374613,0.34934934934934936,0.015084161009877466,0.1961961961961962,0.5685685685685685,0.3663663663663664,0.366,0.6336336336336337,0.015243832404886247,882.6081819290031,124.96224775046468,1268.0167659578133,0.882608181929003,0.12496224775046468,1.2680167659578134,0.6475435768729912,0.1285470880777598,1.2939163923137245
WbZt_4000_1000,WbZt,4000,1000,85,300,0.6,1.4,/eos/uscms/store/user/aji/rootfiles_existingOptimization/WbZt_4000_1000_pt300_ak6_ca14_th85.root,ok,,1000,998,0.998,0.0014127986409959495,0.6232464929859719,0.015338867744851537,0.3982965931863727,0.4849699398797595,0.25250501002004005,0.252,0.7474949899799599,0.013752253593233538,848.4820195083225,128.4583880048122,1031.0065850203732,0.8484820195083226,0.1284583880048122,1.0310065850203733,0.5318605322588738,0.32895225337773526,1.2965073202880013
WbZt_4000_1000,WbZt,4000,1000,85,320,1.2,1.4,/eos/uscms/store/user/aji/rootfiles_existingOptimization/WbZt_4000_1000_pt320_ak12_ca14_th85.root,ok,,1000,1000,1.0,0.0,0.116,0.010126401137620413,0.0695,0.4165,0.211,0.211,0.789,0.012902674141432851,1065.1285397100828,395.2045540871932,1465.5355137006234,1.065128539710083,0.3952045540871932,1.4655355137006234,0.5024421559039078,0.2460029442802654,1.2979550098749162
WbZt_4000_1000,WbZt,4000,1000,85,240,0.8,0.8,/eos/uscms/store/user/aji/rootfiles_existingOptimization/WbZt_4000_1000_pt240_ak8_ca8_th85.root,ok,,1000,1000,1.0,0.0,0.354,0.015122301412152848,0.2015,0.5375,0.341,0.341,0.659,0.014990630407024249,1006.4478395880415,232.05241725166115,1517.0399910952706,1.0064478395880414,0.23205241725166115,1.5170399910952705,0.6383776303646197,0.10707204402323257,1.298022414323424
WbZt_4000_1000,WbZt,4000,1000,85,200,0.4,1.2,/eos/uscms/store/user/aji/rootfiles_existingOptimization/WbZt_4000_1000_pt200_ak4_ca12_th85.root,ok,,1000,999,0.999,0.0009994998749374613,0.5045045045045045,0.01581865795124692,0.3038038038038038,0.513013013013013,0.2872872872872873,0.287,0.7127127127127126,0.014316363368904461,811.664857558593,103.35359495061866,1021.5699363083089,0.811664857558593,0.10335359495061866,1.021569936308309,0.5656376106510227,0.23897442641338354,1.2981838376078758
WbZt_4000_1000,WbZt,4000,1000,85,160,0.4,0.6,/eos/uscms/store/user/aji/rootfiles_existingOptimization/WbZt_4000_1000_pt160_ak4_ca6_th85.root,ok,,1000,999,0.999,0.0009994998749374613,0.33633633633633636,0.01494783070679576,0.1896896896896897,0.5695695695695696,0.3763763763763764,0.376,0.6236236236236237,0.01532814900221154,893.3782972398765,129.308460527305,1315.779042834387,0.8933782972398765,0.129308460527305,1.3157790428343872,0.6640359330267618,0.1109029080928121,1.2993217269263977
WbZt_4000_1000,WbZt,4000,1000,85,220,0.6,1.0,/eos/uscms/store/user/aji/rootfiles_existingOptimization/WbZt_4000_1000_pt220_ak6_ca10_th85.root,ok,,1000,1000,1.0,0.0,0.45,0.015732132722552274,0.265,0.5365,0.328,0.328,0.6719999999999999,0.01484641370836742,928.5827514588007,146.71851706758943,1299.0051281439848,0.9285827514588006,0.14671851706758943,1.299005128143985,0.6204544556024526,0.1467129507806959,1.2995961804565725
WbZt_4000_1000,WbZt,4000,1000,85,360,1.0,1.2,/eos/uscms/store/user/aji/rootfiles_existingOptimization/WbZt_4000_1000_pt360_ak10_ca12_th85.root,ok,,1000,999,0.999,0.0009994998749374613,0.3933933933933934,0.015455546102715278,0.23973973973973975,0.42842842842842843,0.2042042042042042,0.204,0.7957957957957957,0.012754117558821393,988.907739833465,261.45192175653045,1258.2204461952574,0.988907739833465,0.2614519217565304,1.2582204461952573,0.5039744782493994,0.3130999595074594,1.3018795000618488
WbZt_4000_1000,WbZt,4000,1000,85,200,0.6,1.0,/eos/uscms/store/user/aji/rootfiles_existingOptimization/WbZt_4000_1000_pt200_ak6_ca10_th85.root,ok,,1000,1000,1.0,0.0,0.398,0.015478888849009803,0.2295,0.5445,0.347,0.347,0.653,0.01505293991218991,937.0529676911838,157.3439290651357,1366.0015371230234,0.9370529676911837,0.1573439290651357,1.3660015371230232,0.6449249133887883,0.12766900615451965,1.30421961661967
WbZt_4000_1000,WbZt,4000,1000,85,300,0.6,1.6,/eos/uscms/store/user/aji/rootfiles_existingOptimization/WbZt_4000_1000_pt300_ak6_ca16_th85.root,ok,,1000,998,0.998,0.0014127986409959495,0.6332665330661322,0.01525468590462061,0.4033066132264529,0.48547094188376755,0.24849699398797595,0.248,0.751503006012024,0.013679198767645909,840.6074959962898,128.40130123974862,1028.419600169913,0.8406074959962897,0.12840130123974863,1.028419600169913,0.5353380163850793,0.3893190615691461,1.3047802727974742
WbZt_4000_1000,WbZt,4000,1000,85,400,0.8,0.6,/eos/uscms/store/user/aji/rootfiles_existingOptimization/WbZt_4000_1000_pt400_ak8_ca6_th85.root,ok,,1000,998,0.998,0.0014127986409959495,0.31162324649298595,0.01466097155416317,0.2665330661322645,0.44639278557114226,0.2635270541082164,0.263,0.7364729458917836,0.013945231616252326,803.139522347835,210.50774507857008,1090.5564808227425,0.803139522347835,0.21050774507857006,1.0905564808227426,0.5478803565609044,0.11202701945213592,1.3060393502179044
WbZt_4000_1000,WbZt,4000,1000,85,200,0.4,1.6,/eos/uscms/store/user/aji/rootfiles_existingOptimization/WbZt_4000_1000_pt200_ak4_ca16_th85.root,ok,,1000,999,0.999,0.0009994998749374613,0.5275275275275275,0.0157953071181024,0.3153153153153153,0.5175175175175175,0.2752752752752753,0.275,0.7247247247247247,0.01413147184811231,797.22014974525,102.04339583314952,995.6551519510499,0.7972201497452499,0.10204339583314952,0.9956551519510499,0.5604548231774199,0.3135711889302155,1.3064575329276193
WbZt_4000_1000,WbZt,4000,1000,85,300,1.0,1.0,/eos/uscms/store/user/aji/rootfiles_existingOptimization/WbZt_4000_1000_pt300_ak10_ca10_th85.root,ok,,1000,999,0.999,0.0009994998749374613,0.2872872872872873,0.01431636336890446,0.17067067067067068,0.46896896896896895,0.25825825825825827,0.258,0.7417417417417418,0.01384747930067605,1059.0400138857747,292.6682622816826,1475.0572090816424,1.0590400138857747,0.29266826228168263,1.4750572090816423,0.558236200378114,0.1675947869197644,1.3068819435084333
WbZt_4000_1000,WbZt,4000,1000,85,160,0.4,0.8,/eos/uscms/store/user/aji/rootfiles_existingOptimization/WbZt_4000_1000_pt160_ak4_ca8_th85.root,ok,,1000,999,0.999,0.0009994998749374613,0.34534534534534533,0.015043544995767759,0.1941941941941942,0.5635635635635635,0.3663663663663664,0.366,0.6336336336336337,0.015243832404886247,888.9769714227505,127.48260580729861,1304.9569311129596,0.8889769714227505,0.12748260580729862,1.3049569311129596,0.6622636823883014,0.11574745755829735,1.30799961887966
WbZt_4000_1000,WbZt,4000,1000,85,320,1.2,1.2,/eos/uscms/store/user/aji/rootfiles_existingOptimization/WbZt_4000_1000_pt320_ak12_ca12_th85.root,ok,,1000,1000,1.0,0.0,0.111,0.00993373041711924,0.067,0.4185,0.214,0.214,0.786,0.012969348480166612,1072.2518289141144,404.19968737500386,1509.4772483255965,1.0722518289141143,0.40419968737500384,1.5094772483255965,0.515400175194816,0.21644090894128953,1.3086253580862275
WbZt_4000_1000,WbZt,4000,1000,85,300,0.6,1.2,/eos/uscms/store/user/aji/rootfiles_existingOptimization/WbZt_4000_1000_pt300_ak6_ca12_th85.root,ok,,1000,998,0.998,0.0014127986409959495,0.6162324649298597,0.015393633163756032,0.39478957915831664,0.469438877755511,0.24148296593186372,0.241,0.7585170340681363,0.013547546461513531,855.6025352450736,128.70001621180285,1042.4779920044161,0.8556025352450736,0.12870001621180283,1.042477992004416,0.5339967672786735,0.301447427951862,1.3089535478223024
WbZt_4000_1000,WbZt,4000,1000,85,200,0.6,0.6,/eos/uscms/store/user/aji/rootfiles_existingOptimization/WbZt_4000_1000_pt200_ak6_ca6_th85.root,ok,,1000,1000,1.0,0.0,0.372,0.015284501954594399,0.2165,0.548,0.36,0.36,0.64,0.015178932768808221,944.1899308329521,167.87558034964587,1423.4248072465493,0.944189930832952,0.1678755803496459,1.4234248072465494,0.6648817075338191,0.10696440365111137,1.3104627144505239
WbZt_4000_1000,WbZt,4000,1000,85,340,1.2,1.6,/eos/uscms/store/user/aji/rootfiles_existingOptimization/WbZt_4000_1000_pt340_ak12_ca16_th85.root,ok,,1000,1000,1.0,0.0,0.132,0.010704017937204702,0.0785,0.413,0.196,0.196,0.804,0.01255324659201754,1030.9955440910283,377.8613063971443,1416.5594262856796,1.0309955440910281,0.3778613063971443,1.4165594262856795,0.5037355039222299,0.27285370698103373,1.3108350583313326
WbZt_4000_1000,WbZt,4000,1000,85,260,0.8,1.0,/eos/uscms/store/user/aji/rootfiles_existingOptimization/WbZt_4000_1000_pt260_ak8_ca10_th85.root,ok,,1000,999,0.999,0.0009994998749374613,0.4294294294294294,0.015660940572934087,0.24524524524524524,0.5255255255255256,0.3063063063063063,0.306,0.6936936936936937,0.014584082023623062,992.4712053208463,205.33699328475143,1427.7664033400167,0.9924712053208462,0.2053369932847514,1.4277664033400168,0.6158513231928366,0.15415768264563987,1.3112978963544455
WbZt_4000_1000,WbZt,4000,1000,85,360,0.8,1.4,/eos/uscms/store/user/aji/rootfiles_existingOptimization/WbZt_4000_1000_pt360_ak8_ca14_th85.root,ok,,1000,998,0.998,0.0014127986409959495,0.627254509018036,0.015306039318315048,0.3942885771543086,0.4624248496993988,0.21643286573146292,0.216,0.7835671342685371,0.013035702491297225,894.8318013672238,175.9909505093442,1101.602833059392,0.8948318013672238,0.1759909505093442,1.1016028330593919,0.5171988082764798,0.4127715384239609,1.3132827624082946
WbZt_4000_1000,WbZt,4000,1000,85,360,0.6,0.4,/eos/uscms/store/user/aji/rootfiles_existingOptimization/WbZt_4000_1000_pt360_ak6_ca4_th85.root,ok,,1000,997,0.997,0.0017294507798720387,0.3430290872617854,0.015034568410700052,0.30341023069207623,0.4608826479438315,0.28084252758274825,0.28,0.7191574724172518,0.01423298055539148,778.7444372934194,140.8634822675682,1027.2104766562231,0.7787444372934195,0.14086348226756817,1.0272104766562231,0.569087207524214,0.11965400776157167,1.313370236212124
WbZt_4000_1000,WbZt,4000,1000,85,240,0.6,1.0,/eos/uscms/store/user/aji/rootfiles_existingOptimization/WbZt_4000_1000_pt240_ak6_ca10_th85.root,ok,,1000,999,0.999,0.0009994998749374613,0.4964964964964965,0.015818911575283163,0.2952952952952953,0.5175175175175175,0.2962962962962963,0.296,0.7037037037037037,0.014446920592707834,916.4099081540257,141.34926570873736,1247.8555254488979,0.9164099081540257,0.14134926570873735,1.2478555254488979,0.6037179704707996,0.1808996140993174,1.3167806833591005
WbZt_4000_1000,WbZt,4000,1000,85,340,1.2,1.4,/eos/uscms/store/user/aji/rootfiles_existingOptimization/WbZt_4000_1000_pt340_ak12_ca14_th85.root,ok,,1000,1000,1.0,0.0,0.127,0.010529529904036551,0.076,0.4075,0.196,0.196,0.804,0.01255324659201754,1037.5614466203797,380.84546148944395,1438.8794605183866,1.0375614466203797,0.3808454614894439,1.4388794605183868,0.5098657060144476,0.2646887764098582,1.3176218506764856
WbZt_4000_1000,WbZt,4000,1000,85,340,1.0,1.0,/eos/uscms/store/user/aji/rootfiles_existingOptimization/WbZt_4000_1000_pt340_ak10_ca10_th85.root,ok,,1000,999,0.999,0.0009994998749374613,0.33933933933933935,0.014980406025230451,0.2087087087087087,0.43043043043043044,0.21621621621621623,0.216,0.7837837837837838,0.01302445394102265,1022.700670547141,270.7582176684657,1359.393229716705,1.022700670547141,0.2707582176684657,1.359393229716705,0.5322354054318863,0.23367846090455827,1.319289256270384
WbZt_4000_1000,WbZt,4000,1000,85,260,0.8,0.8,/eos/uscms/store/user/aji/rootfiles_existingOptimization/WbZt_4000_1000_pt260_ak8_ca8_th85.root,ok,,1000,999,0.999,0.0009994998749374613,0.4044044044044044,0.015527478375042444,0.23273273273273273,0.521021021021021,0.30930930930930933,0.309,0.6906906906906907,0.014623642206895745,993.9929069621728,213.68382246757852,1461.4525107062464,0.9939929069621729,0.21368382246757853,1.4614525107062464,0.6276547244447049,0.13335606122585508,1.3199461244391784
WbZt_4000_1000,WbZt,4000,1000,85,360,0.8,1.6,/eos/uscms/store/user/aji/rootfiles_existingOptimization/WbZt_4000_1000_pt360_ak8_ca16_th85.root,ok,,1000,998,0.998,0.0014127986409959495,0.6352705410821643,0.015237001448501005,0.3982965931863727,0.46993987975951906,0.2154308617234469,0.215,0.7845691382765532,0.013013805123334074,883.3757986116283,175.80664848371154,1097.7726993759811,0.8833757986116283,0.17580664848371155,1.097772699375981,0.5218424889731483,0.43346278603250865,1.3200740473885386
WbZt_4000_1000,WbZt,4000,1000,85,220,0.6,0.6,/eos/uscms/store/user/aji/rootfiles_existingOptimization/WbZt_4000_1000_pt220_ak6_ca6_th85.root,ok,,1000,1000,1.0,0.0,0.43,0.015655669899432602,0.255,0.5355,0.332,0.332,0.6679999999999999,0.014892145580808697,932.29290251679,152.51873518501012,1356.7831594530162,0.9322929025167901,0.1525187351850101,1.3567831594530164,0.6458616283664769,0.12490811067928033,1.3206323381147977
WbZt_4000_1000,WbZt,4000,1000,85,320,1.0,1.0,/eos/uscms/store/user/aji/rootfiles_existingOptimization/WbZt_4000_1000_pt320_ak10_ca10_th85.root,ok,,1000,999,0.999,0.0009994998749374613,0.31431431431431434,0.014687973403234732,0.19019019019019018,0.4469469469469469,0.23423423423423423,0.234,0.7657657657657657,0.013399556181187083,1039.5203486225573,279.3214783103377,1424.7266330378359,1.039520348622557,0.2793214783103377,1.4247266330378359,0.5509296456992143,0.2070102221550577,1.3216474463272356
WbZt_4000_1000,WbZt,4000,1000,85,340,1.2,1.2,/eos/uscms/store/user/aji/rootfiles_existingOptimization/WbZt_4000_1000_pt340_ak12_ca12_th85.root,ok,,1000,1000,1.0,0.0,0.12,0.010276186062932104,0.0725,0.408,0.198,0.198,0.802,0.012601428490452976,1046.8207454707444,390.9984640619105,1471.4384048157642,1.0468207454707443,0.3909984640619105,1.471438404815764,0.5160577612874834,0.23954844344738835,1.322739835834558
WbZt_4000_1000,WbZt,4000,1000,85,300,0.8,1.0,/eos/uscms/store/user/aji/rootfiles_existingOptimization/WbZt_4000_1000_pt300_ak8_ca10_th85.root,ok,,1000,998,0.998,0.0014127986409959495,0.5170340681362725,0.015818035941444136,0.30861723446893785,0.47995991983967934,0.24649298597194388,0.246,0.7535070140280561,0.013642082196346815,972.8479956002154,189.97467933347252,1291.1481576553588,0.9728479956002154,0.18997467933347253,1.2911481576553587,0.5659535113923415,0.23941223865022682,1.324175725860376
WbZt_4000_1000,WbZt,4000,1000,85,360,1.2,1.6,/eos/uscms/store/user/aji/rootfiles_existingOptimization/WbZt_4000_1000_pt360_ak12_ca16_th85.root,ok,,1000,1000,1.0,0.0,0.142,0.011037934589405754,0.085,0.4015,0.189,0.189,0.8109999999999999,0.012380589646701001,998.432650948801,367.20896328340825,1391.9175808096204,0.9984326509488011,0.36720896328340824,1.3919175808096202,0.5131586074195595,0.282765209578924,1.3243153423246794
WbZt_4000_1000,WbZt,4000,1000,85,320,0.8,1.0,/eos/uscms/store/user/aji/rootfiles_existingOptimization/WbZt_4000_1000_pt320_ak8_ca10_th85.root,ok,,1000,998,0.998,0.0014127986409959495,0.5420841683366734,0.015771061331643584,0.3331663326653307,0.4624248496993988,0.23446893787575152,0.234,0.7655310621242485,0.013410926924307159,956.7785192849852,186.85376982373566,1244.073036065222,0.9567785192849851,0.18685376982373564,1.2440730360652217,0.5524890269440632,0.23827513578454051,1.324342237139813
WbZt_4000_1000,WbZt,4000,1000,85,360,0.8,1.2,/eos/uscms/store/user/aji/rootfiles_existingOptimization/WbZt_4000_1000_pt360_ak8_ca12_th85.root,ok,,1000,998,0.998,0.0014127986409959495,0.6222444889779559,0.015346899999469138,0.39178356713426854,0.44939879759519036,0.20641282565130262,0.206,0.7935871743486974,0.012811512039545777,897.9643123569767,176.34042618487467,1111.6171263912922,0.8979643123569767,0.17634042618487464,1.1116171263912922,0.5207760972991806,0.41138111187422755,1.3265668404121802
WbZt_4000_1000,WbZt,4000,1000,85,200,0.6,0.8,/eos/uscms/store/user/aji/rootfiles_existingOptimization/WbZt_4000_1000_pt200_ak6_ca8_th85.root,ok,,1000,1000,1.0,0.0,0.389,0.015416841440450765,0.225,0.539,0.348,0.348,0.652,0.015063067416698366,943.9498625865501,158.26144563706532,1422.1551116473147,0.9439498625865501,0.15826144563706535,1.4221551116473148,0.669470761162574,0.11207746327172236,1.327075774903919
WbZt_4000_1000,WbZt,4000,1000,85,280,0.8,1.0,/eos/uscms/store/user/aji/rootfiles_existingOptimization/WbZt_4000_1000_pt280_ak8_ca10_th85.root,ok,,1000,999,0.999,0.0009994998749374613,0.4694694694694695,0.015789781629567706,0.27677677677677676,0.5005005005005005,0.27627627627627627,0.276,0.7237237237237237,0.014147361707628649,983.5145783509032,196.5916508375117,1378.7867347130268,0.9835145783509032,0.1965916508375117,1.3787867347130267,0.6010053688567317,0.17878283057906055,1.327377634745365
WbZt_4000_1000,WbZt,4000,1000,85,220,1.6,1.6,/eos/uscms/store/user/aji/rootfiles_existingOptimization/WbZt_4000_1000_pt220_ak16_ca16_th85.root,ok,,1000,1000,1.0,0.0,0.002,0.0014127986409959489,0.001,0.4,0.223,0.223,0.777,0.013163244280951409,1321.3986822230547,975.5699638923692,2348.9177370059233,1.3213986822230548,0.9755699638923692,2.3489177370059235,0.5196568573850486,0.11750029718851208,1.3287967256073543
WbZt_4000_1000,WbZt,4000,1000,85,360,1.2,1.2,/eos/uscms/store/user/aji/rootfiles_existingOptimization/WbZt_4000_1000_pt360_ak12_ca12_th85.root,ok,,1000,1000,1.0,0.0,0.133,0.010738295954200556,0.0805,0.3985,0.191,0.191,0.8089999999999999,0.01243056716324722,1008.798322386398,379.3278750609947,1427.1154785672704,1.008798322386398,0.3793278750609947,1.4271154785672704,0.5193246163552518,0.247190938111131,1.3292044485938916
WbZt_4000_1000,WbZt,4000,1000,85,360,1.2,1.4,/eos/uscms/store/user/aji/rootfiles_existingOptimization/WbZt_4000_1000_pt360_ak12_ca14_th85.root,ok,,1000,1000,1.0,0.0,0.138,0.01090669519148674,0.083,0.396,0.188,0.188,0.812,0.01235540367612487,1001.1784115787711,371.03142468717397,1410.8100190157088,1.0011784115787712,0.371031424687174,1.410810019015709,0.5192773746933349,0.2700142304733586,1.3313952158512121
WbZt_4000_1000,WbZt,4000,1000,85,220,0.6,0.8,/eos/uscms/store/user/aji/rootfiles_existingOptimization/WbZt_4000_1000_pt220_ak6_ca8_th85.root,ok,,1000,1000,1.0,0.0,0.443,0.015708309902723462,0.2615,0.528,0.323,0.323,0.677,0.014787528529135624,932.1028191865662,147.21431100317645,1354.7830704777355,0.9321028191865663,0.14721431100317645,1.3547830704777357,0.6477658551276502,0.13048578023002222,1.3315555732089934
WbZt_4000_1000,WbZt,4000,1000,85,340,0.8,0.8,/eos/uscms/store/user/aji/rootfiles_existingOptimization/WbZt_4000_1000_pt340_ak8_ca8_th85.root,ok,,1000,998,0.998,0.0014127986409959495,0.5561122244488977,0.015727241032309935,0.3486973947895792,0.4438877755511022,0.21342685370741482,0.213,0.7865731462925851,0.012969666778165193,934.8261363170092,187.17441638646585,1190.2185417134542,0.9348261363170092,0.18717441638646584,1.190218541713454,0.5364869927999347,0.24358264822123193,1.3315775254608189
WbZt_4000_1000,WbZt,4000,1000,85,320,0.8,0.8,/eos/uscms/store/user/aji/rootfiles_existingOptimization/WbZt_4000_1000_pt320_ak8_ca8_th85.root,ok,,1000,998,0.998,0.0014127986409959495,0.5160320641282565,0.015819085303501793,0.32014028056112226,0.46142284569138275,0.24048096192384769,0.24,0.7595190380761523,0.013528336951650169,958.7020108698387,190.22281491979942,1277.957185518543,0.9587020108698387,0.19022281491979942,1.2779571855185428,0.5672953421740675,0.19711486822695828,1.332944179163236
WbZt_4000_1000,WbZt,4000,1000,85,180,0.4,1.0,/eos/uscms/store/user/aji/rootfiles_existingOptimization/WbZt_4000_1000_pt180_ak4_ca10_th85.root,ok,,1000,999,0.999,0.0009994998749374613,0.4264264264264264,0.0156471007229022,0.24874874874874875,0.5320320320320321,0.31931931931931934,0.319,0.6806806806806807,0.01475032418940202,859.3461009343582,110.00839328258256,1205.3622083641665,0.8593461009343581,0.11000839328258255,1.2053622083641664,0.6373181968770306,0.1672365987402465,1.3330642674642754
WbZt_4000_1000,WbZt,4000,1000,85,180,0.4,0.4,/eos/uscms/store/user/aji/rootfiles_existingOptimization/WbZt_4000_1000_pt180_ak4_ca4_th85.root,ok,,1000,999,0.999,0.0009994998749374613,0.3893893893893894,0.015427355447919917,0.23023023023023023,0.5405405405405406,0.3383383383383383,0.338,0.6616616616616617,0.01496962246503017,876.7571241055623,115.53203081031974,1269.6676376877879,0.8767571241055623,0.11553203081031974,1.2696676376877878,0.6581843335774875,0.1295799007028184,1.333170282828593
WbZt_4000_1000,WbZt,4000,1000,85,360,1.0,1.0,/eos/uscms/store/user/aji/rootfiles_existingOptimization/WbZt_4000_1000_pt360_ak10_ca10_th85.root,ok,,1000,999,0.999,0.0009994998749374613,0.36436436436436437,0.015226122590957684,0.2247247247247247,0.41541541541541543,0.1961961961961962,0.196,0.8038038038038038,0.012564279123938791,996.7105306564724,265.45512253261813,1319.6998596488393,0.9967105306564725,0.26545512253261816,1.3196998596488392,0.5288620440389319,0.27083525863949537,1.3339947947770883
WbZt_4000_1000,WbZt,4000,1000,85,140,1.2,1.2,/eos/uscms/store/user/aji/rootfiles_existingOptimization/WbZt_4000_1000_pt140_ak12_ca12_th85.root,ok,,1000,1000,1.0,0.0,0.025,0.0049371044145328745,0.0135,0.3735,0.255,0.255,0.745,0.013783141876945184,1403.0150326156931,1037.2052992825184,2580.915194336895,1.4030150326156932,1.0372052992825185,2.580915194336895,0.5501401835219045,0.06361651088138387,1.335441686783474
WbZt_4000_1000,WbZt,4000,1000,85,260,0.6,1.0,/eos/uscms/store/user/aji/rootfiles_existingOptimization/WbZt_4000_1000_pt260_ak6_ca10_th85.root,ok,,1000,998,0.998,0.0014127986409959495,0.5531062124248497,0.01573769615803444,0.3346693386773547,0.48897795591182364,0.2605210420841683,0.26,0.7394789579158316,0.013893736017233827,895.0904471607791,135.2066909156136,1180.561400382156,0.8950904471607791,0.1352066909156136,1.180561400382156,0.5839380326213963,0.2628165654421921,1.33590794582115
WbZt_4000_1000,WbZt,4000,1000,85,340,0.8,1.0,/eos/uscms/store/user/aji/rootfiles_existingOptimization/WbZt_4000_1000_pt340_ak8_ca10_th85.root,ok,,1000,998,0.998,0.0014127986409959495,0.5851703406813628,0.015595912221613365,0.3632264529058116,0.4433867735470942,0.20641282565130262,0.206,0.7935871743486974,0.012811512039545777,932.7120664752879,180.7580633793992,1180.6214554656383,0.9327120664752879,0.18075806337939923,1.1806214554656385,0.5359978861776259,0.2974594353097208,1.3383138538787944
WbZt_4000_1000,WbZt,4000,1000,85,300,0.6,1.0,/eos/uscms/store/user/aji/rootfiles_existingOptimization/WbZt_4000_1000_pt300_ak6_ca10_th85.root,ok,,1000,998,0.998,0.0014127986409959495,0.6162324649298597,0.015393633163756032,0.39478957915831664,0.4529058116232465,0.22645290581162325,0.226,0.7735470941883767,0.013248510607904227,862.7920660946772,128.70001621180285,1077.387025952085,0.8627920660946773,0.12870001621180283,1.0773870259520848,0.549777314269009,0.27515580588376143,1.339045201847918
WbZt_4000_1000,WbZt,4000,1000,85,240,0.6,0.6,/eos/uscms/store/user/aji/rootfiles_existingOptimization/WbZt_4000_1000_pt240_ak6_ca6_th85.root,ok,,1000,999,0.999,0.0009994998749374613,0.4744744744744745,0.015798672273081623,0.28428428428428426,0.5175175175175175,0.2992992992992993,0.299,0.7007007007007007,0.014488932255212732,921.0060825175237,146.67589054368372,1308.015373290071,0.9210060825175237,0.14667589054368374,1.308015373290071,0.6304732969688562,0.14949466346772874,1.3400733894178045
WbZt_4000_1000,WbZt,4000,1000,85,140,1.2,1.4,/eos/uscms/store/user/aji/rootfiles_existingOptimization/WbZt_4000_1000_pt140_ak12_ca14_th85.root,ok,,1000,1000,1.0,0.0,0.027,0.00512552436341883,0.0145,0.3895,0.251,0.251,0.749,0.013711272734505722,1368.515187063017,1026.502357822042,2544.6988322673915,1.368515187063017,1.026502357822042,2.544698832267392,0.5546874776390188,0.08575308307012239,1.3405389963453205
WbZt_4000_1000,WbZt,4000,1000,85,140,1.2,1.6,/eos/uscms/store/user/aji/rootfiles_existingOptimization/WbZt_4000_1000_pt140_ak12_ca16_th85.root,ok,,1000,1000,1.0,0.0,0.035,0.005811626278418116,0.0185,0.3985,0.244,0.244,0.756,0.013581752464244074,1337.326256082872,1009.1243482454896,2483.5149050653936,1.3373262560828723,1.0091243482454897,2.4835149050653933,0.5512456478415756,0.11236277261797799,1.340978273449863
WbZt_4000_1000,WbZt,4000,1000,85,380,1.2,1.6,/eos/uscms/store/user/aji/rootfiles_existingOptimization/WbZt_4000_1000_pt380_ak12_ca16_th85.root,ok,,1000,1000,1.0,0.0,0.155,0.011444430960078356,0.0925,0.3935,0.178,0.178,0.8220000000000001,0.01209611507881766,963.9481699946498,360.71349987563855,1356.363756820251,0.9639481699946497,0.3607134998756385,1.3563637568202511,0.5164438752708763,0.28993545587886915,1.3420490582714115
WbZt_4000_1000,WbZt,4000,1000,85,280,0.8,0.8,/eos/uscms/store/user/aji/rootfiles_existingOptimization/WbZt_4000_1000_pt280_ak8_ca8_th85.root,ok,,1000,999,0.999,0.0009994998749374613,0.44344344344344344,0.01571777351646154,0.26376376376376376,0.4964964964964965,0.27927927927927926,0.279,0.7207207207207207,0.014194500600296492,984.8167525665742,201.16226225857557,1420.081620350541,0.9848167525665743,0.20116226225857556,1.420081620350541,0.6188559216297276,0.1555052631136838,1.3420949670937907
WbZt_4000_1000,WbZt,4000,1000,85,280,0.6,1.0,/eos/uscms/store/user/aji/rootfiles_existingOptimization/WbZt_4000_1000_pt280_ak6_ca10_th85.root,ok,,1000,998,0.998,0.0014127986409959495,0.5901803607214429,0.015567665430438134,0.3657314629258517,0.467935871743487,0.2374749498997996,0.237,0.7625250501002004,0.013470095955113578,880.6821340911639,132.2674085267482,1128.8159991368323,0.8806821340911639,0.13226740852674818,1.1288159991368323,0.5657822226849707,0.291114753952594,1.3422390593760547
WbZt_4000_1000,WbZt,4000,1000,85,100,1.0,1.0,/eos/uscms/store/user/aji/rootfiles_existingOptimization/WbZt_4000_1000_pt100_ak10_ca10_th85.root,ok,,1000,1000,1.0,0.0,0.023,0.004740358636221525,0.0115,0.3505,0.28,0.28,0.72,0.014198591479439079,1616.1492199229428,1043.345464585064,2865.039026022064,1.6161492199229428,1.0433454645850642,2.8650390260220635,0.5635907684080858,0.03766987277912944,1.34520569040038
WbZt_4000_1000,WbZt,4000,1000,85,380,1.2,1.2,/eos/uscms/store/user/aji/rootfiles_existingOptimization/WbZt_4000_1000_pt380_ak12_ca12_th85.root,ok,,1000,1000,1.0,0.0,0.144,0.011102432165971562,0.087,0.3895,0.18,0.18,0.8200000000000001,0.01214907403878995,980.1865014024826,371.0178954284205,1398.2170979384694,0.9801865014024826,0.3710178954284205,1.3982170979384692,0.5239815081315131,0.25210989745468104,1.3459628579912648
WbZt_4000_1000,WbZt,4000,1000,85,220,0.4,1.4,/eos/uscms/store/user/aji/rootfiles_existingOptimization/WbZt_4000_1000_pt220_ak4_ca14_th85.root,ok,,1000,999,0.999,0.0009994998749374613,0.5745745745745746,0.015642356476668225,0.35235235235235235,0.4874874874874875,0.24824824824824826,0.248,0.7517517517517518,0.013667767314132825,774.9886455290678,98.90901219631064,983.7803434300574,0.7749886455290678,0.09890901219631064,0.9837803434300575,0.5708930939431148,0.3456646100428464,1.3461459811419596
WbZt_4000_1000,WbZt,4000,1000,85,300,0.6,0.6,/eos/uscms/store/user/aji/rootfiles_existingOptimization/WbZt_4000_1000_pt300_ak6_ca6_th85.root,ok,,1000,998,0.998,0.0014127986409959495,0.5981963927855711,0.015518993096762966,0.38577154308617234,0.45490981963927857,0.22845691382765532,0.228,0.7715430861723447,0.013289754983710296,870.0037605018281,133.52461265791413,1108.4125855626128,0.8700037605018281,0.13352461265791413,1.1084125855626126,0.560278022443473,0.20728198232750716,1.3468207325656347
WbZt_4000_1000,WbZt,4000,1000,85,380,1.0,1.6,/eos/uscms/store/user/aji/rootfiles_existingOptimization/WbZt_4000_1000_pt380_ak10_ca16_th85.root,ok,,1000,998,0.998,0.0014127986409959495,0.4408817635270541,0.015716202855037543,0.26703406813627256,0.42935871743486975,0.18637274549098196,0.186,0.8136272545090181,0.012326468630021716,928.4070964818454,249.3319995805849,1222.3841339165842,0.9284070964818454,0.24933199958058488,1.2223841339165844,0.5240438908875935,0.37262365017725496,1.346830435748427
WbZt_4000_1000,WbZt,4000,1000,85,220,0.4,1.2,/eos/uscms/store/user/aji/rootfiles_existingOptimization/WbZt_4000_1000_pt220_ak4_ca12_th85.root,ok,,1000,999,0.999,0.0009994998749374613,0.5695695695695696,0.01566542308622321,0.34984984984984985,0.48148148148148145,0.24724724724724725,0.247,0.7527527527527528,0.013649261823418513,780.0061559766789,99.63921984066064,991.237836700364,0.7800061559766789,0.09963921984066065,0.991237836700364,0.5715330642123554,0.31910027255443957,1.3472852013674403
WbZt_4000_1000,WbZt,4000,1000,85,380,1.0,1.4,/eos/uscms/store/user/aji/rootfiles_existingOptimization/WbZt_4000_1000_pt380_ak10_ca14_th85.root,ok,,1000,998,0.998,0.0014127986409959495,0.4318637274549098,0.015679577374947806,0.2625250501002004,0.42334669338677355,0.18537074148296592,0.185,0.814629258517034,0.012300855733996661,933.1639731821451,250.62279145664195,1229.4309879978402,0.9331639731821451,0.25062279145664196,1.2294309879978402,0.5244567003607113,0.36281657547477186,1.3477695615595309
WbZt_4000_1000,WbZt,4000,1000,85,300,0.8,0.8,/eos/uscms/store/user/aji/rootfiles_existingOptimization/WbZt_4000_1000_pt300_ak8_ca8_th85.root,ok,,1000,998,0.998,0.0014127986409959495,0.48897795591182364,0.015823377423619108,0.29458917835671344,0.4754509018036072,0.24849699398797595,0.248,0.751503006012024,0.013679198767645909,974.7154625062792,194.32769191514097,1349.6066210512417,0.974715462506279,0.19432769191514096,1.3496066210512416,0.5926236802305055,0.19250820426137238,1.3486551399919016
WbZt_4000_1000,WbZt,4000,1000,85,180,0.4,0.8,/eos/uscms/store/user/aji/rootfiles_existingOptimization/WbZt_4000_1000_pt180_ak4_ca8_th85.root,ok,,1000,999,0.999,0.0009994998749374613,0.42042042042042044,0.01561765031992498,0.24574574574574576,0.53003003003003,0.3233233233233233,0.323,0.6766766766766767,0.0147987957711011,867.5296567047873,110.18435328478057,1253.6704206377492,0.8675296567047872,0.11018435328478056,1.2536704206377494,0.65904724899917,0.1494401921773332,1.349970960005368
WbZt_4000_1000,WbZt,4000,1000,85,380,1.2,1.4,/eos/uscms/store/user/aji/rootfiles_existingOptimization/WbZt_4000_1000_pt380_ak12_ca14_th85.root,ok,,1000,1000,1.0,0.0,0.152,0.011353237423748346,0.091,0.386,0.176,0.176,0.8240000000000001,0.012042591083317573,969.2734823092508,363.46911170333334,1377.1903885694112,0.9692734823092508,0.36346911170333335,1.3771903885694112,0.5229284073938205,0.28358932073672405,1.3500010591628955
WbZt_4000_1000,WbZt,4000,1000,85,260,0.6,0.6,/eos/uscms/store/user/aji/rootfiles_existingOptimization/WbZt_4000_1000_pt260_ak6_ca6_th85.root,ok,,1000,998,0.998,0.0014127986409959495,0.531062124248497,0.015796651951059018,0.32364729458917835,0.4924849699398798,0.2655310621242485,0.265,0.7344689378757515,0.013979096804384384,902.908633091093,140.20352327460986,1230.7963855132775,0.9029086330910929,0.14020352327460986,1.2307963855132775,0.6039331236124306,0.18526901559897513,1.3501111981790728
WbZt_4000_1000,WbZt,4000,1000,85,180,0.4,0.6,/eos/uscms/store/user/aji/rootfiles_existingOptimization/WbZt_4000_1000_pt180_ak4_ca6_th85.root,ok,,1000,999,0.999,0.0009994998749374613,0.4114114114114114,0.015569022333734065,0.24124124124124124,0.5320320320320321,0.3263263263263263,0.326,0.6736736736736737,0.01483433559635468,874.9342904524717,110.65970276950718,1272.0184500514945,0.8749342904524717,0.11065970276950718,1.2720184500514944,0.6636834102600958,0.14135809663480015,1.3508636548885224
WbZt_4000_1000,WbZt,4000,1000,85,180,1.4,1.4,/eos/uscms/store/user/aji/rootfiles_existingOptimization/WbZt_4000_1000_pt180_ak14_ca14_th85.root,ok,,1000,1000,1.0,0.0,0.007,0.0026364749192814255,0.0035,0.38,0.221,0.221,0.779,0.01312093746650749,1360.4677006009806,997.5533378859607,2458.7893196969635,1.3604677006009807,0.9975533378859607,2.4587893196969635,0.5370344261629689,0.10115583644168519,1.352081196223067
WbZt_4000_1000,WbZt,4000,1000,85,240,0.6,0.8,/eos/uscms/store/user/aji/rootfiles_existingOptimization/WbZt_4000_1000_pt240_ak6_ca8_th85.root,ok,,1000,999,0.999,0.0009994998749374613,0.4914914914914915,0.015817009295882287,0.2927927927927928,0.509009009009009,0.2902902902902903,0.29,0.7097097097097097,0.014360642942402978,921.0839458309808,141.915613461835,1311.7489175156757,0.9210839458309807,0.14191561346183498,1.3117489175156758,0.6350307750714536,0.16379721634374253,1.3536320901980652
WbZt_4000_1000,WbZt,4000,1000,85,180,1.4,1.6,/eos/uscms/store/user/aji/rootfiles_existingOptimization/WbZt_4000_1000_pt180_ak14_ca16_th85.root,ok,,1000,1000,1.0,0.0,0.009,0.002986469487538756,0.0045,0.386,0.214,0.214,0.786,0.012969348480166612,1341.1078293240994,985.1915274042433,2416.4089931011977,1.3411078293240994,0.9851915274042433,2.416408993101198,0.5335952241880018,0.1287460373095882,1.3537060071204117
WbZt_4000_1000,WbZt,4000,1000,85,320,0.6,1.4,/eos/uscms/store/user/aji/rootfiles_existingOptimization/WbZt_4000_1000_pt320_ak6_ca14_th85.root,ok,,1000,998,0.998,0.0014127986409959495,0.6643286573146293,0.014948009176537685,0.43286573146292584,0.4634268537074148,0.22545090180360722,0.225,0.7745490981963927,0.013227726114334966,802.3305291062715,126.37064523524658,1021.0442895207703,0.8023305291062715,0.12637064523524658,1.0210442895207703,0.557546803860321,0.3922381661581704,1.3538628491460865
WbZt_4000_1000,WbZt,4000,1000,85,360,0.8,0.8,/eos/uscms/store/user/aji/rootfiles_existingOptimization/WbZt_4000_1000_pt360_ak8_ca8_th85.root,ok,,1000,998,0.998,0.0014127986409959495,0.5861723446893787,0.015590396015064787,0.37374749498997994,0.42334669338677355,0.1903807615230461,0.19,0.8096192384769539,0.012427582902501524,914.3491456548466,181.78238373537235,1165.2365337888766,0.9143491456548465,0.18178238373537234,1.1652365337888766,0.5377891775406897,0.2726051728684177,1.357973501452159
WbZt_4000_1000,WbZt,4000,1000,85,300,0.6,0.8,/eos/uscms/store/user/aji/rootfiles_existingOptimization/WbZt_4000_1000_pt300_ak6_ca8_th85.root,ok,,1000,998,0.998,0.0014127986409959495,0.6142284569138277,0.015408657081562955,0.3937875751503006,0.4468937875751503,0.22144288577154309,0.221,0.7785571142284569,0.013143494093531135,869.4770836364208,129.0699905862742,1111.5600675261385,0.8694770836364208,0.1290699905862742,1.1115600675261383,0.5649890580386479,0.24996706125831086,1.3585984639034627
WbZt_4000_1000,WbZt,4000,1000,85,380,1.0,1.2,/eos/uscms/store/user/aji/rootfiles_existingOptimization/WbZt_4000_1000_pt380_ak10_ca12_th85.root,ok,,1000,998,0.998,0.0014127986409959495,0.4258517034068136,0.015652220741498954,0.2595190380761523,0.40781563126252507,0.17735470941883769,0.177,0.8226452905811623,0.012091004973464117,941.5753786493387,252.21735519804184,1247.0235086164548,0.9415753786493388,0.2522173551980419,1.247023508616455,0.5282668684717692,0.3593248274921635,1.3587546211879975
WbZt_4000_1000,WbZt,4000,1000,85,220,0.4,1.6,/eos/uscms/store/user/aji/rootfiles_existingOptimization/WbZt_4000_1000_pt220_ak4_ca16_th85.root,ok,,1000,999,0.999,0.0009994998749374613,0.5865865865865866,0.015580292312142778,0.35835835835835833,0.486986986986987,0.23923923923923923,0.239,0.7607607607607607,0.01349762985339013,766.1415178754019,98.45935412057784,977.7916315280602,0.7661415178754019,0.09845935412057782,0.9777916315280601,0.5738706602443184,0.3719468287548138,1.359017269217539
WbZt_4000_1000,WbZt,4000,1000,85,320,0.6,1.2,/eos/uscms/store/user/aji/rootfiles_existingOptimization/WbZt_4000_1000_pt320_ak6_ca12_th85.root,ok,,1000,998,0.998,0.0014127986409959495,0.657314629258517,0.015023432179437416,0.42935871743486975,0.44939879759519036,0.2154308617234469,0.215,0.7845691382765532,0.013013805123334074,817.5415234998362,126.58596877819738,1033.1996500310072,0.8175415234998362,0.1265859687781974,1.0331996500310072,0.5544756169519452,0.36212354645365685,1.3592906028785148
WbZt_4000_1000,WbZt,4000,1000,85,280,0.6,0.6,/eos/uscms/store/user/aji/rootfiles_existingOptimization/WbZt_4000_1000_pt280_ak6_ca6_th85.root,ok,,1000,998,0.998,0.0014127986409959495,0.5711422845691383,0.015666194005421828,0.3562124248496994,0.47194388777555113,0.24348697394789579,0.243,0.7565130260521042,0.013585661849220125,887.8257983380456,136.59959976463537,1186.1589254735825,0.8878257983380455,0.13659959976463537,1.1861589254735825,0.591084043555423,0.21633469847206638,1.3608144897737227
WbZt_4000_1000,WbZt,4000,1000,85,200,0.4,1.0,/eos/uscms/store/user/aji/rootfiles_existingOptimization/WbZt_4000_1000_pt200_ak4_ca10_th85.root,ok,,1000,999,0.999,0.0009994998749374613,0.4964964964964965,0.015818911575283163,0.2997997997997998,0.498998998998999,0.27927927927927926,0.279,0.7207207207207207,0.014194500600296492,829.9103164769471,103.5361817513685,1140.5779253980434,0.829910316476947,0.1035361817513685,1.1405779253980435,0.624791452195113,0.19762259553176514,1.363521141268139
WbZt_4000_1000,WbZt,4000,1000,85,320,0.6,1.6,/eos/uscms/store/user/aji/rootfiles_existingOptimization/WbZt_4000_1000_pt320_ak6_ca16_th85.root,ok,,1000,998,0.998,0.0014127986409959495,0.6733466933867736,0.014845595552435238,0.437374749498998,0.46392785571142287,0.22144288577154309,0.221,0.7785571142284569,0.013143494093531135,792.335708243324,126.19419630703534,1019.1035839599415,0.792335708243324,0.12619419630703535,1.0191035839599416,0.5634665826386663,0.41879866487163653,1.3647901260427908
WbZt_4000_1000,WbZt,4000,1000,85,200,0.4,0.4,/eos/uscms/store/user/aji/rootfiles_existingOptimization/WbZt_4000_1000_pt200_ak4_ca4_th85.root,ok,,1000,999,0.999,0.0009994998749374613,0.4644644644644645,0.015779296940172233,0.28378378378378377,0.5085085085085085,0.2952952952952953,0.295,0.7047047047047047,0.01443275054034814,840.2886541965233,108.07255511453485,1192.2546074885317,0.8402886541965233,0.10807255511453485,1.1922546074885316,0.6451247716837746,0.15965155519646332,1.366800610968827
WbZt_4000_1000,WbZt,4000,1000,85,380,1.0,1.0,/eos/uscms/store/user/aji/rootfiles_existingOptimization/WbZt_4000_1000_pt380_ak10_ca10_th85.root,ok,,1000,998,0.998,0.0014127986409959495,0.3907815631262525,0.015445013108012195,0.24148296593186372,0.3967935871743487,0.1713426853707415,0.171,0.8286573146292585,0.011927653053111303,948.9740569571444,259.8685980449547,1269.1785761937663,0.9489740569571443,0.2598685980449547,1.2691785761937664,0.5317900793753692,0.29753673522701385,1.3675499883089133
WbZt_4000_1000,WbZt,4000,1000,85,320,0.6,0.6,/eos/uscms/store/user/aji/rootfiles_existingOptimization/WbZt_4000_1000_pt320_ak6_ca6_th85.root,ok,,1000,998,0.998,0.0014127986409959495,0.6412825651302605,0.015182234264585143,0.4213426853707415,0.43587174348697394,0.20240480961923848,0.202,0.7975951903807615,0.012718515004121292,849.3258895425961,130.03902228978427,1069.5601641487676,0.8493258895425961,0.13003902228978426,1.0695601641487678,0.553098141377135,0.24775398944277305,1.367760742803637
WbZt_4000_1000,WbZt,4000,1000,85,360,0.8,1.0,/eos/uscms/store/user/aji/rootfiles_existingOptimization/WbZt_4000_1000_pt360_ak8_ca10_th85.root,ok,,1000,998,0.998,0.0014127986409959495,0.6202404809619239,0.015362755457551953,0.3907815631262525,0.4228456913827655,0.18236472945891782,0.182,0.8176352705410822,0.012223201225730637,906.3264228497155,176.43517426235255,1153.725791790873,0.9063264228497157,0.17643517426235253,1.153725791790873,0.5391493577201886,0.3733674737389292,1.3681519859762992
WbZt_4000_1000,WbZt,4000,1000,85,400,1.2,1.2,/eos/uscms/store/user/aji/rootfiles_existingOptimization/WbZt_4000_1000_pt400_ak12_ca12_th85.root,ok,,1000,998,0.998,0.0014127986409959495,0.14829659318637275,0.011249792411163717,0.09018036072144289,0.3807615230460922,0.17034068136272545,0.17,0.8296593186372745,0.011899913845682971,938.5090270613507,365.27890120397376,1361.5970673402335,0.9385090270613508,0.3652789012039737,1.3615970673402336,0.5307983926675274,0.2584227776297667,1.3686068085986667
WbZt_4000_1000,WbZt,4000,1000,85,320,0.6,1.0,/eos/uscms/store/user/aji/rootfiles_existingOptimization/WbZt_4000_1000_pt320_ak6_ca10_th85.root,ok,,1000,998,0.998,0.0014127986409959495,0.657314629258517,0.015023432179437416,0.42935871743486975,0.43236472945891785,0.19839679358717435,0.198,0.8016032064128257,0.012623557910118792,835.2860849525964,126.58596877819738,1053.079180799789,0.8352860849525963,0.1265859687781974,1.0530791807997888,0.5545963405305449,0.314366650332077,1.374670938448111
WbZt_4000_1000,WbZt,4000,1000,85,260,0.6,0.8,/eos/uscms/store/user/aji/rootfiles_existingOptimization/WbZt_4000_1000_pt260_ak6_ca8_th85.root,ok,,1000,998,0.998,0.0014127986409959495,0.5490981963927856,0.015750731354046713,0.33266533066132264,0.48096192384769537,0.2545090180360721,0.254,0.7454909819639279,0.013788198090670207,904.4083487875066,135.7367112670045,1253.9349011883135,0.9044083487875065,0.13573671126700448,1.2539349011883134,0.6181932041098578,0.22914548722477437,1.375243351195035
WbZt_4000_1000,WbZt,4000,1000,85,400,1.2,1.6,/eos/uscms/store/user/aji/rootfiles_existingOptimization/WbZt_4000_1000_pt400_ak12_ca16_th85.root,ok,,1000,998,0.998,0.0014127986409959495,0.16032064128256512,0.01161411678427032,0.09619238476953908,0.3832665330661323,0.16933867735470942,0.169,0.8306613226452906,0.011872025086976469,913.5754304211619,354.7485701495052,1333.4425466505672,0.9135754304211618,0.3547485701495052,1.3334425466505673,0.5356393921681324,0.2931663486453879,1.3769431717713068
WbZt_4000_1000,WbZt,4000,1000,85,100,1.0,1.2,/eos/uscms/store/user/aji/rootfiles_existingOptimization/WbZt_4000_1000_pt100_ak10_ca12_th85.root,ok,,1000,1000,1.0,0.0,0.027,0.00512552436341883,0.0135,0.3715,0.275,0.275,0.725,0.014120021246442939,1544.3252960526997,1031.5381820898247,2880.443875438688,1.5443252960526999,1.0315381820898248,2.880443875438688,0.5986127722166669,0.05255139018293779,1.378045301821937
WbZt_4000_1000,WbZt,4000,1000,85,320,0.6,0.8,/eos/uscms/store/user/aji/rootfiles_existingOptimization/WbZt_4000_1000_pt320_ak6_ca8_th85.root,ok,,1000,998,0.998,0.0014127986409959495,0.656312625250501,0.015033908340390763,0.4288577154308617,0.4283567134268537,0.19438877755511022,0.194,0.8056112224448898,0.012526596183306114,848.1435190489178,127.00605403005609,1071.2596724682874,0.8481435190489178,0.12700605403005608,1.0712596724682872,0.5566591014555463,0.28033984645115617,1.3794559719955444
WbZt_4000_1000,WbZt,4000,1000,85,400,1.2,1.4,/eos/uscms/store/user/aji/rootfiles_existingOptimization/WbZt_4000_1000_pt400_ak12_ca14_th85.root,ok,,1000,998,0.998,0.0014127986409959495,0.156312625250501,0.011495358845541665,0.09418837675350701,0.3777555110220441,0.16733466933867736,0.167,0.8326653306613226,0.011815794674229914,923.4748649333244,357.2554939373451,1352.4148797612393,0.9234748649333244,0.35725549393734507,1.3524148797612392,0.5388123833211992,0.2881423654097277,1.3811302274891892
WbZt_4000_1000,WbZt,4000,1000,85,200,0.4,0.8,/eos/uscms/store/user/aji/rootfiles_existingOptimization/WbZt_4000_1000_pt200_ak4_ca8_th85.root,ok,,1000,999,0.999,0.0009994998749374613,0.4924924924924925,0.015817516592758388,0.2977977977977978,0.494994994994995,0.27927927927927926,0.279,0.7207207207207207,0.014194500600296492,836.79112274617,103.97455601074144,1180.4375077208722,0.83679112274617,0.10397455601074145,1.1804375077208722,0.6432088740242661,0.1777492151819503,1.3812504824703695
WbZt_4000_1000,WbZt,4000,1000,85,380,0.6,0.4,/eos/uscms/store/user/aji/rootfiles_existingOptimization/WbZt_4000_1000_pt380_ak6_ca4_th85.root,ok,,1000,996,0.996,0.0019959959919799443,0.38353413654618473,0.015407311369101848,0.3453815261044177,0.4342369477911647,0.2640562248995984,0.263,0.7359437751004017,0.013968213160852002,715.5341994438036,133.2299471576019,1015.8055018337504,0.7155341994438036,0.13322994715760192,1.0158055018337504,0.6167249275871013,0.11622920524070428,1.3851152827431226
WbZt_4000_1000,WbZt,4000,1000,85,200,0.4,0.6,/eos/uscms/store/user/aji/rootfiles_existingOptimization/WbZt_4000_1000_pt200_ak4_ca6_th85.root,ok,,1000,999,0.999,0.0009994998749374613,0.4864864864864865,0.01581352118931533,0.2947947947947948,0.4974974974974975,0.2822822822822823,0.282,0.7177177177177176,0.014240849595054967,839.2126391020447,104.53518743359382,1197.160925048923,0.8392126391020447,0.10453518743359382,1.1971609250489228,0.6509826513006499,0.169576319492355,1.385779105108163
WbZt_4000_1000,WbZt,4000,1000,85,280,0.6,0.8,/eos/uscms/store/user/aji/rootfiles_existingOptimization/WbZt_4000_1000_pt280_ak6_ca8_th85.root,ok,,1000,998,0.998,0.0014127986409959495,0.5861723446893787,0.015590396015064787,0.3637274549098196,0.45991983967935873,0.23146292585170342,0.231,0.7685370741482966,0.013350817520466745,887.5216449087602,132.59373805225286,1207.189840691061,0.8875216449087602,0.13259373805225286,1.2071898406910608,0.605391490338965,0.26054209250751015,1.3871763999963858
WbZt_4000_1000,WbZt,4000,1000,85,220,0.4,1.0,/eos/uscms/store/user/aji/rootfiles_existingOptimization/WbZt_4000_1000_pt220_ak4_ca10_th85.root,ok,,1000,999,0.999,0.0009994998749374613,0.5625625625625625,0.015694975566200448,0.34634634634634637,0.46896896896896895,0.23823823823823823,0.238,0.7617617617617618,0.01347822104440718,790.7985156645456,99.79190892244078,1062.1458813506324,0.7907985156645456,0.09979190892244079,1.0621458813506324,0.608469764020409,0.28887514929989255,1.3921516742157163
WbZt_4000_1000,WbZt,4000,1000,85,380,0.8,1.4,/eos/uscms/store/user/aji/rootfiles_existingOptimization/WbZt_4000_1000_pt380_ak8_ca14_th85.root,ok,,1000,998,0.998,0.0014127986409959495,0.657314629258517,0.015023432179437416,0.42384769539078154,0.4403807615230461,0.19939879759519039,0.199,0.8006012024048096,0.012647483337895622,803.410322921718,171.8225336424072,1089.1762607469275,0.803410322921718,0.1718225336424072,1.0891762607469275,0.5709123351617084,0.41926548685604265,1.393172505274346
WbZt_4000_1000,WbZt,4000,1000,85,220,0.4,0.4,/eos/uscms/store/user/aji/rootfiles_existingOptimization/WbZt_4000_1000_pt220_ak4_ca4_th85.root,ok,,1000,999,0.999,0.0009994998749374613,0.5375375375375375,0.015774656035827426,0.33383383383383386,0.4744744744744745,0.24624624624624625,0.246,0.7537537537537538,0.013630657624750263,803.1431701900774,102.69409793435725,1099.901538201782,0.8031431701900773,0.10269409793435724,1.0999015382017818,0.6208154892429819,0.20843182484565623,1.3952549259777278
WbZt_4000_1000,WbZt,4000,1000,85,240,0.4,1.2,/eos/uscms/store/user/aji/rootfiles_existingOptimization/WbZt_4000_1000_pt240_ak4_ca12_th85.root,ok,,1000,998,0.998,0.0014127986409959495,0.6222444889779559,0.015346899999469138,0.39028056112224446,0.45991983967935873,0.22244488977955912,0.222,0.7775551102204409,0.013164717252991853,747.0820674644239,95.96210820525458,980.9364740928714,0.7470820674644238,0.09596210820525457,0.9809364740928714,0.5922872495729925,0.39772153989887826,1.397134153046991
WbZt_4000_1000,WbZt,4000,1000,85,240,0.4,1.4,/eos/uscms/store/user/aji/rootfiles_existingOptimization/WbZt_4000_1000_pt240_ak4_ca14_th85.root,ok,,1000,998,0.998,0.0014127986409959495,0.625250501002004,0.015322593636530582,0.39178356713426854,0.46593186372745493,0.22344689378757515,0.223,0.7765531062124249,0.01318582995748066,738.146888293548,95.61000852029895,972.4542887269226,0.738146888293548,0.09561000852029895,0.9724542887269227,0.5939497233631351,0.4125749451721949,1.398688140746205
WbZt_4000_1000,WbZt,4000,1000,85,240,0.4,0.4,/eos/uscms/store/user/aji/rootfiles_existingOptimization/WbZt_4000_1000_pt240_ak4_ca4_th85.root,ok,,1000,998,0.998,0.0014127986409959495,0.5841683366733467,0.01560136199483333,0.3712424849699399,0.45541082164328656,0.22545090180360722,0.225,0.7745490981963927,0.013227726114334966,778.0199962600159,98.30117969591399,1032.4922532723217,0.7780199962600158,0.09830117969591398,1.0324922532723215,0.6003644366900044,0.26426268921611107,1.3991115352603956
WbZt_4000_1000,WbZt,4000,1000,85,100,1.0,1.4,/eos/uscms/store/user/aji/rootfiles_existingOptimization/WbZt_4000_1000_pt100_ak10_ca14_th85.root,ok,,1000,1000,1.0,0.0,0.032,0.005565608681896348,0.016,0.394,0.279,0.279,0.721,0.014183053267896867,1439.4099642981328,1019.3133831903411,2846.6071499338686,1.4394099642981328,1.0193133831903411,2.8466071499338685,0.6347370839670856,0.07225949900155584,1.399678080396899
WbZt_4000_1000,WbZt,4000,1000,85,200,1.6,1.4,/eos/uscms/store/user/aji/rootfiles_existingOptimization/WbZt_4000_1000_pt200_ak16_ca14_th85.root,ok,,1000,1000,1.0,0.0,0.002,0.0014127986409959489,0.001,0.349,0.225,0.225,0.775,0.013205112646244256,1455.584892116131,1074.589194409565,2764.780466009438,1.455584892116131,1.074589194409565,2.764780466009438,0.5805883534359413,0.06374647831795784,1.4011468426475544
WbZt_4000_1000,WbZt,4000,1000,85,380,0.8,1.2,/eos/uscms/store/user/aji/rootfiles_existingOptimization/WbZt_4000_1000_pt380_ak8_ca12_th85.root,ok,,1000,998,0.998,0.0014127986409959495,0.6513026052104208,0.015085179712235462,0.42084168336673344,0.42685370741482964,0.18837675350701402,0.188,0.811623246492986,0.012377291583341235,811.174563718638,171.90181777167587,1097.7700069154814,0.811174563718638,0.17190181777167585,1.0977700069154814,0.5706960194236008,0.41212669551484005,1.4032018095447232
WbZt_4000_1000,WbZt,4000,1000,85,380,0.8,0.8,/eos/uscms/store/user/aji/rootfiles_existingOptimization/WbZt_4000_1000_pt380_ak8_ca8_th85.root,ok,,1000,998,0.998,0.0014127986409959495,0.6152304609218436,0.015401179615303014,0.4028056112224449,0.40230460921843686,0.17034068136272545,0.17,0.8296593186372745,0.011899913845682971,851.4255359713392,177.44687709981847,1128.8637781711434,0.8514255359713392,0.17744687709981846,1.1288637781711433,0.5587199707288034,0.2854289350322444,1.4052367357689441
WbZt_4000_1000,WbZt,4000,1000,85,240,0.4,1.6,/eos/uscms/store/user/aji/rootfiles_existingOptimization/WbZt_4000_1000_pt240_ak4_ca16_th85.root,ok,,1000,998,0.998,0.0014127986409959495,0.6352705410821643,0.015237001448501005,0.3967935871743487,0.46693386773547096,0.21743486973947895,0.217,0.782565130260521,0.01305748609215988,731.8123937928613,95.42195711816477,968.1204339480713,0.7318123937928613,0.09542195711816477,0.9681204339480712,0.5962583335784025,0.4608389011456102,1.4076422244596374
WbZt_4000_1000,WbZt,4000,1000,85,380,0.8,1.6,/eos/uscms/store/user/aji/rootfiles_existingOptimization/WbZt_4000_1000_pt380_ak8_ca16_th85.root,ok,,1000,998,0.998,0.0014127986409959495,0.6653306613226453,0.014936933969843198,0.4278557114228457,0.4483967935871743,0.19939879759519039,0.199,0.8006012024048096,0.012647483337895622,782.9825057850153,171.621948678583,1086.2012875633259,0.7829825057850153,0.171621948678583,1.0862012875633258,0.5840356151813308,0.4291996500016151,1.408338567007639
WbZt_4000_1000,WbZt,4000,1000,85,240,0.4,1.0,/eos/uscms/store/user/aji/rootfiles_existingOptimization/WbZt_4000_1000_pt240_ak4_ca10_th85.root,ok,,1000,998,0.998,0.0014127986409959495,0.6152304609218436,0.015401179615303014,0.3867735470941884,0.44639278557114226,0.21342685370741482,0.213,0.7865731462925851,0.012969666778165193,764.634052756718,96.24676782601769,1018.0608257474464,0.7646340527567179,0.09624676782601768,1.0180608257474464,0.6027811961800768,0.3567871836626767,1.4148909371969902
WbZt_4000_1000,WbZt,4000,1000,85,220,0.4,0.8,/eos/uscms/store/user/aji/rootfiles_existingOptimization/WbZt_4000_1000_pt220_ak4_ca8_th85.root,ok,,1000,999,0.999,0.0009994998749374613,0.5615615615615616,0.01569893724966346,0.3458458458458458,0.46346346346346345,0.23623623623623624,0.236,0.7637637637637638,0.013439095438733397,797.6003164279427,99.79190892244078,1113.9455535091765,0.7976003164279428,0.09979190892244079,1.1139455535091767,0.6357530355107106,0.2609757766223075,1.42075676763168
WbZt_4000_1000,WbZt,4000,1000,85,340,0.6,0.6,/eos/uscms/store/user/aji/rootfiles_existingOptimization/WbZt_4000_1000_pt340_ak6_ca6_th85.root,ok,,1000,997,0.997,0.0017294507798720387,0.6730190571715146,0.014856869980326176,0.45235707121364094,0.41624874623871616,0.18655967903711135,0.186,0.8134403209628887,0.01233741466420217,784.672262254761,127.54085319739187,1046.8266222092007,0.784672262254761,0.12754085319739186,1.0468266222092006,0.5857768989885248,0.24970399107437832,1.4237499937259375
WbZt_4000_1000,WbZt,4000,1000,85,240,0.4,0.8,/eos/uscms/store/user/aji/rootfiles_existingOptimization/WbZt_4000_1000_pt240_ak4_ca8_th85.root,ok,,1000,998,0.998,0.0014127986409959495,0.6132264529058116,0.015416065662918503,0.38577154308617234,0.4433867735470942,0.21342685370741482,0.213,0.7865731462925851,0.012969666778165193,771.4970662136229,96.29132329404361,1045.0918970806779,0.7714970662136229,0.0962913232940436,1.045091897080678,0.614908737400122,0.32581814368884676,1.4263321770713449
WbZt_4000_1000,WbZt,4000,1000,85,220,0.4,0.6,/eos/uscms/store/user/aji/rootfiles_existingOptimization/WbZt_4000_1000_pt220_ak4_ca6_th85.root,ok,,1000,999,0.999,0.0009994998749374613,0.5595595595595596,0.01570666604417674,0.34484484484484484,0.46546546546546547,0.23723723723723725,0.237,0.7627627627627628,0.013458709721687763,803.1431701900774,99.79190892244078,1134.2156610832874,0.8031431701900773,0.09979190892244079,1.1342156610832874,0.643984653393761,0.24697566248661296,1.4274330991375161
WbZt_4000_1000,WbZt,4000,1000,85,240,0.4,0.6,/eos/uscms/store/user/aji/rootfiles_existingOptimization/WbZt_4000_1000_pt240_ak4_ca6_th85.root,ok,,1000,998,0.998,0.0014127986409959495,0.6112224448897795,0.015430676566870381,0.3847695390781563,0.44488977955911824,0.21442885771543085,0.214,0.7855711422845691,0.012991793413014974,775.108994594394,96.29132329404361,1056.5797982184192,0.775108994594394,0.0962913232940436,1.0565797982184193,0.6194538327005766,0.30802627791752646,1.4295140755257065
WbZt_4000_1000,WbZt,4000,1000,85,100,1.0,1.6,/eos/uscms/store/user/aji/rootfiles_existingOptimization/WbZt_4000_1000_pt100_ak10_ca16_th85.root,ok,,1000,1000,1.0,0.0,0.045,0.0065555320150236475,0.0225,0.41,0.271,0.271,0.729,0.014055568291606,1371.3340054531777,1005.0314101728252,2833.7657544503204,1.3713340054531777,1.0050314101728253,2.8337657544503205,0.6667720398551492,0.09686860286588589,1.432905440400467
WbZt_4000_1000,WbZt,4000,1000,85,340,0.6,1.4,/eos/uscms/store/user/aji/rootfiles_existingOptimization/WbZt_4000_1000_pt340_ak6_ca14_th85.root,ok,,1000,997,0.997,0.0017294507798720387,0.6930792377131394,0.014606864462724717,0.46238716148445336,0.44332998996990974,0.20762286860581744,0.207,0.7923771313941825,0.012845646926979848,729.3954267978964,124.30234836602834,1016.1755347940853,0.7293954267978964,0.12430234836602834,1.0161755347940853,0.6113783783533239,0.3697106147878457,1.4338159670677166
WbZt_4000_1000,WbZt,4000,1000,85,380,0.8,1.0,/eos/uscms/store/user/aji/rootfiles_existingOptimization/WbZt_4000_1000_pt380_ak8_ca10_th85.root,ok,,1000,998,0.998,0.0014127986409959495,0.6482965931863728,0.015115060388579871,0.4193386773547094,0.40230460921843686,0.1653306613226453,0.165,0.8346693386773547,0.011758953172314252,818.967362494112,172.71820543569095,1122.8192544953895,0.818967362494112,0.17271820543569094,1.1228192544953894,0.5800603861466637,0.3900811357289621,1.4348329885746072
WbZt_4000_1000,WbZt,4000,1000,85,340,0.6,0.8,/eos/uscms/store/user/aji/rootfiles_existingOptimization/WbZt_4000_1000_pt340_ak6_ca8_th85.root,ok,,1000,997,0.997,0.0017294507798720387,0.6870611835506519,0.014685199312408559,0.4593781344032096,0.40872617853560683,0.17853560682046138,0.178,0.8214643931795387,0.012128559261800719,784.0405489384525,125.06694658109389,1051.926854067454,0.7840405489384525,0.1250669465810939,1.0519268540674542,0.5910790639216794,0.28573681456422867,1.437139402207373
WbZt_4000_1000,WbZt,4000,1000,85,340,0.6,1.6,/eos/uscms/store/user/aji/rootfiles_existingOptimization/WbZt_4000_1000_pt340_ak6_ca16_th85.root,ok,,1000,997,0.997,0.0017294507798720387,0.7001003009027081,0.014511776063328093,0.46589769307923773,0.44784353059177534,0.20661985957873621,0.206,0.7933801404212638,0.012822689159385961,723.6010148002515,124.04707138556746,1011.7850829766858,0.7236010148002516,0.12404707138556746,1.0117850829766857,0.6134167817855923,0.39308749076242583,1.4374368207268309
WbZt_4000_1000,WbZt,4000,1000,85,260,0.4,0.4,/eos/uscms/store/user/aji/rootfiles_existingOptimization/WbZt_4000_1000_pt260_ak4_ca4_th85.root,ok,,1000,998,0.998,0.0014127986409959495,0.6382765531062125,0.015209940151752886,0.4153306613226453,0.4348697394789579,0.19839679358717435,0.198,0.8016032064128257,0.012623557910118792,738.6209852582489,95.60475774560203,997.6777784038065,0.7386209852582488,0.09560475774560204,0.9976777784038067,0.6106467583931473,0.31376392727777513,1.4403878662801481
WbZt_4000_1000,WbZt,4000,1000,85,340,0.6,1.2,/eos/uscms/store/user/aji/rootfiles_existingOptimization/WbZt_4000_1000_pt340_ak6_ca12_th85.root,ok,,1000,997,0.997,0.0017294507798720387,0.6870611835506519,0.014685199312408559,0.4593781344032096,0.42878635907723167,0.19759277833500502,0.197,0.802407221664995,0.01261058892932013,736.7708344497482,124.67353087985272,1025.6007886324678,0.7367708344497483,0.12467353087985271,1.0256007886324678,0.6114026340534136,0.3483624104707754,1.443132772273434
WbZt_4000_1000,WbZt,4000,1000,85,160,1.4,1.2,/eos/uscms/store/user/aji/rootfiles_existingOptimization/WbZt_4000_1000_pt160_ak14_ca12_th85.root,ok,,1000,1000,1.0,0.0,0.004,0.001995995991979944,0.002,0.3235,0.231,0.231,0.769,0.01332812815064441,1553.8278108659722,1075.1096293396076,3000.112065250922,1.5538278108659722,1.0751096293396079,3.000112065250922,0.6194387893078322,0.04391968571455104,1.4438215703944295
WbZt_4000_1000,WbZt,4000,1000,85,340,0.6,1.0,/eos/uscms/store/user/aji/rootfiles_existingOptimization/WbZt_4000_1000_pt340_ak6_ca10_th85.root,ok,,1000,997,0.997,0.0017294507798720387,0.6870611835506519,0.014685199312408559,0.4593781344032096,0.413741223671013,0.18254764292878636,0.182,0.8174523570712137,0.012234092530714362,759.8568110709175,124.67353087985272,1041.0716246166348,0.7598568110709174,0.12467353087985271,1.041071624616635,0.6030070931688042,0.31692249429972197,1.4474737691329262
WbZt_4000_1000,WbZt,4000,1000,85,260,0.4,1.2,/eos/uscms/store/user/aji/rootfiles_existingOptimization/WbZt_4000_1000_pt260_ak4_ca12_th85.root,ok,,1000,998,0.998,0.0014127986409959495,0.6693386773547094,0.014891875242838094,0.4308617234468938,0.437374749498998,0.19539078156312625,0.195,0.8046092184368737,0.012551027073689465,705.3253829157461,94.00782950884091,971.001792829452,0.705325382915746,0.09400782950884091,0.971001792829452,0.6216945997996017,0.49227610442816505,1.457771279944901
WbZt_4000_1000,WbZt,4000,1000,85,200,1.6,1.6,/eos/uscms/store/user/aji/rootfiles_existingOptimization/WbZt_4000_1000_pt200_ak16_ca16_th85.root,ok,,1000,1000,1.0,0.0,0.002,0.0014127986409959489,0.001,0.365,0.206,0.206,0.794,0.0127892142057282,1404.6211205211966,1029.7704764144478,2791.937670969117,1.4046211205211967,1.0297704764144477,2.791937670969117,0.6272749173459681,0.110683449384212,1.4617370293980878
WbZt_4000_1000,WbZt,4000,1000,85,260,0.4,1.4,/eos/uscms/store/user/aji/rootfiles_existingOptimization/WbZt_4000_1000_pt260_ak4_ca14_th85.root,ok,,1000,998,0.998,0.0014127986409959495,0.6743486973947895,0.014833833521738114,0.4333667334669339,0.43987975951903807,0.19238476953907815,0.192,0.8076152304609219,0.012477349015933021,698.7319697005864,93.70326044354047,964.2861454419731,0.6987319697005865,0.09370326044354046,0.964286145441973,0.6229734166675427,0.5019121463172944,1.4627154501584059
WbZt_4000_1000,WbZt,4000,1000,85,260,0.4,0.6,/eos/uscms/store/user/aji/rootfiles_existingOptimization/WbZt_4000_1000_pt260_ak4_ca6_th85.root,ok,,1000,998,0.998,0.0014127986409959495,0.6623246492985972,0.014969933401394001,0.4273547094188377,0.4253507014028056,0.187374749498998,0.187,0.812625250501002,0.012351946969488652,733.1768756843542,94.1704200389622,1009.0910027770822,0.7331768756843542,0.09417042003896221,1.009091002777082,0.6239426072215687,0.37476303841002157,1.4652501701541352
WbZt_4000_1000,WbZt,4000,1000,85,260,0.4,1.0,/eos/uscms/store/user/aji/rootfiles_existingOptimization/WbZt_4000_1000_pt260_ak4_ca10_th85.root,ok,,1000,998,0.998,0.0014127986409959495,0.6653306613226453,0.014936933969843198,0.4288577154308617,0.42334669338677355,0.1843687374749499,0.184,0.8156312625250501,0.012275107439127656,717.4249102267802,94.03835488449768,994.3048061323439,0.7174249102267802,0.09403835488449767,0.9943048061323438,0.6274290440816094,0.4608389011456102,1.4733178155839814
WbZt_4000_1000,WbZt,4000,1000,85,260,0.4,1.6,/eos/uscms/store/user/aji/rootfiles_existingOptimization/WbZt_4000_1000_pt260_ak4_ca16_th85.root,ok,,1000,998,0.998,0.0014127986409959495,0.6833667334669339,0.0147244783126883,0.437875751503006,0.44138276553106215,0.187374749498998,0.187,0.812625250501002,0.012351946969488652,690.9516763186205,93.50448679881576,961.6704068654153,0.6909516763186205,0.09350448679881576,0.9616704068654154,0.628239245826983,0.5496445546091412,1.4737693286961229
WbZt_4000_1000,WbZt,4000,1000,85,260,0.4,0.8,/eos/uscms/store/user/aji/rootfiles_existingOptimization/WbZt_4000_1000_pt260_ak4_ca8_th85.root,ok,,1000,998,0.998,0.0014127986409959495,0.6633266533066132,0.014959008931613536,0.4278557114228457,0.42084168336673344,0.1843687374749499,0.184,0.8156312625250501,0.012275107439127656,726.7148146902978,94.1704200389622,1008.7488522000341,0.7267148146902978,0.09417042003896221,1.008748852200034,0.6292553926747974,0.4116201978547932,1.4742151737308176
WbZt_4000_1000,WbZt,4000,1000,85,160,1.4,1.4,/eos/uscms/store/user/aji/rootfiles_existingOptimization/WbZt_4000_1000_pt160_ak14_ca14_th85.root,ok,,1000,1000,1.0,0.0,0.006,0.002442130217658346,0.003,0.3325,0.193,0.193,0.8069999999999999,0.012480024038438389,1510.1487275973618,1036.4415535504004,2967.8086436884323,1.5101487275973617,1.0364415535504006,2.9678086436884326,0.6394625426102323,0.09211281840025617,1.4974774153699684
WbZt_4000_1000,WbZt,4000,1000,85,400,1.0,1.0,/eos/uscms/store/user/aji/rootfiles_existingOptimization/WbZt_4000_1000_pt400_ak10_ca10_th85.root,ok,,1000,998,0.998,0.0014127986409959495,0.4188376753507014,0.01561731340575417,0.26603206412825653,0.374248496993988,0.1523046092184369,0.152,0.8476953907815631,0.011373946040240772,796.9983621078907,249.36961157665837,1250.1592286673717,0.7969983621078907,0.24936961157665838,1.250159228667372,0.627849230733573,0.29513373315206315,1.497844785304347
WbZt_4000_1000,WbZt,4000,1000,85,120,1.2,1.0,/eos/uscms/store/user/aji/rootfiles_existingOptimization/WbZt_4000_1000_pt120_ak12_ca10_th85.root,ok,,1000,1000,1.0,0.0,0.007,0.0026364749192814255,0.0045,0.305,0.246,0.246,0.754,0.013619251080731275,1698.4423680955456,1109.6456104704478,3431.3670679188126,1.6984423680955456,1.109645610470448,3.4313670679188126,0.6834854985546841,0.016849226863498004,1.5073297353642388
WbZt_4000_1000,WbZt,4000,1000,85,160,1.4,1.6,/eos/uscms/store/user/aji/rootfiles_existingOptimization/WbZt_4000_1000_pt160_ak14_ca16_th85.root,ok,,1000,1000,1.0,0.0,0.008,0.0028170906978654416,0.004,0.338,0.187,0.187,0.813,0.012330085157856779,1469.1753807039086,1024.9941867546654,2961.2920348598973,1.4691753807039085,1.0249941867546655,2.961292034859897,0.6589743721329976,0.11637251426026732,1.5188919102033884
WbZt_4000_1000,WbZt,4000,1000,85,280,0.4,0.4,/eos/uscms/store/user/aji/rootfiles_existingOptimization/WbZt_4000_1000_pt280_ak4_ca4_th85.root,ok,,1000,998,0.998,0.0014127986409959495,0.6813627254509018,0.014749327005366832,0.4589178356713427,0.4088176352705411,0.1743486973947896,0.174,0.8256513026052104,0.012009983702261503,668.8342610544321,93.5146106477877,980.8924001044101,0.6688342610544322,0.09351461064778771,0.98089240010441,0.6633764455020975,0.3170599084606323,1.5241443220018647
WbZt_4000_1000,WbZt,4000,1000,85,400,1.0,1.6,/eos/uscms/store/user/aji/rootfiles_existingOptimization/WbZt_4000_1000_pt400_ak10_ca16_th85.root,ok,,1000,998,0.998,0.0014127986409959495,0.4709418837675351,0.015800472643327023,0.2925851703406814,0.4013026052104208,0.16633266533066132,0.166,0.8336673346693386,0.011787450859715174,725.7322484370987,242.89470986326185,1205.1677812540263,0.7257322484370987,0.24289470986326187,1.2051677812540265,0.6629670057125534,0.36504551957836906,1.5260611155381822
WbZt_4000_1000,WbZt,4000,1000,85,400,1.0,1.4,/eos/uscms/store/user/aji/rootfiles_existingOptimization/WbZt_4000_1000_pt400_ak10_ca14_th85.root,ok,,1000,998,0.998,0.0014127986409959495,0.46292585170340683,0.01578365467938774,0.28857715430861725,0.39629258517034066,0.16432865731462926,0.164,0.8356713426853708,0.011730300490567084,727.3632705301804,243.46317937616897,1211.406092795755,0.7273632705301805,0.24346317937616896,1.2114060927957553,0.6653779154356018,0.36281657547477186,1.5303129310679544
WbZt_4000_1000,WbZt,4000,1000,85,400,0.6,0.4,/eos/uscms/store/user/aji/rootfiles_existingOptimization/WbZt_4000_1000_pt400_ak6_ca4_th85.root,ok,,1000,996,0.996,0.0019959959919799443,0.41365461847389556,0.015605080880477885,0.37751004016064255,0.40963855421686746,0.2429718875502008,0.242,0.7570281124497992,0.013589527232841543,597.4842169755259,128.73981194292807,1004.8946059083439,0.5974842169755259,0.12873981194292808,1.0048946059083441,0.7332032956456364,0.11902197320034093,1.534482986397883
WbZt_4000_1000,WbZt,4000,1000,85,400,1.0,1.2,/eos/uscms/store/user/aji/rootfiles_existingOptimization/WbZt_4000_1000_pt400_ak10_ca12_th85.root,ok,,1000,998,0.998,0.0014127986409959495,0.4559118236472946,0.015765574502207717,0.2850701402805611,0.3817635270541082,0.156312625250501,0.156,0.8436873747494991,0.011495358845541662,727.3632705301804,244.19647112277582,1225.9316827943376,0.7273632705301805,0.24419647112277582,1.2259316827943376,0.6748589401249033,0.3593248274921635,1.5478099878213845
WbZt_4000_1000,WbZt,4000,1000,85,120,1.2,1.2,/eos/uscms/store/user/aji/rootfiles_existingOptimization/WbZt_4000_1000_pt120_ak12_ca12_th85.root,ok,,1000,1000,1.0,0.0,0.02,0.004427188724235731,0.011,0.3225,0.229,0.229,0.771,0.013287550564344055,1664.886274142528,1078.5528084536152,3491.147595438749,1.6648862741425279,1.0785528084536151,3.491147595438749,0.724552428732017,0.05376679118377753,1.5620410561462696
WbZt_4000_1000,WbZt,4000,1000,85,120,1.2,1.4,/eos/uscms/store/user/aji/rootfiles_existingOptimization/WbZt_4000_1000_pt120_ak12_ca14_th85.root,ok,,1000,1000,1.0,0.0,0.022,0.0046385342512479085,0.012,0.338,0.228,0.228,0.772,0.013267102170406315,1604.4389762466355,1067.524291655897,3487.39853705607,1.6044389762466356,1.0675242916558971,3.48739853705607,0.7541185053547927,0.07337686381923866,1.5865624029794563
WbZt_4000_1000,WbZt,4000,1000,85,280,0.4,0.6,/eos/uscms/store/user/aji/rootfiles_existingOptimization/WbZt_4000_1000_pt280_ak4_ca6_th85.root,ok,,1000,998,0.998,0.0014127986409959495,0.7034068136272545,0.014458345537486993,0.46993987975951906,0.4003006012024048,0.1653306613226453,0.165,0.8346693386773547,0.011758953172314252,627.6302578860589,92.47445582959526,987.504115139585,0.6276302578860589,0.09247445582959525,0.987504115139585,0.7130230323220611,0.3795047778153791,1.58692934521081
WbZt_4000_1000,WbZt,4000,1000,85,180,1.6,1.4,/eos/uscms/store/user/aji/rootfiles_existingOptimization/WbZt_4000_1000_pt180_ak16_ca14_th85.root,ok,,1000,1000,1.0,0.0,0.002,0.0014127986409959489,0.001,0.3045,0.198,0.198,0.802,0.012601428490452976,1631.3210250440738,1099.2019739736425,3515.4987037024553,1.631321025044074,1.0992019739736425,3.5154987037024554,0.740595104407341,0.061473550644246096,1.6057272069117485
WbZt_4000_1000,WbZt,4000,1000,85,280,0.4,0.8,/eos/uscms/store/user/aji/rootfiles_existingOptimization/WbZt_4000_1000_pt280_ak4_ca8_th85.root,ok,,1000,998,0.998,0.0014127986409959495,0.7034068136272545,0.014458345537486993,0.46993987975951906,0.39629258517034066,0.16432865731462926,0.164,0.8356713426853708,0.011730300490567084,606.5853398933787,92.47445582959526,988.0866192250519,0.6065853398933787,0.09247445582959525,0.9880866192250518,0.7382408578757286,0.4116201978547932,1.6152536665717616
WbZt_4000_1000,WbZt,4000,1000,85,120,1.2,1.6,/eos/uscms/store/user/aji/rootfiles_existingOptimization/WbZt_4000_1000_pt120_ak12_ca16_th85.root,ok,,1000,1000,1.0,0.0,0.029,0.005306505441436953,0.0155,0.35,0.221,0.221,0.779,0.01312093746650749,1533.318564880042,1050.565837225228,3465.8245070365824,1.533318564880042,1.050565837225228,3.4658245070365825,0.7875919346219845,0.09131185832795756,1.6199237911099886
WbZt_4000_1000,WbZt,4000,1000,85,280,0.4,1.2,/eos/uscms/store/user/aji/rootfiles_existingOptimization/WbZt_4000_1000_pt280_ak4_ca12_th85.root,ok,,1000,998,0.998,0.0014127986409959495,0.7074148296593187,0.01440117620855239,0.47194388777555113,0.41382765531062127,0.17935871743486975,0.179,0.8206412825651302,0.012144304681098997,565.4069448997428,92.37382623816067,959.9505288027567,0.5654069448997427,0.09237382623816068,0.9599505288027567,0.767214402290755,0.4643281621129344,1.633314990365911
WbZt_4000_1000,WbZt,4000,1000,85,360,0.6,0.6,/eos/uscms/store/user/aji/rootfiles_existingOptimization/WbZt_4000_1000_pt360_ak6_ca6_th85.root,ok,,1000,997,0.997,0.0017294507798720387,0.7031093279839519,0.014469786628042956,0.4834503510531595,0.3971915747241725,0.17051153460381144,0.17,0.8294884653961886,0.01191062298919906,593.4892393749876,126.0923053875383,1028.547162484759,0.5934892393749877,0.1260923053875383,1.0285471624847589,0.7602958884710439,0.2560606189260455,1.633435429929734
WbZt_4000_1000,WbZt,4000,1000,85,280,0.4,1.0,/eos/uscms/store/user/aji/rootfiles_existingOptimization/WbZt_4000_1000_pt280_ak4_ca10_th85.root,ok,,1000,998,0.998,0.0014127986409959495,0.7044088176352705,0.014444178892575104,0.47044088176352705,0.39929859719438876,0.1653306613226453,0.165,0.8346693386773547,0.011758953172314252,580.8499760756808,92.4593202929102,978.1121069435407,0.5808499760756809,0.0924593202929102,0.9781121069435407,0.7623765370829901,0.4455965339308553,1.6409608781527767
WbZt_4000_1000,WbZt,4000,1000,85,180,1.6,1.6,/eos/uscms/store/user/aji/rootfiles_existingOptimization/WbZt_4000_1000_pt180_ak16_ca16_th85.root,ok,,1000,1000,1.0,0.0,0.002,0.0014127986409959489,0.001,0.3185,0.182,0.182,0.8180000000000001,0.012201475320632336,1571.0818072307625,1072.8493695700136,3504.7072436591316,1.5710818072307624,1.0728493695700134,3.5047072436591313,0.7739437446531146,0.10262059261821682,1.6490519253761908
WbZt_4000_1000,WbZt,4000,1000,85,280,0.4,1.4,/eos/uscms/store/user/aji/rootfiles_existingOptimization/WbZt_4000_1000_pt280_ak4_ca14_th85.root,ok,,1000,998,0.998,0.0014127986409959495,0.7124248496993988,0.014327814060130428,0.4744488977955912,0.41432865731462926,0.17535070140280562,0.175,0.8246492985971944,0.012037134964627714,553.0679048357867,92.18573513242461,955.6484214335424,0.5530679048357868,0.09218573513242462,0.9556484214335423,0.7806118188665198,0.47908785684609223,1.6519543269801356
WbZt_4000_1000,WbZt,4000,1000,85,140,1.4,1.2,/eos/uscms/store/user/aji/rootfiles_existingOptimization/WbZt_4000_1000_pt140_ak14_ca12_th85.root,ok,,1000,1000,1.0,0.0,0.003,0.001729450779872038,0.0015,0.278,0.203,0.203,0.7969999999999999,0.012719709116170859,1813.8726661871433,1111.8054533441336,4052.4552845869853,1.8138726661871432,1.1118054533441337,4.052455284586985,0.8105998524759331,0.03957768217365419,1.6889871190946475
WbZt_4000_1000,WbZt,4000,1000,85,280,0.4,1.6,/eos/uscms/store/user/aji/rootfiles_existingOptimization/WbZt_4000_1000_pt280_ak4_ca16_th85.root,ok,,1000,998,0.998,0.0014127986409959495,0.7234468937875751,0.014158828712775628,0.47995991983967934,0.41432865731462926,0.17034068136272545,0.17,0.8296593186372745,0.011899913845682971,514.9412192382165,91.76580871673833,954.0231964152063,0.5149412192382165,0.09176580871673833,0.9540231964152063,0.8372386550974277,0.5097074410154461,1.7174038518108805
WbZt_4000_1000,WbZt,4000,1000,85,140,1.4,1.4,/eos/uscms/store/user/aji/rootfiles_existingOptimization/WbZt_4000_1000_pt140_ak14_ca14_th85.root,ok,,1000,1000,1.0,0.0,0.004,0.001995995991979944,0.002,0.2895,0.175,0.175,0.825,0.012015614840697917,1760.9641308981668,1083.4207464441795,4050.4027878589595,1.7609641308981667,1.0834207464441796,4.0504027878589595,0.8424311402360855,0.07734842299071079,1.7435275533259023
WbZt_4000_1000,WbZt,4000,1000,85,140,1.4,1.6,/eos/uscms/store/user/aji/rootfiles_existingOptimization/WbZt_4000_1000_pt140_ak14_ca16_th85.root,ok,,1000,1000,1.0,0.0,0.006,0.002442130217658346,0.003,0.2955,0.168,0.168,0.832,0.011822690049223148,1736.3338252078292,1077.0033032494935,4019.037361305173,1.736333825207829,1.0770033032494934,4.019037361305173,0.8471971274600768,0.09986972159809357,1.7528305099808597
WbZt_4000_1000,WbZt,4000,1000,85,100,1.2,1.0,/eos/uscms/store/user/aji/rootfiles_existingOptimization/WbZt_4000_1000_pt100_ak12_ca10_th85.root,ok,,1000,1000,1.0,0.0,0.005,0.0022304708023195463,0.003,0.2265,0.188,0.188,0.812,0.01235540367612487,2180.998527595245,1170.8863438980736,4821.153091807972,2.180998527595245,1.1708863438980734,4.821153091807972,0.8368338404920105,0.011794665544804435,1.7669336932515352
WbZt_4000_1000,WbZt,4000,1000,85,160,1.6,1.4,/eos/uscms/store/user/aji/rootfiles_existingOptimization/WbZt_4000_1000_pt160_ak16_ca14_th85.root,ok,,1000,1000,1.0,0.0,0.001,0.0009994998749374609,0.0005,0.2525,0.166,0.166,0.834,0.011766222843376714,1918.5818329912415,1135.4575250544121,4433.037647065914,1.9185818329912414,1.135457525054412,4.433037647065914,0.8593795858241497,0.058230652706380635,1.785237769123274
WbZt_4000_1000,WbZt,4000,1000,85,100,1.2,1.2,/eos/uscms/store/user/aji/rootfiles_existingOptimization/WbZt_4000_1000_pt100_ak12_ca12_th85.root,ok,,1000,1000,1.0,0.0,0.012,0.003443254274665175,0.0065,0.237,0.175,0.175,0.825,0.012015614840697917,2160.0172352037143,1138.9872690479524,4841.348491170882,2.160017235203714,1.1389872690479523,4.841348491170882,0.8570212222806072,0.04190093206614339,1.7980229458009784
WbZt_4000_1000,WbZt,4000,1000,85,100,1.6,1.4,/eos/uscms/store/user/aji/rootfiles_existingOptimization/WbZt_4000_1000_pt100_ak16_ca14_th85.root,ok,,1000,1000,1.0,0.0,0.001,0.0009994998749374609,0.0005,0.0795,0.057,0.057,0.943,0.007331507348424336,3876.008872642359,1732.7753765691125,6157.719965714453,3.8760088726423594,1.7327753765691125,6.157719965714453,0.5708119788343983,0.04310911678461714,1.8014128660986342
WbZt_4000_1000,WbZt,4000,1000,85,120,1.6,1.4,/eos/uscms/store/user/aji/rootfiles_existingOptimization/WbZt_4000_1000_pt120_ak16_ca14_th85.root,ok,,1000,1000,1.0,0.0,0.001,0.0009994998749374609,0.0005,0.1435,0.1,0.1,0.9,0.009486832980505136,3220.2051285497255,1300.2614646259333,5746.960181762415,3.2202051285497255,1.3002614646259334,5.7469601817624145,0.6904371832888684,0.044259101497861976,1.812457696143841
WbZt_4000_1000,WbZt,4000,1000,85,100,1.6,1.6,/eos/uscms/store/user/aji/rootfiles_existingOptimization/WbZt_4000_1000_pt100_ak16_ca16_th85.root,ok,,1000,1000,1.0,0.0,0.001,0.0009994998749374609,0.0005,0.091,0.051,0.051,0.949,0.006956938982052382,3865.0395298239,1705.6527063509895,6168.876960886882,3.8650395298239,1.7056527063509894,6.168876960886883,0.577384037096672,0.08058187590798181,1.8128879900790618
WbZt_4000_1000,WbZt,4000,1000,85,100,1.4,1.2,/eos/uscms/store/user/aji/rootfiles_existingOptimization/WbZt_4000_1000_pt100_ak14_ca12_th85.root,ok,,1000,1000,1.0,0.0,0.001,0.0009994998749374609,0.0005,0.1395,0.105,0.105,0.895,0.009694070352540258,3167.7543317836635,1332.4613593007994,5797.355124270669,3.167754331783663,1.3324613593007992,5.797355124270669,0.7047411663479327,0.0280263992878726,1.8165165995262988
WbZt_4000_1000,WbZt,4000,1000,85,100,1.2,1.4,/eos/uscms/store/user/aji/rootfiles_existingOptimization/WbZt_4000_1000_pt100_ak12_ca14_th85.root,ok,,1000,1000,1.0,0.0,0.014,0.003715373467095872,0.0075,0.2475,0.171,0.171,0.829,0.011906258858264422,2125.2657525346717,1127.9953863699177,4857.1177721136,2.1252657525346716,1.1279953863699177,4.8571177721136,0.8773308423419969,0.06328593343318357,1.818857417595464
WbZt_4000_1000,WbZt,4000,1000,85,160,1.6,1.6,/eos/uscms/store/user/aji/rootfiles_existingOptimization/WbZt_4000_1000_pt160_ak16_ca16_th85.root,ok,,1000,1000,1.0,0.0,0.001,0.0009994998749374609,0.0005,0.268,0.152,0.152,0.848,0.011353237423748348,1862.1901499622263,1112.9470727958196,4410.2326756431385,1.8621901499622262,1.1129470727958197,4.410232675643139,0.8853246278083373,0.10151675079141598,1.81954364280456
WbZt_4000_1000,WbZt,4000,1000,85,100,1.2,1.6,/eos/uscms/store/user/aji/rootfiles_existingOptimization/WbZt_4000_1000_pt100_ak12_ca16_th85.root,ok,,1000,1000,1.0,0.0,0.022,0.0046385342512479085,0.0115,0.256,0.164,0.164,0.836,0.011709141727727102,2064.6206177241465,1116.8826826180225,4742.873000063833,2.0646206177241466,1.1168826826180225,4.742873000063833,0.8781250865940635,0.08950502110219866,1.8205871483664782
WbZt_4000_1000,WbZt,4000,1000,85,120,1.4,1.2,/eos/uscms/store/user/aji/rootfiles_existingOptimization/WbZt_4000_1000_pt120_ak14_ca12_th85.root,ok,,1000,1000,1.0,0.0,0.002,0.0014127986409959489,0.001,0.2125,0.156,0.156,0.844,0.011474493452871897,2307.465330214379,1174.594329400922,5134.963810318025,2.307465330214379,1.174594329400922,5.134963810318025,0.8581644606008356,0.03293964467232931,1.8329109936222734
WbZt_4000_1000,WbZt,4000,1000,85,120,1.6,1.6,/eos/uscms/store/user/aji/rootfiles_existingOptimization/WbZt_4000_1000_pt120_ak16_ca16_th85.root,ok,,1000,1000,1.0,0.0,0.001,0.0009994998749374609,0.0005,0.15,0.089,0.089,0.911,0.009004387819280108,3179.4450062841443,1256.0323912324775,5739.602022694531,3.179445006284144,1.2560323912324778,5.73960202269453,0.7050868347463658,0.07982516190411015,1.8340313353747804
WbZt_4000_1000,WbZt,4000,1000,85,140,1.6,1.4,/eos/uscms/store/user/aji/rootfiles_existingOptimization/WbZt_4000_1000_pt140_ak16_ca14_th85.root,ok,,1000,1000,1.0,0.0,0.001,0.0009994998749374609,0.0005,0.205,0.139,0.139,0.861,0.010939789760319894,2307.5029190179293,1184.73415144994,5160.344483003979,2.3075029190179297,1.18473415144994,5.160344483003978,0.8614529365895781,0.05080348120458326,1.853203228491371
WbZt_4000_1000,WbZt,4000,1000,85,100,1.4,1.4,/eos/uscms/store/user/aji/rootfiles_existingOptimization/WbZt_4000_1000_pt100_ak14_ca14_th85.root,ok,,1000,1000,1.0,0.0,0.002,0.0014127986409959489,0.001,0.1455,0.094,0.094,0.906,0.009228434320078352,3127.92733196092,1299.389096951817,5908.70402673509,3.12792733196092,1.2993890969518171,5.908704026735091,0.7368001939632116,0.059239457628475996,1.8555929271593037
WbZt_4000_1000,WbZt,4000,1000,85,120,1.4,1.4,/eos/uscms/store/user/aji/rootfiles_existingOptimization/WbZt_4000_1000_pt120_ak14_ca14_th85.root,ok,,1000,1000,1.0,0.0,0.003,0.001729450779872038,0.0015,0.221,0.137,0.137,0.863,0.010873407929439602,2258.947147421288,1142.4415197315773,5116.82402237591,2.2589471474212877,1.1424415197315774,5.116824022375911,0.8796979838995591,0.0664094769294179,1.8685926986416879
WbZt_4000_1000,WbZt,4000,1000,85,100,1.4,1.6,/eos/uscms/store/user/aji/rootfiles_existingOptimization/WbZt_4000_1000_pt100_ak14_ca16_th85.root,ok,,1000,1000,1.0,0.0,0.004,0.001995995991979944,0.002,0.151,0.09,0.09,0.91,0.009049861877399012,3111.177825935566,1270.3244268876228,5971.433421909167,3.111177825935566,1.270324426887623,5.971433421909167,0.7555191728084312,0.08713570819163957,1.8766369554019877
WbZt_4000_1000,WbZt,4000,1000,85,400,0.8,0.8,/eos/uscms/store/user/aji/rootfiles_existingOptimization/WbZt_4000_1000_pt400_ak8_ca8_th85.root,ok,,1000,998,0.998,0.0014127986409959495,0.6402805611222445,0.015191541397478098,0.43537074148296595,0.375250501002004,0.15130260521042085,0.151,0.8486973947895792,0.011343168066750198,480.2370241030118,173.34425490093398,1112.5220971937472,0.48023702410301183,0.17334425490093394,1.1125220971937473,0.9778274010078799,0.2649287607576719,1.880501093387158
WbZt_4000_1000,WbZt,4000,1000,85,120,1.4,1.6,/eos/uscms/store/user/aji/rootfiles_existingOptimization/WbZt_4000_1000_pt120_ak14_ca16_th85.root,ok,,1000,1000,1.0,0.0,0.005,0.0022304708023195463,0.0025,0.2285,0.132,0.132,0.868,0.010704017937204702,2213.818208337136,1134.0437897489264,5082.33478723234,2.213818208337136,1.1340437897489264,5.082334787232339,0.891737854222703,0.08816813275681903,1.8811196750564165
WbZt_4000_1000,WbZt,4000,1000,85,140,1.6,1.6,/eos/uscms/store/user/aji/rootfiles_existingOptimization/WbZt_4000_1000_pt140_ak16_ca16_th85.root,ok,,1000,1000,1.0,0.0,0.001,0.0009994998749374609,0.0005,0.219,0.126,0.126,0.874,0.010493998284733994,2309.2943044125177,1149.9898349470418,5199.638190180085,2.309294304412518,1.1499898349470419,5.199638190180085,0.876815126485853,0.09167020862329615,1.8817445569271047
WbZt_4000_1000,WbZt,4000,1000,85,360,0.6,0.8,/eos/uscms/store/user/aji/rootfiles_existingOptimization/WbZt_4000_1000_pt360_ak6_ca8_th85.root,ok,,1000,997,0.997,0.0017294507798720387,0.720160481444333,0.014217445963300074,0.49197592778335003,0.38866599799398194,0.16148445336008024,0.161,0.8385155466399198,0.011653955066377411,460.3354907314951,123.00740833733133,1032.1629653000289,0.46033549073149505,0.12300740833733133,1.0321629653000288,0.987492356409459,0.29359071983184715,1.8829743539762291
WbZt_4000_1000,WbZt,4000,1000,85,360,0.6,1.2,/eos/uscms/store/user/aji/rootfiles_existingOptimization/WbZt_4000_1000_pt360_ak6_ca12_th85.root,ok,,1000,997,0.997,0.0017294507798720387,0.720160481444333,0.014217445963300074,0.49197592778335003,0.4082246740220662,0.18054162487462388,0.18,0.8194583751253761,0.012181605851677822,429.08891643980144,122.66984145871326,1011.2734318081003,0.4290889164398014,0.12266984145871326,1.0112734318081003,1.035453907458424,0.36118820966895665,1.91500339093982
WbZt_4000_1000,WbZt,4000,1000,85,400,0.8,1.2,/eos/uscms/store/user/aji/rootfiles_existingOptimization/WbZt_4000_1000_pt400_ak8_ca12_th85.root,ok,,1000,998,0.998,0.0014127986409959495,0.6743486973947895,0.014833833521738114,0.45240480961923846,0.3982965931863727,0.1683366733466934,0.168,0.8316633266533067,0.01184398572055706,438.9097932456732,168.3657330453578,1088.2717082420024,0.43890979324567314,0.16836573304535782,1.0882717082420024,1.0479442351856354,0.34944524141985855,1.9377165825143747
WbZt_4000_1000,WbZt,4000,1000,85,360,0.6,1.0,/eos/uscms/store/user/aji/rootfiles_existingOptimization/WbZt_4000_1000_pt360_ak6_ca10_th85.root,ok,,1000,997,0.997,0.0017294507798720387,0.720160481444333,0.014217445963300074,0.49197592778335003,0.3926780341023069,0.16549648946840523,0.165,0.8345035105315948,0.011769578172266777,429.08891643980144,122.92473423190607,1024.4846665213154,0.4290889164398014,0.12292473423190607,1.0244846665213152,1.0505514099149338,0.3178473085485569,1.9451460288025486
WbZt_4000_1000,WbZt,4000,1000,85,400,0.8,1.4,/eos/uscms/store/user/aji/rootfiles_existingOptimization/WbZt_4000_1000_pt400_ak8_ca14_th85.root,ok,,1000,998,0.998,0.0014127986409959495,0.6793587174348698,0.014773861528016857,0.45490981963927857,0.40981963927855714,0.17835671342685372,0.178,0.8216432865731462,0.012117725642707413,429.8604304657714,168.2683263800662,1083.50680093229,0.4298604304657714,0.16826832638006622,1.08350680093229,1.0645763248788978,0.36858546774493706,1.945233568405467
WbZt_4000_1000,WbZt,4000,1000,85,400,0.8,1.0,/eos/uscms/store/user/aji/rootfiles_existingOptimization/WbZt_4000_1000_pt400_ak8_ca10_th85.root,ok,,1000,998,0.998,0.0014127986409959495,0.6713426853707415,0.014868888723562715,0.45090180360721444,0.37675350701402804,0.14829659318637275,0.148,0.8517034068136272,0.01124979241116372,440.61612559575815,168.65174795808642,1109.3137017576864,0.4406161255957582,0.1686517479580864,1.1093137017576864,1.0674393186673872,0.3035438319167885,1.9770811129214387
WbZt_4000_1000,WbZt,4000,1000,85,400,0.8,1.6,/eos/uscms/store/user/aji/rootfiles_existingOptimization/WbZt_4000_1000_pt400_ak8_ca16_th85.root,ok,,1000,998,0.998,0.0014127986409959495,0.688376753507014,0.01466097155416317,0.4594188376753507,0.4188376753507014,0.17935871743486975,0.179,0.8206412825651302,0.012144304681098997,407.905424716325,168.01008367465946,1079.2032326187193,0.40790542471632507,0.16801008367465947,1.0792032326187193,1.1169171745849453,0.3769217934775128,1.998767914678443
WbZt_4000_1000,WbZt,4000,1000,85,360,0.6,1.4,/eos/uscms/store/user/aji/rootfiles_existingOptimization/WbZt_4000_1000_pt360_ak6_ca14_th85.root,ok,,1000,997,0.997,0.0017294507798720387,0.7251755265797393,0.014138446493064536,0.4944834503510532,0.42076228686058176,0.1905717151454363,0.19,0.8094282848545638,0.012438580763341993,380.8811974988812,122.26808446715523,1007.2957113104254,0.38088119749888116,0.12226808446715523,1.0072957113104255,1.1618158531517824,0.36943811656718456,2.036156018256458
WbZt_4000_1000,WbZt,4000,1000,85,360,0.6,1.6,/eos/uscms/store/user/aji/rootfiles_existingOptimization/WbZt_4000_1000_pt360_ak6_ca16_th85.root,ok,,1000,997,0.997,0.0017294507798720387,0.7301905717151455,0.01405720868599379,0.49699097291875627,0.4262788365095286,0.1905717151454363,0.19,0.8094282848545638,0.012438580763341993,334.16284706521935,122.21906483916716,1005.6193482512557,0.33416284706521937,0.12221906483916715,1.0056193482512557,1.3218110438825552,0.38978575721992875,2.200823044030597
WbZt_4000_1000,WbZt,4000,1000,85,300,0.4,0.4,/eos/uscms/store/user/aji/rootfiles_existingOptimization/WbZt_4000_1000_pt300_ak4_ca4_th85.root,ok,,1000,997,0.997,0.0017294507798720387,0.7231695085255767,0.014170312761393791,0.5025075225677031,0.3831494483450351,0.15446339017051153,0.154,0.8455366098294885,0.011445411464789671,254.2439643869829,91.88437733643707,966.9987574725354,0.25424396438698293,0.09188437733643706,0.9669987574725354,1.7210130872646654,0.3171406717173182,2.644125300655456
WbZt_4000_1000,WbZt,4000,1000,85,380,0.6,0.6,/eos/uscms/store/user/aji/rootfiles_existingOptimization/WbZt_4000_1000_pt380_ak6_ca6_th85.root,ok,,1000,996,0.996,0.0019959959919799443,0.7279116465863453,0.014101478224027141,0.517570281124498,0.37349397590361444,0.1576305220883534,0.157,0.8423694779116466,0.011546272394993288,240.49178612077716,122.0571565608189,1018.474972715176,0.24049178612077715,0.12205715656081889,1.018474972715176,1.86371815564663,0.2461323407765738,2.786038454946199
WbZt_4000_1000,WbZt,4000,1000,85,380,0.6,1.2,/eos/uscms/store/user/aji/rootfiles_existingOptimization/WbZt_4000_1000_pt380_ak6_ca12_th85.root,ok,,1000,996,0.996,0.0019959959919799443,0.7469879518072289,0.013775194211492167,0.5271084337349398,0.3845381526104418,0.16666666666666666,0.166,0.8333333333333334,0.01180875419302366,210.34981746933653,119.10415781214938,1005.3620386267617,0.2103498174693365,0.11910415781214938,1.0053620386267617,2.1066285948734076,0.30300511671379415,3.0229269464598074
WbZt_4000_1000,WbZt,4000,1000,85,380,0.6,1.4,/eos/uscms/store/user/aji/rootfiles_existingOptimization/WbZt_4000_1000_pt380_ak6_ca14_th85.root,ok,,1000,996,0.996,0.0019959959919799443,0.7530120481927711,0.013664985576006611,0.5301204819277109,0.3950803212851406,0.1757028112449799,0.175,0.8242971887550201,0.012058730667313956,205.47738155845502,118.86358535760189,1001.563112858118,0.20547738155845502,0.11886358535760187,1.001563112858118,2.1479238269575727,0.3117012049007256,3.0556732775567474
WbZt_4000_1000,WbZt,4000,1000,85,380,0.6,1.0,/eos/uscms/store/user/aji/rootfiles_existingOptimization/WbZt_4000_1000_pt380_ak6_ca10_th85.root,ok,,1000,996,0.996,0.0019959959919799443,0.7459839357429718,0.013793219892993201,0.5266064257028112,0.3689759036144578,0.15160642570281124,0.151,0.8483935742971888,0.011363910914536566,211.0685146514242,119.15728193204825,1016.1901400590543,0.21106851465142418,0.11915728193204825,1.0161901400590543,2.1249802691046544,0.2808241707537851,3.0562669919367007
WbZt_4000_1000,WbZt,4000,1000,85,380,0.6,0.8,/eos/uscms/store/user/aji/rootfiles_existingOptimization/WbZt_4000_1000_pt380_ak6_ca8_th85.root,ok,,1000,996,0.996,0.0019959959919799443,0.7459839357429718,0.013793219892993201,0.5266064257028112,0.3649598393574297,0.14859437751004015,0.148,0.8514056224899599,0.011270411580381997,211.43735347292602,119.61921653649225,1022.3629118965974,0.21143735347292603,0.11961921653649224,1.0223629118965976,2.1347781755027007,0.27273713830502866,3.0690400626453678
WbZt_4000_1000,WbZt,4000,1000,85,380,0.6,1.6,/eos/uscms/store/user/aji/rootfiles_existingOptimization/WbZt_4000_1000_pt380_ak6_ca16_th85.root,ok,,1000,996,0.996,0.0019959959919799443,0.7570281124497992,0.013589527232841543,0.5321285140562249,0.4011044176706827,0.1757028112449799,0.175,0.8242971887550201,0.012058730667313956,203.4929195892796,118.76516905828493,999.9818510885449,0.20349291958927962,0.11876516905828494,0.999981851088545,2.165226888013759,0.32286102401710803,3.073174784809851
WbZt_4000_1000,WbZt,4000,1000,85,400,0.6,0.6,/eos/uscms/store/user/aji/rootfiles_existingOptimization/WbZt_4000_1000_pt400_ak6_ca6_th85.root,ok,,1000,996,0.996,0.0019959959919799443,0.751004016064257,0.013702115742574423,0.5461847389558233,0.3529116465863454,0.142570281124498,0.142,0.857429718875502,0.01107858004474449,204.58842154026132,119.61921653649225,1009.1025065409824,0.20458842154026136,0.11961921653649224,1.0091025065409824,2.1738358488421277,0.24102197270998058,3.1148067255636036
WbZt_4000_1000,WbZt,4000,1000,85,400,0.6,1.4,/eos/uscms/store/user/aji/rootfiles_existingOptimization/WbZt_4000_1000_pt400_ak6_ca14_th85.root,ok,,1000,996,0.996,0.0019959959919799443,0.7791164658634538,0.0131447761122073,0.5602409638554217,0.3714859437751004,0.15863453815261044,0.158,0.8413654618473896,0.011576080685355204,188.57864547612402,117.01886431124059,996.1809068336472,0.18857864547612402,0.11701886431124059,0.9961809068336472,2.3310222647497953,0.2933768774377403,3.2575298620495725
WbZt_4000_1000,WbZt,4000,1000,85,400,0.6,1.6,/eos/uscms/store/user/aji/rootfiles_existingOptimization/WbZt_4000_1000_pt400_ak6_ca16_th85.root,ok,,1000,996,0.996,0.0019959959919799443,0.7831325301204819,0.013058255724169505,0.5622489959839357,0.37650602409638556,0.15863453815261044,0.158,0.8413654618473896,0.011576080685355204,187.75983591769398,116.71472016249886,994.2797762412465,0.187759835917694,0.11671472016249886,0.9942797762412465,2.3369349781053157,0.3055884747316946,3.263524456360936
WbZt_4000_1000,WbZt,4000,1000,85,400,0.6,1.2,/eos/uscms/store/user/aji/rootfiles_existingOptimization/WbZt_4000_1000_pt400_ak6_ca12_th85.root,ok,,1000,996,0.996,0.0019959959919799443,0.7740963855421686,0.013250413778214416,0.5577309236947792,0.36244979919678716,0.15060240963855423,0.15,0.8493975903614458,0.011332919487318327,189.4407336901541,117.1843934478716,1000.577557824533,0.18944073369015413,0.1171843934478716,1.000577557824533,2.3315818809631605,0.2891996252388954,3.266035397955591
WbZt_4000_1000,WbZt,4000,1000,85,400,0.6,1.0,/eos/uscms/store/user/aji/rootfiles_existingOptimization/WbZt_4000_1000_pt400_ak6_ca10_th85.root,ok,,1000,996,0.996,0.0019959959919799443,0.7730923694779116,0.013271211623842,0.5572289156626506,0.34839357429718876,0.13654618473895583,0.136,0.8634538152610441,0.0108800194607388,190.5324115178311,117.22146790764775,1009.2015347980916,0.19053241151783107,0.11722146790764776,1.0092015347980916,2.340756776720289,0.27827483698296035,3.2891573508295497
WbZt_4000_1000,WbZt,4000,1000,85,400,0.6,0.8,/eos/uscms/store/user/aji/rootfiles_existingOptimization/WbZt_4000_1000_pt400_ak6_ca8_th85.root,ok,,1000,996,0.996,0.0019959959919799443,0.7730923694779116,0.013271211623842,0.5572289156626506,0.34236947791164657,0.13152610441767068,0.131,0.8684738955823293,0.010709142411938473,190.8483648674274,117.49864120334954,1013.3019149229195,0.1908483648674274,0.11749864120334955,1.0133019149229197,2.3468979530996736,0.2721255335066102,3.3002870121952603
WbZt_4000_1000,WbZt,4000,1000,85,320,0.4,0.4,/eos/uscms/store/user/aji/rootfiles_existingOptimization/WbZt_4000_1000_pt320_ak4_ca4_th85.root,ok,,1000,996,0.996,0.0019959959919799443,0.7479919678714859,0.013757071342364388,0.5291164658634538,0.36395582329317266,0.13755020080321284,0.137,0.8624497991967872,0.010913595619206663,173.84527216564246,90.49137866324614,960.8707927986991,0.17384527216564244,0.09049137866324614,0.9608707927986991,2.5033163205788598,0.31941345899612994,3.4523815925590826
WbZt_4000_1000,WbZt,4000,1000,85,300,0.4,1.2,/eos/uscms/store/user/aji/rootfiles_existingOptimization/WbZt_4000_1000_pt300_ak4_ca12_th85.root,ok,,1000,997,0.997,0.0017294507798720387,0.7492477432296891,0.013727377213086193,0.5155466399197592,0.384653961885657,0.15646940822467403,0.156,0.843530591775326,0.011505819578239323,169.13562745219653,90.51257018982602,952.516112115914,0.1691356274521965,0.09051257018982602,0.9525161121159139,2.548261282708516,0.4630584362040131,3.477878311738622
WbZt_4000_1000,WbZt,4000,1000,85,300,0.4,1.0,/eos/uscms/store/user/aji/rootfiles_existingOptimization/WbZt_4000_1000_pt300_ak4_ca10_th85.root,ok,,1000,997,0.997,0.0017294507798720387,0.7462387161484454,0.013781738046426012,0.5140421263791374,0.37512537612838515,0.1464393179538616,0.146,0.8535606820461384,0.011196917298168074,171.0467994670621,90.51257018982602,964.0051404847527,0.1710467994670621,0.09051257018982602,0.9640051404847526,2.553373033042726,0.4433268191725304,3.4928290351421585
WbZt_4000_1000,WbZt,4000,1000,85,300,0.4,0.6,/eos/uscms/store/user/aji/rootfiles_existingOptimization/WbZt_4000_1000_pt300_ak4_ca6_th85.root,ok,,1000,997,0.997,0.0017294507798720387,0.7462387161484454,0.013781738046426012,0.5140421263791374,0.3756268806419258,0.1444332998996991,0.144,0.8555667001003009,0.011133020894730694,171.47670591609173,90.51257018982602,971.6216758772294,0.1714767059160917,0.09051257018982602,0.9716216758772294,2.569180172257783,0.38148765222447745,3.5105992017664747
WbZt_4000_1000,WbZt,4000,1000,85,300,0.4,0.8,/eos/uscms/store/user/aji/rootfiles_existingOptimization/WbZt_4000_1000_pt300_ak4_ca8_th85.root,ok,,1000,997,0.997,0.0017294507798720387,0.7462387161484454,0.013781738046426012,0.5140421263791374,0.3741223671013039,0.14543630892678033,0.145,0.8545636910732197,0.011165059993861835,171.0467994670621,90.51257018982602,971.1018463498823,0.1710467994670621,0.09051257018982602,0.9711018463498824,2.5741179574939324,0.4105872686817544,3.514576968620446
WbZt_4000_1000,WbZt,4000,1000,85,300,0.4,1.4,/eos/uscms/store/user/aji/rootfiles_existingOptimization/WbZt_4000_1000_pt300_ak4_ca14_th85.root,ok,,1000,997,0.997,0.0017294507798720387,0.7542627883650953,0.01363481422424213,0.5180541624874624,0.38615847542627885,0.15446339017051153,0.154,0.8455366098294885,0.011445411464789671,165.8825551068519,90.21789602068216,949.3820875912303,0.16588255510685188,0.09021789602068216,0.9493820875912303,2.58967614471915,0.4793465934581733,3.5216244990379533
WbZt_4000_1000,WbZt,4000,1000,85,300,0.4,1.6,/eos/uscms/store/user/aji/rootfiles_existingOptimization/WbZt_4000_1000_pt300_ak4_ca16_th85.root,ok,,1000,997,0.997,0.0017294507798720387,0.7612838515546639,0.013501021504380532,0.5215646940822467,0.3876629889669007,0.1514543630892678,0.151,0.8485456369107323,0.0113535301528329,162.53052505065546,90.04987154830137,947.189543170876,0.16253052505065546,0.09004987154830137,0.947189543170876,2.636857511398035,0.49270158901881506,3.572150095803702
WbZt_4000_1000,WbZt,4000,1000,85,340,0.4,0.4,/eos/uscms/store/user/aji/rootfiles_existingOptimization/WbZt_4000_1000_pt340_ak4_ca4_th85.root,ok,,1000,996,0.996,0.0019959959919799443,0.7761044176706827,0.013208489973203676,0.5587349397590361,0.3453815261044177,0.12048192771084337,0.12,0.8795180722891567,0.010314630347362594,144.96887424637202,89.44290321450605,949.9061317313233,0.14496887424637203,0.08944290321450606,0.9499061317313233,2.9677516397570805,0.31941345899612994,3.9367728246216
WbZt_4000_1000,WbZt,4000,1000,85,320,0.4,1.2,/eos/uscms/store/user/aji/rootfiles_existingOptimization/WbZt_4000_1000_pt320_ak4_ca12_th85.root,ok,,1000,996,0.996,0.0019959959919799443,0.7751004016064257,0.013229506734179552,0.5426706827309237,0.3644578313253012,0.13755020080321284,0.137,0.8624497991967872,0.010913595619206663,140.6877943870407,89.7668729239427,946.5550416532864,0.1406877943870407,0.0897668729239427,0.9465550416532863,3.0449982262578765,0.455536369330767,3.9973792460159596
WbZt_4000_1000,WbZt,4000,1000,85,320,0.4,1.0,/eos/uscms/store/user/aji/rootfiles_existingOptimization/WbZt_4000_1000_pt320_ak4_ca10_th85.root,ok,,1000,996,0.996,0.0019959959919799443,0.7720883534136547,0.013291900783650765,0.5411646586345381,0.3549196787148594,0.1285140562248996,0.128,0.8714859437751004,0.010604149448192504,141.58688364386848,89.7668729239427,957.6987237144025,0.14158688364386848,0.0897668729239427,0.9576987237144025,3.065015022767069,0.4398948316706712,4.026342278177783
WbZt_4000_1000,WbZt,4000,1000,85,320,0.4,0.6,/eos/uscms/store/user/aji/rootfiles_existingOptimization/WbZt_4000_1000_pt320_ak4_ca6_th85.root,ok,,1000,996,0.996,0.0019959959919799443,0.7720883534136547,0.013291900783650765,0.5411646586345381,0.35592369477911645,0.12751004016064257,0.127,0.8724899598393574,0.010568728490528078,142.1252602785773,89.7668729239427,966.60514315328,0.1421252602785773,0.0897668729239427,0.9666051431532799,3.0847376057945697,0.3795047778153791,4.04701503960607
WbZt_4000_1000,WbZt,4000,1000,85,320,0.4,0.8,/eos/uscms/store/user/aji/rootfiles_existingOptimization/WbZt_4000_1000_pt320_ak4_ca8_th85.root,ok,,1000,996,0.996,0.0019959959919799443,0.7720883534136547,0.013291900783650765,0.5411646586345381,0.3539156626506024,0.1285140562248996,0.128,0.8714859437751004,0.010604149448192504,141.58688364386848,89.7668729239427,965.2033182155996,0.14158688364386848,0.0897668729239427,0.9652033182155995,3.091516751981172,0.4116201978547932,4.052844007391885
WbZt_4000_1000,WbZt,4000,1000,85,320,0.4,1.4,/eos/uscms/store/user/aji/rootfiles_existingOptimization/WbZt_4000_1000_pt320_ak4_ca14_th85.root,ok,,1000,996,0.996,0.0019959959919799443,0.7781124497991968,0.013166125196024791,0.5441767068273092,0.3689759036144578,0.13855421686746988,0.138,0.8614457831325302,0.01094697634142831,137.27324426743752,89.5230446865457,942.8232303097559,0.13727324426743753,0.0895230446865457,0.9428232303097559,3.108035328285822,0.455536369330767,4.0597537869916085
WbZt_4000_1000,WbZt,4000,1000,85,320,0.4,1.6,/eos/uscms/store/user/aji/rootfiles_existingOptimization/WbZt_4000_1000_pt320_ak4_ca16_th85.root,ok,,1000,996,0.996,0.0019959959919799443,0.7841365461847389,0.013036341816400175,0.5471887550200804,0.375,0.1395582329317269,0.139,0.8604417670682731,0.010980163409837198,135.45008025774177,89.23065526532076,940.2277228670463,0.13545008025774175,0.08923065526532076,0.9402277228670464,3.1413678972445136,0.4617944182548227,4.092264656287012
WbZt_4000_1000,WbZt,4000,1000,85,360,0.4,0.4,/eos/uscms/store/user/aji/rootfiles_existingOptimization/WbZt_4000_1000_pt360_ak4_ca4_th85.root,ok,,1000,994,0.994,0.002442130217658347,0.795774647887324,0.01278664724443634,0.5860160965794768,0.3244466800804829,0.10764587525150905,0.107,0.892354124748491,0.009830466377954514,132.0168090797013,87.90096725403124,945.4266598186895,0.1320168090797013,0.08790096725403125,0.9454266598186895,3.247789802459746,0.292590851409661,4.232942246300267
WbZt_4000_1000,WbZt,4000,1000,85,340,0.4,1.2,/eos/uscms/store/user/aji/rootfiles_existingOptimization/WbZt_4000_1000_pt340_ak4_ca12_th85.root,ok,,1000,996,0.996,0.0019959959919799443,0.8052208835341366,0.012548708803105664,0.5732931726907631,0.3509036144578313,0.12349397590361445,0.123,0.8765060240963856,0.010424870527791546,125.02109110321992,88.07565198090929,938.1556272869815,0.1250210911032199,0.08807565198090929,0.9381556272869815,3.399746266028943,0.4337620278069667,4.367750181015007
WbZt_4000_1000,WbZt,4000,1000,85,340,0.4,1.4,/eos/uscms/store/user/aji/rootfiles_existingOptimization/WbZt_4000_1000_pt340_ak4_ca14_th85.root,ok,,1000,996,0.996,0.0019959959919799443,0.8072289156626506,0.012499413375020063,0.5742971887550201,0.35441767068273095,0.12349397590361445,0.123,0.8765060240963856,0.010424870527791546,124.24238102099895,87.85036230087464,935.5464781507613,0.12424238102099897,0.08785036230087465,0.9355464781507613,3.411461165198582,0.4337620278069667,4.379542951192867
WbZt_4000_1000,WbZt,4000,1000,85,340,0.4,1.6,/eos/uscms/store/user/aji/rootfiles_existingOptimization/WbZt_4000_1000_pt340_ak4_ca16_th85.root,ok,,1000,996,0.996,0.0019959959919799443,0.8122489959839357,0.01237388445773264,0.5768072289156626,0.35943775100401604,0.12449799196787148,0.124,0.8755020080321285,0.010461165609408407,123.35259267955027,87.4981502880751,933.4365159402333,0.12335259267955027,0.0874981502880751,0.9334365159402334,3.4289444075560165,0.44377358174200043,4.39611115632019
WbZt_4000_1000,WbZt,4000,1000,85,340,0.4,1.0,/eos/uscms/store/user/aji/rootfiles_existingOptimization/WbZt_4000_1000_pt340_ak4_ca10_th85.root,ok,,1000,996,0.996,0.0019959959919799443,0.8022088353413654,0.012621689587125428,0.5717871485943775,0.339859437751004,0.11244979919678715,0.112,0.8875502008032129,0.01001027794396595,125.44832396177205,88.07565198090929,948.8129522152834,0.12544832396177205,0.08807565198090929,0.9488129522152834,3.4306448785105617,0.42125577036320083,4.409650246917597
WbZt_4000_1000,WbZt,4000,1000,85,340,0.4,0.8,/eos/uscms/store/user/aji/rootfiles_existingOptimization/WbZt_4000_1000_pt340_ak4_ca8_th85.root,ok,,1000,996,0.996,0.0019959959919799443,0.8022088353413654,0.012621689587125428,0.5717871485943775,0.338855421686747,0.11345381526104417,0.113,0.8865461847389559,0.010049178624537853,125.44832396177205,88.07565198090929,953.9586114489872,0.12544832396177205,0.08807565198090929,0.9539586114489872,3.4511539577521138,0.3866036595329525,4.429155310094892
WbZt_4000_1000,WbZt,4000,1000,85,340,0.4,0.6,/eos/uscms/store/user/aji/rootfiles_existingOptimization/WbZt_4000_1000_pt340_ak4_ca6_th85.root,ok,,1000,996,0.996,0.0019959959919799443,0.8022088353413654,0.012621689587125428,0.5717871485943775,0.338855421686747,0.11144578313253012,0.111,0.8885542168674698,0.009971123999316538,125.44832396177205,88.07565198090929,953.9586114489872,0.12544832396177205,0.08807565198090929,0.9539586114489872,3.4511539577521138,0.37738575978339584,4.431163342223407
WbZt_4000_1000,WbZt,4000,1000,85,380,0.4,0.4,/eos/uscms/store/user/aji/rootfiles_existingOptimization/WbZt_4000_1000_pt380_ak4_ca4_th85.root,ok,,1000,993,0.993,0.002636474919281427,0.8177240684793555,0.01225161749433594,0.6117824773413897,0.30362537764350456,0.09264853977844914,0.092,0.9073514602215509,0.009200945037464759,123.2843378096072,86.64387366180183,937.025627542228,0.12328433780960721,0.08664387366180183,0.937025627542228,3.448863695864205,0.2791536613689182,4.450886722304795
WbZt_4000_1000,WbZt,4000,1000,85,360,0.4,1.2,/eos/uscms/store/user/aji/rootfiles_existingOptimization/WbZt_4000_1000_pt360_ak4_ca12_th85.root,ok,,1000,994,0.994,0.002442130217658347,0.8259557344064387,0.012025829813521474,0.6011066398390342,0.33148893360160964,0.11267605633802817,0.112,0.8873239436619719,0.010029140773469182,119.22145797121154,86.60973459764503,933.9538603197752,0.11922145797121153,0.08660973459764502,0.9339538603197752,3.5536561125042563,0.360438215020515,4.535057910369107
WbZt_4000_1000,WbZt,4000,1000,85,360,0.4,1.4,/eos/uscms/store/user/aji/rootfiles_existingOptimization/WbZt_4000_1000_pt360_ak4_ca14_th85.root,ok,,1000,994,0.994,0.002442130217658347,0.8289738430583501,0.011942864086935519,0.60261569416499,0.3345070422535211,0.11167002012072434,0.111,0.8883299798792756,0.009989925847451866,118.42196513641503,86.51256536574354,931.312505908133,0.11842196513641502,0.08651256536574355,0.9313125059081329,3.5669055971551824,0.3649093867906781,4.549393380520817
WbZt_4000_1000,WbZt,4000,1000,85,360,0.4,1.6,/eos/uscms/store/user/aji/rootfiles_existingOptimization/WbZt_4000_1000_pt360_ak4_ca16_th85.root,ok,,1000,994,0.994,0.002442130217658347,0.8329979879275654,0.011830133234680613,0.6046277665995976,0.3395372233400402,0.11267605633802817,0.112,0.8873239436619719,0.010029140773469182,117.84705335328587,86.32052021130731,929.2002209996353,0.11784705335328587,0.08632052021130732,0.9292002209996354,3.5761594236111907,0.37738575978339584,4.557698661937835
WbZt_4000_1000,WbZt,4000,1000,85,360,0.4,1.0,/eos/uscms/store/user/aji/rootfiles_existingOptimization/WbZt_4000_1000_pt360_ak4_ca10_th85.root,ok,,1000,994,0.994,0.002442130217658347,0.8229376257545271,0.012107470209805057,0.5995975855130785,0.3199195171026157,0.10160965794768612,0.101,0.8983903420523138,0.009583118087192647,119.29729071799522,86.60973459764503,943.1076144062597,0.11929729071799522,0.08660973459764502,0.9431076144062598,3.5897624944110222,0.3464480826417654,4.5822231073915365
WbZt_4000_1000,WbZt,4000,1000,85,400,0.4,0.4,/eos/uscms/store/user/aji/rootfiles_existingOptimization/WbZt_4000_1000_pt400_ak4_ca4_th85.root,ok,,1000,993,0.993,0.002636474919281427,0.8408862034239678,0.011607746324690325,0.6455186304128903,0.27794561933534745,0.08056394763343404,0.08,0.919436052366566,0.008636872520985684,117.08861633062679,84.68712892705032,925.9674802718544,0.11708861633062678,0.08468712892705033,0.9259674802718544,3.5924942052831783,0.2517956395235325,4.607221396016682
WbZt_4000_1000,WbZt,4000,1000,85,360,0.4,0.8,/eos/uscms/store/user/aji/rootfiles_existingOptimization/WbZt_4000_1000_pt360_ak4_ca8_th85.root,ok,,1000,994,0.994,0.002442130217658347,0.8229376257545271,0.012107470209805057,0.5995975855130785,0.317907444668008,0.10160965794768612,0.101,0.8983903420523138,0.009583118087192647,119.29729071799522,86.60973459764503,949.2161629191775,0.11929729071799522,0.08660973459764502,0.9492161629191775,3.615364704134953,0.33689302472869165,4.607825317115467
WbZt_4000_1000,WbZt,4000,1000,85,360,0.4,0.6,/eos/uscms/store/user/aji/rootfiles_existingOptimization/WbZt_4000_1000_pt360_ak4_ca6_th85.root,ok,,1000,994,0.994,0.002442130217658347,0.8229376257545271,0.012107470209805057,0.5995975855130785,0.317907444668008,0.09959758551307847,0.099,0.9004024144869215,0.009498379956806672,119.29729071799522,86.60973459764503,949.2161629191775,0.11929729071799522,0.08660973459764502,0.9492161629191775,3.615364704134953,0.33500056670861555,4.6098373895500755
WbZt_4000_1000,WbZt,4000,1000,85,380,0.4,1.2,/eos/uscms/store/user/aji/rootfiles_existingOptimization/WbZt_4000_1000_pt380_ak4_ca12_th85.root,ok,,1000,993,0.993,0.002636474919281427,0.8499496475327291,0.011332885077551329,0.6278952668680765,0.31268882175226587,0.0986908358509567,0.098,0.9013091641490433,0.0094645655354815,115.01300240189447,85.25524490597388,926.9169150085391,0.11501300240189447,0.08525524490597389,0.9269169150085392,3.6589848648655994,0.33618159218494426,4.655792728774453
WbZt_4000_1000,WbZt,4000,1000,85,380,0.4,1.4,/eos/uscms/store/user/aji/rootfiles_existingOptimization/WbZt_4000_1000_pt380_ak4_ca14_th85.root,ok,,1000,993,0.993,0.002636474919281427,0.851963746223565,0.01126989775964556,0.6289023162134945,0.31671701913393757,0.09969788519637462,0.099,0.9003021148036254,0.009507415713991668,114.48067069645352,85.18355429443051,925.4441045509831,0.11448067069645351,0.0851835542944305,0.925444104550983,3.669879575061674,0.3435551915769918,4.665733622795654
WbZt_4000_1000,WbZt,4000,1000,85,380,0.4,1.6,/eos/uscms/store/user/aji/rootfiles_existingOptimization/WbZt_4000_1000_pt380_ak4_ca16_th85.root,ok,,1000,993,0.993,0.002636474919281427,0.8559919436052367,0.011141755114766613,0.6309164149043303,0.3217522658610272,0.10070493454179255,0.1,0.8992950654582075,0.009549966688264126,114.08488050238942,84.9475677010653,923.796244615006,0.11408488050238942,0.0849475677010653,0.9237962446150061,3.676423524396696,0.34956611555854106,4.671310101804664
WbZt_4000_1000,WbZt,4000,1000,85,380,0.4,1.0,/eos/uscms/store/user/aji/rootfiles_existingOptimization/WbZt_4000_1000_pt380_ak4_ca10_th85.root,ok,,1000,993,0.993,0.002636474919281427,0.8489425981873112,0.011364113015218,0.6273917421953675,0.3001007049345418,0.0866062437059416,0.086,0.9133937562940584,0.008925426878972898,115.1062940910481,85.25524490597388,933.4322721862719,0.1151062940910481,0.08525524490597389,0.9334322721862719,3.684320800952019,0.33253592340982735,4.693203927836972
WbZt_4000_1000,WbZt,4000,1000,85,380,0.4,0.6,/eos/uscms/store/user/aji/rootfiles_existingOptimization/WbZt_4000_1000_pt380_ak4_ca6_th85.root,ok,,1000,993,0.993,0.002636474919281427,0.8489425981873112,0.011364113015218,0.6273917421953675,0.297079556898288,0.08358509566968782,0.083,0.9164149043303121,0.008782858170039076,115.17807306172205,85.25524490597388,938.3767224498392,0.11517807306172204,0.08525524490597389,0.9383767224498393,3.7034891054597328,0.3185814853848852,4.715386202483872
WbZt_4000_1000,WbZt,4000,1000,85,380,0.4,0.8,/eos/uscms/store/user/aji/rootfiles_existingOptimization/WbZt_4000_1000_pt380_ak4_ca8_th85.root,ok,,1000,993,0.993,0.002636474919281427,0.8489425981873112,0.011364113015218,0.6273917421953675,0.29607250755287007,0.08459214501510574,0.084,0.9154078549848943,0.00883075247882335,115.1062940910481,85.25524490597388,938.3767224498392,0.1151062940910481,0.08525524490597389,0.9383767224498393,3.70579855897825,0.3221910281178351,4.716695784554039
WbZt_4000_1000,WbZt,4000,1000,85,400,0.4,1.6,/eos/uscms/store/user/aji/rootfiles_existingOptimization/WbZt_4000_1000_pt400_ak4_ca16_th85.root,ok,,1000,993,0.993,0.002636474919281427,0.8731117824773413,0.010562602795775785,0.6616314199395771,0.29556898288016115,0.08962739174219536,0.089,0.9103726082578046,0.009064739872404888,110.79404013423924,83.42231238323944,912.9312048370455,0.11079404013423924,0.08342231238323944,0.9129312048370455,3.7434725344827404,0.30970253176233725,4.74976573872712
WbZt_4000_1000,WbZt,4000,1000,85,400,0.4,1.4,/eos/uscms/store/user/aji/rootfiles_existingOptimization/WbZt_4000_1000_pt400_ak4_ca14_th85.root,ok,,1000,993,0.993,0.002636474919281427,0.8690835850956697,0.010704175015020675,0.6596173212487412,0.29103726082578046,0.08862034239677745,0.088,0.9113796576032226,0.0090186545682717,110.93728673686417,83.4749125725736,914.9034930848252,0.11093728673686416,0.0834749125725736,0.9149034930848252,3.747290946840735,0.3036636090860099,4.754576875770271
WbZt_4000_1000,WbZt,4000,1000,85,400,0.4,1.2,/eos/uscms/store/user/aji/rootfiles_existingOptimization/WbZt_4000_1000_pt400_ak4_ca12_th85.root,ok,,1000,993,0.993,0.002636474919281427,0.8680765357502518,0.010739038713850353,0.6591137965760322,0.28751258811681774,0.08761329305135952,0.087,0.9123867069486404,0.008972218727511963,111.0089749671869,83.64452991086944,916.8077030477764,0.1110089749671869,0.08364452991086944,0.9168077030477765,3.7526838410280856,0.30065129271392754,4.760969650480007
WbZt_4000_1000,WbZt,4000,1000,85,400,0.4,1.0,/eos/uscms/store/user/aji/rootfiles_existingOptimization/WbZt_4000_1000_pt400_ak4_ca10_th85.root,ok,,1000,993,0.993,0.002636474919281427,0.8670694864048338,0.010773694800207945,0.6586102719033232,0.2754279959718026,0.0755287009063444,0.075,0.9244712990936556,0.008385483322961297,111.0089749671869,83.64452991086944,924.2488173954328,0.1110089749671869,0.08364452991086944,0.9242488173954327,3.786199664184978,0.2879424195622046,4.806570065781915
WbZt_4000_1000,WbZt,4000,1000,85,400,0.4,0.6,/eos/uscms/store/user/aji/rootfiles_existingOptimization/WbZt_4000_1000_pt400_ak4_ca6_th85.root,ok,,1000,993,0.993,0.002636474919281427,0.8670694864048338,0.010773694800207945,0.6586102719033232,0.2719033232628399,0.07351460221550855,0.073,0.9264853977844915,0.008281928389058587,111.11882246893256,83.64452991086944,927.6175750317644,0.11111882246893257,0.08364452991086944,0.9276175750317645,3.7976151401211045,0.28155003789812477,4.819988655658703
WbZt_4000_1000,WbZt,4000,1000,85,400,0.4,0.8,/eos/uscms/store/user/aji/rootfiles_existingOptimization/WbZt_4000_1000_pt400_ak4_ca8_th85.root,ok,,1000,993,0.993,0.002636474919281427,0.8670694864048338,0.010773694800207945,0.6586102719033232,0.2713997985901309,0.07351460221550855,0.073,0.9264853977844915,0.008281928389058587,111.0089749671869,83.64452991086944,927.6175750317644,0.1110089749671869,0.08364452991086944,0.9276175750317645,3.8013730212821293,0.2816233832487224,4.823757521569902
WbZt_4000_1000,WbZt,4000,1000,85,100,0.8,0.4,/eos/uscms/store/user/aji/rootfiles_existingOptimization/WbZt_4000_1000_pt100_ak8_ca4_th85.root,failed,/eos/uscms/store/user/aji/rootfiles_existingOptimization/WbZt_4000_1000_pt100_ak8_ca4_th85.root,nan,nan,nan,nan,nan,nan,nan,nan,nan,nan,nan,nan,nan,nan,nan,nan,nan,nan,nan,nan,nan
WbZt_4000_1000,WbZt,4000,1000,85,100,1.0,0.4,/eos/uscms/store/user/aji/rootfiles_existingOptimization/WbZt_4000_1000_pt100_ak10_ca4_th85.root,failed,/eos/uscms/store/user/aji/rootfiles_existingOptimization/WbZt_4000_1000_pt100_ak10_ca4_th85.root,nan,nan,nan,nan,nan,nan,nan,nan,nan,nan,nan,nan,nan,nan,nan,nan,nan,nan,nan,nan,nan
WbZt_4000_1000,WbZt,4000,1000,85,100,1.0,0.6,/eos/uscms/store/user/aji/rootfiles_existingOptimization/WbZt_4000_1000_pt100_ak10_ca6_th85.root,failed,/eos/uscms/store/user/aji/rootfiles_existingOptimization/WbZt_4000_1000_pt100_ak10_ca6_th85.root,nan,nan,nan,nan,nan,nan,nan,nan,nan,nan,nan,nan,nan,nan,nan,nan,nan,nan,nan,nan,nan
WbZt_4000_1000,WbZt,4000,1000,85,100,1.2,0.4,/eos/uscms/store/user/aji/rootfiles_existingOptimization/WbZt_4000_1000_pt100_ak12_ca4_th85.root,failed,/eos/uscms/store/user/aji/rootfiles_existingOptimization/WbZt_4000_1000_pt100_ak12_ca4_th85.root,nan,nan,nan,nan,nan,nan,nan,nan,nan,nan,nan,nan,nan,nan,nan,nan,nan,nan,nan,nan,nan
WbZt_4000_1000,WbZt,4000,1000,85,100,1.2,0.6,/eos/uscms/store/user/aji/rootfiles_existingOptimization/WbZt_4000_1000_pt100_ak12_ca6_th85.root,failed,/eos/uscms/store/user/aji/rootfiles_existingOptimization/WbZt_4000_1000_pt100_ak12_ca6_th85.root,nan,nan,nan,nan,nan,nan,nan,nan,nan,nan,nan,nan,nan,nan,nan,nan,nan,nan,nan,nan,nan
WbZt_4000_1000,WbZt,4000,1000,85,100,1.2,0.8,/eos/uscms/store/user/aji/rootfiles_existingOptimization/WbZt_4000_1000_pt100_ak12_ca8_th85.root,failed,/eos/uscms/store/user/aji/rootfiles_existingOptimization/WbZt_4000_1000_pt100_ak12_ca8_th85.root,nan,nan,nan,nan,nan,nan,nan,nan,nan,nan,nan,nan,nan,nan,nan,nan,nan,nan,nan,nan,nan
WbZt_4000_1000,WbZt,4000,1000,85,100,1.4,0.4,/eos/uscms/store/user/aji/rootfiles_existingOptimization/WbZt_4000_1000_pt100_ak14_ca4_th85.root,failed,/eos/uscms/store/user/aji/rootfiles_existingOptimization/WbZt_4000_1000_pt100_ak14_ca4_th85.root,nan,nan,nan,nan,nan,nan,nan,nan,nan,nan,nan,nan,nan,nan,nan,nan,nan,nan,nan,nan,nan
WbZt_4000_1000,WbZt,4000,1000,85,100,1.4,0.6,/eos/uscms/store/user/aji/rootfiles_existingOptimization/WbZt_4000_1000_pt100_ak14_ca6_th85.root,failed,/eos/uscms/store/user/aji/rootfiles_existingOptimization/WbZt_4000_1000_pt100_ak14_ca6_th85.root,nan,nan,nan,nan,nan,nan,nan,nan,nan,nan,nan,nan,nan,nan,nan,nan,nan,nan,nan,nan,nan
WbZt_4000_1000,WbZt,4000,1000,85,100,1.4,0.8,/eos/uscms/store/user/aji/rootfiles_existingOptimization/WbZt_4000_1000_pt100_ak14_ca8_th85.root,failed,/eos/uscms/store/user/aji/rootfiles_existingOptimization/WbZt_4000_1000_pt100_ak14_ca8_th85.root,nan,nan,nan,nan,nan,nan,nan,nan,nan,nan,nan,nan,nan,nan,nan,nan,nan,nan,nan,nan,nan
WbZt_4000_1000,WbZt,4000,1000,85,100,1.4,1.0,/eos/uscms/store/user/aji/rootfiles_existingOptimization/WbZt_4000_1000_pt100_ak14_ca10_th85.root,failed,/eos/uscms/store/user/aji/rootfiles_existingOptimization/WbZt_4000_1000_pt100_ak14_ca10_th85.root,nan,nan,nan,nan,nan,nan,nan,nan,nan,nan,nan,nan,nan,nan,nan,nan,nan,nan,nan,nan,nan
WbZt_4000_1000,WbZt,4000,1000,85,100,1.6,0.4,/eos/uscms/store/user/aji/rootfiles_existingOptimization/WbZt_4000_1000_pt100_ak16_ca4_th85.root,failed,/eos/uscms/store/user/aji/rootfiles_existingOptimization/WbZt_4000_1000_pt100_ak16_ca4_th85.root,nan,nan,nan,nan,nan,nan,nan,nan,nan,nan,nan,nan,nan,nan,nan,nan,nan,nan,nan,nan,nan
WbZt_4000_1000,WbZt,4000,1000,85,100,1.6,0.6,/eos/uscms/store/user/aji/rootfiles_existingOptimization/WbZt_4000_1000_pt100_ak16_ca6_th85.root,failed,/eos/uscms/store/user/aji/rootfiles_existingOptimization/WbZt_4000_1000_pt100_ak16_ca6_th85.root,nan,nan,nan,nan,nan,nan,nan,nan,nan,nan,nan,nan,nan,nan,nan,nan,nan,nan,nan,nan,nan
WbZt_4000_1000,WbZt,4000,1000,85,100,1.6,0.8,/eos/uscms/store/user/aji/rootfiles_existingOptimization/WbZt_4000_1000_pt100_ak16_ca8_th85.root,failed,/eos/uscms/store/user/aji/rootfiles_existingOptimization/WbZt_4000_1000_pt100_ak16_ca8_th85.root,nan,nan,nan,nan,nan,nan,nan,nan,nan,nan,nan,nan,nan,nan,nan,nan,nan,nan,nan,nan,nan
WbZt_4000_1000,WbZt,4000,1000,85,100,1.6,1.0,/eos/uscms/store/user/aji/rootfiles_existingOptimization/WbZt_4000_1000_pt100_ak16_ca10_th85.root,failed,/eos/uscms/store/user/aji/rootfiles_existingOptimization/WbZt_4000_1000_pt100_ak16_ca10_th85.root,nan,nan,nan,nan,nan,nan,nan,nan,nan,nan,nan,nan,nan,nan,nan,nan,nan,nan,nan,nan,nan
WbZt_4000_1000,WbZt,4000,1000,85,100,1.6,1.2,/eos/uscms/store/user/aji/rootfiles_existingOptimization/WbZt_4000_1000_pt100_ak16_ca12_th85.root,failed,/eos/uscms/store/user/aji/rootfiles_existingOptimization/WbZt_4000_1000_pt100_ak16_ca12_th85.root,nan,nan,nan,nan,nan,nan,nan,nan,nan,nan,nan,nan,nan,nan,nan,nan,nan,nan,nan,nan,nan
WbZt_4000_1000,WbZt,4000,1000,85,120,0.8,0.4,/eos/uscms/store/user/aji/rootfiles_existingOptimization/WbZt_4000_1000_pt120_ak8_ca4_th85.root,failed,/eos/uscms/store/user/aji/rootfiles_existingOptimization/WbZt_4000_1000_pt120_ak8_ca4_th85.root,nan,nan,nan,nan,nan,nan,nan,nan,nan,nan,nan,nan,nan,nan,nan,nan,nan,nan,nan,nan,nan
WbZt_4000_1000,WbZt,4000,1000,85,120,1.0,0.4,/eos/uscms/store/user/aji/rootfiles_existingOptimization/WbZt_4000_1000_pt120_ak10_ca4_th85.root,failed,/eos/uscms/store/user/aji/rootfiles_existingOptimization/WbZt_4000_1000_pt120_ak10_ca4_th85.root,nan,nan,nan,nan,nan,nan,nan,nan,nan,nan,nan,nan,nan,nan,nan,nan,nan,nan,nan,nan,nan
WbZt_4000_1000,WbZt,4000,1000,85,120,1.0,0.6,/eos/uscms/store/user/aji/rootfiles_existingOptimization/WbZt_4000_1000_pt120_ak10_ca6_th85.root,failed,/eos/uscms/store/user/aji/rootfiles_existingOptimization/WbZt_4000_1000_pt120_ak10_ca6_th85.root,nan,nan,nan,nan,nan,nan,nan,nan,nan,nan,nan,nan,nan,nan,nan,nan,nan,nan,nan,nan,nan
WbZt_4000_1000,WbZt,4000,1000,85,120,1.2,0.4,/eos/uscms/store/user/aji/rootfiles_existingOptimization/WbZt_4000_1000_pt120_ak12_ca4_th85.root,failed,/eos/uscms/store/user/aji/rootfiles_existingOptimization/WbZt_4000_1000_pt120_ak12_ca4_th85.root,nan,nan,nan,nan,nan,nan,nan,nan,nan,nan,nan,nan,nan,nan,nan,nan,nan,nan,nan,nan,nan
WbZt_4000_1000,WbZt,4000,1000,85,120,1.2,0.6,/eos/uscms/store/user/aji/rootfiles_existingOptimization/WbZt_4000_1000_pt120_ak12_ca6_th85.root,failed,/eos/uscms/store/user/aji/rootfiles_existingOptimization/WbZt_4000_1000_pt120_ak12_ca6_th85.root,nan,nan,nan,nan,nan,nan,nan,nan,nan,nan,nan,nan,nan,nan,nan,nan,nan,nan,nan,nan,nan
WbZt_4000_1000,WbZt,4000,1000,85,120,1.2,0.8,/eos/uscms/store/user/aji/rootfiles_existingOptimization/WbZt_4000_1000_pt120_ak12_ca8_th85.root,failed,/eos/uscms/store/user/aji/rootfiles_existingOptimization/WbZt_4000_1000_pt120_ak12_ca8_th85.root,nan,nan,nan,nan,nan,nan,nan,nan,nan,nan,nan,nan,nan,nan,nan,nan,nan,nan,nan,nan,nan
WbZt_4000_1000,WbZt,4000,1000,85,120,1.4,0.4,/eos/uscms/store/user/aji/rootfiles_existingOptimization/WbZt_4000_1000_pt120_ak14_ca4_th85.root,failed,/eos/uscms/store/user/aji/rootfiles_existingOptimization/WbZt_4000_1000_pt120_ak14_ca4_th85.root,nan,nan,nan,nan,nan,nan,nan,nan,nan,nan,nan,nan,nan,nan,nan,nan,nan,nan,nan,nan,nan
WbZt_4000_1000,WbZt,4000,1000,85,120,1.4,0.6,/eos/uscms/store/user/aji/rootfiles_existingOptimization/WbZt_4000_1000_pt120_ak14_ca6_th85.root,failed,/eos/uscms/store/user/aji/rootfiles_existingOptimization/WbZt_4000_1000_pt120_ak14_ca6_th85.root,nan,nan,nan,nan,nan,nan,nan,nan,nan,nan,nan,nan,nan,nan,nan,nan,nan,nan,nan,nan,nan
WbZt_4000_1000,WbZt,4000,1000,85,120,1.4,0.8,/eos/uscms/store/user/aji/rootfiles_existingOptimization/WbZt_4000_1000_pt120_ak14_ca8_th85.root,failed,/eos/uscms/store/user/aji/rootfiles_existingOptimization/WbZt_4000_1000_pt120_ak14_ca8_th85.root,nan,nan,nan,nan,nan,nan,nan,nan,nan,nan,nan,nan,nan,nan,nan,nan,nan,nan,nan,nan,nan
WbZt_4000_1000,WbZt,4000,1000,85,120,1.4,1.0,/eos/uscms/store/user/aji/rootfiles_existingOptimization/WbZt_4000_1000_pt120_ak14_ca10_th85.root,failed,/eos/uscms/store/user/aji/rootfiles_existingOptimization/WbZt_4000_1000_pt120_ak14_ca10_th85.root,nan,nan,nan,nan,nan,nan,nan,nan,nan,nan,nan,nan,nan,nan,nan,nan,nan,nan,nan,nan,nan
WbZt_4000_1000,WbZt,4000,1000,85,120,1.6,0.4,/eos/uscms/store/user/aji/rootfiles_existingOptimization/WbZt_4000_1000_pt120_ak16_ca4_th85.root,failed,/eos/uscms/store/user/aji/rootfiles_existingOptimization/WbZt_4000_1000_pt120_ak16_ca4_th85.root,nan,nan,nan,nan,nan,nan,nan,nan,nan,nan,nan,nan,nan,nan,nan,nan,nan,nan,nan,nan,nan
WbZt_4000_1000,WbZt,4000,1000,85,120,1.6,0.6,/eos/uscms/store/user/aji/rootfiles_existingOptimization/WbZt_4000_1000_pt120_ak16_ca6_th85.root,failed,/eos/uscms/store/user/aji/rootfiles_existingOptimization/WbZt_4000_1000_pt120_ak16_ca6_th85.root,nan,nan,nan,nan,nan,nan,nan,nan,nan,nan,nan,nan,nan,nan,nan,nan,nan,nan,nan,nan,nan
WbZt_4000_1000,WbZt,4000,1000,85,120,1.6,0.8,/eos/uscms/store/user/aji/rootfiles_existingOptimization/WbZt_4000_1000_pt120_ak16_ca8_th85.root,failed,/eos/uscms/store/user/aji/rootfiles_existingOptimization/WbZt_4000_1000_pt120_ak16_ca8_th85.root,nan,nan,nan,nan,nan,nan,nan,nan,nan,nan,nan,nan,nan,nan,nan,nan,nan,nan,nan,nan,nan
WbZt_4000_1000,WbZt,4000,1000,85,120,1.6,1.0,/eos/uscms/store/user/aji/rootfiles_existingOptimization/WbZt_4000_1000_pt120_ak16_ca10_th85.root,failed,/eos/uscms/store/user/aji/rootfiles_existingOptimization/WbZt_4000_1000_pt120_ak16_ca10_th85.root,nan,nan,nan,nan,nan,nan,nan,nan,nan,nan,nan,nan,nan,nan,nan,nan,nan,nan,nan,nan,nan
WbZt_4000_1000,WbZt,4000,1000,85,120,1.6,1.2,/eos/uscms/store/user/aji/rootfiles_existingOptimization/WbZt_4000_1000_pt120_ak16_ca12_th85.root,failed,/eos/uscms/store/user/aji/rootfiles_existingOptimization/WbZt_4000_1000_pt120_ak16_ca12_th85.root,nan,nan,nan,nan,nan,nan,nan,nan,nan,nan,nan,nan,nan,nan,nan,nan,nan,nan,nan,nan,nan
WbZt_4000_1000,WbZt,4000,1000,85,140,0.8,0.4,/eos/uscms/store/user/aji/rootfiles_existingOptimization/WbZt_4000_1000_pt140_ak8_ca4_th85.root,failed,/eos/uscms/store/user/aji/rootfiles_existingOptimization/WbZt_4000_1000_pt140_ak8_ca4_th85.root,nan,nan,nan,nan,nan,nan,nan,nan,nan,nan,nan,nan,nan,nan,nan,nan,nan,nan,nan,nan,nan
WbZt_4000_1000,WbZt,4000,1000,85,140,1.0,0.4,/eos/uscms/store/user/aji/rootfiles_existingOptimization/WbZt_4000_1000_pt140_ak10_ca4_th85.root,failed,/eos/uscms/store/user/aji/rootfiles_existingOptimization/WbZt_4000_1000_pt140_ak10_ca4_th85.root,nan,nan,nan,nan,nan,nan,nan,nan,nan,nan,nan,nan,nan,nan,nan,nan,nan,nan,nan,nan,nan
WbZt_4000_1000,WbZt,4000,1000,85,140,1.0,0.6,/eos/uscms/store/user/aji/rootfiles_existingOptimization/WbZt_4000_1000_pt140_ak10_ca6_th85.root,failed,/eos/uscms/store/user/aji/rootfiles_existingOptimization/WbZt_4000_1000_pt140_ak10_ca6_th85.root,nan,nan,nan,nan,nan,nan,nan,nan,nan,nan,nan,nan,nan,nan,nan,nan,nan,nan,nan,nan,nan
WbZt_4000_1000,WbZt,4000,1000,85,140,1.2,0.4,/eos/uscms/store/user/aji/rootfiles_existingOptimization/WbZt_4000_1000_pt140_ak12_ca4_th85.root,failed,/eos/uscms/store/user/aji/rootfiles_existingOptimization/WbZt_4000_1000_pt140_ak12_ca4_th85.root,nan,nan,nan,nan,nan,nan,nan,nan,nan,nan,nan,nan,nan,nan,nan,nan,nan,nan,nan,nan,nan
WbZt_4000_1000,WbZt,4000,1000,85,140,1.2,0.6,/eos/uscms/store/user/aji/rootfiles_existingOptimization/WbZt_4000_1000_pt140_ak12_ca6_th85.root,failed,/eos/uscms/store/user/aji/rootfiles_existingOptimization/WbZt_4000_1000_pt140_ak12_ca6_th85.root,nan,nan,nan,nan,nan,nan,nan,nan,nan,nan,nan,nan,nan,nan,nan,nan,nan,nan,nan,nan,nan
WbZt_4000_1000,WbZt,4000,1000,85,140,1.2,0.8,/eos/uscms/store/user/aji/rootfiles_existingOptimization/WbZt_4000_1000_pt140_ak12_ca8_th85.root,failed,/eos/uscms/store/user/aji/rootfiles_existingOptimization/WbZt_4000_1000_pt140_ak12_ca8_th85.root,nan,nan,nan,nan,nan,nan,nan,nan,nan,nan,nan,nan,nan,nan,nan,nan,nan,nan,nan,nan,nan
WbZt_4000_1000,WbZt,4000,1000,85,140,1.4,0.4,/eos/uscms/store/user/aji/rootfiles_existingOptimization/WbZt_4000_1000_pt140_ak14_ca4_th85.root,failed,/eos/uscms/store/user/aji/rootfiles_existingOptimization/WbZt_4000_1000_pt140_ak14_ca4_th85.root,nan,nan,nan,nan,nan,nan,nan,nan,nan,nan,nan,nan,nan,nan,nan,nan,nan,nan,nan,nan,nan
WbZt_4000_1000,WbZt,4000,1000,85,140,1.4,0.6,/eos/uscms/store/user/aji/rootfiles_existingOptimization/WbZt_4000_1000_pt140_ak14_ca6_th85.root,failed,/eos/uscms/store/user/aji/rootfiles_existingOptimization/WbZt_4000_1000_pt140_ak14_ca6_th85.root,nan,nan,nan,nan,nan,nan,nan,nan,nan,nan,nan,nan,nan,nan,nan,nan,nan,nan,nan,nan,nan
WbZt_4000_1000,WbZt,4000,1000,85,140,1.4,0.8,/eos/uscms/store/user/aji/rootfiles_existingOptimization/WbZt_4000_1000_pt140_ak14_ca8_th85.root,failed,/eos/uscms/store/user/aji/rootfiles_existingOptimization/WbZt_4000_1000_pt140_ak14_ca8_th85.root,nan,nan,nan,nan,nan,nan,nan,nan,nan,nan,nan,nan,nan,nan,nan,nan,nan,nan,nan,nan,nan
WbZt_4000_1000,WbZt,4000,1000,85,140,1.4,1.0,/eos/uscms/store/user/aji/rootfiles_existingOptimization/WbZt_4000_1000_pt140_ak14_ca10_th85.root,failed,/eos/uscms/store/user/aji/rootfiles_existingOptimization/WbZt_4000_1000_pt140_ak14_ca10_th85.root,nan,nan,nan,nan,nan,nan,nan,nan,nan,nan,nan,nan,nan,nan,nan,nan,nan,nan,nan,nan,nan
WbZt_4000_1000,WbZt,4000,1000,85,140,1.6,0.4,/eos/uscms/store/user/aji/rootfiles_existingOptimization/WbZt_4000_1000_pt140_ak16_ca4_th85.root,failed,/eos/uscms/store/user/aji/rootfiles_existingOptimization/WbZt_4000_1000_pt140_ak16_ca4_th85.root,nan,nan,nan,nan,nan,nan,nan,nan,nan,nan,nan,nan,nan,nan,nan,nan,nan,nan,nan,nan,nan
WbZt_4000_1000,WbZt,4000,1000,85,140,1.6,0.6,/eos/uscms/store/user/aji/rootfiles_existingOptimization/WbZt_4000_1000_pt140_ak16_ca6_th85.root,failed,/eos/uscms/store/user/aji/rootfiles_existingOptimization/WbZt_4000_1000_pt140_ak16_ca6_th85.root,nan,nan,nan,nan,nan,nan,nan,nan,nan,nan,nan,nan,nan,nan,nan,nan,nan,nan,nan,nan,nan
WbZt_4000_1000,WbZt,4000,1000,85,140,1.6,0.8,/eos/uscms/store/user/aji/rootfiles_existingOptimization/WbZt_4000_1000_pt140_ak16_ca8_th85.root,failed,/eos/uscms/store/user/aji/rootfiles_existingOptimization/WbZt_4000_1000_pt140_ak16_ca8_th85.root,nan,nan,nan,nan,nan,nan,nan,nan,nan,nan,nan,nan,nan,nan,nan,nan,nan,nan,nan,nan,nan
WbZt_4000_1000,WbZt,4000,1000,85,140,1.6,1.0,/eos/uscms/store/user/aji/rootfiles_existingOptimization/WbZt_4000_1000_pt140_ak16_ca10_th85.root,failed,/eos/uscms/store/user/aji/rootfiles_existingOptimization/WbZt_4000_1000_pt140_ak16_ca10_th85.root,nan,nan,nan,nan,nan,nan,nan,nan,nan,nan,nan,nan,nan,nan,nan,nan,nan,nan,nan,nan,nan
WbZt_4000_1000,WbZt,4000,1000,85,140,1.6,1.2,/eos/uscms/store/user/aji/rootfiles_existingOptimization/WbZt_4000_1000_pt140_ak16_ca12_th85.root,failed,/eos/uscms/store/user/aji/rootfiles_existingOptimization/WbZt_4000_1000_pt140_ak16_ca12_th85.root,nan,nan,nan,nan,nan,nan,nan,nan,nan,nan,nan,nan,nan,nan,nan,nan,nan,nan,nan,nan,nan
WbZt_4000_1000,WbZt,4000,1000,85,160,0.8,0.4,/eos/uscms/store/user/aji/rootfiles_existingOptimization/WbZt_4000_1000_pt160_ak8_ca4_th85.root,failed,/eos/uscms/store/user/aji/rootfiles_existingOptimization/WbZt_4000_1000_pt160_ak8_ca4_th85.root,nan,nan,nan,nan,nan,nan,nan,nan,nan,nan,nan,nan,nan,nan,nan,nan,nan,nan,nan,nan,nan
WbZt_4000_1000,WbZt,4000,1000,85,160,1.0,0.4,/eos/uscms/store/user/aji/rootfiles_existingOptimization/WbZt_4000_1000_pt160_ak10_ca4_th85.root,failed,/eos/uscms/store/user/aji/rootfiles_existingOptimization/WbZt_4000_1000_pt160_ak10_ca4_th85.root,nan,nan,nan,nan,nan,nan,nan,nan,nan,nan,nan,nan,nan,nan,nan,nan,nan,nan,nan,nan,nan
WbZt_4000_1000,WbZt,4000,1000,85,160,1.0,0.6,/eos/uscms/store/user/aji/rootfiles_existingOptimization/WbZt_4000_1000_pt160_ak10_ca6_th85.root,failed,/eos/uscms/store/user/aji/rootfiles_existingOptimization/WbZt_4000_1000_pt160_ak10_ca6_th85.root,nan,nan,nan,nan,nan,nan,nan,nan,nan,nan,nan,nan,nan,nan,nan,nan,nan,nan,nan,nan,nan
WbZt_4000_1000,WbZt,4000,1000,85,160,1.2,0.4,/eos/uscms/store/user/aji/rootfiles_existingOptimization/WbZt_4000_1000_pt160_ak12_ca4_th85.root,failed,/eos/uscms/store/user/aji/rootfiles_existingOptimization/WbZt_4000_1000_pt160_ak12_ca4_th85.root,nan,nan,nan,nan,nan,nan,nan,nan,nan,nan,nan,nan,nan,nan,nan,nan,nan,nan,nan,nan,nan
WbZt_4000_1000,WbZt,4000,1000,85,160,1.2,0.6,/eos/uscms/store/user/aji/rootfiles_existingOptimization/WbZt_4000_1000_pt160_ak12_ca6_th85.root,failed,/eos/uscms/store/user/aji/rootfiles_existingOptimization/WbZt_4000_1000_pt160_ak12_ca6_th85.root,nan,nan,nan,nan,nan,nan,nan,nan,nan,nan,nan,nan,nan,nan,nan,nan,nan,nan,nan,nan,nan
WbZt_4000_1000,WbZt,4000,1000,85,160,1.2,0.8,/eos/uscms/store/user/aji/rootfiles_existingOptimization/WbZt_4000_1000_pt160_ak12_ca8_th85.root,failed,/eos/uscms/store/user/aji/rootfiles_existingOptimization/WbZt_4000_1000_pt160_ak12_ca8_th85.root,nan,nan,nan,nan,nan,nan,nan,nan,nan,nan,nan,nan,nan,nan,nan,nan,nan,nan,nan,nan,nan
WbZt_4000_1000,WbZt,4000,1000,85,160,1.4,0.4,/eos/uscms/store/user/aji/rootfiles_existingOptimization/WbZt_4000_1000_pt160_ak14_ca4_th85.root,failed,/eos/uscms/store/user/aji/rootfiles_existingOptimization/WbZt_4000_1000_pt160_ak14_ca4_th85.root,nan,nan,nan,nan,nan,nan,nan,nan,nan,nan,nan,nan,nan,nan,nan,nan,nan,nan,nan,nan,nan
WbZt_4000_1000,WbZt,4000,1000,85,160,1.4,0.6,/eos/uscms/store/user/aji/rootfiles_existingOptimization/WbZt_4000_1000_pt160_ak14_ca6_th85.root,failed,/eos/uscms/store/user/aji/rootfiles_existingOptimization/WbZt_4000_1000_pt160_ak14_ca6_th85.root,nan,nan,nan,nan,nan,nan,nan,nan,nan,nan,nan,nan,nan,nan,nan,nan,nan,nan,nan,nan,nan
WbZt_4000_1000,WbZt,4000,1000,85,160,1.4,0.8,/eos/uscms/store/user/aji/rootfiles_existingOptimization/WbZt_4000_1000_pt160_ak14_ca8_th85.root,failed,/eos/uscms/store/user/aji/rootfiles_existingOptimization/WbZt_4000_1000_pt160_ak14_ca8_th85.root,nan,nan,nan,nan,nan,nan,nan,nan,nan,nan,nan,nan,nan,nan,nan,nan,nan,nan,nan,nan,nan
WbZt_4000_1000,WbZt,4000,1000,85,160,1.4,1.0,/eos/uscms/store/user/aji/rootfiles_existingOptimization/WbZt_4000_1000_pt160_ak14_ca10_th85.root,failed,/eos/uscms/store/user/aji/rootfiles_existingOptimization/WbZt_4000_1000_pt160_ak14_ca10_th85.root,nan,nan,nan,nan,nan,nan,nan,nan,nan,nan,nan,nan,nan,nan,nan,nan,nan,nan,nan,nan,nan
WbZt_4000_1000,WbZt,4000,1000,85,160,1.6,0.4,/eos/uscms/store/user/aji/rootfiles_existingOptimization/WbZt_4000_1000_pt160_ak16_ca4_th85.root,failed,/eos/uscms/store/user/aji/rootfiles_existingOptimization/WbZt_4000_1000_pt160_ak16_ca4_th85.root,nan,nan,nan,nan,nan,nan,nan,nan,nan,nan,nan,nan,nan,nan,nan,nan,nan,nan,nan,nan,nan
WbZt_4000_1000,WbZt,4000,1000,85,160,1.6,0.6,/eos/uscms/store/user/aji/rootfiles_existingOptimization/WbZt_4000_1000_pt160_ak16_ca6_th85.root,failed,/eos/uscms/store/user/aji/rootfiles_existingOptimization/WbZt_4000_1000_pt160_ak16_ca6_th85.root,nan,nan,nan,nan,nan,nan,nan,nan,nan,nan,nan,nan,nan,nan,nan,nan,nan,nan,nan,nan,nan
WbZt_4000_1000,WbZt,4000,1000,85,160,1.6,0.8,/eos/uscms/store/user/aji/rootfiles_existingOptimization/WbZt_4000_1000_pt160_ak16_ca8_th85.root,failed,/eos/uscms/store/user/aji/rootfiles_existingOptimization/WbZt_4000_1000_pt160_ak16_ca8_th85.root,nan,nan,nan,nan,nan,nan,nan,nan,nan,nan,nan,nan,nan,nan,nan,nan,nan,nan,nan,nan,nan
WbZt_4000_1000,WbZt,4000,1000,85,160,1.6,1.0,/eos/uscms/store/user/aji/rootfiles_existingOptimization/WbZt_4000_1000_pt160_ak16_ca10_th85.root,failed,/eos/uscms/store/user/aji/rootfiles_existingOptimization/WbZt_4000_1000_pt160_ak16_ca10_th85.root,nan,nan,nan,nan,nan,nan,nan,nan,nan,nan,nan,nan,nan,nan,nan,nan,nan,nan,nan,nan,nan
WbZt_4000_1000,WbZt,4000,1000,85,160,1.6,1.2,/eos/uscms/store/user/aji/rootfiles_existingOptimization/WbZt_4000_1000_pt160_ak16_ca12_th85.root,failed,/eos/uscms/store/user/aji/rootfiles_existingOptimization/WbZt_4000_1000_pt160_ak16_ca12_th85.root,nan,nan,nan,nan,nan,nan,nan,nan,nan,nan,nan,nan,nan,nan,nan,nan,nan,nan,nan,nan,nan
WbZt_4000_1000,WbZt,4000,1000,85,180,0.8,0.4,/eos/uscms/store/user/aji/rootfiles_existingOptimization/WbZt_4000_1000_pt180_ak8_ca4_th85.root,failed,/eos/uscms/store/user/aji/rootfiles_existingOptimization/WbZt_4000_1000_pt180_ak8_ca4_th85.root,nan,nan,nan,nan,nan,nan,nan,nan,nan,nan,nan,nan,nan,nan,nan,nan,nan,nan,nan,nan,nan
WbZt_4000_1000,WbZt,4000,1000,85,180,1.0,0.4,/eos/uscms/store/user/aji/rootfiles_existingOptimization/WbZt_4000_1000_pt180_ak10_ca4_th85.root,failed,/eos/uscms/store/user/aji/rootfiles_existingOptimization/WbZt_4000_1000_pt180_ak10_ca4_th85.root,nan,nan,nan,nan,nan,nan,nan,nan,nan,nan,nan,nan,nan,nan,nan,nan,nan,nan,nan,nan,nan
WbZt_4000_1000,WbZt,4000,1000,85,180,1.0,0.6,/eos/uscms/store/user/aji/rootfiles_existingOptimization/WbZt_4000_1000_pt180_ak10_ca6_th85.root,failed,/eos/uscms/store/user/aji/rootfiles_existingOptimization/WbZt_4000_1000_pt180_ak10_ca6_th85.root,nan,nan,nan,nan,nan,nan,nan,nan,nan,nan,nan,nan,nan,nan,nan,nan,nan,nan,nan,nan,nan
WbZt_4000_1000,WbZt,4000,1000,85,180,1.2,0.4,/eos/uscms/store/user/aji/rootfiles_existingOptimization/WbZt_4000_1000_pt180_ak12_ca4_th85.root,failed,/eos/uscms/store/user/aji/rootfiles_existingOptimization/WbZt_4000_1000_pt180_ak12_ca4_th85.root,nan,nan,nan,nan,nan,nan,nan,nan,nan,nan,nan,nan,nan,nan,nan,nan,nan,nan,nan,nan,nan
WbZt_4000_1000,WbZt,4000,1000,85,180,1.2,0.6,/eos/uscms/store/user/aji/rootfiles_existingOptimization/WbZt_4000_1000_pt180_ak12_ca6_th85.root,failed,/eos/uscms/store/user/aji/rootfiles_existingOptimization/WbZt_4000_1000_pt180_ak12_ca6_th85.root,nan,nan,nan,nan,nan,nan,nan,nan,nan,nan,nan,nan,nan,nan,nan,nan,nan,nan,nan,nan,nan
WbZt_4000_1000,WbZt,4000,1000,85,180,1.2,0.8,/eos/uscms/store/user/aji/rootfiles_existingOptimization/WbZt_4000_1000_pt180_ak12_ca8_th85.root,failed,/eos/uscms/store/user/aji/rootfiles_existingOptimization/WbZt_4000_1000_pt180_ak12_ca8_th85.root,nan,nan,nan,nan,nan,nan,nan,nan,nan,nan,nan,nan,nan,nan,nan,nan,nan,nan,nan,nan,nan
WbZt_4000_1000,WbZt,4000,1000,85,180,1.4,0.4,/eos/uscms/store/user/aji/rootfiles_existingOptimization/WbZt_4000_1000_pt180_ak14_ca4_th85.root,failed,/eos/uscms/store/user/aji/rootfiles_existingOptimization/WbZt_4000_1000_pt180_ak14_ca4_th85.root,nan,nan,nan,nan,nan,nan,nan,nan,nan,nan,nan,nan,nan,nan,nan,nan,nan,nan,nan,nan,nan
WbZt_4000_1000,WbZt,4000,1000,85,180,1.4,0.6,/eos/uscms/store/user/aji/rootfiles_existingOptimization/WbZt_4000_1000_pt180_ak14_ca6_th85.root,failed,/eos/uscms/store/user/aji/rootfiles_existingOptimization/WbZt_4000_1000_pt180_ak14_ca6_th85.root,nan,nan,nan,nan,nan,nan,nan,nan,nan,nan,nan,nan,nan,nan,nan,nan,nan,nan,nan,nan,nan
WbZt_4000_1000,WbZt,4000,1000,85,180,1.4,0.8,/eos/uscms/store/user/aji/rootfiles_existingOptimization/WbZt_4000_1000_pt180_ak14_ca8_th85.root,failed,/eos/uscms/store/user/aji/rootfiles_existingOptimization/WbZt_4000_1000_pt180_ak14_ca8_th85.root,nan,nan,nan,nan,nan,nan,nan,nan,nan,nan,nan,nan,nan,nan,nan,nan,nan,nan,nan,nan,nan
WbZt_4000_1000,WbZt,4000,1000,85,180,1.4,1.0,/eos/uscms/store/user/aji/rootfiles_existingOptimization/WbZt_4000_1000_pt180_ak14_ca10_th85.root,failed,/eos/uscms/store/user/aji/rootfiles_existingOptimization/WbZt_4000_1000_pt180_ak14_ca10_th85.root,nan,nan,nan,nan,nan,nan,nan,nan,nan,nan,nan,nan,nan,nan,nan,nan,nan,nan,nan,nan,nan
WbZt_4000_1000,WbZt,4000,1000,85,180,1.6,0.4,/eos/uscms/store/user/aji/rootfiles_existingOptimization/WbZt_4000_1000_pt180_ak16_ca4_th85.root,failed,/eos/uscms/store/user/aji/rootfiles_existingOptimization/WbZt_4000_1000_pt180_ak16_ca4_th85.root,nan,nan,nan,nan,nan,nan,nan,nan,nan,nan,nan,nan,nan,nan,nan,nan,nan,nan,nan,nan,nan
WbZt_4000_1000,WbZt,4000,1000,85,180,1.6,0.6,/eos/uscms/store/user/aji/rootfiles_existingOptimization/WbZt_4000_1000_pt180_ak16_ca6_th85.root,failed,/eos/uscms/store/user/aji/rootfiles_existingOptimization/WbZt_4000_1000_pt180_ak16_ca6_th85.root,nan,nan,nan,nan,nan,nan,nan,nan,nan,nan,nan,nan,nan,nan,nan,nan,nan,nan,nan,nan,nan
WbZt_4000_1000,WbZt,4000,1000,85,180,1.6,0.8,/eos/uscms/store/user/aji/rootfiles_existingOptimization/WbZt_4000_1000_pt180_ak16_ca8_th85.root,failed,/eos/uscms/store/user/aji/rootfiles_existingOptimization/WbZt_4000_1000_pt180_ak16_ca8_th85.root,nan,nan,nan,nan,nan,nan,nan,nan,nan,nan,nan,nan,nan,nan,nan,nan,nan,nan,nan,nan,nan
WbZt_4000_1000,WbZt,4000,1000,85,180,1.6,1.0,/eos/uscms/store/user/aji/rootfiles_existingOptimization/WbZt_4000_1000_pt180_ak16_ca10_th85.root,failed,/eos/uscms/store/user/aji/rootfiles_existingOptimization/WbZt_4000_1000_pt180_ak16_ca10_th85.root,nan,nan,nan,nan,nan,nan,nan,nan,nan,nan,nan,nan,nan,nan,nan,nan,nan,nan,nan,nan,nan
WbZt_4000_1000,WbZt,4000,1000,85,180,1.6,1.2,/eos/uscms/store/user/aji/rootfiles_existingOptimization/WbZt_4000_1000_pt180_ak16_ca12_th85.root,failed,/eos/uscms/store/user/aji/rootfiles_existingOptimization/WbZt_4000_1000_pt180_ak16_ca12_th85.root,nan,nan,nan,nan,nan,nan,nan,nan,nan,nan,nan,nan,nan,nan,nan,nan,nan,nan,nan,nan,nan
WbZt_4000_1000,WbZt,4000,1000,85,200,0.8,0.4,/eos/uscms/store/user/aji/rootfiles_existingOptimization/WbZt_4000_1000_pt200_ak8_ca4_th85.root,failed,/eos/uscms/store/user/aji/rootfiles_existingOptimization/WbZt_4000_1000_pt200_ak8_ca4_th85.root,nan,nan,nan,nan,nan,nan,nan,nan,nan,nan,nan,nan,nan,nan,nan,nan,nan,nan,nan,nan,nan
WbZt_4000_1000,WbZt,4000,1000,85,200,1.0,0.4,/eos/uscms/store/user/aji/rootfiles_existingOptimization/WbZt_4000_1000_pt200_ak10_ca4_th85.root,failed,/eos/uscms/store/user/aji/rootfiles_existingOptimization/WbZt_4000_1000_pt200_ak10_ca4_th85.root,nan,nan,nan,nan,nan,nan,nan,nan,nan,nan,nan,nan,nan,nan,nan,nan,nan,nan,nan,nan,nan
WbZt_4000_1000,WbZt,4000,1000,85,200,1.0,0.6,/eos/uscms/store/user/aji/rootfiles_existingOptimization/WbZt_4000_1000_pt200_ak10_ca6_th85.root,failed,/eos/uscms/store/user/aji/rootfiles_existingOptimization/WbZt_4000_1000_pt200_ak10_ca6_th85.root,nan,nan,nan,nan,nan,nan,nan,nan,nan,nan,nan,nan,nan,nan,nan,nan,nan,nan,nan,nan,nan
WbZt_4000_1000,WbZt,4000,1000,85,200,1.2,0.4,/eos/uscms/store/user/aji/rootfiles_existingOptimization/WbZt_4000_1000_pt200_ak12_ca4_th85.root,failed,/eos/uscms/store/user/aji/rootfiles_existingOptimization/WbZt_4000_1000_pt200_ak12_ca4_th85.root,nan,nan,nan,nan,nan,nan,nan,nan,nan,nan,nan,nan,nan,nan,nan,nan,nan,nan,nan,nan,nan
WbZt_4000_1000,WbZt,4000,1000,85,200,1.2,0.6,/eos/uscms/store/user/aji/rootfiles_existingOptimization/WbZt_4000_1000_pt200_ak12_ca6_th85.root,failed,/eos/uscms/store/user/aji/rootfiles_existingOptimization/WbZt_4000_1000_pt200_ak12_ca6_th85.root,nan,nan,nan,nan,nan,nan,nan,nan,nan,nan,nan,nan,nan,nan,nan,nan,nan,nan,nan,nan,nan
WbZt_4000_1000,WbZt,4000,1000,85,200,1.2,0.8,/eos/uscms/store/user/aji/rootfiles_existingOptimization/WbZt_4000_1000_pt200_ak12_ca8_th85.root,failed,/eos/uscms/store/user/aji/rootfiles_existingOptimization/WbZt_4000_1000_pt200_ak12_ca8_th85.root,nan,nan,nan,nan,nan,nan,nan,nan,nan,nan,nan,nan,nan,nan,nan,nan,nan,nan,nan,nan,nan
WbZt_4000_1000,WbZt,4000,1000,85,200,1.4,0.4,/eos/uscms/store/user/aji/rootfiles_existingOptimization/WbZt_4000_1000_pt200_ak14_ca4_th85.root,failed,/eos/uscms/store/user/aji/rootfiles_existingOptimization/WbZt_4000_1000_pt200_ak14_ca4_th85.root,nan,nan,nan,nan,nan,nan,nan,nan,nan,nan,nan,nan,nan,nan,nan,nan,nan,nan,nan,nan,nan
WbZt_4000_1000,WbZt,4000,1000,85,200,1.4,0.6,/eos/uscms/store/user/aji/rootfiles_existingOptimization/WbZt_4000_1000_pt200_ak14_ca6_th85.root,failed,/eos/uscms/store/user/aji/rootfiles_existingOptimization/WbZt_4000_1000_pt200_ak14_ca6_th85.root,nan,nan,nan,nan,nan,nan,nan,nan,nan,nan,nan,nan,nan,nan,nan,nan,nan,nan,nan,nan,nan
WbZt_4000_1000,WbZt,4000,1000,85,200,1.4,0.8,/eos/uscms/store/user/aji/rootfiles_existingOptimization/WbZt_4000_1000_pt200_ak14_ca8_th85.root,failed,/eos/uscms/store/user/aji/rootfiles_existingOptimization/WbZt_4000_1000_pt200_ak14_ca8_th85.root,nan,nan,nan,nan,nan,nan,nan,nan,nan,nan,nan,nan,nan,nan,nan,nan,nan,nan,nan,nan,nan
WbZt_4000_1000,WbZt,4000,1000,85,200,1.4,1.0,/eos/uscms/store/user/aji/rootfiles_existingOptimization/WbZt_4000_1000_pt200_ak14_ca10_th85.root,failed,/eos/uscms/store/user/aji/rootfiles_existingOptimization/WbZt_4000_1000_pt200_ak14_ca10_th85.root,nan,nan,nan,nan,nan,nan,nan,nan,nan,nan,nan,nan,nan,nan,nan,nan,nan,nan,nan,nan,nan
WbZt_4000_1000,WbZt,4000,1000,85,200,1.6,0.4,/eos/uscms/store/user/aji/rootfiles_existingOptimization/WbZt_4000_1000_pt200_ak16_ca4_th85.root,failed,/eos/uscms/store/user/aji/rootfiles_existingOptimization/WbZt_4000_1000_pt200_ak16_ca4_th85.root,nan,nan,nan,nan,nan,nan,nan,nan,nan,nan,nan,nan,nan,nan,nan,nan,nan,nan,nan,nan,nan
WbZt_4000_1000,WbZt,4000,1000,85,200,1.6,0.6,/eos/uscms/store/user/aji/rootfiles_existingOptimization/WbZt_4000_1000_pt200_ak16_ca6_th85.root,failed,/eos/uscms/store/user/aji/rootfiles_existingOptimization/WbZt_4000_1000_pt200_ak16_ca6_th85.root,nan,nan,nan,nan,nan,nan,nan,nan,nan,nan,nan,nan,nan,nan,nan,nan,nan,nan,nan,nan,nan
WbZt_4000_1000,WbZt,4000,1000,85,200,1.6,0.8,/eos/uscms/store/user/aji/rootfiles_existingOptimization/WbZt_4000_1000_pt200_ak16_ca8_th85.root,failed,/eos/uscms/store/user/aji/rootfiles_existingOptimization/WbZt_4000_1000_pt200_ak16_ca8_th85.root,nan,nan,nan,nan,nan,nan,nan,nan,nan,nan,nan,nan,nan,nan,nan,nan,nan,nan,nan,nan,nan
WbZt_4000_1000,WbZt,4000,1000,85,200,1.6,1.0,/eos/uscms/store/user/aji/rootfiles_existingOptimization/WbZt_4000_1000_pt200_ak16_ca10_th85.root,failed,/eos/uscms/store/user/aji/rootfiles_existingOptimization/WbZt_4000_1000_pt200_ak16_ca10_th85.root,nan,nan,nan,nan,nan,nan,nan,nan,nan,nan,nan,nan,nan,nan,nan,nan,nan,nan,nan,nan,nan
WbZt_4000_1000,WbZt,4000,1000,85,200,1.6,1.2,/eos/uscms/store/user/aji/rootfiles_existingOptimization/WbZt_4000_1000_pt200_ak16_ca12_th85.root,failed,/eos/uscms/store/user/aji/rootfiles_existingOptimization/WbZt_4000_1000_pt200_ak16_ca12_th85.root,nan,nan,nan,nan,nan,nan,nan,nan,nan,nan,nan,nan,nan,nan,nan,nan,nan,nan,nan,nan,nan
WbZt_4000_1000,WbZt,4000,1000,85,220,0.8,0.4,/eos/uscms/store/user/aji/rootfiles_existingOptimization/WbZt_4000_1000_pt220_ak8_ca4_th85.root,failed,/eos/uscms/store/user/aji/rootfiles_existingOptimization/WbZt_4000_1000_pt220_ak8_ca4_th85.root,nan,nan,nan,nan,nan,nan,nan,nan,nan,nan,nan,nan,nan,nan,nan,nan,nan,nan,nan,nan,nan
WbZt_4000_1000,WbZt,4000,1000,85,220,1.0,0.4,/eos/uscms/store/user/aji/rootfiles_existingOptimization/WbZt_4000_1000_pt220_ak10_ca4_th85.root,failed,/eos/uscms/store/user/aji/rootfiles_existingOptimization/WbZt_4000_1000_pt220_ak10_ca4_th85.root,nan,nan,nan,nan,nan,nan,nan,nan,nan,nan,nan,nan,nan,nan,nan,nan,nan,nan,nan,nan,nan
WbZt_4000_1000,WbZt,4000,1000,85,220,1.0,0.6,/eos/uscms/store/user/aji/rootfiles_existingOptimization/WbZt_4000_1000_pt220_ak10_ca6_th85.root,failed,/eos/uscms/store/user/aji/rootfiles_existingOptimization/WbZt_4000_1000_pt220_ak10_ca6_th85.root,nan,nan,nan,nan,nan,nan,nan,nan,nan,nan,nan,nan,nan,nan,nan,nan,nan,nan,nan,nan,nan
WbZt_4000_1000,WbZt,4000,1000,85,220,1.2,0.4,/eos/uscms/store/user/aji/rootfiles_existingOptimization/WbZt_4000_1000_pt220_ak12_ca4_th85.root,failed,/eos/uscms/store/user/aji/rootfiles_existingOptimization/WbZt_4000_1000_pt220_ak12_ca4_th85.root,nan,nan,nan,nan,nan,nan,nan,nan,nan,nan,nan,nan,nan,nan,nan,nan,nan,nan,nan,nan,nan
WbZt_4000_1000,WbZt,4000,1000,85,220,1.2,0.6,/eos/uscms/store/user/aji/rootfiles_existingOptimization/WbZt_4000_1000_pt220_ak12_ca6_th85.root,failed,/eos/uscms/store/user/aji/rootfiles_existingOptimization/WbZt_4000_1000_pt220_ak12_ca6_th85.root,nan,nan,nan,nan,nan,nan,nan,nan,nan,nan,nan,nan,nan,nan,nan,nan,nan,nan,nan,nan,nan
WbZt_4000_1000,WbZt,4000,1000,85,220,1.2,0.8,/eos/uscms/store/user/aji/rootfiles_existingOptimization/WbZt_4000_1000_pt220_ak12_ca8_th85.root,failed,/eos/uscms/store/user/aji/rootfiles_existingOptimization/WbZt_4000_1000_pt220_ak12_ca8_th85.root,nan,nan,nan,nan,nan,nan,nan,nan,nan,nan,nan,nan,nan,nan,nan,nan,nan,nan,nan,nan,nan
WbZt_4000_1000,WbZt,4000,1000,85,220,1.4,0.4,/eos/uscms/store/user/aji/rootfiles_existingOptimization/WbZt_4000_1000_pt220_ak14_ca4_th85.root,failed,/eos/uscms/store/user/aji/rootfiles_existingOptimization/WbZt_4000_1000_pt220_ak14_ca4_th85.root,nan,nan,nan,nan,nan,nan,nan,nan,nan,nan,nan,nan,nan,nan,nan,nan,nan,nan,nan,nan,nan
WbZt_4000_1000,WbZt,4000,1000,85,220,1.4,0.6,/eos/uscms/store/user/aji/rootfiles_existingOptimization/WbZt_4000_1000_pt220_ak14_ca6_th85.root,failed,/eos/uscms/store/user/aji/rootfiles_existingOptimization/WbZt_4000_1000_pt220_ak14_ca6_th85.root,nan,nan,nan,nan,nan,nan,nan,nan,nan,nan,nan,nan,nan,nan,nan,nan,nan,nan,nan,nan,nan
WbZt_4000_1000,WbZt,4000,1000,85,220,1.4,0.8,/eos/uscms/store/user/aji/rootfiles_existingOptimization/WbZt_4000_1000_pt220_ak14_ca8_th85.root,failed,/eos/uscms/store/user/aji/rootfiles_existingOptimization/WbZt_4000_1000_pt220_ak14_ca8_th85.root,nan,nan,nan,nan,nan,nan,nan,nan,nan,nan,nan,nan,nan,nan,nan,nan,nan,nan,nan,nan,nan
WbZt_4000_1000,WbZt,4000,1000,85,220,1.4,1.0,/eos/uscms/store/user/aji/rootfiles_existingOptimization/WbZt_4000_1000_pt220_ak14_ca10_th85.root,failed,/eos/uscms/store/user/aji/rootfiles_existingOptimization/WbZt_4000_1000_pt220_ak14_ca10_th85.root,nan,nan,nan,nan,nan,nan,nan,nan,nan,nan,nan,nan,nan,nan,nan,nan,nan,nan,nan,nan,nan
WbZt_4000_1000,WbZt,4000,1000,85,220,1.6,0.4,/eos/uscms/store/user/aji/rootfiles_existingOptimization/WbZt_4000_1000_pt220_ak16_ca4_th85.root,failed,/eos/uscms/store/user/aji/rootfiles_existingOptimization/WbZt_4000_1000_pt220_ak16_ca4_th85.root,nan,nan,nan,nan,nan,nan,nan,nan,nan,nan,nan,nan,nan,nan,nan,nan,nan,nan,nan,nan,nan
WbZt_4000_1000,WbZt,4000,1000,85,220,1.6,0.6,/eos/uscms/store/user/aji/rootfiles_existingOptimization/WbZt_4000_1000_pt220_ak16_ca6_th85.root,failed,/eos/uscms/store/user/aji/rootfiles_existingOptimization/WbZt_4000_1000_pt220_ak16_ca6_th85.root,nan,nan,nan,nan,nan,nan,nan,nan,nan,nan,nan,nan,nan,nan,nan,nan,nan,nan,nan,nan,nan
WbZt_4000_1000,WbZt,4000,1000,85,220,1.6,0.8,/eos/uscms/store/user/aji/rootfiles_existingOptimization/WbZt_4000_1000_pt220_ak16_ca8_th85.root,failed,/eos/uscms/store/user/aji/rootfiles_existingOptimization/WbZt_4000_1000_pt220_ak16_ca8_th85.root,nan,nan,nan,nan,nan,nan,nan,nan,nan,nan,nan,nan,nan,nan,nan,nan,nan,nan,nan,nan,nan
WbZt_4000_1000,WbZt,4000,1000,85,220,1.6,1.0,/eos/uscms/store/user/aji/rootfiles_existingOptimization/WbZt_4000_1000_pt220_ak16_ca10_th85.root,failed,/eos/uscms/store/user/aji/rootfiles_existingOptimization/WbZt_4000_1000_pt220_ak16_ca10_th85.root,nan,nan,nan,nan,nan,nan,nan,nan,nan,nan,nan,nan,nan,nan,nan,nan,nan,nan,nan,nan,nan
WbZt_4000_1000,WbZt,4000,1000,85,220,1.6,1.2,/eos/uscms/store/user/aji/rootfiles_existingOptimization/WbZt_4000_1000_pt220_ak16_ca12_th85.root,failed,/eos/uscms/store/user/aji/rootfiles_existingOptimization/WbZt_4000_1000_pt220_ak16_ca12_th85.root,nan,nan,nan,nan,nan,nan,nan,nan,nan,nan,nan,nan,nan,nan,nan,nan,nan,nan,nan,nan,nan
WbZt_4000_1000,WbZt,4000,1000,85,240,0.8,0.4,/eos/uscms/store/user/aji/rootfiles_existingOptimization/WbZt_4000_1000_pt240_ak8_ca4_th85.root,failed,/eos/uscms/store/user/aji/rootfiles_existingOptimization/WbZt_4000_1000_pt240_ak8_ca4_th85.root,nan,nan,nan,nan,nan,nan,nan,nan,nan,nan,nan,nan,nan,nan,nan,nan,nan,nan,nan,nan,nan
WbZt_4000_1000,WbZt,4000,1000,85,240,1.0,0.4,/eos/uscms/store/user/aji/rootfiles_existingOptimization/WbZt_4000_1000_pt240_ak10_ca4_th85.root,failed,/eos/uscms/store/user/aji/rootfiles_existingOptimization/WbZt_4000_1000_pt240_ak10_ca4_th85.root,nan,nan,nan,nan,nan,nan,nan,nan,nan,nan,nan,nan,nan,nan,nan,nan,nan,nan,nan,nan,nan
WbZt_4000_1000,WbZt,4000,1000,85,240,1.0,0.6,/eos/uscms/store/user/aji/rootfiles_existingOptimization/WbZt_4000_1000_pt240_ak10_ca6_th85.root,failed,/eos/uscms/store/user/aji/rootfiles_existingOptimization/WbZt_4000_1000_pt240_ak10_ca6_th85.root,nan,nan,nan,nan,nan,nan,nan,nan,nan,nan,nan,nan,nan,nan,nan,nan,nan,nan,nan,nan,nan
WbZt_4000_1000,WbZt,4000,1000,85,240,1.2,0.4,/eos/uscms/store/user/aji/rootfiles_existingOptimization/WbZt_4000_1000_pt240_ak12_ca4_th85.root,failed,/eos/uscms/store/user/aji/rootfiles_existingOptimization/WbZt_4000_1000_pt240_ak12_ca4_th85.root,nan,nan,nan,nan,nan,nan,nan,nan,nan,nan,nan,nan,nan,nan,nan,nan,nan,nan,nan,nan,nan
WbZt_4000_1000,WbZt,4000,1000,85,240,1.2,0.6,/eos/uscms/store/user/aji/rootfiles_existingOptimization/WbZt_4000_1000_pt240_ak12_ca6_th85.root,failed,/eos/uscms/store/user/aji/rootfiles_existingOptimization/WbZt_4000_1000_pt240_ak12_ca6_th85.root,nan,nan,nan,nan,nan,nan,nan,nan,nan,nan,nan,nan,nan,nan,nan,nan,nan,nan,nan,nan,nan
WbZt_4000_1000,WbZt,4000,1000,85,240,1.2,0.8,/eos/uscms/store/user/aji/rootfiles_existingOptimization/WbZt_4000_1000_pt240_ak12_ca8_th85.root,failed,/eos/uscms/store/user/aji/rootfiles_existingOptimization/WbZt_4000_1000_pt240_ak12_ca8_th85.root,nan,nan,nan,nan,nan,nan,nan,nan,nan,nan,nan,nan,nan,nan,nan,nan,nan,nan,nan,nan,nan
WbZt_4000_1000,WbZt,4000,1000,85,240,1.4,0.4,/eos/uscms/store/user/aji/rootfiles_existingOptimization/WbZt_4000_1000_pt240_ak14_ca4_th85.root,failed,/eos/uscms/store/user/aji/rootfiles_existingOptimization/WbZt_4000_1000_pt240_ak14_ca4_th85.root,nan,nan,nan,nan,nan,nan,nan,nan,nan,nan,nan,nan,nan,nan,nan,nan,nan,nan,nan,nan,nan
WbZt_4000_1000,WbZt,4000,1000,85,240,1.4,0.6,/eos/uscms/store/user/aji/rootfiles_existingOptimization/WbZt_4000_1000_pt240_ak14_ca6_th85.root,failed,/eos/uscms/store/user/aji/rootfiles_existingOptimization/WbZt_4000_1000_pt240_ak14_ca6_th85.root,nan,nan,nan,nan,nan,nan,nan,nan,nan,nan,nan,nan,nan,nan,nan,nan,nan,nan,nan,nan,nan
WbZt_4000_1000,WbZt,4000,1000,85,240,1.4,0.8,/eos/uscms/store/user/aji/rootfiles_existingOptimization/WbZt_4000_1000_pt240_ak14_ca8_th85.root,failed,/eos/uscms/store/user/aji/rootfiles_existingOptimization/WbZt_4000_1000_pt240_ak14_ca8_th85.root,nan,nan,nan,nan,nan,nan,nan,nan,nan,nan,nan,nan,nan,nan,nan,nan,nan,nan,nan,nan,nan
WbZt_4000_1000,WbZt,4000,1000,85,240,1.4,1.0,/eos/uscms/store/user/aji/rootfiles_existingOptimization/WbZt_4000_1000_pt240_ak14_ca10_th85.root,failed,/eos/uscms/store/user/aji/rootfiles_existingOptimization/WbZt_4000_1000_pt240_ak14_ca10_th85.root,nan,nan,nan,nan,nan,nan,nan,nan,nan,nan,nan,nan,nan,nan,nan,nan,nan,nan,nan,nan,nan
WbZt_4000_1000,WbZt,4000,1000,85,240,1.6,0.4,/eos/uscms/store/user/aji/rootfiles_existingOptimization/WbZt_4000_1000_pt240_ak16_ca4_th85.root,failed,/eos/uscms/store/user/aji/rootfiles_existingOptimization/WbZt_4000_1000_pt240_ak16_ca4_th85.root,nan,nan,nan,nan,nan,nan,nan,nan,nan,nan,nan,nan,nan,nan,nan,nan,nan,nan,nan,nan,nan
WbZt_4000_1000,WbZt,4000,1000,85,240,1.6,0.6,/eos/uscms/store/user/aji/rootfiles_existingOptimization/WbZt_4000_1000_pt240_ak16_ca6_th85.root,failed,/eos/uscms/store/user/aji/rootfiles_existingOptimization/WbZt_4000_1000_pt240_ak16_ca6_th85.root,nan,nan,nan,nan,nan,nan,nan,nan,nan,nan,nan,nan,nan,nan,nan,nan,nan,nan,nan,nan,nan
WbZt_4000_1000,WbZt,4000,1000,85,240,1.6,0.8,/eos/uscms/store/user/aji/rootfiles_existingOptimization/WbZt_4000_1000_pt240_ak16_ca8_th85.root,failed,/eos/uscms/store/user/aji/rootfiles_existingOptimization/WbZt_4000_1000_pt240_ak16_ca8_th85.root,nan,nan,nan,nan,nan,nan,nan,nan,nan,nan,nan,nan,nan,nan,nan,nan,nan,nan,nan,nan,nan
WbZt_4000_1000,WbZt,4000,1000,85,240,1.6,1.0,/eos/uscms/store/user/aji/rootfiles_existingOptimization/WbZt_4000_1000_pt240_ak16_ca10_th85.root,failed,/eos/uscms/store/user/aji/rootfiles_existingOptimization/WbZt_4000_1000_pt240_ak16_ca10_th85.root,nan,nan,nan,nan,nan,nan,nan,nan,nan,nan,nan,nan,nan,nan,nan,nan,nan,nan,nan,nan,nan
WbZt_4000_1000,WbZt,4000,1000,85,240,1.6,1.2,/eos/uscms/store/user/aji/rootfiles_existingOptimization/WbZt_4000_1000_pt240_ak16_ca12_th85.root,failed,/eos/uscms/store/user/aji/rootfiles_existingOptimization/WbZt_4000_1000_pt240_ak16_ca12_th85.root,nan,nan,nan,nan,nan,nan,nan,nan,nan,nan,nan,nan,nan,nan,nan,nan,nan,nan,nan,nan,nan
WbZt_4000_1000,WbZt,4000,1000,85,260,0.8,0.4,/eos/uscms/store/user/aji/rootfiles_existingOptimization/WbZt_4000_1000_pt260_ak8_ca4_th85.root,failed,/eos/uscms/store/user/aji/rootfiles_existingOptimization/WbZt_4000_1000_pt260_ak8_ca4_th85.root,nan,nan,nan,nan,nan,nan,nan,nan,nan,nan,nan,nan,nan,nan,nan,nan,nan,nan,nan,nan,nan
WbZt_4000_1000,WbZt,4000,1000,85,260,1.0,0.4,/eos/uscms/store/user/aji/rootfiles_existingOptimization/WbZt_4000_1000_pt260_ak10_ca4_th85.root,failed,/eos/uscms/store/user/aji/rootfiles_existingOptimization/WbZt_4000_1000_pt260_ak10_ca4_th85.root,nan,nan,nan,nan,nan,nan,nan,nan,nan,nan,nan,nan,nan,nan,nan,nan,nan,nan,nan,nan,nan
WbZt_4000_1000,WbZt,4000,1000,85,260,1.0,0.6,/eos/uscms/store/user/aji/rootfiles_existingOptimization/WbZt_4000_1000_pt260_ak10_ca6_th85.root,failed,/eos/uscms/store/user/aji/rootfiles_existingOptimization/WbZt_4000_1000_pt260_ak10_ca6_th85.root,nan,nan,nan,nan,nan,nan,nan,nan,nan,nan,nan,nan,nan,nan,nan,nan,nan,nan,nan,nan,nan
WbZt_4000_1000,WbZt,4000,1000,85,260,1.2,0.4,/eos/uscms/store/user/aji/rootfiles_existingOptimization/WbZt_4000_1000_pt260_ak12_ca4_th85.root,failed,/eos/uscms/store/user/aji/rootfiles_existingOptimization/WbZt_4000_1000_pt260_ak12_ca4_th85.root,nan,nan,nan,nan,nan,nan,nan,nan,nan,nan,nan,nan,nan,nan,nan,nan,nan,nan,nan,nan,nan
WbZt_4000_1000,WbZt,4000,1000,85,260,1.2,0.6,/eos/uscms/store/user/aji/rootfiles_existingOptimization/WbZt_4000_1000_pt260_ak12_ca6_th85.root,failed,/eos/uscms/store/user/aji/rootfiles_existingOptimization/WbZt_4000_1000_pt260_ak12_ca6_th85.root,nan,nan,nan,nan,nan,nan,nan,nan,nan,nan,nan,nan,nan,nan,nan,nan,nan,nan,nan,nan,nan
WbZt_4000_1000,WbZt,4000,1000,85,260,1.2,0.8,/eos/uscms/store/user/aji/rootfiles_existingOptimization/WbZt_4000_1000_pt260_ak12_ca8_th85.root,failed,/eos/uscms/store/user/aji/rootfiles_existingOptimization/WbZt_4000_1000_pt260_ak12_ca8_th85.root,nan,nan,nan,nan,nan,nan,nan,nan,nan,nan,nan,nan,nan,nan,nan,nan,nan,nan,nan,nan,nan
WbZt_4000_1000,WbZt,4000,1000,85,260,1.4,0.4,/eos/uscms/store/user/aji/rootfiles_existingOptimization/WbZt_4000_1000_pt260_ak14_ca4_th85.root,failed,/eos/uscms/store/user/aji/rootfiles_existingOptimization/WbZt_4000_1000_pt260_ak14_ca4_th85.root,nan,nan,nan,nan,nan,nan,nan,nan,nan,nan,nan,nan,nan,nan,nan,nan,nan,nan,nan,nan,nan
WbZt_4000_1000,WbZt,4000,1000,85,260,1.4,0.6,/eos/uscms/store/user/aji/rootfiles_existingOptimization/WbZt_4000_1000_pt260_ak14_ca6_th85.root,failed,/eos/uscms/store/user/aji/rootfiles_existingOptimization/WbZt_4000_1000_pt260_ak14_ca6_th85.root,nan,nan,nan,nan,nan,nan,nan,nan,nan,nan,nan,nan,nan,nan,nan,nan,nan,nan,nan,nan,nan
WbZt_4000_1000,WbZt,4000,1000,85,260,1.4,0.8,/eos/uscms/store/user/aji/rootfiles_existingOptimization/WbZt_4000_1000_pt260_ak14_ca8_th85.root,failed,/eos/uscms/store/user/aji/rootfiles_existingOptimization/WbZt_4000_1000_pt260_ak14_ca8_th85.root,nan,nan,nan,nan,nan,nan,nan,nan,nan,nan,nan,nan,nan,nan,nan,nan,nan,nan,nan,nan,nan
WbZt_4000_1000,WbZt,4000,1000,85,260,1.4,1.0,/eos/uscms/store/user/aji/rootfiles_existingOptimization/WbZt_4000_1000_pt260_ak14_ca10_th85.root,failed,/eos/uscms/store/user/aji/rootfiles_existingOptimization/WbZt_4000_1000_pt260_ak14_ca10_th85.root,nan,nan,nan,nan,nan,nan,nan,nan,nan,nan,nan,nan,nan,nan,nan,nan,nan,nan,nan,nan,nan
WbZt_4000_1000,WbZt,4000,1000,85,260,1.6,0.4,/eos/uscms/store/user/aji/rootfiles_existingOptimization/WbZt_4000_1000_pt260_ak16_ca4_th85.root,failed,/eos/uscms/store/user/aji/rootfiles_existingOptimization/WbZt_4000_1000_pt260_ak16_ca4_th85.root,nan,nan,nan,nan,nan,nan,nan,nan,nan,nan,nan,nan,nan,nan,nan,nan,nan,nan,nan,nan,nan
WbZt_4000_1000,WbZt,4000,1000,85,260,1.6,0.6,/eos/uscms/store/user/aji/rootfiles_existingOptimization/WbZt_4000_1000_pt260_ak16_ca6_th85.root,failed,/eos/uscms/store/user/aji/rootfiles_existingOptimization/WbZt_4000_1000_pt260_ak16_ca6_th85.root,nan,nan,nan,nan,nan,nan,nan,nan,nan,nan,nan,nan,nan,nan,nan,nan,nan,nan,nan,nan,nan
WbZt_4000_1000,WbZt,4000,1000,85,260,1.6,0.8,/eos/uscms/store/user/aji/rootfiles_existingOptimization/WbZt_4000_1000_pt260_ak16_ca8_th85.root,failed,/eos/uscms/store/user/aji/rootfiles_existingOptimization/WbZt_4000_1000_pt260_ak16_ca8_th85.root,nan,nan,nan,nan,nan,nan,nan,nan,nan,nan,nan,nan,nan,nan,nan,nan,nan,nan,nan,nan,nan
WbZt_4000_1000,WbZt,4000,1000,85,260,1.6,1.0,/eos/uscms/store/user/aji/rootfiles_existingOptimization/WbZt_4000_1000_pt260_ak16_ca10_th85.root,failed,/eos/uscms/store/user/aji/rootfiles_existingOptimization/WbZt_4000_1000_pt260_ak16_ca10_th85.root,nan,nan,nan,nan,nan,nan,nan,nan,nan,nan,nan,nan,nan,nan,nan,nan,nan,nan,nan,nan,nan
WbZt_4000_1000,WbZt,4000,1000,85,260,1.6,1.2,/eos/uscms/store/user/aji/rootfiles_existingOptimization/WbZt_4000_1000_pt260_ak16_ca12_th85.root,failed,/eos/uscms/store/user/aji/rootfiles_existingOptimization/WbZt_4000_1000_pt260_ak16_ca12_th85.root,nan,nan,nan,nan,nan,nan,nan,nan,nan,nan,nan,nan,nan,nan,nan,nan,nan,nan,nan,nan,nan
WbZt_4000_1000,WbZt,4000,1000,85,280,0.8,0.4,/eos/uscms/store/user/aji/rootfiles_existingOptimization/WbZt_4000_1000_pt280_ak8_ca4_th85.root,failed,/eos/uscms/store/user/aji/rootfiles_existingOptimization/WbZt_4000_1000_pt280_ak8_ca4_th85.root,nan,nan,nan,nan,nan,nan,nan,nan,nan,nan,nan,nan,nan,nan,nan,nan,nan,nan,nan,nan,nan
WbZt_4000_1000,WbZt,4000,1000,85,280,1.0,0.4,/eos/uscms/store/user/aji/rootfiles_existingOptimization/WbZt_4000_1000_pt280_ak10_ca4_th85.root,failed,/eos/uscms/store/user/aji/rootfiles_existingOptimization/WbZt_4000_1000_pt280_ak10_ca4_th85.root,nan,nan,nan,nan,nan,nan,nan,nan,nan,nan,nan,nan,nan,nan,nan,nan,nan,nan,nan,nan,nan
WbZt_4000_1000,WbZt,4000,1000,85,280,1.0,0.6,/eos/uscms/store/user/aji/rootfiles_existingOptimization/WbZt_4000_1000_pt280_ak10_ca6_th85.root,failed,/eos/uscms/store/user/aji/rootfiles_existingOptimization/WbZt_4000_1000_pt280_ak10_ca6_th85.root,nan,nan,nan,nan,nan,nan,nan,nan,nan,nan,nan,nan,nan,nan,nan,nan,nan,nan,nan,nan,nan
WbZt_4000_1000,WbZt,4000,1000,85,280,1.2,0.4,/eos/uscms/store/user/aji/rootfiles_existingOptimization/WbZt_4000_1000_pt280_ak12_ca4_th85.root,failed,/eos/uscms/store/user/aji/rootfiles_existingOptimization/WbZt_4000_1000_pt280_ak12_ca4_th85.root,nan,nan,nan,nan,nan,nan,nan,nan,nan,nan,nan,nan,nan,nan,nan,nan,nan,nan,nan,nan,nan
WbZt_4000_1000,WbZt,4000,1000,85,280,1.2,0.6,/eos/uscms/store/user/aji/rootfiles_existingOptimization/WbZt_4000_1000_pt280_ak12_ca6_th85.root,failed,/eos/uscms/store/user/aji/rootfiles_existingOptimization/WbZt_4000_1000_pt280_ak12_ca6_th85.root,nan,nan,nan,nan,nan,nan,nan,nan,nan,nan,nan,nan,nan,nan,nan,nan,nan,nan,nan,nan,nan
WbZt_4000_1000,WbZt,4000,1000,85,280,1.2,0.8,/eos/uscms/store/user/aji/rootfiles_existingOptimization/WbZt_4000_1000_pt280_ak12_ca8_th85.root,failed,/eos/uscms/store/user/aji/rootfiles_existingOptimization/WbZt_4000_1000_pt280_ak12_ca8_th85.root,nan,nan,nan,nan,nan,nan,nan,nan,nan,nan,nan,nan,nan,nan,nan,nan,nan,nan,nan,nan,nan
WbZt_4000_1000,WbZt,4000,1000,85,280,1.4,0.4,/eos/uscms/store/user/aji/rootfiles_existingOptimization/WbZt_4000_1000_pt280_ak14_ca4_th85.root,failed,/eos/uscms/store/user/aji/rootfiles_existingOptimization/WbZt_4000_1000_pt280_ak14_ca4_th85.root,nan,nan,nan,nan,nan,nan,nan,nan,nan,nan,nan,nan,nan,nan,nan,nan,nan,nan,nan,nan,nan
WbZt_4000_1000,WbZt,4000,1000,85,280,1.4,0.6,/eos/uscms/store/user/aji/rootfiles_existingOptimization/WbZt_4000_1000_pt280_ak14_ca6_th85.root,failed,/eos/uscms/store/user/aji/rootfiles_existingOptimization/WbZt_4000_1000_pt280_ak14_ca6_th85.root,nan,nan,nan,nan,nan,nan,nan,nan,nan,nan,nan,nan,nan,nan,nan,nan,nan,nan,nan,nan,nan
WbZt_4000_1000,WbZt,4000,1000,85,280,1.4,0.8,/eos/uscms/store/user/aji/rootfiles_existingOptimization/WbZt_4000_1000_pt280_ak14_ca8_th85.root,failed,/eos/uscms/store/user/aji/rootfiles_existingOptimization/WbZt_4000_1000_pt280_ak14_ca8_th85.root,nan,nan,nan,nan,nan,nan,nan,nan,nan,nan,nan,nan,nan,nan,nan,nan,nan,nan,nan,nan,nan
WbZt_4000_1000,WbZt,4000,1000,85,280,1.4,1.0,/eos/uscms/store/user/aji/rootfiles_existingOptimization/WbZt_4000_1000_pt280_ak14_ca10_th85.root,failed,/eos/uscms/store/user/aji/rootfiles_existingOptimization/WbZt_4000_1000_pt280_ak14_ca10_th85.root,nan,nan,nan,nan,nan,nan,nan,nan,nan,nan,nan,nan,nan,nan,nan,nan,nan,nan,nan,nan,nan
WbZt_4000_1000,WbZt,4000,1000,85,280,1.6,0.4,/eos/uscms/store/user/aji/rootfiles_existingOptimization/WbZt_4000_1000_pt280_ak16_ca4_th85.root,failed,/eos/uscms/store/user/aji/rootfiles_existingOptimization/WbZt_4000_1000_pt280_ak16_ca4_th85.root,nan,nan,nan,nan,nan,nan,nan,nan,nan,nan,nan,nan,nan,nan,nan,nan,nan,nan,nan,nan,nan
WbZt_4000_1000,WbZt,4000,1000,85,280,1.6,0.6,/eos/uscms/store/user/aji/rootfiles_existingOptimization/WbZt_4000_1000_pt280_ak16_ca6_th85.root,failed,/eos/uscms/store/user/aji/rootfiles_existingOptimization/WbZt_4000_1000_pt280_ak16_ca6_th85.root,nan,nan,nan,nan,nan,nan,nan,nan,nan,nan,nan,nan,nan,nan,nan,nan,nan,nan,nan,nan,nan
WbZt_4000_1000,WbZt,4000,1000,85,280,1.6,0.8,/eos/uscms/store/user/aji/rootfiles_existingOptimization/WbZt_4000_1000_pt280_ak16_ca8_th85.root,failed,/eos/uscms/store/user/aji/rootfiles_existingOptimization/WbZt_4000_1000_pt280_ak16_ca8_th85.root,nan,nan,nan,nan,nan,nan,nan,nan,nan,nan,nan,nan,nan,nan,nan,nan,nan,nan,nan,nan,nan
WbZt_4000_1000,WbZt,4000,1000,85,280,1.6,1.0,/eos/uscms/store/user/aji/rootfiles_existingOptimization/WbZt_4000_1000_pt280_ak16_ca10_th85.root,failed,/eos/uscms/store/user/aji/rootfiles_existingOptimization/WbZt_4000_1000_pt280_ak16_ca10_th85.root,nan,nan,nan,nan,nan,nan,nan,nan,nan,nan,nan,nan,nan,nan,nan,nan,nan,nan,nan,nan,nan
WbZt_4000_1000,WbZt,4000,1000,85,280,1.6,1.2,/eos/uscms/store/user/aji/rootfiles_existingOptimization/WbZt_4000_1000_pt280_ak16_ca12_th85.root,failed,/eos/uscms/store/user/aji/rootfiles_existingOptimization/WbZt_4000_1000_pt280_ak16_ca12_th85.root,nan,nan,nan,nan,nan,nan,nan,nan,nan,nan,nan,nan,nan,nan,nan,nan,nan,nan,nan,nan,nan
WbZt_4000_1000,WbZt,4000,1000,85,300,0.8,0.4,/eos/uscms/store/user/aji/rootfiles_existingOptimization/WbZt_4000_1000_pt300_ak8_ca4_th85.root,failed,/eos/uscms/store/user/aji/rootfiles_existingOptimization/WbZt_4000_1000_pt300_ak8_ca4_th85.root,nan,nan,nan,nan,nan,nan,nan,nan,nan,nan,nan,nan,nan,nan,nan,nan,nan,nan,nan,nan,nan
WbZt_4000_1000,WbZt,4000,1000,85,300,1.0,0.4,/eos/uscms/store/user/aji/rootfiles_existingOptimization/WbZt_4000_1000_pt300_ak10_ca4_th85.root,failed,/eos/uscms/store/user/aji/rootfiles_existingOptimization/WbZt_4000_1000_pt300_ak10_ca4_th85.root,nan,nan,nan,nan,nan,nan,nan,nan,nan,nan,nan,nan,nan,nan,nan,nan,nan,nan,nan,nan,nan
WbZt_4000_1000,WbZt,4000,1000,85,300,1.0,0.6,/eos/uscms/store/user/aji/rootfiles_existingOptimization/WbZt_4000_1000_pt300_ak10_ca6_th85.root,failed,/eos/uscms/store/user/aji/rootfiles_existingOptimization/WbZt_4000_1000_pt300_ak10_ca6_th85.root,nan,nan,nan,nan,nan,nan,nan,nan,nan,nan,nan,nan,nan,nan,nan,nan,nan,nan,nan,nan,nan
WbZt_4000_1000,WbZt,4000,1000,85,300,1.2,0.4,/eos/uscms/store/user/aji/rootfiles_existingOptimization/WbZt_4000_1000_pt300_ak12_ca4_th85.root,failed,/eos/uscms/store/user/aji/rootfiles_existingOptimization/WbZt_4000_1000_pt300_ak12_ca4_th85.root,nan,nan,nan,nan,nan,nan,nan,nan,nan,nan,nan,nan,nan,nan,nan,nan,nan,nan,nan,nan,nan
WbZt_4000_1000,WbZt,4000,1000,85,300,1.2,0.6,/eos/uscms/store/user/aji/rootfiles_existingOptimization/WbZt_4000_1000_pt300_ak12_ca6_th85.root,failed,/eos/uscms/store/user/aji/rootfiles_existingOptimization/WbZt_4000_1000_pt300_ak12_ca6_th85.root,nan,nan,nan,nan,nan,nan,nan,nan,nan,nan,nan,nan,nan,nan,nan,nan,nan,nan,nan,nan,nan
WbZt_4000_1000,WbZt,4000,1000,85,300,1.2,0.8,/eos/uscms/store/user/aji/rootfiles_existingOptimization/WbZt_4000_1000_pt300_ak12_ca8_th85.root,failed,/eos/uscms/store/user/aji/rootfiles_existingOptimization/WbZt_4000_1000_pt300_ak12_ca8_th85.root,nan,nan,nan,nan,nan,nan,nan,nan,nan,nan,nan,nan,nan,nan,nan,nan,nan,nan,nan,nan,nan
WbZt_4000_1000,WbZt,4000,1000,85,300,1.4,0.4,/eos/uscms/store/user/aji/rootfiles_existingOptimization/WbZt_4000_1000_pt300_ak14_ca4_th85.root,failed,/eos/uscms/store/user/aji/rootfiles_existingOptimization/WbZt_4000_1000_pt300_ak14_ca4_th85.root,nan,nan,nan,nan,nan,nan,nan,nan,nan,nan,nan,nan,nan,nan,nan,nan,nan,nan,nan,nan,nan
WbZt_4000_1000,WbZt,4000,1000,85,300,1.4,0.6,/eos/uscms/store/user/aji/rootfiles_existingOptimization/WbZt_4000_1000_pt300_ak14_ca6_th85.root,failed,/eos/uscms/store/user/aji/rootfiles_existingOptimization/WbZt_4000_1000_pt300_ak14_ca6_th85.root,nan,nan,nan,nan,nan,nan,nan,nan,nan,nan,nan,nan,nan,nan,nan,nan,nan,nan,nan,nan,nan
WbZt_4000_1000,WbZt,4000,1000,85,300,1.4,0.8,/eos/uscms/store/user/aji/rootfiles_existingOptimization/WbZt_4000_1000_pt300_ak14_ca8_th85.root,failed,/eos/uscms/store/user/aji/rootfiles_existingOptimization/WbZt_4000_1000_pt300_ak14_ca8_th85.root,nan,nan,nan,nan,nan,nan,nan,nan,nan,nan,nan,nan,nan,nan,nan,nan,nan,nan,nan,nan,nan
WbZt_4000_1000,WbZt,4000,1000,85,300,1.4,1.0,/eos/uscms/store/user/aji/rootfiles_existingOptimization/WbZt_4000_1000_pt300_ak14_ca10_th85.root,failed,/eos/uscms/store/user/aji/rootfiles_existingOptimization/WbZt_4000_1000_pt300_ak14_ca10_th85.root,nan,nan,nan,nan,nan,nan,nan,nan,nan,nan,nan,nan,nan,nan,nan,nan,nan,nan,nan,nan,nan
WbZt_4000_1000,WbZt,4000,1000,85,300,1.6,0.4,/eos/uscms/store/user/aji/rootfiles_existingOptimization/WbZt_4000_1000_pt300_ak16_ca4_th85.root,failed,/eos/uscms/store/user/aji/rootfiles_existingOptimization/WbZt_4000_1000_pt300_ak16_ca4_th85.root,nan,nan,nan,nan,nan,nan,nan,nan,nan,nan,nan,nan,nan,nan,nan,nan,nan,nan,nan,nan,nan
WbZt_4000_1000,WbZt,4000,1000,85,300,1.6,0.6,/eos/uscms/store/user/aji/rootfiles_existingOptimization/WbZt_4000_1000_pt300_ak16_ca6_th85.root,failed,/eos/uscms/store/user/aji/rootfiles_existingOptimization/WbZt_4000_1000_pt300_ak16_ca6_th85.root,nan,nan,nan,nan,nan,nan,nan,nan,nan,nan,nan,nan,nan,nan,nan,nan,nan,nan,nan,nan,nan
WbZt_4000_1000,WbZt,4000,1000,85,300,1.6,0.8,/eos/uscms/store/user/aji/rootfiles_existingOptimization/WbZt_4000_1000_pt300_ak16_ca8_th85.root,failed,/eos/uscms/store/user/aji/rootfiles_existingOptimization/WbZt_4000_1000_pt300_ak16_ca8_th85.root,nan,nan,nan,nan,nan,nan,nan,nan,nan,nan,nan,nan,nan,nan,nan,nan,nan,nan,nan,nan,nan
WbZt_4000_1000,WbZt,4000,1000,85,300,1.6,1.0,/eos/uscms/store/user/aji/rootfiles_existingOptimization/WbZt_4000_1000_pt300_ak16_ca10_th85.root,failed,/eos/uscms/store/user/aji/rootfiles_existingOptimization/WbZt_4000_1000_pt300_ak16_ca10_th85.root,nan,nan,nan,nan,nan,nan,nan,nan,nan,nan,nan,nan,nan,nan,nan,nan,nan,nan,nan,nan,nan
WbZt_4000_1000,WbZt,4000,1000,85,300,1.6,1.2,/eos/uscms/store/user/aji/rootfiles_existingOptimization/WbZt_4000_1000_pt300_ak16_ca12_th85.root,failed,/eos/uscms/store/user/aji/rootfiles_existingOptimization/WbZt_4000_1000_pt300_ak16_ca12_th85.root,nan,nan,nan,nan,nan,nan,nan,nan,nan,nan,nan,nan,nan,nan,nan,nan,nan,nan,nan,nan,nan
WbZt_4000_1000,WbZt,4000,1000,85,320,0.8,0.4,/eos/uscms/store/user/aji/rootfiles_existingOptimization/WbZt_4000_1000_pt320_ak8_ca4_th85.root,failed,/eos/uscms/store/user/aji/rootfiles_existingOptimization/WbZt_4000_1000_pt320_ak8_ca4_th85.root,nan,nan,nan,nan,nan,nan,nan,nan,nan,nan,nan,nan,nan,nan,nan,nan,nan,nan,nan,nan,nan
WbZt_4000_1000,WbZt,4000,1000,85,320,1.0,0.4,/eos/uscms/store/user/aji/rootfiles_existingOptimization/WbZt_4000_1000_pt320_ak10_ca4_th85.root,failed,/eos/uscms/store/user/aji/rootfiles_existingOptimization/WbZt_4000_1000_pt320_ak10_ca4_th85.root,nan,nan,nan,nan,nan,nan,nan,nan,nan,nan,nan,nan,nan,nan,nan,nan,nan,nan,nan,nan,nan
WbZt_4000_1000,WbZt,4000,1000,85,320,1.0,0.6,/eos/uscms/store/user/aji/rootfiles_existingOptimization/WbZt_4000_1000_pt320_ak10_ca6_th85.root,failed,/eos/uscms/store/user/aji/rootfiles_existingOptimization/WbZt_4000_1000_pt320_ak10_ca6_th85.root,nan,nan,nan,nan,nan,nan,nan,nan,nan,nan,nan,nan,nan,nan,nan,nan,nan,nan,nan,nan,nan
WbZt_4000_1000,WbZt,4000,1000,85,320,1.2,0.4,/eos/uscms/store/user/aji/rootfiles_existingOptimization/WbZt_4000_1000_pt320_ak12_ca4_th85.root,failed,/eos/uscms/store/user/aji/rootfiles_existingOptimization/WbZt_4000_1000_pt320_ak12_ca4_th85.root,nan,nan,nan,nan,nan,nan,nan,nan,nan,nan,nan,nan,nan,nan,nan,nan,nan,nan,nan,nan,nan
WbZt_4000_1000,WbZt,4000,1000,85,320,1.2,0.6,/eos/uscms/store/user/aji/rootfiles_existingOptimization/WbZt_4000_1000_pt320_ak12_ca6_th85.root,failed,/eos/uscms/store/user/aji/rootfiles_existingOptimization/WbZt_4000_1000_pt320_ak12_ca6_th85.root,nan,nan,nan,nan,nan,nan,nan,nan,nan,nan,nan,nan,nan,nan,nan,nan,nan,nan,nan,nan,nan
WbZt_4000_1000,WbZt,4000,1000,85,320,1.2,0.8,/eos/uscms/store/user/aji/rootfiles_existingOptimization/WbZt_4000_1000_pt320_ak12_ca8_th85.root,failed,/eos/uscms/store/user/aji/rootfiles_existingOptimization/WbZt_4000_1000_pt320_ak12_ca8_th85.root,nan,nan,nan,nan,nan,nan,nan,nan,nan,nan,nan,nan,nan,nan,nan,nan,nan,nan,nan,nan,nan
WbZt_4000_1000,WbZt,4000,1000,85,320,1.4,0.4,/eos/uscms/store/user/aji/rootfiles_existingOptimization/WbZt_4000_1000_pt320_ak14_ca4_th85.root,failed,/eos/uscms/store/user/aji/rootfiles_existingOptimization/WbZt_4000_1000_pt320_ak14_ca4_th85.root,nan,nan,nan,nan,nan,nan,nan,nan,nan,nan,nan,nan,nan,nan,nan,nan,nan,nan,nan,nan,nan
WbZt_4000_1000,WbZt,4000,1000,85,320,1.4,0.6,/eos/uscms/store/user/aji/rootfiles_existingOptimization/WbZt_4000_1000_pt320_ak14_ca6_th85.root,failed,/eos/uscms/store/user/aji/rootfiles_existingOptimization/WbZt_4000_1000_pt320_ak14_ca6_th85.root,nan,nan,nan,nan,nan,nan,nan,nan,nan,nan,nan,nan,nan,nan,nan,nan,nan,nan,nan,nan,nan
WbZt_4000_1000,WbZt,4000,1000,85,320,1.4,0.8,/eos/uscms/store/user/aji/rootfiles_existingOptimization/WbZt_4000_1000_pt320_ak14_ca8_th85.root,failed,/eos/uscms/store/user/aji/rootfiles_existingOptimization/WbZt_4000_1000_pt320_ak14_ca8_th85.root,nan,nan,nan,nan,nan,nan,nan,nan,nan,nan,nan,nan,nan,nan,nan,nan,nan,nan,nan,nan,nan
WbZt_4000_1000,WbZt,4000,1000,85,320,1.4,1.0,/eos/uscms/store/user/aji/rootfiles_existingOptimization/WbZt_4000_1000_pt320_ak14_ca10_th85.root,failed,/eos/uscms/store/user/aji/rootfiles_existingOptimization/WbZt_4000_1000_pt320_ak14_ca10_th85.root,nan,nan,nan,nan,nan,nan,nan,nan,nan,nan,nan,nan,nan,nan,nan,nan,nan,nan,nan,nan,nan
WbZt_4000_1000,WbZt,4000,1000,85,320,1.6,0.4,/eos/uscms/store/user/aji/rootfiles_existingOptimization/WbZt_4000_1000_pt320_ak16_ca4_th85.root,failed,/eos/uscms/store/user/aji/rootfiles_existingOptimization/WbZt_4000_1000_pt320_ak16_ca4_th85.root,nan,nan,nan,nan,nan,nan,nan,nan,nan,nan,nan,nan,nan,nan,nan,nan,nan,nan,nan,nan,nan
WbZt_4000_1000,WbZt,4000,1000,85,320,1.6,0.6,/eos/uscms/store/user/aji/rootfiles_existingOptimization/WbZt_4000_1000_pt320_ak16_ca6_th85.root,failed,/eos/uscms/store/user/aji/rootfiles_existingOptimization/WbZt_4000_1000_pt320_ak16_ca6_th85.root,nan,nan,nan,nan,nan,nan,nan,nan,nan,nan,nan,nan,nan,nan,nan,nan,nan,nan,nan,nan,nan
WbZt_4000_1000,WbZt,4000,1000,85,320,1.6,0.8,/eos/uscms/store/user/aji/rootfiles_existingOptimization/WbZt_4000_1000_pt320_ak16_ca8_th85.root,failed,/eos/uscms/store/user/aji/rootfiles_existingOptimization/WbZt_4000_1000_pt320_ak16_ca8_th85.root,nan,nan,nan,nan,nan,nan,nan,nan,nan,nan,nan,nan,nan,nan,nan,nan,nan,nan,nan,nan,nan
WbZt_4000_1000,WbZt,4000,1000,85,320,1.6,1.0,/eos/uscms/store/user/aji/rootfiles_existingOptimization/WbZt_4000_1000_pt320_ak16_ca10_th85.root,failed,/eos/uscms/store/user/aji/rootfiles_existingOptimization/WbZt_4000_1000_pt320_ak16_ca10_th85.root,nan,nan,nan,nan,nan,nan,nan,nan,nan,nan,nan,nan,nan,nan,nan,nan,nan,nan,nan,nan,nan
WbZt_4000_1000,WbZt,4000,1000,85,320,1.6,1.2,/eos/uscms/store/user/aji/rootfiles_existingOptimization/WbZt_4000_1000_pt320_ak16_ca12_th85.root,failed,/eos/uscms/store/user/aji/rootfiles_existingOptimization/WbZt_4000_1000_pt320_ak16_ca12_th85.root,nan,nan,nan,nan,nan,nan,nan,nan,nan,nan,nan,nan,nan,nan,nan,nan,nan,nan,nan,nan,nan
WbZt_4000_1000,WbZt,4000,1000,85,340,0.8,0.4,/eos/uscms/store/user/aji/rootfiles_existingOptimization/WbZt_4000_1000_pt340_ak8_ca4_th85.root,failed,/eos/uscms/store/user/aji/rootfiles_existingOptimization/WbZt_4000_1000_pt340_ak8_ca4_th85.root,nan,nan,nan,nan,nan,nan,nan,nan,nan,nan,nan,nan,nan,nan,nan,nan,nan,nan,nan,nan,nan
WbZt_4000_1000,WbZt,4000,1000,85,340,1.0,0.4,/eos/uscms/store/user/aji/rootfiles_existingOptimization/WbZt_4000_1000_pt340_ak10_ca4_th85.root,failed,/eos/uscms/store/user/aji/rootfiles_existingOptimization/WbZt_4000_1000_pt340_ak10_ca4_th85.root,nan,nan,nan,nan,nan,nan,nan,nan,nan,nan,nan,nan,nan,nan,nan,nan,nan,nan,nan,nan,nan
WbZt_4000_1000,WbZt,4000,1000,85,340,1.0,0.6,/eos/uscms/store/user/aji/rootfiles_existingOptimization/WbZt_4000_1000_pt340_ak10_ca6_th85.root,failed,/eos/uscms/store/user/aji/rootfiles_existingOptimization/WbZt_4000_1000_pt340_ak10_ca6_th85.root,nan,nan,nan,nan,nan,nan,nan,nan,nan,nan,nan,nan,nan,nan,nan,nan,nan,nan,nan,nan,nan
WbZt_4000_1000,WbZt,4000,1000,85,340,1.2,0.4,/eos/uscms/store/user/aji/rootfiles_existingOptimization/WbZt_4000_1000_pt340_ak12_ca4_th85.root,failed,/eos/uscms/store/user/aji/rootfiles_existingOptimization/WbZt_4000_1000_pt340_ak12_ca4_th85.root,nan,nan,nan,nan,nan,nan,nan,nan,nan,nan,nan,nan,nan,nan,nan,nan,nan,nan,nan,nan,nan
WbZt_4000_1000,WbZt,4000,1000,85,340,1.2,0.6,/eos/uscms/store/user/aji/rootfiles_existingOptimization/WbZt_4000_1000_pt340_ak12_ca6_th85.root,failed,/eos/uscms/store/user/aji/rootfiles_existingOptimization/WbZt_4000_1000_pt340_ak12_ca6_th85.root,nan,nan,nan,nan,nan,nan,nan,nan,nan,nan,nan,nan,nan,nan,nan,nan,nan,nan,nan,nan,nan
WbZt_4000_1000,WbZt,4000,1000,85,340,1.2,0.8,/eos/uscms/store/user/aji/rootfiles_existingOptimization/WbZt_4000_1000_pt340_ak12_ca8_th85.root,failed,/eos/uscms/store/user/aji/rootfiles_existingOptimization/WbZt_4000_1000_pt340_ak12_ca8_th85.root,nan,nan,nan,nan,nan,nan,nan,nan,nan,nan,nan,nan,nan,nan,nan,nan,nan,nan,nan,nan,nan
WbZt_4000_1000,WbZt,4000,1000,85,340,1.4,0.4,/eos/uscms/store/user/aji/rootfiles_existingOptimization/WbZt_4000_1000_pt340_ak14_ca4_th85.root,failed,/eos/uscms/store/user/aji/rootfiles_existingOptimization/WbZt_4000_1000_pt340_ak14_ca4_th85.root,nan,nan,nan,nan,nan,nan,nan,nan,nan,nan,nan,nan,nan,nan,nan,nan,nan,nan,nan,nan,nan
WbZt_4000_1000,WbZt,4000,1000,85,340,1.4,0.6,/eos/uscms/store/user/aji/rootfiles_existingOptimization/WbZt_4000_1000_pt340_ak14_ca6_th85.root,failed,/eos/uscms/store/user/aji/rootfiles_existingOptimization/WbZt_4000_1000_pt340_ak14_ca6_th85.root,nan,nan,nan,nan,nan,nan,nan,nan,nan,nan,nan,nan,nan,nan,nan,nan,nan,nan,nan,nan,nan
WbZt_4000_1000,WbZt,4000,1000,85,340,1.4,0.8,/eos/uscms/store/user/aji/rootfiles_existingOptimization/WbZt_4000_1000_pt340_ak14_ca8_th85.root,failed,/eos/uscms/store/user/aji/rootfiles_existingOptimization/WbZt_4000_1000_pt340_ak14_ca8_th85.root,nan,nan,nan,nan,nan,nan,nan,nan,nan,nan,nan,nan,nan,nan,nan,nan,nan,nan,nan,nan,nan
WbZt_4000_1000,WbZt,4000,1000,85,340,1.4,1.0,/eos/uscms/store/user/aji/rootfiles_existingOptimization/WbZt_4000_1000_pt340_ak14_ca10_th85.root,failed,/eos/uscms/store/user/aji/rootfiles_existingOptimization/WbZt_4000_1000_pt340_ak14_ca10_th85.root,nan,nan,nan,nan,nan,nan,nan,nan,nan,nan,nan,nan,nan,nan,nan,nan,nan,nan,nan,nan,nan
WbZt_4000_1000,WbZt,4000,1000,85,340,1.6,0.4,/eos/uscms/store/user/aji/rootfiles_existingOptimization/WbZt_4000_1000_pt340_ak16_ca4_th85.root,failed,/eos/uscms/store/user/aji/rootfiles_existingOptimization/WbZt_4000_1000_pt340_ak16_ca4_th85.root,nan,nan,nan,nan,nan,nan,nan,nan,nan,nan,nan,nan,nan,nan,nan,nan,nan,nan,nan,nan,nan
WbZt_4000_1000,WbZt,4000,1000,85,340,1.6,0.6,/eos/uscms/store/user/aji/rootfiles_existingOptimization/WbZt_4000_1000_pt340_ak16_ca6_th85.root,failed,/eos/uscms/store/user/aji/rootfiles_existingOptimization/WbZt_4000_1000_pt340_ak16_ca6_th85.root,nan,nan,nan,nan,nan,nan,nan,nan,nan,nan,nan,nan,nan,nan,nan,nan,nan,nan,nan,nan,nan
WbZt_4000_1000,WbZt,4000,1000,85,340,1.6,0.8,/eos/uscms/store/user/aji/rootfiles_existingOptimization/WbZt_4000_1000_pt340_ak16_ca8_th85.root,failed,/eos/uscms/store/user/aji/rootfiles_existingOptimization/WbZt_4000_1000_pt340_ak16_ca8_th85.root,nan,nan,nan,nan,nan,nan,nan,nan,nan,nan,nan,nan,nan,nan,nan,nan,nan,nan,nan,nan,nan
WbZt_4000_1000,WbZt,4000,1000,85,340,1.6,1.0,/eos/uscms/store/user/aji/rootfiles_existingOptimization/WbZt_4000_1000_pt340_ak16_ca10_th85.root,failed,/eos/uscms/store/user/aji/rootfiles_existingOptimization/WbZt_4000_1000_pt340_ak16_ca10_th85.root,nan,nan,nan,nan,nan,nan,nan,nan,nan,nan,nan,nan,nan,nan,nan,nan,nan,nan,nan,nan,nan
WbZt_4000_1000,WbZt,4000,1000,85,340,1.6,1.2,/eos/uscms/store/user/aji/rootfiles_existingOptimization/WbZt_4000_1000_pt340_ak16_ca12_th85.root,failed,/eos/uscms/store/user/aji/rootfiles_existingOptimization/WbZt_4000_1000_pt340_ak16_ca12_th85.root,nan,nan,nan,nan,nan,nan,nan,nan,nan,nan,nan,nan,nan,nan,nan,nan,nan,nan,nan,nan,nan
WbZt_4000_1000,WbZt,4000,1000,85,360,0.8,0.4,/eos/uscms/store/user/aji/rootfiles_existingOptimization/WbZt_4000_1000_pt360_ak8_ca4_th85.root,failed,/eos/uscms/store/user/aji/rootfiles_existingOptimization/WbZt_4000_1000_pt360_ak8_ca4_th85.root,nan,nan,nan,nan,nan,nan,nan,nan,nan,nan,nan,nan,nan,nan,nan,nan,nan,nan,nan,nan,nan
WbZt_4000_1000,WbZt,4000,1000,85,360,1.0,0.4,/eos/uscms/store/user/aji/rootfiles_existingOptimization/WbZt_4000_1000_pt360_ak10_ca4_th85.root,failed,/eos/uscms/store/user/aji/rootfiles_existingOptimization/WbZt_4000_1000_pt360_ak10_ca4_th85.root,nan,nan,nan,nan,nan,nan,nan,nan,nan,nan,nan,nan,nan,nan,nan,nan,nan,nan,nan,nan,nan
WbZt_4000_1000,WbZt,4000,1000,85,360,1.0,0.6,/eos/uscms/store/user/aji/rootfiles_existingOptimization/WbZt_4000_1000_pt360_ak10_ca6_th85.root,failed,/eos/uscms/store/user/aji/rootfiles_existingOptimization/WbZt_4000_1000_pt360_ak10_ca6_th85.root,nan,nan,nan,nan,nan,nan,nan,nan,nan,nan,nan,nan,nan,nan,nan,nan,nan,nan,nan,nan,nan
WbZt_4000_1000,WbZt,4000,1000,85,360,1.2,0.4,/eos/uscms/store/user/aji/rootfiles_existingOptimization/WbZt_4000_1000_pt360_ak12_ca4_th85.root,failed,/eos/uscms/store/user/aji/rootfiles_existingOptimization/WbZt_4000_1000_pt360_ak12_ca4_th85.root,nan,nan,nan,nan,nan,nan,nan,nan,nan,nan,nan,nan,nan,nan,nan,nan,nan,nan,nan,nan,nan
WbZt_4000_1000,WbZt,4000,1000,85,360,1.2,0.6,/eos/uscms/store/user/aji/rootfiles_existingOptimization/WbZt_4000_1000_pt360_ak12_ca6_th85.root,failed,/eos/uscms/store/user/aji/rootfiles_existingOptimization/WbZt_4000_1000_pt360_ak12_ca6_th85.root,nan,nan,nan,nan,nan,nan,nan,nan,nan,nan,nan,nan,nan,nan,nan,nan,nan,nan,nan,nan,nan
WbZt_4000_1000,WbZt,4000,1000,85,360,1.2,0.8,/eos/uscms/store/user/aji/rootfiles_existingOptimization/WbZt_4000_1000_pt360_ak12_ca8_th85.root,failed,/eos/uscms/store/user/aji/rootfiles_existingOptimization/WbZt_4000_1000_pt360_ak12_ca8_th85.root,nan,nan,nan,nan,nan,nan,nan,nan,nan,nan,nan,nan,nan,nan,nan,nan,nan,nan,nan,nan,nan
WbZt_4000_1000,WbZt,4000,1000,85,360,1.4,0.4,/eos/uscms/store/user/aji/rootfiles_existingOptimization/WbZt_4000_1000_pt360_ak14_ca4_th85.root,failed,/eos/uscms/store/user/aji/rootfiles_existingOptimization/WbZt_4000_1000_pt360_ak14_ca4_th85.root,nan,nan,nan,nan,nan,nan,nan,nan,nan,nan,nan,nan,nan,nan,nan,nan,nan,nan,nan,nan,nan
WbZt_4000_1000,WbZt,4000,1000,85,360,1.4,0.6,/eos/uscms/store/user/aji/rootfiles_existingOptimization/WbZt_4000_1000_pt360_ak14_ca6_th85.root,failed,/eos/uscms/store/user/aji/rootfiles_existingOptimization/WbZt_4000_1000_pt360_ak14_ca6_th85.root,nan,nan,nan,nan,nan,nan,nan,nan,nan,nan,nan,nan,nan,nan,nan,nan,nan,nan,nan,nan,nan
WbZt_4000_1000,WbZt,4000,1000,85,360,1.4,0.8,/eos/uscms/store/user/aji/rootfiles_existingOptimization/WbZt_4000_1000_pt360_ak14_ca8_th85.root,failed,/eos/uscms/store/user/aji/rootfiles_existingOptimization/WbZt_4000_1000_pt360_ak14_ca8_th85.root,nan,nan,nan,nan,nan,nan,nan,nan,nan,nan,nan,nan,nan,nan,nan,nan,nan,nan,nan,nan,nan
WbZt_4000_1000,WbZt,4000,1000,85,360,1.4,1.0,/eos/uscms/store/user/aji/rootfiles_existingOptimization/WbZt_4000_1000_pt360_ak14_ca10_th85.root,failed,/eos/uscms/store/user/aji/rootfiles_existingOptimization/WbZt_4000_1000_pt360_ak14_ca10_th85.root,nan,nan,nan,nan,nan,nan,nan,nan,nan,nan,nan,nan,nan,nan,nan,nan,nan,nan,nan,nan,nan
WbZt_4000_1000,WbZt,4000,1000,85,360,1.6,0.4,/eos/uscms/store/user/aji/rootfiles_existingOptimization/WbZt_4000_1000_pt360_ak16_ca4_th85.root,failed,/eos/uscms/store/user/aji/rootfiles_existingOptimization/WbZt_4000_1000_pt360_ak16_ca4_th85.root,nan,nan,nan,nan,nan,nan,nan,nan,nan,nan,nan,nan,nan,nan,nan,nan,nan,nan,nan,nan,nan
WbZt_4000_1000,WbZt,4000,1000,85,360,1.6,0.6,/eos/uscms/store/user/aji/rootfiles_existingOptimization/WbZt_4000_1000_pt360_ak16_ca6_th85.root,failed,/eos/uscms/store/user/aji/rootfiles_existingOptimization/WbZt_4000_1000_pt360_ak16_ca6_th85.root,nan,nan,nan,nan,nan,nan,nan,nan,nan,nan,nan,nan,nan,nan,nan,nan,nan,nan,nan,nan,nan
WbZt_4000_1000,WbZt,4000,1000,85,360,1.6,0.8,/eos/uscms/store/user/aji/rootfiles_existingOptimization/WbZt_4000_1000_pt360_ak16_ca8_th85.root,failed,/eos/uscms/store/user/aji/rootfiles_existingOptimization/WbZt_4000_1000_pt360_ak16_ca8_th85.root,nan,nan,nan,nan,nan,nan,nan,nan,nan,nan,nan,nan,nan,nan,nan,nan,nan,nan,nan,nan,nan
WbZt_4000_1000,WbZt,4000,1000,85,360,1.6,1.0,/eos/uscms/store/user/aji/rootfiles_existingOptimization/WbZt_4000_1000_pt360_ak16_ca10_th85.root,failed,/eos/uscms/store/user/aji/rootfiles_existingOptimization/WbZt_4000_1000_pt360_ak16_ca10_th85.root,nan,nan,nan,nan,nan,nan,nan,nan,nan,nan,nan,nan,nan,nan,nan,nan,nan,nan,nan,nan,nan
WbZt_4000_1000,WbZt,4000,1000,85,360,1.6,1.2,/eos/uscms/store/user/aji/rootfiles_existingOptimization/WbZt_4000_1000_pt360_ak16_ca12_th85.root,failed,/eos/uscms/store/user/aji/rootfiles_existingOptimization/WbZt_4000_1000_pt360_ak16_ca12_th85.root,nan,nan,nan,nan,nan,nan,nan,nan,nan,nan,nan,nan,nan,nan,nan,nan,nan,nan,nan,nan,nan
WbZt_4000_1000,WbZt,4000,1000,85,380,0.8,0.4,/eos/uscms/store/user/aji/rootfiles_existingOptimization/WbZt_4000_1000_pt380_ak8_ca4_th85.root,failed,/eos/uscms/store/user/aji/rootfiles_existingOptimization/WbZt_4000_1000_pt380_ak8_ca4_th85.root,nan,nan,nan,nan,nan,nan,nan,nan,nan,nan,nan,nan,nan,nan,nan,nan,nan,nan,nan,nan,nan
WbZt_4000_1000,WbZt,4000,1000,85,380,1.0,0.4,/eos/uscms/store/user/aji/rootfiles_existingOptimization/WbZt_4000_1000_pt380_ak10_ca4_th85.root,failed,/eos/uscms/store/user/aji/rootfiles_existingOptimization/WbZt_4000_1000_pt380_ak10_ca4_th85.root,nan,nan,nan,nan,nan,nan,nan,nan,nan,nan,nan,nan,nan,nan,nan,nan,nan,nan,nan,nan,nan
WbZt_4000_1000,WbZt,4000,1000,85,380,1.0,0.6,/eos/uscms/store/user/aji/rootfiles_existingOptimization/WbZt_4000_1000_pt380_ak10_ca6_th85.root,failed,/eos/uscms/store/user/aji/rootfiles_existingOptimization/WbZt_4000_1000_pt380_ak10_ca6_th85.root,nan,nan,nan,nan,nan,nan,nan,nan,nan,nan,nan,nan,nan,nan,nan,nan,nan,nan,nan,nan,nan
WbZt_4000_1000,WbZt,4000,1000,85,380,1.2,0.4,/eos/uscms/store/user/aji/rootfiles_existingOptimization/WbZt_4000_1000_pt380_ak12_ca4_th85.root,failed,/eos/uscms/store/user/aji/rootfiles_existingOptimization/WbZt_4000_1000_pt380_ak12_ca4_th85.root,nan,nan,nan,nan,nan,nan,nan,nan,nan,nan,nan,nan,nan,nan,nan,nan,nan,nan,nan,nan,nan
WbZt_4000_1000,WbZt,4000,1000,85,380,1.2,0.6,/eos/uscms/store/user/aji/rootfiles_existingOptimization/WbZt_4000_1000_pt380_ak12_ca6_th85.root,failed,/eos/uscms/store/user/aji/rootfiles_existingOptimization/WbZt_4000_1000_pt380_ak12_ca6_th85.root,nan,nan,nan,nan,nan,nan,nan,nan,nan,nan,nan,nan,nan,nan,nan,nan,nan,nan,nan,nan,nan
WbZt_4000_1000,WbZt,4000,1000,85,380,1.2,0.8,/eos/uscms/store/user/aji/rootfiles_existingOptimization/WbZt_4000_1000_pt380_ak12_ca8_th85.root,failed,/eos/uscms/store/user/aji/rootfiles_existingOptimization/WbZt_4000_1000_pt380_ak12_ca8_th85.root,nan,nan,nan,nan,nan,nan,nan,nan,nan,nan,nan,nan,nan,nan,nan,nan,nan,nan,nan,nan,nan
WbZt_4000_1000,WbZt,4000,1000,85,380,1.4,0.4,/eos/uscms/store/user/aji/rootfiles_existingOptimization/WbZt_4000_1000_pt380_ak14_ca4_th85.root,failed,/eos/uscms/store/user/aji/rootfiles_existingOptimization/WbZt_4000_1000_pt380_ak14_ca4_th85.root,nan,nan,nan,nan,nan,nan,nan,nan,nan,nan,nan,nan,nan,nan,nan,nan,nan,nan,nan,nan,nan
WbZt_4000_1000,WbZt,4000,1000,85,380,1.4,0.6,/eos/uscms/store/user/aji/rootfiles_existingOptimization/WbZt_4000_1000_pt380_ak14_ca6_th85.root,failed,/eos/uscms/store/user/aji/rootfiles_existingOptimization/WbZt_4000_1000_pt380_ak14_ca6_th85.root,nan,nan,nan,nan,nan,nan,nan,nan,nan,nan,nan,nan,nan,nan,nan,nan,nan,nan,nan,nan,nan
WbZt_4000_1000,WbZt,4000,1000,85,380,1.4,0.8,/eos/uscms/store/user/aji/rootfiles_existingOptimization/WbZt_4000_1000_pt380_ak14_ca8_th85.root,failed,/eos/uscms/store/user/aji/rootfiles_existingOptimization/WbZt_4000_1000_pt380_ak14_ca8_th85.root,nan,nan,nan,nan,nan,nan,nan,nan,nan,nan,nan,nan,nan,nan,nan,nan,nan,nan,nan,nan,nan
WbZt_4000_1000,WbZt,4000,1000,85,380,1.4,1.0,/eos/uscms/store/user/aji/rootfiles_existingOptimization/WbZt_4000_1000_pt380_ak14_ca10_th85.root,failed,/eos/uscms/store/user/aji/rootfiles_existingOptimization/WbZt_4000_1000_pt380_ak14_ca10_th85.root,nan,nan,nan,nan,nan,nan,nan,nan,nan,nan,nan,nan,nan,nan,nan,nan,nan,nan,nan,nan,nan
WbZt_4000_1000,WbZt,4000,1000,85,380,1.6,0.4,/eos/uscms/store/user/aji/rootfiles_existingOptimization/WbZt_4000_1000_pt380_ak16_ca4_th85.root,failed,/eos/uscms/store/user/aji/rootfiles_existingOptimization/WbZt_4000_1000_pt380_ak16_ca4_th85.root,nan,nan,nan,nan,nan,nan,nan,nan,nan,nan,nan,nan,nan,nan,nan,nan,nan,nan,nan,nan,nan
WbZt_4000_1000,WbZt,4000,1000,85,380,1.6,0.6,/eos/uscms/store/user/aji/rootfiles_existingOptimization/WbZt_4000_1000_pt380_ak16_ca6_th85.root,failed,/eos/uscms/store/user/aji/rootfiles_existingOptimization/WbZt_4000_1000_pt380_ak16_ca6_th85.root,nan,nan,nan,nan,nan,nan,nan,nan,nan,nan,nan,nan,nan,nan,nan,nan,nan,nan,nan,nan,nan
WbZt_4000_1000,WbZt,4000,1000,85,380,1.6,0.8,/eos/uscms/store/user/aji/rootfiles_existingOptimization/WbZt_4000_1000_pt380_ak16_ca8_th85.root,failed,/eos/uscms/store/user/aji/rootfiles_existingOptimization/WbZt_4000_1000_pt380_ak16_ca8_th85.root,nan,nan,nan,nan,nan,nan,nan,nan,nan,nan,nan,nan,nan,nan,nan,nan,nan,nan,nan,nan,nan
WbZt_4000_1000,WbZt,4000,1000,85,380,1.6,1.0,/eos/uscms/store/user/aji/rootfiles_existingOptimization/WbZt_4000_1000_pt380_ak16_ca10_th85.root,failed,/eos/uscms/store/user/aji/rootfiles_existingOptimization/WbZt_4000_1000_pt380_ak16_ca10_th85.root,nan,nan,nan,nan,nan,nan,nan,nan,nan,nan,nan,nan,nan,nan,nan,nan,nan,nan,nan,nan,nan
WbZt_4000_1000,WbZt,4000,1000,85,380,1.6,1.2,/eos/uscms/store/user/aji/rootfiles_existingOptimization/WbZt_4000_1000_pt380_ak16_ca12_th85.root,failed,/eos/uscms/store/user/aji/rootfiles_existingOptimization/WbZt_4000_1000_pt380_ak16_ca12_th85.root,nan,nan,nan,nan,nan,nan,nan,nan,nan,nan,nan,nan,nan,nan,nan,nan,nan,nan,nan,nan,nan
WbZt_4000_1000,WbZt,4000,1000,85,400,0.8,0.4,/eos/uscms/store/user/aji/rootfiles_existingOptimization/WbZt_4000_1000_pt400_ak8_ca4_th85.root,failed,/eos/uscms/store/user/aji/rootfiles_existingOptimization/WbZt_4000_1000_pt400_ak8_ca4_th85.root,nan,nan,nan,nan,nan,nan,nan,nan,nan,nan,nan,nan,nan,nan,nan,nan,nan,nan,nan,nan,nan
WbZt_4000_1000,WbZt,4000,1000,85,400,1.0,0.4,/eos/uscms/store/user/aji/rootfiles_existingOptimization/WbZt_4000_1000_pt400_ak10_ca4_th85.root,failed,/eos/uscms/store/user/aji/rootfiles_existingOptimization/WbZt_4000_1000_pt400_ak10_ca4_th85.root,nan,nan,nan,nan,nan,nan,nan,nan,nan,nan,nan,nan,nan,nan,nan,nan,nan,nan,nan,nan,nan
WbZt_4000_1000,WbZt,4000,1000,85,400,1.0,0.6,/eos/uscms/store/user/aji/rootfiles_existingOptimization/WbZt_4000_1000_pt400_ak10_ca6_th85.root,failed,/eos/uscms/store/user/aji/rootfiles_existingOptimization/WbZt_4000_1000_pt400_ak10_ca6_th85.root,nan,nan,nan,nan,nan,nan,nan,nan,nan,nan,nan,nan,nan,nan,nan,nan,nan,nan,nan,nan,nan
WbZt_4000_1000,WbZt,4000,1000,85,400,1.2,0.4,/eos/uscms/store/user/aji/rootfiles_existingOptimization/WbZt_4000_1000_pt400_ak12_ca4_th85.root,failed,/eos/uscms/store/user/aji/rootfiles_existingOptimization/WbZt_4000_1000_pt400_ak12_ca4_th85.root,nan,nan,nan,nan,nan,nan,nan,nan,nan,nan,nan,nan,nan,nan,nan,nan,nan,nan,nan,nan,nan
WbZt_4000_1000,WbZt,4000,1000,85,400,1.2,0.6,/eos/uscms/store/user/aji/rootfiles_existingOptimization/WbZt_4000_1000_pt400_ak12_ca6_th85.root,failed,/eos/uscms/store/user/aji/rootfiles_existingOptimization/WbZt_4000_1000_pt400_ak12_ca6_th85.root,nan,nan,nan,nan,nan,nan,nan,nan,nan,nan,nan,nan,nan,nan,nan,nan,nan,nan,nan,nan,nan
WbZt_4000_1000,WbZt,4000,1000,85,400,1.2,0.8,/eos/uscms/store/user/aji/rootfiles_existingOptimization/WbZt_4000_1000_pt400_ak12_ca8_th85.root,failed,/eos/uscms/store/user/aji/rootfiles_existingOptimization/WbZt_4000_1000_pt400_ak12_ca8_th85.root,nan,nan,nan,nan,nan,nan,nan,nan,nan,nan,nan,nan,nan,nan,nan,nan,nan,nan,nan,nan,nan
WbZt_4000_1000,WbZt,4000,1000,85,400,1.4,0.4,/eos/uscms/store/user/aji/rootfiles_existingOptimization/WbZt_4000_1000_pt400_ak14_ca4_th85.root,failed,/eos/uscms/store/user/aji/rootfiles_existingOptimization/WbZt_4000_1000_pt400_ak14_ca4_th85.root,nan,nan,nan,nan,nan,nan,nan,nan,nan,nan,nan,nan,nan,nan,nan,nan,nan,nan,nan,nan,nan
WbZt_4000_1000,WbZt,4000,1000,85,400,1.4,0.6,/eos/uscms/store/user/aji/rootfiles_existingOptimization/WbZt_4000_1000_pt400_ak14_ca6_th85.root,failed,/eos/uscms/store/user/aji/rootfiles_existingOptimization/WbZt_4000_1000_pt400_ak14_ca6_th85.root,nan,nan,nan,nan,nan,nan,nan,nan,nan,nan,nan,nan,nan,nan,nan,nan,nan,nan,nan,nan,nan
WbZt_4000_1000,WbZt,4000,1000,85,400,1.4,0.8,/eos/uscms/store/user/aji/rootfiles_existingOptimization/WbZt_4000_1000_pt400_ak14_ca8_th85.root,failed,/eos/uscms/store/user/aji/rootfiles_existingOptimization/WbZt_4000_1000_pt400_ak14_ca8_th85.root,nan,nan,nan,nan,nan,nan,nan,nan,nan,nan,nan,nan,nan,nan,nan,nan,nan,nan,nan,nan,nan
WbZt_4000_1000,WbZt,4000,1000,85,400,1.4,1.0,/eos/uscms/store/user/aji/rootfiles_existingOptimization/WbZt_4000_1000_pt400_ak14_ca10_th85.root,failed,/eos/uscms/store/user/aji/rootfiles_existingOptimization/WbZt_4000_1000_pt400_ak14_ca10_th85.root,nan,nan,nan,nan,nan,nan,nan,nan,nan,nan,nan,nan,nan,nan,nan,nan,nan,nan,nan,nan,nan
WbZt_4000_1000,WbZt,4000,1000,85,400,1.6,0.4,/eos/uscms/store/user/aji/rootfiles_existingOptimization/WbZt_4000_1000_pt400_ak16_ca4_th85.root,failed,/eos/uscms/store/user/aji/rootfiles_existingOptimization/WbZt_4000_1000_pt400_ak16_ca4_th85.root,nan,nan,nan,nan,nan,nan,nan,nan,nan,nan,nan,nan,nan,nan,nan,nan,nan,nan,nan,nan,nan
WbZt_4000_1000,WbZt,4000,1000,85,400,1.6,0.6,/eos/uscms/store/user/aji/rootfiles_existingOptimization/WbZt_4000_1000_pt400_ak16_ca6_th85.root,failed,/eos/uscms/store/user/aji/rootfiles_existingOptimization/WbZt_4000_1000_pt400_ak16_ca6_th85.root,nan,nan,nan,nan,nan,nan,nan,nan,nan,nan,nan,nan,nan,nan,nan,nan,nan,nan,nan,nan,nan
WbZt_4000_1000,WbZt,4000,1000,85,400,1.6,0.8,/eos/uscms/store/user/aji/rootfiles_existingOptimization/WbZt_4000_1000_pt400_ak16_ca8_th85.root,failed,/eos/uscms/store/user/aji/rootfiles_existingOptimization/WbZt_4000_1000_pt400_ak16_ca8_th85.root,nan,nan,nan,nan,nan,nan,nan,nan,nan,nan,nan,nan,nan,nan,nan,nan,nan,nan,nan,nan,nan
WbZt_4000_1000,WbZt,4000,1000,85,400,1.6,1.0,/eos/uscms/store/user/aji/rootfiles_existingOptimization/WbZt_4000_1000_pt400_ak16_ca10_th85.root,failed,/eos/uscms/store/user/aji/rootfiles_existingOptimization/WbZt_4000_1000_pt400_ak16_ca10_th85.root,nan,nan,nan,nan,nan,nan,nan,nan,nan,nan,nan,nan,nan,nan,nan,nan,nan,nan,nan,nan,nan
WbZt_4000_1000,WbZt,4000,1000,85,400,1.6,1.2,/eos/uscms/store/user/aji/rootfiles_existingOptimization/WbZt_4000_1000_pt400_ak16_ca12_th85.root,failed,/eos/uscms/store/user/aji/rootfiles_existingOptimization/WbZt_4000_1000_pt400_ak16_ca12_th85.root,nan,nan,nan,nan,nan,nan,nan,nan,nan,nan,nan,nan,nan,nan,nan,nan,nan,nan,nan,nan,nan
