sample,decay,suu_mass,chi_mass,th_code,pt_cut,ak_radius,ca_radius,filename,status,error,n_events,n_valid_events,reconstruction_efficiency,reconstruction_efficiency_err,f_low_event,f_low_event_err,f_low_chi,f_peak_chi,f_peak_event_both,f_peak_event_both_all,off_peak_event_fraction,off_peak_event_fraction_err,median_mass,q16_mass,q84_mass,median_mass_response,q16_mass_response,q84_mass_response,robust_resolution,median_mass_asymmetry,balanced_score
WbHt_8000_3000,WbHt,8000,3000,85,100,0.6,0.4,/eos/uscms/store/user/aji/rootfiles_existingOptimization/WbHt_8000_3000_pt100_ak6_ca4_th85.root,ok,,1000,1000,1.0,0.0,0.03,0.005394441583704471,0.0155,0.844,0.781,0.781,0.21899999999999997,0.013078187947877183,2763.910087797796,2179.631334901508,3085.9882753768998,0.9213033625992655,0.7265437783005027,1.0286627584589665,0.16396281204602253,0.010461451271434951,0.3908324757860959
WbHt_8000_3000,WbHt,8000,3000,85,120,0.6,0.4,/eos/uscms/store/user/aji/rootfiles_existingOptimization/WbHt_8000_3000_pt120_ak6_ca4_th85.root,ok,,1000,1000,1.0,0.0,0.035,0.005811626278418116,0.0185,0.84,0.774,0.774,0.22599999999999998,0.013225883713385657,2756.2423976039154,2162.8893809526776,3058.384568733952,0.918747465867972,0.7209631269842258,1.0194615229113173,0.16244855469891822,0.014569258127001189,0.396573808112121
WbHt_8000_3000,WbHt,8000,3000,85,140,0.6,0.4,/eos/uscms/store/user/aji/rootfiles_existingOptimization/WbHt_8000_3000_pt140_ak6_ca4_th85.root,ok,,1000,1000,1.0,0.0,0.044,0.006485676526007136,0.0235,0.83,0.762,0.762,0.238,0.01346684818359515,2745.087862197521,2101.784294454937,3026.986564070811,0.9150292873991738,0.7005947648183124,1.008995521356937,0.16851960958277362,0.01737406993283909,0.41501668084285626
WbHt_8000_3000,WbHt,8000,3000,85,160,0.6,0.4,/eos/uscms/store/user/aji/rootfiles_existingOptimization/WbHt_8000_3000_pt160_ak6_ca4_th85.root,ok,,1000,1000,1.0,0.0,0.058,0.007391616873188166,0.031,0.819,0.748,0.748,0.252,0.013729384545565033,2725.6139721712907,2043.167880185078,3014.140647259719,0.9085379907237636,0.6810559600616927,1.004713549086573,0.17812000837028666,0.01870904022389428,0.43926620929791027
WbHt_8000_3000,WbHt,8000,3000,85,180,0.6,0.4,/eos/uscms/store/user/aji/rootfiles_existingOptimization/WbHt_8000_3000_pt180_ak6_ca4_th85.root,ok,,1000,1000,1.0,0.0,0.064,0.007739767438366608,0.0345,0.8135,0.741,0.741,0.259,0.013853483316480371,2721.540387555135,2030.2788937675875,3009.6860265415007,0.907180129185045,0.6767596312558625,1.0032286755138338,0.17993617461134817,0.020819570038259547,0.4482181616928437
WbHt_8000_3000,WbHt,8000,3000,85,100,0.4,0.4,/eos/uscms/store/user/aji/rootfiles_existingOptimization/WbHt_8000_3000_pt100_ak4_ca4_th85.root,ok,,1000,1000,1.0,0.0,0.075,0.008329165624478841,0.039,0.8125,0.733,0.733,0.267,0.013989674763910703,2673.805679301715,2049.9117559337624,2968.506836572184,0.8912685597672383,0.6833039186445874,0.9895022788573947,0.17177670908349635,0.038433250252642465,0.4496498531067725
WbHt_8000_3000,WbHt,8000,3000,85,200,0.6,0.4,/eos/uscms/store/user/aji/rootfiles_existingOptimization/WbHt_8000_3000_pt200_ak6_ca4_th85.root,ok,,1000,1000,1.0,0.0,0.073,0.008226238508577295,0.0395,0.81,0.735,0.735,0.265,0.013956181426163821,2713.2701959399615,2024.3654253929747,2999.5957494605204,0.9044233986466539,0.6747884751309916,0.9998652498201733,0.17971492952062867,0.022590317984332087,0.4542725896559633
WbHt_8000_3000,WbHt,8000,3000,85,120,0.8,0.6,/eos/uscms/store/user/aji/rootfiles_existingOptimization/WbHt_8000_3000_pt120_ak8_ca6_th85.root,ok,,1000,1000,1.0,0.0,0.06,0.007509993342207435,0.0305,0.82,0.741,0.741,0.259,0.013853483316480371,2844.5154972529417,2146.41368543137,3230.4813248233027,0.9481718324176471,0.7154712284771233,1.0768271082744343,0.19055400479253126,0.021137085541188816,0.45473682155076656
WbHt_8000_3000,WbHt,8000,3000,85,100,0.6,0.6,/eos/uscms/store/user/aji/rootfiles_existingOptimization/WbHt_8000_3000_pt100_ak6_ca6_th85.root,ok,,1000,1000,1.0,0.0,0.081,0.008627803892068943,0.041,0.812,0.732,0.732,0.268,0.014006284303840188,2771.9215352089886,2115.220455573257,3119.804061031701,0.923973845069663,0.7050734851910857,1.039934687010567,0.18120707832061766,0.04217264326230219,0.4568096938136514
WbHt_8000_3000,WbHt,8000,3000,85,100,0.8,0.6,/eos/uscms/store/user/aji/rootfiles_existingOptimization/WbHt_8000_3000_pt100_ak8_ca6_th85.root,ok,,1000,1000,1.0,0.0,0.045,0.0065555320150236475,0.023,0.807,0.734,0.734,0.266,0.013972973913952606,2861.6957552958334,2228.973804357447,3318.847989776285,0.953898585098611,0.742991268119149,1.1062826632587617,0.19042453821338712,0.017354467757588178,0.461034679703526
WbHt_8000_3000,WbHt,8000,3000,85,140,0.8,0.6,/eos/uscms/store/user/aji/rootfiles_existingOptimization/WbHt_8000_3000_pt140_ak8_ca6_th85.root,ok,,1000,1000,1.0,0.0,0.07,0.008068457101577725,0.036,0.8145,0.732,0.732,0.268,0.014006284303840188,2831.001592335888,2111.3455215037757,3197.584102157527,0.9436671974452959,0.7037818405012587,1.0658613673858424,0.19184704515787374,0.02369309637100421,0.46548032541334416
WbHt_8000_3000,WbHt,8000,3000,85,120,0.4,0.4,/eos/uscms/store/user/aji/rootfiles_existingOptimization/WbHt_8000_3000_pt120_ak4_ca4_th85.root,ok,,1000,1000,1.0,0.0,0.088,0.008958571314668427,0.0465,0.8015,0.718,0.718,0.28200000000000003,0.014229406171727618,2659.05565283594,1991.645572877991,2956.1799759971427,0.8863518842786466,0.663881857625997,0.9853933253323809,0.18136784803478162,0.043066197789105184,0.47473265960691696
WbHt_8000_3000,WbHt,8000,3000,85,120,0.6,0.6,/eos/uscms/store/user/aji/rootfiles_existingOptimization/WbHt_8000_3000_pt120_ak6_ca6_th85.root,ok,,1000,1000,1.0,0.0,0.094,0.009228434320078352,0.048,0.8035,0.719,0.719,0.281,0.014214042352547005,2761.8729159510467,2045.9463418483688,3099.1753725826516,0.9206243053170157,0.6819821139494563,1.0330584575275505,0.19067297134698263,0.044695550647722584,0.4796105408152811
WbHt_8000_3000,WbHt,8000,3000,85,160,0.8,0.6,/eos/uscms/store/user/aji/rootfiles_existingOptimization/WbHt_8000_3000_pt160_ak8_ca6_th85.root,ok,,1000,1000,1.0,0.0,0.078,0.008480330182251162,0.0405,0.807,0.722,0.722,0.278,0.01416742743055351,2824.43767930694,2052.5192397515866,3168.2479492711127,0.9414792264356466,0.6841730799171956,1.0560826497570375,0.19751342323709956,0.0263122240869865,0.4813655005935349
WbHt_8000_3000,WbHt,8000,3000,85,220,0.6,0.4,/eos/uscms/store/user/aji/rootfiles_existingOptimization/WbHt_8000_3000_pt220_ak6_ca4_th85.root,ok,,1000,1000,1.0,0.0,0.089,0.00900438781928011,0.0485,0.7975,0.717,0.717,0.28300000000000003,0.014244683218660919,2703.064217035033,1944.276916283871,2985.0562232670454,0.9010214056783443,0.648092305427957,0.9950187410890152,0.19251842046963946,0.024097310452293096,0.4854162799018051
WbHt_8000_3000,WbHt,8000,3000,85,180,0.8,0.6,/eos/uscms/store/user/aji/rootfiles_existingOptimization/WbHt_8000_3000_pt180_ak8_ca6_th85.root,ok,,1000,1000,1.0,0.0,0.086,0.008865889690267977,0.0445,0.804,0.716,0.716,0.28400000000000003,0.014259873772232349,2812.848030497462,2014.678626411915,3131.8419410055267,0.9376160101658205,0.6715595421373051,1.043947313668509,0.1985822380877145,0.027687745251660387,0.48882063707113244
WbHt_8000_3000,WbHt,8000,3000,85,200,0.8,0.6,/eos/uscms/store/user/aji/rootfiles_existingOptimization/WbHt_8000_3000_pt200_ak8_ca6_th85.root,ok,,1000,1000,1.0,0.0,0.092,0.00913980306133562,0.0475,0.8005,0.713,0.713,0.28700000000000003,0.01430492922037715,2804.9484386479644,1991.1821007702827,3117.5467003847816,0.934982812882655,0.6637273669234275,1.0391822334615939,0.20078169425414233,0.02891012053165442,0.49428341296587686
WbHt_8000_3000,WbHt,8000,3000,85,240,0.6,0.4,/eos/uscms/store/user/aji/rootfiles_existingOptimization/WbHt_8000_3000_pt240_ak6_ca4_th85.root,ok,,1000,1000,1.0,0.0,0.094,0.009228434320078352,0.0515,0.792,0.71,0.71,0.29000000000000004,0.014349216006458332,2698.9016633392075,1896.8518482702934,2970.7615754938643,0.8996338877797359,0.6322839494234311,0.9902538584979548,0.1989531041110404,0.024742860801281893,0.49898971533306685
WbHt_8000_3000,WbHt,8000,3000,85,140,0.6,0.6,/eos/uscms/store/user/aji/rootfiles_existingOptimization/WbHt_8000_3000_pt140_ak6_ca6_th85.root,ok,,1000,1000,1.0,0.0,0.11,0.009894442884771228,0.0565,0.7905,0.703,0.703,0.29700000000000004,0.014449602070645405,2745.237558954029,1988.716198377191,3066.711530274952,0.9150791863180097,0.6629053994590637,1.0222371767583174,0.19633917079083152,0.046908027493106616,0.5018312521590306
WbHt_8000_3000,WbHt,8000,3000,85,140,0.4,0.4,/eos/uscms/store/user/aji/rootfiles_existingOptimization/WbHt_8000_3000_pt140_ak4_ca4_th85.root,ok,,1000,1000,1.0,0.0,0.101,0.009528850927577786,0.0535,0.784,0.694,0.694,0.30600000000000005,0.014572714228996602,2638.3948378164264,1935.3557910751413,2947.4303737289215,0.8794649459388088,0.645118597025047,0.9824767912429738,0.191797408058035,0.047070757200326885,0.5098509134641541
WbHt_8000_3000,WbHt,8000,3000,85,220,0.8,0.6,/eos/uscms/store/user/aji/rootfiles_existingOptimization/WbHt_8000_3000_pt220_ak8_ca6_th85.root,ok,,1000,1000,1.0,0.0,0.102,0.009570579919733181,0.053,0.794,0.702,0.702,0.29800000000000004,0.01446360950800318,2798.456437855514,1943.2300357486754,3108.2683334580106,0.9328188126185049,0.6477433452495585,1.0360894444860036,0.20815730449642375,0.030716752286266594,0.5128754232345734
WbHt_8000_3000,WbHt,8000,3000,85,100,0.4,0.6,/eos/uscms/store/user/aji/rootfiles_existingOptimization/WbHt_8000_3000_pt100_ak4_ca6_th85.root,ok,,1000,1000,1.0,0.0,0.107,0.009775019181566858,0.055,0.782,0.687,0.687,0.31299999999999994,0.014663935351739654,2670.054346107542,1948.087484988278,2978.3919613765665,0.8900181153691806,0.6493624949960926,0.9927973204588555,0.19293698607488777,0.04544858922860142,0.5169351745379697
WbHt_8000_3000,WbHt,8000,3000,85,260,0.6,0.4,/eos/uscms/store/user/aji/rootfiles_existingOptimization/WbHt_8000_3000_pt260_ak6_ca4_th85.root,ok,,1000,1000,1.0,0.0,0.106,0.009734680272099337,0.058,0.782,0.693,0.693,0.30700000000000005,0.01458598642533305,2692.4032533344844,1863.7304347903105,2963.084837203426,0.8974677511114948,0.6212434782634368,0.9876949457344755,0.20415857116715128,0.02700447820972978,0.5214117960560019
WbHt_8000_3000,WbHt,8000,3000,85,160,0.6,0.6,/eos/uscms/store/user/aji/rootfiles_existingOptimization/WbHt_8000_3000_pt160_ak6_ca6_th85.root,ok,,1000,1000,1.0,0.0,0.128,0.010564847372300274,0.066,0.7795,0.689,0.689,0.31100000000000005,0.014638271755914358,2733.005363419908,1923.6324061741711,3055.023124881648,0.9110017878066361,0.641210802058057,1.018341041627216,0.20698655294472731,0.04867557646157526,0.5268863741640638
WbHt_8000_3000,WbHt,8000,3000,85,240,0.8,0.6,/eos/uscms/store/user/aji/rootfiles_existingOptimization/WbHt_8000_3000_pt240_ak8_ca6_th85.root,ok,,1000,1000,1.0,0.0,0.118,0.01020176455325254,0.0615,0.7875,0.693,0.693,0.30700000000000005,0.01458598642533305,2789.111859721267,1898.968585197229,3096.1517681593414,0.9297039532404224,0.6329895283990763,1.0320505893864471,0.21461727660534816,0.03324684823831361,0.528646881281306
WbHt_8000_3000,WbHt,8000,3000,85,160,0.4,0.4,/eos/uscms/store/user/aji/rootfiles_existingOptimization/WbHt_8000_3000_pt160_ak4_ca4_th85.root,ok,,1000,1000,1.0,0.0,0.115,0.010088359628799918,0.061,0.7735,0.681,0.681,0.31899999999999995,0.01473902981881779,2623.8032850122404,1893.043812732357,2936.1582156962436,0.8746010950040801,0.631014604244119,0.9787194052320813,0.19877907938495104,0.04985252783918037,0.530318969884543
WbHt_8000_3000,WbHt,8000,3000,85,180,0.6,0.6,/eos/uscms/store/user/aji/rootfiles_existingOptimization/WbHt_8000_3000_pt180_ak6_ca6_th85.root,ok,,1000,1000,1.0,0.0,0.138,0.01090669519148674,0.071,0.7745,0.682,0.682,0.31799999999999995,0.014726710426975875,2725.970945707233,1891.2956141618465,3047.2912939815324,0.9086569819024111,0.6304318713872822,1.0157637646605107,0.21203374922981266,0.05114396551663679,0.5391680510395715
WbHt_8000_3000,WbHt,8000,3000,85,120,0.4,0.6,/eos/uscms/store/user/aji/rootfiles_existingOptimization/WbHt_8000_3000_pt120_ak4_ca6_th85.root,ok,,1000,1000,1.0,0.0,0.121,0.010313049985334114,0.063,0.772,0.672,0.672,0.32799999999999996,0.014846413708367418,2657.67087312037,1889.8502709423929,2967.60671662208,0.8858902910401234,0.629950090314131,0.9892022388740267,0.20276333999444668,0.048962401807961076,0.5421743108904342
WbHt_8000_3000,WbHt,8000,3000,85,180,0.4,0.4,/eos/uscms/store/user/aji/rootfiles_existingOptimization/WbHt_8000_3000_pt180_ak4_ca4_th85.root,ok,,1000,1000,1.0,0.0,0.129,0.010599952830083727,0.0685,0.7655,0.668,0.668,0.33199999999999996,0.014892145580808697,2615.848645223306,1873.0764008372096,2923.3726016658093,0.8719495484077686,0.6243588002790699,0.9744575338886031,0.20075630192643268,0.0522339412309232,0.5455613470856557
WbHt_8000_3000,WbHt,8000,3000,85,260,0.8,0.6,/eos/uscms/store/user/aji/rootfiles_existingOptimization/WbHt_8000_3000_pt260_ak8_ca6_th85.root,ok,,1000,1000,1.0,0.0,0.133,0.010738295954200556,0.0705,0.779,0.679,0.679,0.32099999999999995,0.0147634345597493,2783.333331417261,1841.6546330094682,3087.4273436838507,0.9277777771390869,0.6138848776698227,1.0291424478946167,0.2237915050656258,0.03486149926759913,0.552013727351717
WbHt_8000_3000,WbHt,8000,3000,85,100,0.8,0.8,/eos/uscms/store/user/aji/rootfiles_existingOptimization/WbHt_8000_3000_pt100_ak8_ca8_th85.root,ok,,1000,1000,1.0,0.0,0.088,0.008958571314668427,0.0445,0.769,0.678,0.678,0.32199999999999995,0.014775520295407536,2866.954773385077,2110.4942299734544,3413.3415045416627,0.955651591128359,0.703498076657818,1.1377805015138875,0.22721796776548167,0.04468734492175136,0.5536528086526458
WbHt_8000_3000,WbHt,8000,3000,85,160,1.0,0.8,/eos/uscms/store/user/aji/rootfiles_existingOptimization/WbHt_8000_3000_pt160_ak10_ca8_th85.root,ok,,1000,1000,1.0,0.0,0.108,0.009815090422405696,0.055,0.772,0.68,0.68,0.31999999999999995,0.014751271131668619,2902.8181477280887,1993.484949853255,3346.953571155222,0.9676060492426962,0.6644949832844184,1.1156511903850739,0.23313010881533663,0.03507353038915938,0.556369503891067
WbHt_8000_3000,WbHt,8000,3000,85,200,0.6,0.6,/eos/uscms/store/user/aji/rootfiles_existingOptimization/WbHt_8000_3000_pt200_ak6_ca6_th85.root,ok,,1000,1000,1.0,0.0,0.148,0.011229247525992114,0.0765,0.768,0.672,0.672,0.32799999999999996,0.014846413708367418,2716.9498133101943,1846.1775801098047,3037.1373948684372,0.9056499377700646,0.6153925267032682,1.0123791316228123,0.21917221454076613,0.05434921005840799,0.5566072207637596
WbHt_8000_3000,WbHt,8000,3000,85,100,0.6,0.8,/eos/uscms/store/user/aji/rootfiles_existingOptimization/WbHt_8000_3000_pt100_ak6_ca8_th85.root,ok,,1000,1000,1.0,0.0,0.117,0.010164201887015036,0.059,0.774,0.678,0.678,0.32199999999999995,0.014775520295407536,2769.5607498435747,1918.4179863659547,3176.3174307506883,0.9231869166145248,0.6394726621219848,1.0587724769168962,0.2270936726077918,0.052900081329669224,0.5567749809463393
WbHt_8000_3000,WbHt,8000,3000,85,280,0.6,0.4,/eos/uscms/store/user/aji/rootfiles_existingOptimization/WbHt_8000_3000_pt280_ak6_ca4_th85.root,ok,,1000,1000,1.0,0.0,0.126,0.010493998284733994,0.0695,0.7685,0.676,0.676,0.32399999999999995,0.014799459449588015,2682.6980604377723,1753.3921400383854,2949.7489049271735,0.8942326868125907,0.5844640466794618,0.9832496349757245,0.22297640993067297,0.028239621691064833,0.5575531412494139
WbHt_8000_3000,WbHt,8000,3000,85,180,1.0,0.8,/eos/uscms/store/user/aji/rootfiles_existingOptimization/WbHt_8000_3000_pt180_ak10_ca8_th85.root,ok,,1000,1000,1.0,0.0,0.11,0.009894442884771228,0.056,0.7715,0.677,0.677,0.32299999999999995,0.014787528529135624,2896.6863989521275,1953.226590421049,3297.612471044544,0.9655621329840425,0.6510755301403497,1.0992041570148479,0.23205582093902613,0.03542518327814485,0.5584996076406218
WbHt_8000_3000,WbHt,8000,3000,85,140,1.0,0.8,/eos/uscms/store/user/aji/rootfiles_existingOptimization/WbHt_8000_3000_pt140_ak10_ca8_th85.root,ok,,1000,1000,1.0,0.0,0.096,0.009315793041926168,0.049,0.7655,0.678,0.678,0.32199999999999995,0.014775520295407536,2910.8558366152006,2083.2950769586973,3446.816351632466,0.9702852788717335,0.6944316923195658,1.1489387838774887,0.23421312342614975,0.033203700505845646,0.5591845955389764
WbHt_8000_3000,WbHt,8000,3000,85,120,0.8,0.8,/eos/uscms/store/user/aji/rootfiles_existingOptimization/WbHt_8000_3000_pt120_ak8_ca8_th85.root,ok,,1000,1000,1.0,0.0,0.115,0.010088359628799918,0.058,0.7735,0.681,0.681,0.31899999999999995,0.01473902981881779,2841.907919294078,1972.842675153543,3309.6704416108255,0.9473026397646928,0.6576142250511811,1.1032234805369419,0.23519899384870754,0.04978256163196948,0.5594687298722382
WbHt_8000_3000,WbHt,8000,3000,85,300,0.6,0.4,/eos/uscms/store/user/aji/rootfiles_existingOptimization/WbHt_8000_3000_pt300_ak6_ca4_th85.root,ok,,1000,1000,1.0,0.0,0.13,0.010634848376916336,0.0715,0.765,0.671,0.671,0.32899999999999996,0.014857960829131297,2677.6282229961953,1736.7776865076046,2947.6789656269875,0.8925427409987318,0.5789258955025349,0.9825596552089958,0.22611452716247815,0.028957589139878052,0.5658602530626049
WbHt_8000_3000,WbHt,8000,3000,85,140,0.8,0.8,/eos/uscms/store/user/aji/rootfiles_existingOptimization/WbHt_8000_3000_pt140_ak8_ca8_th85.root,ok,,1000,1000,1.0,0.0,0.129,0.010599952830083727,0.0655,0.7695,0.675,0.675,0.32499999999999996,0.014811313243598623,2824.574828984464,1921.5179036410213,3266.5875027679162,0.9415249429948215,0.6405059678803404,1.0888625009226387,0.23810125073062685,0.0530617439893348,0.5689487564311446
WbHt_8000_3000,WbHt,8000,3000,85,200,1.0,0.8,/eos/uscms/store/user/aji/rootfiles_existingOptimization/WbHt_8000_3000_pt200_ak10_ca8_th85.root,ok,,1000,1000,1.0,0.0,0.12,0.010276186062932104,0.0615,0.768,0.672,0.672,0.32799999999999996,0.014846413708367418,2889.790752092002,1910.658082810994,3286.1601888705914,0.9632635840306674,0.6368860276036646,1.0953867296235305,0.23799337461783907,0.03813914339824384,0.5696670162147723
WbHt_8000_3000,WbHt,8000,3000,85,120,1.0,0.8,/eos/uscms/store/user/aji/rootfiles_existingOptimization/WbHt_8000_3000_pt120_ak10_ca8_th85.root,ok,,1000,1000,1.0,0.0,0.079,0.008529888627643388,0.04,0.7465,0.663,0.663,0.33699999999999997,0.014947608504372864,2949.657933748269,2227.794668637546,3594.01870972364,0.983219311249423,0.7425982228791819,1.1980062365745465,0.23159025076341122,0.0300131453984519,0.5702683196384689
WbHt_8000_3000,WbHt,8000,3000,85,120,0.6,0.8,/eos/uscms/store/user/aji/rootfiles_existingOptimization/WbHt_8000_3000_pt120_ak6_ca8_th85.root,ok,,1000,1000,1.0,0.0,0.133,0.010738295954200556,0.0675,0.7655,0.669,0.669,0.33099999999999996,0.014880826589944525,2753.899042078165,1876.3829326753992,3149.5529066544914,0.9179663473593884,0.6254609775584664,1.0498509688848303,0.23115770667800586,0.05506802444736841,0.570361071942067
WbHt_8000_3000,WbHt,8000,3000,85,280,0.8,0.6,/eos/uscms/store/user/aji/rootfiles_existingOptimization/WbHt_8000_3000_pt280_ak8_ca6_th85.root,ok,,1000,1000,1.0,0.0,0.143,0.011070275515993266,0.0755,0.7725,0.669,0.669,0.33099999999999996,0.014880826589944525,2781.3295205468485,1764.7133422861243,3082.6489431143136,0.9271098401822828,0.5882377807620415,1.0275496477047714,0.23692546875371048,0.03594561287967915,0.5752144847354822
WbHt_8000_3000,WbHt,8000,3000,85,220,1.0,0.8,/eos/uscms/store/user/aji/rootfiles_existingOptimization/WbHt_8000_3000_pt220_ak10_ca8_th85.root,ok,,1000,1000,1.0,0.0,0.125,0.010458250331675944,0.064,0.765,0.668,0.668,0.33199999999999996,0.014892145580808697,2883.2233310512593,1875.4572048785624,3282.4930286052804,0.961074443683753,0.6251524016261875,1.094164342868427,0.2440039605280413,0.03879894108988658,0.579896516159666
WbHt_8000_3000,WbHt,8000,3000,85,140,0.4,0.6,/eos/uscms/store/user/aji/rootfiles_existingOptimization/WbHt_8000_3000_pt140_ak4_ca6_th85.root,ok,,1000,1000,1.0,0.0,0.138,0.01090669519148674,0.072,0.7565,0.649,0.649,0.351,0.015093011627902497,2636.694047978499,1808.7461820474552,2953.9414923163577,0.8788980159928329,0.6029153940158184,0.9846471641054525,0.2171649970437224,0.05174066303954927,0.5802751954444391
WbHt_8000_3000,WbHt,8000,3000,85,200,0.4,0.4,/eos/uscms/store/user/aji/rootfiles_existingOptimization/WbHt_8000_3000_pt200_ak4_ca4_th85.root,ok,,1000,1000,1.0,0.0,0.148,0.011229247525992114,0.079,0.753,0.648,0.648,0.352,0.015102847413650183,2604.2895314697353,1794.3865601714683,2918.581616883898,0.8680965104899119,0.5981288533904895,0.9728605389612993,0.21583526776264156,0.05429063620413925,0.5810256167136503
WbHt_8000_3000,WbHt,8000,3000,85,160,0.8,0.8,/eos/uscms/store/user/aji/rootfiles_existingOptimization/WbHt_8000_3000_pt160_ak8_ca8_th85.root,ok,,1000,1000,1.0,0.0,0.143,0.011070275515993266,0.073,0.7625,0.666,0.666,0.33399999999999996,0.014914556647785411,2817.5829238304404,1882.5610235056831,3244.20787182286,0.9391943079434801,0.627520341168561,1.0814026239409533,0.24163385517435787,0.05366280437572986,0.5817144243800099
WbHt_8000_3000,WbHt,8000,3000,85,320,0.6,0.4,/eos/uscms/store/user/aji/rootfiles_existingOptimization/WbHt_8000_3000_pt320_ak6_ca4_th85.root,ok,,1000,1000,1.0,0.0,0.145,0.01113440613593738,0.081,0.755,0.658,0.658,0.34199999999999997,0.01500119995200384,2670.324162052529,1674.0647955070629,2941.231391244782,0.8901080540175097,0.5580215985023543,0.9804104637482607,0.23726830879658425,0.03000938134384082,0.5902575033948333
WbHt_8000_3000,WbHt,8000,3000,85,220,0.6,0.6,/eos/uscms/store/user/aji/rootfiles_existingOptimization/WbHt_8000_3000_pt220_ak6_ca6_th85.root,ok,,1000,1000,1.0,0.0,0.171,0.011906258858264422,0.089,0.7555,0.654,0.654,0.346,0.015042739112276061,2708.6584710367833,1753.5139964594862,3030.0378984970066,0.9028861570122613,0.5845046654864954,1.0100126328323356,0.23563766264502697,0.05511283016843531,0.5913490469438009
WbHt_8000_3000,WbHt,8000,3000,85,180,0.8,0.8,/eos/uscms/store/user/aji/rootfiles_existingOptimization/WbHt_8000_3000_pt180_ak8_ca8_th85.root,ok,,1000,1000,1.0,0.0,0.162,0.011651437679531225,0.0825,0.756,0.658,0.658,0.34199999999999997,0.01500119995200384,2810.009936682659,1832.1155687850746,3223.628967981368,0.9366699788942197,0.6107051895950248,1.0745429893271228,0.24759937340987428,0.05495380481201293,0.5959323755204523
WbHt_8000_3000,WbHt,8000,3000,85,140,0.6,0.8,/eos/uscms/store/user/aji/rootfiles_existingOptimization/WbHt_8000_3000_pt140_ak6_ca8_th85.root,ok,,1000,1000,1.0,0.0,0.15,0.011291589790636216,0.0765,0.755,0.654,0.654,0.346,0.015042739112276061,2734.5330488421514,1802.1239221152273,3122.4740424882925,0.9115110162807172,0.6007079740384091,1.0408246808294308,0.24142149624633794,0.05702080227765029,0.5962703946182661
WbHt_8000_3000,WbHt,8000,3000,85,240,1.0,0.8,/eos/uscms/store/user/aji/rootfiles_existingOptimization/WbHt_8000_3000_pt240_ak10_ca8_th85.root,ok,,1000,1000,1.0,0.0,0.135,0.010806248192596726,0.0695,0.7585,0.659,0.659,0.34099999999999997,0.014990630407024249,2877.6311776815683,1822.2722038050092,3274.3605243842912,0.9592103925605229,0.6074240679350031,1.0914535081280972,0.2523061905642111,0.04046381643185851,0.5973851513081587
WbHt_8000_3000,WbHt,8000,3000,85,160,0.4,0.6,/eos/uscms/store/user/aji/rootfiles_existingOptimization/WbHt_8000_3000_pt160_ak4_ca6_th85.root,ok,,1000,1000,1.0,0.0,0.151,0.01132249972400088,0.079,0.747,0.638,0.638,0.362,0.015197236590906913,2622.4931703082148,1755.4372288702232,2942.4825062489845,0.8741643901027383,0.585145742956741,0.9808275020829947,0.22631999404582828,0.05429063620413925,0.6009035550355545
WbHt_8000_3000,WbHt,8000,3000,85,300,0.8,0.6,/eos/uscms/store/user/aji/rootfiles_existingOptimization/WbHt_8000_3000_pt300_ak8_ca6_th85.root,ok,,1000,1000,1.0,0.0,0.155,0.011444430960078356,0.082,0.7635,0.656,0.656,0.344,0.015022117027902558,2772.8775310815417,1679.7216992771507,3066.152260467077,0.924292510360514,0.5599072330923835,1.0220507534890257,0.2499985206070675,0.0366140874069526,0.6015692695710161
WbHt_8000_3000,WbHt,8000,3000,85,200,0.8,0.8,/eos/uscms/store/user/aji/rootfiles_existingOptimization/WbHt_8000_3000_pt200_ak8_ca8_th85.root,ok,,1000,1000,1.0,0.0,0.171,0.011906258858264422,0.087,0.753,0.655,0.655,0.345,0.015032464867745409,2796.1854053745546,1810.335569162427,3209.355272108517,0.9320618017915183,0.603445189720809,1.069785090702839,0.2501657615866657,0.05702615816248047,0.6019595814075138
WbHt_8000_3000,WbHt,8000,3000,85,240,0.6,0.6,/eos/uscms/store/user/aji/rootfiles_existingOptimization/WbHt_8000_3000_pt240_ak6_ca6_th85.root,ok,,1000,1000,1.0,0.0,0.181,0.0121753439376471,0.0945,0.75,0.646,0.646,0.354,0.015122301412152848,2704.1111233332076,1707.4934876282682,3019.6961244500176,0.9013703744444026,0.5691644958760894,1.0065653748166725,0.24263104897927973,0.056531893476228286,0.6064940115348394
WbHt_8000_3000,WbHt,8000,3000,85,260,1.0,0.8,/eos/uscms/store/user/aji/rootfiles_existingOptimization/WbHt_8000_3000_pt260_ak10_ca8_th85.root,ok,,1000,1000,1.0,0.0,0.148,0.011229247525992114,0.076,0.751,0.649,0.649,0.351,0.015093011627902497,2871.0830937202636,1769.2012021369128,3255.5231887723794,0.9570276979067545,0.5897337340456376,1.0851743962574596,0.2588434291376664,0.04187208544499052,0.6141406593469909
WbHt_8000_3000,WbHt,8000,3000,85,220,0.4,0.4,/eos/uscms/store/user/aji/rootfiles_existingOptimization/WbHt_8000_3000_pt220_ak4_ca4_th85.root,ok,,1000,1000,1.0,0.0,0.17,0.011878552100319299,0.0915,0.7415,0.632,0.632,0.368,0.015250442616527561,2594.0030739125577,1702.8640381212235,2909.7526583183626,0.864667691304186,0.5676213460404079,0.9699175527727875,0.232630530074272,0.057452722735492706,0.6141637609438534
WbHt_8000_3000,WbHt,8000,3000,85,340,0.6,0.4,/eos/uscms/store/user/aji/rootfiles_existingOptimization/WbHt_8000_3000_pt340_ak6_ca4_th85.root,ok,,1000,1000,1.0,0.0,0.156,0.011474493452871897,0.088,0.747,0.646,0.646,0.354,0.015122301412152848,2663.74510574539,1590.3276038046502,2935.91629153966,0.8879150352484633,0.5301092012682167,0.9786387638465532,0.25257459597630616,0.031540064988463734,0.6177830924514598
WbHt_8000_3000,WbHt,8000,3000,85,180,0.4,0.6,/eos/uscms/store/user/aji/rootfiles_existingOptimization/WbHt_8000_3000_pt180_ak4_ca6_th85.root,ok,,1000,1000,1.0,0.0,0.167,0.01179453263168999,0.0875,0.7395,0.625,0.625,0.375,0.015309310892394862,2614.2125104647635,1721.0617661477138,2933.478012156396,0.8714041701549211,0.5736872553825713,0.9778260040521319,0.23188938182250812,0.055664973444167584,0.619748964807016
WbHt_8000_3000,WbHt,8000,3000,85,160,0.6,0.8,/eos/uscms/store/user/aji/rootfiles_existingOptimization/WbHt_8000_3000_pt160_ak6_ca8_th85.root,ok,,1000,1000,1.0,0.0,0.167,0.01179453263168999,0.0855,0.7445,0.641,0.641,0.359,0.01516967369457893,2717.189318855606,1733.3194877604558,3100.4551310157835,0.9057297729518687,0.5777731625868187,1.0334850436719276,0.2515716578466312,0.058743093530679844,0.6199986805514444
WbHt_8000_3000,WbHt,8000,3000,85,100,0.4,0.8,/eos/uscms/store/user/aji/rootfiles_existingOptimization/WbHt_8000_3000_pt100_ak4_ca8_th85.root,ok,,1000,1000,1.0,0.0,0.147,0.011197812286335219,0.075,0.743,0.632,0.632,0.368,0.015250442616527561,2659.1420125907293,1747.037661462884,3028.394604100249,0.8863806708635764,0.5823458871542946,1.0094648680334164,0.24093428191692826,0.05664820797844626,0.6202962148305706
WbHt_8000_3000,WbHt,8000,3000,85,320,0.8,0.6,/eos/uscms/store/user/aji/rootfiles_existingOptimization/WbHt_8000_3000_pt320_ak8_ca6_th85.root,ok,,1000,1000,1.0,0.0,0.167,0.01179453263168999,0.089,0.755,0.646,0.646,0.354,0.015122301412152848,2770.366503900369,1565.0926162963829,3055.8871478348765,0.9234555013001231,0.5216975387654609,1.0186290492782921,0.2690608858863295,0.03742724003418284,0.6307153357563171
WbHt_8000_3000,WbHt,8000,3000,85,180,0.6,0.8,/eos/uscms/store/user/aji/rootfiles_existingOptimization/WbHt_8000_3000_pt180_ak6_ca8_th85.root,ok,,1000,1000,1.0,0.0,0.179,0.01212266472356635,0.0915,0.7385,0.633,0.633,0.367,0.015241751867813621,2710.904967151745,1689.6450533527461,3096.670391353972,0.9036349890505816,0.5632150177842488,1.0322234637846572,0.25951211035618466,0.06201838158823951,0.6361486114511266
WbHt_8000_3000,WbHt,8000,3000,85,280,1.0,0.8,/eos/uscms/store/user/aji/rootfiles_existingOptimization/WbHt_8000_3000_pt280_ak10_ca8_th85.root,ok,,1000,1000,1.0,0.0,0.158,0.011534123287012324,0.081,0.747,0.642,0.642,0.358,0.01516034300403523,2856.1818289945836,1658.2306312351197,3246.889359194427,0.9520606096648612,0.5527435437450399,1.082296453064809,0.27810882203506937,0.04476443363282062,0.6409027610685832
WbHt_8000_3000,WbHt,8000,3000,85,260,0.6,0.6,/eos/uscms/store/user/aji/rootfiles_existingOptimization/WbHt_8000_3000_pt260_ak6_ca6_th85.root,ok,,1000,1000,1.0,0.0,0.197,0.012577400367325514,0.103,0.742,0.631,0.631,0.369,0.015259062880793171,2700.7596657431523,1596.9538775026388,3016.7188903095616,0.9002532219143841,0.5323179591675463,1.0055729634365205,0.26284549321723044,0.05802738219764283,0.641820171025792
WbHt_8000_3000,WbHt,8000,3000,85,220,0.8,0.8,/eos/uscms/store/user/aji/rootfiles_existingOptimization/WbHt_8000_3000_pt220_ak8_ca8_th85.root,ok,,1000,1000,1.0,0.0,0.187,0.012330085157856777,0.0955,0.7445,0.642,0.642,0.358,0.01516034300403523,2791.266555377885,1642.5289546725412,3205.530570910024,0.9304221851259616,0.5475096515575137,1.0685101903033412,0.2799807157840361,0.05971016423384113,0.6449384972714399
WbHt_8000_3000,WbHt,8000,3000,85,120,0.4,0.8,/eos/uscms/store/user/aji/rootfiles_existingOptimization/WbHt_8000_3000_pt120_ak4_ca8_th85.root,ok,,1000,1000,1.0,0.0,0.164,0.011709141727727102,0.0845,0.732,0.615,0.615,0.385,0.015387494922826133,2644.1697349595543,1683.9742796758412,3009.8136067697064,0.8813899116531847,0.5613247598919471,1.0032712022565686,0.2507099505686886,0.06076134248585138,0.6475709594033702
WbHt_8000_3000,WbHt,8000,3000,85,340,0.8,0.6,/eos/uscms/store/user/aji/rootfiles_existingOptimization/WbHt_8000_3000_pt340_ak8_ca6_th85.root,ok,,1000,1000,1.0,0.0,0.174,0.011988494484296182,0.0945,0.749,0.637,0.637,0.363,0.015206281596761254,2765.3205360681595,1513.9459096963249,3049.061210211235,0.9217735120227197,0.5046486365654416,1.0163537367370783,0.2775655263996262,0.03813916841694348,0.6483881751973541
WbHt_8000_3000,WbHt,8000,3000,85,360,0.6,0.4,/eos/uscms/store/user/aji/rootfiles_existingOptimization/WbHt_8000_3000_pt360_ak6_ca4_th85.root,ok,,1000,1000,1.0,0.0,0.169,0.011850696182081457,0.096,0.738,0.635,0.635,0.365,0.015224158433227107,2659.323399123923,1465.3543274106169,2934.59449364884,0.8864411330413078,0.4884514424702056,0.9781981645496134,0.27624322914660243,0.03248368703038306,0.6525991158424717
WbHt_8000_3000,WbHt,8000,3000,85,200,0.4,0.6,/eos/uscms/store/user/aji/rootfiles_existingOptimization/WbHt_8000_3000_pt200_ak4_ca6_th85.root,ok,,1000,1000,1.0,0.0,0.187,0.012330085157856777,0.0985,0.729,0.609,0.609,0.391,0.015431104950715617,2600.8302978413185,1632.015695794837,2932.054201541328,0.8669434326137727,0.5440052319316123,0.977351400513776,0.2499275917435904,0.05985310915040371,0.6542332484822131
WbHt_8000_3000,WbHt,8000,3000,85,240,0.4,0.4,/eos/uscms/store/user/aji/rootfiles_existingOptimization/WbHt_8000_3000_pt240_ak4_ca4_th85.root,ok,,1000,1000,1.0,0.0,0.189,0.012380589646701001,0.1015,0.728,0.613,0.613,0.387,0.015402305022301045,2585.08856307039,1572.8226074474833,2900.32248472797,0.8616961876901301,0.5242742024824945,0.9667741615759899,0.2567610054534792,0.060434445635622,0.6575913866844663
WbHt_8000_3000,WbHt,8000,3000,85,200,0.6,0.8,/eos/uscms/store/user/aji/rootfiles_existingOptimization/WbHt_8000_3000_pt200_ak6_ca8_th85.root,ok,,1000,1000,1.0,0.0,0.187,0.012330085157856777,0.096,0.733,0.624,0.624,0.376,0.015317441039547044,2703.1283041747674,1596.378830890453,3084.3240531248766,0.9010427680582558,0.5321262769634844,1.0281080177082922,0.27522652549204013,0.06285302609931298,0.6611222486862145
WbHt_8000_3000,WbHt,8000,3000,85,240,0.8,0.8,/eos/uscms/store/user/aji/rootfiles_existingOptimization/WbHt_8000_3000_pt240_ak8_ca8_th85.root,ok,,1000,1000,1.0,0.0,0.203,0.012719709116170857,0.104,0.7365,0.631,0.631,0.369,0.015259062880793171,2781.4471100265782,1556.5429530487604,3188.411691267902,0.9271490366755261,0.5188476510162535,1.0628038970893008,0.2933488708695145,0.06371172631607809,0.6696339672019619
WbHt_8000_3000,WbHt,8000,3000,85,300,1.0,0.8,/eos/uscms/store/user/aji/rootfiles_existingOptimization/WbHt_8000_3000_pt300_ak10_ca8_th85.root,ok,,1000,1000,1.0,0.0,0.167,0.01179453263168999,0.086,0.7395,0.629,0.629,0.371,0.015276092432294327,2849.6401398867592,1555.7819862518832,3240.8581581694925,0.9498800466289198,0.5185939954172943,1.0802860527231641,0.2956647311938433,0.045871848899305,0.6716767265309513
WbHt_8000_3000,WbHt,8000,3000,85,380,0.6,0.4,/eos/uscms/store/user/aji/rootfiles_existingOptimization/WbHt_8000_3000_pt380_ak6_ca4_th85.root,ok,,1000,1000,1.0,0.0,0.183,0.012227469075814503,0.1055,0.728,0.623,0.623,0.377,0.01532550162311172,2653.1063783825125,1387.2191427150194,2934.4908178341234,0.8843687927941708,0.46240638090500646,0.9781636059447077,0.2915962374758623,0.036440751416316614,0.6801593581964451
WbHt_8000_3000,WbHt,8000,3000,85,360,0.8,0.6,/eos/uscms/store/user/aji/rootfiles_existingOptimization/WbHt_8000_3000_pt360_ak8_ca6_th85.root,ok,,1000,1000,1.0,0.0,0.191,0.012430567163247218,0.1045,0.7385,0.624,0.624,0.376,0.015317441039547044,2760.5421746818074,1396.3174142336989,3041.8240895002614,0.9201807248939359,0.4654391380778996,1.0139413631667538,0.2980404882704302,0.04038035566142149,0.6820224157810366
WbHt_8000_3000,WbHt,8000,3000,85,140,0.4,0.8,/eos/uscms/store/user/aji/rootfiles_existingOptimization/WbHt_8000_3000_pt140_ak4_ca8_th85.root,ok,,1000,1000,1.0,0.0,0.183,0.012227469075814503,0.0945,0.7185,0.596,0.596,0.404,0.015517216245190372,2620.5102990437936,1575.5221898691996,2995.4058656909124,0.8735034330145979,0.5251740632897332,0.9984686218969708,0.2709174003895003,0.06310064241977337,0.6875670570880406
WbHt_8000_3000,WbHt,8000,3000,85,220,0.4,0.6,/eos/uscms/store/user/aji/rootfiles_existingOptimization/WbHt_8000_3000_pt220_ak4_ca6_th85.root,ok,,1000,1000,1.0,0.0,0.209,0.012857643641040918,0.111,0.717,0.594,0.594,0.406,0.015529455882290275,2587.6991344410826,1503.1195732032281,2915.2351558501214,0.8625663781470274,0.5010398577344094,0.9717450519500405,0.2728515776529593,0.06486522774671163,0.6925949398382566
WbHt_8000_3000,WbHt,8000,3000,85,260,0.4,0.4,/eos/uscms/store/user/aji/rootfiles_existingOptimization/WbHt_8000_3000_pt260_ak4_ca4_th85.root,ok,,1000,1000,1.0,0.0,0.21,0.01288021738946979,0.1135,0.719,0.599,0.599,0.401,0.015498354751392161,2569.758880800603,1444.2661272013108,2882.545955197819,0.8565862936002011,0.48142204240043696,0.9608486517326063,0.27984723367283676,0.06330001599715228,0.6951886043128166
WbHt_8000_3000,WbHt,8000,3000,85,280,0.6,0.6,/eos/uscms/store/user/aji/rootfiles_existingOptimization/WbHt_8000_3000_pt280_ak6_ca6_th85.root,ok,,1000,1000,1.0,0.0,0.222,0.013142145943490356,0.117,0.727,0.613,0.613,0.387,0.015402305022301045,2688.839021912463,1393.0301327171067,3007.2248207875195,0.8962796739708211,0.46434337757236893,1.00240827359584,0.300165736013884,0.060633124613621386,0.697537768616802
WbHt_8000_3000,WbHt,8000,3000,85,260,0.8,0.8,/eos/uscms/store/user/aji/rootfiles_existingOptimization/WbHt_8000_3000_pt260_ak8_ca8_th85.root,ok,,1000,1000,1.0,0.0,0.221,0.013120937466507492,0.1145,0.7275,0.617,0.617,0.383,0.015372410351015223,2773.220248101021,1476.6977703187754,3180.3444555321653,0.9244067493670071,0.4922325901062584,1.0601148185107216,0.30716036463024743,0.06460927515527605,0.6977196896935467
WbHt_8000_3000,WbHt,8000,3000,85,320,1.0,0.8,/eos/uscms/store/user/aji/rootfiles_existingOptimization/WbHt_8000_3000_pt320_ak10_ca8_th85.root,ok,,1000,1000,1.0,0.0,0.177,0.012069424178476784,0.0925,0.733,0.619,0.619,0.381,0.015357050498061143,2843.387451481527,1436.1034551571297,3226.144305983283,0.9477958171605091,0.4787011517190432,1.0753814353277609,0.3147725875158985,0.047059375211827965,0.7009930057998476
WbHt_8000_3000,WbHt,8000,3000,85,220,0.6,0.8,/eos/uscms/store/user/aji/rootfiles_existingOptimization/WbHt_8000_3000_pt220_ak6_ca8_th85.root,ok,,1000,1000,1.0,0.0,0.21,0.01288021738946979,0.1085,0.7205,0.608,0.608,0.392,0.015438134602341048,2694.517198433031,1457.3536048850492,3074.6598835995596,0.8981723994776769,0.4857845349616831,1.0248866278665199,0.3001105874653608,0.06443480919770689,0.7022933475175931
WbHt_8000_3000,WbHt,8000,3000,85,300,0.6,0.6,/eos/uscms/store/user/aji/rootfiles_existingOptimization/WbHt_8000_3000_pt300_ak6_ca6_th85.root,ok,,1000,1000,1.0,0.0,0.228,0.013267102170406317,0.12,0.7245,0.61,0.61,0.39,0.01542400726140908,2682.630443509526,1367.8846145716395,2999.382043673877,0.8942101478365085,0.4559615381905465,0.9997940145579589,0.30408538623900916,0.062164911640977705,0.7046643714553583
WbHt_8000_3000,WbHt,8000,3000,85,100,0.8,1.0,/eos/uscms/store/user/aji/rootfiles_existingOptimization/WbHt_8000_3000_pt100_ak8_ca10_th85.root,ok,,1000,1000,1.0,0.0,0.114,0.010050074626588601,0.0575,0.714,0.599,0.599,0.401,0.015498354751392161,2854.569542035879,1747.3750027237832,3473.624503811501,0.9515231806786263,0.582458334241261,1.1578748346038337,0.30236599173137624,0.06493368334810887,0.7082136736635136
WbHt_8000_3000,WbHt,8000,3000,85,160,0.4,0.8,/eos/uscms/store/user/aji/rootfiles_existingOptimization/WbHt_8000_3000_pt160_ak4_ca8_th85.root,ok,,1000,1000,1.0,0.0,0.199,0.012625331678811452,0.103,0.708,0.584,0.584,0.41600000000000004,0.015586660963785668,2603.6912358011296,1511.9572369897553,2977.336990066445,0.8678970786003766,0.5039857456632518,0.9924456633554818,0.28140428729173167,0.06672913266624125,0.710614579431694
WbHt_8000_3000,WbHt,8000,3000,85,380,0.8,0.6,/eos/uscms/store/user/aji/rootfiles_existingOptimization/WbHt_8000_3000_pt380_ak8_ca6_th85.root,ok,,1000,1000,1.0,0.0,0.204,0.01274299807737567,0.1135,0.7265,0.61,0.61,0.39,0.01542400726140908,2751.144931785913,1289.7174819774789,3035.9029071661234,0.9170483105953042,0.4299058273258263,1.011967635722041,0.31735613144435537,0.042238674869923554,0.7156513003848249
WbHt_8000_3000,WbHt,8000,3000,85,400,0.6,0.4,/eos/uscms/store/user/aji/rootfiles_existingOptimization/WbHt_8000_3000_pt400_ak6_ca4_th85.root,ok,,1000,1000,1.0,0.0,0.199,0.012625331678811452,0.1145,0.718,0.609,0.609,0.391,0.015431104950715617,2648.32849478747,1271.1378371317517,2930.7651949001697,0.8827761649291568,0.42371261237725055,0.9769217316333898,0.31333487538176485,0.03919804285859337,0.7160572588888492
WbHt_8000_3000,WbHt,8000,3000,85,100,1.0,0.8,/eos/uscms/store/user/aji/rootfiles_existingOptimization/WbHt_8000_3000_pt100_ak10_ca8_th85.root,ok,,1000,1000,1.0,0.0,0.058,0.007391616873188166,0.0295,0.6715,0.6,0.6,0.4,0.015491933384829668,3031.5181555690106,2436.4965740722732,4353.069000945214,1.010506051856337,0.8121655246907578,1.4510230003150713,0.31610769398694283,0.019407360473301098,0.7171582991725766
WbHt_8000_3000,WbHt,8000,3000,85,240,0.6,0.8,/eos/uscms/store/user/aji/rootfiles_existingOptimization/WbHt_8000_3000_pt240_ak6_ca8_th85.root,ok,,1000,1000,1.0,0.0,0.223,0.01316324428095141,0.1155,0.7135,0.599,0.599,0.401,0.015498354751392161,2689.419896829146,1412.9450921838845,3068.3194733965374,0.8964732989430487,0.47098169739462814,1.0227731577988457,0.30775677371249394,0.0657005962587971,0.7191094438181891
WbHt_8000_3000,WbHt,8000,3000,85,280,0.8,0.8,/eos/uscms/store/user/aji/rootfiles_existingOptimization/WbHt_8000_3000_pt280_ak8_ca8_th85.root,ok,,1000,1000,1.0,0.0,0.233,0.013368283360252356,0.1205,0.722,0.608,0.608,0.392,0.015438134602341048,2769.568955903921,1384.846028187213,3162.4604158150864,0.9231896519679736,0.461615342729071,1.054153471938362,0.32091896174646833,0.06581022524859131,0.720599996549671
WbHt_8000_3000,WbHt,8000,3000,85,340,1.0,0.8,/eos/uscms/store/user/aji/rootfiles_existingOptimization/WbHt_8000_3000_pt340_ak10_ca8_th85.root,ok,,1000,1000,1.0,0.0,0.192,0.012455360291858283,0.1005,0.7215,0.604,0.604,0.396,0.01546557467409472,2840.0132638934956,1375.202024980925,3219.80927036834,0.9466710879644985,0.4584006749936416,1.0732697567894467,0.324753280000278,0.05034263288004882,0.7260861712038281
WbHt_8000_3000,WbHt,8000,3000,85,280,0.4,0.4,/eos/uscms/store/user/aji/rootfiles_existingOptimization/WbHt_8000_3000_pt280_ak4_ca4_th85.root,ok,,1000,1000,1.0,0.0,0.227,0.013246546719805883,0.124,0.712,0.591,0.591,0.40900000000000003,0.015547314880711718,2562.90094470987,1301.7327643741148,2879.631500919091,0.8543003149032901,0.4339109214580383,0.9598771669730305,0.30783451459603733,0.06557836085282165,0.7314044831057084
WbHt_8000_3000,WbHt,8000,3000,85,120,0.8,1.0,/eos/uscms/store/user/aji/rootfiles_existingOptimization/WbHt_8000_3000_pt120_ak8_ca10_th85.root,ok,,1000,1000,1.0,0.0,0.143,0.011070275515993266,0.072,0.7135,0.599,0.599,0.401,0.015498354751392161,2823.46444818911,1570.887977041561,3405.929507758119,0.9411548160630367,0.5236293256805203,1.1353098359193732,0.32496274778552675,0.06970894562788042,0.731847266179223
WbHt_8000_3000,WbHt,8000,3000,85,320,0.6,0.6,/eos/uscms/store/user/aji/rootfiles_existingOptimization/WbHt_8000_3000_pt320_ak6_ca6_th85.root,ok,,1000,1000,1.0,0.0,0.247,0.013637851736985557,0.1315,0.7165,0.599,0.599,0.401,0.015498354751392161,2676.225391453372,1246.7692069042885,2991.083483472619,0.8920751304844574,0.4155897356347628,0.9970278278242062,0.3258907643091019,0.06291296021120496,0.7376832512606561
WbHt_8000_3000,WbHt,8000,3000,85,400,0.8,0.6,/eos/uscms/store/user/aji/rootfiles_existingOptimization/WbHt_8000_3000_pt400_ak8_ca6_th85.root,ok,,1000,1000,1.0,0.0,0.216,0.013013224043256921,0.121,0.7195,0.598,0.598,0.402,0.015504708962118573,2746.737475146889,1213.9841294931655,3029.6124480436993,0.9155791583822964,0.4046613764977218,1.0098708160145664,0.3305063434308439,0.043669089508342154,0.7409484275926143
WbHt_8000_3000,WbHt,8000,3000,85,180,0.4,0.8,/eos/uscms/store/user/aji/rootfiles_existingOptimization/WbHt_8000_3000_pt180_ak4_ca8_th85.root,ok,,1000,1000,1.0,0.0,0.215,0.012991343271578963,0.1115,0.7,0.572,0.572,0.42800000000000005,0.015646597074124458,2597.502436377613,1410.4513085152262,2967.60671662208,0.8658341454592042,0.47015043617174207,0.9892022388740267,0.2997408946184491,0.06966184958309282,0.7411574800725287
WbHt_8000_3000,WbHt,8000,3000,85,240,0.4,0.6,/eos/uscms/store/user/aji/rootfiles_existingOptimization/WbHt_8000_3000_pt240_ak4_ca6_th85.root,ok,,1000,1000,1.0,0.0,0.228,0.013267102170406317,0.121,0.7055,0.58,0.58,0.42000000000000004,0.015607690412101338,2577.6772206026826,1321.8545219034309,2910.262894863654,0.859225740200894,0.4406181739678103,0.9700876316212179,0.30810847073180864,0.06711424816719858,0.7421858967117192
WbHt_8000_3000,WbHt,8000,3000,85,140,0.8,1.0,/eos/uscms/store/user/aji/rootfiles_existingOptimization/WbHt_8000_3000_pt140_ak8_ca10_th85.root,ok,,1000,1000,1.0,0.0,0.159,0.011563693181678594,0.0805,0.7105,0.595,0.595,0.405,0.015523369479594306,2809.876338456863,1490.3345737993127,3359.8299723567566,0.9366254461522877,0.4967781912664376,1.1199433241189187,0.33266506660292017,0.07349310854930918,0.7440025219876913
WbHt_8000_3000,WbHt,8000,3000,85,140,1.0,1.0,/eos/uscms/store/user/aji/rootfiles_existingOptimization/WbHt_8000_3000_pt140_ak10_ca10_th85.root,ok,,1000,1000,1.0,0.0,0.14,0.010972693379476163,0.071,0.7,0.585,0.585,0.41500000000000004,0.015581238718407468,2905.142832328769,1685.463093348834,3578.9525427456088,0.9683809441095897,0.561821031116278,1.1929841809152029,0.3258857754472177,0.06679165298002465,0.7440476810362587
WbHt_8000_3000,WbHt,8000,3000,85,160,1.0,1.0,/eos/uscms/store/user/aji/rootfiles_existingOptimization/WbHt_8000_3000_pt160_ak10_ca10_th85.root,ok,,1000,1000,1.0,0.0,0.157,0.01150439046625244,0.0795,0.71,0.592,0.592,0.40800000000000003,0.015541428505771277,2897.2321107127227,1569.3537482299494,3497.900034950004,0.9657440369042408,0.5231179160766498,1.1659666783166678,0.33282564410167836,0.06928630837218286,0.7442512404112542
WbHt_8000_3000,WbHt,8000,3000,85,360,1.0,0.8,/eos/uscms/store/user/aji/rootfiles_existingOptimization/WbHt_8000_3000_pt360_ak10_ca8_th85.root,ok,,1000,1000,1.0,0.0,0.201,0.012672766075328622,0.1055,0.7155,0.597,0.597,0.403,0.01551099609954177,2837.158936110547,1299.0871697865464,3212.0049044584302,0.9457196453701823,0.4330290565955155,1.0706683014861433,0.3371185361392367,0.05155338226098187,0.7455465716022185
WbHt_8000_3000,WbHt,8000,3000,85,260,0.6,0.8,/eos/uscms/store/user/aji/rootfiles_existingOptimization/WbHt_8000_3000_pt260_ak6_ca8_th85.root,ok,,1000,1000,1.0,0.0,0.236,0.013427732496590778,0.1225,0.7075,0.586,0.586,0.41400000000000003,0.015575750383207868,2682.9272450279177,1330.193468393291,3060.9332852030047,0.8943090816759726,0.4433978227977636,1.0203110950676682,0.32254691587652506,0.06826368893168394,0.7471160077089278
WbHt_8000_3000,WbHt,8000,3000,85,120,1.0,1.0,/eos/uscms/store/user/aji/rootfiles_existingOptimization/WbHt_8000_3000_pt120_ak10_ca10_th85.root,ok,,1000,1000,1.0,0.0,0.113,0.01001154333756789,0.057,0.682,0.569,0.569,0.43100000000000005,0.015660108556456435,2941.6050314384047,1879.3765445818872,3740.684560650668,0.9805350104794681,0.6264588481939624,1.2468948535502227,0.3163762633283618,0.06153318455020486,0.7493227622804151
WbHt_8000_3000,WbHt,8000,3000,85,180,1.2,1.0,/eos/uscms/store/user/aji/rootfiles_existingOptimization/WbHt_8000_3000_pt180_ak12_ca10_th85.root,ok,,1000,1000,1.0,0.0,0.102,0.009570579919733181,0.052,0.691,0.575,0.575,0.42500000000000004,0.015632498200863484,2991.2176388359967,1665.910976488293,3615.9182241945146,0.9970725462786656,0.555303658829431,1.205306074731505,0.32595542737990946,0.05582753142739201,0.7512481727520429
WbHt_8000_3000,WbHt,8000,3000,85,200,1.2,1.0,/eos/uscms/store/user/aji/rootfiles_existingOptimization/WbHt_8000_3000_pt200_ak12_ca10_th85.root,ok,,1000,1000,1.0,0.0,0.109,0.00985489725973843,0.0555,0.693,0.574,0.574,0.42600000000000005,0.015637263187655313,2977.1535917995925,1602.095229734486,3553.293482360765,0.9923845305998642,0.5340317432448286,1.1844311607869218,0.32769526201146437,0.05652327402086407,0.754456808951478
WbHt_8000_3000,WbHt,8000,3000,85,100,0.6,1.0,/eos/uscms/store/user/aji/rootfiles_existingOptimization/WbHt_8000_3000_pt100_ak6_ca10_th85.root,ok,,1000,1000,1.0,0.0,0.159,0.011563693181678594,0.08,0.7045,0.583,0.583,0.41700000000000004,0.015592017188292218,2750.0032903127703,1441.822892600416,3263.414428971946,0.9166677634375902,0.4806076308668053,1.0878048096573154,0.3311980648874701,0.07334761406260698,0.7565312885437112
WbHt_8000_3000,WbHt,8000,3000,85,180,1.0,1.0,/eos/uscms/store/user/aji/rootfiles_existingOptimization/WbHt_8000_3000_pt180_ak10_ca10_th85.root,ok,,1000,1000,1.0,0.0,0.163,0.011680368144883106,0.0825,0.7095,0.59,0.59,0.41000000000000003,0.01555313473226539,2893.3449431333856,1490.8760461904187,3479.1313009583228,0.9644483143777952,0.4969586820634729,1.1597104336527744,0.34359111924876434,0.06960256673868596,0.7571462878109849
WbHt_8000_3000,WbHt,8000,3000,85,300,0.8,0.8,/eos/uscms/store/user/aji/rootfiles_existingOptimization/WbHt_8000_3000_pt300_ak8_ca8_th85.root,ok,,1000,1000,1.0,0.0,0.248,0.01365635383255721,0.1285,0.7125,0.596,0.596,0.404,0.015517216245190372,2761.187165545738,1224.5866655606374,3149.3667784508534,0.9203957218485793,0.4081955551868791,1.0497889261502844,0.3485421301583137,0.06785782329380538,0.7605025579734558
WbHt_8000_3000,WbHt,8000,3000,85,380,1.0,0.8,/eos/uscms/store/user/aji/rootfiles_existingOptimization/WbHt_8000_3000_pt380_ak10_ca8_th85.root,ok,,1000,1000,1.0,0.0,0.21,0.01288021738946979,0.111,0.709,0.59,0.59,0.41000000000000003,0.01555313473226539,2832.7544771390067,1241.037050793473,3198.9038881780784,0.944251492379669,0.41367901693115766,1.0663012960593596,0.3455765145170629,0.05222882804749221,0.761151365279096
WbHt_8000_3000,WbHt,8000,3000,85,160,0.8,1.0,/eos/uscms/store/user/aji/rootfiles_existingOptimization/WbHt_8000_3000_pt160_ak8_ca10_th85.root,ok,,1000,1000,1.0,0.0,0.172,0.011933817494833746,0.0875,0.703,0.585,0.585,0.41500000000000004,0.015581238718407468,2798.5232774208944,1440.9885889599025,3348.1649863704015,0.9328410924736315,0.4803295296533009,1.1160549954568006,0.3407469240649204,0.07435173054676711,0.7624628148175573
WbHt_8000_3000,WbHt,8000,3000,85,160,1.2,1.0,/eos/uscms/store/user/aji/rootfiles_existingOptimization/WbHt_8000_3000_pt160_ak12_ca10_th85.root,ok,,1000,1000,1.0,0.0,0.094,0.009228434320078352,0.048,0.671,0.559,0.559,0.44099999999999995,0.015700923539715746,3002.9519533141547,1811.4836112561948,3750.692789741616,1.0009839844380517,0.6038278704187315,1.2502309299138719,0.3228838170962487,0.05111138782750295,0.7639822155400537
WbHt_8000_3000,WbHt,8000,3000,85,220,1.2,1.0,/eos/uscms/store/user/aji/rootfiles_existingOptimization/WbHt_8000_3000_pt220_ak12_ca10_th85.root,ok,,1000,1000,1.0,0.0,0.114,0.010050074626588601,0.058,0.694,0.573,0.573,0.42700000000000005,0.015641962792437528,2969.9659910093033,1512.0546505349566,3520.445582068932,0.9899886636697678,0.5040182168449855,1.173481860689644,0.33811682315787234,0.05872203927464503,0.7661179567908956
WbHt_8000_3000,WbHt,8000,3000,85,340,0.6,0.6,/eos/uscms/store/user/aji/rootfiles_existingOptimization/WbHt_8000_3000_pt340_ak6_ca6_th85.root,ok,,1000,1000,1.0,0.0,0.263,0.013922320208930694,0.1415,0.709,0.589,0.589,0.41100000000000003,0.015558888135082147,2669.310669454376,1139.2249165769426,2989.565771828146,0.8897702231514586,0.37974163885898093,0.9965219239427153,0.3465952607961936,0.0644625162292686,0.7686182384810478
WbHt_8000_3000,WbHt,8000,3000,85,240,1.2,1.0,/eos/uscms/store/user/aji/rootfiles_existingOptimization/WbHt_8000_3000_pt240_ak12_ca10_th85.root,ok,,1000,1000,1.0,0.0,0.119,0.010239091756596383,0.061,0.694,0.572,0.572,0.42800000000000005,0.015646597074124458,2968.0678517232323,1493.268057747448,3509.9956927586823,0.9893559505744107,0.4977560192491493,1.169998564252894,0.33973745476208395,0.060611841214422826,0.7688018597046429
WbHt_8000_3000,WbHt,8000,3000,85,120,0.6,1.0,/eos/uscms/store/user/aji/rootfiles_existingOptimization/WbHt_8000_3000_pt120_ak6_ca10_th85.root,ok,,1000,1000,1.0,0.0,0.181,0.0121753439376471,0.0915,0.6985,0.576,0.576,0.42400000000000004,0.015627667772255716,2734.5330488421514,1386.582331925459,3238.5960640068442,0.9115110162807172,0.46219411064181964,1.0795320213356148,0.33863436627060695,0.0760212435382235,0.7714832646425352
WbHt_8000_3000,WbHt,8000,3000,85,200,1.0,1.0,/eos/uscms/store/user/aji/rootfiles_existingOptimization/WbHt_8000_3000_pt200_ak10_ca10_th85.root,ok,,1000,1000,1.0,0.0,0.18,0.012149074038789953,0.0915,0.708,0.59,0.59,0.41000000000000003,0.01555313473226539,2881.4547825958184,1378.2285687733545,3439.7759285281595,0.9604849275319395,0.4594095229244515,1.1465919761760532,0.35772682816449014,0.07097447643559349,0.7716783354112962
WbHt_8000_3000,WbHt,8000,3000,85,200,0.4,0.8,/eos/uscms/store/user/aji/rootfiles_existingOptimization/WbHt_8000_3000_pt200_ak4_ca8_th85.root,ok,,1000,1000,1.0,0.0,0.235,0.013408019988051927,0.1225,0.6905,0.56,0.56,0.43999999999999995,0.015697133496278867,2587.7015669395264,1311.3748008379225,2965.270710202069,0.8625671889798421,0.4371249336126408,0.9884235700673563,0.31956851796480695,0.0735745653014032,0.7733117990668227
WbHt_8000_3000,WbHt,8000,3000,85,260,1.2,1.0,/eos/uscms/store/user/aji/rootfiles_existingOptimization/WbHt_8000_3000_pt260_ak12_ca10_th85.root,ok,,1000,1000,1.0,0.0,0.127,0.010529529904036551,0.065,0.6935,0.569,0.569,0.43100000000000005,0.015660108556456435,2963.1518022945756,1455.9992248155413,3489.3225789794574,0.9877172674315253,0.4853330749385138,1.1631075263264858,0.3431014490363557,0.061028169230090204,0.7753297222932032
WbHt_8000_3000,WbHt,8000,3000,85,300,0.4,0.4,/eos/uscms/store/user/aji/rootfiles_existingOptimization/WbHt_8000_3000_pt300_ak4_ca4_th85.root,ok,,1000,1000,1.0,0.0,0.249,0.013674757767507255,0.1375,0.702,0.578,0.578,0.42200000000000004,0.015617810345883958,2553.05595234752,1144.1859373664045,2875.273759140475,0.8510186507825066,0.38139531245546815,0.9584245863801584,0.33902269556261505,0.06779545399052479,0.7759208304843644
WbHt_8000_3000,WbHt,8000,3000,85,320,0.8,0.8,/eos/uscms/store/user/aji/rootfiles_existingOptimization/WbHt_8000_3000_pt320_ak8_ca8_th85.root,ok,,1000,1000,1.0,0.0,0.262,0.013905250806799567,0.1365,0.7045,0.589,0.589,0.41100000000000003,0.015558888135082147,2756.95819370143,1159.1537729033757,3141.3652439956722,0.9189860645671433,0.38638459096779193,1.0471217479985573,0.3594924789974823,0.06923355269153673,0.778593872540768
WbHt_8000_3000,WbHt,8000,3000,85,260,0.4,0.6,/eos/uscms/store/user/aji/rootfiles_existingOptimization/WbHt_8000_3000_pt260_ak4_ca6_th85.root,ok,,1000,1000,1.0,0.0,0.251,0.013711272734505722,0.134,0.698,0.569,0.569,0.43100000000000005,0.015660108556456435,2565.760648946781,1175.4081021624133,2892.5129763228006,0.8552535496489271,0.3918027007208044,0.9641709921076003,0.33461906800722846,0.06980222416387499,0.7800937130423358
WbHt_8000_3000,WbHt,8000,3000,85,280,1.2,1.0,/eos/uscms/store/user/aji/rootfiles_existingOptimization/WbHt_8000_3000_pt280_ak12_ca10_th85.root,ok,,1000,1000,1.0,0.0,0.13,0.010634848376916336,0.0665,0.692,0.567,0.567,0.43300000000000005,0.015668790636165896,2957.4237209969274,1424.2396861344146,3482.022394726437,0.9858079069989758,0.47474656204480487,1.160674131575479,0.3479012313964868,0.06411400526306321,0.7823204406965893
WbHt_8000_3000,WbHt,8000,3000,85,180,0.8,1.0,/eos/uscms/store/user/aji/rootfiles_existingOptimization/WbHt_8000_3000_pt180_ak8_ca10_th85.root,ok,,1000,1000,1.0,0.0,0.19,0.012405643876881199,0.0965,0.698,0.579,0.579,0.42100000000000004,0.015612783224012303,2785.6152526942833,1331.7963537359008,3313.5209189759153,0.9285384175647612,0.44393211791196696,1.1045069729919719,0.3557067982240664,0.07758946427041158,0.7838529564675903
WbHt_8000_3000,WbHt,8000,3000,85,400,1.0,0.8,/eos/uscms/store/user/aji/rootfiles_existingOptimization/WbHt_8000_3000_pt400_ak10_ca8_th85.root,ok,,1000,1000,1.0,0.0,0.223,0.01316324428095141,0.12,0.699,0.578,0.578,0.42200000000000004,0.015617810345883958,2825.2866847962905,1169.2694052723934,3194.382457367905,0.9417622282654301,0.38975646842413114,1.064794152455968,0.3583907188946962,0.054546304763526704,0.7862144960681532
WbHt_8000_3000,WbHt,8000,3000,85,220,1.0,1.0,/eos/uscms/store/user/aji/rootfiles_existingOptimization/WbHt_8000_3000_pt220_ak10_ca10_th85.root,ok,,1000,1000,1.0,0.0,0.186,0.012304633273690036,0.0945,0.7035,0.584,0.584,0.41600000000000004,0.015586660963785668,2865.685550803432,1316.3690664525423,3431.1906805696713,0.9552285169344773,0.4387896888175141,1.143730226856557,0.36899052192314175,0.07238453010824517,0.7894676702296941
WbHt_8000_3000,WbHt,8000,3000,85,200,0.8,1.0,/eos/uscms/store/user/aji/rootfiles_existingOptimization/WbHt_8000_3000_pt200_ak8_ca10_th85.root,ok,,1000,1000,1.0,0.0,0.199,0.012625331678811452,0.101,0.6925,0.572,0.572,0.42800000000000005,0.015646597074124458,2770.093550311782,1300.606388378035,3277.998170092538,0.923364516770594,0.43353546279267835,1.0926660566975128,0.3569178704257014,0.07954818146042067,0.792581418748642
WbHt_8000_3000,WbHt,8000,3000,85,340,0.8,0.8,/eos/uscms/store/user/aji/rootfiles_existingOptimization/WbHt_8000_3000_pt340_ak8_ca8_th85.root,ok,,1000,1000,1.0,0.0,0.271,0.014055568291606,0.142,0.698,0.58,0.58,0.42000000000000004,0.015607690412101338,2751.537347505769,1107.513696119294,3126.1694610106465,0.9171791158352564,0.36917123203976465,1.042056487003549,0.36682325368420615,0.07074256775903996,0.7951053421006806
WbHt_8000_3000,WbHt,8000,3000,85,280,0.6,0.8,/eos/uscms/store/user/aji/rootfiles_existingOptimization/WbHt_8000_3000_pt280_ak6_ca8_th85.root,ok,,1000,1000,1.0,0.0,0.259,0.013853483316480371,0.1355,0.6945,0.57,0.57,0.43000000000000005,0.015655669899432602,2669.1392569708623,1139.2249165769426,3032.993765994183,0.8897130856569541,0.37974163885898093,1.010997921998061,0.35475272496018617,0.0696605652573793,0.7957814163944907
WbHt_8000_3000,WbHt,8000,3000,85,360,0.6,0.6,/eos/uscms/store/user/aji/rootfiles_existingOptimization/WbHt_8000_3000_pt360_ak6_ca6_th85.root,ok,,1000,1000,1.0,0.0,0.278,0.01416742743055351,0.1505,0.6995,0.578,0.578,0.42200000000000004,0.015617810345883958,2663.17075514078,1035.6663927286288,2985.5408346555732,0.8877235850469267,0.3452221309095429,0.9951802782185245,0.36608137840261595,0.065570082232254,0.7993090198979234
WbHt_8000_3000,WbHt,8000,3000,85,140,0.6,1.0,/eos/uscms/store/user/aji/rootfiles_existingOptimization/WbHt_8000_3000_pt140_ak6_ca10_th85.root,ok,,1000,1000,1.0,0.0,0.195,0.012528966437819204,0.099,0.6905,0.563,0.563,0.43700000000000006,0.01568537535413163,2712.7437871461425,1304.0447901960713,3221.6290465456977,0.9042479290487142,0.4346815967320238,1.0738763488485659,0.35343998674621624,0.08077051142412389,0.8000151938413449
WbHt_8000_3000,WbHt,8000,3000,85,100,0.4,1.0,/eos/uscms/store/user/aji/rootfiles_existingOptimization/WbHt_8000_3000_pt100_ak4_ca10_th85.root,ok,,1000,1000,1.0,0.0,0.189,0.012380589646701001,0.096,0.6805,0.55,0.55,0.44999999999999996,0.015732132722552274,2638.20289715305,1336.0458937515275,3124.9889597747806,0.8794009657176833,0.44534863125050916,1.0416629865915936,0.3390457701251382,0.08194827071328811,0.8011056735533698
WbHt_8000_3000,WbHt,8000,3000,85,300,0.6,0.8,/eos/uscms/store/user/aji/rootfiles_existingOptimization/WbHt_8000_3000_pt300_ak6_ca8_th85.root,ok,,1000,1000,1.0,0.0,0.264,0.013939296969359681,0.138,0.692,0.568,0.568,0.43200000000000005,0.01566448211719749,2663.128860765245,1112.8759471429642,3020.04748697275,0.8877096202550816,0.37095864904765474,1.0066824956575833,0.35806970663855964,0.07187755366945933,0.8012987446130515
WbHt_8000_3000,WbHt,8000,3000,85,300,1.2,1.0,/eos/uscms/store/user/aji/rootfiles_existingOptimization/WbHt_8000_3000_pt300_ak12_ca10_th85.root,ok,,1000,1000,1.0,0.0,0.142,0.011037934589405754,0.0725,0.685,0.558,0.558,0.44199999999999995,0.01570464899321217,2952.1170587342303,1355.874594083908,3474.567252474557,0.9840390195780768,0.4519581980279694,1.1581890841581857,0.35884292801368006,0.0675218197231855,0.8024390260558723
WbHt_8000_3000,WbHt,8000,3000,85,240,1.0,1.0,/eos/uscms/store/user/aji/rootfiles_existingOptimization/WbHt_8000_3000_pt240_ak10_ca10_th85.root,ok,,1000,1000,1.0,0.0,0.196,0.012553246592017541,0.1,0.6965,0.573,0.573,0.42700000000000005,0.015641962792437528,2861.8679418883526,1251.3814771001894,3403.1531463176434,0.9539559806294509,0.4171271590333965,1.1343843821058812,0.3759383229607803,0.07544803517832942,0.8075427248978353
WbHt_8000_3000,WbHt,8000,3000,85,280,0.4,0.6,/eos/uscms/store/user/aji/rootfiles_existingOptimization/WbHt_8000_3000_pt280_ak4_ca6_th85.root,ok,,1000,1000,1.0,0.0,0.265,0.013956181426163821,0.143,0.69,0.559,0.559,0.44099999999999995,0.015700923539715746,2557.0157731314266,1045.7208201599415,2889.6462395854187,0.8523385910438089,0.34857360671998056,0.9632154131951396,0.3605619955107532,0.0735745653014032,0.8163281364063723
WbHt_8000_3000,WbHt,8000,3000,85,320,0.4,0.4,/eos/uscms/store/user/aji/rootfiles_existingOptimization/WbHt_8000_3000_pt320_ak4_ca4_th85.root,ok,,1000,1000,1.0,0.0,0.273,0.014087973594523805,0.1515,0.69,0.565,0.565,0.43500000000000005,0.015677212762477903,2544.116719341705,1002.7978107035558,2871.8873423661294,0.848038906447235,0.3342659369011853,0.9572957807887098,0.36733564884283376,0.07013377883524419,0.8175317581981103
WbHt_8000_3000,WbHt,8000,3000,85,220,0.4,0.8,/eos/uscms/store/user/aji/rootfiles_existingOptimization/WbHt_8000_3000_pt220_ak4_ca8_th85.root,ok,,1000,1000,1.0,0.0,0.258,0.013836039895866157,0.1355,0.679,0.546,0.546,0.45399999999999996,0.015744332313566048,2570.8672867079204,1143.1629306208035,2950.4244136138454,0.8569557622359734,0.3810543102069345,0.9834748045379486,0.35148867705794723,0.08166875067554225,0.8197931008343499
WbHt_8000_3000,WbHt,8000,3000,85,320,1.2,1.0,/eos/uscms/store/user/aji/rootfiles_existingOptimization/WbHt_8000_3000_pt320_ak12_ca10_th85.root,ok,,1000,1000,1.0,0.0,0.15,0.011291589790636216,0.077,0.6805,0.551,0.551,0.44899999999999995,0.015728922404284407,2947.787216645013,1287.9672212932453,3466.008413545183,0.9825957388816711,0.4293224070977484,1.1553361378483944,0.3694366370736298,0.07004617330350067,0.8201770631854626
WbHt_8000_3000,WbHt,8000,3000,85,220,0.8,1.0,/eos/uscms/store/user/aji/rootfiles_existingOptimization/WbHt_8000_3000_pt220_ak8_ca10_th85.root,ok,,1000,1000,1.0,0.0,0.213,0.012947239087929134,0.1085,0.6825,0.558,0.558,0.44199999999999995,0.01570464899321217,2766.8492497080797,1223.358957799605,3276.23489135557,0.9222830832360266,0.40778631926653497,1.0920782971185234,0.3709771925182691,0.08266063916886854,0.8207488841946664
WbHt_8000_3000,WbHt,8000,3000,85,160,0.6,1.0,/eos/uscms/store/user/aji/rootfiles_existingOptimization/WbHt_8000_3000_pt160_ak6_ca10_th85.root,ok,,1000,1000,1.0,0.0,0.213,0.012947239087929134,0.1085,0.6825,0.553,0.553,0.44699999999999995,0.01572230899073034,2702.063823891459,1235.339822028297,3214.934619737545,0.9006879412971531,0.411779940676099,1.0716448732458483,0.36631162820911356,0.08304999967422001,0.8232428340793982
WbHt_8000_3000,WbHt,8000,3000,85,140,1.2,1.0,/eos/uscms/store/user/aji/rootfiles_existingOptimization/WbHt_8000_3000_pt140_ak12_ca10_th85.root,ok,,1000,1000,1.0,0.0,0.084,0.008771772910877254,0.0425,0.6305,0.524,0.524,0.476,0.01579316307773715,3059.220007805514,2058.304701499249,4173.678414013898,1.019740002601838,0.6861015671664162,1.3912261380046325,0.34573742769682014,0.04684952576035298,0.8237114279570039
WbHt_8000_3000,WbHt,8000,3000,85,260,1.0,1.0,/eos/uscms/store/user/aji/rootfiles_existingOptimization/WbHt_8000_3000_pt260_ak10_ca10_th85.root,ok,,1000,1000,1.0,0.0,0.213,0.012947239087929134,0.109,0.69,0.563,0.563,0.43700000000000006,0.01568537535413163,2854.49798453445,1184.570766474498,3379.999713497886,0.9514993281781501,0.394856922158166,1.126666571165962,0.384556051347405,0.0779180355038484,0.8264061185295901
WbHt_8000_3000,WbHt,8000,3000,85,320,0.6,0.8,/eos/uscms/store/user/aji/rootfiles_existingOptimization/WbHt_8000_3000_pt320_ak6_ca8_th85.root,ok,,1000,1000,1.0,0.0,0.282,0.014229406171727617,0.149,0.683,0.557,0.557,0.44299999999999995,0.015708309902723462,2657.431582716483,1022.372104543393,3015.7503775982123,0.8858105275721609,0.34079070151446433,1.0052501258660707,0.3750573083460432,0.07540214667126713,0.8294762555888271
WbHt_8000_3000,WbHt,8000,3000,85,380,0.6,0.6,/eos/uscms/store/user/aji/rootfiles_existingOptimization/WbHt_8000_3000_pt380_ak6_ca6_th85.root,ok,,1000,1000,1.0,0.0,0.292,0.014378317008607092,0.16,0.691,0.569,0.569,0.43100000000000005,0.015660108556456435,2658.8167887465474,905.7593690276581,2983.30197675284,0.8862722629155158,0.301919789675886,0.9944339922509466,0.39068931272707264,0.06717943676113178,0.8330620864355212
WbHt_8000_3000,WbHt,8000,3000,85,120,0.4,1.0,/eos/uscms/store/user/aji/rootfiles_existingOptimization/WbHt_8000_3000_pt120_ak4_ca10_th85.root,ok,,1000,1000,1.0,0.0,0.208,0.0128349522788361,0.1065,0.671,0.534,0.534,0.46599999999999997,0.01577479001445027,2621.530689900409,1224.9272550813002,3102.7654324458017,0.8738435633001364,0.40830908502710006,1.0342551441486005,0.35815681742711925,0.08774319058088452,0.8367724610971056
WbHt_8000_3000,WbHt,8000,3000,85,240,0.8,1.0,/eos/uscms/store/user/aji/rootfiles_existingOptimization/WbHt_8000_3000_pt240_ak8_ca10_th85.root,ok,,1000,1000,1.0,0.0,0.227,0.013246546719805883,0.116,0.6755,0.549,0.549,0.45099999999999996,0.01573527883451704,2760.1009937492017,1177.187545865277,3265.917661596455,0.9200336645830671,0.39239584862175897,1.0886392205321518,0.3783792912762113,0.08579008491685058,0.8373759248179045
WbHt_8000_3000,WbHt,8000,3000,85,340,1.2,1.0,/eos/uscms/store/user/aji/rootfiles_existingOptimization/WbHt_8000_3000_pt340_ak12_ca10_th85.root,ok,,1000,1000,1.0,0.0,0.162,0.011651437679531225,0.0835,0.672,0.537,0.537,0.46299999999999997,0.015768037290671277,2941.6328048477626,1244.560471060875,3456.3518447773504,0.9805442682825876,0.41485349035362507,1.15211728159245,0.3759462041066919,0.07563036206731116,0.8408917772784331
WbHt_8000_3000,WbHt,8000,3000,85,360,0.8,0.8,/eos/uscms/store/user/aji/rootfiles_existingOptimization/WbHt_8000_3000_pt360_ak8_ca8_th85.root,ok,,1000,1000,1.0,0.0,0.293,0.014392741226048637,0.155,0.686,0.565,0.565,0.43500000000000005,0.015677212762477903,2747.8408671405487,932.3938011603093,3121.0804247884626,0.9159469557135163,0.31079793372010306,1.0403601415961543,0.3982557086549447,0.07289557862940568,0.8416610130835931
WbHt_8000_3000,WbHt,8000,3000,85,180,0.6,1.0,/eos/uscms/store/user/aji/rootfiles_existingOptimization/WbHt_8000_3000_pt180_ak6_ca10_th85.root,ok,,1000,1000,1.0,0.0,0.226,0.013225883713385657,0.115,0.6765,0.545,0.545,0.45499999999999996,0.015747221977225064,2688.525258086791,1184.0990211842425,3215.914577840608,0.8961750860289304,0.3946996737280808,1.0719715259468694,0.3778680431855505,0.08771432969663077,0.8432505345826574
WbHt_8000_3000,WbHt,8000,3000,85,280,1.0,1.0,/eos/uscms/store/user/aji/rootfiles_existingOptimization/WbHt_8000_3000_pt280_ak10_ca10_th85.root,ok,,1000,1000,1.0,0.0,0.227,0.013246546719805883,0.116,0.684,0.554,0.554,0.44599999999999995,0.01571890581433708,2844.5267051519722,1139.428569845348,3370.644536044752,0.9481755683839908,0.3798095232817827,1.123548178681584,0.3921945893772508,0.08148702134192892,0.8433770325388517
WbHt_8000_3000,WbHt,8000,3000,85,360,1.2,1.0,/eos/uscms/store/user/aji/rootfiles_existingOptimization/WbHt_8000_3000_pt360_ak12_ca10_th85.root,ok,,1000,1000,1.0,0.0,0.168,0.011822690049223147,0.0865,0.6685,0.532,0.532,0.46799999999999997,0.01577897335063343,2935.3812230197705,1226.4022379721155,3442.9297632860726,0.9784604076732568,0.40880074599070515,1.1476432544286908,0.37755360495113244,0.08016794618896247,0.8477075641838068
WbHt_8000_3000,WbHt,8000,3000,85,300,0.4,0.6,/eos/uscms/store/user/aji/rootfiles_existingOptimization/WbHt_8000_3000_pt300_ak4_ca6_th85.root,ok,,1000,1000,1.0,0.0,0.289,0.0143345387090063,0.1575,0.682,0.549,0.549,0.45099999999999996,0.01573527883451704,2546.2634532799193,935.0964226269228,2883.6973748061914,0.8487544844266399,0.3116988075423076,0.9612324582687305,0.38263930420656517,0.07561717731945461,0.8487638557639011
WbHt_8000_3000,WbHt,8000,3000,85,340,0.4,0.4,/eos/uscms/store/user/aji/rootfiles_existingOptimization/WbHt_8000_3000_pt340_ak4_ca4_th85.root,ok,,1000,1000,1.0,0.0,0.291,0.014363808687113596,0.1615,0.6855,0.558,0.558,0.44199999999999995,0.01570464899321217,2538.4937416663197,865.3559383557358,2863.4738767661615,0.8461645805554399,0.288451979451912,0.9544912922553871,0.3935636920457444,0.0735745653014032,0.8509472339902003
WbHt_8000_3000,WbHt,8000,3000,85,140,0.4,1.0,/eos/uscms/store/user/aji/rootfiles_existingOptimization/WbHt_8000_3000_pt140_ak4_ca10_th85.root,ok,,1000,1000,1.0,0.0,0.225,0.013205112646244258,0.1155,0.6605,0.519,0.519,0.481,0.01579996835439869,2599.066762199872,1188.5493375395783,3064.0387682896917,0.8663555873999573,0.39618311251319277,1.0213462560965638,0.36080054926382177,0.08988957812507453,0.855164990523826
WbHt_8000_3000,WbHt,8000,3000,85,260,0.8,1.0,/eos/uscms/store/user/aji/rootfiles_existingOptimization/WbHt_8000_3000_pt260_ak8_ca10_th85.root,ok,,1000,1000,1.0,0.0,0.244,0.013581752464244074,0.126,0.668,0.538,0.538,0.46199999999999997,0.015765658882520576,2756.1364270788845,1126.6033912273226,3252.3444889960824,0.9187121423596282,0.37553446374244087,1.0841148296653607,0.3856378582865988,0.09265288077309825,0.855766644050636
WbHt_8000_3000,WbHt,8000,3000,85,240,0.4,0.8,/eos/uscms/store/user/aji/rootfiles_existingOptimization/WbHt_8000_3000_pt240_ak4_ca8_th85.root,ok,,1000,1000,1.0,0.0,0.279,0.014183053267896867,0.1465,0.6675,0.531,0.531,0.469,0.01578096955196353,2561.208696269975,1022.3085083583031,2945.5737694930167,0.8537362320899917,0.340769502786101,0.981857923164339,0.3754604737863938,0.08563546543051509,0.8590868505773945
WbHt_8000_3000,WbHt,8000,3000,85,380,1.2,1.0,/eos/uscms/store/user/aji/rootfiles_existingOptimization/WbHt_8000_3000_pt380_ak12_ca10_th85.root,ok,,1000,1000,1.0,0.0,0.175,0.012015614840697915,0.091,0.662,0.525,0.525,0.475,0.015791611697353755,2931.8314025476084,1193.0232811785215,3440.6940766353323,0.9772771341825361,0.3976744270595072,1.1468980255451109,0.38332197300017024,0.08313265723728508,0.8605942595819166
WbHt_8000_3000,WbHt,8000,3000,85,340,0.6,0.8,/eos/uscms/store/user/aji/rootfiles_existingOptimization/WbHt_8000_3000_pt340_ak6_ca8_th85.root,ok,,1000,1000,1.0,0.0,0.299,0.014477534320456644,0.1595,0.6755,0.547,0.547,0.45299999999999996,0.015741378592740853,2652.229162872568,910.7114122993422,3014.537458707172,0.8840763876241893,0.3035704707664474,1.0048458195690573,0.39661468093677554,0.0812342808900352,0.8612070421743565
WbHt_8000_3000,WbHt,8000,3000,85,100,1.0,1.0,/eos/uscms/store/user/aji/rootfiles_existingOptimization/WbHt_8000_3000_pt100_ak10_ca10_th85.root,ok,,1000,1000,1.0,0.0,0.085,0.008819013550278738,0.043,0.619,0.511,0.511,0.489,0.015807561481771943,3043.2296547493706,2172.3267932661583,4434.543533261312,1.014409884916457,0.7241089310887193,1.4781811777537708,0.37168025365168544,0.04836242934302949,0.8621212421433311
WbHt_8000_3000,WbHt,8000,3000,85,300,1.0,1.0,/eos/uscms/store/user/aji/rootfiles_existingOptimization/WbHt_8000_3000_pt300_ak10_ca10_th85.root,ok,,1000,1000,1.0,0.0,0.239,0.01348625225924534,0.1225,0.676,0.541,0.541,0.45899999999999996,0.015758140753274162,2835.739429719035,1094.8335995747989,3356.2460178432857,0.9452464765730118,0.36494453319159964,1.1187486726144287,0.39873417045453774,0.08786675381923834,0.8632095227972365
WbHt_8000_3000,WbHt,8000,3000,85,200,0.6,1.0,/eos/uscms/store/user/aji/rootfiles_existingOptimization/WbHt_8000_3000_pt200_ak6_ca10_th85.root,ok,,1000,1000,1.0,0.0,0.234,0.013388203763014663,0.1195,0.6695,0.535,0.535,0.46499999999999997,0.015772602828956293,2675.377632925759,1128.5625854219356,3203.176563487417,0.8917925443085862,0.3761875284739786,1.0677255211624723,0.3877235782592512,0.09005802535823149,0.8635443238283925
WbHt_8000_3000,WbHt,8000,3000,85,280,0.8,1.0,/eos/uscms/store/user/aji/rootfiles_existingOptimization/WbHt_8000_3000_pt280_ak8_ca10_th85.root,ok,,1000,1000,1.0,0.0,0.256,0.013800869537822608,0.132,0.6635,0.53,0.53,0.47,0.015782902141241326,2749.308288178977,1103.1907085979751,3243.7477543246687,0.916436096059659,0.3677302361993251,1.0812492514415561,0.389290108884898,0.09558244346997746,0.8676464992789321
WbHt_8000_3000,WbHt,8000,3000,85,380,0.8,0.8,/eos/uscms/store/user/aji/rootfiles_existingOptimization/WbHt_8000_3000_pt380_ak8_ca8_th85.root,ok,,1000,1000,1.0,0.0,0.308,0.014599178059055242,0.165,0.674,0.551,0.551,0.44899999999999995,0.015728922404284407,2735.7485251180005,846.352541527874,3102.5820170353845,0.9119161750393334,0.2821175138426247,1.0341940056784615,0.412360539499915,0.07727870057091318,0.8701689219959816
WbHt_8000_3000,WbHt,8000,3000,85,160,0.4,1.0,/eos/uscms/store/user/aji/rootfiles_existingOptimization/WbHt_8000_3000_pt160_ak4_ca10_th85.root,ok,,1000,1000,1.0,0.0,0.239,0.01348625225924534,0.123,0.652,0.509,0.509,0.491,0.015808826648426505,2580.134805592996,1130.118552882125,3043.624186274978,0.8600449351976653,0.3767061842940417,1.0145413954249927,0.3708150499045474,0.092074162065542,0.8758105563847809
WbHt_8000_3000,WbHt,8000,3000,85,400,1.2,1.0,/eos/uscms/store/user/aji/rootfiles_existingOptimization/WbHt_8000_3000_pt400_ak12_ca10_th85.root,ok,,1000,1000,1.0,0.0,0.183,0.012227469075814503,0.096,0.653,0.513,0.513,0.487,0.015806043148112688,2918.306769412668,1171.153605665078,3431.0428531736575,0.972768923137556,0.3903845352216927,1.1436809510578858,0.38719185919638593,0.09288341243537762,0.8769149668826304
WbHt_8000_3000,WbHt,8000,3000,85,320,1.0,1.0,/eos/uscms/store/user/aji/rootfiles_existingOptimization/WbHt_8000_3000_pt320_ak10_ca10_th85.root,ok,,1000,1000,1.0,0.0,0.251,0.013711272734505722,0.13,0.668,0.532,0.532,0.46799999999999997,0.01577897335063343,2833.3606154636964,1055.9762323713665,3354.6030941609565,0.9444535384878989,0.3519920774571222,1.1182010313869855,0.40563612856837244,0.09023446284406707,0.8791907747195825
WbHt_8000_3000,WbHt,8000,3000,85,100,0.8,1.2,/eos/uscms/store/user/aji/rootfiles_existingOptimization/WbHt_8000_3000_pt100_ak8_ca12_th85.root,ok,,1000,1000,1.0,0.0,0.134,0.010772372069326236,0.0675,0.647,0.503,0.503,0.497,0.01581110369329099,2822.4304968343167,1430.1539052846595,3565.8013017453436,0.9408101656114389,0.4767179684282198,1.1886004339151144,0.3783348073329104,0.10190377735247896,0.8812537907717666
WbHt_8000_3000,WbHt,8000,3000,85,400,0.6,0.6,/eos/uscms/store/user/aji/rootfiles_existingOptimization/WbHt_8000_3000_pt400_ak6_ca6_th85.root,ok,,1000,1000,1.0,0.0,0.312,0.014651143300097777,0.171,0.681,0.555,0.555,0.44499999999999995,0.01571543826942157,2653.3960542283367,722.5417523360671,2985.5408346555732,0.8844653514094456,0.24084725077868901,0.9951802782185245,0.4264344704050662,0.07396360271491029,0.8829879352641217
WbHt_8000_3000,WbHt,8000,3000,85,140,1.0,1.2,/eos/uscms/store/user/aji/rootfiles_existingOptimization/WbHt_8000_3000_pt140_ak10_ca12_th85.root,ok,,1000,1000,1.0,0.0,0.155,0.011444430960078356,0.0785,0.6405,0.5,0.5,0.5,0.015811388300841896,2894.9850265168825,1437.630063226467,3642.3289489678777,0.9649950088389609,0.479210021075489,1.2141096496559591,0.3807789790875025,0.10091853972692223,0.8842794782036065
WbHt_8000_3000,WbHt,8000,3000,85,160,1.0,1.2,/eos/uscms/store/user/aji/rootfiles_existingOptimization/WbHt_8000_3000_pt160_ak10_ca12_th85.root,ok,,1000,1000,1.0,0.0,0.169,0.011850696182081457,0.0855,0.6495,0.507,0.507,0.493,0.015809838708854686,2883.7772966527664,1334.477475707753,3574.0767317352947,0.9612590988842555,0.4448258252359176,1.1913589105784317,0.3883100228694967,0.10266614535345325,0.8851841129810711
WbHt_8000_3000,WbHt,8000,3000,85,360,0.4,0.4,/eos/uscms/store/user/aji/rootfiles_existingOptimization/WbHt_8000_3000_pt360_ak4_ca4_th85.root,ok,,1000,1000,1.0,0.0,0.307,0.01458598642533305,0.1715,0.677,0.545,0.545,0.45499999999999996,0.015747221977225064,2535.9338884422186,755.3313198877307,2860.954283929586,0.8453112961474061,0.2517771066292436,0.9536514279765287,0.4151573062764866,0.07877850644892104,0.8856261766617459
WbHt_8000_3000,WbHt,8000,3000,85,300,0.8,1.0,/eos/uscms/store/user/aji/rootfiles_existingOptimization/WbHt_8000_3000_pt300_ak8_ca10_th85.root,ok,,1000,1000,1.0,0.0,0.27,0.014039230748157109,0.1395,0.6575,0.522,0.522,0.478,0.015796075461962062,2742.6144860953323,1030.502388680669,3223.628967981368,0.9142048286984441,0.3435007962268896,1.0745429893271228,0.3998240712319469,0.09755096768650101,0.8864035883621024
WbHt_8000_3000,WbHt,8000,3000,85,220,0.6,1.0,/eos/uscms/store/user/aji/rootfiles_existingOptimization/WbHt_8000_3000_pt220_ak6_ca10_th85.root,ok,,1000,1000,1.0,0.0,0.257,0.013818502089589886,0.132,0.6575,0.521,0.521,0.479,0.015797436500901024,2664.3064202231244,1060.5396344653432,3174.2927733934866,0.8881021400743749,0.3535132114884477,1.058097591131162,0.39667981184219886,0.09586175858276383,0.8868695978347614
WbHt_8000_3000,WbHt,8000,3000,85,260,0.4,0.8,/eos/uscms/store/user/aji/rootfiles_existingOptimization/WbHt_8000_3000_pt260_ak4_ca8_th85.root,ok,,1000,1000,1.0,0.0,0.301,0.014505137021069467,0.159,0.6615,0.521,0.521,0.479,0.015797436500901024,2546.2634532799193,910.5329756120902,2925.676463767019,0.8487544844266399,0.30351099187069674,0.9752254879223398,0.3957060070824881,0.08735739701992642,0.8898305586398241
WbHt_8000_3000,WbHt,8000,3000,85,180,1.0,1.2,/eos/uscms/store/user/aji/rootfiles_existingOptimization/WbHt_8000_3000_pt180_ak10_ca12_th85.root,ok,,1000,1000,1.0,0.0,0.177,0.012069424178476784,0.0895,0.6505,0.507,0.507,0.493,0.015809838708854686,2876.866478691782,1273.4084947726885,3535.5832766179346,0.9589554928972607,0.4244694982575628,1.1785277588726448,0.39316645360509417,0.11297911489732329,0.890270904315368
WbHt_8000_3000,WbHt,8000,3000,85,120,0.8,1.2,/eos/uscms/store/user/aji/rootfiles_existingOptimization/WbHt_8000_3000_pt120_ak8_ca12_th85.root,ok,,1000,1000,1.0,0.0,0.163,0.011680368144883106,0.082,0.6405,0.496,0.496,0.504,0.01581088232832058,2793.899947585711,1349.6699329799778,3478.056579441837,0.9312999825285704,0.4498899776599926,1.159352193147279,0.3808988665290357,0.11197248132420708,0.8917688682761786
WbHt_8000_3000,WbHt,8000,3000,85,400,0.8,0.8,/eos/uscms/store/user/aji/rootfiles_existingOptimization/WbHt_8000_3000_pt400_ak8_ca8_th85.root,ok,,1000,1000,1.0,0.0,0.323,0.014787528529135625,0.174,0.666,0.539,0.539,0.46099999999999997,0.015763216676808068,2730.3308231767705,791.4674813021468,3100.9973944837907,0.9101102743922569,0.26382249376738226,1.0336657981612636,0.4229395744971446,0.0802637530611644,0.8929285470579189
WbHt_8000_3000,WbHt,8000,3000,85,320,0.4,0.6,/eos/uscms/store/user/aji/rootfiles_existingOptimization/WbHt_8000_3000_pt320_ak4_ca6_th85.root,ok,,1000,1000,1.0,0.0,0.313,0.014663935351739656,0.1715,0.6715,0.537,0.537,0.46299999999999997,0.015768037290671277,2542.062665805867,769.5779083609756,2881.8878166502395,0.847354221935289,0.2565259694536585,0.9606292722167464,0.4154716436975864,0.07916382942123353,0.8937362215040574
WbHt_8000_3000,WbHt,8000,3000,85,360,0.6,0.8,/eos/uscms/store/user/aji/rootfiles_existingOptimization/WbHt_8000_3000_pt360_ak6_ca8_th85.root,ok,,1000,1000,1.0,0.0,0.316,0.014701836619960105,0.1695,0.6665,0.537,0.537,0.46299999999999997,0.015768037290671277,2644.0206580372233,789.098308180819,3007.1078298627112,0.881340219345741,0.26303276939360637,1.0023692766209038,0.41943876552924175,0.08261469879055627,0.8943047435946676
WbHt_8000_3000,WbHt,8000,3000,85,200,1.0,1.2,/eos/uscms/store/user/aji/rootfiles_existingOptimization/WbHt_8000_3000_pt200_ak10_ca12_th85.root,ok,,1000,1000,1.0,0.0,0.194,0.012504559168559283,0.0985,0.6485,0.505,0.505,0.495,0.01581059771166163,2862.3115829650314,1221.7156460016824,3510.8942321372783,0.9541038609883437,0.4072385486672275,1.1702980773790927,0.3998828429021459,0.11297911489732329,0.8994724568033114
WbHt_8000_3000,WbHt,8000,3000,85,240,0.6,1.0,/eos/uscms/store/user/aji/rootfiles_existingOptimization/WbHt_8000_3000_pt240_ak6_ca10_th85.root,ok,,1000,1000,1.0,0.0,0.268,0.014006284303840188,0.138,0.65,0.51,0.51,0.49,0.0158082257068907,2660.092553592276,1037.2469934968503,3160.9275342108676,0.8866975178640919,0.3457489978322834,1.0536425114036225,0.3991741824633376,0.10171847410967598,0.9005044306769284
WbHt_8000_3000,WbHt,8000,3000,85,120,1.0,1.2,/eos/uscms/store/user/aji/rootfiles_existingOptimization/WbHt_8000_3000_pt120_ak10_ca12_th85.root,ok,,1000,1000,1.0,0.0,0.128,0.010564847372300274,0.0645,0.625,0.488,0.488,0.512,0.01580683396509244,2935.016720760197,1571.183699548679,3843.6503698138295,0.9783389069200658,0.5237278998495597,1.2812167899379432,0.38713010631104,0.09141708107151952,0.9012962156190334
WbHt_8000_3000,WbHt,8000,3000,85,320,0.8,1.0,/eos/uscms/store/user/aji/rootfiles_existingOptimization/WbHt_8000_3000_pt320_ak8_ca10_th85.root,ok,,1000,1000,1.0,0.0,0.282,0.014229406171727617,0.1465,0.651,0.516,0.516,0.484,0.015803290796539814,2735.1720794393914,966.2953884998735,3212.026398054652,0.9117240264797972,0.3220984628332912,1.0706754660182172,0.4105282856673261,0.1012291829580097,0.9033558830193463
WbHt_8000_3000,WbHt,8000,3000,85,340,1.0,1.0,/eos/uscms/store/user/aji/rootfiles_existingOptimization/WbHt_8000_3000_pt340_ak10_ca10_th85.root,ok,,1000,1000,1.0,0.0,0.267,0.013989674763910703,0.1385,0.6575,0.517,0.517,0.483,0.01580224667571039,2824.9526580687825,997.7179439716164,3350.345775926221,0.9416508860229276,0.33257264799053876,1.1167819253087403,0.4164012846790373,0.09762754338947148,0.9052361960767445
WbHt_8000_3000,WbHt,8000,3000,85,140,0.8,1.2,/eos/uscms/store/user/aji/rootfiles_existingOptimization/WbHt_8000_3000_pt140_ak8_ca12_th85.root,ok,,1000,1000,1.0,0.0,0.176,0.012042591083317577,0.089,0.6375,0.491,0.491,0.509,0.015808826648426505,2771.094085187451,1270.314241884045,3437.7016404013166,0.9236980283958172,0.423438080628015,1.1459005468004388,0.3910706984116452,0.11873701030530724,0.9077008955720635
WbHt_8000_3000,WbHt,8000,3000,85,180,0.4,1.0,/eos/uscms/store/user/aji/rootfiles_existingOptimization/WbHt_8000_3000_pt180_ak4_ca10_th85.root,ok,,1000,1000,1.0,0.0,0.256,0.013800869537822608,0.132,0.6425,0.495,0.495,0.505,0.01581059771166163,2569.758880800603,1042.3608196442178,3039.392900445227,0.8565862936002011,0.3474536065480726,1.0131309668150756,0.3885640975348702,0.09579448982279778,0.9079054681748501
WbHt_8000_3000,WbHt,8000,3000,85,220,1.4,1.2,/eos/uscms/store/user/aji/rootfiles_existingOptimization/WbHt_8000_3000_pt220_ak14_ca12_th85.root,ok,,1000,1000,1.0,0.0,0.084,0.008771772910877254,0.043,0.614,0.474,0.474,0.526,0.01578999683343857,3059.386991590918,1450.947429776175,3785.808987987216,1.0197956638636394,0.48364914325872504,1.2619363293290717,0.38158977021028706,0.10308420297232854,0.9095693365966511
WbHt_8000_3000,WbHt,8000,3000,85,220,1.0,1.2,/eos/uscms/store/user/aji/rootfiles_existingOptimization/WbHt_8000_3000_pt220_ak10_ca12_th85.root,ok,,1000,1000,1.0,0.0,0.2,0.01264911064067352,0.1015,0.645,0.499,0.499,0.501,0.015811356678033673,2850.304837121652,1192.357056127203,3497.900034950004,0.9501016123738839,0.3974523520424009,1.1659666783166678,0.4044379655109148,0.12162205046983299,0.9104278042735264
WbHt_8000_3000,WbHt,8000,3000,85,100,0.6,1.2,/eos/uscms/store/user/aji/rootfiles_existingOptimization/WbHt_8000_3000_pt100_ak6_ca12_th85.root,ok,,1000,1000,1.0,0.0,0.179,0.01212266472356635,0.09,0.6385,0.486,0.486,0.514,0.015805189021330938,2717.189318855606,1255.2468086428344,3368.306193041102,0.9057297729518687,0.4184156028809448,1.1227687310137007,0.38883182885619116,0.11986976110957843,0.9122588515610043
WbHt_8000_3000,WbHt,8000,3000,85,380,0.6,0.8,/eos/uscms/store/user/aji/rootfiles_existingOptimization/WbHt_8000_3000_pt380_ak6_ca8_th85.root,ok,,1000,1000,1.0,0.0,0.33,0.014869431730903503,0.179,0.656,0.527,0.527,0.473,0.01578831846651188,2634.1561286171664,739.5997930293092,3003.8676592875827,0.8780520428723888,0.24653326434310308,1.0012892197625276,0.429789988843017,0.08498372919005294,0.9149847845557781
WbHt_8000_3000,WbHt,8000,3000,85,240,1.4,1.2,/eos/uscms/store/user/aji/rootfiles_existingOptimization/WbHt_8000_3000_pt240_ak14_ca12_th85.root,ok,,1000,1000,1.0,0.0,0.093,0.009184280047995052,0.0475,0.6125,0.469,0.469,0.531,0.01578096955196353,3045.5685561144805,1423.7821247260524,3755.6069055339,1.0151895187048268,0.4745940415753508,1.2518689685112998,0.3828225728372334,0.11216625915444936,0.9153415247077161
WbHt_8000_3000,WbHt,8000,3000,85,260,1.4,1.2,/eos/uscms/store/user/aji/rootfiles_existingOptimization/WbHt_8000_3000_pt260_ak14_ca12_th85.root,ok,,1000,1000,1.0,0.0,0.094,0.009228434320078352,0.048,0.615,0.47,0.47,0.53,0.015782902141241326,3037.9715969494796,1406.3760098273037,3740.643496408537,1.0126571989831599,0.4687920032757679,1.2468811654695122,0.38418191416357256,0.11804412064950799,0.9154476340618887
WbHt_8000_3000,WbHt,8000,3000,85,280,0.4,0.8,/eos/uscms/store/user/aji/rootfiles_existingOptimization/WbHt_8000_3000_pt280_ak4_ca8_th85.root,ok,,1000,1000,1.0,0.0,0.314,0.01467664811869522,0.1675,0.6545,0.511,0.511,0.489,0.015807561481771943,2539.323861911503,824.2232638507166,2915.8445217315325,0.8464412873038344,0.2747410879502389,0.9719481739105108,0.4118460999114791,0.08951093523878692,0.9162019711810956
WbHt_8000_3000,WbHt,8000,3000,85,340,0.4,0.6,/eos/uscms/store/user/aji/rootfiles_existingOptimization/WbHt_8000_3000_pt340_ak4_ca6_th85.root,ok,,1000,1000,1.0,0.0,0.331,0.014880826589944525,0.1815,0.665,0.53,0.53,0.47,0.015782902141241326,2535.109884112889,687.7111544217358,2877.846489362961,0.8450366280376298,0.22923705147391193,0.9592821631209871,0.43196063189734657,0.08191288316529491,0.9174569690935835
WbHt_8000_3000,WbHt,8000,3000,85,340,0.8,1.0,/eos/uscms/store/user/aji/rootfiles_existingOptimization/WbHt_8000_3000_pt340_ak8_ca10_th85.root,ok,,1000,1000,1.0,0.0,0.291,0.014363808687113596,0.152,0.6435,0.506,0.506,0.494,0.015810249839898167,2727.755714695733,940.6154379473447,3206.6654198919164,0.9092519048985777,0.3135384793157816,1.0688884732973054,0.4153689367666374,0.1031585036101593,0.9184437462767796
WbHt_8000_3000,WbHt,8000,3000,85,260,0.6,1.0,/eos/uscms/store/user/aji/rootfiles_existingOptimization/WbHt_8000_3000_pt260_ak6_ca10_th85.root,ok,,1000,1000,1.0,0.0,0.278,0.01416742743055351,0.1435,0.644,0.498,0.498,0.502,0.01581126180922952,2651.1360567608126,1005.3743850826879,3151.8776898191063,0.8837120189202707,0.33512479502756265,1.0506258966063688,0.4048270738996022,0.11248889882262483,0.9184558720075751
WbHt_8000_3000,WbHt,8000,3000,85,360,1.0,1.0,/eos/uscms/store/user/aji/rootfiles_existingOptimization/WbHt_8000_3000_pt360_ak10_ca10_th85.root,ok,,1000,1000,1.0,0.0,0.281,0.014214042352547005,0.146,0.6485,0.506,0.506,0.494,0.015810249839898167,2820.1977004676864,968.481961825584,3335.5887745444843,0.9400659001558955,0.32282732060852803,1.1118629248481613,0.4196703678480327,0.10689919165379644,0.9196637778324431
WbHt_8000_3000,WbHt,8000,3000,85,280,1.4,1.2,/eos/uscms/store/user/aji/rootfiles_existingOptimization/WbHt_8000_3000_pt280_ak14_ca12_th85.root,ok,,1000,1000,1.0,0.0,0.1,0.009486832980505138,0.051,0.613,0.467,0.467,0.5329999999999999,0.015776913513105152,3035.3373560785267,1383.7655154324468,3732.7666406252947,1.0117791186928422,0.4612551718108156,1.2442555468750982,0.38694234769139735,0.11988120095306712,0.9211202595606814
WbHt_8000_3000,WbHt,8000,3000,85,120,0.6,1.2,/eos/uscms/store/user/aji/rootfiles_existingOptimization/WbHt_8000_3000_pt120_ak6_ca12_th85.root,ok,,1000,1000,1.0,0.0,0.197,0.012577400367325514,0.0995,0.6335,0.481,0.481,0.519,0.01579996835439869,2694.087558864198,1207.9819891209502,3328.62713053936,0.898029186288066,0.4026606630403167,1.1095423768464534,0.39357390862093106,0.12429795564708859,0.9227709899921244
WbHt_8000_3000,WbHt,8000,3000,85,300,1.4,1.2,/eos/uscms/store/user/aji/rootfiles_existingOptimization/WbHt_8000_3000_pt300_ak14_ca12_th85.root,ok,,1000,1000,1.0,0.0,0.104,0.009653186002558949,0.053,0.6125,0.466,0.466,0.534,0.01577479001445027,3023.6072555278897,1371.4839065784934,3718.695084805884,1.0078690851759633,0.45716130219283113,1.239565028268628,0.38814749732064524,0.12338968647922818,0.9229344058382416
WbHt_8000_3000,WbHt,8000,3000,85,160,0.8,1.2,/eos/uscms/store/user/aji/rootfiles_existingOptimization/WbHt_8000_3000_pt160_ak8_ca12_th85.root,ok,,1000,1000,1.0,0.0,0.186,0.012304633273690036,0.0945,0.6325,0.482,0.482,0.518,0.01580113919943749,2766.413082254471,1226.5310956842147,3425.084918382575,0.9221376940848236,0.4088436985614049,1.1416949727941916,0.39736542543145126,0.12291750823180159,0.9231516560229689
WbHt_8000_3000,WbHt,8000,3000,85,200,0.4,1.0,/eos/uscms/store/user/aji/rootfiles_existingOptimization/WbHt_8000_3000_pt200_ak4_ca10_th85.root,ok,,1000,1000,1.0,0.0,0.274,0.014104041973845655,0.142,0.635,0.486,0.486,0.514,0.015805189021330938,2555.605163179942,1008.4809047733667,3032.81218986873,0.8518683877266473,0.3361603015911222,1.01093739662291,0.3960571285152058,0.1009345123190786,0.924870289742541
WbHt_8000_3000,WbHt,8000,3000,85,180,1.2,1.2,/eos/uscms/store/user/aji/rootfiles_existingOptimization/WbHt_8000_3000_pt180_ak12_ca12_th85.root,ok,,1000,1000,1.0,0.0,0.154,0.011414201680362931,0.0775,0.6245,0.476,0.476,0.524,0.01579316307773715,2978.0314114973307,1348.0201149197685,3736.8297834218606,0.992677137165777,0.44934003830658953,1.2456099278072867,0.4010719395503315,0.11462967272931324,0.9258042258337538
WbHt_8000_3000,WbHt,8000,3000,85,380,0.4,0.4,/eos/uscms/store/user/aji/rootfiles_existingOptimization/WbHt_8000_3000_pt380_ak4_ca4_th85.root,ok,,1000,1000,1.0,0.0,0.33,0.014869431730903503,0.1845,0.6615,0.526,0.526,0.474,0.01578999683343857,2522.0263575536633,654.9977029878814,2855.064125433741,0.8406754525178878,0.21833256766262715,0.951688041811247,0.43617038653392565,0.08305165747724133,0.9261028412821368
WbHt_8000_3000,WbHt,8000,3000,85,240,1.0,1.2,/eos/uscms/store/user/aji/rootfiles_existingOptimization/WbHt_8000_3000_pt240_ak10_ca12_th85.root,ok,,1000,1000,1.0,0.0,0.21,0.01288021738946979,0.107,0.6385,0.489,0.489,0.511,0.015807561481771943,2841.3124976919166,1156.2266133635828,3490.7091336159046,0.9471041658973056,0.38540887112119426,1.1635697112053016,0.41081058879456095,0.12809969503122498,0.9271001722048304
WbHt_8000_3000,WbHt,8000,3000,85,380,1.0,1.0,/eos/uscms/store/user/aji/rootfiles_existingOptimization/WbHt_8000_3000_pt380_ak10_ca10_th85.root,ok,,1000,1000,1.0,0.0,0.291,0.014363808687113596,0.152,0.6435,0.501,0.501,0.499,0.015811356678033673,2814.637980813046,943.0147822016374,3324.745182694512,0.9382126602710152,0.31433826073387916,1.108248394231504,0.4230971117296015,0.11297911489732329,0.9282758457025
WbHt_8000_3000,WbHt,8000,3000,85,320,1.4,1.2,/eos/uscms/store/user/aji/rootfiles_existingOptimization/WbHt_8000_3000_pt320_ak14_ca12_th85.root,ok,,1000,1000,1.0,0.0,0.109,0.00985489725973843,0.0555,0.607,0.458,0.458,0.542,0.015755506973753653,3018.5457821689415,1350.988288504015,3701.6402502294886,1.006181927389647,0.4503294295013383,1.2338800834098294,0.38936828051626227,0.1286228702425921,0.931986473255227
WbHt_8000_3000,WbHt,8000,3000,85,220,1.2,1.2,/eos/uscms/store/user/aji/rootfiles_existingOptimization/WbHt_8000_3000_pt220_ak12_ca12_th85.root,ok,,1000,1000,1.0,0.0,0.171,0.011906258858264422,0.0865,0.6285,0.476,0.476,0.524,0.01579316307773715,2957.143762527186,1226.6552635997164,3646.701716380522,0.985714587509062,0.4088850878665721,1.2155672387935075,0.4091864730162164,0.12792237314718652,0.9346150142653102
WbHt_8000_3000,WbHt,8000,3000,85,260,1.2,1.2,/eos/uscms/store/user/aji/rootfiles_existingOptimization/WbHt_8000_3000_pt260_ak12_ca12_th85.root,ok,,1000,1000,1.0,0.0,0.184,0.012253326079069307,0.0935,0.628,0.474,0.474,0.526,0.01578999683343857,2943.5328574100513,1194.9596503172636,3594.7682876939175,0.9811776191366837,0.39831988343908786,1.1982560958979724,0.4076408780923533,0.13907777376210562,0.9355231161786849
WbHt_8000_3000,WbHt,8000,3000,85,240,1.2,1.2,/eos/uscms/store/user/aji/rootfiles_existingOptimization/WbHt_8000_3000_pt240_ak12_ca12_th85.root,ok,,1000,1000,1.0,0.0,0.177,0.012069424178476784,0.09,0.628,0.475,0.475,0.525,0.015791611697353755,2950.6411236011,1215.1338171113634,3630.4797484841415,0.9835470412003667,0.40504460570378786,1.2101599161613805,0.40929171495193173,0.1340398708986832,0.9359370108318951
WbHt_8000_3000,WbHt,8000,3000,85,200,1.2,1.2,/eos/uscms/store/user/aji/rootfiles_existingOptimization/WbHt_8000_3000_pt200_ak12_ca12_th85.root,ok,,1000,1000,1.0,0.0,0.164,0.011709141727727102,0.0825,0.6245,0.473,0.473,0.527,0.01578831846651188,2966.9114371469495,1277.2872763372184,3697.3965233380404,0.988970479048983,0.42576242544573945,1.2324655077793467,0.4078499305203486,0.12214878528680323,0.9359528826154504
WbHt_8000_3000,WbHt,8000,3000,85,200,1.4,1.2,/eos/uscms/store/user/aji/rootfiles_existingOptimization/WbHt_8000_3000_pt200_ak14_ca12_th85.root,ok,,1000,1000,1.0,0.0,0.081,0.008627803892068943,0.0415,0.599,0.462,0.462,0.538,0.015765658882520576,3083.06118120743,1484.9056822657267,3931.292935938129,1.0276870604024766,0.4949685607552422,1.310430978646043,0.3967464655881911,0.09364131625067695,0.9375151716284389
WbHt_8000_3000,WbHt,8000,3000,85,180,0.8,1.2,/eos/uscms/store/user/aji/rootfiles_existingOptimization/WbHt_8000_3000_pt180_ak8_ca12_th85.root,ok,,1000,1000,1.0,0.0,0.204,0.01274299807737567,0.1035,0.6265,0.475,0.475,0.525,0.015791611697353755,2752.984876075244,1182.0302998500676,3414.9677966721483,0.9176616253584147,0.39401009995002256,1.1383225988907162,0.40554844965320663,0.13879543706610303,0.9387822871173652
WbHt_8000_3000,WbHt,8000,3000,85,280,0.6,1.0,/eos/uscms/store/user/aji/rootfiles_existingOptimization/WbHt_8000_3000_pt280_ak6_ca10_th85.root,ok,,1000,1000,1.0,0.0,0.298,0.014463609508003178,0.155,0.6345,0.488,0.488,0.512,0.01580683396509244,2637.417599582709,934.1759087831998,3131.27646174562,0.879139199860903,0.31139196959439996,1.0437588205818733,0.4165249661847339,0.11915132324369683,0.9406110461986436
WbHt_8000_3000,WbHt,8000,3000,85,360,0.4,0.6,/eos/uscms/store/user/aji/rootfiles_existingOptimization/WbHt_8000_3000_pt360_ak4_ca6_th85.root,ok,,1000,1000,1.0,0.0,0.343,0.015011695440555674,0.1895,0.6565,0.518,0.518,0.482,0.01580113919943749,2530.367458599875,630.8452850500856,2874.408995073789,0.8434558195332917,0.21028176168336188,0.9581363316912629,0.4433276484011399,0.0870313285505907,0.9409820664478108
WbHt_8000_3000,WbHt,8000,3000,85,400,0.6,0.8,/eos/uscms/store/user/aji/rootfiles_existingOptimization/WbHt_8000_3000_pt400_ak6_ca8_th85.root,ok,,1000,1000,1.0,0.0,0.348,0.015063067416698366,0.189,0.6475,0.515,0.515,0.485,0.01580427157448264,2629.045252444278,668.5935301091874,3003.5099675670754,0.876348417481426,0.2228645100363958,1.0011699891890251,0.4440616674983186,0.08974767982886309,0.941426825750176
WbHt_8000_3000,WbHt,8000,3000,85,300,0.6,1.0,/eos/uscms/store/user/aji/rootfiles_existingOptimization/WbHt_8000_3000_pt300_ak6_ca10_th85.root,ok,,1000,1000,1.0,0.0,0.302,0.014518815378673288,0.157,0.633,0.487,0.487,0.513,0.015806043148112688,2630.0140351683176,919.0967998570974,3114.7291274016784,0.8766713450561059,0.3063655999523658,1.0382430424672262,0.41741836700960105,0.1195511420756427,0.9427512325039904
WbHt_8000_3000,WbHt,8000,3000,85,260,1.0,1.2,/eos/uscms/store/user/aji/rootfiles_existingOptimization/WbHt_8000_3000_pt260_ak10_ca12_th85.root,ok,,1000,1000,1.0,0.0,0.226,0.013225883713385657,0.1155,0.631,0.479,0.479,0.521,0.015797436500901024,2834.910011376682,1110.0858552898474,3474.0490011343245,0.9449700037922274,0.3700286184299491,1.1580163337114415,0.4169379515324536,0.13853620393686084,0.9434409511532309
WbHt_8000_3000,WbHt,8000,3000,85,300,0.4,0.8,/eos/uscms/store/user/aji/rootfiles_existingOptimization/WbHt_8000_3000_pt300_ak4_ca8_th85.root,ok,,1000,1000,1.0,0.0,0.337,0.014947608504372866,0.1815,0.6465,0.501,0.501,0.499,0.015811356678033673,2531.7107932777903,738.0212940547426,2911.329348165369,0.8439035977592635,0.24600709801824752,0.970443116055123,0.42921728261403386,0.09262469387247158,0.9438269228381075
WbHt_8000_3000,WbHt,8000,3000,85,280,1.2,1.2,/eos/uscms/store/user/aji/rootfiles_existingOptimization/WbHt_8000_3000_pt280_ak12_ca12_th85.root,ok,,1000,1000,1.0,0.0,0.189,0.012380589646701001,0.096,0.6245,0.468,0.468,0.532,0.01577897335063343,2933.385761505477,1180.4313482490745,3587.7271061798783,0.9777952538351591,0.3934771160830248,1.1959090353932929,0.41032717031655047,0.1460649261311261,0.9445476449330346
WbHt_8000_3000,WbHt,8000,3000,85,140,0.6,1.2,/eos/uscms/store/user/aji/rootfiles_existingOptimization/WbHt_8000_3000_pt140_ak6_ca12_th85.root,ok,,1000,1000,1.0,0.0,0.213,0.012947239087929134,0.108,0.6255,0.467,0.467,0.5329999999999999,0.015776913513105152,2678.4451549270148,1158.3177688596538,3309.859334700758,0.8928150516423382,0.386105922953218,1.1032864449002526,0.401640026468963,0.13311712840318835,0.9453585213047291
WbHt_8000_3000,WbHt,8000,3000,85,360,0.8,1.0,/eos/uscms/store/user/aji/rootfiles_existingOptimization/WbHt_8000_3000_pt360_ak8_ca10_th85.root,ok,,1000,1000,1.0,0.0,0.312,0.014651143300097777,0.1645,0.6335,0.494,0.494,0.506,0.015810249839898167,2716.1074895852353,856.0321984542352,3192.4935077542696,0.9053691631950783,0.2853440661514117,1.0641645025847566,0.4301120847129702,0.11113491638729564,0.9455751683934623
WbHt_8000_3000,WbHt,8000,3000,85,200,0.8,1.2,/eos/uscms/store/user/aji/rootfiles_existingOptimization/WbHt_8000_3000_pt200_ak8_ca12_th85.root,ok,,1000,1000,1.0,0.0,0.214,0.012969348480166612,0.1085,0.623,0.471,0.471,0.529,0.01578477114183161,2743.21053342485,1163.0712877789788,3402.8079771622015,0.9144035111416166,0.3876904292596595,1.134269325720734,0.4082327371692744,0.14276814668586857,0.9457923860551127
WbHt_8000_3000,WbHt,8000,3000,85,220,0.4,1.0,/eos/uscms/store/user/aji/rootfiles_existingOptimization/WbHt_8000_3000_pt220_ak4_ca10_th85.root,ok,,1000,1000,1.0,0.0,0.297,0.014449602070645405,0.155,0.627,0.476,0.476,0.524,0.01579316307773715,2543.6516909657485,936.0517991711545,3016.358525615798,0.8478838969885828,0.31201726639038485,1.0054528418719326,0.4089213027540758,0.11511241191391887,0.9481329130552175
WbHt_8000_3000,WbHt,8000,3000,85,400,1.0,1.0,/eos/uscms/store/user/aji/rootfiles_existingOptimization/WbHt_8000_3000_pt400_ak10_ca10_th85.root,ok,,1000,1000,1.0,0.0,0.306,0.0145727142289966,0.162,0.6355,0.492,0.492,0.508,0.015809364313595912,2796.0655976597823,889.5215096154775,3313.210084348497,0.9320218658865941,0.29650716987182585,1.104403361449499,0.43341053528242857,0.12079364978743978,0.9482083486937691
WbHt_8000_3000,WbHt,8000,3000,85,160,1.2,1.2,/eos/uscms/store/user/aji/rootfiles_existingOptimization/WbHt_8000_3000_pt160_ak12_ca12_th85.root,ok,,1000,1000,1.0,0.0,0.137,0.010873407929439602,0.069,0.6095,0.466,0.466,0.534,0.01577479001445027,3003.735691857526,1410.3348246565365,3898.484329638681,1.0012452306191753,0.47011160821884557,1.299494776546227,0.41417583972634087,0.10282059271002866,0.9483003627882585
WbHt_8000_3000,WbHt,8000,3000,85,340,1.4,1.2,/eos/uscms/store/user/aji/rootfiles_existingOptimization/WbHt_8000_3000_pt340_ak14_ca12_th85.root,ok,,1000,1000,1.0,0.0,0.116,0.010126401137620413,0.059,0.599,0.448,0.448,0.552,0.015725647840391186,3012.774792973574,1297.7823011802864,3692.066200713292,1.0042582643245246,0.4325941003934288,1.2306887335710972,0.39735527280648064,0.13461801636483872,0.9497810992389332
WbHt_8000_3000,WbHt,8000,3000,85,100,0.4,1.2,/eos/uscms/store/user/aji/rootfiles_existingOptimization/WbHt_8000_3000_pt100_ak4_ca12_th85.root,ok,,1000,1000,1.0,0.0,0.214,0.012969348480166612,0.1085,0.619,0.456,0.456,0.544,0.01575004761897563,2604.2749966549827,1150.6368756756558,3226.171944838463,0.8680916655516608,0.3835456252252186,1.0753906482794877,0.3984861567669877,0.13281436823298315,0.9556769902118216
WbHt_8000_3000,WbHt,8000,3000,85,180,1.4,1.2,/eos/uscms/store/user/aji/rootfiles_existingOptimization/WbHt_8000_3000_pt180_ak14_ca12_th85.root,ok,,1000,1000,1.0,0.0,0.074,0.00827792244467173,0.0375,0.585,0.45,0.45,0.55,0.015732132722552274,3137.016148396057,1624.4998809986134,4144.498963788282,1.0456720494653524,0.5414999603328712,1.3814996545960938,0.4016554208811027,0.08152727389880765,0.9562226258276381
WbHt_8000_3000,WbHt,8000,3000,85,280,1.0,1.2,/eos/uscms/store/user/aji/rootfiles_existingOptimization/WbHt_8000_3000_pt280_ak10_ca12_th85.root,ok,,1000,1000,1.0,0.0,0.241,0.013524755080961725,0.123,0.626,0.471,0.471,0.529,0.01578477114183161,2824.9526580687825,1078.3635856527778,3467.214834423751,0.9416508860229276,0.35945452855092597,1.1557382781412504,0.4228126163367388,0.1508794271279746,0.9576475277344461
WbHt_8000_3000,WbHt,8000,3000,85,300,1.2,1.2,/eos/uscms/store/user/aji/rootfiles_existingOptimization/WbHt_8000_3000_pt300_ak12_ca12_th85.root,ok,,1000,1000,1.0,0.0,0.204,0.01274299807737567,0.1035,0.619,0.461,0.461,0.5389999999999999,0.015763216676808068,2923.943473103961,1143.3352470443851,3577.820170331773,0.9746478243679869,0.38111174901479505,1.1926067234439246,0.41630163949493537,0.15176742933820184,0.9578368570581366
WbHt_8000_3000,WbHt,8000,3000,85,380,0.8,1.0,/eos/uscms/store/user/aji/rootfiles_existingOptimization/WbHt_8000_3000_pt380_ak8_ca10_th85.root,ok,,1000,1000,1.0,0.0,0.325,0.014811313243598625,0.1735,0.624,0.484,0.484,0.516,0.015803290796539814,2705.3493391536413,820.5820339731126,3164.238102004825,0.9017831130512138,0.2735273446577042,1.0547460340016084,0.4331522059115878,0.12011172187650618,0.9589738946064665
WbHt_8000_3000,WbHt,8000,3000,85,360,1.4,1.2,/eos/uscms/store/user/aji/rootfiles_existingOptimization/WbHt_8000_3000_pt360_ak14_ca12_th85.root,ok,,1000,1000,1.0,0.0,0.122,0.010349685985574635,0.062,0.5935,0.439,0.439,0.5609999999999999,0.015693278816104682,2996.0693199941525,1280.2941490448518,3682.4309011097853,0.9986897733313842,0.42676471634828395,1.227476967036595,0.4008813708071383,0.15692236093489914,0.9620123934739999
WbHt_8000_3000,WbHt,8000,3000,85,220,0.8,1.2,/eos/uscms/store/user/aji/rootfiles_existingOptimization/WbHt_8000_3000_pt220_ak8_ca12_th85.root,ok,,1000,1000,1.0,0.0,0.228,0.013267102170406317,0.116,0.6125,0.456,0.456,0.544,0.01575004761897563,2739.959528767124,1134.850933953893,3398.5328883763696,0.9133198429223748,0.37828364465129766,1.1328442961254563,0.41308675012456214,0.15179590523828473,0.9657547658323247
WbHt_8000_3000,WbHt,8000,3000,85,320,0.6,1.0,/eos/uscms/store/user/aji/rootfiles_existingOptimization/WbHt_8000_3000_pt320_ak6_ca10_th85.root,ok,,1000,1000,1.0,0.0,0.318,0.014726710426975875,0.167,0.6225,0.474,0.474,0.526,0.01578999683343857,2620.6284655075724,866.5440059176608,3106.424926924428,0.8735428218358574,0.2888480019725536,1.0354749756414758,0.4273556802285857,0.12790682109534074,0.966001398045
WbHt_8000_3000,WbHt,8000,3000,85,320,1.2,1.2,/eos/uscms/store/user/aji/rootfiles_existingOptimization/WbHt_8000_3000_pt320_ak12_ca12_th85.root,ok,,1000,1000,1.0,0.0,0.216,0.013013224043256921,0.11,0.614,0.455,0.455,0.5449999999999999,0.015747221977225064,2913.1434292132644,1128.6894637048338,3571.184138538976,0.9710478097377548,0.37622982123494464,1.1903947128463255,0.419219776537706,0.16216742219069108,0.9671149955639304
WbHt_8000_3000,WbHt,8000,3000,85,320,0.4,0.8,/eos/uscms/store/user/aji/rootfiles_existingOptimization/WbHt_8000_3000_pt320_ak4_ca8_th85.root,ok,,1000,1000,1.0,0.0,0.358,0.01516034300403523,0.194,0.6355,0.489,0.489,0.511,0.015807561481771943,2522.607962571932,679.0384791049609,2900.7089006112824,0.8408693208573106,0.22634615970165364,0.9669029668704273,0.4403519005864889,0.09674852663651973,0.9672649685007578
WbHt_8000_3000,WbHt,8000,3000,85,160,0.6,1.2,/eos/uscms/store/user/aji/rootfiles_existingOptimization/WbHt_8000_3000_pt160_ak6_ca12_th85.root,ok,,1000,1000,1.0,0.0,0.231,0.013328128150644412,0.1175,0.616,0.454,0.454,0.546,0.015744332313566048,2659.876623875657,1099.4221027569627,3287.291347231698,0.8866255412918855,0.3664740342523209,1.0957637824105662,0.4112726930331889,0.15116604950052104,0.9686101389040004
WbHt_8000_3000,WbHt,8000,3000,85,380,1.4,1.2,/eos/uscms/store/user/aji/rootfiles_existingOptimization/WbHt_8000_3000_pt380_ak14_ca12_th85.root,ok,,1000,1000,1.0,0.0,0.128,0.010564847372300274,0.065,0.588,0.432,0.432,0.5680000000000001,0.01566448211719749,2987.708978399063,1266.3593761357795,3669.7278064651537,0.9959029927996877,0.42211979204525985,1.2232426021550513,0.40220925928622364,0.17730975638262436,0.9706189600062549
WbHt_8000_3000,WbHt,8000,3000,85,400,0.4,0.4,/eos/uscms/store/user/aji/rootfiles_existingOptimization/WbHt_8000_3000_pt400_ak4_ca4_th85.root,ok,,1000,1000,1.0,0.0,0.339,0.014969268519202935,0.1915,0.657,0.521,0.521,0.479,0.015797436500901024,2515.2300734443797,460.11594053384084,2854.5211724615738,0.8384100244814598,0.15337198017794695,0.9515070574871912,0.4759813539937545,0.0851184605098318,0.9711403515456085
WbHt_8000_3000,WbHt,8000,3000,85,100,1.0,1.2,/eos/uscms/store/user/aji/rootfiles_existingOptimization/WbHt_8000_3000_pt100_ak10_ca12_th85.root,ok,,1000,1000,1.0,0.0,0.096,0.009315793041926168,0.0485,0.576,0.445,0.445,0.5549999999999999,0.01571543826942157,3053.1735986835038,1892.884563011428,4439.453254025369,1.0177245328945013,0.6309615210038093,1.4798177513417894,0.4170363408277855,0.0679941202862672,0.9738087941172355
WbHt_8000_3000,WbHt,8000,3000,85,300,1.0,1.2,/eos/uscms/store/user/aji/rootfiles_existingOptimization/WbHt_8000_3000_pt300_ak10_ca12_th85.root,ok,,1000,1000,1.0,0.0,0.251,0.013711272734505722,0.1285,0.6195,0.46,0.46,0.54,0.015760710643876435,2816.972312358018,1049.8071912508021,3462.5722892692415,0.938990770786006,0.34993573041693404,1.1541907630897472,0.42825502533938176,0.16063381366814028,0.9743559482607812
WbHt_8000_3000,WbHt,8000,3000,85,240,0.4,1.0,/eos/uscms/store/user/aji/rootfiles_existingOptimization/WbHt_8000_3000_pt240_ak4_ca10_th85.root,ok,,1000,1000,1.0,0.0,0.316,0.014701836619960105,0.165,0.6155,0.46,0.46,0.54,0.015760710643876435,2530.8266913955076,874.7572820521702,3008.046000988608,0.8436088971318358,0.2915857606840567,1.0026820003295358,0.42146084640828047,0.1265072552488461,0.9770999566950969
WbHt_8000_3000,WbHt,8000,3000,85,120,0.4,1.2,/eos/uscms/store/user/aji/rootfiles_existingOptimization/WbHt_8000_3000_pt120_ak4_ca12_th85.root,ok,,1000,1000,1.0,0.0,0.229,0.013287550564344055,0.117,0.609,0.441,0.441,0.5589999999999999,0.015700923539715746,2591.95297284454,1102.9456858247072,3209.1820681336235,0.8639843242815133,0.36764856194156903,1.069727356044541,0.40630297007229765,0.1481371236701156,0.9789045376441463
WbHt_8000_3000,WbHt,8000,3000,85,240,0.8,1.2,/eos/uscms/store/user/aji/rootfiles_existingOptimization/WbHt_8000_3000_pt240_ak8_ca12_th85.root,ok,,1000,1000,1.0,0.0,0.242,0.013543854695026818,0.1235,0.605,0.447,0.447,0.5529999999999999,0.01572230899073034,2729.564105161295,1102.0396645416058,3381.081409633925,0.9098547017204317,0.3673465548472019,1.1270271365446418,0.41747357037391264,0.16147066487951256,0.9794881002018694
WbHt_8000_3000,WbHt,8000,3000,85,400,1.4,1.2,/eos/uscms/store/user/aji/rootfiles_existingOptimization/WbHt_8000_3000_pt400_ak14_ca12_th85.root,ok,,1000,1000,1.0,0.0,0.133,0.010738295954200556,0.0685,0.5815,0.425,0.425,0.575,0.015632498200863484,2980.6173045492524,1241.272130959162,3662.211490304225,0.9935391015164174,0.4137573769863873,1.2207371634347417,0.4061137529548049,0.18234026417560767,0.9817598428031631
WbHt_8000_3000,WbHt,8000,3000,85,180,0.6,1.2,/eos/uscms/store/user/aji/rootfiles_existingOptimization/WbHt_8000_3000_pt180_ak6_ca12_th85.root,ok,,1000,1000,1.0,0.0,0.242,0.013543854695026818,0.123,0.6095,0.445,0.445,0.5549999999999999,0.01571543826942157,2651.8655680550455,1081.0133518165662,3285.0655583870994,0.8839551893516819,0.3603377839388554,1.0950218527956999,0.41556635319697754,0.15919316878853126,0.9821708342618093
WbHt_8000_3000,WbHt,8000,3000,85,400,0.8,1.0,/eos/uscms/store/user/aji/rootfiles_existingOptimization/WbHt_8000_3000_pt400_ak8_ca10_th85.root,ok,,1000,1000,1.0,0.0,0.342,0.01500119995200384,0.1835,0.6165,0.474,0.474,0.526,0.01578999683343857,2695.5535026144607,765.7229924473102,3175.5460277051648,0.8985178342048202,0.2552409974824367,1.0585153425683884,0.446999666844032,0.1293181152121422,0.9831478834235499
WbHt_8000_3000,WbHt,8000,3000,85,140,1.2,1.2,/eos/uscms/store/user/aji/rootfiles_existingOptimization/WbHt_8000_3000_pt140_ak12_ca12_th85.root,ok,,1000,1000,1.0,0.0,0.117,0.010164201887015036,0.059,0.5775,0.443,0.443,0.5569999999999999,0.015708309902723462,3064.7914406873792,1701.0595337327181,4300.163517356467,1.0215971468957932,0.5670198445775728,1.4333878391188224,0.42402624027180374,0.08490345420885827,0.9831859549613831
WbHt_8000_3000,WbHt,8000,3000,85,120,1.2,1.0,/eos/uscms/store/user/aji/rootfiles_existingOptimization/WbHt_8000_3000_pt120_ak12_ca10_th85.root,ok,,1000,1000,1.0,0.0,0.065,0.007795832219846705,0.033,0.567,0.465,0.465,0.5349999999999999,0.015772602828956293,3173.8169328249187,2307.3228663468,5140.2122459865595,1.0579389776083064,0.7691076221156,1.7134040819955199,0.4462906083745495,0.04252892821330627,0.98708450613538
WbHt_8000_3000,WbHt,8000,3000,85,340,1.2,1.2,/eos/uscms/store/user/aji/rootfiles_existingOptimization/WbHt_8000_3000_pt340_ak12_ca12_th85.root,ok,,1000,1000,1.0,0.0,0.23,0.013307892395116516,0.1175,0.605,0.442,0.442,0.558,0.01570464899321217,2898.7164511215506,1089.7672158637574,3559.374906173566,0.966238817040517,0.36325573862125243,1.1864583020578554,0.425982970730767,0.17930272303238698,0.9873590890267154
WbHt_8000_3000,WbHt,8000,3000,85,340,0.4,0.8,/eos/uscms/store/user/aji/rootfiles_existingOptimization/WbHt_8000_3000_pt340_ak4_ca8_th85.root,ok,,1000,1000,1.0,0.0,0.379,0.015341414537127925,0.2055,0.628,0.482,0.482,0.518,0.01580113919943749,2519.5170516315,611.8202695616559,2898.466310227075,0.8398390172105001,0.2039400898538853,0.9661554367423584,0.45378657770637304,0.099816275019103,0.9878026759853231
WbHt_8000_3000,WbHt,8000,3000,85,340,0.6,1.0,/eos/uscms/store/user/aji/rootfiles_existingOptimization/WbHt_8000_3000_pt340_ak6_ca10_th85.root,ok,,1000,1000,1.0,0.0,0.332,0.014892145580808697,0.176,0.616,0.465,0.465,0.5349999999999999,0.015772602828956293,2610.990976684471,787.1803961144014,3098.247359729929,0.8703303255614903,0.2623934653714671,1.0327491199099763,0.4425650996600154,0.13537567924146202,0.9905320671038662
WbHt_8000_3000,WbHt,8000,3000,85,320,1.0,1.2,/eos/uscms/store/user/aji/rootfiles_existingOptimization/WbHt_8000_3000_pt320_ak10_ca12_th85.root,ok,,1000,1000,1.0,0.0,0.264,0.013939296969359681,0.1365,0.611,0.451,0.451,0.5489999999999999,0.015735278834517044,2810.0590492761708,1011.9158359742662,3460.7529762396907,0.9366863497587237,0.33730527865808874,1.1535843254132303,0.43572698959764,0.17082823903173677,0.9910583546217676
WbHt_8000_3000,WbHt,8000,3000,85,380,0.4,0.6,/eos/uscms/store/user/aji/rootfiles_existingOptimization/WbHt_8000_3000_pt380_ak4_ca6_th85.root,ok,,1000,1000,1.0,0.0,0.366,0.01523299051401267,0.2025,0.642,0.5,0.5,0.5,0.015811388300841896,2512.596122224021,456.69373026402724,2865.1351832306045,0.8375320407413404,0.1522312434213424,0.9550450610768682,0.47927349558168314,0.09247336351961027,0.9955202915075492
WbHt_8000_3000,WbHt,8000,3000,85,360,1.2,1.2,/eos/uscms/store/user/aji/rootfiles_existingOptimization/WbHt_8000_3000_pt360_ak12_ca12_th85.root,ok,,1000,1000,1.0,0.0,0.237,0.013447341744746431,0.121,0.6015,0.438,0.438,0.562,0.01568935945155187,2888.0035040109433,1058.6156463611098,3547.38321954245,0.9626678346703144,0.35287188212036996,1.1824610731808167,0.4308802897442589,0.20343918176589032,0.9966135062772274
WbHt_8000_3000,WbHt,8000,3000,85,200,0.6,1.2,/eos/uscms/store/user/aji/rootfiles_existingOptimization/WbHt_8000_3000_pt200_ak6_ca12_th85.root,ok,,1000,1000,1.0,0.0,0.251,0.013711272734505722,0.128,0.602,0.436,0.436,0.5640000000000001,0.015681326474504636,2640.408031359092,1046.6757944143899,3272.9704347724064,0.8801360104530307,0.3488919314714633,1.0909901449241355,0.42158155366844574,0.16440233439593532,0.9975679526231427
WbHt_8000_3000,WbHt,8000,3000,85,260,0.4,1.0,/eos/uscms/store/user/aji/rootfiles_existingOptimization/WbHt_8000_3000_pt260_ak4_ca10_th85.root,ok,,1000,1000,1.0,0.0,0.337,0.014947608504372866,0.177,0.6095,0.451,0.451,0.5489999999999999,0.015735278834517044,2515.3273200274107,794.7311615416738,2975.2372783159117,0.8384424400091368,0.2649103871805579,0.9917457594386373,0.43344381055553366,0.13789079633211357,0.9985995665546199
WbHt_8000_3000,WbHt,8000,3000,85,360,0.6,1.0,/eos/uscms/store/user/aji/rootfiles_existingOptimization/WbHt_8000_3000_pt360_ak6_ca10_th85.root,ok,,1000,1000,1.0,0.0,0.343,0.015011695440555674,0.183,0.611,0.459,0.459,0.5409999999999999,0.015758140753274162,2604.7322560855996,764.7396771165926,3081.1008639071083,0.8682440853618665,0.2549132257055309,1.0270336213023694,0.44464477709343364,0.1429253289852654,0.9988203685572469
WbHt_8000_3000,WbHt,8000,3000,85,100,0.8,1.4,/eos/uscms/store/user/aji/rootfiles_existingOptimization/WbHt_8000_3000_pt100_ak8_ca14_th85.root,ok,,1000,1000,1.0,0.0,0.15,0.011291589790636216,0.0755,0.5915,0.418,0.418,0.5820000000000001,0.015597307459943206,2777.7967483435173,1346.4657297993942,3627.6535675765285,0.925932249447839,0.4488219099331314,1.209217855858843,0.41061100657157057,0.16387228688075323,1.0000177816267868
WbHt_8000_3000,WbHt,8000,3000,85,260,0.8,1.2,/eos/uscms/store/user/aji/rootfiles_existingOptimization/WbHt_8000_3000_pt260_ak8_ca12_th85.root,ok,,1000,1000,1.0,0.0,0.258,0.013836039895866157,0.133,0.5965,0.435,0.435,0.565,0.015677212762477903,2720.9131998248126,1039.0579153372464,3370.3666417504137,0.9069710666082709,0.34635263844574876,1.1234555472501377,0.42840556739613556,0.18369306131025243,1.0027084607353083
WbHt_8000_3000,WbHt,8000,3000,85,160,1.0,1.4,/eos/uscms/store/user/aji/rootfiles_existingOptimization/WbHt_8000_3000_pt160_ak10_ca14_th85.root,ok,,1000,1000,1.0,0.0,0.177,0.012069424178476784,0.0895,0.593,0.421,0.421,0.579,0.015612783224012303,2835.2690404503687,1253.3144547615152,3648.8061756225393,0.945089680150123,0.41777148492050503,1.2162687252075133,0.42244522242596644,0.1901853449637155,1.0069362544109541
WbHt_8000_3000,WbHt,8000,3000,85,340,1.0,1.2,/eos/uscms/store/user/aji/rootfiles_existingOptimization/WbHt_8000_3000_pt340_ak10_ca12_th85.root,ok,,1000,1000,1.0,0.0,0.278,0.01416742743055351,0.144,0.603,0.439,0.439,0.5609999999999999,0.015693278816104682,2794.046073587967,974.6695824322057,3437.5938036465313,0.931348691195989,0.32488986081073523,1.1458646012155105,0.4407450980311803,0.19115957611852863,1.0086102289115813
WbHt_8000_3000,WbHt,8000,3000,85,380,1.2,1.2,/eos/uscms/store/user/aji/rootfiles_existingOptimization/WbHt_8000_3000_pt380_ak12_ca12_th85.root,ok,,1000,1000,1.0,0.0,0.247,0.013637851736985557,0.127,0.5955,0.43,0.43,0.5700000000000001,0.015655669899432602,2882.6163955389547,1034.4924691988122,3541.6921088479075,0.9608721318463183,0.3448308230662707,1.1805640362826357,0.4348826370947514,0.2252254909779417,1.0087954239101196
WbHt_8000_3000,WbHt,8000,3000,85,140,1.0,1.4,/eos/uscms/store/user/aji/rootfiles_existingOptimization/WbHt_8000_3000_pt140_ak10_ca14_th85.root,ok,,1000,1000,1.0,0.0,0.163,0.011680368144883106,0.0825,0.5845,0.416,0.416,0.5840000000000001,0.015586660963785668,2851.523551369289,1322.7854950924686,3724.965378104217,0.9505078504564297,0.4409284983641562,1.2416551260347393,0.4212098970492867,0.17804280311342294,1.010159112003644
WbHt_8000_3000,WbHt,8000,3000,85,280,0.4,1.0,/eos/uscms/store/user/aji/rootfiles_existingOptimization/WbHt_8000_3000_pt280_ak4_ca10_th85.root,ok,,1000,1000,1.0,0.0,0.351,0.015093011627902497,0.186,0.604,0.444,0.444,0.556,0.015711906313366306,2505.352669822831,759.1048524574319,2961.8442510647283,0.8351175566076103,0.25303495081914396,0.9872814170215761,0.4396066520173916,0.14692399832790742,1.0120948963566305
WbHt_8000_3000,WbHt,8000,3000,85,280,0.8,1.2,/eos/uscms/store/user/aji/rootfiles_existingOptimization/WbHt_8000_3000_pt280_ak8_ca12_th85.root,ok,,1000,1000,1.0,0.0,0.27,0.014039230748157109,0.139,0.592,0.429,0.429,0.571,0.015651166090742248,2714.8088332671277,1010.4708345620284,3361.5255192076943,0.9049362777557093,0.33682361152067614,1.1205085064025648,0.4330055685387425,0.20077323879099138,1.0135119407631716
WbHt_8000_3000,WbHt,8000,3000,85,120,1.0,1.4,/eos/uscms/store/user/aji/rootfiles_existingOptimization/WbHt_8000_3000_pt120_ak10_ca14_th85.root,ok,,1000,1000,1.0,0.0,0.136,0.010839926199010766,0.0685,0.5745,0.412,0.412,0.5880000000000001,0.01556457516284977,2901.7112367935333,1441.9834680111683,3901.5453793804872,0.9672370789311777,0.4806611560037228,1.3005151264601624,0.4238123146407909,0.14675027490766163,1.0150886067476732
WbHt_8000_3000,WbHt,8000,3000,85,180,1.0,1.4,/eos/uscms/store/user/aji/rootfiles_existingOptimization/WbHt_8000_3000_pt180_ak10_ca14_th85.root,ok,,1000,1000,1.0,0.0,0.185,0.012279047194306243,0.0935,0.5885,0.415,0.415,0.585,0.015581238718407468,2824.6292079484574,1215.9584345985022,3613.8430237624502,0.9415430693161526,0.4053194781995007,1.2046143412541501,0.42446006407077125,0.21388553623130113,1.015305757139156
WbHt_8000_3000,WbHt,8000,3000,85,120,0.8,1.4,/eos/uscms/store/user/aji/rootfiles_existingOptimization/WbHt_8000_3000_pt120_ak8_ca14_th85.root,ok,,1000,1000,1.0,0.0,0.178,0.012096115078817662,0.0895,0.586,0.411,0.411,0.589,0.015558888135082147,2752.984876075244,1249.0107992418546,3554.094811897989,0.9176616253584147,0.4163369330806182,1.184698270632663,0.4186517755125387,0.19281602096206815,1.015885612976697
WbHt_8000_3000,WbHt,8000,3000,85,140,0.4,1.2,/eos/uscms/store/user/aji/rootfiles_existingOptimization/WbHt_8000_3000_pt140_ak4_ca12_th85.root,ok,,1000,1000,1.0,0.0,0.25,0.013693063937629153,0.128,0.5965,0.422,0.422,0.5780000000000001,0.015617810345883958,2562.396730482617,1034.294403215555,3203.9389355271364,0.8541322434942057,0.34476480107185165,1.067979645175712,0.4233623362263145,0.16056354531672756,1.015949111876894
WbHt_8000_3000,WbHt,8000,3000,85,400,0.4,0.6,/eos/uscms/store/user/aji/rootfiles_existingOptimization/WbHt_8000_3000_pt400_ak4_ca6_th85.root,ok,,1000,1000,1.0,0.0,0.373,0.015292841462592882,0.2085,0.6375,0.495,0.495,0.505,0.01581059771166163,2507.522097124313,373.60689781676894,2863.5486712447046,0.8358406990414377,0.12453563260558964,0.9545162237482349,0.4964944827970731,0.09195235908115651,1.0179104128929293
WbHt_8000_3000,WbHt,8000,3000,85,360,0.4,0.8,/eos/uscms/store/user/aji/rootfiles_existingOptimization/WbHt_8000_3000_pt360_ak4_ca8_th85.root,ok,,1000,1000,1.0,0.0,0.391,0.015431104950715617,0.2135,0.62,0.471,0.471,0.529,0.01578477114183161,2511.3667894101736,517.8065693755788,2893.5189886346147,0.8371222631367246,0.1726021897918596,0.9645063295448716,0.47299192401461243,0.11069978731413434,1.0182796977009398
WbHt_8000_3000,WbHt,8000,3000,85,360,1.0,1.2,/eos/uscms/store/user/aji/rootfiles_existingOptimization/WbHt_8000_3000_pt360_ak10_ca12_th85.root,ok,,1000,1000,1.0,0.0,0.291,0.014363808687113596,0.151,0.5955,0.43,0.43,0.5700000000000001,0.015655669899432602,2785.6067424272587,944.2532422382684,3411.358136744345,0.9285355808090863,0.31475108074608943,1.1371193789147815,0.4428307946218472,0.2246757268425839,1.0199772365409387
WbHt_8000_3000,WbHt,8000,3000,85,220,0.6,1.2,/eos/uscms/store/user/aji/rootfiles_existingOptimization/WbHt_8000_3000_pt220_ak6_ca12_th85.root,ok,,1000,1000,1.0,0.0,0.272,0.014071815803228808,0.1395,0.5905,0.421,0.421,0.579,0.015612783224012303,2627.71105644226,1009.6084390535639,3267.1007376581692,0.8759036854807534,0.33653614635118795,1.0890335792193897,0.4295548958988463,0.18512942708421778,1.0209645273507708
WbHt_8000_3000,WbHt,8000,3000,85,180,1.2,1.4,/eos/uscms/store/user/aji/rootfiles_existingOptimization/WbHt_8000_3000_pt180_ak12_ca14_th85.root,ok,,1000,1000,1.0,0.0,0.161,0.011622349160131096,0.081,0.576,0.409,0.409,0.591,0.015547314880711718,2952.2314598717953,1273.889499043895,3818.1302616535554,0.9840771532905984,0.42462983301463164,1.2727100872178518,0.4309013024880081,0.17481509183506477,1.0234935871589483
WbHt_8000_3000,WbHt,8000,3000,85,200,1.0,1.4,/eos/uscms/store/user/aji/rootfiles_existingOptimization/WbHt_8000_3000_pt200_ak10_ca14_th85.root,ok,,1000,1000,1.0,0.0,0.203,0.012719709116170857,0.103,0.586,0.411,0.411,0.589,0.015558888135082147,2813.9122761717863,1179.3787942823865,3591.394322510451,0.9379707587239288,0.39312626476079554,1.197131440836817,0.42858754849129727,0.22153285604933715,1.0237904726189044
WbHt_8000_3000,WbHt,8000,3000,85,380,0.6,1.0,/eos/uscms/store/user/aji/rootfiles_existingOptimization/WbHt_8000_3000_pt380_ak6_ca10_th85.root,ok,,1000,1000,1.0,0.0,0.357,0.015150940564862632,0.1925,0.599,0.448,0.448,0.552,0.015725647840391186,2598.1979468386517,701.6985570005752,3084.752987529741,0.8660659822795506,0.23389951900019174,1.028250995843247,0.4585975509350123,0.1587809240422441,1.0239909527070572
WbHt_8000_3000,WbHt,8000,3000,85,220,1.2,1.4,/eos/uscms/store/user/aji/rootfiles_existingOptimization/WbHt_8000_3000_pt220_ak12_ca14_th85.root,ok,,1000,1000,1.0,0.0,0.178,0.012096115078817662,0.09,0.581,0.407,0.407,0.593,0.015535475531827148,2913.884170410071,1206.2698890022618,3713.493296755787,0.9712947234700237,0.40208996300075395,1.2378310989185957,0.4302201565206148,0.2166396381729511,1.0260906841736124
WbHt_8000_3000,WbHt,8000,3000,85,300,0.8,1.2,/eos/uscms/store/user/aji/rootfiles_existingOptimization/WbHt_8000_3000_pt300_ak8_ca12_th85.root,ok,,1000,1000,1.0,0.0,0.284,0.014259873772232347,0.1465,0.5875,0.423,0.423,0.577,0.015622771841129857,2706.18885528811,964.4947134187381,3344.571707395051,0.9020629517627032,0.3214982378062461,1.1148572357983504,0.4397470245517884,0.20536704076900864,1.026540729375518
WbHt_8000_3000,WbHt,8000,3000,85,400,1.2,1.2,/eos/uscms/store/user/aji/rootfiles_existingOptimization/WbHt_8000_3000_pt400_ak12_ca12_th85.root,ok,,1000,1000,1.0,0.0,0.26,0.013870832707519763,0.1345,0.588,0.419,0.419,0.581,0.015602531845825537,2872.9714366328617,997.388782261185,3536.5759757686665,0.9576571455442873,0.332462927420395,1.1788586585895555,0.4419095785517838,0.2504656867776361,1.0271438639973551
WbHt_8000_3000,WbHt,8000,3000,85,200,1.2,1.4,/eos/uscms/store/user/aji/rootfiles_existingOptimization/WbHt_8000_3000_pt200_ak12_ca14_th85.root,ok,,1000,1000,1.0,0.0,0.171,0.011906258858264422,0.086,0.5775,0.407,0.407,0.593,0.015535475531827148,2933.385761505477,1228.4198110866787,3772.18112366003,0.9777952538351591,0.40947327036222625,1.2573937078866766,0.4335879286582201,0.19910972477141564,1.0288084032747042
WbHt_8000_3000,WbHt,8000,3000,85,380,1.0,1.2,/eos/uscms/store/user/aji/rootfiles_existingOptimization/WbHt_8000_3000_pt380_ak10_ca12_th85.root,ok,,1000,1000,1.0,0.0,0.301,0.014505137021069467,0.157,0.59,0.425,0.425,0.575,0.015632498200863484,2778.9532679176064,915.0459759589721,3401.6847705655564,0.9263177559725355,0.30501532531965736,1.133894923521852,0.4474056514937247,0.23767286719004346,1.029773875896471
WbHt_8000_3000,WbHt,8000,3000,85,160,0.4,1.2,/eos/uscms/store/user/aji/rootfiles_existingOptimization/WbHt_8000_3000_pt160_ak4_ca12_th85.root,ok,,1000,1000,1.0,0.0,0.266,0.013972973913952606,0.1365,0.587,0.41,0.41,0.5900000000000001,0.015553134732265389,2540.3477070869835,1009.3540016522576,3176.4810857031102,0.8467825690289945,0.3364513338840859,1.0588270285677035,0.42654142934942896,0.17632163532767736,1.0318631724465295
WbHt_8000_3000,WbHt,8000,3000,85,160,1.2,1.4,/eos/uscms/store/user/aji/rootfiles_existingOptimization/WbHt_8000_3000_pt160_ak12_ca14_th85.root,ok,,1000,1000,1.0,0.0,0.143,0.011070275515993266,0.072,0.5645,0.404,0.404,0.596,0.015517216245190372,2978.91524692059,1367.4651148539358,3960.6960076742153,0.9929717489735301,0.4558217049513119,1.3202320025580718,0.43526429553526136,0.15597687727734644,1.0319671206379084
WbHt_8000_3000,WbHt,8000,3000,85,240,1.2,1.4,/eos/uscms/store/user/aji/rootfiles_existingOptimization/WbHt_8000_3000_pt240_ak12_ca14_th85.root,ok,,1000,1000,1.0,0.0,0.184,0.012253326079069307,0.0935,0.578,0.403,0.403,0.597,0.01551099609954177,2909.0602140377086,1185.5287227408307,3705.912491999579,0.9696867380125697,0.39517624091361025,1.2353041639998597,0.4331955311713045,0.22637144308232943,1.0332268573700474
WbHt_8000_3000,WbHt,8000,3000,85,260,1.2,1.4,/eos/uscms/store/user/aji/rootfiles_existingOptimization/WbHt_8000_3000_pt260_ak12_ca14_th85.root,ok,,1000,1000,1.0,0.0,0.192,0.012455360291858283,0.0975,0.5775,0.401,0.401,0.599,0.015498354751392161,2898.7164511215506,1170.7351553697906,3684.076516607945,0.966238817040517,0.39024505178993024,1.2280255055359817,0.4335265976542324,0.22870911691079074,1.0359027159501806
WbHt_8000_3000,WbHt,8000,3000,85,140,0.8,1.4,/eos/uscms/store/user/aji/rootfiles_existingOptimization/WbHt_8000_3000_pt140_ak8_ca14_th85.root,ok,,1000,1000,1.0,0.0,0.192,0.012455360291858283,0.097,0.5785,0.4,0.4,0.6,0.015491933384829668,2734.7157179466676,1190.481044408317,3531.7796403097364,0.9115719059822225,0.3968270148027723,1.1772598801032454,0.4280698320005559,0.2165545820391529,1.0369126414023335
WbHt_8000_3000,WbHt,8000,3000,85,240,0.6,1.2,/eos/uscms/store/user/aji/rootfiles_existingOptimization/WbHt_8000_3000_pt240_ak6_ca12_th85.root,ok,,1000,1000,1.0,0.0,0.283,0.014244683218660919,0.1455,0.583,0.411,0.411,0.589,0.015558888135082147,2620.5176763739964,984.8221183507155,3266.3180778481096,0.8735058921246656,0.3282740394502385,1.0887726926160366,0.4353139801472918,0.2026285303317675,1.0369633909348253
WbHt_8000_3000,WbHt,8000,3000,85,300,0.4,1.0,/eos/uscms/store/user/aji/rootfiles_existingOptimization/WbHt_8000_3000_pt300_ak4_ca10_th85.root,ok,,1000,1000,1.0,0.0,0.371,0.015276092432294327,0.1985,0.595,0.432,0.432,0.5680000000000001,0.01566448211719749,2498.2302548997686,698.7905015940813,2958.4626209221497,0.8327434182999229,0.2329301671980271,0.9861542069740499,0.4522545739921656,0.15524584169940092,1.0369802321621733
WbHt_8000_3000,WbHt,8000,3000,85,220,1.0,1.4,/eos/uscms/store/user/aji/rootfiles_existingOptimization/WbHt_8000_3000_pt220_ak10_ca14_th85.root,ok,,1000,1000,1.0,0.0,0.21,0.01288021738946979,0.1065,0.582,0.405,0.405,0.595,0.015523369479594306,2795.295687163375,1141.907744251067,3582.9107010893376,0.9317652290544585,0.38063591475035563,1.194303567029779,0.4366269672378316,0.22567215809637187,1.0384504443323856
WbHt_8000_3000,WbHt,8000,3000,85,320,0.8,1.2,/eos/uscms/store/user/aji/rootfiles_existingOptimization/WbHt_8000_3000_pt320_ak8_ca12_th85.root,ok,,1000,1000,1.0,0.0,0.296,0.01443551176785915,0.1535,0.581,0.418,0.418,0.5820000000000001,0.015597307459943206,2687.7864931706276,934.5659583702065,3343.319578160036,0.8959288310568758,0.31152198612340215,1.1144398593866787,0.4480924407333339,0.2267735992478065,1.0404995576276463
WbHt_8000_3000,WbHt,8000,3000,85,100,0.6,1.4,/eos/uscms/store/user/aji/rootfiles_existingOptimization/WbHt_8000_3000_pt100_ak6_ca14_th85.root,ok,,1000,1000,1.0,0.0,0.194,0.012504559168559283,0.0975,0.5805,0.395,0.395,0.605,0.015458816254810716,2663.3580733071394,1168.5800332778215,3435.552354520555,0.8877860244357132,0.3895266777592738,1.1451841181735183,0.42558534354860383,0.20542508107178248,1.0418067411050325
WbHt_8000_3000,WbHt,8000,3000,85,400,1.0,1.2,/eos/uscms/store/user/aji/rootfiles_existingOptimization/WbHt_8000_3000_pt400_ak10_ca12_th85.root,ok,,1000,1000,1.0,0.0,0.315,0.01468928180681411,0.1665,0.5835,0.417,0.417,0.583,0.015592017188292218,2762.5599855950704,876.0199989755687,3379.999713497886,0.9208533285316902,0.29200666632518957,1.126666571165962,0.45319915722715903,0.2633281498357555,1.04411382437399
WbHt_8000_3000,WbHt,8000,3000,85,280,1.2,1.4,/eos/uscms/store/user/aji/rootfiles_existingOptimization/WbHt_8000_3000_pt280_ak12_ca14_th85.root,ok,,1000,1000,1.0,0.0,0.2,0.01264911064067352,0.1015,0.5725,0.394,0.394,0.606,0.015451990163082553,2891.2756542663856,1155.6773994023772,3673.652481136243,0.9637585514221285,0.38522579980079236,1.2245508270454142,0.43544362122966807,0.24542533964299854,1.0450677660874552
WbHt_8000_3000,WbHt,8000,3000,85,180,0.4,1.2,/eos/uscms/store/user/aji/rootfiles_existingOptimization/WbHt_8000_3000_pt180_ak4_ca12_th85.root,ok,,1000,1000,1.0,0.0,0.283,0.014244683218660919,0.1455,0.5815,0.402,0.402,0.598,0.015504708962118573,2529.7660045909015,977.1192855287181,3161.6806878156767,0.8432553348636338,0.3257064285095727,1.0538935626052255,0.4317714362361021,0.1926866693617061,1.0454459027497387
WbHt_8000_3000,WbHt,8000,3000,85,160,0.8,1.4,/eos/uscms/store/user/aji/rootfiles_existingOptimization/WbHt_8000_3000_pt160_ak8_ca14_th85.root,ok,,1000,1000,1.0,0.0,0.2,0.01264911064067352,0.1015,0.5725,0.39,0.39,0.61,0.01542400726140908,2721.843605776513,1176.9687835243133,3519.715933438726,0.9072812019255044,0.39232292784143774,1.1732386444795755,0.4303603529869329,0.2284791780257336,1.0496322327943826
WbHt_8000_3000,WbHt,8000,3000,85,220,1.4,1.4,/eos/uscms/store/user/aji/rootfiles_existingOptimization/WbHt_8000_3000_pt220_ak14_ca14_th85.root,ok,,1000,1000,1.0,0.0,0.125,0.010458250331675944,0.0635,0.55,0.383,0.383,0.617,0.015372410351015223,3023.472951609655,1303.987589766266,3916.913092480094,1.0078243172032184,0.4346625299220887,1.3056376974933646,0.4321066443347446,0.1992154133025733,1.0498890760550665
WbHt_8000_3000,WbHt,8000,3000,85,400,0.6,1.0,/eos/uscms/store/user/aji/rootfiles_existingOptimization/WbHt_8000_3000_pt400_ak6_ca10_th85.root,ok,,1000,1000,1.0,0.0,0.374,0.015301111070768685,0.202,0.5905,0.435,0.435,0.565,0.015677212762477903,2590.175668998027,637.7046768293176,3084.752987529741,0.863391889666009,0.2125682256097725,1.028250995843247,0.472371109803342,0.1776386243490241,1.0510319208367411
WbHt_8000_3000,WbHt,8000,3000,85,260,1.4,1.4,/eos/uscms/store/user/aji/rootfiles_existingOptimization/WbHt_8000_3000_pt260_ak14_ca14_th85.root,ok,,1000,1000,1.0,0.0,0.137,0.010873407929439602,0.0695,0.548,0.377,0.377,0.623,0.01532550162311172,3000.8834905856356,1263.9619534647857,3837.5889545339724,1.0002944968618785,0.4213206511549285,1.2791963181779906,0.42881154985576125,0.23347887536038742,1.051840999541949
WbHt_8000_3000,WbHt,8000,3000,85,280,1.6,1.4,/eos/uscms/store/user/aji/rootfiles_existingOptimization/WbHt_8000_3000_pt280_ak16_ca14_th85.root,ok,,1000,1000,1.0,0.0,0.071,0.008121514637061242,0.036,0.526,0.364,0.364,0.636,0.015215255502291114,3126.3592852331385,1472.0498281593925,4051.9873443798833,1.0421197617443796,0.4906832760531309,1.3506624481266278,0.4126105288676218,0.19827396706892464,1.0528225050420597
WbHt_8000_3000,WbHt,8000,3000,85,260,1.6,1.4,/eos/uscms/store/user/aji/rootfiles_existingOptimization/WbHt_8000_3000_pt260_ak16_ca14_th85.root,ok,,1000,1000,1.0,0.0,0.066,0.007851369307324678,0.0335,0.5255,0.364,0.364,0.636,0.015215255502291114,3142.4334880104902,1497.0114417652705,4088.3048624427474,1.04747782933683,0.49900381392175686,1.3627682874809157,0.4123068046729055,0.18813144498353218,1.0530545876065887
WbHt_8000_3000,WbHt,8000,3000,85,240,1.4,1.4,/eos/uscms/store/user/aji/rootfiles_existingOptimization/WbHt_8000_3000_pt240_ak14_ca14_th85.root,ok,,1000,1000,1.0,0.0,0.134,0.010772372069326236,0.068,0.5465,0.377,0.377,0.623,0.01532550162311172,3006.226840019446,1272.656249509418,3869.3755995629313,1.0020756133398154,0.42421874983647273,1.289791866520977,0.4318901214448468,0.22633549296868755,1.0550976827788283
WbHt_8000_3000,WbHt,8000,3000,85,300,1.6,1.4,/eos/uscms/store/user/aji/rootfiles_existingOptimization/WbHt_8000_3000_pt300_ak16_ca14_th85.root,ok,,1000,1000,1.0,0.0,0.074,0.00827792244467173,0.0375,0.523,0.362,0.362,0.638,0.015197236590906913,3119.5450794422177,1464.7465690764595,4046.362248806689,1.0398483598140726,0.4882488563588198,1.3487874162688964,0.4137807939918965,0.201859241590469,1.0557656299733038
WbHt_8000_3000,WbHt,8000,3000,85,300,1.2,1.4,/eos/uscms/store/user/aji/rootfiles_existingOptimization/WbHt_8000_3000_pt300_ak12_ca14_th85.root,ok,,1000,1000,1.0,0.0,0.214,0.012969348480166612,0.1085,0.5675,0.388,0.388,0.612,0.015409607392792329,2880.2757961547004,1125.5664310539325,3660.383335828617,0.9600919320515668,0.3751888103513108,1.220127778609539,0.4400302408815817,0.26121859973372785,1.056021047676425
WbHt_8000_3000,WbHt,8000,3000,85,240,1.0,1.4,/eos/uscms/store/user/aji/rootfiles_existingOptimization/WbHt_8000_3000_pt240_ak10_ca14_th85.root,ok,,1000,1000,1.0,0.0,0.22,0.013099618315050252,0.112,0.575,0.395,0.395,0.605,0.015458816254810716,2782.738837859768,1110.5702311475789,3581.2431739660924,0.9275796126199227,0.370190077049193,1.193747724655364,0.44392828195094514,0.24120533784395423,1.056170320688953
WbHt_8000_3000,WbHt,8000,3000,85,340,0.8,1.2,/eos/uscms/store/user/aji/rootfiles_existingOptimization/WbHt_8000_3000_pt340_ak8_ca12_th85.root,ok,,1000,1000,1.0,0.0,0.304,0.014545927265045703,0.1585,0.574,0.409,0.409,0.591,0.015547314880711718,2675.583625929099,904.0292819320915,3336.713471583586,0.8918612086430329,0.30134309397736386,1.1122378238611954,0.4546081397113393,0.25458345491226,1.056422018847036
WbHt_8000_3000,WbHt,8000,3000,85,180,0.8,1.4,/eos/uscms/store/user/aji/rootfiles_existingOptimization/WbHt_8000_3000_pt180_ak8_ca14_th85.root,ok,,1000,1000,1.0,0.0,0.216,0.013013224043256921,0.1095,0.5675,0.384,0.384,0.616,0.015379986996093333,2706.984029629315,1142.759878853488,3475.1230271479894,0.9023280098764382,0.3809199596178293,1.1583743423826631,0.43080474852559203,0.25422200943532286,1.056571947537948
WbHt_8000_3000,WbHt,8000,3000,85,300,1.4,1.4,/eos/uscms/store/user/aji/rootfiles_existingOptimization/WbHt_8000_3000_pt300_ak14_ca14_th85.root,ok,,1000,1000,1.0,0.0,0.152,0.011353237423748346,0.077,0.543,0.371,0.371,0.629,0.015276092432294327,2991.8433668934367,1230.623823922291,3788.24400102867,0.9972811222978122,0.4102079413074303,1.2627480003428901,0.4274321653011651,0.24562580935354944,1.056704053071384
WbHt_8000_3000,WbHt,8000,3000,85,260,0.6,1.2,/eos/uscms/store/user/aji/rootfiles_existingOptimization/WbHt_8000_3000_pt260_ak6_ca12_th85.root,ok,,1000,1000,1.0,0.0,0.293,0.014392741226048637,0.151,0.5765,0.399,0.399,0.601,0.015485444778888335,2607.616039034425,947.1882386588919,3256.2185737712093,0.8692053463448083,0.3157294128862973,1.0854061912570696,0.44274737932033287,0.23179813588787274,1.056826844685852
WbHt_8000_3000,WbHt,8000,3000,85,240,1.6,1.4,/eos/uscms/store/user/aji/rootfiles_existingOptimization/WbHt_8000_3000_pt240_ak16_ca14_th85.root,ok,,1000,1000,1.0,0.0,0.063,0.007683163410991596,0.032,0.5195,0.365,0.365,0.635,0.015224158433227107,3169.0056116084033,1525.6882968799746,4165.966124854344,1.0563352038694678,0.5085627656266581,1.388655374951448,0.4165782822066885,0.16755049088696716,1.0572118025936352
WbHt_8000_3000,WbHt,8000,3000,85,380,0.4,0.8,/eos/uscms/store/user/aji/rootfiles_existingOptimization/WbHt_8000_3000_pt380_ak4_ca8_th85.root,ok,,1000,1000,1.0,0.0,0.411,0.015558888135082145,0.225,0.606,0.454,0.454,0.546,0.015744332313566048,2490.94510380664,424.7764700196562,2887.694995058943,0.8303150346022135,0.14159215667321873,0.9625649983529809,0.49437430822451206,0.12465850777138576,1.0573428047642908
WbHt_8000_3000,WbHt,8000,3000,85,280,1.4,1.4,/eos/uscms/store/user/aji/rootfiles_existingOptimization/WbHt_8000_3000_pt280_ak14_ca14_th85.root,ok,,1000,1000,1.0,0.0,0.145,0.01113440613593738,0.0735,0.5445,0.373,0.373,0.627,0.015292841462592882,2997.067807893319,1239.232685401199,3818.740138779125,0.9990226026311064,0.4130775618003996,1.2729133795930418,0.4303385206341224,0.24094306438042523,1.0574362603710117
WbHt_8000_3000,WbHt,8000,3000,85,120,0.6,1.4,/eos/uscms/store/user/aji/rootfiles_existingOptimization/WbHt_8000_3000_pt120_ak6_ca14_th85.root,ok,,1000,1000,1.0,0.0,0.213,0.012947239087929134,0.1075,0.575,0.388,0.388,0.612,0.015409607392792329,2635.895600165766,1128.6298458009587,3417.095883238405,0.8786318667219222,0.3762099486003196,1.1390319610794684,0.4340964864643214,0.21840575843810806,1.0582332997921293
WbHt_8000_3000,WbHt,8000,3000,85,320,1.6,1.4,/eos/uscms/store/user/aji/rootfiles_existingOptimization/WbHt_8000_3000_pt320_ak16_ca14_th85.root,ok,,1000,1000,1.0,0.0,0.078,0.008480330182251162,0.0395,0.521,0.359,0.359,0.641,0.01516967369457893,3107.125317578721,1444.7333327083352,4017.089724004354,1.035708439192907,0.48157777756944503,1.3390299080014514,0.4139447444785669,0.20804386671542494,1.0585155883978576
WbHt_8000_3000,WbHt,8000,3000,85,160,1.4,1.2,/eos/uscms/store/user/aji/rootfiles_existingOptimization/WbHt_8000_3000_pt160_ak14_ca12_th85.root,ok,,1000,1000,1.0,0.0,0.069,0.008014923580421713,0.0345,0.5355,0.407,0.407,0.593,0.015535475531827148,3212.512949170984,1794.4026760117947,4763.8752084801945,1.0708376497236616,0.5981342253372649,1.5879584028267315,0.46217285026581706,0.07331172515829032,1.0622566152381832
WbHt_8000_3000,WbHt,8000,3000,85,320,0.4,1.0,/eos/uscms/store/user/aji/rootfiles_existingOptimization/WbHt_8000_3000_pt320_ak4_ca10_th85.root,ok,,1000,1000,1.0,0.0,0.388,0.015409607392792329,0.209,0.5835,0.418,0.418,0.5820000000000001,0.015597307459943206,2481.4976746916627,646.1647797442306,2950.4244136138454,0.8271658915638875,0.21538825991474356,0.9834748045379486,0.4642880904887267,0.16672294295801854,1.0635715013323381
WbHt_8000_3000,WbHt,8000,3000,85,200,0.8,1.4,/eos/uscms/store/user/aji/rootfiles_existingOptimization/WbHt_8000_3000_pt200_ak8_ca14_th85.root,ok,,1000,1000,1.0,0.0,0.227,0.013246546719805883,0.115,0.5665,0.384,0.384,0.616,0.015379986996093333,2688.917412781782,1115.4685825267986,3468.5995380843433,0.896305804260594,0.3718228608422662,1.1561998460281144,0.4375610318806976,0.2560456475370656,1.0639304514546382
WbHt_8000_3000,WbHt,8000,3000,85,320,1.2,1.4,/eos/uscms/store/user/aji/rootfiles_existingOptimization/WbHt_8000_3000_pt320_ak12_ca14_th85.root,ok,,1000,1000,1.0,0.0,0.226,0.013225883713385657,0.115,0.5635,0.384,0.384,0.616,0.015379986996093333,2871.1098098185494,1100.9578891193084,3651.6222138443295,0.9570366032728498,0.3669859630397695,1.2172074046147765,0.4441948399191008,0.2753270030247691,1.064491179591816
WbHt_8000_3000,WbHt,8000,3000,85,340,1.6,1.4,/eos/uscms/store/user/aji/rootfiles_existingOptimization/WbHt_8000_3000_pt340_ak16_ca14_th85.root,ok,,1000,1000,1.0,0.0,0.081,0.008627803892068943,0.041,0.5165,0.353,0.353,0.647,0.015112610628213776,3092.8420447078797,1431.1543360539063,4006.661085027521,1.03094734823596,0.4770514453513021,1.3355536950091738,0.4163657102018077,0.2236854193081066,1.0664604450254038
WbHt_8000_3000,WbHt,8000,3000,85,320,1.4,1.4,/eos/uscms/store/user/aji/rootfiles_existingOptimization/WbHt_8000_3000_pt320_ak14_ca14_th85.root,ok,,1000,1000,1.0,0.0,0.16,0.01159310139695155,0.081,0.5385,0.365,0.365,0.635,0.015224158433227107,2982.2778092530516,1212.3150251718444,3787.0595349624773,0.9940926030843507,0.4041050083906148,1.262353178320826,0.43167415554010874,0.25527337978852405,1.0672648952316737
WbHt_8000_3000,WbHt,8000,3000,85,280,0.6,1.2,/eos/uscms/store/user/aji/rootfiles_existingOptimization/WbHt_8000_3000_pt280_ak6_ca12_th85.root,ok,,1000,1000,1.0,0.0,0.311,0.014638271755914358,0.1615,0.5685,0.394,0.394,0.606,0.015451990163082553,2594.9967862293506,892.5202404815014,3231.2495527681735,0.8649989287431168,0.29750674682716716,1.0770831842560578,0.45062277623953306,0.2663979668087907,1.0701228833652214
WbHt_8000_3000,WbHt,8000,3000,85,200,1.4,1.4,/eos/uscms/store/user/aji/rootfiles_existingOptimization/WbHt_8000_3000_pt200_ak14_ca14_th85.root,ok,,1000,1000,1.0,0.0,0.118,0.01020176455325254,0.06,0.538,0.375,0.375,0.625,0.015309310892394862,3055.495717723935,1348.505076856467,4057.6994646037824,1.018498572574645,0.44950169228548903,1.352566488201261,0.44333139988253983,0.18040693179675954,1.0701812571400042
WbHt_8000_3000,WbHt,8000,3000,85,260,1.0,1.4,/eos/uscms/store/user/aji/rootfiles_existingOptimization/WbHt_8000_3000_pt260_ak10_ca14_th85.root,ok,,1000,1000,1.0,0.0,0.239,0.01348625225924534,0.122,0.5665,0.385,0.385,0.615,0.015387494922826133,2778.036552782816,1073.8975467188193,3565.4275728459006,0.9260121842609388,0.3579658489062731,1.1884758576153003,0.4484336290736104,0.2687718500824102,1.0708324106475167
WbHt_8000_3000,WbHt,8000,3000,85,200,0.4,1.2,/eos/uscms/store/user/aji/rootfiles_existingOptimization/WbHt_8000_3000_pt200_ak4_ca12_th85.root,ok,,1000,1000,1.0,0.0,0.303,0.014532412050310162,0.1565,0.5745,0.392,0.392,0.608,0.015438134602341048,2515.3273200274107,911.905880360578,3161.6806878156767,0.8384424400091368,0.3039686267868593,1.0538935626052255,0.4472131299855205,0.22123961586290278,1.071368885984607
WbHt_8000_3000,WbHt,8000,3000,85,100,1.0,1.4,/eos/uscms/store/user/aji/rootfiles_existingOptimization/WbHt_8000_3000_pt100_ak10_ca14_th85.root,ok,,1000,1000,1.0,0.0,0.103,0.009612023720320296,0.052,0.541,0.385,0.385,0.615,0.015387494922826133,3044.9734259776706,1694.180661226605,4467.269241166395,1.0149911419925568,0.564726887075535,1.489089747055465,0.4553551364819244,0.10091853972692223,1.07185425068118
WbHt_8000_3000,WbHt,8000,3000,85,300,0.6,1.2,/eos/uscms/store/user/aji/rootfiles_existingOptimization/WbHt_8000_3000_pt300_ak6_ca12_th85.root,ok,,1000,1000,1.0,0.0,0.314,0.01467664811869522,0.163,0.5655,0.392,0.392,0.608,0.015438134602341048,2589.3751873611427,884.006879331792,3221.724643770763,0.8631250624537143,0.294668959777264,1.0739082145902545,0.45140576302914254,0.27138141995265264,1.073093256783771
WbHt_8000_3000,WbHt,8000,3000,85,360,1.6,1.4,/eos/uscms/store/user/aji/rootfiles_existingOptimization/WbHt_8000_3000_pt360_ak16_ca14_th85.root,ok,,1000,1000,1.0,0.0,0.084,0.008771772910877254,0.0425,0.512,0.345,0.345,0.655,0.015032464867745409,3072.3445990032387,1411.346278622111,3975.738277456822,1.0241148663344128,0.47044875954070364,1.3252460924856073,0.4173346960602462,0.2402977075100512,1.0747461826936875
WbHt_8000_3000,WbHt,8000,3000,85,140,0.6,1.4,/eos/uscms/store/user/aji/rootfiles_existingOptimization/WbHt_8000_3000_pt140_ak6_ca14_th85.root,ok,,1000,1000,1.0,0.0,0.228,0.013267102170406317,0.1155,0.567,0.375,0.375,0.625,0.015309310892394862,2622.971450397622,1096.2722368750142,3395.7203765479335,0.8743238167992073,0.3654240789583381,1.1319067921826445,0.43832885396528826,0.2435741697496583,1.0758964722853674
WbHt_8000_3000,WbHt,8000,3000,85,400,0.4,0.8,/eos/uscms/store/user/aji/rootfiles_existingOptimization/WbHt_8000_3000_pt400_ak4_ca8_th85.root,ok,,1000,1000,1.0,0.0,0.417,0.015592017188292218,0.2305,0.6025,0.45,0.45,0.55,0.015732132722552274,2482.0362039344272,358.53299508622,2883.7162286688986,0.8273454013114758,0.11951099836207334,0.9612387428896328,0.5086918614603316,0.12297850316347056,1.075957321329184
WbHt_8000_3000,WbHt,8000,3000,85,220,1.6,1.4,/eos/uscms/store/user/aji/rootfiles_existingOptimization/WbHt_8000_3000_pt220_ak16_ca14_th85.root,ok,,1000,1000,1.0,0.0,0.06,0.007509993342207435,0.0305,0.5085,0.361,0.361,0.639,0.01518812035770062,3195.6588863987495,1567.2726628878902,4323.126810656306,1.0652196287995832,0.52242422096263,1.4410422702187684,0.4311871582254577,0.14675020328084615,1.076709121105416
WbHt_8000_3000,WbHt,8000,3000,85,360,0.8,1.2,/eos/uscms/store/user/aji/rootfiles_existingOptimization/WbHt_8000_3000_pt360_ak8_ca12_th85.root,ok,,1000,1000,1.0,0.0,0.323,0.014787528529135625,0.17,0.5645,0.398,0.398,0.602,0.015478888849009803,2660.796647738121,829.9309799353538,3302.3071526429903,0.886932215912707,0.27664365997845125,1.1007690508809969,0.46459322150930704,0.2701306450703851,1.0778999999180363
WbHt_8000_3000,WbHt,8000,3000,85,140,1.2,1.4,/eos/uscms/store/user/aji/rootfiles_existingOptimization/WbHt_8000_3000_pt140_ak12_ca14_th85.root,ok,,1000,1000,1.0,0.0,0.121,0.010313049985334114,0.061,0.5365,0.387,0.387,0.613,0.015402305022301045,3041.4773998656424,1550.2886537115548,4375.254029890173,1.0138257999552143,0.5167628845705183,1.458418009963391,0.46440676762934535,0.1264360703018544,1.0787893476248667
WbHt_8000_3000,WbHt,8000,3000,85,380,1.6,1.4,/eos/uscms/store/user/aji/rootfiles_existingOptimization/WbHt_8000_3000_pt380_ak16_ca14_th85.root,ok,,1000,1000,1.0,0.0,0.088,0.008958571314668427,0.0445,0.511,0.342,0.342,0.6579999999999999,0.01500119995200384,3046.817539950426,1385.8562068693068,3945.581334005932,1.015605846650142,0.4619520689564356,1.3151937780019776,0.4200653786406708,0.2541510032884926,1.0796259633056848
WbHt_8000_3000,WbHt,8000,3000,85,340,1.4,1.4,/eos/uscms/store/user/aji/rootfiles_existingOptimization/WbHt_8000_3000_pt340_ak14_ca14_th85.root,ok,,1000,1000,1.0,0.0,0.168,0.011822690049223147,0.085,0.53,0.355,0.355,0.645,0.015131919904625453,2972.753210566668,1181.1458432038548,3776.5237330601267,0.990917736855556,0.3937152810679516,1.2588412443533756,0.4365276405439555,0.2814463660238177,1.0824358668584
WbHt_8000_3000,WbHt,8000,3000,85,340,0.4,1.0,/eos/uscms/store/user/aji/rootfiles_existingOptimization/WbHt_8000_3000_pt340_ak4_ca10_th85.root,ok,,1000,1000,1.0,0.0,0.404,0.015517216245190372,0.218,0.578,0.412,0.412,0.5880000000000001,0.01556457516284977,2473.968803466123,586.3581036030979,2947.410260036412,0.8246562678220409,0.1954527012010326,0.9824700866788041,0.477179047917943,0.17077967822216034,1.082713421135739
WbHt_8000_3000,WbHt,8000,3000,85,340,1.2,1.4,/eos/uscms/store/user/aji/rootfiles_existingOptimization/WbHt_8000_3000_pt340_ak12_ca14_th85.root,ok,,1000,1000,1.0,0.0,0.241,0.013524755080961725,0.123,0.555,0.372,0.372,0.628,0.015284501954594399,2856.591679241027,1058.6156463611098,3637.4321963272637,0.9521972264136758,0.35287188212036996,1.2124773987757544,0.4513799729773286,0.29769803869961864,1.084160250335961
WbHt_8000_3000,WbHt,8000,3000,85,220,0.8,1.4,/eos/uscms/store/user/aji/rootfiles_existingOptimization/WbHt_8000_3000_pt220_ak8_ca14_th85.root,ok,,1000,1000,1.0,0.0,0.24,0.013505554412907307,0.122,0.5565,0.369,0.369,0.631,0.015259062880793171,2674.56394804661,1089.4153113312075,3465.442016338146,0.8915213160155367,0.36313843711040245,1.155147338779382,0.4441895484948657,0.27717313729076576,1.086037416893312
WbHt_8000_3000,WbHt,8000,3000,85,360,1.2,1.4,/eos/uscms/store/user/aji/rootfiles_existingOptimization/WbHt_8000_3000_pt360_ak12_ca14_th85.root,ok,,1000,1000,1.0,0.0,0.248,0.01365635383255721,0.1265,0.5525,0.369,0.369,0.631,0.015259062880793171,2848.2877144461795,1044.506310500614,3610.7612196031055,0.9494292381487265,0.3481687701668713,1.2035870732010352,0.4504908152513437,0.3134274580605444,1.0865478914364712
WbHt_8000_3000,WbHt,8000,3000,85,280,1.0,1.4,/eos/uscms/store/user/aji/rootfiles_existingOptimization/WbHt_8000_3000_pt280_ak10_ca14_th85.root,ok,,1000,1000,1.0,0.0,0.254,0.013765318739498916,0.1295,0.5615,0.376,0.376,0.624,0.015317441039547044,2771.3937091109565,1032.3045730295769,3556.9196949257607,0.9237979030369854,0.3441015243431923,1.1856398983085867,0.4554775298790121,0.2911870124792555,1.0870977395753136
WbHt_8000_3000,WbHt,8000,3000,85,400,1.6,1.4,/eos/uscms/store/user/aji/rootfiles_existingOptimization/WbHt_8000_3000_pt400_ak16_ca14_th85.root,ok,,1000,1000,1.0,0.0,0.093,0.009184280047995052,0.0475,0.509,0.338,0.338,0.6619999999999999,0.014958475858188228,3035.4597373676424,1365.9013522741725,3943.097813024259,1.0118199124558807,0.45530045075805753,1.314365937674753,0.42451501316651247,0.25558564537467937,1.0876970044121004
WbHt_8000_3000,WbHt,8000,3000,85,120,1.2,1.2,/eos/uscms/store/user/aji/rootfiles_existingOptimization/WbHt_8000_3000_pt120_ak12_ca12_th85.root,ok,,1000,1000,1.0,0.0,0.09,0.009049861877399014,0.0455,0.5235,0.399,0.399,0.601,0.015485444778888335,3191.3611302931176,2030.6619609035815,5099.4039260074405,1.0637870434310392,0.6768873203011939,1.6998013086691468,0.4807888922338919,0.06707224862616584,1.0881675965769957
WbHt_8000_3000,WbHt,8000,3000,85,180,1.4,1.4,/eos/uscms/store/user/aji/rootfiles_existingOptimization/WbHt_8000_3000_pt180_ak14_ca14_th85.root,ok,,1000,1000,1.0,0.0,0.103,0.009612023720320296,0.052,0.5325,0.373,0.373,0.627,0.015292841462592882,3109.4003231089173,1426.6137826516351,4277.600231942083,1.036466774369639,0.475537927550545,1.4258667439806945,0.45844634865797934,0.14322789182199364,1.0890930260949432
WbHt_8000_3000,WbHt,8000,3000,85,380,0.8,1.2,/eos/uscms/store/user/aji/rootfiles_existingOptimization/WbHt_8000_3000_pt380_ak8_ca12_th85.root,ok,,1000,1000,1.0,0.0,0.336,0.014936666294725875,0.179,0.5555,0.388,0.388,0.612,0.015409607392792329,2642.6449131641807,791.4893871751343,3272.7582405913195,0.8808816377213936,0.2638297957250448,1.0909194135304396,0.4694669422017103,0.29323902608815755,1.093378778429571
WbHt_8000_3000,WbHt,8000,3000,85,160,0.6,1.4,/eos/uscms/store/user/aji/rootfiles_existingOptimization/WbHt_8000_3000_pt160_ak6_ca14_th85.root,ok,,1000,1000,1.0,0.0,0.242,0.013543854695026818,0.123,0.559,0.366,0.366,0.634,0.01523299051401267,2602.844795882347,1055.4709901314875,3382.3439254094387,0.8676149319607823,0.35182366337716253,1.1274479751364797,0.4469864931937206,0.27152098305869965,1.0942249999976423
WbHt_8000_3000,WbHt,8000,3000,85,100,0.4,1.4,/eos/uscms/store/user/aji/rootfiles_existingOptimization/WbHt_8000_3000_pt100_ak4_ca14_th85.root,ok,,1000,1000,1.0,0.0,0.229,0.013287550564344055,0.116,0.558,0.362,0.362,0.638,0.015197236590906913,2545.493270007134,1079.863310241948,3327.521660728872,0.8484977566690446,0.35995443674731603,1.109173886909624,0.4414976022467788,0.24704878260009236,1.0946478265798745
WbHt_8000_3000,WbHt,8000,3000,85,380,1.2,1.4,/eos/uscms/store/user/aji/rootfiles_existingOptimization/WbHt_8000_3000_pt380_ak12_ca14_th85.root,ok,,1000,1000,1.0,0.0,0.257,0.013818502089589886,0.132,0.548,0.363,0.363,0.637,0.015206281596761254,2843.183363049423,1025.4411902388201,3598.6326600919833,0.9477277876831409,0.34181373007960675,1.1995442200306612,0.45251943706742104,0.3201058714811711,1.094746658299107
WbHt_8000_3000,WbHt,8000,3000,85,220,0.4,1.2,/eos/uscms/store/user/aji/rootfiles_existingOptimization/WbHt_8000_3000_pt220_ak4_ca12_th85.root,ok,,1000,1000,1.0,0.0,0.326,0.01482309009619789,0.1695,0.5635,0.38,0.38,0.62,0.015349267083479915,2495.2361168604602,866.3912169594067,3155.3562689322475,0.8317453722868202,0.28879707231980223,1.051785422977416,0.4586670248370818,0.24858630903484605,1.0954924876083998
WbHt_8000_3000,WbHt,8000,3000,85,360,1.4,1.4,/eos/uscms/store/user/aji/rootfiles_existingOptimization/WbHt_8000_3000_pt360_ak14_ca14_th85.root,ok,,1000,1000,1.0,0.0,0.18,0.012149074038789953,0.091,0.5235,0.346,0.346,0.654,0.015042739112276061,2954.648827639811,1149.0406882737511,3765.682632764492,0.9848829425466037,0.38301356275791704,1.2552275442548306,0.4428008364332299,0.30283541181909673,1.0983125421785696
WbHt_8000_3000,WbHt,8000,3000,85,320,0.6,1.2,/eos/uscms/store/user/aji/rootfiles_existingOptimization/WbHt_8000_3000_pt320_ak6_ca12_th85.root,ok,,1000,1000,1.0,0.0,0.329,0.014857960829131298,0.1725,0.5575,0.382,0.382,0.618,0.01536476488593301,2568.339877968171,824.9437765374965,3218.558682984047,0.856113292656057,0.2749812588458322,1.0728528943280158,0.465984842383897,0.2943812713528612,1.0983735131182912
WbHt_8000_3000,WbHt,8000,3000,85,300,1.0,1.4,/eos/uscms/store/user/aji/rootfiles_existingOptimization/WbHt_8000_3000_pt300_ak10_ca14_th85.root,ok,,1000,1000,1.0,0.0,0.264,0.013939296969359681,0.135,0.5555,0.366,0.366,0.634,0.01523299051401267,2757.163194009835,1013.173307195732,3552.186882829128,0.9190543980032784,0.3377244357319107,1.1840622942763759,0.46043948017832464,0.3049382027815115,1.1025340403779968
WbHt_8000_3000,WbHt,8000,3000,85,180,0.6,1.4,/eos/uscms/store/user/aji/rootfiles_existingOptimization/WbHt_8000_3000_pt180_ak6_ca14_th85.root,ok,,1000,1000,1.0,0.0,0.255,0.013783141876945184,0.1295,0.554,0.36,0.36,0.64,0.015178932768808221,2597.2345286409472,1040.831563256094,3379.3017795788573,0.8657448428803156,0.34694385441869796,1.1264339265262857,0.45018464650291184,0.27542306958872986,1.1036101622148804
WbHt_8000_3000,WbHt,8000,3000,85,240,0.8,1.4,/eos/uscms/store/user/aji/rootfiles_existingOptimization/WbHt_8000_3000_pt240_ak8_ca14_th85.root,ok,,1000,1000,1.0,0.0,0.255,0.013783141876945184,0.13,0.549,0.36,0.36,0.64,0.015178932768808221,2664.1178715380684,1039.0579153372464,3461.837034074113,0.8880392905126894,0.34635263844574876,1.1539456780247044,0.45470569163257973,0.2919889513309717,1.1059017625813108
WbHt_8000_3000,WbHt,8000,3000,85,200,1.6,1.4,/eos/uscms/store/user/aji/rootfiles_existingOptimization/WbHt_8000_3000_pt200_ak16_ca14_th85.root,ok,,1000,1000,1.0,0.0,0.056,0.007270763371201128,0.0285,0.4905,0.353,0.353,0.647,0.015112610628213776,3274.6981614512897,1608.412493563757,4561.050993684257,1.0915660538170964,0.5361374978545856,1.5203503312280857,0.4508260539670536,0.11694716128605326,1.1069826593487633
WbHt_8000_3000,WbHt,8000,3000,85,360,0.4,1.0,/eos/uscms/store/user/aji/rootfiles_existingOptimization/WbHt_8000_3000_pt360_ak4_ca10_th85.root,ok,,1000,1000,1.0,0.0,0.417,0.015592017188292218,0.2265,0.57,0.402,0.402,0.598,0.015504708962118573,2460.1606298502365,508.4757606967438,2929.7236682356856,0.8200535432834122,0.16949192023224793,0.9765745560785618,0.49209142650297927,0.22096520384798507,1.108086072174638
WbHt_8000_3000,WbHt,8000,3000,85,380,1.4,1.4,/eos/uscms/store/user/aji/rootfiles_existingOptimization/WbHt_8000_3000_pt380_ak14_ca14_th85.root,ok,,1000,1000,1.0,0.0,0.187,0.012330085157856777,0.0945,0.518,0.339,0.339,0.661,0.014969268519202933,2943.7729693885585,1129.4528976544384,3759.910929282699,0.9812576564628528,0.37648429921814613,1.2533036430942328,0.4467834406697851,0.3133666799867064,1.1096576750234999
WbHt_8000_3000,WbHt,8000,3000,85,400,0.8,1.2,/eos/uscms/store/user/aji/rootfiles_existingOptimization/WbHt_8000_3000_pt400_ak8_ca12_th85.root,ok,,1000,1000,1.0,0.0,0.352,0.015102847413650183,0.1885,0.5505,0.381,0.381,0.619,0.015357050498061143,2635.636527720496,748.5332168514836,3271.105250386273,0.8785455092401653,0.24951107228382788,1.0903684167954242,0.47855081818062867,0.3094128327416913,1.1096962672566122
WbHt_8000_3000,WbHt,8000,3000,85,120,0.4,1.4,/eos/uscms/store/user/aji/rootfiles_existingOptimization/WbHt_8000_3000_pt120_ak4_ca14_th85.root,ok,,1000,1000,1.0,0.0,0.247,0.013637851736985557,0.126,0.551,0.351,0.351,0.649,0.015093011627902497,2528.9847493278467,1031.5090360234187,3293.0046434147725,0.8429949164426156,0.3438363453411396,1.0976682144715908,0.44711531138976096,0.25923603757902836,1.1118158197454995
WbHt_8000_3000,WbHt,8000,3000,85,100,0.8,1.6,/eos/uscms/store/user/aji/rootfiles_existingOptimization/WbHt_8000_3000_pt100_ak8_ca16_th85.root,ok,,1000,1000,1.0,0.0,0.175,0.012015614840697915,0.088,0.5455,0.341,0.341,0.659,0.014990630407024249,2720.9446377264358,1245.0779577032988,3667.683084573723,0.906981545908812,0.4150259859010996,1.222561028191241,0.4451772177354372,0.25356740639826625,1.1134790631445561
WbHt_8000_3000,WbHt,8000,3000,85,200,0.6,1.4,/eos/uscms/store/user/aji/rootfiles_existingOptimization/WbHt_8000_3000_pt200_ak6_ca14_th85.root,ok,,1000,1000,1.0,0.0,0.262,0.013905250806799567,0.1335,0.548,0.353,0.353,0.647,0.015112610628213776,2589.3306086296643,1019.7392815169446,3378.813333404444,0.8631102028765548,0.3399130938389815,1.1262711111348147,0.45553743581936373,0.2884892406998181,1.1162264155317083
WbHt_8000_3000,WbHt,8000,3000,85,320,1.0,1.4,/eos/uscms/store/user/aji/rootfiles_existingOptimization/WbHt_8000_3000_pt320_ak10_ca14_th85.root,ok,,1000,1000,1.0,0.0,0.275,0.014120021246442939,0.142,0.548,0.358,0.358,0.642,0.01516034300403523,2748.4284219063134,977.5384083634044,3542.2859431196266,0.9161428073021045,0.3258461361211348,1.1807619810398755,0.46658437860595803,0.312806160492703,1.1169700978757477
WbHt_8000_3000,WbHt,8000,3000,85,400,1.2,1.4,/eos/uscms/store/user/aji/rootfiles_existingOptimization/WbHt_8000_3000_pt400_ak12_ca14_th85.root,ok,,1000,1000,1.0,0.0,0.271,0.014055568291606,0.14,0.5405,0.352,0.352,0.648,0.015102847413650183,2825.8386200653445,977.424286799311,3596.477765321777,0.9419462066884481,0.32580809559977025,1.1988259217739257,0.4634117213781132,0.33573559570714767,1.1172171007092684
WbHt_8000_3000,WbHt,8000,3000,85,340,0.6,1.2,/eos/uscms/store/user/aji/rootfiles_existingOptimization/WbHt_8000_3000_pt340_ak6_ca12_th85.root,ok,,1000,1000,1.0,0.0,0.344,0.015022117027902558,0.182,0.551,0.372,0.372,0.628,0.015284501954594399,2561.629800656832,770.1377125847988,3215.914577840608,0.853876600218944,0.2567125708615996,1.0719715259468694,0.47738686999750773,0.31524082846916535,1.1199992099756133
WbHt_8000_3000,WbHt,8000,3000,85,400,1.4,1.4,/eos/uscms/store/user/aji/rootfiles_existingOptimization/WbHt_8000_3000_pt400_ak14_ca14_th85.root,ok,,1000,1000,1.0,0.0,0.189,0.012380589646701001,0.0965,0.513,0.334,0.334,0.6659999999999999,0.014914556647785413,2925.6017623056805,1109.099148857807,3756.647361542508,0.975200587435227,0.3696997162859357,1.252215787180836,0.45247925517349896,0.3180560177676981,1.1209591964299763
WbHt_8000_3000,WbHt,8000,3000,85,240,0.4,1.2,/eos/uscms/store/user/aji/rootfiles_existingOptimization/WbHt_8000_3000_pt240_ak4_ca12_th85.root,ok,,1000,1000,1.0,0.0,0.341,0.01499063040702425,0.1775,0.5505,0.364,0.364,0.636,0.015215255502291114,2468.224057680661,813.0202645730867,3123.607739484761,0.8227413525602204,0.27100675485769554,1.0412025798282536,0.4680668004433287,0.28416194278079054,1.1217926651873067
WbHt_8000_3000,WbHt,8000,3000,85,260,0.8,1.4,/eos/uscms/store/user/aji/rootfiles_existingOptimization/WbHt_8000_3000_pt260_ak8_ca14_th85.root,ok,,1000,1000,1.0,0.0,0.271,0.014055568291606,0.1395,0.541,0.35,0.35,0.65,0.015083103128998356,2653.7307806691206,989.5720758237701,3444.291234574856,0.8845769268897068,0.32985735860792337,1.1480970781916187,0.4625034266158952,0.30896745044928337,1.1240457339269245
WbHt_8000_3000,WbHt,8000,3000,85,160,1.0,1.6,/eos/uscms/store/user/aji/rootfiles_existingOptimization/WbHt_8000_3000_pt160_ak10_ca16_th85.root,ok,,1000,1000,1.0,0.0,0.197,0.012577400367325514,0.0995,0.5395,0.336,0.336,0.6639999999999999,0.014936666294725877,2759.4707632819845,1197.250667690704,3697.945748078335,0.9198235877606615,0.3990835558969013,1.2326485826927782,0.45311135629018623,0.28261023544803354,1.12512899751412
WbHt_8000_3000,WbHt,8000,3000,85,180,1.2,1.6,/eos/uscms/store/user/aji/rootfiles_existingOptimization/WbHt_8000_3000_pt180_ak12_ca16_th85.root,ok,,1000,1000,1.0,0.0,0.178,0.012096115078817662,0.0895,0.5305,0.337,0.337,0.663,0.014947608504372864,2877.2036797349147,1223.1060622555037,3880.5837086609404,0.9590678932449714,0.4077020207518346,1.2935279028869802,0.46181604471086285,0.26121859973372785,1.1289092553863658
WbHt_8000_3000,WbHt,8000,3000,85,220,1.4,1.6,/eos/uscms/store/user/aji/rootfiles_existingOptimization/WbHt_8000_3000_pt220_ak14_ca16_th85.root,ok,,1000,1000,1.0,0.0,0.142,0.011037934589405754,0.072,0.5105,0.324,0.324,0.6759999999999999,0.014799459449588017,2990.6801829422106,1262.1401304929855,3973.034242969855,0.9968933943140703,0.42071337683099513,1.3243447476566181,0.45322367265126784,0.25428293402835556,1.1295343332198606
WbHt_8000_3000,WbHt,8000,3000,85,360,0.6,1.2,/eos/uscms/store/user/aji/rootfiles_existingOptimization/WbHt_8000_3000_pt360_ak6_ca12_th85.root,ok,,1000,1000,1.0,0.0,0.354,0.015122301412152848,0.1885,0.546,0.367,0.367,0.633,0.015241751867813621,2550.682658376838,724.6290032122536,3186.2969797379833,0.8502275527922792,0.2415430010707512,1.0620989932459945,0.48255081212106693,0.330259865377258,1.130528056841839
WbHt_8000_3000,WbHt,8000,3000,85,140,1.0,1.6,/eos/uscms/store/user/aji/rootfiles_existingOptimization/WbHt_8000_3000_pt140_ak10_ca16_th85.root,ok,,1000,1000,1.0,0.0,0.184,0.012253326079069307,0.093,0.532,0.333,0.333,0.667,0.01490338887635963,2774.390242918474,1230.071588667527,3771.642260120136,0.9247967476394914,0.41002386288917575,1.2572140867067119,0.45804130798467724,0.2687718500824102,1.1325616332207282
WbHt_8000_3000,WbHt,8000,3000,85,280,0.8,1.4,/eos/uscms/store/user/aji/rootfiles_existingOptimization/WbHt_8000_3000_pt280_ak8_ca14_th85.root,ok,,1000,1000,1.0,0.0,0.283,0.014244683218660919,0.1455,0.538,0.346,0.346,0.654,0.015042739112276061,2647.6125578748442,964.4947134187381,3436.486988717657,0.8825375192916147,0.3214982378062461,1.1454956629058857,0.46683421785910956,0.31499605601342434,1.132580465929948
WbHt_8000_3000,WbHt,8000,3000,85,140,0.4,1.4,/eos/uscms/store/user/aji/rootfiles_existingOptimization/WbHt_8000_3000_pt140_ak4_ca14_th85.root,ok,,1000,1000,1.0,0.0,0.267,0.013989674763910703,0.1365,0.5405,0.337,0.337,0.663,0.014947608504372864,2498.7796846549163,1003.8617437498939,3268.4237047912006,0.8329265615516388,0.33462058124996463,1.0894745682637335,0.4531335785519731,0.2809416243394404,1.1328409223968092
WbHt_8000_3000,WbHt,8000,3000,85,260,0.4,1.2,/eos/uscms/store/user/aji/rootfiles_existingOptimization/WbHt_8000_3000_pt260_ak4_ca12_th85.root,ok,,1000,1000,1.0,0.0,0.361,0.01518812035770062,0.189,0.547,0.359,0.359,0.641,0.01516967369457893,2450.2765123264508,759.1048524574319,3083.577279579053,0.8167588374421502,0.25303495081914396,1.0278590931930176,0.47432859422764023,0.30251772762715035,1.1336527104834253
WbHt_8000_3000,WbHt,8000,3000,85,180,1.0,1.6,/eos/uscms/store/user/aji/rootfiles_existingOptimization/WbHt_8000_3000_pt180_ak10_ca16_th85.root,ok,,1000,1000,1.0,0.0,0.205,0.0127661662216971,0.1035,0.5355,0.333,0.333,0.667,0.01490338887635963,2730.2749012990716,1167.5418262876296,3669.971737321598,0.9100916337663573,0.38918060876254323,1.2233239124405326,0.4582743499277867,0.30243899770817745,1.134265186551151
WbHt_8000_3000,WbHt,8000,3000,85,220,1.2,1.6,/eos/uscms/store/user/aji/rootfiles_existingOptimization/WbHt_8000_3000_pt220_ak12_ca16_th85.root,ok,,1000,1000,1.0,0.0,0.195,0.012528966437819204,0.0985,0.5315,0.333,0.333,0.667,0.01490338887635963,2837.7134458677674,1170.7351553697906,3793.247968857017,0.9459044819559225,0.39024505178993024,1.2644159896190057,0.46208203603258236,0.29127693919585607,1.1344915878369901
WbHt_8000_3000,WbHt,8000,3000,85,120,1.0,1.6,/eos/uscms/store/user/aji/rootfiles_existingOptimization/WbHt_8000_3000_pt120_ak10_ca16_th85.root,ok,,1000,1000,1.0,0.0,0.155,0.011444430960078356,0.078,0.525,0.331,0.331,0.669,0.014880826589944525,2853.9173027163865,1326.9624151791766,3964.7640508181826,0.9513057675721288,0.4423208050597255,1.321588016939394,0.46213701306767374,0.22195088334413826,1.136006436310461
WbHt_8000_3000,WbHt,8000,3000,85,160,1.2,1.6,/eos/uscms/store/user/aji/rootfiles_existingOptimization/WbHt_8000_3000_pt160_ak12_ca16_th85.root,ok,,1000,1000,1.0,0.0,0.158,0.011534123287012324,0.0795,0.52,0.33,0.33,0.6699999999999999,0.014869431730903505,2927.3319612931004,1293.0118464364907,4011.3006714125804,0.9757773204310334,0.4310039488121636,1.3371002238041936,0.46429459673841217,0.2413815159017685,1.1367168646953087
WbHt_8000_3000,WbHt,8000,3000,85,340,1.0,1.4,/eos/uscms/store/user/aji/rootfiles_existingOptimization/WbHt_8000_3000_pt340_ak10_ca14_th85.root,ok,,1000,1000,1.0,0.0,0.288,0.014319776534569246,0.149,0.54,0.347,0.347,0.653,0.01505293991218991,2726.1410398618464,947.8029472526204,3536.4010032173405,0.9087136799539488,0.3159343157508735,1.1788003344057802,0.47477331842227494,0.3280209307962936,1.13690195042688
WbHt_8000_3000,WbHt,8000,3000,85,200,1.2,1.6,/eos/uscms/store/user/aji/rootfiles_existingOptimization/WbHt_8000_3000_pt200_ak12_ca16_th85.root,ok,,1000,1000,1.0,0.0,0.188,0.012355403676124872,0.0945,0.5285,0.331,0.331,0.669,0.014880826589944525,2859.864961066449,1197.3507384066852,3847.31694194618,0.9532883203554829,0.39911691280222844,1.2824389806487266,0.46330268030405836,0.2793763266230281,1.1369738482685101
WbHt_8000_3000,WbHt,8000,3000,85,240,1.4,1.6,/eos/uscms/store/user/aji/rootfiles_existingOptimization/WbHt_8000_3000_pt240_ak14_ca16_th85.root,ok,,1000,1000,1.0,0.0,0.151,0.01132249972400088,0.0765,0.507,0.318,0.318,0.6819999999999999,0.014726710426975877,2965.2938219648113,1232.5063923736666,3930.746042157057,0.9884312739882704,0.4108354641245555,1.310248680719019,0.45497003194029695,0.2753812074167207,1.13812690454147
WbHt_8000_3000,WbHt,8000,3000,85,120,0.8,1.6,/eos/uscms/store/user/aji/rootfiles_existingOptimization/WbHt_8000_3000_pt120_ak8_ca16_th85.root,ok,,1000,1000,1.0,0.0,0.202,0.012696298673235441,0.1015,0.5325,0.325,0.325,0.675,0.014811313243598623,2674.8308408718976,1169.4928132801713,3590.014863167371,0.8916102802906325,0.3898309377600571,1.1966716210557904,0.452462640422188,0.27460876445486493,1.1383016123931249
WbHt_8000_3000,WbHt,8000,3000,85,240,1.2,1.6,/eos/uscms/store/user/aji/rootfiles_existingOptimization/WbHt_8000_3000_pt240_ak12_ca16_th85.root,ok,,1000,1000,1.0,0.0,0.201,0.012672766075328622,0.102,0.53,0.332,0.332,0.6679999999999999,0.014892145580808697,2826.235525324678,1151.8647950794416,3780.144503586558,0.9420785084415593,0.3839549316931472,1.260048167862186,0.4649788888711212,0.29694320054041906,1.138771038026965
WbHt_8000_3000,WbHt,8000,3000,85,260,1.4,1.6,/eos/uscms/store/user/aji/rootfiles_existingOptimization/WbHt_8000_3000_pt260_ak14_ca16_th85.root,ok,,1000,1000,1.0,0.0,0.154,0.011414201680362931,0.078,0.5075,0.317,0.317,0.683,0.014714312760030622,2958.531942042162,1219.8264258011684,3911.8987923769123,0.986177314014054,0.40660880860038945,1.3039662641256375,0.4549676020596738,0.2898256259354374,1.1393498706582683
WbHt_8000_3000,WbHt,8000,3000,85,260,1.2,1.6,/eos/uscms/store/user/aji/rootfiles_existingOptimization/WbHt_8000_3000_pt260_ak12_ca16_th85.root,ok,,1000,1000,1.0,0.0,0.209,0.012857643641040918,0.106,0.5295,0.33,0.33,0.6699999999999999,0.014869431730903505,2810.4499376877015,1133.979539230478,3760.9876298188187,0.9368166458959005,0.37799317974349267,1.2536625432729396,0.46736432756914936,0.30119513592120284,1.1436826629795593
WbHt_8000_3000,WbHt,8000,3000,85,280,1.4,1.6,/eos/uscms/store/user/aji/rootfiles_existingOptimization/WbHt_8000_3000_pt280_ak14_ca16_th85.root,ok,,1000,1000,1.0,0.0,0.162,0.011651437679531225,0.082,0.505,0.315,0.315,0.685,0.014689281806814109,2952.0185007910404,1199.4434411216102,3900.6438022790953,0.9840061669303467,0.3998144803738701,1.3002146007596986,0.4575175190185387,0.3036991948596589,1.144116902325504
WbHt_8000_3000,WbHt,8000,3000,85,300,1.4,1.6,/eos/uscms/store/user/aji/rootfiles_existingOptimization/WbHt_8000_3000_pt300_ak14_ca16_th85.root,ok,,1000,1000,1.0,0.0,0.169,0.011850696182081457,0.0855,0.504,0.314,0.314,0.6859999999999999,0.014676648118695223,2940.058142357234,1181.6252494718228,3865.148519449908,0.9800193807857446,0.39387508315727426,1.288382839816636,0.4563724831350668,0.30805795623312926,1.1443705450564923
WbHt_8000_3000,WbHt,8000,3000,85,220,0.6,1.4,/eos/uscms/store/user/aji/rootfiles_existingOptimization/WbHt_8000_3000_pt220_ak6_ca14_th85.root,ok,,1000,1000,1.0,0.0,0.283,0.014244683218660919,0.145,0.537,0.338,0.338,0.6619999999999999,0.014958475858188228,2564.9644508215933,966.3012457801009,3371.9757911211777,0.8549881502738645,0.3221004152600336,1.123991930373726,0.46894890581631776,0.30785429707788353,1.1454500907889313
WbHt_8000_3000,WbHt,8000,3000,85,200,1.4,1.6,/eos/uscms/store/user/aji/rootfiles_existingOptimization/WbHt_8000_3000_pt200_ak14_ca16_th85.root,ok,,1000,1000,1.0,0.0,0.134,0.010772372069326236,0.068,0.502,0.319,0.319,0.681,0.01473902981881779,3024.8294457564525,1287.726447511848,4095.7414974243475,1.0082764819188177,0.429242149170616,1.3652471658081158,0.46416088911258724,0.24294046632632016,1.145988537304469
WbHt_8000_3000,WbHt,8000,3000,85,300,0.8,1.4,/eos/uscms/store/user/aji/rootfiles_existingOptimization/WbHt_8000_3000_pt300_ak8_ca14_th85.root,ok,,1000,1000,1.0,0.0,0.296,0.01443551176785915,0.1525,0.533,0.339,0.339,0.661,0.014969268519202933,2630.94790559662,938.0425943944946,3426.3806887525625,0.8769826351988733,0.3126808647981648,1.1421268962508542,0.47289763682983066,0.3190672049258203,1.1461993733099434
WbHt_8000_3000,WbHt,8000,3000,85,280,0.4,1.2,/eos/uscms/store/user/aji/rootfiles_existingOptimization/WbHt_8000_3000_pt280_ak4_ca12_th85.root,ok,,1000,1000,1.0,0.0,0.374,0.015301111070768685,0.1975,0.542,0.352,0.352,0.648,0.015102847413650183,2434.024230955934,724.6308203928386,3058.5273778719716,0.8113414103186447,0.24154360679761283,1.019509125957324,0.4794316604979982,0.31674046311924803,1.1462975194661338
WbHt_8000_3000,WbHt,8000,3000,85,200,1.0,1.6,/eos/uscms/store/user/aji/rootfiles_existingOptimization/WbHt_8000_3000_pt200_ak10_ca16_th85.root,ok,,1000,1000,1.0,0.0,0.223,0.01316324428095141,0.113,0.5315,0.328,0.328,0.6719999999999999,0.01484641370836742,2713.33101509991,1123.012800637268,3648.7590215209407,0.90444367169997,0.3743376002124226,1.216253007173647,0.4654327479448118,0.3088667470337709,1.1469883807748147
WbHt_8000_3000,WbHt,8000,3000,85,140,0.8,1.6,/eos/uscms/store/user/aji/rootfiles_existingOptimization/WbHt_8000_3000_pt140_ak8_ca16_th85.root,ok,,1000,1000,1.0,0.0,0.215,0.012991343271578963,0.1085,0.5285,0.32,0.32,0.6799999999999999,0.01475127113166862,2646.0697911377592,1143.99168285704,3557.229922636433,0.8820232637125863,0.38133056095234663,1.1857433075454777,0.4560042686443556,0.290818520949939,1.147801942273097
WbHt_8000_3000,WbHt,8000,3000,85,280,1.2,1.6,/eos/uscms/store/user/aji/rootfiles_existingOptimization/WbHt_8000_3000_pt280_ak12_ca16_th85.root,ok,,1000,1000,1.0,0.0,0.218,0.0130566458173606,0.1105,0.526,0.326,0.326,0.6739999999999999,0.014823090096197892,2802.884598249185,1113.4029342915587,3736.259072305616,0.9342948660830617,0.3711343114305196,1.2454196907685386,0.4678851458337631,0.3160500181100913,1.148455659225457
WbHt_8000_3000,WbHt,8000,3000,85,380,0.4,1.0,/eos/uscms/store/user/aji/rootfiles_existingOptimization/WbHt_8000_3000_pt380_ak4_ca10_th85.root,ok,,1000,1000,1.0,0.0,0.437,0.01568537535413163,0.238,0.5565,0.386,0.386,0.614,0.015394934231752989,2435.3293821134566,409.31014830895737,2921.9176456530477,0.8117764607044856,0.1364367161029858,0.973972548551016,0.5158660499475372,0.277808610436936,1.1486884038770886
WbHt_8000_3000,WbHt,8000,3000,85,360,1.0,1.4,/eos/uscms/store/user/aji/rootfiles_existingOptimization/WbHt_8000_3000_pt360_ak10_ca14_th85.root,ok,,1000,1000,1.0,0.0,0.3,0.014491376746189439,0.1555,0.5355,0.341,0.341,0.659,0.014990630407024249,2711.998873129062,915.725641795198,3522.61816649861,0.903999624376354,0.3052418805983993,1.1742060554995366,0.48062197785790745,0.34503191839189024,1.1492220154202721
WbHt_8000_3000,WbHt,8000,3000,85,380,0.6,1.2,/eos/uscms/store/user/aji/rootfiles_existingOptimization/WbHt_8000_3000_pt380_ak6_ca12_th85.root,ok,,1000,1000,1.0,0.0,0.368,0.015250442616527561,0.198,0.5365,0.359,0.359,0.641,0.01516967369457893,2530.9315832569564,690.6543943795697,3186.2969797379833,0.843643861085652,0.23021813145985656,1.0620989932459945,0.49302845676825247,0.3502793986613464,1.1496640706596872
WbHt_8000_3000,WbHt,8000,3000,85,160,0.4,1.4,/eos/uscms/store/user/aji/rootfiles_existingOptimization/WbHt_8000_3000_pt160_ak4_ca14_th85.root,ok,,1000,1000,1.0,0.0,0.282,0.014229406171727617,0.1445,0.5325,0.326,0.326,0.6739999999999999,0.014823090096197892,2456.046500728253,972.641480024926,3233.1642801968137,0.8186821669094175,0.32421382667497534,1.0777214267322712,0.4601954400093017,0.2921480400036429,1.15232722331836
WbHt_8000_3000,WbHt,8000,3000,85,320,1.4,1.6,/eos/uscms/store/user/aji/rootfiles_existingOptimization/WbHt_8000_3000_pt320_ak14_ca16_th85.root,ok,,1000,1000,1.0,0.0,0.177,0.012069424178476784,0.0895,0.5,0.309,0.309,0.6910000000000001,0.014612289348353322,2920.6393348381807,1165.9465197361285,3853.9445515669763,0.9735464449460604,0.3886488399120429,1.2846481838556587,0.46017288060317396,0.3180560177676981,1.153818236108568
WbHt_8000_3000,WbHt,8000,3000,85,220,1.0,1.6,/eos/uscms/store/user/aji/rootfiles_existingOptimization/WbHt_8000_3000_pt220_ak10_ca16_th85.root,ok,,1000,1000,1.0,0.0,0.23,0.013307892395116516,0.1165,0.5275,0.323,0.323,0.677,0.014787528529135624,2697.47360159627,1096.9321404823445,3629.351613676674,0.8991578671987566,0.3656440468274481,1.209783871225558,0.4694057935721286,0.3117989524538718,1.156490006852253
WbHt_8000_3000,WbHt,8000,3000,85,160,1.4,1.4,/eos/uscms/store/user/aji/rootfiles_existingOptimization/WbHt_8000_3000_pt160_ak14_ca14_th85.root,ok,,1000,1000,1.0,0.0,0.094,0.009228434320078352,0.047,0.4945,0.348,0.348,0.652,0.015063067416698366,3206.584751428676,1567.2331569475145,4766.83706642962,1.0688615838095588,0.5224110523158382,1.5889456888098732,0.4989114833245152,0.11899415576010475,1.157797641705471
WbHt_8000_3000,WbHt,8000,3000,85,180,1.4,1.6,/eos/uscms/store/user/aji/rootfiles_existingOptimization/WbHt_8000_3000_pt180_ak14_ca16_th85.root,ok,,1000,1000,1.0,0.0,0.118,0.01020176455325254,0.0595,0.4975,0.317,0.317,0.683,0.014714312760030622,3077.6604261586235,1379.5092696462702,4293.756579156289,1.0258868087195412,0.4598364232154234,1.4312521930520963,0.4734517305321158,0.21701423141723325,1.15904041140407
WbHt_8000_3000,WbHt,8000,3000,85,320,0.8,1.4,/eos/uscms/store/user/aji/rootfiles_existingOptimization/WbHt_8000_3000_pt320_ak8_ca14_th85.root,ok,,1000,1000,1.0,0.0,0.307,0.01458598642533305,0.159,0.527,0.335,0.335,0.665,0.014925649064613572,2613.39654927603,904.0292819320915,3422.439240854524,0.8711321830920099,0.30134309397736386,1.1408130802848415,0.4818269848140899,0.33080272430247193,1.1597137665048889
WbHt_8000_3000,WbHt,8000,3000,85,280,1.6,1.6,/eos/uscms/store/user/aji/rootfiles_existingOptimization/WbHt_8000_3000_pt280_ak16_ca16_th85.root,ok,,1000,1000,1.0,0.0,0.096,0.009315793041926168,0.0485,0.4705,0.293,0.293,0.7070000000000001,0.014392741226048635,3064.7473148546824,1330.0025981415488,4095.6590530345393,1.0215824382848941,0.44333419938051627,1.3652196843448465,0.4512046460548293,0.3086781899139959,1.1603628898833187
WbHt_8000_3000,WbHt,8000,3000,85,240,0.6,1.4,/eos/uscms/store/user/aji/rootfiles_existingOptimization/WbHt_8000_3000_pt240_ak6_ca14_th85.root,ok,,1000,1000,1.0,0.0,0.294,0.014407081592050487,0.151,0.531,0.331,0.331,0.669,0.014880826589944525,2554.8864473171966,936.126668447065,3371.8915253839273,0.8516288157723988,0.3120422228156883,1.1239638417946425,0.47668749808716165,0.32075145261898097,1.160524616509922
WbHt_8000_3000,WbHt,8000,3000,85,260,1.6,1.6,/eos/uscms/store/user/aji/rootfiles_existingOptimization/WbHt_8000_3000_pt260_ak16_ca16_th85.root,ok,,1000,1000,1.0,0.0,0.091,0.009094998625618368,0.046,0.4705,0.292,0.292,0.708,0.014378317008607092,3080.3424445394403,1352.4407707018006,4125.193740731706,1.02678081484648,0.4508135902339335,1.3750645802439023,0.4500721948861885,0.30056159208272465,1.1607502763708364
WbHt_8000_3000,WbHt,8000,3000,85,300,1.6,1.6,/eos/uscms/store/user/aji/rootfiles_existingOptimization/WbHt_8000_3000_pt300_ak16_ca16_th85.root,ok,,1000,1000,1.0,0.0,0.099,0.009444522221901964,0.05,0.468,0.292,0.292,0.708,0.014378317008607092,3058.177127177224,1325.6093111534374,4088.076311122074,1.0193923757257415,0.44186977038447917,1.362692103707358,0.45165255070076077,0.31178220616602337,1.1615917882733349
WbHt_8000_3000,WbHt,8000,3000,85,380,1.0,1.4,/eos/uscms/store/user/aji/rootfiles_existingOptimization/WbHt_8000_3000_pt380_ak10_ca14_th85.root,ok,,1000,1000,1.0,0.0,0.31,0.014625320509308504,0.1615,0.5295,0.335,0.335,0.665,0.014925649064613572,2697.6181784993537,889.5215096154775,3516.7253827055783,0.8992060594997846,0.29650716987182585,1.1722417942351928,0.4869488006178059,0.3520980578691638,1.1620281946678275
WbHt_8000_3000,WbHt,8000,3000,85,300,1.2,1.6,/eos/uscms/store/user/aji/rootfiles_existingOptimization/WbHt_8000_3000_pt300_ak12_ca16_th85.root,ok,,1000,1000,1.0,0.0,0.232,0.013348258313353095,0.1175,0.52,0.318,0.318,0.6819999999999999,0.014726710426975877,2782.5760789767473,1087.6811440311499,3723.4981413412115,0.9275253596589157,0.36256038134371665,1.2411660471137371,0.4736289184012798,0.3255666274823936,1.1628763824353883
WbHt_8000_3000,WbHt,8000,3000,85,160,0.8,1.6,/eos/uscms/store/user/aji/rootfiles_existingOptimization/WbHt_8000_3000_pt160_ak8_ca16_th85.root,ok,,1000,1000,1.0,0.0,0.221,0.013120937466507492,0.112,0.5215,0.31,0.31,0.69,0.014625320509308506,2621.344348062783,1136.3782278810802,3556.191190775823,0.8737814493542609,0.3787927426270267,1.185397063591941,0.46155953617521195,0.30896745044928337,1.1641813912397858
WbHt_8000_3000,WbHt,8000,3000,85,100,0.6,1.6,/eos/uscms/store/user/aji/rootfiles_existingOptimization/WbHt_8000_3000_pt100_ak6_ca16_th85.root,ok,,1000,1000,1.0,0.0,0.221,0.013120937466507492,0.111,0.529,0.309,0.309,0.6910000000000001,0.014612289348353322,2590.6714018044268,1107.0087023793888,3489.236263937806,0.8635571339348089,0.3690029007931296,1.1630787546459354,0.45977030508368866,0.292301804227703,1.1644145916902078
WbHt_8000_3000,WbHt,8000,3000,85,240,1.6,1.6,/eos/uscms/store/user/aji/rootfiles_existingOptimization/WbHt_8000_3000_pt240_ak16_ca16_th85.root,ok,,1000,1000,1.0,0.0,0.088,0.008958571314668427,0.0445,0.4665,0.293,0.293,0.7070000000000001,0.014392741226048635,3112.345218063162,1382.6648342687645,4211.482824759491,1.037448406021054,0.4608882780895882,1.4038276082531638,0.45445119231521547,0.2705156948556925,1.165196032917321
WbHt_8000_3000,WbHt,8000,3000,85,320,1.6,1.6,/eos/uscms/store/user/aji/rootfiles_existingOptimization/WbHt_8000_3000_pt320_ak16_ca16_th85.root,ok,,1000,1000,1.0,0.0,0.104,0.009653186002558949,0.0525,0.465,0.289,0.289,0.7110000000000001,0.014334538709006299,3030.2574255373797,1302.3701839640594,4060.0897501460327,1.01008580851246,0.43412339465468647,1.3533632500486774,0.4550305764357502,0.31765938742073074,1.1670391572869963
WbHt_8000_3000,WbHt,8000,3000,85,140,1.2,1.6,/eos/uscms/store/user/aji/rootfiles_existingOptimization/WbHt_8000_3000_pt140_ak12_ca16_th85.root,ok,,1000,1000,1.0,0.0,0.134,0.010772372069326236,0.0675,0.501,0.323,0.323,0.677,0.014787528529135624,3013.7345477068643,1436.4321181907114,4388.041459229138,1.0045781825689548,0.4788107060635705,1.4626804864097127,0.4896929862791485,0.18911992002571326,1.167150804536044
WbHt_8000_3000,WbHt,8000,3000,85,300,0.4,1.2,/eos/uscms/store/user/aji/rootfiles_existingOptimization/WbHt_8000_3000_pt300_ak4_ca12_th85.root,ok,,1000,1000,1.0,0.0,0.39,0.01542400726140908,0.208,0.5345,0.342,0.342,0.6579999999999999,0.01500119995200384,2418.9113837098357,684.2088398586764,3055.2047961468465,0.8063037945699452,0.22806961328622546,1.0184015987156156,0.49009566292003265,0.3463125254848386,1.1674652834630381
WbHt_8000_3000,WbHt,8000,3000,85,120,1.2,1.4,/eos/uscms/store/user/aji/rootfiles_existingOptimization/WbHt_8000_3000_pt120_ak12_ca14_th85.root,ok,,1000,1000,1.0,0.0,0.093,0.009184280047995052,0.047,0.4865,0.347,0.347,0.653,0.01505293991218991,3204.9600924272336,1834.6090095380712,5097.506390573235,1.068320030809078,0.6115363365126903,1.699168796857745,0.5090386911126953,0.10168029523144298,1.1688706941936031
WbHt_8000_3000,WbHt,8000,3000,85,400,0.4,1.0,/eos/uscms/store/user/aji/rootfiles_existingOptimization/WbHt_8000_3000_pt400_ak4_ca10_th85.root,ok,,1000,1000,1.0,0.0,0.444,0.015711906313366306,0.244,0.554,0.382,0.382,0.618,0.01536476488593301,2423.1551842337913,337.03778219696704,2915.8445217315325,0.807718394744597,0.112345927398989,0.9719481739105108,0.5321175375629094,0.2908609196532163,1.1693456980884496
WbHt_8000_3000,WbHt,8000,3000,85,100,1.0,1.6,/eos/uscms/store/user/aji/rootfiles_existingOptimization/WbHt_8000_3000_pt100_ak10_ca16_th85.root,ok,,1000,1000,1.0,0.0,0.118,0.01020176455325254,0.0595,0.504,0.32,0.32,0.6799999999999999,0.01475127113166862,3007.6892525170388,1559.6094130630324,4502.663142215193,1.0025630841723463,0.5198698043543442,1.5008877140717312,0.489254953231823,0.16703729848857596,1.1695112616490575
WbHt_8000_3000,WbHt,8000,3000,85,340,1.4,1.6,/eos/uscms/store/user/aji/rootfiles_existingOptimization/WbHt_8000_3000_pt340_ak14_ca16_th85.root,ok,,1000,1000,1.0,0.0,0.185,0.012279047194306243,0.0935,0.4915,0.3,0.3,0.7,0.014491376746189439,2891.4754724938625,1136.9038501998946,3840.830847922933,0.9638251574979542,0.3789679500666315,1.2802769493076442,0.46756872459148585,0.32930763900149634,1.1711862088416904
WbHt_8000_3000,WbHt,8000,3000,85,240,1.0,1.6,/eos/uscms/store/user/aji/rootfiles_existingOptimization/WbHt_8000_3000_pt240_ak10_ca16_th85.root,ok,,1000,1000,1.0,0.0,0.239,0.01348625225924534,0.1215,0.523,0.316,0.316,0.6839999999999999,0.014701836619960107,2685.0014411408993,1064.4401954218602,3624.336220672899,0.8950004803802997,0.3548133984739534,1.208112073557633,0.47670291457335284,0.3166415414025636,1.171202866535323
WbHt_8000_3000,WbHt,8000,3000,85,260,0.6,1.4,/eos/uscms/store/user/aji/rootfiles_existingOptimization/WbHt_8000_3000_pt260_ak6_ca14_th85.root,ok,,1000,1000,1.0,0.0,0.304,0.014545927265045703,0.1565,0.5265,0.322,0.322,0.6779999999999999,0.014775520295407536,2546.3990114514218,917.4889178495126,3364.5480368901144,0.8487996704838072,0.30582963928317086,1.121516012296705,0.4804940443418181,0.32802934678301204,1.1736140772934371
WbHt_8000_3000,WbHt,8000,3000,85,400,0.6,1.2,/eos/uscms/store/user/aji/rootfiles_existingOptimization/WbHt_8000_3000_pt400_ak6_ca12_th85.root,ok,,1000,1000,1.0,0.0,0.384,0.015379986996093333,0.207,0.531,0.35,0.35,0.65,0.015083103128998356,2519.7108099859884,623.371646992401,3186.2969797379833,0.8399036033286629,0.207790548997467,1.0620989932459945,0.5085752941544578,0.38947581470046133,1.1745849338215915
WbHt_8000_3000,WbHt,8000,3000,85,320,1.2,1.6,/eos/uscms/store/user/aji/rootfiles_existingOptimization/WbHt_8000_3000_pt320_ak12_ca16_th85.root,ok,,1000,1000,1.0,0.0,0.244,0.013581752464244074,0.124,0.515,0.313,0.313,0.687,0.014663935351739654,2764.7540308200787,1055.3299467463582,3716.680030860039,0.9215846769400262,0.3517766489154528,1.2388933436200131,0.4812996119087444,0.3369505751195341,1.1761411442147418
WbHt_8000_3000,WbHt,8000,3000,85,340,1.6,1.6,/eos/uscms/store/user/aji/rootfiles_existingOptimization/WbHt_8000_3000_pt340_ak16_ca16_th85.root,ok,,1000,1000,1.0,0.0,0.108,0.009815090422405696,0.0545,0.4615,0.284,0.284,0.716,0.014259873772232349,3006.660354504858,1289.3888387182594,4055.794961459264,1.0022201181682862,0.4297962795727531,1.3519316538197546,0.4600463299082181,0.3306674459486775,1.1762683417250466
WbHt_8000_3000,WbHt,8000,3000,85,180,0.4,1.4,/eos/uscms/store/user/aji/rootfiles_existingOptimization/WbHt_8000_3000_pt180_ak4_ca14_th85.root,ok,,1000,1000,1.0,0.0,0.301,0.014505137021069467,0.1545,0.5215,0.313,0.313,0.687,0.014663935351739654,2434.964087367438,933.9869352454243,3226.546322380612,0.811654695789146,0.31132897841514146,1.0755154407935372,0.47075835718254655,0.29891904530049773,1.176592887603632
WbHt_8000_3000,WbHt,8000,3000,85,400,1.0,1.4,/eos/uscms/store/user/aji/rootfiles_existingOptimization/WbHt_8000_3000_pt400_ak10_ca14_th85.root,ok,,1000,1000,1.0,0.0,0.324,0.014799459449588015,0.171,0.5235,0.328,0.328,0.6719999999999999,0.01484641370836742,2672.006835492206,855.1590239197513,3498.973747442735,0.8906689451640686,0.28505300797325045,1.1663245824809116,0.4947245434415161,0.3647202510310692,1.1776576489251092
WbHt_8000_3000,WbHt,8000,3000,85,180,0.8,1.6,/eos/uscms/store/user/aji/rootfiles_existingOptimization/WbHt_8000_3000_pt180_ak8_ca16_th85.root,ok,,1000,1000,1.0,0.0,0.237,0.013447341744746431,0.12,0.517,0.303,0.303,0.6970000000000001,0.01453241205031016,2595.9881350766,1101.2460585379665,3537.2106783198637,0.8653293783588667,0.3670820195126555,1.1790702261066213,0.4691786890062229,0.3190672049258203,1.1796457511703362
WbHt_8000_3000,WbHt,8000,3000,85,220,1.6,1.6,/eos/uscms/store/user/aji/rootfiles_existingOptimization/WbHt_8000_3000_pt220_ak16_ca16_th85.root,ok,,1000,1000,1.0,0.0,0.085,0.008819013550278738,0.043,0.458,0.292,0.292,0.708,0.014378317008607092,3167.413553793289,1422.8785527384318,4380.311282487888,1.0558045179310964,0.4742928509128106,1.4601037608292962,0.4668529510785922,0.24630557415435406,1.1804334028717018
WbHt_8000_3000,WbHt,8000,3000,85,340,0.8,1.4,/eos/uscms/store/user/aji/rootfiles_existingOptimization/WbHt_8000_3000_pt340_ak8_ca14_th85.root,ok,,1000,1000,1.0,0.0,0.315,0.01468928180681411,0.164,0.5195,0.326,0.326,0.6739999999999999,0.014823090096197892,2589.1017264982447,869.2149319129909,3421.7892827763026,0.8630339088327483,0.28973831063766364,1.140596427592101,0.4929459365653554,0.3465728436105968,1.1806425456820806
WbHt_8000_3000,WbHt,8000,3000,85,120,0.6,1.6,/eos/uscms/store/user/aji/rootfiles_existingOptimization/WbHt_8000_3000_pt120_ak6_ca16_th85.root,ok,,1000,1000,1.0,0.0,0.239,0.01348625225924534,0.1205,0.5225,0.3,0.3,0.7,0.014491376746189439,2554.8864473171966,1081.7784345773593,3468.8994041969263,0.8516288157723988,0.3605928115257864,1.1562998013989754,0.46716772327126427,0.30402419227832733,1.1820048416940243
WbHt_8000_3000,WbHt,8000,3000,85,140,1.4,1.2,/eos/uscms/store/user/aji/rootfiles_existingOptimization/WbHt_8000_3000_pt140_ak14_ca12_th85.root,ok,,1000,1000,1.0,0.0,0.063,0.007683163410991596,0.0315,0.482,0.367,0.367,0.633,0.015241751867813621,3374.320748115707,2203.462255056816,5824.364132719801,1.1247735827052356,0.7344874183522722,1.9414547109066005,0.5365378913200494,0.057933613229270514,1.182015249590573
WbHt_8000_3000,WbHt,8000,3000,85,360,1.4,1.6,/eos/uscms/store/user/aji/rootfiles_existingOptimization/WbHt_8000_3000_pt360_ak14_ca16_th85.root,ok,,1000,1000,1.0,0.0,0.199,0.012625331678811452,0.1005,0.487,0.293,0.293,0.7070000000000001,0.014392741226048635,2872.400097089337,1093.7957775337427,3804.0827431995167,0.9574666990297791,0.3645985925112476,1.2680275810665058,0.47178089299122444,0.3490629321504364,1.1830342230882467
WbHt_8000_3000,WbHt,8000,3000,85,180,1.6,1.4,/eos/uscms/store/user/aji/rootfiles_existingOptimization/WbHt_8000_3000_pt180_ak16_ca14_th85.root,ok,,1000,1000,1.0,0.0,0.049,0.006826346021115542,0.0245,0.459,0.328,0.328,0.6719999999999999,0.01484641370836742,3378.0761427939856,1744.60588206315,5113.873895122635,1.1260253809313285,0.58153529402105,1.704624631707545,0.4986962801662583,0.09989286966000943,1.183298818259391
WbHt_8000_3000,WbHt,8000,3000,85,260,1.0,1.6,/eos/uscms/store/user/aji/rootfiles_existingOptimization/WbHt_8000_3000_pt260_ak10_ca16_th85.root,ok,,1000,1000,1.0,0.0,0.258,0.013836039895866157,0.1315,0.518,0.309,0.309,0.6910000000000001,0.014612289348353322,2672.938331204092,1029.1479212452475,3608.828685728574,0.8909794437346972,0.3430493070817492,1.2029428952428578,0.48255523413464696,0.33821734639057716,1.1844572897611774
WbHt_8000_3000,WbHt,8000,3000,85,280,0.6,1.4,/eos/uscms/store/user/aji/rootfiles_existingOptimization/WbHt_8000_3000_pt280_ak6_ca14_th85.root,ok,,1000,1000,1.0,0.0,0.322,0.014775520295407536,0.167,0.5185,0.316,0.316,0.6839999999999999,0.014701836619960107,2522.221821600162,866.5440059176608,3325.0582846314696,0.8407406072000541,0.2888480019725536,1.1083527615438233,0.4873707494042028,0.352879743355898,1.1872966886841974
WbHt_8000_3000,WbHt,8000,3000,85,360,1.6,1.6,/eos/uscms/store/user/aji/rootfiles_existingOptimization/WbHt_8000_3000_pt360_ak16_ca16_th85.root,ok,,1000,1000,1.0,0.0,0.112,0.00997276290703835,0.0565,0.457,0.276,0.276,0.724,0.014135911714495106,2991.5384647852807,1271.2652303634545,4042.8301988571175,0.9971794882617602,0.42375507678781815,1.3476100662857058,0.4632340518296818,0.33555908935558193,1.1875161030035057
WbHt_8000_3000,WbHt,8000,3000,85,200,0.8,1.6,/eos/uscms/store/user/aji/rootfiles_existingOptimization/WbHt_8000_3000_pt200_ak8_ca16_th85.root,ok,,1000,1000,1.0,0.0,0.249,0.013674757767507255,0.126,0.514,0.303,0.303,0.6970000000000001,0.01453241205031016,2582.324941026239,1067.4133664207507,3530.980759411561,0.8607749803420794,0.3558044554735835,1.1769935864705203,0.4770056923997658,0.32301957384957497,1.187928194365558
WbHt_8000_3000,WbHt,8000,3000,85,300,0.6,1.4,/eos/uscms/store/user/aji/rootfiles_existingOptimization/WbHt_8000_3000_pt300_ak6_ca14_th85.root,ok,,1000,1000,1.0,0.0,0.325,0.014811313243598625,0.1685,0.5155,0.314,0.314,0.6859999999999999,0.014676648118695223,2515.8341234757418,863.0957441954695,3316.63198572256,0.8386113744919139,0.2876985813984898,1.1055439952408532,0.48761884152708285,0.3549074120053937,1.1897577040778915
WbHt_8000_3000,WbHt,8000,3000,85,380,1.4,1.6,/eos/uscms/store/user/aji/rootfiles_existingOptimization/WbHt_8000_3000_pt380_ak14_ca16_th85.root,ok,,1000,1000,1.0,0.0,0.205,0.0127661662216971,0.1035,0.4825,0.287,0.287,0.7130000000000001,0.01430492922037715,2857.026123745657,1086.206832030109,3789.2080952002425,0.9523420412485524,0.36206894401003625,1.2630693650667475,0.4730445480887673,0.36205143403913626,1.1908103439639122
WbHt_8000_3000,WbHt,8000,3000,85,380,1.6,1.6,/eos/uscms/store/user/aji/rootfiles_existingOptimization/WbHt_8000_3000_pt380_ak16_ca16_th85.root,ok,,1000,1000,1.0,0.0,0.116,0.010126401137620413,0.0585,0.457,0.274,0.274,0.726,0.014104041973845655,2960.391405118763,1258.4037812357515,4012.280329769686,0.9867971350395877,0.41946792707858377,1.3374267765898953,0.46512034587255136,0.34160839924157305,1.1924406323685925
WbHt_8000_3000,WbHt,8000,3000,85,320,0.4,1.2,/eos/uscms/store/user/aji/rootfiles_existingOptimization/WbHt_8000_3000_pt320_ak4_ca12_th85.root,ok,,1000,1000,1.0,0.0,0.409,0.015547314880711717,0.2195,0.5245,0.33,0.33,0.6699999999999999,0.014869431730903505,2403.624585893967,623.2934367411892,3046.4192488728445,0.801208195297989,0.20776447891372973,1.0154730829576146,0.5040566289661317,0.39534836224078607,1.1939358094363328
WbHt_8000_3000,WbHt,8000,3000,85,340,1.2,1.6,/eos/uscms/store/user/aji/rootfiles_existingOptimization/WbHt_8000_3000_pt340_ak12_ca16_th85.root,ok,,1000,1000,1.0,0.0,0.259,0.013853483316480371,0.132,0.507,0.302,0.302,0.698,0.01451881537867329,2750.408660240736,1025.4411902388201,3711.6592579066773,0.916802886746912,0.34181373007960675,1.237219752635559,0.4883307172674368,0.35717359484212013,1.1946504285927455
WbHt_8000_3000,WbHt,8000,3000,85,400,1.4,1.6,/eos/uscms/store/user/aji/rootfiles_existingOptimization/WbHt_8000_3000_pt400_ak14_ca16_th85.root,ok,,1000,1000,1.0,0.0,0.208,0.0128349522788361,0.106,0.479,0.283,0.283,0.7170000000000001,0.014244683218660917,2851.39182013109,1075.543956867718,3785.1042369818033,0.9504639400436966,0.35851465228923934,1.2617014123272678,0.4751294194267409,0.36342041666839,1.1970830254223714
WbHt_8000_3000,WbHt,8000,3000,85,200,0.4,1.4,/eos/uscms/store/user/aji/rootfiles_existingOptimization/WbHt_8000_3000_pt200_ak4_ca14_th85.root,ok,,1000,1000,1.0,0.0,0.32,0.014751271131668619,0.165,0.5155,0.304,0.304,0.696,0.014545927265045704,2419.708974283025,881.6942571289093,3218.020259898612,0.8065696580943416,0.29389808570963644,1.072673419966204,0.48277004127365586,0.31703727274587956,1.1981130754642217
WbHt_8000_3000,WbHt,8000,3000,85,280,1.0,1.6,/eos/uscms/store/user/aji/rootfiles_existingOptimization/WbHt_8000_3000_pt280_ak10_ca16_th85.root,ok,,1000,1000,1.0,0.0,0.273,0.014087973594523805,0.139,0.514,0.301,0.301,0.6990000000000001,0.014505137021069465,2661.036773039167,992.0699055451252,3601.926698425249,0.8870122576797225,0.3306899685150417,1.200642232808416,0.49038345116505255,0.35016617523880667,1.2006822253970804
WbHt_8000_3000,WbHt,8000,3000,85,360,0.8,1.4,/eos/uscms/store/user/aji/rootfiles_existingOptimization/WbHt_8000_3000_pt360_ak8_ca14_th85.root,ok,,1000,1000,1.0,0.0,0.333,0.014903388876359632,0.175,0.5125,0.318,0.318,0.6819999999999999,0.014726710426975877,2569.953901324523,822.5257566392268,3415.857492901845,0.8566513004415077,0.2741752522130756,1.138619164300615,0.5045482984978925,0.36182703864499666,1.2008831684537418
WbHt_8000_3000,WbHt,8000,3000,85,400,1.6,1.6,/eos/uscms/store/user/aji/rootfiles_existingOptimization/WbHt_8000_3000_pt400_ak16_ca16_th85.root,ok,,1000,1000,1.0,0.0,0.121,0.010313049985334114,0.0615,0.4555,0.271,0.271,0.729,0.014055568291606,2936.1248081100175,1247.0258342250781,4010.85096848297,0.9787082693700058,0.415675278075026,1.3369503228276567,0.470658659779004,0.3452734913482194,1.2017878328420033
WbHt_8000_3000,WbHt,8000,3000,85,360,1.2,1.6,/eos/uscms/store/user/aji/rootfiles_existingOptimization/WbHt_8000_3000_pt360_ak12_ca16_th85.root,ok,,1000,1000,1.0,0.0,0.266,0.013972973913952606,0.1355,0.5045,0.299,0.299,0.7010000000000001,0.014477534320456642,2731.781479149243,1004.251636320741,3702.6331019762406,0.9105938263830811,0.334750545440247,1.23421103399208,0.49388677063874337,0.36862688613374195,1.2038273880004353
WbHt_8000_3000,WbHt,8000,3000,85,220,0.8,1.6,/eos/uscms/store/user/aji/rootfiles_existingOptimization/WbHt_8000_3000_pt220_ak8_ca16_th85.root,ok,,1000,1000,1.0,0.0,0.261,0.013888088421377507,0.1325,0.507,0.293,0.293,0.7070000000000001,0.014392741226048635,2571.0628700760726,1030.903605784669,3515.7374487343927,0.8570209566920244,0.3436345352615563,1.1719124829114642,0.48323085986539915,0.33485816096209203,1.2045287641961968
WbHt_8000_3000,WbHt,8000,3000,85,200,1.6,1.6,/eos/uscms/store/user/aji/rootfiles_existingOptimization/WbHt_8000_3000_pt200_ak16_ca16_th85.root,ok,,1000,1000,1.0,0.0,0.079,0.008529888627643388,0.04,0.4485,0.289,0.289,0.7110000000000001,0.014334538709006299,3256.503138563402,1475.5589574410974,4652.109896607198,1.0855010461878007,0.49185298581369913,1.5507032988690659,0.48772422503597335,0.1989821180601105,1.2072743296547535
WbHt_8000_3000,WbHt,8000,3000,85,140,0.6,1.6,/eos/uscms/store/user/aji/rootfiles_existingOptimization/WbHt_8000_3000_pt140_ak6_ca16_th85.root,ok,,1000,1000,1.0,0.0,0.252,0.013729384545565033,0.1275,0.5105,0.282,0.282,0.718,0.014229406171727618,2523.383930948571,1046.6757944143899,3461.7498443579816,0.841127976982857,0.3488919314714633,1.1539166147859938,0.4785387630323332,0.32436208392845645,1.2124259653340475
WbHt_8000_3000,WbHt,8000,3000,85,380,1.2,1.6,/eos/uscms/store/user/aji/rootfiles_existingOptimization/WbHt_8000_3000_pt380_ak12_ca16_th85.root,ok,,1000,1000,1.0,0.0,0.275,0.014120021246442939,0.141,0.5015,0.294,0.294,0.706,0.014407081592050489,2725.23235354644,977.0334316639602,3694.0202328575806,0.90841078451548,0.3256778105546534,1.2313400776191936,0.4984871836080162,0.37237495586295577,1.2136461051564682
WbHt_8000_3000,WbHt,8000,3000,85,100,1.2,1.0,/eos/uscms/store/user/aji/rootfiles_existingOptimization/WbHt_8000_3000_pt100_ak12_ca10_th85.root,ok,,1000,1000,1.0,0.0,0.046,0.006624499981130651,0.023,0.471,0.391,0.391,0.609,0.015431104950715617,3523.9777774813483,2634.917583891095,6788.160626855902,1.1746592591604494,0.8783058612970318,2.262720208951967,0.5892833759486993,0.026488977402696512,1.215749301864744
WbHt_8000_3000,WbHt,8000,3000,85,300,1.0,1.6,/eos/uscms/store/user/aji/rootfiles_existingOptimization/WbHt_8000_3000_pt300_ak10_ca16_th85.root,ok,,1000,1000,1.0,0.0,0.283,0.014244683218660919,0.1445,0.5075,0.292,0.292,0.708,0.014378317008607092,2643.8646107935224,964.5051363692949,3591.8749550056486,0.8812882035978409,0.3215017121230983,1.1972916516685495,0.4968805527919566,0.35721905777980084,1.2167517324321724
WbHt_8000_3000,WbHt,8000,3000,85,220,0.4,1.4,/eos/uscms/store/user/aji/rootfiles_existingOptimization/WbHt_8000_3000_pt220_ak4_ca14_th85.root,ok,,1000,1000,1.0,0.0,0.341,0.01499063040702425,0.177,0.508,0.296,0.296,0.704,0.014435511767859151,2402.5164941509443,840.439818056754,3209.1820681336235,0.8008388313836481,0.280146606018918,1.069727356044541,0.49297106926085626,0.3349311232848061,1.2168871861224915
WbHt_8000_3000,WbHt,8000,3000,85,340,0.4,1.2,/eos/uscms/store/user/aji/rootfiles_existingOptimization/WbHt_8000_3000_pt340_ak4_ca12_th85.root,ok,,1000,1000,1.0,0.0,0.424,0.01562766777225572,0.228,0.5185,0.323,0.323,0.677,0.014787528529135624,2390.7246648188056,556.0581054063017,3041.2628027349674,0.7969082216062684,0.1853527018021006,1.0137542675783224,0.5197597058959152,0.41641751162731666,1.2170688837352883
WbHt_8000_3000,WbHt,8000,3000,85,380,0.8,1.4,/eos/uscms/store/user/aji/rootfiles_existingOptimization/WbHt_8000_3000_pt380_ak8_ca14_th85.root,ok,,1000,1000,1.0,0.0,0.346,0.015042739112276061,0.184,0.504,0.309,0.309,0.6910000000000001,0.014612289348353322,2548.1673106113676,778.4844683872914,3391.7236828261107,0.8493891035371226,0.2594948227957638,1.130574560942037,0.5127683734809076,0.3881165751348568,1.2188294631271954
WbHt_8000_3000,WbHt,8000,3000,85,320,0.6,1.4,/eos/uscms/store/user/aji/rootfiles_existingOptimization/WbHt_8000_3000_pt320_ak6_ca14_th85.root,ok,,1000,1000,1.0,0.0,0.34,0.014979986648859203,0.178,0.5065,0.303,0.303,0.6970000000000001,0.01453241205031016,2483.60208966134,789.098308180819,3317.6191867789034,0.8278673632204466,0.26303276939360637,1.1058730622596344,0.5090430727860414,0.3873086076489745,1.2232563364639968
WbHt_8000_3000,WbHt,8000,3000,85,240,0.8,1.6,/eos/uscms/store/user/aji/rootfiles_existingOptimization/WbHt_8000_3000_pt240_ak8_ca16_th85.root,ok,,1000,1000,1.0,0.0,0.275,0.014120021246442939,0.14,0.5,0.284,0.284,0.716,0.014259873772232349,2558.905113336224,986.7096838665733,3515.7374487343927,0.8529683711120747,0.32890322795552446,1.1719124829114642,0.4941620835581802,0.34877463617000726,1.2248652464469727
WbHt_8000_3000,WbHt,8000,3000,85,400,1.2,1.6,/eos/uscms/store/user/aji/rootfiles_existingOptimization/WbHt_8000_3000_pt400_ak12_ca16_th85.root,ok,,1000,1000,1.0,0.0,0.288,0.014319776534569246,0.1485,0.5,0.29,0.29,0.71,0.014349216006458332,2696.6443607012434,941.0058541829059,3669.0505257931823,0.8988814535670813,0.3136686180609687,1.2230168419310607,0.5058221082777239,0.3834362489332157,1.2259339629210158
WbHt_8000_3000,WbHt,8000,3000,85,160,1.4,1.6,/eos/uscms/store/user/aji/rootfiles_existingOptimization/WbHt_8000_3000_pt160_ak14_ca16_th85.root,ok,,1000,1000,1.0,0.0,0.106,0.009734680272099337,0.053,0.4685,0.298,0.298,0.702,0.01446360950800318,3184.1986005621175,1469.113192895637,4781.5022761384735,1.0613995335207056,0.48970439763187895,1.5938340920461578,0.5201291594466014,0.18079144289310384,1.2282691127986718
WbHt_8000_3000,WbHt,8000,3000,85,100,0.4,1.6,/eos/uscms/store/user/aji/rootfiles_existingOptimization/WbHt_8000_3000_pt100_ak4_ca16_th85.root,ok,,1000,1000,1.0,0.0,0.259,0.013853483316480371,0.131,0.5025,0.273,0.273,0.727,0.014087973594523805,2430.6240758188833,1023.5687025000257,3373.818213614253,0.8102080252729611,0.34118956750000856,1.124606071204751,0.4834662699377777,0.3243016254609928,1.2294454674104816
WbHt_8000_3000,WbHt,8000,3000,85,320,1.0,1.6,/eos/uscms/store/user/aji/rootfiles_existingOptimization/WbHt_8000_3000_pt320_ak10_ca16_th85.root,ok,,1000,1000,1.0,0.0,0.294,0.014407081592050487,0.1515,0.5,0.284,0.284,0.716,0.014259873772232349,2632.2354765268246,943.0147822016374,3593.3244704806443,0.8774118255089416,0.31433826073387916,1.1977748234935481,0.5034332437035669,0.36571618437400455,1.2316920611526727
WbHt_8000_3000,WbHt,8000,3000,85,400,0.8,1.4,/eos/uscms/store/user/aji/rootfiles_existingOptimization/WbHt_8000_3000_pt400_ak8_ca14_th85.root,ok,,1000,1000,1.0,0.0,0.36,0.015178932768808221,0.1925,0.5005,0.303,0.303,0.6970000000000001,0.01453241205031016,2532.2096636149354,744.7060181971638,3388.7391351288807,0.844069887871645,0.24823533939905457,1.129579711709627,0.5220802121806029,0.39546984176913713,1.2346732233934383
WbHt_8000_3000,WbHt,8000,3000,85,160,0.6,1.6,/eos/uscms/store/user/aji/rootfiles_existingOptimization/WbHt_8000_3000_pt160_ak6_ca16_th85.root,ok,,1000,1000,1.0,0.0,0.265,0.013956181426163821,0.1345,0.5005,0.271,0.271,0.729,0.014055568291606,2483.7057229257925,1013.6284102837867,3446.6990310357987,0.8279019076419307,0.33787613676126227,1.1488996770119329,0.4898065415507171,0.3400869374489668,1.236016350786524
WbHt_8000_3000,WbHt,8000,3000,85,340,0.6,1.4,/eos/uscms/store/user/aji/rootfiles_existingOptimization/WbHt_8000_3000_pt340_ak6_ca14_th85.root,ok,,1000,1000,1.0,0.0,0.353,0.015112610628213776,0.1865,0.5025,0.296,0.296,0.704,0.014435511767859151,2472.7626044280096,763.0237973041275,3310.1037369278256,0.8242542014760033,0.2543412657680425,1.103367912309275,0.5150271876205599,0.39777654275193985,1.2366017674729595
WbHt_8000_3000,WbHt,8000,3000,85,180,0.6,1.6,/eos/uscms/store/user/aji/rootfiles_existingOptimization/WbHt_8000_3000_pt180_ak6_ca16_th85.root,ok,,1000,1000,1.0,0.0,0.277,0.014151713677148785,0.1405,0.499,0.271,0.271,0.729,0.014055568291606,2482.907377820021,986.6894033568826,3424.432369124011,0.8276357926066737,0.32889646778562753,1.1414774563746704,0.49090493417991554,0.34504737716521316,1.237141354919248
WbHt_8000_3000,WbHt,8000,3000,85,240,0.4,1.4,/eos/uscms/store/user/aji/rootfiles_existingOptimization/WbHt_8000_3000_pt240_ak4_ca14_th85.root,ok,,1000,1000,1.0,0.0,0.354,0.015122301412152848,0.184,0.4995,0.286,0.286,0.714,0.014289996501049257,2376.8163901361813,793.6850756948395,3203.2549036337523,0.7922721300453939,0.2645616918982798,1.067751634544584,0.5068901910005876,0.3530169547947125,1.2416629779960482
WbHt_8000_3000,WbHt,8000,3000,85,360,0.4,1.2,/eos/uscms/store/user/aji/rootfiles_existingOptimization/WbHt_8000_3000_pt360_ak4_ca12_th85.root,ok,,1000,1000,1.0,0.0,0.435,0.0156772127624779,0.2355,0.5125,0.314,0.314,0.6859999999999999,0.014676648118695223,2374.7764661866577,484.33634069904434,3031.500692923694,0.7915921553955527,0.16144544689968146,1.0105002309745645,0.5362956026583012,0.4247871445471185,1.2431363871187457
WbHt_8000_3000,WbHt,8000,3000,85,260,0.8,1.6,/eos/uscms/store/user/aji/rootfiles_existingOptimization/WbHt_8000_3000_pt260_ak8_ca16_th85.root,ok,,1000,1000,1.0,0.0,0.29,0.01434921600645833,0.149,0.492,0.273,0.273,0.727,0.014087973594523805,2535.6097441587663,955.7228810633345,3508.768321827971,0.8452032480529221,0.3185742936877782,1.1695894406093237,0.5034381664303894,0.368553722228672,1.2459178416250971
WbHt_8000_3000,WbHt,8000,3000,85,120,1.2,1.6,/eos/uscms/store/user/aji/rootfiles_existingOptimization/WbHt_8000_3000_pt120_ak12_ca16_th85.root,ok,,1000,1000,1.0,0.0,0.105,0.009694070352540258,0.053,0.4605,0.298,0.298,0.702,0.01446360950800318,3178.2302979179167,1704.7164982166832,5125.3433287978305,1.059410099305972,0.5682388327388944,1.7084477762659436,0.5381338842597447,0.1412238261306574,1.246074894190342
WbHt_8000_3000,WbHt,8000,3000,85,280,0.8,1.6,/eos/uscms/store/user/aji/rootfiles_existingOptimization/WbHt_8000_3000_pt280_ak8_ca16_th85.root,ok,,1000,1000,1.0,0.0,0.302,0.014518815378673288,0.155,0.49,0.271,0.271,0.729,0.014055568291606,2532.0298505739383,925.7446054518214,3478.056579441837,0.8440099501913128,0.30858153515060716,1.159352193147279,0.5040051114348988,0.3797000010244709,1.2486041164157675
WbHt_8000_3000,WbHt,8000,3000,85,200,0.6,1.6,/eos/uscms/store/user/aji/rootfiles_existingOptimization/WbHt_8000_3000_pt200_ak6_ca16_th85.root,ok,,1000,1000,1.0,0.0,0.285,0.014274978108564651,0.145,0.493,0.264,0.264,0.736,0.013939296969359681,2473.682372031176,963.6003653503991,3419.374001498819,0.8245607906770586,0.3212001217834664,1.1397913338329397,0.49638014643972855,0.35362761041298885,1.2499240673720227
WbHt_8000_3000,WbHt,8000,3000,85,360,0.6,1.4,/eos/uscms/store/user/aji/rootfiles_existingOptimization/WbHt_8000_3000_pt360_ak6_ca14_th85.root,ok,,1000,1000,1.0,0.0,0.363,0.015206281596761254,0.193,0.4975,0.291,0.291,0.7090000000000001,0.014363808687113596,2454.6332856546496,715.8940564951763,3290.613655910566,0.8182110952182167,0.2386313521650588,1.0968712186368552,0.5244611515827123,0.41494248045377546,1.2516400420608909
WbHt_8000_3000,WbHt,8000,3000,85,120,0.4,1.6,/eos/uscms/store/user/aji/rootfiles_existingOptimization/WbHt_8000_3000_pt120_ak4_ca16_th85.root,ok,,1000,1000,1.0,0.0,0.28,0.014198591479439079,0.1425,0.496,0.261,0.261,0.739,0.013888088421377507,2404.6007895939774,982.5736591415915,3353.348528312616,0.8015335965313258,0.3275245530471972,1.1177828427708718,0.49296641659411056,0.3438278511178625,1.251813056940978
WbHt_8000_3000,WbHt,8000,3000,85,340,1.0,1.6,/eos/uscms/store/user/aji/rootfiles_existingOptimization/WbHt_8000_3000_pt340_ak10_ca16_th85.root,ok,,1000,1000,1.0,0.0,0.307,0.01458598642533305,0.1585,0.493,0.274,0.274,0.726,0.014104041973845655,2606.162135237614,907.666246070727,3587.320971138896,0.8687207117458714,0.302555415356909,1.1957736570462987,0.5140997731562572,0.37876472645323145,1.25322770198167
WbHt_8000_3000,WbHt,8000,3000,85,260,0.4,1.4,/eos/uscms/store/user/aji/rootfiles_existingOptimization/WbHt_8000_3000_pt260_ak4_ca14_th85.root,ok,,1000,1000,1.0,0.0,0.377,0.01532550162311172,0.197,0.496,0.28,0.28,0.72,0.014198591479439079,2360.9854936489196,741.0256460637207,3170.326206476819,0.7869951645496398,0.2470085486879069,1.05677540215894,0.5144674897300191,0.3956962475567908,1.255767973275055
WbHt_8000_3000,WbHt,8000,3000,85,360,1.0,1.6,/eos/uscms/store/user/aji/rootfiles_existingOptimization/WbHt_8000_3000_pt360_ak10_ca16_th85.root,ok,,1000,1000,1.0,0.0,0.319,0.014739029818817792,0.165,0.491,0.272,0.272,0.728,0.014071815803228808,2591.2261188847183,880.2711944097413,3574.6344736082374,0.8637420396282395,0.29342373146991374,1.1915448245360791,0.5199012273691824,0.39026535802614803,1.2615270234063585
WbHt_8000_3000,WbHt,8000,3000,85,300,0.8,1.6,/eos/uscms/store/user/aji/rootfiles_existingOptimization/WbHt_8000_3000_pt300_ak8_ca16_th85.root,ok,,1000,1000,1.0,0.0,0.315,0.01468928180681411,0.162,0.485,0.264,0.264,0.736,0.013939296969359681,2514.2258576532417,885.1585692275371,3465.5874620638733,0.8380752858844139,0.29505285640917905,1.1551958206879578,0.5131656897453294,0.38469847024711523,1.265358161156888
WbHt_8000_3000,WbHt,8000,3000,85,280,0.4,1.4,/eos/uscms/store/user/aji/rootfiles_existingOptimization/WbHt_8000_3000_pt280_ak4_ca14_th85.root,ok,,1000,1000,1.0,0.0,0.388,0.015409607392792329,0.2045,0.4915,0.274,0.274,0.726,0.014104041973845655,2348.3107453192897,703.7465619983454,3158.0941775202855,0.7827702484397633,0.2345821873327818,1.0526980591734285,0.5225772654692327,0.4083121607916415,1.2703002406252564
WbHt_8000_3000,WbHt,8000,3000,85,140,1.4,1.4,/eos/uscms/store/user/aji/rootfiles_existingOptimization/WbHt_8000_3000_pt140_ak14_ca14_th85.root,ok,,1000,1000,1.0,0.0,0.08,0.008579044235810887,0.04,0.4505,0.315,0.315,0.685,0.014689281806814109,3383.6161333010104,1905.9598459207089,5791.042515857967,1.12787204443367,0.6353199486402363,1.930347505285989,0.5741021612500447,0.09385152017983717,1.2718893656934118
WbHt_8000_3000,WbHt,8000,3000,85,380,1.0,1.6,/eos/uscms/store/user/aji/rootfiles_existingOptimization/WbHt_8000_3000_pt380_ak10_ca16_th85.root,ok,,1000,1000,1.0,0.0,0.329,0.014857960829131298,0.171,0.4875,0.269,0.269,0.731,0.014022802858202064,2566.143074473564,855.1590239197513,3560.065181547499,0.8553810248245213,0.28505300797325045,1.1866883938491664,0.5270372849695161,0.3994833066728944,1.272499182487064
WbHt_8000_3000,WbHt,8000,3000,85,140,0.4,1.6,/eos/uscms/store/user/aji/rootfiles_existingOptimization/WbHt_8000_3000_pt140_ak4_ca16_th85.root,ok,,1000,1000,1.0,0.0,0.296,0.01443551176785915,0.151,0.487,0.25,0.25,0.75,0.013693063937629153,2376.8163901361813,946.5351186659963,3346.9419867377173,0.7922721300453939,0.31551170622199876,1.1156473289125723,0.5049626210155399,0.35759182924944305,1.2757354080110006
WbHt_8000_3000,WbHt,8000,3000,85,220,0.6,1.6,/eos/uscms/store/user/aji/rootfiles_existingOptimization/WbHt_8000_3000_pt220_ak6_ca16_th85.root,ok,,1000,1000,1.0,0.0,0.304,0.014545927265045703,0.1555,0.484,0.252,0.252,0.748,0.013729384545565033,2445.055496980386,914.317569343764,3407.944048969689,0.8150184989934619,0.30477252311458797,1.135981349656563,0.5099324908382497,0.3812616106776715,1.2764306409389035
WbHt_8000_3000,WbHt,8000,3000,85,380,0.6,1.4,/eos/uscms/store/user/aji/rootfiles_existingOptimization/WbHt_8000_3000_pt380_ak6_ca14_th85.root,ok,,1000,1000,1.0,0.0,0.376,0.015317441039547044,0.202,0.489,0.284,0.284,0.716,0.014259873772232349,2421.1621210366966,674.1607581945003,3295.051196352474,0.8070540403455656,0.2247202527315001,1.098350398784158,0.5412463740833178,0.4212421808048923,1.276540970048761
WbHt_8000_3000,WbHt,8000,3000,85,320,0.8,1.6,/eos/uscms/store/user/aji/rootfiles_existingOptimization/WbHt_8000_3000_pt320_ak8_ca16_th85.root,ok,,1000,1000,1.0,0.0,0.326,0.01482309009619789,0.1685,0.479,0.261,0.261,0.739,0.013888088421377507,2496.3954798197005,853.2666045462983,3459.014017746094,0.8321318266065669,0.28442220151543274,1.1530046725820313,0.5219019651061042,0.394953939997727,1.2776887824454475
WbHt_8000_3000,WbHt,8000,3000,85,380,0.4,1.2,/eos/uscms/store/user/aji/rootfiles_existingOptimization/WbHt_8000_3000_pt380_ak4_ca12_th85.root,ok,,1000,1000,1.0,0.0,0.454,0.015744332313566048,0.2465,0.5015,0.301,0.301,0.6990000000000001,0.014505137021069465,2352.0780389966603,373.60689781676894,3009.5087571967997,0.7840260129988867,0.12453563260558964,1.0031695857322667,0.5603346946142236,0.44628086080226925,1.2809320933143349
WbHt_8000_3000,WbHt,8000,3000,85,400,1.0,1.6,/eos/uscms/store/user/aji/rootfiles_existingOptimization/WbHt_8000_3000_pt400_ak10_ca16_th85.root,ok,,1000,1000,1.0,0.0,0.343,0.015011695440555674,0.1805,0.484,0.265,0.265,0.735,0.013956181426163821,2548.1607773683263,809.7348339447542,3539.6146709830905,0.8493869257894421,0.26991161131491803,1.1798715569943636,0.5356569062054407,0.40398660842425194,1.2857182136264966
WbHt_8000_3000,WbHt,8000,3000,85,180,1.6,1.6,/eos/uscms/store/user/aji/rootfiles_existingOptimization/WbHt_8000_3000_pt180_ak16_ca16_th85.root,ok,,1000,1000,1.0,0.0,0.069,0.008014923580421713,0.0345,0.4225,0.271,0.271,0.729,0.014055568291606,3377.1870307904715,1548.744338318037,5225.125804232425,1.1257290102634905,0.516248112772679,1.7417086014108085,0.5442963970304433,0.16191181879214073,1.2858692980567923
WbHt_8000_3000,WbHt,8000,3000,85,160,0.4,1.6,/eos/uscms/store/user/aji/rootfiles_existingOptimization/WbHt_8000_3000_pt160_ak4_ca16_th85.root,ok,,1000,1000,1.0,0.0,0.311,0.014638271755914358,0.159,0.4815,0.245,0.245,0.755,0.013600551459407815,2349.7182125698446,905.995494584656,3318.060388874179,0.7832394041899482,0.30199849819488533,1.1060201296247263,0.5132668422507333,0.37088699541739506,1.2899429018317385
WbHt_8000_3000,WbHt,8000,3000,85,300,0.4,1.4,/eos/uscms/store/user/aji/rootfiles_existingOptimization/WbHt_8000_3000_pt300_ak4_ca14_th85.root,ok,,1000,1000,1.0,0.0,0.404,0.015517216245190372,0.215,0.485,0.265,0.265,0.735,0.013956181426163821,2324.135347443889,663.038751548881,3143.934799131345,0.7747117824812962,0.22101291718296032,1.047978266377115,0.5337245204568191,0.4228944129414264,1.2912533422086894
WbHt_8000_3000,WbHt,8000,3000,85,400,0.4,1.2,/eos/uscms/store/user/aji/rootfiles_existingOptimization/WbHt_8000_3000_pt400_ak4_ca12_th85.root,ok,,1000,1000,1.0,0.0,0.461,0.015763216676808068,0.2525,0.502,0.301,0.301,0.6990000000000001,0.014505137021069465,2347.1245632939354,321.68627174723633,3000.4332841128435,0.7823748544313117,0.10722875724907877,1.0001444280376144,0.5706444076845831,0.44005296226621987,1.291406922241452
WbHt_8000_3000,WbHt,8000,3000,85,240,0.6,1.6,/eos/uscms/store/user/aji/rootfiles_existingOptimization/WbHt_8000_3000_pt240_ak6_ca16_th85.root,ok,,1000,1000,1.0,0.0,0.315,0.01468928180681411,0.1615,0.4795,0.247,0.247,0.753,0.013637851736985557,2419.325442563186,895.0479361001229,3407.944048969689,0.8064418141877285,0.2983493120333743,1.135981349656563,0.5193381734966681,0.3896886450626441,1.2916939920778954
WbHt_8000_3000,WbHt,8000,3000,85,340,0.8,1.6,/eos/uscms/store/user/aji/rootfiles_existingOptimization/WbHt_8000_3000_pt340_ak8_ca16_th85.root,ok,,1000,1000,1.0,0.0,0.333,0.014903388876359632,0.173,0.4745,0.254,0.254,0.746,0.013765318739498916,2469.144739801737,827.0343929063584,3444.4416588683603,0.8230482466005791,0.2756781309687862,1.1481472196227867,0.5300230528754197,0.40308133305779614,1.2937182282153619
WbHt_8000_3000,WbHt,8000,3000,85,100,1.2,1.2,/eos/uscms/store/user/aji/rootfiles_existingOptimization/WbHt_8000_3000_pt100_ak12_ca12_th85.root,ok,,1000,1000,1.0,0.0,0.065,0.007795832219846705,0.0325,0.4315,0.327,0.327,0.673,0.014834790190629592,3615.579341439505,2432.9607342635554,6795.59839990687,1.2051931138131684,0.8109869114211851,2.2651994666356234,0.6033110123793296,0.05210629915180348,1.2968303237606464
WbHt_8000_3000,WbHt,8000,3000,85,260,0.6,1.6,/eos/uscms/store/user/aji/rootfiles_existingOptimization/WbHt_8000_3000_pt260_ak6_ca16_th85.root,ok,,1000,1000,1.0,0.0,0.325,0.014811313243598625,0.167,0.4775,0.242,0.242,0.758,0.013543854695026818,2406.40998584891,866.9098791262345,3395.245460362745,0.8021366619496366,0.28896995970874484,1.1317484867875816,0.5253335042874226,0.3987334637127199,1.3031198380924591
WbHt_8000_3000,WbHt,8000,3000,85,400,0.6,1.4,/eos/uscms/store/user/aji/rootfiles_existingOptimization/WbHt_8000_3000_pt400_ak6_ca14_th85.root,ok,,1000,1000,1.0,0.0,0.392,0.015438134602341048,0.211,0.4825,0.273,0.273,0.727,0.014087973594523805,2409.1863706831937,604.5207735618866,3290.613655910566,0.8030621235610647,0.20150692452062888,1.0968712186368552,0.5574688855613441,0.43702664324653856,1.3041626732052376
WbHt_8000_3000,WbHt,8000,3000,85,320,0.4,1.4,/eos/uscms/store/user/aji/rootfiles_existingOptimization/WbHt_8000_3000_pt320_ak4_ca14_th85.root,ok,,1000,1000,1.0,0.0,0.419,0.015602531845825536,0.2245,0.4785,0.258,0.258,0.742,0.013836039895866157,2309.1940146295747,615.6354937263903,3111.1896663871867,0.7697313382098581,0.2052118312421301,1.0370632221290623,0.5403517757387565,0.43804802808415166,1.3053786419177706
WbHt_8000_3000,WbHt,8000,3000,85,180,0.4,1.6,/eos/uscms/store/user/aji/rootfiles_existingOptimization/WbHt_8000_3000_pt180_ak4_ca16_th85.root,ok,,1000,1000,1.0,0.0,0.33,0.014869431730903503,0.169,0.4735,0.235,0.235,0.765,0.013408019988051927,2328.700475232019,872.9360041482414,3314.7940622880483,0.7762334917440064,0.2909786680494138,1.1049313540960162,0.5242962940299383,0.3806110298937301,1.3116729448555375
WbHt_8000_3000,WbHt,8000,3000,85,120,1.4,1.2,/eos/uscms/store/user/aji/rootfiles_existingOptimization/WbHt_8000_3000_pt120_ak14_ca12_th85.root,ok,,1000,1000,1.0,0.0,0.049,0.006826346021115542,0.0245,0.4145,0.313,0.313,0.687,0.014663935351739654,3712.3258533707194,2518.8570792106148,6980.879607163055,1.2374419511235732,0.8396190264035382,2.3269598690543516,0.6009739856081073,0.04726075670884264,1.3117181807204648
WbHt_8000_3000,WbHt,8000,3000,85,360,0.8,1.6,/eos/uscms/store/user/aji/rootfiles_existingOptimization/WbHt_8000_3000_pt360_ak8_ca16_th85.root,ok,,1000,1000,1.0,0.0,0.35,0.015083103128998356,0.1835,0.4695,0.249,0.249,0.751,0.013674757767507255,2442.6161853507147,781.6344152105966,3437.7016404013166,0.8142053951169048,0.26054480507019884,1.1459005468004388,0.5436931191073227,0.4155899766853548,1.3132725795956322
WbHt_8000_3000,WbHt,8000,3000,85,280,0.6,1.6,/eos/uscms/store/user/aji/rootfiles_existingOptimization/WbHt_8000_3000_pt280_ak6_ca16_th85.root,ok,,1000,1000,1.0,0.0,0.341,0.01499063040702425,0.1765,0.47,0.237,0.237,0.763,0.013447341744746431,2377.9274484423004,812.2136656104502,3379.7809555841586,0.7926424828141001,0.27073788853681674,1.1265936518613862,0.5398750268128732,0.41599029151772027,1.3236107785314633
WbHt_8000_3000,WbHt,8000,3000,85,160,1.6,1.4,/eos/uscms/store/user/aji/rootfiles_existingOptimization/WbHt_8000_3000_pt160_ak16_ca14_th85.root,ok,,1000,1000,1.0,0.0,0.046,0.006624499981130651,0.023,0.4245,0.296,0.296,0.704,0.014435511767859151,3538.69179760905,1936.2634192564644,6222.873545034161,1.1795639325363498,0.6454211397521548,2.0742911816780536,0.6056772348292645,0.08912742040503935,1.3276336280828995
WbHt_8000_3000,WbHt,8000,3000,85,300,0.6,1.6,/eos/uscms/store/user/aji/rootfiles_existingOptimization/WbHt_8000_3000_pt300_ak6_ca16_th85.root,ok,,1000,1000,1.0,0.0,0.344,0.015022117027902558,0.178,0.4675,0.235,0.235,0.765,0.013408019988051927,2375.10398202633,802.0598982209425,3379.3017795788573,0.7917013273421101,0.2673532994069808,1.1264339265262857,0.5425534841550662,0.4167995026026371,1.3283833514208552
WbHt_8000_3000,WbHt,8000,3000,85,200,0.4,1.6,/eos/uscms/store/user/aji/rootfiles_existingOptimization/WbHt_8000_3000_pt200_ak4_ca16_th85.root,ok,,1000,1000,1.0,0.0,0.349,0.01507312177354114,0.1795,0.4685,0.226,0.226,0.774,0.013225883713385657,2303.2844576699326,838.9093353596454,3300.0483627393755,0.7677614858899775,0.2796364451198818,1.1000161209131252,0.5342672762767409,0.39732189580575283,1.3314911276877432
WbHt_8000_3000,WbHt,8000,3000,85,340,0.4,1.4,/eos/uscms/store/user/aji/rootfiles_existingOptimization/WbHt_8000_3000_pt340_ak4_ca14_th85.root,ok,,1000,1000,1.0,0.0,0.434,0.015673034167001616,0.233,0.472,0.251,0.251,0.749,0.013711272734505722,2284.532619920607,525.6891815859705,3100.7383848445265,0.761510873306869,0.17522972719532348,1.0335794616148422,0.5635833738605242,0.4518514611958134,1.3364322865298373
WbHt_8000_3000,WbHt,8000,3000,85,380,0.8,1.6,/eos/uscms/store/user/aji/rootfiles_existingOptimization/WbHt_8000_3000_pt380_ak8_ca16_th85.root,ok,,1000,1000,1.0,0.0,0.363,0.015206281596761254,0.1925,0.463,0.242,0.242,0.758,0.013543854695026818,2398.973825000081,744.7060181971638,3426.3806887525625,0.7996579416666938,0.24823533939905457,1.1421268962508542,0.5589212026011388,0.42039561200033587,1.3369554084344695
WbHt_8000_3000,WbHt,8000,3000,85,140,1.4,1.6,/eos/uscms/store/user/aji/rootfiles_existingOptimization/WbHt_8000_3000_pt140_ak14_ca16_th85.root,ok,,1000,1000,1.0,0.0,0.092,0.00913980306133562,0.046,0.424,0.268,0.268,0.732,0.014006284303840188,3387.790767980482,1739.4776702863721,5803.042389479099,1.1292635893268272,0.5798258900954574,1.9343474631596997,0.5997366716975685,0.1384557790346554,1.3446630306302512
WbHt_8000_3000,WbHt,8000,3000,85,320,0.6,1.6,/eos/uscms/store/user/aji/rootfiles_existingOptimization/WbHt_8000_3000_pt320_ak6_ca16_th85.root,ok,,1000,1000,1.0,0.0,0.358,0.01516034300403523,0.187,0.4625,0.229,0.229,0.771,0.013287550564344055,2358.882754223405,764.7396771165926,3373.5590768460197,0.7862942514078017,0.2549132257055309,1.1245196922820064,0.5529777592927263,0.4251807508984111,1.345348334151946
WbHt_8000_3000,WbHt,8000,3000,85,220,0.4,1.6,/eos/uscms/store/user/aji/rootfiles_existingOptimization/WbHt_8000_3000_pt220_ak4_ca16_th85.root,ok,,1000,1000,1.0,0.0,0.368,0.015250442616527561,0.1905,0.4625,0.22,0.22,0.78,0.01309961831505025,2279.789556050278,784.8207792654674,3268.3308421277634,0.7599298520167593,0.2616069264218225,1.0894436140425878,0.5446796736723724,0.4153175436438479,1.3486866884706963
WbHt_8000_3000,WbHt,8000,3000,85,100,1.2,1.4,/eos/uscms/store/user/aji/rootfiles_existingOptimization/WbHt_8000_3000_pt100_ak12_ca14_th85.root,ok,,1000,1000,1.0,0.0,0.067,0.007906389820898032,0.0335,0.409,0.29,0.29,0.71,0.014349216006458332,3650.0473004623545,2279.4153045262497,6808.237629884863,1.2166824334874518,0.7598051015087499,2.2694125432949543,0.6203785804070187,0.07269203548366329,1.3520468237557637
WbHt_8000_3000,WbHt,8000,3000,85,400,0.8,1.6,/eos/uscms/store/user/aji/rootfiles_existingOptimization/WbHt_8000_3000_pt400_ak8_ca16_th85.root,ok,,1000,1000,1.0,0.0,0.378,0.015333492752794452,0.2015,0.459,0.235,0.235,0.765,0.013408019988051927,2383.1827066430315,697.0853455864682,3426.3806887525625,0.7943942355476771,0.23236178186215606,1.1421268962508542,0.5726156319358745,0.4297715475477993,1.3581762083811069
WbHt_8000_3000,WbHt,8000,3000,85,360,0.4,1.4,/eos/uscms/store/user/aji/rootfiles_existingOptimization/WbHt_8000_3000_pt360_ak4_ca14_th85.root,ok,,1000,1000,1.0,0.0,0.445,0.015715438269421567,0.2405,0.468,0.244,0.244,0.756,0.013581752464244074,2248.3123709226634,457.43486770805254,3066.6342107012592,0.749437456974221,0.1524782892360175,1.0222114035670864,0.5802573024856067,0.4569078989808716,1.3613135567881844
WbHt_8000_3000,WbHt,8000,3000,85,340,0.6,1.6,/eos/uscms/store/user/aji/rootfiles_existingOptimization/WbHt_8000_3000_pt340_ak6_ca16_th85.root,ok,,1000,1000,1.0,0.0,0.37,0.015267612779999367,0.195,0.46,0.223,0.223,0.777,0.013163244280951409,2334.448479456939,710.42862727766,3354.2776526922185,0.778149493152313,0.23680954242588667,1.118092550897406,0.5662684459906339,0.42887542437059023,1.3654534966754026
WbHt_8000_3000,WbHt,8000,3000,85,120,1.4,1.4,/eos/uscms/store/user/aji/rootfiles_existingOptimization/WbHt_8000_3000_pt120_ak14_ca14_th85.root,ok,,1000,1000,1.0,0.0,0.063,0.007683163410991596,0.0315,0.3955,0.276,0.276,0.724,0.014135911714495106,3718.9547374160757,2315.520444295844,6914.582270952593,1.239651579138692,0.7718401480986146,2.3048607569841977,0.6183272117277999,0.07631976550654078,1.3662923696416691
WbHt_8000_3000,WbHt,8000,3000,85,240,0.4,1.6,/eos/uscms/store/user/aji/rootfiles_existingOptimization/WbHt_8000_3000_pt240_ak4_ca16_th85.root,ok,,1000,1000,1.0,0.0,0.384,0.015379986996093333,0.199,0.455,0.212,0.212,0.788,0.012925014506761683,2232.182637389999,748.7284568685295,3252.0254259348453,0.7440608791299996,0.24957615228950983,1.084008475311615,0.5607285280189528,0.42511836166593714,1.3743224401059528
WbHt_8000_3000,WbHt,8000,3000,85,100,1.4,1.2,/eos/uscms/store/user/aji/rootfiles_existingOptimization/WbHt_8000_3000_pt100_ak14_ca12_th85.root,ok,,1000,1000,1.0,0.0,0.031,0.0054807846153630225,0.0155,0.315,0.236,0.236,0.764,0.013427732496590778,4534.168055601202,2885.329223202135,7996.388615815156,1.5113893518670674,0.9617764077340449,2.6654628719383857,0.5636160073841074,0.036769496850194705,1.378754942570814
WbHt_8000_3000,WbHt,8000,3000,85,360,0.6,1.6,/eos/uscms/store/user/aji/rootfiles_existingOptimization/WbHt_8000_3000_pt360_ak6_ca16_th85.root,ok,,1000,1000,1.0,0.0,0.381,0.015357050498061143,0.202,0.4555,0.219,0.219,0.781,0.013078187947877183,2301.028615160314,670.2407760243854,3325.0582846314696,0.7670095383867714,0.22341359200812844,1.1083527615438233,0.57687624810831,0.44412864001798186,1.381175294269633
WbHt_8000_3000,WbHt,8000,3000,85,260,0.4,1.6,/eos/uscms/store/user/aji/rootfiles_existingOptimization/WbHt_8000_3000_pt260_ak4_ca16_th85.root,ok,,1000,1000,1.0,0.0,0.404,0.015517216245190372,0.2105,0.454,0.21,0.21,0.79,0.01288021738946979,2220.7735220691316,697.1202120918865,3226.546322380612,0.7402578406897105,0.23237340403062884,1.0755154407935372,0.5694921353195929,0.4478083178858304,1.385466351250622
WbHt_8000_3000,WbHt,8000,3000,85,280,0.4,1.6,/eos/uscms/store/user/aji/rootfiles_existingOptimization/WbHt_8000_3000_pt280_ak4_ca16_th85.root,ok,,1000,1000,1.0,0.0,0.414,0.015575750383207868,0.2175,0.4485,0.203,0.203,0.7969999999999999,0.012719709116170859,2184.9971362763113,672.676069274011,3204.5013491647906,0.7283323787587704,0.22422535642467034,1.0681671163882633,0.579365811940041,0.45284558898723193,1.403532574064164
WbHt_8000_3000,WbHt,8000,3000,85,380,0.4,1.4,/eos/uscms/store/user/aji/rootfiles_existingOptimization/WbHt_8000_3000_pt380_ak4_ca14_th85.root,ok,,1000,1000,1.0,0.0,0.464,0.015770351930125086,0.2515,0.457,0.23,0.23,0.77,0.013307892395116514,2213.2287573131625,358.53299508622,3051.9099193424945,0.7377429191043876,0.11951099836207334,1.0173033064474981,0.6084723315103692,0.4741778414522526,1.4046980395999304
WbHt_8000_3000,WbHt,8000,3000,85,160,1.6,1.6,/eos/uscms/store/user/aji/rootfiles_existingOptimization/WbHt_8000_3000_pt160_ak16_ca16_th85.root,ok,,1000,1000,1.0,0.0,0.066,0.007851369307324678,0.033,0.396,0.249,0.249,0.751,0.013674757767507255,3534.00811842778,1724.0837416784987,6264.81893391554,1.1780027061425935,0.5746945805594995,2.0882729779718465,0.6424341767297829,0.13223382162776443,1.4112344473440421
WbHt_8000_3000,WbHt,8000,3000,85,100,1.4,1.4,/eos/uscms/store/user/aji/rootfiles_existingOptimization/WbHt_8000_3000_pt100_ak14_ca14_th85.root,ok,,1000,1000,1.0,0.0,0.038,0.006046155803483731,0.019,0.3035,0.206,0.206,0.794,0.0127892142057282,4542.444024699088,2809.6664731629003,7997.496084978997,1.5141480082330294,0.9365554910543,2.6658320283263324,0.5710394650553522,0.056937400116822384,1.4164542658786552
WbHt_8000_3000,WbHt,8000,3000,85,380,0.6,1.6,/eos/uscms/store/user/aji/rootfiles_existingOptimization/WbHt_8000_3000_pt380_ak6_ca16_th85.root,ok,,1000,1000,1.0,0.0,0.395,0.015458816254810716,0.2115,0.448,0.212,0.212,0.788,0.012925014506761683,2269.757413157815,589.967779402015,3333.646437642986,0.7565858043859384,0.19665592646733834,1.1112154792143287,0.6043990962064554,0.45113311505942666,1.4167405157678616
WbHt_8000_3000,WbHt,8000,3000,85,400,0.4,1.4,/eos/uscms/store/user/aji/rootfiles_existingOptimization/WbHt_8000_3000_pt400_ak4_ca14_th85.root,ok,,1000,1000,1.0,0.0,0.47,0.015782902141241326,0.257,0.4565,0.23,0.23,0.77,0.013307892395116514,2206.1584834747596,298.6656053768615,3045.0134659883843,0.7353861611582533,0.09955520179228716,1.0150044886627947,0.6224276000983279,0.47357673799332217,1.4188889839825025
WbHt_8000_3000,WbHt,8000,3000,85,100,1.2,1.6,/eos/uscms/store/user/aji/rootfiles_existingOptimization/WbHt_8000_3000_pt100_ak12_ca16_th85.root,ok,,1000,1000,1.0,0.0,0.075,0.008329165624478841,0.0375,0.3985,0.261,0.261,0.739,0.013888088421377507,3631.5933468095905,2111.9494128912133,6910.024939832116,1.2105311156031968,0.7039831376304044,2.303341646610705,0.660601982206527,0.09602604993338584,1.4206550937668467
WbHt_8000_3000,WbHt,8000,3000,85,300,0.4,1.6,/eos/uscms/store/user/aji/rootfiles_existingOptimization/WbHt_8000_3000_pt300_ak4_ca16_th85.root,ok,,1000,1000,1.0,0.0,0.428,0.015646597074124458,0.227,0.446,0.198,0.198,0.802,0.012601428490452976,2172.311881322011,620.6905466903246,3190.519987207532,0.7241039604406703,0.20689684889677487,1.0635066624025107,0.591496428899813,0.46426780266749695,1.421086032855746
WbHt_8000_3000,WbHt,8000,3000,85,100,1.6,1.4,/eos/uscms/store/user/aji/rootfiles_existingOptimization/WbHt_8000_3000_pt100_ak16_ca14_th85.root,ok,,1000,1000,1.0,0.0,0.019,0.004317290817167636,0.0095,0.228,0.154,0.154,0.846,0.011414201680362933,5670.8866894197945,3107.070949137063,8682.824117660111,1.8902955631399316,1.0356903163790212,2.8942747058867035,0.49161211234618396,0.055021494729335305,1.426641668660177
WbHt_8000_3000,WbHt,8000,3000,85,120,1.4,1.6,/eos/uscms/store/user/aji/rootfiles_existingOptimization/WbHt_8000_3000_pt120_ak14_ca16_th85.root,ok,,1000,1000,1.0,0.0,0.073,0.008226238508577295,0.0365,0.3825,0.243,0.243,0.757,0.013562853682024296,3705.9724358838926,2166.0081015139153,7027.2384560908,1.2353241452946309,0.7220027005046384,2.3424128186969333,0.6558643431217881,0.10694505442159209,1.4363967576512513
WbHt_8000_3000,WbHt,8000,3000,85,120,1.6,1.4,/eos/uscms/store/user/aji/rootfiles_existingOptimization/WbHt_8000_3000_pt120_ak16_ca14_th85.root,ok,,1000,1000,1.0,0.0,0.029,0.005306505441436953,0.0145,0.2935,0.2,0.2,0.8,0.012649110640673518,4609.562908548378,2765.7472801979243,8165.9022137398,1.536520969516126,0.9219157600659748,2.721967404579933,0.58575563894869,0.06434988164874932,1.4394077359003026
WbHt_8000_3000,WbHt,8000,3000,85,400,0.6,1.6,/eos/uscms/store/user/aji/rootfiles_existingOptimization/WbHt_8000_3000_pt400_ak6_ca16_th85.root,ok,,1000,1000,1.0,0.0,0.41,0.01555313473226539,0.22,0.443,0.204,0.204,0.796,0.012742998077375669,2231.4077690284093,525.9032704834946,3317.6191867789034,0.7438025896761364,0.17530109016116485,1.1058730622596344,0.6255503711701619,0.46034399344835586,1.4471701122025484
WbHt_8000_3000,WbHt,8000,3000,85,140,1.6,1.4,/eos/uscms/store/user/aji/rootfiles_existingOptimization/WbHt_8000_3000_pt140_ak16_ca14_th85.root,ok,,1000,1000,1.0,0.0,0.04,0.0061967733539318665,0.02,0.359,0.247,0.247,0.753,0.013637851736985557,3884.217005164777,2339.9810310823373,7504.7148990707965,1.2947390017215923,0.7799936770274457,2.5015716330235986,0.6648359065831029,0.0783024801730321,1.447309806755262
WbHt_8000_3000,WbHt,8000,3000,85,100,1.4,1.6,/eos/uscms/store/user/aji/rootfiles_existingOptimization/WbHt_8000_3000_pt100_ak14_ca16_th85.root,ok,,1000,1000,1.0,0.0,0.049,0.006826346021115542,0.0245,0.2975,0.184,0.184,0.8160000000000001,0.012253326079069307,4510.580984562266,2712.230297649828,8049.11777949495,1.5035269948540886,0.904076765883276,2.68303925983165,0.591596459537135,0.07805894849779464,1.457949159022544
WbHt_8000_3000,WbHt,8000,3000,85,320,0.4,1.6,/eos/uscms/store/user/aji/rootfiles_existingOptimization/WbHt_8000_3000_pt320_ak4_ca16_th85.root,ok,,1000,1000,1.0,0.0,0.443,0.015708309902723462,0.2365,0.44,0.19,0.19,0.81,0.012405643876881197,2130.1954522855303,508.59058183305694,3162.406005861586,0.7100651507618435,0.16953019394435231,1.0541353352871954,0.6229042084333614,0.47357673799332217,1.461897693357177
WbHt_8000_3000,WbHt,8000,3000,85,100,1.6,1.6,/eos/uscms/store/user/aji/rootfiles_existingOptimization/WbHt_8000_3000_pt100_ak16_ca16_th85.root,ok,,1000,1000,1.0,0.0,0.026,0.0050322956987840055,0.013,0.2195,0.13,0.13,0.87,0.010634848376916336,5589.770193740513,3064.75993749989,8820.836930672733,1.8632567312468375,1.0215866458332965,2.9402789768909106,0.5148759961204274,0.081818070384993,1.471201669245111
WbHt_8000_3000,WbHt,8000,3000,85,340,0.4,1.6,/eos/uscms/store/user/aji/rootfiles_existingOptimization/WbHt_8000_3000_pt340_ak4_ca16_th85.root,ok,,1000,1000,1.0,0.0,0.456,0.015750047618975634,0.244,0.4345,0.183,0.183,0.817,0.012227469075814505,2106.5089557033893,435.2733861958924,3146.777933568717,0.7021696519011298,0.14509112873196414,1.048925977856239,0.6436014762793685,0.4870749098567151,1.4903845110892555
WbHt_8000_3000,WbHt,8000,3000,85,120,1.6,1.6,/eos/uscms/store/user/aji/rootfiles_existingOptimization/WbHt_8000_3000_pt120_ak16_ca16_th85.root,ok,,1000,1000,1.0,0.0,0.043,0.006414904519944158,0.0215,0.28,0.173,0.173,0.827,0.011961229033840963,4611.288427634539,2613.843036084146,8281.31836936459,1.5370961425448462,0.8712810120280488,2.7604394564548635,0.6145218871277263,0.08900295324412093,1.4952315013822108
WbHt_8000_3000,WbHt,8000,3000,85,140,1.6,1.6,/eos/uscms/store/user/aji/rootfiles_existingOptimization/WbHt_8000_3000_pt140_ak16_ca16_th85.root,ok,,1000,1000,1.0,0.0,0.058,0.007391616873188166,0.029,0.342,0.217,0.217,0.783,0.013034991369387246,3886.2976949702,2101.153641912007,7482.622659635334,1.2954325649900666,0.7003845473040023,2.494207553211778,0.6923644867309364,0.11107210582333972,1.5049077432299431
WbHt_8000_3000,WbHt,8000,3000,85,360,0.4,1.6,/eos/uscms/store/user/aji/rootfiles_existingOptimization/WbHt_8000_3000_pt360_ak4_ca16_th85.root,ok,,1000,1000,1.0,0.0,0.467,0.015776913513105152,0.2515,0.43,0.176,0.176,0.8240000000000001,0.012042591083317573,2069.5019286657007,355.9030152697916,3116.7582703736575,0.6898339762219003,0.11863433842326386,1.0389194234578858,0.6670337477974496,0.4918985888147034,1.5220503501752596
WbHt_8000_3000,WbHt,8000,3000,85,380,0.4,1.6,/eos/uscms/store/user/aji/rootfiles_existingOptimization/WbHt_8000_3000_pt380_ak4_ca16_th85.root,ok,,1000,1000,1.0,0.0,0.485,0.01580427157448264,0.262,0.422,0.167,0.167,0.833,0.01179453263168999,2023.349305414914,258.93028452559855,3100.2820754068302,0.674449768471638,0.08631009484186618,1.0334273584689433,0.7021406989087768,0.5048864364731216,1.567695722061613
WbHt_8000_3000,WbHt,8000,3000,85,400,0.4,1.6,/eos/uscms/store/user/aji/rootfiles_existingOptimization/WbHt_8000_3000_pt400_ak4_ca16_th85.root,ok,,1000,1000,1.0,0.0,0.491,0.015808826648426505,0.2675,0.4215,0.167,0.167,0.833,0.01179453263168999,2012.3178179897786,229.41864558489706,3086.3083521058375,0.6707726059965928,0.07647288186163236,1.0287694507019458,0.7098505218660872,0.5036593306026919,1.575773261266428
WbHt_8000_3000,WbHt,8000,3000,85,100,0.8,0.4,/eos/uscms/store/user/aji/rootfiles_existingOptimization/WbHt_8000_3000_pt100_ak8_ca4_th85.root,failed,/eos/uscms/store/user/aji/rootfiles_existingOptimization/WbHt_8000_3000_pt100_ak8_ca4_th85.root,nan,nan,nan,nan,nan,nan,nan,nan,nan,nan,nan,nan,nan,nan,nan,nan,nan,nan,nan,nan,nan
WbHt_8000_3000,WbHt,8000,3000,85,100,1.0,0.4,/eos/uscms/store/user/aji/rootfiles_existingOptimization/WbHt_8000_3000_pt100_ak10_ca4_th85.root,failed,/eos/uscms/store/user/aji/rootfiles_existingOptimization/WbHt_8000_3000_pt100_ak10_ca4_th85.root,nan,nan,nan,nan,nan,nan,nan,nan,nan,nan,nan,nan,nan,nan,nan,nan,nan,nan,nan,nan,nan
WbHt_8000_3000,WbHt,8000,3000,85,100,1.0,0.6,/eos/uscms/store/user/aji/rootfiles_existingOptimization/WbHt_8000_3000_pt100_ak10_ca6_th85.root,failed,/eos/uscms/store/user/aji/rootfiles_existingOptimization/WbHt_8000_3000_pt100_ak10_ca6_th85.root,nan,nan,nan,nan,nan,nan,nan,nan,nan,nan,nan,nan,nan,nan,nan,nan,nan,nan,nan,nan,nan
WbHt_8000_3000,WbHt,8000,3000,85,100,1.2,0.4,/eos/uscms/store/user/aji/rootfiles_existingOptimization/WbHt_8000_3000_pt100_ak12_ca4_th85.root,failed,/eos/uscms/store/user/aji/rootfiles_existingOptimization/WbHt_8000_3000_pt100_ak12_ca4_th85.root,nan,nan,nan,nan,nan,nan,nan,nan,nan,nan,nan,nan,nan,nan,nan,nan,nan,nan,nan,nan,nan
WbHt_8000_3000,WbHt,8000,3000,85,100,1.2,0.6,/eos/uscms/store/user/aji/rootfiles_existingOptimization/WbHt_8000_3000_pt100_ak12_ca6_th85.root,failed,/eos/uscms/store/user/aji/rootfiles_existingOptimization/WbHt_8000_3000_pt100_ak12_ca6_th85.root,nan,nan,nan,nan,nan,nan,nan,nan,nan,nan,nan,nan,nan,nan,nan,nan,nan,nan,nan,nan,nan
WbHt_8000_3000,WbHt,8000,3000,85,100,1.2,0.8,/eos/uscms/store/user/aji/rootfiles_existingOptimization/WbHt_8000_3000_pt100_ak12_ca8_th85.root,failed,/eos/uscms/store/user/aji/rootfiles_existingOptimization/WbHt_8000_3000_pt100_ak12_ca8_th85.root,nan,nan,nan,nan,nan,nan,nan,nan,nan,nan,nan,nan,nan,nan,nan,nan,nan,nan,nan,nan,nan
WbHt_8000_3000,WbHt,8000,3000,85,100,1.4,0.4,/eos/uscms/store/user/aji/rootfiles_existingOptimization/WbHt_8000_3000_pt100_ak14_ca4_th85.root,failed,/eos/uscms/store/user/aji/rootfiles_existingOptimization/WbHt_8000_3000_pt100_ak14_ca4_th85.root,nan,nan,nan,nan,nan,nan,nan,nan,nan,nan,nan,nan,nan,nan,nan,nan,nan,nan,nan,nan,nan
WbHt_8000_3000,WbHt,8000,3000,85,100,1.4,0.6,/eos/uscms/store/user/aji/rootfiles_existingOptimization/WbHt_8000_3000_pt100_ak14_ca6_th85.root,failed,/eos/uscms/store/user/aji/rootfiles_existingOptimization/WbHt_8000_3000_pt100_ak14_ca6_th85.root,nan,nan,nan,nan,nan,nan,nan,nan,nan,nan,nan,nan,nan,nan,nan,nan,nan,nan,nan,nan,nan
WbHt_8000_3000,WbHt,8000,3000,85,100,1.4,0.8,/eos/uscms/store/user/aji/rootfiles_existingOptimization/WbHt_8000_3000_pt100_ak14_ca8_th85.root,failed,/eos/uscms/store/user/aji/rootfiles_existingOptimization/WbHt_8000_3000_pt100_ak14_ca8_th85.root,nan,nan,nan,nan,nan,nan,nan,nan,nan,nan,nan,nan,nan,nan,nan,nan,nan,nan,nan,nan,nan
WbHt_8000_3000,WbHt,8000,3000,85,100,1.4,1.0,/eos/uscms/store/user/aji/rootfiles_existingOptimization/WbHt_8000_3000_pt100_ak14_ca10_th85.root,failed,/eos/uscms/store/user/aji/rootfiles_existingOptimization/WbHt_8000_3000_pt100_ak14_ca10_th85.root,nan,nan,nan,nan,nan,nan,nan,nan,nan,nan,nan,nan,nan,nan,nan,nan,nan,nan,nan,nan,nan
WbHt_8000_3000,WbHt,8000,3000,85,100,1.6,0.4,/eos/uscms/store/user/aji/rootfiles_existingOptimization/WbHt_8000_3000_pt100_ak16_ca4_th85.root,failed,/eos/uscms/store/user/aji/rootfiles_existingOptimization/WbHt_8000_3000_pt100_ak16_ca4_th85.root,nan,nan,nan,nan,nan,nan,nan,nan,nan,nan,nan,nan,nan,nan,nan,nan,nan,nan,nan,nan,nan
WbHt_8000_3000,WbHt,8000,3000,85,100,1.6,0.6,/eos/uscms/store/user/aji/rootfiles_existingOptimization/WbHt_8000_3000_pt100_ak16_ca6_th85.root,failed,/eos/uscms/store/user/aji/rootfiles_existingOptimization/WbHt_8000_3000_pt100_ak16_ca6_th85.root,nan,nan,nan,nan,nan,nan,nan,nan,nan,nan,nan,nan,nan,nan,nan,nan,nan,nan,nan,nan,nan
WbHt_8000_3000,WbHt,8000,3000,85,100,1.6,0.8,/eos/uscms/store/user/aji/rootfiles_existingOptimization/WbHt_8000_3000_pt100_ak16_ca8_th85.root,failed,/eos/uscms/store/user/aji/rootfiles_existingOptimization/WbHt_8000_3000_pt100_ak16_ca8_th85.root,nan,nan,nan,nan,nan,nan,nan,nan,nan,nan,nan,nan,nan,nan,nan,nan,nan,nan,nan,nan,nan
WbHt_8000_3000,WbHt,8000,3000,85,100,1.6,1.0,/eos/uscms/store/user/aji/rootfiles_existingOptimization/WbHt_8000_3000_pt100_ak16_ca10_th85.root,failed,/eos/uscms/store/user/aji/rootfiles_existingOptimization/WbHt_8000_3000_pt100_ak16_ca10_th85.root,nan,nan,nan,nan,nan,nan,nan,nan,nan,nan,nan,nan,nan,nan,nan,nan,nan,nan,nan,nan,nan
WbHt_8000_3000,WbHt,8000,3000,85,100,1.6,1.2,/eos/uscms/store/user/aji/rootfiles_existingOptimization/WbHt_8000_3000_pt100_ak16_ca12_th85.root,failed,/eos/uscms/store/user/aji/rootfiles_existingOptimization/WbHt_8000_3000_pt100_ak16_ca12_th85.root,nan,nan,nan,nan,nan,nan,nan,nan,nan,nan,nan,nan,nan,nan,nan,nan,nan,nan,nan,nan,nan
WbHt_8000_3000,WbHt,8000,3000,85,120,0.8,0.4,/eos/uscms/store/user/aji/rootfiles_existingOptimization/WbHt_8000_3000_pt120_ak8_ca4_th85.root,failed,/eos/uscms/store/user/aji/rootfiles_existingOptimization/WbHt_8000_3000_pt120_ak8_ca4_th85.root,nan,nan,nan,nan,nan,nan,nan,nan,nan,nan,nan,nan,nan,nan,nan,nan,nan,nan,nan,nan,nan
WbHt_8000_3000,WbHt,8000,3000,85,120,1.0,0.4,/eos/uscms/store/user/aji/rootfiles_existingOptimization/WbHt_8000_3000_pt120_ak10_ca4_th85.root,failed,/eos/uscms/store/user/aji/rootfiles_existingOptimization/WbHt_8000_3000_pt120_ak10_ca4_th85.root,nan,nan,nan,nan,nan,nan,nan,nan,nan,nan,nan,nan,nan,nan,nan,nan,nan,nan,nan,nan,nan
WbHt_8000_3000,WbHt,8000,3000,85,120,1.0,0.6,/eos/uscms/store/user/aji/rootfiles_existingOptimization/WbHt_8000_3000_pt120_ak10_ca6_th85.root,failed,/eos/uscms/store/user/aji/rootfiles_existingOptimization/WbHt_8000_3000_pt120_ak10_ca6_th85.root,nan,nan,nan,nan,nan,nan,nan,nan,nan,nan,nan,nan,nan,nan,nan,nan,nan,nan,nan,nan,nan
WbHt_8000_3000,WbHt,8000,3000,85,120,1.2,0.4,/eos/uscms/store/user/aji/rootfiles_existingOptimization/WbHt_8000_3000_pt120_ak12_ca4_th85.root,failed,/eos/uscms/store/user/aji/rootfiles_existingOptimization/WbHt_8000_3000_pt120_ak12_ca4_th85.root,nan,nan,nan,nan,nan,nan,nan,nan,nan,nan,nan,nan,nan,nan,nan,nan,nan,nan,nan,nan,nan
WbHt_8000_3000,WbHt,8000,3000,85,120,1.2,0.6,/eos/uscms/store/user/aji/rootfiles_existingOptimization/WbHt_8000_3000_pt120_ak12_ca6_th85.root,failed,/eos/uscms/store/user/aji/rootfiles_existingOptimization/WbHt_8000_3000_pt120_ak12_ca6_th85.root,nan,nan,nan,nan,nan,nan,nan,nan,nan,nan,nan,nan,nan,nan,nan,nan,nan,nan,nan,nan,nan
WbHt_8000_3000,WbHt,8000,3000,85,120,1.2,0.8,/eos/uscms/store/user/aji/rootfiles_existingOptimization/WbHt_8000_3000_pt120_ak12_ca8_th85.root,failed,/eos/uscms/store/user/aji/rootfiles_existingOptimization/WbHt_8000_3000_pt120_ak12_ca8_th85.root,nan,nan,nan,nan,nan,nan,nan,nan,nan,nan,nan,nan,nan,nan,nan,nan,nan,nan,nan,nan,nan
WbHt_8000_3000,WbHt,8000,3000,85,120,1.4,0.4,/eos/uscms/store/user/aji/rootfiles_existingOptimization/WbHt_8000_3000_pt120_ak14_ca4_th85.root,failed,/eos/uscms/store/user/aji/rootfiles_existingOptimization/WbHt_8000_3000_pt120_ak14_ca4_th85.root,nan,nan,nan,nan,nan,nan,nan,nan,nan,nan,nan,nan,nan,nan,nan,nan,nan,nan,nan,nan,nan
WbHt_8000_3000,WbHt,8000,3000,85,120,1.4,0.6,/eos/uscms/store/user/aji/rootfiles_existingOptimization/WbHt_8000_3000_pt120_ak14_ca6_th85.root,failed,/eos/uscms/store/user/aji/rootfiles_existingOptimization/WbHt_8000_3000_pt120_ak14_ca6_th85.root,nan,nan,nan,nan,nan,nan,nan,nan,nan,nan,nan,nan,nan,nan,nan,nan,nan,nan,nan,nan,nan
WbHt_8000_3000,WbHt,8000,3000,85,120,1.4,0.8,/eos/uscms/store/user/aji/rootfiles_existingOptimization/WbHt_8000_3000_pt120_ak14_ca8_th85.root,failed,/eos/uscms/store/user/aji/rootfiles_existingOptimization/WbHt_8000_3000_pt120_ak14_ca8_th85.root,nan,nan,nan,nan,nan,nan,nan,nan,nan,nan,nan,nan,nan,nan,nan,nan,nan,nan,nan,nan,nan
WbHt_8000_3000,WbHt,8000,3000,85,120,1.4,1.0,/eos/uscms/store/user/aji/rootfiles_existingOptimization/WbHt_8000_3000_pt120_ak14_ca10_th85.root,failed,/eos/uscms/store/user/aji/rootfiles_existingOptimization/WbHt_8000_3000_pt120_ak14_ca10_th85.root,nan,nan,nan,nan,nan,nan,nan,nan,nan,nan,nan,nan,nan,nan,nan,nan,nan,nan,nan,nan,nan
WbHt_8000_3000,WbHt,8000,3000,85,120,1.6,0.4,/eos/uscms/store/user/aji/rootfiles_existingOptimization/WbHt_8000_3000_pt120_ak16_ca4_th85.root,failed,/eos/uscms/store/user/aji/rootfiles_existingOptimization/WbHt_8000_3000_pt120_ak16_ca4_th85.root,nan,nan,nan,nan,nan,nan,nan,nan,nan,nan,nan,nan,nan,nan,nan,nan,nan,nan,nan,nan,nan
WbHt_8000_3000,WbHt,8000,3000,85,120,1.6,0.6,/eos/uscms/store/user/aji/rootfiles_existingOptimization/WbHt_8000_3000_pt120_ak16_ca6_th85.root,failed,/eos/uscms/store/user/aji/rootfiles_existingOptimization/WbHt_8000_3000_pt120_ak16_ca6_th85.root,nan,nan,nan,nan,nan,nan,nan,nan,nan,nan,nan,nan,nan,nan,nan,nan,nan,nan,nan,nan,nan
WbHt_8000_3000,WbHt,8000,3000,85,120,1.6,0.8,/eos/uscms/store/user/aji/rootfiles_existingOptimization/WbHt_8000_3000_pt120_ak16_ca8_th85.root,failed,/eos/uscms/store/user/aji/rootfiles_existingOptimization/WbHt_8000_3000_pt120_ak16_ca8_th85.root,nan,nan,nan,nan,nan,nan,nan,nan,nan,nan,nan,nan,nan,nan,nan,nan,nan,nan,nan,nan,nan
WbHt_8000_3000,WbHt,8000,3000,85,120,1.6,1.0,/eos/uscms/store/user/aji/rootfiles_existingOptimization/WbHt_8000_3000_pt120_ak16_ca10_th85.root,failed,/eos/uscms/store/user/aji/rootfiles_existingOptimization/WbHt_8000_3000_pt120_ak16_ca10_th85.root,nan,nan,nan,nan,nan,nan,nan,nan,nan,nan,nan,nan,nan,nan,nan,nan,nan,nan,nan,nan,nan
WbHt_8000_3000,WbHt,8000,3000,85,120,1.6,1.2,/eos/uscms/store/user/aji/rootfiles_existingOptimization/WbHt_8000_3000_pt120_ak16_ca12_th85.root,failed,/eos/uscms/store/user/aji/rootfiles_existingOptimization/WbHt_8000_3000_pt120_ak16_ca12_th85.root,nan,nan,nan,nan,nan,nan,nan,nan,nan,nan,nan,nan,nan,nan,nan,nan,nan,nan,nan,nan,nan
WbHt_8000_3000,WbHt,8000,3000,85,140,0.8,0.4,/eos/uscms/store/user/aji/rootfiles_existingOptimization/WbHt_8000_3000_pt140_ak8_ca4_th85.root,failed,/eos/uscms/store/user/aji/rootfiles_existingOptimization/WbHt_8000_3000_pt140_ak8_ca4_th85.root,nan,nan,nan,nan,nan,nan,nan,nan,nan,nan,nan,nan,nan,nan,nan,nan,nan,nan,nan,nan,nan
WbHt_8000_3000,WbHt,8000,3000,85,140,1.0,0.4,/eos/uscms/store/user/aji/rootfiles_existingOptimization/WbHt_8000_3000_pt140_ak10_ca4_th85.root,failed,/eos/uscms/store/user/aji/rootfiles_existingOptimization/WbHt_8000_3000_pt140_ak10_ca4_th85.root,nan,nan,nan,nan,nan,nan,nan,nan,nan,nan,nan,nan,nan,nan,nan,nan,nan,nan,nan,nan,nan
WbHt_8000_3000,WbHt,8000,3000,85,140,1.0,0.6,/eos/uscms/store/user/aji/rootfiles_existingOptimization/WbHt_8000_3000_pt140_ak10_ca6_th85.root,failed,/eos/uscms/store/user/aji/rootfiles_existingOptimization/WbHt_8000_3000_pt140_ak10_ca6_th85.root,nan,nan,nan,nan,nan,nan,nan,nan,nan,nan,nan,nan,nan,nan,nan,nan,nan,nan,nan,nan,nan
WbHt_8000_3000,WbHt,8000,3000,85,140,1.2,0.4,/eos/uscms/store/user/aji/rootfiles_existingOptimization/WbHt_8000_3000_pt140_ak12_ca4_th85.root,failed,/eos/uscms/store/user/aji/rootfiles_existingOptimization/WbHt_8000_3000_pt140_ak12_ca4_th85.root,nan,nan,nan,nan,nan,nan,nan,nan,nan,nan,nan,nan,nan,nan,nan,nan,nan,nan,nan,nan,nan
WbHt_8000_3000,WbHt,8000,3000,85,140,1.2,0.6,/eos/uscms/store/user/aji/rootfiles_existingOptimization/WbHt_8000_3000_pt140_ak12_ca6_th85.root,failed,/eos/uscms/store/user/aji/rootfiles_existingOptimization/WbHt_8000_3000_pt140_ak12_ca6_th85.root,nan,nan,nan,nan,nan,nan,nan,nan,nan,nan,nan,nan,nan,nan,nan,nan,nan,nan,nan,nan,nan
WbHt_8000_3000,WbHt,8000,3000,85,140,1.2,0.8,/eos/uscms/store/user/aji/rootfiles_existingOptimization/WbHt_8000_3000_pt140_ak12_ca8_th85.root,failed,/eos/uscms/store/user/aji/rootfiles_existingOptimization/WbHt_8000_3000_pt140_ak12_ca8_th85.root,nan,nan,nan,nan,nan,nan,nan,nan,nan,nan,nan,nan,nan,nan,nan,nan,nan,nan,nan,nan,nan
WbHt_8000_3000,WbHt,8000,3000,85,140,1.4,0.4,/eos/uscms/store/user/aji/rootfiles_existingOptimization/WbHt_8000_3000_pt140_ak14_ca4_th85.root,failed,/eos/uscms/store/user/aji/rootfiles_existingOptimization/WbHt_8000_3000_pt140_ak14_ca4_th85.root,nan,nan,nan,nan,nan,nan,nan,nan,nan,nan,nan,nan,nan,nan,nan,nan,nan,nan,nan,nan,nan
WbHt_8000_3000,WbHt,8000,3000,85,140,1.4,0.6,/eos/uscms/store/user/aji/rootfiles_existingOptimization/WbHt_8000_3000_pt140_ak14_ca6_th85.root,failed,/eos/uscms/store/user/aji/rootfiles_existingOptimization/WbHt_8000_3000_pt140_ak14_ca6_th85.root,nan,nan,nan,nan,nan,nan,nan,nan,nan,nan,nan,nan,nan,nan,nan,nan,nan,nan,nan,nan,nan
WbHt_8000_3000,WbHt,8000,3000,85,140,1.4,0.8,/eos/uscms/store/user/aji/rootfiles_existingOptimization/WbHt_8000_3000_pt140_ak14_ca8_th85.root,failed,/eos/uscms/store/user/aji/rootfiles_existingOptimization/WbHt_8000_3000_pt140_ak14_ca8_th85.root,nan,nan,nan,nan,nan,nan,nan,nan,nan,nan,nan,nan,nan,nan,nan,nan,nan,nan,nan,nan,nan
WbHt_8000_3000,WbHt,8000,3000,85,140,1.4,1.0,/eos/uscms/store/user/aji/rootfiles_existingOptimization/WbHt_8000_3000_pt140_ak14_ca10_th85.root,failed,/eos/uscms/store/user/aji/rootfiles_existingOptimization/WbHt_8000_3000_pt140_ak14_ca10_th85.root,nan,nan,nan,nan,nan,nan,nan,nan,nan,nan,nan,nan,nan,nan,nan,nan,nan,nan,nan,nan,nan
WbHt_8000_3000,WbHt,8000,3000,85,140,1.6,0.4,/eos/uscms/store/user/aji/rootfiles_existingOptimization/WbHt_8000_3000_pt140_ak16_ca4_th85.root,failed,/eos/uscms/store/user/aji/rootfiles_existingOptimization/WbHt_8000_3000_pt140_ak16_ca4_th85.root,nan,nan,nan,nan,nan,nan,nan,nan,nan,nan,nan,nan,nan,nan,nan,nan,nan,nan,nan,nan,nan
WbHt_8000_3000,WbHt,8000,3000,85,140,1.6,0.6,/eos/uscms/store/user/aji/rootfiles_existingOptimization/WbHt_8000_3000_pt140_ak16_ca6_th85.root,failed,/eos/uscms/store/user/aji/rootfiles_existingOptimization/WbHt_8000_3000_pt140_ak16_ca6_th85.root,nan,nan,nan,nan,nan,nan,nan,nan,nan,nan,nan,nan,nan,nan,nan,nan,nan,nan,nan,nan,nan
WbHt_8000_3000,WbHt,8000,3000,85,140,1.6,0.8,/eos/uscms/store/user/aji/rootfiles_existingOptimization/WbHt_8000_3000_pt140_ak16_ca8_th85.root,failed,/eos/uscms/store/user/aji/rootfiles_existingOptimization/WbHt_8000_3000_pt140_ak16_ca8_th85.root,nan,nan,nan,nan,nan,nan,nan,nan,nan,nan,nan,nan,nan,nan,nan,nan,nan,nan,nan,nan,nan
WbHt_8000_3000,WbHt,8000,3000,85,140,1.6,1.0,/eos/uscms/store/user/aji/rootfiles_existingOptimization/WbHt_8000_3000_pt140_ak16_ca10_th85.root,failed,/eos/uscms/store/user/aji/rootfiles_existingOptimization/WbHt_8000_3000_pt140_ak16_ca10_th85.root,nan,nan,nan,nan,nan,nan,nan,nan,nan,nan,nan,nan,nan,nan,nan,nan,nan,nan,nan,nan,nan
WbHt_8000_3000,WbHt,8000,3000,85,140,1.6,1.2,/eos/uscms/store/user/aji/rootfiles_existingOptimization/WbHt_8000_3000_pt140_ak16_ca12_th85.root,failed,/eos/uscms/store/user/aji/rootfiles_existingOptimization/WbHt_8000_3000_pt140_ak16_ca12_th85.root,nan,nan,nan,nan,nan,nan,nan,nan,nan,nan,nan,nan,nan,nan,nan,nan,nan,nan,nan,nan,nan
WbHt_8000_3000,WbHt,8000,3000,85,160,0.8,0.4,/eos/uscms/store/user/aji/rootfiles_existingOptimization/WbHt_8000_3000_pt160_ak8_ca4_th85.root,failed,/eos/uscms/store/user/aji/rootfiles_existingOptimization/WbHt_8000_3000_pt160_ak8_ca4_th85.root,nan,nan,nan,nan,nan,nan,nan,nan,nan,nan,nan,nan,nan,nan,nan,nan,nan,nan,nan,nan,nan
WbHt_8000_3000,WbHt,8000,3000,85,160,1.0,0.4,/eos/uscms/store/user/aji/rootfiles_existingOptimization/WbHt_8000_3000_pt160_ak10_ca4_th85.root,failed,/eos/uscms/store/user/aji/rootfiles_existingOptimization/WbHt_8000_3000_pt160_ak10_ca4_th85.root,nan,nan,nan,nan,nan,nan,nan,nan,nan,nan,nan,nan,nan,nan,nan,nan,nan,nan,nan,nan,nan
WbHt_8000_3000,WbHt,8000,3000,85,160,1.0,0.6,/eos/uscms/store/user/aji/rootfiles_existingOptimization/WbHt_8000_3000_pt160_ak10_ca6_th85.root,failed,/eos/uscms/store/user/aji/rootfiles_existingOptimization/WbHt_8000_3000_pt160_ak10_ca6_th85.root,nan,nan,nan,nan,nan,nan,nan,nan,nan,nan,nan,nan,nan,nan,nan,nan,nan,nan,nan,nan,nan
WbHt_8000_3000,WbHt,8000,3000,85,160,1.2,0.4,/eos/uscms/store/user/aji/rootfiles_existingOptimization/WbHt_8000_3000_pt160_ak12_ca4_th85.root,failed,/eos/uscms/store/user/aji/rootfiles_existingOptimization/WbHt_8000_3000_pt160_ak12_ca4_th85.root,nan,nan,nan,nan,nan,nan,nan,nan,nan,nan,nan,nan,nan,nan,nan,nan,nan,nan,nan,nan,nan
WbHt_8000_3000,WbHt,8000,3000,85,160,1.2,0.6,/eos/uscms/store/user/aji/rootfiles_existingOptimization/WbHt_8000_3000_pt160_ak12_ca6_th85.root,failed,/eos/uscms/store/user/aji/rootfiles_existingOptimization/WbHt_8000_3000_pt160_ak12_ca6_th85.root,nan,nan,nan,nan,nan,nan,nan,nan,nan,nan,nan,nan,nan,nan,nan,nan,nan,nan,nan,nan,nan
WbHt_8000_3000,WbHt,8000,3000,85,160,1.2,0.8,/eos/uscms/store/user/aji/rootfiles_existingOptimization/WbHt_8000_3000_pt160_ak12_ca8_th85.root,failed,/eos/uscms/store/user/aji/rootfiles_existingOptimization/WbHt_8000_3000_pt160_ak12_ca8_th85.root,nan,nan,nan,nan,nan,nan,nan,nan,nan,nan,nan,nan,nan,nan,nan,nan,nan,nan,nan,nan,nan
WbHt_8000_3000,WbHt,8000,3000,85,160,1.4,0.4,/eos/uscms/store/user/aji/rootfiles_existingOptimization/WbHt_8000_3000_pt160_ak14_ca4_th85.root,failed,/eos/uscms/store/user/aji/rootfiles_existingOptimization/WbHt_8000_3000_pt160_ak14_ca4_th85.root,nan,nan,nan,nan,nan,nan,nan,nan,nan,nan,nan,nan,nan,nan,nan,nan,nan,nan,nan,nan,nan
WbHt_8000_3000,WbHt,8000,3000,85,160,1.4,0.6,/eos/uscms/store/user/aji/rootfiles_existingOptimization/WbHt_8000_3000_pt160_ak14_ca6_th85.root,failed,/eos/uscms/store/user/aji/rootfiles_existingOptimization/WbHt_8000_3000_pt160_ak14_ca6_th85.root,nan,nan,nan,nan,nan,nan,nan,nan,nan,nan,nan,nan,nan,nan,nan,nan,nan,nan,nan,nan,nan
WbHt_8000_3000,WbHt,8000,3000,85,160,1.4,0.8,/eos/uscms/store/user/aji/rootfiles_existingOptimization/WbHt_8000_3000_pt160_ak14_ca8_th85.root,failed,/eos/uscms/store/user/aji/rootfiles_existingOptimization/WbHt_8000_3000_pt160_ak14_ca8_th85.root,nan,nan,nan,nan,nan,nan,nan,nan,nan,nan,nan,nan,nan,nan,nan,nan,nan,nan,nan,nan,nan
WbHt_8000_3000,WbHt,8000,3000,85,160,1.4,1.0,/eos/uscms/store/user/aji/rootfiles_existingOptimization/WbHt_8000_3000_pt160_ak14_ca10_th85.root,failed,/eos/uscms/store/user/aji/rootfiles_existingOptimization/WbHt_8000_3000_pt160_ak14_ca10_th85.root,nan,nan,nan,nan,nan,nan,nan,nan,nan,nan,nan,nan,nan,nan,nan,nan,nan,nan,nan,nan,nan
WbHt_8000_3000,WbHt,8000,3000,85,160,1.6,0.4,/eos/uscms/store/user/aji/rootfiles_existingOptimization/WbHt_8000_3000_pt160_ak16_ca4_th85.root,failed,/eos/uscms/store/user/aji/rootfiles_existingOptimization/WbHt_8000_3000_pt160_ak16_ca4_th85.root,nan,nan,nan,nan,nan,nan,nan,nan,nan,nan,nan,nan,nan,nan,nan,nan,nan,nan,nan,nan,nan
WbHt_8000_3000,WbHt,8000,3000,85,160,1.6,0.6,/eos/uscms/store/user/aji/rootfiles_existingOptimization/WbHt_8000_3000_pt160_ak16_ca6_th85.root,failed,/eos/uscms/store/user/aji/rootfiles_existingOptimization/WbHt_8000_3000_pt160_ak16_ca6_th85.root,nan,nan,nan,nan,nan,nan,nan,nan,nan,nan,nan,nan,nan,nan,nan,nan,nan,nan,nan,nan,nan
WbHt_8000_3000,WbHt,8000,3000,85,160,1.6,0.8,/eos/uscms/store/user/aji/rootfiles_existingOptimization/WbHt_8000_3000_pt160_ak16_ca8_th85.root,failed,/eos/uscms/store/user/aji/rootfiles_existingOptimization/WbHt_8000_3000_pt160_ak16_ca8_th85.root,nan,nan,nan,nan,nan,nan,nan,nan,nan,nan,nan,nan,nan,nan,nan,nan,nan,nan,nan,nan,nan
WbHt_8000_3000,WbHt,8000,3000,85,160,1.6,1.0,/eos/uscms/store/user/aji/rootfiles_existingOptimization/WbHt_8000_3000_pt160_ak16_ca10_th85.root,failed,/eos/uscms/store/user/aji/rootfiles_existingOptimization/WbHt_8000_3000_pt160_ak16_ca10_th85.root,nan,nan,nan,nan,nan,nan,nan,nan,nan,nan,nan,nan,nan,nan,nan,nan,nan,nan,nan,nan,nan
WbHt_8000_3000,WbHt,8000,3000,85,160,1.6,1.2,/eos/uscms/store/user/aji/rootfiles_existingOptimization/WbHt_8000_3000_pt160_ak16_ca12_th85.root,failed,/eos/uscms/store/user/aji/rootfiles_existingOptimization/WbHt_8000_3000_pt160_ak16_ca12_th85.root,nan,nan,nan,nan,nan,nan,nan,nan,nan,nan,nan,nan,nan,nan,nan,nan,nan,nan,nan,nan,nan
WbHt_8000_3000,WbHt,8000,3000,85,180,0.8,0.4,/eos/uscms/store/user/aji/rootfiles_existingOptimization/WbHt_8000_3000_pt180_ak8_ca4_th85.root,failed,/eos/uscms/store/user/aji/rootfiles_existingOptimization/WbHt_8000_3000_pt180_ak8_ca4_th85.root,nan,nan,nan,nan,nan,nan,nan,nan,nan,nan,nan,nan,nan,nan,nan,nan,nan,nan,nan,nan,nan
WbHt_8000_3000,WbHt,8000,3000,85,180,1.0,0.4,/eos/uscms/store/user/aji/rootfiles_existingOptimization/WbHt_8000_3000_pt180_ak10_ca4_th85.root,failed,/eos/uscms/store/user/aji/rootfiles_existingOptimization/WbHt_8000_3000_pt180_ak10_ca4_th85.root,nan,nan,nan,nan,nan,nan,nan,nan,nan,nan,nan,nan,nan,nan,nan,nan,nan,nan,nan,nan,nan
WbHt_8000_3000,WbHt,8000,3000,85,180,1.0,0.6,/eos/uscms/store/user/aji/rootfiles_existingOptimization/WbHt_8000_3000_pt180_ak10_ca6_th85.root,failed,/eos/uscms/store/user/aji/rootfiles_existingOptimization/WbHt_8000_3000_pt180_ak10_ca6_th85.root,nan,nan,nan,nan,nan,nan,nan,nan,nan,nan,nan,nan,nan,nan,nan,nan,nan,nan,nan,nan,nan
WbHt_8000_3000,WbHt,8000,3000,85,180,1.2,0.4,/eos/uscms/store/user/aji/rootfiles_existingOptimization/WbHt_8000_3000_pt180_ak12_ca4_th85.root,failed,/eos/uscms/store/user/aji/rootfiles_existingOptimization/WbHt_8000_3000_pt180_ak12_ca4_th85.root,nan,nan,nan,nan,nan,nan,nan,nan,nan,nan,nan,nan,nan,nan,nan,nan,nan,nan,nan,nan,nan
WbHt_8000_3000,WbHt,8000,3000,85,180,1.2,0.6,/eos/uscms/store/user/aji/rootfiles_existingOptimization/WbHt_8000_3000_pt180_ak12_ca6_th85.root,failed,/eos/uscms/store/user/aji/rootfiles_existingOptimization/WbHt_8000_3000_pt180_ak12_ca6_th85.root,nan,nan,nan,nan,nan,nan,nan,nan,nan,nan,nan,nan,nan,nan,nan,nan,nan,nan,nan,nan,nan
WbHt_8000_3000,WbHt,8000,3000,85,180,1.2,0.8,/eos/uscms/store/user/aji/rootfiles_existingOptimization/WbHt_8000_3000_pt180_ak12_ca8_th85.root,failed,/eos/uscms/store/user/aji/rootfiles_existingOptimization/WbHt_8000_3000_pt180_ak12_ca8_th85.root,nan,nan,nan,nan,nan,nan,nan,nan,nan,nan,nan,nan,nan,nan,nan,nan,nan,nan,nan,nan,nan
WbHt_8000_3000,WbHt,8000,3000,85,180,1.4,0.4,/eos/uscms/store/user/aji/rootfiles_existingOptimization/WbHt_8000_3000_pt180_ak14_ca4_th85.root,failed,/eos/uscms/store/user/aji/rootfiles_existingOptimization/WbHt_8000_3000_pt180_ak14_ca4_th85.root,nan,nan,nan,nan,nan,nan,nan,nan,nan,nan,nan,nan,nan,nan,nan,nan,nan,nan,nan,nan,nan
WbHt_8000_3000,WbHt,8000,3000,85,180,1.4,0.6,/eos/uscms/store/user/aji/rootfiles_existingOptimization/WbHt_8000_3000_pt180_ak14_ca6_th85.root,failed,/eos/uscms/store/user/aji/rootfiles_existingOptimization/WbHt_8000_3000_pt180_ak14_ca6_th85.root,nan,nan,nan,nan,nan,nan,nan,nan,nan,nan,nan,nan,nan,nan,nan,nan,nan,nan,nan,nan,nan
WbHt_8000_3000,WbHt,8000,3000,85,180,1.4,0.8,/eos/uscms/store/user/aji/rootfiles_existingOptimization/WbHt_8000_3000_pt180_ak14_ca8_th85.root,failed,/eos/uscms/store/user/aji/rootfiles_existingOptimization/WbHt_8000_3000_pt180_ak14_ca8_th85.root,nan,nan,nan,nan,nan,nan,nan,nan,nan,nan,nan,nan,nan,nan,nan,nan,nan,nan,nan,nan,nan
WbHt_8000_3000,WbHt,8000,3000,85,180,1.4,1.0,/eos/uscms/store/user/aji/rootfiles_existingOptimization/WbHt_8000_3000_pt180_ak14_ca10_th85.root,failed,/eos/uscms/store/user/aji/rootfiles_existingOptimization/WbHt_8000_3000_pt180_ak14_ca10_th85.root,nan,nan,nan,nan,nan,nan,nan,nan,nan,nan,nan,nan,nan,nan,nan,nan,nan,nan,nan,nan,nan
WbHt_8000_3000,WbHt,8000,3000,85,180,1.6,0.4,/eos/uscms/store/user/aji/rootfiles_existingOptimization/WbHt_8000_3000_pt180_ak16_ca4_th85.root,failed,/eos/uscms/store/user/aji/rootfiles_existingOptimization/WbHt_8000_3000_pt180_ak16_ca4_th85.root,nan,nan,nan,nan,nan,nan,nan,nan,nan,nan,nan,nan,nan,nan,nan,nan,nan,nan,nan,nan,nan
WbHt_8000_3000,WbHt,8000,3000,85,180,1.6,0.6,/eos/uscms/store/user/aji/rootfiles_existingOptimization/WbHt_8000_3000_pt180_ak16_ca6_th85.root,failed,/eos/uscms/store/user/aji/rootfiles_existingOptimization/WbHt_8000_3000_pt180_ak16_ca6_th85.root,nan,nan,nan,nan,nan,nan,nan,nan,nan,nan,nan,nan,nan,nan,nan,nan,nan,nan,nan,nan,nan
WbHt_8000_3000,WbHt,8000,3000,85,180,1.6,0.8,/eos/uscms/store/user/aji/rootfiles_existingOptimization/WbHt_8000_3000_pt180_ak16_ca8_th85.root,failed,/eos/uscms/store/user/aji/rootfiles_existingOptimization/WbHt_8000_3000_pt180_ak16_ca8_th85.root,nan,nan,nan,nan,nan,nan,nan,nan,nan,nan,nan,nan,nan,nan,nan,nan,nan,nan,nan,nan,nan
WbHt_8000_3000,WbHt,8000,3000,85,180,1.6,1.0,/eos/uscms/store/user/aji/rootfiles_existingOptimization/WbHt_8000_3000_pt180_ak16_ca10_th85.root,failed,/eos/uscms/store/user/aji/rootfiles_existingOptimization/WbHt_8000_3000_pt180_ak16_ca10_th85.root,nan,nan,nan,nan,nan,nan,nan,nan,nan,nan,nan,nan,nan,nan,nan,nan,nan,nan,nan,nan,nan
WbHt_8000_3000,WbHt,8000,3000,85,180,1.6,1.2,/eos/uscms/store/user/aji/rootfiles_existingOptimization/WbHt_8000_3000_pt180_ak16_ca12_th85.root,failed,/eos/uscms/store/user/aji/rootfiles_existingOptimization/WbHt_8000_3000_pt180_ak16_ca12_th85.root,nan,nan,nan,nan,nan,nan,nan,nan,nan,nan,nan,nan,nan,nan,nan,nan,nan,nan,nan,nan,nan
WbHt_8000_3000,WbHt,8000,3000,85,200,0.8,0.4,/eos/uscms/store/user/aji/rootfiles_existingOptimization/WbHt_8000_3000_pt200_ak8_ca4_th85.root,failed,/eos/uscms/store/user/aji/rootfiles_existingOptimization/WbHt_8000_3000_pt200_ak8_ca4_th85.root,nan,nan,nan,nan,nan,nan,nan,nan,nan,nan,nan,nan,nan,nan,nan,nan,nan,nan,nan,nan,nan
WbHt_8000_3000,WbHt,8000,3000,85,200,1.0,0.4,/eos/uscms/store/user/aji/rootfiles_existingOptimization/WbHt_8000_3000_pt200_ak10_ca4_th85.root,failed,/eos/uscms/store/user/aji/rootfiles_existingOptimization/WbHt_8000_3000_pt200_ak10_ca4_th85.root,nan,nan,nan,nan,nan,nan,nan,nan,nan,nan,nan,nan,nan,nan,nan,nan,nan,nan,nan,nan,nan
WbHt_8000_3000,WbHt,8000,3000,85,200,1.0,0.6,/eos/uscms/store/user/aji/rootfiles_existingOptimization/WbHt_8000_3000_pt200_ak10_ca6_th85.root,failed,/eos/uscms/store/user/aji/rootfiles_existingOptimization/WbHt_8000_3000_pt200_ak10_ca6_th85.root,nan,nan,nan,nan,nan,nan,nan,nan,nan,nan,nan,nan,nan,nan,nan,nan,nan,nan,nan,nan,nan
WbHt_8000_3000,WbHt,8000,3000,85,200,1.2,0.4,/eos/uscms/store/user/aji/rootfiles_existingOptimization/WbHt_8000_3000_pt200_ak12_ca4_th85.root,failed,/eos/uscms/store/user/aji/rootfiles_existingOptimization/WbHt_8000_3000_pt200_ak12_ca4_th85.root,nan,nan,nan,nan,nan,nan,nan,nan,nan,nan,nan,nan,nan,nan,nan,nan,nan,nan,nan,nan,nan
WbHt_8000_3000,WbHt,8000,3000,85,200,1.2,0.6,/eos/uscms/store/user/aji/rootfiles_existingOptimization/WbHt_8000_3000_pt200_ak12_ca6_th85.root,failed,/eos/uscms/store/user/aji/rootfiles_existingOptimization/WbHt_8000_3000_pt200_ak12_ca6_th85.root,nan,nan,nan,nan,nan,nan,nan,nan,nan,nan,nan,nan,nan,nan,nan,nan,nan,nan,nan,nan,nan
WbHt_8000_3000,WbHt,8000,3000,85,200,1.2,0.8,/eos/uscms/store/user/aji/rootfiles_existingOptimization/WbHt_8000_3000_pt200_ak12_ca8_th85.root,failed,/eos/uscms/store/user/aji/rootfiles_existingOptimization/WbHt_8000_3000_pt200_ak12_ca8_th85.root,nan,nan,nan,nan,nan,nan,nan,nan,nan,nan,nan,nan,nan,nan,nan,nan,nan,nan,nan,nan,nan
WbHt_8000_3000,WbHt,8000,3000,85,200,1.4,0.4,/eos/uscms/store/user/aji/rootfiles_existingOptimization/WbHt_8000_3000_pt200_ak14_ca4_th85.root,failed,/eos/uscms/store/user/aji/rootfiles_existingOptimization/WbHt_8000_3000_pt200_ak14_ca4_th85.root,nan,nan,nan,nan,nan,nan,nan,nan,nan,nan,nan,nan,nan,nan,nan,nan,nan,nan,nan,nan,nan
WbHt_8000_3000,WbHt,8000,3000,85,200,1.4,0.6,/eos/uscms/store/user/aji/rootfiles_existingOptimization/WbHt_8000_3000_pt200_ak14_ca6_th85.root,failed,/eos/uscms/store/user/aji/rootfiles_existingOptimization/WbHt_8000_3000_pt200_ak14_ca6_th85.root,nan,nan,nan,nan,nan,nan,nan,nan,nan,nan,nan,nan,nan,nan,nan,nan,nan,nan,nan,nan,nan
WbHt_8000_3000,WbHt,8000,3000,85,200,1.4,0.8,/eos/uscms/store/user/aji/rootfiles_existingOptimization/WbHt_8000_3000_pt200_ak14_ca8_th85.root,failed,/eos/uscms/store/user/aji/rootfiles_existingOptimization/WbHt_8000_3000_pt200_ak14_ca8_th85.root,nan,nan,nan,nan,nan,nan,nan,nan,nan,nan,nan,nan,nan,nan,nan,nan,nan,nan,nan,nan,nan
WbHt_8000_3000,WbHt,8000,3000,85,200,1.4,1.0,/eos/uscms/store/user/aji/rootfiles_existingOptimization/WbHt_8000_3000_pt200_ak14_ca10_th85.root,failed,/eos/uscms/store/user/aji/rootfiles_existingOptimization/WbHt_8000_3000_pt200_ak14_ca10_th85.root,nan,nan,nan,nan,nan,nan,nan,nan,nan,nan,nan,nan,nan,nan,nan,nan,nan,nan,nan,nan,nan
WbHt_8000_3000,WbHt,8000,3000,85,200,1.6,0.4,/eos/uscms/store/user/aji/rootfiles_existingOptimization/WbHt_8000_3000_pt200_ak16_ca4_th85.root,failed,/eos/uscms/store/user/aji/rootfiles_existingOptimization/WbHt_8000_3000_pt200_ak16_ca4_th85.root,nan,nan,nan,nan,nan,nan,nan,nan,nan,nan,nan,nan,nan,nan,nan,nan,nan,nan,nan,nan,nan
WbHt_8000_3000,WbHt,8000,3000,85,200,1.6,0.6,/eos/uscms/store/user/aji/rootfiles_existingOptimization/WbHt_8000_3000_pt200_ak16_ca6_th85.root,failed,/eos/uscms/store/user/aji/rootfiles_existingOptimization/WbHt_8000_3000_pt200_ak16_ca6_th85.root,nan,nan,nan,nan,nan,nan,nan,nan,nan,nan,nan,nan,nan,nan,nan,nan,nan,nan,nan,nan,nan
WbHt_8000_3000,WbHt,8000,3000,85,200,1.6,0.8,/eos/uscms/store/user/aji/rootfiles_existingOptimization/WbHt_8000_3000_pt200_ak16_ca8_th85.root,failed,/eos/uscms/store/user/aji/rootfiles_existingOptimization/WbHt_8000_3000_pt200_ak16_ca8_th85.root,nan,nan,nan,nan,nan,nan,nan,nan,nan,nan,nan,nan,nan,nan,nan,nan,nan,nan,nan,nan,nan
WbHt_8000_3000,WbHt,8000,3000,85,200,1.6,1.0,/eos/uscms/store/user/aji/rootfiles_existingOptimization/WbHt_8000_3000_pt200_ak16_ca10_th85.root,failed,/eos/uscms/store/user/aji/rootfiles_existingOptimization/WbHt_8000_3000_pt200_ak16_ca10_th85.root,nan,nan,nan,nan,nan,nan,nan,nan,nan,nan,nan,nan,nan,nan,nan,nan,nan,nan,nan,nan,nan
WbHt_8000_3000,WbHt,8000,3000,85,200,1.6,1.2,/eos/uscms/store/user/aji/rootfiles_existingOptimization/WbHt_8000_3000_pt200_ak16_ca12_th85.root,failed,/eos/uscms/store/user/aji/rootfiles_existingOptimization/WbHt_8000_3000_pt200_ak16_ca12_th85.root,nan,nan,nan,nan,nan,nan,nan,nan,nan,nan,nan,nan,nan,nan,nan,nan,nan,nan,nan,nan,nan
WbHt_8000_3000,WbHt,8000,3000,85,220,0.8,0.4,/eos/uscms/store/user/aji/rootfiles_existingOptimization/WbHt_8000_3000_pt220_ak8_ca4_th85.root,failed,/eos/uscms/store/user/aji/rootfiles_existingOptimization/WbHt_8000_3000_pt220_ak8_ca4_th85.root,nan,nan,nan,nan,nan,nan,nan,nan,nan,nan,nan,nan,nan,nan,nan,nan,nan,nan,nan,nan,nan
WbHt_8000_3000,WbHt,8000,3000,85,220,1.0,0.4,/eos/uscms/store/user/aji/rootfiles_existingOptimization/WbHt_8000_3000_pt220_ak10_ca4_th85.root,failed,/eos/uscms/store/user/aji/rootfiles_existingOptimization/WbHt_8000_3000_pt220_ak10_ca4_th85.root,nan,nan,nan,nan,nan,nan,nan,nan,nan,nan,nan,nan,nan,nan,nan,nan,nan,nan,nan,nan,nan
WbHt_8000_3000,WbHt,8000,3000,85,220,1.0,0.6,/eos/uscms/store/user/aji/rootfiles_existingOptimization/WbHt_8000_3000_pt220_ak10_ca6_th85.root,failed,/eos/uscms/store/user/aji/rootfiles_existingOptimization/WbHt_8000_3000_pt220_ak10_ca6_th85.root,nan,nan,nan,nan,nan,nan,nan,nan,nan,nan,nan,nan,nan,nan,nan,nan,nan,nan,nan,nan,nan
WbHt_8000_3000,WbHt,8000,3000,85,220,1.2,0.4,/eos/uscms/store/user/aji/rootfiles_existingOptimization/WbHt_8000_3000_pt220_ak12_ca4_th85.root,failed,/eos/uscms/store/user/aji/rootfiles_existingOptimization/WbHt_8000_3000_pt220_ak12_ca4_th85.root,nan,nan,nan,nan,nan,nan,nan,nan,nan,nan,nan,nan,nan,nan,nan,nan,nan,nan,nan,nan,nan
WbHt_8000_3000,WbHt,8000,3000,85,220,1.2,0.6,/eos/uscms/store/user/aji/rootfiles_existingOptimization/WbHt_8000_3000_pt220_ak12_ca6_th85.root,failed,/eos/uscms/store/user/aji/rootfiles_existingOptimization/WbHt_8000_3000_pt220_ak12_ca6_th85.root,nan,nan,nan,nan,nan,nan,nan,nan,nan,nan,nan,nan,nan,nan,nan,nan,nan,nan,nan,nan,nan
WbHt_8000_3000,WbHt,8000,3000,85,220,1.2,0.8,/eos/uscms/store/user/aji/rootfiles_existingOptimization/WbHt_8000_3000_pt220_ak12_ca8_th85.root,failed,/eos/uscms/store/user/aji/rootfiles_existingOptimization/WbHt_8000_3000_pt220_ak12_ca8_th85.root,nan,nan,nan,nan,nan,nan,nan,nan,nan,nan,nan,nan,nan,nan,nan,nan,nan,nan,nan,nan,nan
WbHt_8000_3000,WbHt,8000,3000,85,220,1.4,0.4,/eos/uscms/store/user/aji/rootfiles_existingOptimization/WbHt_8000_3000_pt220_ak14_ca4_th85.root,failed,/eos/uscms/store/user/aji/rootfiles_existingOptimization/WbHt_8000_3000_pt220_ak14_ca4_th85.root,nan,nan,nan,nan,nan,nan,nan,nan,nan,nan,nan,nan,nan,nan,nan,nan,nan,nan,nan,nan,nan
WbHt_8000_3000,WbHt,8000,3000,85,220,1.4,0.6,/eos/uscms/store/user/aji/rootfiles_existingOptimization/WbHt_8000_3000_pt220_ak14_ca6_th85.root,failed,/eos/uscms/store/user/aji/rootfiles_existingOptimization/WbHt_8000_3000_pt220_ak14_ca6_th85.root,nan,nan,nan,nan,nan,nan,nan,nan,nan,nan,nan,nan,nan,nan,nan,nan,nan,nan,nan,nan,nan
WbHt_8000_3000,WbHt,8000,3000,85,220,1.4,0.8,/eos/uscms/store/user/aji/rootfiles_existingOptimization/WbHt_8000_3000_pt220_ak14_ca8_th85.root,failed,/eos/uscms/store/user/aji/rootfiles_existingOptimization/WbHt_8000_3000_pt220_ak14_ca8_th85.root,nan,nan,nan,nan,nan,nan,nan,nan,nan,nan,nan,nan,nan,nan,nan,nan,nan,nan,nan,nan,nan
WbHt_8000_3000,WbHt,8000,3000,85,220,1.4,1.0,/eos/uscms/store/user/aji/rootfiles_existingOptimization/WbHt_8000_3000_pt220_ak14_ca10_th85.root,failed,/eos/uscms/store/user/aji/rootfiles_existingOptimization/WbHt_8000_3000_pt220_ak14_ca10_th85.root,nan,nan,nan,nan,nan,nan,nan,nan,nan,nan,nan,nan,nan,nan,nan,nan,nan,nan,nan,nan,nan
WbHt_8000_3000,WbHt,8000,3000,85,220,1.6,0.4,/eos/uscms/store/user/aji/rootfiles_existingOptimization/WbHt_8000_3000_pt220_ak16_ca4_th85.root,failed,/eos/uscms/store/user/aji/rootfiles_existingOptimization/WbHt_8000_3000_pt220_ak16_ca4_th85.root,nan,nan,nan,nan,nan,nan,nan,nan,nan,nan,nan,nan,nan,nan,nan,nan,nan,nan,nan,nan,nan
WbHt_8000_3000,WbHt,8000,3000,85,220,1.6,0.6,/eos/uscms/store/user/aji/rootfiles_existingOptimization/WbHt_8000_3000_pt220_ak16_ca6_th85.root,failed,/eos/uscms/store/user/aji/rootfiles_existingOptimization/WbHt_8000_3000_pt220_ak16_ca6_th85.root,nan,nan,nan,nan,nan,nan,nan,nan,nan,nan,nan,nan,nan,nan,nan,nan,nan,nan,nan,nan,nan
WbHt_8000_3000,WbHt,8000,3000,85,220,1.6,0.8,/eos/uscms/store/user/aji/rootfiles_existingOptimization/WbHt_8000_3000_pt220_ak16_ca8_th85.root,failed,/eos/uscms/store/user/aji/rootfiles_existingOptimization/WbHt_8000_3000_pt220_ak16_ca8_th85.root,nan,nan,nan,nan,nan,nan,nan,nan,nan,nan,nan,nan,nan,nan,nan,nan,nan,nan,nan,nan,nan
WbHt_8000_3000,WbHt,8000,3000,85,220,1.6,1.0,/eos/uscms/store/user/aji/rootfiles_existingOptimization/WbHt_8000_3000_pt220_ak16_ca10_th85.root,failed,/eos/uscms/store/user/aji/rootfiles_existingOptimization/WbHt_8000_3000_pt220_ak16_ca10_th85.root,nan,nan,nan,nan,nan,nan,nan,nan,nan,nan,nan,nan,nan,nan,nan,nan,nan,nan,nan,nan,nan
WbHt_8000_3000,WbHt,8000,3000,85,220,1.6,1.2,/eos/uscms/store/user/aji/rootfiles_existingOptimization/WbHt_8000_3000_pt220_ak16_ca12_th85.root,failed,/eos/uscms/store/user/aji/rootfiles_existingOptimization/WbHt_8000_3000_pt220_ak16_ca12_th85.root,nan,nan,nan,nan,nan,nan,nan,nan,nan,nan,nan,nan,nan,nan,nan,nan,nan,nan,nan,nan,nan
WbHt_8000_3000,WbHt,8000,3000,85,240,0.8,0.4,/eos/uscms/store/user/aji/rootfiles_existingOptimization/WbHt_8000_3000_pt240_ak8_ca4_th85.root,failed,/eos/uscms/store/user/aji/rootfiles_existingOptimization/WbHt_8000_3000_pt240_ak8_ca4_th85.root,nan,nan,nan,nan,nan,nan,nan,nan,nan,nan,nan,nan,nan,nan,nan,nan,nan,nan,nan,nan,nan
WbHt_8000_3000,WbHt,8000,3000,85,240,1.0,0.4,/eos/uscms/store/user/aji/rootfiles_existingOptimization/WbHt_8000_3000_pt240_ak10_ca4_th85.root,failed,/eos/uscms/store/user/aji/rootfiles_existingOptimization/WbHt_8000_3000_pt240_ak10_ca4_th85.root,nan,nan,nan,nan,nan,nan,nan,nan,nan,nan,nan,nan,nan,nan,nan,nan,nan,nan,nan,nan,nan
WbHt_8000_3000,WbHt,8000,3000,85,240,1.0,0.6,/eos/uscms/store/user/aji/rootfiles_existingOptimization/WbHt_8000_3000_pt240_ak10_ca6_th85.root,failed,/eos/uscms/store/user/aji/rootfiles_existingOptimization/WbHt_8000_3000_pt240_ak10_ca6_th85.root,nan,nan,nan,nan,nan,nan,nan,nan,nan,nan,nan,nan,nan,nan,nan,nan,nan,nan,nan,nan,nan
WbHt_8000_3000,WbHt,8000,3000,85,240,1.2,0.4,/eos/uscms/store/user/aji/rootfiles_existingOptimization/WbHt_8000_3000_pt240_ak12_ca4_th85.root,failed,/eos/uscms/store/user/aji/rootfiles_existingOptimization/WbHt_8000_3000_pt240_ak12_ca4_th85.root,nan,nan,nan,nan,nan,nan,nan,nan,nan,nan,nan,nan,nan,nan,nan,nan,nan,nan,nan,nan,nan
WbHt_8000_3000,WbHt,8000,3000,85,240,1.2,0.6,/eos/uscms/store/user/aji/rootfiles_existingOptimization/WbHt_8000_3000_pt240_ak12_ca6_th85.root,failed,/eos/uscms/store/user/aji/rootfiles_existingOptimization/WbHt_8000_3000_pt240_ak12_ca6_th85.root,nan,nan,nan,nan,nan,nan,nan,nan,nan,nan,nan,nan,nan,nan,nan,nan,nan,nan,nan,nan,nan
WbHt_8000_3000,WbHt,8000,3000,85,240,1.2,0.8,/eos/uscms/store/user/aji/rootfiles_existingOptimization/WbHt_8000_3000_pt240_ak12_ca8_th85.root,failed,/eos/uscms/store/user/aji/rootfiles_existingOptimization/WbHt_8000_3000_pt240_ak12_ca8_th85.root,nan,nan,nan,nan,nan,nan,nan,nan,nan,nan,nan,nan,nan,nan,nan,nan,nan,nan,nan,nan,nan
WbHt_8000_3000,WbHt,8000,3000,85,240,1.4,0.4,/eos/uscms/store/user/aji/rootfiles_existingOptimization/WbHt_8000_3000_pt240_ak14_ca4_th85.root,failed,/eos/uscms/store/user/aji/rootfiles_existingOptimization/WbHt_8000_3000_pt240_ak14_ca4_th85.root,nan,nan,nan,nan,nan,nan,nan,nan,nan,nan,nan,nan,nan,nan,nan,nan,nan,nan,nan,nan,nan
WbHt_8000_3000,WbHt,8000,3000,85,240,1.4,0.6,/eos/uscms/store/user/aji/rootfiles_existingOptimization/WbHt_8000_3000_pt240_ak14_ca6_th85.root,failed,/eos/uscms/store/user/aji/rootfiles_existingOptimization/WbHt_8000_3000_pt240_ak14_ca6_th85.root,nan,nan,nan,nan,nan,nan,nan,nan,nan,nan,nan,nan,nan,nan,nan,nan,nan,nan,nan,nan,nan
WbHt_8000_3000,WbHt,8000,3000,85,240,1.4,0.8,/eos/uscms/store/user/aji/rootfiles_existingOptimization/WbHt_8000_3000_pt240_ak14_ca8_th85.root,failed,/eos/uscms/store/user/aji/rootfiles_existingOptimization/WbHt_8000_3000_pt240_ak14_ca8_th85.root,nan,nan,nan,nan,nan,nan,nan,nan,nan,nan,nan,nan,nan,nan,nan,nan,nan,nan,nan,nan,nan
WbHt_8000_3000,WbHt,8000,3000,85,240,1.4,1.0,/eos/uscms/store/user/aji/rootfiles_existingOptimization/WbHt_8000_3000_pt240_ak14_ca10_th85.root,failed,/eos/uscms/store/user/aji/rootfiles_existingOptimization/WbHt_8000_3000_pt240_ak14_ca10_th85.root,nan,nan,nan,nan,nan,nan,nan,nan,nan,nan,nan,nan,nan,nan,nan,nan,nan,nan,nan,nan,nan
WbHt_8000_3000,WbHt,8000,3000,85,240,1.6,0.4,/eos/uscms/store/user/aji/rootfiles_existingOptimization/WbHt_8000_3000_pt240_ak16_ca4_th85.root,failed,/eos/uscms/store/user/aji/rootfiles_existingOptimization/WbHt_8000_3000_pt240_ak16_ca4_th85.root,nan,nan,nan,nan,nan,nan,nan,nan,nan,nan,nan,nan,nan,nan,nan,nan,nan,nan,nan,nan,nan
WbHt_8000_3000,WbHt,8000,3000,85,240,1.6,0.6,/eos/uscms/store/user/aji/rootfiles_existingOptimization/WbHt_8000_3000_pt240_ak16_ca6_th85.root,failed,/eos/uscms/store/user/aji/rootfiles_existingOptimization/WbHt_8000_3000_pt240_ak16_ca6_th85.root,nan,nan,nan,nan,nan,nan,nan,nan,nan,nan,nan,nan,nan,nan,nan,nan,nan,nan,nan,nan,nan
WbHt_8000_3000,WbHt,8000,3000,85,240,1.6,0.8,/eos/uscms/store/user/aji/rootfiles_existingOptimization/WbHt_8000_3000_pt240_ak16_ca8_th85.root,failed,/eos/uscms/store/user/aji/rootfiles_existingOptimization/WbHt_8000_3000_pt240_ak16_ca8_th85.root,nan,nan,nan,nan,nan,nan,nan,nan,nan,nan,nan,nan,nan,nan,nan,nan,nan,nan,nan,nan,nan
WbHt_8000_3000,WbHt,8000,3000,85,240,1.6,1.0,/eos/uscms/store/user/aji/rootfiles_existingOptimization/WbHt_8000_3000_pt240_ak16_ca10_th85.root,failed,/eos/uscms/store/user/aji/rootfiles_existingOptimization/WbHt_8000_3000_pt240_ak16_ca10_th85.root,nan,nan,nan,nan,nan,nan,nan,nan,nan,nan,nan,nan,nan,nan,nan,nan,nan,nan,nan,nan,nan
WbHt_8000_3000,WbHt,8000,3000,85,240,1.6,1.2,/eos/uscms/store/user/aji/rootfiles_existingOptimization/WbHt_8000_3000_pt240_ak16_ca12_th85.root,failed,/eos/uscms/store/user/aji/rootfiles_existingOptimization/WbHt_8000_3000_pt240_ak16_ca12_th85.root,nan,nan,nan,nan,nan,nan,nan,nan,nan,nan,nan,nan,nan,nan,nan,nan,nan,nan,nan,nan,nan
WbHt_8000_3000,WbHt,8000,3000,85,260,0.8,0.4,/eos/uscms/store/user/aji/rootfiles_existingOptimization/WbHt_8000_3000_pt260_ak8_ca4_th85.root,failed,/eos/uscms/store/user/aji/rootfiles_existingOptimization/WbHt_8000_3000_pt260_ak8_ca4_th85.root,nan,nan,nan,nan,nan,nan,nan,nan,nan,nan,nan,nan,nan,nan,nan,nan,nan,nan,nan,nan,nan
WbHt_8000_3000,WbHt,8000,3000,85,260,1.0,0.4,/eos/uscms/store/user/aji/rootfiles_existingOptimization/WbHt_8000_3000_pt260_ak10_ca4_th85.root,failed,/eos/uscms/store/user/aji/rootfiles_existingOptimization/WbHt_8000_3000_pt260_ak10_ca4_th85.root,nan,nan,nan,nan,nan,nan,nan,nan,nan,nan,nan,nan,nan,nan,nan,nan,nan,nan,nan,nan,nan
WbHt_8000_3000,WbHt,8000,3000,85,260,1.0,0.6,/eos/uscms/store/user/aji/rootfiles_existingOptimization/WbHt_8000_3000_pt260_ak10_ca6_th85.root,failed,/eos/uscms/store/user/aji/rootfiles_existingOptimization/WbHt_8000_3000_pt260_ak10_ca6_th85.root,nan,nan,nan,nan,nan,nan,nan,nan,nan,nan,nan,nan,nan,nan,nan,nan,nan,nan,nan,nan,nan
WbHt_8000_3000,WbHt,8000,3000,85,260,1.2,0.4,/eos/uscms/store/user/aji/rootfiles_existingOptimization/WbHt_8000_3000_pt260_ak12_ca4_th85.root,failed,/eos/uscms/store/user/aji/rootfiles_existingOptimization/WbHt_8000_3000_pt260_ak12_ca4_th85.root,nan,nan,nan,nan,nan,nan,nan,nan,nan,nan,nan,nan,nan,nan,nan,nan,nan,nan,nan,nan,nan
WbHt_8000_3000,WbHt,8000,3000,85,260,1.2,0.6,/eos/uscms/store/user/aji/rootfiles_existingOptimization/WbHt_8000_3000_pt260_ak12_ca6_th85.root,failed,/eos/uscms/store/user/aji/rootfiles_existingOptimization/WbHt_8000_3000_pt260_ak12_ca6_th85.root,nan,nan,nan,nan,nan,nan,nan,nan,nan,nan,nan,nan,nan,nan,nan,nan,nan,nan,nan,nan,nan
WbHt_8000_3000,WbHt,8000,3000,85,260,1.2,0.8,/eos/uscms/store/user/aji/rootfiles_existingOptimization/WbHt_8000_3000_pt260_ak12_ca8_th85.root,failed,/eos/uscms/store/user/aji/rootfiles_existingOptimization/WbHt_8000_3000_pt260_ak12_ca8_th85.root,nan,nan,nan,nan,nan,nan,nan,nan,nan,nan,nan,nan,nan,nan,nan,nan,nan,nan,nan,nan,nan
WbHt_8000_3000,WbHt,8000,3000,85,260,1.4,0.4,/eos/uscms/store/user/aji/rootfiles_existingOptimization/WbHt_8000_3000_pt260_ak14_ca4_th85.root,failed,/eos/uscms/store/user/aji/rootfiles_existingOptimization/WbHt_8000_3000_pt260_ak14_ca4_th85.root,nan,nan,nan,nan,nan,nan,nan,nan,nan,nan,nan,nan,nan,nan,nan,nan,nan,nan,nan,nan,nan
WbHt_8000_3000,WbHt,8000,3000,85,260,1.4,0.6,/eos/uscms/store/user/aji/rootfiles_existingOptimization/WbHt_8000_3000_pt260_ak14_ca6_th85.root,failed,/eos/uscms/store/user/aji/rootfiles_existingOptimization/WbHt_8000_3000_pt260_ak14_ca6_th85.root,nan,nan,nan,nan,nan,nan,nan,nan,nan,nan,nan,nan,nan,nan,nan,nan,nan,nan,nan,nan,nan
WbHt_8000_3000,WbHt,8000,3000,85,260,1.4,0.8,/eos/uscms/store/user/aji/rootfiles_existingOptimization/WbHt_8000_3000_pt260_ak14_ca8_th85.root,failed,/eos/uscms/store/user/aji/rootfiles_existingOptimization/WbHt_8000_3000_pt260_ak14_ca8_th85.root,nan,nan,nan,nan,nan,nan,nan,nan,nan,nan,nan,nan,nan,nan,nan,nan,nan,nan,nan,nan,nan
WbHt_8000_3000,WbHt,8000,3000,85,260,1.4,1.0,/eos/uscms/store/user/aji/rootfiles_existingOptimization/WbHt_8000_3000_pt260_ak14_ca10_th85.root,failed,/eos/uscms/store/user/aji/rootfiles_existingOptimization/WbHt_8000_3000_pt260_ak14_ca10_th85.root,nan,nan,nan,nan,nan,nan,nan,nan,nan,nan,nan,nan,nan,nan,nan,nan,nan,nan,nan,nan,nan
WbHt_8000_3000,WbHt,8000,3000,85,260,1.6,0.4,/eos/uscms/store/user/aji/rootfiles_existingOptimization/WbHt_8000_3000_pt260_ak16_ca4_th85.root,failed,/eos/uscms/store/user/aji/rootfiles_existingOptimization/WbHt_8000_3000_pt260_ak16_ca4_th85.root,nan,nan,nan,nan,nan,nan,nan,nan,nan,nan,nan,nan,nan,nan,nan,nan,nan,nan,nan,nan,nan
WbHt_8000_3000,WbHt,8000,3000,85,260,1.6,0.6,/eos/uscms/store/user/aji/rootfiles_existingOptimization/WbHt_8000_3000_pt260_ak16_ca6_th85.root,failed,/eos/uscms/store/user/aji/rootfiles_existingOptimization/WbHt_8000_3000_pt260_ak16_ca6_th85.root,nan,nan,nan,nan,nan,nan,nan,nan,nan,nan,nan,nan,nan,nan,nan,nan,nan,nan,nan,nan,nan
WbHt_8000_3000,WbHt,8000,3000,85,260,1.6,0.8,/eos/uscms/store/user/aji/rootfiles_existingOptimization/WbHt_8000_3000_pt260_ak16_ca8_th85.root,failed,/eos/uscms/store/user/aji/rootfiles_existingOptimization/WbHt_8000_3000_pt260_ak16_ca8_th85.root,nan,nan,nan,nan,nan,nan,nan,nan,nan,nan,nan,nan,nan,nan,nan,nan,nan,nan,nan,nan,nan
WbHt_8000_3000,WbHt,8000,3000,85,260,1.6,1.0,/eos/uscms/store/user/aji/rootfiles_existingOptimization/WbHt_8000_3000_pt260_ak16_ca10_th85.root,failed,/eos/uscms/store/user/aji/rootfiles_existingOptimization/WbHt_8000_3000_pt260_ak16_ca10_th85.root,nan,nan,nan,nan,nan,nan,nan,nan,nan,nan,nan,nan,nan,nan,nan,nan,nan,nan,nan,nan,nan
WbHt_8000_3000,WbHt,8000,3000,85,260,1.6,1.2,/eos/uscms/store/user/aji/rootfiles_existingOptimization/WbHt_8000_3000_pt260_ak16_ca12_th85.root,failed,/eos/uscms/store/user/aji/rootfiles_existingOptimization/WbHt_8000_3000_pt260_ak16_ca12_th85.root,nan,nan,nan,nan,nan,nan,nan,nan,nan,nan,nan,nan,nan,nan,nan,nan,nan,nan,nan,nan,nan
WbHt_8000_3000,WbHt,8000,3000,85,280,0.8,0.4,/eos/uscms/store/user/aji/rootfiles_existingOptimization/WbHt_8000_3000_pt280_ak8_ca4_th85.root,failed,/eos/uscms/store/user/aji/rootfiles_existingOptimization/WbHt_8000_3000_pt280_ak8_ca4_th85.root,nan,nan,nan,nan,nan,nan,nan,nan,nan,nan,nan,nan,nan,nan,nan,nan,nan,nan,nan,nan,nan
WbHt_8000_3000,WbHt,8000,3000,85,280,1.0,0.4,/eos/uscms/store/user/aji/rootfiles_existingOptimization/WbHt_8000_3000_pt280_ak10_ca4_th85.root,failed,/eos/uscms/store/user/aji/rootfiles_existingOptimization/WbHt_8000_3000_pt280_ak10_ca4_th85.root,nan,nan,nan,nan,nan,nan,nan,nan,nan,nan,nan,nan,nan,nan,nan,nan,nan,nan,nan,nan,nan
WbHt_8000_3000,WbHt,8000,3000,85,280,1.0,0.6,/eos/uscms/store/user/aji/rootfiles_existingOptimization/WbHt_8000_3000_pt280_ak10_ca6_th85.root,failed,/eos/uscms/store/user/aji/rootfiles_existingOptimization/WbHt_8000_3000_pt280_ak10_ca6_th85.root,nan,nan,nan,nan,nan,nan,nan,nan,nan,nan,nan,nan,nan,nan,nan,nan,nan,nan,nan,nan,nan
WbHt_8000_3000,WbHt,8000,3000,85,280,1.2,0.4,/eos/uscms/store/user/aji/rootfiles_existingOptimization/WbHt_8000_3000_pt280_ak12_ca4_th85.root,failed,/eos/uscms/store/user/aji/rootfiles_existingOptimization/WbHt_8000_3000_pt280_ak12_ca4_th85.root,nan,nan,nan,nan,nan,nan,nan,nan,nan,nan,nan,nan,nan,nan,nan,nan,nan,nan,nan,nan,nan
WbHt_8000_3000,WbHt,8000,3000,85,280,1.2,0.6,/eos/uscms/store/user/aji/rootfiles_existingOptimization/WbHt_8000_3000_pt280_ak12_ca6_th85.root,failed,/eos/uscms/store/user/aji/rootfiles_existingOptimization/WbHt_8000_3000_pt280_ak12_ca6_th85.root,nan,nan,nan,nan,nan,nan,nan,nan,nan,nan,nan,nan,nan,nan,nan,nan,nan,nan,nan,nan,nan
WbHt_8000_3000,WbHt,8000,3000,85,280,1.2,0.8,/eos/uscms/store/user/aji/rootfiles_existingOptimization/WbHt_8000_3000_pt280_ak12_ca8_th85.root,failed,/eos/uscms/store/user/aji/rootfiles_existingOptimization/WbHt_8000_3000_pt280_ak12_ca8_th85.root,nan,nan,nan,nan,nan,nan,nan,nan,nan,nan,nan,nan,nan,nan,nan,nan,nan,nan,nan,nan,nan
WbHt_8000_3000,WbHt,8000,3000,85,280,1.4,0.4,/eos/uscms/store/user/aji/rootfiles_existingOptimization/WbHt_8000_3000_pt280_ak14_ca4_th85.root,failed,/eos/uscms/store/user/aji/rootfiles_existingOptimization/WbHt_8000_3000_pt280_ak14_ca4_th85.root,nan,nan,nan,nan,nan,nan,nan,nan,nan,nan,nan,nan,nan,nan,nan,nan,nan,nan,nan,nan,nan
WbHt_8000_3000,WbHt,8000,3000,85,280,1.4,0.6,/eos/uscms/store/user/aji/rootfiles_existingOptimization/WbHt_8000_3000_pt280_ak14_ca6_th85.root,failed,/eos/uscms/store/user/aji/rootfiles_existingOptimization/WbHt_8000_3000_pt280_ak14_ca6_th85.root,nan,nan,nan,nan,nan,nan,nan,nan,nan,nan,nan,nan,nan,nan,nan,nan,nan,nan,nan,nan,nan
WbHt_8000_3000,WbHt,8000,3000,85,280,1.4,0.8,/eos/uscms/store/user/aji/rootfiles_existingOptimization/WbHt_8000_3000_pt280_ak14_ca8_th85.root,failed,/eos/uscms/store/user/aji/rootfiles_existingOptimization/WbHt_8000_3000_pt280_ak14_ca8_th85.root,nan,nan,nan,nan,nan,nan,nan,nan,nan,nan,nan,nan,nan,nan,nan,nan,nan,nan,nan,nan,nan
WbHt_8000_3000,WbHt,8000,3000,85,280,1.4,1.0,/eos/uscms/store/user/aji/rootfiles_existingOptimization/WbHt_8000_3000_pt280_ak14_ca10_th85.root,failed,/eos/uscms/store/user/aji/rootfiles_existingOptimization/WbHt_8000_3000_pt280_ak14_ca10_th85.root,nan,nan,nan,nan,nan,nan,nan,nan,nan,nan,nan,nan,nan,nan,nan,nan,nan,nan,nan,nan,nan
WbHt_8000_3000,WbHt,8000,3000,85,280,1.6,0.4,/eos/uscms/store/user/aji/rootfiles_existingOptimization/WbHt_8000_3000_pt280_ak16_ca4_th85.root,failed,/eos/uscms/store/user/aji/rootfiles_existingOptimization/WbHt_8000_3000_pt280_ak16_ca4_th85.root,nan,nan,nan,nan,nan,nan,nan,nan,nan,nan,nan,nan,nan,nan,nan,nan,nan,nan,nan,nan,nan
WbHt_8000_3000,WbHt,8000,3000,85,280,1.6,0.6,/eos/uscms/store/user/aji/rootfiles_existingOptimization/WbHt_8000_3000_pt280_ak16_ca6_th85.root,failed,/eos/uscms/store/user/aji/rootfiles_existingOptimization/WbHt_8000_3000_pt280_ak16_ca6_th85.root,nan,nan,nan,nan,nan,nan,nan,nan,nan,nan,nan,nan,nan,nan,nan,nan,nan,nan,nan,nan,nan
WbHt_8000_3000,WbHt,8000,3000,85,280,1.6,0.8,/eos/uscms/store/user/aji/rootfiles_existingOptimization/WbHt_8000_3000_pt280_ak16_ca8_th85.root,failed,/eos/uscms/store/user/aji/rootfiles_existingOptimization/WbHt_8000_3000_pt280_ak16_ca8_th85.root,nan,nan,nan,nan,nan,nan,nan,nan,nan,nan,nan,nan,nan,nan,nan,nan,nan,nan,nan,nan,nan
WbHt_8000_3000,WbHt,8000,3000,85,280,1.6,1.0,/eos/uscms/store/user/aji/rootfiles_existingOptimization/WbHt_8000_3000_pt280_ak16_ca10_th85.root,failed,/eos/uscms/store/user/aji/rootfiles_existingOptimization/WbHt_8000_3000_pt280_ak16_ca10_th85.root,nan,nan,nan,nan,nan,nan,nan,nan,nan,nan,nan,nan,nan,nan,nan,nan,nan,nan,nan,nan,nan
WbHt_8000_3000,WbHt,8000,3000,85,280,1.6,1.2,/eos/uscms/store/user/aji/rootfiles_existingOptimization/WbHt_8000_3000_pt280_ak16_ca12_th85.root,failed,/eos/uscms/store/user/aji/rootfiles_existingOptimization/WbHt_8000_3000_pt280_ak16_ca12_th85.root,nan,nan,nan,nan,nan,nan,nan,nan,nan,nan,nan,nan,nan,nan,nan,nan,nan,nan,nan,nan,nan
WbHt_8000_3000,WbHt,8000,3000,85,300,0.8,0.4,/eos/uscms/store/user/aji/rootfiles_existingOptimization/WbHt_8000_3000_pt300_ak8_ca4_th85.root,failed,/eos/uscms/store/user/aji/rootfiles_existingOptimization/WbHt_8000_3000_pt300_ak8_ca4_th85.root,nan,nan,nan,nan,nan,nan,nan,nan,nan,nan,nan,nan,nan,nan,nan,nan,nan,nan,nan,nan,nan
WbHt_8000_3000,WbHt,8000,3000,85,300,1.0,0.4,/eos/uscms/store/user/aji/rootfiles_existingOptimization/WbHt_8000_3000_pt300_ak10_ca4_th85.root,failed,/eos/uscms/store/user/aji/rootfiles_existingOptimization/WbHt_8000_3000_pt300_ak10_ca4_th85.root,nan,nan,nan,nan,nan,nan,nan,nan,nan,nan,nan,nan,nan,nan,nan,nan,nan,nan,nan,nan,nan
WbHt_8000_3000,WbHt,8000,3000,85,300,1.0,0.6,/eos/uscms/store/user/aji/rootfiles_existingOptimization/WbHt_8000_3000_pt300_ak10_ca6_th85.root,failed,/eos/uscms/store/user/aji/rootfiles_existingOptimization/WbHt_8000_3000_pt300_ak10_ca6_th85.root,nan,nan,nan,nan,nan,nan,nan,nan,nan,nan,nan,nan,nan,nan,nan,nan,nan,nan,nan,nan,nan
WbHt_8000_3000,WbHt,8000,3000,85,300,1.2,0.4,/eos/uscms/store/user/aji/rootfiles_existingOptimization/WbHt_8000_3000_pt300_ak12_ca4_th85.root,failed,/eos/uscms/store/user/aji/rootfiles_existingOptimization/WbHt_8000_3000_pt300_ak12_ca4_th85.root,nan,nan,nan,nan,nan,nan,nan,nan,nan,nan,nan,nan,nan,nan,nan,nan,nan,nan,nan,nan,nan
WbHt_8000_3000,WbHt,8000,3000,85,300,1.2,0.6,/eos/uscms/store/user/aji/rootfiles_existingOptimization/WbHt_8000_3000_pt300_ak12_ca6_th85.root,failed,/eos/uscms/store/user/aji/rootfiles_existingOptimization/WbHt_8000_3000_pt300_ak12_ca6_th85.root,nan,nan,nan,nan,nan,nan,nan,nan,nan,nan,nan,nan,nan,nan,nan,nan,nan,nan,nan,nan,nan
WbHt_8000_3000,WbHt,8000,3000,85,300,1.2,0.8,/eos/uscms/store/user/aji/rootfiles_existingOptimization/WbHt_8000_3000_pt300_ak12_ca8_th85.root,failed,/eos/uscms/store/user/aji/rootfiles_existingOptimization/WbHt_8000_3000_pt300_ak12_ca8_th85.root,nan,nan,nan,nan,nan,nan,nan,nan,nan,nan,nan,nan,nan,nan,nan,nan,nan,nan,nan,nan,nan
WbHt_8000_3000,WbHt,8000,3000,85,300,1.4,0.4,/eos/uscms/store/user/aji/rootfiles_existingOptimization/WbHt_8000_3000_pt300_ak14_ca4_th85.root,failed,/eos/uscms/store/user/aji/rootfiles_existingOptimization/WbHt_8000_3000_pt300_ak14_ca4_th85.root,nan,nan,nan,nan,nan,nan,nan,nan,nan,nan,nan,nan,nan,nan,nan,nan,nan,nan,nan,nan,nan
WbHt_8000_3000,WbHt,8000,3000,85,300,1.4,0.6,/eos/uscms/store/user/aji/rootfiles_existingOptimization/WbHt_8000_3000_pt300_ak14_ca6_th85.root,failed,/eos/uscms/store/user/aji/rootfiles_existingOptimization/WbHt_8000_3000_pt300_ak14_ca6_th85.root,nan,nan,nan,nan,nan,nan,nan,nan,nan,nan,nan,nan,nan,nan,nan,nan,nan,nan,nan,nan,nan
WbHt_8000_3000,WbHt,8000,3000,85,300,1.4,0.8,/eos/uscms/store/user/aji/rootfiles_existingOptimization/WbHt_8000_3000_pt300_ak14_ca8_th85.root,failed,/eos/uscms/store/user/aji/rootfiles_existingOptimization/WbHt_8000_3000_pt300_ak14_ca8_th85.root,nan,nan,nan,nan,nan,nan,nan,nan,nan,nan,nan,nan,nan,nan,nan,nan,nan,nan,nan,nan,nan
WbHt_8000_3000,WbHt,8000,3000,85,300,1.4,1.0,/eos/uscms/store/user/aji/rootfiles_existingOptimization/WbHt_8000_3000_pt300_ak14_ca10_th85.root,failed,/eos/uscms/store/user/aji/rootfiles_existingOptimization/WbHt_8000_3000_pt300_ak14_ca10_th85.root,nan,nan,nan,nan,nan,nan,nan,nan,nan,nan,nan,nan,nan,nan,nan,nan,nan,nan,nan,nan,nan
WbHt_8000_3000,WbHt,8000,3000,85,300,1.6,0.4,/eos/uscms/store/user/aji/rootfiles_existingOptimization/WbHt_8000_3000_pt300_ak16_ca4_th85.root,failed,/eos/uscms/store/user/aji/rootfiles_existingOptimization/WbHt_8000_3000_pt300_ak16_ca4_th85.root,nan,nan,nan,nan,nan,nan,nan,nan,nan,nan,nan,nan,nan,nan,nan,nan,nan,nan,nan,nan,nan
WbHt_8000_3000,WbHt,8000,3000,85,300,1.6,0.6,/eos/uscms/store/user/aji/rootfiles_existingOptimization/WbHt_8000_3000_pt300_ak16_ca6_th85.root,failed,/eos/uscms/store/user/aji/rootfiles_existingOptimization/WbHt_8000_3000_pt300_ak16_ca6_th85.root,nan,nan,nan,nan,nan,nan,nan,nan,nan,nan,nan,nan,nan,nan,nan,nan,nan,nan,nan,nan,nan
WbHt_8000_3000,WbHt,8000,3000,85,300,1.6,0.8,/eos/uscms/store/user/aji/rootfiles_existingOptimization/WbHt_8000_3000_pt300_ak16_ca8_th85.root,failed,/eos/uscms/store/user/aji/rootfiles_existingOptimization/WbHt_8000_3000_pt300_ak16_ca8_th85.root,nan,nan,nan,nan,nan,nan,nan,nan,nan,nan,nan,nan,nan,nan,nan,nan,nan,nan,nan,nan,nan
WbHt_8000_3000,WbHt,8000,3000,85,300,1.6,1.0,/eos/uscms/store/user/aji/rootfiles_existingOptimization/WbHt_8000_3000_pt300_ak16_ca10_th85.root,failed,/eos/uscms/store/user/aji/rootfiles_existingOptimization/WbHt_8000_3000_pt300_ak16_ca10_th85.root,nan,nan,nan,nan,nan,nan,nan,nan,nan,nan,nan,nan,nan,nan,nan,nan,nan,nan,nan,nan,nan
WbHt_8000_3000,WbHt,8000,3000,85,300,1.6,1.2,/eos/uscms/store/user/aji/rootfiles_existingOptimization/WbHt_8000_3000_pt300_ak16_ca12_th85.root,failed,/eos/uscms/store/user/aji/rootfiles_existingOptimization/WbHt_8000_3000_pt300_ak16_ca12_th85.root,nan,nan,nan,nan,nan,nan,nan,nan,nan,nan,nan,nan,nan,nan,nan,nan,nan,nan,nan,nan,nan
WbHt_8000_3000,WbHt,8000,3000,85,320,0.8,0.4,/eos/uscms/store/user/aji/rootfiles_existingOptimization/WbHt_8000_3000_pt320_ak8_ca4_th85.root,failed,/eos/uscms/store/user/aji/rootfiles_existingOptimization/WbHt_8000_3000_pt320_ak8_ca4_th85.root,nan,nan,nan,nan,nan,nan,nan,nan,nan,nan,nan,nan,nan,nan,nan,nan,nan,nan,nan,nan,nan
WbHt_8000_3000,WbHt,8000,3000,85,320,1.0,0.4,/eos/uscms/store/user/aji/rootfiles_existingOptimization/WbHt_8000_3000_pt320_ak10_ca4_th85.root,failed,/eos/uscms/store/user/aji/rootfiles_existingOptimization/WbHt_8000_3000_pt320_ak10_ca4_th85.root,nan,nan,nan,nan,nan,nan,nan,nan,nan,nan,nan,nan,nan,nan,nan,nan,nan,nan,nan,nan,nan
WbHt_8000_3000,WbHt,8000,3000,85,320,1.0,0.6,/eos/uscms/store/user/aji/rootfiles_existingOptimization/WbHt_8000_3000_pt320_ak10_ca6_th85.root,failed,/eos/uscms/store/user/aji/rootfiles_existingOptimization/WbHt_8000_3000_pt320_ak10_ca6_th85.root,nan,nan,nan,nan,nan,nan,nan,nan,nan,nan,nan,nan,nan,nan,nan,nan,nan,nan,nan,nan,nan
WbHt_8000_3000,WbHt,8000,3000,85,320,1.2,0.4,/eos/uscms/store/user/aji/rootfiles_existingOptimization/WbHt_8000_3000_pt320_ak12_ca4_th85.root,failed,/eos/uscms/store/user/aji/rootfiles_existingOptimization/WbHt_8000_3000_pt320_ak12_ca4_th85.root,nan,nan,nan,nan,nan,nan,nan,nan,nan,nan,nan,nan,nan,nan,nan,nan,nan,nan,nan,nan,nan
WbHt_8000_3000,WbHt,8000,3000,85,320,1.2,0.6,/eos/uscms/store/user/aji/rootfiles_existingOptimization/WbHt_8000_3000_pt320_ak12_ca6_th85.root,failed,/eos/uscms/store/user/aji/rootfiles_existingOptimization/WbHt_8000_3000_pt320_ak12_ca6_th85.root,nan,nan,nan,nan,nan,nan,nan,nan,nan,nan,nan,nan,nan,nan,nan,nan,nan,nan,nan,nan,nan
WbHt_8000_3000,WbHt,8000,3000,85,320,1.2,0.8,/eos/uscms/store/user/aji/rootfiles_existingOptimization/WbHt_8000_3000_pt320_ak12_ca8_th85.root,failed,/eos/uscms/store/user/aji/rootfiles_existingOptimization/WbHt_8000_3000_pt320_ak12_ca8_th85.root,nan,nan,nan,nan,nan,nan,nan,nan,nan,nan,nan,nan,nan,nan,nan,nan,nan,nan,nan,nan,nan
WbHt_8000_3000,WbHt,8000,3000,85,320,1.4,0.4,/eos/uscms/store/user/aji/rootfiles_existingOptimization/WbHt_8000_3000_pt320_ak14_ca4_th85.root,failed,/eos/uscms/store/user/aji/rootfiles_existingOptimization/WbHt_8000_3000_pt320_ak14_ca4_th85.root,nan,nan,nan,nan,nan,nan,nan,nan,nan,nan,nan,nan,nan,nan,nan,nan,nan,nan,nan,nan,nan
WbHt_8000_3000,WbHt,8000,3000,85,320,1.4,0.6,/eos/uscms/store/user/aji/rootfiles_existingOptimization/WbHt_8000_3000_pt320_ak14_ca6_th85.root,failed,/eos/uscms/store/user/aji/rootfiles_existingOptimization/WbHt_8000_3000_pt320_ak14_ca6_th85.root,nan,nan,nan,nan,nan,nan,nan,nan,nan,nan,nan,nan,nan,nan,nan,nan,nan,nan,nan,nan,nan
WbHt_8000_3000,WbHt,8000,3000,85,320,1.4,0.8,/eos/uscms/store/user/aji/rootfiles_existingOptimization/WbHt_8000_3000_pt320_ak14_ca8_th85.root,failed,/eos/uscms/store/user/aji/rootfiles_existingOptimization/WbHt_8000_3000_pt320_ak14_ca8_th85.root,nan,nan,nan,nan,nan,nan,nan,nan,nan,nan,nan,nan,nan,nan,nan,nan,nan,nan,nan,nan,nan
WbHt_8000_3000,WbHt,8000,3000,85,320,1.4,1.0,/eos/uscms/store/user/aji/rootfiles_existingOptimization/WbHt_8000_3000_pt320_ak14_ca10_th85.root,failed,/eos/uscms/store/user/aji/rootfiles_existingOptimization/WbHt_8000_3000_pt320_ak14_ca10_th85.root,nan,nan,nan,nan,nan,nan,nan,nan,nan,nan,nan,nan,nan,nan,nan,nan,nan,nan,nan,nan,nan
WbHt_8000_3000,WbHt,8000,3000,85,320,1.6,0.4,/eos/uscms/store/user/aji/rootfiles_existingOptimization/WbHt_8000_3000_pt320_ak16_ca4_th85.root,failed,/eos/uscms/store/user/aji/rootfiles_existingOptimization/WbHt_8000_3000_pt320_ak16_ca4_th85.root,nan,nan,nan,nan,nan,nan,nan,nan,nan,nan,nan,nan,nan,nan,nan,nan,nan,nan,nan,nan,nan
WbHt_8000_3000,WbHt,8000,3000,85,320,1.6,0.6,/eos/uscms/store/user/aji/rootfiles_existingOptimization/WbHt_8000_3000_pt320_ak16_ca6_th85.root,failed,/eos/uscms/store/user/aji/rootfiles_existingOptimization/WbHt_8000_3000_pt320_ak16_ca6_th85.root,nan,nan,nan,nan,nan,nan,nan,nan,nan,nan,nan,nan,nan,nan,nan,nan,nan,nan,nan,nan,nan
WbHt_8000_3000,WbHt,8000,3000,85,320,1.6,0.8,/eos/uscms/store/user/aji/rootfiles_existingOptimization/WbHt_8000_3000_pt320_ak16_ca8_th85.root,failed,/eos/uscms/store/user/aji/rootfiles_existingOptimization/WbHt_8000_3000_pt320_ak16_ca8_th85.root,nan,nan,nan,nan,nan,nan,nan,nan,nan,nan,nan,nan,nan,nan,nan,nan,nan,nan,nan,nan,nan
WbHt_8000_3000,WbHt,8000,3000,85,320,1.6,1.0,/eos/uscms/store/user/aji/rootfiles_existingOptimization/WbHt_8000_3000_pt320_ak16_ca10_th85.root,failed,/eos/uscms/store/user/aji/rootfiles_existingOptimization/WbHt_8000_3000_pt320_ak16_ca10_th85.root,nan,nan,nan,nan,nan,nan,nan,nan,nan,nan,nan,nan,nan,nan,nan,nan,nan,nan,nan,nan,nan
WbHt_8000_3000,WbHt,8000,3000,85,320,1.6,1.2,/eos/uscms/store/user/aji/rootfiles_existingOptimization/WbHt_8000_3000_pt320_ak16_ca12_th85.root,failed,/eos/uscms/store/user/aji/rootfiles_existingOptimization/WbHt_8000_3000_pt320_ak16_ca12_th85.root,nan,nan,nan,nan,nan,nan,nan,nan,nan,nan,nan,nan,nan,nan,nan,nan,nan,nan,nan,nan,nan
WbHt_8000_3000,WbHt,8000,3000,85,340,0.8,0.4,/eos/uscms/store/user/aji/rootfiles_existingOptimization/WbHt_8000_3000_pt340_ak8_ca4_th85.root,failed,/eos/uscms/store/user/aji/rootfiles_existingOptimization/WbHt_8000_3000_pt340_ak8_ca4_th85.root,nan,nan,nan,nan,nan,nan,nan,nan,nan,nan,nan,nan,nan,nan,nan,nan,nan,nan,nan,nan,nan
WbHt_8000_3000,WbHt,8000,3000,85,340,1.0,0.4,/eos/uscms/store/user/aji/rootfiles_existingOptimization/WbHt_8000_3000_pt340_ak10_ca4_th85.root,failed,/eos/uscms/store/user/aji/rootfiles_existingOptimization/WbHt_8000_3000_pt340_ak10_ca4_th85.root,nan,nan,nan,nan,nan,nan,nan,nan,nan,nan,nan,nan,nan,nan,nan,nan,nan,nan,nan,nan,nan
WbHt_8000_3000,WbHt,8000,3000,85,340,1.0,0.6,/eos/uscms/store/user/aji/rootfiles_existingOptimization/WbHt_8000_3000_pt340_ak10_ca6_th85.root,failed,/eos/uscms/store/user/aji/rootfiles_existingOptimization/WbHt_8000_3000_pt340_ak10_ca6_th85.root,nan,nan,nan,nan,nan,nan,nan,nan,nan,nan,nan,nan,nan,nan,nan,nan,nan,nan,nan,nan,nan
WbHt_8000_3000,WbHt,8000,3000,85,340,1.2,0.4,/eos/uscms/store/user/aji/rootfiles_existingOptimization/WbHt_8000_3000_pt340_ak12_ca4_th85.root,failed,/eos/uscms/store/user/aji/rootfiles_existingOptimization/WbHt_8000_3000_pt340_ak12_ca4_th85.root,nan,nan,nan,nan,nan,nan,nan,nan,nan,nan,nan,nan,nan,nan,nan,nan,nan,nan,nan,nan,nan
WbHt_8000_3000,WbHt,8000,3000,85,340,1.2,0.6,/eos/uscms/store/user/aji/rootfiles_existingOptimization/WbHt_8000_3000_pt340_ak12_ca6_th85.root,failed,/eos/uscms/store/user/aji/rootfiles_existingOptimization/WbHt_8000_3000_pt340_ak12_ca6_th85.root,nan,nan,nan,nan,nan,nan,nan,nan,nan,nan,nan,nan,nan,nan,nan,nan,nan,nan,nan,nan,nan
WbHt_8000_3000,WbHt,8000,3000,85,340,1.2,0.8,/eos/uscms/store/user/aji/rootfiles_existingOptimization/WbHt_8000_3000_pt340_ak12_ca8_th85.root,failed,/eos/uscms/store/user/aji/rootfiles_existingOptimization/WbHt_8000_3000_pt340_ak12_ca8_th85.root,nan,nan,nan,nan,nan,nan,nan,nan,nan,nan,nan,nan,nan,nan,nan,nan,nan,nan,nan,nan,nan
WbHt_8000_3000,WbHt,8000,3000,85,340,1.4,0.4,/eos/uscms/store/user/aji/rootfiles_existingOptimization/WbHt_8000_3000_pt340_ak14_ca4_th85.root,failed,/eos/uscms/store/user/aji/rootfiles_existingOptimization/WbHt_8000_3000_pt340_ak14_ca4_th85.root,nan,nan,nan,nan,nan,nan,nan,nan,nan,nan,nan,nan,nan,nan,nan,nan,nan,nan,nan,nan,nan
WbHt_8000_3000,WbHt,8000,3000,85,340,1.4,0.6,/eos/uscms/store/user/aji/rootfiles_existingOptimization/WbHt_8000_3000_pt340_ak14_ca6_th85.root,failed,/eos/uscms/store/user/aji/rootfiles_existingOptimization/WbHt_8000_3000_pt340_ak14_ca6_th85.root,nan,nan,nan,nan,nan,nan,nan,nan,nan,nan,nan,nan,nan,nan,nan,nan,nan,nan,nan,nan,nan
WbHt_8000_3000,WbHt,8000,3000,85,340,1.4,0.8,/eos/uscms/store/user/aji/rootfiles_existingOptimization/WbHt_8000_3000_pt340_ak14_ca8_th85.root,failed,/eos/uscms/store/user/aji/rootfiles_existingOptimization/WbHt_8000_3000_pt340_ak14_ca8_th85.root,nan,nan,nan,nan,nan,nan,nan,nan,nan,nan,nan,nan,nan,nan,nan,nan,nan,nan,nan,nan,nan
WbHt_8000_3000,WbHt,8000,3000,85,340,1.4,1.0,/eos/uscms/store/user/aji/rootfiles_existingOptimization/WbHt_8000_3000_pt340_ak14_ca10_th85.root,failed,/eos/uscms/store/user/aji/rootfiles_existingOptimization/WbHt_8000_3000_pt340_ak14_ca10_th85.root,nan,nan,nan,nan,nan,nan,nan,nan,nan,nan,nan,nan,nan,nan,nan,nan,nan,nan,nan,nan,nan
WbHt_8000_3000,WbHt,8000,3000,85,340,1.6,0.4,/eos/uscms/store/user/aji/rootfiles_existingOptimization/WbHt_8000_3000_pt340_ak16_ca4_th85.root,failed,/eos/uscms/store/user/aji/rootfiles_existingOptimization/WbHt_8000_3000_pt340_ak16_ca4_th85.root,nan,nan,nan,nan,nan,nan,nan,nan,nan,nan,nan,nan,nan,nan,nan,nan,nan,nan,nan,nan,nan
WbHt_8000_3000,WbHt,8000,3000,85,340,1.6,0.6,/eos/uscms/store/user/aji/rootfiles_existingOptimization/WbHt_8000_3000_pt340_ak16_ca6_th85.root,failed,/eos/uscms/store/user/aji/rootfiles_existingOptimization/WbHt_8000_3000_pt340_ak16_ca6_th85.root,nan,nan,nan,nan,nan,nan,nan,nan,nan,nan,nan,nan,nan,nan,nan,nan,nan,nan,nan,nan,nan
WbHt_8000_3000,WbHt,8000,3000,85,340,1.6,0.8,/eos/uscms/store/user/aji/rootfiles_existingOptimization/WbHt_8000_3000_pt340_ak16_ca8_th85.root,failed,/eos/uscms/store/user/aji/rootfiles_existingOptimization/WbHt_8000_3000_pt340_ak16_ca8_th85.root,nan,nan,nan,nan,nan,nan,nan,nan,nan,nan,nan,nan,nan,nan,nan,nan,nan,nan,nan,nan,nan
WbHt_8000_3000,WbHt,8000,3000,85,340,1.6,1.0,/eos/uscms/store/user/aji/rootfiles_existingOptimization/WbHt_8000_3000_pt340_ak16_ca10_th85.root,failed,/eos/uscms/store/user/aji/rootfiles_existingOptimization/WbHt_8000_3000_pt340_ak16_ca10_th85.root,nan,nan,nan,nan,nan,nan,nan,nan,nan,nan,nan,nan,nan,nan,nan,nan,nan,nan,nan,nan,nan
WbHt_8000_3000,WbHt,8000,3000,85,340,1.6,1.2,/eos/uscms/store/user/aji/rootfiles_existingOptimization/WbHt_8000_3000_pt340_ak16_ca12_th85.root,failed,/eos/uscms/store/user/aji/rootfiles_existingOptimization/WbHt_8000_3000_pt340_ak16_ca12_th85.root,nan,nan,nan,nan,nan,nan,nan,nan,nan,nan,nan,nan,nan,nan,nan,nan,nan,nan,nan,nan,nan
WbHt_8000_3000,WbHt,8000,3000,85,360,0.8,0.4,/eos/uscms/store/user/aji/rootfiles_existingOptimization/WbHt_8000_3000_pt360_ak8_ca4_th85.root,failed,/eos/uscms/store/user/aji/rootfiles_existingOptimization/WbHt_8000_3000_pt360_ak8_ca4_th85.root,nan,nan,nan,nan,nan,nan,nan,nan,nan,nan,nan,nan,nan,nan,nan,nan,nan,nan,nan,nan,nan
WbHt_8000_3000,WbHt,8000,3000,85,360,1.0,0.4,/eos/uscms/store/user/aji/rootfiles_existingOptimization/WbHt_8000_3000_pt360_ak10_ca4_th85.root,failed,/eos/uscms/store/user/aji/rootfiles_existingOptimization/WbHt_8000_3000_pt360_ak10_ca4_th85.root,nan,nan,nan,nan,nan,nan,nan,nan,nan,nan,nan,nan,nan,nan,nan,nan,nan,nan,nan,nan,nan
WbHt_8000_3000,WbHt,8000,3000,85,360,1.0,0.6,/eos/uscms/store/user/aji/rootfiles_existingOptimization/WbHt_8000_3000_pt360_ak10_ca6_th85.root,failed,/eos/uscms/store/user/aji/rootfiles_existingOptimization/WbHt_8000_3000_pt360_ak10_ca6_th85.root,nan,nan,nan,nan,nan,nan,nan,nan,nan,nan,nan,nan,nan,nan,nan,nan,nan,nan,nan,nan,nan
WbHt_8000_3000,WbHt,8000,3000,85,360,1.2,0.4,/eos/uscms/store/user/aji/rootfiles_existingOptimization/WbHt_8000_3000_pt360_ak12_ca4_th85.root,failed,/eos/uscms/store/user/aji/rootfiles_existingOptimization/WbHt_8000_3000_pt360_ak12_ca4_th85.root,nan,nan,nan,nan,nan,nan,nan,nan,nan,nan,nan,nan,nan,nan,nan,nan,nan,nan,nan,nan,nan
WbHt_8000_3000,WbHt,8000,3000,85,360,1.2,0.6,/eos/uscms/store/user/aji/rootfiles_existingOptimization/WbHt_8000_3000_pt360_ak12_ca6_th85.root,failed,/eos/uscms/store/user/aji/rootfiles_existingOptimization/WbHt_8000_3000_pt360_ak12_ca6_th85.root,nan,nan,nan,nan,nan,nan,nan,nan,nan,nan,nan,nan,nan,nan,nan,nan,nan,nan,nan,nan,nan
WbHt_8000_3000,WbHt,8000,3000,85,360,1.2,0.8,/eos/uscms/store/user/aji/rootfiles_existingOptimization/WbHt_8000_3000_pt360_ak12_ca8_th85.root,failed,/eos/uscms/store/user/aji/rootfiles_existingOptimization/WbHt_8000_3000_pt360_ak12_ca8_th85.root,nan,nan,nan,nan,nan,nan,nan,nan,nan,nan,nan,nan,nan,nan,nan,nan,nan,nan,nan,nan,nan
WbHt_8000_3000,WbHt,8000,3000,85,360,1.4,0.4,/eos/uscms/store/user/aji/rootfiles_existingOptimization/WbHt_8000_3000_pt360_ak14_ca4_th85.root,failed,/eos/uscms/store/user/aji/rootfiles_existingOptimization/WbHt_8000_3000_pt360_ak14_ca4_th85.root,nan,nan,nan,nan,nan,nan,nan,nan,nan,nan,nan,nan,nan,nan,nan,nan,nan,nan,nan,nan,nan
WbHt_8000_3000,WbHt,8000,3000,85,360,1.4,0.6,/eos/uscms/store/user/aji/rootfiles_existingOptimization/WbHt_8000_3000_pt360_ak14_ca6_th85.root,failed,/eos/uscms/store/user/aji/rootfiles_existingOptimization/WbHt_8000_3000_pt360_ak14_ca6_th85.root,nan,nan,nan,nan,nan,nan,nan,nan,nan,nan,nan,nan,nan,nan,nan,nan,nan,nan,nan,nan,nan
WbHt_8000_3000,WbHt,8000,3000,85,360,1.4,0.8,/eos/uscms/store/user/aji/rootfiles_existingOptimization/WbHt_8000_3000_pt360_ak14_ca8_th85.root,failed,/eos/uscms/store/user/aji/rootfiles_existingOptimization/WbHt_8000_3000_pt360_ak14_ca8_th85.root,nan,nan,nan,nan,nan,nan,nan,nan,nan,nan,nan,nan,nan,nan,nan,nan,nan,nan,nan,nan,nan
WbHt_8000_3000,WbHt,8000,3000,85,360,1.4,1.0,/eos/uscms/store/user/aji/rootfiles_existingOptimization/WbHt_8000_3000_pt360_ak14_ca10_th85.root,failed,/eos/uscms/store/user/aji/rootfiles_existingOptimization/WbHt_8000_3000_pt360_ak14_ca10_th85.root,nan,nan,nan,nan,nan,nan,nan,nan,nan,nan,nan,nan,nan,nan,nan,nan,nan,nan,nan,nan,nan
WbHt_8000_3000,WbHt,8000,3000,85,360,1.6,0.4,/eos/uscms/store/user/aji/rootfiles_existingOptimization/WbHt_8000_3000_pt360_ak16_ca4_th85.root,failed,/eos/uscms/store/user/aji/rootfiles_existingOptimization/WbHt_8000_3000_pt360_ak16_ca4_th85.root,nan,nan,nan,nan,nan,nan,nan,nan,nan,nan,nan,nan,nan,nan,nan,nan,nan,nan,nan,nan,nan
WbHt_8000_3000,WbHt,8000,3000,85,360,1.6,0.6,/eos/uscms/store/user/aji/rootfiles_existingOptimization/WbHt_8000_3000_pt360_ak16_ca6_th85.root,failed,/eos/uscms/store/user/aji/rootfiles_existingOptimization/WbHt_8000_3000_pt360_ak16_ca6_th85.root,nan,nan,nan,nan,nan,nan,nan,nan,nan,nan,nan,nan,nan,nan,nan,nan,nan,nan,nan,nan,nan
WbHt_8000_3000,WbHt,8000,3000,85,360,1.6,0.8,/eos/uscms/store/user/aji/rootfiles_existingOptimization/WbHt_8000_3000_pt360_ak16_ca8_th85.root,failed,/eos/uscms/store/user/aji/rootfiles_existingOptimization/WbHt_8000_3000_pt360_ak16_ca8_th85.root,nan,nan,nan,nan,nan,nan,nan,nan,nan,nan,nan,nan,nan,nan,nan,nan,nan,nan,nan,nan,nan
WbHt_8000_3000,WbHt,8000,3000,85,360,1.6,1.0,/eos/uscms/store/user/aji/rootfiles_existingOptimization/WbHt_8000_3000_pt360_ak16_ca10_th85.root,failed,/eos/uscms/store/user/aji/rootfiles_existingOptimization/WbHt_8000_3000_pt360_ak16_ca10_th85.root,nan,nan,nan,nan,nan,nan,nan,nan,nan,nan,nan,nan,nan,nan,nan,nan,nan,nan,nan,nan,nan
WbHt_8000_3000,WbHt,8000,3000,85,360,1.6,1.2,/eos/uscms/store/user/aji/rootfiles_existingOptimization/WbHt_8000_3000_pt360_ak16_ca12_th85.root,failed,/eos/uscms/store/user/aji/rootfiles_existingOptimization/WbHt_8000_3000_pt360_ak16_ca12_th85.root,nan,nan,nan,nan,nan,nan,nan,nan,nan,nan,nan,nan,nan,nan,nan,nan,nan,nan,nan,nan,nan
WbHt_8000_3000,WbHt,8000,3000,85,380,0.8,0.4,/eos/uscms/store/user/aji/rootfiles_existingOptimization/WbHt_8000_3000_pt380_ak8_ca4_th85.root,failed,/eos/uscms/store/user/aji/rootfiles_existingOptimization/WbHt_8000_3000_pt380_ak8_ca4_th85.root,nan,nan,nan,nan,nan,nan,nan,nan,nan,nan,nan,nan,nan,nan,nan,nan,nan,nan,nan,nan,nan
WbHt_8000_3000,WbHt,8000,3000,85,380,1.0,0.4,/eos/uscms/store/user/aji/rootfiles_existingOptimization/WbHt_8000_3000_pt380_ak10_ca4_th85.root,failed,/eos/uscms/store/user/aji/rootfiles_existingOptimization/WbHt_8000_3000_pt380_ak10_ca4_th85.root,nan,nan,nan,nan,nan,nan,nan,nan,nan,nan,nan,nan,nan,nan,nan,nan,nan,nan,nan,nan,nan
WbHt_8000_3000,WbHt,8000,3000,85,380,1.0,0.6,/eos/uscms/store/user/aji/rootfiles_existingOptimization/WbHt_8000_3000_pt380_ak10_ca6_th85.root,failed,/eos/uscms/store/user/aji/rootfiles_existingOptimization/WbHt_8000_3000_pt380_ak10_ca6_th85.root,nan,nan,nan,nan,nan,nan,nan,nan,nan,nan,nan,nan,nan,nan,nan,nan,nan,nan,nan,nan,nan
WbHt_8000_3000,WbHt,8000,3000,85,380,1.2,0.4,/eos/uscms/store/user/aji/rootfiles_existingOptimization/WbHt_8000_3000_pt380_ak12_ca4_th85.root,failed,/eos/uscms/store/user/aji/rootfiles_existingOptimization/WbHt_8000_3000_pt380_ak12_ca4_th85.root,nan,nan,nan,nan,nan,nan,nan,nan,nan,nan,nan,nan,nan,nan,nan,nan,nan,nan,nan,nan,nan
WbHt_8000_3000,WbHt,8000,3000,85,380,1.2,0.6,/eos/uscms/store/user/aji/rootfiles_existingOptimization/WbHt_8000_3000_pt380_ak12_ca6_th85.root,failed,/eos/uscms/store/user/aji/rootfiles_existingOptimization/WbHt_8000_3000_pt380_ak12_ca6_th85.root,nan,nan,nan,nan,nan,nan,nan,nan,nan,nan,nan,nan,nan,nan,nan,nan,nan,nan,nan,nan,nan
WbHt_8000_3000,WbHt,8000,3000,85,380,1.2,0.8,/eos/uscms/store/user/aji/rootfiles_existingOptimization/WbHt_8000_3000_pt380_ak12_ca8_th85.root,failed,/eos/uscms/store/user/aji/rootfiles_existingOptimization/WbHt_8000_3000_pt380_ak12_ca8_th85.root,nan,nan,nan,nan,nan,nan,nan,nan,nan,nan,nan,nan,nan,nan,nan,nan,nan,nan,nan,nan,nan
WbHt_8000_3000,WbHt,8000,3000,85,380,1.4,0.4,/eos/uscms/store/user/aji/rootfiles_existingOptimization/WbHt_8000_3000_pt380_ak14_ca4_th85.root,failed,/eos/uscms/store/user/aji/rootfiles_existingOptimization/WbHt_8000_3000_pt380_ak14_ca4_th85.root,nan,nan,nan,nan,nan,nan,nan,nan,nan,nan,nan,nan,nan,nan,nan,nan,nan,nan,nan,nan,nan
WbHt_8000_3000,WbHt,8000,3000,85,380,1.4,0.6,/eos/uscms/store/user/aji/rootfiles_existingOptimization/WbHt_8000_3000_pt380_ak14_ca6_th85.root,failed,/eos/uscms/store/user/aji/rootfiles_existingOptimization/WbHt_8000_3000_pt380_ak14_ca6_th85.root,nan,nan,nan,nan,nan,nan,nan,nan,nan,nan,nan,nan,nan,nan,nan,nan,nan,nan,nan,nan,nan
WbHt_8000_3000,WbHt,8000,3000,85,380,1.4,0.8,/eos/uscms/store/user/aji/rootfiles_existingOptimization/WbHt_8000_3000_pt380_ak14_ca8_th85.root,failed,/eos/uscms/store/user/aji/rootfiles_existingOptimization/WbHt_8000_3000_pt380_ak14_ca8_th85.root,nan,nan,nan,nan,nan,nan,nan,nan,nan,nan,nan,nan,nan,nan,nan,nan,nan,nan,nan,nan,nan
WbHt_8000_3000,WbHt,8000,3000,85,380,1.4,1.0,/eos/uscms/store/user/aji/rootfiles_existingOptimization/WbHt_8000_3000_pt380_ak14_ca10_th85.root,failed,/eos/uscms/store/user/aji/rootfiles_existingOptimization/WbHt_8000_3000_pt380_ak14_ca10_th85.root,nan,nan,nan,nan,nan,nan,nan,nan,nan,nan,nan,nan,nan,nan,nan,nan,nan,nan,nan,nan,nan
WbHt_8000_3000,WbHt,8000,3000,85,380,1.6,0.4,/eos/uscms/store/user/aji/rootfiles_existingOptimization/WbHt_8000_3000_pt380_ak16_ca4_th85.root,failed,/eos/uscms/store/user/aji/rootfiles_existingOptimization/WbHt_8000_3000_pt380_ak16_ca4_th85.root,nan,nan,nan,nan,nan,nan,nan,nan,nan,nan,nan,nan,nan,nan,nan,nan,nan,nan,nan,nan,nan
WbHt_8000_3000,WbHt,8000,3000,85,380,1.6,0.6,/eos/uscms/store/user/aji/rootfiles_existingOptimization/WbHt_8000_3000_pt380_ak16_ca6_th85.root,failed,/eos/uscms/store/user/aji/rootfiles_existingOptimization/WbHt_8000_3000_pt380_ak16_ca6_th85.root,nan,nan,nan,nan,nan,nan,nan,nan,nan,nan,nan,nan,nan,nan,nan,nan,nan,nan,nan,nan,nan
WbHt_8000_3000,WbHt,8000,3000,85,380,1.6,0.8,/eos/uscms/store/user/aji/rootfiles_existingOptimization/WbHt_8000_3000_pt380_ak16_ca8_th85.root,failed,/eos/uscms/store/user/aji/rootfiles_existingOptimization/WbHt_8000_3000_pt380_ak16_ca8_th85.root,nan,nan,nan,nan,nan,nan,nan,nan,nan,nan,nan,nan,nan,nan,nan,nan,nan,nan,nan,nan,nan
WbHt_8000_3000,WbHt,8000,3000,85,380,1.6,1.0,/eos/uscms/store/user/aji/rootfiles_existingOptimization/WbHt_8000_3000_pt380_ak16_ca10_th85.root,failed,/eos/uscms/store/user/aji/rootfiles_existingOptimization/WbHt_8000_3000_pt380_ak16_ca10_th85.root,nan,nan,nan,nan,nan,nan,nan,nan,nan,nan,nan,nan,nan,nan,nan,nan,nan,nan,nan,nan,nan
WbHt_8000_3000,WbHt,8000,3000,85,380,1.6,1.2,/eos/uscms/store/user/aji/rootfiles_existingOptimization/WbHt_8000_3000_pt380_ak16_ca12_th85.root,failed,/eos/uscms/store/user/aji/rootfiles_existingOptimization/WbHt_8000_3000_pt380_ak16_ca12_th85.root,nan,nan,nan,nan,nan,nan,nan,nan,nan,nan,nan,nan,nan,nan,nan,nan,nan,nan,nan,nan,nan
WbHt_8000_3000,WbHt,8000,3000,85,400,0.8,0.4,/eos/uscms/store/user/aji/rootfiles_existingOptimization/WbHt_8000_3000_pt400_ak8_ca4_th85.root,failed,/eos/uscms/store/user/aji/rootfiles_existingOptimization/WbHt_8000_3000_pt400_ak8_ca4_th85.root,nan,nan,nan,nan,nan,nan,nan,nan,nan,nan,nan,nan,nan,nan,nan,nan,nan,nan,nan,nan,nan
WbHt_8000_3000,WbHt,8000,3000,85,400,1.0,0.4,/eos/uscms/store/user/aji/rootfiles_existingOptimization/WbHt_8000_3000_pt400_ak10_ca4_th85.root,failed,/eos/uscms/store/user/aji/rootfiles_existingOptimization/WbHt_8000_3000_pt400_ak10_ca4_th85.root,nan,nan,nan,nan,nan,nan,nan,nan,nan,nan,nan,nan,nan,nan,nan,nan,nan,nan,nan,nan,nan
WbHt_8000_3000,WbHt,8000,3000,85,400,1.0,0.6,/eos/uscms/store/user/aji/rootfiles_existingOptimization/WbHt_8000_3000_pt400_ak10_ca6_th85.root,failed,/eos/uscms/store/user/aji/rootfiles_existingOptimization/WbHt_8000_3000_pt400_ak10_ca6_th85.root,nan,nan,nan,nan,nan,nan,nan,nan,nan,nan,nan,nan,nan,nan,nan,nan,nan,nan,nan,nan,nan
WbHt_8000_3000,WbHt,8000,3000,85,400,1.2,0.4,/eos/uscms/store/user/aji/rootfiles_existingOptimization/WbHt_8000_3000_pt400_ak12_ca4_th85.root,failed,/eos/uscms/store/user/aji/rootfiles_existingOptimization/WbHt_8000_3000_pt400_ak12_ca4_th85.root,nan,nan,nan,nan,nan,nan,nan,nan,nan,nan,nan,nan,nan,nan,nan,nan,nan,nan,nan,nan,nan
WbHt_8000_3000,WbHt,8000,3000,85,400,1.2,0.6,/eos/uscms/store/user/aji/rootfiles_existingOptimization/WbHt_8000_3000_pt400_ak12_ca6_th85.root,failed,/eos/uscms/store/user/aji/rootfiles_existingOptimization/WbHt_8000_3000_pt400_ak12_ca6_th85.root,nan,nan,nan,nan,nan,nan,nan,nan,nan,nan,nan,nan,nan,nan,nan,nan,nan,nan,nan,nan,nan
WbHt_8000_3000,WbHt,8000,3000,85,400,1.2,0.8,/eos/uscms/store/user/aji/rootfiles_existingOptimization/WbHt_8000_3000_pt400_ak12_ca8_th85.root,failed,/eos/uscms/store/user/aji/rootfiles_existingOptimization/WbHt_8000_3000_pt400_ak12_ca8_th85.root,nan,nan,nan,nan,nan,nan,nan,nan,nan,nan,nan,nan,nan,nan,nan,nan,nan,nan,nan,nan,nan
WbHt_8000_3000,WbHt,8000,3000,85,400,1.4,0.4,/eos/uscms/store/user/aji/rootfiles_existingOptimization/WbHt_8000_3000_pt400_ak14_ca4_th85.root,failed,/eos/uscms/store/user/aji/rootfiles_existingOptimization/WbHt_8000_3000_pt400_ak14_ca4_th85.root,nan,nan,nan,nan,nan,nan,nan,nan,nan,nan,nan,nan,nan,nan,nan,nan,nan,nan,nan,nan,nan
WbHt_8000_3000,WbHt,8000,3000,85,400,1.4,0.6,/eos/uscms/store/user/aji/rootfiles_existingOptimization/WbHt_8000_3000_pt400_ak14_ca6_th85.root,failed,/eos/uscms/store/user/aji/rootfiles_existingOptimization/WbHt_8000_3000_pt400_ak14_ca6_th85.root,nan,nan,nan,nan,nan,nan,nan,nan,nan,nan,nan,nan,nan,nan,nan,nan,nan,nan,nan,nan,nan
WbHt_8000_3000,WbHt,8000,3000,85,400,1.4,0.8,/eos/uscms/store/user/aji/rootfiles_existingOptimization/WbHt_8000_3000_pt400_ak14_ca8_th85.root,failed,/eos/uscms/store/user/aji/rootfiles_existingOptimization/WbHt_8000_3000_pt400_ak14_ca8_th85.root,nan,nan,nan,nan,nan,nan,nan,nan,nan,nan,nan,nan,nan,nan,nan,nan,nan,nan,nan,nan,nan
WbHt_8000_3000,WbHt,8000,3000,85,400,1.4,1.0,/eos/uscms/store/user/aji/rootfiles_existingOptimization/WbHt_8000_3000_pt400_ak14_ca10_th85.root,failed,/eos/uscms/store/user/aji/rootfiles_existingOptimization/WbHt_8000_3000_pt400_ak14_ca10_th85.root,nan,nan,nan,nan,nan,nan,nan,nan,nan,nan,nan,nan,nan,nan,nan,nan,nan,nan,nan,nan,nan
WbHt_8000_3000,WbHt,8000,3000,85,400,1.6,0.4,/eos/uscms/store/user/aji/rootfiles_existingOptimization/WbHt_8000_3000_pt400_ak16_ca4_th85.root,failed,/eos/uscms/store/user/aji/rootfiles_existingOptimization/WbHt_8000_3000_pt400_ak16_ca4_th85.root,nan,nan,nan,nan,nan,nan,nan,nan,nan,nan,nan,nan,nan,nan,nan,nan,nan,nan,nan,nan,nan
WbHt_8000_3000,WbHt,8000,3000,85,400,1.6,0.6,/eos/uscms/store/user/aji/rootfiles_existingOptimization/WbHt_8000_3000_pt400_ak16_ca6_th85.root,failed,/eos/uscms/store/user/aji/rootfiles_existingOptimization/WbHt_8000_3000_pt400_ak16_ca6_th85.root,nan,nan,nan,nan,nan,nan,nan,nan,nan,nan,nan,nan,nan,nan,nan,nan,nan,nan,nan,nan,nan
WbHt_8000_3000,WbHt,8000,3000,85,400,1.6,0.8,/eos/uscms/store/user/aji/rootfiles_existingOptimization/WbHt_8000_3000_pt400_ak16_ca8_th85.root,failed,/eos/uscms/store/user/aji/rootfiles_existingOptimization/WbHt_8000_3000_pt400_ak16_ca8_th85.root,nan,nan,nan,nan,nan,nan,nan,nan,nan,nan,nan,nan,nan,nan,nan,nan,nan,nan,nan,nan,nan
WbHt_8000_3000,WbHt,8000,3000,85,400,1.6,1.0,/eos/uscms/store/user/aji/rootfiles_existingOptimization/WbHt_8000_3000_pt400_ak16_ca10_th85.root,failed,/eos/uscms/store/user/aji/rootfiles_existingOptimization/WbHt_8000_3000_pt400_ak16_ca10_th85.root,nan,nan,nan,nan,nan,nan,nan,nan,nan,nan,nan,nan,nan,nan,nan,nan,nan,nan,nan,nan,nan
WbHt_8000_3000,WbHt,8000,3000,85,400,1.6,1.2,/eos/uscms/store/user/aji/rootfiles_existingOptimization/WbHt_8000_3000_pt400_ak16_ca12_th85.root,failed,/eos/uscms/store/user/aji/rootfiles_existingOptimization/WbHt_8000_3000_pt400_ak16_ca12_th85.root,nan,nan,nan,nan,nan,nan,nan,nan,nan,nan,nan,nan,nan,nan,nan,nan,nan,nan,nan,nan,nan
