sample,decay,suu_mass,chi_mass,th_code,pt_cut,ak_radius,ca_radius,filename,status,error,n_events,n_valid_events,reconstruction_efficiency,reconstruction_efficiency_err,f_low_event,f_low_event_err,f_low_chi,f_peak_chi,f_peak_event_both,f_peak_event_both_all,off_peak_event_fraction,off_peak_event_fraction_err,median_mass,q16_mass,q84_mass,median_mass_response,q16_mass_response,q84_mass_response,robust_resolution,median_mass_asymmetry,balanced_score
WbZt_6000_2000,WbZt,6000,2000,85,120,0.6,0.4,/eos/uscms/store/user/aji/rootfiles_existingOptimization/WbZt_6000_2000_pt120_ak6_ca4_th85.root,ok,,1000,1000,1.0,0.0,0.027,0.00512552436341883,0.0145,0.848,0.798,0.798,0.20199999999999996,0.01269629867323544,1924.0916486530614,1660.0716054594675,2317.3569987320357,0.9620458243265307,0.8300358027297339,1.158678499366018,0.1708040762332432,0.00398143599249713,0.3765994938005901
WbZt_6000_2000,WbZt,6000,2000,85,140,0.6,0.4,/eos/uscms/store/user/aji/rootfiles_existingOptimization/WbZt_6000_2000_pt140_ak6_ca4_th85.root,ok,,1000,1000,1.0,0.0,0.042,0.0063431853196954605,0.023,0.839,0.778,0.778,0.22199999999999998,0.013142145943490354,1910.0852430892896,1613.8125573903687,2289.331661042078,0.9550426215446448,0.8069062786951844,1.1446658305210389,0.17682956980473644,0.00756714468362494,0.40332530765027197
WbZt_6000_2000,WbZt,6000,2000,85,100,0.4,0.4,/eos/uscms/store/user/aji/rootfiles_existingOptimization/WbZt_6000_2000_pt100_ak4_ca4_th85.root,ok,,1000,1000,1.0,0.0,0.041,0.006270486424512854,0.022,0.834,0.765,0.765,0.235,0.013408019988051927,1847.9770843176016,1556.8521779895168,2283.596847205927,0.9239885421588008,0.7784260889947584,1.1417984236029635,0.1966324894891144,0.03652785109914736,0.43923363527323434
WbZt_6000_2000,WbZt,6000,2000,85,180,0.6,0.4,/eos/uscms/store/user/aji/rootfiles_existingOptimization/WbZt_6000_2000_pt180_ak6_ca4_th85.root,ok,,1000,1000,1.0,0.0,0.072,0.008174105455644672,0.04,0.823,0.75,0.75,0.25,0.013693063937629153,1893.1575853196014,1520.5017659392881,2233.2531658717917,0.9465787926598006,0.760250882969644,1.1166265829358957,0.18824407578626826,0.011132432232846039,0.4435861965202882
WbZt_6000_2000,WbZt,6000,2000,85,100,0.6,0.6,/eos/uscms/store/user/aji/rootfiles_existingOptimization/WbZt_6000_2000_pt100_ak6_ca6_th85.root,ok,,1000,1000,1.0,0.0,0.05,0.006892024376045111,0.0255,0.8155,0.738,0.738,0.262,0.013905250806799567,1931.7617407179632,1654.119714265568,2407.599060609689,0.9658808703589816,0.8270598571327841,1.2037995303048443,0.19502388168845308,0.03743048135231372,0.4604357946525549
WbZt_6000_2000,WbZt,6000,2000,85,100,0.8,0.6,/eos/uscms/store/user/aji/rootfiles_existingOptimization/WbZt_6000_2000_pt100_ak8_ca6_th85.root,ok,,1000,1000,1.0,0.0,0.02,0.004427188724235731,0.01,0.786,0.737,0.737,0.263,0.013922320208930694,2027.4424726495922,1773.6539187253738,2572.7630766134207,1.013721236324796,0.8868269593626869,1.2863815383067105,0.19707320150093338,0.007547377120822398,0.461445325133413
WbZt_6000_2000,WbZt,6000,2000,85,200,0.6,0.4,/eos/uscms/store/user/aji/rootfiles_existingOptimization/WbZt_6000_2000_pt200_ak6_ca4_th85.root,ok,,1000,1000,1.0,0.0,0.095,0.00927227048785787,0.053,0.807,0.728,0.728,0.272,0.014071815803228808,1886.54427668778,1474.0935351029839,2184.8841440093274,0.94327213834389,0.737046767551492,1.0924420720046637,0.1883842901779872,0.012911439600628037,0.4660570763435982
WbZt_6000_2000,WbZt,6000,2000,85,200,0.8,0.6,/eos/uscms/store/user/aji/rootfiles_existingOptimization/WbZt_6000_2000_pt200_ak8_ca6_th85.root,ok,,1000,1000,1.0,0.0,0.081,0.008627803892068943,0.0435,0.802,0.718,0.718,0.28200000000000003,0.014229406171727618,1965.4926944130507,1610.2452998040487,2343.9989837852595,0.9827463472065253,0.8051226499020243,1.1719994918926298,0.18665897005542664,0.018444733715959605,0.47038433533477414
WbZt_6000_2000,WbZt,6000,2000,85,120,0.4,0.4,/eos/uscms/store/user/aji/rootfiles_existingOptimization/WbZt_6000_2000_pt120_ak4_ca4_th85.root,ok,,1000,1000,1.0,0.0,0.066,0.007851369307324678,0.035,0.813,0.729,0.729,0.271,0.014055568291606,1834.3948897847608,1492.9825217163193,2220.927425830855,0.9171974448923803,0.7464912608581596,1.1104637129154276,0.19841553968784484,0.0414834227084797,0.47769579519860683
WbZt_6000_2000,WbZt,6000,2000,85,120,0.6,0.6,/eos/uscms/store/user/aji/rootfiles_existingOptimization/WbZt_6000_2000_pt120_ak6_ca6_th85.root,ok,,1000,1000,1.0,0.0,0.068,0.007960904471226871,0.035,0.808,0.722,0.722,0.278,0.01416742743055351,1910.6343551916361,1626.249491115268,2378.1436712794743,0.955317177595818,0.8131247455576339,1.1890718356397374,0.19676558681181888,0.039888481589364165,0.4792338690522371
WbZt_6000_2000,WbZt,6000,2000,85,100,0.4,0.6,/eos/uscms/store/user/aji/rootfiles_existingOptimization/WbZt_6000_2000_pt100_ak4_ca6_th85.root,ok,,1000,1000,1.0,0.0,0.066,0.007851369307324678,0.0345,0.8095,0.722,0.722,0.278,0.01416742743055351,1845.2448136649564,1517.7020697422622,2288.9419995441176,0.9226224068324782,0.758851034871131,1.1444709997720586,0.20898038138095268,0.042395792329392015,0.4947181406977049
WbZt_6000_2000,WbZt,6000,2000,85,220,0.8,0.6,/eos/uscms/store/user/aji/rootfiles_existingOptimization/WbZt_6000_2000_pt220_ak8_ca6_th85.root,ok,,1000,1000,1.0,0.0,0.098,0.009401914698613257,0.0535,0.788,0.697,0.697,0.30300000000000005,0.014532412050310162,1959.1503651875605,1533.8778429317565,2329.576934410304,0.9795751825937803,0.7669389214658783,1.164788467205152,0.20307249142726488,0.020477661997677532,0.5081149731678869
WbZt_6000_2000,WbZt,6000,2000,85,140,0.4,0.4,/eos/uscms/store/user/aji/rootfiles_existingOptimization/WbZt_6000_2000_pt140_ak4_ca4_th85.root,ok,,1000,1000,1.0,0.0,0.09,0.009049861877399014,0.0485,0.7985,0.708,0.708,0.29200000000000004,0.014378317008607092,1824.9308772749382,1442.1814367626348,2200.1793739036984,0.9124654386374691,0.7210907183813173,1.1000896869518493,0.20767853363107583,0.046795049806871006,0.508431989767329
WbZt_6000_2000,WbZt,6000,2000,85,180,1.0,0.8,/eos/uscms/store/user/aji/rootfiles_existingOptimization/WbZt_6000_2000_pt180_ak10_ca8_th85.root,ok,,1000,1000,1.0,0.0,0.067,0.007906389820898032,0.034,0.76,0.679,0.679,0.32099999999999995,0.0147634345597493,2060.3487466353276,1734.3197898784204,2540.2200417157587,1.0301743733176638,0.8671598949392102,1.2701100208578793,0.19557374768553656,0.021386857603472205,0.519591185017303
WbZt_6000_2000,WbZt,6000,2000,85,160,1.0,0.8,/eos/uscms/store/user/aji/rootfiles_existingOptimization/WbZt_6000_2000_pt160_ak10_ca8_th85.root,ok,,1000,1000,1.0,0.0,0.056,0.007270763371201128,0.028,0.756,0.68,0.68,0.31999999999999995,0.014751271131668619,2074.2453306001294,1758.8074768746894,2579.1688948339192,1.0371226653000647,0.8794037384373447,1.2895844474169598,0.1977493707848627,0.01854533414656458,0.521461637314869
WbZt_6000_2000,WbZt,6000,2000,85,200,1.0,0.8,/eos/uscms/store/user/aji/rootfiles_existingOptimization/WbZt_6000_2000_pt200_ak10_ca8_th85.root,ok,,1000,1000,1.0,0.0,0.08,0.008579044235810887,0.041,0.7635,0.676,0.676,0.32399999999999995,0.014799459449588015,2050.6642502893355,1690.606231292087,2492.576917948914,1.0253321251446676,0.8453031156460435,1.246288458974457,0.19553924698879252,0.024874269854103126,0.5220724595032592
WbZt_6000_2000,WbZt,6000,2000,85,240,0.6,0.4,/eos/uscms/store/user/aji/rootfiles_existingOptimization/WbZt_6000_2000_pt240_ak6_ca4_th85.root,ok,,1000,1000,1.0,0.0,0.133,0.010738295954200556,0.0775,0.786,0.694,0.694,0.30600000000000005,0.014572714228996602,1870.0505332059047,1324.8751774411544,2119.9246593913463,0.9350252666029524,0.6624375887205772,1.059962329695673,0.2125743309693363,0.01861430427484253,0.5250718043090411
WbZt_6000_2000,WbZt,6000,2000,85,140,0.8,0.8,/eos/uscms/store/user/aji/rootfiles_existingOptimization/WbZt_6000_2000_pt140_ak8_ca8_th85.root,ok,,1000,1000,1.0,0.0,0.096,0.009315793041926168,0.048,0.772,0.684,0.684,0.31599999999999995,0.014701836619960105,1983.7195067211555,1653.4500395262526,2500.587384395657,0.9918597533605777,0.8267250197631263,1.2502936921978287,0.21352246171879882,0.0410029951701853,0.530336486382741
WbZt_6000_2000,WbZt,6000,2000,85,120,0.4,0.6,/eos/uscms/store/user/aji/rootfiles_existingOptimization/WbZt_6000_2000_pt120_ak4_ca6_th85.root,ok,,1000,1000,1.0,0.0,0.096,0.009315793041926168,0.05,0.791,0.69,0.69,0.31000000000000005,0.014625320509308506,1831.4392841080148,1451.643783320562,2239.553910752995,0.9157196420540075,0.7258218916602811,1.1197769553764974,0.21510681087529926,0.04884238880587245,0.5335348466698986
WbZt_6000_2000,WbZt,6000,2000,85,240,0.8,0.6,/eos/uscms/store/user/aji/rootfiles_existingOptimization/WbZt_6000_2000_pt240_ak8_ca6_th85.root,ok,,1000,1000,1.0,0.0,0.112,0.00997276290703835,0.062,0.7775,0.677,0.677,0.32299999999999995,0.014787528529135624,1951.678896139716,1485.789462797562,2304.998156699818,0.975839448069858,0.742894731398781,1.152499078349909,0.20987281655875697,0.022862401840234928,0.5352888717517711
WbZt_6000_2000,WbZt,6000,2000,85,160,0.8,0.8,/eos/uscms/store/user/aji/rootfiles_existingOptimization/WbZt_6000_2000_pt160_ak8_ca8_th85.root,ok,,1000,1000,1.0,0.0,0.118,0.01020176455325254,0.059,0.771,0.679,0.679,0.32099999999999995,0.0147634345597493,1974.478043385866,1633.400970152476,2475.3885920470966,0.987239021692933,0.816700485076238,1.2376942960235482,0.213217772847645,0.04478192812890795,0.5354938706783516
WbZt_6000_2000,WbZt,6000,2000,85,120,0.8,0.8,/eos/uscms/store/user/aji/rootfiles_existingOptimization/WbZt_6000_2000_pt120_ak8_ca8_th85.root,ok,,1000,1000,1.0,0.0,0.065,0.007795832219846705,0.0325,0.763,0.678,0.678,0.32199999999999995,0.014775520295407536,1998.1215212388086,1700.6006350045184,2555.390040094781,0.9990607606194042,0.8503003175022591,1.2776950200473904,0.213898252935163,0.03798722305882346,0.5359921768732225
WbZt_6000_2000,WbZt,6000,2000,85,220,1.0,0.8,/eos/uscms/store/user/aji/rootfiles_existingOptimization/WbZt_6000_2000_pt220_ak10_ca8_th85.root,ok,,1000,1000,1.0,0.0,0.093,0.009184280047995052,0.048,0.7605,0.668,0.668,0.33199999999999996,0.014892145580808697,2042.536585019509,1649.302914017277,2476.869716258844,1.0212682925097547,0.8246514570086386,1.2384348581294222,0.2025831038501723,0.026245034115376792,0.5367099331011478
WbZt_6000_2000,WbZt,6000,2000,85,140,1.0,0.8,/eos/uscms/store/user/aji/rootfiles_existingOptimization/WbZt_6000_2000_pt140_ak10_ca8_th85.root,ok,,1000,1000,1.0,0.0,0.039,0.006122009474020765,0.0195,0.739,0.668,0.668,0.33199999999999996,0.014892145580808697,2092.4822434773014,1789.95438122745,2664.3701872422403,1.0462411217386505,0.8949771906137249,1.3321850936211201,0.20894222848019978,0.015398269858443179,0.5455663406540647
WbZt_6000_2000,WbZt,6000,2000,85,120,0.6,0.8,/eos/uscms/store/user/aji/rootfiles_existingOptimization/WbZt_6000_2000_pt120_ak6_ca8_th85.root,ok,,1000,1000,1.0,0.0,0.096,0.009315793041926168,0.049,0.775,0.677,0.677,0.32299999999999995,0.014787528529135624,1909.1095498020954,1564.8916573175668,2398.7509076473607,0.9545547749010477,0.7824458286587834,1.1993754538236803,0.21838957602412976,0.046085460829279376,0.545934098534025
WbZt_6000_2000,WbZt,6000,2000,85,260,0.8,0.6,/eos/uscms/store/user/aji/rootfiles_existingOptimization/WbZt_6000_2000_pt260_ak8_ca6_th85.root,ok,,1000,1000,1.0,0.0,0.129,0.010599952830083727,0.0715,0.773,0.668,0.668,0.33199999999999996,0.014892145580808697,1946.3378399481053,1429.248115144899,2261.2325861168165,0.9731689199740526,0.7146240575724495,1.130616293058408,0.21373074445135898,0.026208141650365505,0.5484138524539537
WbZt_6000_2000,WbZt,6000,2000,85,160,0.4,0.4,/eos/uscms/store/user/aji/rootfiles_existingOptimization/WbZt_6000_2000_pt160_ak4_ca4_th85.root,ok,,1000,1000,1.0,0.0,0.123,0.010386096475577337,0.066,0.78,0.68,0.68,0.31999999999999995,0.014751271131668619,1810.9116476782697,1377.3805082988647,2181.303559072859,0.9054558238391348,0.6886902541494323,1.0906517795364297,0.22196639239818436,0.054263377510577665,0.5514208100142708
WbZt_6000_2000,WbZt,6000,2000,85,100,0.8,0.8,/eos/uscms/store/user/aji/rootfiles_existingOptimization/WbZt_6000_2000_pt100_ak8_ca8_th85.root,ok,,1000,1000,1.0,0.0,0.046,0.006624499981130651,0.023,0.745,0.672,0.672,0.32799999999999996,0.014846413708367418,2029.9331955756552,1736.1693710616298,2667.3410136852226,1.0149665977878275,0.8680846855308149,1.3336705068426111,0.2293601692541236,0.03529210505214481,0.5588568290329063
WbZt_6000_2000,WbZt,6000,2000,85,180,0.6,0.6,/eos/uscms/store/user/aji/rootfiles_existingOptimization/WbZt_6000_2000_pt180_ak6_ca6_th85.root,ok,,1000,1000,1.0,0.0,0.146,0.011166198995181842,0.0765,0.7785,0.673,0.673,0.32699999999999996,0.014834790190629592,1887.5459755660463,1454.6406719216789,2310.228071885907,0.9437729877830232,0.7273203359608394,1.1551140359429537,0.22664014838304822,0.051290139227272505,0.5592628496047458
WbZt_6000_2000,WbZt,6000,2000,85,180,0.8,0.8,/eos/uscms/store/user/aji/rootfiles_existingOptimization/WbZt_6000_2000_pt180_ak8_ca8_th85.root,ok,,1000,1000,1.0,0.0,0.144,0.011102432165971562,0.073,0.7575,0.657,0.657,0.34299999999999997,0.015011695440555674,1970.4836639909445,1595.6844865389232,2453.8274210759632,0.9852418319954722,0.7978422432694616,1.2269137105379817,0.21774931460202754,0.04875415919383516,0.5622251314024803
WbZt_6000_2000,WbZt,6000,2000,85,260,0.6,0.4,/eos/uscms/store/user/aji/rootfiles_existingOptimization/WbZt_6000_2000_pt260_ak6_ca4_th85.root,ok,,1000,1000,1.0,0.0,0.152,0.011353237423748346,0.0885,0.7695,0.67,0.67,0.32999999999999996,0.014869431730903503,1863.5221348198188,1231.750103390652,2108.567339023654,0.9317610674099095,0.615875051695326,1.054283669511827,0.23525806837754037,0.021590316469416906,0.5720819616365493
WbZt_6000_2000,WbZt,6000,2000,85,140,0.6,0.8,/eos/uscms/store/user/aji/rootfiles_existingOptimization/WbZt_6000_2000_pt140_ak6_ca8_th85.root,ok,,1000,1000,1.0,0.0,0.127,0.010529529904036551,0.065,0.7645,0.659,0.659,0.34099999999999997,0.014990630407024249,1897.397333985381,1505.7964162670482,2375.0826933652256,0.9486986669926905,0.7528982081335241,1.1875413466826128,0.22907333680929345,0.05264054668039317,0.5752034701100244
WbZt_6000_2000,WbZt,6000,2000,85,200,0.8,0.8,/eos/uscms/store/user/aji/rootfiles_existingOptimization/WbZt_6000_2000_pt200_ak8_ca8_th85.root,ok,,1000,1000,1.0,0.0,0.161,0.011622349160131096,0.0825,0.7535,0.65,0.65,0.35,0.015083103128998356,1962.0095197016294,1519.5219658886874,2427.963518623017,0.9810047598508147,0.7597609829443437,1.2139817593115083,0.23150793704417896,0.050332953328080854,0.5834074610590975
WbZt_6000_2000,WbZt,6000,2000,85,200,0.6,0.6,/eos/uscms/store/user/aji/rootfiles_existingOptimization/WbZt_6000_2000_pt200_ak6_ca6_th85.root,ok,,1000,1000,1.0,0.0,0.172,0.011933817494833746,0.091,0.7675,0.655,0.655,0.345,0.015032464867745409,1879.1885419740452,1399.35804771066,2296.302721641164,0.9395942709870226,0.6996790238553301,1.1481513608205822,0.23865212401419925,0.05243632949595638,0.589692696915497
WbZt_6000_2000,WbZt,6000,2000,85,280,0.8,0.6,/eos/uscms/store/user/aji/rootfiles_existingOptimization/WbZt_6000_2000_pt280_ak8_ca6_th85.root,ok,,1000,1000,1.0,0.0,0.15,0.011291589790636216,0.0845,0.7565,0.646,0.646,0.354,0.015122301412152848,1938.5820334461873,1324.2481967564524,2241.101464894988,0.9692910167230936,0.6621240983782262,1.120550732447494,0.23647523094719383,0.028339704099460544,0.5935461292748845
WbZt_6000_2000,WbZt,6000,2000,85,160,0.6,0.8,/eos/uscms/store/user/aji/rootfiles_existingOptimization/WbZt_6000_2000_pt160_ak6_ca8_th85.root,ok,,1000,1000,1.0,0.0,0.152,0.011353237423748346,0.0785,0.7595,0.65,0.65,0.35,0.015083103128998356,1888.9289647678347,1440.6722159044261,2341.4585555366066,0.9444644823839174,0.720336107952213,1.1707292777683034,0.23843838398202943,0.05390889135703332,0.5939919357436376
WbZt_6000_2000,WbZt,6000,2000,85,180,0.4,0.4,/eos/uscms/store/user/aji/rootfiles_existingOptimization/WbZt_6000_2000_pt180_ak4_ca4_th85.root,ok,,1000,1000,1.0,0.0,0.16,0.01159310139695155,0.0885,0.76,0.649,0.649,0.351,0.015093011627902497,1791.4074780767257,1297.1647737253852,2132.777904774244,0.8957037390383629,0.6485823868626927,1.066388952387122,0.233228101723116,0.05909404467964578,0.5946577278192797
WbZt_6000_2000,WbZt,6000,2000,85,120,0.4,0.8,/eos/uscms/store/user/aji/rootfiles_existingOptimization/WbZt_6000_2000_pt120_ak4_ca8_th85.root,ok,,1000,1000,1.0,0.0,0.135,0.010806248192596726,0.0695,0.7615,0.652,0.652,0.348,0.015063067416698366,1831.873200171498,1391.8254996019527,2281.305873438752,0.915936600085749,0.6959127498009763,1.1406529367193758,0.24277891443401403,0.05579194683505783,0.5991852544254391
WbZt_6000_2000,WbZt,6000,2000,85,260,1.0,0.8,/eos/uscms/store/user/aji/rootfiles_existingOptimization/WbZt_6000_2000_pt260_ak10_ca8_th85.root,ok,,1000,1000,1.0,0.0,0.123,0.010386096475577337,0.0655,0.7385,0.633,0.633,0.367,0.015241751867813621,2026.685579427683,1483.8439436792682,2439.680314871352,1.0133427897138414,0.741921971839634,1.219840157435676,0.2358126936152581,0.03132098953820127,0.6041469725866423
WbZt_6000_2000,WbZt,6000,2000,85,140,0.8,1.0,/eos/uscms/store/user/aji/rootfiles_existingOptimization/WbZt_6000_2000_pt140_ak8_ca10_th85.root,ok,,1000,1000,1.0,0.0,0.12,0.010276186062932104,0.06,0.729,0.633,0.633,0.367,0.015241751867813621,1982.2028537411834,1581.1335141595646,2529.4227997849944,0.9911014268705917,0.7905667570797822,1.2647113998924973,0.23920086782128316,0.04949320174565815,0.607090725134224
WbZt_6000_2000,WbZt,6000,2000,85,220,0.6,0.6,/eos/uscms/store/user/aji/rootfiles_existingOptimization/WbZt_6000_2000_pt220_ak6_ca6_th85.root,ok,,1000,1000,1.0,0.0,0.194,0.012504559168559283,0.105,0.761,0.644,0.644,0.356,0.015141466243399283,1872.7519362477822,1336.043733091337,2257.171533804685,0.9363759681238911,0.6680218665456684,1.1285857669023425,0.24592894095704582,0.05402227005169889,0.6082913441446567
WbZt_6000_2000,WbZt,6000,2000,85,120,0.8,1.0,/eos/uscms/store/user/aji/rootfiles_existingOptimization/WbZt_6000_2000_pt120_ak8_ca10_th85.root,ok,,1000,1000,1.0,0.0,0.086,0.008865889690267977,0.043,0.726,0.631,0.631,0.369,0.015259062880793171,1996.6338431486517,1617.6256568764916,2577.785454177434,0.9983169215743258,0.8088128284382459,1.288892727088717,0.24044463650550701,0.047481292843741606,0.6096129443480744
WbZt_6000_2000,WbZt,6000,2000,85,180,0.6,0.8,/eos/uscms/store/user/aji/rootfiles_existingOptimization/WbZt_6000_2000_pt180_ak6_ca8_th85.root,ok,,1000,1000,1.0,0.0,0.174,0.011988494484296182,0.09,0.752,0.638,0.638,0.362,0.015197236590906913,1885.9040221057849,1394.2369318588237,2319.4020318735984,0.9429520110528924,0.697118465929412,1.159701015936799,0.2452842480768832,0.05694400517813764,0.612989046971594
WbZt_6000_2000,WbZt,6000,2000,85,160,0.8,1.0,/eos/uscms/store/user/aji/rootfiles_existingOptimization/WbZt_6000_2000_pt160_ak8_ca10_th85.root,ok,,1000,1000,1.0,0.0,0.141,0.011005407761641547,0.0705,0.7295,0.63,0.63,0.37,0.015267612779999367,1972.063263718649,1529.6427775747377,2505.12558885794,0.9860316318593245,0.7648213887873688,1.25256279442897,0.24732543555518832,0.054531495014813317,0.6187222723692558
WbZt_6000_2000,WbZt,6000,2000,85,100,0.6,1.0,/eos/uscms/store/user/aji/rootfiles_existingOptimization/WbZt_6000_2000_pt100_ak6_ca10_th85.root,ok,,1000,1000,1.0,0.0,0.109,0.00985489725973843,0.055,0.7375,0.634,0.634,0.366,0.01523299051401267,1927.0278617930478,1500.497463772735,2471.8480536058782,0.9635139308965239,0.7502487318863674,1.235924026802939,0.2520333538222243,0.05700716240861098,0.6216819607325719
WbZt_6000_2000,WbZt,6000,2000,85,220,0.8,0.8,/eos/uscms/store/user/aji/rootfiles_existingOptimization/WbZt_6000_2000_pt220_ak8_ca8_th85.root,ok,,1000,1000,1.0,0.0,0.189,0.012380589646701001,0.098,0.7405,0.63,0.63,0.37,0.015267612779999367,1953.2850902536754,1420.7233756097753,2410.0175138132604,0.9766425451268377,0.7103616878048876,1.2050087569066301,0.25323854237657756,0.052627306209523536,0.6255742878638938
WbZt_6000_2000,WbZt,6000,2000,85,120,1.0,0.8,/eos/uscms/store/user/aji/rootfiles_existingOptimization/WbZt_6000_2000_pt120_ak10_ca8_th85.root,ok,,1000,1000,1.0,0.0,0.027,0.00512552436341883,0.0135,0.691,0.633,0.633,0.367,0.015241751867813621,2118.126783634768,1834.3708701125947,2907.346601917678,1.059063391817384,0.9171854350562975,1.453673300958839,0.2532841140802311,0.013956126325773914,0.6261904532619695
WbZt_6000_2000,WbZt,6000,2000,85,100,0.8,1.0,/eos/uscms/store/user/aji/rootfiles_existingOptimization/WbZt_6000_2000_pt100_ak8_ca10_th85.root,ok,,1000,1000,1.0,0.0,0.066,0.007851369307324678,0.033,0.7125,0.625,0.625,0.375,0.015309310892394862,2029.2260566155035,1671.4469618187388,2692.901451481345,1.014613028307752,0.8357234809093694,1.3464507257406724,0.2516857316937534,0.04237545678265615,0.6281470345245286
WbZt_6000_2000,WbZt,6000,2000,85,280,0.6,0.4,/eos/uscms/store/user/aji/rootfiles_existingOptimization/WbZt_6000_2000_pt280_ak6_ca4_th85.root,ok,,1000,1000,1.0,0.0,0.17,0.011878552100319299,0.1,0.754,0.647,0.647,0.353,0.015112610628213776,1858.4709475422492,1089.8861781618402,2096.5257958126836,0.9292354737711246,0.54494308908092,1.048262897906342,0.2708246849330852,0.024708021999846883,0.6309011375559728
WbZt_6000_2000,WbZt,6000,2000,85,280,1.0,0.8,/eos/uscms/store/user/aji/rootfiles_existingOptimization/WbZt_6000_2000_pt280_ak10_ca8_th85.root,ok,,1000,1000,1.0,0.0,0.135,0.010806248192596726,0.073,0.7285,0.621,0.621,0.379,0.015341414537127925,2021.3999960538185,1389.1898091198693,2413.988335845742,1.0106999980269094,0.6945949045599347,1.206994167922871,0.25348731788030243,0.03331797511766952,0.6335573176829934
WbZt_6000_2000,WbZt,6000,2000,85,240,0.6,0.6,/eos/uscms/store/user/aji/rootfiles_existingOptimization/WbZt_6000_2000_pt240_ak6_ca6_th85.root,ok,,1000,1000,1.0,0.0,0.216,0.013013224043256921,0.1185,0.7535,0.632,0.632,0.368,0.015250442616527561,1866.436990180242,1241.5792411152102,2220.5114323245048,0.933218495090121,0.6207896205576051,1.1102557161622526,0.2622462468220691,0.05839300308481022,0.636924397313057
WbZt_6000_2000,WbZt,6000,2000,85,300,0.8,0.6,/eos/uscms/store/user/aji/rootfiles_existingOptimization/WbZt_6000_2000_pt300_ak8_ca6_th85.root,ok,,1000,1000,1.0,0.0,0.166,0.011766222843376714,0.0965,0.7425,0.627,0.627,0.373,0.015292841462592882,1933.6354727652083,1165.1200073976893,2233.750320939805,0.966817736382604,0.5825600036988446,1.1168751604699025,0.27632672460593466,0.030747217047558773,0.6526449509676743
WbZt_6000_2000,WbZt,6000,2000,85,220,1.2,1.0,/eos/uscms/store/user/aji/rootfiles_existingOptimization/WbZt_6000_2000_pt220_ak12_ca10_th85.root,ok,,1000,1000,1.0,0.0,0.082,0.008676174272108648,0.0415,0.69,0.585,0.585,0.41500000000000004,0.015581238718407468,2141.9662951872506,1642.9714159748362,2632.9529708850864,1.0709831475936253,0.821485707987418,1.3164764854425433,0.23109176767501521,0.034960479042065964,0.6531900824343777
WbZt_6000_2000,WbZt,6000,2000,85,200,0.6,0.8,/eos/uscms/store/user/aji/rootfiles_existingOptimization/WbZt_6000_2000_pt200_ak6_ca8_th85.root,ok,,1000,1000,1.0,0.0,0.202,0.012696298673235441,0.1055,0.7405,0.619,0.619,0.381,0.015357050498061143,1877.7022048577674,1305.233917097864,2305.041584620321,0.9388511024288836,0.652616958548932,1.1525207923101604,0.26623169130223995,0.05944333124954955,0.6533465810593516
WbZt_6000_2000,WbZt,6000,2000,85,160,1.0,1.0,/eos/uscms/store/user/aji/rootfiles_existingOptimization/WbZt_6000_2000_pt160_ak10_ca10_th85.root,ok,,1000,1000,1.0,0.0,0.121,0.010313049985334114,0.0605,0.6905,0.593,0.593,0.40700000000000003,0.015535475531827148,2066.824983752961,1669.249514547784,2676.260517240502,1.0334124918764807,0.834624757273892,1.338130258620251,0.2436130322133463,0.05154587429022172,0.6539542814009944
WbZt_6000_2000,WbZt,6000,2000,85,180,0.4,0.6,/eos/uscms/store/user/aji/rootfiles_existingOptimization/WbZt_6000_2000_pt180_ak4_ca6_th85.root,ok,,1000,1000,1.0,0.0,0.192,0.012455360291858283,0.1045,0.7395,0.618,0.618,0.382,0.01536476488593301,1790.6004692112042,1217.1386177034865,2156.469787842574,0.8953002346056022,0.6085693088517432,1.078234893921287,0.26229501954528184,0.06725293570956767,0.6547649960847216
WbZt_6000_2000,WbZt,6000,2000,85,200,1.2,1.0,/eos/uscms/store/user/aji/rootfiles_existingOptimization/WbZt_6000_2000_pt200_ak12_ca10_th85.root,ok,,1000,1000,1.0,0.0,0.074,0.00827792244467173,0.0375,0.682,0.583,0.583,0.41700000000000004,0.015592017188292218,2153.3772836161543,1716.0881420475741,2707.512190219688,1.0766886418080772,0.858044071023787,1.353756095109844,0.23020212382551494,0.0339870990894969,0.6548709880063227
WbZt_6000_2000,WbZt,6000,2000,85,240,0.8,0.8,/eos/uscms/store/user/aji/rootfiles_existingOptimization/WbZt_6000_2000_pt240_ak8_ca8_th85.root,ok,,1000,1000,1.0,0.0,0.212,0.012925014506761685,0.111,0.7335,0.615,0.615,0.385,0.015387494922826133,1944.9837045776367,1339.7246796501709,2385.1088269472025,0.9724918522888184,0.6698623398250855,1.1925544134736012,0.26873853617299126,0.05500268498912846,0.6564893509441094
WbZt_6000_2000,WbZt,6000,2000,85,180,0.8,1.0,/eos/uscms/store/user/aji/rootfiles_existingOptimization/WbZt_6000_2000_pt180_ak8_ca10_th85.root,ok,,1000,1000,1.0,0.0,0.167,0.01179453263168999,0.0845,0.7185,0.61,0.61,0.39,0.01542400726140908,1966.9715833346659,1451.2501573048307,2502.7629442612683,0.983485791667333,0.7256250786524153,1.2513814721306342,0.2672923177603249,0.05726014701908241,0.6589437385935917
WbZt_6000_2000,WbZt,6000,2000,85,120,0.6,1.0,/eos/uscms/store/user/aji/rootfiles_existingOptimization/WbZt_6000_2000_pt120_ak6_ca10_th85.root,ok,,1000,1000,1.0,0.0,0.128,0.010564847372300274,0.065,0.725,0.614,0.614,0.386,0.015394934231752989,1903.9664217243794,1431.6709582649232,2454.5897182188874,0.9519832108621897,0.7158354791324616,1.2272948591094437,0.2686283613729726,0.05936393222283311,0.6594300402867537
WbZt_6000_2000,WbZt,6000,2000,85,180,1.0,1.0,/eos/uscms/store/user/aji/rootfiles_existingOptimization/WbZt_6000_2000_pt180_ak10_ca10_th85.root,ok,,1000,1000,1.0,0.0,0.14,0.010972693379476163,0.0705,0.6915,0.592,0.592,0.40800000000000003,0.015541428505771277,2055.169320765809,1591.675930109888,2628.3029107126736,1.0275846603829044,0.7958379650549441,1.314151455356337,0.252199896652922,0.053714173335778104,0.6629583626912124
WbZt_6000_2000,WbZt,6000,2000,85,100,0.4,1.0,/eos/uscms/store/user/aji/rootfiles_existingOptimization/WbZt_6000_2000_pt100_ak4_ca10_th85.root,ok,,1000,1000,1.0,0.0,0.14,0.010972693379476163,0.0715,0.7285,0.618,0.618,0.382,0.01536476488593301,1844.9409801256552,1343.5764194461276,2367.5512189380356,0.9224704900628276,0.6717882097230637,1.1837756094690177,0.2775088229169713,0.0620637413567922,0.6672617739106885
WbZt_6000_2000,WbZt,6000,2000,85,200,0.4,0.4,/eos/uscms/store/user/aji/rootfiles_existingOptimization/WbZt_6000_2000_pt200_ak4_ca4_th85.root,ok,,1000,1000,1.0,0.0,0.204,0.01274299807737567,0.114,0.7395,0.62,0.62,0.38,0.015349267083479915,1781.0624971290126,1137.0049062857697,2125.148588612906,0.8905312485645063,0.5685024531428848,1.0625742943064533,0.2774028659634284,0.06350552970995305,0.6683497411069778
WbZt_6000_2000,WbZt,6000,2000,85,140,1.0,1.0,/eos/uscms/store/user/aji/rootfiles_existingOptimization/WbZt_6000_2000_pt140_ak10_ca10_th85.root,ok,,1000,1000,1.0,0.0,0.093,0.009184280047995052,0.0465,0.6835,0.585,0.585,0.41500000000000004,0.015581238718407468,2089.8085972369313,1717.6049763814992,2769.226652635573,1.0449042986184658,0.8588024881907497,1.3846133263177864,0.25160717532803945,0.04823078518930491,0.671097605189886
WbZt_6000_2000,WbZt,6000,2000,85,240,1.2,1.0,/eos/uscms/store/user/aji/rootfiles_existingOptimization/WbZt_6000_2000_pt240_ak12_ca10_th85.root,ok,,1000,1000,1.0,0.0,0.089,0.00900438781928011,0.0455,0.6865,0.577,0.577,0.42300000000000004,0.015622771841129857,2135.045104681076,1568.5921823039869,2624.076290575932,1.0675225523405378,0.7842960911519934,1.312038145287966,0.24718075181592217,0.03791459730160426,0.6769330070499759
WbZt_6000_2000,WbZt,6000,2000,85,300,1.0,0.8,/eos/uscms/store/user/aji/rootfiles_existingOptimization/WbZt_6000_2000_pt300_ak10_ca8_th85.root,ok,,1000,1000,1.0,0.0,0.153,0.011383804285035824,0.0835,0.722,0.608,0.608,0.392,0.015438134602341048,2012.729542848195,1238.8667341125279,2396.8666727781897,1.0063647714240975,0.6194333670562638,1.1984333363890947,0.2876690370001194,0.03601359949332658,0.6803055141425292
WbZt_6000_2000,WbZt,6000,2000,85,200,1.0,1.0,/eos/uscms/store/user/aji/rootfiles_existingOptimization/WbZt_6000_2000_pt200_ak10_ca10_th85.root,ok,,1000,1000,1.0,0.0,0.16,0.01159310139695155,0.081,0.693,0.587,0.587,0.41300000000000003,0.015570195888298902,2045.729691525541,1503.336637367961,2590.461618632131,1.0228648457627707,0.7516683186839804,1.2952308093160654,0.2657059204272191,0.05663916965800982,0.6809924050034961
WbZt_6000_2000,WbZt,6000,2000,85,220,0.6,0.8,/eos/uscms/store/user/aji/rootfiles_existingOptimization/WbZt_6000_2000_pt220_ak6_ca8_th85.root,ok,,1000,1000,1.0,0.0,0.223,0.01316324428095141,0.119,0.7345,0.609,0.609,0.391,0.015431104950715617,1871.5212323631547,1192.055044509812,2283.8699880662484,0.9357606161815774,0.596027522254906,1.141934994033124,0.29169183995252096,0.06029603583152715,0.6891157783343632
WbZt_6000_2000,WbZt,6000,2000,85,140,0.6,1.0,/eos/uscms/store/user/aji/rootfiles_existingOptimization/WbZt_6000_2000_pt140_ak6_ca10_th85.root,ok,,1000,1000,1.0,0.0,0.157,0.01150439046625244,0.08,0.7155,0.599,0.599,0.401,0.015498354751392161,1892.9298943966953,1356.9043948846715,2441.3968850660513,0.9464649471983477,0.6784521974423358,1.2206984425330256,0.2864587044115079,0.0648101582184118,0.6928122096916731
WbZt_6000_2000,WbZt,6000,2000,85,200,0.8,1.0,/eos/uscms/store/user/aji/rootfiles_existingOptimization/WbZt_6000_2000_pt200_ak8_ca10_th85.root,ok,,1000,1000,1.0,0.0,0.184,0.012253326079069307,0.094,0.7125,0.6,0.6,0.4,0.015491933384829668,1958.9989895771896,1325.9804171066548,2468.946721483581,0.9794994947885949,0.6629902085533274,1.2344733607417906,0.29172202498777516,0.05874452064728068,0.6937720755089156
WbZt_6000_2000,WbZt,6000,2000,85,300,0.6,0.4,/eos/uscms/store/user/aji/rootfiles_existingOptimization/WbZt_6000_2000_pt300_ak6_ca4_th85.root,ok,,1000,1000,1.0,0.0,0.195,0.012528966437819204,0.117,0.736,0.622,0.622,0.378,0.015333492752794452,1847.4787140996775,903.1436490560418,2067.715918878325,0.9237393570498388,0.4515718245280209,1.0338579594391624,0.3151788058326312,0.030052203713934265,0.7008048701276473
WbZt_6000_2000,WbZt,6000,2000,85,260,0.8,0.8,/eos/uscms/store/user/aji/rootfiles_existingOptimization/WbZt_6000_2000_pt260_ak8_ca8_th85.root,ok,,1000,1000,1.0,0.0,0.229,0.013287550564344055,0.1205,0.7275,0.604,0.604,0.396,0.01546557467409472,1937.9572808129337,1173.394415313788,2354.8949675620684,0.9689786404064669,0.586697207656894,1.177447483781034,0.3048314232583766,0.05863365934347013,0.7039335592177299
WbZt_6000_2000,WbZt,6000,2000,85,120,0.4,1.0,/eos/uscms/store/user/aji/rootfiles_existingOptimization/WbZt_6000_2000_pt120_ak4_ca10_th85.root,ok,,1000,1000,1.0,0.0,0.168,0.011822690049223147,0.086,0.7165,0.601,0.601,0.399,0.015485444778888335,1827.187028208673,1224.4240648254051,2312.9317228806703,0.9135935141043365,0.6122120324127025,1.1564658614403351,0.29786432402664603,0.06749397952747802,0.7055049726162124
WbZt_6000_2000,WbZt,6000,2000,85,320,0.8,0.6,/eos/uscms/store/user/aji/rootfiles_existingOptimization/WbZt_6000_2000_pt320_ak8_ca6_th85.root,ok,,1000,1000,1.0,0.0,0.183,0.012227469075814503,0.1075,0.7255,0.606,0.606,0.394,0.015451990163082553,1927.2729166455151,1030.1867731592356,2228.1161324777804,0.9636364583227577,0.5150933865796178,1.1140580662388901,0.3107835296631423,0.033758314952994126,0.7084198838308666
WbZt_6000_2000,WbZt,6000,2000,85,220,1.0,1.0,/eos/uscms/store/user/aji/rootfiles_existingOptimization/WbZt_6000_2000_pt220_ak10_ca10_th85.root,ok,,1000,1000,1.0,0.0,0.177,0.012069424178476784,0.09,0.6885,0.578,0.578,0.42200000000000004,0.015617810345883958,2032.0920918151771,1402.225818096103,2577.2058830408355,1.0160460459075886,0.7011129090480515,1.2886029415204177,0.28910600796029257,0.05975473463709996,0.7127106125510514
WbZt_6000_2000,WbZt,6000,2000,85,260,1.2,1.0,/eos/uscms/store/user/aji/rootfiles_existingOptimization/WbZt_6000_2000_pt260_ak12_ca10_th85.root,ok,,1000,1000,1.0,0.0,0.096,0.009315793041926168,0.0495,0.6785,0.563,0.563,0.43700000000000006,0.01568537535413163,2127.7025618150765,1454.090791094787,2615.544616271656,1.0638512809075382,0.7270453955473934,1.3077723081358281,0.27293613450041376,0.040325603629351225,0.7163212625911677
WbZt_6000_2000,WbZt,6000,2000,85,160,1.2,1.0,/eos/uscms/store/user/aji/rootfiles_existingOptimization/WbZt_6000_2000_pt160_ak12_ca10_th85.root,ok,,1000,1000,1.0,0.0,0.053,0.00708456067798138,0.0265,0.6455,0.555,0.555,0.44499999999999995,0.01571543826942157,2187.5257314004903,1808.7950297276736,2964.1871193237366,1.0937628657002452,0.9043975148638369,1.4820935596618685,0.2640865140489941,0.028250228773321867,0.7184628006190186
WbZt_6000_2000,WbZt,6000,2000,85,160,0.6,1.0,/eos/uscms/store/user/aji/rootfiles_existingOptimization/WbZt_6000_2000_pt160_ak6_ca10_th85.root,ok,,1000,1000,1.0,0.0,0.18,0.012149074038789953,0.0925,0.71,0.591,0.591,0.40900000000000003,0.015547314880711718,1885.7824456066253,1261.6110103357387,2410.7952710346826,0.9428912228033126,0.6308055051678694,1.2053976355173415,0.30469693452079794,0.06582127155564141,0.7194078122404667
WbZt_6000_2000,WbZt,6000,2000,85,260,0.6,0.6,/eos/uscms/store/user/aji/rootfiles_existingOptimization/WbZt_6000_2000_pt260_ak6_ca6_th85.root,ok,,1000,1000,1.0,0.0,0.245,0.013600551459407815,0.1345,0.7425,0.618,0.618,0.382,0.01536476488593301,1858.7098337966281,975.044717154435,2204.763660587352,0.9293549168983141,0.48752235857721754,1.102381830293676,0.3307990631655171,0.05998567737988881,0.7198635714756857
WbZt_6000_2000,WbZt,6000,2000,85,200,0.4,0.6,/eos/uscms/store/user/aji/rootfiles_existingOptimization/WbZt_6000_2000_pt200_ak4_ca6_th85.root,ok,,1000,1000,1.0,0.0,0.235,0.013408019988051927,0.1295,0.722,0.592,0.592,0.40800000000000003,0.015541428505771277,1780.790468990363,1030.121238984266,2142.9259930797457,0.8903952344951815,0.515060619492133,1.0714629965398728,0.31244685252791005,0.07205957954580458,0.7314073290783919
WbZt_6000_2000,WbZt,6000,2000,85,180,0.4,0.8,/eos/uscms/store/user/aji/rootfiles_existingOptimization/WbZt_6000_2000_pt180_ak4_ca8_th85.root,ok,,1000,1000,1.0,0.0,0.23,0.013307892395116516,0.1235,0.7085,0.581,0.581,0.41900000000000004,0.015602531845825537,1788.1020881778495,1104.2574747558367,2190.2073935354115,0.8940510440889249,0.5521287373779183,1.095103696767706,0.30365993249473894,0.07333453197108282,0.7332548280858464
WbZt_6000_2000,WbZt,6000,2000,85,320,1.0,0.8,/eos/uscms/store/user/aji/rootfiles_existingOptimization/WbZt_6000_2000_pt320_ak10_ca8_th85.root,ok,,1000,1000,1.0,0.0,0.169,0.011850696182081457,0.0945,0.709,0.59,0.59,0.41000000000000003,0.01555313473226539,2010.644094500054,1081.4481877211008,2385.0635260939143,1.005322047250027,0.5407240938605504,1.1925317630469572,0.3241785410801301,0.03838338290257334,0.7347107458051328
WbZt_6000_2000,WbZt,6000,2000,85,320,0.6,0.4,/eos/uscms/store/user/aji/rootfiles_existingOptimization/WbZt_6000_2000_pt320_ak6_ca4_th85.root,ok,,1000,1000,1.0,0.0,0.206,0.0127892142057282,0.124,0.723,0.603,0.603,0.397,0.01547226550961429,1840.5357785097563,845.6628718912975,2063.8792518863825,0.9202678892548781,0.42283143594564876,1.0319396259431912,0.33094069515493185,0.033400331105202394,0.7359139062294441
WbZt_6000_2000,WbZt,6000,2000,85,120,1.0,1.0,/eos/uscms/store/user/aji/rootfiles_existingOptimization/WbZt_6000_2000_pt120_ak10_ca10_th85.root,ok,,1000,1000,1.0,0.0,0.068,0.007960904471226871,0.034,0.645,0.557,0.557,0.44299999999999995,0.015708309902723462,2124.605509036331,1780.030253017716,3009.500942445625,1.0623027545181656,0.8900151265088581,1.5047504712228124,0.28934093510506953,0.04410518457114099,0.738571210556886
WbZt_6000_2000,WbZt,6000,2000,85,220,0.4,0.4,/eos/uscms/store/user/aji/rootfiles_existingOptimization/WbZt_6000_2000_pt220_ak4_ca4_th85.root,ok,,1000,1000,1.0,0.0,0.234,0.013388203763014663,0.133,0.724,0.599,0.599,0.401,0.015498354751392161,1767.733654861604,943.5429817826179,2100.9378252737474,0.883866827430802,0.47177149089130893,1.0504689126368738,0.32736686330208,0.07195957664530382,0.7399801805589998
WbZt_6000_2000,WbZt,6000,2000,85,340,0.8,0.6,/eos/uscms/store/user/aji/rootfiles_existingOptimization/WbZt_6000_2000_pt340_ak8_ca6_th85.root,ok,,1000,1000,1.0,0.0,0.193,0.012480024038438387,0.114,0.718,0.593,0.593,0.40700000000000003,0.015535475531827148,1920.6522111655904,903.6821832675687,2191.95698334168,0.9603261055827952,0.45184109163378433,1.09597849167084,0.3353743047764731,0.0366940564646486,0.7463416942181936
WbZt_6000_2000,WbZt,6000,2000,85,140,0.4,1.0,/eos/uscms/store/user/aji/rootfiles_existingOptimization/WbZt_6000_2000_pt140_ak4_ca10_th85.root,ok,,1000,1000,1.0,0.0,0.196,0.012553246592017541,0.1015,0.7015,0.58,0.58,0.42000000000000004,0.015607690412101338,1817.3065112012214,1126.7185481747365,2293.7420713264437,0.9086532556006106,0.5633592740873682,1.146871035663222,0.32108604573818333,0.07409186415552284,0.7502207201781224
WbZt_6000_2000,WbZt,6000,2000,85,220,0.8,1.0,/eos/uscms/store/user/aji/rootfiles_existingOptimization/WbZt_6000_2000_pt220_ak8_ca10_th85.root,ok,,1000,1000,1.0,0.0,0.211,0.012902674141432851,0.109,0.702,0.584,0.584,0.41600000000000004,0.015586660963785668,1948.4861778139807,1134.5710350704433,2441.102000366144,0.9742430889069904,0.5672855175352217,1.220551000183072,0.3352682149281413,0.060186014537533444,0.7538439060374422
WbZt_6000_2000,WbZt,6000,2000,85,240,0.6,0.8,/eos/uscms/store/user/aji/rootfiles_existingOptimization/WbZt_6000_2000_pt240_ak6_ca8_th85.root,ok,,1000,1000,1.0,0.0,0.244,0.013581752464244074,0.132,0.7255,0.596,0.596,0.404,0.015517216245190372,1862.801278435048,963.3282120978454,2246.245637826382,0.931400639217524,0.4816641060489227,1.123122818913191,0.34435166020669805,0.0648101582184118,0.7552115962849457
WbZt_6000_2000,WbZt,6000,2000,85,240,1.0,1.0,/eos/uscms/store/user/aji/rootfiles_existingOptimization/WbZt_6000_2000_pt240_ak10_ca10_th85.root,ok,,1000,1000,1.0,0.0,0.191,0.012430567163247218,0.0985,0.6805,0.568,0.568,0.43200000000000005,0.01566448211719749,2024.8055512425956,1227.0070866705244,2555.5337642218487,1.0124027756212977,0.6135035433352621,1.2777668821109245,0.3280627803336538,0.06165276099951107,0.7613030578957836
WbZt_6000_2000,WbZt,6000,2000,85,100,0.8,1.2,/eos/uscms/store/user/aji/rootfiles_existingOptimization/WbZt_6000_2000_pt100_ak8_ca12_th85.root,ok,,1000,1000,1.0,0.0,0.088,0.008958571314668427,0.044,0.6525,0.547,0.547,0.45299999999999996,0.015741378592740853,2021.2645779068175,1529.1956620310405,2777.491004717888,1.010632288953409,0.7645978310155203,1.3887455023589437,0.30879068389442543,0.06106643008743798,0.7628539127897662
WbZt_6000_2000,WbZt,6000,2000,85,280,1.2,1.0,/eos/uscms/store/user/aji/rootfiles_existingOptimization/WbZt_6000_2000_pt280_ak12_ca10_th85.root,ok,,1000,1000,1.0,0.0,0.104,0.009653186002558949,0.054,0.672,0.551,0.551,0.44899999999999995,0.015728922404284407,2120.7796836761227,1255.4156817922715,2596.3525485052105,1.0603898418380613,0.6277078408961357,1.2981762742526053,0.3161424255980665,0.04507144980330015,0.7711814097818726
WbZt_6000_2000,WbZt,6000,2000,85,120,0.8,1.2,/eos/uscms/store/user/aji/rootfiles_existingOptimization/WbZt_6000_2000_pt120_ak8_ca12_th85.root,ok,,1000,1000,1.0,0.0,0.108,0.009815090422405696,0.054,0.66,0.549,0.549,0.45099999999999996,0.01573527883451704,1992.961536551968,1389.5478330186745,2671.4985648170464,0.996480768275984,0.6947739165093373,1.335749282408523,0.3216195366259503,0.06262435399143496,0.7729714597983519
WbZt_6000_2000,WbZt,6000,2000,85,100,0.6,1.2,/eos/uscms/store/user/aji/rootfiles_existingOptimization/WbZt_6000_2000_pt100_ak6_ca12_th85.root,ok,,1000,1000,1.0,0.0,0.134,0.010772372069326236,0.0675,0.6725,0.558,0.558,0.44199999999999995,0.01570464899321217,1918.2843865813743,1268.3051269024027,2549.651315987147,0.9591421932906872,0.6341525634512013,1.2748256579935735,0.33398233287199547,0.07177740433597832,0.7800681135429267
WbZt_6000_2000,WbZt,6000,2000,85,280,0.8,0.8,/eos/uscms/store/user/aji/rootfiles_existingOptimization/WbZt_6000_2000_pt280_ak8_ca8_th85.root,ok,,1000,1000,1.0,0.0,0.261,0.013888088421377507,0.139,0.712,0.583,0.583,0.41700000000000004,0.015592017188292218,1929.1491297039188,905.5553649685477,2332.564987787864,0.9645745648519595,0.45277768248427386,1.166282493893932,0.36985466826982166,0.06042440643694502,0.7903972117846257
WbZt_6000_2000,WbZt,6000,2000,85,340,0.6,0.4,/eos/uscms/store/user/aji/rootfiles_existingOptimization/WbZt_6000_2000_pt340_ak6_ca4_th85.root,ok,,1000,1000,1.0,0.0,0.228,0.013267102170406317,0.139,0.7055,0.576,0.576,0.42400000000000004,0.015627667772255716,1833.6924338848885,733.7755059007505,2049.931527634413,0.9168462169424442,0.3668877529503753,1.0249657638172065,0.3588813471148033,0.037574096162253254,0.791196725420559
WbZt_6000_2000,WbZt,6000,2000,85,140,0.8,1.2,/eos/uscms/store/user/aji/rootfiles_existingOptimization/WbZt_6000_2000_pt140_ak8_ca12_th85.root,ok,,1000,1000,1.0,0.0,0.14,0.010972693379476163,0.07,0.6595,0.547,0.547,0.45299999999999996,0.015741378592740853,1976.2115190347804,1266.5871661592955,2617.1472293797174,0.9881057595173901,0.6332935830796478,1.3085736146898586,0.3417043292714084,0.06813126132247234,0.7958937533196694
WbZt_6000_2000,WbZt,6000,2000,85,360,0.8,0.6,/eos/uscms/store/user/aji/rootfiles_existingOptimization/WbZt_6000_2000_pt360_ak8_ca6_th85.root,ok,,1000,1000,1.0,0.0,0.218,0.0130566458173606,0.13,0.7065,0.575,0.575,0.42500000000000004,0.015632498200863484,1914.607285008421,767.2167909785321,2171.620896255106,0.9573036425042105,0.383608395489266,1.0858104481275528,0.3667603576653049,0.04182851428066167,0.7960299934148839
WbZt_6000_2000,WbZt,6000,2000,85,280,0.6,0.6,/eos/uscms/store/user/aji/rootfiles_existingOptimization/WbZt_6000_2000_pt280_ak6_ca6_th85.root,ok,,1000,1000,1.0,0.0,0.268,0.014006284303840188,0.1485,0.7245,0.592,0.592,0.40800000000000003,0.015541428505771277,1853.7957592436487,756.8491891302917,2177.8845505589534,0.9268978796218243,0.3784245945651459,1.0889422752794768,0.3832772176608189,0.06380959680809278,0.7985874296986365
WbZt_6000_2000,WbZt,6000,2000,85,300,1.2,1.0,/eos/uscms/store/user/aji/rootfiles_existingOptimization/WbZt_6000_2000_pt300_ak12_ca10_th85.root,ok,,1000,1000,1.0,0.0,0.116,0.010126401137620413,0.061,0.6685,0.543,0.543,0.45699999999999996,0.015752809273269323,2112.4953464157943,1141.5331251557734,2572.6078351979004,1.0562476732078974,0.5707665625778868,1.2863039175989501,0.3387166538544538,0.04999679123213615,0.8013414211752435
WbZt_6000_2000,WbZt,6000,2000,85,140,1.0,1.2,/eos/uscms/store/user/aji/rootfiles_existingOptimization/WbZt_6000_2000_pt140_ak10_ca12_th85.root,ok,,1000,1000,1.0,0.0,0.106,0.009734680272099337,0.053,0.6255,0.516,0.516,0.484,0.015803290796539814,2084.731317044395,1554.2474412766774,2860.3021361669266,1.0423656585221974,0.7771237206383387,1.4301510680834635,0.3132429306866015,0.06065776550974812,0.8014794965388212
WbZt_6000_2000,WbZt,6000,2000,85,160,1.0,1.2,/eos/uscms/store/user/aji/rootfiles_existingOptimization/WbZt_6000_2000_pt160_ak10_ca12_th85.root,ok,,1000,1000,1.0,0.0,0.133,0.010738295954200556,0.0665,0.637,0.529,0.529,0.471,0.01578477114183161,2061.671410597876,1399.0080772879667,2753.5404767335326,1.030835705298938,0.6995040386439834,1.3767702383667664,0.32850346386012047,0.06520318143757584,0.8025870343900143
WbZt_6000_2000,WbZt,6000,2000,85,240,0.8,1.0,/eos/uscms/store/user/aji/rootfiles_existingOptimization/WbZt_6000_2000_pt240_ak8_ca10_th85.root,ok,,1000,1000,1.0,0.0,0.233,0.013368283360252356,0.1215,0.697,0.571,0.571,0.42900000000000005,0.015651166090742248,1941.2328701846723,972.8880302015721,2418.6861046918616,0.9706164350923361,0.48644401510078605,1.2093430523459308,0.37239171474382377,0.06292547831352578,0.8043300712345902
WbZt_6000_2000,WbZt,6000,2000,85,160,0.8,1.2,/eos/uscms/store/user/aji/rootfiles_existingOptimization/WbZt_6000_2000_pt160_ak8_ca12_th85.root,ok,,1000,1000,1.0,0.0,0.16,0.01159310139695155,0.08,0.661,0.546,0.546,0.45399999999999996,0.015744332313566048,1964.0510513008098,1169.5312204602214,2578.3327787141893,0.9820255256504049,0.5847656102301108,1.2891663893570946,0.3586468786849774,0.07370443187026907,0.8144443261199369
WbZt_6000_2000,WbZt,6000,2000,85,180,1.0,1.2,/eos/uscms/store/user/aji/rootfiles_existingOptimization/WbZt_6000_2000_pt180_ak10_ca12_th85.root,ok,,1000,1000,1.0,0.0,0.152,0.011353237423748346,0.0765,0.641,0.531,0.531,0.469,0.01578096955196353,2049.4629912469163,1286.863397843699,2693.7930699353856,1.024731495623458,0.6434316989218495,1.346896534967693,0.34324349307612895,0.06743180817327382,0.8147166426384747
WbZt_6000_2000,WbZt,6000,2000,85,220,0.4,0.6,/eos/uscms/store/user/aji/rootfiles_existingOptimization/WbZt_6000_2000_pt220_ak4_ca6_th85.root,ok,,1000,1000,1.0,0.0,0.262,0.013905250806799567,0.147,0.7085,0.575,0.575,0.42500000000000004,0.015632498200863484,1765.7540219583927,762.8345556277982,2103.907403180118,0.8828770109791964,0.3814172778138991,1.051953701590059,0.37974509214622654,0.07938038501145556,0.816457391048307
WbZt_6000_2000,WbZt,6000,2000,85,200,0.6,1.0,/eos/uscms/store/user/aji/rootfiles_existingOptimization/WbZt_6000_2000_pt200_ak6_ca10_th85.root,ok,,1000,1000,1.0,0.0,0.227,0.013246546719805883,0.118,0.6965,0.565,0.565,0.43500000000000005,0.015677212762477903,1871.005226771893,920.4698216572054,2354.7902277783637,0.9355026133859465,0.4602349108286027,1.1773951138891818,0.3833020842480057,0.0751044820625935,0.8247518229094111
WbZt_6000_2000,WbZt,6000,2000,85,320,1.2,1.0,/eos/uscms/store/user/aji/rootfiles_existingOptimization/WbZt_6000_2000_pt320_ak12_ca10_th85.root,ok,,1000,1000,1.0,0.0,0.124,0.010422283818818216,0.067,0.6635,0.534,0.534,0.46599999999999997,0.01577479001445027,2104.667552352531,1045.6383123695957,2544.5471998094663,1.0523337761762654,0.5228191561847978,1.2722735999047332,0.35609160357996633,0.0516736212922282,0.8273249811975929
WbZt_6000_2000,WbZt,6000,2000,85,160,0.4,1.0,/eos/uscms/store/user/aji/rootfiles_existingOptimization/WbZt_6000_2000_pt160_ak4_ca10_th85.root,ok,,1000,1000,1.0,0.0,0.227,0.013246546719805883,0.118,0.6835,0.558,0.558,0.44199999999999995,0.01570464899321217,1804.5708841653413,919.1718946704918,2278.6459530314146,0.9022854420826707,0.45958594733524594,1.1393229765157074,0.3766751614718956,0.08339086128820386,0.8284466172636284
WbZt_6000_2000,WbZt,6000,2000,85,360,1.0,0.8,/eos/uscms/store/user/aji/rootfiles_existingOptimization/WbZt_6000_2000_pt360_ak10_ca8_th85.root,ok,,1000,1000,1.0,0.0,0.207,0.012812142677944232,0.119,0.684,0.554,0.554,0.44599999999999995,0.01571890581433708,1996.728778332213,816.2532897203989,2345.4466279126577,0.9983643891661067,0.40812664486019945,1.172723313956329,0.38292465025458594,0.045534848957846694,0.8290882113379752
WbZt_6000_2000,WbZt,6000,2000,85,120,0.6,1.2,/eos/uscms/store/user/aji/rootfiles_existingOptimization/WbZt_6000_2000_pt120_ak6_ca12_th85.root,ok,,1000,1000,1.0,0.0,0.151,0.01132249972400088,0.0765,0.6615,0.537,0.537,0.46299999999999997,0.015768037290671277,1898.7571865738564,1151.0459256853214,2527.33698130842,0.9493785932869283,0.5755229628426607,1.2636684906542102,0.36241891942657956,0.07798155218084116,0.8304810600978867
WbZt_6000_2000,WbZt,6000,2000,85,240,0.4,0.4,/eos/uscms/store/user/aji/rootfiles_existingOptimization/WbZt_6000_2000_pt240_ak4_ca4_th85.root,ok,,1000,1000,1.0,0.0,0.273,0.014087973594523805,0.1545,0.7095,0.58,0.58,0.42000000000000004,0.015607690412101338,1753.3574355763812,654.381459684006,2062.441365595973,0.8766787177881905,0.327190729842003,1.0312206827979866,0.4015324763056929,0.0789199723176505,0.8338646045268738
WbZt_6000_2000,WbZt,6000,2000,85,200,1.0,1.2,/eos/uscms/store/user/aji/rootfiles_existingOptimization/WbZt_6000_2000_pt200_ak10_ca12_th85.root,ok,,1000,1000,1.0,0.0,0.174,0.011988494484296182,0.088,0.64,0.524,0.524,0.476,0.01579316307773715,2038.0036399254536,1191.8298522410869,2646.9353994875705,1.0190018199627269,0.5959149261205434,1.3234676997437853,0.3569928725200188,0.07448913991884078,0.8348930545162915
WbZt_6000_2000,WbZt,6000,2000,85,140,1.2,1.0,/eos/uscms/store/user/aji/rootfiles_existingOptimization/WbZt_6000_2000_pt140_ak12_ca10_th85.root,ok,,1000,1000,1.0,0.0,0.046,0.006624499981130651,0.023,0.5945,0.512,0.512,0.488,0.01580683396509244,2231.0737742928877,1853.647690739126,3352.0061284571925,1.115536887146444,0.926823845369563,1.6760030642285964,0.3357931178660718,0.02530504783041205,0.8353468065807161
WbZt_6000_2000,WbZt,6000,2000,85,100,0.4,1.2,/eos/uscms/store/user/aji/rootfiles_existingOptimization/WbZt_6000_2000_pt100_ak4_ca12_th85.root,ok,,1000,1000,1.0,0.0,0.172,0.011933817494833746,0.0875,0.6705,0.545,0.545,0.45499999999999996,0.015747221977225064,1840.1224271847495,1050.8021909538527,2425.221720868878,0.9200612135923748,0.5254010954769264,1.212610860434439,0.37345871927059354,0.08611312407658292,0.836452597911356
WbZt_6000_2000,WbZt,6000,2000,85,380,0.8,0.6,/eos/uscms/store/user/aji/rootfiles_existingOptimization/WbZt_6000_2000_pt380_ak8_ca6_th85.root,ok,,1000,1000,1.0,0.0,0.236,0.013427732496590778,0.14,0.6925,0.552,0.552,0.44799999999999995,0.015725647840391186,1905.4210331021338,688.574502777125,2154.064187118456,0.952710516551067,0.3442872513885624,1.077032093559228,0.38455796878536347,0.04917464987022567,0.8372869171302567
WbZt_6000_2000,WbZt,6000,2000,85,260,0.8,1.0,/eos/uscms/store/user/aji/rootfiles_existingOptimization/WbZt_6000_2000_pt260_ak8_ca10_th85.root,ok,,1000,1000,1.0,0.0,0.251,0.013711272734505722,0.1315,0.693,0.562,0.562,0.43799999999999994,0.01568935945155187,1931.0028661958095,858.1190763017843,2389.973825098331,0.9655014330979048,0.4290595381508922,1.1949869125491657,0.3966474559963735,0.07141235377846913,0.8380973126865829
WbZt_6000_2000,WbZt,6000,2000,85,100,1.0,0.8,/eos/uscms/store/user/aji/rootfiles_existingOptimization/WbZt_6000_2000_pt100_ak10_ca8_th85.root,ok,,1000,1000,1.0,0.0,0.021,0.004534203347888138,0.0105,0.6,0.543,0.543,0.45699999999999996,0.015752809273269323,2244.636662757058,1871.4205917917639,3534.607033157666,1.122318331378529,0.935710295895882,1.7673035165788331,0.3704801024062024,0.011742479269061476,0.8397119355440552
WbZt_6000_2000,WbZt,6000,2000,85,120,1.0,1.2,/eos/uscms/store/user/aji/rootfiles_existingOptimization/WbZt_6000_2000_pt120_ak10_ca12_th85.root,ok,,1000,1000,1.0,0.0,0.08,0.008579044235810887,0.04,0.5985,0.496,0.496,0.504,0.01581088232832058,2120.9322780866105,1677.64131425995,3079.5478252120133,1.0604661390433052,0.8388206571299749,1.5397739126060066,0.33049299250063446,0.05391997455601952,0.840539606404965
WbZt_6000_2000,WbZt,6000,2000,85,200,0.4,0.8,/eos/uscms/store/user/aji/rootfiles_existingOptimization/WbZt_6000_2000_pt200_ak4_ca8_th85.root,ok,,1000,1000,1.0,0.0,0.267,0.013989674763910703,0.1455,0.695,0.561,0.561,0.43899999999999995,0.015693278816104682,1774.9003258697353,770.1175980411214,2168.9892702642264,0.8874501629348677,0.38505879902056067,1.0844946351321132,0.3940704871800705,0.07956397268426395,0.8443254708865837
WbZt_6000_2000,WbZt,6000,2000,85,260,1.0,1.0,/eos/uscms/store/user/aji/rootfiles_existingOptimization/WbZt_6000_2000_pt260_ak10_ca10_th85.root,ok,,1000,1000,1.0,0.0,0.214,0.012969348480166612,0.111,0.67,0.549,0.549,0.45099999999999996,0.01573527883451704,2017.271405257026,955.5345814944418,2548.260394400363,1.008635702628513,0.4777672907472209,1.2741301972001815,0.3947723168918333,0.06469623810179555,0.8466358871546846
WbZt_6000_2000,WbZt,6000,2000,85,220,0.6,1.0,/eos/uscms/store/user/aji/rootfiles_existingOptimization/WbZt_6000_2000_pt220_ak6_ca10_th85.root,ok,,1000,1000,1.0,0.0,0.247,0.013637851736985557,0.131,0.6925,0.558,0.558,0.44199999999999995,0.01570464899321217,1866.599183149112,795.2502531014129,2324.8380921364505,0.9332995915745559,0.3976251265507065,1.1624190460682253,0.4097258406741861,0.07566025270263557,0.8583958815167305
WbZt_6000_2000,WbZt,6000,2000,85,180,0.8,1.2,/eos/uscms/store/user/aji/rootfiles_existingOptimization/WbZt_6000_2000_pt180_ak8_ca12_th85.root,ok,,1000,1000,1.0,0.0,0.187,0.012330085157856777,0.0945,0.652,0.526,0.526,0.474,0.01578999683343857,1955.6456989591543,1058.326528132354,2569.105554912215,0.9778228494795771,0.529163264066177,1.2845527774561076,0.38626092333185336,0.07964265793416231,0.8624786383838956
WbZt_6000_2000,WbZt,6000,2000,85,380,1.0,0.8,/eos/uscms/store/user/aji/rootfiles_existingOptimization/WbZt_6000_2000_pt380_ak10_ca8_th85.root,ok,,1000,1000,1.0,0.0,0.221,0.013120937466507492,0.1285,0.6745,0.538,0.538,0.46199999999999997,0.015765658882520576,1991.930451210465,729.5564003050104,2330.5916061107896,0.9959652256052325,0.36477820015250517,1.165295803055395,0.4018802977867163,0.04891044242491738,0.864283775226193
WbZt_6000_2000,WbZt,6000,2000,85,340,1.2,1.0,/eos/uscms/store/user/aji/rootfiles_existingOptimization/WbZt_6000_2000_pt340_ak12_ca10_th85.root,ok,,1000,1000,1.0,0.0,0.137,0.010873407929439602,0.076,0.6545,0.52,0.52,0.48,0.0157987341265052,2094.055723282176,939.467979346112,2541.180979558524,1.0470278616410882,0.469733989673056,1.2705904897792621,0.3824427837340266,0.055022033314248875,0.8671455698981354
WbZt_6000_2000,WbZt,6000,2000,85,160,1.2,1.2,/eos/uscms/store/user/aji/rootfiles_existingOptimization/WbZt_6000_2000_pt160_ak12_ca12_th85.root,ok,,1000,1000,1.0,0.0,0.101,0.009528850927577786,0.0505,0.5695,0.46,0.46,0.54,0.015760710643876435,2196.9337575519558,1682.5539415152912,3078.8439652823345,1.098466878775978,0.8412769707576455,1.5394219826411673,0.31778154870789777,0.05980942505853645,0.8676282365854956
WbZt_6000_2000,WbZt,6000,2000,85,380,0.6,0.4,/eos/uscms/store/user/aji/rootfiles_existingOptimization/WbZt_6000_2000_pt380_ak6_ca4_th85.root,ok,,1000,1000,1.0,0.0,0.267,0.013989674763910703,0.162,0.6805,0.534,0.534,0.46599999999999997,0.01577479001445027,1819.305319427174,597.2111142597861,2033.7848432421742,0.909652659713587,0.29860555712989306,1.0168924216210873,0.39481380987626297,0.047065567601683705,0.8698485439049042
WbZt_6000_2000,WbZt,6000,2000,85,120,0.4,1.2,/eos/uscms/store/user/aji/rootfiles_existingOptimization/WbZt_6000_2000_pt120_ak4_ca12_th85.root,ok,,1000,1000,1.0,0.0,0.198,0.012601428490452978,0.101,0.654,0.525,0.525,0.475,0.015791611697353755,1822.313529701139,963.0906190636051,2381.939765022339,0.9111567648505695,0.4815453095318026,1.1909698825111694,0.38929885632562533,0.09185496620585079,0.8731831798405684
WbZt_6000_2000,WbZt,6000,2000,85,200,1.2,1.2,/eos/uscms/store/user/aji/rootfiles_existingOptimization/WbZt_6000_2000_pt200_ak12_ca12_th85.root,ok,,1000,1000,1.0,0.0,0.129,0.010599952830083727,0.065,0.601,0.481,0.481,0.519,0.01579996835439869,2156.6395243636516,1341.0701330286397,2836.86919348041,1.0783197621818257,0.6705350665143198,1.418434596740205,0.34678930891177284,0.07028238075846349,0.8736212851299554
WbZt_6000_2000,WbZt,6000,2000,85,400,0.8,0.6,/eos/uscms/store/user/aji/rootfiles_existingOptimization/WbZt_6000_2000_pt400_ak8_ca6_th85.root,ok,,1000,1000,1.0,0.0,0.252,0.013729384545565033,0.1485,0.6765,0.526,0.526,0.474,0.01578999683343857,1899.6809734613591,649.5136942978189,2150.6735313704435,0.9498404867306796,0.32475684714890946,1.0753367656852217,0.395108404527893,0.05288941966194065,0.8741243558548251
WbZt_6000_2000,WbZt,6000,2000,85,300,0.8,0.8,/eos/uscms/store/user/aji/rootfiles_existingOptimization/WbZt_6000_2000_pt300_ak8_ca8_th85.root,ok,,1000,1000,1.0,0.0,0.286,0.014289996501049255,0.1555,0.698,0.561,0.561,0.43899999999999995,0.015693278816104682,1924.8696898647595,652.2704800610977,2325.30027663041,0.9624348449323797,0.3261352400305489,1.1626501383152048,0.43458261236553064,0.06302454687325237,0.8773391278722926
WbZt_6000_2000,WbZt,6000,2000,85,280,1.0,1.0,/eos/uscms/store/user/aji/rootfiles_existingOptimization/WbZt_6000_2000_pt280_ak10_ca10_th85.root,ok,,1000,1000,1.0,0.0,0.232,0.013348258313353095,0.1215,0.6635,0.538,0.538,0.46199999999999997,0.015765658882520576,2012.9786607911942,854.2675169195194,2532.1026349564268,1.006489330395597,0.4271337584597597,1.266051317478213,0.4167543230133994,0.06734127394800224,0.879403256052959
WbZt_6000_2000,WbZt,6000,2000,85,140,0.6,1.2,/eos/uscms/store/user/aji/rootfiles_existingOptimization/WbZt_6000_2000_pt140_ak6_ca12_th85.root,ok,,1000,1000,1.0,0.0,0.177,0.012069424178476784,0.09,0.65,0.519,0.519,0.481,0.01579996835439869,1886.1597057785993,1027.7177298208449,2509.3417992066343,0.9430798528892996,0.5138588649104224,1.2546708996033171,0.39276209348724817,0.08730898235749214,0.8794541081983183
WbZt_6000_2000,WbZt,6000,2000,85,280,0.6,0.8,/eos/uscms/store/user/aji/rootfiles_existingOptimization/WbZt_6000_2000_pt280_ak6_ca8_th85.root,ok,,1000,1000,1.0,0.0,0.297,0.014449602070645405,0.1625,0.7035,0.565,0.565,0.43500000000000005,0.015677212762477903,1850.6124062219615,583.2158322867637,2205.8641691911726,0.9253062031109807,0.29160791614338183,1.1029320845955866,0.4384084780391854,0.06799337358764806,0.8808778577280874
WbZt_6000_2000,WbZt,6000,2000,85,200,0.8,1.2,/eos/uscms/store/user/aji/rootfiles_existingOptimization/WbZt_6000_2000_pt200_ak8_ca12_th85.root,ok,,1000,1000,1.0,0.0,0.203,0.012719709116170857,0.1035,0.646,0.519,0.519,0.481,0.01579996835439869,1948.2100807984232,958.9363316233954,2550.205001040031,0.9741050403992115,0.4794681658116977,1.2751025005200156,0.4083924739688483,0.08104520320328722,0.8919819699289271
WbZt_6000_2000,WbZt,6000,2000,85,360,1.2,1.0,/eos/uscms/store/user/aji/rootfiles_existingOptimization/WbZt_6000_2000_pt360_ak12_ca10_th85.root,ok,,1000,1000,1.0,0.0,0.149,0.01126050620531777,0.083,0.643,0.504,0.504,0.496,0.01581088232832058,2085.6591804397513,887.356125862754,2530.742675853905,1.0428295902198754,0.44367806293137696,1.2653713379269524,0.3939729380053003,0.06103866020612024,0.8942558970272878
WbZt_6000_2000,WbZt,6000,2000,85,240,0.6,1.0,/eos/uscms/store/user/aji/rootfiles_existingOptimization/WbZt_6000_2000_pt240_ak6_ca10_th85.root,ok,,1000,1000,1.0,0.0,0.268,0.014006284303840188,0.144,0.6825,0.545,0.545,0.45499999999999996,0.015747221977225064,1857.2013441098054,697.4041072131798,2304.161283586785,0.9286006720549027,0.3487020536065899,1.1520806417933924,0.432574847490151,0.08170744911084309,0.8947147802846607
WbZt_6000_2000,WbZt,6000,2000,85,180,0.4,1.0,/eos/uscms/store/user/aji/rootfiles_existingOptimization/WbZt_6000_2000_pt180_ak4_ca10_th85.root,ok,,1000,1000,1.0,0.0,0.262,0.013905250806799567,0.1395,0.669,0.536,0.536,0.46399999999999997,0.015770351930125083,1782.2197885091368,716.8348522259108,2217.81795712804,0.8911098942545684,0.3584174261129554,1.1089089785640198,0.42109932640735964,0.08790769484350369,0.8959883369819028
WbZt_6000_2000,WbZt,6000,2000,85,280,0.8,1.0,/eos/uscms/store/user/aji/rootfiles_existingOptimization/WbZt_6000_2000_pt280_ak8_ca10_th85.root,ok,,1000,1000,1.0,0.0,0.28,0.014198591479439079,0.1485,0.676,0.541,0.541,0.45899999999999996,0.015758140753274162,1925.4043627665524,701.7133422279231,2384.1669792278176,0.9627021813832761,0.3508566711139615,1.192083489613909,0.4369091681558337,0.07358190911821745,0.899638950017506
WbZt_6000_2000,WbZt,6000,2000,85,240,0.4,0.6,/eos/uscms/store/user/aji/rootfiles_existingOptimization/WbZt_6000_2000_pt240_ak4_ca6_th85.root,ok,,1000,1000,1.0,0.0,0.298,0.014463609508003178,0.167,0.695,0.557,0.557,0.44299999999999995,0.015708309902723462,1749.5192601777103,511.8204535828374,2072.892067733532,0.8747596300888552,0.2559102267914187,1.036446033866766,0.4461430204524088,0.08488516500942665,0.9016670574435233
WbZt_6000_2000,WbZt,6000,2000,85,380,1.2,1.0,/eos/uscms/store/user/aji/rootfiles_existingOptimization/WbZt_6000_2000_pt380_ak12_ca10_th85.root,ok,,1000,1000,1.0,0.0,0.159,0.011563693181678594,0.0895,0.631,0.492,0.492,0.508,0.015809364313595912,2076.6403977759696,849.3539234673941,2508.004235729331,1.0383201988879849,0.42467696173369707,1.2540021178646654,0.39935905947854766,0.0671951428202085,0.9111910793673461
WbZt_6000_2000,WbZt,6000,2000,85,300,1.0,1.0,/eos/uscms/store/user/aji/rootfiles_existingOptimization/WbZt_6000_2000_pt300_ak10_ca10_th85.root,ok,,1000,1000,1.0,0.0,0.259,0.013853483316480371,0.1365,0.6545,0.525,0.525,0.475,0.015791611697353755,2005.0637510113083,749.8034383338038,2500.007414507055,1.0025318755056543,0.3749017191669019,1.2500037072535275,0.43644596718944423,0.0728756908721544,0.9116991547400096
WbZt_6000_2000,WbZt,6000,2000,85,220,1.4,1.2,/eos/uscms/store/user/aji/rootfiles_existingOptimization/WbZt_6000_2000_pt220_ak14_ca12_th85.root,ok,,1000,1000,1.0,0.0,0.052,0.007021111023192838,0.026,0.5475,0.433,0.433,0.567,0.015668790636165896,2289.381515428863,1479.844104568799,2993.2296317486675,1.1446907577144319,0.7399220522843994,1.4966148158743338,0.3305227890110684,0.05268629940900503,0.9119918647825116
WbZt_6000_2000,WbZt,6000,2000,85,220,0.4,0.8,/eos/uscms/store/user/aji/rootfiles_existingOptimization/WbZt_6000_2000_pt220_ak4_ca8_th85.root,ok,,1000,1000,1.0,0.0,0.295,0.01442133835675455,0.1635,0.68,0.541,0.541,0.45899999999999996,0.015758140753274162,1760.5687967700155,577.2264257006398,2132.777904774244,0.8802843983850077,0.2886132128503199,1.066388952387122,0.44177526090643515,0.08614128118031605,0.9127468210679344
WbZt_6000_2000,WbZt,6000,2000,85,300,0.6,0.6,/eos/uscms/store/user/aji/rootfiles_existingOptimization/WbZt_6000_2000_pt300_ak6_ca6_th85.root,ok,,1000,1000,1.0,0.0,0.301,0.014505137021069467,0.1695,0.7025,0.562,0.562,0.43799999999999994,0.01568935945155187,1845.160932667693,421.6423965629373,2148.1469955350003,0.9225804663338464,0.21082119828146864,1.0740734977675,0.46784661662978105,0.06702151535558884,0.9135885699963964
WbZt_6000_2000,WbZt,6000,2000,85,160,0.6,1.2,/eos/uscms/store/user/aji/rootfiles_existingOptimization/WbZt_6000_2000_pt160_ak6_ca12_th85.root,ok,,1000,1000,1.0,0.0,0.2,0.01264911064067352,0.1025,0.644,0.51,0.51,0.49,0.0158082257068907,1876.8847790700495,914.7585937344026,2485.142393455561,0.9384423895350247,0.4573792968672013,1.2425711967277804,0.4183484828779008,0.09179813981706528,0.9145042439243982
WbZt_6000_2000,WbZt,6000,2000,85,240,1.0,1.2,/eos/uscms/store/user/aji/rootfiles_existingOptimization/WbZt_6000_2000_pt240_ak10_ca12_th85.root,ok,,1000,1000,1.0,0.0,0.209,0.012857643641040918,0.1075,0.6275,0.505,0.505,0.495,0.01581059771166163,2019.8083590378762,912.7356996560184,2611.678018982928,1.009904179518938,0.45636784982800915,1.305839009491464,0.42057017729548135,0.08168246467679346,0.9165605952473752
WbZt_6000_2000,WbZt,6000,2000,85,220,1.2,1.2,/eos/uscms/store/user/aji/rootfiles_existingOptimization/WbZt_6000_2000_pt220_ak12_ca12_th85.root,ok,,1000,1000,1.0,0.0,0.142,0.011037934589405754,0.0715,0.6025,0.478,0.478,0.522,0.015796075461962062,2140.5256726722255,1121.9160738393239,2780.989473018476,1.0702628363361129,0.5609580369196618,1.3904947365092382,0.3875387761894887,0.07285649335566158,0.9165650598230999
WbZt_6000_2000,WbZt,6000,2000,85,140,0.4,1.2,/eos/uscms/store/user/aji/rootfiles_existingOptimization/WbZt_6000_2000_pt140_ak4_ca12_th85.root,ok,,1000,1000,1.0,0.0,0.225,0.013205112646244258,0.116,0.641,0.506,0.506,0.494,0.015810249839898167,1809.6040007460792,836.7087993920301,2352.5690521026518,0.9048020003730397,0.41835439969601507,1.176284526051326,0.41883756116963977,0.10242363218624718,0.9223573611323358
WbZt_6000_2000,WbZt,6000,2000,85,260,0.6,1.0,/eos/uscms/store/user/aji/rootfiles_existingOptimization/WbZt_6000_2000_pt260_ak6_ca10_th85.root,ok,,1000,1000,1.0,0.0,0.292,0.014378317008607092,0.1575,0.674,0.534,0.534,0.46599999999999997,0.01577479001445027,1850.6124062219615,631.1471995259164,2299.5327615004067,0.9253062031109807,0.3155735997629582,1.1497663807502032,0.450765799571319,0.08371483726174886,0.9242351792602209
WbZt_6000_2000,WbZt,6000,2000,85,220,0.8,1.2,/eos/uscms/store/user/aji/rootfiles_existingOptimization/WbZt_6000_2000_pt220_ak8_ca12_th85.root,ok,,1000,1000,1.0,0.0,0.23,0.013307892395116516,0.1185,0.638,0.507,0.507,0.493,0.015809838708854686,1939.4653277469256,864.3059289317879,2528.829717345127,0.9697326638734627,0.43215296446589396,1.2644148586725634,0.4291192434842376,0.08594386187122946,0.9251459770968913
WbZt_6000_2000,WbZt,6000,2000,85,320,0.8,0.8,/eos/uscms/store/user/aji/rootfiles_existingOptimization/WbZt_6000_2000_pt320_ak8_ca8_th85.root,ok,,1000,1000,1.0,0.0,0.313,0.014663935351739656,0.1715,0.682,0.542,0.542,0.45799999999999996,0.015755506973753653,1922.2304457425041,521.9012625786055,2307.420774486526,0.9611152228712521,0.2609506312893028,1.1537103872432632,0.4644395046032642,0.06486961589242074,0.926327982316139
WbZt_6000_2000,WbZt,6000,2000,85,400,0.6,0.4,/eos/uscms/store/user/aji/rootfiles_existingOptimization/WbZt_6000_2000_pt400_ak6_ca4_th85.root,ok,,1000,1000,1.0,0.0,0.296,0.01443551176785915,0.1815,0.656,0.495,0.495,0.505,0.01581059771166163,1800.3769559917255,530.3555066333884,2023.0947251343414,0.9001884779958627,0.2651777533166942,1.0115473625671707,0.41456296514267704,0.058032888726130674,0.9295441173430907
WbZt_6000_2000,WbZt,6000,2000,85,400,1.2,1.0,/eos/uscms/store/user/aji/rootfiles_existingOptimization/WbZt_6000_2000_pt400_ak12_ca10_th85.root,ok,,1000,1000,1.0,0.0,0.171,0.011906258858264422,0.0965,0.622,0.478,0.478,0.522,0.015796075461962062,2071.045023566242,805.5192826463523,2485.7473707462314,1.035522511783121,0.4027596413231761,1.242873685373116,0.40564740722212933,0.07003726205334879,0.9311996584004415
WbZt_6000_2000,WbZt,6000,2000,85,120,0.8,1.4,/eos/uscms/store/user/aji/rootfiles_existingOptimization/WbZt_6000_2000_pt120_ak8_ca14_th85.root,ok,,1000,1000,1.0,0.0,0.129,0.010599952830083727,0.0645,0.6035,0.469,0.469,0.531,0.01578096955196353,1979.3018069435934,1153.9631156454839,2741.2150101758784,0.9896509034717969,0.576981557822742,1.3706075050879394,0.4009625740152796,0.09869390094061477,0.9329974836680999
WbZt_6000_2000,WbZt,6000,2000,85,100,1.0,1.0,/eos/uscms/store/user/aji/rootfiles_existingOptimization/WbZt_6000_2000_pt100_ak10_ca10_th85.root,ok,,1000,1000,1.0,0.0,0.052,0.007021111023192838,0.026,0.562,0.477,0.477,0.523,0.01579465099329517,2263.851137164401,1838.930717011752,3637.3869361133598,1.1319255685822003,0.919465358505876,1.8186934680566798,0.39721167827189247,0.037089221118483826,0.9334042351301126
WbZt_6000_2000,WbZt,6000,2000,85,240,1.2,1.2,/eos/uscms/store/user/aji/rootfiles_existingOptimization/WbZt_6000_2000_pt240_ak12_ca12_th85.root,ok,,1000,1000,1.0,0.0,0.152,0.011353237423748346,0.077,0.596,0.47,0.47,0.53,0.015782902141241326,2131.45738519306,1041.7030907249111,2765.88730606337,1.06572869259653,0.5208515453624555,1.382943653031685,0.40446133882763236,0.07657393830210812,0.9410342080872853
WbZt_6000_2000,WbZt,6000,2000,85,340,0.8,0.8,/eos/uscms/store/user/aji/rootfiles_existingOptimization/WbZt_6000_2000_pt340_ak8_ca8_th85.root,ok,,1000,1000,1.0,0.0,0.331,0.014880826589944525,0.182,0.675,0.532,0.532,0.46799999999999997,0.01577897335063343,1917.713756582182,471.609509976999,2273.6199481187778,0.958856878291091,0.23580475498849948,1.1368099740593889,0.4698330060877767,0.07321464089635984,0.9419473182586675
WbZt_6000_2000,WbZt,6000,2000,85,180,0.6,1.2,/eos/uscms/store/user/aji/rootfiles_existingOptimization/WbZt_6000_2000_pt180_ak6_ca12_th85.root,ok,,1000,1000,1.0,0.0,0.221,0.013120937466507492,0.1135,0.64,0.501,0.501,0.499,0.015811356678033673,1870.1262681070293,824.0684835958898,2465.3589944695686,0.9350631340535147,0.4120342417979449,1.232679497234784,0.4388180998428031,0.09408069094562124,0.9443117864374517
WbZt_6000_2000,WbZt,6000,2000,85,180,1.4,1.2,/eos/uscms/store/user/aji/rootfiles_existingOptimization/WbZt_6000_2000_pt180_ak14_ca12_th85.root,ok,,1000,1000,1.0,0.0,0.044,0.006485676526007136,0.022,0.512,0.406,0.406,0.594,0.015529455882290275,2330.444391253068,1762.847640125045,3319.7823483416387,1.165222195626534,0.8814238200625225,1.6598911741708193,0.3340424500280476,0.0456033320796794,0.9445646695907011
WbZt_6000_2000,WbZt,6000,2000,85,100,0.6,1.4,/eos/uscms/store/user/aji/rootfiles_existingOptimization/WbZt_6000_2000_pt100_ak6_ca14_th85.root,ok,,1000,1000,1.0,0.0,0.149,0.01126050620531777,0.075,0.61,0.47,0.47,0.53,0.015782902141241326,1900.675529454652,1058.469323708039,2616.0642867804104,0.9503377647273259,0.5292346618540195,1.3080321433902051,0.40974772888228894,0.11096359001246682,0.9447139524095564
WbZt_6000_2000,WbZt,6000,2000,85,140,1.2,1.2,/eos/uscms/store/user/aji/rootfiles_existingOptimization/WbZt_6000_2000_pt140_ak12_ca12_th85.root,ok,,1000,1000,1.0,0.0,0.086,0.008865889690267977,0.043,0.5335,0.431,0.431,0.569,0.015660108556456435,2242.428999309651,1775.0303708157014,3414.4584905788392,1.1212144996548257,0.8875151854078507,1.7072292452894196,0.36554738639837603,0.05507566401337281,0.9466688363638586
WbZt_6000_2000,WbZt,6000,2000,85,260,0.4,0.4,/eos/uscms/store/user/aji/rootfiles_existingOptimization/WbZt_6000_2000_pt260_ak4_ca4_th85.root,ok,,1000,1000,1.0,0.0,0.311,0.014638271755914358,0.177,0.6895,0.555,0.555,0.44499999999999995,0.01571543826942157,1744.4218250374342,341.88201441174203,2056.975378336761,0.8722109125187172,0.17094100720587102,1.0284876891683803,0.49159364418299845,0.08237312077623374,0.9493725529311267
WbZt_6000_2000,WbZt,6000,2000,85,320,1.0,1.0,/eos/uscms/store/user/aji/rootfiles_existingOptimization/WbZt_6000_2000_pt320_ak10_ca10_th85.root,ok,,1000,1000,1.0,0.0,0.28,0.014198591479439079,0.15,0.6415,0.509,0.509,0.491,0.015808826648426505,2000.6315012997738,654.7717410735755,2489.2946922928522,1.000315750649887,0.32738587053678775,1.244647346146426,0.4584859705616502,0.07466484049583638,0.9495175456266389
WbZt_6000_2000,WbZt,6000,2000,85,200,0.4,1.0,/eos/uscms/store/user/aji/rootfiles_existingOptimization/WbZt_6000_2000_pt200_ak4_ca10_th85.root,ok,,1000,1000,1.0,0.0,0.299,0.014477534320456644,0.1615,0.657,0.518,0.518,0.482,0.01580113919943749,1767.733654861604,586.1443210781885,2199.1497140590322,0.883866827430802,0.2930721605390942,1.099574857029516,0.4562354143523748,0.09443695448134212,0.9498487316092945
WbZt_6000_2000,WbZt,6000,2000,85,300,0.8,1.0,/eos/uscms/store/user/aji/rootfiles_existingOptimization/WbZt_6000_2000_pt300_ak8_ca10_th85.root,ok,,1000,1000,1.0,0.0,0.302,0.014518815378673288,0.1635,0.664,0.521,0.521,0.479,0.015797436500901024,1921.1565288814859,566.8268158471448,2361.3810444467067,0.960578264440743,0.28341340792357234,1.1806905222233532,0.46705049839025004,0.0798582597733147,0.9499926719461758
WbZt_6000_2000,WbZt,6000,2000,85,240,0.8,1.2,/eos/uscms/store/user/aji/rootfiles_existingOptimization/WbZt_6000_2000_pt240_ak8_ca12_th85.root,ok,,1000,1000,1.0,0.0,0.253,0.013747399754135324,0.1315,0.6345,0.496,0.496,0.504,0.01581088232832058,1929.439705144328,774.3277673142042,2505.028632477067,0.964719852572164,0.387163883657102,1.2525143162385335,0.4484983025249294,0.09738515514006037,0.956026317267713
WbZt_6000_2000,WbZt,6000,2000,85,160,1.0,1.4,/eos/uscms/store/user/aji/rootfiles_existingOptimization/WbZt_6000_2000_pt160_ak10_ca14_th85.root,ok,,1000,1000,1.0,0.0,0.146,0.011166198995181842,0.073,0.5815,0.45,0.45,0.55,0.015732132722552274,2056.502243689769,1179.6914523073738,2839.902105828139,1.0282511218448844,0.5898457261536869,1.4199510529140698,0.40364912282858045,0.09866414251037599,0.9564742350130689
WbZt_6000_2000,WbZt,6000,2000,85,240,1.4,1.2,/eos/uscms/store/user/aji/rootfiles_existingOptimization/WbZt_6000_2000_pt240_ak14_ca12_th85.root,ok,,1000,1000,1.0,0.0,0.058,0.007391616873188166,0.029,0.545,0.427,0.427,0.573,0.015641962792437528,2270.022520877753,1256.8399740549157,2936.9603444682775,1.1350112604388762,0.6284199870274579,1.468480172234139,0.37006689470281284,0.05688433341951473,0.9565680207467004
WbZt_6000_2000,WbZt,6000,2000,85,140,1.0,1.4,/eos/uscms/store/user/aji/rootfiles_existingOptimization/WbZt_6000_2000_pt140_ak10_ca14_th85.root,ok,,1000,1000,1.0,0.0,0.122,0.010349685985574635,0.061,0.577,0.445,0.445,0.5549999999999999,0.01571543826942157,2082.2241993553353,1265.8258563226907,2922.7865678559724,1.0411120996776675,0.6329129281613454,1.4613932839279862,0.3978823971132127,0.08705177115783208,0.9569936070809794
WbZt_6000_2000,WbZt,6000,2000,85,260,1.0,1.2,/eos/uscms/store/user/aji/rootfiles_existingOptimization/WbZt_6000_2000_pt260_ak10_ca12_th85.root,ok,,1000,1000,1.0,0.0,0.233,0.013368283360252356,0.1205,0.6195,0.49,0.49,0.51,0.0158082257068907,2013.1216827913659,802.4830374916659,2602.7179456024974,1.0065608413956828,0.40124151874583297,1.3013589728012487,0.4471252094445309,0.08812628536920487,0.9577812935840992
WbZt_6000_2000,WbZt,6000,2000,85,300,0.6,0.8,/eos/uscms/store/user/aji/rootfiles_existingOptimization/WbZt_6000_2000_pt300_ak6_ca8_th85.root,ok,,1000,1000,1.0,0.0,0.328,0.014846413708367418,0.1825,0.6835,0.538,0.538,0.46199999999999997,0.015765658882520576,1843.772274444033,376.93553196649424,2176.6859589654714,0.9218861372220166,0.18846776598324713,1.0883429794827357,0.48806201610273964,0.07505218193293009,0.957873402380538
WbZt_6000_2000,WbZt,6000,2000,85,180,1.0,1.4,/eos/uscms/store/user/aji/rootfiles_existingOptimization/WbZt_6000_2000_pt180_ak10_ca14_th85.root,ok,,1000,1000,1.0,0.0,0.165,0.011737759581794134,0.083,0.583,0.45,0.45,0.55,0.015732132722552274,2044.601366033331,1099.837639944929,2771.9039623680214,1.0223006830166654,0.5499188199724645,1.3859519811840106,0.4088978786282965,0.10141357201066117,0.9611279469299631
WbZt_6000_2000,WbZt,6000,2000,85,260,1.4,1.2,/eos/uscms/store/user/aji/rootfiles_existingOptimization/WbZt_6000_2000_pt260_ak14_ca12_th85.root,ok,,1000,1000,1.0,0.0,0.062,0.007626008130076967,0.031,0.546,0.422,0.422,0.5780000000000001,0.015617810345883958,2263.8485563748654,1209.643988362156,2897.951881436263,1.1319242781874326,0.6048219941810781,1.4489759407181317,0.37288446003155357,0.0593409398209154,0.964076887850297
WbZt_6000_2000,WbZt,6000,2000,85,200,0.6,1.2,/eos/uscms/store/user/aji/rootfiles_existingOptimization/WbZt_6000_2000_pt200_ak6_ca12_th85.root,ok,,1000,1000,1.0,0.0,0.245,0.013600551459407815,0.127,0.636,0.493,0.493,0.507,0.015809838708854686,1860.3272658360688,757.3791320667875,2433.7832454686313,0.9301636329180345,0.3786895660333937,1.2168916227343158,0.45056699006355583,0.09816165044987243,0.9645506267717524
WbZt_6000_2000,WbZt,6000,2000,85,160,0.8,1.4,/eos/uscms/store/user/aji/rootfiles_existingOptimization/WbZt_6000_2000_pt160_ak8_ca14_th85.root,ok,,1000,1000,1.0,0.0,0.176,0.012042591083317577,0.088,0.599,0.46,0.46,0.54,0.015760710643876435,1954.4741941593907,1002.3154036676729,2653.4999594693295,0.9772370970796953,0.5011577018338365,1.3267499797346647,0.4224114497740459,0.11728162905437513,0.9646877400660764
WbZt_6000_2000,WbZt,6000,2000,85,280,1.0,1.2,/eos/uscms/store/user/aji/rootfiles_existingOptimization/WbZt_6000_2000_pt280_ak10_ca12_th85.root,ok,,1000,1000,1.0,0.0,0.249,0.013674757767507255,0.13,0.618,0.484,0.484,0.516,0.015803290796539814,2009.2218372984466,771.144045967705,2587.3485040321602,1.0046109186492234,0.38557202298385246,1.2936742520160802,0.45196713084367085,0.09047760465308728,0.9684282227085932
WbZt_6000_2000,WbZt,6000,2000,85,260,0.8,1.2,/eos/uscms/store/user/aji/rootfiles_existingOptimization/WbZt_6000_2000_pt260_ak8_ca12_th85.root,ok,,1000,1000,1.0,0.0,0.271,0.014055568291606,0.1415,0.6315,0.488,0.488,0.512,0.01580683396509244,1922.3630546530167,728.9786737024427,2468.946721483581,0.9611815273265083,0.3644893368512213,1.2344733607417906,0.45255968782005124,0.10201449082419883,0.9684415350874005
WbZt_6000_2000,WbZt,6000,2000,85,280,0.6,1.0,/eos/uscms/store/user/aji/rootfiles_existingOptimization/WbZt_6000_2000_pt280_ak6_ca10_th85.root,ok,,1000,1000,1.0,0.0,0.318,0.014726710426975875,0.173,0.6615,0.515,0.515,0.485,0.01580427157448264,1844.8842858576863,503.7230619292823,2261.6837533277712,0.9224421429288432,0.25186153096464114,1.1308418766638857,0.4764419928324159,0.08829960029841472,0.9691977785395316
WbZt_6000_2000,WbZt,6000,2000,85,260,1.2,1.2,/eos/uscms/store/user/aji/rootfiles_existingOptimization/WbZt_6000_2000_pt260_ak12_ca12_th85.root,ok,,1000,1000,1.0,0.0,0.166,0.011766222843376714,0.0845,0.591,0.46,0.46,0.54,0.015760710643876435,2123.91697995076,940.0899424563734,2739.8886276201915,1.06195848997538,0.47004497122818667,1.3699443138100957,0.42369798399689423,0.07955018036160934,0.9698938329944322
WbZt_6000_2000,WbZt,6000,2000,85,160,0.4,1.2,/eos/uscms/store/user/aji/rootfiles_existingOptimization/WbZt_6000_2000_pt160_ak4_ca12_th85.root,ok,,1000,1000,1.0,0.0,0.256,0.013800869537822608,0.1325,0.624,0.487,0.487,0.513,0.015806043148112688,1791.0051994556954,712.2585182458354,2336.186995302003,0.8955025997278477,0.35612925912291765,1.1680934976510016,0.45335671765489455,0.1054170639644892,0.9768064576821098
WbZt_6000_2000,WbZt,6000,2000,85,220,0.6,1.2,/eos/uscms/store/user/aji/rootfiles_existingOptimization/WbZt_6000_2000_pt220_ak6_ca12_th85.root,ok,,1000,1000,1.0,0.0,0.264,0.013939296969359681,0.1395,0.634,0.488,0.488,0.512,0.01580683396509244,1856.425642968341,697.4616644654841,2396.6794233914356,0.9282128214841704,0.34873083223274204,1.1983397116957177,0.457658448471165,0.09913197683921139,0.976837166322748
WbZt_6000_2000,WbZt,6000,2000,85,340,1.0,1.0,/eos/uscms/store/user/aji/rootfiles_existingOptimization/WbZt_6000_2000_pt340_ak10_ca10_th85.root,ok,,1000,1000,1.0,0.0,0.301,0.014505137021069467,0.1635,0.6315,0.494,0.494,0.506,0.015810249839898167,1995.0840257150753,591.3597419130016,2475.224461835754,0.9975420128575376,0.2956798709565008,1.237612230917877,0.47212666124363867,0.07869559518814198,0.9783724599578849
WbZt_6000_2000,WbZt,6000,2000,85,360,0.8,0.8,/eos/uscms/store/user/aji/rootfiles_existingOptimization/WbZt_6000_2000_pt360_ak8_ca8_th85.root,ok,,1000,1000,1.0,0.0,0.362,0.015197236590906913,0.201,0.66,0.512,0.512,0.488,0.01580683396509244,1912.1367555963975,398.02948749032123,2260.738893809468,0.9560683777981988,0.19901474374516062,1.130369446904734,0.487075362383839,0.08198222021546858,0.9794685246040191
WbZt_6000_2000,WbZt,6000,2000,85,100,0.4,1.4,/eos/uscms/store/user/aji/rootfiles_existingOptimization/WbZt_6000_2000_pt100_ak4_ca14_th85.root,ok,,1000,1000,1.0,0.0,0.191,0.012430567163247218,0.097,0.6105,0.455,0.455,0.5449999999999999,0.015747221977225064,1825.9009135481833,912.0647259113836,2473.98046028186,0.9129504567740916,0.4560323629556918,1.23699023014093,0.4277109789422479,0.13268513665108236,0.9814159332648387
WbZt_6000_2000,WbZt,6000,2000,85,320,0.8,1.0,/eos/uscms/store/user/aji/rootfiles_existingOptimization/WbZt_6000_2000_pt320_ak8_ca10_th85.root,ok,,1000,1000,1.0,0.0,0.33,0.014869431730903503,0.18,0.6525,0.506,0.506,0.494,0.015810249839898167,1917.684619654981,486.3267746164763,2340.737340663265,0.9588423098274905,0.24316338730823817,1.1703686703316327,0.4835024870722549,0.08333884516026778,0.9816182560895059
WbZt_6000_2000,WbZt,6000,2000,85,120,0.6,1.4,/eos/uscms/store/user/aji/rootfiles_existingOptimization/WbZt_6000_2000_pt120_ak6_ca14_th85.root,ok,,1000,1000,1.0,0.0,0.165,0.011737759581794134,0.0835,0.6005,0.452,0.452,0.548,0.015738360778683402,1887.0850049803025,969.5495472975784,2597.2479129478406,0.9435425024901513,0.4847747736487892,1.2986239564739204,0.43127319684977633,0.12676066265639802,0.9849189466007613
WbZt_6000_2000,WbZt,6000,2000,85,120,1.0,1.4,/eos/uscms/store/user/aji/rootfiles_existingOptimization/WbZt_6000_2000_pt120_ak10_ca14_th85.root,ok,,1000,1000,1.0,0.0,0.096,0.009315793041926168,0.048,0.55,0.425,0.425,0.575,0.015632498200863484,2123.8268229216674,1416.1692760031508,3134.9140635772,1.061913411460834,0.7080846380015754,1.5674570317886,0.40463392990056446,0.0758137863161569,0.9858252710466479
WbZt_6000_2000,WbZt,6000,2000,85,180,0.8,1.4,/eos/uscms/store/user/aji/rootfiles_existingOptimization/WbZt_6000_2000_pt180_ak8_ca14_th85.root,ok,,1000,1000,1.0,0.0,0.202,0.012696298673235441,0.102,0.592,0.445,0.445,0.5549999999999999,0.01571543826942157,1944.7276668437235,946.1899213465928,2626.0107563297947,0.9723638334218618,0.4730949606732964,1.3130053781648972,0.43189102094421694,0.12869430984789662,0.9896546376020307
WbZt_6000_2000,WbZt,6000,2000,85,280,1.4,1.2,/eos/uscms/store/user/aji/rootfiles_existingOptimization/WbZt_6000_2000_pt280_ak14_ca12_th85.root,ok,,1000,1000,1.0,0.0,0.069,0.008014923580421713,0.0355,0.541,0.414,0.414,0.5860000000000001,0.015575750383207866,2243.812594905281,1115.8419006603522,2877.7663576462296,1.1219062974526406,0.5579209503301761,1.438883178823115,0.3926184524024954,0.06684039912382234,0.9908090821477595
WbZt_6000_2000,WbZt,6000,2000,85,340,0.6,0.6,/eos/uscms/store/user/aji/rootfiles_existingOptimization/WbZt_6000_2000_pt340_ak6_ca6_th85.root,ok,,1000,1000,1.0,0.0,0.361,0.01518812035770062,0.205,0.6745,0.522,0.522,0.478,0.015796075461962062,1833.6673761085767,249.57884875408564,2101.9349323882284,0.9168336880542883,0.12478942437704282,1.050967466194114,0.505095991718309,0.0790808129037609,0.9914126229128801
WbZt_6000_2000,WbZt,6000,2000,85,300,1.4,1.2,/eos/uscms/store/user/aji/rootfiles_existingOptimization/WbZt_6000_2000_pt300_ak14_ca12_th85.root,ok,,1000,1000,1.0,0.0,0.071,0.008121514637061242,0.0365,0.5425,0.411,0.411,0.589,0.015558888135082147,2234.420782351265,1074.6738084269768,2839.4827942727675,1.1172103911756324,0.5373369042134885,1.4197413971363837,0.39491419874565764,0.07225468787408246,0.995635237863221
WbZt_6000_2000,WbZt,6000,2000,85,320,0.6,0.8,/eos/uscms/store/user/aji/rootfiles_existingOptimization/WbZt_6000_2000_pt320_ak6_ca8_th85.root,ok,,1000,1000,1.0,0.0,0.353,0.015112610628213776,0.1965,0.672,0.522,0.522,0.478,0.015796075461962062,1837.1026155700843,282.625643668945,2155.973175009654,0.9185513077850422,0.1413128218344725,1.077986587504827,0.5098646954893635,0.07990785946620671,0.9960095647108593
WbZt_6000_2000,WbZt,6000,2000,85,300,1.0,1.2,/eos/uscms/store/user/aji/rootfiles_existingOptimization/WbZt_6000_2000_pt300_ak10_ca12_th85.root,ok,,1000,1000,1.0,0.0,0.276,0.014135911714495106,0.145,0.61,0.472,0.472,0.528,0.015786576576319513,1997.4728663965714,692.6829051758147,2566.28910218681,0.9987364331982856,0.34634145258790733,1.283144551093405,0.46899415469682176,0.10034809438963596,0.9971205113769932
WbZt_6000_2000,WbZt,6000,2000,85,100,1.0,1.2,/eos/uscms/store/user/aji/rootfiles_existingOptimization/WbZt_6000_2000_pt100_ak10_ca12_th85.root,ok,,1000,1000,1.0,0.0,0.063,0.007683163410991596,0.0315,0.528,0.431,0.431,0.569,0.015660108556456435,2275.2060491865964,1772.8714134206355,3664.3768054676793,1.1376030245932982,0.8864357067103177,1.8321884027338398,0.4156778223939919,0.04794322899029495,0.9984381248533216
WbZt_6000_2000,WbZt,6000,2000,85,220,1.2,1.4,/eos/uscms/store/user/aji/rootfiles_existingOptimization/WbZt_6000_2000_pt220_ak12_ca14_th85.root,ok,,1000,1000,1.0,0.0,0.152,0.011353237423748346,0.0765,0.5665,0.424,0.424,0.5760000000000001,0.015627667772255716,2135.9755295390587,1034.6635672897091,2834.8590789450063,1.0679877647695295,0.5173317836448545,1.4174295394725032,0.42139890807732644,0.10837394061480102,1.0041976845542795
WbZt_6000_2000,WbZt,6000,2000,85,280,0.8,1.2,/eos/uscms/store/user/aji/rootfiles_existingOptimization/WbZt_6000_2000_pt280_ak8_ca12_th85.root,ok,,1000,1000,1.0,0.0,0.297,0.014449602070645405,0.157,0.619,0.474,0.474,0.526,0.01578999683343857,1916.934878256182,630.709231818192,2449.428737051219,0.958467439128091,0.3153546159090961,1.2247143685256094,0.4743821832089307,0.10678746976048835,1.0045354392961217
WbZt_6000_2000,WbZt,6000,2000,85,220,1.0,1.4,/eos/uscms/store/user/aji/rootfiles_existingOptimization/WbZt_6000_2000_pt220_ak10_ca14_th85.root,ok,,1000,1000,1.0,0.0,0.204,0.01274299807737567,0.1035,0.5805,0.437,0.437,0.563,0.01568537535413163,2021.4075087518022,912.4478106426069,2703.252340785995,1.010703754375901,0.4562239053213034,1.3516261703929975,0.4429597996420799,0.11838950676225635,1.00703017507967
WbZt_6000_2000,WbZt,6000,2000,85,360,1.0,1.0,/eos/uscms/store/user/aji/rootfiles_existingOptimization/WbZt_6000_2000_pt360_ak10_ca10_th85.root,ok,,1000,1000,1.0,0.0,0.329,0.014857960829131298,0.18,0.6165,0.475,0.475,0.525,0.015791611697353755,1990.2332538764617,542.1438188195661,2461.3556823259128,0.9951166269382309,0.27107190940978304,1.2306778411629564,0.4821575209258051,0.08934491930296602,1.007645858231982
WbZt_6000_2000,WbZt,6000,2000,85,300,1.2,1.2,/eos/uscms/store/user/aji/rootfiles_existingOptimization/WbZt_6000_2000_pt300_ak12_ca12_th85.root,ok,,1000,1000,1.0,0.0,0.197,0.012577400367325514,0.1015,0.583,0.444,0.444,0.556,0.015711906313366306,2108.76510755204,815.4837787198419,2699.2549282129603,1.05438255377602,0.40774188935992095,1.3496274641064803,0.4466526742942684,0.09110961316394658,1.0080909296718705
WbZt_6000_2000,WbZt,6000,2000,85,360,0.6,0.6,/eos/uscms/store/user/aji/rootfiles_existingOptimization/WbZt_6000_2000_pt360_ak6_ca6_th85.root,ok,,1000,1000,1.0,0.0,0.383,0.015372410351015223,0.2185,0.6655,0.506,0.506,0.494,0.015810249839898167,1831.0631773541545,233.02550162773053,2086.650575314661,0.9155315886770774,0.11651275081386527,1.0433252876573307,0.5061608732598122,0.08474773209335734,1.0086077143921044
WbZt_6000_2000,WbZt,6000,2000,85,180,1.2,1.4,/eos/uscms/store/user/aji/rootfiles_existingOptimization/WbZt_6000_2000_pt180_ak12_ca14_th85.root,ok,,1000,1000,1.0,0.0,0.121,0.010313049985334114,0.0605,0.5485,0.414,0.414,0.5860000000000001,0.015575750383207866,2172.814482314488,1226.6048310665246,3029.8757787527206,1.0864072411572439,0.6133024155332623,1.5149378893763603,0.41496201409826466,0.08946151912910053,1.0096027382139892
WbZt_6000_2000,WbZt,6000,2000,85,160,1.2,1.4,/eos/uscms/store/user/aji/rootfiles_existingOptimization/WbZt_6000_2000_pt160_ak12_ca14_th85.root,ok,,1000,1000,1.0,0.0,0.111,0.00993373041711924,0.0555,0.532,0.405,0.405,0.595,0.015523369479594306,2195.640744885086,1399.1072162478802,3177.2993886513304,1.097820372442543,0.6995536081239401,1.5886496943256654,0.40493695895967635,0.08386438740279469,1.0097189962039306
WbZt_6000_2000,WbZt,6000,2000,85,180,0.4,1.2,/eos/uscms/store/user/aji/rootfiles_existingOptimization/WbZt_6000_2000_pt180_ak4_ca12_th85.root,ok,,1000,1000,1.0,0.0,0.287,0.01430492922037715,0.152,0.615,0.469,0.469,0.531,0.01578096955196353,1766.937898757691,638.6462102278806,2295.8318087263474,0.8834689493788457,0.3193231051139403,1.1479159043631737,0.4689427963664174,0.11478371172846685,1.011595901428533
WbZt_6000_2000,WbZt,6000,2000,85,380,0.8,0.8,/eos/uscms/store/user/aji/rootfiles_existingOptimization/WbZt_6000_2000_pt380_ak8_ca8_th85.root,ok,,1000,1000,1.0,0.0,0.39,0.01542400726140908,0.216,0.6435,0.488,0.488,0.512,0.01580683396509244,1905.3875150502652,353.8965256998493,2247.969993218543,0.9526937575251326,0.17694826284992463,1.1239849966092716,0.4970310376649884,0.09055012888841744,1.0137616619124752
WbZt_6000_2000,WbZt,6000,2000,85,100,0.6,1.6,/eos/uscms/store/user/aji/rootfiles_existingOptimization/WbZt_6000_2000_pt100_ak6_ca16_th85.root,ok,,1000,1000,1.0,0.0,0.178,0.012096115078817662,0.0895,0.585,0.417,0.417,0.583,0.015592017188292218,1891.137909621367,958.808187035705,2575.792762119159,0.9455689548106836,0.4794040935178525,1.2878963810595794,0.4275163029773955,0.19561289595043985,1.015959407496327
WbZt_6000_2000,WbZt,6000,2000,85,200,0.8,1.4,/eos/uscms/store/user/aji/rootfiles_existingOptimization/WbZt_6000_2000_pt200_ak8_ca14_th85.root,ok,,1000,1000,1.0,0.0,0.222,0.013142145943490356,0.113,0.5855,0.438,0.438,0.562,0.01568935945155187,1935.2857518087126,856.3527497745789,2604.276989012964,0.9676428759043563,0.4281763748872895,1.302138494506482,0.45159332093588245,0.14113264410795706,1.0168290333454468
WbZt_6000_2000,WbZt,6000,2000,85,140,0.6,1.4,/eos/uscms/store/user/aji/rootfiles_existingOptimization/WbZt_6000_2000_pt140_ak6_ca14_th85.root,ok,,1000,1000,1.0,0.0,0.19,0.012405643876881199,0.0965,0.588,0.434,0.434,0.5660000000000001,0.015673034167001616,1875.4586142089704,908.7848976710794,2577.901836704226,0.9377293071044852,0.4543924488355397,1.288950918352113,0.444989008658329,0.14130012817747678,1.0172160779478805
WbZt_6000_2000,WbZt,6000,2000,85,100,0.8,1.6,/eos/uscms/store/user/aji/rootfiles_existingOptimization/WbZt_6000_2000_pt100_ak8_ca16_th85.root,ok,,1000,1000,1.0,0.0,0.129,0.010599952830083727,0.0645,0.568,0.405,0.405,0.595,0.015523369479594306,1996.7909871624674,1139.0826287637624,2836.7207827013813,0.9983954935812337,0.5695413143818813,1.4183603913506906,0.42509160068626944,0.15701937676074584,1.0202520513281461
WbZt_6000_2000,WbZt,6000,2000,85,120,0.4,1.4,/eos/uscms/store/user/aji/rootfiles_existingOptimization/WbZt_6000_2000_pt120_ak4_ca14_th85.root,ok,,1000,1000,1.0,0.0,0.215,0.012991343271578963,0.1095,0.591,0.436,0.436,0.5640000000000001,0.015681326474504636,1801.0977231788188,834.6125069562762,2443.50992582157,0.9005488615894095,0.4173062534781381,1.2217549629107851,0.4466435657987774,0.14931669192642721,1.0205886796398365
WbZt_6000_2000,WbZt,6000,2000,85,320,1.2,1.2,/eos/uscms/store/user/aji/rootfiles_existingOptimization/WbZt_6000_2000_pt320_ak12_ca12_th85.root,ok,,1000,1000,1.0,0.0,0.214,0.012969348480166612,0.112,0.576,0.434,0.434,0.5660000000000001,0.015673034167001616,2102.55536948204,781.6811655756205,2674.246133708055,1.05127768474102,0.39084058278781025,1.3371230668540275,0.45006305080057507,0.0969819625473895,1.0211908192746773
WbZt_6000_2000,WbZt,6000,2000,85,120,0.8,1.6,/eos/uscms/store/user/aji/rootfiles_existingOptimization/WbZt_6000_2000_pt120_ak8_ca16_th85.root,ok,,1000,1000,1.0,0.0,0.155,0.011444430960078356,0.0775,0.571,0.409,0.409,0.591,0.015547314880711718,1967.7075797136927,1047.2357681365581,2735.0469314488737,0.9838537898568465,0.5236178840682791,1.3675234657244368,0.4288775376770914,0.17869632797998025,1.0214921586914067
WbZt_6000_2000,WbZt,6000,2000,85,340,0.6,0.8,/eos/uscms/store/user/aji/rootfiles_existingOptimization/WbZt_6000_2000_pt340_ak6_ca8_th85.root,ok,,1000,1000,1.0,0.0,0.384,0.015379986996093333,0.216,0.657,0.501,0.501,0.499,0.015811356678033673,1832.2882265271376,233.24518264668555,2119.2207451354266,0.9161441132635688,0.11662259132334278,1.0596103725677133,0.5146503522710946,0.08759840761620136,1.0220359409447377
WbZt_6000_2000,WbZt,6000,2000,85,320,1.4,1.2,/eos/uscms/store/user/aji/rootfiles_existingOptimization/WbZt_6000_2000_pt320_ak14_ca12_th85.root,ok,,1000,1000,1.0,0.0,0.083,0.008724161850859944,0.043,0.533,0.397,0.397,0.603,0.01547226550961429,2223.583842057686,1017.4980661837725,2835.235752059158,1.1117919210288432,0.5087490330918862,1.417617876029579,0.4087405321746865,0.07787103255079209,1.0229197242775707
WbZt_6000_2000,WbZt,6000,2000,85,240,1.0,1.4,/eos/uscms/store/user/aji/rootfiles_existingOptimization/WbZt_6000_2000_pt240_ak10_ca14_th85.root,ok,,1000,1000,1.0,0.0,0.222,0.013142145943490356,0.114,0.5765,0.431,0.431,0.569,0.015660108556456435,2012.371683251385,847.4845635323244,2673.0364560692888,1.0061858416256926,0.4237422817661622,1.3365182280346444,0.45358218557006913,0.12957949132304042,1.0232007697326382
WbZt_6000_2000,WbZt,6000,2000,85,340,1.4,1.2,/eos/uscms/store/user/aji/rootfiles_existingOptimization/WbZt_6000_2000_pt340_ak14_ca12_th85.root,ok,,1000,1000,1.0,0.0,0.085,0.008819013550278738,0.0455,0.53,0.393,0.393,0.607,0.015445096309184997,2218.2463827736565,993.523837918058,2804.8310308600408,1.1091231913868282,0.496761918959029,1.4024155154300202,0.4082745737822765,0.08074031687184466,1.0261868929209594
WbZt_6000_2000,WbZt,6000,2000,85,320,1.0,1.2,/eos/uscms/store/user/aji/rootfiles_existingOptimization/WbZt_6000_2000_pt320_ak10_ca12_th85.root,ok,,1000,1000,1.0,0.0,0.297,0.014449602070645405,0.1585,0.602,0.461,0.461,0.5389999999999999,0.015763216676808068,1994.69750873149,608.7060002925726,2553.6419433444835,0.9973487543657451,0.30435300014628636,1.2768209716722416,0.4875265383694129,0.10472111831212667,1.0267916629328384
WbZt_6000_2000,WbZt,6000,2000,85,300,0.6,1.0,/eos/uscms/store/user/aji/rootfiles_existingOptimization/WbZt_6000_2000_pt300_ak6_ca10_th85.root,ok,,1000,1000,1.0,0.0,0.348,0.015063067416698366,0.1925,0.644,0.493,0.493,0.507,0.015809838708854686,1835.5659435256912,344.86825185620097,2226.540661729018,0.9177829717628456,0.1724341259281005,1.113270330864509,0.5125591963911049,0.09129259170239912,1.0277808992148203
WbZt_6000_2000,WbZt,6000,2000,85,380,1.0,1.0,/eos/uscms/store/user/aji/rootfiles_existingOptimization/WbZt_6000_2000_pt380_ak10_ca10_th85.root,ok,,1000,1000,1.0,0.0,0.349,0.01507312177354114,0.1925,0.6075,0.46,0.46,0.54,0.015760710643876435,1986.2196833080175,502.864714282275,2443.7861600543183,0.9931098416540087,0.2514323571411375,1.221893080027159,0.488596871253302,0.0981812205499025,1.0292858870879011
WbZt_6000_2000,WbZt,6000,2000,85,260,0.6,1.2,/eos/uscms/store/user/aji/rootfiles_existingOptimization/WbZt_6000_2000_pt260_ak6_ca12_th85.root,ok,,1000,1000,1.0,0.0,0.307,0.01458598642533305,0.165,0.614,0.462,0.462,0.538,0.015765658882520576,1840.8863315281046,579.9239301928461,2368.0482458735014,0.9204431657640523,0.2899619650964231,1.1840241229367507,0.4856693987717178,0.11496785880982727,1.0316250821953126
WbZt_6000_2000,WbZt,6000,2000,85,260,0.4,0.8,/eos/uscms/store/user/aji/rootfiles_existingOptimization/WbZt_6000_2000_pt260_ak4_ca8_th85.root,ok,,1000,1000,1.0,0.0,0.363,0.015206281596761254,0.203,0.651,0.506,0.506,0.494,0.015810249839898167,1734.2235705457433,240.96650339116374,2078.4468549275957,0.8671117852728718,0.12048325169558187,1.039223427463798,0.5297703199127304,0.09955778686106492,1.037059141385443
WbZt_6000_2000,WbZt,6000,2000,85,160,1.0,1.6,/eos/uscms/store/user/aji/rootfiles_existingOptimization/WbZt_6000_2000_pt160_ak10_ca16_th85.root,ok,,1000,1000,1.0,0.0,0.177,0.012069424178476784,0.0885,0.5535,0.396,0.396,0.604,0.01546557467409472,2039.8054042498813,1065.2320495399576,2829.1954118452536,1.0199027021249405,0.5326160247699789,1.414597705922627,0.43238520660601365,0.19240285450882605,1.0383754768185076
WbZt_6000_2000,WbZt,6000,2000,85,380,0.6,0.6,/eos/uscms/store/user/aji/rootfiles_existingOptimization/WbZt_6000_2000_pt380_ak6_ca6_th85.root,ok,,1000,1000,1.0,0.0,0.415,0.015581238718407466,0.2355,0.65,0.48,0.48,0.52,0.0157987341265052,1825.8719915333174,210.86884269769516,2075.077736678855,0.9129359957666587,0.10543442134884758,1.0375388683394275,0.5104982448456444,0.09174840734400652,1.0392046452689785
WbZt_6000_2000,WbZt,6000,2000,85,140,0.8,1.6,/eos/uscms/store/user/aji/rootfiles_existingOptimization/WbZt_6000_2000_pt140_ak8_ca16_th85.root,ok,,1000,1000,1.0,0.0,0.187,0.012330085157856777,0.0935,0.5645,0.401,0.401,0.599,0.015498354751392161,1948.6777267810485,965.6152843901746,2672.351541495164,0.9743388633905242,0.48280764219508726,1.3361757707475819,0.4379216310755207,0.21952584694511906,1.0394877447364683
WbZt_6000_2000,WbZt,6000,2000,85,180,1.0,1.6,/eos/uscms/store/user/aji/rootfiles_existingOptimization/WbZt_6000_2000_pt180_ak10_ca16_th85.root,ok,,1000,1000,1.0,0.0,0.198,0.012601428490452978,0.0995,0.553,0.395,0.395,0.605,0.015458816254810716,2026.7626022248633,1007.3336834440079,2764.806489817439,1.0133813011124317,0.5036668417220039,1.3824032449087194,0.4335665174708124,0.20212322479821804,1.0399046475820555
WbZt_6000_2000,WbZt,6000,2000,85,240,0.4,1.0,/eos/uscms/store/user/aji/rootfiles_existingOptimization/WbZt_6000_2000_pt240_ak4_ca10_th85.root,ok,,1000,1000,1.0,0.0,0.359,0.01516967369457893,0.1975,0.6285,0.482,0.482,0.518,0.01580113919943749,1734.2235705457433,369.02933400775004,2133.7414142768653,0.8671117852728718,0.184514667003875,1.0668707071384327,0.508790247763089,0.11281617116209738,1.040079069235802
WbZt_6000_2000,WbZt,6000,2000,85,220,0.8,1.4,/eos/uscms/store/user/aji/rootfiles_existingOptimization/WbZt_6000_2000_pt220_ak8_ca14_th85.root,ok,,1000,1000,1.0,0.0,0.249,0.013674757767507255,0.128,0.582,0.43,0.43,0.5700000000000001,0.015655669899432602,1925.4043627665524,774.8620899125633,2573.1111172617066,0.9627021813832761,0.38743104495628167,1.2865555586308535,0.46697957637462106,0.15891746021896408,1.0407093582362936
WbZt_6000_2000,WbZt,6000,2000,85,160,0.6,1.4,/eos/uscms/store/user/aji/rootfiles_existingOptimization/WbZt_6000_2000_pt160_ak6_ca14_th85.root,ok,,1000,1000,1.0,0.0,0.214,0.012969348480166612,0.1095,0.5825,0.428,0.428,0.5720000000000001,0.015646597074124455,1866.599183149112,822.02916264151,2547.732702600299,0.9332995915745559,0.411014581320755,1.2738663513001494,0.46225873115603205,0.15595653138534382,1.0409287719985765
WbZt_6000_2000,WbZt,6000,2000,85,360,1.4,1.2,/eos/uscms/store/user/aji/rootfiles_existingOptimization/WbZt_6000_2000_pt360_ak14_ca12_th85.root,ok,,1000,1000,1.0,0.0,0.097,0.00935900635751467,0.0535,0.526,0.385,0.385,0.615,0.015387494922826133,2198.3996932377786,949.4350426456233,2778.751865304872,1.0991998466188893,0.47471752132281164,1.389375932652436,0.41605646786755396,0.09043553009605602,1.040976452529443
WbZt_6000_2000,WbZt,6000,2000,85,120,0.6,1.6,/eos/uscms/store/user/aji/rootfiles_existingOptimization/WbZt_6000_2000_pt120_ak6_ca16_th85.root,ok,,1000,1000,1.0,0.0,0.194,0.012504559168559283,0.098,0.5765,0.403,0.403,0.597,0.01551099609954177,1875.279791426705,901.8940295364873,2547.732702600299,0.9376398957133525,0.45094701476824367,1.2738663513001494,0.43882483045680987,0.21676902831116196,1.0420608408854746
WbZt_6000_2000,WbZt,6000,2000,85,360,0.6,0.8,/eos/uscms/store/user/aji/rootfiles_existingOptimization/WbZt_6000_2000_pt360_ak6_ca8_th85.root,ok,,1000,1000,1.0,0.0,0.405,0.015523369479594306,0.229,0.6475,0.484,0.484,0.516,0.015803290796539814,1828.3534772048993,213.5626732170716,2114.1075507158757,0.9141767386024495,0.10678133660853578,1.0570537753579379,0.5197421891319035,0.09133669983941449,1.0443245152716587
WbZt_6000_2000,WbZt,6000,2000,85,300,0.8,1.2,/eos/uscms/store/user/aji/rootfiles_existingOptimization/WbZt_6000_2000_pt300_ak8_ca12_th85.root,ok,,1000,1000,1.0,0.0,0.316,0.014701836619960105,0.1705,0.6085,0.457,0.457,0.5429999999999999,0.015752809273269323,1909.3821443993131,536.5911343874342,2437.571005306458,0.9546910721996565,0.2682955671937171,1.2187855026532293,0.49779974021833856,0.11501174433822631,1.045330632998373
WbZt_6000_2000,WbZt,6000,2000,85,340,1.2,1.2,/eos/uscms/store/user/aji/rootfiles_existingOptimization/WbZt_6000_2000_pt340_ak12_ca12_th85.root,ok,,1000,1000,1.0,0.0,0.234,0.013388203763014663,0.1245,0.5665,0.42,0.42,0.5800000000000001,0.015607690412101336,2090.403592475438,736.3916303184529,2664.9788377636637,1.0452017962377191,0.36819581515922645,1.332489418881832,0.4612954202689143,0.10891387496855008,1.0458155998926864
WbZt_6000_2000,WbZt,6000,2000,85,260,1.2,1.4,/eos/uscms/store/user/aji/rootfiles_existingOptimization/WbZt_6000_2000_pt260_ak12_ca14_th85.root,ok,,1000,1000,1.0,0.0,0.177,0.012069424178476784,0.09,0.5565,0.408,0.408,0.5920000000000001,0.015541428505771275,2117.974064090877,897.5808629970729,2802.942502564029,1.0589870320454384,0.4487904314985365,1.4014712512820142,0.449807594878367,0.1156270672989948,1.047706298082911
WbZt_6000_2000,WbZt,6000,2000,85,280,0.4,0.6,/eos/uscms/store/user/aji/rootfiles_existingOptimization/WbZt_6000_2000_pt280_ak4_ca6_th85.root,ok,,1000,1000,1.0,0.0,0.371,0.015276092432294327,0.2115,0.655,0.505,0.505,0.495,0.01581059771166163,1722.2697580926078,170.29711820117024,2029.2776716754352,0.8611348790463039,0.08514855910058512,1.0146388358377176,0.53968913543865,0.09661067501936985,1.0485756475340198
WbZt_6000_2000,WbZt,6000,2000,85,400,1.0,1.0,/eos/uscms/store/user/aji/rootfiles_existingOptimization/WbZt_6000_2000_pt400_ak10_ca10_th85.root,ok,,1000,1000,1.0,0.0,0.372,0.015284501954594399,0.205,0.5965,0.442,0.442,0.558,0.01570464899321217,1980.3204167333397,477.2900416301678,2420.9219281406267,0.9901602083666698,0.23864502081508393,1.2104609640703134,0.49073671868631225,0.11026056416670157,1.0497206978496454
WbZt_6000_2000,WbZt,6000,2000,85,400,0.8,0.8,/eos/uscms/store/user/aji/rootfiles_existingOptimization/WbZt_6000_2000_pt400_ak8_ca8_th85.root,ok,,1000,1000,1.0,0.0,0.418,0.015597307459943206,0.2305,0.6285,0.463,0.463,0.5369999999999999,0.015768037290671277,1899.8778822229078,317.1642078436428,2247.969993218543,0.949938941111454,0.1585821039218214,1.1239849966092716,0.5081394450246997,0.10682920651234204,1.0501455509135542
WbZt_6000_2000,WbZt,6000,2000,85,260,1.0,1.4,/eos/uscms/store/user/aji/rootfiles_existingOptimization/WbZt_6000_2000_pt260_ak10_ca14_th85.root,ok,,1000,1000,1.0,0.0,0.245,0.013600551459407815,0.1265,0.569,0.417,0.417,0.583,0.015592017188292218,2003.9628184504243,775.7594446916687,2654.3923299200537,1.0019814092252122,0.38787972234583434,1.3271961649600268,0.4687294763984315,0.1517601379059756,1.0519276173209526
WbZt_6000_2000,WbZt,6000,2000,85,140,1.2,1.4,/eos/uscms/store/user/aji/rootfiles_existingOptimization/WbZt_6000_2000_pt140_ak12_ca14_th85.root,ok,,1000,1000,1.0,0.0,0.096,0.009315793041926168,0.048,0.5,0.379,0.379,0.621,0.015341414537127925,2248.8783856302534,1571.4147088016537,3465.252400236446,1.1244391928151267,0.7857073544008268,1.732626200118223,0.42106271809447804,0.07477411778889373,1.0545066373759906
WbZt_6000_2000,WbZt,6000,2000,85,280,1.0,1.4,/eos/uscms/store/user/aji/rootfiles_existingOptimization/WbZt_6000_2000_pt280_ak10_ca14_th85.root,ok,,1000,1000,1.0,0.0,0.261,0.013888088421377507,0.136,0.57,0.415,0.415,0.585,0.015581238718407468,1999.1289229608506,747.017161943102,2631.315437410272,0.9995644614804252,0.373508580971551,1.315657718705136,0.47127982938598867,0.15619650465592674,1.0563233832379462
WbZt_6000_2000,WbZt,6000,2000,85,320,0.6,1.0,/eos/uscms/store/user/aji/rootfiles_existingOptimization/WbZt_6000_2000_pt320_ak6_ca10_th85.root,ok,,1000,1000,1.0,0.0,0.373,0.015292841462592882,0.2065,0.6345,0.479,0.479,0.521,0.015797436500901024,1829.3043454384533,267.9656898470465,2195.995155020758,0.9146521727192265,0.13398284492352325,1.097997577510379,0.5269843342310533,0.09904663307296893,1.0565191169591306
WbZt_6000_2000,WbZt,6000,2000,85,160,0.8,1.6,/eos/uscms/store/user/aji/rootfiles_existingOptimization/WbZt_6000_2000_pt160_ak8_ca16_th85.root,ok,,1000,1000,1.0,0.0,0.208,0.0128349522788361,0.104,0.558,0.392,0.392,0.608,0.015438134602341048,1935.2857518087126,922.7490719943087,2658.267077266203,0.9676428759043563,0.46137453599715433,1.3291335386331016,0.44838804906455915,0.2374835738838882,1.0596237614741235
WbZt_6000_2000,WbZt,6000,2000,85,180,0.6,1.4,/eos/uscms/store/user/aji/rootfiles_existingOptimization/WbZt_6000_2000_pt180_ak6_ca14_th85.root,ok,,1000,1000,1.0,0.0,0.236,0.013427732496590778,0.121,0.5775,0.42,0.42,0.5800000000000001,0.015607690412101336,1858.431344052744,761.7849484731121,2520.411200672411,0.929215672026372,0.38089247423655603,1.2602056003362054,0.4731480282624278,0.1646558766972781,1.0602264610597907
WbZt_6000_2000,WbZt,6000,2000,85,240,0.8,1.4,/eos/uscms/store/user/aji/rootfiles_existingOptimization/WbZt_6000_2000_pt240_ak8_ca14_th85.root,ok,,1000,1000,1.0,0.0,0.27,0.014039230748157109,0.14,0.577,0.419,0.419,0.581,0.015602531845825537,1917.8621004461588,733.9143789469088,2557.4097581454826,0.9589310502230795,0.36695718947345435,1.2787048790727413,0.4753979388753675,0.20141498597845664,1.0605048338530594
WbZt_6000_2000,WbZt,6000,2000,85,380,1.4,1.2,/eos/uscms/store/user/aji/rootfiles_existingOptimization/WbZt_6000_2000_pt380_ak14_ca12_th85.root,ok,,1000,1000,1.0,0.0,0.103,0.009612023720320296,0.0575,0.5155,0.374,0.374,0.626,0.015301111070768685,2185.63896098687,908.0354078921459,2768.900329383814,1.092819480493435,0.454017703946073,1.384450164691907,0.4257027246282802,0.09990850231584449,1.0609846726776238
WbZt_6000_2000,WbZt,6000,2000,85,380,0.8,1.0,/eos/uscms/store/user/aji/rootfiles_existingOptimization/WbZt_6000_2000_pt380_ak8_ca10_th85.root,ok,,1000,1000,1.0,0.0,0.408,0.015541428505771277,0.225,0.617,0.456,0.456,0.544,0.01575004761897563,1899.9289648887084,321.82111027695953,2274.4611991390625,0.9499644824443542,0.16091055513847977,1.1372305995695313,0.5138718670401665,0.1174569779455488,1.062875418795731
WbZt_6000_2000,WbZt,6000,2000,85,360,1.2,1.2,/eos/uscms/store/user/aji/rootfiles_existingOptimization/WbZt_6000_2000_pt360_ak12_ca12_th85.root,ok,,1000,1000,1.0,0.0,0.251,0.013711272734505722,0.134,0.559,0.409,0.409,0.591,0.015547314880711718,2082.6078019302536,690.8205652943102,2646.115357945411,1.0413039009651268,0.3454102826471551,1.3230576789727053,0.4694342330896019,0.12252515664349725,1.0645646231861146
WbZt_6000_2000,WbZt,6000,2000,85,300,0.4,0.6,/eos/uscms/store/user/aji/rootfiles_existingOptimization/WbZt_6000_2000_pt300_ak4_ca6_th85.root,ok,,1000,1000,1.0,0.0,0.398,0.015478888849009803,0.228,0.6445,0.489,0.489,0.511,0.015807561481771943,1714.7606830304298,149.6381996219449,2004.3015336713001,0.857380341515215,0.07481909981097244,1.0021507668356502,0.5407936373872536,0.1027778104820824,1.066055603235732
WbZt_6000_2000,WbZt,6000,2000,85,380,0.6,0.8,/eos/uscms/store/user/aji/rootfiles_existingOptimization/WbZt_6000_2000_pt380_ak6_ca8_th85.root,ok,,1000,1000,1.0,0.0,0.438,0.015689359451551872,0.247,0.6335,0.46,0.46,0.54,0.015760710643876435,1821.534516133131,199.3311564850335,2088.1873698075606,0.9107672580665656,0.09966557824251675,1.0440936849037803,0.5184793910280412,0.0989555822460465,1.0674026652213846
WbZt_6000_2000,WbZt,6000,2000,85,400,1.4,1.2,/eos/uscms/store/user/aji/rootfiles_existingOptimization/WbZt_6000_2000_pt400_ak14_ca12_th85.root,ok,,1000,1000,1.0,0.0,0.107,0.009775019181566858,0.0595,0.512,0.37,0.37,0.63,0.015267612779999367,2176.9233731028576,896.6687173511383,2763.987878979472,1.0884616865514287,0.44833435867556914,1.381993939489736,0.42888950173904555,0.10519079091098232,1.0677356703941885
WbZt_6000_2000,WbZt,6000,2000,85,320,0.4,0.4,/eos/uscms/store/user/aji/rootfiles_existingOptimization/WbZt_6000_2000_pt320_ak4_ca4_th85.root,ok,,1000,1000,1.0,0.0,0.407,0.015535475531827147,0.235,0.6425,0.482,0.482,0.518,0.01580113919943749,1713.9388198858178,145.50269128691457,1982.3859355596876,0.8569694099429089,0.07275134564345728,0.9911929677798438,0.535866048122752,0.09757137595068244,1.0681691071284611
WbZt_6000_2000,WbZt,6000,2000,85,280,1.2,1.4,/eos/uscms/store/user/aji/rootfiles_existingOptimization/WbZt_6000_2000_pt280_ak12_ca14_th85.root,ok,,1000,1000,1.0,0.0,0.195,0.012528966437819204,0.0995,0.5505,0.398,0.398,0.602,0.015478888849009803,2111.208144890662,827.5457524116085,2773.0042898277334,1.0556040724453308,0.4137728762058043,1.3865021449138666,0.46074531829661897,0.13831107663157727,1.068305725541152
WbZt_6000_2000,WbZt,6000,2000,85,220,1.4,1.4,/eos/uscms/store/user/aji/rootfiles_existingOptimization/WbZt_6000_2000_pt220_ak14_ca14_th85.root,ok,,1000,1000,1.0,0.0,0.094,0.009228434320078352,0.047,0.497,0.357,0.357,0.643,0.015150940564862632,2291.3232193773174,1155.5348040697918,3047.570744963502,1.1456616096886587,0.577767402034896,1.523785372481751,0.41286971757041846,0.10023620305387226,1.0704358785392842
WbZt_6000_2000,WbZt,6000,2000,85,200,1.0,1.6,/eos/uscms/store/user/aji/rootfiles_existingOptimization/WbZt_6000_2000_pt200_ak10_ca16_th85.root,ok,,1000,1000,1.0,0.0,0.223,0.01316324428095141,0.1125,0.5505,0.386,0.386,0.614,0.015394934231752989,2013.5369718327975,896.4722067201382,2736.500565789956,1.0067684859163988,0.4482361033600691,1.3682502828949779,0.4569144706081444,0.2326182584470606,1.0715913191997841
WbZt_6000_2000,WbZt,6000,2000,85,360,1.0,1.2,/eos/uscms/store/user/aji/rootfiles_existingOptimization/WbZt_6000_2000_pt360_ak10_ca12_th85.root,ok,,1000,1000,1.0,0.0,0.344,0.015022117027902558,0.1875,0.58,0.431,0.431,0.569,0.015660108556456435,1982.7735605749865,517.4981196352445,2514.98507206029,0.9913867802874932,0.25874905981762225,1.257492536030145,0.5037103056401943,0.1301344647247155,1.0735716276114449
WbZt_6000_2000,WbZt,6000,2000,85,120,1.0,1.6,/eos/uscms/store/user/aji/rootfiles_existingOptimization/WbZt_6000_2000_pt120_ak10_ca16_th85.root,ok,,1000,1000,1.0,0.0,0.12,0.010276186062932104,0.06,0.521,0.372,0.372,0.628,0.015284501954594399,2111.8301189242948,1268.3450763866042,3132.7386549706066,1.0559150594621476,0.6341725381933021,1.5663693274853034,0.44141656136945107,0.12965288858298624,1.075008067315666
WbZt_6000_2000,WbZt,6000,2000,85,200,1.4,1.4,/eos/uscms/store/user/aji/rootfiles_existingOptimization/WbZt_6000_2000_pt200_ak14_ca14_th85.root,ok,,1000,1000,1.0,0.0,0.086,0.008865889690267977,0.043,0.4935,0.355,0.355,0.645,0.015131919904625453,2312.600603723293,1245.097709337471,3164.1869202666594,1.1563003018616465,0.6225488546687356,1.5820934601333296,0.4149201569521883,0.09214521010938684,1.075550187138353
WbZt_6000_2000,WbZt,6000,2000,85,100,0.4,1.6,/eos/uscms/store/user/aji/rootfiles_existingOptimization/WbZt_6000_2000_pt100_ak4_ca16_th85.root,ok,,1000,1000,1.0,0.0,0.225,0.013205112646244258,0.114,0.5745,0.387,0.387,0.613,0.015402305022301045,1815.4219962775815,808.6619586069379,2463.1938290695766,0.9077109981387906,0.40433097930346895,1.2315969145347883,0.4556879540556304,0.23544571852675517,1.0779168542417514
WbZt_6000_2000,WbZt,6000,2000,85,260,0.8,1.4,/eos/uscms/store/user/aji/rootfiles_existingOptimization/WbZt_6000_2000_pt260_ak8_ca14_th85.root,ok,,1000,1000,1.0,0.0,0.288,0.014319776534569246,0.15,0.573,0.411,0.411,0.589,0.015558888135082147,1908.8561543838607,680.1009926439285,2531.5298164845763,0.9544280771919305,0.3400504963219642,1.2657649082422882,0.48495765895944387,0.23264246250597365,1.078514851240251
WbZt_6000_2000,WbZt,6000,2000,85,280,0.4,0.8,/eos/uscms/store/user/aji/rootfiles_existingOptimization/WbZt_6000_2000_pt280_ak4_ca8_th85.root,ok,,1000,1000,1.0,0.0,0.395,0.015458816254810716,0.2235,0.6345,0.482,0.482,0.518,0.01580113919943749,1715.4113523899318,169.60963692856052,2049.6309069050803,0.857705676194966,0.08480481846428026,1.0248154534525402,0.5479797214112089,0.10456498314372076,1.0802091537917122
WbZt_6000_2000,WbZt,6000,2000,85,300,1.2,1.4,/eos/uscms/store/user/aji/rootfiles_existingOptimization/WbZt_6000_2000_pt300_ak12_ca14_th85.root,ok,,1000,1000,1.0,0.0,0.21,0.01288021738946979,0.108,0.546,0.389,0.389,0.611,0.015416841440450765,2103.222471321656,800.452201283418,2755.335239286553,1.051611235660828,0.400226100641709,1.3776676196432764,0.4647352014964672,0.16177159021600296,1.0808963250625498
WbZt_6000_2000,WbZt,6000,2000,85,400,0.6,0.6,/eos/uscms/store/user/aji/rootfiles_existingOptimization/WbZt_6000_2000_pt400_ak6_ca6_th85.root,ok,,1000,1000,1.0,0.0,0.456,0.015750047618975634,0.261,0.626,0.442,0.442,0.558,0.01570464899321217,1808.5300368254302,194.13318565901693,2051.4861547800397,0.9042650184127152,0.09706659282950846,1.0257430773900198,0.5134979600287127,0.11611853630338063,1.0810714581874412
WbZt_6000_2000,WbZt,6000,2000,85,220,1.2,1.6,/eos/uscms/store/user/aji/rootfiles_existingOptimization/WbZt_6000_2000_pt220_ak12_ca16_th85.root,ok,,1000,1000,1.0,0.0,0.177,0.012069424178476784,0.089,0.5425,0.377,0.377,0.623,0.01532550162311172,2126.3462141966393,940.0899424563734,2861.43371709955,1.0631731070983197,0.47004497122818667,1.430716858549775,0.45179467055158856,0.20048212857020087,1.0811119812614205
WbZt_6000_2000,WbZt,6000,2000,85,180,1.2,1.6,/eos/uscms/store/user/aji/rootfiles_existingOptimization/WbZt_6000_2000_pt180_ak12_ca16_th85.root,ok,,1000,1000,1.0,0.0,0.144,0.011102432165971562,0.072,0.5295,0.368,0.368,0.632,0.015250442616527561,2158.971238952995,1113.1350531639118,3030.97704091624,1.0794856194764977,0.556567526581956,1.51548852045812,0.4441564466329797,0.16448739336676488,1.0841050085806296
WbZt_6000_2000,WbZt,6000,2000,85,240,1.4,1.4,/eos/uscms/store/user/aji/rootfiles_existingOptimization/WbZt_6000_2000_pt240_ak14_ca14_th85.root,ok,,1000,1000,1.0,0.0,0.102,0.009570579919733181,0.051,0.4965,0.353,0.353,0.647,0.015112610628213776,2267.2440806187815,1070.6423495793995,2996.76282398298,1.1336220403093906,0.5353211747896998,1.49838141199149,0.42477130955346887,0.11729915728029136,1.0851335135844078
WbZt_6000_2000,WbZt,6000,2000,85,140,0.6,1.6,/eos/uscms/store/user/aji/rootfiles_existingOptimization/WbZt_6000_2000_pt140_ak6_ca16_th85.root,ok,,1000,1000,1.0,0.0,0.221,0.013120937466507492,0.112,0.5615,0.386,0.386,0.614,0.015394934231752989,1860.300067328993,816.3444864279244,2550.274568225036,0.9301500336644966,0.40817224321396217,1.275137284112518,0.4660350532284496,0.2442786489075377,1.087020049862
WbZt_6000_2000,WbZt,6000,2000,85,320,0.4,0.6,/eos/uscms/store/user/aji/rootfiles_existingOptimization/WbZt_6000_2000_pt320_ak4_ca6_th85.root,ok,,1000,1000,1.0,0.0,0.425,0.01563249820086348,0.244,0.633,0.469,0.469,0.531,0.01578096955196353,1713.3334081135386,137.82122324833816,1994.8460683195087,0.8566667040567693,0.06891061162416907,0.9974230341597543,0.5419332968928222,0.10439289291677195,1.0872666264871453
WbZt_6000_2000,WbZt,6000,2000,85,160,0.4,1.4,/eos/uscms/store/user/aji/rootfiles_existingOptimization/WbZt_6000_2000_pt160_ak4_ca14_th85.root,ok,,1000,1000,1.0,0.0,0.27,0.014039230748157109,0.1395,0.5665,0.405,0.405,0.595,0.015523369479594306,1766.538830795923,675.9092946753457,2383.626027761435,0.8832694153979616,0.3379546473376729,1.1918130138807175,0.48335103177909444,0.19648438957983433,1.0900240902392984
WbZt_6000_2000,WbZt,6000,2000,85,300,1.0,1.4,/eos/uscms/store/user/aji/rootfiles_existingOptimization/WbZt_6000_2000_pt300_ak10_ca14_th85.root,ok,,1000,1000,1.0,0.0,0.286,0.014289996501049255,0.15,0.56,0.402,0.402,0.598,0.015504708962118573,1991.9194596824268,659.4358210639708,2618.3750587140435,0.9959597298412133,0.3297179105319854,1.3091875293570217,0.4917214971037001,0.2046527591096914,1.0901255241195789
WbZt_6000_2000,WbZt,6000,2000,85,240,1.2,1.6,/eos/uscms/store/user/aji/rootfiles_existingOptimization/WbZt_6000_2000_pt240_ak12_ca16_th85.root,ok,,1000,1000,1.0,0.0,0.188,0.012355403676124872,0.095,0.5385,0.37,0.37,0.63,0.015267612779999367,2117.562461713332,897.5808629970729,2824.424542208022,1.058781230856666,0.4487904314985365,1.412212271104011,0.4549673773617825,0.21648752086475634,1.090845500447449
WbZt_6000_2000,WbZt,6000,2000,85,380,1.0,1.2,/eos/uscms/store/user/aji/rootfiles_existingOptimization/WbZt_6000_2000_pt380_ak10_ca12_th85.root,ok,,1000,1000,1.0,0.0,0.364,0.015215255502291114,0.2,0.5715,0.417,0.417,0.583,0.015592017188292218,1978.6491481632693,485.63151138517793,2496.0364414845517,0.9893245740816345,0.24281575569258895,1.2480182207422759,0.5080246116310168,0.15106496103422146,1.0920921542228532
WbZt_6000_2000,WbZt,6000,2000,85,220,1.0,1.6,/eos/uscms/store/user/aji/rootfiles_existingOptimization/WbZt_6000_2000_pt220_ak10_ca16_th85.root,ok,,1000,1000,1.0,0.0,0.24,0.013505554412907307,0.1215,0.5475,0.379,0.379,0.621,0.015341414537127925,2007.443703848126,822.8176921373725,2719.356266245595,1.003721851924063,0.4114088460686863,1.3596781331227976,0.4723765280372979,0.2630933951112552,1.0937487132297044
WbZt_6000_2000,WbZt,6000,2000,85,320,1.2,1.4,/eos/uscms/store/user/aji/rootfiles_existingOptimization/WbZt_6000_2000_pt320_ak12_ca14_th85.root,ok,,1000,1000,1.0,0.0,0.227,0.013246546719805883,0.1185,0.5395,0.38,0.38,0.62,0.015349267083479915,2095.639498906377,756.6358797412048,2730.231628158772,1.0478197494531885,0.3783179398706024,1.365115814079386,0.4708815016722821,0.17867491873275743,1.095663476617601
WbZt_6000_2000,WbZt,6000,2000,85,160,1.2,1.6,/eos/uscms/store/user/aji/rootfiles_existingOptimization/WbZt_6000_2000_pt160_ak12_ca16_th85.root,ok,,1000,1000,1.0,0.0,0.13,0.010634848376916336,0.065,0.5155,0.362,0.362,0.638,0.015197236590906913,2182.256751885423,1233.790415656308,3197.4948130729886,1.0911283759427115,0.616895207828154,1.5987474065364944,0.44992515104377206,0.14587030888813468,1.0970379886380432
WbZt_6000_2000,WbZt,6000,2000,85,220,0.4,1.2,/eos/uscms/store/user/aji/rootfiles_existingOptimization/WbZt_6000_2000_pt220_ak4_ca12_th85.root,ok,,1000,1000,1.0,0.0,0.352,0.015102847413650183,0.192,0.5905,0.435,0.435,0.565,0.015677212762477903,1734.2235705457433,434.81746981521303,2237.64502687928,0.8671117852728718,0.2174087349076065,1.1188225134396401,0.5197794528005217,0.13807177566046608,1.0980682742732344
WbZt_6000_2000,WbZt,6000,2000,85,300,0.4,0.8,/eos/uscms/store/user/aji/rootfiles_existingOptimization/WbZt_6000_2000_pt300_ak4_ca8_th85.root,ok,,1000,1000,1.0,0.0,0.424,0.01562766777225572,0.241,0.623,0.464,0.464,0.536,0.015770351930125083,1708.1186944456922,148.24167233788904,2022.037504344222,0.8540593472228462,0.07412083616894452,1.011018752172111,0.5484969627987138,0.11341916229757586,1.0990910280764292
WbZt_6000_2000,WbZt,6000,2000,85,120,1.2,1.0,/eos/uscms/store/user/aji/rootfiles_existingOptimization/WbZt_6000_2000_pt120_ak12_ca10_th85.root,ok,,1000,1000,1.0,0.0,0.034,0.005730968504537431,0.017,0.519,0.451,0.451,0.5489999999999999,0.015735278834517044,2374.513034281498,1925.6650666820015,4465.630586098239,1.187256517140749,0.9628325333410007,2.2328152930491196,0.5348392455097227,0.020861639375425123,1.1025648972237976
WbZt_6000_2000,WbZt,6000,2000,85,360,0.6,1.0,/eos/uscms/store/user/aji/rootfiles_existingOptimization/WbZt_6000_2000_pt360_ak6_ca10_th85.root,ok,,1000,1000,1.0,0.0,0.423,0.015622771841129857,0.238,0.61,0.442,0.442,0.558,0.01570464899321217,1817.6330099847494,209.9627009429124,2157.215693209297,0.9088165049923747,0.1049813504714562,1.0786078466046485,0.5356562577730482,0.12435268694681645,1.1027746072738107
WbZt_6000_2000,WbZt,6000,2000,85,240,1.0,1.6,/eos/uscms/store/user/aji/rootfiles_existingOptimization/WbZt_6000_2000_pt240_ak10_ca16_th85.root,ok,,1000,1000,1.0,0.0,0.259,0.013853483316480371,0.1325,0.545,0.376,0.376,0.624,0.015317441039547044,1996.0173059973672,767.9571798973666,2682.669092523079,0.9980086529986836,0.3839785899486833,1.3413345462615396,0.4796330940800566,0.2725412904975511,1.1038322287801883
WbZt_6000_2000,WbZt,6000,2000,85,400,0.6,0.8,/eos/uscms/store/user/aji/rootfiles_existingOptimization/WbZt_6000_2000_pt400_ak6_ca8_th85.root,ok,,1000,1000,1.0,0.0,0.476,0.01579316307773715,0.271,0.6115,0.424,0.424,0.5760000000000001,0.015627667772255716,1804.076436625188,184.18356994699118,2057.4772466313357,0.9020382183125941,0.0920917849734956,1.028738623315668,0.5191835663539396,0.1353519207031696,1.10497974452268
WbZt_6000_2000,WbZt,6000,2000,85,180,1.4,1.4,/eos/uscms/store/user/aji/rootfiles_existingOptimization/WbZt_6000_2000_pt180_ak14_ca14_th85.root,ok,,1000,1000,1.0,0.0,0.08,0.008579044235810887,0.04,0.4715,0.34,0.34,0.6599999999999999,0.014979986648859205,2345.740024151608,1367.428818213479,3388.161731279339,1.172870012075804,0.6837144091067395,1.6940808656396695,0.43072397031651144,0.08750000996644451,1.1080109715240918
WbZt_6000_2000,WbZt,6000,2000,85,360,0.8,1.2,/eos/uscms/store/user/aji/rootfiles_existingOptimization/WbZt_6000_2000_pt360_ak8_ca12_th85.root,ok,,1000,1000,1.0,0.0,0.391,0.015431104950715617,0.2155,0.584,0.424,0.424,0.5760000000000001,0.015627667772255716,1893.574398192978,351.92491302461553,2358.803721038921,0.9467871990964889,0.17596245651230777,1.1794018605194607,0.5299181299476413,0.16737124211896603,1.1112394100379925
WbZt_6000_2000,WbZt,6000,2000,85,200,0.8,1.6,/eos/uscms/store/user/aji/rootfiles_existingOptimization/WbZt_6000_2000_pt200_ak8_ca16_th85.root,ok,,1000,1000,1.0,0.0,0.253,0.013747399754135324,0.1285,0.545,0.374,0.374,0.626,0.015301111070768685,1921.6371996689986,775.7413216393933,2626.042459054471,0.9608185998344992,0.3878706608196966,1.3130212295272354,0.48143872780298785,0.2839036497640719,1.111356867819538
WbZt_6000_2000,WbZt,6000,2000,85,260,1.2,1.6,/eos/uscms/store/user/aji/rootfiles_existingOptimization/WbZt_6000_2000_pt260_ak12_ca16_th85.root,ok,,1000,1000,1.0,0.0,0.202,0.012696298673235441,0.1025,0.5345,0.362,0.362,0.638,0.015197236590906913,2111.367554879341,838.3304637384364,2817.1483186109067,1.0556837774396706,0.4191652318692182,1.4085741593054535,0.46861046299102443,0.2408521611092342,1.1121788407349915
WbZt_6000_2000,WbZt,6000,2000,85,160,0.6,1.6,/eos/uscms/store/user/aji/rootfiles_existingOptimization/WbZt_6000_2000_pt160_ak6_ca16_th85.root,ok,,1000,1000,1.0,0.0,0.244,0.013581752464244074,0.1245,0.555,0.377,0.377,0.623,0.01532550162311172,1847.9662329774906,750.8992437392398,2531.1017166004553,0.9239831164887453,0.3754496218696199,1.2655508583002277,0.48166531430417636,0.27479060617977014,1.1122670026553019
WbZt_6000_2000,WbZt,6000,2000,85,340,0.4,0.6,/eos/uscms/store/user/aji/rootfiles_existingOptimization/WbZt_6000_2000_pt340_ak4_ca6_th85.root,ok,,1000,1000,1.0,0.0,0.461,0.015763216676808068,0.266,0.6165,0.445,0.445,0.5549999999999999,0.01571543826942157,1699.6499138740037,130.53362500020438,1984.7423074822086,0.8498249569370018,0.06526681250010219,0.9923711537411043,0.5454678246815298,0.12312269275681825,1.1154853289878295
WbZt_6000_2000,WbZt,6000,2000,85,320,1.0,1.4,/eos/uscms/store/user/aji/rootfiles_existingOptimization/WbZt_6000_2000_pt320_ak10_ca14_th85.root,ok,,1000,1000,1.0,0.0,0.307,0.01458598642533305,0.1635,0.5525,0.392,0.392,0.608,0.015438134602341048,1984.7729372247054,591.341286181605,2604.9818873623585,0.9923864686123527,0.2956706430908025,1.3024909436811791,0.5072722837495994,0.2305127652614563,1.116033636888364
WbZt_6000_2000,WbZt,6000,2000,85,320,0.4,0.8,/eos/uscms/store/user/aji/rootfiles_existingOptimization/WbZt_6000_2000_pt320_ak4_ca8_th85.root,ok,,1000,1000,1.0,0.0,0.449,0.015728922404284407,0.256,0.613,0.446,0.446,0.554,0.01571890581433708,1702.3292289049145,137.55539816225922,2003.6446174372013,0.8511646144524573,0.06877769908112961,1.0018223087186007,0.5480988012158412,0.11981412069753261,1.1169823397705956
WbZt_6000_2000,WbZt,6000,2000,85,340,1.2,1.4,/eos/uscms/store/user/aji/rootfiles_existingOptimization/WbZt_6000_2000_pt340_ak12_ca14_th85.root,ok,,1000,1000,1.0,0.0,0.245,0.013600551459407815,0.13,0.532,0.369,0.369,0.631,0.015259062880793171,2080.2025033556197,716.0275130836641,2722.760171879774,1.0401012516778099,0.358013756541832,1.361380085939887,0.48234069893652326,0.19987109775576203,1.1173508241043042
WbZt_6000_2000,WbZt,6000,2000,85,280,1.4,1.4,/eos/uscms/store/user/aji/rootfiles_existingOptimization/WbZt_6000_2000_pt280_ak14_ca14_th85.root,ok,,1000,1000,1.0,0.0,0.12,0.010276186062932104,0.061,0.486,0.336,0.336,0.6639999999999999,0.014936666294725877,2240.4090092775286,960.7739267926586,2943.6934089575607,1.1202045046387643,0.48038696339632925,1.4718467044787804,0.4425351518302322,0.1395657358279963,1.1185556022941086
WbZt_6000_2000,WbZt,6000,2000,85,280,0.8,1.4,/eos/uscms/store/user/aji/rootfiles_existingOptimization/WbZt_6000_2000_pt280_ak8_ca14_th85.root,ok,,1000,1000,1.0,0.0,0.313,0.014663935351739656,0.165,0.563,0.398,0.398,0.602,0.015478888849009803,1900.196176804516,562.5236707692297,2513.5784303931155,0.9500980884022581,0.28126183538461486,1.2567892151965578,0.5133824558327701,0.25405348627817026,1.1203726469925441
WbZt_6000_2000,WbZt,6000,2000,85,380,0.6,1.0,/eos/uscms/store/user/aji/rootfiles_existingOptimization/WbZt_6000_2000_pt380_ak6_ca10_th85.root,ok,,1000,1000,1.0,0.0,0.453,0.015741378592740853,0.2545,0.5995,0.422,0.422,0.5780000000000001,0.015617810345883958,1806.857476462998,195.56108101557135,2121.15256952294,0.9034287382314989,0.09778054050778567,1.06057628476147,0.5328564963177942,0.1646524672094196,1.1205136224946444
WbZt_6000_2000,WbZt,6000,2000,85,240,0.6,1.4,/eos/uscms/store/user/aji/rootfiles_existingOptimization/WbZt_6000_2000_pt240_ak6_ca14_th85.root,ok,,1000,1000,1.0,0.0,0.299,0.014477534320456644,0.1595,0.56,0.392,0.392,0.608,0.015438134602341048,1830.435624817405,611.8775975924543,2457.930705891701,0.9152178124087024,0.3059387987962272,1.2289653529458506,0.5042660564704099,0.2559126210156133,1.1207442752295398
WbZt_6000_2000,WbZt,6000,2000,85,280,1.2,1.6,/eos/uscms/store/user/aji/rootfiles_existingOptimization/WbZt_6000_2000_pt280_ak12_ca16_th85.root,ok,,1000,1000,1.0,0.0,0.219,0.013078187947877183,0.1115,0.5305,0.356,0.356,0.644,0.015141466243399283,2099.8260963999,800.8798569998324,2789.4168605783016,1.0499130481999501,0.4004399284999162,1.3947084302891508,0.4735004024827976,0.27194889928139176,1.1224917073027927
WbZt_6000_2000,WbZt,6000,2000,85,300,1.4,1.4,/eos/uscms/store/user/aji/rootfiles_existingOptimization/WbZt_6000_2000_pt300_ak14_ca14_th85.root,ok,,1000,1000,1.0,0.0,0.128,0.010564847372300274,0.065,0.485,0.332,0.332,0.6679999999999999,0.014892145580808697,2233.0383672938165,937.669149638897,2919.6954684605234,1.1165191836469082,0.4688345748194485,1.4598477342302618,0.4437958496036978,0.16280605598617592,1.1234477679683885
WbZt_6000_2000,WbZt,6000,2000,85,220,1.4,1.6,/eos/uscms/store/user/aji/rootfiles_existingOptimization/WbZt_6000_2000_pt220_ak14_ca16_th85.root,ok,,1000,1000,1.0,0.0,0.109,0.00985489725973843,0.0545,0.481,0.324,0.324,0.6759999999999999,0.014799459449588017,2275.7637024947953,1098.2093980632642,3089.47753601104,1.1378818512473976,0.5491046990316321,1.5447387680055198,0.4374944849864811,0.16192109434056876,1.1272826701112209
WbZt_6000_2000,WbZt,6000,2000,85,220,0.8,1.6,/eos/uscms/store/user/aji/rootfiles_existingOptimization/WbZt_6000_2000_pt220_ak8_ca16_th85.root,ok,,1000,1000,1.0,0.0,0.278,0.01416742743055351,0.1425,0.541,0.366,0.366,0.634,0.01523299051401267,1906.6842988446806,715.6410645237501,2585.3627546889834,0.9533421494223402,0.35782053226187505,1.2926813773444916,0.49030709784995763,0.29747306360155346,1.1289728829077235
WbZt_6000_2000,WbZt,6000,2000,85,300,0.6,1.2,/eos/uscms/store/user/aji/rootfiles_existingOptimization/WbZt_6000_2000_pt300_ak6_ca12_th85.root,ok,,1000,1000,1.0,0.0,0.361,0.01518812035770062,0.199,0.5885,0.431,0.431,0.569,0.015660108556456435,1824.4224776052865,306.93637971713844,2328.638503208526,0.9122112388026433,0.15346818985856922,1.1643192516042629,0.5540663273741966,0.14646896787595154,1.1318452034939321
WbZt_6000_2000,WbZt,6000,2000,85,200,1.4,1.6,/eos/uscms/store/user/aji/rootfiles_existingOptimization/WbZt_6000_2000_pt200_ak14_ca16_th85.root,ok,,1000,1000,1.0,0.0,0.101,0.009528850927577786,0.0505,0.4775,0.323,0.323,0.677,0.014787528529135624,2298.593728934872,1191.5838471374802,3215.2690926608134,1.149296864467436,0.5957919235687401,1.6076345463304067,0.44020072360962054,0.1363806209980086,1.1321304100563643
WbZt_6000_2000,WbZt,6000,2000,85,180,0.4,1.4,/eos/uscms/store/user/aji/rootfiles_existingOptimization/WbZt_6000_2000_pt180_ak4_ca14_th85.root,ok,,1000,1000,1.0,0.0,0.301,0.014505137021069467,0.159,0.559,0.387,0.387,0.613,0.015402305022301045,1737.0707896502859,602.2748757481925,2362.840826744466,0.8685353948251429,0.30113743787409625,1.181420413372233,0.5067628681243088,0.23241819444541229,1.1329093286417944
WbZt_6000_2000,WbZt,6000,2000,85,380,0.8,1.2,/eos/uscms/store/user/aji/rootfiles_existingOptimization/WbZt_6000_2000_pt380_ak8_ca12_th85.root,ok,,1000,1000,1.0,0.0,0.418,0.015597307459943206,0.23,0.572,0.405,0.405,0.595,0.015523369479594306,1882.653163869098,314.36537952174064,2319.5465934515673,0.9413265819345491,0.15718268976087033,1.1597732967257837,0.5325413231741839,0.2386821091971137,1.133408664980729
WbZt_6000_2000,WbZt,6000,2000,85,280,0.4,1.0,/eos/uscms/store/user/aji/rootfiles_existingOptimization/WbZt_6000_2000_pt280_ak4_ca10_th85.root,ok,,1000,1000,1.0,0.0,0.419,0.015602531845825536,0.2355,0.6005,0.444,0.444,0.556,0.015711906313366306,1699.9237409518328,163.6286077020326,2078.1596169074787,0.8499618704759163,0.0818143038510163,1.0390798084537394,0.5631226163514398,0.13181051624719148,1.1341264293038482
WbZt_6000_2000,WbZt,6000,2000,85,260,1.6,1.4,/eos/uscms/store/user/aji/rootfiles_existingOptimization/WbZt_6000_2000_pt260_ak16_ca14_th85.root,ok,,1000,1000,1.0,0.0,0.032,0.005565608681896348,0.016,0.444,0.296,0.296,0.704,0.014435511767859151,2370.7168603674163,1260.0406056718314,3219.1985955478867,1.1853584301837081,0.6300203028359157,1.6095992977739435,0.4131994888610239,0.11293962167546187,1.1357353318793948
WbZt_6000_2000,WbZt,6000,2000,85,360,1.2,1.4,/eos/uscms/store/user/aji/rootfiles_existingOptimization/WbZt_6000_2000_pt360_ak12_ca14_th85.root,ok,,1000,1000,1.0,0.0,0.261,0.013888088421377507,0.139,0.525,0.359,0.359,0.641,0.01516967369457893,2067.1126782928827,670.5503569799796,2702.495921931354,1.0335563391464415,0.3352751784899898,1.351247960965677,0.4914936631875937,0.2476486171009733,1.1358492971022378
WbZt_6000_2000,WbZt,6000,2000,85,180,0.6,1.6,/eos/uscms/store/user/aji/rootfiles_existingOptimization/WbZt_6000_2000_pt180_ak6_ca16_th85.root,ok,,1000,1000,1.0,0.0,0.265,0.013956181426163821,0.1355,0.5455,0.366,0.366,0.634,0.01523299051401267,1840.9123770150966,701.9186674988196,2521.8741861788176,0.9204561885075483,0.3509593337494098,1.260937093089409,0.4943080239459637,0.3026707585472958,1.1362624050952088
WbZt_6000_2000,WbZt,6000,2000,85,140,1.2,1.6,/eos/uscms/store/user/aji/rootfiles_existingOptimization/WbZt_6000_2000_pt140_ak12_ca16_th85.root,ok,,1000,1000,1.0,0.0,0.114,0.010050074626588601,0.057,0.4825,0.337,0.337,0.663,0.014947608504372864,2234.3854605809283,1399.4581448391898,3467.1974907771537,1.1171927302904638,0.6997290724195948,1.733598745388577,0.4627087363431831,0.11734012387955883,1.1374280093722295
WbZt_6000_2000,WbZt,6000,2000,85,340,1.0,1.4,/eos/uscms/store/user/aji/rootfiles_existingOptimization/WbZt_6000_2000_pt340_ak10_ca14_th85.root,ok,,1000,1000,1.0,0.0,0.326,0.01482309009619789,0.176,0.5435,0.379,0.379,0.621,0.015341414537127925,1975.5588969362757,554.457645822003,2591.7933639781763,0.9877794484681379,0.2772288229110015,1.295896681989088,0.5156352770134319,0.26152324834663354,1.137857332166618
WbZt_6000_2000,WbZt,6000,2000,85,240,1.4,1.6,/eos/uscms/store/user/aji/rootfiles_existingOptimization/WbZt_6000_2000_pt240_ak14_ca16_th85.root,ok,,1000,1000,1.0,0.0,0.119,0.010239091756596383,0.0595,0.479,0.319,0.319,0.681,0.01473902981881779,2255.084102913505,1027.0149839519638,3035.3253465795237,1.1275420514567525,0.5135074919759819,1.5176626732897618,0.4452850250757565,0.18296318552267982,1.1390392302214318
WbZt_6000_2000,WbZt,6000,2000,85,360,0.4,0.6,/eos/uscms/store/user/aji/rootfiles_existingOptimization/WbZt_6000_2000_pt360_ak4_ca6_th85.root,ok,,1000,1000,1.0,0.0,0.49,0.0158082257068907,0.2845,0.605,0.426,0.426,0.5740000000000001,0.015637263187655313,1685.1727317109917,126.40800292520345,1977.8758781256827,0.842586365855496,0.06320400146260173,0.9889379390628413,0.5493406819254203,0.1367401726364679,1.1390820453398707
WbZt_6000_2000,WbZt,6000,2000,85,300,1.2,1.6,/eos/uscms/store/user/aji/rootfiles_existingOptimization/WbZt_6000_2000_pt300_ak12_ca16_th85.root,ok,,1000,1000,1.0,0.0,0.234,0.013388203763014663,0.12,0.5245,0.347,0.347,0.653,0.01505293991218991,2089.948962762165,759.038337924078,2775.6531162349274,1.0449744813810826,0.37951916896203897,1.3878265581174638,0.4824555083023669,0.284563310264132,1.1399529564404751
WbZt_6000_2000,WbZt,6000,2000,85,240,1.6,1.4,/eos/uscms/store/user/aji/rootfiles_existingOptimization/WbZt_6000_2000_pt240_ak16_ca14_th85.root,ok,,1000,1000,1.0,0.0,0.026,0.0050322956987840055,0.013,0.436,0.297,0.297,0.7030000000000001,0.014449602070645405,2398.4311328431304,1336.8624798458793,3343.7031749348794,1.1992155664215653,0.6684312399229396,1.6718515874674398,0.41836529463117533,0.09945920516720301,1.1412868512733318
WbZt_6000_2000,WbZt,6000,2000,85,340,0.4,0.8,/eos/uscms/store/user/aji/rootfiles_existingOptimization/WbZt_6000_2000_pt340_ak4_ca8_th85.root,ok,,1000,1000,1.0,0.0,0.482,0.01580113919943749,0.2765,0.5975,0.424,0.424,0.5760000000000001,0.015627667772255716,1687.306383828451,130.4793243174745,1992.8925151138405,0.8436531919142256,0.06523966215873725,0.9964462575569204,0.5518894519235453,0.1421085509731676,1.1435241327321228
WbZt_6000_2000,WbZt,6000,2000,85,320,1.4,1.4,/eos/uscms/store/user/aji/rootfiles_existingOptimization/WbZt_6000_2000_pt320_ak14_ca14_th85.root,ok,,1000,1000,1.0,0.0,0.146,0.011166198995181842,0.0745,0.4765,0.318,0.318,0.6819999999999999,0.014726710426975877,2219.980625443533,886.2570996920008,2901.0066132892425,1.1099903127217665,0.44312854984600036,1.4505033066446213,0.453776373204769,0.19677973166331728,1.1467754044769456
WbZt_6000_2000,WbZt,6000,2000,85,280,1.0,1.6,/eos/uscms/store/user/aji/rootfiles_existingOptimization/WbZt_6000_2000_pt280_ak10_ca16_th85.root,ok,,1000,1000,1.0,0.0,0.298,0.014463609508003178,0.1545,0.536,0.359,0.359,0.641,0.01516967369457893,1983.6492165784257,636.9636371943923,2641.0534802028806,0.9918246082892129,0.31848181859719615,1.3205267401014402,0.5051522785024765,0.3057518133412709,1.1469698176735552
WbZt_6000_2000,WbZt,6000,2000,85,260,1.4,1.6,/eos/uscms/store/user/aji/rootfiles_existingOptimization/WbZt_6000_2000_pt260_ak14_ca16_th85.root,ok,,1000,1000,1.0,0.0,0.127,0.010529529904036551,0.0635,0.476,0.313,0.313,0.687,0.014663935351739654,2243.438004212697,994.395989263117,3004.1093868771013,1.1217190021063486,0.4971979946315585,1.5020546934385506,0.44790927893709825,0.21026090077170279,1.147081179147733
WbZt_6000_2000,WbZt,6000,2000,85,400,0.6,1.0,/eos/uscms/store/user/aji/rootfiles_existingOptimization/WbZt_6000_2000_pt400_ak6_ca10_th85.root,ok,,1000,1000,1.0,0.0,0.489,0.015807561481771943,0.2775,0.5825,0.392,0.392,0.608,0.015438134602341048,1783.441784944629,182.59603850207142,2067.15294053296,0.8917208924723146,0.09129801925103571,1.03357647026648,0.5283483088542189,0.24288046978169686,1.1471762196069875
WbZt_6000_2000,WbZt,6000,2000,85,240,0.4,1.2,/eos/uscms/store/user/aji/rootfiles_existingOptimization/WbZt_6000_2000_pt240_ak4_ca12_th85.root,ok,,1000,1000,1.0,0.0,0.38,0.015349267083479915,0.208,0.5795,0.422,0.422,0.5780000000000001,0.015617810345883958,1714.839554876798,304.1253354253337,2207.4116553571107,0.857419777438399,0.15206266771266683,1.1037058276785554,0.5549458882374911,0.1589013217996135,1.1472039104936513
WbZt_6000_2000,WbZt,6000,2000,85,140,0.4,1.6,/eos/uscms/store/user/aji/rootfiles_existingOptimization/WbZt_6000_2000_pt140_ak4_ca16_th85.root,ok,,1000,1000,1.0,0.0,0.277,0.014151713677148785,0.142,0.543,0.349,0.349,0.651,0.01507312177354114,1774.6914782088106,672.670257396816,2400.748506981866,0.8873457391044053,0.33633512869840804,1.200374253490933,0.48686723039015006,0.27426242543652035,1.1491326564797095
WbZt_6000_2000,WbZt,6000,2000,85,300,0.4,1.0,/eos/uscms/store/user/aji/rootfiles_existingOptimization/WbZt_6000_2000_pt300_ak4_ca10_th85.root,ok,,1000,1000,1.0,0.0,0.446,0.01571890581433708,0.252,0.5915,0.429,0.429,0.571,0.015651166090742248,1689.672764434772,145.91933129933764,2049.6309069050803,0.844836382217386,0.07295966564966883,1.0248154534525402,0.5633373561071072,0.14348872183631609,1.1498537178853687
WbZt_6000_2000,WbZt,6000,2000,85,380,1.2,1.4,/eos/uscms/store/user/aji/rootfiles_existingOptimization/WbZt_6000_2000_pt380_ak12_ca14_th85.root,ok,,1000,1000,1.0,0.0,0.275,0.014120021246442939,0.1475,0.514,0.348,0.348,0.652,0.015063067416698366,2057.5457305460322,640.5572767705951,2688.1948742662057,1.028772865273016,0.3202786383852975,1.3440974371331027,0.4975922447546786,0.27675599557973934,1.1524695312819802
WbZt_6000_2000,WbZt,6000,2000,85,320,1.2,1.6,/eos/uscms/store/user/aji/rootfiles_existingOptimization/WbZt_6000_2000_pt320_ak12_ca16_th85.root,ok,,1000,1000,1.0,0.0,0.25,0.013693063937629153,0.13,0.5195,0.339,0.339,0.661,0.014969268519202933,2073.963046496073,720.5805702998986,2744.5723090138326,1.0369815232480364,0.3602902851499493,1.3722861545069165,0.48795270053953843,0.3121796051134238,1.1526508528643422
WbZt_6000_2000,WbZt,6000,2000,85,200,0.6,1.6,/eos/uscms/store/user/aji/rootfiles_existingOptimization/WbZt_6000_2000_pt200_ak6_ca16_th85.root,ok,,1000,1000,1.0,0.0,0.292,0.014378317008607092,0.1505,0.5425,0.36,0.36,0.64,0.015178932768808221,1830.6140478189823,647.2195003091396,2496.8345816289097,0.915307023909491,0.32360975015456983,1.248417290814455,0.5051897977958343,0.3300813401188398,1.153659095404885
WbZt_6000_2000,WbZt,6000,2000,85,320,0.6,1.2,/eos/uscms/store/user/aji/rootfiles_existingOptimization/WbZt_6000_2000_pt320_ak6_ca12_th85.root,ok,,1000,1000,1.0,0.0,0.385,0.015387494922826133,0.2125,0.581,0.419,0.419,0.581,0.015602531845825537,1815.6838894494429,249.2791587686922,2299.8062259275644,0.9078419447247215,0.1246395793843461,1.1499031129637822,0.5646707224407437,0.17549521485932562,1.1548865279682716
WbZt_6000_2000,WbZt,6000,2000,85,300,1.6,1.4,/eos/uscms/store/user/aji/rootfiles_existingOptimization/WbZt_6000_2000_pt300_ak16_ca14_th85.root,ok,,1000,1000,1.0,0.0,0.037,0.005969170796685248,0.0185,0.4435,0.288,0.288,0.712,0.014319776534569246,2331.609530760854,1165.1470752051216,3158.68908662115,1.1658047653804269,0.5825735376025608,1.579344543310575,0.4275034016449344,0.13083724528111879,1.1560838781829772
WbZt_6000_2000,WbZt,6000,2000,85,340,1.4,1.4,/eos/uscms/store/user/aji/rootfiles_existingOptimization/WbZt_6000_2000_pt340_ak14_ca14_th85.root,ok,,1000,1000,1.0,0.0,0.15,0.011291589790636216,0.078,0.472,0.311,0.311,0.6890000000000001,0.014638271755914357,2205.862166798569,863.6793161714088,2886.2401162600718,1.1029310833992845,0.4318396580857044,1.443120058130036,0.4584513099982271,0.2129075160704733,1.1577444183381556
WbZt_6000_2000,WbZt,6000,2000,85,240,0.8,1.6,/eos/uscms/store/user/aji/rootfiles_existingOptimization/WbZt_6000_2000_pt240_ak8_ca16_th85.root,ok,,1000,1000,1.0,0.0,0.3,0.014491376746189439,0.155,0.5335,0.353,0.353,0.647,0.015112610628213776,1898.0083875541186,648.0219691354649,2568.719080041822,0.9490041937770592,0.3240109845677325,1.284359540020911,0.5059769818460803,0.3299217097655146,1.1580765624683744
WbZt_6000_2000,WbZt,6000,2000,85,380,0.4,0.4,/eos/uscms/store/user/aji/rootfiles_existingOptimization/WbZt_6000_2000_pt380_ak4_ca4_th85.root,ok,,1000,1000,1.0,0.0,0.508,0.015809364313595912,0.3025,0.5945,0.406,0.406,0.594,0.015529455882290275,1669.9875824597298,124.80518497202453,1961.804914602758,0.8349937912298648,0.062402592486012265,0.980902457301379,0.5500040086899961,0.16002047080517573,1.1605046295670096
WbZt_6000_2000,WbZt,6000,2000,85,280,1.4,1.6,/eos/uscms/store/user/aji/rootfiles_existingOptimization/WbZt_6000_2000_pt280_ak14_ca16_th85.root,ok,,1000,1000,1.0,0.0,0.138,0.01090669519148674,0.0695,0.4665,0.302,0.302,0.698,0.01451881537867329,2233.0383672938165,936.4478189813236,2956.512272291439,1.1165191836469082,0.46822390949066184,1.4782561361457196,0.45231297475604937,0.24489784805961146,1.1619648931207402
WbZt_6000_2000,WbZt,6000,2000,85,360,0.4,0.8,/eos/uscms/store/user/aji/rootfiles_existingOptimization/WbZt_6000_2000_pt360_ak4_ca8_th85.root,ok,,1000,1000,1.0,0.0,0.51,0.0158082257068907,0.2945,0.587,0.406,0.406,0.594,0.015529455882290275,1679.58688466604,126.16319445884454,1982.3859355596876,0.83979344233302,0.06308159722942226,0.9911929677798438,0.5525831256624525,0.18504454082590152,1.1626037814291506
WbZt_6000_2000,WbZt,6000,2000,85,320,1.6,1.4,/eos/uscms/store/user/aji/rootfiles_existingOptimization/WbZt_6000_2000_pt320_ak16_ca14_th85.root,ok,,1000,1000,1.0,0.0,0.038,0.006046155803483731,0.0195,0.4425,0.284,0.284,0.716,0.014259873772232349,2318.454264563381,1133.4279401813067,3130.5950418780462,1.1592271322816905,0.5667139700906533,1.5652975209390232,0.4307109120552035,0.14009735134415463,1.1626336252833727
WbZt_6000_2000,WbZt,6000,2000,85,320,0.4,1.0,/eos/uscms/store/user/aji/rootfiles_existingOptimization/WbZt_6000_2000_pt320_ak4_ca10_th85.root,ok,,1000,1000,1.0,0.0,0.468,0.015778973350633434,0.2655,0.582,0.412,0.412,0.5880000000000001,0.01556457516284977,1687.131697775796,135.95694579141414,2028.9652652523826,0.843565848887898,0.06797847289570708,1.0144826326261913,0.5610137969539031,0.16418656704053303,1.1646572120651133
WbZt_6000_2000,WbZt,6000,2000,85,180,1.4,1.6,/eos/uscms/store/user/aji/rootfiles_existingOptimization/WbZt_6000_2000_pt180_ak14_ca16_th85.root,ok,,1000,1000,1.0,0.0,0.093,0.009184280047995052,0.0465,0.461,0.311,0.311,0.6890000000000001,0.014638271755914357,2328.119061160456,1258.5774342003506,3398.8452082942026,1.1640595305802282,0.6292887171001753,1.6994226041471012,0.4596559965079772,0.12812501505393464,1.1650619495660002
WbZt_6000_2000,WbZt,6000,2000,85,200,0.4,1.4,/eos/uscms/store/user/aji/rootfiles_existingOptimization/WbZt_6000_2000_pt200_ak4_ca14_th85.root,ok,,1000,1000,1.0,0.0,0.336,0.014936666294725875,0.18,0.5515,0.377,0.377,0.623,0.01532550162311172,1721.6851875772445,502.23181254359474,2330.9514932270727,0.8608425937886224,0.25111590627179736,1.1654757466135364,0.5310842231432716,0.26826182518323227,1.1679999637644094
WbZt_6000_2000,WbZt,6000,2000,85,340,0.6,1.2,/eos/uscms/store/user/aji/rootfiles_existingOptimization/WbZt_6000_2000_pt340_ak6_ca12_th85.root,ok,,1000,1000,1.0,0.0,0.413,0.0155701958882989,0.2305,0.571,0.404,0.404,0.596,0.015517216245190372,1804.4658158923316,214.77885383069167,2245.4580246852215,0.902232907946166,0.10738942691534584,1.1227290123426108,0.5626815296166562,0.217004926852204,1.1684582388220397
WbZt_6000_2000,WbZt,6000,2000,85,300,1.0,1.6,/eos/uscms/store/user/aji/rootfiles_existingOptimization/WbZt_6000_2000_pt300_ak10_ca16_th85.root,ok,,1000,1000,1.0,0.0,0.321,0.0147634345597493,0.1675,0.53,0.349,0.349,0.651,0.01507312177354114,1969.1133444314787,582.6635856831488,2614.9488424930387,0.9845566722157393,0.2913317928415744,1.3074744212465195,0.5160406998807503,0.3288964418459231,1.1685850326591765
WbZt_6000_2000,WbZt,6000,2000,85,300,1.4,1.6,/eos/uscms/store/user/aji/rootfiles_existingOptimization/WbZt_6000_2000_pt300_ak14_ca16_th85.root,ok,,1000,1000,1.0,0.0,0.146,0.011166198995181842,0.0735,0.468,0.299,0.299,0.7010000000000001,0.014477534320456642,2222.7845878123217,897.925407479128,2937.1696288040544,1.1113922939061611,0.44896270373956404,1.4685848144020273,0.45871386559593763,0.2689323412518764,1.1708530949865539
WbZt_6000_2000,WbZt,6000,2000,85,320,0.8,1.4,/eos/uscms/store/user/aji/rootfiles_existingOptimization/WbZt_6000_2000_pt320_ak8_ca14_th85.root,ok,,1000,1000,1.0,0.0,0.355,0.015131919904625453,0.1925,0.5485,0.376,0.376,0.624,0.015317441039547044,1885.0190175378239,427.80621385985995,2468.278316634138,0.9425095087689119,0.21390310692992998,1.2341391583170689,0.5412338241126882,0.30469400188154394,1.170982873235797
WbZt_6000_2000,WbZt,6000,2000,85,400,1.2,1.4,/eos/uscms/store/user/aji/rootfiles_existingOptimization/WbZt_6000_2000_pt400_ak12_ca14_th85.root,ok,,1000,1000,1.0,0.0,0.289,0.0143345387090063,0.1555,0.504,0.335,0.335,0.665,0.014925649064613572,2047.3704345493825,618.1017992727976,2681.4494841866604,1.0236852172746913,0.3090508996363988,1.3407247420933304,0.5039018953519266,0.28795759335348464,1.1712704170793957
WbZt_6000_2000,WbZt,6000,2000,85,380,0.4,0.6,/eos/uscms/store/user/aji/rootfiles_existingOptimization/WbZt_6000_2000_pt380_ak4_ca6_th85.root,ok,,1000,1000,1.0,0.0,0.525,0.015791611697353755,0.311,0.5865,0.396,0.396,0.604,0.01546557467409472,1672.0599532627502,122.96162834209237,1966.1245968267704,0.836029976631375,0.061480814171046186,0.9830622984133851,0.5511653349773877,0.18291040133673697,1.17156233731425
WbZt_6000_2000,WbZt,6000,2000,85,360,1.4,1.4,/eos/uscms/store/user/aji/rootfiles_existingOptimization/WbZt_6000_2000_pt360_ak14_ca14_th85.root,ok,,1000,1000,1.0,0.0,0.167,0.01179453263168999,0.0885,0.467,0.303,0.303,0.6970000000000001,0.01453241205031016,2191.1316704182127,825.6999758603317,2865.7282523458516,1.0955658352091064,0.4128499879301659,1.4328641261729258,0.46551932593264633,0.24316107777708748,1.1720759094535569
WbZt_6000_2000,WbZt,6000,2000,85,220,0.6,1.6,/eos/uscms/store/user/aji/rootfiles_existingOptimization/WbZt_6000_2000_pt220_ak6_ca16_th85.root,ok,,1000,1000,1.0,0.0,0.31,0.014625320509308504,0.1625,0.538,0.35,0.35,0.65,0.015083103128998356,1818.7117547620996,592.6927882161164,2469.088002619008,0.9093558773810498,0.29634639410805824,1.234544001309504,0.5158583292513929,0.34959889757191004,1.174922741513288
WbZt_6000_2000,WbZt,6000,2000,85,340,1.2,1.6,/eos/uscms/store/user/aji/rootfiles_existingOptimization/WbZt_6000_2000_pt340_ak12_ca16_th85.root,ok,,1000,1000,1.0,0.0,0.267,0.013989674763910703,0.141,0.512,0.329,0.329,0.671,0.014857960829131297,2060.358833603799,675.9805636134314,2744.5723090138326,1.0301794168018996,0.33799028180671564,1.3722861545069165,0.5019979315404497,0.322830024421893,1.1760158732206398
WbZt_6000_2000,WbZt,6000,2000,85,360,1.6,1.4,/eos/uscms/store/user/aji/rootfiles_existingOptimization/WbZt_6000_2000_pt360_ak16_ca14_th85.root,ok,,1000,1000,1.0,0.0,0.047,0.006692607862410586,0.0255,0.44,0.28,0.28,0.72,0.014198591479439079,2276.5566134568953,1061.2122547656859,3079.3144265993556,1.1382783067284477,0.530606127382843,1.5396572132996778,0.4432356656330262,0.14887184241815243,1.177063496305871
WbZt_6000_2000,WbZt,6000,2000,85,340,1.6,1.4,/eos/uscms/store/user/aji/rootfiles_existingOptimization/WbZt_6000_2000_pt340_ak16_ca14_th85.root,ok,,1000,1000,1.0,0.0,0.041,0.006270486424512854,0.0215,0.44,0.281,0.281,0.719,0.014214042352547005,2289.3776968211027,1088.6396480469848,3127.1865356441263,1.1446888484105515,0.5443198240234923,1.5635932678220632,0.4452185610150194,0.1453782459337838,1.1786874458560745
WbZt_6000_2000,WbZt,6000,2000,85,100,1.0,1.6,/eos/uscms/store/user/aji/rootfiles_existingOptimization/WbZt_6000_2000_pt100_ak10_ca16_th85.root,ok,,1000,1000,1.0,0.0,0.098,0.009401914698613257,0.049,0.464,0.319,0.319,0.681,0.01473902981881779,2260.6396014888896,1407.323094605503,3609.823604435796,1.1303198007444448,0.7036615473027514,1.804911802217898,0.48714100831899404,0.1148218146898972,1.1811729883934385
WbZt_6000_2000,WbZt,6000,2000,85,380,1.6,1.4,/eos/uscms/store/user/aji/rootfiles_existingOptimization/WbZt_6000_2000_pt380_ak16_ca14_th85.root,ok,,1000,1000,1.0,0.0,0.049,0.006826346021115542,0.0265,0.4365,0.275,0.275,0.725,0.014120021246442939,2265.2077411791306,1048.4012919674847,3059.0072091447996,1.1326038705895654,0.5242006459837424,1.5295036045723998,0.443801661239846,0.16817202476701087,1.1820620482988025
WbZt_6000_2000,WbZt,6000,2000,85,380,1.0,1.4,/eos/uscms/store/user/aji/rootfiles_existingOptimization/WbZt_6000_2000_pt380_ak10_ca14_th85.root,ok,,1000,1000,1.0,0.0,0.372,0.015284501954594399,0.204,0.528,0.357,0.357,0.643,0.015150940564862632,1957.7136250505291,470.80312442694196,2573.3563722337453,0.9788568125252646,0.235401562213471,1.2866781861168728,0.5369920352249007,0.3060251618722077,1.1821063539723742
WbZt_6000_2000,WbZt,6000,2000,85,200,1.6,1.4,/eos/uscms/store/user/aji/rootfiles_existingOptimization/WbZt_6000_2000_pt200_ak16_ca14_th85.root,ok,,1000,1000,1.0,0.0,0.023,0.004740358636221525,0.0115,0.4105,0.287,0.287,0.7130000000000001,0.01430492922037715,2488.463631599299,1529.5952359243258,3747.549720285347,1.2442318157996495,0.764797617962163,1.8737748601426736,0.4456473577103425,0.07737476948080121,1.1830705392903074
WbZt_6000_2000,WbZt,6000,2000,85,120,1.2,1.2,/eos/uscms/store/user/aji/rootfiles_existingOptimization/WbZt_6000_2000_pt120_ak12_ca12_th85.root,ok,,1000,1000,1.0,0.0,0.065,0.007795832219846705,0.0325,0.4685,0.384,0.384,0.616,0.015379986996093333,2422.1707480116493,1870.981831817117,4516.103608729292,1.2110853740058247,0.9354909159085585,2.258051804364646,0.5460229794046405,0.04295743433055859,1.183131516805223
WbZt_6000_2000,WbZt,6000,2000,85,360,0.6,1.2,/eos/uscms/store/user/aji/rootfiles_existingOptimization/WbZt_6000_2000_pt360_ak6_ca12_th85.root,ok,,1000,1000,1.0,0.0,0.431,0.015660108556456432,0.242,0.5635,0.389,0.389,0.611,0.015416841440450765,1797.494869793094,205.25409143500775,2226.255218269193,0.8987474348965471,0.10262704571750388,1.1131276091345963,0.5621715980382237,0.2528434219109052,1.1832968545485691
WbZt_6000_2000,WbZt,6000,2000,85,320,1.0,1.6,/eos/uscms/store/user/aji/rootfiles_existingOptimization/WbZt_6000_2000_pt320_ak10_ca16_th85.root,ok,,1000,1000,1.0,0.0,0.34,0.014979986648859203,0.18,0.5255,0.344,0.344,0.656,0.015022117027902558,1960.8746248623306,539.87024962374,2600.3930375505747,0.9804373124311654,0.26993512481187004,1.3001965187752875,0.5254091112713288,0.34014371318672015,1.1833653800282122
WbZt_6000_2000,WbZt,6000,2000,85,340,0.4,1.0,/eos/uscms/store/user/aji/rootfiles_existingOptimization/WbZt_6000_2000_pt340_ak4_ca10_th85.root,ok,,1000,1000,1.0,0.0,0.499,0.015811356678033673,0.285,0.5655,0.39,0.39,0.61,0.01542400726140908,1677.002373199292,129.73919537534317,2008.4904476711351,0.8385011865996461,0.06486959768767159,1.0042452238355677,0.5601516379227343,0.24019068895167914,1.1863015192627695
WbZt_6000_2000,WbZt,6000,2000,85,400,1.6,1.4,/eos/uscms/store/user/aji/rootfiles_existingOptimization/WbZt_6000_2000_pt400_ak16_ca14_th85.root,ok,,1000,1000,1.0,0.0,0.052,0.007021111023192838,0.028,0.439,0.274,0.274,0.726,0.014104041973845655,2255.8108585578957,1025.3214671729322,3045.9072423294397,1.1279054292789479,0.512660733586466,1.5229536211647199,0.44786240998242116,0.17428322699610477,1.186652952910316
WbZt_6000_2000,WbZt,6000,2000,85,260,0.8,1.6,/eos/uscms/store/user/aji/rootfiles_existingOptimization/WbZt_6000_2000_pt260_ak8_ca16_th85.root,ok,,1000,1000,1.0,0.0,0.318,0.014726710426975875,0.165,0.5295,0.347,0.347,0.653,0.01505293991218991,1886.5614676708005,560.7436040618571,2556.2888959338793,0.9432807338354003,0.28037180203092854,1.2781444479669395,0.5288842494847983,0.34428528975361083,1.1875561761012583
WbZt_6000_2000,WbZt,6000,2000,85,160,0.4,1.6,/eos/uscms/store/user/aji/rootfiles_existingOptimization/WbZt_6000_2000_pt160_ak4_ca16_th85.root,ok,,1000,1000,1.0,0.0,0.311,0.014638271755914358,0.16,0.5285,0.332,0.332,0.6679999999999999,0.014892145580808697,1741.0798274797885,600.1047546073653,2370.3773880174185,0.8705399137398941,0.3000523773036826,1.1851886940087093,0.5083835345943103,0.33997338970369484,1.1893295432203208
WbZt_6000_2000,WbZt,6000,2000,85,320,1.4,1.6,/eos/uscms/store/user/aji/rootfiles_existingOptimization/WbZt_6000_2000_pt320_ak14_ca16_th85.root,ok,,1000,1000,1.0,0.0,0.163,0.011680368144883106,0.0825,0.46,0.288,0.288,0.712,0.014319776534569246,2205.156941222909,863.6793161714088,2924.0399403534743,1.1025784706114545,0.4318396580857044,1.4620199701767371,0.467168704790566,0.29191767157151016,1.1894265518517113
WbZt_6000_2000,WbZt,6000,2000,85,400,0.4,0.4,/eos/uscms/store/user/aji/rootfiles_existingOptimization/WbZt_6000_2000_pt400_ak4_ca4_th85.root,ok,,1000,1000,1.0,0.0,0.543,0.015752809273269323,0.327,0.577,0.383,0.383,0.617,0.015372410351015223,1644.336441851721,121.18732280927361,1946.543730190036,0.8221682209258605,0.0605936614046368,0.9732718650950182,0.555043469487665,0.19708200345613613,1.189826647395079
WbZt_6000_2000,WbZt,6000,2000,85,360,1.2,1.6,/eos/uscms/store/user/aji/rootfiles_existingOptimization/WbZt_6000_2000_pt360_ak12_ca16_th85.root,ok,,1000,1000,1.0,0.0,0.282,0.014229406171727617,0.1495,0.508,0.321,0.321,0.679,0.0147634345597493,2046.3872014342178,637.5806456715898,2718.905934368904,1.023193600717109,0.3187903228357949,1.359452967184452,0.5085365289713036,0.34367869808916807,1.1898558890430144
WbZt_6000_2000,WbZt,6000,2000,85,340,0.8,1.4,/eos/uscms/store/user/aji/rootfiles_existingOptimization/WbZt_6000_2000_pt340_ak8_ca14_th85.root,ok,,1000,1000,1.0,0.0,0.375,0.015309310892394862,0.204,0.5415,0.367,0.367,0.633,0.015241751867813621,1876.225628811429,382.6693578213459,2449.22213735797,0.9381128144057146,0.19133467891067293,1.224611068678985,0.5507207522918673,0.33980362818262416,1.1899094708512958
WbZt_6000_2000,WbZt,6000,2000,85,400,1.0,1.4,/eos/uscms/store/user/aji/rootfiles_existingOptimization/WbZt_6000_2000_pt400_ak10_ca14_th85.root,ok,,1000,1000,1.0,0.0,0.393,0.015445096309184997,0.2155,0.5245,0.348,0.348,0.652,0.015063067416698366,1949.176970895923,444.80960890245325,2533.233262775569,0.9745884854479615,0.22240480445122662,1.2666166313877847,0.5357193536185659,0.3337783095325496,1.1902605050737698
WbZt_6000_2000,WbZt,6000,2000,85,400,1.4,1.4,/eos/uscms/store/user/aji/rootfiles_existingOptimization/WbZt_6000_2000_pt400_ak14_ca14_th85.root,ok,,1000,1000,1.0,0.0,0.182,0.012201475320632338,0.097,0.455,0.289,0.289,0.7110000000000001,0.014334538709006299,2174.581956929889,781.5794391284837,2844.68094159818,1.0872909784649445,0.39078971956424186,1.42234047079909,0.47436738263533135,0.27482609504596894,1.194096480481826
WbZt_6000_2000,WbZt,6000,2000,85,380,0.4,0.8,/eos/uscms/store/user/aji/rootfiles_existingOptimization/WbZt_6000_2000_pt380_ak4_ca8_th85.root,ok,,1000,1000,1.0,0.0,0.543,0.015752809273269323,0.32,0.57,0.377,0.377,0.623,0.01532550162311172,1662.5791557611105,122.93177112488641,1971.5796678429722,0.8312895778805552,0.06146588556244321,0.9857898339214861,0.5559578593031845,0.24751087658264415,1.1958289015151289
WbZt_6000_2000,WbZt,6000,2000,85,260,0.4,1.2,/eos/uscms/store/user/aji/rootfiles_existingOptimization/WbZt_6000_2000_pt260_ak4_ca12_th85.root,ok,,1000,1000,1.0,0.0,0.407,0.015535475531827147,0.225,0.5685,0.408,0.408,0.5920000000000001,0.015541428505771275,1699.9237409518328,185.43170554366208,2188.6756917467164,0.8499618704759163,0.09271585277183104,1.0943378458733584,0.5892158389062162,0.18244714253467384,1.1962196518586246
WbZt_6000_2000,WbZt,6000,2000,85,340,1.4,1.6,/eos/uscms/store/user/aji/rootfiles_existingOptimization/WbZt_6000_2000_pt340_ak14_ca16_th85.root,ok,,1000,1000,1.0,0.0,0.167,0.01179453263168999,0.086,0.4555,0.281,0.281,0.719,0.014214042352547005,2197.74215323555,841.9386665496834,2903.8784730054026,1.098871076617775,0.4209693332748417,1.4519392365027013,0.46910412202361856,0.30201123587353884,1.197991229685396
WbZt_6000_2000,WbZt,6000,2000,85,380,0.6,1.2,/eos/uscms/store/user/aji/rootfiles_existingOptimization/WbZt_6000_2000_pt380_ak6_ca12_th85.root,ok,,1000,1000,1.0,0.0,0.461,0.015763216676808068,0.2585,0.5555,0.37,0.37,0.63,0.015267612779999367,1782.4625217463656,193.8842688709066,2181.006564288912,0.8912312608731828,0.0969421344354533,1.090503282144456,0.557409278224578,0.3312126838640135,1.1982861521372596
WbZt_6000_2000,WbZt,6000,2000,85,400,0.4,0.6,/eos/uscms/store/user/aji/rootfiles_existingOptimization/WbZt_6000_2000_pt400_ak4_ca6_th85.root,ok,,1000,1000,1.0,0.0,0.563,0.01568537535413163,0.337,0.571,0.374,0.374,0.626,0.015301111070768685,1649.8045569198475,117.44504498802213,1953.149951061072,0.8249022784599238,0.058722522494011074,0.976574975530536,0.5563401126434862,0.2394774806428539,1.1998498847974939
WbZt_6000_2000,WbZt,6000,2000,85,340,1.0,1.6,/eos/uscms/store/user/aji/rootfiles_existingOptimization/WbZt_6000_2000_pt340_ak10_ca16_th85.root,ok,,1000,1000,1.0,0.0,0.357,0.015150940564862632,0.1915,0.52,0.335,0.335,0.665,0.014925649064613572,1949.5800284350462,497.9647419747367,2577.5116905271884,0.9747900142175232,0.24898237098736836,1.288755845263594,0.5333320300325735,0.3549412533515075,1.2008530286108212
WbZt_6000_2000,WbZt,6000,2000,85,360,0.4,1.0,/eos/uscms/store/user/aji/rootfiles_existingOptimization/WbZt_6000_2000_pt360_ak4_ca10_th85.root,ok,,1000,1000,1.0,0.0,0.524,0.01579316307773715,0.3015,0.5575,0.374,0.374,0.626,0.015301111070768685,1663.9376108422202,125.35113644434793,1991.5230295214526,0.8319688054211102,0.06267556822217396,0.9957615147607263,0.5607697911619779,0.34618496684534983,1.203572910619867
WbZt_6000_2000,WbZt,6000,2000,85,280,0.6,1.4,/eos/uscms/store/user/aji/rootfiles_existingOptimization/WbZt_6000_2000_pt280_ak6_ca14_th85.root,ok,,1000,1000,1.0,0.0,0.347,0.01505293991218991,0.1875,0.5445,0.367,0.367,0.633,0.015241751867813621,1811.816643788008,394.3993234934579,2428.0791300153182,0.905908321894004,0.19719966174672895,1.2140395650076592,0.5612267150471689,0.3306674065619222,1.2036358828577685
WbZt_6000_2000,WbZt,6000,2000,85,380,1.2,1.6,/eos/uscms/store/user/aji/rootfiles_existingOptimization/WbZt_6000_2000_pt380_ak12_ca16_th85.root,ok,,1000,1000,1.0,0.0,0.296,0.01443551176785915,0.158,0.5,0.312,0.312,0.688,0.014651143300097778,2036.9001082966256,608.2662604726985,2705.295959736677,1.0184500541483126,0.30413313023634925,1.3526479798683384,0.5147600735849627,0.3448182816291083,1.2046050789997937
WbZt_6000_2000,WbZt,6000,2000,85,240,0.6,1.6,/eos/uscms/store/user/aji/rootfiles_existingOptimization/WbZt_6000_2000_pt240_ak6_ca16_th85.root,ok,,1000,1000,1.0,0.0,0.328,0.014846413708367418,0.174,0.5285,0.339,0.339,0.661,0.014969268519202933,1805.593134725705,508.65861203079504,2455.5965903306396,0.9027965673628526,0.25432930601539755,1.2277982951653197,0.5391408343484899,0.3627386333673157,1.2098611776122046
WbZt_6000_2000,WbZt,6000,2000,85,400,0.6,1.2,/eos/uscms/store/user/aji/rootfiles_existingOptimization/WbZt_6000_2000_pt400_ak6_ca12_th85.root,ok,,1000,1000,1.0,0.0,0.497,0.01581110369329099,0.2815,0.542,0.344,0.344,0.656,0.015022117027902558,1767.438641839483,181.67241472364324,2111.637912440483,0.8837193209197415,0.09083620736182162,1.0558189562202414,0.5459780758522413,0.40960263175712414,1.2136061437602672
WbZt_6000_2000,WbZt,6000,2000,85,360,1.4,1.6,/eos/uscms/store/user/aji/rootfiles_existingOptimization/WbZt_6000_2000_pt360_ak14_ca16_th85.root,ok,,1000,1000,1.0,0.0,0.183,0.012227469075814503,0.096,0.4495,0.273,0.273,0.727,0.014087973594523805,2182.7021556888367,800.7179400674246,2886.2401162600718,1.0913510778444184,0.4003589700337123,1.443120058130036,0.4777386073397815,0.32122098697260393,1.2138737151242234
WbZt_6000_2000,WbZt,6000,2000,85,280,0.8,1.6,/eos/uscms/store/user/aji/rootfiles_existingOptimization/WbZt_6000_2000_pt280_ak8_ca16_th85.root,ok,,1000,1000,1.0,0.0,0.343,0.015011695440555674,0.18,0.521,0.336,0.336,0.6639999999999999,0.014936666294725877,1874.0617416234008,487.340603968741,2538.1891818578365,0.9370308708117006,0.2436703019843705,1.2690945909289182,0.5471667587943376,0.3604101473720035,1.2174636717131675
WbZt_6000_2000,WbZt,6000,2000,85,400,1.2,1.6,/eos/uscms/store/user/aji/rootfiles_existingOptimization/WbZt_6000_2000_pt400_ak12_ca16_th85.root,ok,,1000,1000,1.0,0.0,0.311,0.014638271755914358,0.1665,0.4915,0.301,0.301,0.6990000000000001,0.014505137021069465,2030.3753357845908,584.8525444889469,2687.35060853948,1.0151876678922953,0.29242627224447354,1.34367530426974,0.5177609348859806,0.362784618181925,1.2182797016752103
WbZt_6000_2000,WbZt,6000,2000,85,360,0.8,1.4,/eos/uscms/store/user/aji/rootfiles_existingOptimization/WbZt_6000_2000_pt360_ak8_ca14_th85.root,ok,,1000,1000,1.0,0.0,0.403,0.01551099609954177,0.2215,0.532,0.355,0.355,0.645,0.015131919904625453,1868.9024455745343,321.6421690717145,2440.8904266053546,0.9344512227872672,0.16082108453585725,1.2204452133026773,0.5669766933399631,0.3620689327622487,1.2185315710612366
WbZt_6000_2000,WbZt,6000,2000,85,360,1.0,1.6,/eos/uscms/store/user/aji/rootfiles_existingOptimization/WbZt_6000_2000_pt360_ak10_ca16_th85.root,ok,,1000,1000,1.0,0.0,0.381,0.015357050498061143,0.206,0.513,0.325,0.325,0.675,0.014811313243598623,1938.9326479574245,453.5148662622025,2556.8901728246933,0.9694663239787122,0.22675743313110125,1.2784450864123467,0.5424054592041397,0.36577270838257536,1.2204588268062686
WbZt_6000_2000,WbZt,6000,2000,85,280,0.4,1.2,/eos/uscms/store/user/aji/rootfiles_existingOptimization/WbZt_6000_2000_pt280_ak4_ca12_th85.root,ok,,1000,1000,1.0,0.0,0.437,0.01568537535413163,0.2445,0.553,0.387,0.387,0.613,0.015402305022301045,1684.5814486860806,153.03781549248302,2152.5529118851746,0.8422907243430403,0.07651890774624152,1.0762764559425873,0.5934753401066624,0.25233226227326055,1.2222462676723582
WbZt_6000_2000,WbZt,6000,2000,85,400,0.4,0.8,/eos/uscms/store/user/aji/rootfiles_existingOptimization/WbZt_6000_2000_pt400_ak4_ca8_th85.root,ok,,1000,1000,1.0,0.0,0.578,0.015617810345883958,0.3445,0.5565,0.357,0.357,0.643,0.015150940564862632,1640.2190126279747,117.28517979512075,1958.5668236053878,0.8201095063139873,0.05864258989756038,0.979283411802694,0.5612913975616428,0.34618496684534983,1.222280446930244
WbZt_6000_2000,WbZt,6000,2000,85,380,1.4,1.6,/eos/uscms/store/user/aji/rootfiles_existingOptimization/WbZt_6000_2000_pt380_ak14_ca16_th85.root,ok,,1000,1000,1.0,0.0,0.194,0.012504559168559283,0.1025,0.4435,0.266,0.266,0.734,0.013972973913952606,2166.6073399354536,773.8768829840145,2867.9130280354448,1.083303669967727,0.3869384414920073,1.4339565140177224,0.4832523426034859,0.33098881096406035,1.2255827096002585
WbZt_6000_2000,WbZt,6000,2000,85,300,0.4,1.2,/eos/uscms/store/user/aji/rootfiles_existingOptimization/WbZt_6000_2000_pt300_ak4_ca12_th85.root,ok,,1000,1000,1.0,0.0,0.461,0.015763216676808068,0.2595,0.547,0.376,0.376,0.624,0.015317441039547044,1678.1333821372084,142.23328135672736,2119.4031251750057,0.8390666910686042,0.07111664067836368,1.0597015625875028,0.5890979420539946,0.29481470947914645,1.2291912729471342
WbZt_6000_2000,WbZt,6000,2000,85,400,1.4,1.6,/eos/uscms/store/user/aji/rootfiles_existingOptimization/WbZt_6000_2000_pt400_ak14_ca16_th85.root,ok,,1000,1000,1.0,0.0,0.197,0.012577400367325514,0.104,0.4415,0.264,0.264,0.736,0.013939296969359681,2161.561512724803,761.0702461265729,2863.909190364713,1.0807807563624015,0.3805351230632864,1.4319545951823567,0.48641663257303314,0.33228063806690056,1.2304947082092732
WbZt_6000_2000,WbZt,6000,2000,85,380,0.4,1.0,/eos/uscms/store/user/aji/rootfiles_existingOptimization/WbZt_6000_2000_pt380_ak4_ca10_th85.root,ok,,1000,1000,1.0,0.0,0.554,0.01571890581433708,0.3255,0.545,0.35,0.35,0.65,0.015083103128998356,1644.336441851721,122.56815756406273,1973.502140382579,0.8221682209258605,0.06128407878203136,0.9867510701912895,0.5628209457956613,0.38225303224762064,1.2306041237030754
WbZt_6000_2000,WbZt,6000,2000,85,380,1.0,1.6,/eos/uscms/store/user/aji/rootfiles_existingOptimization/WbZt_6000_2000_pt380_ak10_ca16_th85.root,ok,,1000,1000,1.0,0.0,0.399,0.015485444778888335,0.2175,0.5105,0.317,0.317,0.683,0.014714312760030622,1924.0990921007724,423.45664691648045,2532.116590203463,0.9620495460503862,0.21172832345824022,1.2660582951017316,0.5479603290557928,0.3828154785948717,1.2347553744507542
WbZt_6000_2000,WbZt,6000,2000,85,380,0.8,1.4,/eos/uscms/store/user/aji/rootfiles_existingOptimization/WbZt_6000_2000_pt380_ak8_ca14_th85.root,ok,,1000,1000,1.0,0.0,0.43,0.015655669899432602,0.236,0.5235,0.34,0.34,0.6599999999999999,0.014979986648859205,1856.913630652865,299.5570270041096,2419.522419992407,0.9284568153264325,0.1497785135020548,1.2097612099962034,0.5708303708888568,0.3899196872452587,1.2379846893562134
WbZt_6000_2000,WbZt,6000,2000,85,300,0.8,1.6,/eos/uscms/store/user/aji/rootfiles_existingOptimization/WbZt_6000_2000_pt300_ak8_ca16_th85.root,ok,,1000,1000,1.0,0.0,0.36,0.015178932768808221,0.1925,0.517,0.328,0.328,0.6719999999999999,0.01484641370836742,1869.601382304309,418.11831571454894,2512.9255548170286,0.9348006911521545,0.20905915785727447,1.2564627774085142,0.5602283082719487,0.37377101217906417,1.2387482391567333
WbZt_6000_2000,WbZt,6000,2000,85,320,0.4,1.2,/eos/uscms/store/user/aji/rootfiles_existingOptimization/WbZt_6000_2000_pt320_ak4_ca12_th85.root,ok,,1000,1000,1.0,0.0,0.483,0.01580224667571039,0.273,0.54,0.362,0.362,0.638,0.015197236590906913,1673.9919221891978,133.5997742533087,2093.6303170475253,0.8369959610945988,0.06679988712665434,1.0468151585237626,0.5854360815047859,0.356945767802348,1.2397364853953259
WbZt_6000_2000,WbZt,6000,2000,85,160,1.4,1.6,/eos/uscms/store/user/aji/rootfiles_existingOptimization/WbZt_6000_2000_pt160_ak14_ca16_th85.root,ok,,1000,1000,1.0,0.0,0.084,0.008771772910877254,0.042,0.427,0.292,0.292,0.708,0.014378317008607092,2402.7519964571857,1428.693667110108,3897.4053810269975,1.2013759982285928,0.714346833555054,1.948702690513499,0.5137258688281106,0.10906316194818617,1.2418634686509697
WbZt_6000_2000,WbZt,6000,2000,85,260,1.6,1.6,/eos/uscms/store/user/aji/rootfiles_existingOptimization/WbZt_6000_2000_pt260_ak16_ca16_th85.root,ok,,1000,1000,1.0,0.0,0.045,0.0065555320150236475,0.0225,0.405,0.229,0.229,0.771,0.013287550564344055,2361.6603201562416,1125.8784903886994,3273.259675700542,1.1808301600781208,0.5629392451943497,1.6366298378502713,0.4546337944928884,0.2173863664530384,1.2437168105007004
WbZt_6000_2000,WbZt,6000,2000,85,120,1.2,1.4,/eos/uscms/store/user/aji/rootfiles_existingOptimization/WbZt_6000_2000_pt120_ak12_ca14_th85.root,ok,,1000,1000,1.0,0.0,0.076,0.008379976133617566,0.038,0.4415,0.338,0.338,0.6619999999999999,0.014958475858188228,2447.3737370637377,1767.3607911825052,4507.251635958082,1.223686868531869,0.8836803955912526,2.253625817979041,0.5597614298302451,0.06251287941225653,1.244130116683432
WbZt_6000_2000,WbZt,6000,2000,85,300,0.6,1.4,/eos/uscms/store/user/aji/rootfiles_existingOptimization/WbZt_6000_2000_pt300_ak6_ca14_th85.root,ok,,1000,1000,1.0,0.0,0.373,0.015292841462592882,0.205,0.532,0.355,0.355,0.645,0.015131919904625453,1798.4150734541615,271.8581098935343,2404.0541989355424,0.8992075367270808,0.13592905494676713,1.2020270994677713,0.5927986593625363,0.34787494650301776,1.2478779056898284
WbZt_6000_2000,WbZt,6000,2000,85,280,1.6,1.6,/eos/uscms/store/user/aji/rootfiles_existingOptimization/WbZt_6000_2000_pt280_ak16_ca16_th85.root,ok,,1000,1000,1.0,0.0,0.049,0.006826346021115542,0.0245,0.4075,0.227,0.227,0.773,0.013246546719805883,2341.032364020105,1084.2204183219603,3228.757470754445,1.1705161820100525,0.5421102091609801,1.6143787353772223,0.4580323376541896,0.24163584514743308,1.2480839558551948
WbZt_6000_2000,WbZt,6000,2000,85,180,0.4,1.6,/eos/uscms/store/user/aji/rootfiles_existingOptimization/WbZt_6000_2000_pt180_ak4_ca16_th85.root,ok,,1000,1000,1.0,0.0,0.342,0.01500119995200384,0.1795,0.52,0.316,0.316,0.6839999999999999,0.014701836619960107,1709.111568705122,482.5197764845365,2361.1185801691527,0.8545557843525611,0.24125988824226827,1.1805592900845765,0.5495834321418535,0.3645461949697297,1.2481278537065972
WbZt_6000_2000,WbZt,6000,2000,85,400,0.4,1.0,/eos/uscms/store/user/aji/rootfiles_existingOptimization/WbZt_6000_2000_pt400_ak4_ca10_th85.root,ok,,1000,1000,1.0,0.0,0.585,0.015581238718407468,0.348,0.5365,0.336,0.336,0.6639999999999999,0.014936666294725877,1619.0241403153182,117.28517979512075,1956.4321950703318,0.809512070157659,0.05864258989756038,0.9782160975351658,0.5679801089676841,0.5018652239298995,1.2510289019519183
WbZt_6000_2000,WbZt,6000,2000,85,260,0.6,1.6,/eos/uscms/store/user/aji/rootfiles_existingOptimization/WbZt_6000_2000_pt260_ak6_ca16_th85.root,ok,,1000,1000,1.0,0.0,0.349,0.01507312177354114,0.186,0.524,0.33,0.33,0.6699999999999999,0.014869431730903505,1793.424613194216,379.0698449520786,2428.086436886798,0.8967123065971079,0.1895349224760393,1.214043218443399,0.5712580771056989,0.3879707038019332,1.251586846445988
WbZt_6000_2000,WbZt,6000,2000,85,320,0.8,1.6,/eos/uscms/store/user/aji/rootfiles_existingOptimization/WbZt_6000_2000_pt320_ak8_ca16_th85.root,ok,,1000,1000,1.0,0.0,0.381,0.015357050498061143,0.2055,0.5135,0.326,0.326,0.6739999999999999,0.014823090096197892,1860.1740067525034,353.7663525953008,2480.1009595792207,0.9300870033762518,0.1768831762976504,1.2400504797896104,0.5715418555643835,0.3896725526484768,1.2525331552267582
WbZt_6000_2000,WbZt,6000,2000,85,240,1.6,1.6,/eos/uscms/store/user/aji/rootfiles_existingOptimization/WbZt_6000_2000_pt240_ak16_ca16_th85.root,ok,,1000,1000,1.0,0.0,0.039,0.006122009474020765,0.0195,0.3985,0.233,0.233,0.767,0.013368283360252356,2386.563257848601,1162.7618756264194,3393.694551006597,1.1932816289243005,0.5813809378132097,1.6968472755032986,0.46739441496959977,0.19110549648336678,1.2537225778620298
WbZt_6000_2000,WbZt,6000,2000,85,300,1.6,1.6,/eos/uscms/store/user/aji/rootfiles_existingOptimization/WbZt_6000_2000_pt300_ak16_ca16_th85.root,ok,,1000,1000,1.0,0.0,0.053,0.00708456067798138,0.0265,0.4025,0.222,0.222,0.778,0.013142145943490354,2317.9689969078636,1051.876438103099,3203.134786577178,1.1589844984539317,0.5259382190515495,1.6015673932885892,0.46403949995531135,0.25910653116684074,1.2579379498007044
WbZt_6000_2000,WbZt,6000,2000,85,320,1.6,1.6,/eos/uscms/store/user/aji/rootfiles_existingOptimization/WbZt_6000_2000_pt320_ak16_ca16_th85.root,ok,,1000,1000,1.0,0.0,0.055,0.00720936890441875,0.028,0.404,0.219,0.219,0.781,0.013078187947877183,2298.8643924906182,1034.0775177746746,3167.17757118186,1.1494321962453093,0.5170387588873372,1.5835887855909299,0.4639464729574931,0.26586836875013475,1.259889692582024
WbZt_6000_2000,WbZt,6000,2000,85,320,0.6,1.4,/eos/uscms/store/user/aji/rootfiles_existingOptimization/WbZt_6000_2000_pt320_ak6_ca14_th85.root,ok,,1000,1000,1.0,0.0,0.397,0.01547226550961429,0.2185,0.527,0.347,0.347,0.653,0.01505293991218991,1782.862536427189,237.7612339309089,2368.860361297637,0.8914312682135945,0.11888061696545446,1.1844301806488184,0.5976622100202398,0.3681896001486943,1.2615190831988805
WbZt_6000_2000,WbZt,6000,2000,85,220,1.6,1.6,/eos/uscms/store/user/aji/rootfiles_existingOptimization/WbZt_6000_2000_pt220_ak16_ca16_th85.root,ok,,1000,1000,1.0,0.0,0.038,0.006046155803483731,0.019,0.394,0.233,0.233,0.767,0.013368283360252356,2429.0595428153656,1205.8916371888608,3510.2886683640672,1.2145297714076828,0.6029458185944304,1.7551443341820336,0.4743393462690356,0.1675091925698593,1.262792323409804
WbZt_6000_2000,WbZt,6000,2000,85,360,0.4,1.2,/eos/uscms/store/user/aji/rootfiles_existingOptimization/WbZt_6000_2000_pt360_ak4_ca12_th85.root,ok,,1000,1000,1.0,0.0,0.536,0.015770351930125083,0.3075,0.5225,0.333,0.333,0.667,0.01490338887635963,1641.6680155547538,124.75837367732274,2023.3299429465735,0.8208340077773768,0.062379186838661366,1.0116649714732868,0.5782446728815888,0.5100980344191227,1.2631612721038512
WbZt_6000_2000,WbZt,6000,2000,85,340,1.6,1.6,/eos/uscms/store/user/aji/rootfiles_existingOptimization/WbZt_6000_2000_pt340_ak16_ca16_th85.root,ok,,1000,1000,1.0,0.0,0.06,0.007509993342207435,0.031,0.4015,0.217,0.217,0.783,0.013034991369387246,2277.4713987712985,997.852164503256,3152.3908811900596,1.1387356993856494,0.49892608225162793,1.57619544059503,0.4730111468906224,0.2751716997125,1.2698847168291874
WbZt_6000_2000,WbZt,6000,2000,85,360,1.6,1.6,/eos/uscms/store/user/aji/rootfiles_existingOptimization/WbZt_6000_2000_pt360_ak16_ca16_th85.root,ok,,1000,1000,1.0,0.0,0.066,0.007851369307324678,0.035,0.4005,0.216,0.216,0.784,0.013013224043256921,2258.854344049144,968.2399751552254,3114.673152756891,1.129427172024572,0.48411998757761265,1.5573365763784455,0.47511544585784227,0.2771883027189602,1.2720581630602994
WbZt_6000_2000,WbZt,6000,2000,85,140,1.4,1.2,/eos/uscms/store/user/aji/rootfiles_existingOptimization/WbZt_6000_2000_pt140_ak14_ca12_th85.root,ok,,1000,1000,1.0,0.0,0.033,0.005648982209212559,0.0165,0.419,0.336,0.336,0.6639999999999999,0.014936666294725877,2578.462358450385,1950.6127455790627,4942.523038213368,1.2892311792251927,0.9753063727895314,2.4712615191066836,0.5801733507625053,0.03663168649039583,1.2730964686850244
WbZt_6000_2000,WbZt,6000,2000,85,340,0.8,1.6,/eos/uscms/store/user/aji/rootfiles_existingOptimization/WbZt_6000_2000_pt340_ak8_ca16_th85.root,ok,,1000,1000,1.0,0.0,0.399,0.015485444778888335,0.216,0.5065,0.317,0.317,0.683,0.014714312760030622,1842.5266002609121,316.57931963136997,2465.007278465744,0.921263300130456,0.158289659815685,1.232503639232872,0.5830113819062762,0.40602806216760623,1.2738850518932305
WbZt_6000_2000,WbZt,6000,2000,85,340,0.6,1.4,/eos/uscms/store/user/aji/rootfiles_existingOptimization/WbZt_6000_2000_pt340_ak6_ca14_th85.root,ok,,1000,1000,1.0,0.0,0.426,0.015637263187655313,0.237,0.517,0.332,0.332,0.6679999999999999,0.014892145580808697,1773.0478962161237,209.38361666791343,2339.1926259986726,0.8865239481080618,0.1046918083339567,1.1695963129993363,0.6006067331503008,0.3952250314581588,1.2799543383394947
WbZt_6000_2000,WbZt,6000,2000,85,380,1.6,1.6,/eos/uscms/store/user/aji/rootfiles_existingOptimization/WbZt_6000_2000_pt380_ak16_ca16_th85.root,ok,,1000,1000,1.0,0.0,0.069,0.008014923580421713,0.0365,0.3955,0.209,0.209,0.791,0.012857643641040918,2241.2699926059195,954.1155265239787,3092.0445059981075,1.1206349963029596,0.4770577632619894,1.546022252999054,0.476945880355174,0.2888391633757678,1.28000937998547
WbZt_6000_2000,WbZt,6000,2000,85,240,0.4,1.4,/eos/uscms/store/user/aji/rootfiles_existingOptimization/WbZt_6000_2000_pt240_ak4_ca14_th85.root,ok,,1000,1000,1.0,0.0,0.396,0.01546557467409472,0.216,0.5275,0.345,0.345,0.655,0.015032464867745409,1683.9973536209795,222.56833728262194,2284.933840301591,0.8419986768104898,0.11128416864131097,1.1424669201507955,0.6123422636574849,0.3589364645922272,1.2831423959764359
WbZt_6000_2000,WbZt,6000,2000,85,380,0.4,1.2,/eos/uscms/store/user/aji/rootfiles_existingOptimization/WbZt_6000_2000_pt380_ak4_ca12_th85.root,ok,,1000,1000,1.0,0.0,0.564,0.015681326474504636,0.3305,0.5145,0.313,0.313,0.687,0.014663935351739654,1616.9408840007413,122.18453523442993,1988.1646093596603,0.8084704420003707,0.061092267617214965,0.9940823046798302,0.5770093676858179,0.5163520739154672,1.2831623234857807
WbZt_6000_2000,WbZt,6000,2000,85,360,0.8,1.6,/eos/uscms/store/user/aji/rootfiles_existingOptimization/WbZt_6000_2000_pt360_ak8_ca16_th85.root,ok,,1000,1000,1.0,0.0,0.424,0.01562766777225572,0.232,0.5005,0.31,0.31,0.69,0.014625320509308506,1833.6872346853866,292.4231079763275,2444.5612024931643,0.9168436173426933,0.14621155398816377,1.222280601246582,0.5868334724176908,0.4195841755301011,1.2851491106834214
WbZt_6000_2000,WbZt,6000,2000,85,400,1.6,1.6,/eos/uscms/store/user/aji/rootfiles_existingOptimization/WbZt_6000_2000_pt400_ak16_ca16_th85.root,ok,,1000,1000,1.0,0.0,0.072,0.008174105455644672,0.038,0.396,0.206,0.206,0.794,0.0127892142057282,2224.5163241220916,947.7521382432042,3083.4070484604235,1.1122581620610457,0.4738760691216021,1.5417035242302117,0.480026801120477,0.29720530525819505,1.2852526173265817
WbZt_6000_2000,WbZt,6000,2000,85,280,0.6,1.6,/eos/uscms/store/user/aji/rootfiles_existingOptimization/WbZt_6000_2000_pt280_ak6_ca16_th85.root,ok,,1000,1000,1.0,0.0,0.372,0.015284501954594399,0.2,0.5175,0.32,0.32,0.6799999999999999,0.01475127113166862,1776.2966530279837,270.9139475444542,2407.4551278506697,0.8881483265139918,0.1354569737722271,1.2037275639253349,0.6014032556623178,0.40006193567563864,1.2925884230109186
WbZt_6000_2000,WbZt,6000,2000,85,120,1.2,1.6,/eos/uscms/store/user/aji/rootfiles_existingOptimization/WbZt_6000_2000_pt120_ak12_ca16_th85.root,ok,,1000,1000,1.0,0.0,0.093,0.009184280047995052,0.0465,0.4285,0.298,0.298,0.702,0.01446360950800318,2388.95457275543,1604.7206360386851,4342.1185133066765,1.1944772863777149,0.8023603180193426,2.171059256653338,0.5729279887709764,0.09583622629673763,1.2943757174087478
WbZt_6000_2000,WbZt,6000,2000,85,360,0.6,1.4,/eos/uscms/store/user/aji/rootfiles_existingOptimization/WbZt_6000_2000_pt360_ak6_ca14_th85.root,ok,,1000,1000,1.0,0.0,0.444,0.015711906313366306,0.2485,0.51,0.319,0.319,0.681,0.01473902981881779,1765.6141645096156,200.13248988345867,2324.8380921364505,0.8828070822548079,0.10006624494172935,1.1624190460682253,0.6016902347527073,0.4173740687728379,1.2944095265272266
WbZt_6000_2000,WbZt,6000,2000,85,200,1.6,1.6,/eos/uscms/store/user/aji/rootfiles_existingOptimization/WbZt_6000_2000_pt200_ak16_ca16_th85.root,ok,,1000,1000,1.0,0.0,0.035,0.005811626278418116,0.0175,0.3795,0.228,0.228,0.772,0.013267102170406315,2484.5386889289484,1304.7182058236792,3782.2790823190644,1.2422693444644741,0.6523591029118395,1.8911395411595322,0.4985957529128735,0.14069609842560332,1.294822687359321
WbZt_6000_2000,WbZt,6000,2000,85,200,0.4,1.6,/eos/uscms/store/user/aji/rootfiles_existingOptimization/WbZt_6000_2000_pt200_ak4_ca16_th85.root,ok,,1000,1000,1.0,0.0,0.375,0.015309310892394862,0.1995,0.51,0.308,0.308,0.692,0.014599178059055244,1688.4851201535766,356.2618422225834,2339.498588335501,0.8442425600767882,0.17813092111129172,1.1697492941677505,0.5872828615547799,0.3970508601470759,1.294858605547101
WbZt_6000_2000,WbZt,6000,2000,85,180,1.6,1.4,/eos/uscms/store/user/aji/rootfiles_existingOptimization/WbZt_6000_2000_pt180_ak16_ca14_th85.root,ok,,1000,1000,1.0,0.0,0.022,0.0046385342512479085,0.011,0.3795,0.27,0.27,0.73,0.014039230748157109,2576.0544982999995,1672.6289110758016,4448.922899426309,1.2880272491499998,0.8363144555379008,2.224461449713155,0.5388655384004204,0.06962521404255514,1.2976682633154204
WbZt_6000_2000,WbZt,6000,2000,85,400,0.4,1.2,/eos/uscms/store/user/aji/rootfiles_existingOptimization/WbZt_6000_2000_pt400_ak4_ca12_th85.root,ok,,1000,1000,1.0,0.0,0.594,0.015529455882290275,0.3525,0.5085,0.301,0.301,0.6990000000000001,0.014505137021069465,1591.8502571710728,117.1920926458135,1965.933693312085,0.7959251285855364,0.05859604632290675,0.9829668466560425,0.5806895442388307,0.5867456846320334,1.300097031380277
WbZt_6000_2000,WbZt,6000,2000,85,380,0.6,1.4,/eos/uscms/store/user/aji/rootfiles_existingOptimization/WbZt_6000_2000_pt380_ak6_ca14_th85.root,ok,,1000,1000,1.0,0.0,0.473,0.01578831846651188,0.2645,0.502,0.302,0.302,0.698,0.01451881537867329,1752.8170441307511,186.7812949933807,2283.5775674127763,0.8764085220653756,0.09339064749669035,1.141788783706388,0.5981218289268829,0.4739830734585472,1.3084809767203454
WbZt_6000_2000,WbZt,6000,2000,85,300,0.6,1.6,/eos/uscms/store/user/aji/rootfiles_existingOptimization/WbZt_6000_2000_pt300_ak6_ca16_th85.root,ok,,1000,1000,1.0,0.0,0.4,0.015491933384829668,0.2185,0.507,0.311,0.311,0.6890000000000001,0.014638271755914357,1762.3482113327589,220.3690069572204,2371.825306360809,0.8811741056663794,0.11018450347861018,1.1859126531804045,0.6103947805458294,0.415818163447082,1.3112773699791915
WbZt_6000_2000,WbZt,6000,2000,85,400,0.8,1.6,/eos/uscms/store/user/aji/rootfiles_existingOptimization/WbZt_6000_2000_pt400_ak8_ca16_th85.root,ok,,1000,1000,1.0,0.0,0.476,0.01579316307773715,0.2595,0.487,0.282,0.282,0.718,0.014229406171727618,1801.4333472440578,266.8053113000422,2388.9591908695916,0.9007166736220289,0.13340265565002113,1.1944795954347958,0.5890181512449931,0.4742513963966054,1.3169464838827902
WbZt_6000_2000,WbZt,6000,2000,85,320,0.6,1.6,/eos/uscms/store/user/aji/rootfiles_existingOptimization/WbZt_6000_2000_pt320_ak6_ca16_th85.root,ok,,1000,1000,1.0,0.0,0.421,0.015612783224012302,0.2305,0.5035,0.307,0.307,0.6930000000000001,0.014585986425333049,1754.2955616242584,210.45539059106505,2356.6792334590405,0.8771477808121293,0.10522769529553253,1.1783396167295201,0.6117053163153534,0.4421084745966367,1.3169905382341405
WbZt_6000_2000,WbZt,6000,2000,85,400,0.6,1.4,/eos/uscms/store/user/aji/rootfiles_existingOptimization/WbZt_6000_2000_pt400_ak6_ca14_th85.root,ok,,1000,1000,1.0,0.0,0.505,0.01581059771166163,0.2855,0.494,0.282,0.282,0.718,0.014229406171727618,1722.3790817197737,180.6541865881028,2223.641970111956,0.8611895408598869,0.09032709329405139,1.1118209850559782,0.5930714687628336,0.5022216036359877,1.3249525146768448
WbZt_6000_2000,WbZt,6000,2000,85,280,0.4,1.4,/eos/uscms/store/user/aji/rootfiles_existingOptimization/WbZt_6000_2000_pt280_ak4_ca14_th85.root,ok,,1000,1000,1.0,0.0,0.452,0.015738360778683402,0.252,0.507,0.317,0.317,0.683,0.014714312760030622,1652.6734042400385,147.45805493699447,2228.4641196689868,0.8263367021200192,0.07372902746849723,1.1142320598344932,0.6295878119031381,0.42891830123619906,1.3299541416911362
WbZt_6000_2000,WbZt,6000,2000,85,340,0.6,1.6,/eos/uscms/store/user/aji/rootfiles_existingOptimization/WbZt_6000_2000_pt340_ak6_ca16_th85.root,ok,,1000,1000,1.0,0.0,0.448,0.01572564784039119,0.248,0.4925,0.294,0.294,0.706,0.014407081592050489,1733.0514948597965,194.57444731320786,2322.3523008102593,0.8665257474298982,0.09728722365660392,1.1611761504051294,0.6138818897788112,0.46291078488976195,1.3332293150358212
WbZt_6000_2000,WbZt,6000,2000,85,320,0.4,1.4,/eos/uscms/store/user/aji/rootfiles_existingOptimization/WbZt_6000_2000_pt320_ak4_ca14_th85.root,ok,,1000,1000,1.0,0.0,0.497,0.01581110369329099,0.28,0.498,0.296,0.296,0.704,0.014435511767859151,1635.1210987113295,131.1899483587478,2145.9818703656406,0.8175605493556648,0.0655949741793739,1.0729909351828204,0.61609868638928,0.48851831657100775,1.3383426314537135
WbZt_6000_2000,WbZt,6000,2000,85,300,0.4,1.4,/eos/uscms/store/user/aji/rootfiles_existingOptimization/WbZt_6000_2000_pt300_ak4_ca14_th85.root,ok,,1000,1000,1.0,0.0,0.475,0.015791611697353755,0.2665,0.5035,0.307,0.307,0.6930000000000001,0.014585986425333049,1641.1989461782473,137.71131375715677,2201.6242966350974,0.8205994730891236,0.06885565687857839,1.1008121483175486,0.6287820826609839,0.4683337311502298,1.3397221353520716
WbZt_6000_2000,WbZt,6000,2000,85,140,1.4,1.4,/eos/uscms/store/user/aji/rootfiles_existingOptimization/WbZt_6000_2000_pt140_ak14_ca14_th85.root,ok,,1000,1000,1.0,0.0,0.062,0.007626008130076967,0.031,0.3935,0.285,0.285,0.7150000000000001,0.01427497810856465,2569.8190841478786,1842.453713997124,4936.210732301546,1.2849095420739394,0.921226856998562,2.4681053661507732,0.6019406263632514,0.06670667953729109,1.3454315805706454
WbZt_6000_2000,WbZt,6000,2000,85,360,0.6,1.6,/eos/uscms/store/user/aji/rootfiles_existingOptimization/WbZt_6000_2000_pt360_ak6_ca16_th85.root,ok,,1000,1000,1.0,0.0,0.465,0.01577260282895629,0.259,0.4855,0.282,0.282,0.718,0.014229406171727618,1721.3796709245983,186.43007784913078,2300.1978004953808,0.8606898354622992,0.0932150389245654,1.1500989002476905,0.6139748709565305,0.479462879768622,1.3459058874103005
WbZt_6000_2000,WbZt,6000,2000,85,360,0.4,1.4,/eos/uscms/store/user/aji/rootfiles_existingOptimization/WbZt_6000_2000_pt360_ak4_ca14_th85.root,ok,,1000,1000,1.0,0.0,0.549,0.01573527883451704,0.314,0.4825,0.272,0.272,0.728,0.014071815803228808,1592.6676339535304,123.74200436996743,2074.0746517439466,0.7963338169767652,0.06187100218498372,1.0370373258719734,0.6122848878810344,0.5769528328933962,1.3606515061833577
WbZt_6000_2000,WbZt,6000,2000,85,380,0.6,1.6,/eos/uscms/store/user/aji/rootfiles_existingOptimization/WbZt_6000_2000_pt380_ak6_ca16_th85.root,ok,,1000,1000,1.0,0.0,0.492,0.015809364313595912,0.274,0.478,0.267,0.267,0.733,0.013989674763910703,1703.5222330310044,181.67241472364324,2276.181539590849,0.8517611165155021,0.09083620736182162,1.1380907697954246,0.6147583765726777,0.507892160736821,1.3625822649211274
WbZt_6000_2000,WbZt,6000,2000,85,380,0.4,1.4,/eos/uscms/store/user/aji/rootfiles_existingOptimization/WbZt_6000_2000_pt380_ak4_ca14_th85.root,ok,,1000,1000,1.0,0.0,0.573,0.015641962792437528,0.335,0.477,0.258,0.258,0.742,0.013836039895866157,1572.094282573666,121.21722044958108,2029.303267966881,0.7860471412868331,0.060608610224790534,1.0146516339834406,0.6068612005870233,0.5735849272267473,1.37025648645834
WbZt_6000_2000,WbZt,6000,2000,85,100,1.2,1.0,/eos/uscms/store/user/aji/rootfiles_existingOptimization/WbZt_6000_2000_pt100_ak12_ca10_th85.root,ok,,1000,1000,1.0,0.0,0.03,0.005394441583704471,0.015,0.401,0.349,0.349,0.651,0.01507312177354114,2802.9611946869504,1989.8537502043805,5812.084428678585,1.4014805973434754,0.9949268751021902,2.9060422143392923,0.6818201203996851,0.015810204554840064,1.3729681801340328
WbZt_6000_2000,WbZt,6000,2000,85,240,0.4,1.6,/eos/uscms/store/user/aji/rootfiles_existingOptimization/WbZt_6000_2000_pt240_ak4_ca16_th85.root,ok,,1000,1000,1.0,0.0,0.431,0.015660108556456432,0.2335,0.4925,0.284,0.284,0.716,0.014259873772232349,1644.1827714889926,163.94719497523744,2276.623412936536,0.8220913857444963,0.08197359748761872,1.138311706468268,0.6424700023003015,0.4430806437919107,1.376260863725852
WbZt_6000_2000,WbZt,6000,2000,85,400,0.4,1.4,/eos/uscms/store/user/aji/rootfiles_existingOptimization/WbZt_6000_2000_pt400_ak4_ca14_th85.root,ok,,1000,1000,1.0,0.0,0.601,0.015485444778888335,0.356,0.4725,0.249,0.249,0.751,0.013674757767507255,1537.5682667769343,116.52369520654834,1981.9435025061023,0.7687841333884671,0.05826184760327417,0.9909717512530511,0.6066136533924005,0.6161904077584845,1.3807352400535537
WbZt_6000_2000,WbZt,6000,2000,85,260,0.4,1.6,/eos/uscms/store/user/aji/rootfiles_existingOptimization/WbZt_6000_2000_pt260_ak4_ca16_th85.root,ok,,1000,1000,1.0,0.0,0.456,0.015750047618975634,0.2495,0.484,0.275,0.275,0.725,0.014120021246442939,1632.6850573981023,148.24167233788904,2251.618395242711,0.8163425286990511,0.07412083616894452,1.1258091976213556,0.6441464976279102,0.4666705848349217,1.387512244758005
WbZt_6000_2000,WbZt,6000,2000,85,180,1.6,1.6,/eos/uscms/store/user/aji/rootfiles_existingOptimization/WbZt_6000_2000_pt180_ak16_ca16_th85.root,ok,,1000,1000,1.0,0.0,0.034,0.005730968504537431,0.017,0.3515,0.216,0.216,0.784,0.013013224043256921,2583.0775278279557,1446.8612523682707,4420.7973084958385,1.291538763913978,0.7234306261841353,2.210398654247919,0.575657529456399,0.12129315133463844,1.3888114058477967
WbZt_6000_2000,WbZt,6000,2000,85,140,1.4,1.6,/eos/uscms/store/user/aji/rootfiles_existingOptimization/WbZt_6000_2000_pt140_ak14_ca16_th85.root,ok,,1000,1000,1.0,0.0,0.075,0.008329165624478841,0.0375,0.387,0.263,0.263,0.737,0.013922320208930694,2556.766681278774,1730.464107464228,4941.6011431176985,1.2783833406393867,0.865232053732114,2.4708005715588497,0.6279683357824838,0.08941728003800734,1.3928066698464225
WbZt_6000_2000,WbZt,6000,2000,85,320,0.4,1.6,/eos/uscms/store/user/aji/rootfiles_existingOptimization/WbZt_6000_2000_pt320_ak4_ca16_th85.root,ok,,1000,1000,1.0,0.0,0.524,0.01579316307773715,0.2935,0.472,0.252,0.252,0.748,0.013729384545565033,1576.015982147771,127.37298138037049,2124.2925123272203,0.7880079910738855,0.06368649069018524,1.0621462561636101,0.6335340356845486,0.5558602037871827,1.40273323657716
WbZt_6000_2000,WbZt,6000,2000,85,280,0.4,1.6,/eos/uscms/store/user/aji/rootfiles_existingOptimization/WbZt_6000_2000_pt280_ak4_ca16_th85.root,ok,,1000,1000,1.0,0.0,0.485,0.01580427157448264,0.2685,0.4765,0.264,0.264,0.736,0.013939296969359681,1604.4637835962064,135.78392507319253,2215.6364261869962,0.8022318917981033,0.06789196253659627,1.1078182130934981,0.648145667848006,0.49277070213540763,1.4039224786681956
WbZt_6000_2000,WbZt,6000,2000,85,300,0.4,1.6,/eos/uscms/store/user/aji/rootfiles_existingOptimization/WbZt_6000_2000_pt300_ak4_ca16_th85.root,ok,,1000,1000,1.0,0.0,0.505,0.01581059771166163,0.2815,0.4745,0.257,0.257,0.743,0.013818502089589886,1587.725895901961,130.6267867965727,2188.6756917467164,0.7938629479509804,0.06531339339828635,1.0943378458733584,0.6481121553355406,0.5180460000902537,1.4117258605404426
WbZt_6000_2000,WbZt,6000,2000,85,340,0.4,1.6,/eos/uscms/store/user/aji/rootfiles_existingOptimization/WbZt_6000_2000_pt340_ak4_ca16_th85.root,ok,,1000,1000,1.0,0.0,0.547,0.015741378592740853,0.309,0.4635,0.242,0.242,0.758,0.013543854695026818,1552.8638192836302,124.27762065893704,2091.324343266951,0.7764319096418151,0.062138810329468525,1.0456621716334755,0.6333609870295823,0.5899415426852267,1.4137177960654008
WbZt_6000_2000,WbZt,6000,2000,85,100,1.2,1.2,/eos/uscms/store/user/aji/rootfiles_existingOptimization/WbZt_6000_2000_pt100_ak12_ca12_th85.root,ok,,1000,1000,1.0,0.0,0.048,0.006759881655768835,0.024,0.3645,0.293,0.293,0.7070000000000001,0.014392741226048635,2888.304805959925,1975.1916567221167,5802.349740163916,1.4441524029799624,0.9875958283610583,2.9011748700819577,0.6625266965495782,0.03979766119256088,1.4139419368475745
WbZt_6000_2000,WbZt,6000,2000,85,160,1.6,1.4,/eos/uscms/store/user/aji/rootfiles_existingOptimization/WbZt_6000_2000_pt160_ak16_ca14_th85.root,ok,,1000,1000,1.0,0.0,0.018,0.004204283529925164,0.009,0.342,0.247,0.247,0.753,0.013637851736985557,2745.3226308449557,1915.6229456642477,5432.793566484739,1.3726613154224778,0.9578114728321238,2.7163967832423697,0.6405750969491657,0.059429112793657354,1.4308412284914134
WbZt_6000_2000,WbZt,6000,2000,85,380,0.4,1.6,/eos/uscms/store/user/aji/rootfiles_existingOptimization/WbZt_6000_2000_pt380_ak4_ca16_th85.root,ok,,1000,1000,1.0,0.0,0.593,0.015535475531827148,0.345,0.454,0.221,0.221,0.779,0.01312093746650749,1486.9324888784352,119.09175567551259,2009.853293972206,0.7434662444392175,0.05954587783775629,1.004926646986103,0.6357926645758002,0.6273014978570897,1.4404460401318784
WbZt_6000_2000,WbZt,6000,2000,85,400,0.4,1.6,/eos/uscms/store/user/aji/rootfiles_existingOptimization/WbZt_6000_2000_pt400_ak4_ca16_th85.root,ok,,1000,1000,1.0,0.0,0.619,0.015357050498061143,0.365,0.4545,0.219,0.219,0.781,0.013078187947877183,1460.5792625684508,115.83300284096816,1970.9933629477578,0.7302896312842253,0.05791650142048408,0.9854966814738789,0.6350769203872108,0.6603769900224818,1.4430479572587882
WbZt_6000_2000,WbZt,6000,2000,85,100,1.2,1.4,/eos/uscms/store/user/aji/rootfiles_existingOptimization/WbZt_6000_2000_pt100_ak12_ca14_th85.root,ok,,1000,1000,1.0,0.0,0.058,0.007391616873188166,0.029,0.343,0.256,0.256,0.744,0.013800869537822608,2903.0249853819478,1932.3689179635148,5803.186341352689,1.451512492690974,0.9661844589817575,2.9015931706763443,0.6666868943396114,0.05637483116336785,1.455838143608709
WbZt_6000_2000,WbZt,6000,2000,85,120,1.4,1.2,/eos/uscms/store/user/aji/rootfiles_existingOptimization/WbZt_6000_2000_pt120_ak14_ca12_th85.root,ok,,1000,1000,1.0,0.0,0.026,0.0050322956987840055,0.013,0.337,0.272,0.272,0.728,0.014071815803228808,2987.812702225013,2036.6389391997955,6119.344792819499,1.4939063511125061,1.0183194695998976,3.05967239640975,0.6832265373561284,0.031215640445840458,1.460617172467379
WbZt_6000_2000,WbZt,6000,2000,85,100,1.2,1.6,/eos/uscms/store/user/aji/rootfiles_existingOptimization/WbZt_6000_2000_pt100_ak12_ca16_th85.root,ok,,1000,1000,1.0,0.0,0.07,0.008068457101577725,0.035,0.345,0.234,0.234,0.766,0.013388203763014663,2854.424040990621,1850.2242122782038,5778.379323570633,1.4272120204953105,0.9251121061391019,2.8891896617853163,0.6880819133532052,0.0801082610181588,1.4968031154027361
WbZt_6000_2000,WbZt,6000,2000,85,120,1.4,1.4,/eos/uscms/store/user/aji/rootfiles_existingOptimization/WbZt_6000_2000_pt120_ak14_ca14_th85.root,ok,,1000,1000,1.0,0.0,0.049,0.006826346021115542,0.0245,0.324,0.236,0.236,0.764,0.013427732496590778,2990.4889567834434,1976.4648118882628,6141.61402558125,1.4952444783917218,0.9882324059441313,3.070807012790625,0.6963993637637443,0.05910323519677968,1.5099238116029166
WbZt_6000_2000,WbZt,6000,2000,85,100,1.4,1.2,/eos/uscms/store/user/aji/rootfiles_existingOptimization/WbZt_6000_2000_pt100_ak14_ca12_th85.root,ok,,1000,1000,1.0,0.0,0.014,0.003715373467095872,0.007,0.246,0.195,0.195,0.8049999999999999,0.012528966437819204,3724.094538732146,2147.0708902673696,6815.158756623332,1.862047269366073,1.0735354451336847,3.407579378311666,0.6267413216562966,0.02987451471867151,1.5179460485929037
WbZt_6000_2000,WbZt,6000,2000,85,140,1.6,1.4,/eos/uscms/store/user/aji/rootfiles_existingOptimization/WbZt_6000_2000_pt140_ak16_ca14_th85.root,ok,,1000,1000,1.0,0.0,0.017,0.004087909000944126,0.0085,0.2925,0.208,0.208,0.792,0.012834952278836098,3105.7210391808467,2053.6514608393773,6366.753465144499,1.5528605195904233,1.0268257304196888,3.18337673257225,0.6943801374773071,0.05260545132856318,1.5416661894363495
WbZt_6000_2000,WbZt,6000,2000,85,120,1.6,1.4,/eos/uscms/store/user/aji/rootfiles_existingOptimization/WbZt_6000_2000_pt120_ak16_ca14_th85.root,ok,,1000,1000,1.0,0.0,0.014,0.003715373467095872,0.007,0.224,0.166,0.166,0.834,0.011766222843376714,3770.2360400762054,2153.682531717779,6954.6544326207195,1.8851180200381028,1.0768412658588895,3.4773272163103597,0.6366938103968023,0.0458005280140282,1.5592056124006124
WbZt_6000_2000,WbZt,6000,2000,85,100,1.4,1.4,/eos/uscms/store/user/aji/rootfiles_existingOptimization/WbZt_6000_2000_pt100_ak14_ca14_th85.root,ok,,1000,1000,1.0,0.0,0.031,0.0054807846153630225,0.0155,0.2335,0.167,0.167,0.833,0.01179453263168999,3697.3483610196545,2129.9868853430467,6935.3424761563165,1.8486741805098275,1.0649934426715233,3.4676712380781582,0.6498380895718532,0.05339111584029281,1.567705507622836
WbZt_6000_2000,WbZt,6000,2000,85,100,1.6,1.4,/eos/uscms/store/user/aji/rootfiles_existingOptimization/WbZt_6000_2000_pt100_ak16_ca14_th85.root,ok,,1000,1000,1.0,0.0,0.012,0.003443254274665175,0.006,0.161,0.12,0.12,0.88,0.010276186062932104,4674.142326216299,2361.0215136152237,7543.278018681793,2.33707116310815,1.1805107568076116,3.7716390093408965,0.5543537341599936,0.04278707376262769,1.5680608504708085
WbZt_6000_2000,WbZt,6000,2000,85,100,1.6,1.6,/eos/uscms/store/user/aji/rootfiles_existingOptimization/WbZt_6000_2000_pt100_ak16_ca16_th85.root,ok,,1000,1000,1.0,0.0,0.022,0.0046385342512479085,0.011,0.151,0.099,0.099,0.901,0.009444522221901962,4579.511530382368,2342.8155102987994,7451.670219196766,2.2897557651911837,1.1714077551493995,3.725835109598383,0.5577947205726766,0.06419276047334303,1.587770297091795
WbZt_6000_2000,WbZt,6000,2000,85,140,1.6,1.6,/eos/uscms/store/user/aji/rootfiles_existingOptimization/WbZt_6000_2000_pt140_ak16_ca16_th85.root,ok,,1000,1000,1.0,0.0,0.029,0.005306505441436953,0.0145,0.2815,0.173,0.173,0.827,0.011961229033840963,3110.682208362024,1991.128120777469,6405.075626716337,1.5553411041810121,0.9955640603887344,3.202537813358169,0.7094822309513735,0.084362400350286,1.5920163413694746
WbZt_6000_2000,WbZt,6000,2000,85,100,1.4,1.6,/eos/uscms/store/user/aji/rootfiles_existingOptimization/WbZt_6000_2000_pt100_ak14_ca16_th85.root,ok,,1000,1000,1.0,0.0,0.04,0.0061967733539318665,0.02,0.228,0.153,0.153,0.847,0.011383804285035824,3691.7177622274976,2102.688842453245,7057.80857292733,1.8458588811137489,1.0513444212266225,3.528904286463665,0.6711130223947942,0.07042312662131088,1.602698910506169
WbZt_6000_2000,WbZt,6000,2000,85,120,1.6,1.6,/eos/uscms/store/user/aji/rootfiles_existingOptimization/WbZt_6000_2000_pt120_ak16_ca16_th85.root,ok,,1000,1000,1.0,0.0,0.024,0.004839834707921336,0.012,0.211,0.139,0.139,0.861,0.010939789760319894,3755.120133154123,2131.109509396624,7055.373960372433,1.8775600665770615,1.065554754698312,3.5276869801862163,0.6556733574911836,0.07215215900867591,1.6044293641488898
WbZt_6000_2000,WbZt,6000,2000,85,100,0.4,0.8,/eos/uscms/store/user/aji/rootfiles_existingOptimization/WbZt_6000_2000_pt100_ak4_ca8_th85.root,failed,/eos/uscms/store/user/aji/rootfiles_existingOptimization/WbZt_6000_2000_pt100_ak4_ca8_th85.root,nan,nan,nan,nan,nan,nan,nan,nan,nan,nan,nan,nan,nan,nan,nan,nan,nan,nan,nan,nan,nan
WbZt_6000_2000,WbZt,6000,2000,85,100,0.6,0.4,/eos/uscms/store/user/aji/rootfiles_existingOptimization/WbZt_6000_2000_pt100_ak6_ca4_th85.root,failed,/eos/uscms/store/user/aji/rootfiles_existingOptimization/WbZt_6000_2000_pt100_ak6_ca4_th85.root,nan,nan,nan,nan,nan,nan,nan,nan,nan,nan,nan,nan,nan,nan,nan,nan,nan,nan,nan,nan,nan
WbZt_6000_2000,WbZt,6000,2000,85,100,0.6,0.8,/eos/uscms/store/user/aji/rootfiles_existingOptimization/WbZt_6000_2000_pt100_ak6_ca8_th85.root,failed,/eos/uscms/store/user/aji/rootfiles_existingOptimization/WbZt_6000_2000_pt100_ak6_ca8_th85.root,nan,nan,nan,nan,nan,nan,nan,nan,nan,nan,nan,nan,nan,nan,nan,nan,nan,nan,nan,nan,nan
WbZt_6000_2000,WbZt,6000,2000,85,100,0.8,0.4,/eos/uscms/store/user/aji/rootfiles_existingOptimization/WbZt_6000_2000_pt100_ak8_ca4_th85.root,failed,/eos/uscms/store/user/aji/rootfiles_existingOptimization/WbZt_6000_2000_pt100_ak8_ca4_th85.root,nan,nan,nan,nan,nan,nan,nan,nan,nan,nan,nan,nan,nan,nan,nan,nan,nan,nan,nan,nan,nan
WbZt_6000_2000,WbZt,6000,2000,85,100,0.8,1.4,/eos/uscms/store/user/aji/rootfiles_existingOptimization/WbZt_6000_2000_pt100_ak8_ca14_th85.root,failed,/eos/uscms/store/user/aji/rootfiles_existingOptimization/WbZt_6000_2000_pt100_ak8_ca14_th85.root,nan,nan,nan,nan,nan,nan,nan,nan,nan,nan,nan,nan,nan,nan,nan,nan,nan,nan,nan,nan,nan
WbZt_6000_2000,WbZt,6000,2000,85,100,1.0,0.4,/eos/uscms/store/user/aji/rootfiles_existingOptimization/WbZt_6000_2000_pt100_ak10_ca4_th85.root,failed,/eos/uscms/store/user/aji/rootfiles_existingOptimization/WbZt_6000_2000_pt100_ak10_ca4_th85.root,nan,nan,nan,nan,nan,nan,nan,nan,nan,nan,nan,nan,nan,nan,nan,nan,nan,nan,nan,nan,nan
WbZt_6000_2000,WbZt,6000,2000,85,100,1.0,0.6,/eos/uscms/store/user/aji/rootfiles_existingOptimization/WbZt_6000_2000_pt100_ak10_ca6_th85.root,failed,/eos/uscms/store/user/aji/rootfiles_existingOptimization/WbZt_6000_2000_pt100_ak10_ca6_th85.root,nan,nan,nan,nan,nan,nan,nan,nan,nan,nan,nan,nan,nan,nan,nan,nan,nan,nan,nan,nan,nan
WbZt_6000_2000,WbZt,6000,2000,85,100,1.0,1.4,/eos/uscms/store/user/aji/rootfiles_existingOptimization/WbZt_6000_2000_pt100_ak10_ca14_th85.root,failed,/eos/uscms/store/user/aji/rootfiles_existingOptimization/WbZt_6000_2000_pt100_ak10_ca14_th85.root,nan,nan,nan,nan,nan,nan,nan,nan,nan,nan,nan,nan,nan,nan,nan,nan,nan,nan,nan,nan,nan
WbZt_6000_2000,WbZt,6000,2000,85,100,1.2,0.4,/eos/uscms/store/user/aji/rootfiles_existingOptimization/WbZt_6000_2000_pt100_ak12_ca4_th85.root,failed,/eos/uscms/store/user/aji/rootfiles_existingOptimization/WbZt_6000_2000_pt100_ak12_ca4_th85.root,nan,nan,nan,nan,nan,nan,nan,nan,nan,nan,nan,nan,nan,nan,nan,nan,nan,nan,nan,nan,nan
WbZt_6000_2000,WbZt,6000,2000,85,100,1.2,0.6,/eos/uscms/store/user/aji/rootfiles_existingOptimization/WbZt_6000_2000_pt100_ak12_ca6_th85.root,failed,/eos/uscms/store/user/aji/rootfiles_existingOptimization/WbZt_6000_2000_pt100_ak12_ca6_th85.root,nan,nan,nan,nan,nan,nan,nan,nan,nan,nan,nan,nan,nan,nan,nan,nan,nan,nan,nan,nan,nan
WbZt_6000_2000,WbZt,6000,2000,85,100,1.2,0.8,/eos/uscms/store/user/aji/rootfiles_existingOptimization/WbZt_6000_2000_pt100_ak12_ca8_th85.root,failed,/eos/uscms/store/user/aji/rootfiles_existingOptimization/WbZt_6000_2000_pt100_ak12_ca8_th85.root,nan,nan,nan,nan,nan,nan,nan,nan,nan,nan,nan,nan,nan,nan,nan,nan,nan,nan,nan,nan,nan
WbZt_6000_2000,WbZt,6000,2000,85,100,1.4,0.4,/eos/uscms/store/user/aji/rootfiles_existingOptimization/WbZt_6000_2000_pt100_ak14_ca4_th85.root,failed,/eos/uscms/store/user/aji/rootfiles_existingOptimization/WbZt_6000_2000_pt100_ak14_ca4_th85.root,nan,nan,nan,nan,nan,nan,nan,nan,nan,nan,nan,nan,nan,nan,nan,nan,nan,nan,nan,nan,nan
WbZt_6000_2000,WbZt,6000,2000,85,100,1.4,0.6,/eos/uscms/store/user/aji/rootfiles_existingOptimization/WbZt_6000_2000_pt100_ak14_ca6_th85.root,failed,/eos/uscms/store/user/aji/rootfiles_existingOptimization/WbZt_6000_2000_pt100_ak14_ca6_th85.root,nan,nan,nan,nan,nan,nan,nan,nan,nan,nan,nan,nan,nan,nan,nan,nan,nan,nan,nan,nan,nan
WbZt_6000_2000,WbZt,6000,2000,85,100,1.4,0.8,/eos/uscms/store/user/aji/rootfiles_existingOptimization/WbZt_6000_2000_pt100_ak14_ca8_th85.root,failed,/eos/uscms/store/user/aji/rootfiles_existingOptimization/WbZt_6000_2000_pt100_ak14_ca8_th85.root,nan,nan,nan,nan,nan,nan,nan,nan,nan,nan,nan,nan,nan,nan,nan,nan,nan,nan,nan,nan,nan
WbZt_6000_2000,WbZt,6000,2000,85,100,1.4,1.0,/eos/uscms/store/user/aji/rootfiles_existingOptimization/WbZt_6000_2000_pt100_ak14_ca10_th85.root,failed,/eos/uscms/store/user/aji/rootfiles_existingOptimization/WbZt_6000_2000_pt100_ak14_ca10_th85.root,nan,nan,nan,nan,nan,nan,nan,nan,nan,nan,nan,nan,nan,nan,nan,nan,nan,nan,nan,nan,nan
WbZt_6000_2000,WbZt,6000,2000,85,100,1.6,0.4,/eos/uscms/store/user/aji/rootfiles_existingOptimization/WbZt_6000_2000_pt100_ak16_ca4_th85.root,failed,/eos/uscms/store/user/aji/rootfiles_existingOptimization/WbZt_6000_2000_pt100_ak16_ca4_th85.root,nan,nan,nan,nan,nan,nan,nan,nan,nan,nan,nan,nan,nan,nan,nan,nan,nan,nan,nan,nan,nan
WbZt_6000_2000,WbZt,6000,2000,85,100,1.6,0.6,/eos/uscms/store/user/aji/rootfiles_existingOptimization/WbZt_6000_2000_pt100_ak16_ca6_th85.root,failed,/eos/uscms/store/user/aji/rootfiles_existingOptimization/WbZt_6000_2000_pt100_ak16_ca6_th85.root,nan,nan,nan,nan,nan,nan,nan,nan,nan,nan,nan,nan,nan,nan,nan,nan,nan,nan,nan,nan,nan
WbZt_6000_2000,WbZt,6000,2000,85,100,1.6,0.8,/eos/uscms/store/user/aji/rootfiles_existingOptimization/WbZt_6000_2000_pt100_ak16_ca8_th85.root,failed,/eos/uscms/store/user/aji/rootfiles_existingOptimization/WbZt_6000_2000_pt100_ak16_ca8_th85.root,nan,nan,nan,nan,nan,nan,nan,nan,nan,nan,nan,nan,nan,nan,nan,nan,nan,nan,nan,nan,nan
WbZt_6000_2000,WbZt,6000,2000,85,100,1.6,1.0,/eos/uscms/store/user/aji/rootfiles_existingOptimization/WbZt_6000_2000_pt100_ak16_ca10_th85.root,failed,/eos/uscms/store/user/aji/rootfiles_existingOptimization/WbZt_6000_2000_pt100_ak16_ca10_th85.root,nan,nan,nan,nan,nan,nan,nan,nan,nan,nan,nan,nan,nan,nan,nan,nan,nan,nan,nan,nan,nan
WbZt_6000_2000,WbZt,6000,2000,85,100,1.6,1.2,/eos/uscms/store/user/aji/rootfiles_existingOptimization/WbZt_6000_2000_pt100_ak16_ca12_th85.root,failed,/eos/uscms/store/user/aji/rootfiles_existingOptimization/WbZt_6000_2000_pt100_ak16_ca12_th85.root,nan,nan,nan,nan,nan,nan,nan,nan,nan,nan,nan,nan,nan,nan,nan,nan,nan,nan,nan,nan,nan
WbZt_6000_2000,WbZt,6000,2000,85,120,0.4,1.6,/eos/uscms/store/user/aji/rootfiles_existingOptimization/WbZt_6000_2000_pt120_ak4_ca16_th85.root,failed,/eos/uscms/store/user/aji/rootfiles_existingOptimization/WbZt_6000_2000_pt120_ak4_ca16_th85.root,nan,nan,nan,nan,nan,nan,nan,nan,nan,nan,nan,nan,nan,nan,nan,nan,nan,nan,nan,nan,nan
WbZt_6000_2000,WbZt,6000,2000,85,120,0.8,0.4,/eos/uscms/store/user/aji/rootfiles_existingOptimization/WbZt_6000_2000_pt120_ak8_ca4_th85.root,failed,/eos/uscms/store/user/aji/rootfiles_existingOptimization/WbZt_6000_2000_pt120_ak8_ca4_th85.root,nan,nan,nan,nan,nan,nan,nan,nan,nan,nan,nan,nan,nan,nan,nan,nan,nan,nan,nan,nan,nan
WbZt_6000_2000,WbZt,6000,2000,85,120,0.8,0.6,/eos/uscms/store/user/aji/rootfiles_existingOptimization/WbZt_6000_2000_pt120_ak8_ca6_th85.root,failed,/eos/uscms/store/user/aji/rootfiles_existingOptimization/WbZt_6000_2000_pt120_ak8_ca6_th85.root,nan,nan,nan,nan,nan,nan,nan,nan,nan,nan,nan,nan,nan,nan,nan,nan,nan,nan,nan,nan,nan
WbZt_6000_2000,WbZt,6000,2000,85,120,1.0,0.4,/eos/uscms/store/user/aji/rootfiles_existingOptimization/WbZt_6000_2000_pt120_ak10_ca4_th85.root,failed,/eos/uscms/store/user/aji/rootfiles_existingOptimization/WbZt_6000_2000_pt120_ak10_ca4_th85.root,nan,nan,nan,nan,nan,nan,nan,nan,nan,nan,nan,nan,nan,nan,nan,nan,nan,nan,nan,nan,nan
WbZt_6000_2000,WbZt,6000,2000,85,120,1.0,0.6,/eos/uscms/store/user/aji/rootfiles_existingOptimization/WbZt_6000_2000_pt120_ak10_ca6_th85.root,failed,/eos/uscms/store/user/aji/rootfiles_existingOptimization/WbZt_6000_2000_pt120_ak10_ca6_th85.root,nan,nan,nan,nan,nan,nan,nan,nan,nan,nan,nan,nan,nan,nan,nan,nan,nan,nan,nan,nan,nan
WbZt_6000_2000,WbZt,6000,2000,85,120,1.2,0.4,/eos/uscms/store/user/aji/rootfiles_existingOptimization/WbZt_6000_2000_pt120_ak12_ca4_th85.root,failed,/eos/uscms/store/user/aji/rootfiles_existingOptimization/WbZt_6000_2000_pt120_ak12_ca4_th85.root,nan,nan,nan,nan,nan,nan,nan,nan,nan,nan,nan,nan,nan,nan,nan,nan,nan,nan,nan,nan,nan
WbZt_6000_2000,WbZt,6000,2000,85,120,1.2,0.6,/eos/uscms/store/user/aji/rootfiles_existingOptimization/WbZt_6000_2000_pt120_ak12_ca6_th85.root,failed,/eos/uscms/store/user/aji/rootfiles_existingOptimization/WbZt_6000_2000_pt120_ak12_ca6_th85.root,nan,nan,nan,nan,nan,nan,nan,nan,nan,nan,nan,nan,nan,nan,nan,nan,nan,nan,nan,nan,nan
WbZt_6000_2000,WbZt,6000,2000,85,120,1.2,0.8,/eos/uscms/store/user/aji/rootfiles_existingOptimization/WbZt_6000_2000_pt120_ak12_ca8_th85.root,failed,/eos/uscms/store/user/aji/rootfiles_existingOptimization/WbZt_6000_2000_pt120_ak12_ca8_th85.root,nan,nan,nan,nan,nan,nan,nan,nan,nan,nan,nan,nan,nan,nan,nan,nan,nan,nan,nan,nan,nan
WbZt_6000_2000,WbZt,6000,2000,85,120,1.4,0.4,/eos/uscms/store/user/aji/rootfiles_existingOptimization/WbZt_6000_2000_pt120_ak14_ca4_th85.root,failed,/eos/uscms/store/user/aji/rootfiles_existingOptimization/WbZt_6000_2000_pt120_ak14_ca4_th85.root,nan,nan,nan,nan,nan,nan,nan,nan,nan,nan,nan,nan,nan,nan,nan,nan,nan,nan,nan,nan,nan
WbZt_6000_2000,WbZt,6000,2000,85,120,1.4,0.6,/eos/uscms/store/user/aji/rootfiles_existingOptimization/WbZt_6000_2000_pt120_ak14_ca6_th85.root,failed,/eos/uscms/store/user/aji/rootfiles_existingOptimization/WbZt_6000_2000_pt120_ak14_ca6_th85.root,nan,nan,nan,nan,nan,nan,nan,nan,nan,nan,nan,nan,nan,nan,nan,nan,nan,nan,nan,nan,nan
WbZt_6000_2000,WbZt,6000,2000,85,120,1.4,0.8,/eos/uscms/store/user/aji/rootfiles_existingOptimization/WbZt_6000_2000_pt120_ak14_ca8_th85.root,failed,/eos/uscms/store/user/aji/rootfiles_existingOptimization/WbZt_6000_2000_pt120_ak14_ca8_th85.root,nan,nan,nan,nan,nan,nan,nan,nan,nan,nan,nan,nan,nan,nan,nan,nan,nan,nan,nan,nan,nan
WbZt_6000_2000,WbZt,6000,2000,85,120,1.4,1.0,/eos/uscms/store/user/aji/rootfiles_existingOptimization/WbZt_6000_2000_pt120_ak14_ca10_th85.root,failed,/eos/uscms/store/user/aji/rootfiles_existingOptimization/WbZt_6000_2000_pt120_ak14_ca10_th85.root,nan,nan,nan,nan,nan,nan,nan,nan,nan,nan,nan,nan,nan,nan,nan,nan,nan,nan,nan,nan,nan
WbZt_6000_2000,WbZt,6000,2000,85,120,1.4,1.6,/eos/uscms/store/user/aji/rootfiles_existingOptimization/WbZt_6000_2000_pt120_ak14_ca16_th85.root,failed,/eos/uscms/store/user/aji/rootfiles_existingOptimization/WbZt_6000_2000_pt120_ak14_ca16_th85.root,nan,nan,nan,nan,nan,nan,nan,nan,nan,nan,nan,nan,nan,nan,nan,nan,nan,nan,nan,nan,nan
WbZt_6000_2000,WbZt,6000,2000,85,120,1.6,0.4,/eos/uscms/store/user/aji/rootfiles_existingOptimization/WbZt_6000_2000_pt120_ak16_ca4_th85.root,failed,/eos/uscms/store/user/aji/rootfiles_existingOptimization/WbZt_6000_2000_pt120_ak16_ca4_th85.root,nan,nan,nan,nan,nan,nan,nan,nan,nan,nan,nan,nan,nan,nan,nan,nan,nan,nan,nan,nan,nan
WbZt_6000_2000,WbZt,6000,2000,85,120,1.6,0.6,/eos/uscms/store/user/aji/rootfiles_existingOptimization/WbZt_6000_2000_pt120_ak16_ca6_th85.root,failed,/eos/uscms/store/user/aji/rootfiles_existingOptimization/WbZt_6000_2000_pt120_ak16_ca6_th85.root,nan,nan,nan,nan,nan,nan,nan,nan,nan,nan,nan,nan,nan,nan,nan,nan,nan,nan,nan,nan,nan
WbZt_6000_2000,WbZt,6000,2000,85,120,1.6,0.8,/eos/uscms/store/user/aji/rootfiles_existingOptimization/WbZt_6000_2000_pt120_ak16_ca8_th85.root,failed,/eos/uscms/store/user/aji/rootfiles_existingOptimization/WbZt_6000_2000_pt120_ak16_ca8_th85.root,nan,nan,nan,nan,nan,nan,nan,nan,nan,nan,nan,nan,nan,nan,nan,nan,nan,nan,nan,nan,nan
WbZt_6000_2000,WbZt,6000,2000,85,120,1.6,1.0,/eos/uscms/store/user/aji/rootfiles_existingOptimization/WbZt_6000_2000_pt120_ak16_ca10_th85.root,failed,/eos/uscms/store/user/aji/rootfiles_existingOptimization/WbZt_6000_2000_pt120_ak16_ca10_th85.root,nan,nan,nan,nan,nan,nan,nan,nan,nan,nan,nan,nan,nan,nan,nan,nan,nan,nan,nan,nan,nan
WbZt_6000_2000,WbZt,6000,2000,85,120,1.6,1.2,/eos/uscms/store/user/aji/rootfiles_existingOptimization/WbZt_6000_2000_pt120_ak16_ca12_th85.root,failed,/eos/uscms/store/user/aji/rootfiles_existingOptimization/WbZt_6000_2000_pt120_ak16_ca12_th85.root,nan,nan,nan,nan,nan,nan,nan,nan,nan,nan,nan,nan,nan,nan,nan,nan,nan,nan,nan,nan,nan
WbZt_6000_2000,WbZt,6000,2000,85,140,0.4,0.6,/eos/uscms/store/user/aji/rootfiles_existingOptimization/WbZt_6000_2000_pt140_ak4_ca6_th85.root,failed,/eos/uscms/store/user/aji/rootfiles_existingOptimization/WbZt_6000_2000_pt140_ak4_ca6_th85.root,nan,nan,nan,nan,nan,nan,nan,nan,nan,nan,nan,nan,nan,nan,nan,nan,nan,nan,nan,nan,nan
WbZt_6000_2000,WbZt,6000,2000,85,140,0.4,0.8,/eos/uscms/store/user/aji/rootfiles_existingOptimization/WbZt_6000_2000_pt140_ak4_ca8_th85.root,failed,/eos/uscms/store/user/aji/rootfiles_existingOptimization/WbZt_6000_2000_pt140_ak4_ca8_th85.root,nan,nan,nan,nan,nan,nan,nan,nan,nan,nan,nan,nan,nan,nan,nan,nan,nan,nan,nan,nan,nan
WbZt_6000_2000,WbZt,6000,2000,85,140,0.4,1.4,/eos/uscms/store/user/aji/rootfiles_existingOptimization/WbZt_6000_2000_pt140_ak4_ca14_th85.root,failed,/eos/uscms/store/user/aji/rootfiles_existingOptimization/WbZt_6000_2000_pt140_ak4_ca14_th85.root,nan,nan,nan,nan,nan,nan,nan,nan,nan,nan,nan,nan,nan,nan,nan,nan,nan,nan,nan,nan,nan
WbZt_6000_2000,WbZt,6000,2000,85,140,0.6,0.6,/eos/uscms/store/user/aji/rootfiles_existingOptimization/WbZt_6000_2000_pt140_ak6_ca6_th85.root,failed,/eos/uscms/store/user/aji/rootfiles_existingOptimization/WbZt_6000_2000_pt140_ak6_ca6_th85.root,nan,nan,nan,nan,nan,nan,nan,nan,nan,nan,nan,nan,nan,nan,nan,nan,nan,nan,nan,nan,nan
WbZt_6000_2000,WbZt,6000,2000,85,140,0.8,0.4,/eos/uscms/store/user/aji/rootfiles_existingOptimization/WbZt_6000_2000_pt140_ak8_ca4_th85.root,failed,/eos/uscms/store/user/aji/rootfiles_existingOptimization/WbZt_6000_2000_pt140_ak8_ca4_th85.root,nan,nan,nan,nan,nan,nan,nan,nan,nan,nan,nan,nan,nan,nan,nan,nan,nan,nan,nan,nan,nan
WbZt_6000_2000,WbZt,6000,2000,85,140,0.8,0.6,/eos/uscms/store/user/aji/rootfiles_existingOptimization/WbZt_6000_2000_pt140_ak8_ca6_th85.root,failed,/eos/uscms/store/user/aji/rootfiles_existingOptimization/WbZt_6000_2000_pt140_ak8_ca6_th85.root,nan,nan,nan,nan,nan,nan,nan,nan,nan,nan,nan,nan,nan,nan,nan,nan,nan,nan,nan,nan,nan
WbZt_6000_2000,WbZt,6000,2000,85,140,0.8,1.4,/eos/uscms/store/user/aji/rootfiles_existingOptimization/WbZt_6000_2000_pt140_ak8_ca14_th85.root,failed,/eos/uscms/store/user/aji/rootfiles_existingOptimization/WbZt_6000_2000_pt140_ak8_ca14_th85.root,nan,nan,nan,nan,nan,nan,nan,nan,nan,nan,nan,nan,nan,nan,nan,nan,nan,nan,nan,nan,nan
WbZt_6000_2000,WbZt,6000,2000,85,140,1.0,0.4,/eos/uscms/store/user/aji/rootfiles_existingOptimization/WbZt_6000_2000_pt140_ak10_ca4_th85.root,failed,/eos/uscms/store/user/aji/rootfiles_existingOptimization/WbZt_6000_2000_pt140_ak10_ca4_th85.root,nan,nan,nan,nan,nan,nan,nan,nan,nan,nan,nan,nan,nan,nan,nan,nan,nan,nan,nan,nan,nan
WbZt_6000_2000,WbZt,6000,2000,85,140,1.0,0.6,/eos/uscms/store/user/aji/rootfiles_existingOptimization/WbZt_6000_2000_pt140_ak10_ca6_th85.root,failed,/eos/uscms/store/user/aji/rootfiles_existingOptimization/WbZt_6000_2000_pt140_ak10_ca6_th85.root,nan,nan,nan,nan,nan,nan,nan,nan,nan,nan,nan,nan,nan,nan,nan,nan,nan,nan,nan,nan,nan
WbZt_6000_2000,WbZt,6000,2000,85,140,1.0,1.6,/eos/uscms/store/user/aji/rootfiles_existingOptimization/WbZt_6000_2000_pt140_ak10_ca16_th85.root,failed,/eos/uscms/store/user/aji/rootfiles_existingOptimization/WbZt_6000_2000_pt140_ak10_ca16_th85.root,nan,nan,nan,nan,nan,nan,nan,nan,nan,nan,nan,nan,nan,nan,nan,nan,nan,nan,nan,nan,nan
WbZt_6000_2000,WbZt,6000,2000,85,140,1.2,0.4,/eos/uscms/store/user/aji/rootfiles_existingOptimization/WbZt_6000_2000_pt140_ak12_ca4_th85.root,failed,/eos/uscms/store/user/aji/rootfiles_existingOptimization/WbZt_6000_2000_pt140_ak12_ca4_th85.root,nan,nan,nan,nan,nan,nan,nan,nan,nan,nan,nan,nan,nan,nan,nan,nan,nan,nan,nan,nan,nan
WbZt_6000_2000,WbZt,6000,2000,85,140,1.2,0.6,/eos/uscms/store/user/aji/rootfiles_existingOptimization/WbZt_6000_2000_pt140_ak12_ca6_th85.root,failed,/eos/uscms/store/user/aji/rootfiles_existingOptimization/WbZt_6000_2000_pt140_ak12_ca6_th85.root,nan,nan,nan,nan,nan,nan,nan,nan,nan,nan,nan,nan,nan,nan,nan,nan,nan,nan,nan,nan,nan
WbZt_6000_2000,WbZt,6000,2000,85,140,1.2,0.8,/eos/uscms/store/user/aji/rootfiles_existingOptimization/WbZt_6000_2000_pt140_ak12_ca8_th85.root,failed,/eos/uscms/store/user/aji/rootfiles_existingOptimization/WbZt_6000_2000_pt140_ak12_ca8_th85.root,nan,nan,nan,nan,nan,nan,nan,nan,nan,nan,nan,nan,nan,nan,nan,nan,nan,nan,nan,nan,nan
WbZt_6000_2000,WbZt,6000,2000,85,140,1.4,0.4,/eos/uscms/store/user/aji/rootfiles_existingOptimization/WbZt_6000_2000_pt140_ak14_ca4_th85.root,failed,/eos/uscms/store/user/aji/rootfiles_existingOptimization/WbZt_6000_2000_pt140_ak14_ca4_th85.root,nan,nan,nan,nan,nan,nan,nan,nan,nan,nan,nan,nan,nan,nan,nan,nan,nan,nan,nan,nan,nan
WbZt_6000_2000,WbZt,6000,2000,85,140,1.4,0.6,/eos/uscms/store/user/aji/rootfiles_existingOptimization/WbZt_6000_2000_pt140_ak14_ca6_th85.root,failed,/eos/uscms/store/user/aji/rootfiles_existingOptimization/WbZt_6000_2000_pt140_ak14_ca6_th85.root,nan,nan,nan,nan,nan,nan,nan,nan,nan,nan,nan,nan,nan,nan,nan,nan,nan,nan,nan,nan,nan
WbZt_6000_2000,WbZt,6000,2000,85,140,1.4,0.8,/eos/uscms/store/user/aji/rootfiles_existingOptimization/WbZt_6000_2000_pt140_ak14_ca8_th85.root,failed,/eos/uscms/store/user/aji/rootfiles_existingOptimization/WbZt_6000_2000_pt140_ak14_ca8_th85.root,nan,nan,nan,nan,nan,nan,nan,nan,nan,nan,nan,nan,nan,nan,nan,nan,nan,nan,nan,nan,nan
WbZt_6000_2000,WbZt,6000,2000,85,140,1.4,1.0,/eos/uscms/store/user/aji/rootfiles_existingOptimization/WbZt_6000_2000_pt140_ak14_ca10_th85.root,failed,/eos/uscms/store/user/aji/rootfiles_existingOptimization/WbZt_6000_2000_pt140_ak14_ca10_th85.root,nan,nan,nan,nan,nan,nan,nan,nan,nan,nan,nan,nan,nan,nan,nan,nan,nan,nan,nan,nan,nan
WbZt_6000_2000,WbZt,6000,2000,85,140,1.6,0.4,/eos/uscms/store/user/aji/rootfiles_existingOptimization/WbZt_6000_2000_pt140_ak16_ca4_th85.root,failed,/eos/uscms/store/user/aji/rootfiles_existingOptimization/WbZt_6000_2000_pt140_ak16_ca4_th85.root,nan,nan,nan,nan,nan,nan,nan,nan,nan,nan,nan,nan,nan,nan,nan,nan,nan,nan,nan,nan,nan
WbZt_6000_2000,WbZt,6000,2000,85,140,1.6,0.6,/eos/uscms/store/user/aji/rootfiles_existingOptimization/WbZt_6000_2000_pt140_ak16_ca6_th85.root,failed,/eos/uscms/store/user/aji/rootfiles_existingOptimization/WbZt_6000_2000_pt140_ak16_ca6_th85.root,nan,nan,nan,nan,nan,nan,nan,nan,nan,nan,nan,nan,nan,nan,nan,nan,nan,nan,nan,nan,nan
WbZt_6000_2000,WbZt,6000,2000,85,140,1.6,0.8,/eos/uscms/store/user/aji/rootfiles_existingOptimization/WbZt_6000_2000_pt140_ak16_ca8_th85.root,failed,/eos/uscms/store/user/aji/rootfiles_existingOptimization/WbZt_6000_2000_pt140_ak16_ca8_th85.root,nan,nan,nan,nan,nan,nan,nan,nan,nan,nan,nan,nan,nan,nan,nan,nan,nan,nan,nan,nan,nan
WbZt_6000_2000,WbZt,6000,2000,85,140,1.6,1.0,/eos/uscms/store/user/aji/rootfiles_existingOptimization/WbZt_6000_2000_pt140_ak16_ca10_th85.root,failed,/eos/uscms/store/user/aji/rootfiles_existingOptimization/WbZt_6000_2000_pt140_ak16_ca10_th85.root,nan,nan,nan,nan,nan,nan,nan,nan,nan,nan,nan,nan,nan,nan,nan,nan,nan,nan,nan,nan,nan
WbZt_6000_2000,WbZt,6000,2000,85,140,1.6,1.2,/eos/uscms/store/user/aji/rootfiles_existingOptimization/WbZt_6000_2000_pt140_ak16_ca12_th85.root,failed,/eos/uscms/store/user/aji/rootfiles_existingOptimization/WbZt_6000_2000_pt140_ak16_ca12_th85.root,nan,nan,nan,nan,nan,nan,nan,nan,nan,nan,nan,nan,nan,nan,nan,nan,nan,nan,nan,nan,nan
WbZt_6000_2000,WbZt,6000,2000,85,160,0.4,0.6,/eos/uscms/store/user/aji/rootfiles_existingOptimization/WbZt_6000_2000_pt160_ak4_ca6_th85.root,failed,/eos/uscms/store/user/aji/rootfiles_existingOptimization/WbZt_6000_2000_pt160_ak4_ca6_th85.root,nan,nan,nan,nan,nan,nan,nan,nan,nan,nan,nan,nan,nan,nan,nan,nan,nan,nan,nan,nan,nan
WbZt_6000_2000,WbZt,6000,2000,85,160,0.4,0.8,/eos/uscms/store/user/aji/rootfiles_existingOptimization/WbZt_6000_2000_pt160_ak4_ca8_th85.root,failed,/eos/uscms/store/user/aji/rootfiles_existingOptimization/WbZt_6000_2000_pt160_ak4_ca8_th85.root,nan,nan,nan,nan,nan,nan,nan,nan,nan,nan,nan,nan,nan,nan,nan,nan,nan,nan,nan,nan,nan
WbZt_6000_2000,WbZt,6000,2000,85,160,0.6,0.4,/eos/uscms/store/user/aji/rootfiles_existingOptimization/WbZt_6000_2000_pt160_ak6_ca4_th85.root,failed,/eos/uscms/store/user/aji/rootfiles_existingOptimization/WbZt_6000_2000_pt160_ak6_ca4_th85.root,nan,nan,nan,nan,nan,nan,nan,nan,nan,nan,nan,nan,nan,nan,nan,nan,nan,nan,nan,nan,nan
WbZt_6000_2000,WbZt,6000,2000,85,160,0.6,0.6,/eos/uscms/store/user/aji/rootfiles_existingOptimization/WbZt_6000_2000_pt160_ak6_ca6_th85.root,failed,/eos/uscms/store/user/aji/rootfiles_existingOptimization/WbZt_6000_2000_pt160_ak6_ca6_th85.root,nan,nan,nan,nan,nan,nan,nan,nan,nan,nan,nan,nan,nan,nan,nan,nan,nan,nan,nan,nan,nan
WbZt_6000_2000,WbZt,6000,2000,85,160,0.8,0.4,/eos/uscms/store/user/aji/rootfiles_existingOptimization/WbZt_6000_2000_pt160_ak8_ca4_th85.root,failed,/eos/uscms/store/user/aji/rootfiles_existingOptimization/WbZt_6000_2000_pt160_ak8_ca4_th85.root,nan,nan,nan,nan,nan,nan,nan,nan,nan,nan,nan,nan,nan,nan,nan,nan,nan,nan,nan,nan,nan
WbZt_6000_2000,WbZt,6000,2000,85,160,0.8,0.6,/eos/uscms/store/user/aji/rootfiles_existingOptimization/WbZt_6000_2000_pt160_ak8_ca6_th85.root,failed,/eos/uscms/store/user/aji/rootfiles_existingOptimization/WbZt_6000_2000_pt160_ak8_ca6_th85.root,nan,nan,nan,nan,nan,nan,nan,nan,nan,nan,nan,nan,nan,nan,nan,nan,nan,nan,nan,nan,nan
WbZt_6000_2000,WbZt,6000,2000,85,160,1.0,0.4,/eos/uscms/store/user/aji/rootfiles_existingOptimization/WbZt_6000_2000_pt160_ak10_ca4_th85.root,failed,/eos/uscms/store/user/aji/rootfiles_existingOptimization/WbZt_6000_2000_pt160_ak10_ca4_th85.root,nan,nan,nan,nan,nan,nan,nan,nan,nan,nan,nan,nan,nan,nan,nan,nan,nan,nan,nan,nan,nan
WbZt_6000_2000,WbZt,6000,2000,85,160,1.0,0.6,/eos/uscms/store/user/aji/rootfiles_existingOptimization/WbZt_6000_2000_pt160_ak10_ca6_th85.root,failed,/eos/uscms/store/user/aji/rootfiles_existingOptimization/WbZt_6000_2000_pt160_ak10_ca6_th85.root,nan,nan,nan,nan,nan,nan,nan,nan,nan,nan,nan,nan,nan,nan,nan,nan,nan,nan,nan,nan,nan
WbZt_6000_2000,WbZt,6000,2000,85,160,1.2,0.4,/eos/uscms/store/user/aji/rootfiles_existingOptimization/WbZt_6000_2000_pt160_ak12_ca4_th85.root,failed,/eos/uscms/store/user/aji/rootfiles_existingOptimization/WbZt_6000_2000_pt160_ak12_ca4_th85.root,nan,nan,nan,nan,nan,nan,nan,nan,nan,nan,nan,nan,nan,nan,nan,nan,nan,nan,nan,nan,nan
WbZt_6000_2000,WbZt,6000,2000,85,160,1.2,0.6,/eos/uscms/store/user/aji/rootfiles_existingOptimization/WbZt_6000_2000_pt160_ak12_ca6_th85.root,failed,/eos/uscms/store/user/aji/rootfiles_existingOptimization/WbZt_6000_2000_pt160_ak12_ca6_th85.root,nan,nan,nan,nan,nan,nan,nan,nan,nan,nan,nan,nan,nan,nan,nan,nan,nan,nan,nan,nan,nan
WbZt_6000_2000,WbZt,6000,2000,85,160,1.2,0.8,/eos/uscms/store/user/aji/rootfiles_existingOptimization/WbZt_6000_2000_pt160_ak12_ca8_th85.root,failed,/eos/uscms/store/user/aji/rootfiles_existingOptimization/WbZt_6000_2000_pt160_ak12_ca8_th85.root,nan,nan,nan,nan,nan,nan,nan,nan,nan,nan,nan,nan,nan,nan,nan,nan,nan,nan,nan,nan,nan
WbZt_6000_2000,WbZt,6000,2000,85,160,1.4,0.4,/eos/uscms/store/user/aji/rootfiles_existingOptimization/WbZt_6000_2000_pt160_ak14_ca4_th85.root,failed,/eos/uscms/store/user/aji/rootfiles_existingOptimization/WbZt_6000_2000_pt160_ak14_ca4_th85.root,nan,nan,nan,nan,nan,nan,nan,nan,nan,nan,nan,nan,nan,nan,nan,nan,nan,nan,nan,nan,nan
WbZt_6000_2000,WbZt,6000,2000,85,160,1.4,0.6,/eos/uscms/store/user/aji/rootfiles_existingOptimization/WbZt_6000_2000_pt160_ak14_ca6_th85.root,failed,/eos/uscms/store/user/aji/rootfiles_existingOptimization/WbZt_6000_2000_pt160_ak14_ca6_th85.root,nan,nan,nan,nan,nan,nan,nan,nan,nan,nan,nan,nan,nan,nan,nan,nan,nan,nan,nan,nan,nan
WbZt_6000_2000,WbZt,6000,2000,85,160,1.4,0.8,/eos/uscms/store/user/aji/rootfiles_existingOptimization/WbZt_6000_2000_pt160_ak14_ca8_th85.root,failed,/eos/uscms/store/user/aji/rootfiles_existingOptimization/WbZt_6000_2000_pt160_ak14_ca8_th85.root,nan,nan,nan,nan,nan,nan,nan,nan,nan,nan,nan,nan,nan,nan,nan,nan,nan,nan,nan,nan,nan
WbZt_6000_2000,WbZt,6000,2000,85,160,1.4,1.0,/eos/uscms/store/user/aji/rootfiles_existingOptimization/WbZt_6000_2000_pt160_ak14_ca10_th85.root,failed,/eos/uscms/store/user/aji/rootfiles_existingOptimization/WbZt_6000_2000_pt160_ak14_ca10_th85.root,nan,nan,nan,nan,nan,nan,nan,nan,nan,nan,nan,nan,nan,nan,nan,nan,nan,nan,nan,nan,nan
WbZt_6000_2000,WbZt,6000,2000,85,160,1.4,1.2,/eos/uscms/store/user/aji/rootfiles_existingOptimization/WbZt_6000_2000_pt160_ak14_ca12_th85.root,failed,/eos/uscms/store/user/aji/rootfiles_existingOptimization/WbZt_6000_2000_pt160_ak14_ca12_th85.root,nan,nan,nan,nan,nan,nan,nan,nan,nan,nan,nan,nan,nan,nan,nan,nan,nan,nan,nan,nan,nan
WbZt_6000_2000,WbZt,6000,2000,85,160,1.4,1.4,/eos/uscms/store/user/aji/rootfiles_existingOptimization/WbZt_6000_2000_pt160_ak14_ca14_th85.root,failed,/eos/uscms/store/user/aji/rootfiles_existingOptimization/WbZt_6000_2000_pt160_ak14_ca14_th85.root,nan,nan,nan,nan,nan,nan,nan,nan,nan,nan,nan,nan,nan,nan,nan,nan,nan,nan,nan,nan,nan
WbZt_6000_2000,WbZt,6000,2000,85,160,1.6,0.4,/eos/uscms/store/user/aji/rootfiles_existingOptimization/WbZt_6000_2000_pt160_ak16_ca4_th85.root,failed,/eos/uscms/store/user/aji/rootfiles_existingOptimization/WbZt_6000_2000_pt160_ak16_ca4_th85.root,nan,nan,nan,nan,nan,nan,nan,nan,nan,nan,nan,nan,nan,nan,nan,nan,nan,nan,nan,nan,nan
WbZt_6000_2000,WbZt,6000,2000,85,160,1.6,0.6,/eos/uscms/store/user/aji/rootfiles_existingOptimization/WbZt_6000_2000_pt160_ak16_ca6_th85.root,failed,/eos/uscms/store/user/aji/rootfiles_existingOptimization/WbZt_6000_2000_pt160_ak16_ca6_th85.root,nan,nan,nan,nan,nan,nan,nan,nan,nan,nan,nan,nan,nan,nan,nan,nan,nan,nan,nan,nan,nan
WbZt_6000_2000,WbZt,6000,2000,85,160,1.6,0.8,/eos/uscms/store/user/aji/rootfiles_existingOptimization/WbZt_6000_2000_pt160_ak16_ca8_th85.root,failed,/eos/uscms/store/user/aji/rootfiles_existingOptimization/WbZt_6000_2000_pt160_ak16_ca8_th85.root,nan,nan,nan,nan,nan,nan,nan,nan,nan,nan,nan,nan,nan,nan,nan,nan,nan,nan,nan,nan,nan
WbZt_6000_2000,WbZt,6000,2000,85,160,1.6,1.0,/eos/uscms/store/user/aji/rootfiles_existingOptimization/WbZt_6000_2000_pt160_ak16_ca10_th85.root,failed,/eos/uscms/store/user/aji/rootfiles_existingOptimization/WbZt_6000_2000_pt160_ak16_ca10_th85.root,nan,nan,nan,nan,nan,nan,nan,nan,nan,nan,nan,nan,nan,nan,nan,nan,nan,nan,nan,nan,nan
WbZt_6000_2000,WbZt,6000,2000,85,160,1.6,1.2,/eos/uscms/store/user/aji/rootfiles_existingOptimization/WbZt_6000_2000_pt160_ak16_ca12_th85.root,failed,/eos/uscms/store/user/aji/rootfiles_existingOptimization/WbZt_6000_2000_pt160_ak16_ca12_th85.root,nan,nan,nan,nan,nan,nan,nan,nan,nan,nan,nan,nan,nan,nan,nan,nan,nan,nan,nan,nan,nan
WbZt_6000_2000,WbZt,6000,2000,85,160,1.6,1.6,/eos/uscms/store/user/aji/rootfiles_existingOptimization/WbZt_6000_2000_pt160_ak16_ca16_th85.root,failed,/eos/uscms/store/user/aji/rootfiles_existingOptimization/WbZt_6000_2000_pt160_ak16_ca16_th85.root,nan,nan,nan,nan,nan,nan,nan,nan,nan,nan,nan,nan,nan,nan,nan,nan,nan,nan,nan,nan,nan
WbZt_6000_2000,WbZt,6000,2000,85,180,0.6,1.0,/eos/uscms/store/user/aji/rootfiles_existingOptimization/WbZt_6000_2000_pt180_ak6_ca10_th85.root,failed,/eos/uscms/store/user/aji/rootfiles_existingOptimization/WbZt_6000_2000_pt180_ak6_ca10_th85.root,nan,nan,nan,nan,nan,nan,nan,nan,nan,nan,nan,nan,nan,nan,nan,nan,nan,nan,nan,nan,nan
WbZt_6000_2000,WbZt,6000,2000,85,180,0.8,0.4,/eos/uscms/store/user/aji/rootfiles_existingOptimization/WbZt_6000_2000_pt180_ak8_ca4_th85.root,failed,/eos/uscms/store/user/aji/rootfiles_existingOptimization/WbZt_6000_2000_pt180_ak8_ca4_th85.root,nan,nan,nan,nan,nan,nan,nan,nan,nan,nan,nan,nan,nan,nan,nan,nan,nan,nan,nan,nan,nan
WbZt_6000_2000,WbZt,6000,2000,85,180,0.8,0.6,/eos/uscms/store/user/aji/rootfiles_existingOptimization/WbZt_6000_2000_pt180_ak8_ca6_th85.root,failed,/eos/uscms/store/user/aji/rootfiles_existingOptimization/WbZt_6000_2000_pt180_ak8_ca6_th85.root,nan,nan,nan,nan,nan,nan,nan,nan,nan,nan,nan,nan,nan,nan,nan,nan,nan,nan,nan,nan,nan
WbZt_6000_2000,WbZt,6000,2000,85,180,0.8,1.6,/eos/uscms/store/user/aji/rootfiles_existingOptimization/WbZt_6000_2000_pt180_ak8_ca16_th85.root,failed,/eos/uscms/store/user/aji/rootfiles_existingOptimization/WbZt_6000_2000_pt180_ak8_ca16_th85.root,nan,nan,nan,nan,nan,nan,nan,nan,nan,nan,nan,nan,nan,nan,nan,nan,nan,nan,nan,nan,nan
WbZt_6000_2000,WbZt,6000,2000,85,180,1.0,0.4,/eos/uscms/store/user/aji/rootfiles_existingOptimization/WbZt_6000_2000_pt180_ak10_ca4_th85.root,failed,/eos/uscms/store/user/aji/rootfiles_existingOptimization/WbZt_6000_2000_pt180_ak10_ca4_th85.root,nan,nan,nan,nan,nan,nan,nan,nan,nan,nan,nan,nan,nan,nan,nan,nan,nan,nan,nan,nan,nan
WbZt_6000_2000,WbZt,6000,2000,85,180,1.0,0.6,/eos/uscms/store/user/aji/rootfiles_existingOptimization/WbZt_6000_2000_pt180_ak10_ca6_th85.root,failed,/eos/uscms/store/user/aji/rootfiles_existingOptimization/WbZt_6000_2000_pt180_ak10_ca6_th85.root,nan,nan,nan,nan,nan,nan,nan,nan,nan,nan,nan,nan,nan,nan,nan,nan,nan,nan,nan,nan,nan
WbZt_6000_2000,WbZt,6000,2000,85,180,1.2,0.4,/eos/uscms/store/user/aji/rootfiles_existingOptimization/WbZt_6000_2000_pt180_ak12_ca4_th85.root,failed,/eos/uscms/store/user/aji/rootfiles_existingOptimization/WbZt_6000_2000_pt180_ak12_ca4_th85.root,nan,nan,nan,nan,nan,nan,nan,nan,nan,nan,nan,nan,nan,nan,nan,nan,nan,nan,nan,nan,nan
WbZt_6000_2000,WbZt,6000,2000,85,180,1.2,0.6,/eos/uscms/store/user/aji/rootfiles_existingOptimization/WbZt_6000_2000_pt180_ak12_ca6_th85.root,failed,/eos/uscms/store/user/aji/rootfiles_existingOptimization/WbZt_6000_2000_pt180_ak12_ca6_th85.root,nan,nan,nan,nan,nan,nan,nan,nan,nan,nan,nan,nan,nan,nan,nan,nan,nan,nan,nan,nan,nan
WbZt_6000_2000,WbZt,6000,2000,85,180,1.2,0.8,/eos/uscms/store/user/aji/rootfiles_existingOptimization/WbZt_6000_2000_pt180_ak12_ca8_th85.root,failed,/eos/uscms/store/user/aji/rootfiles_existingOptimization/WbZt_6000_2000_pt180_ak12_ca8_th85.root,nan,nan,nan,nan,nan,nan,nan,nan,nan,nan,nan,nan,nan,nan,nan,nan,nan,nan,nan,nan,nan
WbZt_6000_2000,WbZt,6000,2000,85,180,1.2,1.0,/eos/uscms/store/user/aji/rootfiles_existingOptimization/WbZt_6000_2000_pt180_ak12_ca10_th85.root,failed,/eos/uscms/store/user/aji/rootfiles_existingOptimization/WbZt_6000_2000_pt180_ak12_ca10_th85.root,nan,nan,nan,nan,nan,nan,nan,nan,nan,nan,nan,nan,nan,nan,nan,nan,nan,nan,nan,nan,nan
WbZt_6000_2000,WbZt,6000,2000,85,180,1.2,1.2,/eos/uscms/store/user/aji/rootfiles_existingOptimization/WbZt_6000_2000_pt180_ak12_ca12_th85.root,failed,/eos/uscms/store/user/aji/rootfiles_existingOptimization/WbZt_6000_2000_pt180_ak12_ca12_th85.root,nan,nan,nan,nan,nan,nan,nan,nan,nan,nan,nan,nan,nan,nan,nan,nan,nan,nan,nan,nan,nan
WbZt_6000_2000,WbZt,6000,2000,85,180,1.4,0.4,/eos/uscms/store/user/aji/rootfiles_existingOptimization/WbZt_6000_2000_pt180_ak14_ca4_th85.root,failed,/eos/uscms/store/user/aji/rootfiles_existingOptimization/WbZt_6000_2000_pt180_ak14_ca4_th85.root,nan,nan,nan,nan,nan,nan,nan,nan,nan,nan,nan,nan,nan,nan,nan,nan,nan,nan,nan,nan,nan
WbZt_6000_2000,WbZt,6000,2000,85,180,1.4,0.6,/eos/uscms/store/user/aji/rootfiles_existingOptimization/WbZt_6000_2000_pt180_ak14_ca6_th85.root,failed,/eos/uscms/store/user/aji/rootfiles_existingOptimization/WbZt_6000_2000_pt180_ak14_ca6_th85.root,nan,nan,nan,nan,nan,nan,nan,nan,nan,nan,nan,nan,nan,nan,nan,nan,nan,nan,nan,nan,nan
WbZt_6000_2000,WbZt,6000,2000,85,180,1.4,0.8,/eos/uscms/store/user/aji/rootfiles_existingOptimization/WbZt_6000_2000_pt180_ak14_ca8_th85.root,failed,/eos/uscms/store/user/aji/rootfiles_existingOptimization/WbZt_6000_2000_pt180_ak14_ca8_th85.root,nan,nan,nan,nan,nan,nan,nan,nan,nan,nan,nan,nan,nan,nan,nan,nan,nan,nan,nan,nan,nan
WbZt_6000_2000,WbZt,6000,2000,85,180,1.4,1.0,/eos/uscms/store/user/aji/rootfiles_existingOptimization/WbZt_6000_2000_pt180_ak14_ca10_th85.root,failed,/eos/uscms/store/user/aji/rootfiles_existingOptimization/WbZt_6000_2000_pt180_ak14_ca10_th85.root,nan,nan,nan,nan,nan,nan,nan,nan,nan,nan,nan,nan,nan,nan,nan,nan,nan,nan,nan,nan,nan
WbZt_6000_2000,WbZt,6000,2000,85,180,1.6,0.4,/eos/uscms/store/user/aji/rootfiles_existingOptimization/WbZt_6000_2000_pt180_ak16_ca4_th85.root,failed,/eos/uscms/store/user/aji/rootfiles_existingOptimization/WbZt_6000_2000_pt180_ak16_ca4_th85.root,nan,nan,nan,nan,nan,nan,nan,nan,nan,nan,nan,nan,nan,nan,nan,nan,nan,nan,nan,nan,nan
WbZt_6000_2000,WbZt,6000,2000,85,180,1.6,0.6,/eos/uscms/store/user/aji/rootfiles_existingOptimization/WbZt_6000_2000_pt180_ak16_ca6_th85.root,failed,/eos/uscms/store/user/aji/rootfiles_existingOptimization/WbZt_6000_2000_pt180_ak16_ca6_th85.root,nan,nan,nan,nan,nan,nan,nan,nan,nan,nan,nan,nan,nan,nan,nan,nan,nan,nan,nan,nan,nan
WbZt_6000_2000,WbZt,6000,2000,85,180,1.6,0.8,/eos/uscms/store/user/aji/rootfiles_existingOptimization/WbZt_6000_2000_pt180_ak16_ca8_th85.root,failed,/eos/uscms/store/user/aji/rootfiles_existingOptimization/WbZt_6000_2000_pt180_ak16_ca8_th85.root,nan,nan,nan,nan,nan,nan,nan,nan,nan,nan,nan,nan,nan,nan,nan,nan,nan,nan,nan,nan,nan
WbZt_6000_2000,WbZt,6000,2000,85,180,1.6,1.0,/eos/uscms/store/user/aji/rootfiles_existingOptimization/WbZt_6000_2000_pt180_ak16_ca10_th85.root,failed,/eos/uscms/store/user/aji/rootfiles_existingOptimization/WbZt_6000_2000_pt180_ak16_ca10_th85.root,nan,nan,nan,nan,nan,nan,nan,nan,nan,nan,nan,nan,nan,nan,nan,nan,nan,nan,nan,nan,nan
WbZt_6000_2000,WbZt,6000,2000,85,180,1.6,1.2,/eos/uscms/store/user/aji/rootfiles_existingOptimization/WbZt_6000_2000_pt180_ak16_ca12_th85.root,failed,/eos/uscms/store/user/aji/rootfiles_existingOptimization/WbZt_6000_2000_pt180_ak16_ca12_th85.root,nan,nan,nan,nan,nan,nan,nan,nan,nan,nan,nan,nan,nan,nan,nan,nan,nan,nan,nan,nan,nan
WbZt_6000_2000,WbZt,6000,2000,85,200,0.4,1.2,/eos/uscms/store/user/aji/rootfiles_existingOptimization/WbZt_6000_2000_pt200_ak4_ca12_th85.root,failed,/eos/uscms/store/user/aji/rootfiles_existingOptimization/WbZt_6000_2000_pt200_ak4_ca12_th85.root,nan,nan,nan,nan,nan,nan,nan,nan,nan,nan,nan,nan,nan,nan,nan,nan,nan,nan,nan,nan,nan
WbZt_6000_2000,WbZt,6000,2000,85,200,0.6,1.4,/eos/uscms/store/user/aji/rootfiles_existingOptimization/WbZt_6000_2000_pt200_ak6_ca14_th85.root,failed,/eos/uscms/store/user/aji/rootfiles_existingOptimization/WbZt_6000_2000_pt200_ak6_ca14_th85.root,nan,nan,nan,nan,nan,nan,nan,nan,nan,nan,nan,nan,nan,nan,nan,nan,nan,nan,nan,nan,nan
WbZt_6000_2000,WbZt,6000,2000,85,200,0.8,0.4,/eos/uscms/store/user/aji/rootfiles_existingOptimization/WbZt_6000_2000_pt200_ak8_ca4_th85.root,failed,/eos/uscms/store/user/aji/rootfiles_existingOptimization/WbZt_6000_2000_pt200_ak8_ca4_th85.root,nan,nan,nan,nan,nan,nan,nan,nan,nan,nan,nan,nan,nan,nan,nan,nan,nan,nan,nan,nan,nan
WbZt_6000_2000,WbZt,6000,2000,85,200,1.0,0.4,/eos/uscms/store/user/aji/rootfiles_existingOptimization/WbZt_6000_2000_pt200_ak10_ca4_th85.root,failed,/eos/uscms/store/user/aji/rootfiles_existingOptimization/WbZt_6000_2000_pt200_ak10_ca4_th85.root,nan,nan,nan,nan,nan,nan,nan,nan,nan,nan,nan,nan,nan,nan,nan,nan,nan,nan,nan,nan,nan
WbZt_6000_2000,WbZt,6000,2000,85,200,1.0,0.6,/eos/uscms/store/user/aji/rootfiles_existingOptimization/WbZt_6000_2000_pt200_ak10_ca6_th85.root,failed,/eos/uscms/store/user/aji/rootfiles_existingOptimization/WbZt_6000_2000_pt200_ak10_ca6_th85.root,nan,nan,nan,nan,nan,nan,nan,nan,nan,nan,nan,nan,nan,nan,nan,nan,nan,nan,nan,nan,nan
WbZt_6000_2000,WbZt,6000,2000,85,200,1.0,1.4,/eos/uscms/store/user/aji/rootfiles_existingOptimization/WbZt_6000_2000_pt200_ak10_ca14_th85.root,failed,/eos/uscms/store/user/aji/rootfiles_existingOptimization/WbZt_6000_2000_pt200_ak10_ca14_th85.root,nan,nan,nan,nan,nan,nan,nan,nan,nan,nan,nan,nan,nan,nan,nan,nan,nan,nan,nan,nan,nan
WbZt_6000_2000,WbZt,6000,2000,85,200,1.2,0.4,/eos/uscms/store/user/aji/rootfiles_existingOptimization/WbZt_6000_2000_pt200_ak12_ca4_th85.root,failed,/eos/uscms/store/user/aji/rootfiles_existingOptimization/WbZt_6000_2000_pt200_ak12_ca4_th85.root,nan,nan,nan,nan,nan,nan,nan,nan,nan,nan,nan,nan,nan,nan,nan,nan,nan,nan,nan,nan,nan
WbZt_6000_2000,WbZt,6000,2000,85,200,1.2,0.6,/eos/uscms/store/user/aji/rootfiles_existingOptimization/WbZt_6000_2000_pt200_ak12_ca6_th85.root,failed,/eos/uscms/store/user/aji/rootfiles_existingOptimization/WbZt_6000_2000_pt200_ak12_ca6_th85.root,nan,nan,nan,nan,nan,nan,nan,nan,nan,nan,nan,nan,nan,nan,nan,nan,nan,nan,nan,nan,nan
WbZt_6000_2000,WbZt,6000,2000,85,200,1.2,0.8,/eos/uscms/store/user/aji/rootfiles_existingOptimization/WbZt_6000_2000_pt200_ak12_ca8_th85.root,failed,/eos/uscms/store/user/aji/rootfiles_existingOptimization/WbZt_6000_2000_pt200_ak12_ca8_th85.root,nan,nan,nan,nan,nan,nan,nan,nan,nan,nan,nan,nan,nan,nan,nan,nan,nan,nan,nan,nan,nan
WbZt_6000_2000,WbZt,6000,2000,85,200,1.2,1.4,/eos/uscms/store/user/aji/rootfiles_existingOptimization/WbZt_6000_2000_pt200_ak12_ca14_th85.root,failed,/eos/uscms/store/user/aji/rootfiles_existingOptimization/WbZt_6000_2000_pt200_ak12_ca14_th85.root,nan,nan,nan,nan,nan,nan,nan,nan,nan,nan,nan,nan,nan,nan,nan,nan,nan,nan,nan,nan,nan
WbZt_6000_2000,WbZt,6000,2000,85,200,1.2,1.6,/eos/uscms/store/user/aji/rootfiles_existingOptimization/WbZt_6000_2000_pt200_ak12_ca16_th85.root,failed,/eos/uscms/store/user/aji/rootfiles_existingOptimization/WbZt_6000_2000_pt200_ak12_ca16_th85.root,nan,nan,nan,nan,nan,nan,nan,nan,nan,nan,nan,nan,nan,nan,nan,nan,nan,nan,nan,nan,nan
WbZt_6000_2000,WbZt,6000,2000,85,200,1.4,0.4,/eos/uscms/store/user/aji/rootfiles_existingOptimization/WbZt_6000_2000_pt200_ak14_ca4_th85.root,failed,/eos/uscms/store/user/aji/rootfiles_existingOptimization/WbZt_6000_2000_pt200_ak14_ca4_th85.root,nan,nan,nan,nan,nan,nan,nan,nan,nan,nan,nan,nan,nan,nan,nan,nan,nan,nan,nan,nan,nan
WbZt_6000_2000,WbZt,6000,2000,85,200,1.4,0.6,/eos/uscms/store/user/aji/rootfiles_existingOptimization/WbZt_6000_2000_pt200_ak14_ca6_th85.root,failed,/eos/uscms/store/user/aji/rootfiles_existingOptimization/WbZt_6000_2000_pt200_ak14_ca6_th85.root,nan,nan,nan,nan,nan,nan,nan,nan,nan,nan,nan,nan,nan,nan,nan,nan,nan,nan,nan,nan,nan
WbZt_6000_2000,WbZt,6000,2000,85,200,1.4,0.8,/eos/uscms/store/user/aji/rootfiles_existingOptimization/WbZt_6000_2000_pt200_ak14_ca8_th85.root,failed,/eos/uscms/store/user/aji/rootfiles_existingOptimization/WbZt_6000_2000_pt200_ak14_ca8_th85.root,nan,nan,nan,nan,nan,nan,nan,nan,nan,nan,nan,nan,nan,nan,nan,nan,nan,nan,nan,nan,nan
WbZt_6000_2000,WbZt,6000,2000,85,200,1.4,1.0,/eos/uscms/store/user/aji/rootfiles_existingOptimization/WbZt_6000_2000_pt200_ak14_ca10_th85.root,failed,/eos/uscms/store/user/aji/rootfiles_existingOptimization/WbZt_6000_2000_pt200_ak14_ca10_th85.root,nan,nan,nan,nan,nan,nan,nan,nan,nan,nan,nan,nan,nan,nan,nan,nan,nan,nan,nan,nan,nan
WbZt_6000_2000,WbZt,6000,2000,85,200,1.4,1.2,/eos/uscms/store/user/aji/rootfiles_existingOptimization/WbZt_6000_2000_pt200_ak14_ca12_th85.root,failed,/eos/uscms/store/user/aji/rootfiles_existingOptimization/WbZt_6000_2000_pt200_ak14_ca12_th85.root,nan,nan,nan,nan,nan,nan,nan,nan,nan,nan,nan,nan,nan,nan,nan,nan,nan,nan,nan,nan,nan
WbZt_6000_2000,WbZt,6000,2000,85,200,1.6,0.4,/eos/uscms/store/user/aji/rootfiles_existingOptimization/WbZt_6000_2000_pt200_ak16_ca4_th85.root,failed,/eos/uscms/store/user/aji/rootfiles_existingOptimization/WbZt_6000_2000_pt200_ak16_ca4_th85.root,nan,nan,nan,nan,nan,nan,nan,nan,nan,nan,nan,nan,nan,nan,nan,nan,nan,nan,nan,nan,nan
WbZt_6000_2000,WbZt,6000,2000,85,200,1.6,0.6,/eos/uscms/store/user/aji/rootfiles_existingOptimization/WbZt_6000_2000_pt200_ak16_ca6_th85.root,failed,/eos/uscms/store/user/aji/rootfiles_existingOptimization/WbZt_6000_2000_pt200_ak16_ca6_th85.root,nan,nan,nan,nan,nan,nan,nan,nan,nan,nan,nan,nan,nan,nan,nan,nan,nan,nan,nan,nan,nan
WbZt_6000_2000,WbZt,6000,2000,85,200,1.6,0.8,/eos/uscms/store/user/aji/rootfiles_existingOptimization/WbZt_6000_2000_pt200_ak16_ca8_th85.root,failed,/eos/uscms/store/user/aji/rootfiles_existingOptimization/WbZt_6000_2000_pt200_ak16_ca8_th85.root,nan,nan,nan,nan,nan,nan,nan,nan,nan,nan,nan,nan,nan,nan,nan,nan,nan,nan,nan,nan,nan
WbZt_6000_2000,WbZt,6000,2000,85,200,1.6,1.0,/eos/uscms/store/user/aji/rootfiles_existingOptimization/WbZt_6000_2000_pt200_ak16_ca10_th85.root,failed,/eos/uscms/store/user/aji/rootfiles_existingOptimization/WbZt_6000_2000_pt200_ak16_ca10_th85.root,nan,nan,nan,nan,nan,nan,nan,nan,nan,nan,nan,nan,nan,nan,nan,nan,nan,nan,nan,nan,nan
WbZt_6000_2000,WbZt,6000,2000,85,200,1.6,1.2,/eos/uscms/store/user/aji/rootfiles_existingOptimization/WbZt_6000_2000_pt200_ak16_ca12_th85.root,failed,/eos/uscms/store/user/aji/rootfiles_existingOptimization/WbZt_6000_2000_pt200_ak16_ca12_th85.root,nan,nan,nan,nan,nan,nan,nan,nan,nan,nan,nan,nan,nan,nan,nan,nan,nan,nan,nan,nan,nan
WbZt_6000_2000,WbZt,6000,2000,85,220,0.4,1.0,/eos/uscms/store/user/aji/rootfiles_existingOptimization/WbZt_6000_2000_pt220_ak4_ca10_th85.root,failed,/eos/uscms/store/user/aji/rootfiles_existingOptimization/WbZt_6000_2000_pt220_ak4_ca10_th85.root,nan,nan,nan,nan,nan,nan,nan,nan,nan,nan,nan,nan,nan,nan,nan,nan,nan,nan,nan,nan,nan
WbZt_6000_2000,WbZt,6000,2000,85,220,0.4,1.4,/eos/uscms/store/user/aji/rootfiles_existingOptimization/WbZt_6000_2000_pt220_ak4_ca14_th85.root,failed,/eos/uscms/store/user/aji/rootfiles_existingOptimization/WbZt_6000_2000_pt220_ak4_ca14_th85.root,nan,nan,nan,nan,nan,nan,nan,nan,nan,nan,nan,nan,nan,nan,nan,nan,nan,nan,nan,nan,nan
WbZt_6000_2000,WbZt,6000,2000,85,220,0.4,1.6,/eos/uscms/store/user/aji/rootfiles_existingOptimization/WbZt_6000_2000_pt220_ak4_ca16_th85.root,failed,/eos/uscms/store/user/aji/rootfiles_existingOptimization/WbZt_6000_2000_pt220_ak4_ca16_th85.root,nan,nan,nan,nan,nan,nan,nan,nan,nan,nan,nan,nan,nan,nan,nan,nan,nan,nan,nan,nan,nan
WbZt_6000_2000,WbZt,6000,2000,85,220,0.6,0.4,/eos/uscms/store/user/aji/rootfiles_existingOptimization/WbZt_6000_2000_pt220_ak6_ca4_th85.root,failed,/eos/uscms/store/user/aji/rootfiles_existingOptimization/WbZt_6000_2000_pt220_ak6_ca4_th85.root,nan,nan,nan,nan,nan,nan,nan,nan,nan,nan,nan,nan,nan,nan,nan,nan,nan,nan,nan,nan,nan
WbZt_6000_2000,WbZt,6000,2000,85,220,0.6,1.4,/eos/uscms/store/user/aji/rootfiles_existingOptimization/WbZt_6000_2000_pt220_ak6_ca14_th85.root,failed,/eos/uscms/store/user/aji/rootfiles_existingOptimization/WbZt_6000_2000_pt220_ak6_ca14_th85.root,nan,nan,nan,nan,nan,nan,nan,nan,nan,nan,nan,nan,nan,nan,nan,nan,nan,nan,nan,nan,nan
WbZt_6000_2000,WbZt,6000,2000,85,220,0.8,0.4,/eos/uscms/store/user/aji/rootfiles_existingOptimization/WbZt_6000_2000_pt220_ak8_ca4_th85.root,failed,/eos/uscms/store/user/aji/rootfiles_existingOptimization/WbZt_6000_2000_pt220_ak8_ca4_th85.root,nan,nan,nan,nan,nan,nan,nan,nan,nan,nan,nan,nan,nan,nan,nan,nan,nan,nan,nan,nan,nan
WbZt_6000_2000,WbZt,6000,2000,85,220,1.0,0.4,/eos/uscms/store/user/aji/rootfiles_existingOptimization/WbZt_6000_2000_pt220_ak10_ca4_th85.root,failed,/eos/uscms/store/user/aji/rootfiles_existingOptimization/WbZt_6000_2000_pt220_ak10_ca4_th85.root,nan,nan,nan,nan,nan,nan,nan,nan,nan,nan,nan,nan,nan,nan,nan,nan,nan,nan,nan,nan,nan
WbZt_6000_2000,WbZt,6000,2000,85,220,1.0,0.6,/eos/uscms/store/user/aji/rootfiles_existingOptimization/WbZt_6000_2000_pt220_ak10_ca6_th85.root,failed,/eos/uscms/store/user/aji/rootfiles_existingOptimization/WbZt_6000_2000_pt220_ak10_ca6_th85.root,nan,nan,nan,nan,nan,nan,nan,nan,nan,nan,nan,nan,nan,nan,nan,nan,nan,nan,nan,nan,nan
WbZt_6000_2000,WbZt,6000,2000,85,220,1.0,1.2,/eos/uscms/store/user/aji/rootfiles_existingOptimization/WbZt_6000_2000_pt220_ak10_ca12_th85.root,failed,/eos/uscms/store/user/aji/rootfiles_existingOptimization/WbZt_6000_2000_pt220_ak10_ca12_th85.root,nan,nan,nan,nan,nan,nan,nan,nan,nan,nan,nan,nan,nan,nan,nan,nan,nan,nan,nan,nan,nan
WbZt_6000_2000,WbZt,6000,2000,85,220,1.2,0.4,/eos/uscms/store/user/aji/rootfiles_existingOptimization/WbZt_6000_2000_pt220_ak12_ca4_th85.root,failed,/eos/uscms/store/user/aji/rootfiles_existingOptimization/WbZt_6000_2000_pt220_ak12_ca4_th85.root,nan,nan,nan,nan,nan,nan,nan,nan,nan,nan,nan,nan,nan,nan,nan,nan,nan,nan,nan,nan,nan
WbZt_6000_2000,WbZt,6000,2000,85,220,1.2,0.6,/eos/uscms/store/user/aji/rootfiles_existingOptimization/WbZt_6000_2000_pt220_ak12_ca6_th85.root,failed,/eos/uscms/store/user/aji/rootfiles_existingOptimization/WbZt_6000_2000_pt220_ak12_ca6_th85.root,nan,nan,nan,nan,nan,nan,nan,nan,nan,nan,nan,nan,nan,nan,nan,nan,nan,nan,nan,nan,nan
WbZt_6000_2000,WbZt,6000,2000,85,220,1.2,0.8,/eos/uscms/store/user/aji/rootfiles_existingOptimization/WbZt_6000_2000_pt220_ak12_ca8_th85.root,failed,/eos/uscms/store/user/aji/rootfiles_existingOptimization/WbZt_6000_2000_pt220_ak12_ca8_th85.root,nan,nan,nan,nan,nan,nan,nan,nan,nan,nan,nan,nan,nan,nan,nan,nan,nan,nan,nan,nan,nan
WbZt_6000_2000,WbZt,6000,2000,85,220,1.4,0.4,/eos/uscms/store/user/aji/rootfiles_existingOptimization/WbZt_6000_2000_pt220_ak14_ca4_th85.root,failed,/eos/uscms/store/user/aji/rootfiles_existingOptimization/WbZt_6000_2000_pt220_ak14_ca4_th85.root,nan,nan,nan,nan,nan,nan,nan,nan,nan,nan,nan,nan,nan,nan,nan,nan,nan,nan,nan,nan,nan
WbZt_6000_2000,WbZt,6000,2000,85,220,1.4,0.6,/eos/uscms/store/user/aji/rootfiles_existingOptimization/WbZt_6000_2000_pt220_ak14_ca6_th85.root,failed,/eos/uscms/store/user/aji/rootfiles_existingOptimization/WbZt_6000_2000_pt220_ak14_ca6_th85.root,nan,nan,nan,nan,nan,nan,nan,nan,nan,nan,nan,nan,nan,nan,nan,nan,nan,nan,nan,nan,nan
WbZt_6000_2000,WbZt,6000,2000,85,220,1.4,0.8,/eos/uscms/store/user/aji/rootfiles_existingOptimization/WbZt_6000_2000_pt220_ak14_ca8_th85.root,failed,/eos/uscms/store/user/aji/rootfiles_existingOptimization/WbZt_6000_2000_pt220_ak14_ca8_th85.root,nan,nan,nan,nan,nan,nan,nan,nan,nan,nan,nan,nan,nan,nan,nan,nan,nan,nan,nan,nan,nan
WbZt_6000_2000,WbZt,6000,2000,85,220,1.4,1.0,/eos/uscms/store/user/aji/rootfiles_existingOptimization/WbZt_6000_2000_pt220_ak14_ca10_th85.root,failed,/eos/uscms/store/user/aji/rootfiles_existingOptimization/WbZt_6000_2000_pt220_ak14_ca10_th85.root,nan,nan,nan,nan,nan,nan,nan,nan,nan,nan,nan,nan,nan,nan,nan,nan,nan,nan,nan,nan,nan
WbZt_6000_2000,WbZt,6000,2000,85,220,1.6,0.4,/eos/uscms/store/user/aji/rootfiles_existingOptimization/WbZt_6000_2000_pt220_ak16_ca4_th85.root,failed,/eos/uscms/store/user/aji/rootfiles_existingOptimization/WbZt_6000_2000_pt220_ak16_ca4_th85.root,nan,nan,nan,nan,nan,nan,nan,nan,nan,nan,nan,nan,nan,nan,nan,nan,nan,nan,nan,nan,nan
WbZt_6000_2000,WbZt,6000,2000,85,220,1.6,0.6,/eos/uscms/store/user/aji/rootfiles_existingOptimization/WbZt_6000_2000_pt220_ak16_ca6_th85.root,failed,/eos/uscms/store/user/aji/rootfiles_existingOptimization/WbZt_6000_2000_pt220_ak16_ca6_th85.root,nan,nan,nan,nan,nan,nan,nan,nan,nan,nan,nan,nan,nan,nan,nan,nan,nan,nan,nan,nan,nan
WbZt_6000_2000,WbZt,6000,2000,85,220,1.6,0.8,/eos/uscms/store/user/aji/rootfiles_existingOptimization/WbZt_6000_2000_pt220_ak16_ca8_th85.root,failed,/eos/uscms/store/user/aji/rootfiles_existingOptimization/WbZt_6000_2000_pt220_ak16_ca8_th85.root,nan,nan,nan,nan,nan,nan,nan,nan,nan,nan,nan,nan,nan,nan,nan,nan,nan,nan,nan,nan,nan
WbZt_6000_2000,WbZt,6000,2000,85,220,1.6,1.0,/eos/uscms/store/user/aji/rootfiles_existingOptimization/WbZt_6000_2000_pt220_ak16_ca10_th85.root,failed,/eos/uscms/store/user/aji/rootfiles_existingOptimization/WbZt_6000_2000_pt220_ak16_ca10_th85.root,nan,nan,nan,nan,nan,nan,nan,nan,nan,nan,nan,nan,nan,nan,nan,nan,nan,nan,nan,nan,nan
WbZt_6000_2000,WbZt,6000,2000,85,220,1.6,1.2,/eos/uscms/store/user/aji/rootfiles_existingOptimization/WbZt_6000_2000_pt220_ak16_ca12_th85.root,failed,/eos/uscms/store/user/aji/rootfiles_existingOptimization/WbZt_6000_2000_pt220_ak16_ca12_th85.root,nan,nan,nan,nan,nan,nan,nan,nan,nan,nan,nan,nan,nan,nan,nan,nan,nan,nan,nan,nan,nan
WbZt_6000_2000,WbZt,6000,2000,85,220,1.6,1.4,/eos/uscms/store/user/aji/rootfiles_existingOptimization/WbZt_6000_2000_pt220_ak16_ca14_th85.root,failed,/eos/uscms/store/user/aji/rootfiles_existingOptimization/WbZt_6000_2000_pt220_ak16_ca14_th85.root,nan,nan,nan,nan,nan,nan,nan,nan,nan,nan,nan,nan,nan,nan,nan,nan,nan,nan,nan,nan,nan
WbZt_6000_2000,WbZt,6000,2000,85,240,0.4,0.8,/eos/uscms/store/user/aji/rootfiles_existingOptimization/WbZt_6000_2000_pt240_ak4_ca8_th85.root,failed,/eos/uscms/store/user/aji/rootfiles_existingOptimization/WbZt_6000_2000_pt240_ak4_ca8_th85.root,nan,nan,nan,nan,nan,nan,nan,nan,nan,nan,nan,nan,nan,nan,nan,nan,nan,nan,nan,nan,nan
WbZt_6000_2000,WbZt,6000,2000,85,240,0.6,1.2,/eos/uscms/store/user/aji/rootfiles_existingOptimization/WbZt_6000_2000_pt240_ak6_ca12_th85.root,failed,/eos/uscms/store/user/aji/rootfiles_existingOptimization/WbZt_6000_2000_pt240_ak6_ca12_th85.root,nan,nan,nan,nan,nan,nan,nan,nan,nan,nan,nan,nan,nan,nan,nan,nan,nan,nan,nan,nan,nan
WbZt_6000_2000,WbZt,6000,2000,85,240,0.8,0.4,/eos/uscms/store/user/aji/rootfiles_existingOptimization/WbZt_6000_2000_pt240_ak8_ca4_th85.root,failed,/eos/uscms/store/user/aji/rootfiles_existingOptimization/WbZt_6000_2000_pt240_ak8_ca4_th85.root,nan,nan,nan,nan,nan,nan,nan,nan,nan,nan,nan,nan,nan,nan,nan,nan,nan,nan,nan,nan,nan
WbZt_6000_2000,WbZt,6000,2000,85,240,1.0,0.4,/eos/uscms/store/user/aji/rootfiles_existingOptimization/WbZt_6000_2000_pt240_ak10_ca4_th85.root,failed,/eos/uscms/store/user/aji/rootfiles_existingOptimization/WbZt_6000_2000_pt240_ak10_ca4_th85.root,nan,nan,nan,nan,nan,nan,nan,nan,nan,nan,nan,nan,nan,nan,nan,nan,nan,nan,nan,nan,nan
WbZt_6000_2000,WbZt,6000,2000,85,240,1.0,0.6,/eos/uscms/store/user/aji/rootfiles_existingOptimization/WbZt_6000_2000_pt240_ak10_ca6_th85.root,failed,/eos/uscms/store/user/aji/rootfiles_existingOptimization/WbZt_6000_2000_pt240_ak10_ca6_th85.root,nan,nan,nan,nan,nan,nan,nan,nan,nan,nan,nan,nan,nan,nan,nan,nan,nan,nan,nan,nan,nan
WbZt_6000_2000,WbZt,6000,2000,85,240,1.0,0.8,/eos/uscms/store/user/aji/rootfiles_existingOptimization/WbZt_6000_2000_pt240_ak10_ca8_th85.root,failed,/eos/uscms/store/user/aji/rootfiles_existingOptimization/WbZt_6000_2000_pt240_ak10_ca8_th85.root,nan,nan,nan,nan,nan,nan,nan,nan,nan,nan,nan,nan,nan,nan,nan,nan,nan,nan,nan,nan,nan
WbZt_6000_2000,WbZt,6000,2000,85,240,1.2,0.4,/eos/uscms/store/user/aji/rootfiles_existingOptimization/WbZt_6000_2000_pt240_ak12_ca4_th85.root,failed,/eos/uscms/store/user/aji/rootfiles_existingOptimization/WbZt_6000_2000_pt240_ak12_ca4_th85.root,nan,nan,nan,nan,nan,nan,nan,nan,nan,nan,nan,nan,nan,nan,nan,nan,nan,nan,nan,nan,nan
WbZt_6000_2000,WbZt,6000,2000,85,240,1.2,0.6,/eos/uscms/store/user/aji/rootfiles_existingOptimization/WbZt_6000_2000_pt240_ak12_ca6_th85.root,failed,/eos/uscms/store/user/aji/rootfiles_existingOptimization/WbZt_6000_2000_pt240_ak12_ca6_th85.root,nan,nan,nan,nan,nan,nan,nan,nan,nan,nan,nan,nan,nan,nan,nan,nan,nan,nan,nan,nan,nan
WbZt_6000_2000,WbZt,6000,2000,85,240,1.2,0.8,/eos/uscms/store/user/aji/rootfiles_existingOptimization/WbZt_6000_2000_pt240_ak12_ca8_th85.root,failed,/eos/uscms/store/user/aji/rootfiles_existingOptimization/WbZt_6000_2000_pt240_ak12_ca8_th85.root,nan,nan,nan,nan,nan,nan,nan,nan,nan,nan,nan,nan,nan,nan,nan,nan,nan,nan,nan,nan,nan
WbZt_6000_2000,WbZt,6000,2000,85,240,1.2,1.4,/eos/uscms/store/user/aji/rootfiles_existingOptimization/WbZt_6000_2000_pt240_ak12_ca14_th85.root,failed,/eos/uscms/store/user/aji/rootfiles_existingOptimization/WbZt_6000_2000_pt240_ak12_ca14_th85.root,nan,nan,nan,nan,nan,nan,nan,nan,nan,nan,nan,nan,nan,nan,nan,nan,nan,nan,nan,nan,nan
WbZt_6000_2000,WbZt,6000,2000,85,240,1.4,0.4,/eos/uscms/store/user/aji/rootfiles_existingOptimization/WbZt_6000_2000_pt240_ak14_ca4_th85.root,failed,/eos/uscms/store/user/aji/rootfiles_existingOptimization/WbZt_6000_2000_pt240_ak14_ca4_th85.root,nan,nan,nan,nan,nan,nan,nan,nan,nan,nan,nan,nan,nan,nan,nan,nan,nan,nan,nan,nan,nan
WbZt_6000_2000,WbZt,6000,2000,85,240,1.4,0.6,/eos/uscms/store/user/aji/rootfiles_existingOptimization/WbZt_6000_2000_pt240_ak14_ca6_th85.root,failed,/eos/uscms/store/user/aji/rootfiles_existingOptimization/WbZt_6000_2000_pt240_ak14_ca6_th85.root,nan,nan,nan,nan,nan,nan,nan,nan,nan,nan,nan,nan,nan,nan,nan,nan,nan,nan,nan,nan,nan
WbZt_6000_2000,WbZt,6000,2000,85,240,1.4,0.8,/eos/uscms/store/user/aji/rootfiles_existingOptimization/WbZt_6000_2000_pt240_ak14_ca8_th85.root,failed,/eos/uscms/store/user/aji/rootfiles_existingOptimization/WbZt_6000_2000_pt240_ak14_ca8_th85.root,nan,nan,nan,nan,nan,nan,nan,nan,nan,nan,nan,nan,nan,nan,nan,nan,nan,nan,nan,nan,nan
WbZt_6000_2000,WbZt,6000,2000,85,240,1.4,1.0,/eos/uscms/store/user/aji/rootfiles_existingOptimization/WbZt_6000_2000_pt240_ak14_ca10_th85.root,failed,/eos/uscms/store/user/aji/rootfiles_existingOptimization/WbZt_6000_2000_pt240_ak14_ca10_th85.root,nan,nan,nan,nan,nan,nan,nan,nan,nan,nan,nan,nan,nan,nan,nan,nan,nan,nan,nan,nan,nan
WbZt_6000_2000,WbZt,6000,2000,85,240,1.6,0.4,/eos/uscms/store/user/aji/rootfiles_existingOptimization/WbZt_6000_2000_pt240_ak16_ca4_th85.root,failed,/eos/uscms/store/user/aji/rootfiles_existingOptimization/WbZt_6000_2000_pt240_ak16_ca4_th85.root,nan,nan,nan,nan,nan,nan,nan,nan,nan,nan,nan,nan,nan,nan,nan,nan,nan,nan,nan,nan,nan
WbZt_6000_2000,WbZt,6000,2000,85,240,1.6,0.6,/eos/uscms/store/user/aji/rootfiles_existingOptimization/WbZt_6000_2000_pt240_ak16_ca6_th85.root,failed,/eos/uscms/store/user/aji/rootfiles_existingOptimization/WbZt_6000_2000_pt240_ak16_ca6_th85.root,nan,nan,nan,nan,nan,nan,nan,nan,nan,nan,nan,nan,nan,nan,nan,nan,nan,nan,nan,nan,nan
WbZt_6000_2000,WbZt,6000,2000,85,240,1.6,0.8,/eos/uscms/store/user/aji/rootfiles_existingOptimization/WbZt_6000_2000_pt240_ak16_ca8_th85.root,failed,/eos/uscms/store/user/aji/rootfiles_existingOptimization/WbZt_6000_2000_pt240_ak16_ca8_th85.root,nan,nan,nan,nan,nan,nan,nan,nan,nan,nan,nan,nan,nan,nan,nan,nan,nan,nan,nan,nan,nan
WbZt_6000_2000,WbZt,6000,2000,85,240,1.6,1.0,/eos/uscms/store/user/aji/rootfiles_existingOptimization/WbZt_6000_2000_pt240_ak16_ca10_th85.root,failed,/eos/uscms/store/user/aji/rootfiles_existingOptimization/WbZt_6000_2000_pt240_ak16_ca10_th85.root,nan,nan,nan,nan,nan,nan,nan,nan,nan,nan,nan,nan,nan,nan,nan,nan,nan,nan,nan,nan,nan
WbZt_6000_2000,WbZt,6000,2000,85,240,1.6,1.2,/eos/uscms/store/user/aji/rootfiles_existingOptimization/WbZt_6000_2000_pt240_ak16_ca12_th85.root,failed,/eos/uscms/store/user/aji/rootfiles_existingOptimization/WbZt_6000_2000_pt240_ak16_ca12_th85.root,nan,nan,nan,nan,nan,nan,nan,nan,nan,nan,nan,nan,nan,nan,nan,nan,nan,nan,nan,nan,nan
WbZt_6000_2000,WbZt,6000,2000,85,260,0.4,0.6,/eos/uscms/store/user/aji/rootfiles_existingOptimization/WbZt_6000_2000_pt260_ak4_ca6_th85.root,failed,/eos/uscms/store/user/aji/rootfiles_existingOptimization/WbZt_6000_2000_pt260_ak4_ca6_th85.root,nan,nan,nan,nan,nan,nan,nan,nan,nan,nan,nan,nan,nan,nan,nan,nan,nan,nan,nan,nan,nan
WbZt_6000_2000,WbZt,6000,2000,85,260,0.4,1.0,/eos/uscms/store/user/aji/rootfiles_existingOptimization/WbZt_6000_2000_pt260_ak4_ca10_th85.root,failed,/eos/uscms/store/user/aji/rootfiles_existingOptimization/WbZt_6000_2000_pt260_ak4_ca10_th85.root,nan,nan,nan,nan,nan,nan,nan,nan,nan,nan,nan,nan,nan,nan,nan,nan,nan,nan,nan,nan,nan
WbZt_6000_2000,WbZt,6000,2000,85,260,0.4,1.4,/eos/uscms/store/user/aji/rootfiles_existingOptimization/WbZt_6000_2000_pt260_ak4_ca14_th85.root,failed,/eos/uscms/store/user/aji/rootfiles_existingOptimization/WbZt_6000_2000_pt260_ak4_ca14_th85.root,nan,nan,nan,nan,nan,nan,nan,nan,nan,nan,nan,nan,nan,nan,nan,nan,nan,nan,nan,nan,nan
WbZt_6000_2000,WbZt,6000,2000,85,260,0.6,0.8,/eos/uscms/store/user/aji/rootfiles_existingOptimization/WbZt_6000_2000_pt260_ak6_ca8_th85.root,failed,/eos/uscms/store/user/aji/rootfiles_existingOptimization/WbZt_6000_2000_pt260_ak6_ca8_th85.root,nan,nan,nan,nan,nan,nan,nan,nan,nan,nan,nan,nan,nan,nan,nan,nan,nan,nan,nan,nan,nan
WbZt_6000_2000,WbZt,6000,2000,85,260,0.6,1.4,/eos/uscms/store/user/aji/rootfiles_existingOptimization/WbZt_6000_2000_pt260_ak6_ca14_th85.root,failed,/eos/uscms/store/user/aji/rootfiles_existingOptimization/WbZt_6000_2000_pt260_ak6_ca14_th85.root,nan,nan,nan,nan,nan,nan,nan,nan,nan,nan,nan,nan,nan,nan,nan,nan,nan,nan,nan,nan,nan
WbZt_6000_2000,WbZt,6000,2000,85,260,0.8,0.4,/eos/uscms/store/user/aji/rootfiles_existingOptimization/WbZt_6000_2000_pt260_ak8_ca4_th85.root,failed,/eos/uscms/store/user/aji/rootfiles_existingOptimization/WbZt_6000_2000_pt260_ak8_ca4_th85.root,nan,nan,nan,nan,nan,nan,nan,nan,nan,nan,nan,nan,nan,nan,nan,nan,nan,nan,nan,nan,nan
WbZt_6000_2000,WbZt,6000,2000,85,260,1.0,0.4,/eos/uscms/store/user/aji/rootfiles_existingOptimization/WbZt_6000_2000_pt260_ak10_ca4_th85.root,failed,/eos/uscms/store/user/aji/rootfiles_existingOptimization/WbZt_6000_2000_pt260_ak10_ca4_th85.root,nan,nan,nan,nan,nan,nan,nan,nan,nan,nan,nan,nan,nan,nan,nan,nan,nan,nan,nan,nan,nan
WbZt_6000_2000,WbZt,6000,2000,85,260,1.0,0.6,/eos/uscms/store/user/aji/rootfiles_existingOptimization/WbZt_6000_2000_pt260_ak10_ca6_th85.root,failed,/eos/uscms/store/user/aji/rootfiles_existingOptimization/WbZt_6000_2000_pt260_ak10_ca6_th85.root,nan,nan,nan,nan,nan,nan,nan,nan,nan,nan,nan,nan,nan,nan,nan,nan,nan,nan,nan,nan,nan
WbZt_6000_2000,WbZt,6000,2000,85,260,1.0,1.6,/eos/uscms/store/user/aji/rootfiles_existingOptimization/WbZt_6000_2000_pt260_ak10_ca16_th85.root,failed,/eos/uscms/store/user/aji/rootfiles_existingOptimization/WbZt_6000_2000_pt260_ak10_ca16_th85.root,nan,nan,nan,nan,nan,nan,nan,nan,nan,nan,nan,nan,nan,nan,nan,nan,nan,nan,nan,nan,nan
WbZt_6000_2000,WbZt,6000,2000,85,260,1.2,0.4,/eos/uscms/store/user/aji/rootfiles_existingOptimization/WbZt_6000_2000_pt260_ak12_ca4_th85.root,failed,/eos/uscms/store/user/aji/rootfiles_existingOptimization/WbZt_6000_2000_pt260_ak12_ca4_th85.root,nan,nan,nan,nan,nan,nan,nan,nan,nan,nan,nan,nan,nan,nan,nan,nan,nan,nan,nan,nan,nan
WbZt_6000_2000,WbZt,6000,2000,85,260,1.2,0.6,/eos/uscms/store/user/aji/rootfiles_existingOptimization/WbZt_6000_2000_pt260_ak12_ca6_th85.root,failed,/eos/uscms/store/user/aji/rootfiles_existingOptimization/WbZt_6000_2000_pt260_ak12_ca6_th85.root,nan,nan,nan,nan,nan,nan,nan,nan,nan,nan,nan,nan,nan,nan,nan,nan,nan,nan,nan,nan,nan
WbZt_6000_2000,WbZt,6000,2000,85,260,1.2,0.8,/eos/uscms/store/user/aji/rootfiles_existingOptimization/WbZt_6000_2000_pt260_ak12_ca8_th85.root,failed,/eos/uscms/store/user/aji/rootfiles_existingOptimization/WbZt_6000_2000_pt260_ak12_ca8_th85.root,nan,nan,nan,nan,nan,nan,nan,nan,nan,nan,nan,nan,nan,nan,nan,nan,nan,nan,nan,nan,nan
WbZt_6000_2000,WbZt,6000,2000,85,260,1.4,0.4,/eos/uscms/store/user/aji/rootfiles_existingOptimization/WbZt_6000_2000_pt260_ak14_ca4_th85.root,failed,/eos/uscms/store/user/aji/rootfiles_existingOptimization/WbZt_6000_2000_pt260_ak14_ca4_th85.root,nan,nan,nan,nan,nan,nan,nan,nan,nan,nan,nan,nan,nan,nan,nan,nan,nan,nan,nan,nan,nan
WbZt_6000_2000,WbZt,6000,2000,85,260,1.4,0.6,/eos/uscms/store/user/aji/rootfiles_existingOptimization/WbZt_6000_2000_pt260_ak14_ca6_th85.root,failed,/eos/uscms/store/user/aji/rootfiles_existingOptimization/WbZt_6000_2000_pt260_ak14_ca6_th85.root,nan,nan,nan,nan,nan,nan,nan,nan,nan,nan,nan,nan,nan,nan,nan,nan,nan,nan,nan,nan,nan
WbZt_6000_2000,WbZt,6000,2000,85,260,1.4,0.8,/eos/uscms/store/user/aji/rootfiles_existingOptimization/WbZt_6000_2000_pt260_ak14_ca8_th85.root,failed,/eos/uscms/store/user/aji/rootfiles_existingOptimization/WbZt_6000_2000_pt260_ak14_ca8_th85.root,nan,nan,nan,nan,nan,nan,nan,nan,nan,nan,nan,nan,nan,nan,nan,nan,nan,nan,nan,nan,nan
WbZt_6000_2000,WbZt,6000,2000,85,260,1.4,1.0,/eos/uscms/store/user/aji/rootfiles_existingOptimization/WbZt_6000_2000_pt260_ak14_ca10_th85.root,failed,/eos/uscms/store/user/aji/rootfiles_existingOptimization/WbZt_6000_2000_pt260_ak14_ca10_th85.root,nan,nan,nan,nan,nan,nan,nan,nan,nan,nan,nan,nan,nan,nan,nan,nan,nan,nan,nan,nan,nan
WbZt_6000_2000,WbZt,6000,2000,85,260,1.4,1.4,/eos/uscms/store/user/aji/rootfiles_existingOptimization/WbZt_6000_2000_pt260_ak14_ca14_th85.root,failed,/eos/uscms/store/user/aji/rootfiles_existingOptimization/WbZt_6000_2000_pt260_ak14_ca14_th85.root,nan,nan,nan,nan,nan,nan,nan,nan,nan,nan,nan,nan,nan,nan,nan,nan,nan,nan,nan,nan,nan
WbZt_6000_2000,WbZt,6000,2000,85,260,1.6,0.4,/eos/uscms/store/user/aji/rootfiles_existingOptimization/WbZt_6000_2000_pt260_ak16_ca4_th85.root,failed,/eos/uscms/store/user/aji/rootfiles_existingOptimization/WbZt_6000_2000_pt260_ak16_ca4_th85.root,nan,nan,nan,nan,nan,nan,nan,nan,nan,nan,nan,nan,nan,nan,nan,nan,nan,nan,nan,nan,nan
WbZt_6000_2000,WbZt,6000,2000,85,260,1.6,0.6,/eos/uscms/store/user/aji/rootfiles_existingOptimization/WbZt_6000_2000_pt260_ak16_ca6_th85.root,failed,/eos/uscms/store/user/aji/rootfiles_existingOptimization/WbZt_6000_2000_pt260_ak16_ca6_th85.root,nan,nan,nan,nan,nan,nan,nan,nan,nan,nan,nan,nan,nan,nan,nan,nan,nan,nan,nan,nan,nan
WbZt_6000_2000,WbZt,6000,2000,85,260,1.6,0.8,/eos/uscms/store/user/aji/rootfiles_existingOptimization/WbZt_6000_2000_pt260_ak16_ca8_th85.root,failed,/eos/uscms/store/user/aji/rootfiles_existingOptimization/WbZt_6000_2000_pt260_ak16_ca8_th85.root,nan,nan,nan,nan,nan,nan,nan,nan,nan,nan,nan,nan,nan,nan,nan,nan,nan,nan,nan,nan,nan
WbZt_6000_2000,WbZt,6000,2000,85,260,1.6,1.0,/eos/uscms/store/user/aji/rootfiles_existingOptimization/WbZt_6000_2000_pt260_ak16_ca10_th85.root,failed,/eos/uscms/store/user/aji/rootfiles_existingOptimization/WbZt_6000_2000_pt260_ak16_ca10_th85.root,nan,nan,nan,nan,nan,nan,nan,nan,nan,nan,nan,nan,nan,nan,nan,nan,nan,nan,nan,nan,nan
WbZt_6000_2000,WbZt,6000,2000,85,260,1.6,1.2,/eos/uscms/store/user/aji/rootfiles_existingOptimization/WbZt_6000_2000_pt260_ak16_ca12_th85.root,failed,/eos/uscms/store/user/aji/rootfiles_existingOptimization/WbZt_6000_2000_pt260_ak16_ca12_th85.root,nan,nan,nan,nan,nan,nan,nan,nan,nan,nan,nan,nan,nan,nan,nan,nan,nan,nan,nan,nan,nan
WbZt_6000_2000,WbZt,6000,2000,85,280,0.4,0.4,/eos/uscms/store/user/aji/rootfiles_existingOptimization/WbZt_6000_2000_pt280_ak4_ca4_th85.root,failed,/eos/uscms/store/user/aji/rootfiles_existingOptimization/WbZt_6000_2000_pt280_ak4_ca4_th85.root,nan,nan,nan,nan,nan,nan,nan,nan,nan,nan,nan,nan,nan,nan,nan,nan,nan,nan,nan,nan,nan
WbZt_6000_2000,WbZt,6000,2000,85,280,0.6,1.2,/eos/uscms/store/user/aji/rootfiles_existingOptimization/WbZt_6000_2000_pt280_ak6_ca12_th85.root,failed,/eos/uscms/store/user/aji/rootfiles_existingOptimization/WbZt_6000_2000_pt280_ak6_ca12_th85.root,nan,nan,nan,nan,nan,nan,nan,nan,nan,nan,nan,nan,nan,nan,nan,nan,nan,nan,nan,nan,nan
WbZt_6000_2000,WbZt,6000,2000,85,280,0.8,0.4,/eos/uscms/store/user/aji/rootfiles_existingOptimization/WbZt_6000_2000_pt280_ak8_ca4_th85.root,failed,/eos/uscms/store/user/aji/rootfiles_existingOptimization/WbZt_6000_2000_pt280_ak8_ca4_th85.root,nan,nan,nan,nan,nan,nan,nan,nan,nan,nan,nan,nan,nan,nan,nan,nan,nan,nan,nan,nan,nan
WbZt_6000_2000,WbZt,6000,2000,85,280,1.0,0.4,/eos/uscms/store/user/aji/rootfiles_existingOptimization/WbZt_6000_2000_pt280_ak10_ca4_th85.root,failed,/eos/uscms/store/user/aji/rootfiles_existingOptimization/WbZt_6000_2000_pt280_ak10_ca4_th85.root,nan,nan,nan,nan,nan,nan,nan,nan,nan,nan,nan,nan,nan,nan,nan,nan,nan,nan,nan,nan,nan
WbZt_6000_2000,WbZt,6000,2000,85,280,1.0,0.6,/eos/uscms/store/user/aji/rootfiles_existingOptimization/WbZt_6000_2000_pt280_ak10_ca6_th85.root,failed,/eos/uscms/store/user/aji/rootfiles_existingOptimization/WbZt_6000_2000_pt280_ak10_ca6_th85.root,nan,nan,nan,nan,nan,nan,nan,nan,nan,nan,nan,nan,nan,nan,nan,nan,nan,nan,nan,nan,nan
WbZt_6000_2000,WbZt,6000,2000,85,280,1.2,0.4,/eos/uscms/store/user/aji/rootfiles_existingOptimization/WbZt_6000_2000_pt280_ak12_ca4_th85.root,failed,/eos/uscms/store/user/aji/rootfiles_existingOptimization/WbZt_6000_2000_pt280_ak12_ca4_th85.root,nan,nan,nan,nan,nan,nan,nan,nan,nan,nan,nan,nan,nan,nan,nan,nan,nan,nan,nan,nan,nan
WbZt_6000_2000,WbZt,6000,2000,85,280,1.2,0.6,/eos/uscms/store/user/aji/rootfiles_existingOptimization/WbZt_6000_2000_pt280_ak12_ca6_th85.root,failed,/eos/uscms/store/user/aji/rootfiles_existingOptimization/WbZt_6000_2000_pt280_ak12_ca6_th85.root,nan,nan,nan,nan,nan,nan,nan,nan,nan,nan,nan,nan,nan,nan,nan,nan,nan,nan,nan,nan,nan
WbZt_6000_2000,WbZt,6000,2000,85,280,1.2,0.8,/eos/uscms/store/user/aji/rootfiles_existingOptimization/WbZt_6000_2000_pt280_ak12_ca8_th85.root,failed,/eos/uscms/store/user/aji/rootfiles_existingOptimization/WbZt_6000_2000_pt280_ak12_ca8_th85.root,nan,nan,nan,nan,nan,nan,nan,nan,nan,nan,nan,nan,nan,nan,nan,nan,nan,nan,nan,nan,nan
WbZt_6000_2000,WbZt,6000,2000,85,280,1.2,1.2,/eos/uscms/store/user/aji/rootfiles_existingOptimization/WbZt_6000_2000_pt280_ak12_ca12_th85.root,failed,/eos/uscms/store/user/aji/rootfiles_existingOptimization/WbZt_6000_2000_pt280_ak12_ca12_th85.root,nan,nan,nan,nan,nan,nan,nan,nan,nan,nan,nan,nan,nan,nan,nan,nan,nan,nan,nan,nan,nan
WbZt_6000_2000,WbZt,6000,2000,85,280,1.4,0.4,/eos/uscms/store/user/aji/rootfiles_existingOptimization/WbZt_6000_2000_pt280_ak14_ca4_th85.root,failed,/eos/uscms/store/user/aji/rootfiles_existingOptimization/WbZt_6000_2000_pt280_ak14_ca4_th85.root,nan,nan,nan,nan,nan,nan,nan,nan,nan,nan,nan,nan,nan,nan,nan,nan,nan,nan,nan,nan,nan
WbZt_6000_2000,WbZt,6000,2000,85,280,1.4,0.6,/eos/uscms/store/user/aji/rootfiles_existingOptimization/WbZt_6000_2000_pt280_ak14_ca6_th85.root,failed,/eos/uscms/store/user/aji/rootfiles_existingOptimization/WbZt_6000_2000_pt280_ak14_ca6_th85.root,nan,nan,nan,nan,nan,nan,nan,nan,nan,nan,nan,nan,nan,nan,nan,nan,nan,nan,nan,nan,nan
WbZt_6000_2000,WbZt,6000,2000,85,280,1.4,0.8,/eos/uscms/store/user/aji/rootfiles_existingOptimization/WbZt_6000_2000_pt280_ak14_ca8_th85.root,failed,/eos/uscms/store/user/aji/rootfiles_existingOptimization/WbZt_6000_2000_pt280_ak14_ca8_th85.root,nan,nan,nan,nan,nan,nan,nan,nan,nan,nan,nan,nan,nan,nan,nan,nan,nan,nan,nan,nan,nan
WbZt_6000_2000,WbZt,6000,2000,85,280,1.4,1.0,/eos/uscms/store/user/aji/rootfiles_existingOptimization/WbZt_6000_2000_pt280_ak14_ca10_th85.root,failed,/eos/uscms/store/user/aji/rootfiles_existingOptimization/WbZt_6000_2000_pt280_ak14_ca10_th85.root,nan,nan,nan,nan,nan,nan,nan,nan,nan,nan,nan,nan,nan,nan,nan,nan,nan,nan,nan,nan,nan
WbZt_6000_2000,WbZt,6000,2000,85,280,1.6,0.4,/eos/uscms/store/user/aji/rootfiles_existingOptimization/WbZt_6000_2000_pt280_ak16_ca4_th85.root,failed,/eos/uscms/store/user/aji/rootfiles_existingOptimization/WbZt_6000_2000_pt280_ak16_ca4_th85.root,nan,nan,nan,nan,nan,nan,nan,nan,nan,nan,nan,nan,nan,nan,nan,nan,nan,nan,nan,nan,nan
WbZt_6000_2000,WbZt,6000,2000,85,280,1.6,0.6,/eos/uscms/store/user/aji/rootfiles_existingOptimization/WbZt_6000_2000_pt280_ak16_ca6_th85.root,failed,/eos/uscms/store/user/aji/rootfiles_existingOptimization/WbZt_6000_2000_pt280_ak16_ca6_th85.root,nan,nan,nan,nan,nan,nan,nan,nan,nan,nan,nan,nan,nan,nan,nan,nan,nan,nan,nan,nan,nan
WbZt_6000_2000,WbZt,6000,2000,85,280,1.6,0.8,/eos/uscms/store/user/aji/rootfiles_existingOptimization/WbZt_6000_2000_pt280_ak16_ca8_th85.root,failed,/eos/uscms/store/user/aji/rootfiles_existingOptimization/WbZt_6000_2000_pt280_ak16_ca8_th85.root,nan,nan,nan,nan,nan,nan,nan,nan,nan,nan,nan,nan,nan,nan,nan,nan,nan,nan,nan,nan,nan
WbZt_6000_2000,WbZt,6000,2000,85,280,1.6,1.0,/eos/uscms/store/user/aji/rootfiles_existingOptimization/WbZt_6000_2000_pt280_ak16_ca10_th85.root,failed,/eos/uscms/store/user/aji/rootfiles_existingOptimization/WbZt_6000_2000_pt280_ak16_ca10_th85.root,nan,nan,nan,nan,nan,nan,nan,nan,nan,nan,nan,nan,nan,nan,nan,nan,nan,nan,nan,nan,nan
WbZt_6000_2000,WbZt,6000,2000,85,280,1.6,1.2,/eos/uscms/store/user/aji/rootfiles_existingOptimization/WbZt_6000_2000_pt280_ak16_ca12_th85.root,failed,/eos/uscms/store/user/aji/rootfiles_existingOptimization/WbZt_6000_2000_pt280_ak16_ca12_th85.root,nan,nan,nan,nan,nan,nan,nan,nan,nan,nan,nan,nan,nan,nan,nan,nan,nan,nan,nan,nan,nan
WbZt_6000_2000,WbZt,6000,2000,85,280,1.6,1.4,/eos/uscms/store/user/aji/rootfiles_existingOptimization/WbZt_6000_2000_pt280_ak16_ca14_th85.root,failed,/eos/uscms/store/user/aji/rootfiles_existingOptimization/WbZt_6000_2000_pt280_ak16_ca14_th85.root,nan,nan,nan,nan,nan,nan,nan,nan,nan,nan,nan,nan,nan,nan,nan,nan,nan,nan,nan,nan,nan
WbZt_6000_2000,WbZt,6000,2000,85,300,0.4,0.4,/eos/uscms/store/user/aji/rootfiles_existingOptimization/WbZt_6000_2000_pt300_ak4_ca4_th85.root,failed,/eos/uscms/store/user/aji/rootfiles_existingOptimization/WbZt_6000_2000_pt300_ak4_ca4_th85.root,nan,nan,nan,nan,nan,nan,nan,nan,nan,nan,nan,nan,nan,nan,nan,nan,nan,nan,nan,nan,nan
WbZt_6000_2000,WbZt,6000,2000,85,300,0.8,0.4,/eos/uscms/store/user/aji/rootfiles_existingOptimization/WbZt_6000_2000_pt300_ak8_ca4_th85.root,failed,/eos/uscms/store/user/aji/rootfiles_existingOptimization/WbZt_6000_2000_pt300_ak8_ca4_th85.root,nan,nan,nan,nan,nan,nan,nan,nan,nan,nan,nan,nan,nan,nan,nan,nan,nan,nan,nan,nan,nan
WbZt_6000_2000,WbZt,6000,2000,85,300,0.8,1.4,/eos/uscms/store/user/aji/rootfiles_existingOptimization/WbZt_6000_2000_pt300_ak8_ca14_th85.root,failed,/eos/uscms/store/user/aji/rootfiles_existingOptimization/WbZt_6000_2000_pt300_ak8_ca14_th85.root,nan,nan,nan,nan,nan,nan,nan,nan,nan,nan,nan,nan,nan,nan,nan,nan,nan,nan,nan,nan,nan
WbZt_6000_2000,WbZt,6000,2000,85,300,1.0,0.4,/eos/uscms/store/user/aji/rootfiles_existingOptimization/WbZt_6000_2000_pt300_ak10_ca4_th85.root,failed,/eos/uscms/store/user/aji/rootfiles_existingOptimization/WbZt_6000_2000_pt300_ak10_ca4_th85.root,nan,nan,nan,nan,nan,nan,nan,nan,nan,nan,nan,nan,nan,nan,nan,nan,nan,nan,nan,nan,nan
WbZt_6000_2000,WbZt,6000,2000,85,300,1.0,0.6,/eos/uscms/store/user/aji/rootfiles_existingOptimization/WbZt_6000_2000_pt300_ak10_ca6_th85.root,failed,/eos/uscms/store/user/aji/rootfiles_existingOptimization/WbZt_6000_2000_pt300_ak10_ca6_th85.root,nan,nan,nan,nan,nan,nan,nan,nan,nan,nan,nan,nan,nan,nan,nan,nan,nan,nan,nan,nan,nan
WbZt_6000_2000,WbZt,6000,2000,85,300,1.2,0.4,/eos/uscms/store/user/aji/rootfiles_existingOptimization/WbZt_6000_2000_pt300_ak12_ca4_th85.root,failed,/eos/uscms/store/user/aji/rootfiles_existingOptimization/WbZt_6000_2000_pt300_ak12_ca4_th85.root,nan,nan,nan,nan,nan,nan,nan,nan,nan,nan,nan,nan,nan,nan,nan,nan,nan,nan,nan,nan,nan
WbZt_6000_2000,WbZt,6000,2000,85,300,1.2,0.6,/eos/uscms/store/user/aji/rootfiles_existingOptimization/WbZt_6000_2000_pt300_ak12_ca6_th85.root,failed,/eos/uscms/store/user/aji/rootfiles_existingOptimization/WbZt_6000_2000_pt300_ak12_ca6_th85.root,nan,nan,nan,nan,nan,nan,nan,nan,nan,nan,nan,nan,nan,nan,nan,nan,nan,nan,nan,nan,nan
WbZt_6000_2000,WbZt,6000,2000,85,300,1.2,0.8,/eos/uscms/store/user/aji/rootfiles_existingOptimization/WbZt_6000_2000_pt300_ak12_ca8_th85.root,failed,/eos/uscms/store/user/aji/rootfiles_existingOptimization/WbZt_6000_2000_pt300_ak12_ca8_th85.root,nan,nan,nan,nan,nan,nan,nan,nan,nan,nan,nan,nan,nan,nan,nan,nan,nan,nan,nan,nan,nan
WbZt_6000_2000,WbZt,6000,2000,85,300,1.4,0.4,/eos/uscms/store/user/aji/rootfiles_existingOptimization/WbZt_6000_2000_pt300_ak14_ca4_th85.root,failed,/eos/uscms/store/user/aji/rootfiles_existingOptimization/WbZt_6000_2000_pt300_ak14_ca4_th85.root,nan,nan,nan,nan,nan,nan,nan,nan,nan,nan,nan,nan,nan,nan,nan,nan,nan,nan,nan,nan,nan
WbZt_6000_2000,WbZt,6000,2000,85,300,1.4,0.6,/eos/uscms/store/user/aji/rootfiles_existingOptimization/WbZt_6000_2000_pt300_ak14_ca6_th85.root,failed,/eos/uscms/store/user/aji/rootfiles_existingOptimization/WbZt_6000_2000_pt300_ak14_ca6_th85.root,nan,nan,nan,nan,nan,nan,nan,nan,nan,nan,nan,nan,nan,nan,nan,nan,nan,nan,nan,nan,nan
WbZt_6000_2000,WbZt,6000,2000,85,300,1.4,0.8,/eos/uscms/store/user/aji/rootfiles_existingOptimization/WbZt_6000_2000_pt300_ak14_ca8_th85.root,failed,/eos/uscms/store/user/aji/rootfiles_existingOptimization/WbZt_6000_2000_pt300_ak14_ca8_th85.root,nan,nan,nan,nan,nan,nan,nan,nan,nan,nan,nan,nan,nan,nan,nan,nan,nan,nan,nan,nan,nan
WbZt_6000_2000,WbZt,6000,2000,85,300,1.4,1.0,/eos/uscms/store/user/aji/rootfiles_existingOptimization/WbZt_6000_2000_pt300_ak14_ca10_th85.root,failed,/eos/uscms/store/user/aji/rootfiles_existingOptimization/WbZt_6000_2000_pt300_ak14_ca10_th85.root,nan,nan,nan,nan,nan,nan,nan,nan,nan,nan,nan,nan,nan,nan,nan,nan,nan,nan,nan,nan,nan
WbZt_6000_2000,WbZt,6000,2000,85,300,1.6,0.4,/eos/uscms/store/user/aji/rootfiles_existingOptimization/WbZt_6000_2000_pt300_ak16_ca4_th85.root,failed,/eos/uscms/store/user/aji/rootfiles_existingOptimization/WbZt_6000_2000_pt300_ak16_ca4_th85.root,nan,nan,nan,nan,nan,nan,nan,nan,nan,nan,nan,nan,nan,nan,nan,nan,nan,nan,nan,nan,nan
WbZt_6000_2000,WbZt,6000,2000,85,300,1.6,0.6,/eos/uscms/store/user/aji/rootfiles_existingOptimization/WbZt_6000_2000_pt300_ak16_ca6_th85.root,failed,/eos/uscms/store/user/aji/rootfiles_existingOptimization/WbZt_6000_2000_pt300_ak16_ca6_th85.root,nan,nan,nan,nan,nan,nan,nan,nan,nan,nan,nan,nan,nan,nan,nan,nan,nan,nan,nan,nan,nan
WbZt_6000_2000,WbZt,6000,2000,85,300,1.6,0.8,/eos/uscms/store/user/aji/rootfiles_existingOptimization/WbZt_6000_2000_pt300_ak16_ca8_th85.root,failed,/eos/uscms/store/user/aji/rootfiles_existingOptimization/WbZt_6000_2000_pt300_ak16_ca8_th85.root,nan,nan,nan,nan,nan,nan,nan,nan,nan,nan,nan,nan,nan,nan,nan,nan,nan,nan,nan,nan,nan
WbZt_6000_2000,WbZt,6000,2000,85,300,1.6,1.0,/eos/uscms/store/user/aji/rootfiles_existingOptimization/WbZt_6000_2000_pt300_ak16_ca10_th85.root,failed,/eos/uscms/store/user/aji/rootfiles_existingOptimization/WbZt_6000_2000_pt300_ak16_ca10_th85.root,nan,nan,nan,nan,nan,nan,nan,nan,nan,nan,nan,nan,nan,nan,nan,nan,nan,nan,nan,nan,nan
WbZt_6000_2000,WbZt,6000,2000,85,300,1.6,1.2,/eos/uscms/store/user/aji/rootfiles_existingOptimization/WbZt_6000_2000_pt300_ak16_ca12_th85.root,failed,/eos/uscms/store/user/aji/rootfiles_existingOptimization/WbZt_6000_2000_pt300_ak16_ca12_th85.root,nan,nan,nan,nan,nan,nan,nan,nan,nan,nan,nan,nan,nan,nan,nan,nan,nan,nan,nan,nan,nan
WbZt_6000_2000,WbZt,6000,2000,85,320,0.6,0.6,/eos/uscms/store/user/aji/rootfiles_existingOptimization/WbZt_6000_2000_pt320_ak6_ca6_th85.root,failed,/eos/uscms/store/user/aji/rootfiles_existingOptimization/WbZt_6000_2000_pt320_ak6_ca6_th85.root,nan,nan,nan,nan,nan,nan,nan,nan,nan,nan,nan,nan,nan,nan,nan,nan,nan,nan,nan,nan,nan
WbZt_6000_2000,WbZt,6000,2000,85,320,0.8,0.4,/eos/uscms/store/user/aji/rootfiles_existingOptimization/WbZt_6000_2000_pt320_ak8_ca4_th85.root,failed,/eos/uscms/store/user/aji/rootfiles_existingOptimization/WbZt_6000_2000_pt320_ak8_ca4_th85.root,nan,nan,nan,nan,nan,nan,nan,nan,nan,nan,nan,nan,nan,nan,nan,nan,nan,nan,nan,nan,nan
WbZt_6000_2000,WbZt,6000,2000,85,320,0.8,1.2,/eos/uscms/store/user/aji/rootfiles_existingOptimization/WbZt_6000_2000_pt320_ak8_ca12_th85.root,failed,/eos/uscms/store/user/aji/rootfiles_existingOptimization/WbZt_6000_2000_pt320_ak8_ca12_th85.root,nan,nan,nan,nan,nan,nan,nan,nan,nan,nan,nan,nan,nan,nan,nan,nan,nan,nan,nan,nan,nan
WbZt_6000_2000,WbZt,6000,2000,85,320,1.0,0.4,/eos/uscms/store/user/aji/rootfiles_existingOptimization/WbZt_6000_2000_pt320_ak10_ca4_th85.root,failed,/eos/uscms/store/user/aji/rootfiles_existingOptimization/WbZt_6000_2000_pt320_ak10_ca4_th85.root,nan,nan,nan,nan,nan,nan,nan,nan,nan,nan,nan,nan,nan,nan,nan,nan,nan,nan,nan,nan,nan
WbZt_6000_2000,WbZt,6000,2000,85,320,1.0,0.6,/eos/uscms/store/user/aji/rootfiles_existingOptimization/WbZt_6000_2000_pt320_ak10_ca6_th85.root,failed,/eos/uscms/store/user/aji/rootfiles_existingOptimization/WbZt_6000_2000_pt320_ak10_ca6_th85.root,nan,nan,nan,nan,nan,nan,nan,nan,nan,nan,nan,nan,nan,nan,nan,nan,nan,nan,nan,nan,nan
WbZt_6000_2000,WbZt,6000,2000,85,320,1.2,0.4,/eos/uscms/store/user/aji/rootfiles_existingOptimization/WbZt_6000_2000_pt320_ak12_ca4_th85.root,failed,/eos/uscms/store/user/aji/rootfiles_existingOptimization/WbZt_6000_2000_pt320_ak12_ca4_th85.root,nan,nan,nan,nan,nan,nan,nan,nan,nan,nan,nan,nan,nan,nan,nan,nan,nan,nan,nan,nan,nan
WbZt_6000_2000,WbZt,6000,2000,85,320,1.2,0.6,/eos/uscms/store/user/aji/rootfiles_existingOptimization/WbZt_6000_2000_pt320_ak12_ca6_th85.root,failed,/eos/uscms/store/user/aji/rootfiles_existingOptimization/WbZt_6000_2000_pt320_ak12_ca6_th85.root,nan,nan,nan,nan,nan,nan,nan,nan,nan,nan,nan,nan,nan,nan,nan,nan,nan,nan,nan,nan,nan
WbZt_6000_2000,WbZt,6000,2000,85,320,1.2,0.8,/eos/uscms/store/user/aji/rootfiles_existingOptimization/WbZt_6000_2000_pt320_ak12_ca8_th85.root,failed,/eos/uscms/store/user/aji/rootfiles_existingOptimization/WbZt_6000_2000_pt320_ak12_ca8_th85.root,nan,nan,nan,nan,nan,nan,nan,nan,nan,nan,nan,nan,nan,nan,nan,nan,nan,nan,nan,nan,nan
WbZt_6000_2000,WbZt,6000,2000,85,320,1.4,0.4,/eos/uscms/store/user/aji/rootfiles_existingOptimization/WbZt_6000_2000_pt320_ak14_ca4_th85.root,failed,/eos/uscms/store/user/aji/rootfiles_existingOptimization/WbZt_6000_2000_pt320_ak14_ca4_th85.root,nan,nan,nan,nan,nan,nan,nan,nan,nan,nan,nan,nan,nan,nan,nan,nan,nan,nan,nan,nan,nan
WbZt_6000_2000,WbZt,6000,2000,85,320,1.4,0.6,/eos/uscms/store/user/aji/rootfiles_existingOptimization/WbZt_6000_2000_pt320_ak14_ca6_th85.root,failed,/eos/uscms/store/user/aji/rootfiles_existingOptimization/WbZt_6000_2000_pt320_ak14_ca6_th85.root,nan,nan,nan,nan,nan,nan,nan,nan,nan,nan,nan,nan,nan,nan,nan,nan,nan,nan,nan,nan,nan
WbZt_6000_2000,WbZt,6000,2000,85,320,1.4,0.8,/eos/uscms/store/user/aji/rootfiles_existingOptimization/WbZt_6000_2000_pt320_ak14_ca8_th85.root,failed,/eos/uscms/store/user/aji/rootfiles_existingOptimization/WbZt_6000_2000_pt320_ak14_ca8_th85.root,nan,nan,nan,nan,nan,nan,nan,nan,nan,nan,nan,nan,nan,nan,nan,nan,nan,nan,nan,nan,nan
WbZt_6000_2000,WbZt,6000,2000,85,320,1.4,1.0,/eos/uscms/store/user/aji/rootfiles_existingOptimization/WbZt_6000_2000_pt320_ak14_ca10_th85.root,failed,/eos/uscms/store/user/aji/rootfiles_existingOptimization/WbZt_6000_2000_pt320_ak14_ca10_th85.root,nan,nan,nan,nan,nan,nan,nan,nan,nan,nan,nan,nan,nan,nan,nan,nan,nan,nan,nan,nan,nan
WbZt_6000_2000,WbZt,6000,2000,85,320,1.6,0.4,/eos/uscms/store/user/aji/rootfiles_existingOptimization/WbZt_6000_2000_pt320_ak16_ca4_th85.root,failed,/eos/uscms/store/user/aji/rootfiles_existingOptimization/WbZt_6000_2000_pt320_ak16_ca4_th85.root,nan,nan,nan,nan,nan,nan,nan,nan,nan,nan,nan,nan,nan,nan,nan,nan,nan,nan,nan,nan,nan
WbZt_6000_2000,WbZt,6000,2000,85,320,1.6,0.6,/eos/uscms/store/user/aji/rootfiles_existingOptimization/WbZt_6000_2000_pt320_ak16_ca6_th85.root,failed,/eos/uscms/store/user/aji/rootfiles_existingOptimization/WbZt_6000_2000_pt320_ak16_ca6_th85.root,nan,nan,nan,nan,nan,nan,nan,nan,nan,nan,nan,nan,nan,nan,nan,nan,nan,nan,nan,nan,nan
WbZt_6000_2000,WbZt,6000,2000,85,320,1.6,0.8,/eos/uscms/store/user/aji/rootfiles_existingOptimization/WbZt_6000_2000_pt320_ak16_ca8_th85.root,failed,/eos/uscms/store/user/aji/rootfiles_existingOptimization/WbZt_6000_2000_pt320_ak16_ca8_th85.root,nan,nan,nan,nan,nan,nan,nan,nan,nan,nan,nan,nan,nan,nan,nan,nan,nan,nan,nan,nan,nan
WbZt_6000_2000,WbZt,6000,2000,85,320,1.6,1.0,/eos/uscms/store/user/aji/rootfiles_existingOptimization/WbZt_6000_2000_pt320_ak16_ca10_th85.root,failed,/eos/uscms/store/user/aji/rootfiles_existingOptimization/WbZt_6000_2000_pt320_ak16_ca10_th85.root,nan,nan,nan,nan,nan,nan,nan,nan,nan,nan,nan,nan,nan,nan,nan,nan,nan,nan,nan,nan,nan
WbZt_6000_2000,WbZt,6000,2000,85,320,1.6,1.2,/eos/uscms/store/user/aji/rootfiles_existingOptimization/WbZt_6000_2000_pt320_ak16_ca12_th85.root,failed,/eos/uscms/store/user/aji/rootfiles_existingOptimization/WbZt_6000_2000_pt320_ak16_ca12_th85.root,nan,nan,nan,nan,nan,nan,nan,nan,nan,nan,nan,nan,nan,nan,nan,nan,nan,nan,nan,nan,nan
WbZt_6000_2000,WbZt,6000,2000,85,340,0.4,0.4,/eos/uscms/store/user/aji/rootfiles_existingOptimization/WbZt_6000_2000_pt340_ak4_ca4_th85.root,failed,/eos/uscms/store/user/aji/rootfiles_existingOptimization/WbZt_6000_2000_pt340_ak4_ca4_th85.root,nan,nan,nan,nan,nan,nan,nan,nan,nan,nan,nan,nan,nan,nan,nan,nan,nan,nan,nan,nan,nan
WbZt_6000_2000,WbZt,6000,2000,85,340,0.4,1.2,/eos/uscms/store/user/aji/rootfiles_existingOptimization/WbZt_6000_2000_pt340_ak4_ca12_th85.root,failed,/eos/uscms/store/user/aji/rootfiles_existingOptimization/WbZt_6000_2000_pt340_ak4_ca12_th85.root,nan,nan,nan,nan,nan,nan,nan,nan,nan,nan,nan,nan,nan,nan,nan,nan,nan,nan,nan,nan,nan
WbZt_6000_2000,WbZt,6000,2000,85,340,0.4,1.4,/eos/uscms/store/user/aji/rootfiles_existingOptimization/WbZt_6000_2000_pt340_ak4_ca14_th85.root,failed,/eos/uscms/store/user/aji/rootfiles_existingOptimization/WbZt_6000_2000_pt340_ak4_ca14_th85.root,nan,nan,nan,nan,nan,nan,nan,nan,nan,nan,nan,nan,nan,nan,nan,nan,nan,nan,nan,nan,nan
WbZt_6000_2000,WbZt,6000,2000,85,340,0.6,1.0,/eos/uscms/store/user/aji/rootfiles_existingOptimization/WbZt_6000_2000_pt340_ak6_ca10_th85.root,failed,/eos/uscms/store/user/aji/rootfiles_existingOptimization/WbZt_6000_2000_pt340_ak6_ca10_th85.root,nan,nan,nan,nan,nan,nan,nan,nan,nan,nan,nan,nan,nan,nan,nan,nan,nan,nan,nan,nan,nan
WbZt_6000_2000,WbZt,6000,2000,85,340,0.8,0.4,/eos/uscms/store/user/aji/rootfiles_existingOptimization/WbZt_6000_2000_pt340_ak8_ca4_th85.root,failed,/eos/uscms/store/user/aji/rootfiles_existingOptimization/WbZt_6000_2000_pt340_ak8_ca4_th85.root,nan,nan,nan,nan,nan,nan,nan,nan,nan,nan,nan,nan,nan,nan,nan,nan,nan,nan,nan,nan,nan
WbZt_6000_2000,WbZt,6000,2000,85,340,0.8,1.0,/eos/uscms/store/user/aji/rootfiles_existingOptimization/WbZt_6000_2000_pt340_ak8_ca10_th85.root,failed,/eos/uscms/store/user/aji/rootfiles_existingOptimization/WbZt_6000_2000_pt340_ak8_ca10_th85.root,nan,nan,nan,nan,nan,nan,nan,nan,nan,nan,nan,nan,nan,nan,nan,nan,nan,nan,nan,nan,nan
WbZt_6000_2000,WbZt,6000,2000,85,340,0.8,1.2,/eos/uscms/store/user/aji/rootfiles_existingOptimization/WbZt_6000_2000_pt340_ak8_ca12_th85.root,failed,/eos/uscms/store/user/aji/rootfiles_existingOptimization/WbZt_6000_2000_pt340_ak8_ca12_th85.root,nan,nan,nan,nan,nan,nan,nan,nan,nan,nan,nan,nan,nan,nan,nan,nan,nan,nan,nan,nan,nan
WbZt_6000_2000,WbZt,6000,2000,85,340,1.0,0.4,/eos/uscms/store/user/aji/rootfiles_existingOptimization/WbZt_6000_2000_pt340_ak10_ca4_th85.root,failed,/eos/uscms/store/user/aji/rootfiles_existingOptimization/WbZt_6000_2000_pt340_ak10_ca4_th85.root,nan,nan,nan,nan,nan,nan,nan,nan,nan,nan,nan,nan,nan,nan,nan,nan,nan,nan,nan,nan,nan
WbZt_6000_2000,WbZt,6000,2000,85,340,1.0,0.6,/eos/uscms/store/user/aji/rootfiles_existingOptimization/WbZt_6000_2000_pt340_ak10_ca6_th85.root,failed,/eos/uscms/store/user/aji/rootfiles_existingOptimization/WbZt_6000_2000_pt340_ak10_ca6_th85.root,nan,nan,nan,nan,nan,nan,nan,nan,nan,nan,nan,nan,nan,nan,nan,nan,nan,nan,nan,nan,nan
WbZt_6000_2000,WbZt,6000,2000,85,340,1.0,0.8,/eos/uscms/store/user/aji/rootfiles_existingOptimization/WbZt_6000_2000_pt340_ak10_ca8_th85.root,failed,/eos/uscms/store/user/aji/rootfiles_existingOptimization/WbZt_6000_2000_pt340_ak10_ca8_th85.root,nan,nan,nan,nan,nan,nan,nan,nan,nan,nan,nan,nan,nan,nan,nan,nan,nan,nan,nan,nan,nan
WbZt_6000_2000,WbZt,6000,2000,85,340,1.0,1.2,/eos/uscms/store/user/aji/rootfiles_existingOptimization/WbZt_6000_2000_pt340_ak10_ca12_th85.root,failed,/eos/uscms/store/user/aji/rootfiles_existingOptimization/WbZt_6000_2000_pt340_ak10_ca12_th85.root,nan,nan,nan,nan,nan,nan,nan,nan,nan,nan,nan,nan,nan,nan,nan,nan,nan,nan,nan,nan,nan
WbZt_6000_2000,WbZt,6000,2000,85,340,1.2,0.4,/eos/uscms/store/user/aji/rootfiles_existingOptimization/WbZt_6000_2000_pt340_ak12_ca4_th85.root,failed,/eos/uscms/store/user/aji/rootfiles_existingOptimization/WbZt_6000_2000_pt340_ak12_ca4_th85.root,nan,nan,nan,nan,nan,nan,nan,nan,nan,nan,nan,nan,nan,nan,nan,nan,nan,nan,nan,nan,nan
WbZt_6000_2000,WbZt,6000,2000,85,340,1.2,0.6,/eos/uscms/store/user/aji/rootfiles_existingOptimization/WbZt_6000_2000_pt340_ak12_ca6_th85.root,failed,/eos/uscms/store/user/aji/rootfiles_existingOptimization/WbZt_6000_2000_pt340_ak12_ca6_th85.root,nan,nan,nan,nan,nan,nan,nan,nan,nan,nan,nan,nan,nan,nan,nan,nan,nan,nan,nan,nan,nan
WbZt_6000_2000,WbZt,6000,2000,85,340,1.2,0.8,/eos/uscms/store/user/aji/rootfiles_existingOptimization/WbZt_6000_2000_pt340_ak12_ca8_th85.root,failed,/eos/uscms/store/user/aji/rootfiles_existingOptimization/WbZt_6000_2000_pt340_ak12_ca8_th85.root,nan,nan,nan,nan,nan,nan,nan,nan,nan,nan,nan,nan,nan,nan,nan,nan,nan,nan,nan,nan,nan
WbZt_6000_2000,WbZt,6000,2000,85,340,1.4,0.4,/eos/uscms/store/user/aji/rootfiles_existingOptimization/WbZt_6000_2000_pt340_ak14_ca4_th85.root,failed,/eos/uscms/store/user/aji/rootfiles_existingOptimization/WbZt_6000_2000_pt340_ak14_ca4_th85.root,nan,nan,nan,nan,nan,nan,nan,nan,nan,nan,nan,nan,nan,nan,nan,nan,nan,nan,nan,nan,nan
WbZt_6000_2000,WbZt,6000,2000,85,340,1.4,0.6,/eos/uscms/store/user/aji/rootfiles_existingOptimization/WbZt_6000_2000_pt340_ak14_ca6_th85.root,failed,/eos/uscms/store/user/aji/rootfiles_existingOptimization/WbZt_6000_2000_pt340_ak14_ca6_th85.root,nan,nan,nan,nan,nan,nan,nan,nan,nan,nan,nan,nan,nan,nan,nan,nan,nan,nan,nan,nan,nan
WbZt_6000_2000,WbZt,6000,2000,85,340,1.4,0.8,/eos/uscms/store/user/aji/rootfiles_existingOptimization/WbZt_6000_2000_pt340_ak14_ca8_th85.root,failed,/eos/uscms/store/user/aji/rootfiles_existingOptimization/WbZt_6000_2000_pt340_ak14_ca8_th85.root,nan,nan,nan,nan,nan,nan,nan,nan,nan,nan,nan,nan,nan,nan,nan,nan,nan,nan,nan,nan,nan
WbZt_6000_2000,WbZt,6000,2000,85,340,1.4,1.0,/eos/uscms/store/user/aji/rootfiles_existingOptimization/WbZt_6000_2000_pt340_ak14_ca10_th85.root,failed,/eos/uscms/store/user/aji/rootfiles_existingOptimization/WbZt_6000_2000_pt340_ak14_ca10_th85.root,nan,nan,nan,nan,nan,nan,nan,nan,nan,nan,nan,nan,nan,nan,nan,nan,nan,nan,nan,nan,nan
WbZt_6000_2000,WbZt,6000,2000,85,340,1.6,0.4,/eos/uscms/store/user/aji/rootfiles_existingOptimization/WbZt_6000_2000_pt340_ak16_ca4_th85.root,failed,/eos/uscms/store/user/aji/rootfiles_existingOptimization/WbZt_6000_2000_pt340_ak16_ca4_th85.root,nan,nan,nan,nan,nan,nan,nan,nan,nan,nan,nan,nan,nan,nan,nan,nan,nan,nan,nan,nan,nan
WbZt_6000_2000,WbZt,6000,2000,85,340,1.6,0.6,/eos/uscms/store/user/aji/rootfiles_existingOptimization/WbZt_6000_2000_pt340_ak16_ca6_th85.root,failed,/eos/uscms/store/user/aji/rootfiles_existingOptimization/WbZt_6000_2000_pt340_ak16_ca6_th85.root,nan,nan,nan,nan,nan,nan,nan,nan,nan,nan,nan,nan,nan,nan,nan,nan,nan,nan,nan,nan,nan
WbZt_6000_2000,WbZt,6000,2000,85,340,1.6,0.8,/eos/uscms/store/user/aji/rootfiles_existingOptimization/WbZt_6000_2000_pt340_ak16_ca8_th85.root,failed,/eos/uscms/store/user/aji/rootfiles_existingOptimization/WbZt_6000_2000_pt340_ak16_ca8_th85.root,nan,nan,nan,nan,nan,nan,nan,nan,nan,nan,nan,nan,nan,nan,nan,nan,nan,nan,nan,nan,nan
WbZt_6000_2000,WbZt,6000,2000,85,340,1.6,1.0,/eos/uscms/store/user/aji/rootfiles_existingOptimization/WbZt_6000_2000_pt340_ak16_ca10_th85.root,failed,/eos/uscms/store/user/aji/rootfiles_existingOptimization/WbZt_6000_2000_pt340_ak16_ca10_th85.root,nan,nan,nan,nan,nan,nan,nan,nan,nan,nan,nan,nan,nan,nan,nan,nan,nan,nan,nan,nan,nan
WbZt_6000_2000,WbZt,6000,2000,85,340,1.6,1.2,/eos/uscms/store/user/aji/rootfiles_existingOptimization/WbZt_6000_2000_pt340_ak16_ca12_th85.root,failed,/eos/uscms/store/user/aji/rootfiles_existingOptimization/WbZt_6000_2000_pt340_ak16_ca12_th85.root,nan,nan,nan,nan,nan,nan,nan,nan,nan,nan,nan,nan,nan,nan,nan,nan,nan,nan,nan,nan,nan
WbZt_6000_2000,WbZt,6000,2000,85,360,0.4,0.4,/eos/uscms/store/user/aji/rootfiles_existingOptimization/WbZt_6000_2000_pt360_ak4_ca4_th85.root,failed,/eos/uscms/store/user/aji/rootfiles_existingOptimization/WbZt_6000_2000_pt360_ak4_ca4_th85.root,nan,nan,nan,nan,nan,nan,nan,nan,nan,nan,nan,nan,nan,nan,nan,nan,nan,nan,nan,nan,nan
WbZt_6000_2000,WbZt,6000,2000,85,360,0.4,1.6,/eos/uscms/store/user/aji/rootfiles_existingOptimization/WbZt_6000_2000_pt360_ak4_ca16_th85.root,failed,/eos/uscms/store/user/aji/rootfiles_existingOptimization/WbZt_6000_2000_pt360_ak4_ca16_th85.root,nan,nan,nan,nan,nan,nan,nan,nan,nan,nan,nan,nan,nan,nan,nan,nan,nan,nan,nan,nan,nan
WbZt_6000_2000,WbZt,6000,2000,85,360,0.6,0.4,/eos/uscms/store/user/aji/rootfiles_existingOptimization/WbZt_6000_2000_pt360_ak6_ca4_th85.root,failed,/eos/uscms/store/user/aji/rootfiles_existingOptimization/WbZt_6000_2000_pt360_ak6_ca4_th85.root,nan,nan,nan,nan,nan,nan,nan,nan,nan,nan,nan,nan,nan,nan,nan,nan,nan,nan,nan,nan,nan
WbZt_6000_2000,WbZt,6000,2000,85,360,0.8,0.4,/eos/uscms/store/user/aji/rootfiles_existingOptimization/WbZt_6000_2000_pt360_ak8_ca4_th85.root,failed,/eos/uscms/store/user/aji/rootfiles_existingOptimization/WbZt_6000_2000_pt360_ak8_ca4_th85.root,nan,nan,nan,nan,nan,nan,nan,nan,nan,nan,nan,nan,nan,nan,nan,nan,nan,nan,nan,nan,nan
WbZt_6000_2000,WbZt,6000,2000,85,360,0.8,1.0,/eos/uscms/store/user/aji/rootfiles_existingOptimization/WbZt_6000_2000_pt360_ak8_ca10_th85.root,failed,/eos/uscms/store/user/aji/rootfiles_existingOptimization/WbZt_6000_2000_pt360_ak8_ca10_th85.root,nan,nan,nan,nan,nan,nan,nan,nan,nan,nan,nan,nan,nan,nan,nan,nan,nan,nan,nan,nan,nan
WbZt_6000_2000,WbZt,6000,2000,85,360,1.0,0.4,/eos/uscms/store/user/aji/rootfiles_existingOptimization/WbZt_6000_2000_pt360_ak10_ca4_th85.root,failed,/eos/uscms/store/user/aji/rootfiles_existingOptimization/WbZt_6000_2000_pt360_ak10_ca4_th85.root,nan,nan,nan,nan,nan,nan,nan,nan,nan,nan,nan,nan,nan,nan,nan,nan,nan,nan,nan,nan,nan
WbZt_6000_2000,WbZt,6000,2000,85,360,1.0,0.6,/eos/uscms/store/user/aji/rootfiles_existingOptimization/WbZt_6000_2000_pt360_ak10_ca6_th85.root,failed,/eos/uscms/store/user/aji/rootfiles_existingOptimization/WbZt_6000_2000_pt360_ak10_ca6_th85.root,nan,nan,nan,nan,nan,nan,nan,nan,nan,nan,nan,nan,nan,nan,nan,nan,nan,nan,nan,nan,nan
WbZt_6000_2000,WbZt,6000,2000,85,360,1.0,1.4,/eos/uscms/store/user/aji/rootfiles_existingOptimization/WbZt_6000_2000_pt360_ak10_ca14_th85.root,failed,/eos/uscms/store/user/aji/rootfiles_existingOptimization/WbZt_6000_2000_pt360_ak10_ca14_th85.root,nan,nan,nan,nan,nan,nan,nan,nan,nan,nan,nan,nan,nan,nan,nan,nan,nan,nan,nan,nan,nan
WbZt_6000_2000,WbZt,6000,2000,85,360,1.2,0.4,/eos/uscms/store/user/aji/rootfiles_existingOptimization/WbZt_6000_2000_pt360_ak12_ca4_th85.root,failed,/eos/uscms/store/user/aji/rootfiles_existingOptimization/WbZt_6000_2000_pt360_ak12_ca4_th85.root,nan,nan,nan,nan,nan,nan,nan,nan,nan,nan,nan,nan,nan,nan,nan,nan,nan,nan,nan,nan,nan
WbZt_6000_2000,WbZt,6000,2000,85,360,1.2,0.6,/eos/uscms/store/user/aji/rootfiles_existingOptimization/WbZt_6000_2000_pt360_ak12_ca6_th85.root,failed,/eos/uscms/store/user/aji/rootfiles_existingOptimization/WbZt_6000_2000_pt360_ak12_ca6_th85.root,nan,nan,nan,nan,nan,nan,nan,nan,nan,nan,nan,nan,nan,nan,nan,nan,nan,nan,nan,nan,nan
WbZt_6000_2000,WbZt,6000,2000,85,360,1.2,0.8,/eos/uscms/store/user/aji/rootfiles_existingOptimization/WbZt_6000_2000_pt360_ak12_ca8_th85.root,failed,/eos/uscms/store/user/aji/rootfiles_existingOptimization/WbZt_6000_2000_pt360_ak12_ca8_th85.root,nan,nan,nan,nan,nan,nan,nan,nan,nan,nan,nan,nan,nan,nan,nan,nan,nan,nan,nan,nan,nan
WbZt_6000_2000,WbZt,6000,2000,85,360,1.4,0.4,/eos/uscms/store/user/aji/rootfiles_existingOptimization/WbZt_6000_2000_pt360_ak14_ca4_th85.root,failed,/eos/uscms/store/user/aji/rootfiles_existingOptimization/WbZt_6000_2000_pt360_ak14_ca4_th85.root,nan,nan,nan,nan,nan,nan,nan,nan,nan,nan,nan,nan,nan,nan,nan,nan,nan,nan,nan,nan,nan
WbZt_6000_2000,WbZt,6000,2000,85,360,1.4,0.6,/eos/uscms/store/user/aji/rootfiles_existingOptimization/WbZt_6000_2000_pt360_ak14_ca6_th85.root,failed,/eos/uscms/store/user/aji/rootfiles_existingOptimization/WbZt_6000_2000_pt360_ak14_ca6_th85.root,nan,nan,nan,nan,nan,nan,nan,nan,nan,nan,nan,nan,nan,nan,nan,nan,nan,nan,nan,nan,nan
WbZt_6000_2000,WbZt,6000,2000,85,360,1.4,0.8,/eos/uscms/store/user/aji/rootfiles_existingOptimization/WbZt_6000_2000_pt360_ak14_ca8_th85.root,failed,/eos/uscms/store/user/aji/rootfiles_existingOptimization/WbZt_6000_2000_pt360_ak14_ca8_th85.root,nan,nan,nan,nan,nan,nan,nan,nan,nan,nan,nan,nan,nan,nan,nan,nan,nan,nan,nan,nan,nan
WbZt_6000_2000,WbZt,6000,2000,85,360,1.4,1.0,/eos/uscms/store/user/aji/rootfiles_existingOptimization/WbZt_6000_2000_pt360_ak14_ca10_th85.root,failed,/eos/uscms/store/user/aji/rootfiles_existingOptimization/WbZt_6000_2000_pt360_ak14_ca10_th85.root,nan,nan,nan,nan,nan,nan,nan,nan,nan,nan,nan,nan,nan,nan,nan,nan,nan,nan,nan,nan,nan
WbZt_6000_2000,WbZt,6000,2000,85,360,1.6,0.4,/eos/uscms/store/user/aji/rootfiles_existingOptimization/WbZt_6000_2000_pt360_ak16_ca4_th85.root,failed,/eos/uscms/store/user/aji/rootfiles_existingOptimization/WbZt_6000_2000_pt360_ak16_ca4_th85.root,nan,nan,nan,nan,nan,nan,nan,nan,nan,nan,nan,nan,nan,nan,nan,nan,nan,nan,nan,nan,nan
WbZt_6000_2000,WbZt,6000,2000,85,360,1.6,0.6,/eos/uscms/store/user/aji/rootfiles_existingOptimization/WbZt_6000_2000_pt360_ak16_ca6_th85.root,failed,/eos/uscms/store/user/aji/rootfiles_existingOptimization/WbZt_6000_2000_pt360_ak16_ca6_th85.root,nan,nan,nan,nan,nan,nan,nan,nan,nan,nan,nan,nan,nan,nan,nan,nan,nan,nan,nan,nan,nan
WbZt_6000_2000,WbZt,6000,2000,85,360,1.6,0.8,/eos/uscms/store/user/aji/rootfiles_existingOptimization/WbZt_6000_2000_pt360_ak16_ca8_th85.root,failed,/eos/uscms/store/user/aji/rootfiles_existingOptimization/WbZt_6000_2000_pt360_ak16_ca8_th85.root,nan,nan,nan,nan,nan,nan,nan,nan,nan,nan,nan,nan,nan,nan,nan,nan,nan,nan,nan,nan,nan
WbZt_6000_2000,WbZt,6000,2000,85,360,1.6,1.0,/eos/uscms/store/user/aji/rootfiles_existingOptimization/WbZt_6000_2000_pt360_ak16_ca10_th85.root,failed,/eos/uscms/store/user/aji/rootfiles_existingOptimization/WbZt_6000_2000_pt360_ak16_ca10_th85.root,nan,nan,nan,nan,nan,nan,nan,nan,nan,nan,nan,nan,nan,nan,nan,nan,nan,nan,nan,nan,nan
WbZt_6000_2000,WbZt,6000,2000,85,360,1.6,1.2,/eos/uscms/store/user/aji/rootfiles_existingOptimization/WbZt_6000_2000_pt360_ak16_ca12_th85.root,failed,/eos/uscms/store/user/aji/rootfiles_existingOptimization/WbZt_6000_2000_pt360_ak16_ca12_th85.root,nan,nan,nan,nan,nan,nan,nan,nan,nan,nan,nan,nan,nan,nan,nan,nan,nan,nan,nan,nan,nan
WbZt_6000_2000,WbZt,6000,2000,85,380,0.8,0.4,/eos/uscms/store/user/aji/rootfiles_existingOptimization/WbZt_6000_2000_pt380_ak8_ca4_th85.root,failed,/eos/uscms/store/user/aji/rootfiles_existingOptimization/WbZt_6000_2000_pt380_ak8_ca4_th85.root,nan,nan,nan,nan,nan,nan,nan,nan,nan,nan,nan,nan,nan,nan,nan,nan,nan,nan,nan,nan,nan
WbZt_6000_2000,WbZt,6000,2000,85,380,0.8,1.6,/eos/uscms/store/user/aji/rootfiles_existingOptimization/WbZt_6000_2000_pt380_ak8_ca16_th85.root,failed,/eos/uscms/store/user/aji/rootfiles_existingOptimization/WbZt_6000_2000_pt380_ak8_ca16_th85.root,nan,nan,nan,nan,nan,nan,nan,nan,nan,nan,nan,nan,nan,nan,nan,nan,nan,nan,nan,nan,nan
WbZt_6000_2000,WbZt,6000,2000,85,380,1.0,0.4,/eos/uscms/store/user/aji/rootfiles_existingOptimization/WbZt_6000_2000_pt380_ak10_ca4_th85.root,failed,/eos/uscms/store/user/aji/rootfiles_existingOptimization/WbZt_6000_2000_pt380_ak10_ca4_th85.root,nan,nan,nan,nan,nan,nan,nan,nan,nan,nan,nan,nan,nan,nan,nan,nan,nan,nan,nan,nan,nan
WbZt_6000_2000,WbZt,6000,2000,85,380,1.0,0.6,/eos/uscms/store/user/aji/rootfiles_existingOptimization/WbZt_6000_2000_pt380_ak10_ca6_th85.root,failed,/eos/uscms/store/user/aji/rootfiles_existingOptimization/WbZt_6000_2000_pt380_ak10_ca6_th85.root,nan,nan,nan,nan,nan,nan,nan,nan,nan,nan,nan,nan,nan,nan,nan,nan,nan,nan,nan,nan,nan
WbZt_6000_2000,WbZt,6000,2000,85,380,1.2,0.4,/eos/uscms/store/user/aji/rootfiles_existingOptimization/WbZt_6000_2000_pt380_ak12_ca4_th85.root,failed,/eos/uscms/store/user/aji/rootfiles_existingOptimization/WbZt_6000_2000_pt380_ak12_ca4_th85.root,nan,nan,nan,nan,nan,nan,nan,nan,nan,nan,nan,nan,nan,nan,nan,nan,nan,nan,nan,nan,nan
WbZt_6000_2000,WbZt,6000,2000,85,380,1.2,0.6,/eos/uscms/store/user/aji/rootfiles_existingOptimization/WbZt_6000_2000_pt380_ak12_ca6_th85.root,failed,/eos/uscms/store/user/aji/rootfiles_existingOptimization/WbZt_6000_2000_pt380_ak12_ca6_th85.root,nan,nan,nan,nan,nan,nan,nan,nan,nan,nan,nan,nan,nan,nan,nan,nan,nan,nan,nan,nan,nan
WbZt_6000_2000,WbZt,6000,2000,85,380,1.2,0.8,/eos/uscms/store/user/aji/rootfiles_existingOptimization/WbZt_6000_2000_pt380_ak12_ca8_th85.root,failed,/eos/uscms/store/user/aji/rootfiles_existingOptimization/WbZt_6000_2000_pt380_ak12_ca8_th85.root,nan,nan,nan,nan,nan,nan,nan,nan,nan,nan,nan,nan,nan,nan,nan,nan,nan,nan,nan,nan,nan
WbZt_6000_2000,WbZt,6000,2000,85,380,1.2,1.2,/eos/uscms/store/user/aji/rootfiles_existingOptimization/WbZt_6000_2000_pt380_ak12_ca12_th85.root,failed,/eos/uscms/store/user/aji/rootfiles_existingOptimization/WbZt_6000_2000_pt380_ak12_ca12_th85.root,nan,nan,nan,nan,nan,nan,nan,nan,nan,nan,nan,nan,nan,nan,nan,nan,nan,nan,nan,nan,nan
WbZt_6000_2000,WbZt,6000,2000,85,380,1.4,0.4,/eos/uscms/store/user/aji/rootfiles_existingOptimization/WbZt_6000_2000_pt380_ak14_ca4_th85.root,failed,/eos/uscms/store/user/aji/rootfiles_existingOptimization/WbZt_6000_2000_pt380_ak14_ca4_th85.root,nan,nan,nan,nan,nan,nan,nan,nan,nan,nan,nan,nan,nan,nan,nan,nan,nan,nan,nan,nan,nan
WbZt_6000_2000,WbZt,6000,2000,85,380,1.4,0.6,/eos/uscms/store/user/aji/rootfiles_existingOptimization/WbZt_6000_2000_pt380_ak14_ca6_th85.root,failed,/eos/uscms/store/user/aji/rootfiles_existingOptimization/WbZt_6000_2000_pt380_ak14_ca6_th85.root,nan,nan,nan,nan,nan,nan,nan,nan,nan,nan,nan,nan,nan,nan,nan,nan,nan,nan,nan,nan,nan
WbZt_6000_2000,WbZt,6000,2000,85,380,1.4,0.8,/eos/uscms/store/user/aji/rootfiles_existingOptimization/WbZt_6000_2000_pt380_ak14_ca8_th85.root,failed,/eos/uscms/store/user/aji/rootfiles_existingOptimization/WbZt_6000_2000_pt380_ak14_ca8_th85.root,nan,nan,nan,nan,nan,nan,nan,nan,nan,nan,nan,nan,nan,nan,nan,nan,nan,nan,nan,nan,nan
WbZt_6000_2000,WbZt,6000,2000,85,380,1.4,1.0,/eos/uscms/store/user/aji/rootfiles_existingOptimization/WbZt_6000_2000_pt380_ak14_ca10_th85.root,failed,/eos/uscms/store/user/aji/rootfiles_existingOptimization/WbZt_6000_2000_pt380_ak14_ca10_th85.root,nan,nan,nan,nan,nan,nan,nan,nan,nan,nan,nan,nan,nan,nan,nan,nan,nan,nan,nan,nan,nan
WbZt_6000_2000,WbZt,6000,2000,85,380,1.4,1.4,/eos/uscms/store/user/aji/rootfiles_existingOptimization/WbZt_6000_2000_pt380_ak14_ca14_th85.root,failed,/eos/uscms/store/user/aji/rootfiles_existingOptimization/WbZt_6000_2000_pt380_ak14_ca14_th85.root,nan,nan,nan,nan,nan,nan,nan,nan,nan,nan,nan,nan,nan,nan,nan,nan,nan,nan,nan,nan,nan
WbZt_6000_2000,WbZt,6000,2000,85,380,1.6,0.4,/eos/uscms/store/user/aji/rootfiles_existingOptimization/WbZt_6000_2000_pt380_ak16_ca4_th85.root,failed,/eos/uscms/store/user/aji/rootfiles_existingOptimization/WbZt_6000_2000_pt380_ak16_ca4_th85.root,nan,nan,nan,nan,nan,nan,nan,nan,nan,nan,nan,nan,nan,nan,nan,nan,nan,nan,nan,nan,nan
WbZt_6000_2000,WbZt,6000,2000,85,380,1.6,0.6,/eos/uscms/store/user/aji/rootfiles_existingOptimization/WbZt_6000_2000_pt380_ak16_ca6_th85.root,failed,/eos/uscms/store/user/aji/rootfiles_existingOptimization/WbZt_6000_2000_pt380_ak16_ca6_th85.root,nan,nan,nan,nan,nan,nan,nan,nan,nan,nan,nan,nan,nan,nan,nan,nan,nan,nan,nan,nan,nan
WbZt_6000_2000,WbZt,6000,2000,85,380,1.6,0.8,/eos/uscms/store/user/aji/rootfiles_existingOptimization/WbZt_6000_2000_pt380_ak16_ca8_th85.root,failed,/eos/uscms/store/user/aji/rootfiles_existingOptimization/WbZt_6000_2000_pt380_ak16_ca8_th85.root,nan,nan,nan,nan,nan,nan,nan,nan,nan,nan,nan,nan,nan,nan,nan,nan,nan,nan,nan,nan,nan
WbZt_6000_2000,WbZt,6000,2000,85,380,1.6,1.0,/eos/uscms/store/user/aji/rootfiles_existingOptimization/WbZt_6000_2000_pt380_ak16_ca10_th85.root,failed,/eos/uscms/store/user/aji/rootfiles_existingOptimization/WbZt_6000_2000_pt380_ak16_ca10_th85.root,nan,nan,nan,nan,nan,nan,nan,nan,nan,nan,nan,nan,nan,nan,nan,nan,nan,nan,nan,nan,nan
WbZt_6000_2000,WbZt,6000,2000,85,380,1.6,1.2,/eos/uscms/store/user/aji/rootfiles_existingOptimization/WbZt_6000_2000_pt380_ak16_ca12_th85.root,failed,/eos/uscms/store/user/aji/rootfiles_existingOptimization/WbZt_6000_2000_pt380_ak16_ca12_th85.root,nan,nan,nan,nan,nan,nan,nan,nan,nan,nan,nan,nan,nan,nan,nan,nan,nan,nan,nan,nan,nan
WbZt_6000_2000,WbZt,6000,2000,85,400,0.6,1.6,/eos/uscms/store/user/aji/rootfiles_existingOptimization/WbZt_6000_2000_pt400_ak6_ca16_th85.root,failed,/eos/uscms/store/user/aji/rootfiles_existingOptimization/WbZt_6000_2000_pt400_ak6_ca16_th85.root,nan,nan,nan,nan,nan,nan,nan,nan,nan,nan,nan,nan,nan,nan,nan,nan,nan,nan,nan,nan,nan
WbZt_6000_2000,WbZt,6000,2000,85,400,0.8,0.4,/eos/uscms/store/user/aji/rootfiles_existingOptimization/WbZt_6000_2000_pt400_ak8_ca4_th85.root,failed,/eos/uscms/store/user/aji/rootfiles_existingOptimization/WbZt_6000_2000_pt400_ak8_ca4_th85.root,nan,nan,nan,nan,nan,nan,nan,nan,nan,nan,nan,nan,nan,nan,nan,nan,nan,nan,nan,nan,nan
WbZt_6000_2000,WbZt,6000,2000,85,400,0.8,1.0,/eos/uscms/store/user/aji/rootfiles_existingOptimization/WbZt_6000_2000_pt400_ak8_ca10_th85.root,failed,/eos/uscms/store/user/aji/rootfiles_existingOptimization/WbZt_6000_2000_pt400_ak8_ca10_th85.root,nan,nan,nan,nan,nan,nan,nan,nan,nan,nan,nan,nan,nan,nan,nan,nan,nan,nan,nan,nan,nan
WbZt_6000_2000,WbZt,6000,2000,85,400,0.8,1.2,/eos/uscms/store/user/aji/rootfiles_existingOptimization/WbZt_6000_2000_pt400_ak8_ca12_th85.root,failed,/eos/uscms/store/user/aji/rootfiles_existingOptimization/WbZt_6000_2000_pt400_ak8_ca12_th85.root,nan,nan,nan,nan,nan,nan,nan,nan,nan,nan,nan,nan,nan,nan,nan,nan,nan,nan,nan,nan,nan
WbZt_6000_2000,WbZt,6000,2000,85,400,0.8,1.4,/eos/uscms/store/user/aji/rootfiles_existingOptimization/WbZt_6000_2000_pt400_ak8_ca14_th85.root,failed,/eos/uscms/store/user/aji/rootfiles_existingOptimization/WbZt_6000_2000_pt400_ak8_ca14_th85.root,nan,nan,nan,nan,nan,nan,nan,nan,nan,nan,nan,nan,nan,nan,nan,nan,nan,nan,nan,nan,nan
WbZt_6000_2000,WbZt,6000,2000,85,400,1.0,0.4,/eos/uscms/store/user/aji/rootfiles_existingOptimization/WbZt_6000_2000_pt400_ak10_ca4_th85.root,failed,/eos/uscms/store/user/aji/rootfiles_existingOptimization/WbZt_6000_2000_pt400_ak10_ca4_th85.root,nan,nan,nan,nan,nan,nan,nan,nan,nan,nan,nan,nan,nan,nan,nan,nan,nan,nan,nan,nan,nan
WbZt_6000_2000,WbZt,6000,2000,85,400,1.0,0.6,/eos/uscms/store/user/aji/rootfiles_existingOptimization/WbZt_6000_2000_pt400_ak10_ca6_th85.root,failed,/eos/uscms/store/user/aji/rootfiles_existingOptimization/WbZt_6000_2000_pt400_ak10_ca6_th85.root,nan,nan,nan,nan,nan,nan,nan,nan,nan,nan,nan,nan,nan,nan,nan,nan,nan,nan,nan,nan,nan
WbZt_6000_2000,WbZt,6000,2000,85,400,1.0,0.8,/eos/uscms/store/user/aji/rootfiles_existingOptimization/WbZt_6000_2000_pt400_ak10_ca8_th85.root,failed,/eos/uscms/store/user/aji/rootfiles_existingOptimization/WbZt_6000_2000_pt400_ak10_ca8_th85.root,nan,nan,nan,nan,nan,nan,nan,nan,nan,nan,nan,nan,nan,nan,nan,nan,nan,nan,nan,nan,nan
WbZt_6000_2000,WbZt,6000,2000,85,400,1.0,1.2,/eos/uscms/store/user/aji/rootfiles_existingOptimization/WbZt_6000_2000_pt400_ak10_ca12_th85.root,failed,/eos/uscms/store/user/aji/rootfiles_existingOptimization/WbZt_6000_2000_pt400_ak10_ca12_th85.root,nan,nan,nan,nan,nan,nan,nan,nan,nan,nan,nan,nan,nan,nan,nan,nan,nan,nan,nan,nan,nan
WbZt_6000_2000,WbZt,6000,2000,85,400,1.0,1.6,/eos/uscms/store/user/aji/rootfiles_existingOptimization/WbZt_6000_2000_pt400_ak10_ca16_th85.root,failed,/eos/uscms/store/user/aji/rootfiles_existingOptimization/WbZt_6000_2000_pt400_ak10_ca16_th85.root,nan,nan,nan,nan,nan,nan,nan,nan,nan,nan,nan,nan,nan,nan,nan,nan,nan,nan,nan,nan,nan
WbZt_6000_2000,WbZt,6000,2000,85,400,1.2,0.4,/eos/uscms/store/user/aji/rootfiles_existingOptimization/WbZt_6000_2000_pt400_ak12_ca4_th85.root,failed,/eos/uscms/store/user/aji/rootfiles_existingOptimization/WbZt_6000_2000_pt400_ak12_ca4_th85.root,nan,nan,nan,nan,nan,nan,nan,nan,nan,nan,nan,nan,nan,nan,nan,nan,nan,nan,nan,nan,nan
WbZt_6000_2000,WbZt,6000,2000,85,400,1.2,0.6,/eos/uscms/store/user/aji/rootfiles_existingOptimization/WbZt_6000_2000_pt400_ak12_ca6_th85.root,failed,/eos/uscms/store/user/aji/rootfiles_existingOptimization/WbZt_6000_2000_pt400_ak12_ca6_th85.root,nan,nan,nan,nan,nan,nan,nan,nan,nan,nan,nan,nan,nan,nan,nan,nan,nan,nan,nan,nan,nan
WbZt_6000_2000,WbZt,6000,2000,85,400,1.2,0.8,/eos/uscms/store/user/aji/rootfiles_existingOptimization/WbZt_6000_2000_pt400_ak12_ca8_th85.root,failed,/eos/uscms/store/user/aji/rootfiles_existingOptimization/WbZt_6000_2000_pt400_ak12_ca8_th85.root,nan,nan,nan,nan,nan,nan,nan,nan,nan,nan,nan,nan,nan,nan,nan,nan,nan,nan,nan,nan,nan
WbZt_6000_2000,WbZt,6000,2000,85,400,1.2,1.2,/eos/uscms/store/user/aji/rootfiles_existingOptimization/WbZt_6000_2000_pt400_ak12_ca12_th85.root,failed,/eos/uscms/store/user/aji/rootfiles_existingOptimization/WbZt_6000_2000_pt400_ak12_ca12_th85.root,nan,nan,nan,nan,nan,nan,nan,nan,nan,nan,nan,nan,nan,nan,nan,nan,nan,nan,nan,nan,nan
WbZt_6000_2000,WbZt,6000,2000,85,400,1.4,0.4,/eos/uscms/store/user/aji/rootfiles_existingOptimization/WbZt_6000_2000_pt400_ak14_ca4_th85.root,failed,/eos/uscms/store/user/aji/rootfiles_existingOptimization/WbZt_6000_2000_pt400_ak14_ca4_th85.root,nan,nan,nan,nan,nan,nan,nan,nan,nan,nan,nan,nan,nan,nan,nan,nan,nan,nan,nan,nan,nan
WbZt_6000_2000,WbZt,6000,2000,85,400,1.4,0.6,/eos/uscms/store/user/aji/rootfiles_existingOptimization/WbZt_6000_2000_pt400_ak14_ca6_th85.root,failed,/eos/uscms/store/user/aji/rootfiles_existingOptimization/WbZt_6000_2000_pt400_ak14_ca6_th85.root,nan,nan,nan,nan,nan,nan,nan,nan,nan,nan,nan,nan,nan,nan,nan,nan,nan,nan,nan,nan,nan
WbZt_6000_2000,WbZt,6000,2000,85,400,1.4,0.8,/eos/uscms/store/user/aji/rootfiles_existingOptimization/WbZt_6000_2000_pt400_ak14_ca8_th85.root,failed,/eos/uscms/store/user/aji/rootfiles_existingOptimization/WbZt_6000_2000_pt400_ak14_ca8_th85.root,nan,nan,nan,nan,nan,nan,nan,nan,nan,nan,nan,nan,nan,nan,nan,nan,nan,nan,nan,nan,nan
WbZt_6000_2000,WbZt,6000,2000,85,400,1.4,1.0,/eos/uscms/store/user/aji/rootfiles_existingOptimization/WbZt_6000_2000_pt400_ak14_ca10_th85.root,failed,/eos/uscms/store/user/aji/rootfiles_existingOptimization/WbZt_6000_2000_pt400_ak14_ca10_th85.root,nan,nan,nan,nan,nan,nan,nan,nan,nan,nan,nan,nan,nan,nan,nan,nan,nan,nan,nan,nan,nan
WbZt_6000_2000,WbZt,6000,2000,85,400,1.6,0.4,/eos/uscms/store/user/aji/rootfiles_existingOptimization/WbZt_6000_2000_pt400_ak16_ca4_th85.root,failed,/eos/uscms/store/user/aji/rootfiles_existingOptimization/WbZt_6000_2000_pt400_ak16_ca4_th85.root,nan,nan,nan,nan,nan,nan,nan,nan,nan,nan,nan,nan,nan,nan,nan,nan,nan,nan,nan,nan,nan
WbZt_6000_2000,WbZt,6000,2000,85,400,1.6,0.6,/eos/uscms/store/user/aji/rootfiles_existingOptimization/WbZt_6000_2000_pt400_ak16_ca6_th85.root,failed,/eos/uscms/store/user/aji/rootfiles_existingOptimization/WbZt_6000_2000_pt400_ak16_ca6_th85.root,nan,nan,nan,nan,nan,nan,nan,nan,nan,nan,nan,nan,nan,nan,nan,nan,nan,nan,nan,nan,nan
WbZt_6000_2000,WbZt,6000,2000,85,400,1.6,0.8,/eos/uscms/store/user/aji/rootfiles_existingOptimization/WbZt_6000_2000_pt400_ak16_ca8_th85.root,failed,/eos/uscms/store/user/aji/rootfiles_existingOptimization/WbZt_6000_2000_pt400_ak16_ca8_th85.root,nan,nan,nan,nan,nan,nan,nan,nan,nan,nan,nan,nan,nan,nan,nan,nan,nan,nan,nan,nan,nan
WbZt_6000_2000,WbZt,6000,2000,85,400,1.6,1.0,/eos/uscms/store/user/aji/rootfiles_existingOptimization/WbZt_6000_2000_pt400_ak16_ca10_th85.root,failed,/eos/uscms/store/user/aji/rootfiles_existingOptimization/WbZt_6000_2000_pt400_ak16_ca10_th85.root,nan,nan,nan,nan,nan,nan,nan,nan,nan,nan,nan,nan,nan,nan,nan,nan,nan,nan,nan,nan,nan
WbZt_6000_2000,WbZt,6000,2000,85,400,1.6,1.2,/eos/uscms/store/user/aji/rootfiles_existingOptimization/WbZt_6000_2000_pt400_ak16_ca12_th85.root,failed,/eos/uscms/store/user/aji/rootfiles_existingOptimization/WbZt_6000_2000_pt400_ak16_ca12_th85.root,nan,nan,nan,nan,nan,nan,nan,nan,nan,nan,nan,nan,nan,nan,nan,nan,nan,nan,nan,nan,nan
